occurrenceID,measurementType,measurementUnit,measurementValue,measurementTypeID,measurementUnitID,measurementValueID
ARMS_BelgiumCoast_AJJC81_20200506_20201012_MF100_s1_r1:Otu410,submergedTime,day,159,http://vocab.nerc.ac.uk/collection/P01/current/AZDRZZ01/,https://vocab.nerc.ac.uk/collection/P06/current/UTAA/,
ARMS_BelgiumCoast_AJJC81_20200506_20201012_MF100_s1_r1:Otu410,preservativeUsed,,DMSO,http://vocab.nerc.ac.uk/collection/Q01/current/Q0100004/,,https://pubchem.ncbi.nlm.nih.gov/compound/679
ARMS_BelgiumCoast_AJJC81_20200506_20201012_MF100_s1_r1:Otu410,lowerLimitFilterSize,micrometer,100,http://vocab.nerc.ac.uk/collection/Q01/current/Q0100011/,https://vocab.nerc.ac.uk/collection/P06/current/UMIC/,
ARMS_BelgiumCoast_AJJC81_20200506_20201012_MF100_s1_r1:Otu410,sampleAccessionNumber,,SAMEA10020970,,,
ARMS_BelgiumCoast_AJJC81_20200506_20201012_MF100_s1_r1:Otu410,NCBIID,,2836,,,
ARMS_BelgiumCoast_AJJC81_20200506_20201012_MF100_s1_r1:Otu410,NCBIScientificName,,Bacillariophyta,,,
ARMS_BelgiumCoast_AJJC81_20200506_20201012_MF100_s1_r1:Otu410,NCBITaxonRank,,phylum,,,
ARMS_BelgiumCoast_AJJC81_20200506_20201012_MF100_s1_r1:Otu410,fieldReplicateID,,no replicate,http://vocab.nerc.ac.uk/collection/P01/current/IDSPRE01,,
ARMS_BelgiumCoast_AJJC81_20200506_20201012_MF100_s1_r1:Otu410,technicalReplicateID,,,http://vocab.nerc.ac.uk/collection/P01/current/IDTCRE01,,
ARMS_BelgiumCoast_AJJC81_20200506_20201012_MF100_s1_r1:Otu259,submergedTime,day,159,http://vocab.nerc.ac.uk/collection/P01/current/AZDRZZ01/,https://vocab.nerc.ac.uk/collection/P06/current/UTAA/,
ARMS_BelgiumCoast_AJJC81_20200506_20201012_MF100_s1_r1:Otu259,preservativeUsed,,DMSO,http://vocab.nerc.ac.uk/collection/Q01/current/Q0100004/,,https://pubchem.ncbi.nlm.nih.gov/compound/679
ARMS_BelgiumCoast_AJJC81_20200506_20201012_MF100_s1_r1:Otu259,lowerLimitFilterSize,micrometer,100,http://vocab.nerc.ac.uk/collection/Q01/current/Q0100011/,https://vocab.nerc.ac.uk/collection/P06/current/UMIC/,
ARMS_BelgiumCoast_AJJC81_20200506_20201012_MF100_s1_r1:Otu259,sampleAccessionNumber,,SAMEA10020970,,,
ARMS_BelgiumCoast_AJJC81_20200506_20201012_MF100_s1_r1:Otu259,NCBIID,,29918,,,
ARMS_BelgiumCoast_AJJC81_20200506_20201012_MF100_s1_r1:Otu259,NCBIScientificName,,Davidiella_tassiana,,,
ARMS_BelgiumCoast_AJJC81_20200506_20201012_MF100_s1_r1:Otu259,NCBITaxonRank,,species,,,
ARMS_BelgiumCoast_AJJC81_20200506_20201012_MF100_s1_r1:Otu259,fieldReplicateID,,no replicate,http://vocab.nerc.ac.uk/collection/P01/current/IDSPRE01,,
ARMS_BelgiumCoast_AJJC81_20200506_20201012_MF100_s1_r1:Otu259,technicalReplicateID,,,http://vocab.nerc.ac.uk/collection/P01/current/IDTCRE01,,
ARMS_BelgiumCoast_AJJC81_20200506_20201012_MF100_s1_r1:Otu25,submergedTime,day,159,http://vocab.nerc.ac.uk/collection/P01/current/AZDRZZ01/,https://vocab.nerc.ac.uk/collection/P06/current/UTAA/,
ARMS_BelgiumCoast_AJJC81_20200506_20201012_MF100_s1_r1:Otu25,preservativeUsed,,DMSO,http://vocab.nerc.ac.uk/collection/Q01/current/Q0100004/,,https://pubchem.ncbi.nlm.nih.gov/compound/679
ARMS_BelgiumCoast_AJJC81_20200506_20201012_MF100_s1_r1:Otu25,lowerLimitFilterSize,micrometer,100,http://vocab.nerc.ac.uk/collection/Q01/current/Q0100011/,https://vocab.nerc.ac.uk/collection/P06/current/UMIC/,
ARMS_BelgiumCoast_AJJC81_20200506_20201012_MF100_s1_r1:Otu25,sampleAccessionNumber,,SAMEA10020970,,,
ARMS_BelgiumCoast_AJJC81_20200506_20201012_MF100_s1_r1:Otu25,NCBIID,,87110,,,
ARMS_BelgiumCoast_AJJC81_20200506_20201012_MF100_s1_r1:Otu25,NCBIScientificName,,Aplanochytrium,,,
ARMS_BelgiumCoast_AJJC81_20200506_20201012_MF100_s1_r1:Otu25,NCBITaxonRank,,genus,,,
ARMS_BelgiumCoast_AJJC81_20200506_20201012_MF100_s1_r1:Otu25,fieldReplicateID,,no replicate,http://vocab.nerc.ac.uk/collection/P01/current/IDSPRE01,,
ARMS_BelgiumCoast_AJJC81_20200506_20201012_MF100_s1_r1:Otu25,technicalReplicateID,,,http://vocab.nerc.ac.uk/collection/P01/current/IDTCRE01,,
ARMS_BelgiumCoast_AJJC81_20200506_20201012_MF100_s1_r1:Otu176,submergedTime,day,159,http://vocab.nerc.ac.uk/collection/P01/current/AZDRZZ01/,https://vocab.nerc.ac.uk/collection/P06/current/UTAA/,
ARMS_BelgiumCoast_AJJC81_20200506_20201012_MF100_s1_r1:Otu176,preservativeUsed,,DMSO,http://vocab.nerc.ac.uk/collection/Q01/current/Q0100004/,,https://pubchem.ncbi.nlm.nih.gov/compound/679
ARMS_BelgiumCoast_AJJC81_20200506_20201012_MF100_s1_r1:Otu176,lowerLimitFilterSize,micrometer,100,http://vocab.nerc.ac.uk/collection/Q01/current/Q0100011/,https://vocab.nerc.ac.uk/collection/P06/current/UMIC/,
ARMS_BelgiumCoast_AJJC81_20200506_20201012_MF100_s1_r1:Otu176,sampleAccessionNumber,,SAMEA10020970,,,
ARMS_BelgiumCoast_AJJC81_20200506_20201012_MF100_s1_r1:Otu176,NCBIID,,31257,,,
ARMS_BelgiumCoast_AJJC81_20200506_20201012_MF100_s1_r1:Otu176,NCBIScientificName,,Stylochus,,,
ARMS_BelgiumCoast_AJJC81_20200506_20201012_MF100_s1_r1:Otu176,NCBITaxonRank,,genus,,,
ARMS_BelgiumCoast_AJJC81_20200506_20201012_MF100_s1_r1:Otu176,fieldReplicateID,,no replicate,http://vocab.nerc.ac.uk/collection/P01/current/IDSPRE01,,
ARMS_BelgiumCoast_AJJC81_20200506_20201012_MF100_s1_r1:Otu176,technicalReplicateID,,,http://vocab.nerc.ac.uk/collection/P01/current/IDTCRE01,,
ARMS_BelgiumCoast_AJJC81_20200506_20201012_MF100_s1_r1:Otu229,submergedTime,day,159,http://vocab.nerc.ac.uk/collection/P01/current/AZDRZZ01/,https://vocab.nerc.ac.uk/collection/P06/current/UTAA/,
ARMS_BelgiumCoast_AJJC81_20200506_20201012_MF100_s1_r1:Otu229,preservativeUsed,,DMSO,http://vocab.nerc.ac.uk/collection/Q01/current/Q0100004/,,https://pubchem.ncbi.nlm.nih.gov/compound/679
ARMS_BelgiumCoast_AJJC81_20200506_20201012_MF100_s1_r1:Otu229,lowerLimitFilterSize,micrometer,100,http://vocab.nerc.ac.uk/collection/Q01/current/Q0100011/,https://vocab.nerc.ac.uk/collection/P06/current/UMIC/,
ARMS_BelgiumCoast_AJJC81_20200506_20201012_MF100_s1_r1:Otu229,sampleAccessionNumber,,SAMEA10020970,,,
ARMS_BelgiumCoast_AJJC81_20200506_20201012_MF100_s1_r1:Otu229,NCBIID,,4751,,,
ARMS_BelgiumCoast_AJJC81_20200506_20201012_MF100_s1_r1:Otu229,NCBIScientificName,,Fungi,,,
ARMS_BelgiumCoast_AJJC81_20200506_20201012_MF100_s1_r1:Otu229,NCBITaxonRank,,kingdom,,,
ARMS_BelgiumCoast_AJJC81_20200506_20201012_MF100_s1_r1:Otu229,fieldReplicateID,,no replicate,http://vocab.nerc.ac.uk/collection/P01/current/IDSPRE01,,
ARMS_BelgiumCoast_AJJC81_20200506_20201012_MF100_s1_r1:Otu229,technicalReplicateID,,,http://vocab.nerc.ac.uk/collection/P01/current/IDTCRE01,,
ARMS_BelgiumCoast_AJJC81_20200506_20201012_MF100_s1_r1:Otu350,submergedTime,day,159,http://vocab.nerc.ac.uk/collection/P01/current/AZDRZZ01/,https://vocab.nerc.ac.uk/collection/P06/current/UTAA/,
ARMS_BelgiumCoast_AJJC81_20200506_20201012_MF100_s1_r1:Otu350,preservativeUsed,,DMSO,http://vocab.nerc.ac.uk/collection/Q01/current/Q0100004/,,https://pubchem.ncbi.nlm.nih.gov/compound/679
ARMS_BelgiumCoast_AJJC81_20200506_20201012_MF100_s1_r1:Otu350,lowerLimitFilterSize,micrometer,100,http://vocab.nerc.ac.uk/collection/Q01/current/Q0100011/,https://vocab.nerc.ac.uk/collection/P06/current/UMIC/,
ARMS_BelgiumCoast_AJJC81_20200506_20201012_MF100_s1_r1:Otu350,sampleAccessionNumber,,SAMEA10020970,,,
ARMS_BelgiumCoast_AJJC81_20200506_20201012_MF100_s1_r1:Otu350,NCBIID,,419944,,,
ARMS_BelgiumCoast_AJJC81_20200506_20201012_MF100_s1_r1:Otu350,NCBIScientificName,,Picozoa,,,
ARMS_BelgiumCoast_AJJC81_20200506_20201012_MF100_s1_r1:Otu350,NCBITaxonRank,,phylum,,,
ARMS_BelgiumCoast_AJJC81_20200506_20201012_MF100_s1_r1:Otu350,fieldReplicateID,,no replicate,http://vocab.nerc.ac.uk/collection/P01/current/IDSPRE01,,
ARMS_BelgiumCoast_AJJC81_20200506_20201012_MF100_s1_r1:Otu350,technicalReplicateID,,,http://vocab.nerc.ac.uk/collection/P01/current/IDTCRE01,,
ARMS_BelgiumCoast_AJJC81_20200506_20201012_MF100_s1_r1:Otu126,submergedTime,day,159,http://vocab.nerc.ac.uk/collection/P01/current/AZDRZZ01/,https://vocab.nerc.ac.uk/collection/P06/current/UTAA/,
ARMS_BelgiumCoast_AJJC81_20200506_20201012_MF100_s1_r1:Otu126,preservativeUsed,,DMSO,http://vocab.nerc.ac.uk/collection/Q01/current/Q0100004/,,https://pubchem.ncbi.nlm.nih.gov/compound/679
ARMS_BelgiumCoast_AJJC81_20200506_20201012_MF100_s1_r1:Otu126,lowerLimitFilterSize,micrometer,100,http://vocab.nerc.ac.uk/collection/Q01/current/Q0100011/,https://vocab.nerc.ac.uk/collection/P06/current/UMIC/,
ARMS_BelgiumCoast_AJJC81_20200506_20201012_MF100_s1_r1:Otu126,sampleAccessionNumber,,SAMEA10020970,,,
ARMS_BelgiumCoast_AJJC81_20200506_20201012_MF100_s1_r1:Otu126,NCBIID,,2586436,,,
ARMS_BelgiumCoast_AJJC81_20200506_20201012_MF100_s1_r1:Otu126,NCBIScientificName,,Pseudoperkinsidae,,,
ARMS_BelgiumCoast_AJJC81_20200506_20201012_MF100_s1_r1:Otu126,NCBITaxonRank,,family,,,
ARMS_BelgiumCoast_AJJC81_20200506_20201012_MF100_s1_r1:Otu126,fieldReplicateID,,no replicate,http://vocab.nerc.ac.uk/collection/P01/current/IDSPRE01,,
ARMS_BelgiumCoast_AJJC81_20200506_20201012_MF100_s1_r1:Otu126,technicalReplicateID,,,http://vocab.nerc.ac.uk/collection/P01/current/IDTCRE01,,
ARMS_BelgiumCoast_AJJC81_20200506_20201012_MF100_s1_r1:Otu125,submergedTime,day,159,http://vocab.nerc.ac.uk/collection/P01/current/AZDRZZ01/,https://vocab.nerc.ac.uk/collection/P06/current/UTAA/,
ARMS_BelgiumCoast_AJJC81_20200506_20201012_MF100_s1_r1:Otu125,preservativeUsed,,DMSO,http://vocab.nerc.ac.uk/collection/Q01/current/Q0100004/,,https://pubchem.ncbi.nlm.nih.gov/compound/679
ARMS_BelgiumCoast_AJJC81_20200506_20201012_MF100_s1_r1:Otu125,lowerLimitFilterSize,micrometer,100,http://vocab.nerc.ac.uk/collection/Q01/current/Q0100011/,https://vocab.nerc.ac.uk/collection/P06/current/UMIC/,
ARMS_BelgiumCoast_AJJC81_20200506_20201012_MF100_s1_r1:Otu125,sampleAccessionNumber,,SAMEA10020970,,,
ARMS_BelgiumCoast_AJJC81_20200506_20201012_MF100_s1_r1:Otu125,NCBIID,,35460,,,
ARMS_BelgiumCoast_AJJC81_20200506_20201012_MF100_s1_r1:Otu125,NCBIScientificName,,Chlorellales,,,
ARMS_BelgiumCoast_AJJC81_20200506_20201012_MF100_s1_r1:Otu125,NCBITaxonRank,,order,,,
ARMS_BelgiumCoast_AJJC81_20200506_20201012_MF100_s1_r1:Otu125,fieldReplicateID,,no replicate,http://vocab.nerc.ac.uk/collection/P01/current/IDSPRE01,,
ARMS_BelgiumCoast_AJJC81_20200506_20201012_MF100_s1_r1:Otu125,technicalReplicateID,,,http://vocab.nerc.ac.uk/collection/P01/current/IDTCRE01,,
ARMS_BelgiumCoast_AJJC81_20200506_20201012_MF100_s1_r1:Otu60,submergedTime,day,159,http://vocab.nerc.ac.uk/collection/P01/current/AZDRZZ01/,https://vocab.nerc.ac.uk/collection/P06/current/UTAA/,
ARMS_BelgiumCoast_AJJC81_20200506_20201012_MF100_s1_r1:Otu60,preservativeUsed,,DMSO,http://vocab.nerc.ac.uk/collection/Q01/current/Q0100004/,,https://pubchem.ncbi.nlm.nih.gov/compound/679
ARMS_BelgiumCoast_AJJC81_20200506_20201012_MF100_s1_r1:Otu60,lowerLimitFilterSize,micrometer,100,http://vocab.nerc.ac.uk/collection/Q01/current/Q0100011/,https://vocab.nerc.ac.uk/collection/P06/current/UMIC/,
ARMS_BelgiumCoast_AJJC81_20200506_20201012_MF100_s1_r1:Otu60,sampleAccessionNumber,,SAMEA10020970,,,
ARMS_BelgiumCoast_AJJC81_20200506_20201012_MF100_s1_r1:Otu60,NCBIID,,68038,,,
ARMS_BelgiumCoast_AJJC81_20200506_20201012_MF100_s1_r1:Otu60,NCBIScientificName,,Chaetonotus,,,
ARMS_BelgiumCoast_AJJC81_20200506_20201012_MF100_s1_r1:Otu60,NCBITaxonRank,,genus,,,
ARMS_BelgiumCoast_AJJC81_20200506_20201012_MF100_s1_r1:Otu60,fieldReplicateID,,no replicate,http://vocab.nerc.ac.uk/collection/P01/current/IDSPRE01,,
ARMS_BelgiumCoast_AJJC81_20200506_20201012_MF100_s1_r1:Otu60,technicalReplicateID,,,http://vocab.nerc.ac.uk/collection/P01/current/IDTCRE01,,
ARMS_BelgiumCoast_AJJC81_20200506_20201012_MF100_s1_r1:Otu65,submergedTime,day,159,http://vocab.nerc.ac.uk/collection/P01/current/AZDRZZ01/,https://vocab.nerc.ac.uk/collection/P06/current/UTAA/,
ARMS_BelgiumCoast_AJJC81_20200506_20201012_MF100_s1_r1:Otu65,preservativeUsed,,DMSO,http://vocab.nerc.ac.uk/collection/Q01/current/Q0100004/,,https://pubchem.ncbi.nlm.nih.gov/compound/679
ARMS_BelgiumCoast_AJJC81_20200506_20201012_MF100_s1_r1:Otu65,lowerLimitFilterSize,micrometer,100,http://vocab.nerc.ac.uk/collection/Q01/current/Q0100011/,https://vocab.nerc.ac.uk/collection/P06/current/UMIC/,
ARMS_BelgiumCoast_AJJC81_20200506_20201012_MF100_s1_r1:Otu65,sampleAccessionNumber,,SAMEA10020970,,,
ARMS_BelgiumCoast_AJJC81_20200506_20201012_MF100_s1_r1:Otu65,NCBIID,,6657,,,
ARMS_BelgiumCoast_AJJC81_20200506_20201012_MF100_s1_r1:Otu65,NCBIScientificName,,Crustacea,,,
ARMS_BelgiumCoast_AJJC81_20200506_20201012_MF100_s1_r1:Otu65,NCBITaxonRank,,subphylum,,,
ARMS_BelgiumCoast_AJJC81_20200506_20201012_MF100_s1_r1:Otu65,fieldReplicateID,,no replicate,http://vocab.nerc.ac.uk/collection/P01/current/IDSPRE01,,
ARMS_BelgiumCoast_AJJC81_20200506_20201012_MF100_s1_r1:Otu65,technicalReplicateID,,,http://vocab.nerc.ac.uk/collection/P01/current/IDTCRE01,,
ARMS_BelgiumCoast_AJJC81_20200506_20201012_MF100_s1_r1:Otu117,submergedTime,day,159,http://vocab.nerc.ac.uk/collection/P01/current/AZDRZZ01/,https://vocab.nerc.ac.uk/collection/P06/current/UTAA/,
ARMS_BelgiumCoast_AJJC81_20200506_20201012_MF100_s1_r1:Otu117,preservativeUsed,,DMSO,http://vocab.nerc.ac.uk/collection/Q01/current/Q0100004/,,https://pubchem.ncbi.nlm.nih.gov/compound/679
ARMS_BelgiumCoast_AJJC81_20200506_20201012_MF100_s1_r1:Otu117,lowerLimitFilterSize,micrometer,100,http://vocab.nerc.ac.uk/collection/Q01/current/Q0100011/,https://vocab.nerc.ac.uk/collection/P06/current/UMIC/,
ARMS_BelgiumCoast_AJJC81_20200506_20201012_MF100_s1_r1:Otu117,sampleAccessionNumber,,SAMEA10020970,,,
ARMS_BelgiumCoast_AJJC81_20200506_20201012_MF100_s1_r1:Otu117,NCBIID,,7586,,,
ARMS_BelgiumCoast_AJJC81_20200506_20201012_MF100_s1_r1:Otu117,NCBIScientificName,,Echinodermata,,,
ARMS_BelgiumCoast_AJJC81_20200506_20201012_MF100_s1_r1:Otu117,NCBITaxonRank,,phylum,,,
ARMS_BelgiumCoast_AJJC81_20200506_20201012_MF100_s1_r1:Otu117,fieldReplicateID,,no replicate,http://vocab.nerc.ac.uk/collection/P01/current/IDSPRE01,,
ARMS_BelgiumCoast_AJJC81_20200506_20201012_MF100_s1_r1:Otu117,technicalReplicateID,,,http://vocab.nerc.ac.uk/collection/P01/current/IDTCRE01,,
ARMS_BelgiumCoast_AJJC81_20200506_20201012_MF100_s1_r1:Otu110,submergedTime,day,159,http://vocab.nerc.ac.uk/collection/P01/current/AZDRZZ01/,https://vocab.nerc.ac.uk/collection/P06/current/UTAA/,
ARMS_BelgiumCoast_AJJC81_20200506_20201012_MF100_s1_r1:Otu110,preservativeUsed,,DMSO,http://vocab.nerc.ac.uk/collection/Q01/current/Q0100004/,,https://pubchem.ncbi.nlm.nih.gov/compound/679
ARMS_BelgiumCoast_AJJC81_20200506_20201012_MF100_s1_r1:Otu110,lowerLimitFilterSize,micrometer,100,http://vocab.nerc.ac.uk/collection/Q01/current/Q0100011/,https://vocab.nerc.ac.uk/collection/P06/current/UMIC/,
ARMS_BelgiumCoast_AJJC81_20200506_20201012_MF100_s1_r1:Otu110,sampleAccessionNumber,,SAMEA10020970,,,
ARMS_BelgiumCoast_AJJC81_20200506_20201012_MF100_s1_r1:Otu110,NCBIID,,119089,,,
ARMS_BelgiumCoast_AJJC81_20200506_20201012_MF100_s1_r1:Otu110,NCBIScientificName,,Chromadorea,,,
ARMS_BelgiumCoast_AJJC81_20200506_20201012_MF100_s1_r1:Otu110,NCBITaxonRank,,class,,,
ARMS_BelgiumCoast_AJJC81_20200506_20201012_MF100_s1_r1:Otu110,fieldReplicateID,,no replicate,http://vocab.nerc.ac.uk/collection/P01/current/IDSPRE01,,
ARMS_BelgiumCoast_AJJC81_20200506_20201012_MF100_s1_r1:Otu110,technicalReplicateID,,,http://vocab.nerc.ac.uk/collection/P01/current/IDTCRE01,,
ARMS_BelgiumCoast_AJJC81_20200506_20201012_MF100_s1_r1:Otu111,submergedTime,day,159,http://vocab.nerc.ac.uk/collection/P01/current/AZDRZZ01/,https://vocab.nerc.ac.uk/collection/P06/current/UTAA/,
ARMS_BelgiumCoast_AJJC81_20200506_20201012_MF100_s1_r1:Otu111,preservativeUsed,,DMSO,http://vocab.nerc.ac.uk/collection/Q01/current/Q0100004/,,https://pubchem.ncbi.nlm.nih.gov/compound/679
ARMS_BelgiumCoast_AJJC81_20200506_20201012_MF100_s1_r1:Otu111,lowerLimitFilterSize,micrometer,100,http://vocab.nerc.ac.uk/collection/Q01/current/Q0100011/,https://vocab.nerc.ac.uk/collection/P06/current/UMIC/,
ARMS_BelgiumCoast_AJJC81_20200506_20201012_MF100_s1_r1:Otu111,sampleAccessionNumber,,SAMEA10020970,,,
ARMS_BelgiumCoast_AJJC81_20200506_20201012_MF100_s1_r1:Otu111,NCBIID,,35493,,,
ARMS_BelgiumCoast_AJJC81_20200506_20201012_MF100_s1_r1:Otu111,NCBIScientificName,,Streptophyta,,,
ARMS_BelgiumCoast_AJJC81_20200506_20201012_MF100_s1_r1:Otu111,NCBITaxonRank,,phylum,,,
ARMS_BelgiumCoast_AJJC81_20200506_20201012_MF100_s1_r1:Otu111,fieldReplicateID,,no replicate,http://vocab.nerc.ac.uk/collection/P01/current/IDSPRE01,,
ARMS_BelgiumCoast_AJJC81_20200506_20201012_MF100_s1_r1:Otu111,technicalReplicateID,,,http://vocab.nerc.ac.uk/collection/P01/current/IDTCRE01,,
ARMS_BelgiumCoast_AJJC81_20200506_20201012_MF100_s1_r1:Otu118,submergedTime,day,159,http://vocab.nerc.ac.uk/collection/P01/current/AZDRZZ01/,https://vocab.nerc.ac.uk/collection/P06/current/UTAA/,
ARMS_BelgiumCoast_AJJC81_20200506_20201012_MF100_s1_r1:Otu118,preservativeUsed,,DMSO,http://vocab.nerc.ac.uk/collection/Q01/current/Q0100004/,,https://pubchem.ncbi.nlm.nih.gov/compound/679
ARMS_BelgiumCoast_AJJC81_20200506_20201012_MF100_s1_r1:Otu118,lowerLimitFilterSize,micrometer,100,http://vocab.nerc.ac.uk/collection/Q01/current/Q0100011/,https://vocab.nerc.ac.uk/collection/P06/current/UMIC/,
ARMS_BelgiumCoast_AJJC81_20200506_20201012_MF100_s1_r1:Otu118,sampleAccessionNumber,,SAMEA10020970,,,
ARMS_BelgiumCoast_AJJC81_20200506_20201012_MF100_s1_r1:Otu118,NCBIID,,88547,,,
ARMS_BelgiumCoast_AJJC81_20200506_20201012_MF100_s1_r1:Otu118,NCBIScientificName,,Syndiniales,,,
ARMS_BelgiumCoast_AJJC81_20200506_20201012_MF100_s1_r1:Otu118,NCBITaxonRank,,order,,,
ARMS_BelgiumCoast_AJJC81_20200506_20201012_MF100_s1_r1:Otu118,fieldReplicateID,,no replicate,http://vocab.nerc.ac.uk/collection/P01/current/IDSPRE01,,
ARMS_BelgiumCoast_AJJC81_20200506_20201012_MF100_s1_r1:Otu118,technicalReplicateID,,,http://vocab.nerc.ac.uk/collection/P01/current/IDTCRE01,,
ARMS_BelgiumCoast_AJJC81_20200506_20201012_MF100_s1_r1:Otu119,submergedTime,day,159,http://vocab.nerc.ac.uk/collection/P01/current/AZDRZZ01/,https://vocab.nerc.ac.uk/collection/P06/current/UTAA/,
ARMS_BelgiumCoast_AJJC81_20200506_20201012_MF100_s1_r1:Otu119,preservativeUsed,,DMSO,http://vocab.nerc.ac.uk/collection/Q01/current/Q0100004/,,https://pubchem.ncbi.nlm.nih.gov/compound/679
ARMS_BelgiumCoast_AJJC81_20200506_20201012_MF100_s1_r1:Otu119,lowerLimitFilterSize,micrometer,100,http://vocab.nerc.ac.uk/collection/Q01/current/Q0100011/,https://vocab.nerc.ac.uk/collection/P06/current/UMIC/,
ARMS_BelgiumCoast_AJJC81_20200506_20201012_MF100_s1_r1:Otu119,sampleAccessionNumber,,SAMEA10020970,,,
ARMS_BelgiumCoast_AJJC81_20200506_20201012_MF100_s1_r1:Otu119,NCBIID,,156132,,,
ARMS_BelgiumCoast_AJJC81_20200506_20201012_MF100_s1_r1:Otu119,NCBIScientificName,,Prasinoderma,,,
ARMS_BelgiumCoast_AJJC81_20200506_20201012_MF100_s1_r1:Otu119,NCBITaxonRank,,genus,,,
ARMS_BelgiumCoast_AJJC81_20200506_20201012_MF100_s1_r1:Otu119,fieldReplicateID,,no replicate,http://vocab.nerc.ac.uk/collection/P01/current/IDSPRE01,,
ARMS_BelgiumCoast_AJJC81_20200506_20201012_MF100_s1_r1:Otu119,technicalReplicateID,,,http://vocab.nerc.ac.uk/collection/P01/current/IDTCRE01,,
ARMS_BelgiumCoast_AJJC81_20200506_20201012_MF100_s1_r1:Otu38,submergedTime,day,159,http://vocab.nerc.ac.uk/collection/P01/current/AZDRZZ01/,https://vocab.nerc.ac.uk/collection/P06/current/UTAA/,
ARMS_BelgiumCoast_AJJC81_20200506_20201012_MF100_s1_r1:Otu38,preservativeUsed,,DMSO,http://vocab.nerc.ac.uk/collection/Q01/current/Q0100004/,,https://pubchem.ncbi.nlm.nih.gov/compound/679
ARMS_BelgiumCoast_AJJC81_20200506_20201012_MF100_s1_r1:Otu38,lowerLimitFilterSize,micrometer,100,http://vocab.nerc.ac.uk/collection/Q01/current/Q0100011/,https://vocab.nerc.ac.uk/collection/P06/current/UMIC/,
ARMS_BelgiumCoast_AJJC81_20200506_20201012_MF100_s1_r1:Otu38,sampleAccessionNumber,,SAMEA10020970,,,
ARMS_BelgiumCoast_AJJC81_20200506_20201012_MF100_s1_r1:Otu38,NCBIID,,244961,,,
ARMS_BelgiumCoast_AJJC81_20200506_20201012_MF100_s1_r1:Otu38,NCBIScientificName,,Gyrodinium_fusiforme,,,
ARMS_BelgiumCoast_AJJC81_20200506_20201012_MF100_s1_r1:Otu38,NCBITaxonRank,,species,,,
ARMS_BelgiumCoast_AJJC81_20200506_20201012_MF100_s1_r1:Otu38,fieldReplicateID,,no replicate,http://vocab.nerc.ac.uk/collection/P01/current/IDSPRE01,,
ARMS_BelgiumCoast_AJJC81_20200506_20201012_MF100_s1_r1:Otu38,technicalReplicateID,,,http://vocab.nerc.ac.uk/collection/P01/current/IDTCRE01,,
ARMS_BelgiumCoast_AJJC81_20200506_20201012_MF100_s1_r1:Otu83,submergedTime,day,159,http://vocab.nerc.ac.uk/collection/P01/current/AZDRZZ01/,https://vocab.nerc.ac.uk/collection/P06/current/UTAA/,
ARMS_BelgiumCoast_AJJC81_20200506_20201012_MF100_s1_r1:Otu83,preservativeUsed,,DMSO,http://vocab.nerc.ac.uk/collection/Q01/current/Q0100004/,,https://pubchem.ncbi.nlm.nih.gov/compound/679
ARMS_BelgiumCoast_AJJC81_20200506_20201012_MF100_s1_r1:Otu83,lowerLimitFilterSize,micrometer,100,http://vocab.nerc.ac.uk/collection/Q01/current/Q0100011/,https://vocab.nerc.ac.uk/collection/P06/current/UMIC/,
ARMS_BelgiumCoast_AJJC81_20200506_20201012_MF100_s1_r1:Otu83,sampleAccessionNumber,,SAMEA10020970,,,
ARMS_BelgiumCoast_AJJC81_20200506_20201012_MF100_s1_r1:Otu83,NCBIID,,6657,,,
ARMS_BelgiumCoast_AJJC81_20200506_20201012_MF100_s1_r1:Otu83,NCBIScientificName,,Crustacea,,,
ARMS_BelgiumCoast_AJJC81_20200506_20201012_MF100_s1_r1:Otu83,NCBITaxonRank,,subphylum,,,
ARMS_BelgiumCoast_AJJC81_20200506_20201012_MF100_s1_r1:Otu83,fieldReplicateID,,no replicate,http://vocab.nerc.ac.uk/collection/P01/current/IDSPRE01,,
ARMS_BelgiumCoast_AJJC81_20200506_20201012_MF100_s1_r1:Otu83,technicalReplicateID,,,http://vocab.nerc.ac.uk/collection/P01/current/IDTCRE01,,
ARMS_BelgiumCoast_AJJC81_20200506_20201012_MF100_s1_r1:Otu82,submergedTime,day,159,http://vocab.nerc.ac.uk/collection/P01/current/AZDRZZ01/,https://vocab.nerc.ac.uk/collection/P06/current/UTAA/,
ARMS_BelgiumCoast_AJJC81_20200506_20201012_MF100_s1_r1:Otu82,preservativeUsed,,DMSO,http://vocab.nerc.ac.uk/collection/Q01/current/Q0100004/,,https://pubchem.ncbi.nlm.nih.gov/compound/679
ARMS_BelgiumCoast_AJJC81_20200506_20201012_MF100_s1_r1:Otu82,lowerLimitFilterSize,micrometer,100,http://vocab.nerc.ac.uk/collection/Q01/current/Q0100011/,https://vocab.nerc.ac.uk/collection/P06/current/UMIC/,
ARMS_BelgiumCoast_AJJC81_20200506_20201012_MF100_s1_r1:Otu82,sampleAccessionNumber,,SAMEA10020970,,,
ARMS_BelgiumCoast_AJJC81_20200506_20201012_MF100_s1_r1:Otu82,NCBIID,,589449,,,
ARMS_BelgiumCoast_AJJC81_20200506_20201012_MF100_s1_r1:Otu82,NCBIScientificName,,Polar-centric-Mediophyceae,,,
ARMS_BelgiumCoast_AJJC81_20200506_20201012_MF100_s1_r1:Otu82,NCBITaxonRank,,class,,,
ARMS_BelgiumCoast_AJJC81_20200506_20201012_MF100_s1_r1:Otu82,fieldReplicateID,,no replicate,http://vocab.nerc.ac.uk/collection/P01/current/IDSPRE01,,
ARMS_BelgiumCoast_AJJC81_20200506_20201012_MF100_s1_r1:Otu82,technicalReplicateID,,,http://vocab.nerc.ac.uk/collection/P01/current/IDTCRE01,,
ARMS_BelgiumCoast_AJJC81_20200506_20201012_MF100_s1_r1:Otu87,submergedTime,day,159,http://vocab.nerc.ac.uk/collection/P01/current/AZDRZZ01/,https://vocab.nerc.ac.uk/collection/P06/current/UTAA/,
ARMS_BelgiumCoast_AJJC81_20200506_20201012_MF100_s1_r1:Otu87,preservativeUsed,,DMSO,http://vocab.nerc.ac.uk/collection/Q01/current/Q0100004/,,https://pubchem.ncbi.nlm.nih.gov/compound/679
ARMS_BelgiumCoast_AJJC81_20200506_20201012_MF100_s1_r1:Otu87,lowerLimitFilterSize,micrometer,100,http://vocab.nerc.ac.uk/collection/Q01/current/Q0100011/,https://vocab.nerc.ac.uk/collection/P06/current/UMIC/,
ARMS_BelgiumCoast_AJJC81_20200506_20201012_MF100_s1_r1:Otu87,sampleAccessionNumber,,SAMEA10020970,,,
ARMS_BelgiumCoast_AJJC81_20200506_20201012_MF100_s1_r1:Otu87,NCBIID,,452283,,,
ARMS_BelgiumCoast_AJJC81_20200506_20201012_MF100_s1_r1:Otu87,NCBIScientificName,,Exobasidiomycetes,,,
ARMS_BelgiumCoast_AJJC81_20200506_20201012_MF100_s1_r1:Otu87,NCBITaxonRank,,class,,,
ARMS_BelgiumCoast_AJJC81_20200506_20201012_MF100_s1_r1:Otu87,fieldReplicateID,,no replicate,http://vocab.nerc.ac.uk/collection/P01/current/IDSPRE01,,
ARMS_BelgiumCoast_AJJC81_20200506_20201012_MF100_s1_r1:Otu87,technicalReplicateID,,,http://vocab.nerc.ac.uk/collection/P01/current/IDTCRE01,,
ARMS_BelgiumCoast_AJJC81_20200506_20201012_MF100_s1_r1:Otu86,submergedTime,day,159,http://vocab.nerc.ac.uk/collection/P01/current/AZDRZZ01/,https://vocab.nerc.ac.uk/collection/P06/current/UTAA/,
ARMS_BelgiumCoast_AJJC81_20200506_20201012_MF100_s1_r1:Otu86,preservativeUsed,,DMSO,http://vocab.nerc.ac.uk/collection/Q01/current/Q0100004/,,https://pubchem.ncbi.nlm.nih.gov/compound/679
ARMS_BelgiumCoast_AJJC81_20200506_20201012_MF100_s1_r1:Otu86,lowerLimitFilterSize,micrometer,100,http://vocab.nerc.ac.uk/collection/Q01/current/Q0100011/,https://vocab.nerc.ac.uk/collection/P06/current/UMIC/,
ARMS_BelgiumCoast_AJJC81_20200506_20201012_MF100_s1_r1:Otu86,sampleAccessionNumber,,SAMEA10020970,,,
ARMS_BelgiumCoast_AJJC81_20200506_20201012_MF100_s1_r1:Otu86,NCBIID,,947094,,,
ARMS_BelgiumCoast_AJJC81_20200506_20201012_MF100_s1_r1:Otu86,NCBIScientificName,,Porosporidae,,,
ARMS_BelgiumCoast_AJJC81_20200506_20201012_MF100_s1_r1:Otu86,NCBITaxonRank,,family,,,
ARMS_BelgiumCoast_AJJC81_20200506_20201012_MF100_s1_r1:Otu86,fieldReplicateID,,no replicate,http://vocab.nerc.ac.uk/collection/P01/current/IDSPRE01,,
ARMS_BelgiumCoast_AJJC81_20200506_20201012_MF100_s1_r1:Otu86,technicalReplicateID,,,http://vocab.nerc.ac.uk/collection/P01/current/IDTCRE01,,
ARMS_BelgiumCoast_AJJC81_20200506_20201012_MF100_s1_r1:Otu89,submergedTime,day,159,http://vocab.nerc.ac.uk/collection/P01/current/AZDRZZ01/,https://vocab.nerc.ac.uk/collection/P06/current/UTAA/,
ARMS_BelgiumCoast_AJJC81_20200506_20201012_MF100_s1_r1:Otu89,preservativeUsed,,DMSO,http://vocab.nerc.ac.uk/collection/Q01/current/Q0100004/,,https://pubchem.ncbi.nlm.nih.gov/compound/679
ARMS_BelgiumCoast_AJJC81_20200506_20201012_MF100_s1_r1:Otu89,lowerLimitFilterSize,micrometer,100,http://vocab.nerc.ac.uk/collection/Q01/current/Q0100011/,https://vocab.nerc.ac.uk/collection/P06/current/UMIC/,
ARMS_BelgiumCoast_AJJC81_20200506_20201012_MF100_s1_r1:Otu89,sampleAccessionNumber,,SAMEA10020970,,,
ARMS_BelgiumCoast_AJJC81_20200506_20201012_MF100_s1_r1:Otu89,NCBIID,,4892,,,
ARMS_BelgiumCoast_AJJC81_20200506_20201012_MF100_s1_r1:Otu89,NCBIScientificName,,Saccharomycetales,,,
ARMS_BelgiumCoast_AJJC81_20200506_20201012_MF100_s1_r1:Otu89,NCBITaxonRank,,order,,,
ARMS_BelgiumCoast_AJJC81_20200506_20201012_MF100_s1_r1:Otu89,fieldReplicateID,,no replicate,http://vocab.nerc.ac.uk/collection/P01/current/IDSPRE01,,
ARMS_BelgiumCoast_AJJC81_20200506_20201012_MF100_s1_r1:Otu89,technicalReplicateID,,,http://vocab.nerc.ac.uk/collection/P01/current/IDTCRE01,,
ARMS_BelgiumCoast_AJJC81_20200506_20201012_MF100_s1_r1:Otu349,submergedTime,day,159,http://vocab.nerc.ac.uk/collection/P01/current/AZDRZZ01/,https://vocab.nerc.ac.uk/collection/P06/current/UTAA/,
ARMS_BelgiumCoast_AJJC81_20200506_20201012_MF100_s1_r1:Otu349,preservativeUsed,,DMSO,http://vocab.nerc.ac.uk/collection/Q01/current/Q0100004/,,https://pubchem.ncbi.nlm.nih.gov/compound/679
ARMS_BelgiumCoast_AJJC81_20200506_20201012_MF100_s1_r1:Otu349,lowerLimitFilterSize,micrometer,100,http://vocab.nerc.ac.uk/collection/Q01/current/Q0100011/,https://vocab.nerc.ac.uk/collection/P06/current/UMIC/,
ARMS_BelgiumCoast_AJJC81_20200506_20201012_MF100_s1_r1:Otu349,sampleAccessionNumber,,SAMEA10020970,,,
ARMS_BelgiumCoast_AJJC81_20200506_20201012_MF100_s1_r1:Otu349,NCBIID,,7568,,,
ARMS_BelgiumCoast_AJJC81_20200506_20201012_MF100_s1_r1:Otu349,NCBIScientificName,,Brachiopoda,,,
ARMS_BelgiumCoast_AJJC81_20200506_20201012_MF100_s1_r1:Otu349,NCBITaxonRank,,phylum,,,
ARMS_BelgiumCoast_AJJC81_20200506_20201012_MF100_s1_r1:Otu349,fieldReplicateID,,no replicate,http://vocab.nerc.ac.uk/collection/P01/current/IDSPRE01,,
ARMS_BelgiumCoast_AJJC81_20200506_20201012_MF100_s1_r1:Otu349,technicalReplicateID,,,http://vocab.nerc.ac.uk/collection/P01/current/IDTCRE01,,
ARMS_BelgiumCoast_AJJC81_20200506_20201012_MF100_s1_r1:Otu71,submergedTime,day,159,http://vocab.nerc.ac.uk/collection/P01/current/AZDRZZ01/,https://vocab.nerc.ac.uk/collection/P06/current/UTAA/,
ARMS_BelgiumCoast_AJJC81_20200506_20201012_MF100_s1_r1:Otu71,preservativeUsed,,DMSO,http://vocab.nerc.ac.uk/collection/Q01/current/Q0100004/,,https://pubchem.ncbi.nlm.nih.gov/compound/679
ARMS_BelgiumCoast_AJJC81_20200506_20201012_MF100_s1_r1:Otu71,lowerLimitFilterSize,micrometer,100,http://vocab.nerc.ac.uk/collection/Q01/current/Q0100011/,https://vocab.nerc.ac.uk/collection/P06/current/UMIC/,
ARMS_BelgiumCoast_AJJC81_20200506_20201012_MF100_s1_r1:Otu71,sampleAccessionNumber,,SAMEA10020970,,,
ARMS_BelgiumCoast_AJJC81_20200506_20201012_MF100_s1_r1:Otu71,NCBIID,,2586441,,,
ARMS_BelgiumCoast_AJJC81_20200506_20201012_MF100_s1_r1:Otu71,NCBIScientificName,,Sandonidae,,,
ARMS_BelgiumCoast_AJJC81_20200506_20201012_MF100_s1_r1:Otu71,NCBITaxonRank,,family,,,
ARMS_BelgiumCoast_AJJC81_20200506_20201012_MF100_s1_r1:Otu71,fieldReplicateID,,no replicate,http://vocab.nerc.ac.uk/collection/P01/current/IDSPRE01,,
ARMS_BelgiumCoast_AJJC81_20200506_20201012_MF100_s1_r1:Otu71,technicalReplicateID,,,http://vocab.nerc.ac.uk/collection/P01/current/IDTCRE01,,
ARMS_BelgiumCoast_AJJC81_20200506_20201012_MF100_s1_r1:Otu76,submergedTime,day,159,http://vocab.nerc.ac.uk/collection/P01/current/AZDRZZ01/,https://vocab.nerc.ac.uk/collection/P06/current/UTAA/,
ARMS_BelgiumCoast_AJJC81_20200506_20201012_MF100_s1_r1:Otu76,preservativeUsed,,DMSO,http://vocab.nerc.ac.uk/collection/Q01/current/Q0100004/,,https://pubchem.ncbi.nlm.nih.gov/compound/679
ARMS_BelgiumCoast_AJJC81_20200506_20201012_MF100_s1_r1:Otu76,lowerLimitFilterSize,micrometer,100,http://vocab.nerc.ac.uk/collection/Q01/current/Q0100011/,https://vocab.nerc.ac.uk/collection/P06/current/UMIC/,
ARMS_BelgiumCoast_AJJC81_20200506_20201012_MF100_s1_r1:Otu76,sampleAccessionNumber,,SAMEA10020970,,,
ARMS_BelgiumCoast_AJJC81_20200506_20201012_MF100_s1_r1:Otu76,NCBIID,,512235,,,
ARMS_BelgiumCoast_AJJC81_20200506_20201012_MF100_s1_r1:Otu76,NCBIScientificName,,Paramenophia,,,
ARMS_BelgiumCoast_AJJC81_20200506_20201012_MF100_s1_r1:Otu76,NCBITaxonRank,,genus,,,
ARMS_BelgiumCoast_AJJC81_20200506_20201012_MF100_s1_r1:Otu76,fieldReplicateID,,no replicate,http://vocab.nerc.ac.uk/collection/P01/current/IDSPRE01,,
ARMS_BelgiumCoast_AJJC81_20200506_20201012_MF100_s1_r1:Otu76,technicalReplicateID,,,http://vocab.nerc.ac.uk/collection/P01/current/IDTCRE01,,
ARMS_BelgiumCoast_AJJC81_20200506_20201012_MF100_s1_r1:Otu74,submergedTime,day,159,http://vocab.nerc.ac.uk/collection/P01/current/AZDRZZ01/,https://vocab.nerc.ac.uk/collection/P06/current/UTAA/,
ARMS_BelgiumCoast_AJJC81_20200506_20201012_MF100_s1_r1:Otu74,preservativeUsed,,DMSO,http://vocab.nerc.ac.uk/collection/Q01/current/Q0100004/,,https://pubchem.ncbi.nlm.nih.gov/compound/679
ARMS_BelgiumCoast_AJJC81_20200506_20201012_MF100_s1_r1:Otu74,lowerLimitFilterSize,micrometer,100,http://vocab.nerc.ac.uk/collection/Q01/current/Q0100011/,https://vocab.nerc.ac.uk/collection/P06/current/UMIC/,
ARMS_BelgiumCoast_AJJC81_20200506_20201012_MF100_s1_r1:Otu74,sampleAccessionNumber,,SAMEA10020970,,,
ARMS_BelgiumCoast_AJJC81_20200506_20201012_MF100_s1_r1:Otu74,NCBIID,,947094,,,
ARMS_BelgiumCoast_AJJC81_20200506_20201012_MF100_s1_r1:Otu74,NCBIScientificName,,Porosporidae,,,
ARMS_BelgiumCoast_AJJC81_20200506_20201012_MF100_s1_r1:Otu74,NCBITaxonRank,,family,,,
ARMS_BelgiumCoast_AJJC81_20200506_20201012_MF100_s1_r1:Otu74,fieldReplicateID,,no replicate,http://vocab.nerc.ac.uk/collection/P01/current/IDSPRE01,,
ARMS_BelgiumCoast_AJJC81_20200506_20201012_MF100_s1_r1:Otu74,technicalReplicateID,,,http://vocab.nerc.ac.uk/collection/P01/current/IDTCRE01,,
ARMS_BelgiumCoast_AJJC81_20200506_20201012_MF100_s1_r1:Otu9,submergedTime,day,159,http://vocab.nerc.ac.uk/collection/P01/current/AZDRZZ01/,https://vocab.nerc.ac.uk/collection/P06/current/UTAA/,
ARMS_BelgiumCoast_AJJC81_20200506_20201012_MF100_s1_r1:Otu9,preservativeUsed,,DMSO,http://vocab.nerc.ac.uk/collection/Q01/current/Q0100004/,,https://pubchem.ncbi.nlm.nih.gov/compound/679
ARMS_BelgiumCoast_AJJC81_20200506_20201012_MF100_s1_r1:Otu9,lowerLimitFilterSize,micrometer,100,http://vocab.nerc.ac.uk/collection/Q01/current/Q0100011/,https://vocab.nerc.ac.uk/collection/P06/current/UMIC/,
ARMS_BelgiumCoast_AJJC81_20200506_20201012_MF100_s1_r1:Otu9,sampleAccessionNumber,,SAMEA10020970,,,
ARMS_BelgiumCoast_AJJC81_20200506_20201012_MF100_s1_r1:Otu9,NCBIID,,6101,,,
ARMS_BelgiumCoast_AJJC81_20200506_20201012_MF100_s1_r1:Otu9,NCBIScientificName,,Anthozoa,,,
ARMS_BelgiumCoast_AJJC81_20200506_20201012_MF100_s1_r1:Otu9,NCBITaxonRank,,class,,,
ARMS_BelgiumCoast_AJJC81_20200506_20201012_MF100_s1_r1:Otu9,fieldReplicateID,,no replicate,http://vocab.nerc.ac.uk/collection/P01/current/IDSPRE01,,
ARMS_BelgiumCoast_AJJC81_20200506_20201012_MF100_s1_r1:Otu9,technicalReplicateID,,,http://vocab.nerc.ac.uk/collection/P01/current/IDTCRE01,,
ARMS_BelgiumCoast_AJJC81_20200506_20201012_MF100_s1_r1:Otu6,submergedTime,day,159,http://vocab.nerc.ac.uk/collection/P01/current/AZDRZZ01/,https://vocab.nerc.ac.uk/collection/P06/current/UTAA/,
ARMS_BelgiumCoast_AJJC81_20200506_20201012_MF100_s1_r1:Otu6,preservativeUsed,,DMSO,http://vocab.nerc.ac.uk/collection/Q01/current/Q0100004/,,https://pubchem.ncbi.nlm.nih.gov/compound/679
ARMS_BelgiumCoast_AJJC81_20200506_20201012_MF100_s1_r1:Otu6,lowerLimitFilterSize,micrometer,100,http://vocab.nerc.ac.uk/collection/Q01/current/Q0100011/,https://vocab.nerc.ac.uk/collection/P06/current/UMIC/,
ARMS_BelgiumCoast_AJJC81_20200506_20201012_MF100_s1_r1:Otu6,sampleAccessionNumber,,SAMEA10020970,,,
ARMS_BelgiumCoast_AJJC81_20200506_20201012_MF100_s1_r1:Otu6,NCBIID,,6657,,,
ARMS_BelgiumCoast_AJJC81_20200506_20201012_MF100_s1_r1:Otu6,NCBIScientificName,,Crustacea,,,
ARMS_BelgiumCoast_AJJC81_20200506_20201012_MF100_s1_r1:Otu6,NCBITaxonRank,,subphylum,,,
ARMS_BelgiumCoast_AJJC81_20200506_20201012_MF100_s1_r1:Otu6,fieldReplicateID,,no replicate,http://vocab.nerc.ac.uk/collection/P01/current/IDSPRE01,,
ARMS_BelgiumCoast_AJJC81_20200506_20201012_MF100_s1_r1:Otu6,technicalReplicateID,,,http://vocab.nerc.ac.uk/collection/P01/current/IDTCRE01,,
ARMS_BelgiumCoast_AJJC81_20200506_20201012_MF100_s1_r1:Otu4,submergedTime,day,159,http://vocab.nerc.ac.uk/collection/P01/current/AZDRZZ01/,https://vocab.nerc.ac.uk/collection/P06/current/UTAA/,
ARMS_BelgiumCoast_AJJC81_20200506_20201012_MF100_s1_r1:Otu4,preservativeUsed,,DMSO,http://vocab.nerc.ac.uk/collection/Q01/current/Q0100004/,,https://pubchem.ncbi.nlm.nih.gov/compound/679
ARMS_BelgiumCoast_AJJC81_20200506_20201012_MF100_s1_r1:Otu4,lowerLimitFilterSize,micrometer,100,http://vocab.nerc.ac.uk/collection/Q01/current/Q0100011/,https://vocab.nerc.ac.uk/collection/P06/current/UMIC/,
ARMS_BelgiumCoast_AJJC81_20200506_20201012_MF100_s1_r1:Otu4,sampleAccessionNumber,,SAMEA10020970,,,
ARMS_BelgiumCoast_AJJC81_20200506_20201012_MF100_s1_r1:Otu4,NCBIID,,7586,,,
ARMS_BelgiumCoast_AJJC81_20200506_20201012_MF100_s1_r1:Otu4,NCBIScientificName,,Echinodermata,,,
ARMS_BelgiumCoast_AJJC81_20200506_20201012_MF100_s1_r1:Otu4,NCBITaxonRank,,phylum,,,
ARMS_BelgiumCoast_AJJC81_20200506_20201012_MF100_s1_r1:Otu4,fieldReplicateID,,no replicate,http://vocab.nerc.ac.uk/collection/P01/current/IDSPRE01,,
ARMS_BelgiumCoast_AJJC81_20200506_20201012_MF100_s1_r1:Otu4,technicalReplicateID,,,http://vocab.nerc.ac.uk/collection/P01/current/IDTCRE01,,
ARMS_BelgiumCoast_AJJC81_20200506_20201012_MF100_s1_r1:Otu3,submergedTime,day,159,http://vocab.nerc.ac.uk/collection/P01/current/AZDRZZ01/,https://vocab.nerc.ac.uk/collection/P06/current/UTAA/,
ARMS_BelgiumCoast_AJJC81_20200506_20201012_MF100_s1_r1:Otu3,preservativeUsed,,DMSO,http://vocab.nerc.ac.uk/collection/Q01/current/Q0100004/,,https://pubchem.ncbi.nlm.nih.gov/compound/679
ARMS_BelgiumCoast_AJJC81_20200506_20201012_MF100_s1_r1:Otu3,lowerLimitFilterSize,micrometer,100,http://vocab.nerc.ac.uk/collection/Q01/current/Q0100011/,https://vocab.nerc.ac.uk/collection/P06/current/UMIC/,
ARMS_BelgiumCoast_AJJC81_20200506_20201012_MF100_s1_r1:Otu3,sampleAccessionNumber,,SAMEA10020970,,,
ARMS_BelgiumCoast_AJJC81_20200506_20201012_MF100_s1_r1:Otu3,NCBIID,,6564,,,
ARMS_BelgiumCoast_AJJC81_20200506_20201012_MF100_s1_r1:Otu3,NCBIScientificName,,Crassostrea,,,
ARMS_BelgiumCoast_AJJC81_20200506_20201012_MF100_s1_r1:Otu3,NCBITaxonRank,,genus,,,
ARMS_BelgiumCoast_AJJC81_20200506_20201012_MF100_s1_r1:Otu3,fieldReplicateID,,no replicate,http://vocab.nerc.ac.uk/collection/P01/current/IDSPRE01,,
ARMS_BelgiumCoast_AJJC81_20200506_20201012_MF100_s1_r1:Otu3,technicalReplicateID,,,http://vocab.nerc.ac.uk/collection/P01/current/IDTCRE01,,
ARMS_BelgiumCoast_AJJC81_20200506_20201012_MF100_s1_r1:Otu206,submergedTime,day,159,http://vocab.nerc.ac.uk/collection/P01/current/AZDRZZ01/,https://vocab.nerc.ac.uk/collection/P06/current/UTAA/,
ARMS_BelgiumCoast_AJJC81_20200506_20201012_MF100_s1_r1:Otu206,preservativeUsed,,DMSO,http://vocab.nerc.ac.uk/collection/Q01/current/Q0100004/,,https://pubchem.ncbi.nlm.nih.gov/compound/679
ARMS_BelgiumCoast_AJJC81_20200506_20201012_MF100_s1_r1:Otu206,lowerLimitFilterSize,micrometer,100,http://vocab.nerc.ac.uk/collection/Q01/current/Q0100011/,https://vocab.nerc.ac.uk/collection/P06/current/UMIC/,
ARMS_BelgiumCoast_AJJC81_20200506_20201012_MF100_s1_r1:Otu206,sampleAccessionNumber,,SAMEA10020970,,,
ARMS_BelgiumCoast_AJJC81_20200506_20201012_MF100_s1_r1:Otu206,NCBIID,,2864,,,
ARMS_BelgiumCoast_AJJC81_20200506_20201012_MF100_s1_r1:Otu206,NCBIScientificName,,Dinophyceae,,,
ARMS_BelgiumCoast_AJJC81_20200506_20201012_MF100_s1_r1:Otu206,NCBITaxonRank,,class,,,
ARMS_BelgiumCoast_AJJC81_20200506_20201012_MF100_s1_r1:Otu206,fieldReplicateID,,no replicate,http://vocab.nerc.ac.uk/collection/P01/current/IDSPRE01,,
ARMS_BelgiumCoast_AJJC81_20200506_20201012_MF100_s1_r1:Otu206,technicalReplicateID,,,http://vocab.nerc.ac.uk/collection/P01/current/IDTCRE01,,
ARMS_BelgiumCoast_AJJC81_20200506_20201012_MF100_s1_r1:Otu204,submergedTime,day,159,http://vocab.nerc.ac.uk/collection/P01/current/AZDRZZ01/,https://vocab.nerc.ac.uk/collection/P06/current/UTAA/,
ARMS_BelgiumCoast_AJJC81_20200506_20201012_MF100_s1_r1:Otu204,preservativeUsed,,DMSO,http://vocab.nerc.ac.uk/collection/Q01/current/Q0100004/,,https://pubchem.ncbi.nlm.nih.gov/compound/679
ARMS_BelgiumCoast_AJJC81_20200506_20201012_MF100_s1_r1:Otu204,lowerLimitFilterSize,micrometer,100,http://vocab.nerc.ac.uk/collection/Q01/current/Q0100011/,https://vocab.nerc.ac.uk/collection/P06/current/UMIC/,
ARMS_BelgiumCoast_AJJC81_20200506_20201012_MF100_s1_r1:Otu204,sampleAccessionNumber,,SAMEA10020970,,,
ARMS_BelgiumCoast_AJJC81_20200506_20201012_MF100_s1_r1:Otu204,NCBIID,,2759,,,
ARMS_BelgiumCoast_AJJC81_20200506_20201012_MF100_s1_r1:Otu204,NCBIScientificName,,Eukaryota,,,
ARMS_BelgiumCoast_AJJC81_20200506_20201012_MF100_s1_r1:Otu204,NCBITaxonRank,,domain,,,
ARMS_BelgiumCoast_AJJC81_20200506_20201012_MF100_s1_r1:Otu204,fieldReplicateID,,no replicate,http://vocab.nerc.ac.uk/collection/P01/current/IDSPRE01,,
ARMS_BelgiumCoast_AJJC81_20200506_20201012_MF100_s1_r1:Otu204,technicalReplicateID,,,http://vocab.nerc.ac.uk/collection/P01/current/IDTCRE01,,
ARMS_BelgiumCoast_AJJC81_20200506_20201012_MF100_s1_r1:Otu106,submergedTime,day,159,http://vocab.nerc.ac.uk/collection/P01/current/AZDRZZ01/,https://vocab.nerc.ac.uk/collection/P06/current/UTAA/,
ARMS_BelgiumCoast_AJJC81_20200506_20201012_MF100_s1_r1:Otu106,preservativeUsed,,DMSO,http://vocab.nerc.ac.uk/collection/Q01/current/Q0100004/,,https://pubchem.ncbi.nlm.nih.gov/compound/679
ARMS_BelgiumCoast_AJJC81_20200506_20201012_MF100_s1_r1:Otu106,lowerLimitFilterSize,micrometer,100,http://vocab.nerc.ac.uk/collection/Q01/current/Q0100011/,https://vocab.nerc.ac.uk/collection/P06/current/UMIC/,
ARMS_BelgiumCoast_AJJC81_20200506_20201012_MF100_s1_r1:Otu106,sampleAccessionNumber,,SAMEA10020970,,,
ARMS_BelgiumCoast_AJJC81_20200506_20201012_MF100_s1_r1:Otu106,NCBIID,,5940,,,
ARMS_BelgiumCoast_AJJC81_20200506_20201012_MF100_s1_r1:Otu106,NCBIScientificName,,Euplotes_aediculatus,,,
ARMS_BelgiumCoast_AJJC81_20200506_20201012_MF100_s1_r1:Otu106,NCBITaxonRank,,species,,,
ARMS_BelgiumCoast_AJJC81_20200506_20201012_MF100_s1_r1:Otu106,fieldReplicateID,,no replicate,http://vocab.nerc.ac.uk/collection/P01/current/IDSPRE01,,
ARMS_BelgiumCoast_AJJC81_20200506_20201012_MF100_s1_r1:Otu106,technicalReplicateID,,,http://vocab.nerc.ac.uk/collection/P01/current/IDTCRE01,,
ARMS_BelgiumCoast_AJJC81_20200506_20201012_MF100_s1_r1:Otu100,submergedTime,day,159,http://vocab.nerc.ac.uk/collection/P01/current/AZDRZZ01/,https://vocab.nerc.ac.uk/collection/P06/current/UTAA/,
ARMS_BelgiumCoast_AJJC81_20200506_20201012_MF100_s1_r1:Otu100,preservativeUsed,,DMSO,http://vocab.nerc.ac.uk/collection/Q01/current/Q0100004/,,https://pubchem.ncbi.nlm.nih.gov/compound/679
ARMS_BelgiumCoast_AJJC81_20200506_20201012_MF100_s1_r1:Otu100,lowerLimitFilterSize,micrometer,100,http://vocab.nerc.ac.uk/collection/Q01/current/Q0100011/,https://vocab.nerc.ac.uk/collection/P06/current/UMIC/,
ARMS_BelgiumCoast_AJJC81_20200506_20201012_MF100_s1_r1:Otu100,sampleAccessionNumber,,SAMEA10020970,,,
ARMS_BelgiumCoast_AJJC81_20200506_20201012_MF100_s1_r1:Otu100,NCBIID,,156133,,,
ARMS_BelgiumCoast_AJJC81_20200506_20201012_MF100_s1_r1:Otu100,NCBIScientificName,,Prasinoderma_coloniale,,,
ARMS_BelgiumCoast_AJJC81_20200506_20201012_MF100_s1_r1:Otu100,NCBITaxonRank,,species,,,
ARMS_BelgiumCoast_AJJC81_20200506_20201012_MF100_s1_r1:Otu100,fieldReplicateID,,no replicate,http://vocab.nerc.ac.uk/collection/P01/current/IDSPRE01,,
ARMS_BelgiumCoast_AJJC81_20200506_20201012_MF100_s1_r1:Otu100,technicalReplicateID,,,http://vocab.nerc.ac.uk/collection/P01/current/IDTCRE01,,
ARMS_BelgiumCoast_AJJC81_20200506_20201012_MF100_s1_r1:Otu192,submergedTime,day,159,http://vocab.nerc.ac.uk/collection/P01/current/AZDRZZ01/,https://vocab.nerc.ac.uk/collection/P06/current/UTAA/,
ARMS_BelgiumCoast_AJJC81_20200506_20201012_MF100_s1_r1:Otu192,preservativeUsed,,DMSO,http://vocab.nerc.ac.uk/collection/Q01/current/Q0100004/,,https://pubchem.ncbi.nlm.nih.gov/compound/679
ARMS_BelgiumCoast_AJJC81_20200506_20201012_MF100_s1_r1:Otu192,lowerLimitFilterSize,micrometer,100,http://vocab.nerc.ac.uk/collection/Q01/current/Q0100011/,https://vocab.nerc.ac.uk/collection/P06/current/UMIC/,
ARMS_BelgiumCoast_AJJC81_20200506_20201012_MF100_s1_r1:Otu192,sampleAccessionNumber,,SAMEA10020970,,,
ARMS_BelgiumCoast_AJJC81_20200506_20201012_MF100_s1_r1:Otu192,NCBIID,,188944,,,
ARMS_BelgiumCoast_AJJC81_20200506_20201012_MF100_s1_r1:Otu192,NCBIScientificName,,Thaumatomonadida,,,
ARMS_BelgiumCoast_AJJC81_20200506_20201012_MF100_s1_r1:Otu192,NCBITaxonRank,,order,,,
ARMS_BelgiumCoast_AJJC81_20200506_20201012_MF100_s1_r1:Otu192,fieldReplicateID,,no replicate,http://vocab.nerc.ac.uk/collection/P01/current/IDSPRE01,,
ARMS_BelgiumCoast_AJJC81_20200506_20201012_MF100_s1_r1:Otu192,technicalReplicateID,,,http://vocab.nerc.ac.uk/collection/P01/current/IDTCRE01,,
ARMS_BelgiumCoast_AJJC81_20200506_20201012_MF100_s1_r1:Otu191,submergedTime,day,159,http://vocab.nerc.ac.uk/collection/P01/current/AZDRZZ01/,https://vocab.nerc.ac.uk/collection/P06/current/UTAA/,
ARMS_BelgiumCoast_AJJC81_20200506_20201012_MF100_s1_r1:Otu191,preservativeUsed,,DMSO,http://vocab.nerc.ac.uk/collection/Q01/current/Q0100004/,,https://pubchem.ncbi.nlm.nih.gov/compound/679
ARMS_BelgiumCoast_AJJC81_20200506_20201012_MF100_s1_r1:Otu191,lowerLimitFilterSize,micrometer,100,http://vocab.nerc.ac.uk/collection/Q01/current/Q0100011/,https://vocab.nerc.ac.uk/collection/P06/current/UMIC/,
ARMS_BelgiumCoast_AJJC81_20200506_20201012_MF100_s1_r1:Otu191,sampleAccessionNumber,,SAMEA10020970,,,
ARMS_BelgiumCoast_AJJC81_20200506_20201012_MF100_s1_r1:Otu191,NCBIID,,2779610,,,
ARMS_BelgiumCoast_AJJC81_20200506_20201012_MF100_s1_r1:Otu191,NCBIScientificName,,Phagomyxida,,,
ARMS_BelgiumCoast_AJJC81_20200506_20201012_MF100_s1_r1:Otu191,NCBITaxonRank,,order,,,
ARMS_BelgiumCoast_AJJC81_20200506_20201012_MF100_s1_r1:Otu191,fieldReplicateID,,no replicate,http://vocab.nerc.ac.uk/collection/P01/current/IDSPRE01,,
ARMS_BelgiumCoast_AJJC81_20200506_20201012_MF100_s1_r1:Otu191,technicalReplicateID,,,http://vocab.nerc.ac.uk/collection/P01/current/IDTCRE01,,
ARMS_BelgiumCoast_AJJC81_20200506_20201012_MF100_s1_r1:Otu98,submergedTime,day,159,http://vocab.nerc.ac.uk/collection/P01/current/AZDRZZ01/,https://vocab.nerc.ac.uk/collection/P06/current/UTAA/,
ARMS_BelgiumCoast_AJJC81_20200506_20201012_MF100_s1_r1:Otu98,preservativeUsed,,DMSO,http://vocab.nerc.ac.uk/collection/Q01/current/Q0100004/,,https://pubchem.ncbi.nlm.nih.gov/compound/679
ARMS_BelgiumCoast_AJJC81_20200506_20201012_MF100_s1_r1:Otu98,lowerLimitFilterSize,micrometer,100,http://vocab.nerc.ac.uk/collection/Q01/current/Q0100011/,https://vocab.nerc.ac.uk/collection/P06/current/UMIC/,
ARMS_BelgiumCoast_AJJC81_20200506_20201012_MF100_s1_r1:Otu98,sampleAccessionNumber,,SAMEA10020970,,,
ARMS_BelgiumCoast_AJJC81_20200506_20201012_MF100_s1_r1:Otu98,NCBIID,,452283,,,
ARMS_BelgiumCoast_AJJC81_20200506_20201012_MF100_s1_r1:Otu98,NCBIScientificName,,Exobasidiomycetes,,,
ARMS_BelgiumCoast_AJJC81_20200506_20201012_MF100_s1_r1:Otu98,NCBITaxonRank,,class,,,
ARMS_BelgiumCoast_AJJC81_20200506_20201012_MF100_s1_r1:Otu98,fieldReplicateID,,no replicate,http://vocab.nerc.ac.uk/collection/P01/current/IDSPRE01,,
ARMS_BelgiumCoast_AJJC81_20200506_20201012_MF100_s1_r1:Otu98,technicalReplicateID,,,http://vocab.nerc.ac.uk/collection/P01/current/IDTCRE01,,
ARMS_BelgiumCoast_AJJC81_20200506_20201012_MF100_s1_r1:Otu99,submergedTime,day,159,http://vocab.nerc.ac.uk/collection/P01/current/AZDRZZ01/,https://vocab.nerc.ac.uk/collection/P06/current/UTAA/,
ARMS_BelgiumCoast_AJJC81_20200506_20201012_MF100_s1_r1:Otu99,preservativeUsed,,DMSO,http://vocab.nerc.ac.uk/collection/Q01/current/Q0100004/,,https://pubchem.ncbi.nlm.nih.gov/compound/679
ARMS_BelgiumCoast_AJJC81_20200506_20201012_MF100_s1_r1:Otu99,lowerLimitFilterSize,micrometer,100,http://vocab.nerc.ac.uk/collection/Q01/current/Q0100011/,https://vocab.nerc.ac.uk/collection/P06/current/UMIC/,
ARMS_BelgiumCoast_AJJC81_20200506_20201012_MF100_s1_r1:Otu99,sampleAccessionNumber,,SAMEA10020970,,,
ARMS_BelgiumCoast_AJJC81_20200506_20201012_MF100_s1_r1:Otu99,NCBIID,,35127,,,
ARMS_BelgiumCoast_AJJC81_20200506_20201012_MF100_s1_r1:Otu99,NCBIScientificName,,Thalassiosira,,,
ARMS_BelgiumCoast_AJJC81_20200506_20201012_MF100_s1_r1:Otu99,NCBITaxonRank,,genus,,,
ARMS_BelgiumCoast_AJJC81_20200506_20201012_MF100_s1_r1:Otu99,fieldReplicateID,,no replicate,http://vocab.nerc.ac.uk/collection/P01/current/IDSPRE01,,
ARMS_BelgiumCoast_AJJC81_20200506_20201012_MF100_s1_r1:Otu99,technicalReplicateID,,,http://vocab.nerc.ac.uk/collection/P01/current/IDTCRE01,,
ARMS_BelgiumCoast_AJJC81_20200506_20201012_MF100_s1_r1:Otu94,submergedTime,day,159,http://vocab.nerc.ac.uk/collection/P01/current/AZDRZZ01/,https://vocab.nerc.ac.uk/collection/P06/current/UTAA/,
ARMS_BelgiumCoast_AJJC81_20200506_20201012_MF100_s1_r1:Otu94,preservativeUsed,,DMSO,http://vocab.nerc.ac.uk/collection/Q01/current/Q0100004/,,https://pubchem.ncbi.nlm.nih.gov/compound/679
ARMS_BelgiumCoast_AJJC81_20200506_20201012_MF100_s1_r1:Otu94,lowerLimitFilterSize,micrometer,100,http://vocab.nerc.ac.uk/collection/Q01/current/Q0100011/,https://vocab.nerc.ac.uk/collection/P06/current/UMIC/,
ARMS_BelgiumCoast_AJJC81_20200506_20201012_MF100_s1_r1:Otu94,sampleAccessionNumber,,SAMEA10020970,,,
ARMS_BelgiumCoast_AJJC81_20200506_20201012_MF100_s1_r1:Otu94,NCBIID,,4751,,,
ARMS_BelgiumCoast_AJJC81_20200506_20201012_MF100_s1_r1:Otu94,NCBIScientificName,,Fungi,,,
ARMS_BelgiumCoast_AJJC81_20200506_20201012_MF100_s1_r1:Otu94,NCBITaxonRank,,kingdom,,,
ARMS_BelgiumCoast_AJJC81_20200506_20201012_MF100_s1_r1:Otu94,fieldReplicateID,,no replicate,http://vocab.nerc.ac.uk/collection/P01/current/IDSPRE01,,
ARMS_BelgiumCoast_AJJC81_20200506_20201012_MF100_s1_r1:Otu94,technicalReplicateID,,,http://vocab.nerc.ac.uk/collection/P01/current/IDTCRE01,,
ARMS_BelgiumCoast_AJJC81_20200506_20201012_MF100_s1_r1:Otu149,submergedTime,day,159,http://vocab.nerc.ac.uk/collection/P01/current/AZDRZZ01/,https://vocab.nerc.ac.uk/collection/P06/current/UTAA/,
ARMS_BelgiumCoast_AJJC81_20200506_20201012_MF100_s1_r1:Otu149,preservativeUsed,,DMSO,http://vocab.nerc.ac.uk/collection/Q01/current/Q0100004/,,https://pubchem.ncbi.nlm.nih.gov/compound/679
ARMS_BelgiumCoast_AJJC81_20200506_20201012_MF100_s1_r1:Otu149,lowerLimitFilterSize,micrometer,100,http://vocab.nerc.ac.uk/collection/Q01/current/Q0100011/,https://vocab.nerc.ac.uk/collection/P06/current/UMIC/,
ARMS_BelgiumCoast_AJJC81_20200506_20201012_MF100_s1_r1:Otu149,sampleAccessionNumber,,SAMEA10020970,,,
ARMS_BelgiumCoast_AJJC81_20200506_20201012_MF100_s1_r1:Otu149,NCBIID,,6657,,,
ARMS_BelgiumCoast_AJJC81_20200506_20201012_MF100_s1_r1:Otu149,NCBIScientificName,,Crustacea,,,
ARMS_BelgiumCoast_AJJC81_20200506_20201012_MF100_s1_r1:Otu149,NCBITaxonRank,,subphylum,,,
ARMS_BelgiumCoast_AJJC81_20200506_20201012_MF100_s1_r1:Otu149,fieldReplicateID,,no replicate,http://vocab.nerc.ac.uk/collection/P01/current/IDSPRE01,,
ARMS_BelgiumCoast_AJJC81_20200506_20201012_MF100_s1_r1:Otu149,technicalReplicateID,,,http://vocab.nerc.ac.uk/collection/P01/current/IDTCRE01,,
ARMS_BelgiumCoast_AJJC81_20200506_20201012_MF100_s1_r1:Otu141,submergedTime,day,159,http://vocab.nerc.ac.uk/collection/P01/current/AZDRZZ01/,https://vocab.nerc.ac.uk/collection/P06/current/UTAA/,
ARMS_BelgiumCoast_AJJC81_20200506_20201012_MF100_s1_r1:Otu141,preservativeUsed,,DMSO,http://vocab.nerc.ac.uk/collection/Q01/current/Q0100004/,,https://pubchem.ncbi.nlm.nih.gov/compound/679
ARMS_BelgiumCoast_AJJC81_20200506_20201012_MF100_s1_r1:Otu141,lowerLimitFilterSize,micrometer,100,http://vocab.nerc.ac.uk/collection/Q01/current/Q0100011/,https://vocab.nerc.ac.uk/collection/P06/current/UMIC/,
ARMS_BelgiumCoast_AJJC81_20200506_20201012_MF100_s1_r1:Otu141,sampleAccessionNumber,,SAMEA10020970,,,
ARMS_BelgiumCoast_AJJC81_20200506_20201012_MF100_s1_r1:Otu141,NCBIID,,89593,,,
ARMS_BelgiumCoast_AJJC81_20200506_20201012_MF100_s1_r1:Otu141,NCBIScientificName,,Craniata,,,
ARMS_BelgiumCoast_AJJC81_20200506_20201012_MF100_s1_r1:Otu141,NCBITaxonRank,,subphylum,,,
ARMS_BelgiumCoast_AJJC81_20200506_20201012_MF100_s1_r1:Otu141,fieldReplicateID,,no replicate,http://vocab.nerc.ac.uk/collection/P01/current/IDSPRE01,,
ARMS_BelgiumCoast_AJJC81_20200506_20201012_MF100_s1_r1:Otu141,technicalReplicateID,,,http://vocab.nerc.ac.uk/collection/P01/current/IDTCRE01,,
ARMS_BelgiumCoast_AJJC81_20200506_20201012_MF100_s1_r1:Otu140,submergedTime,day,159,http://vocab.nerc.ac.uk/collection/P01/current/AZDRZZ01/,https://vocab.nerc.ac.uk/collection/P06/current/UTAA/,
ARMS_BelgiumCoast_AJJC81_20200506_20201012_MF100_s1_r1:Otu140,preservativeUsed,,DMSO,http://vocab.nerc.ac.uk/collection/Q01/current/Q0100004/,,https://pubchem.ncbi.nlm.nih.gov/compound/679
ARMS_BelgiumCoast_AJJC81_20200506_20201012_MF100_s1_r1:Otu140,lowerLimitFilterSize,micrometer,100,http://vocab.nerc.ac.uk/collection/Q01/current/Q0100011/,https://vocab.nerc.ac.uk/collection/P06/current/UMIC/,
ARMS_BelgiumCoast_AJJC81_20200506_20201012_MF100_s1_r1:Otu140,sampleAccessionNumber,,SAMEA10020970,,,
ARMS_BelgiumCoast_AJJC81_20200506_20201012_MF100_s1_r1:Otu140,NCBIID,,88547,,,
ARMS_BelgiumCoast_AJJC81_20200506_20201012_MF100_s1_r1:Otu140,NCBIScientificName,,Syndiniales,,,
ARMS_BelgiumCoast_AJJC81_20200506_20201012_MF100_s1_r1:Otu140,NCBITaxonRank,,order,,,
ARMS_BelgiumCoast_AJJC81_20200506_20201012_MF100_s1_r1:Otu140,fieldReplicateID,,no replicate,http://vocab.nerc.ac.uk/collection/P01/current/IDSPRE01,,
ARMS_BelgiumCoast_AJJC81_20200506_20201012_MF100_s1_r1:Otu140,technicalReplicateID,,,http://vocab.nerc.ac.uk/collection/P01/current/IDTCRE01,,
ARMS_BelgiumCoast_AJJC81_20200506_20201012_MF100_s1_r1:Otu136,submergedTime,day,159,http://vocab.nerc.ac.uk/collection/P01/current/AZDRZZ01/,https://vocab.nerc.ac.uk/collection/P06/current/UTAA/,
ARMS_BelgiumCoast_AJJC81_20200506_20201012_MF100_s1_r1:Otu136,preservativeUsed,,DMSO,http://vocab.nerc.ac.uk/collection/Q01/current/Q0100004/,,https://pubchem.ncbi.nlm.nih.gov/compound/679
ARMS_BelgiumCoast_AJJC81_20200506_20201012_MF100_s1_r1:Otu136,lowerLimitFilterSize,micrometer,100,http://vocab.nerc.ac.uk/collection/Q01/current/Q0100011/,https://vocab.nerc.ac.uk/collection/P06/current/UMIC/,
ARMS_BelgiumCoast_AJJC81_20200506_20201012_MF100_s1_r1:Otu136,sampleAccessionNumber,,SAMEA10020970,,,
ARMS_BelgiumCoast_AJJC81_20200506_20201012_MF100_s1_r1:Otu136,NCBIID,,156132,,,
ARMS_BelgiumCoast_AJJC81_20200506_20201012_MF100_s1_r1:Otu136,NCBIScientificName,,Prasinoderma,,,
ARMS_BelgiumCoast_AJJC81_20200506_20201012_MF100_s1_r1:Otu136,NCBITaxonRank,,genus,,,
ARMS_BelgiumCoast_AJJC81_20200506_20201012_MF100_s1_r1:Otu136,fieldReplicateID,,no replicate,http://vocab.nerc.ac.uk/collection/P01/current/IDSPRE01,,
ARMS_BelgiumCoast_AJJC81_20200506_20201012_MF100_s1_r1:Otu136,technicalReplicateID,,,http://vocab.nerc.ac.uk/collection/P01/current/IDTCRE01,,
ARMS_BelgiumCoast_AJJC81_20200506_20201012_MF100_s1_r1:Otu17,submergedTime,day,159,http://vocab.nerc.ac.uk/collection/P01/current/AZDRZZ01/,https://vocab.nerc.ac.uk/collection/P06/current/UTAA/,
ARMS_BelgiumCoast_AJJC81_20200506_20201012_MF100_s1_r1:Otu17,preservativeUsed,,DMSO,http://vocab.nerc.ac.uk/collection/Q01/current/Q0100004/,,https://pubchem.ncbi.nlm.nih.gov/compound/679
ARMS_BelgiumCoast_AJJC81_20200506_20201012_MF100_s1_r1:Otu17,lowerLimitFilterSize,micrometer,100,http://vocab.nerc.ac.uk/collection/Q01/current/Q0100011/,https://vocab.nerc.ac.uk/collection/P06/current/UMIC/,
ARMS_BelgiumCoast_AJJC81_20200506_20201012_MF100_s1_r1:Otu17,sampleAccessionNumber,,SAMEA10020970,,,
ARMS_BelgiumCoast_AJJC81_20200506_20201012_MF100_s1_r1:Otu17,NCBIID,,6546,,,
ARMS_BelgiumCoast_AJJC81_20200506_20201012_MF100_s1_r1:Otu17,NCBIScientificName,,Mytiloida,,,
ARMS_BelgiumCoast_AJJC81_20200506_20201012_MF100_s1_r1:Otu17,NCBITaxonRank,,order,,,
ARMS_BelgiumCoast_AJJC81_20200506_20201012_MF100_s1_r1:Otu17,fieldReplicateID,,no replicate,http://vocab.nerc.ac.uk/collection/P01/current/IDSPRE01,,
ARMS_BelgiumCoast_AJJC81_20200506_20201012_MF100_s1_r1:Otu17,technicalReplicateID,,,http://vocab.nerc.ac.uk/collection/P01/current/IDTCRE01,,
ARMS_BelgiumCoast_AJJC81_20200506_20201012_MF100_s1_r1:Otu10,submergedTime,day,159,http://vocab.nerc.ac.uk/collection/P01/current/AZDRZZ01/,https://vocab.nerc.ac.uk/collection/P06/current/UTAA/,
ARMS_BelgiumCoast_AJJC81_20200506_20201012_MF100_s1_r1:Otu10,preservativeUsed,,DMSO,http://vocab.nerc.ac.uk/collection/Q01/current/Q0100004/,,https://pubchem.ncbi.nlm.nih.gov/compound/679
ARMS_BelgiumCoast_AJJC81_20200506_20201012_MF100_s1_r1:Otu10,lowerLimitFilterSize,micrometer,100,http://vocab.nerc.ac.uk/collection/Q01/current/Q0100011/,https://vocab.nerc.ac.uk/collection/P06/current/UMIC/,
ARMS_BelgiumCoast_AJJC81_20200506_20201012_MF100_s1_r1:Otu10,sampleAccessionNumber,,SAMEA10020970,,,
ARMS_BelgiumCoast_AJJC81_20200506_20201012_MF100_s1_r1:Otu10,NCBIID,,119397,,,
ARMS_BelgiumCoast_AJJC81_20200506_20201012_MF100_s1_r1:Otu10,NCBIScientificName,,Neritopsina,,,
ARMS_BelgiumCoast_AJJC81_20200506_20201012_MF100_s1_r1:Otu10,NCBITaxonRank,,subclass,,,
ARMS_BelgiumCoast_AJJC81_20200506_20201012_MF100_s1_r1:Otu10,fieldReplicateID,,no replicate,http://vocab.nerc.ac.uk/collection/P01/current/IDSPRE01,,
ARMS_BelgiumCoast_AJJC81_20200506_20201012_MF100_s1_r1:Otu10,technicalReplicateID,,,http://vocab.nerc.ac.uk/collection/P01/current/IDTCRE01,,
ARMS_BelgiumCoast_AJJC81_20200506_20201012_MF100_s1_r1:Otu13,submergedTime,day,159,http://vocab.nerc.ac.uk/collection/P01/current/AZDRZZ01/,https://vocab.nerc.ac.uk/collection/P06/current/UTAA/,
ARMS_BelgiumCoast_AJJC81_20200506_20201012_MF100_s1_r1:Otu13,preservativeUsed,,DMSO,http://vocab.nerc.ac.uk/collection/Q01/current/Q0100004/,,https://pubchem.ncbi.nlm.nih.gov/compound/679
ARMS_BelgiumCoast_AJJC81_20200506_20201012_MF100_s1_r1:Otu13,lowerLimitFilterSize,micrometer,100,http://vocab.nerc.ac.uk/collection/Q01/current/Q0100011/,https://vocab.nerc.ac.uk/collection/P06/current/UMIC/,
ARMS_BelgiumCoast_AJJC81_20200506_20201012_MF100_s1_r1:Otu13,sampleAccessionNumber,,SAMEA10020970,,,
ARMS_BelgiumCoast_AJJC81_20200506_20201012_MF100_s1_r1:Otu13,NCBIID,,69555,,,
ARMS_BelgiumCoast_AJJC81_20200506_20201012_MF100_s1_r1:Otu13,NCBIScientificName,,Caenogastropoda,,,
ARMS_BelgiumCoast_AJJC81_20200506_20201012_MF100_s1_r1:Otu13,NCBITaxonRank,,subclass,,,
ARMS_BelgiumCoast_AJJC81_20200506_20201012_MF100_s1_r1:Otu13,fieldReplicateID,,no replicate,http://vocab.nerc.ac.uk/collection/P01/current/IDSPRE01,,
ARMS_BelgiumCoast_AJJC81_20200506_20201012_MF100_s1_r1:Otu13,technicalReplicateID,,,http://vocab.nerc.ac.uk/collection/P01/current/IDTCRE01,,
ARMS_BelgiumCoast_AJJC81_20200506_20201012_MF100_s1_r1:Otu18,submergedTime,day,159,http://vocab.nerc.ac.uk/collection/P01/current/AZDRZZ01/,https://vocab.nerc.ac.uk/collection/P06/current/UTAA/,
ARMS_BelgiumCoast_AJJC81_20200506_20201012_MF100_s1_r1:Otu18,preservativeUsed,,DMSO,http://vocab.nerc.ac.uk/collection/Q01/current/Q0100004/,,https://pubchem.ncbi.nlm.nih.gov/compound/679
ARMS_BelgiumCoast_AJJC81_20200506_20201012_MF100_s1_r1:Otu18,lowerLimitFilterSize,micrometer,100,http://vocab.nerc.ac.uk/collection/Q01/current/Q0100011/,https://vocab.nerc.ac.uk/collection/P06/current/UMIC/,
ARMS_BelgiumCoast_AJJC81_20200506_20201012_MF100_s1_r1:Otu18,sampleAccessionNumber,,SAMEA10020970,,,
ARMS_BelgiumCoast_AJJC81_20200506_20201012_MF100_s1_r1:Otu18,NCBIID,,6340,,,
ARMS_BelgiumCoast_AJJC81_20200506_20201012_MF100_s1_r1:Otu18,NCBIScientificName,,Annelida,,,
ARMS_BelgiumCoast_AJJC81_20200506_20201012_MF100_s1_r1:Otu18,NCBITaxonRank,,phylum,,,
ARMS_BelgiumCoast_AJJC81_20200506_20201012_MF100_s1_r1:Otu18,fieldReplicateID,,no replicate,http://vocab.nerc.ac.uk/collection/P01/current/IDSPRE01,,
ARMS_BelgiumCoast_AJJC81_20200506_20201012_MF100_s1_r1:Otu18,technicalReplicateID,,,http://vocab.nerc.ac.uk/collection/P01/current/IDTCRE01,,
ARMS_BelgiumCoast_AJJC81_20200506_20201012_MF100_s1_r1:Otu19,submergedTime,day,159,http://vocab.nerc.ac.uk/collection/P01/current/AZDRZZ01/,https://vocab.nerc.ac.uk/collection/P06/current/UTAA/,
ARMS_BelgiumCoast_AJJC81_20200506_20201012_MF100_s1_r1:Otu19,preservativeUsed,,DMSO,http://vocab.nerc.ac.uk/collection/Q01/current/Q0100004/,,https://pubchem.ncbi.nlm.nih.gov/compound/679
ARMS_BelgiumCoast_AJJC81_20200506_20201012_MF100_s1_r1:Otu19,lowerLimitFilterSize,micrometer,100,http://vocab.nerc.ac.uk/collection/Q01/current/Q0100011/,https://vocab.nerc.ac.uk/collection/P06/current/UMIC/,
ARMS_BelgiumCoast_AJJC81_20200506_20201012_MF100_s1_r1:Otu19,sampleAccessionNumber,,SAMEA10020970,,,
ARMS_BelgiumCoast_AJJC81_20200506_20201012_MF100_s1_r1:Otu19,NCBIID,,71176,,,
ARMS_BelgiumCoast_AJJC81_20200506_20201012_MF100_s1_r1:Otu19,NCBIScientificName,,Chelyosoma,,,
ARMS_BelgiumCoast_AJJC81_20200506_20201012_MF100_s1_r1:Otu19,NCBITaxonRank,,genus,,,
ARMS_BelgiumCoast_AJJC81_20200506_20201012_MF100_s1_r1:Otu19,fieldReplicateID,,no replicate,http://vocab.nerc.ac.uk/collection/P01/current/IDSPRE01,,
ARMS_BelgiumCoast_AJJC81_20200506_20201012_MF100_s1_r1:Otu19,technicalReplicateID,,,http://vocab.nerc.ac.uk/collection/P01/current/IDTCRE01,,
ARMS_BelgiumCoast_AJJC81_20200506_20201012_MF500_s1_r1:Otu49,submergedTime,day,159,http://vocab.nerc.ac.uk/collection/P01/current/AZDRZZ01/,https://vocab.nerc.ac.uk/collection/P06/current/UTAA/,
ARMS_BelgiumCoast_AJJC81_20200506_20201012_MF500_s1_r1:Otu49,preservativeUsed,,DMSO,http://vocab.nerc.ac.uk/collection/Q01/current/Q0100004/,,https://pubchem.ncbi.nlm.nih.gov/compound/679
ARMS_BelgiumCoast_AJJC81_20200506_20201012_MF500_s1_r1:Otu49,lowerLimitFilterSize,micrometer,500,http://vocab.nerc.ac.uk/collection/Q01/current/Q0100011/,https://vocab.nerc.ac.uk/collection/P06/current/UMIC/,
ARMS_BelgiumCoast_AJJC81_20200506_20201012_MF500_s1_r1:Otu49,sampleAccessionNumber,,SAMEA10020973,,,
ARMS_BelgiumCoast_AJJC81_20200506_20201012_MF500_s1_r1:Otu49,NCBIID,,33208,,,
ARMS_BelgiumCoast_AJJC81_20200506_20201012_MF500_s1_r1:Otu49,NCBIScientificName,,Metazoa,,,
ARMS_BelgiumCoast_AJJC81_20200506_20201012_MF500_s1_r1:Otu49,NCBITaxonRank,,kingdom,,,
ARMS_BelgiumCoast_AJJC81_20200506_20201012_MF500_s1_r1:Otu49,fieldReplicateID,,no replicate,http://vocab.nerc.ac.uk/collection/P01/current/IDSPRE01,,
ARMS_BelgiumCoast_AJJC81_20200506_20201012_MF500_s1_r1:Otu49,technicalReplicateID,,,http://vocab.nerc.ac.uk/collection/P01/current/IDTCRE01,,
ARMS_BelgiumCoast_AJJC81_20200506_20201012_MF500_s1_r1:Otu58,submergedTime,day,159,http://vocab.nerc.ac.uk/collection/P01/current/AZDRZZ01/,https://vocab.nerc.ac.uk/collection/P06/current/UTAA/,
ARMS_BelgiumCoast_AJJC81_20200506_20201012_MF500_s1_r1:Otu58,preservativeUsed,,DMSO,http://vocab.nerc.ac.uk/collection/Q01/current/Q0100004/,,https://pubchem.ncbi.nlm.nih.gov/compound/679
ARMS_BelgiumCoast_AJJC81_20200506_20201012_MF500_s1_r1:Otu58,lowerLimitFilterSize,micrometer,500,http://vocab.nerc.ac.uk/collection/Q01/current/Q0100011/,https://vocab.nerc.ac.uk/collection/P06/current/UMIC/,
ARMS_BelgiumCoast_AJJC81_20200506_20201012_MF500_s1_r1:Otu58,sampleAccessionNumber,,SAMEA10020973,,,
ARMS_BelgiumCoast_AJJC81_20200506_20201012_MF500_s1_r1:Otu58,NCBIID,,6657,,,
ARMS_BelgiumCoast_AJJC81_20200506_20201012_MF500_s1_r1:Otu58,NCBIScientificName,,Crustacea,,,
ARMS_BelgiumCoast_AJJC81_20200506_20201012_MF500_s1_r1:Otu58,NCBITaxonRank,,subphylum,,,
ARMS_BelgiumCoast_AJJC81_20200506_20201012_MF500_s1_r1:Otu58,fieldReplicateID,,no replicate,http://vocab.nerc.ac.uk/collection/P01/current/IDSPRE01,,
ARMS_BelgiumCoast_AJJC81_20200506_20201012_MF500_s1_r1:Otu58,technicalReplicateID,,,http://vocab.nerc.ac.uk/collection/P01/current/IDTCRE01,,
ARMS_BelgiumCoast_AJJC81_20200506_20201012_MF500_s1_r1:Otu26,submergedTime,day,159,http://vocab.nerc.ac.uk/collection/P01/current/AZDRZZ01/,https://vocab.nerc.ac.uk/collection/P06/current/UTAA/,
ARMS_BelgiumCoast_AJJC81_20200506_20201012_MF500_s1_r1:Otu26,preservativeUsed,,DMSO,http://vocab.nerc.ac.uk/collection/Q01/current/Q0100004/,,https://pubchem.ncbi.nlm.nih.gov/compound/679
ARMS_BelgiumCoast_AJJC81_20200506_20201012_MF500_s1_r1:Otu26,lowerLimitFilterSize,micrometer,500,http://vocab.nerc.ac.uk/collection/Q01/current/Q0100011/,https://vocab.nerc.ac.uk/collection/P06/current/UMIC/,
ARMS_BelgiumCoast_AJJC81_20200506_20201012_MF500_s1_r1:Otu26,sampleAccessionNumber,,SAMEA10020973,,,
ARMS_BelgiumCoast_AJJC81_20200506_20201012_MF500_s1_r1:Otu26,NCBIID,,6760,,,
ARMS_BelgiumCoast_AJJC81_20200506_20201012_MF500_s1_r1:Otu26,NCBIScientificName,,Scylla,,,
ARMS_BelgiumCoast_AJJC81_20200506_20201012_MF500_s1_r1:Otu26,NCBITaxonRank,,genus,,,
ARMS_BelgiumCoast_AJJC81_20200506_20201012_MF500_s1_r1:Otu26,fieldReplicateID,,no replicate,http://vocab.nerc.ac.uk/collection/P01/current/IDSPRE01,,
ARMS_BelgiumCoast_AJJC81_20200506_20201012_MF500_s1_r1:Otu26,technicalReplicateID,,,http://vocab.nerc.ac.uk/collection/P01/current/IDTCRE01,,
ARMS_BelgiumCoast_AJJC81_20200506_20201012_MF500_s1_r1:Otu351,submergedTime,day,159,http://vocab.nerc.ac.uk/collection/P01/current/AZDRZZ01/,https://vocab.nerc.ac.uk/collection/P06/current/UTAA/,
ARMS_BelgiumCoast_AJJC81_20200506_20201012_MF500_s1_r1:Otu351,preservativeUsed,,DMSO,http://vocab.nerc.ac.uk/collection/Q01/current/Q0100004/,,https://pubchem.ncbi.nlm.nih.gov/compound/679
ARMS_BelgiumCoast_AJJC81_20200506_20201012_MF500_s1_r1:Otu351,lowerLimitFilterSize,micrometer,500,http://vocab.nerc.ac.uk/collection/Q01/current/Q0100011/,https://vocab.nerc.ac.uk/collection/P06/current/UMIC/,
ARMS_BelgiumCoast_AJJC81_20200506_20201012_MF500_s1_r1:Otu351,sampleAccessionNumber,,SAMEA10020973,,,
ARMS_BelgiumCoast_AJJC81_20200506_20201012_MF500_s1_r1:Otu351,NCBIID,,6681,,,
ARMS_BelgiumCoast_AJJC81_20200506_20201012_MF500_s1_r1:Otu351,NCBIScientificName,,Malacostraca,,,
ARMS_BelgiumCoast_AJJC81_20200506_20201012_MF500_s1_r1:Otu351,NCBITaxonRank,,class,,,
ARMS_BelgiumCoast_AJJC81_20200506_20201012_MF500_s1_r1:Otu351,fieldReplicateID,,no replicate,http://vocab.nerc.ac.uk/collection/P01/current/IDSPRE01,,
ARMS_BelgiumCoast_AJJC81_20200506_20201012_MF500_s1_r1:Otu351,technicalReplicateID,,,http://vocab.nerc.ac.uk/collection/P01/current/IDTCRE01,,
ARMS_BelgiumCoast_AJJC81_20200506_20201012_MF500_s1_r1:Otu67,submergedTime,day,159,http://vocab.nerc.ac.uk/collection/P01/current/AZDRZZ01/,https://vocab.nerc.ac.uk/collection/P06/current/UTAA/,
ARMS_BelgiumCoast_AJJC81_20200506_20201012_MF500_s1_r1:Otu67,preservativeUsed,,DMSO,http://vocab.nerc.ac.uk/collection/Q01/current/Q0100004/,,https://pubchem.ncbi.nlm.nih.gov/compound/679
ARMS_BelgiumCoast_AJJC81_20200506_20201012_MF500_s1_r1:Otu67,lowerLimitFilterSize,micrometer,500,http://vocab.nerc.ac.uk/collection/Q01/current/Q0100011/,https://vocab.nerc.ac.uk/collection/P06/current/UMIC/,
ARMS_BelgiumCoast_AJJC81_20200506_20201012_MF500_s1_r1:Otu67,sampleAccessionNumber,,SAMEA10020973,,,
ARMS_BelgiumCoast_AJJC81_20200506_20201012_MF500_s1_r1:Otu67,NCBIID,,5794,,,
ARMS_BelgiumCoast_AJJC81_20200506_20201012_MF500_s1_r1:Otu67,NCBIScientificName,,Apicomplexa,,,
ARMS_BelgiumCoast_AJJC81_20200506_20201012_MF500_s1_r1:Otu67,NCBITaxonRank,,phylum,,,
ARMS_BelgiumCoast_AJJC81_20200506_20201012_MF500_s1_r1:Otu67,fieldReplicateID,,no replicate,http://vocab.nerc.ac.uk/collection/P01/current/IDSPRE01,,
ARMS_BelgiumCoast_AJJC81_20200506_20201012_MF500_s1_r1:Otu67,technicalReplicateID,,,http://vocab.nerc.ac.uk/collection/P01/current/IDTCRE01,,
ARMS_BelgiumCoast_AJJC81_20200506_20201012_MF500_s1_r1:Otu68,submergedTime,day,159,http://vocab.nerc.ac.uk/collection/P01/current/AZDRZZ01/,https://vocab.nerc.ac.uk/collection/P06/current/UTAA/,
ARMS_BelgiumCoast_AJJC81_20200506_20201012_MF500_s1_r1:Otu68,preservativeUsed,,DMSO,http://vocab.nerc.ac.uk/collection/Q01/current/Q0100004/,,https://pubchem.ncbi.nlm.nih.gov/compound/679
ARMS_BelgiumCoast_AJJC81_20200506_20201012_MF500_s1_r1:Otu68,lowerLimitFilterSize,micrometer,500,http://vocab.nerc.ac.uk/collection/Q01/current/Q0100011/,https://vocab.nerc.ac.uk/collection/P06/current/UMIC/,
ARMS_BelgiumCoast_AJJC81_20200506_20201012_MF500_s1_r1:Otu68,sampleAccessionNumber,,SAMEA10020973,,,
ARMS_BelgiumCoast_AJJC81_20200506_20201012_MF500_s1_r1:Otu68,NCBIID,,33208,,,
ARMS_BelgiumCoast_AJJC81_20200506_20201012_MF500_s1_r1:Otu68,NCBIScientificName,,Metazoa,,,
ARMS_BelgiumCoast_AJJC81_20200506_20201012_MF500_s1_r1:Otu68,NCBITaxonRank,,kingdom,,,
ARMS_BelgiumCoast_AJJC81_20200506_20201012_MF500_s1_r1:Otu68,fieldReplicateID,,no replicate,http://vocab.nerc.ac.uk/collection/P01/current/IDSPRE01,,
ARMS_BelgiumCoast_AJJC81_20200506_20201012_MF500_s1_r1:Otu68,technicalReplicateID,,,http://vocab.nerc.ac.uk/collection/P01/current/IDTCRE01,,
ARMS_BelgiumCoast_AJJC81_20200506_20201012_MF500_s1_r1:Otu38,submergedTime,day,159,http://vocab.nerc.ac.uk/collection/P01/current/AZDRZZ01/,https://vocab.nerc.ac.uk/collection/P06/current/UTAA/,
ARMS_BelgiumCoast_AJJC81_20200506_20201012_MF500_s1_r1:Otu38,preservativeUsed,,DMSO,http://vocab.nerc.ac.uk/collection/Q01/current/Q0100004/,,https://pubchem.ncbi.nlm.nih.gov/compound/679
ARMS_BelgiumCoast_AJJC81_20200506_20201012_MF500_s1_r1:Otu38,lowerLimitFilterSize,micrometer,500,http://vocab.nerc.ac.uk/collection/Q01/current/Q0100011/,https://vocab.nerc.ac.uk/collection/P06/current/UMIC/,
ARMS_BelgiumCoast_AJJC81_20200506_20201012_MF500_s1_r1:Otu38,sampleAccessionNumber,,SAMEA10020973,,,
ARMS_BelgiumCoast_AJJC81_20200506_20201012_MF500_s1_r1:Otu38,NCBIID,,244961,,,
ARMS_BelgiumCoast_AJJC81_20200506_20201012_MF500_s1_r1:Otu38,NCBIScientificName,,Gyrodinium_fusiforme,,,
ARMS_BelgiumCoast_AJJC81_20200506_20201012_MF500_s1_r1:Otu38,NCBITaxonRank,,species,,,
ARMS_BelgiumCoast_AJJC81_20200506_20201012_MF500_s1_r1:Otu38,fieldReplicateID,,no replicate,http://vocab.nerc.ac.uk/collection/P01/current/IDSPRE01,,
ARMS_BelgiumCoast_AJJC81_20200506_20201012_MF500_s1_r1:Otu38,technicalReplicateID,,,http://vocab.nerc.ac.uk/collection/P01/current/IDTCRE01,,
ARMS_BelgiumCoast_AJJC81_20200506_20201012_MF500_s1_r1:Otu33,submergedTime,day,159,http://vocab.nerc.ac.uk/collection/P01/current/AZDRZZ01/,https://vocab.nerc.ac.uk/collection/P06/current/UTAA/,
ARMS_BelgiumCoast_AJJC81_20200506_20201012_MF500_s1_r1:Otu33,preservativeUsed,,DMSO,http://vocab.nerc.ac.uk/collection/Q01/current/Q0100004/,,https://pubchem.ncbi.nlm.nih.gov/compound/679
ARMS_BelgiumCoast_AJJC81_20200506_20201012_MF500_s1_r1:Otu33,lowerLimitFilterSize,micrometer,500,http://vocab.nerc.ac.uk/collection/Q01/current/Q0100011/,https://vocab.nerc.ac.uk/collection/P06/current/UMIC/,
ARMS_BelgiumCoast_AJJC81_20200506_20201012_MF500_s1_r1:Otu33,sampleAccessionNumber,,SAMEA10020973,,,
ARMS_BelgiumCoast_AJJC81_20200506_20201012_MF500_s1_r1:Otu33,NCBIID,,4751,,,
ARMS_BelgiumCoast_AJJC81_20200506_20201012_MF500_s1_r1:Otu33,NCBIScientificName,,Fungi,,,
ARMS_BelgiumCoast_AJJC81_20200506_20201012_MF500_s1_r1:Otu33,NCBITaxonRank,,kingdom,,,
ARMS_BelgiumCoast_AJJC81_20200506_20201012_MF500_s1_r1:Otu33,fieldReplicateID,,no replicate,http://vocab.nerc.ac.uk/collection/P01/current/IDSPRE01,,
ARMS_BelgiumCoast_AJJC81_20200506_20201012_MF500_s1_r1:Otu33,technicalReplicateID,,,http://vocab.nerc.ac.uk/collection/P01/current/IDTCRE01,,
ARMS_BelgiumCoast_AJJC81_20200506_20201012_MF500_s1_r1:Otu163,submergedTime,day,159,http://vocab.nerc.ac.uk/collection/P01/current/AZDRZZ01/,https://vocab.nerc.ac.uk/collection/P06/current/UTAA/,
ARMS_BelgiumCoast_AJJC81_20200506_20201012_MF500_s1_r1:Otu163,preservativeUsed,,DMSO,http://vocab.nerc.ac.uk/collection/Q01/current/Q0100004/,,https://pubchem.ncbi.nlm.nih.gov/compound/679
ARMS_BelgiumCoast_AJJC81_20200506_20201012_MF500_s1_r1:Otu163,lowerLimitFilterSize,micrometer,500,http://vocab.nerc.ac.uk/collection/Q01/current/Q0100011/,https://vocab.nerc.ac.uk/collection/P06/current/UMIC/,
ARMS_BelgiumCoast_AJJC81_20200506_20201012_MF500_s1_r1:Otu163,sampleAccessionNumber,,SAMEA10020973,,,
ARMS_BelgiumCoast_AJJC81_20200506_20201012_MF500_s1_r1:Otu163,NCBIID,,35131,,,
ARMS_BelgiumCoast_AJJC81_20200506_20201012_MF500_s1_r1:Otu163,NCBIScientificName,,Labyrinthulomycetes,,,
ARMS_BelgiumCoast_AJJC81_20200506_20201012_MF500_s1_r1:Otu163,NCBITaxonRank,,subclass,,,
ARMS_BelgiumCoast_AJJC81_20200506_20201012_MF500_s1_r1:Otu163,fieldReplicateID,,no replicate,http://vocab.nerc.ac.uk/collection/P01/current/IDSPRE01,,
ARMS_BelgiumCoast_AJJC81_20200506_20201012_MF500_s1_r1:Otu163,technicalReplicateID,,,http://vocab.nerc.ac.uk/collection/P01/current/IDTCRE01,,
ARMS_BelgiumCoast_AJJC81_20200506_20201012_MF500_s1_r1:Otu83,submergedTime,day,159,http://vocab.nerc.ac.uk/collection/P01/current/AZDRZZ01/,https://vocab.nerc.ac.uk/collection/P06/current/UTAA/,
ARMS_BelgiumCoast_AJJC81_20200506_20201012_MF500_s1_r1:Otu83,preservativeUsed,,DMSO,http://vocab.nerc.ac.uk/collection/Q01/current/Q0100004/,,https://pubchem.ncbi.nlm.nih.gov/compound/679
ARMS_BelgiumCoast_AJJC81_20200506_20201012_MF500_s1_r1:Otu83,lowerLimitFilterSize,micrometer,500,http://vocab.nerc.ac.uk/collection/Q01/current/Q0100011/,https://vocab.nerc.ac.uk/collection/P06/current/UMIC/,
ARMS_BelgiumCoast_AJJC81_20200506_20201012_MF500_s1_r1:Otu83,sampleAccessionNumber,,SAMEA10020973,,,
ARMS_BelgiumCoast_AJJC81_20200506_20201012_MF500_s1_r1:Otu83,NCBIID,,6657,,,
ARMS_BelgiumCoast_AJJC81_20200506_20201012_MF500_s1_r1:Otu83,NCBIScientificName,,Crustacea,,,
ARMS_BelgiumCoast_AJJC81_20200506_20201012_MF500_s1_r1:Otu83,NCBITaxonRank,,subphylum,,,
ARMS_BelgiumCoast_AJJC81_20200506_20201012_MF500_s1_r1:Otu83,fieldReplicateID,,no replicate,http://vocab.nerc.ac.uk/collection/P01/current/IDSPRE01,,
ARMS_BelgiumCoast_AJJC81_20200506_20201012_MF500_s1_r1:Otu83,technicalReplicateID,,,http://vocab.nerc.ac.uk/collection/P01/current/IDTCRE01,,
ARMS_BelgiumCoast_AJJC81_20200506_20201012_MF500_s1_r1:Otu87,submergedTime,day,159,http://vocab.nerc.ac.uk/collection/P01/current/AZDRZZ01/,https://vocab.nerc.ac.uk/collection/P06/current/UTAA/,
ARMS_BelgiumCoast_AJJC81_20200506_20201012_MF500_s1_r1:Otu87,preservativeUsed,,DMSO,http://vocab.nerc.ac.uk/collection/Q01/current/Q0100004/,,https://pubchem.ncbi.nlm.nih.gov/compound/679
ARMS_BelgiumCoast_AJJC81_20200506_20201012_MF500_s1_r1:Otu87,lowerLimitFilterSize,micrometer,500,http://vocab.nerc.ac.uk/collection/Q01/current/Q0100011/,https://vocab.nerc.ac.uk/collection/P06/current/UMIC/,
ARMS_BelgiumCoast_AJJC81_20200506_20201012_MF500_s1_r1:Otu87,sampleAccessionNumber,,SAMEA10020973,,,
ARMS_BelgiumCoast_AJJC81_20200506_20201012_MF500_s1_r1:Otu87,NCBIID,,452283,,,
ARMS_BelgiumCoast_AJJC81_20200506_20201012_MF500_s1_r1:Otu87,NCBIScientificName,,Exobasidiomycetes,,,
ARMS_BelgiumCoast_AJJC81_20200506_20201012_MF500_s1_r1:Otu87,NCBITaxonRank,,class,,,
ARMS_BelgiumCoast_AJJC81_20200506_20201012_MF500_s1_r1:Otu87,fieldReplicateID,,no replicate,http://vocab.nerc.ac.uk/collection/P01/current/IDSPRE01,,
ARMS_BelgiumCoast_AJJC81_20200506_20201012_MF500_s1_r1:Otu87,technicalReplicateID,,,http://vocab.nerc.ac.uk/collection/P01/current/IDTCRE01,,
ARMS_BelgiumCoast_AJJC81_20200506_20201012_MF500_s1_r1:Otu89,submergedTime,day,159,http://vocab.nerc.ac.uk/collection/P01/current/AZDRZZ01/,https://vocab.nerc.ac.uk/collection/P06/current/UTAA/,
ARMS_BelgiumCoast_AJJC81_20200506_20201012_MF500_s1_r1:Otu89,preservativeUsed,,DMSO,http://vocab.nerc.ac.uk/collection/Q01/current/Q0100004/,,https://pubchem.ncbi.nlm.nih.gov/compound/679
ARMS_BelgiumCoast_AJJC81_20200506_20201012_MF500_s1_r1:Otu89,lowerLimitFilterSize,micrometer,500,http://vocab.nerc.ac.uk/collection/Q01/current/Q0100011/,https://vocab.nerc.ac.uk/collection/P06/current/UMIC/,
ARMS_BelgiumCoast_AJJC81_20200506_20201012_MF500_s1_r1:Otu89,sampleAccessionNumber,,SAMEA10020973,,,
ARMS_BelgiumCoast_AJJC81_20200506_20201012_MF500_s1_r1:Otu89,NCBIID,,4892,,,
ARMS_BelgiumCoast_AJJC81_20200506_20201012_MF500_s1_r1:Otu89,NCBIScientificName,,Saccharomycetales,,,
ARMS_BelgiumCoast_AJJC81_20200506_20201012_MF500_s1_r1:Otu89,NCBITaxonRank,,order,,,
ARMS_BelgiumCoast_AJJC81_20200506_20201012_MF500_s1_r1:Otu89,fieldReplicateID,,no replicate,http://vocab.nerc.ac.uk/collection/P01/current/IDSPRE01,,
ARMS_BelgiumCoast_AJJC81_20200506_20201012_MF500_s1_r1:Otu89,technicalReplicateID,,,http://vocab.nerc.ac.uk/collection/P01/current/IDTCRE01,,
ARMS_BelgiumCoast_AJJC81_20200506_20201012_MF500_s1_r1:Otu150,submergedTime,day,159,http://vocab.nerc.ac.uk/collection/P01/current/AZDRZZ01/,https://vocab.nerc.ac.uk/collection/P06/current/UTAA/,
ARMS_BelgiumCoast_AJJC81_20200506_20201012_MF500_s1_r1:Otu150,preservativeUsed,,DMSO,http://vocab.nerc.ac.uk/collection/Q01/current/Q0100004/,,https://pubchem.ncbi.nlm.nih.gov/compound/679
ARMS_BelgiumCoast_AJJC81_20200506_20201012_MF500_s1_r1:Otu150,lowerLimitFilterSize,micrometer,500,http://vocab.nerc.ac.uk/collection/Q01/current/Q0100011/,https://vocab.nerc.ac.uk/collection/P06/current/UMIC/,
ARMS_BelgiumCoast_AJJC81_20200506_20201012_MF500_s1_r1:Otu150,sampleAccessionNumber,,SAMEA10020973,,,
ARMS_BelgiumCoast_AJJC81_20200506_20201012_MF500_s1_r1:Otu150,NCBIID,,6681,,,
ARMS_BelgiumCoast_AJJC81_20200506_20201012_MF500_s1_r1:Otu150,NCBIScientificName,,Malacostraca,,,
ARMS_BelgiumCoast_AJJC81_20200506_20201012_MF500_s1_r1:Otu150,NCBITaxonRank,,class,,,
ARMS_BelgiumCoast_AJJC81_20200506_20201012_MF500_s1_r1:Otu150,fieldReplicateID,,no replicate,http://vocab.nerc.ac.uk/collection/P01/current/IDSPRE01,,
ARMS_BelgiumCoast_AJJC81_20200506_20201012_MF500_s1_r1:Otu150,technicalReplicateID,,,http://vocab.nerc.ac.uk/collection/P01/current/IDTCRE01,,
ARMS_BelgiumCoast_AJJC81_20200506_20201012_MF500_s1_r1:Otu74,submergedTime,day,159,http://vocab.nerc.ac.uk/collection/P01/current/AZDRZZ01/,https://vocab.nerc.ac.uk/collection/P06/current/UTAA/,
ARMS_BelgiumCoast_AJJC81_20200506_20201012_MF500_s1_r1:Otu74,preservativeUsed,,DMSO,http://vocab.nerc.ac.uk/collection/Q01/current/Q0100004/,,https://pubchem.ncbi.nlm.nih.gov/compound/679
ARMS_BelgiumCoast_AJJC81_20200506_20201012_MF500_s1_r1:Otu74,lowerLimitFilterSize,micrometer,500,http://vocab.nerc.ac.uk/collection/Q01/current/Q0100011/,https://vocab.nerc.ac.uk/collection/P06/current/UMIC/,
ARMS_BelgiumCoast_AJJC81_20200506_20201012_MF500_s1_r1:Otu74,sampleAccessionNumber,,SAMEA10020973,,,
ARMS_BelgiumCoast_AJJC81_20200506_20201012_MF500_s1_r1:Otu74,NCBIID,,947094,,,
ARMS_BelgiumCoast_AJJC81_20200506_20201012_MF500_s1_r1:Otu74,NCBIScientificName,,Porosporidae,,,
ARMS_BelgiumCoast_AJJC81_20200506_20201012_MF500_s1_r1:Otu74,NCBITaxonRank,,family,,,
ARMS_BelgiumCoast_AJJC81_20200506_20201012_MF500_s1_r1:Otu74,fieldReplicateID,,no replicate,http://vocab.nerc.ac.uk/collection/P01/current/IDSPRE01,,
ARMS_BelgiumCoast_AJJC81_20200506_20201012_MF500_s1_r1:Otu74,technicalReplicateID,,,http://vocab.nerc.ac.uk/collection/P01/current/IDTCRE01,,
ARMS_BelgiumCoast_AJJC81_20200506_20201012_MF500_s1_r1:Otu9,submergedTime,day,159,http://vocab.nerc.ac.uk/collection/P01/current/AZDRZZ01/,https://vocab.nerc.ac.uk/collection/P06/current/UTAA/,
ARMS_BelgiumCoast_AJJC81_20200506_20201012_MF500_s1_r1:Otu9,preservativeUsed,,DMSO,http://vocab.nerc.ac.uk/collection/Q01/current/Q0100004/,,https://pubchem.ncbi.nlm.nih.gov/compound/679
ARMS_BelgiumCoast_AJJC81_20200506_20201012_MF500_s1_r1:Otu9,lowerLimitFilterSize,micrometer,500,http://vocab.nerc.ac.uk/collection/Q01/current/Q0100011/,https://vocab.nerc.ac.uk/collection/P06/current/UMIC/,
ARMS_BelgiumCoast_AJJC81_20200506_20201012_MF500_s1_r1:Otu9,sampleAccessionNumber,,SAMEA10020973,,,
ARMS_BelgiumCoast_AJJC81_20200506_20201012_MF500_s1_r1:Otu9,NCBIID,,6101,,,
ARMS_BelgiumCoast_AJJC81_20200506_20201012_MF500_s1_r1:Otu9,NCBIScientificName,,Anthozoa,,,
ARMS_BelgiumCoast_AJJC81_20200506_20201012_MF500_s1_r1:Otu9,NCBITaxonRank,,class,,,
ARMS_BelgiumCoast_AJJC81_20200506_20201012_MF500_s1_r1:Otu9,fieldReplicateID,,no replicate,http://vocab.nerc.ac.uk/collection/P01/current/IDSPRE01,,
ARMS_BelgiumCoast_AJJC81_20200506_20201012_MF500_s1_r1:Otu9,technicalReplicateID,,,http://vocab.nerc.ac.uk/collection/P01/current/IDTCRE01,,
ARMS_BelgiumCoast_AJJC81_20200506_20201012_MF500_s1_r1:Otu6,submergedTime,day,159,http://vocab.nerc.ac.uk/collection/P01/current/AZDRZZ01/,https://vocab.nerc.ac.uk/collection/P06/current/UTAA/,
ARMS_BelgiumCoast_AJJC81_20200506_20201012_MF500_s1_r1:Otu6,preservativeUsed,,DMSO,http://vocab.nerc.ac.uk/collection/Q01/current/Q0100004/,,https://pubchem.ncbi.nlm.nih.gov/compound/679
ARMS_BelgiumCoast_AJJC81_20200506_20201012_MF500_s1_r1:Otu6,lowerLimitFilterSize,micrometer,500,http://vocab.nerc.ac.uk/collection/Q01/current/Q0100011/,https://vocab.nerc.ac.uk/collection/P06/current/UMIC/,
ARMS_BelgiumCoast_AJJC81_20200506_20201012_MF500_s1_r1:Otu6,sampleAccessionNumber,,SAMEA10020973,,,
ARMS_BelgiumCoast_AJJC81_20200506_20201012_MF500_s1_r1:Otu6,NCBIID,,6657,,,
ARMS_BelgiumCoast_AJJC81_20200506_20201012_MF500_s1_r1:Otu6,NCBIScientificName,,Crustacea,,,
ARMS_BelgiumCoast_AJJC81_20200506_20201012_MF500_s1_r1:Otu6,NCBITaxonRank,,subphylum,,,
ARMS_BelgiumCoast_AJJC81_20200506_20201012_MF500_s1_r1:Otu6,fieldReplicateID,,no replicate,http://vocab.nerc.ac.uk/collection/P01/current/IDSPRE01,,
ARMS_BelgiumCoast_AJJC81_20200506_20201012_MF500_s1_r1:Otu6,technicalReplicateID,,,http://vocab.nerc.ac.uk/collection/P01/current/IDTCRE01,,
ARMS_BelgiumCoast_AJJC81_20200506_20201012_MF500_s1_r1:Otu4,submergedTime,day,159,http://vocab.nerc.ac.uk/collection/P01/current/AZDRZZ01/,https://vocab.nerc.ac.uk/collection/P06/current/UTAA/,
ARMS_BelgiumCoast_AJJC81_20200506_20201012_MF500_s1_r1:Otu4,preservativeUsed,,DMSO,http://vocab.nerc.ac.uk/collection/Q01/current/Q0100004/,,https://pubchem.ncbi.nlm.nih.gov/compound/679
ARMS_BelgiumCoast_AJJC81_20200506_20201012_MF500_s1_r1:Otu4,lowerLimitFilterSize,micrometer,500,http://vocab.nerc.ac.uk/collection/Q01/current/Q0100011/,https://vocab.nerc.ac.uk/collection/P06/current/UMIC/,
ARMS_BelgiumCoast_AJJC81_20200506_20201012_MF500_s1_r1:Otu4,sampleAccessionNumber,,SAMEA10020973,,,
ARMS_BelgiumCoast_AJJC81_20200506_20201012_MF500_s1_r1:Otu4,NCBIID,,7586,,,
ARMS_BelgiumCoast_AJJC81_20200506_20201012_MF500_s1_r1:Otu4,NCBIScientificName,,Echinodermata,,,
ARMS_BelgiumCoast_AJJC81_20200506_20201012_MF500_s1_r1:Otu4,NCBITaxonRank,,phylum,,,
ARMS_BelgiumCoast_AJJC81_20200506_20201012_MF500_s1_r1:Otu4,fieldReplicateID,,no replicate,http://vocab.nerc.ac.uk/collection/P01/current/IDSPRE01,,
ARMS_BelgiumCoast_AJJC81_20200506_20201012_MF500_s1_r1:Otu4,technicalReplicateID,,,http://vocab.nerc.ac.uk/collection/P01/current/IDTCRE01,,
ARMS_BelgiumCoast_AJJC81_20200506_20201012_MF500_s1_r1:Otu5,submergedTime,day,159,http://vocab.nerc.ac.uk/collection/P01/current/AZDRZZ01/,https://vocab.nerc.ac.uk/collection/P06/current/UTAA/,
ARMS_BelgiumCoast_AJJC81_20200506_20201012_MF500_s1_r1:Otu5,preservativeUsed,,DMSO,http://vocab.nerc.ac.uk/collection/Q01/current/Q0100004/,,https://pubchem.ncbi.nlm.nih.gov/compound/679
ARMS_BelgiumCoast_AJJC81_20200506_20201012_MF500_s1_r1:Otu5,lowerLimitFilterSize,micrometer,500,http://vocab.nerc.ac.uk/collection/Q01/current/Q0100011/,https://vocab.nerc.ac.uk/collection/P06/current/UMIC/,
ARMS_BelgiumCoast_AJJC81_20200506_20201012_MF500_s1_r1:Otu5,sampleAccessionNumber,,SAMEA10020973,,,
ARMS_BelgiumCoast_AJJC81_20200506_20201012_MF500_s1_r1:Otu5,NCBIID,,32443,,,
ARMS_BelgiumCoast_AJJC81_20200506_20201012_MF500_s1_r1:Otu5,NCBIScientificName,,Teleostei,,,
ARMS_BelgiumCoast_AJJC81_20200506_20201012_MF500_s1_r1:Otu5,NCBITaxonRank,,infraclass,,,
ARMS_BelgiumCoast_AJJC81_20200506_20201012_MF500_s1_r1:Otu5,fieldReplicateID,,no replicate,http://vocab.nerc.ac.uk/collection/P01/current/IDSPRE01,,
ARMS_BelgiumCoast_AJJC81_20200506_20201012_MF500_s1_r1:Otu5,technicalReplicateID,,,http://vocab.nerc.ac.uk/collection/P01/current/IDTCRE01,,
ARMS_BelgiumCoast_AJJC81_20200506_20201012_MF500_s1_r1:Otu2,submergedTime,day,159,http://vocab.nerc.ac.uk/collection/P01/current/AZDRZZ01/,https://vocab.nerc.ac.uk/collection/P06/current/UTAA/,
ARMS_BelgiumCoast_AJJC81_20200506_20201012_MF500_s1_r1:Otu2,preservativeUsed,,DMSO,http://vocab.nerc.ac.uk/collection/Q01/current/Q0100004/,,https://pubchem.ncbi.nlm.nih.gov/compound/679
ARMS_BelgiumCoast_AJJC81_20200506_20201012_MF500_s1_r1:Otu2,lowerLimitFilterSize,micrometer,500,http://vocab.nerc.ac.uk/collection/Q01/current/Q0100011/,https://vocab.nerc.ac.uk/collection/P06/current/UMIC/,
ARMS_BelgiumCoast_AJJC81_20200506_20201012_MF500_s1_r1:Otu2,sampleAccessionNumber,,SAMEA10020973,,,
ARMS_BelgiumCoast_AJJC81_20200506_20201012_MF500_s1_r1:Otu2,NCBIID,,7713,,,
ARMS_BelgiumCoast_AJJC81_20200506_20201012_MF500_s1_r1:Otu2,NCBIScientificName,,Ascidiacea,,,
ARMS_BelgiumCoast_AJJC81_20200506_20201012_MF500_s1_r1:Otu2,NCBITaxonRank,,class,,,
ARMS_BelgiumCoast_AJJC81_20200506_20201012_MF500_s1_r1:Otu2,fieldReplicateID,,no replicate,http://vocab.nerc.ac.uk/collection/P01/current/IDSPRE01,,
ARMS_BelgiumCoast_AJJC81_20200506_20201012_MF500_s1_r1:Otu2,technicalReplicateID,,,http://vocab.nerc.ac.uk/collection/P01/current/IDTCRE01,,
ARMS_BelgiumCoast_AJJC81_20200506_20201012_MF500_s1_r1:Otu208,submergedTime,day,159,http://vocab.nerc.ac.uk/collection/P01/current/AZDRZZ01/,https://vocab.nerc.ac.uk/collection/P06/current/UTAA/,
ARMS_BelgiumCoast_AJJC81_20200506_20201012_MF500_s1_r1:Otu208,preservativeUsed,,DMSO,http://vocab.nerc.ac.uk/collection/Q01/current/Q0100004/,,https://pubchem.ncbi.nlm.nih.gov/compound/679
ARMS_BelgiumCoast_AJJC81_20200506_20201012_MF500_s1_r1:Otu208,lowerLimitFilterSize,micrometer,500,http://vocab.nerc.ac.uk/collection/Q01/current/Q0100011/,https://vocab.nerc.ac.uk/collection/P06/current/UMIC/,
ARMS_BelgiumCoast_AJJC81_20200506_20201012_MF500_s1_r1:Otu208,sampleAccessionNumber,,SAMEA10020973,,,
ARMS_BelgiumCoast_AJJC81_20200506_20201012_MF500_s1_r1:Otu208,NCBIID,,715295,,,
ARMS_BelgiumCoast_AJJC81_20200506_20201012_MF500_s1_r1:Otu208,NCBIScientificName,,Ganymedidae,,,
ARMS_BelgiumCoast_AJJC81_20200506_20201012_MF500_s1_r1:Otu208,NCBITaxonRank,,family,,,
ARMS_BelgiumCoast_AJJC81_20200506_20201012_MF500_s1_r1:Otu208,fieldReplicateID,,no replicate,http://vocab.nerc.ac.uk/collection/P01/current/IDSPRE01,,
ARMS_BelgiumCoast_AJJC81_20200506_20201012_MF500_s1_r1:Otu208,technicalReplicateID,,,http://vocab.nerc.ac.uk/collection/P01/current/IDTCRE01,,
ARMS_BelgiumCoast_AJJC81_20200506_20201012_MF500_s1_r1:Otu207,submergedTime,day,159,http://vocab.nerc.ac.uk/collection/P01/current/AZDRZZ01/,https://vocab.nerc.ac.uk/collection/P06/current/UTAA/,
ARMS_BelgiumCoast_AJJC81_20200506_20201012_MF500_s1_r1:Otu207,preservativeUsed,,DMSO,http://vocab.nerc.ac.uk/collection/Q01/current/Q0100004/,,https://pubchem.ncbi.nlm.nih.gov/compound/679
ARMS_BelgiumCoast_AJJC81_20200506_20201012_MF500_s1_r1:Otu207,lowerLimitFilterSize,micrometer,500,http://vocab.nerc.ac.uk/collection/Q01/current/Q0100011/,https://vocab.nerc.ac.uk/collection/P06/current/UMIC/,
ARMS_BelgiumCoast_AJJC81_20200506_20201012_MF500_s1_r1:Otu207,sampleAccessionNumber,,SAMEA10020973,,,
ARMS_BelgiumCoast_AJJC81_20200506_20201012_MF500_s1_r1:Otu207,NCBIID,,155616,,,
ARMS_BelgiumCoast_AJJC81_20200506_20201012_MF500_s1_r1:Otu207,NCBIScientificName,,Tremellomycetes,,,
ARMS_BelgiumCoast_AJJC81_20200506_20201012_MF500_s1_r1:Otu207,NCBITaxonRank,,class,,,
ARMS_BelgiumCoast_AJJC81_20200506_20201012_MF500_s1_r1:Otu207,fieldReplicateID,,no replicate,http://vocab.nerc.ac.uk/collection/P01/current/IDSPRE01,,
ARMS_BelgiumCoast_AJJC81_20200506_20201012_MF500_s1_r1:Otu207,technicalReplicateID,,,http://vocab.nerc.ac.uk/collection/P01/current/IDTCRE01,,
ARMS_BelgiumCoast_AJJC81_20200506_20201012_MF500_s1_r1:Otu102,submergedTime,day,159,http://vocab.nerc.ac.uk/collection/P01/current/AZDRZZ01/,https://vocab.nerc.ac.uk/collection/P06/current/UTAA/,
ARMS_BelgiumCoast_AJJC81_20200506_20201012_MF500_s1_r1:Otu102,preservativeUsed,,DMSO,http://vocab.nerc.ac.uk/collection/Q01/current/Q0100004/,,https://pubchem.ncbi.nlm.nih.gov/compound/679
ARMS_BelgiumCoast_AJJC81_20200506_20201012_MF500_s1_r1:Otu102,lowerLimitFilterSize,micrometer,500,http://vocab.nerc.ac.uk/collection/Q01/current/Q0100011/,https://vocab.nerc.ac.uk/collection/P06/current/UMIC/,
ARMS_BelgiumCoast_AJJC81_20200506_20201012_MF500_s1_r1:Otu102,sampleAccessionNumber,,SAMEA10020973,,,
ARMS_BelgiumCoast_AJJC81_20200506_20201012_MF500_s1_r1:Otu102,NCBIID,,298417,,,
ARMS_BelgiumCoast_AJJC81_20200506_20201012_MF500_s1_r1:Otu102,NCBIScientificName,,Euryte,,,
ARMS_BelgiumCoast_AJJC81_20200506_20201012_MF500_s1_r1:Otu102,NCBITaxonRank,,genus,,,
ARMS_BelgiumCoast_AJJC81_20200506_20201012_MF500_s1_r1:Otu102,fieldReplicateID,,no replicate,http://vocab.nerc.ac.uk/collection/P01/current/IDSPRE01,,
ARMS_BelgiumCoast_AJJC81_20200506_20201012_MF500_s1_r1:Otu102,technicalReplicateID,,,http://vocab.nerc.ac.uk/collection/P01/current/IDTCRE01,,
ARMS_BelgiumCoast_AJJC81_20200506_20201012_MF500_s1_r1:Otu94,submergedTime,day,159,http://vocab.nerc.ac.uk/collection/P01/current/AZDRZZ01/,https://vocab.nerc.ac.uk/collection/P06/current/UTAA/,
ARMS_BelgiumCoast_AJJC81_20200506_20201012_MF500_s1_r1:Otu94,preservativeUsed,,DMSO,http://vocab.nerc.ac.uk/collection/Q01/current/Q0100004/,,https://pubchem.ncbi.nlm.nih.gov/compound/679
ARMS_BelgiumCoast_AJJC81_20200506_20201012_MF500_s1_r1:Otu94,lowerLimitFilterSize,micrometer,500,http://vocab.nerc.ac.uk/collection/Q01/current/Q0100011/,https://vocab.nerc.ac.uk/collection/P06/current/UMIC/,
ARMS_BelgiumCoast_AJJC81_20200506_20201012_MF500_s1_r1:Otu94,sampleAccessionNumber,,SAMEA10020973,,,
ARMS_BelgiumCoast_AJJC81_20200506_20201012_MF500_s1_r1:Otu94,NCBIID,,4751,,,
ARMS_BelgiumCoast_AJJC81_20200506_20201012_MF500_s1_r1:Otu94,NCBIScientificName,,Fungi,,,
ARMS_BelgiumCoast_AJJC81_20200506_20201012_MF500_s1_r1:Otu94,NCBITaxonRank,,kingdom,,,
ARMS_BelgiumCoast_AJJC81_20200506_20201012_MF500_s1_r1:Otu94,fieldReplicateID,,no replicate,http://vocab.nerc.ac.uk/collection/P01/current/IDSPRE01,,
ARMS_BelgiumCoast_AJJC81_20200506_20201012_MF500_s1_r1:Otu94,technicalReplicateID,,,http://vocab.nerc.ac.uk/collection/P01/current/IDTCRE01,,
ARMS_BelgiumCoast_AJJC81_20200506_20201012_MF500_s1_r1:Otu92,submergedTime,day,159,http://vocab.nerc.ac.uk/collection/P01/current/AZDRZZ01/,https://vocab.nerc.ac.uk/collection/P06/current/UTAA/,
ARMS_BelgiumCoast_AJJC81_20200506_20201012_MF500_s1_r1:Otu92,preservativeUsed,,DMSO,http://vocab.nerc.ac.uk/collection/Q01/current/Q0100004/,,https://pubchem.ncbi.nlm.nih.gov/compound/679
ARMS_BelgiumCoast_AJJC81_20200506_20201012_MF500_s1_r1:Otu92,lowerLimitFilterSize,micrometer,500,http://vocab.nerc.ac.uk/collection/Q01/current/Q0100011/,https://vocab.nerc.ac.uk/collection/P06/current/UMIC/,
ARMS_BelgiumCoast_AJJC81_20200506_20201012_MF500_s1_r1:Otu92,sampleAccessionNumber,,SAMEA10020973,,,
ARMS_BelgiumCoast_AJJC81_20200506_20201012_MF500_s1_r1:Otu92,NCBIID,,147550,,,
ARMS_BelgiumCoast_AJJC81_20200506_20201012_MF500_s1_r1:Otu92,NCBIScientificName,,Sordariomycetes,,,
ARMS_BelgiumCoast_AJJC81_20200506_20201012_MF500_s1_r1:Otu92,NCBITaxonRank,,class,,,
ARMS_BelgiumCoast_AJJC81_20200506_20201012_MF500_s1_r1:Otu92,fieldReplicateID,,no replicate,http://vocab.nerc.ac.uk/collection/P01/current/IDSPRE01,,
ARMS_BelgiumCoast_AJJC81_20200506_20201012_MF500_s1_r1:Otu92,technicalReplicateID,,,http://vocab.nerc.ac.uk/collection/P01/current/IDTCRE01,,
ARMS_BelgiumCoast_AJJC81_20200506_20201012_MF500_s1_r1:Otu141,submergedTime,day,159,http://vocab.nerc.ac.uk/collection/P01/current/AZDRZZ01/,https://vocab.nerc.ac.uk/collection/P06/current/UTAA/,
ARMS_BelgiumCoast_AJJC81_20200506_20201012_MF500_s1_r1:Otu141,preservativeUsed,,DMSO,http://vocab.nerc.ac.uk/collection/Q01/current/Q0100004/,,https://pubchem.ncbi.nlm.nih.gov/compound/679
ARMS_BelgiumCoast_AJJC81_20200506_20201012_MF500_s1_r1:Otu141,lowerLimitFilterSize,micrometer,500,http://vocab.nerc.ac.uk/collection/Q01/current/Q0100011/,https://vocab.nerc.ac.uk/collection/P06/current/UMIC/,
ARMS_BelgiumCoast_AJJC81_20200506_20201012_MF500_s1_r1:Otu141,sampleAccessionNumber,,SAMEA10020973,,,
ARMS_BelgiumCoast_AJJC81_20200506_20201012_MF500_s1_r1:Otu141,NCBIID,,89593,,,
ARMS_BelgiumCoast_AJJC81_20200506_20201012_MF500_s1_r1:Otu141,NCBIScientificName,,Craniata,,,
ARMS_BelgiumCoast_AJJC81_20200506_20201012_MF500_s1_r1:Otu141,NCBITaxonRank,,subphylum,,,
ARMS_BelgiumCoast_AJJC81_20200506_20201012_MF500_s1_r1:Otu141,fieldReplicateID,,no replicate,http://vocab.nerc.ac.uk/collection/P01/current/IDSPRE01,,
ARMS_BelgiumCoast_AJJC81_20200506_20201012_MF500_s1_r1:Otu141,technicalReplicateID,,,http://vocab.nerc.ac.uk/collection/P01/current/IDTCRE01,,
ARMS_BelgiumCoast_AJJC81_20200506_20201012_MF500_s1_r1:Otu53,submergedTime,day,159,http://vocab.nerc.ac.uk/collection/P01/current/AZDRZZ01/,https://vocab.nerc.ac.uk/collection/P06/current/UTAA/,
ARMS_BelgiumCoast_AJJC81_20200506_20201012_MF500_s1_r1:Otu53,preservativeUsed,,DMSO,http://vocab.nerc.ac.uk/collection/Q01/current/Q0100004/,,https://pubchem.ncbi.nlm.nih.gov/compound/679
ARMS_BelgiumCoast_AJJC81_20200506_20201012_MF500_s1_r1:Otu53,lowerLimitFilterSize,micrometer,500,http://vocab.nerc.ac.uk/collection/Q01/current/Q0100011/,https://vocab.nerc.ac.uk/collection/P06/current/UMIC/,
ARMS_BelgiumCoast_AJJC81_20200506_20201012_MF500_s1_r1:Otu53,sampleAccessionNumber,,SAMEA10020973,,,
ARMS_BelgiumCoast_AJJC81_20200506_20201012_MF500_s1_r1:Otu53,NCBIID,,2864,,,
ARMS_BelgiumCoast_AJJC81_20200506_20201012_MF500_s1_r1:Otu53,NCBIScientificName,,Dinophyceae,,,
ARMS_BelgiumCoast_AJJC81_20200506_20201012_MF500_s1_r1:Otu53,NCBITaxonRank,,class,,,
ARMS_BelgiumCoast_AJJC81_20200506_20201012_MF500_s1_r1:Otu53,fieldReplicateID,,no replicate,http://vocab.nerc.ac.uk/collection/P01/current/IDSPRE01,,
ARMS_BelgiumCoast_AJJC81_20200506_20201012_MF500_s1_r1:Otu53,technicalReplicateID,,,http://vocab.nerc.ac.uk/collection/P01/current/IDTCRE01,,
ARMS_BelgiumCoast_AJJC81_20200506_20201012_MF500_s1_r1:Otu47,submergedTime,day,159,http://vocab.nerc.ac.uk/collection/P01/current/AZDRZZ01/,https://vocab.nerc.ac.uk/collection/P06/current/UTAA/,
ARMS_BelgiumCoast_AJJC81_20200506_20201012_MF500_s1_r1:Otu47,preservativeUsed,,DMSO,http://vocab.nerc.ac.uk/collection/Q01/current/Q0100004/,,https://pubchem.ncbi.nlm.nih.gov/compound/679
ARMS_BelgiumCoast_AJJC81_20200506_20201012_MF500_s1_r1:Otu47,lowerLimitFilterSize,micrometer,500,http://vocab.nerc.ac.uk/collection/Q01/current/Q0100011/,https://vocab.nerc.ac.uk/collection/P06/current/UMIC/,
ARMS_BelgiumCoast_AJJC81_20200506_20201012_MF500_s1_r1:Otu47,sampleAccessionNumber,,SAMEA10020973,,,
ARMS_BelgiumCoast_AJJC81_20200506_20201012_MF500_s1_r1:Otu47,NCBIID,,187724,,,
ARMS_BelgiumCoast_AJJC81_20200506_20201012_MF500_s1_r1:Otu47,NCBIScientificName,,Oerstedia,,,
ARMS_BelgiumCoast_AJJC81_20200506_20201012_MF500_s1_r1:Otu47,NCBITaxonRank,,genus,,,
ARMS_BelgiumCoast_AJJC81_20200506_20201012_MF500_s1_r1:Otu47,fieldReplicateID,,no replicate,http://vocab.nerc.ac.uk/collection/P01/current/IDSPRE01,,
ARMS_BelgiumCoast_AJJC81_20200506_20201012_MF500_s1_r1:Otu47,technicalReplicateID,,,http://vocab.nerc.ac.uk/collection/P01/current/IDTCRE01,,
ARMS_BelgiumCoast_AJJC81_20200506_20201012_MF500_s1_r1:Otu136,submergedTime,day,159,http://vocab.nerc.ac.uk/collection/P01/current/AZDRZZ01/,https://vocab.nerc.ac.uk/collection/P06/current/UTAA/,
ARMS_BelgiumCoast_AJJC81_20200506_20201012_MF500_s1_r1:Otu136,preservativeUsed,,DMSO,http://vocab.nerc.ac.uk/collection/Q01/current/Q0100004/,,https://pubchem.ncbi.nlm.nih.gov/compound/679
ARMS_BelgiumCoast_AJJC81_20200506_20201012_MF500_s1_r1:Otu136,lowerLimitFilterSize,micrometer,500,http://vocab.nerc.ac.uk/collection/Q01/current/Q0100011/,https://vocab.nerc.ac.uk/collection/P06/current/UMIC/,
ARMS_BelgiumCoast_AJJC81_20200506_20201012_MF500_s1_r1:Otu136,sampleAccessionNumber,,SAMEA10020973,,,
ARMS_BelgiumCoast_AJJC81_20200506_20201012_MF500_s1_r1:Otu136,NCBIID,,156132,,,
ARMS_BelgiumCoast_AJJC81_20200506_20201012_MF500_s1_r1:Otu136,NCBIScientificName,,Prasinoderma,,,
ARMS_BelgiumCoast_AJJC81_20200506_20201012_MF500_s1_r1:Otu136,NCBITaxonRank,,genus,,,
ARMS_BelgiumCoast_AJJC81_20200506_20201012_MF500_s1_r1:Otu136,fieldReplicateID,,no replicate,http://vocab.nerc.ac.uk/collection/P01/current/IDSPRE01,,
ARMS_BelgiumCoast_AJJC81_20200506_20201012_MF500_s1_r1:Otu136,technicalReplicateID,,,http://vocab.nerc.ac.uk/collection/P01/current/IDTCRE01,,
ARMS_BelgiumCoast_AJJC81_20200506_20201012_MF500_s1_r1:Otu137,submergedTime,day,159,http://vocab.nerc.ac.uk/collection/P01/current/AZDRZZ01/,https://vocab.nerc.ac.uk/collection/P06/current/UTAA/,
ARMS_BelgiumCoast_AJJC81_20200506_20201012_MF500_s1_r1:Otu137,preservativeUsed,,DMSO,http://vocab.nerc.ac.uk/collection/Q01/current/Q0100004/,,https://pubchem.ncbi.nlm.nih.gov/compound/679
ARMS_BelgiumCoast_AJJC81_20200506_20201012_MF500_s1_r1:Otu137,lowerLimitFilterSize,micrometer,500,http://vocab.nerc.ac.uk/collection/Q01/current/Q0100011/,https://vocab.nerc.ac.uk/collection/P06/current/UMIC/,
ARMS_BelgiumCoast_AJJC81_20200506_20201012_MF500_s1_r1:Otu137,sampleAccessionNumber,,SAMEA10020973,,,
ARMS_BelgiumCoast_AJJC81_20200506_20201012_MF500_s1_r1:Otu137,NCBIID,,2759,,,
ARMS_BelgiumCoast_AJJC81_20200506_20201012_MF500_s1_r1:Otu137,NCBIScientificName,,Eukaryota,,,
ARMS_BelgiumCoast_AJJC81_20200506_20201012_MF500_s1_r1:Otu137,NCBITaxonRank,,domain,,,
ARMS_BelgiumCoast_AJJC81_20200506_20201012_MF500_s1_r1:Otu137,fieldReplicateID,,no replicate,http://vocab.nerc.ac.uk/collection/P01/current/IDSPRE01,,
ARMS_BelgiumCoast_AJJC81_20200506_20201012_MF500_s1_r1:Otu137,technicalReplicateID,,,http://vocab.nerc.ac.uk/collection/P01/current/IDTCRE01,,
ARMS_BelgiumCoast_AJJC81_20200506_20201012_MF500_s1_r1:Otu17,submergedTime,day,159,http://vocab.nerc.ac.uk/collection/P01/current/AZDRZZ01/,https://vocab.nerc.ac.uk/collection/P06/current/UTAA/,
ARMS_BelgiumCoast_AJJC81_20200506_20201012_MF500_s1_r1:Otu17,preservativeUsed,,DMSO,http://vocab.nerc.ac.uk/collection/Q01/current/Q0100004/,,https://pubchem.ncbi.nlm.nih.gov/compound/679
ARMS_BelgiumCoast_AJJC81_20200506_20201012_MF500_s1_r1:Otu17,lowerLimitFilterSize,micrometer,500,http://vocab.nerc.ac.uk/collection/Q01/current/Q0100011/,https://vocab.nerc.ac.uk/collection/P06/current/UMIC/,
ARMS_BelgiumCoast_AJJC81_20200506_20201012_MF500_s1_r1:Otu17,sampleAccessionNumber,,SAMEA10020973,,,
ARMS_BelgiumCoast_AJJC81_20200506_20201012_MF500_s1_r1:Otu17,NCBIID,,6546,,,
ARMS_BelgiumCoast_AJJC81_20200506_20201012_MF500_s1_r1:Otu17,NCBIScientificName,,Mytiloida,,,
ARMS_BelgiumCoast_AJJC81_20200506_20201012_MF500_s1_r1:Otu17,NCBITaxonRank,,order,,,
ARMS_BelgiumCoast_AJJC81_20200506_20201012_MF500_s1_r1:Otu17,fieldReplicateID,,no replicate,http://vocab.nerc.ac.uk/collection/P01/current/IDSPRE01,,
ARMS_BelgiumCoast_AJJC81_20200506_20201012_MF500_s1_r1:Otu17,technicalReplicateID,,,http://vocab.nerc.ac.uk/collection/P01/current/IDTCRE01,,
ARMS_BelgiumCoast_AJJC81_20200506_20201012_MF500_s1_r1:Otu19,submergedTime,day,159,http://vocab.nerc.ac.uk/collection/P01/current/AZDRZZ01/,https://vocab.nerc.ac.uk/collection/P06/current/UTAA/,
ARMS_BelgiumCoast_AJJC81_20200506_20201012_MF500_s1_r1:Otu19,preservativeUsed,,DMSO,http://vocab.nerc.ac.uk/collection/Q01/current/Q0100004/,,https://pubchem.ncbi.nlm.nih.gov/compound/679
ARMS_BelgiumCoast_AJJC81_20200506_20201012_MF500_s1_r1:Otu19,lowerLimitFilterSize,micrometer,500,http://vocab.nerc.ac.uk/collection/Q01/current/Q0100011/,https://vocab.nerc.ac.uk/collection/P06/current/UMIC/,
ARMS_BelgiumCoast_AJJC81_20200506_20201012_MF500_s1_r1:Otu19,sampleAccessionNumber,,SAMEA10020973,,,
ARMS_BelgiumCoast_AJJC81_20200506_20201012_MF500_s1_r1:Otu19,NCBIID,,71176,,,
ARMS_BelgiumCoast_AJJC81_20200506_20201012_MF500_s1_r1:Otu19,NCBIScientificName,,Chelyosoma,,,
ARMS_BelgiumCoast_AJJC81_20200506_20201012_MF500_s1_r1:Otu19,NCBITaxonRank,,genus,,,
ARMS_BelgiumCoast_AJJC81_20200506_20201012_MF500_s1_r1:Otu19,fieldReplicateID,,no replicate,http://vocab.nerc.ac.uk/collection/P01/current/IDSPRE01,,
ARMS_BelgiumCoast_AJJC81_20200506_20201012_MF500_s1_r1:Otu19,technicalReplicateID,,,http://vocab.nerc.ac.uk/collection/P01/current/IDTCRE01,,
ARMS_BelgiumCoast_AJJC86_20200506_20201012_MF100_s1_r1:Otu413,submergedTime,day,159,http://vocab.nerc.ac.uk/collection/P01/current/AZDRZZ01/,https://vocab.nerc.ac.uk/collection/P06/current/UTAA/,
ARMS_BelgiumCoast_AJJC86_20200506_20201012_MF100_s1_r1:Otu413,preservativeUsed,,DMSO,http://vocab.nerc.ac.uk/collection/Q01/current/Q0100004/,,https://pubchem.ncbi.nlm.nih.gov/compound/679
ARMS_BelgiumCoast_AJJC86_20200506_20201012_MF100_s1_r1:Otu413,lowerLimitFilterSize,micrometer,100,http://vocab.nerc.ac.uk/collection/Q01/current/Q0100011/,https://vocab.nerc.ac.uk/collection/P06/current/UMIC/,
ARMS_BelgiumCoast_AJJC86_20200506_20201012_MF100_s1_r1:Otu413,sampleAccessionNumber,,SAMEA10020976,,,
ARMS_BelgiumCoast_AJJC86_20200506_20201012_MF100_s1_r1:Otu413,NCBIID,,2696291,,,
ARMS_BelgiumCoast_AJJC86_20200506_20201012_MF100_s1_r1:Otu413,NCBIScientificName,,Ochrophyta,,,
ARMS_BelgiumCoast_AJJC86_20200506_20201012_MF100_s1_r1:Otu413,NCBITaxonRank,,clade,,,
ARMS_BelgiumCoast_AJJC86_20200506_20201012_MF100_s1_r1:Otu413,fieldReplicateID,,no replicate,http://vocab.nerc.ac.uk/collection/P01/current/IDSPRE01,,
ARMS_BelgiumCoast_AJJC86_20200506_20201012_MF100_s1_r1:Otu413,technicalReplicateID,,,http://vocab.nerc.ac.uk/collection/P01/current/IDTCRE01,,
ARMS_BelgiumCoast_AJJC86_20200506_20201012_MF100_s1_r1:Otu412,submergedTime,day,159,http://vocab.nerc.ac.uk/collection/P01/current/AZDRZZ01/,https://vocab.nerc.ac.uk/collection/P06/current/UTAA/,
ARMS_BelgiumCoast_AJJC86_20200506_20201012_MF100_s1_r1:Otu412,preservativeUsed,,DMSO,http://vocab.nerc.ac.uk/collection/Q01/current/Q0100004/,,https://pubchem.ncbi.nlm.nih.gov/compound/679
ARMS_BelgiumCoast_AJJC86_20200506_20201012_MF100_s1_r1:Otu412,lowerLimitFilterSize,micrometer,100,http://vocab.nerc.ac.uk/collection/Q01/current/Q0100011/,https://vocab.nerc.ac.uk/collection/P06/current/UMIC/,
ARMS_BelgiumCoast_AJJC86_20200506_20201012_MF100_s1_r1:Otu412,sampleAccessionNumber,,SAMEA10020976,,,
ARMS_BelgiumCoast_AJJC86_20200506_20201012_MF100_s1_r1:Otu412,NCBIID,,147538,,,
ARMS_BelgiumCoast_AJJC86_20200506_20201012_MF100_s1_r1:Otu412,NCBIScientificName,,Pezizomycotina,,,
ARMS_BelgiumCoast_AJJC86_20200506_20201012_MF100_s1_r1:Otu412,NCBITaxonRank,,subphylum,,,
ARMS_BelgiumCoast_AJJC86_20200506_20201012_MF100_s1_r1:Otu412,fieldReplicateID,,no replicate,http://vocab.nerc.ac.uk/collection/P01/current/IDSPRE01,,
ARMS_BelgiumCoast_AJJC86_20200506_20201012_MF100_s1_r1:Otu412,technicalReplicateID,,,http://vocab.nerc.ac.uk/collection/P01/current/IDTCRE01,,
ARMS_BelgiumCoast_AJJC86_20200506_20201012_MF100_s1_r1:Otu176,submergedTime,day,159,http://vocab.nerc.ac.uk/collection/P01/current/AZDRZZ01/,https://vocab.nerc.ac.uk/collection/P06/current/UTAA/,
ARMS_BelgiumCoast_AJJC86_20200506_20201012_MF100_s1_r1:Otu176,preservativeUsed,,DMSO,http://vocab.nerc.ac.uk/collection/Q01/current/Q0100004/,,https://pubchem.ncbi.nlm.nih.gov/compound/679
ARMS_BelgiumCoast_AJJC86_20200506_20201012_MF100_s1_r1:Otu176,lowerLimitFilterSize,micrometer,100,http://vocab.nerc.ac.uk/collection/Q01/current/Q0100011/,https://vocab.nerc.ac.uk/collection/P06/current/UMIC/,
ARMS_BelgiumCoast_AJJC86_20200506_20201012_MF100_s1_r1:Otu176,sampleAccessionNumber,,SAMEA10020976,,,
ARMS_BelgiumCoast_AJJC86_20200506_20201012_MF100_s1_r1:Otu176,NCBIID,,31257,,,
ARMS_BelgiumCoast_AJJC86_20200506_20201012_MF100_s1_r1:Otu176,NCBIScientificName,,Stylochus,,,
ARMS_BelgiumCoast_AJJC86_20200506_20201012_MF100_s1_r1:Otu176,NCBITaxonRank,,genus,,,
ARMS_BelgiumCoast_AJJC86_20200506_20201012_MF100_s1_r1:Otu176,fieldReplicateID,,no replicate,http://vocab.nerc.ac.uk/collection/P01/current/IDSPRE01,,
ARMS_BelgiumCoast_AJJC86_20200506_20201012_MF100_s1_r1:Otu176,technicalReplicateID,,,http://vocab.nerc.ac.uk/collection/P01/current/IDTCRE01,,
ARMS_BelgiumCoast_AJJC86_20200506_20201012_MF100_s1_r1:Otu111,submergedTime,day,159,http://vocab.nerc.ac.uk/collection/P01/current/AZDRZZ01/,https://vocab.nerc.ac.uk/collection/P06/current/UTAA/,
ARMS_BelgiumCoast_AJJC86_20200506_20201012_MF100_s1_r1:Otu111,preservativeUsed,,DMSO,http://vocab.nerc.ac.uk/collection/Q01/current/Q0100004/,,https://pubchem.ncbi.nlm.nih.gov/compound/679
ARMS_BelgiumCoast_AJJC86_20200506_20201012_MF100_s1_r1:Otu111,lowerLimitFilterSize,micrometer,100,http://vocab.nerc.ac.uk/collection/Q01/current/Q0100011/,https://vocab.nerc.ac.uk/collection/P06/current/UMIC/,
ARMS_BelgiumCoast_AJJC86_20200506_20201012_MF100_s1_r1:Otu111,sampleAccessionNumber,,SAMEA10020976,,,
ARMS_BelgiumCoast_AJJC86_20200506_20201012_MF100_s1_r1:Otu111,NCBIID,,35493,,,
ARMS_BelgiumCoast_AJJC86_20200506_20201012_MF100_s1_r1:Otu111,NCBIScientificName,,Streptophyta,,,
ARMS_BelgiumCoast_AJJC86_20200506_20201012_MF100_s1_r1:Otu111,NCBITaxonRank,,phylum,,,
ARMS_BelgiumCoast_AJJC86_20200506_20201012_MF100_s1_r1:Otu111,fieldReplicateID,,no replicate,http://vocab.nerc.ac.uk/collection/P01/current/IDSPRE01,,
ARMS_BelgiumCoast_AJJC86_20200506_20201012_MF100_s1_r1:Otu111,technicalReplicateID,,,http://vocab.nerc.ac.uk/collection/P01/current/IDTCRE01,,
ARMS_BelgiumCoast_AJJC86_20200506_20201012_MF100_s1_r1:Otu31,submergedTime,day,159,http://vocab.nerc.ac.uk/collection/P01/current/AZDRZZ01/,https://vocab.nerc.ac.uk/collection/P06/current/UTAA/,
ARMS_BelgiumCoast_AJJC86_20200506_20201012_MF100_s1_r1:Otu31,preservativeUsed,,DMSO,http://vocab.nerc.ac.uk/collection/Q01/current/Q0100004/,,https://pubchem.ncbi.nlm.nih.gov/compound/679
ARMS_BelgiumCoast_AJJC86_20200506_20201012_MF100_s1_r1:Otu31,lowerLimitFilterSize,micrometer,100,http://vocab.nerc.ac.uk/collection/Q01/current/Q0100011/,https://vocab.nerc.ac.uk/collection/P06/current/UMIC/,
ARMS_BelgiumCoast_AJJC86_20200506_20201012_MF100_s1_r1:Otu31,sampleAccessionNumber,,SAMEA10020976,,,
ARMS_BelgiumCoast_AJJC86_20200506_20201012_MF100_s1_r1:Otu31,NCBIID,,6074,,,
ARMS_BelgiumCoast_AJJC86_20200506_20201012_MF100_s1_r1:Otu31,NCBIScientificName,,Hydrozoa,,,
ARMS_BelgiumCoast_AJJC86_20200506_20201012_MF100_s1_r1:Otu31,NCBITaxonRank,,class,,,
ARMS_BelgiumCoast_AJJC86_20200506_20201012_MF100_s1_r1:Otu31,fieldReplicateID,,no replicate,http://vocab.nerc.ac.uk/collection/P01/current/IDSPRE01,,
ARMS_BelgiumCoast_AJJC86_20200506_20201012_MF100_s1_r1:Otu31,technicalReplicateID,,,http://vocab.nerc.ac.uk/collection/P01/current/IDTCRE01,,
ARMS_BelgiumCoast_AJJC86_20200506_20201012_MF100_s1_r1:Otu87,submergedTime,day,159,http://vocab.nerc.ac.uk/collection/P01/current/AZDRZZ01/,https://vocab.nerc.ac.uk/collection/P06/current/UTAA/,
ARMS_BelgiumCoast_AJJC86_20200506_20201012_MF100_s1_r1:Otu87,preservativeUsed,,DMSO,http://vocab.nerc.ac.uk/collection/Q01/current/Q0100004/,,https://pubchem.ncbi.nlm.nih.gov/compound/679
ARMS_BelgiumCoast_AJJC86_20200506_20201012_MF100_s1_r1:Otu87,lowerLimitFilterSize,micrometer,100,http://vocab.nerc.ac.uk/collection/Q01/current/Q0100011/,https://vocab.nerc.ac.uk/collection/P06/current/UMIC/,
ARMS_BelgiumCoast_AJJC86_20200506_20201012_MF100_s1_r1:Otu87,sampleAccessionNumber,,SAMEA10020976,,,
ARMS_BelgiumCoast_AJJC86_20200506_20201012_MF100_s1_r1:Otu87,NCBIID,,452283,,,
ARMS_BelgiumCoast_AJJC86_20200506_20201012_MF100_s1_r1:Otu87,NCBIScientificName,,Exobasidiomycetes,,,
ARMS_BelgiumCoast_AJJC86_20200506_20201012_MF100_s1_r1:Otu87,NCBITaxonRank,,class,,,
ARMS_BelgiumCoast_AJJC86_20200506_20201012_MF100_s1_r1:Otu87,fieldReplicateID,,no replicate,http://vocab.nerc.ac.uk/collection/P01/current/IDSPRE01,,
ARMS_BelgiumCoast_AJJC86_20200506_20201012_MF100_s1_r1:Otu87,technicalReplicateID,,,http://vocab.nerc.ac.uk/collection/P01/current/IDTCRE01,,
ARMS_BelgiumCoast_AJJC86_20200506_20201012_MF100_s1_r1:Otu233,submergedTime,day,159,http://vocab.nerc.ac.uk/collection/P01/current/AZDRZZ01/,https://vocab.nerc.ac.uk/collection/P06/current/UTAA/,
ARMS_BelgiumCoast_AJJC86_20200506_20201012_MF100_s1_r1:Otu233,preservativeUsed,,DMSO,http://vocab.nerc.ac.uk/collection/Q01/current/Q0100004/,,https://pubchem.ncbi.nlm.nih.gov/compound/679
ARMS_BelgiumCoast_AJJC86_20200506_20201012_MF100_s1_r1:Otu233,lowerLimitFilterSize,micrometer,100,http://vocab.nerc.ac.uk/collection/Q01/current/Q0100011/,https://vocab.nerc.ac.uk/collection/P06/current/UMIC/,
ARMS_BelgiumCoast_AJJC86_20200506_20201012_MF100_s1_r1:Otu233,sampleAccessionNumber,,SAMEA10020976,,,
ARMS_BelgiumCoast_AJJC86_20200506_20201012_MF100_s1_r1:Otu233,NCBIID,,646314,,,
ARMS_BelgiumCoast_AJJC86_20200506_20201012_MF100_s1_r1:Otu233,NCBIScientificName,,Favosipora_rosea,,,
ARMS_BelgiumCoast_AJJC86_20200506_20201012_MF100_s1_r1:Otu233,NCBITaxonRank,,species,,,
ARMS_BelgiumCoast_AJJC86_20200506_20201012_MF100_s1_r1:Otu233,fieldReplicateID,,no replicate,http://vocab.nerc.ac.uk/collection/P01/current/IDSPRE01,,
ARMS_BelgiumCoast_AJJC86_20200506_20201012_MF100_s1_r1:Otu233,technicalReplicateID,,,http://vocab.nerc.ac.uk/collection/P01/current/IDTCRE01,,
ARMS_BelgiumCoast_AJJC86_20200506_20201012_MF100_s1_r1:Otu232,submergedTime,day,159,http://vocab.nerc.ac.uk/collection/P01/current/AZDRZZ01/,https://vocab.nerc.ac.uk/collection/P06/current/UTAA/,
ARMS_BelgiumCoast_AJJC86_20200506_20201012_MF100_s1_r1:Otu232,preservativeUsed,,DMSO,http://vocab.nerc.ac.uk/collection/Q01/current/Q0100004/,,https://pubchem.ncbi.nlm.nih.gov/compound/679
ARMS_BelgiumCoast_AJJC86_20200506_20201012_MF100_s1_r1:Otu232,lowerLimitFilterSize,micrometer,100,http://vocab.nerc.ac.uk/collection/Q01/current/Q0100011/,https://vocab.nerc.ac.uk/collection/P06/current/UMIC/,
ARMS_BelgiumCoast_AJJC86_20200506_20201012_MF100_s1_r1:Otu232,sampleAccessionNumber,,SAMEA10020976,,,
ARMS_BelgiumCoast_AJJC86_20200506_20201012_MF100_s1_r1:Otu232,NCBIID,,884652,,,
ARMS_BelgiumCoast_AJJC86_20200506_20201012_MF100_s1_r1:Otu232,NCBIScientificName,,Autolytus_rubrolineatus,,,
ARMS_BelgiumCoast_AJJC86_20200506_20201012_MF100_s1_r1:Otu232,NCBITaxonRank,,species,,,
ARMS_BelgiumCoast_AJJC86_20200506_20201012_MF100_s1_r1:Otu232,fieldReplicateID,,no replicate,http://vocab.nerc.ac.uk/collection/P01/current/IDSPRE01,,
ARMS_BelgiumCoast_AJJC86_20200506_20201012_MF100_s1_r1:Otu232,technicalReplicateID,,,http://vocab.nerc.ac.uk/collection/P01/current/IDTCRE01,,
ARMS_BelgiumCoast_AJJC86_20200506_20201012_MF100_s1_r1:Otu9,submergedTime,day,159,http://vocab.nerc.ac.uk/collection/P01/current/AZDRZZ01/,https://vocab.nerc.ac.uk/collection/P06/current/UTAA/,
ARMS_BelgiumCoast_AJJC86_20200506_20201012_MF100_s1_r1:Otu9,preservativeUsed,,DMSO,http://vocab.nerc.ac.uk/collection/Q01/current/Q0100004/,,https://pubchem.ncbi.nlm.nih.gov/compound/679
ARMS_BelgiumCoast_AJJC86_20200506_20201012_MF100_s1_r1:Otu9,lowerLimitFilterSize,micrometer,100,http://vocab.nerc.ac.uk/collection/Q01/current/Q0100011/,https://vocab.nerc.ac.uk/collection/P06/current/UMIC/,
ARMS_BelgiumCoast_AJJC86_20200506_20201012_MF100_s1_r1:Otu9,sampleAccessionNumber,,SAMEA10020976,,,
ARMS_BelgiumCoast_AJJC86_20200506_20201012_MF100_s1_r1:Otu9,NCBIID,,6101,,,
ARMS_BelgiumCoast_AJJC86_20200506_20201012_MF100_s1_r1:Otu9,NCBIScientificName,,Anthozoa,,,
ARMS_BelgiumCoast_AJJC86_20200506_20201012_MF100_s1_r1:Otu9,NCBITaxonRank,,class,,,
ARMS_BelgiumCoast_AJJC86_20200506_20201012_MF100_s1_r1:Otu9,fieldReplicateID,,no replicate,http://vocab.nerc.ac.uk/collection/P01/current/IDSPRE01,,
ARMS_BelgiumCoast_AJJC86_20200506_20201012_MF100_s1_r1:Otu9,technicalReplicateID,,,http://vocab.nerc.ac.uk/collection/P01/current/IDTCRE01,,
ARMS_BelgiumCoast_AJJC86_20200506_20201012_MF100_s1_r1:Otu6,submergedTime,day,159,http://vocab.nerc.ac.uk/collection/P01/current/AZDRZZ01/,https://vocab.nerc.ac.uk/collection/P06/current/UTAA/,
ARMS_BelgiumCoast_AJJC86_20200506_20201012_MF100_s1_r1:Otu6,preservativeUsed,,DMSO,http://vocab.nerc.ac.uk/collection/Q01/current/Q0100004/,,https://pubchem.ncbi.nlm.nih.gov/compound/679
ARMS_BelgiumCoast_AJJC86_20200506_20201012_MF100_s1_r1:Otu6,lowerLimitFilterSize,micrometer,100,http://vocab.nerc.ac.uk/collection/Q01/current/Q0100011/,https://vocab.nerc.ac.uk/collection/P06/current/UMIC/,
ARMS_BelgiumCoast_AJJC86_20200506_20201012_MF100_s1_r1:Otu6,sampleAccessionNumber,,SAMEA10020976,,,
ARMS_BelgiumCoast_AJJC86_20200506_20201012_MF100_s1_r1:Otu6,NCBIID,,6657,,,
ARMS_BelgiumCoast_AJJC86_20200506_20201012_MF100_s1_r1:Otu6,NCBIScientificName,,Crustacea,,,
ARMS_BelgiumCoast_AJJC86_20200506_20201012_MF100_s1_r1:Otu6,NCBITaxonRank,,subphylum,,,
ARMS_BelgiumCoast_AJJC86_20200506_20201012_MF100_s1_r1:Otu6,fieldReplicateID,,no replicate,http://vocab.nerc.ac.uk/collection/P01/current/IDSPRE01,,
ARMS_BelgiumCoast_AJJC86_20200506_20201012_MF100_s1_r1:Otu6,technicalReplicateID,,,http://vocab.nerc.ac.uk/collection/P01/current/IDTCRE01,,
ARMS_BelgiumCoast_AJJC86_20200506_20201012_MF100_s1_r1:Otu4,submergedTime,day,159,http://vocab.nerc.ac.uk/collection/P01/current/AZDRZZ01/,https://vocab.nerc.ac.uk/collection/P06/current/UTAA/,
ARMS_BelgiumCoast_AJJC86_20200506_20201012_MF100_s1_r1:Otu4,preservativeUsed,,DMSO,http://vocab.nerc.ac.uk/collection/Q01/current/Q0100004/,,https://pubchem.ncbi.nlm.nih.gov/compound/679
ARMS_BelgiumCoast_AJJC86_20200506_20201012_MF100_s1_r1:Otu4,lowerLimitFilterSize,micrometer,100,http://vocab.nerc.ac.uk/collection/Q01/current/Q0100011/,https://vocab.nerc.ac.uk/collection/P06/current/UMIC/,
ARMS_BelgiumCoast_AJJC86_20200506_20201012_MF100_s1_r1:Otu4,sampleAccessionNumber,,SAMEA10020976,,,
ARMS_BelgiumCoast_AJJC86_20200506_20201012_MF100_s1_r1:Otu4,NCBIID,,7586,,,
ARMS_BelgiumCoast_AJJC86_20200506_20201012_MF100_s1_r1:Otu4,NCBIScientificName,,Echinodermata,,,
ARMS_BelgiumCoast_AJJC86_20200506_20201012_MF100_s1_r1:Otu4,NCBITaxonRank,,phylum,,,
ARMS_BelgiumCoast_AJJC86_20200506_20201012_MF100_s1_r1:Otu4,fieldReplicateID,,no replicate,http://vocab.nerc.ac.uk/collection/P01/current/IDSPRE01,,
ARMS_BelgiumCoast_AJJC86_20200506_20201012_MF100_s1_r1:Otu4,technicalReplicateID,,,http://vocab.nerc.ac.uk/collection/P01/current/IDTCRE01,,
ARMS_BelgiumCoast_AJJC86_20200506_20201012_MF100_s1_r1:Otu5,submergedTime,day,159,http://vocab.nerc.ac.uk/collection/P01/current/AZDRZZ01/,https://vocab.nerc.ac.uk/collection/P06/current/UTAA/,
ARMS_BelgiumCoast_AJJC86_20200506_20201012_MF100_s1_r1:Otu5,preservativeUsed,,DMSO,http://vocab.nerc.ac.uk/collection/Q01/current/Q0100004/,,https://pubchem.ncbi.nlm.nih.gov/compound/679
ARMS_BelgiumCoast_AJJC86_20200506_20201012_MF100_s1_r1:Otu5,lowerLimitFilterSize,micrometer,100,http://vocab.nerc.ac.uk/collection/Q01/current/Q0100011/,https://vocab.nerc.ac.uk/collection/P06/current/UMIC/,
ARMS_BelgiumCoast_AJJC86_20200506_20201012_MF100_s1_r1:Otu5,sampleAccessionNumber,,SAMEA10020976,,,
ARMS_BelgiumCoast_AJJC86_20200506_20201012_MF100_s1_r1:Otu5,NCBIID,,32443,,,
ARMS_BelgiumCoast_AJJC86_20200506_20201012_MF100_s1_r1:Otu5,NCBIScientificName,,Teleostei,,,
ARMS_BelgiumCoast_AJJC86_20200506_20201012_MF100_s1_r1:Otu5,NCBITaxonRank,,infraclass,,,
ARMS_BelgiumCoast_AJJC86_20200506_20201012_MF100_s1_r1:Otu5,fieldReplicateID,,no replicate,http://vocab.nerc.ac.uk/collection/P01/current/IDSPRE01,,
ARMS_BelgiumCoast_AJJC86_20200506_20201012_MF100_s1_r1:Otu5,technicalReplicateID,,,http://vocab.nerc.ac.uk/collection/P01/current/IDTCRE01,,
ARMS_BelgiumCoast_AJJC86_20200506_20201012_MF100_s1_r1:Otu3,submergedTime,day,159,http://vocab.nerc.ac.uk/collection/P01/current/AZDRZZ01/,https://vocab.nerc.ac.uk/collection/P06/current/UTAA/,
ARMS_BelgiumCoast_AJJC86_20200506_20201012_MF100_s1_r1:Otu3,preservativeUsed,,DMSO,http://vocab.nerc.ac.uk/collection/Q01/current/Q0100004/,,https://pubchem.ncbi.nlm.nih.gov/compound/679
ARMS_BelgiumCoast_AJJC86_20200506_20201012_MF100_s1_r1:Otu3,lowerLimitFilterSize,micrometer,100,http://vocab.nerc.ac.uk/collection/Q01/current/Q0100011/,https://vocab.nerc.ac.uk/collection/P06/current/UMIC/,
ARMS_BelgiumCoast_AJJC86_20200506_20201012_MF100_s1_r1:Otu3,sampleAccessionNumber,,SAMEA10020976,,,
ARMS_BelgiumCoast_AJJC86_20200506_20201012_MF100_s1_r1:Otu3,NCBIID,,6564,,,
ARMS_BelgiumCoast_AJJC86_20200506_20201012_MF100_s1_r1:Otu3,NCBIScientificName,,Crassostrea,,,
ARMS_BelgiumCoast_AJJC86_20200506_20201012_MF100_s1_r1:Otu3,NCBITaxonRank,,genus,,,
ARMS_BelgiumCoast_AJJC86_20200506_20201012_MF100_s1_r1:Otu3,fieldReplicateID,,no replicate,http://vocab.nerc.ac.uk/collection/P01/current/IDSPRE01,,
ARMS_BelgiumCoast_AJJC86_20200506_20201012_MF100_s1_r1:Otu3,technicalReplicateID,,,http://vocab.nerc.ac.uk/collection/P01/current/IDTCRE01,,
ARMS_BelgiumCoast_AJJC86_20200506_20201012_MF100_s1_r1:Otu10,submergedTime,day,159,http://vocab.nerc.ac.uk/collection/P01/current/AZDRZZ01/,https://vocab.nerc.ac.uk/collection/P06/current/UTAA/,
ARMS_BelgiumCoast_AJJC86_20200506_20201012_MF100_s1_r1:Otu10,preservativeUsed,,DMSO,http://vocab.nerc.ac.uk/collection/Q01/current/Q0100004/,,https://pubchem.ncbi.nlm.nih.gov/compound/679
ARMS_BelgiumCoast_AJJC86_20200506_20201012_MF100_s1_r1:Otu10,lowerLimitFilterSize,micrometer,100,http://vocab.nerc.ac.uk/collection/Q01/current/Q0100011/,https://vocab.nerc.ac.uk/collection/P06/current/UMIC/,
ARMS_BelgiumCoast_AJJC86_20200506_20201012_MF100_s1_r1:Otu10,sampleAccessionNumber,,SAMEA10020976,,,
ARMS_BelgiumCoast_AJJC86_20200506_20201012_MF100_s1_r1:Otu10,NCBIID,,119397,,,
ARMS_BelgiumCoast_AJJC86_20200506_20201012_MF100_s1_r1:Otu10,NCBIScientificName,,Neritopsina,,,
ARMS_BelgiumCoast_AJJC86_20200506_20201012_MF100_s1_r1:Otu10,NCBITaxonRank,,subclass,,,
ARMS_BelgiumCoast_AJJC86_20200506_20201012_MF100_s1_r1:Otu10,fieldReplicateID,,no replicate,http://vocab.nerc.ac.uk/collection/P01/current/IDSPRE01,,
ARMS_BelgiumCoast_AJJC86_20200506_20201012_MF100_s1_r1:Otu10,technicalReplicateID,,,http://vocab.nerc.ac.uk/collection/P01/current/IDTCRE01,,
ARMS_BelgiumCoast_AJJC86_20200506_20201012_MF100_s1_r1:Otu19,submergedTime,day,159,http://vocab.nerc.ac.uk/collection/P01/current/AZDRZZ01/,https://vocab.nerc.ac.uk/collection/P06/current/UTAA/,
ARMS_BelgiumCoast_AJJC86_20200506_20201012_MF100_s1_r1:Otu19,preservativeUsed,,DMSO,http://vocab.nerc.ac.uk/collection/Q01/current/Q0100004/,,https://pubchem.ncbi.nlm.nih.gov/compound/679
ARMS_BelgiumCoast_AJJC86_20200506_20201012_MF100_s1_r1:Otu19,lowerLimitFilterSize,micrometer,100,http://vocab.nerc.ac.uk/collection/Q01/current/Q0100011/,https://vocab.nerc.ac.uk/collection/P06/current/UMIC/,
ARMS_BelgiumCoast_AJJC86_20200506_20201012_MF100_s1_r1:Otu19,sampleAccessionNumber,,SAMEA10020976,,,
ARMS_BelgiumCoast_AJJC86_20200506_20201012_MF100_s1_r1:Otu19,NCBIID,,71176,,,
ARMS_BelgiumCoast_AJJC86_20200506_20201012_MF100_s1_r1:Otu19,NCBIScientificName,,Chelyosoma,,,
ARMS_BelgiumCoast_AJJC86_20200506_20201012_MF100_s1_r1:Otu19,NCBITaxonRank,,genus,,,
ARMS_BelgiumCoast_AJJC86_20200506_20201012_MF100_s1_r1:Otu19,fieldReplicateID,,no replicate,http://vocab.nerc.ac.uk/collection/P01/current/IDSPRE01,,
ARMS_BelgiumCoast_AJJC86_20200506_20201012_MF100_s1_r1:Otu19,technicalReplicateID,,,http://vocab.nerc.ac.uk/collection/P01/current/IDTCRE01,,
ARMS_BelgiumCoast_AJJC86_20200506_20201012_MF500_s1_r1:Otu417,submergedTime,day,159,http://vocab.nerc.ac.uk/collection/P01/current/AZDRZZ01/,https://vocab.nerc.ac.uk/collection/P06/current/UTAA/,
ARMS_BelgiumCoast_AJJC86_20200506_20201012_MF500_s1_r1:Otu417,preservativeUsed,,DMSO,http://vocab.nerc.ac.uk/collection/Q01/current/Q0100004/,,https://pubchem.ncbi.nlm.nih.gov/compound/679
ARMS_BelgiumCoast_AJJC86_20200506_20201012_MF500_s1_r1:Otu417,lowerLimitFilterSize,micrometer,500,http://vocab.nerc.ac.uk/collection/Q01/current/Q0100011/,https://vocab.nerc.ac.uk/collection/P06/current/UMIC/,
ARMS_BelgiumCoast_AJJC86_20200506_20201012_MF500_s1_r1:Otu417,sampleAccessionNumber,,SAMEA10020979,,,
ARMS_BelgiumCoast_AJJC86_20200506_20201012_MF500_s1_r1:Otu417,NCBIID,,80999,,,
ARMS_BelgiumCoast_AJJC86_20200506_20201012_MF500_s1_r1:Otu417,NCBIScientificName,,Homoscleromorpha,,,
ARMS_BelgiumCoast_AJJC86_20200506_20201012_MF500_s1_r1:Otu417,NCBITaxonRank,,class,,,
ARMS_BelgiumCoast_AJJC86_20200506_20201012_MF500_s1_r1:Otu417,fieldReplicateID,,no replicate,http://vocab.nerc.ac.uk/collection/P01/current/IDSPRE01,,
ARMS_BelgiumCoast_AJJC86_20200506_20201012_MF500_s1_r1:Otu417,technicalReplicateID,,,http://vocab.nerc.ac.uk/collection/P01/current/IDTCRE01,,
ARMS_BelgiumCoast_AJJC86_20200506_20201012_MF500_s1_r1:Otu416,submergedTime,day,159,http://vocab.nerc.ac.uk/collection/P01/current/AZDRZZ01/,https://vocab.nerc.ac.uk/collection/P06/current/UTAA/,
ARMS_BelgiumCoast_AJJC86_20200506_20201012_MF500_s1_r1:Otu416,preservativeUsed,,DMSO,http://vocab.nerc.ac.uk/collection/Q01/current/Q0100004/,,https://pubchem.ncbi.nlm.nih.gov/compound/679
ARMS_BelgiumCoast_AJJC86_20200506_20201012_MF500_s1_r1:Otu416,lowerLimitFilterSize,micrometer,500,http://vocab.nerc.ac.uk/collection/Q01/current/Q0100011/,https://vocab.nerc.ac.uk/collection/P06/current/UMIC/,
ARMS_BelgiumCoast_AJJC86_20200506_20201012_MF500_s1_r1:Otu416,sampleAccessionNumber,,SAMEA10020979,,,
ARMS_BelgiumCoast_AJJC86_20200506_20201012_MF500_s1_r1:Otu416,NCBIID,,5794,,,
ARMS_BelgiumCoast_AJJC86_20200506_20201012_MF500_s1_r1:Otu416,NCBIScientificName,,Apicomplexa,,,
ARMS_BelgiumCoast_AJJC86_20200506_20201012_MF500_s1_r1:Otu416,NCBITaxonRank,,phylum,,,
ARMS_BelgiumCoast_AJJC86_20200506_20201012_MF500_s1_r1:Otu416,fieldReplicateID,,no replicate,http://vocab.nerc.ac.uk/collection/P01/current/IDSPRE01,,
ARMS_BelgiumCoast_AJJC86_20200506_20201012_MF500_s1_r1:Otu416,technicalReplicateID,,,http://vocab.nerc.ac.uk/collection/P01/current/IDTCRE01,,
ARMS_BelgiumCoast_AJJC86_20200506_20201012_MF500_s1_r1:Otu415,submergedTime,day,159,http://vocab.nerc.ac.uk/collection/P01/current/AZDRZZ01/,https://vocab.nerc.ac.uk/collection/P06/current/UTAA/,
ARMS_BelgiumCoast_AJJC86_20200506_20201012_MF500_s1_r1:Otu415,preservativeUsed,,DMSO,http://vocab.nerc.ac.uk/collection/Q01/current/Q0100004/,,https://pubchem.ncbi.nlm.nih.gov/compound/679
ARMS_BelgiumCoast_AJJC86_20200506_20201012_MF500_s1_r1:Otu415,lowerLimitFilterSize,micrometer,500,http://vocab.nerc.ac.uk/collection/Q01/current/Q0100011/,https://vocab.nerc.ac.uk/collection/P06/current/UMIC/,
ARMS_BelgiumCoast_AJJC86_20200506_20201012_MF500_s1_r1:Otu415,sampleAccessionNumber,,SAMEA10020979,,,
ARMS_BelgiumCoast_AJJC86_20200506_20201012_MF500_s1_r1:Otu415,NCBIID,,2836,,,
ARMS_BelgiumCoast_AJJC86_20200506_20201012_MF500_s1_r1:Otu415,NCBIScientificName,,Bacillariophyta,,,
ARMS_BelgiumCoast_AJJC86_20200506_20201012_MF500_s1_r1:Otu415,NCBITaxonRank,,phylum,,,
ARMS_BelgiumCoast_AJJC86_20200506_20201012_MF500_s1_r1:Otu415,fieldReplicateID,,no replicate,http://vocab.nerc.ac.uk/collection/P01/current/IDSPRE01,,
ARMS_BelgiumCoast_AJJC86_20200506_20201012_MF500_s1_r1:Otu415,technicalReplicateID,,,http://vocab.nerc.ac.uk/collection/P01/current/IDTCRE01,,
ARMS_BelgiumCoast_AJJC86_20200506_20201012_MF500_s1_r1:Otu414,submergedTime,day,159,http://vocab.nerc.ac.uk/collection/P01/current/AZDRZZ01/,https://vocab.nerc.ac.uk/collection/P06/current/UTAA/,
ARMS_BelgiumCoast_AJJC86_20200506_20201012_MF500_s1_r1:Otu414,preservativeUsed,,DMSO,http://vocab.nerc.ac.uk/collection/Q01/current/Q0100004/,,https://pubchem.ncbi.nlm.nih.gov/compound/679
ARMS_BelgiumCoast_AJJC86_20200506_20201012_MF500_s1_r1:Otu414,lowerLimitFilterSize,micrometer,500,http://vocab.nerc.ac.uk/collection/Q01/current/Q0100011/,https://vocab.nerc.ac.uk/collection/P06/current/UMIC/,
ARMS_BelgiumCoast_AJJC86_20200506_20201012_MF500_s1_r1:Otu414,sampleAccessionNumber,,SAMEA10020979,,,
ARMS_BelgiumCoast_AJJC86_20200506_20201012_MF500_s1_r1:Otu414,NCBIID,,947083,,,
ARMS_BelgiumCoast_AJJC86_20200506_20201012_MF500_s1_r1:Otu414,NCBIScientificName,,Cephaloidophoridae,,,
ARMS_BelgiumCoast_AJJC86_20200506_20201012_MF500_s1_r1:Otu414,NCBITaxonRank,,family,,,
ARMS_BelgiumCoast_AJJC86_20200506_20201012_MF500_s1_r1:Otu414,fieldReplicateID,,no replicate,http://vocab.nerc.ac.uk/collection/P01/current/IDSPRE01,,
ARMS_BelgiumCoast_AJJC86_20200506_20201012_MF500_s1_r1:Otu414,technicalReplicateID,,,http://vocab.nerc.ac.uk/collection/P01/current/IDTCRE01,,
ARMS_BelgiumCoast_AJJC86_20200506_20201012_MF500_s1_r1:Otu418,submergedTime,day,159,http://vocab.nerc.ac.uk/collection/P01/current/AZDRZZ01/,https://vocab.nerc.ac.uk/collection/P06/current/UTAA/,
ARMS_BelgiumCoast_AJJC86_20200506_20201012_MF500_s1_r1:Otu418,preservativeUsed,,DMSO,http://vocab.nerc.ac.uk/collection/Q01/current/Q0100004/,,https://pubchem.ncbi.nlm.nih.gov/compound/679
ARMS_BelgiumCoast_AJJC86_20200506_20201012_MF500_s1_r1:Otu418,lowerLimitFilterSize,micrometer,500,http://vocab.nerc.ac.uk/collection/Q01/current/Q0100011/,https://vocab.nerc.ac.uk/collection/P06/current/UMIC/,
ARMS_BelgiumCoast_AJJC86_20200506_20201012_MF500_s1_r1:Otu418,sampleAccessionNumber,,SAMEA10020979,,,
ARMS_BelgiumCoast_AJJC86_20200506_20201012_MF500_s1_r1:Otu418,NCBIID,,136419,,,
ARMS_BelgiumCoast_AJJC86_20200506_20201012_MF500_s1_r1:Otu418,NCBIScientificName,,Cercozoa,,,
ARMS_BelgiumCoast_AJJC86_20200506_20201012_MF500_s1_r1:Otu418,NCBITaxonRank,,phylum,,,
ARMS_BelgiumCoast_AJJC86_20200506_20201012_MF500_s1_r1:Otu418,fieldReplicateID,,no replicate,http://vocab.nerc.ac.uk/collection/P01/current/IDSPRE01,,
ARMS_BelgiumCoast_AJJC86_20200506_20201012_MF500_s1_r1:Otu418,technicalReplicateID,,,http://vocab.nerc.ac.uk/collection/P01/current/IDTCRE01,,
ARMS_BelgiumCoast_AJJC86_20200506_20201012_MF500_s1_r1:Otu252,submergedTime,day,159,http://vocab.nerc.ac.uk/collection/P01/current/AZDRZZ01/,https://vocab.nerc.ac.uk/collection/P06/current/UTAA/,
ARMS_BelgiumCoast_AJJC86_20200506_20201012_MF500_s1_r1:Otu252,preservativeUsed,,DMSO,http://vocab.nerc.ac.uk/collection/Q01/current/Q0100004/,,https://pubchem.ncbi.nlm.nih.gov/compound/679
ARMS_BelgiumCoast_AJJC86_20200506_20201012_MF500_s1_r1:Otu252,lowerLimitFilterSize,micrometer,500,http://vocab.nerc.ac.uk/collection/Q01/current/Q0100011/,https://vocab.nerc.ac.uk/collection/P06/current/UMIC/,
ARMS_BelgiumCoast_AJJC86_20200506_20201012_MF500_s1_r1:Otu252,sampleAccessionNumber,,SAMEA10020979,,,
ARMS_BelgiumCoast_AJJC86_20200506_20201012_MF500_s1_r1:Otu252,NCBIID,,7713,,,
ARMS_BelgiumCoast_AJJC86_20200506_20201012_MF500_s1_r1:Otu252,NCBIScientificName,,Ascidiacea,,,
ARMS_BelgiumCoast_AJJC86_20200506_20201012_MF500_s1_r1:Otu252,NCBITaxonRank,,class,,,
ARMS_BelgiumCoast_AJJC86_20200506_20201012_MF500_s1_r1:Otu252,fieldReplicateID,,no replicate,http://vocab.nerc.ac.uk/collection/P01/current/IDSPRE01,,
ARMS_BelgiumCoast_AJJC86_20200506_20201012_MF500_s1_r1:Otu252,technicalReplicateID,,,http://vocab.nerc.ac.uk/collection/P01/current/IDTCRE01,,
ARMS_BelgiumCoast_AJJC86_20200506_20201012_MF500_s1_r1:Otu259,submergedTime,day,159,http://vocab.nerc.ac.uk/collection/P01/current/AZDRZZ01/,https://vocab.nerc.ac.uk/collection/P06/current/UTAA/,
ARMS_BelgiumCoast_AJJC86_20200506_20201012_MF500_s1_r1:Otu259,preservativeUsed,,DMSO,http://vocab.nerc.ac.uk/collection/Q01/current/Q0100004/,,https://pubchem.ncbi.nlm.nih.gov/compound/679
ARMS_BelgiumCoast_AJJC86_20200506_20201012_MF500_s1_r1:Otu259,lowerLimitFilterSize,micrometer,500,http://vocab.nerc.ac.uk/collection/Q01/current/Q0100011/,https://vocab.nerc.ac.uk/collection/P06/current/UMIC/,
ARMS_BelgiumCoast_AJJC86_20200506_20201012_MF500_s1_r1:Otu259,sampleAccessionNumber,,SAMEA10020979,,,
ARMS_BelgiumCoast_AJJC86_20200506_20201012_MF500_s1_r1:Otu259,NCBIID,,29918,,,
ARMS_BelgiumCoast_AJJC86_20200506_20201012_MF500_s1_r1:Otu259,NCBIScientificName,,Davidiella_tassiana,,,
ARMS_BelgiumCoast_AJJC86_20200506_20201012_MF500_s1_r1:Otu259,NCBITaxonRank,,species,,,
ARMS_BelgiumCoast_AJJC86_20200506_20201012_MF500_s1_r1:Otu259,fieldReplicateID,,no replicate,http://vocab.nerc.ac.uk/collection/P01/current/IDSPRE01,,
ARMS_BelgiumCoast_AJJC86_20200506_20201012_MF500_s1_r1:Otu259,technicalReplicateID,,,http://vocab.nerc.ac.uk/collection/P01/current/IDTCRE01,,
ARMS_BelgiumCoast_AJJC86_20200506_20201012_MF500_s1_r1:Otu354,submergedTime,day,159,http://vocab.nerc.ac.uk/collection/P01/current/AZDRZZ01/,https://vocab.nerc.ac.uk/collection/P06/current/UTAA/,
ARMS_BelgiumCoast_AJJC86_20200506_20201012_MF500_s1_r1:Otu354,preservativeUsed,,DMSO,http://vocab.nerc.ac.uk/collection/Q01/current/Q0100004/,,https://pubchem.ncbi.nlm.nih.gov/compound/679
ARMS_BelgiumCoast_AJJC86_20200506_20201012_MF500_s1_r1:Otu354,lowerLimitFilterSize,micrometer,500,http://vocab.nerc.ac.uk/collection/Q01/current/Q0100011/,https://vocab.nerc.ac.uk/collection/P06/current/UMIC/,
ARMS_BelgiumCoast_AJJC86_20200506_20201012_MF500_s1_r1:Otu354,sampleAccessionNumber,,SAMEA10020979,,,
ARMS_BelgiumCoast_AJJC86_20200506_20201012_MF500_s1_r1:Otu354,NCBIID,,457835,,,
ARMS_BelgiumCoast_AJJC86_20200506_20201012_MF500_s1_r1:Otu354,NCBIScientificName,,Sphenia_perversa,,,
ARMS_BelgiumCoast_AJJC86_20200506_20201012_MF500_s1_r1:Otu354,NCBITaxonRank,,species,,,
ARMS_BelgiumCoast_AJJC86_20200506_20201012_MF500_s1_r1:Otu354,fieldReplicateID,,no replicate,http://vocab.nerc.ac.uk/collection/P01/current/IDSPRE01,,
ARMS_BelgiumCoast_AJJC86_20200506_20201012_MF500_s1_r1:Otu354,technicalReplicateID,,,http://vocab.nerc.ac.uk/collection/P01/current/IDTCRE01,,
ARMS_BelgiumCoast_AJJC86_20200506_20201012_MF500_s1_r1:Otu355,submergedTime,day,159,http://vocab.nerc.ac.uk/collection/P01/current/AZDRZZ01/,https://vocab.nerc.ac.uk/collection/P06/current/UTAA/,
ARMS_BelgiumCoast_AJJC86_20200506_20201012_MF500_s1_r1:Otu355,preservativeUsed,,DMSO,http://vocab.nerc.ac.uk/collection/Q01/current/Q0100004/,,https://pubchem.ncbi.nlm.nih.gov/compound/679
ARMS_BelgiumCoast_AJJC86_20200506_20201012_MF500_s1_r1:Otu355,lowerLimitFilterSize,micrometer,500,http://vocab.nerc.ac.uk/collection/Q01/current/Q0100011/,https://vocab.nerc.ac.uk/collection/P06/current/UMIC/,
ARMS_BelgiumCoast_AJJC86_20200506_20201012_MF500_s1_r1:Otu355,sampleAccessionNumber,,SAMEA10020979,,,
ARMS_BelgiumCoast_AJJC86_20200506_20201012_MF500_s1_r1:Otu355,NCBIID,,158377,,,
ARMS_BelgiumCoast_AJJC86_20200506_20201012_MF500_s1_r1:Otu355,NCBIScientificName,,Lecudinidae,,,
ARMS_BelgiumCoast_AJJC86_20200506_20201012_MF500_s1_r1:Otu355,NCBITaxonRank,,family,,,
ARMS_BelgiumCoast_AJJC86_20200506_20201012_MF500_s1_r1:Otu355,fieldReplicateID,,no replicate,http://vocab.nerc.ac.uk/collection/P01/current/IDSPRE01,,
ARMS_BelgiumCoast_AJJC86_20200506_20201012_MF500_s1_r1:Otu355,technicalReplicateID,,,http://vocab.nerc.ac.uk/collection/P01/current/IDTCRE01,,
ARMS_BelgiumCoast_AJJC86_20200506_20201012_MF500_s1_r1:Otu353,submergedTime,day,159,http://vocab.nerc.ac.uk/collection/P01/current/AZDRZZ01/,https://vocab.nerc.ac.uk/collection/P06/current/UTAA/,
ARMS_BelgiumCoast_AJJC86_20200506_20201012_MF500_s1_r1:Otu353,preservativeUsed,,DMSO,http://vocab.nerc.ac.uk/collection/Q01/current/Q0100004/,,https://pubchem.ncbi.nlm.nih.gov/compound/679
ARMS_BelgiumCoast_AJJC86_20200506_20201012_MF500_s1_r1:Otu353,lowerLimitFilterSize,micrometer,500,http://vocab.nerc.ac.uk/collection/Q01/current/Q0100011/,https://vocab.nerc.ac.uk/collection/P06/current/UMIC/,
ARMS_BelgiumCoast_AJJC86_20200506_20201012_MF500_s1_r1:Otu353,sampleAccessionNumber,,SAMEA10020979,,,
ARMS_BelgiumCoast_AJJC86_20200506_20201012_MF500_s1_r1:Otu353,NCBIID,,4892,,,
ARMS_BelgiumCoast_AJJC86_20200506_20201012_MF500_s1_r1:Otu353,NCBIScientificName,,Saccharomycetales,,,
ARMS_BelgiumCoast_AJJC86_20200506_20201012_MF500_s1_r1:Otu353,NCBITaxonRank,,order,,,
ARMS_BelgiumCoast_AJJC86_20200506_20201012_MF500_s1_r1:Otu353,fieldReplicateID,,no replicate,http://vocab.nerc.ac.uk/collection/P01/current/IDSPRE01,,
ARMS_BelgiumCoast_AJJC86_20200506_20201012_MF500_s1_r1:Otu353,technicalReplicateID,,,http://vocab.nerc.ac.uk/collection/P01/current/IDTCRE01,,
ARMS_BelgiumCoast_AJJC86_20200506_20201012_MF500_s1_r1:Otu120,submergedTime,day,159,http://vocab.nerc.ac.uk/collection/P01/current/AZDRZZ01/,https://vocab.nerc.ac.uk/collection/P06/current/UTAA/,
ARMS_BelgiumCoast_AJJC86_20200506_20201012_MF500_s1_r1:Otu120,preservativeUsed,,DMSO,http://vocab.nerc.ac.uk/collection/Q01/current/Q0100004/,,https://pubchem.ncbi.nlm.nih.gov/compound/679
ARMS_BelgiumCoast_AJJC86_20200506_20201012_MF500_s1_r1:Otu120,lowerLimitFilterSize,micrometer,500,http://vocab.nerc.ac.uk/collection/Q01/current/Q0100011/,https://vocab.nerc.ac.uk/collection/P06/current/UMIC/,
ARMS_BelgiumCoast_AJJC86_20200506_20201012_MF500_s1_r1:Otu120,sampleAccessionNumber,,SAMEA10020979,,,
ARMS_BelgiumCoast_AJJC86_20200506_20201012_MF500_s1_r1:Otu120,NCBIID,,4890,,,
ARMS_BelgiumCoast_AJJC86_20200506_20201012_MF500_s1_r1:Otu120,NCBIScientificName,,Ascomycota,,,
ARMS_BelgiumCoast_AJJC86_20200506_20201012_MF500_s1_r1:Otu120,NCBITaxonRank,,phylum,,,
ARMS_BelgiumCoast_AJJC86_20200506_20201012_MF500_s1_r1:Otu120,fieldReplicateID,,no replicate,http://vocab.nerc.ac.uk/collection/P01/current/IDSPRE01,,
ARMS_BelgiumCoast_AJJC86_20200506_20201012_MF500_s1_r1:Otu120,technicalReplicateID,,,http://vocab.nerc.ac.uk/collection/P01/current/IDTCRE01,,
ARMS_BelgiumCoast_AJJC86_20200506_20201012_MF500_s1_r1:Otu62,submergedTime,day,159,http://vocab.nerc.ac.uk/collection/P01/current/AZDRZZ01/,https://vocab.nerc.ac.uk/collection/P06/current/UTAA/,
ARMS_BelgiumCoast_AJJC86_20200506_20201012_MF500_s1_r1:Otu62,preservativeUsed,,DMSO,http://vocab.nerc.ac.uk/collection/Q01/current/Q0100004/,,https://pubchem.ncbi.nlm.nih.gov/compound/679
ARMS_BelgiumCoast_AJJC86_20200506_20201012_MF500_s1_r1:Otu62,lowerLimitFilterSize,micrometer,500,http://vocab.nerc.ac.uk/collection/Q01/current/Q0100011/,https://vocab.nerc.ac.uk/collection/P06/current/UMIC/,
ARMS_BelgiumCoast_AJJC86_20200506_20201012_MF500_s1_r1:Otu62,sampleAccessionNumber,,SAMEA10020979,,,
ARMS_BelgiumCoast_AJJC86_20200506_20201012_MF500_s1_r1:Otu62,NCBIID,,6657,,,
ARMS_BelgiumCoast_AJJC86_20200506_20201012_MF500_s1_r1:Otu62,NCBIScientificName,,Crustacea,,,
ARMS_BelgiumCoast_AJJC86_20200506_20201012_MF500_s1_r1:Otu62,NCBITaxonRank,,subphylum,,,
ARMS_BelgiumCoast_AJJC86_20200506_20201012_MF500_s1_r1:Otu62,fieldReplicateID,,no replicate,http://vocab.nerc.ac.uk/collection/P01/current/IDSPRE01,,
ARMS_BelgiumCoast_AJJC86_20200506_20201012_MF500_s1_r1:Otu62,technicalReplicateID,,,http://vocab.nerc.ac.uk/collection/P01/current/IDTCRE01,,
ARMS_BelgiumCoast_AJJC86_20200506_20201012_MF500_s1_r1:Otu67,submergedTime,day,159,http://vocab.nerc.ac.uk/collection/P01/current/AZDRZZ01/,https://vocab.nerc.ac.uk/collection/P06/current/UTAA/,
ARMS_BelgiumCoast_AJJC86_20200506_20201012_MF500_s1_r1:Otu67,preservativeUsed,,DMSO,http://vocab.nerc.ac.uk/collection/Q01/current/Q0100004/,,https://pubchem.ncbi.nlm.nih.gov/compound/679
ARMS_BelgiumCoast_AJJC86_20200506_20201012_MF500_s1_r1:Otu67,lowerLimitFilterSize,micrometer,500,http://vocab.nerc.ac.uk/collection/Q01/current/Q0100011/,https://vocab.nerc.ac.uk/collection/P06/current/UMIC/,
ARMS_BelgiumCoast_AJJC86_20200506_20201012_MF500_s1_r1:Otu67,sampleAccessionNumber,,SAMEA10020979,,,
ARMS_BelgiumCoast_AJJC86_20200506_20201012_MF500_s1_r1:Otu67,NCBIID,,5794,,,
ARMS_BelgiumCoast_AJJC86_20200506_20201012_MF500_s1_r1:Otu67,NCBIScientificName,,Apicomplexa,,,
ARMS_BelgiumCoast_AJJC86_20200506_20201012_MF500_s1_r1:Otu67,NCBITaxonRank,,phylum,,,
ARMS_BelgiumCoast_AJJC86_20200506_20201012_MF500_s1_r1:Otu67,fieldReplicateID,,no replicate,http://vocab.nerc.ac.uk/collection/P01/current/IDSPRE01,,
ARMS_BelgiumCoast_AJJC86_20200506_20201012_MF500_s1_r1:Otu67,technicalReplicateID,,,http://vocab.nerc.ac.uk/collection/P01/current/IDTCRE01,,
ARMS_BelgiumCoast_AJJC86_20200506_20201012_MF500_s1_r1:Otu300,submergedTime,day,159,http://vocab.nerc.ac.uk/collection/P01/current/AZDRZZ01/,https://vocab.nerc.ac.uk/collection/P06/current/UTAA/,
ARMS_BelgiumCoast_AJJC86_20200506_20201012_MF500_s1_r1:Otu300,preservativeUsed,,DMSO,http://vocab.nerc.ac.uk/collection/Q01/current/Q0100004/,,https://pubchem.ncbi.nlm.nih.gov/compound/679
ARMS_BelgiumCoast_AJJC86_20200506_20201012_MF500_s1_r1:Otu300,lowerLimitFilterSize,micrometer,500,http://vocab.nerc.ac.uk/collection/Q01/current/Q0100011/,https://vocab.nerc.ac.uk/collection/P06/current/UMIC/,
ARMS_BelgiumCoast_AJJC86_20200506_20201012_MF500_s1_r1:Otu300,sampleAccessionNumber,,SAMEA10020979,,,
ARMS_BelgiumCoast_AJJC86_20200506_20201012_MF500_s1_r1:Otu300,NCBIID,,199571,,,
ARMS_BelgiumCoast_AJJC86_20200506_20201012_MF500_s1_r1:Otu300,NCBIScientificName,,Typosyllis,,,
ARMS_BelgiumCoast_AJJC86_20200506_20201012_MF500_s1_r1:Otu300,NCBITaxonRank,,genus,,,
ARMS_BelgiumCoast_AJJC86_20200506_20201012_MF500_s1_r1:Otu300,fieldReplicateID,,no replicate,http://vocab.nerc.ac.uk/collection/P01/current/IDSPRE01,,
ARMS_BelgiumCoast_AJJC86_20200506_20201012_MF500_s1_r1:Otu300,technicalReplicateID,,,http://vocab.nerc.ac.uk/collection/P01/current/IDTCRE01,,
ARMS_BelgiumCoast_AJJC86_20200506_20201012_MF500_s1_r1:Otu260,submergedTime,day,159,http://vocab.nerc.ac.uk/collection/P01/current/AZDRZZ01/,https://vocab.nerc.ac.uk/collection/P06/current/UTAA/,
ARMS_BelgiumCoast_AJJC86_20200506_20201012_MF500_s1_r1:Otu260,preservativeUsed,,DMSO,http://vocab.nerc.ac.uk/collection/Q01/current/Q0100004/,,https://pubchem.ncbi.nlm.nih.gov/compound/679
ARMS_BelgiumCoast_AJJC86_20200506_20201012_MF500_s1_r1:Otu260,lowerLimitFilterSize,micrometer,500,http://vocab.nerc.ac.uk/collection/Q01/current/Q0100011/,https://vocab.nerc.ac.uk/collection/P06/current/UMIC/,
ARMS_BelgiumCoast_AJJC86_20200506_20201012_MF500_s1_r1:Otu260,sampleAccessionNumber,,SAMEA10020979,,,
ARMS_BelgiumCoast_AJJC86_20200506_20201012_MF500_s1_r1:Otu260,NCBIID,,6657,,,
ARMS_BelgiumCoast_AJJC86_20200506_20201012_MF500_s1_r1:Otu260,NCBIScientificName,,Crustacea,,,
ARMS_BelgiumCoast_AJJC86_20200506_20201012_MF500_s1_r1:Otu260,NCBITaxonRank,,subphylum,,,
ARMS_BelgiumCoast_AJJC86_20200506_20201012_MF500_s1_r1:Otu260,fieldReplicateID,,no replicate,http://vocab.nerc.ac.uk/collection/P01/current/IDSPRE01,,
ARMS_BelgiumCoast_AJJC86_20200506_20201012_MF500_s1_r1:Otu260,technicalReplicateID,,,http://vocab.nerc.ac.uk/collection/P01/current/IDTCRE01,,
ARMS_BelgiumCoast_AJJC86_20200506_20201012_MF500_s1_r1:Otu261,submergedTime,day,159,http://vocab.nerc.ac.uk/collection/P01/current/AZDRZZ01/,https://vocab.nerc.ac.uk/collection/P06/current/UTAA/,
ARMS_BelgiumCoast_AJJC86_20200506_20201012_MF500_s1_r1:Otu261,preservativeUsed,,DMSO,http://vocab.nerc.ac.uk/collection/Q01/current/Q0100004/,,https://pubchem.ncbi.nlm.nih.gov/compound/679
ARMS_BelgiumCoast_AJJC86_20200506_20201012_MF500_s1_r1:Otu261,lowerLimitFilterSize,micrometer,500,http://vocab.nerc.ac.uk/collection/Q01/current/Q0100011/,https://vocab.nerc.ac.uk/collection/P06/current/UMIC/,
ARMS_BelgiumCoast_AJJC86_20200506_20201012_MF500_s1_r1:Otu261,sampleAccessionNumber,,SAMEA10020979,,,
ARMS_BelgiumCoast_AJJC86_20200506_20201012_MF500_s1_r1:Otu261,NCBIID,,356935,,,
ARMS_BelgiumCoast_AJJC86_20200506_20201012_MF500_s1_r1:Otu261,NCBIScientificName,,Janua,,,
ARMS_BelgiumCoast_AJJC86_20200506_20201012_MF500_s1_r1:Otu261,NCBITaxonRank,,genus,,,
ARMS_BelgiumCoast_AJJC86_20200506_20201012_MF500_s1_r1:Otu261,fieldReplicateID,,no replicate,http://vocab.nerc.ac.uk/collection/P01/current/IDSPRE01,,
ARMS_BelgiumCoast_AJJC86_20200506_20201012_MF500_s1_r1:Otu261,technicalReplicateID,,,http://vocab.nerc.ac.uk/collection/P01/current/IDTCRE01,,
ARMS_BelgiumCoast_AJJC86_20200506_20201012_MF500_s1_r1:Otu111,submergedTime,day,159,http://vocab.nerc.ac.uk/collection/P01/current/AZDRZZ01/,https://vocab.nerc.ac.uk/collection/P06/current/UTAA/,
ARMS_BelgiumCoast_AJJC86_20200506_20201012_MF500_s1_r1:Otu111,preservativeUsed,,DMSO,http://vocab.nerc.ac.uk/collection/Q01/current/Q0100004/,,https://pubchem.ncbi.nlm.nih.gov/compound/679
ARMS_BelgiumCoast_AJJC86_20200506_20201012_MF500_s1_r1:Otu111,lowerLimitFilterSize,micrometer,500,http://vocab.nerc.ac.uk/collection/Q01/current/Q0100011/,https://vocab.nerc.ac.uk/collection/P06/current/UMIC/,
ARMS_BelgiumCoast_AJJC86_20200506_20201012_MF500_s1_r1:Otu111,sampleAccessionNumber,,SAMEA10020979,,,
ARMS_BelgiumCoast_AJJC86_20200506_20201012_MF500_s1_r1:Otu111,NCBIID,,35493,,,
ARMS_BelgiumCoast_AJJC86_20200506_20201012_MF500_s1_r1:Otu111,NCBIScientificName,,Streptophyta,,,
ARMS_BelgiumCoast_AJJC86_20200506_20201012_MF500_s1_r1:Otu111,NCBITaxonRank,,phylum,,,
ARMS_BelgiumCoast_AJJC86_20200506_20201012_MF500_s1_r1:Otu111,fieldReplicateID,,no replicate,http://vocab.nerc.ac.uk/collection/P01/current/IDSPRE01,,
ARMS_BelgiumCoast_AJJC86_20200506_20201012_MF500_s1_r1:Otu111,technicalReplicateID,,,http://vocab.nerc.ac.uk/collection/P01/current/IDTCRE01,,
ARMS_BelgiumCoast_AJJC86_20200506_20201012_MF500_s1_r1:Otu31,submergedTime,day,159,http://vocab.nerc.ac.uk/collection/P01/current/AZDRZZ01/,https://vocab.nerc.ac.uk/collection/P06/current/UTAA/,
ARMS_BelgiumCoast_AJJC86_20200506_20201012_MF500_s1_r1:Otu31,preservativeUsed,,DMSO,http://vocab.nerc.ac.uk/collection/Q01/current/Q0100004/,,https://pubchem.ncbi.nlm.nih.gov/compound/679
ARMS_BelgiumCoast_AJJC86_20200506_20201012_MF500_s1_r1:Otu31,lowerLimitFilterSize,micrometer,500,http://vocab.nerc.ac.uk/collection/Q01/current/Q0100011/,https://vocab.nerc.ac.uk/collection/P06/current/UMIC/,
ARMS_BelgiumCoast_AJJC86_20200506_20201012_MF500_s1_r1:Otu31,sampleAccessionNumber,,SAMEA10020979,,,
ARMS_BelgiumCoast_AJJC86_20200506_20201012_MF500_s1_r1:Otu31,NCBIID,,6074,,,
ARMS_BelgiumCoast_AJJC86_20200506_20201012_MF500_s1_r1:Otu31,NCBIScientificName,,Hydrozoa,,,
ARMS_BelgiumCoast_AJJC86_20200506_20201012_MF500_s1_r1:Otu31,NCBITaxonRank,,class,,,
ARMS_BelgiumCoast_AJJC86_20200506_20201012_MF500_s1_r1:Otu31,fieldReplicateID,,no replicate,http://vocab.nerc.ac.uk/collection/P01/current/IDSPRE01,,
ARMS_BelgiumCoast_AJJC86_20200506_20201012_MF500_s1_r1:Otu31,technicalReplicateID,,,http://vocab.nerc.ac.uk/collection/P01/current/IDTCRE01,,
ARMS_BelgiumCoast_AJJC86_20200506_20201012_MF500_s1_r1:Otu165,submergedTime,day,159,http://vocab.nerc.ac.uk/collection/P01/current/AZDRZZ01/,https://vocab.nerc.ac.uk/collection/P06/current/UTAA/,
ARMS_BelgiumCoast_AJJC86_20200506_20201012_MF500_s1_r1:Otu165,preservativeUsed,,DMSO,http://vocab.nerc.ac.uk/collection/Q01/current/Q0100004/,,https://pubchem.ncbi.nlm.nih.gov/compound/679
ARMS_BelgiumCoast_AJJC86_20200506_20201012_MF500_s1_r1:Otu165,lowerLimitFilterSize,micrometer,500,http://vocab.nerc.ac.uk/collection/Q01/current/Q0100011/,https://vocab.nerc.ac.uk/collection/P06/current/UMIC/,
ARMS_BelgiumCoast_AJJC86_20200506_20201012_MF500_s1_r1:Otu165,sampleAccessionNumber,,SAMEA10020979,,,
ARMS_BelgiumCoast_AJJC86_20200506_20201012_MF500_s1_r1:Otu165,NCBIID,,431177,,,
ARMS_BelgiumCoast_AJJC86_20200506_20201012_MF500_s1_r1:Otu165,NCBIScientificName,,Branchiomma,,,
ARMS_BelgiumCoast_AJJC86_20200506_20201012_MF500_s1_r1:Otu165,NCBITaxonRank,,genus,,,
ARMS_BelgiumCoast_AJJC86_20200506_20201012_MF500_s1_r1:Otu165,fieldReplicateID,,no replicate,http://vocab.nerc.ac.uk/collection/P01/current/IDSPRE01,,
ARMS_BelgiumCoast_AJJC86_20200506_20201012_MF500_s1_r1:Otu165,technicalReplicateID,,,http://vocab.nerc.ac.uk/collection/P01/current/IDTCRE01,,
ARMS_BelgiumCoast_AJJC86_20200506_20201012_MF500_s1_r1:Otu164,submergedTime,day,159,http://vocab.nerc.ac.uk/collection/P01/current/AZDRZZ01/,https://vocab.nerc.ac.uk/collection/P06/current/UTAA/,
ARMS_BelgiumCoast_AJJC86_20200506_20201012_MF500_s1_r1:Otu164,preservativeUsed,,DMSO,http://vocab.nerc.ac.uk/collection/Q01/current/Q0100004/,,https://pubchem.ncbi.nlm.nih.gov/compound/679
ARMS_BelgiumCoast_AJJC86_20200506_20201012_MF500_s1_r1:Otu164,lowerLimitFilterSize,micrometer,500,http://vocab.nerc.ac.uk/collection/Q01/current/Q0100011/,https://vocab.nerc.ac.uk/collection/P06/current/UMIC/,
ARMS_BelgiumCoast_AJJC86_20200506_20201012_MF500_s1_r1:Otu164,sampleAccessionNumber,,SAMEA10020979,,,
ARMS_BelgiumCoast_AJJC86_20200506_20201012_MF500_s1_r1:Otu164,NCBIID,,158377,,,
ARMS_BelgiumCoast_AJJC86_20200506_20201012_MF500_s1_r1:Otu164,NCBIScientificName,,Lecudinidae,,,
ARMS_BelgiumCoast_AJJC86_20200506_20201012_MF500_s1_r1:Otu164,NCBITaxonRank,,family,,,
ARMS_BelgiumCoast_AJJC86_20200506_20201012_MF500_s1_r1:Otu164,fieldReplicateID,,no replicate,http://vocab.nerc.ac.uk/collection/P01/current/IDSPRE01,,
ARMS_BelgiumCoast_AJJC86_20200506_20201012_MF500_s1_r1:Otu164,technicalReplicateID,,,http://vocab.nerc.ac.uk/collection/P01/current/IDTCRE01,,
ARMS_BelgiumCoast_AJJC86_20200506_20201012_MF500_s1_r1:Otu83,submergedTime,day,159,http://vocab.nerc.ac.uk/collection/P01/current/AZDRZZ01/,https://vocab.nerc.ac.uk/collection/P06/current/UTAA/,
ARMS_BelgiumCoast_AJJC86_20200506_20201012_MF500_s1_r1:Otu83,preservativeUsed,,DMSO,http://vocab.nerc.ac.uk/collection/Q01/current/Q0100004/,,https://pubchem.ncbi.nlm.nih.gov/compound/679
ARMS_BelgiumCoast_AJJC86_20200506_20201012_MF500_s1_r1:Otu83,lowerLimitFilterSize,micrometer,500,http://vocab.nerc.ac.uk/collection/Q01/current/Q0100011/,https://vocab.nerc.ac.uk/collection/P06/current/UMIC/,
ARMS_BelgiumCoast_AJJC86_20200506_20201012_MF500_s1_r1:Otu83,sampleAccessionNumber,,SAMEA10020979,,,
ARMS_BelgiumCoast_AJJC86_20200506_20201012_MF500_s1_r1:Otu83,NCBIID,,6657,,,
ARMS_BelgiumCoast_AJJC86_20200506_20201012_MF500_s1_r1:Otu83,NCBIScientificName,,Crustacea,,,
ARMS_BelgiumCoast_AJJC86_20200506_20201012_MF500_s1_r1:Otu83,NCBITaxonRank,,subphylum,,,
ARMS_BelgiumCoast_AJJC86_20200506_20201012_MF500_s1_r1:Otu83,fieldReplicateID,,no replicate,http://vocab.nerc.ac.uk/collection/P01/current/IDSPRE01,,
ARMS_BelgiumCoast_AJJC86_20200506_20201012_MF500_s1_r1:Otu83,technicalReplicateID,,,http://vocab.nerc.ac.uk/collection/P01/current/IDTCRE01,,
ARMS_BelgiumCoast_AJJC86_20200506_20201012_MF500_s1_r1:Otu85,submergedTime,day,159,http://vocab.nerc.ac.uk/collection/P01/current/AZDRZZ01/,https://vocab.nerc.ac.uk/collection/P06/current/UTAA/,
ARMS_BelgiumCoast_AJJC86_20200506_20201012_MF500_s1_r1:Otu85,preservativeUsed,,DMSO,http://vocab.nerc.ac.uk/collection/Q01/current/Q0100004/,,https://pubchem.ncbi.nlm.nih.gov/compound/679
ARMS_BelgiumCoast_AJJC86_20200506_20201012_MF500_s1_r1:Otu85,lowerLimitFilterSize,micrometer,500,http://vocab.nerc.ac.uk/collection/Q01/current/Q0100011/,https://vocab.nerc.ac.uk/collection/P06/current/UMIC/,
ARMS_BelgiumCoast_AJJC86_20200506_20201012_MF500_s1_r1:Otu85,sampleAccessionNumber,,SAMEA10020979,,,
ARMS_BelgiumCoast_AJJC86_20200506_20201012_MF500_s1_r1:Otu85,NCBIID,,4762,,,
ARMS_BelgiumCoast_AJJC86_20200506_20201012_MF500_s1_r1:Otu85,NCBIScientificName,,Oomycota,,,
ARMS_BelgiumCoast_AJJC86_20200506_20201012_MF500_s1_r1:Otu85,NCBITaxonRank,,phylum,,,
ARMS_BelgiumCoast_AJJC86_20200506_20201012_MF500_s1_r1:Otu85,fieldReplicateID,,no replicate,http://vocab.nerc.ac.uk/collection/P01/current/IDSPRE01,,
ARMS_BelgiumCoast_AJJC86_20200506_20201012_MF500_s1_r1:Otu85,technicalReplicateID,,,http://vocab.nerc.ac.uk/collection/P01/current/IDTCRE01,,
ARMS_BelgiumCoast_AJJC86_20200506_20201012_MF500_s1_r1:Otu336,submergedTime,day,159,http://vocab.nerc.ac.uk/collection/P01/current/AZDRZZ01/,https://vocab.nerc.ac.uk/collection/P06/current/UTAA/,
ARMS_BelgiumCoast_AJJC86_20200506_20201012_MF500_s1_r1:Otu336,preservativeUsed,,DMSO,http://vocab.nerc.ac.uk/collection/Q01/current/Q0100004/,,https://pubchem.ncbi.nlm.nih.gov/compound/679
ARMS_BelgiumCoast_AJJC86_20200506_20201012_MF500_s1_r1:Otu336,lowerLimitFilterSize,micrometer,500,http://vocab.nerc.ac.uk/collection/Q01/current/Q0100011/,https://vocab.nerc.ac.uk/collection/P06/current/UMIC/,
ARMS_BelgiumCoast_AJJC86_20200506_20201012_MF500_s1_r1:Otu336,sampleAccessionNumber,,SAMEA10020979,,,
ARMS_BelgiumCoast_AJJC86_20200506_20201012_MF500_s1_r1:Otu336,NCBIID,,6657,,,
ARMS_BelgiumCoast_AJJC86_20200506_20201012_MF500_s1_r1:Otu336,NCBIScientificName,,Crustacea,,,
ARMS_BelgiumCoast_AJJC86_20200506_20201012_MF500_s1_r1:Otu336,NCBITaxonRank,,subphylum,,,
ARMS_BelgiumCoast_AJJC86_20200506_20201012_MF500_s1_r1:Otu336,fieldReplicateID,,no replicate,http://vocab.nerc.ac.uk/collection/P01/current/IDSPRE01,,
ARMS_BelgiumCoast_AJJC86_20200506_20201012_MF500_s1_r1:Otu336,technicalReplicateID,,,http://vocab.nerc.ac.uk/collection/P01/current/IDTCRE01,,
ARMS_BelgiumCoast_AJJC86_20200506_20201012_MF500_s1_r1:Otu71,submergedTime,day,159,http://vocab.nerc.ac.uk/collection/P01/current/AZDRZZ01/,https://vocab.nerc.ac.uk/collection/P06/current/UTAA/,
ARMS_BelgiumCoast_AJJC86_20200506_20201012_MF500_s1_r1:Otu71,preservativeUsed,,DMSO,http://vocab.nerc.ac.uk/collection/Q01/current/Q0100004/,,https://pubchem.ncbi.nlm.nih.gov/compound/679
ARMS_BelgiumCoast_AJJC86_20200506_20201012_MF500_s1_r1:Otu71,lowerLimitFilterSize,micrometer,500,http://vocab.nerc.ac.uk/collection/Q01/current/Q0100011/,https://vocab.nerc.ac.uk/collection/P06/current/UMIC/,
ARMS_BelgiumCoast_AJJC86_20200506_20201012_MF500_s1_r1:Otu71,sampleAccessionNumber,,SAMEA10020979,,,
ARMS_BelgiumCoast_AJJC86_20200506_20201012_MF500_s1_r1:Otu71,NCBIID,,2586441,,,
ARMS_BelgiumCoast_AJJC86_20200506_20201012_MF500_s1_r1:Otu71,NCBIScientificName,,Sandonidae,,,
ARMS_BelgiumCoast_AJJC86_20200506_20201012_MF500_s1_r1:Otu71,NCBITaxonRank,,family,,,
ARMS_BelgiumCoast_AJJC86_20200506_20201012_MF500_s1_r1:Otu71,fieldReplicateID,,no replicate,http://vocab.nerc.ac.uk/collection/P01/current/IDSPRE01,,
ARMS_BelgiumCoast_AJJC86_20200506_20201012_MF500_s1_r1:Otu71,technicalReplicateID,,,http://vocab.nerc.ac.uk/collection/P01/current/IDTCRE01,,
ARMS_BelgiumCoast_AJJC86_20200506_20201012_MF500_s1_r1:Otu75,submergedTime,day,159,http://vocab.nerc.ac.uk/collection/P01/current/AZDRZZ01/,https://vocab.nerc.ac.uk/collection/P06/current/UTAA/,
ARMS_BelgiumCoast_AJJC86_20200506_20201012_MF500_s1_r1:Otu75,preservativeUsed,,DMSO,http://vocab.nerc.ac.uk/collection/Q01/current/Q0100004/,,https://pubchem.ncbi.nlm.nih.gov/compound/679
ARMS_BelgiumCoast_AJJC86_20200506_20201012_MF500_s1_r1:Otu75,lowerLimitFilterSize,micrometer,500,http://vocab.nerc.ac.uk/collection/Q01/current/Q0100011/,https://vocab.nerc.ac.uk/collection/P06/current/UMIC/,
ARMS_BelgiumCoast_AJJC86_20200506_20201012_MF500_s1_r1:Otu75,sampleAccessionNumber,,SAMEA10020979,,,
ARMS_BelgiumCoast_AJJC86_20200506_20201012_MF500_s1_r1:Otu75,NCBIID,,119089,,,
ARMS_BelgiumCoast_AJJC86_20200506_20201012_MF500_s1_r1:Otu75,NCBIScientificName,,Chromadorea,,,
ARMS_BelgiumCoast_AJJC86_20200506_20201012_MF500_s1_r1:Otu75,NCBITaxonRank,,class,,,
ARMS_BelgiumCoast_AJJC86_20200506_20201012_MF500_s1_r1:Otu75,fieldReplicateID,,no replicate,http://vocab.nerc.ac.uk/collection/P01/current/IDSPRE01,,
ARMS_BelgiumCoast_AJJC86_20200506_20201012_MF500_s1_r1:Otu75,technicalReplicateID,,,http://vocab.nerc.ac.uk/collection/P01/current/IDTCRE01,,
ARMS_BelgiumCoast_AJJC86_20200506_20201012_MF500_s1_r1:Otu233,submergedTime,day,159,http://vocab.nerc.ac.uk/collection/P01/current/AZDRZZ01/,https://vocab.nerc.ac.uk/collection/P06/current/UTAA/,
ARMS_BelgiumCoast_AJJC86_20200506_20201012_MF500_s1_r1:Otu233,preservativeUsed,,DMSO,http://vocab.nerc.ac.uk/collection/Q01/current/Q0100004/,,https://pubchem.ncbi.nlm.nih.gov/compound/679
ARMS_BelgiumCoast_AJJC86_20200506_20201012_MF500_s1_r1:Otu233,lowerLimitFilterSize,micrometer,500,http://vocab.nerc.ac.uk/collection/Q01/current/Q0100011/,https://vocab.nerc.ac.uk/collection/P06/current/UMIC/,
ARMS_BelgiumCoast_AJJC86_20200506_20201012_MF500_s1_r1:Otu233,sampleAccessionNumber,,SAMEA10020979,,,
ARMS_BelgiumCoast_AJJC86_20200506_20201012_MF500_s1_r1:Otu233,NCBIID,,646314,,,
ARMS_BelgiumCoast_AJJC86_20200506_20201012_MF500_s1_r1:Otu233,NCBIScientificName,,Favosipora_rosea,,,
ARMS_BelgiumCoast_AJJC86_20200506_20201012_MF500_s1_r1:Otu233,NCBITaxonRank,,species,,,
ARMS_BelgiumCoast_AJJC86_20200506_20201012_MF500_s1_r1:Otu233,fieldReplicateID,,no replicate,http://vocab.nerc.ac.uk/collection/P01/current/IDSPRE01,,
ARMS_BelgiumCoast_AJJC86_20200506_20201012_MF500_s1_r1:Otu233,technicalReplicateID,,,http://vocab.nerc.ac.uk/collection/P01/current/IDTCRE01,,
ARMS_BelgiumCoast_AJJC86_20200506_20201012_MF500_s1_r1:Otu9,submergedTime,day,159,http://vocab.nerc.ac.uk/collection/P01/current/AZDRZZ01/,https://vocab.nerc.ac.uk/collection/P06/current/UTAA/,
ARMS_BelgiumCoast_AJJC86_20200506_20201012_MF500_s1_r1:Otu9,preservativeUsed,,DMSO,http://vocab.nerc.ac.uk/collection/Q01/current/Q0100004/,,https://pubchem.ncbi.nlm.nih.gov/compound/679
ARMS_BelgiumCoast_AJJC86_20200506_20201012_MF500_s1_r1:Otu9,lowerLimitFilterSize,micrometer,500,http://vocab.nerc.ac.uk/collection/Q01/current/Q0100011/,https://vocab.nerc.ac.uk/collection/P06/current/UMIC/,
ARMS_BelgiumCoast_AJJC86_20200506_20201012_MF500_s1_r1:Otu9,sampleAccessionNumber,,SAMEA10020979,,,
ARMS_BelgiumCoast_AJJC86_20200506_20201012_MF500_s1_r1:Otu9,NCBIID,,6101,,,
ARMS_BelgiumCoast_AJJC86_20200506_20201012_MF500_s1_r1:Otu9,NCBIScientificName,,Anthozoa,,,
ARMS_BelgiumCoast_AJJC86_20200506_20201012_MF500_s1_r1:Otu9,NCBITaxonRank,,class,,,
ARMS_BelgiumCoast_AJJC86_20200506_20201012_MF500_s1_r1:Otu9,fieldReplicateID,,no replicate,http://vocab.nerc.ac.uk/collection/P01/current/IDSPRE01,,
ARMS_BelgiumCoast_AJJC86_20200506_20201012_MF500_s1_r1:Otu9,technicalReplicateID,,,http://vocab.nerc.ac.uk/collection/P01/current/IDTCRE01,,
ARMS_BelgiumCoast_AJJC86_20200506_20201012_MF500_s1_r1:Otu7,submergedTime,day,159,http://vocab.nerc.ac.uk/collection/P01/current/AZDRZZ01/,https://vocab.nerc.ac.uk/collection/P06/current/UTAA/,
ARMS_BelgiumCoast_AJJC86_20200506_20201012_MF500_s1_r1:Otu7,preservativeUsed,,DMSO,http://vocab.nerc.ac.uk/collection/Q01/current/Q0100004/,,https://pubchem.ncbi.nlm.nih.gov/compound/679
ARMS_BelgiumCoast_AJJC86_20200506_20201012_MF500_s1_r1:Otu7,lowerLimitFilterSize,micrometer,500,http://vocab.nerc.ac.uk/collection/Q01/current/Q0100011/,https://vocab.nerc.ac.uk/collection/P06/current/UMIC/,
ARMS_BelgiumCoast_AJJC86_20200506_20201012_MF500_s1_r1:Otu7,sampleAccessionNumber,,SAMEA10020979,,,
ARMS_BelgiumCoast_AJJC86_20200506_20201012_MF500_s1_r1:Otu7,NCBIID,,6679,,,
ARMS_BelgiumCoast_AJJC86_20200506_20201012_MF500_s1_r1:Otu7,NCBIScientificName,,Megabalanus,,,
ARMS_BelgiumCoast_AJJC86_20200506_20201012_MF500_s1_r1:Otu7,NCBITaxonRank,,genus,,,
ARMS_BelgiumCoast_AJJC86_20200506_20201012_MF500_s1_r1:Otu7,fieldReplicateID,,no replicate,http://vocab.nerc.ac.uk/collection/P01/current/IDSPRE01,,
ARMS_BelgiumCoast_AJJC86_20200506_20201012_MF500_s1_r1:Otu7,technicalReplicateID,,,http://vocab.nerc.ac.uk/collection/P01/current/IDTCRE01,,
ARMS_BelgiumCoast_AJJC86_20200506_20201012_MF500_s1_r1:Otu2,submergedTime,day,159,http://vocab.nerc.ac.uk/collection/P01/current/AZDRZZ01/,https://vocab.nerc.ac.uk/collection/P06/current/UTAA/,
ARMS_BelgiumCoast_AJJC86_20200506_20201012_MF500_s1_r1:Otu2,preservativeUsed,,DMSO,http://vocab.nerc.ac.uk/collection/Q01/current/Q0100004/,,https://pubchem.ncbi.nlm.nih.gov/compound/679
ARMS_BelgiumCoast_AJJC86_20200506_20201012_MF500_s1_r1:Otu2,lowerLimitFilterSize,micrometer,500,http://vocab.nerc.ac.uk/collection/Q01/current/Q0100011/,https://vocab.nerc.ac.uk/collection/P06/current/UMIC/,
ARMS_BelgiumCoast_AJJC86_20200506_20201012_MF500_s1_r1:Otu2,sampleAccessionNumber,,SAMEA10020979,,,
ARMS_BelgiumCoast_AJJC86_20200506_20201012_MF500_s1_r1:Otu2,NCBIID,,7713,,,
ARMS_BelgiumCoast_AJJC86_20200506_20201012_MF500_s1_r1:Otu2,NCBIScientificName,,Ascidiacea,,,
ARMS_BelgiumCoast_AJJC86_20200506_20201012_MF500_s1_r1:Otu2,NCBITaxonRank,,class,,,
ARMS_BelgiumCoast_AJJC86_20200506_20201012_MF500_s1_r1:Otu2,fieldReplicateID,,no replicate,http://vocab.nerc.ac.uk/collection/P01/current/IDSPRE01,,
ARMS_BelgiumCoast_AJJC86_20200506_20201012_MF500_s1_r1:Otu2,technicalReplicateID,,,http://vocab.nerc.ac.uk/collection/P01/current/IDTCRE01,,
ARMS_BelgiumCoast_AJJC86_20200506_20201012_MF500_s1_r1:Otu204,submergedTime,day,159,http://vocab.nerc.ac.uk/collection/P01/current/AZDRZZ01/,https://vocab.nerc.ac.uk/collection/P06/current/UTAA/,
ARMS_BelgiumCoast_AJJC86_20200506_20201012_MF500_s1_r1:Otu204,preservativeUsed,,DMSO,http://vocab.nerc.ac.uk/collection/Q01/current/Q0100004/,,https://pubchem.ncbi.nlm.nih.gov/compound/679
ARMS_BelgiumCoast_AJJC86_20200506_20201012_MF500_s1_r1:Otu204,lowerLimitFilterSize,micrometer,500,http://vocab.nerc.ac.uk/collection/Q01/current/Q0100011/,https://vocab.nerc.ac.uk/collection/P06/current/UMIC/,
ARMS_BelgiumCoast_AJJC86_20200506_20201012_MF500_s1_r1:Otu204,sampleAccessionNumber,,SAMEA10020979,,,
ARMS_BelgiumCoast_AJJC86_20200506_20201012_MF500_s1_r1:Otu204,NCBIID,,2759,,,
ARMS_BelgiumCoast_AJJC86_20200506_20201012_MF500_s1_r1:Otu204,NCBIScientificName,,Eukaryota,,,
ARMS_BelgiumCoast_AJJC86_20200506_20201012_MF500_s1_r1:Otu204,NCBITaxonRank,,domain,,,
ARMS_BelgiumCoast_AJJC86_20200506_20201012_MF500_s1_r1:Otu204,fieldReplicateID,,no replicate,http://vocab.nerc.ac.uk/collection/P01/current/IDSPRE01,,
ARMS_BelgiumCoast_AJJC86_20200506_20201012_MF500_s1_r1:Otu204,technicalReplicateID,,,http://vocab.nerc.ac.uk/collection/P01/current/IDTCRE01,,
ARMS_BelgiumCoast_AJJC86_20200506_20201012_MF500_s1_r1:Otu107,submergedTime,day,159,http://vocab.nerc.ac.uk/collection/P01/current/AZDRZZ01/,https://vocab.nerc.ac.uk/collection/P06/current/UTAA/,
ARMS_BelgiumCoast_AJJC86_20200506_20201012_MF500_s1_r1:Otu107,preservativeUsed,,DMSO,http://vocab.nerc.ac.uk/collection/Q01/current/Q0100004/,,https://pubchem.ncbi.nlm.nih.gov/compound/679
ARMS_BelgiumCoast_AJJC86_20200506_20201012_MF500_s1_r1:Otu107,lowerLimitFilterSize,micrometer,500,http://vocab.nerc.ac.uk/collection/Q01/current/Q0100011/,https://vocab.nerc.ac.uk/collection/P06/current/UMIC/,
ARMS_BelgiumCoast_AJJC86_20200506_20201012_MF500_s1_r1:Otu107,sampleAccessionNumber,,SAMEA10020979,,,
ARMS_BelgiumCoast_AJJC86_20200506_20201012_MF500_s1_r1:Otu107,NCBIID,,589449,,,
ARMS_BelgiumCoast_AJJC86_20200506_20201012_MF500_s1_r1:Otu107,NCBIScientificName,,Polar-centric-Mediophyceae,,,
ARMS_BelgiumCoast_AJJC86_20200506_20201012_MF500_s1_r1:Otu107,NCBITaxonRank,,class,,,
ARMS_BelgiumCoast_AJJC86_20200506_20201012_MF500_s1_r1:Otu107,fieldReplicateID,,no replicate,http://vocab.nerc.ac.uk/collection/P01/current/IDSPRE01,,
ARMS_BelgiumCoast_AJJC86_20200506_20201012_MF500_s1_r1:Otu107,technicalReplicateID,,,http://vocab.nerc.ac.uk/collection/P01/current/IDTCRE01,,
ARMS_BelgiumCoast_AJJC86_20200506_20201012_MF500_s1_r1:Otu102,submergedTime,day,159,http://vocab.nerc.ac.uk/collection/P01/current/AZDRZZ01/,https://vocab.nerc.ac.uk/collection/P06/current/UTAA/,
ARMS_BelgiumCoast_AJJC86_20200506_20201012_MF500_s1_r1:Otu102,preservativeUsed,,DMSO,http://vocab.nerc.ac.uk/collection/Q01/current/Q0100004/,,https://pubchem.ncbi.nlm.nih.gov/compound/679
ARMS_BelgiumCoast_AJJC86_20200506_20201012_MF500_s1_r1:Otu102,lowerLimitFilterSize,micrometer,500,http://vocab.nerc.ac.uk/collection/Q01/current/Q0100011/,https://vocab.nerc.ac.uk/collection/P06/current/UMIC/,
ARMS_BelgiumCoast_AJJC86_20200506_20201012_MF500_s1_r1:Otu102,sampleAccessionNumber,,SAMEA10020979,,,
ARMS_BelgiumCoast_AJJC86_20200506_20201012_MF500_s1_r1:Otu102,NCBIID,,298417,,,
ARMS_BelgiumCoast_AJJC86_20200506_20201012_MF500_s1_r1:Otu102,NCBIScientificName,,Euryte,,,
ARMS_BelgiumCoast_AJJC86_20200506_20201012_MF500_s1_r1:Otu102,NCBITaxonRank,,genus,,,
ARMS_BelgiumCoast_AJJC86_20200506_20201012_MF500_s1_r1:Otu102,fieldReplicateID,,no replicate,http://vocab.nerc.ac.uk/collection/P01/current/IDSPRE01,,
ARMS_BelgiumCoast_AJJC86_20200506_20201012_MF500_s1_r1:Otu102,technicalReplicateID,,,http://vocab.nerc.ac.uk/collection/P01/current/IDTCRE01,,
ARMS_BelgiumCoast_AJJC86_20200506_20201012_MF500_s1_r1:Otu108,submergedTime,day,159,http://vocab.nerc.ac.uk/collection/P01/current/AZDRZZ01/,https://vocab.nerc.ac.uk/collection/P06/current/UTAA/,
ARMS_BelgiumCoast_AJJC86_20200506_20201012_MF500_s1_r1:Otu108,preservativeUsed,,DMSO,http://vocab.nerc.ac.uk/collection/Q01/current/Q0100004/,,https://pubchem.ncbi.nlm.nih.gov/compound/679
ARMS_BelgiumCoast_AJJC86_20200506_20201012_MF500_s1_r1:Otu108,lowerLimitFilterSize,micrometer,500,http://vocab.nerc.ac.uk/collection/Q01/current/Q0100011/,https://vocab.nerc.ac.uk/collection/P06/current/UMIC/,
ARMS_BelgiumCoast_AJJC86_20200506_20201012_MF500_s1_r1:Otu108,sampleAccessionNumber,,SAMEA10020979,,,
ARMS_BelgiumCoast_AJJC86_20200506_20201012_MF500_s1_r1:Otu108,NCBIID,,51281,,,
ARMS_BelgiumCoast_AJJC86_20200506_20201012_MF500_s1_r1:Otu108,NCBIScientificName,,Protula,,,
ARMS_BelgiumCoast_AJJC86_20200506_20201012_MF500_s1_r1:Otu108,NCBITaxonRank,,genus,,,
ARMS_BelgiumCoast_AJJC86_20200506_20201012_MF500_s1_r1:Otu108,fieldReplicateID,,no replicate,http://vocab.nerc.ac.uk/collection/P01/current/IDSPRE01,,
ARMS_BelgiumCoast_AJJC86_20200506_20201012_MF500_s1_r1:Otu108,technicalReplicateID,,,http://vocab.nerc.ac.uk/collection/P01/current/IDTCRE01,,
ARMS_BelgiumCoast_AJJC86_20200506_20201012_MF500_s1_r1:Otu193,submergedTime,day,159,http://vocab.nerc.ac.uk/collection/P01/current/AZDRZZ01/,https://vocab.nerc.ac.uk/collection/P06/current/UTAA/,
ARMS_BelgiumCoast_AJJC86_20200506_20201012_MF500_s1_r1:Otu193,preservativeUsed,,DMSO,http://vocab.nerc.ac.uk/collection/Q01/current/Q0100004/,,https://pubchem.ncbi.nlm.nih.gov/compound/679
ARMS_BelgiumCoast_AJJC86_20200506_20201012_MF500_s1_r1:Otu193,lowerLimitFilterSize,micrometer,500,http://vocab.nerc.ac.uk/collection/Q01/current/Q0100011/,https://vocab.nerc.ac.uk/collection/P06/current/UMIC/,
ARMS_BelgiumCoast_AJJC86_20200506_20201012_MF500_s1_r1:Otu193,sampleAccessionNumber,,SAMEA10020979,,,
ARMS_BelgiumCoast_AJJC86_20200506_20201012_MF500_s1_r1:Otu193,NCBIID,,166041,,,
ARMS_BelgiumCoast_AJJC86_20200506_20201012_MF500_s1_r1:Otu193,NCBIScientificName,,Cephalothrix,,,
ARMS_BelgiumCoast_AJJC86_20200506_20201012_MF500_s1_r1:Otu193,NCBITaxonRank,,genus,,,
ARMS_BelgiumCoast_AJJC86_20200506_20201012_MF500_s1_r1:Otu193,fieldReplicateID,,no replicate,http://vocab.nerc.ac.uk/collection/P01/current/IDSPRE01,,
ARMS_BelgiumCoast_AJJC86_20200506_20201012_MF500_s1_r1:Otu193,technicalReplicateID,,,http://vocab.nerc.ac.uk/collection/P01/current/IDTCRE01,,
ARMS_BelgiumCoast_AJJC86_20200506_20201012_MF500_s1_r1:Otu94,submergedTime,day,159,http://vocab.nerc.ac.uk/collection/P01/current/AZDRZZ01/,https://vocab.nerc.ac.uk/collection/P06/current/UTAA/,
ARMS_BelgiumCoast_AJJC86_20200506_20201012_MF500_s1_r1:Otu94,preservativeUsed,,DMSO,http://vocab.nerc.ac.uk/collection/Q01/current/Q0100004/,,https://pubchem.ncbi.nlm.nih.gov/compound/679
ARMS_BelgiumCoast_AJJC86_20200506_20201012_MF500_s1_r1:Otu94,lowerLimitFilterSize,micrometer,500,http://vocab.nerc.ac.uk/collection/Q01/current/Q0100011/,https://vocab.nerc.ac.uk/collection/P06/current/UMIC/,
ARMS_BelgiumCoast_AJJC86_20200506_20201012_MF500_s1_r1:Otu94,sampleAccessionNumber,,SAMEA10020979,,,
ARMS_BelgiumCoast_AJJC86_20200506_20201012_MF500_s1_r1:Otu94,NCBIID,,4751,,,
ARMS_BelgiumCoast_AJJC86_20200506_20201012_MF500_s1_r1:Otu94,NCBIScientificName,,Fungi,,,
ARMS_BelgiumCoast_AJJC86_20200506_20201012_MF500_s1_r1:Otu94,NCBITaxonRank,,kingdom,,,
ARMS_BelgiumCoast_AJJC86_20200506_20201012_MF500_s1_r1:Otu94,fieldReplicateID,,no replicate,http://vocab.nerc.ac.uk/collection/P01/current/IDSPRE01,,
ARMS_BelgiumCoast_AJJC86_20200506_20201012_MF500_s1_r1:Otu94,technicalReplicateID,,,http://vocab.nerc.ac.uk/collection/P01/current/IDTCRE01,,
ARMS_BelgiumCoast_AJJC86_20200506_20201012_MF500_s1_r1:Otu141,submergedTime,day,159,http://vocab.nerc.ac.uk/collection/P01/current/AZDRZZ01/,https://vocab.nerc.ac.uk/collection/P06/current/UTAA/,
ARMS_BelgiumCoast_AJJC86_20200506_20201012_MF500_s1_r1:Otu141,preservativeUsed,,DMSO,http://vocab.nerc.ac.uk/collection/Q01/current/Q0100004/,,https://pubchem.ncbi.nlm.nih.gov/compound/679
ARMS_BelgiumCoast_AJJC86_20200506_20201012_MF500_s1_r1:Otu141,lowerLimitFilterSize,micrometer,500,http://vocab.nerc.ac.uk/collection/Q01/current/Q0100011/,https://vocab.nerc.ac.uk/collection/P06/current/UMIC/,
ARMS_BelgiumCoast_AJJC86_20200506_20201012_MF500_s1_r1:Otu141,sampleAccessionNumber,,SAMEA10020979,,,
ARMS_BelgiumCoast_AJJC86_20200506_20201012_MF500_s1_r1:Otu141,NCBIID,,89593,,,
ARMS_BelgiumCoast_AJJC86_20200506_20201012_MF500_s1_r1:Otu141,NCBIScientificName,,Craniata,,,
ARMS_BelgiumCoast_AJJC86_20200506_20201012_MF500_s1_r1:Otu141,NCBITaxonRank,,subphylum,,,
ARMS_BelgiumCoast_AJJC86_20200506_20201012_MF500_s1_r1:Otu141,fieldReplicateID,,no replicate,http://vocab.nerc.ac.uk/collection/P01/current/IDSPRE01,,
ARMS_BelgiumCoast_AJJC86_20200506_20201012_MF500_s1_r1:Otu141,technicalReplicateID,,,http://vocab.nerc.ac.uk/collection/P01/current/IDTCRE01,,
ARMS_BelgiumCoast_AJJC86_20200506_20201012_MF500_s1_r1:Otu146,submergedTime,day,159,http://vocab.nerc.ac.uk/collection/P01/current/AZDRZZ01/,https://vocab.nerc.ac.uk/collection/P06/current/UTAA/,
ARMS_BelgiumCoast_AJJC86_20200506_20201012_MF500_s1_r1:Otu146,preservativeUsed,,DMSO,http://vocab.nerc.ac.uk/collection/Q01/current/Q0100004/,,https://pubchem.ncbi.nlm.nih.gov/compound/679
ARMS_BelgiumCoast_AJJC86_20200506_20201012_MF500_s1_r1:Otu146,lowerLimitFilterSize,micrometer,500,http://vocab.nerc.ac.uk/collection/Q01/current/Q0100011/,https://vocab.nerc.ac.uk/collection/P06/current/UMIC/,
ARMS_BelgiumCoast_AJJC86_20200506_20201012_MF500_s1_r1:Otu146,sampleAccessionNumber,,SAMEA10020979,,,
ARMS_BelgiumCoast_AJJC86_20200506_20201012_MF500_s1_r1:Otu146,NCBIID,,106218,,,
ARMS_BelgiumCoast_AJJC86_20200506_20201012_MF500_s1_r1:Otu146,NCBIScientificName,,Pectinoida,,,
ARMS_BelgiumCoast_AJJC86_20200506_20201012_MF500_s1_r1:Otu146,NCBITaxonRank,,order,,,
ARMS_BelgiumCoast_AJJC86_20200506_20201012_MF500_s1_r1:Otu146,fieldReplicateID,,no replicate,http://vocab.nerc.ac.uk/collection/P01/current/IDSPRE01,,
ARMS_BelgiumCoast_AJJC86_20200506_20201012_MF500_s1_r1:Otu146,technicalReplicateID,,,http://vocab.nerc.ac.uk/collection/P01/current/IDTCRE01,,
ARMS_BelgiumCoast_AJJC86_20200506_20201012_MF500_s1_r1:Otu44,submergedTime,day,159,http://vocab.nerc.ac.uk/collection/P01/current/AZDRZZ01/,https://vocab.nerc.ac.uk/collection/P06/current/UTAA/,
ARMS_BelgiumCoast_AJJC86_20200506_20201012_MF500_s1_r1:Otu44,preservativeUsed,,DMSO,http://vocab.nerc.ac.uk/collection/Q01/current/Q0100004/,,https://pubchem.ncbi.nlm.nih.gov/compound/679
ARMS_BelgiumCoast_AJJC86_20200506_20201012_MF500_s1_r1:Otu44,lowerLimitFilterSize,micrometer,500,http://vocab.nerc.ac.uk/collection/Q01/current/Q0100011/,https://vocab.nerc.ac.uk/collection/P06/current/UMIC/,
ARMS_BelgiumCoast_AJJC86_20200506_20201012_MF500_s1_r1:Otu44,sampleAccessionNumber,,SAMEA10020979,,,
ARMS_BelgiumCoast_AJJC86_20200506_20201012_MF500_s1_r1:Otu44,NCBIID,,33836,,,
ARMS_BelgiumCoast_AJJC86_20200506_20201012_MF500_s1_r1:Otu44,NCBIScientificName,,Radial-centric-basal-Coscinodiscophyceae,,,
ARMS_BelgiumCoast_AJJC86_20200506_20201012_MF500_s1_r1:Otu44,NCBITaxonRank,,class,,,
ARMS_BelgiumCoast_AJJC86_20200506_20201012_MF500_s1_r1:Otu44,fieldReplicateID,,no replicate,http://vocab.nerc.ac.uk/collection/P01/current/IDSPRE01,,
ARMS_BelgiumCoast_AJJC86_20200506_20201012_MF500_s1_r1:Otu44,technicalReplicateID,,,http://vocab.nerc.ac.uk/collection/P01/current/IDTCRE01,,
ARMS_BelgiumCoast_AJJC86_20200506_20201012_MF500_s1_r1:Otu53,submergedTime,day,159,http://vocab.nerc.ac.uk/collection/P01/current/AZDRZZ01/,https://vocab.nerc.ac.uk/collection/P06/current/UTAA/,
ARMS_BelgiumCoast_AJJC86_20200506_20201012_MF500_s1_r1:Otu53,preservativeUsed,,DMSO,http://vocab.nerc.ac.uk/collection/Q01/current/Q0100004/,,https://pubchem.ncbi.nlm.nih.gov/compound/679
ARMS_BelgiumCoast_AJJC86_20200506_20201012_MF500_s1_r1:Otu53,lowerLimitFilterSize,micrometer,500,http://vocab.nerc.ac.uk/collection/Q01/current/Q0100011/,https://vocab.nerc.ac.uk/collection/P06/current/UMIC/,
ARMS_BelgiumCoast_AJJC86_20200506_20201012_MF500_s1_r1:Otu53,sampleAccessionNumber,,SAMEA10020979,,,
ARMS_BelgiumCoast_AJJC86_20200506_20201012_MF500_s1_r1:Otu53,NCBIID,,2864,,,
ARMS_BelgiumCoast_AJJC86_20200506_20201012_MF500_s1_r1:Otu53,NCBIScientificName,,Dinophyceae,,,
ARMS_BelgiumCoast_AJJC86_20200506_20201012_MF500_s1_r1:Otu53,NCBITaxonRank,,class,,,
ARMS_BelgiumCoast_AJJC86_20200506_20201012_MF500_s1_r1:Otu53,fieldReplicateID,,no replicate,http://vocab.nerc.ac.uk/collection/P01/current/IDSPRE01,,
ARMS_BelgiumCoast_AJJC86_20200506_20201012_MF500_s1_r1:Otu53,technicalReplicateID,,,http://vocab.nerc.ac.uk/collection/P01/current/IDTCRE01,,
ARMS_BelgiumCoast_AJJC86_20200506_20201012_MF500_s1_r1:Otu138,submergedTime,day,159,http://vocab.nerc.ac.uk/collection/P01/current/AZDRZZ01/,https://vocab.nerc.ac.uk/collection/P06/current/UTAA/,
ARMS_BelgiumCoast_AJJC86_20200506_20201012_MF500_s1_r1:Otu138,preservativeUsed,,DMSO,http://vocab.nerc.ac.uk/collection/Q01/current/Q0100004/,,https://pubchem.ncbi.nlm.nih.gov/compound/679
ARMS_BelgiumCoast_AJJC86_20200506_20201012_MF500_s1_r1:Otu138,lowerLimitFilterSize,micrometer,500,http://vocab.nerc.ac.uk/collection/Q01/current/Q0100011/,https://vocab.nerc.ac.uk/collection/P06/current/UMIC/,
ARMS_BelgiumCoast_AJJC86_20200506_20201012_MF500_s1_r1:Otu138,sampleAccessionNumber,,SAMEA10020979,,,
ARMS_BelgiumCoast_AJJC86_20200506_20201012_MF500_s1_r1:Otu138,NCBIID,,253171,,,
ARMS_BelgiumCoast_AJJC86_20200506_20201012_MF500_s1_r1:Otu138,NCBIScientificName,,Halisarca,,,
ARMS_BelgiumCoast_AJJC86_20200506_20201012_MF500_s1_r1:Otu138,NCBITaxonRank,,genus,,,
ARMS_BelgiumCoast_AJJC86_20200506_20201012_MF500_s1_r1:Otu138,fieldReplicateID,,no replicate,http://vocab.nerc.ac.uk/collection/P01/current/IDSPRE01,,
ARMS_BelgiumCoast_AJJC86_20200506_20201012_MF500_s1_r1:Otu138,technicalReplicateID,,,http://vocab.nerc.ac.uk/collection/P01/current/IDTCRE01,,
ARMS_BelgiumCoast_AJJC86_20200506_20201012_MF500_s1_r1:Otu17,submergedTime,day,159,http://vocab.nerc.ac.uk/collection/P01/current/AZDRZZ01/,https://vocab.nerc.ac.uk/collection/P06/current/UTAA/,
ARMS_BelgiumCoast_AJJC86_20200506_20201012_MF500_s1_r1:Otu17,preservativeUsed,,DMSO,http://vocab.nerc.ac.uk/collection/Q01/current/Q0100004/,,https://pubchem.ncbi.nlm.nih.gov/compound/679
ARMS_BelgiumCoast_AJJC86_20200506_20201012_MF500_s1_r1:Otu17,lowerLimitFilterSize,micrometer,500,http://vocab.nerc.ac.uk/collection/Q01/current/Q0100011/,https://vocab.nerc.ac.uk/collection/P06/current/UMIC/,
ARMS_BelgiumCoast_AJJC86_20200506_20201012_MF500_s1_r1:Otu17,sampleAccessionNumber,,SAMEA10020979,,,
ARMS_BelgiumCoast_AJJC86_20200506_20201012_MF500_s1_r1:Otu17,NCBIID,,6546,,,
ARMS_BelgiumCoast_AJJC86_20200506_20201012_MF500_s1_r1:Otu17,NCBIScientificName,,Mytiloida,,,
ARMS_BelgiumCoast_AJJC86_20200506_20201012_MF500_s1_r1:Otu17,NCBITaxonRank,,order,,,
ARMS_BelgiumCoast_AJJC86_20200506_20201012_MF500_s1_r1:Otu17,fieldReplicateID,,no replicate,http://vocab.nerc.ac.uk/collection/P01/current/IDSPRE01,,
ARMS_BelgiumCoast_AJJC86_20200506_20201012_MF500_s1_r1:Otu17,technicalReplicateID,,,http://vocab.nerc.ac.uk/collection/P01/current/IDTCRE01,,
ARMS_BelgiumCoast_AJJC86_20200506_20201012_MF500_s1_r1:Otu18,submergedTime,day,159,http://vocab.nerc.ac.uk/collection/P01/current/AZDRZZ01/,https://vocab.nerc.ac.uk/collection/P06/current/UTAA/,
ARMS_BelgiumCoast_AJJC86_20200506_20201012_MF500_s1_r1:Otu18,preservativeUsed,,DMSO,http://vocab.nerc.ac.uk/collection/Q01/current/Q0100004/,,https://pubchem.ncbi.nlm.nih.gov/compound/679
ARMS_BelgiumCoast_AJJC86_20200506_20201012_MF500_s1_r1:Otu18,lowerLimitFilterSize,micrometer,500,http://vocab.nerc.ac.uk/collection/Q01/current/Q0100011/,https://vocab.nerc.ac.uk/collection/P06/current/UMIC/,
ARMS_BelgiumCoast_AJJC86_20200506_20201012_MF500_s1_r1:Otu18,sampleAccessionNumber,,SAMEA10020979,,,
ARMS_BelgiumCoast_AJJC86_20200506_20201012_MF500_s1_r1:Otu18,NCBIID,,6340,,,
ARMS_BelgiumCoast_AJJC86_20200506_20201012_MF500_s1_r1:Otu18,NCBIScientificName,,Annelida,,,
ARMS_BelgiumCoast_AJJC86_20200506_20201012_MF500_s1_r1:Otu18,NCBITaxonRank,,phylum,,,
ARMS_BelgiumCoast_AJJC86_20200506_20201012_MF500_s1_r1:Otu18,fieldReplicateID,,no replicate,http://vocab.nerc.ac.uk/collection/P01/current/IDSPRE01,,
ARMS_BelgiumCoast_AJJC86_20200506_20201012_MF500_s1_r1:Otu18,technicalReplicateID,,,http://vocab.nerc.ac.uk/collection/P01/current/IDTCRE01,,
ARMS_BelgiumCoast_AJJC86_20200506_20201012_MF500_s1_r1:Otu19,submergedTime,day,159,http://vocab.nerc.ac.uk/collection/P01/current/AZDRZZ01/,https://vocab.nerc.ac.uk/collection/P06/current/UTAA/,
ARMS_BelgiumCoast_AJJC86_20200506_20201012_MF500_s1_r1:Otu19,preservativeUsed,,DMSO,http://vocab.nerc.ac.uk/collection/Q01/current/Q0100004/,,https://pubchem.ncbi.nlm.nih.gov/compound/679
ARMS_BelgiumCoast_AJJC86_20200506_20201012_MF500_s1_r1:Otu19,lowerLimitFilterSize,micrometer,500,http://vocab.nerc.ac.uk/collection/Q01/current/Q0100011/,https://vocab.nerc.ac.uk/collection/P06/current/UMIC/,
ARMS_BelgiumCoast_AJJC86_20200506_20201012_MF500_s1_r1:Otu19,sampleAccessionNumber,,SAMEA10020979,,,
ARMS_BelgiumCoast_AJJC86_20200506_20201012_MF500_s1_r1:Otu19,NCBIID,,71176,,,
ARMS_BelgiumCoast_AJJC86_20200506_20201012_MF500_s1_r1:Otu19,NCBIScientificName,,Chelyosoma,,,
ARMS_BelgiumCoast_AJJC86_20200506_20201012_MF500_s1_r1:Otu19,NCBITaxonRank,,genus,,,
ARMS_BelgiumCoast_AJJC86_20200506_20201012_MF500_s1_r1:Otu19,fieldReplicateID,,no replicate,http://vocab.nerc.ac.uk/collection/P01/current/IDSPRE01,,
ARMS_BelgiumCoast_AJJC86_20200506_20201012_MF500_s1_r1:Otu19,technicalReplicateID,,,http://vocab.nerc.ac.uk/collection/P01/current/IDTCRE01,,
ARMS_BelgiumCoast_AJJCD78_20200506_20201012_MF100_s1_r1:Otu419,submergedTime,day,159,http://vocab.nerc.ac.uk/collection/P01/current/AZDRZZ01/,https://vocab.nerc.ac.uk/collection/P06/current/UTAA/,
ARMS_BelgiumCoast_AJJCD78_20200506_20201012_MF100_s1_r1:Otu419,preservativeUsed,,DMSO,http://vocab.nerc.ac.uk/collection/Q01/current/Q0100004/,,https://pubchem.ncbi.nlm.nih.gov/compound/679
ARMS_BelgiumCoast_AJJCD78_20200506_20201012_MF100_s1_r1:Otu419,lowerLimitFilterSize,micrometer,100,http://vocab.nerc.ac.uk/collection/Q01/current/Q0100011/,https://vocab.nerc.ac.uk/collection/P06/current/UMIC/,
ARMS_BelgiumCoast_AJJCD78_20200506_20201012_MF100_s1_r1:Otu419,sampleAccessionNumber,,SAMEA10020982,,,
ARMS_BelgiumCoast_AJJCD78_20200506_20201012_MF100_s1_r1:Otu419,NCBIID,,938102,,,
ARMS_BelgiumCoast_AJJCD78_20200506_20201012_MF100_s1_r1:Otu419,NCBIScientificName,,Cyclopina,,,
ARMS_BelgiumCoast_AJJCD78_20200506_20201012_MF100_s1_r1:Otu419,NCBITaxonRank,,genus,,,
ARMS_BelgiumCoast_AJJCD78_20200506_20201012_MF100_s1_r1:Otu419,fieldReplicateID,,no replicate,http://vocab.nerc.ac.uk/collection/P01/current/IDSPRE01,,
ARMS_BelgiumCoast_AJJCD78_20200506_20201012_MF100_s1_r1:Otu419,technicalReplicateID,,,http://vocab.nerc.ac.uk/collection/P01/current/IDTCRE01,,
ARMS_BelgiumCoast_AJJCD78_20200506_20201012_MF100_s1_r1:Otu174,submergedTime,day,159,http://vocab.nerc.ac.uk/collection/P01/current/AZDRZZ01/,https://vocab.nerc.ac.uk/collection/P06/current/UTAA/,
ARMS_BelgiumCoast_AJJCD78_20200506_20201012_MF100_s1_r1:Otu174,preservativeUsed,,DMSO,http://vocab.nerc.ac.uk/collection/Q01/current/Q0100004/,,https://pubchem.ncbi.nlm.nih.gov/compound/679
ARMS_BelgiumCoast_AJJCD78_20200506_20201012_MF100_s1_r1:Otu174,lowerLimitFilterSize,micrometer,100,http://vocab.nerc.ac.uk/collection/Q01/current/Q0100011/,https://vocab.nerc.ac.uk/collection/P06/current/UMIC/,
ARMS_BelgiumCoast_AJJCD78_20200506_20201012_MF100_s1_r1:Otu174,sampleAccessionNumber,,SAMEA10020982,,,
ARMS_BelgiumCoast_AJJCD78_20200506_20201012_MF100_s1_r1:Otu174,NCBIID,,1031332,,,
ARMS_BelgiumCoast_AJJCD78_20200506_20201012_MF100_s1_r1:Otu174,NCBIScientificName,,Cryptomycota,,,
ARMS_BelgiumCoast_AJJCD78_20200506_20201012_MF100_s1_r1:Otu174,NCBITaxonRank,,phylum,,,
ARMS_BelgiumCoast_AJJCD78_20200506_20201012_MF100_s1_r1:Otu174,fieldReplicateID,,no replicate,http://vocab.nerc.ac.uk/collection/P01/current/IDSPRE01,,
ARMS_BelgiumCoast_AJJCD78_20200506_20201012_MF100_s1_r1:Otu174,technicalReplicateID,,,http://vocab.nerc.ac.uk/collection/P01/current/IDTCRE01,,
ARMS_BelgiumCoast_AJJCD78_20200506_20201012_MF100_s1_r1:Otu356,submergedTime,day,159,http://vocab.nerc.ac.uk/collection/P01/current/AZDRZZ01/,https://vocab.nerc.ac.uk/collection/P06/current/UTAA/,
ARMS_BelgiumCoast_AJJCD78_20200506_20201012_MF100_s1_r1:Otu356,preservativeUsed,,DMSO,http://vocab.nerc.ac.uk/collection/Q01/current/Q0100004/,,https://pubchem.ncbi.nlm.nih.gov/compound/679
ARMS_BelgiumCoast_AJJCD78_20200506_20201012_MF100_s1_r1:Otu356,lowerLimitFilterSize,micrometer,100,http://vocab.nerc.ac.uk/collection/Q01/current/Q0100011/,https://vocab.nerc.ac.uk/collection/P06/current/UMIC/,
ARMS_BelgiumCoast_AJJCD78_20200506_20201012_MF100_s1_r1:Otu356,sampleAccessionNumber,,SAMEA10020982,,,
ARMS_BelgiumCoast_AJJCD78_20200506_20201012_MF100_s1_r1:Otu356,NCBIID,,158377,,,
ARMS_BelgiumCoast_AJJCD78_20200506_20201012_MF100_s1_r1:Otu356,NCBIScientificName,,Lecudinidae,,,
ARMS_BelgiumCoast_AJJCD78_20200506_20201012_MF100_s1_r1:Otu356,NCBITaxonRank,,family,,,
ARMS_BelgiumCoast_AJJCD78_20200506_20201012_MF100_s1_r1:Otu356,fieldReplicateID,,no replicate,http://vocab.nerc.ac.uk/collection/P01/current/IDSPRE01,,
ARMS_BelgiumCoast_AJJCD78_20200506_20201012_MF100_s1_r1:Otu356,technicalReplicateID,,,http://vocab.nerc.ac.uk/collection/P01/current/IDTCRE01,,
ARMS_BelgiumCoast_AJJCD78_20200506_20201012_MF100_s1_r1:Otu357,submergedTime,day,159,http://vocab.nerc.ac.uk/collection/P01/current/AZDRZZ01/,https://vocab.nerc.ac.uk/collection/P06/current/UTAA/,
ARMS_BelgiumCoast_AJJCD78_20200506_20201012_MF100_s1_r1:Otu357,preservativeUsed,,DMSO,http://vocab.nerc.ac.uk/collection/Q01/current/Q0100004/,,https://pubchem.ncbi.nlm.nih.gov/compound/679
ARMS_BelgiumCoast_AJJCD78_20200506_20201012_MF100_s1_r1:Otu357,lowerLimitFilterSize,micrometer,100,http://vocab.nerc.ac.uk/collection/Q01/current/Q0100011/,https://vocab.nerc.ac.uk/collection/P06/current/UMIC/,
ARMS_BelgiumCoast_AJJCD78_20200506_20201012_MF100_s1_r1:Otu357,sampleAccessionNumber,,SAMEA10020982,,,
ARMS_BelgiumCoast_AJJCD78_20200506_20201012_MF100_s1_r1:Otu357,NCBIID,,4762,,,
ARMS_BelgiumCoast_AJJCD78_20200506_20201012_MF100_s1_r1:Otu357,NCBIScientificName,,Oomycota,,,
ARMS_BelgiumCoast_AJJCD78_20200506_20201012_MF100_s1_r1:Otu357,NCBITaxonRank,,phylum,,,
ARMS_BelgiumCoast_AJJCD78_20200506_20201012_MF100_s1_r1:Otu357,fieldReplicateID,,no replicate,http://vocab.nerc.ac.uk/collection/P01/current/IDSPRE01,,
ARMS_BelgiumCoast_AJJCD78_20200506_20201012_MF100_s1_r1:Otu357,technicalReplicateID,,,http://vocab.nerc.ac.uk/collection/P01/current/IDTCRE01,,
ARMS_BelgiumCoast_AJJCD78_20200506_20201012_MF100_s1_r1:Otu65,submergedTime,day,159,http://vocab.nerc.ac.uk/collection/P01/current/AZDRZZ01/,https://vocab.nerc.ac.uk/collection/P06/current/UTAA/,
ARMS_BelgiumCoast_AJJCD78_20200506_20201012_MF100_s1_r1:Otu65,preservativeUsed,,DMSO,http://vocab.nerc.ac.uk/collection/Q01/current/Q0100004/,,https://pubchem.ncbi.nlm.nih.gov/compound/679
ARMS_BelgiumCoast_AJJCD78_20200506_20201012_MF100_s1_r1:Otu65,lowerLimitFilterSize,micrometer,100,http://vocab.nerc.ac.uk/collection/Q01/current/Q0100011/,https://vocab.nerc.ac.uk/collection/P06/current/UMIC/,
ARMS_BelgiumCoast_AJJCD78_20200506_20201012_MF100_s1_r1:Otu65,sampleAccessionNumber,,SAMEA10020982,,,
ARMS_BelgiumCoast_AJJCD78_20200506_20201012_MF100_s1_r1:Otu65,NCBIID,,6657,,,
ARMS_BelgiumCoast_AJJCD78_20200506_20201012_MF100_s1_r1:Otu65,NCBIScientificName,,Crustacea,,,
ARMS_BelgiumCoast_AJJCD78_20200506_20201012_MF100_s1_r1:Otu65,NCBITaxonRank,,subphylum,,,
ARMS_BelgiumCoast_AJJCD78_20200506_20201012_MF100_s1_r1:Otu65,fieldReplicateID,,no replicate,http://vocab.nerc.ac.uk/collection/P01/current/IDSPRE01,,
ARMS_BelgiumCoast_AJJCD78_20200506_20201012_MF100_s1_r1:Otu65,technicalReplicateID,,,http://vocab.nerc.ac.uk/collection/P01/current/IDTCRE01,,
ARMS_BelgiumCoast_AJJCD78_20200506_20201012_MF100_s1_r1:Otu69,submergedTime,day,159,http://vocab.nerc.ac.uk/collection/P01/current/AZDRZZ01/,https://vocab.nerc.ac.uk/collection/P06/current/UTAA/,
ARMS_BelgiumCoast_AJJCD78_20200506_20201012_MF100_s1_r1:Otu69,preservativeUsed,,DMSO,http://vocab.nerc.ac.uk/collection/Q01/current/Q0100004/,,https://pubchem.ncbi.nlm.nih.gov/compound/679
ARMS_BelgiumCoast_AJJCD78_20200506_20201012_MF100_s1_r1:Otu69,lowerLimitFilterSize,micrometer,100,http://vocab.nerc.ac.uk/collection/Q01/current/Q0100011/,https://vocab.nerc.ac.uk/collection/P06/current/UMIC/,
ARMS_BelgiumCoast_AJJCD78_20200506_20201012_MF100_s1_r1:Otu69,sampleAccessionNumber,,SAMEA10020982,,,
ARMS_BelgiumCoast_AJJCD78_20200506_20201012_MF100_s1_r1:Otu69,NCBIID,,198478,,,
ARMS_BelgiumCoast_AJJCD78_20200506_20201012_MF100_s1_r1:Otu69,NCBIScientificName,,Lecudina,,,
ARMS_BelgiumCoast_AJJCD78_20200506_20201012_MF100_s1_r1:Otu69,NCBITaxonRank,,genus,,,
ARMS_BelgiumCoast_AJJCD78_20200506_20201012_MF100_s1_r1:Otu69,fieldReplicateID,,no replicate,http://vocab.nerc.ac.uk/collection/P01/current/IDSPRE01,,
ARMS_BelgiumCoast_AJJCD78_20200506_20201012_MF100_s1_r1:Otu69,technicalReplicateID,,,http://vocab.nerc.ac.uk/collection/P01/current/IDTCRE01,,
ARMS_BelgiumCoast_AJJCD78_20200506_20201012_MF100_s1_r1:Otu301,submergedTime,day,159,http://vocab.nerc.ac.uk/collection/P01/current/AZDRZZ01/,https://vocab.nerc.ac.uk/collection/P06/current/UTAA/,
ARMS_BelgiumCoast_AJJCD78_20200506_20201012_MF100_s1_r1:Otu301,preservativeUsed,,DMSO,http://vocab.nerc.ac.uk/collection/Q01/current/Q0100004/,,https://pubchem.ncbi.nlm.nih.gov/compound/679
ARMS_BelgiumCoast_AJJCD78_20200506_20201012_MF100_s1_r1:Otu301,lowerLimitFilterSize,micrometer,100,http://vocab.nerc.ac.uk/collection/Q01/current/Q0100011/,https://vocab.nerc.ac.uk/collection/P06/current/UMIC/,
ARMS_BelgiumCoast_AJJCD78_20200506_20201012_MF100_s1_r1:Otu301,sampleAccessionNumber,,SAMEA10020982,,,
ARMS_BelgiumCoast_AJJCD78_20200506_20201012_MF100_s1_r1:Otu301,NCBIID,,230408,,,
ARMS_BelgiumCoast_AJJCD78_20200506_20201012_MF100_s1_r1:Otu301,NCBIScientificName,,Pirsonia,,,
ARMS_BelgiumCoast_AJJCD78_20200506_20201012_MF100_s1_r1:Otu301,NCBITaxonRank,,genus,,,
ARMS_BelgiumCoast_AJJCD78_20200506_20201012_MF100_s1_r1:Otu301,fieldReplicateID,,no replicate,http://vocab.nerc.ac.uk/collection/P01/current/IDSPRE01,,
ARMS_BelgiumCoast_AJJCD78_20200506_20201012_MF100_s1_r1:Otu301,technicalReplicateID,,,http://vocab.nerc.ac.uk/collection/P01/current/IDTCRE01,,
ARMS_BelgiumCoast_AJJCD78_20200506_20201012_MF100_s1_r1:Otu114,submergedTime,day,159,http://vocab.nerc.ac.uk/collection/P01/current/AZDRZZ01/,https://vocab.nerc.ac.uk/collection/P06/current/UTAA/,
ARMS_BelgiumCoast_AJJCD78_20200506_20201012_MF100_s1_r1:Otu114,preservativeUsed,,DMSO,http://vocab.nerc.ac.uk/collection/Q01/current/Q0100004/,,https://pubchem.ncbi.nlm.nih.gov/compound/679
ARMS_BelgiumCoast_AJJCD78_20200506_20201012_MF100_s1_r1:Otu114,lowerLimitFilterSize,micrometer,100,http://vocab.nerc.ac.uk/collection/Q01/current/Q0100011/,https://vocab.nerc.ac.uk/collection/P06/current/UMIC/,
ARMS_BelgiumCoast_AJJCD78_20200506_20201012_MF100_s1_r1:Otu114,sampleAccessionNumber,,SAMEA10020982,,,
ARMS_BelgiumCoast_AJJCD78_20200506_20201012_MF100_s1_r1:Otu114,NCBIID,,43120,,,
ARMS_BelgiumCoast_AJJCD78_20200506_20201012_MF100_s1_r1:Otu114,NCBIScientificName,,Entoprocta,,,
ARMS_BelgiumCoast_AJJCD78_20200506_20201012_MF100_s1_r1:Otu114,NCBITaxonRank,,phylum,,,
ARMS_BelgiumCoast_AJJCD78_20200506_20201012_MF100_s1_r1:Otu114,fieldReplicateID,,no replicate,http://vocab.nerc.ac.uk/collection/P01/current/IDSPRE01,,
ARMS_BelgiumCoast_AJJCD78_20200506_20201012_MF100_s1_r1:Otu114,technicalReplicateID,,,http://vocab.nerc.ac.uk/collection/P01/current/IDTCRE01,,
ARMS_BelgiumCoast_AJJCD78_20200506_20201012_MF100_s1_r1:Otu111,submergedTime,day,159,http://vocab.nerc.ac.uk/collection/P01/current/AZDRZZ01/,https://vocab.nerc.ac.uk/collection/P06/current/UTAA/,
ARMS_BelgiumCoast_AJJCD78_20200506_20201012_MF100_s1_r1:Otu111,preservativeUsed,,DMSO,http://vocab.nerc.ac.uk/collection/Q01/current/Q0100004/,,https://pubchem.ncbi.nlm.nih.gov/compound/679
ARMS_BelgiumCoast_AJJCD78_20200506_20201012_MF100_s1_r1:Otu111,lowerLimitFilterSize,micrometer,100,http://vocab.nerc.ac.uk/collection/Q01/current/Q0100011/,https://vocab.nerc.ac.uk/collection/P06/current/UMIC/,
ARMS_BelgiumCoast_AJJCD78_20200506_20201012_MF100_s1_r1:Otu111,sampleAccessionNumber,,SAMEA10020982,,,
ARMS_BelgiumCoast_AJJCD78_20200506_20201012_MF100_s1_r1:Otu111,NCBIID,,35493,,,
ARMS_BelgiumCoast_AJJCD78_20200506_20201012_MF100_s1_r1:Otu111,NCBIScientificName,,Streptophyta,,,
ARMS_BelgiumCoast_AJJCD78_20200506_20201012_MF100_s1_r1:Otu111,NCBITaxonRank,,phylum,,,
ARMS_BelgiumCoast_AJJCD78_20200506_20201012_MF100_s1_r1:Otu111,fieldReplicateID,,no replicate,http://vocab.nerc.ac.uk/collection/P01/current/IDSPRE01,,
ARMS_BelgiumCoast_AJJCD78_20200506_20201012_MF100_s1_r1:Otu111,technicalReplicateID,,,http://vocab.nerc.ac.uk/collection/P01/current/IDTCRE01,,
ARMS_BelgiumCoast_AJJCD78_20200506_20201012_MF100_s1_r1:Otu33,submergedTime,day,159,http://vocab.nerc.ac.uk/collection/P01/current/AZDRZZ01/,https://vocab.nerc.ac.uk/collection/P06/current/UTAA/,
ARMS_BelgiumCoast_AJJCD78_20200506_20201012_MF100_s1_r1:Otu33,preservativeUsed,,DMSO,http://vocab.nerc.ac.uk/collection/Q01/current/Q0100004/,,https://pubchem.ncbi.nlm.nih.gov/compound/679
ARMS_BelgiumCoast_AJJCD78_20200506_20201012_MF100_s1_r1:Otu33,lowerLimitFilterSize,micrometer,100,http://vocab.nerc.ac.uk/collection/Q01/current/Q0100011/,https://vocab.nerc.ac.uk/collection/P06/current/UMIC/,
ARMS_BelgiumCoast_AJJCD78_20200506_20201012_MF100_s1_r1:Otu33,sampleAccessionNumber,,SAMEA10020982,,,
ARMS_BelgiumCoast_AJJCD78_20200506_20201012_MF100_s1_r1:Otu33,NCBIID,,4751,,,
ARMS_BelgiumCoast_AJJCD78_20200506_20201012_MF100_s1_r1:Otu33,NCBIScientificName,,Fungi,,,
ARMS_BelgiumCoast_AJJCD78_20200506_20201012_MF100_s1_r1:Otu33,NCBITaxonRank,,kingdom,,,
ARMS_BelgiumCoast_AJJCD78_20200506_20201012_MF100_s1_r1:Otu33,fieldReplicateID,,no replicate,http://vocab.nerc.ac.uk/collection/P01/current/IDSPRE01,,
ARMS_BelgiumCoast_AJJCD78_20200506_20201012_MF100_s1_r1:Otu33,technicalReplicateID,,,http://vocab.nerc.ac.uk/collection/P01/current/IDTCRE01,,
ARMS_BelgiumCoast_AJJCD78_20200506_20201012_MF100_s1_r1:Otu87,submergedTime,day,159,http://vocab.nerc.ac.uk/collection/P01/current/AZDRZZ01/,https://vocab.nerc.ac.uk/collection/P06/current/UTAA/,
ARMS_BelgiumCoast_AJJCD78_20200506_20201012_MF100_s1_r1:Otu87,preservativeUsed,,DMSO,http://vocab.nerc.ac.uk/collection/Q01/current/Q0100004/,,https://pubchem.ncbi.nlm.nih.gov/compound/679
ARMS_BelgiumCoast_AJJCD78_20200506_20201012_MF100_s1_r1:Otu87,lowerLimitFilterSize,micrometer,100,http://vocab.nerc.ac.uk/collection/Q01/current/Q0100011/,https://vocab.nerc.ac.uk/collection/P06/current/UMIC/,
ARMS_BelgiumCoast_AJJCD78_20200506_20201012_MF100_s1_r1:Otu87,sampleAccessionNumber,,SAMEA10020982,,,
ARMS_BelgiumCoast_AJJCD78_20200506_20201012_MF100_s1_r1:Otu87,NCBIID,,452283,,,
ARMS_BelgiumCoast_AJJCD78_20200506_20201012_MF100_s1_r1:Otu87,NCBIScientificName,,Exobasidiomycetes,,,
ARMS_BelgiumCoast_AJJCD78_20200506_20201012_MF100_s1_r1:Otu87,NCBITaxonRank,,class,,,
ARMS_BelgiumCoast_AJJCD78_20200506_20201012_MF100_s1_r1:Otu87,fieldReplicateID,,no replicate,http://vocab.nerc.ac.uk/collection/P01/current/IDSPRE01,,
ARMS_BelgiumCoast_AJJCD78_20200506_20201012_MF100_s1_r1:Otu87,technicalReplicateID,,,http://vocab.nerc.ac.uk/collection/P01/current/IDTCRE01,,
ARMS_BelgiumCoast_AJJCD78_20200506_20201012_MF100_s1_r1:Otu74,submergedTime,day,159,http://vocab.nerc.ac.uk/collection/P01/current/AZDRZZ01/,https://vocab.nerc.ac.uk/collection/P06/current/UTAA/,
ARMS_BelgiumCoast_AJJCD78_20200506_20201012_MF100_s1_r1:Otu74,preservativeUsed,,DMSO,http://vocab.nerc.ac.uk/collection/Q01/current/Q0100004/,,https://pubchem.ncbi.nlm.nih.gov/compound/679
ARMS_BelgiumCoast_AJJCD78_20200506_20201012_MF100_s1_r1:Otu74,lowerLimitFilterSize,micrometer,100,http://vocab.nerc.ac.uk/collection/Q01/current/Q0100011/,https://vocab.nerc.ac.uk/collection/P06/current/UMIC/,
ARMS_BelgiumCoast_AJJCD78_20200506_20201012_MF100_s1_r1:Otu74,sampleAccessionNumber,,SAMEA10020982,,,
ARMS_BelgiumCoast_AJJCD78_20200506_20201012_MF100_s1_r1:Otu74,NCBIID,,947094,,,
ARMS_BelgiumCoast_AJJCD78_20200506_20201012_MF100_s1_r1:Otu74,NCBIScientificName,,Porosporidae,,,
ARMS_BelgiumCoast_AJJCD78_20200506_20201012_MF100_s1_r1:Otu74,NCBITaxonRank,,family,,,
ARMS_BelgiumCoast_AJJCD78_20200506_20201012_MF100_s1_r1:Otu74,fieldReplicateID,,no replicate,http://vocab.nerc.ac.uk/collection/P01/current/IDSPRE01,,
ARMS_BelgiumCoast_AJJCD78_20200506_20201012_MF100_s1_r1:Otu74,technicalReplicateID,,,http://vocab.nerc.ac.uk/collection/P01/current/IDTCRE01,,
ARMS_BelgiumCoast_AJJCD78_20200506_20201012_MF100_s1_r1:Otu234,submergedTime,day,159,http://vocab.nerc.ac.uk/collection/P01/current/AZDRZZ01/,https://vocab.nerc.ac.uk/collection/P06/current/UTAA/,
ARMS_BelgiumCoast_AJJCD78_20200506_20201012_MF100_s1_r1:Otu234,preservativeUsed,,DMSO,http://vocab.nerc.ac.uk/collection/Q01/current/Q0100004/,,https://pubchem.ncbi.nlm.nih.gov/compound/679
ARMS_BelgiumCoast_AJJCD78_20200506_20201012_MF100_s1_r1:Otu234,lowerLimitFilterSize,micrometer,100,http://vocab.nerc.ac.uk/collection/Q01/current/Q0100011/,https://vocab.nerc.ac.uk/collection/P06/current/UMIC/,
ARMS_BelgiumCoast_AJJCD78_20200506_20201012_MF100_s1_r1:Otu234,sampleAccessionNumber,,SAMEA10020982,,,
ARMS_BelgiumCoast_AJJCD78_20200506_20201012_MF100_s1_r1:Otu234,NCBIID,,6657,,,
ARMS_BelgiumCoast_AJJCD78_20200506_20201012_MF100_s1_r1:Otu234,NCBIScientificName,,Crustacea,,,
ARMS_BelgiumCoast_AJJCD78_20200506_20201012_MF100_s1_r1:Otu234,NCBITaxonRank,,subphylum,,,
ARMS_BelgiumCoast_AJJCD78_20200506_20201012_MF100_s1_r1:Otu234,fieldReplicateID,,no replicate,http://vocab.nerc.ac.uk/collection/P01/current/IDSPRE01,,
ARMS_BelgiumCoast_AJJCD78_20200506_20201012_MF100_s1_r1:Otu234,technicalReplicateID,,,http://vocab.nerc.ac.uk/collection/P01/current/IDTCRE01,,
ARMS_BelgiumCoast_AJJCD78_20200506_20201012_MF100_s1_r1:Otu9,submergedTime,day,159,http://vocab.nerc.ac.uk/collection/P01/current/AZDRZZ01/,https://vocab.nerc.ac.uk/collection/P06/current/UTAA/,
ARMS_BelgiumCoast_AJJCD78_20200506_20201012_MF100_s1_r1:Otu9,preservativeUsed,,DMSO,http://vocab.nerc.ac.uk/collection/Q01/current/Q0100004/,,https://pubchem.ncbi.nlm.nih.gov/compound/679
ARMS_BelgiumCoast_AJJCD78_20200506_20201012_MF100_s1_r1:Otu9,lowerLimitFilterSize,micrometer,100,http://vocab.nerc.ac.uk/collection/Q01/current/Q0100011/,https://vocab.nerc.ac.uk/collection/P06/current/UMIC/,
ARMS_BelgiumCoast_AJJCD78_20200506_20201012_MF100_s1_r1:Otu9,sampleAccessionNumber,,SAMEA10020982,,,
ARMS_BelgiumCoast_AJJCD78_20200506_20201012_MF100_s1_r1:Otu9,NCBIID,,6101,,,
ARMS_BelgiumCoast_AJJCD78_20200506_20201012_MF100_s1_r1:Otu9,NCBIScientificName,,Anthozoa,,,
ARMS_BelgiumCoast_AJJCD78_20200506_20201012_MF100_s1_r1:Otu9,NCBITaxonRank,,class,,,
ARMS_BelgiumCoast_AJJCD78_20200506_20201012_MF100_s1_r1:Otu9,fieldReplicateID,,no replicate,http://vocab.nerc.ac.uk/collection/P01/current/IDSPRE01,,
ARMS_BelgiumCoast_AJJCD78_20200506_20201012_MF100_s1_r1:Otu9,technicalReplicateID,,,http://vocab.nerc.ac.uk/collection/P01/current/IDTCRE01,,
ARMS_BelgiumCoast_AJJCD78_20200506_20201012_MF100_s1_r1:Otu2,submergedTime,day,159,http://vocab.nerc.ac.uk/collection/P01/current/AZDRZZ01/,https://vocab.nerc.ac.uk/collection/P06/current/UTAA/,
ARMS_BelgiumCoast_AJJCD78_20200506_20201012_MF100_s1_r1:Otu2,preservativeUsed,,DMSO,http://vocab.nerc.ac.uk/collection/Q01/current/Q0100004/,,https://pubchem.ncbi.nlm.nih.gov/compound/679
ARMS_BelgiumCoast_AJJCD78_20200506_20201012_MF100_s1_r1:Otu2,lowerLimitFilterSize,micrometer,100,http://vocab.nerc.ac.uk/collection/Q01/current/Q0100011/,https://vocab.nerc.ac.uk/collection/P06/current/UMIC/,
ARMS_BelgiumCoast_AJJCD78_20200506_20201012_MF100_s1_r1:Otu2,sampleAccessionNumber,,SAMEA10020982,,,
ARMS_BelgiumCoast_AJJCD78_20200506_20201012_MF100_s1_r1:Otu2,NCBIID,,7713,,,
ARMS_BelgiumCoast_AJJCD78_20200506_20201012_MF100_s1_r1:Otu2,NCBIScientificName,,Ascidiacea,,,
ARMS_BelgiumCoast_AJJCD78_20200506_20201012_MF100_s1_r1:Otu2,NCBITaxonRank,,class,,,
ARMS_BelgiumCoast_AJJCD78_20200506_20201012_MF100_s1_r1:Otu2,fieldReplicateID,,no replicate,http://vocab.nerc.ac.uk/collection/P01/current/IDSPRE01,,
ARMS_BelgiumCoast_AJJCD78_20200506_20201012_MF100_s1_r1:Otu2,technicalReplicateID,,,http://vocab.nerc.ac.uk/collection/P01/current/IDTCRE01,,
ARMS_BelgiumCoast_AJJCD78_20200506_20201012_MF100_s1_r1:Otu208,submergedTime,day,159,http://vocab.nerc.ac.uk/collection/P01/current/AZDRZZ01/,https://vocab.nerc.ac.uk/collection/P06/current/UTAA/,
ARMS_BelgiumCoast_AJJCD78_20200506_20201012_MF100_s1_r1:Otu208,preservativeUsed,,DMSO,http://vocab.nerc.ac.uk/collection/Q01/current/Q0100004/,,https://pubchem.ncbi.nlm.nih.gov/compound/679
ARMS_BelgiumCoast_AJJCD78_20200506_20201012_MF100_s1_r1:Otu208,lowerLimitFilterSize,micrometer,100,http://vocab.nerc.ac.uk/collection/Q01/current/Q0100011/,https://vocab.nerc.ac.uk/collection/P06/current/UMIC/,
ARMS_BelgiumCoast_AJJCD78_20200506_20201012_MF100_s1_r1:Otu208,sampleAccessionNumber,,SAMEA10020982,,,
ARMS_BelgiumCoast_AJJCD78_20200506_20201012_MF100_s1_r1:Otu208,NCBIID,,715295,,,
ARMS_BelgiumCoast_AJJCD78_20200506_20201012_MF100_s1_r1:Otu208,NCBIScientificName,,Ganymedidae,,,
ARMS_BelgiumCoast_AJJCD78_20200506_20201012_MF100_s1_r1:Otu208,NCBITaxonRank,,family,,,
ARMS_BelgiumCoast_AJJCD78_20200506_20201012_MF100_s1_r1:Otu208,fieldReplicateID,,no replicate,http://vocab.nerc.ac.uk/collection/P01/current/IDSPRE01,,
ARMS_BelgiumCoast_AJJCD78_20200506_20201012_MF100_s1_r1:Otu208,technicalReplicateID,,,http://vocab.nerc.ac.uk/collection/P01/current/IDTCRE01,,
ARMS_BelgiumCoast_AJJCD78_20200506_20201012_MF100_s1_r1:Otu102,submergedTime,day,159,http://vocab.nerc.ac.uk/collection/P01/current/AZDRZZ01/,https://vocab.nerc.ac.uk/collection/P06/current/UTAA/,
ARMS_BelgiumCoast_AJJCD78_20200506_20201012_MF100_s1_r1:Otu102,preservativeUsed,,DMSO,http://vocab.nerc.ac.uk/collection/Q01/current/Q0100004/,,https://pubchem.ncbi.nlm.nih.gov/compound/679
ARMS_BelgiumCoast_AJJCD78_20200506_20201012_MF100_s1_r1:Otu102,lowerLimitFilterSize,micrometer,100,http://vocab.nerc.ac.uk/collection/Q01/current/Q0100011/,https://vocab.nerc.ac.uk/collection/P06/current/UMIC/,
ARMS_BelgiumCoast_AJJCD78_20200506_20201012_MF100_s1_r1:Otu102,sampleAccessionNumber,,SAMEA10020982,,,
ARMS_BelgiumCoast_AJJCD78_20200506_20201012_MF100_s1_r1:Otu102,NCBIID,,298417,,,
ARMS_BelgiumCoast_AJJCD78_20200506_20201012_MF100_s1_r1:Otu102,NCBIScientificName,,Euryte,,,
ARMS_BelgiumCoast_AJJCD78_20200506_20201012_MF100_s1_r1:Otu102,NCBITaxonRank,,genus,,,
ARMS_BelgiumCoast_AJJCD78_20200506_20201012_MF100_s1_r1:Otu102,fieldReplicateID,,no replicate,http://vocab.nerc.ac.uk/collection/P01/current/IDSPRE01,,
ARMS_BelgiumCoast_AJJCD78_20200506_20201012_MF100_s1_r1:Otu102,technicalReplicateID,,,http://vocab.nerc.ac.uk/collection/P01/current/IDTCRE01,,
ARMS_BelgiumCoast_AJJCD78_20200506_20201012_MF100_s1_r1:Otu194,submergedTime,day,159,http://vocab.nerc.ac.uk/collection/P01/current/AZDRZZ01/,https://vocab.nerc.ac.uk/collection/P06/current/UTAA/,
ARMS_BelgiumCoast_AJJCD78_20200506_20201012_MF100_s1_r1:Otu194,preservativeUsed,,DMSO,http://vocab.nerc.ac.uk/collection/Q01/current/Q0100004/,,https://pubchem.ncbi.nlm.nih.gov/compound/679
ARMS_BelgiumCoast_AJJCD78_20200506_20201012_MF100_s1_r1:Otu194,lowerLimitFilterSize,micrometer,100,http://vocab.nerc.ac.uk/collection/Q01/current/Q0100011/,https://vocab.nerc.ac.uk/collection/P06/current/UMIC/,
ARMS_BelgiumCoast_AJJCD78_20200506_20201012_MF100_s1_r1:Otu194,sampleAccessionNumber,,SAMEA10020982,,,
ARMS_BelgiumCoast_AJJCD78_20200506_20201012_MF100_s1_r1:Otu194,NCBIID,,35493,,,
ARMS_BelgiumCoast_AJJCD78_20200506_20201012_MF100_s1_r1:Otu194,NCBIScientificName,,Streptophyta,,,
ARMS_BelgiumCoast_AJJCD78_20200506_20201012_MF100_s1_r1:Otu194,NCBITaxonRank,,phylum,,,
ARMS_BelgiumCoast_AJJCD78_20200506_20201012_MF100_s1_r1:Otu194,fieldReplicateID,,no replicate,http://vocab.nerc.ac.uk/collection/P01/current/IDSPRE01,,
ARMS_BelgiumCoast_AJJCD78_20200506_20201012_MF100_s1_r1:Otu194,technicalReplicateID,,,http://vocab.nerc.ac.uk/collection/P01/current/IDTCRE01,,
ARMS_BelgiumCoast_AJJCD78_20200506_20201012_MF100_s1_r1:Otu94,submergedTime,day,159,http://vocab.nerc.ac.uk/collection/P01/current/AZDRZZ01/,https://vocab.nerc.ac.uk/collection/P06/current/UTAA/,
ARMS_BelgiumCoast_AJJCD78_20200506_20201012_MF100_s1_r1:Otu94,preservativeUsed,,DMSO,http://vocab.nerc.ac.uk/collection/Q01/current/Q0100004/,,https://pubchem.ncbi.nlm.nih.gov/compound/679
ARMS_BelgiumCoast_AJJCD78_20200506_20201012_MF100_s1_r1:Otu94,lowerLimitFilterSize,micrometer,100,http://vocab.nerc.ac.uk/collection/Q01/current/Q0100011/,https://vocab.nerc.ac.uk/collection/P06/current/UMIC/,
ARMS_BelgiumCoast_AJJCD78_20200506_20201012_MF100_s1_r1:Otu94,sampleAccessionNumber,,SAMEA10020982,,,
ARMS_BelgiumCoast_AJJCD78_20200506_20201012_MF100_s1_r1:Otu94,NCBIID,,4751,,,
ARMS_BelgiumCoast_AJJCD78_20200506_20201012_MF100_s1_r1:Otu94,NCBIScientificName,,Fungi,,,
ARMS_BelgiumCoast_AJJCD78_20200506_20201012_MF100_s1_r1:Otu94,NCBITaxonRank,,kingdom,,,
ARMS_BelgiumCoast_AJJCD78_20200506_20201012_MF100_s1_r1:Otu94,fieldReplicateID,,no replicate,http://vocab.nerc.ac.uk/collection/P01/current/IDSPRE01,,
ARMS_BelgiumCoast_AJJCD78_20200506_20201012_MF100_s1_r1:Otu94,technicalReplicateID,,,http://vocab.nerc.ac.uk/collection/P01/current/IDTCRE01,,
ARMS_BelgiumCoast_AJJCD78_20200506_20201012_MF100_s1_r1:Otu92,submergedTime,day,159,http://vocab.nerc.ac.uk/collection/P01/current/AZDRZZ01/,https://vocab.nerc.ac.uk/collection/P06/current/UTAA/,
ARMS_BelgiumCoast_AJJCD78_20200506_20201012_MF100_s1_r1:Otu92,preservativeUsed,,DMSO,http://vocab.nerc.ac.uk/collection/Q01/current/Q0100004/,,https://pubchem.ncbi.nlm.nih.gov/compound/679
ARMS_BelgiumCoast_AJJCD78_20200506_20201012_MF100_s1_r1:Otu92,lowerLimitFilterSize,micrometer,100,http://vocab.nerc.ac.uk/collection/Q01/current/Q0100011/,https://vocab.nerc.ac.uk/collection/P06/current/UMIC/,
ARMS_BelgiumCoast_AJJCD78_20200506_20201012_MF100_s1_r1:Otu92,sampleAccessionNumber,,SAMEA10020982,,,
ARMS_BelgiumCoast_AJJCD78_20200506_20201012_MF100_s1_r1:Otu92,NCBIID,,147550,,,
ARMS_BelgiumCoast_AJJCD78_20200506_20201012_MF100_s1_r1:Otu92,NCBIScientificName,,Sordariomycetes,,,
ARMS_BelgiumCoast_AJJCD78_20200506_20201012_MF100_s1_r1:Otu92,NCBITaxonRank,,class,,,
ARMS_BelgiumCoast_AJJCD78_20200506_20201012_MF100_s1_r1:Otu92,fieldReplicateID,,no replicate,http://vocab.nerc.ac.uk/collection/P01/current/IDSPRE01,,
ARMS_BelgiumCoast_AJJCD78_20200506_20201012_MF100_s1_r1:Otu92,technicalReplicateID,,,http://vocab.nerc.ac.uk/collection/P01/current/IDTCRE01,,
ARMS_BelgiumCoast_AJJCD78_20200506_20201012_MF100_s1_r1:Otu141,submergedTime,day,159,http://vocab.nerc.ac.uk/collection/P01/current/AZDRZZ01/,https://vocab.nerc.ac.uk/collection/P06/current/UTAA/,
ARMS_BelgiumCoast_AJJCD78_20200506_20201012_MF100_s1_r1:Otu141,preservativeUsed,,DMSO,http://vocab.nerc.ac.uk/collection/Q01/current/Q0100004/,,https://pubchem.ncbi.nlm.nih.gov/compound/679
ARMS_BelgiumCoast_AJJCD78_20200506_20201012_MF100_s1_r1:Otu141,lowerLimitFilterSize,micrometer,100,http://vocab.nerc.ac.uk/collection/Q01/current/Q0100011/,https://vocab.nerc.ac.uk/collection/P06/current/UMIC/,
ARMS_BelgiumCoast_AJJCD78_20200506_20201012_MF100_s1_r1:Otu141,sampleAccessionNumber,,SAMEA10020982,,,
ARMS_BelgiumCoast_AJJCD78_20200506_20201012_MF100_s1_r1:Otu141,NCBIID,,89593,,,
ARMS_BelgiumCoast_AJJCD78_20200506_20201012_MF100_s1_r1:Otu141,NCBIScientificName,,Craniata,,,
ARMS_BelgiumCoast_AJJCD78_20200506_20201012_MF100_s1_r1:Otu141,NCBITaxonRank,,subphylum,,,
ARMS_BelgiumCoast_AJJCD78_20200506_20201012_MF100_s1_r1:Otu141,fieldReplicateID,,no replicate,http://vocab.nerc.ac.uk/collection/P01/current/IDSPRE01,,
ARMS_BelgiumCoast_AJJCD78_20200506_20201012_MF100_s1_r1:Otu141,technicalReplicateID,,,http://vocab.nerc.ac.uk/collection/P01/current/IDTCRE01,,
ARMS_BelgiumCoast_AJJCD78_20200506_20201012_MF100_s1_r1:Otu395,submergedTime,day,159,http://vocab.nerc.ac.uk/collection/P01/current/AZDRZZ01/,https://vocab.nerc.ac.uk/collection/P06/current/UTAA/,
ARMS_BelgiumCoast_AJJCD78_20200506_20201012_MF100_s1_r1:Otu395,preservativeUsed,,DMSO,http://vocab.nerc.ac.uk/collection/Q01/current/Q0100004/,,https://pubchem.ncbi.nlm.nih.gov/compound/679
ARMS_BelgiumCoast_AJJCD78_20200506_20201012_MF100_s1_r1:Otu395,lowerLimitFilterSize,micrometer,100,http://vocab.nerc.ac.uk/collection/Q01/current/Q0100011/,https://vocab.nerc.ac.uk/collection/P06/current/UMIC/,
ARMS_BelgiumCoast_AJJCD78_20200506_20201012_MF100_s1_r1:Otu395,sampleAccessionNumber,,SAMEA10020982,,,
ARMS_BelgiumCoast_AJJCD78_20200506_20201012_MF100_s1_r1:Otu395,NCBIID,,2864,,,
ARMS_BelgiumCoast_AJJCD78_20200506_20201012_MF100_s1_r1:Otu395,NCBIScientificName,,Dinoflagellata,,,
ARMS_BelgiumCoast_AJJCD78_20200506_20201012_MF100_s1_r1:Otu395,NCBITaxonRank,,class,,,
ARMS_BelgiumCoast_AJJCD78_20200506_20201012_MF100_s1_r1:Otu395,fieldReplicateID,,no replicate,http://vocab.nerc.ac.uk/collection/P01/current/IDSPRE01,,
ARMS_BelgiumCoast_AJJCD78_20200506_20201012_MF100_s1_r1:Otu395,technicalReplicateID,,,http://vocab.nerc.ac.uk/collection/P01/current/IDTCRE01,,
ARMS_BelgiumCoast_AJJCD78_20200506_20201012_MF100_s1_r1:Otu17,submergedTime,day,159,http://vocab.nerc.ac.uk/collection/P01/current/AZDRZZ01/,https://vocab.nerc.ac.uk/collection/P06/current/UTAA/,
ARMS_BelgiumCoast_AJJCD78_20200506_20201012_MF100_s1_r1:Otu17,preservativeUsed,,DMSO,http://vocab.nerc.ac.uk/collection/Q01/current/Q0100004/,,https://pubchem.ncbi.nlm.nih.gov/compound/679
ARMS_BelgiumCoast_AJJCD78_20200506_20201012_MF100_s1_r1:Otu17,lowerLimitFilterSize,micrometer,100,http://vocab.nerc.ac.uk/collection/Q01/current/Q0100011/,https://vocab.nerc.ac.uk/collection/P06/current/UMIC/,
ARMS_BelgiumCoast_AJJCD78_20200506_20201012_MF100_s1_r1:Otu17,sampleAccessionNumber,,SAMEA10020982,,,
ARMS_BelgiumCoast_AJJCD78_20200506_20201012_MF100_s1_r1:Otu17,NCBIID,,6546,,,
ARMS_BelgiumCoast_AJJCD78_20200506_20201012_MF100_s1_r1:Otu17,NCBIScientificName,,Mytiloida,,,
ARMS_BelgiumCoast_AJJCD78_20200506_20201012_MF100_s1_r1:Otu17,NCBITaxonRank,,order,,,
ARMS_BelgiumCoast_AJJCD78_20200506_20201012_MF100_s1_r1:Otu17,fieldReplicateID,,no replicate,http://vocab.nerc.ac.uk/collection/P01/current/IDSPRE01,,
ARMS_BelgiumCoast_AJJCD78_20200506_20201012_MF100_s1_r1:Otu17,technicalReplicateID,,,http://vocab.nerc.ac.uk/collection/P01/current/IDTCRE01,,
ARMS_BelgiumCoast_AJJCD78_20200506_20201012_MF100_s1_r1:Otu18,submergedTime,day,159,http://vocab.nerc.ac.uk/collection/P01/current/AZDRZZ01/,https://vocab.nerc.ac.uk/collection/P06/current/UTAA/,
ARMS_BelgiumCoast_AJJCD78_20200506_20201012_MF100_s1_r1:Otu18,preservativeUsed,,DMSO,http://vocab.nerc.ac.uk/collection/Q01/current/Q0100004/,,https://pubchem.ncbi.nlm.nih.gov/compound/679
ARMS_BelgiumCoast_AJJCD78_20200506_20201012_MF100_s1_r1:Otu18,lowerLimitFilterSize,micrometer,100,http://vocab.nerc.ac.uk/collection/Q01/current/Q0100011/,https://vocab.nerc.ac.uk/collection/P06/current/UMIC/,
ARMS_BelgiumCoast_AJJCD78_20200506_20201012_MF100_s1_r1:Otu18,sampleAccessionNumber,,SAMEA10020982,,,
ARMS_BelgiumCoast_AJJCD78_20200506_20201012_MF100_s1_r1:Otu18,NCBIID,,6340,,,
ARMS_BelgiumCoast_AJJCD78_20200506_20201012_MF100_s1_r1:Otu18,NCBIScientificName,,Annelida,,,
ARMS_BelgiumCoast_AJJCD78_20200506_20201012_MF100_s1_r1:Otu18,NCBITaxonRank,,phylum,,,
ARMS_BelgiumCoast_AJJCD78_20200506_20201012_MF100_s1_r1:Otu18,fieldReplicateID,,no replicate,http://vocab.nerc.ac.uk/collection/P01/current/IDSPRE01,,
ARMS_BelgiumCoast_AJJCD78_20200506_20201012_MF100_s1_r1:Otu18,technicalReplicateID,,,http://vocab.nerc.ac.uk/collection/P01/current/IDTCRE01,,
ARMS_Crete_1HERP_20200903_20210122_MF500_s1_r1:Otu419,submergedTime,day,141,http://vocab.nerc.ac.uk/collection/P01/current/AZDRZZ01/,https://vocab.nerc.ac.uk/collection/P06/current/UTAA/,
ARMS_Crete_1HERP_20200903_20210122_MF500_s1_r1:Otu419,preservativeUsed,,Frozen,http://vocab.nerc.ac.uk/collection/Q01/current/Q0100004/,,
ARMS_Crete_1HERP_20200903_20210122_MF500_s1_r1:Otu419,lowerLimitFilterSize,micrometer,500,http://vocab.nerc.ac.uk/collection/Q01/current/Q0100011/,https://vocab.nerc.ac.uk/collection/P06/current/UMIC/,
ARMS_Crete_1HERP_20200903_20210122_MF500_s1_r1:Otu419,sampleAccessionNumber,,SAMEA10021045,,,
ARMS_Crete_1HERP_20200903_20210122_MF500_s1_r1:Otu419,NCBIID,,938102,,,
ARMS_Crete_1HERP_20200903_20210122_MF500_s1_r1:Otu419,NCBIScientificName,,Cyclopina,,,
ARMS_Crete_1HERP_20200903_20210122_MF500_s1_r1:Otu419,NCBITaxonRank,,genus,,,
ARMS_Crete_1HERP_20200903_20210122_MF500_s1_r1:Otu419,fieldReplicateID,,no replicate,http://vocab.nerc.ac.uk/collection/P01/current/IDSPRE01,,
ARMS_Crete_1HERP_20200903_20210122_MF500_s1_r1:Otu419,technicalReplicateID,,,http://vocab.nerc.ac.uk/collection/P01/current/IDTCRE01,,
ARMS_Crete_1HERP_20200903_20210122_MF500_s1_r1:Otu381,submergedTime,day,141,http://vocab.nerc.ac.uk/collection/P01/current/AZDRZZ01/,https://vocab.nerc.ac.uk/collection/P06/current/UTAA/,
ARMS_Crete_1HERP_20200903_20210122_MF500_s1_r1:Otu381,preservativeUsed,,Frozen,http://vocab.nerc.ac.uk/collection/Q01/current/Q0100004/,,
ARMS_Crete_1HERP_20200903_20210122_MF500_s1_r1:Otu381,lowerLimitFilterSize,micrometer,500,http://vocab.nerc.ac.uk/collection/Q01/current/Q0100011/,https://vocab.nerc.ac.uk/collection/P06/current/UMIC/,
ARMS_Crete_1HERP_20200903_20210122_MF500_s1_r1:Otu381,sampleAccessionNumber,,SAMEA10021045,,,
ARMS_Crete_1HERP_20200903_20210122_MF500_s1_r1:Otu381,NCBIID,,35087,,,
ARMS_Crete_1HERP_20200903_20210122_MF500_s1_r1:Otu381,NCBIScientificName,,Eugregarinorida,,,
ARMS_Crete_1HERP_20200903_20210122_MF500_s1_r1:Otu381,NCBITaxonRank,,order,,,
ARMS_Crete_1HERP_20200903_20210122_MF500_s1_r1:Otu381,fieldReplicateID,,no replicate,http://vocab.nerc.ac.uk/collection/P01/current/IDSPRE01,,
ARMS_Crete_1HERP_20200903_20210122_MF500_s1_r1:Otu381,technicalReplicateID,,,http://vocab.nerc.ac.uk/collection/P01/current/IDTCRE01,,
ARMS_Crete_1HERP_20200903_20210122_MF500_s1_r1:Otu379,submergedTime,day,141,http://vocab.nerc.ac.uk/collection/P01/current/AZDRZZ01/,https://vocab.nerc.ac.uk/collection/P06/current/UTAA/,
ARMS_Crete_1HERP_20200903_20210122_MF500_s1_r1:Otu379,preservativeUsed,,Frozen,http://vocab.nerc.ac.uk/collection/Q01/current/Q0100004/,,
ARMS_Crete_1HERP_20200903_20210122_MF500_s1_r1:Otu379,lowerLimitFilterSize,micrometer,500,http://vocab.nerc.ac.uk/collection/Q01/current/Q0100011/,https://vocab.nerc.ac.uk/collection/P06/current/UMIC/,
ARMS_Crete_1HERP_20200903_20210122_MF500_s1_r1:Otu379,sampleAccessionNumber,,SAMEA10021045,,,
ARMS_Crete_1HERP_20200903_20210122_MF500_s1_r1:Otu379,NCBIID,,52056,,,
ARMS_Crete_1HERP_20200903_20210122_MF500_s1_r1:Otu379,NCBIScientificName,,Microstomum,,,
ARMS_Crete_1HERP_20200903_20210122_MF500_s1_r1:Otu379,NCBITaxonRank,,genus,,,
ARMS_Crete_1HERP_20200903_20210122_MF500_s1_r1:Otu379,fieldReplicateID,,no replicate,http://vocab.nerc.ac.uk/collection/P01/current/IDSPRE01,,
ARMS_Crete_1HERP_20200903_20210122_MF500_s1_r1:Otu379,technicalReplicateID,,,http://vocab.nerc.ac.uk/collection/P01/current/IDTCRE01,,
ARMS_Crete_1HERP_20200903_20210122_MF500_s1_r1:Otu65,submergedTime,day,141,http://vocab.nerc.ac.uk/collection/P01/current/AZDRZZ01/,https://vocab.nerc.ac.uk/collection/P06/current/UTAA/,
ARMS_Crete_1HERP_20200903_20210122_MF500_s1_r1:Otu65,preservativeUsed,,Frozen,http://vocab.nerc.ac.uk/collection/Q01/current/Q0100004/,,
ARMS_Crete_1HERP_20200903_20210122_MF500_s1_r1:Otu65,lowerLimitFilterSize,micrometer,500,http://vocab.nerc.ac.uk/collection/Q01/current/Q0100011/,https://vocab.nerc.ac.uk/collection/P06/current/UMIC/,
ARMS_Crete_1HERP_20200903_20210122_MF500_s1_r1:Otu65,sampleAccessionNumber,,SAMEA10021045,,,
ARMS_Crete_1HERP_20200903_20210122_MF500_s1_r1:Otu65,NCBIID,,6657,,,
ARMS_Crete_1HERP_20200903_20210122_MF500_s1_r1:Otu65,NCBIScientificName,,Crustacea,,,
ARMS_Crete_1HERP_20200903_20210122_MF500_s1_r1:Otu65,NCBITaxonRank,,subphylum,,,
ARMS_Crete_1HERP_20200903_20210122_MF500_s1_r1:Otu65,fieldReplicateID,,no replicate,http://vocab.nerc.ac.uk/collection/P01/current/IDSPRE01,,
ARMS_Crete_1HERP_20200903_20210122_MF500_s1_r1:Otu65,technicalReplicateID,,,http://vocab.nerc.ac.uk/collection/P01/current/IDTCRE01,,
ARMS_Crete_1HERP_20200903_20210122_MF500_s1_r1:Otu466,submergedTime,day,141,http://vocab.nerc.ac.uk/collection/P01/current/AZDRZZ01/,https://vocab.nerc.ac.uk/collection/P06/current/UTAA/,
ARMS_Crete_1HERP_20200903_20210122_MF500_s1_r1:Otu466,preservativeUsed,,Frozen,http://vocab.nerc.ac.uk/collection/Q01/current/Q0100004/,,
ARMS_Crete_1HERP_20200903_20210122_MF500_s1_r1:Otu466,lowerLimitFilterSize,micrometer,500,http://vocab.nerc.ac.uk/collection/Q01/current/Q0100011/,https://vocab.nerc.ac.uk/collection/P06/current/UMIC/,
ARMS_Crete_1HERP_20200903_20210122_MF500_s1_r1:Otu466,sampleAccessionNumber,,SAMEA10021045,,,
ARMS_Crete_1HERP_20200903_20210122_MF500_s1_r1:Otu466,NCBIID,,6042,,,
ARMS_Crete_1HERP_20200903_20210122_MF500_s1_r1:Otu466,NCBIScientificName,,Demospongiae,,,
ARMS_Crete_1HERP_20200903_20210122_MF500_s1_r1:Otu466,NCBITaxonRank,,class,,,
ARMS_Crete_1HERP_20200903_20210122_MF500_s1_r1:Otu466,fieldReplicateID,,no replicate,http://vocab.nerc.ac.uk/collection/P01/current/IDSPRE01,,
ARMS_Crete_1HERP_20200903_20210122_MF500_s1_r1:Otu466,technicalReplicateID,,,http://vocab.nerc.ac.uk/collection/P01/current/IDTCRE01,,
ARMS_Crete_1HERP_20200903_20210122_MF500_s1_r1:Otu465,submergedTime,day,141,http://vocab.nerc.ac.uk/collection/P01/current/AZDRZZ01/,https://vocab.nerc.ac.uk/collection/P06/current/UTAA/,
ARMS_Crete_1HERP_20200903_20210122_MF500_s1_r1:Otu465,preservativeUsed,,Frozen,http://vocab.nerc.ac.uk/collection/Q01/current/Q0100004/,,
ARMS_Crete_1HERP_20200903_20210122_MF500_s1_r1:Otu465,lowerLimitFilterSize,micrometer,500,http://vocab.nerc.ac.uk/collection/Q01/current/Q0100011/,https://vocab.nerc.ac.uk/collection/P06/current/UMIC/,
ARMS_Crete_1HERP_20200903_20210122_MF500_s1_r1:Otu465,sampleAccessionNumber,,SAMEA10021045,,,
ARMS_Crete_1HERP_20200903_20210122_MF500_s1_r1:Otu465,NCBIID,,6670,,,
ARMS_Crete_1HERP_20200903_20210122_MF500_s1_r1:Otu465,NCBIScientificName,,Ostracoda,,,
ARMS_Crete_1HERP_20200903_20210122_MF500_s1_r1:Otu465,NCBITaxonRank,,class,,,
ARMS_Crete_1HERP_20200903_20210122_MF500_s1_r1:Otu465,fieldReplicateID,,no replicate,http://vocab.nerc.ac.uk/collection/P01/current/IDSPRE01,,
ARMS_Crete_1HERP_20200903_20210122_MF500_s1_r1:Otu465,technicalReplicateID,,,http://vocab.nerc.ac.uk/collection/P01/current/IDTCRE01,,
ARMS_Crete_1HERP_20200903_20210122_MF500_s1_r1:Otu83,submergedTime,day,141,http://vocab.nerc.ac.uk/collection/P01/current/AZDRZZ01/,https://vocab.nerc.ac.uk/collection/P06/current/UTAA/,
ARMS_Crete_1HERP_20200903_20210122_MF500_s1_r1:Otu83,preservativeUsed,,Frozen,http://vocab.nerc.ac.uk/collection/Q01/current/Q0100004/,,
ARMS_Crete_1HERP_20200903_20210122_MF500_s1_r1:Otu83,lowerLimitFilterSize,micrometer,500,http://vocab.nerc.ac.uk/collection/Q01/current/Q0100011/,https://vocab.nerc.ac.uk/collection/P06/current/UMIC/,
ARMS_Crete_1HERP_20200903_20210122_MF500_s1_r1:Otu83,sampleAccessionNumber,,SAMEA10021045,,,
ARMS_Crete_1HERP_20200903_20210122_MF500_s1_r1:Otu83,NCBIID,,6657,,,
ARMS_Crete_1HERP_20200903_20210122_MF500_s1_r1:Otu83,NCBIScientificName,,Crustacea,,,
ARMS_Crete_1HERP_20200903_20210122_MF500_s1_r1:Otu83,NCBITaxonRank,,subphylum,,,
ARMS_Crete_1HERP_20200903_20210122_MF500_s1_r1:Otu83,fieldReplicateID,,no replicate,http://vocab.nerc.ac.uk/collection/P01/current/IDSPRE01,,
ARMS_Crete_1HERP_20200903_20210122_MF500_s1_r1:Otu83,technicalReplicateID,,,http://vocab.nerc.ac.uk/collection/P01/current/IDTCRE01,,
ARMS_Crete_1HERP_20200903_20210122_MF500_s1_r1:Otu9,submergedTime,day,141,http://vocab.nerc.ac.uk/collection/P01/current/AZDRZZ01/,https://vocab.nerc.ac.uk/collection/P06/current/UTAA/,
ARMS_Crete_1HERP_20200903_20210122_MF500_s1_r1:Otu9,preservativeUsed,,Frozen,http://vocab.nerc.ac.uk/collection/Q01/current/Q0100004/,,
ARMS_Crete_1HERP_20200903_20210122_MF500_s1_r1:Otu9,lowerLimitFilterSize,micrometer,500,http://vocab.nerc.ac.uk/collection/Q01/current/Q0100011/,https://vocab.nerc.ac.uk/collection/P06/current/UMIC/,
ARMS_Crete_1HERP_20200903_20210122_MF500_s1_r1:Otu9,sampleAccessionNumber,,SAMEA10021045,,,
ARMS_Crete_1HERP_20200903_20210122_MF500_s1_r1:Otu9,NCBIID,,6101,,,
ARMS_Crete_1HERP_20200903_20210122_MF500_s1_r1:Otu9,NCBIScientificName,,Anthozoa,,,
ARMS_Crete_1HERP_20200903_20210122_MF500_s1_r1:Otu9,NCBITaxonRank,,class,,,
ARMS_Crete_1HERP_20200903_20210122_MF500_s1_r1:Otu9,fieldReplicateID,,no replicate,http://vocab.nerc.ac.uk/collection/P01/current/IDSPRE01,,
ARMS_Crete_1HERP_20200903_20210122_MF500_s1_r1:Otu9,technicalReplicateID,,,http://vocab.nerc.ac.uk/collection/P01/current/IDTCRE01,,
ARMS_Crete_1HERP_20200903_20210122_MF500_s1_r1:Otu5,submergedTime,day,141,http://vocab.nerc.ac.uk/collection/P01/current/AZDRZZ01/,https://vocab.nerc.ac.uk/collection/P06/current/UTAA/,
ARMS_Crete_1HERP_20200903_20210122_MF500_s1_r1:Otu5,preservativeUsed,,Frozen,http://vocab.nerc.ac.uk/collection/Q01/current/Q0100004/,,
ARMS_Crete_1HERP_20200903_20210122_MF500_s1_r1:Otu5,lowerLimitFilterSize,micrometer,500,http://vocab.nerc.ac.uk/collection/Q01/current/Q0100011/,https://vocab.nerc.ac.uk/collection/P06/current/UMIC/,
ARMS_Crete_1HERP_20200903_20210122_MF500_s1_r1:Otu5,sampleAccessionNumber,,SAMEA10021045,,,
ARMS_Crete_1HERP_20200903_20210122_MF500_s1_r1:Otu5,NCBIID,,32443,,,
ARMS_Crete_1HERP_20200903_20210122_MF500_s1_r1:Otu5,NCBIScientificName,,Teleostei,,,
ARMS_Crete_1HERP_20200903_20210122_MF500_s1_r1:Otu5,NCBITaxonRank,,infraclass,,,
ARMS_Crete_1HERP_20200903_20210122_MF500_s1_r1:Otu5,fieldReplicateID,,no replicate,http://vocab.nerc.ac.uk/collection/P01/current/IDSPRE01,,
ARMS_Crete_1HERP_20200903_20210122_MF500_s1_r1:Otu5,technicalReplicateID,,,http://vocab.nerc.ac.uk/collection/P01/current/IDTCRE01,,
ARMS_Crete_1HERP_20200903_20210122_MF500_s1_r1:Otu2,submergedTime,day,141,http://vocab.nerc.ac.uk/collection/P01/current/AZDRZZ01/,https://vocab.nerc.ac.uk/collection/P06/current/UTAA/,
ARMS_Crete_1HERP_20200903_20210122_MF500_s1_r1:Otu2,preservativeUsed,,Frozen,http://vocab.nerc.ac.uk/collection/Q01/current/Q0100004/,,
ARMS_Crete_1HERP_20200903_20210122_MF500_s1_r1:Otu2,lowerLimitFilterSize,micrometer,500,http://vocab.nerc.ac.uk/collection/Q01/current/Q0100011/,https://vocab.nerc.ac.uk/collection/P06/current/UMIC/,
ARMS_Crete_1HERP_20200903_20210122_MF500_s1_r1:Otu2,sampleAccessionNumber,,SAMEA10021045,,,
ARMS_Crete_1HERP_20200903_20210122_MF500_s1_r1:Otu2,NCBIID,,7713,,,
ARMS_Crete_1HERP_20200903_20210122_MF500_s1_r1:Otu2,NCBIScientificName,,Ascidiacea,,,
ARMS_Crete_1HERP_20200903_20210122_MF500_s1_r1:Otu2,NCBITaxonRank,,class,,,
ARMS_Crete_1HERP_20200903_20210122_MF500_s1_r1:Otu2,fieldReplicateID,,no replicate,http://vocab.nerc.ac.uk/collection/P01/current/IDSPRE01,,
ARMS_Crete_1HERP_20200903_20210122_MF500_s1_r1:Otu2,technicalReplicateID,,,http://vocab.nerc.ac.uk/collection/P01/current/IDTCRE01,,
ARMS_Crete_1HERP_20200903_20210122_MF500_s1_r1:Otu107,submergedTime,day,141,http://vocab.nerc.ac.uk/collection/P01/current/AZDRZZ01/,https://vocab.nerc.ac.uk/collection/P06/current/UTAA/,
ARMS_Crete_1HERP_20200903_20210122_MF500_s1_r1:Otu107,preservativeUsed,,Frozen,http://vocab.nerc.ac.uk/collection/Q01/current/Q0100004/,,
ARMS_Crete_1HERP_20200903_20210122_MF500_s1_r1:Otu107,lowerLimitFilterSize,micrometer,500,http://vocab.nerc.ac.uk/collection/Q01/current/Q0100011/,https://vocab.nerc.ac.uk/collection/P06/current/UMIC/,
ARMS_Crete_1HERP_20200903_20210122_MF500_s1_r1:Otu107,sampleAccessionNumber,,SAMEA10021045,,,
ARMS_Crete_1HERP_20200903_20210122_MF500_s1_r1:Otu107,NCBIID,,589449,,,
ARMS_Crete_1HERP_20200903_20210122_MF500_s1_r1:Otu107,NCBIScientificName,,Polar-centric-Mediophyceae,,,
ARMS_Crete_1HERP_20200903_20210122_MF500_s1_r1:Otu107,NCBITaxonRank,,class,,,
ARMS_Crete_1HERP_20200903_20210122_MF500_s1_r1:Otu107,fieldReplicateID,,no replicate,http://vocab.nerc.ac.uk/collection/P01/current/IDSPRE01,,
ARMS_Crete_1HERP_20200903_20210122_MF500_s1_r1:Otu107,technicalReplicateID,,,http://vocab.nerc.ac.uk/collection/P01/current/IDTCRE01,,
ARMS_Crete_1HERP_20200903_20210122_MF500_s1_r1:Otu102,submergedTime,day,141,http://vocab.nerc.ac.uk/collection/P01/current/AZDRZZ01/,https://vocab.nerc.ac.uk/collection/P06/current/UTAA/,
ARMS_Crete_1HERP_20200903_20210122_MF500_s1_r1:Otu102,preservativeUsed,,Frozen,http://vocab.nerc.ac.uk/collection/Q01/current/Q0100004/,,
ARMS_Crete_1HERP_20200903_20210122_MF500_s1_r1:Otu102,lowerLimitFilterSize,micrometer,500,http://vocab.nerc.ac.uk/collection/Q01/current/Q0100011/,https://vocab.nerc.ac.uk/collection/P06/current/UMIC/,
ARMS_Crete_1HERP_20200903_20210122_MF500_s1_r1:Otu102,sampleAccessionNumber,,SAMEA10021045,,,
ARMS_Crete_1HERP_20200903_20210122_MF500_s1_r1:Otu102,NCBIID,,298417,,,
ARMS_Crete_1HERP_20200903_20210122_MF500_s1_r1:Otu102,NCBIScientificName,,Euryte,,,
ARMS_Crete_1HERP_20200903_20210122_MF500_s1_r1:Otu102,NCBITaxonRank,,genus,,,
ARMS_Crete_1HERP_20200903_20210122_MF500_s1_r1:Otu102,fieldReplicateID,,no replicate,http://vocab.nerc.ac.uk/collection/P01/current/IDSPRE01,,
ARMS_Crete_1HERP_20200903_20210122_MF500_s1_r1:Otu102,technicalReplicateID,,,http://vocab.nerc.ac.uk/collection/P01/current/IDTCRE01,,
ARMS_Crete_1HERP_20200903_20210122_MF500_s1_r1:Otu108,submergedTime,day,141,http://vocab.nerc.ac.uk/collection/P01/current/AZDRZZ01/,https://vocab.nerc.ac.uk/collection/P06/current/UTAA/,
ARMS_Crete_1HERP_20200903_20210122_MF500_s1_r1:Otu108,preservativeUsed,,Frozen,http://vocab.nerc.ac.uk/collection/Q01/current/Q0100004/,,
ARMS_Crete_1HERP_20200903_20210122_MF500_s1_r1:Otu108,lowerLimitFilterSize,micrometer,500,http://vocab.nerc.ac.uk/collection/Q01/current/Q0100011/,https://vocab.nerc.ac.uk/collection/P06/current/UMIC/,
ARMS_Crete_1HERP_20200903_20210122_MF500_s1_r1:Otu108,sampleAccessionNumber,,SAMEA10021045,,,
ARMS_Crete_1HERP_20200903_20210122_MF500_s1_r1:Otu108,NCBIID,,51281,,,
ARMS_Crete_1HERP_20200903_20210122_MF500_s1_r1:Otu108,NCBIScientificName,,Protula,,,
ARMS_Crete_1HERP_20200903_20210122_MF500_s1_r1:Otu108,NCBITaxonRank,,genus,,,
ARMS_Crete_1HERP_20200903_20210122_MF500_s1_r1:Otu108,fieldReplicateID,,no replicate,http://vocab.nerc.ac.uk/collection/P01/current/IDSPRE01,,
ARMS_Crete_1HERP_20200903_20210122_MF500_s1_r1:Otu108,technicalReplicateID,,,http://vocab.nerc.ac.uk/collection/P01/current/IDTCRE01,,
ARMS_Crete_1HERP_20200903_20210122_MF500_s1_r1:Otu94,submergedTime,day,141,http://vocab.nerc.ac.uk/collection/P01/current/AZDRZZ01/,https://vocab.nerc.ac.uk/collection/P06/current/UTAA/,
ARMS_Crete_1HERP_20200903_20210122_MF500_s1_r1:Otu94,preservativeUsed,,Frozen,http://vocab.nerc.ac.uk/collection/Q01/current/Q0100004/,,
ARMS_Crete_1HERP_20200903_20210122_MF500_s1_r1:Otu94,lowerLimitFilterSize,micrometer,500,http://vocab.nerc.ac.uk/collection/Q01/current/Q0100011/,https://vocab.nerc.ac.uk/collection/P06/current/UMIC/,
ARMS_Crete_1HERP_20200903_20210122_MF500_s1_r1:Otu94,sampleAccessionNumber,,SAMEA10021045,,,
ARMS_Crete_1HERP_20200903_20210122_MF500_s1_r1:Otu94,NCBIID,,4751,,,
ARMS_Crete_1HERP_20200903_20210122_MF500_s1_r1:Otu94,NCBIScientificName,,Fungi,,,
ARMS_Crete_1HERP_20200903_20210122_MF500_s1_r1:Otu94,NCBITaxonRank,,kingdom,,,
ARMS_Crete_1HERP_20200903_20210122_MF500_s1_r1:Otu94,fieldReplicateID,,no replicate,http://vocab.nerc.ac.uk/collection/P01/current/IDSPRE01,,
ARMS_Crete_1HERP_20200903_20210122_MF500_s1_r1:Otu94,technicalReplicateID,,,http://vocab.nerc.ac.uk/collection/P01/current/IDTCRE01,,
ARMS_Crete_1HERP_20200903_20210122_MF500_s1_r1:Otu141,submergedTime,day,141,http://vocab.nerc.ac.uk/collection/P01/current/AZDRZZ01/,https://vocab.nerc.ac.uk/collection/P06/current/UTAA/,
ARMS_Crete_1HERP_20200903_20210122_MF500_s1_r1:Otu141,preservativeUsed,,Frozen,http://vocab.nerc.ac.uk/collection/Q01/current/Q0100004/,,
ARMS_Crete_1HERP_20200903_20210122_MF500_s1_r1:Otu141,lowerLimitFilterSize,micrometer,500,http://vocab.nerc.ac.uk/collection/Q01/current/Q0100011/,https://vocab.nerc.ac.uk/collection/P06/current/UMIC/,
ARMS_Crete_1HERP_20200903_20210122_MF500_s1_r1:Otu141,sampleAccessionNumber,,SAMEA10021045,,,
ARMS_Crete_1HERP_20200903_20210122_MF500_s1_r1:Otu141,NCBIID,,89593,,,
ARMS_Crete_1HERP_20200903_20210122_MF500_s1_r1:Otu141,NCBIScientificName,,Craniata,,,
ARMS_Crete_1HERP_20200903_20210122_MF500_s1_r1:Otu141,NCBITaxonRank,,subphylum,,,
ARMS_Crete_1HERP_20200903_20210122_MF500_s1_r1:Otu141,fieldReplicateID,,no replicate,http://vocab.nerc.ac.uk/collection/P01/current/IDSPRE01,,
ARMS_Crete_1HERP_20200903_20210122_MF500_s1_r1:Otu141,technicalReplicateID,,,http://vocab.nerc.ac.uk/collection/P01/current/IDTCRE01,,
ARMS_Crete_1HERP_20200903_20210122_MF500_s1_r1:Otu142,submergedTime,day,141,http://vocab.nerc.ac.uk/collection/P01/current/AZDRZZ01/,https://vocab.nerc.ac.uk/collection/P06/current/UTAA/,
ARMS_Crete_1HERP_20200903_20210122_MF500_s1_r1:Otu142,preservativeUsed,,Frozen,http://vocab.nerc.ac.uk/collection/Q01/current/Q0100004/,,
ARMS_Crete_1HERP_20200903_20210122_MF500_s1_r1:Otu142,lowerLimitFilterSize,micrometer,500,http://vocab.nerc.ac.uk/collection/Q01/current/Q0100011/,https://vocab.nerc.ac.uk/collection/P06/current/UMIC/,
ARMS_Crete_1HERP_20200903_20210122_MF500_s1_r1:Otu142,sampleAccessionNumber,,SAMEA10021045,,,
ARMS_Crete_1HERP_20200903_20210122_MF500_s1_r1:Otu142,NCBIID,,6340,,,
ARMS_Crete_1HERP_20200903_20210122_MF500_s1_r1:Otu142,NCBIScientificName,,Annelida,,,
ARMS_Crete_1HERP_20200903_20210122_MF500_s1_r1:Otu142,NCBITaxonRank,,phylum,,,
ARMS_Crete_1HERP_20200903_20210122_MF500_s1_r1:Otu142,fieldReplicateID,,no replicate,http://vocab.nerc.ac.uk/collection/P01/current/IDSPRE01,,
ARMS_Crete_1HERP_20200903_20210122_MF500_s1_r1:Otu142,technicalReplicateID,,,http://vocab.nerc.ac.uk/collection/P01/current/IDTCRE01,,
ARMS_Crete_1HERP_20200903_20210122_MF500_s1_r1:Otu17,submergedTime,day,141,http://vocab.nerc.ac.uk/collection/P01/current/AZDRZZ01/,https://vocab.nerc.ac.uk/collection/P06/current/UTAA/,
ARMS_Crete_1HERP_20200903_20210122_MF500_s1_r1:Otu17,preservativeUsed,,Frozen,http://vocab.nerc.ac.uk/collection/Q01/current/Q0100004/,,
ARMS_Crete_1HERP_20200903_20210122_MF500_s1_r1:Otu17,lowerLimitFilterSize,micrometer,500,http://vocab.nerc.ac.uk/collection/Q01/current/Q0100011/,https://vocab.nerc.ac.uk/collection/P06/current/UMIC/,
ARMS_Crete_1HERP_20200903_20210122_MF500_s1_r1:Otu17,sampleAccessionNumber,,SAMEA10021045,,,
ARMS_Crete_1HERP_20200903_20210122_MF500_s1_r1:Otu17,NCBIID,,6546,,,
ARMS_Crete_1HERP_20200903_20210122_MF500_s1_r1:Otu17,NCBIScientificName,,Mytiloida,,,
ARMS_Crete_1HERP_20200903_20210122_MF500_s1_r1:Otu17,NCBITaxonRank,,order,,,
ARMS_Crete_1HERP_20200903_20210122_MF500_s1_r1:Otu17,fieldReplicateID,,no replicate,http://vocab.nerc.ac.uk/collection/P01/current/IDSPRE01,,
ARMS_Crete_1HERP_20200903_20210122_MF500_s1_r1:Otu17,technicalReplicateID,,,http://vocab.nerc.ac.uk/collection/P01/current/IDTCRE01,,
ARMS_Crete_1HERP_20200903_20210122_MF500_s1_r1:Otu18,submergedTime,day,141,http://vocab.nerc.ac.uk/collection/P01/current/AZDRZZ01/,https://vocab.nerc.ac.uk/collection/P06/current/UTAA/,
ARMS_Crete_1HERP_20200903_20210122_MF500_s1_r1:Otu18,preservativeUsed,,Frozen,http://vocab.nerc.ac.uk/collection/Q01/current/Q0100004/,,
ARMS_Crete_1HERP_20200903_20210122_MF500_s1_r1:Otu18,lowerLimitFilterSize,micrometer,500,http://vocab.nerc.ac.uk/collection/Q01/current/Q0100011/,https://vocab.nerc.ac.uk/collection/P06/current/UMIC/,
ARMS_Crete_1HERP_20200903_20210122_MF500_s1_r1:Otu18,sampleAccessionNumber,,SAMEA10021045,,,
ARMS_Crete_1HERP_20200903_20210122_MF500_s1_r1:Otu18,NCBIID,,6340,,,
ARMS_Crete_1HERP_20200903_20210122_MF500_s1_r1:Otu18,NCBIScientificName,,Annelida,,,
ARMS_Crete_1HERP_20200903_20210122_MF500_s1_r1:Otu18,NCBITaxonRank,,phylum,,,
ARMS_Crete_1HERP_20200903_20210122_MF500_s1_r1:Otu18,fieldReplicateID,,no replicate,http://vocab.nerc.ac.uk/collection/P01/current/IDSPRE01,,
ARMS_Crete_1HERP_20200903_20210122_MF500_s1_r1:Otu18,technicalReplicateID,,,http://vocab.nerc.ac.uk/collection/P01/current/IDTCRE01,,
ARMS_Crete_1HERP_20200903_20210122_MF500_s1_r1:Otu19,submergedTime,day,141,http://vocab.nerc.ac.uk/collection/P01/current/AZDRZZ01/,https://vocab.nerc.ac.uk/collection/P06/current/UTAA/,
ARMS_Crete_1HERP_20200903_20210122_MF500_s1_r1:Otu19,preservativeUsed,,Frozen,http://vocab.nerc.ac.uk/collection/Q01/current/Q0100004/,,
ARMS_Crete_1HERP_20200903_20210122_MF500_s1_r1:Otu19,lowerLimitFilterSize,micrometer,500,http://vocab.nerc.ac.uk/collection/Q01/current/Q0100011/,https://vocab.nerc.ac.uk/collection/P06/current/UMIC/,
ARMS_Crete_1HERP_20200903_20210122_MF500_s1_r1:Otu19,sampleAccessionNumber,,SAMEA10021045,,,
ARMS_Crete_1HERP_20200903_20210122_MF500_s1_r1:Otu19,NCBIID,,71176,,,
ARMS_Crete_1HERP_20200903_20210122_MF500_s1_r1:Otu19,NCBIScientificName,,Chelyosoma,,,
ARMS_Crete_1HERP_20200903_20210122_MF500_s1_r1:Otu19,NCBITaxonRank,,genus,,,
ARMS_Crete_1HERP_20200903_20210122_MF500_s1_r1:Otu19,fieldReplicateID,,no replicate,http://vocab.nerc.ac.uk/collection/P01/current/IDSPRE01,,
ARMS_Crete_1HERP_20200903_20210122_MF500_s1_r1:Otu19,technicalReplicateID,,,http://vocab.nerc.ac.uk/collection/P01/current/IDTCRE01,,
ARMS_Crete_1HERP_20200903_20210122_MF90_s1_r1:Otu9,submergedTime,day,141,http://vocab.nerc.ac.uk/collection/P01/current/AZDRZZ01/,https://vocab.nerc.ac.uk/collection/P06/current/UTAA/,
ARMS_Crete_1HERP_20200903_20210122_MF90_s1_r1:Otu9,preservativeUsed,,Frozen,http://vocab.nerc.ac.uk/collection/Q01/current/Q0100004/,,
ARMS_Crete_1HERP_20200903_20210122_MF90_s1_r1:Otu9,lowerLimitFilterSize,micrometer,90,http://vocab.nerc.ac.uk/collection/Q01/current/Q0100011/,https://vocab.nerc.ac.uk/collection/P06/current/UMIC/,
ARMS_Crete_1HERP_20200903_20210122_MF90_s1_r1:Otu9,sampleAccessionNumber,,SAMEA10021048,,,
ARMS_Crete_1HERP_20200903_20210122_MF90_s1_r1:Otu9,NCBIID,,6101,,,
ARMS_Crete_1HERP_20200903_20210122_MF90_s1_r1:Otu9,NCBIScientificName,,Anthozoa,,,
ARMS_Crete_1HERP_20200903_20210122_MF90_s1_r1:Otu9,NCBITaxonRank,,class,,,
ARMS_Crete_1HERP_20200903_20210122_MF90_s1_r1:Otu9,fieldReplicateID,,no replicate,http://vocab.nerc.ac.uk/collection/P01/current/IDSPRE01,,
ARMS_Crete_1HERP_20200903_20210122_MF90_s1_r1:Otu9,technicalReplicateID,,,http://vocab.nerc.ac.uk/collection/P01/current/IDTCRE01,,
ARMS_Crete_1HERP_20200903_20210122_MF90_s1_r1:Otu1,submergedTime,day,141,http://vocab.nerc.ac.uk/collection/P01/current/AZDRZZ01/,https://vocab.nerc.ac.uk/collection/P06/current/UTAA/,
ARMS_Crete_1HERP_20200903_20210122_MF90_s1_r1:Otu1,preservativeUsed,,Frozen,http://vocab.nerc.ac.uk/collection/Q01/current/Q0100004/,,
ARMS_Crete_1HERP_20200903_20210122_MF90_s1_r1:Otu1,lowerLimitFilterSize,micrometer,90,http://vocab.nerc.ac.uk/collection/Q01/current/Q0100011/,https://vocab.nerc.ac.uk/collection/P06/current/UMIC/,
ARMS_Crete_1HERP_20200903_20210122_MF90_s1_r1:Otu1,sampleAccessionNumber,,SAMEA10021048,,,
ARMS_Crete_1HERP_20200903_20210122_MF90_s1_r1:Otu1,NCBIID,,6657,,,
ARMS_Crete_1HERP_20200903_20210122_MF90_s1_r1:Otu1,NCBIScientificName,,Crustacea,,,
ARMS_Crete_1HERP_20200903_20210122_MF90_s1_r1:Otu1,NCBITaxonRank,,subphylum,,,
ARMS_Crete_1HERP_20200903_20210122_MF90_s1_r1:Otu1,fieldReplicateID,,no replicate,http://vocab.nerc.ac.uk/collection/P01/current/IDSPRE01,,
ARMS_Crete_1HERP_20200903_20210122_MF90_s1_r1:Otu1,technicalReplicateID,,,http://vocab.nerc.ac.uk/collection/P01/current/IDTCRE01,,
ARMS_Crete_1HERP_20200903_20210122_SF_s1_r1:Otu174,submergedTime,day,141,http://vocab.nerc.ac.uk/collection/P01/current/AZDRZZ01/,https://vocab.nerc.ac.uk/collection/P06/current/UTAA/,
ARMS_Crete_1HERP_20200903_20210122_SF_s1_r1:Otu174,preservativeUsed,,Frozen,http://vocab.nerc.ac.uk/collection/Q01/current/Q0100004/,,
ARMS_Crete_1HERP_20200903_20210122_SF_s1_r1:Otu174,lowerLimitFilterSize,micrometer,N/A (No filter was used),http://vocab.nerc.ac.uk/collection/Q01/current/Q0100011/,https://vocab.nerc.ac.uk/collection/P06/current/UMIC/,
ARMS_Crete_1HERP_20200903_20210122_SF_s1_r1:Otu174,sampleAccessionNumber,,SAMEA10021051,,,
ARMS_Crete_1HERP_20200903_20210122_SF_s1_r1:Otu174,NCBIID,,1031332,,,
ARMS_Crete_1HERP_20200903_20210122_SF_s1_r1:Otu174,NCBIScientificName,,Cryptomycota,,,
ARMS_Crete_1HERP_20200903_20210122_SF_s1_r1:Otu174,NCBITaxonRank,,phylum,,,
ARMS_Crete_1HERP_20200903_20210122_SF_s1_r1:Otu174,fieldReplicateID,,no replicate,http://vocab.nerc.ac.uk/collection/P01/current/IDSPRE01,,
ARMS_Crete_1HERP_20200903_20210122_SF_s1_r1:Otu174,technicalReplicateID,,,http://vocab.nerc.ac.uk/collection/P01/current/IDTCRE01,,
ARMS_Crete_1HERP_20200903_20210122_SF_s1_r1:Otu227,submergedTime,day,141,http://vocab.nerc.ac.uk/collection/P01/current/AZDRZZ01/,https://vocab.nerc.ac.uk/collection/P06/current/UTAA/,
ARMS_Crete_1HERP_20200903_20210122_SF_s1_r1:Otu227,preservativeUsed,,Frozen,http://vocab.nerc.ac.uk/collection/Q01/current/Q0100004/,,
ARMS_Crete_1HERP_20200903_20210122_SF_s1_r1:Otu227,lowerLimitFilterSize,micrometer,N/A (No filter was used),http://vocab.nerc.ac.uk/collection/Q01/current/Q0100011/,https://vocab.nerc.ac.uk/collection/P06/current/UMIC/,
ARMS_Crete_1HERP_20200903_20210122_SF_s1_r1:Otu227,sampleAccessionNumber,,SAMEA10021051,,,
ARMS_Crete_1HERP_20200903_20210122_SF_s1_r1:Otu227,NCBIID,,88547,,,
ARMS_Crete_1HERP_20200903_20210122_SF_s1_r1:Otu227,NCBIScientificName,,Syndiniales,,,
ARMS_Crete_1HERP_20200903_20210122_SF_s1_r1:Otu227,NCBITaxonRank,,order,,,
ARMS_Crete_1HERP_20200903_20210122_SF_s1_r1:Otu227,fieldReplicateID,,no replicate,http://vocab.nerc.ac.uk/collection/P01/current/IDSPRE01,,
ARMS_Crete_1HERP_20200903_20210122_SF_s1_r1:Otu227,technicalReplicateID,,,http://vocab.nerc.ac.uk/collection/P01/current/IDTCRE01,,
ARMS_Crete_1HERP_20200903_20210122_SF_s1_r1:Otu65,submergedTime,day,141,http://vocab.nerc.ac.uk/collection/P01/current/AZDRZZ01/,https://vocab.nerc.ac.uk/collection/P06/current/UTAA/,
ARMS_Crete_1HERP_20200903_20210122_SF_s1_r1:Otu65,preservativeUsed,,Frozen,http://vocab.nerc.ac.uk/collection/Q01/current/Q0100004/,,
ARMS_Crete_1HERP_20200903_20210122_SF_s1_r1:Otu65,lowerLimitFilterSize,micrometer,N/A (No filter was used),http://vocab.nerc.ac.uk/collection/Q01/current/Q0100011/,https://vocab.nerc.ac.uk/collection/P06/current/UMIC/,
ARMS_Crete_1HERP_20200903_20210122_SF_s1_r1:Otu65,sampleAccessionNumber,,SAMEA10021051,,,
ARMS_Crete_1HERP_20200903_20210122_SF_s1_r1:Otu65,NCBIID,,6657,,,
ARMS_Crete_1HERP_20200903_20210122_SF_s1_r1:Otu65,NCBIScientificName,,Crustacea,,,
ARMS_Crete_1HERP_20200903_20210122_SF_s1_r1:Otu65,NCBITaxonRank,,subphylum,,,
ARMS_Crete_1HERP_20200903_20210122_SF_s1_r1:Otu65,fieldReplicateID,,no replicate,http://vocab.nerc.ac.uk/collection/P01/current/IDSPRE01,,
ARMS_Crete_1HERP_20200903_20210122_SF_s1_r1:Otu65,technicalReplicateID,,,http://vocab.nerc.ac.uk/collection/P01/current/IDTCRE01,,
ARMS_Crete_1HERP_20200903_20210122_SF_s1_r1:Otu467,submergedTime,day,141,http://vocab.nerc.ac.uk/collection/P01/current/AZDRZZ01/,https://vocab.nerc.ac.uk/collection/P06/current/UTAA/,
ARMS_Crete_1HERP_20200903_20210122_SF_s1_r1:Otu467,preservativeUsed,,Frozen,http://vocab.nerc.ac.uk/collection/Q01/current/Q0100004/,,
ARMS_Crete_1HERP_20200903_20210122_SF_s1_r1:Otu467,lowerLimitFilterSize,micrometer,N/A (No filter was used),http://vocab.nerc.ac.uk/collection/Q01/current/Q0100011/,https://vocab.nerc.ac.uk/collection/P06/current/UMIC/,
ARMS_Crete_1HERP_20200903_20210122_SF_s1_r1:Otu467,sampleAccessionNumber,,SAMEA10021051,,,
ARMS_Crete_1HERP_20200903_20210122_SF_s1_r1:Otu467,NCBIID,,6657,,,
ARMS_Crete_1HERP_20200903_20210122_SF_s1_r1:Otu467,NCBIScientificName,,Crustacea,,,
ARMS_Crete_1HERP_20200903_20210122_SF_s1_r1:Otu467,NCBITaxonRank,,subphylum,,,
ARMS_Crete_1HERP_20200903_20210122_SF_s1_r1:Otu467,fieldReplicateID,,no replicate,http://vocab.nerc.ac.uk/collection/P01/current/IDSPRE01,,
ARMS_Crete_1HERP_20200903_20210122_SF_s1_r1:Otu467,technicalReplicateID,,,http://vocab.nerc.ac.uk/collection/P01/current/IDTCRE01,,
ARMS_Crete_1HERP_20200903_20210122_SF_s1_r1:Otu9,submergedTime,day,141,http://vocab.nerc.ac.uk/collection/P01/current/AZDRZZ01/,https://vocab.nerc.ac.uk/collection/P06/current/UTAA/,
ARMS_Crete_1HERP_20200903_20210122_SF_s1_r1:Otu9,preservativeUsed,,Frozen,http://vocab.nerc.ac.uk/collection/Q01/current/Q0100004/,,
ARMS_Crete_1HERP_20200903_20210122_SF_s1_r1:Otu9,lowerLimitFilterSize,micrometer,N/A (No filter was used),http://vocab.nerc.ac.uk/collection/Q01/current/Q0100011/,https://vocab.nerc.ac.uk/collection/P06/current/UMIC/,
ARMS_Crete_1HERP_20200903_20210122_SF_s1_r1:Otu9,sampleAccessionNumber,,SAMEA10021051,,,
ARMS_Crete_1HERP_20200903_20210122_SF_s1_r1:Otu9,NCBIID,,6101,,,
ARMS_Crete_1HERP_20200903_20210122_SF_s1_r1:Otu9,NCBIScientificName,,Anthozoa,,,
ARMS_Crete_1HERP_20200903_20210122_SF_s1_r1:Otu9,NCBITaxonRank,,class,,,
ARMS_Crete_1HERP_20200903_20210122_SF_s1_r1:Otu9,fieldReplicateID,,no replicate,http://vocab.nerc.ac.uk/collection/P01/current/IDSPRE01,,
ARMS_Crete_1HERP_20200903_20210122_SF_s1_r1:Otu9,technicalReplicateID,,,http://vocab.nerc.ac.uk/collection/P01/current/IDTCRE01,,
ARMS_Crete_1HERP_20200903_20210122_SF_s1_r1:Otu2,submergedTime,day,141,http://vocab.nerc.ac.uk/collection/P01/current/AZDRZZ01/,https://vocab.nerc.ac.uk/collection/P06/current/UTAA/,
ARMS_Crete_1HERP_20200903_20210122_SF_s1_r1:Otu2,preservativeUsed,,Frozen,http://vocab.nerc.ac.uk/collection/Q01/current/Q0100004/,,
ARMS_Crete_1HERP_20200903_20210122_SF_s1_r1:Otu2,lowerLimitFilterSize,micrometer,N/A (No filter was used),http://vocab.nerc.ac.uk/collection/Q01/current/Q0100011/,https://vocab.nerc.ac.uk/collection/P06/current/UMIC/,
ARMS_Crete_1HERP_20200903_20210122_SF_s1_r1:Otu2,sampleAccessionNumber,,SAMEA10021051,,,
ARMS_Crete_1HERP_20200903_20210122_SF_s1_r1:Otu2,NCBIID,,7713,,,
ARMS_Crete_1HERP_20200903_20210122_SF_s1_r1:Otu2,NCBIScientificName,,Ascidiacea,,,
ARMS_Crete_1HERP_20200903_20210122_SF_s1_r1:Otu2,NCBITaxonRank,,class,,,
ARMS_Crete_1HERP_20200903_20210122_SF_s1_r1:Otu2,fieldReplicateID,,no replicate,http://vocab.nerc.ac.uk/collection/P01/current/IDSPRE01,,
ARMS_Crete_1HERP_20200903_20210122_SF_s1_r1:Otu2,technicalReplicateID,,,http://vocab.nerc.ac.uk/collection/P01/current/IDTCRE01,,
ARMS_Crete_1HERP_20200903_20210122_SF_s1_r1:Otu1,submergedTime,day,141,http://vocab.nerc.ac.uk/collection/P01/current/AZDRZZ01/,https://vocab.nerc.ac.uk/collection/P06/current/UTAA/,
ARMS_Crete_1HERP_20200903_20210122_SF_s1_r1:Otu1,preservativeUsed,,Frozen,http://vocab.nerc.ac.uk/collection/Q01/current/Q0100004/,,
ARMS_Crete_1HERP_20200903_20210122_SF_s1_r1:Otu1,lowerLimitFilterSize,micrometer,N/A (No filter was used),http://vocab.nerc.ac.uk/collection/Q01/current/Q0100011/,https://vocab.nerc.ac.uk/collection/P06/current/UMIC/,
ARMS_Crete_1HERP_20200903_20210122_SF_s1_r1:Otu1,sampleAccessionNumber,,SAMEA10021051,,,
ARMS_Crete_1HERP_20200903_20210122_SF_s1_r1:Otu1,NCBIID,,6657,,,
ARMS_Crete_1HERP_20200903_20210122_SF_s1_r1:Otu1,NCBIScientificName,,Crustacea,,,
ARMS_Crete_1HERP_20200903_20210122_SF_s1_r1:Otu1,NCBITaxonRank,,subphylum,,,
ARMS_Crete_1HERP_20200903_20210122_SF_s1_r1:Otu1,fieldReplicateID,,no replicate,http://vocab.nerc.ac.uk/collection/P01/current/IDSPRE01,,
ARMS_Crete_1HERP_20200903_20210122_SF_s1_r1:Otu1,technicalReplicateID,,,http://vocab.nerc.ac.uk/collection/P01/current/IDTCRE01,,
ARMS_Crete_1HERP_20200903_20210122_SF_s1_r1:Otu197,submergedTime,day,141,http://vocab.nerc.ac.uk/collection/P01/current/AZDRZZ01/,https://vocab.nerc.ac.uk/collection/P06/current/UTAA/,
ARMS_Crete_1HERP_20200903_20210122_SF_s1_r1:Otu197,preservativeUsed,,Frozen,http://vocab.nerc.ac.uk/collection/Q01/current/Q0100004/,,
ARMS_Crete_1HERP_20200903_20210122_SF_s1_r1:Otu197,lowerLimitFilterSize,micrometer,N/A (No filter was used),http://vocab.nerc.ac.uk/collection/Q01/current/Q0100011/,https://vocab.nerc.ac.uk/collection/P06/current/UMIC/,
ARMS_Crete_1HERP_20200903_20210122_SF_s1_r1:Otu197,sampleAccessionNumber,,SAMEA10021051,,,
ARMS_Crete_1HERP_20200903_20210122_SF_s1_r1:Otu197,NCBIID,,66522,,,
ARMS_Crete_1HERP_20200903_20210122_SF_s1_r1:Otu197,NCBIScientificName,,Verruca,,,
ARMS_Crete_1HERP_20200903_20210122_SF_s1_r1:Otu197,NCBITaxonRank,,genus,,,
ARMS_Crete_1HERP_20200903_20210122_SF_s1_r1:Otu197,fieldReplicateID,,no replicate,http://vocab.nerc.ac.uk/collection/P01/current/IDSPRE01,,
ARMS_Crete_1HERP_20200903_20210122_SF_s1_r1:Otu197,technicalReplicateID,,,http://vocab.nerc.ac.uk/collection/P01/current/IDTCRE01,,
ARMS_Crete_1HERP_20200903_20210122_SF_s1_r1:Otu92,submergedTime,day,141,http://vocab.nerc.ac.uk/collection/P01/current/AZDRZZ01/,https://vocab.nerc.ac.uk/collection/P06/current/UTAA/,
ARMS_Crete_1HERP_20200903_20210122_SF_s1_r1:Otu92,preservativeUsed,,Frozen,http://vocab.nerc.ac.uk/collection/Q01/current/Q0100004/,,
ARMS_Crete_1HERP_20200903_20210122_SF_s1_r1:Otu92,lowerLimitFilterSize,micrometer,N/A (No filter was used),http://vocab.nerc.ac.uk/collection/Q01/current/Q0100011/,https://vocab.nerc.ac.uk/collection/P06/current/UMIC/,
ARMS_Crete_1HERP_20200903_20210122_SF_s1_r1:Otu92,sampleAccessionNumber,,SAMEA10021051,,,
ARMS_Crete_1HERP_20200903_20210122_SF_s1_r1:Otu92,NCBIID,,147550,,,
ARMS_Crete_1HERP_20200903_20210122_SF_s1_r1:Otu92,NCBIScientificName,,Sordariomycetes,,,
ARMS_Crete_1HERP_20200903_20210122_SF_s1_r1:Otu92,NCBITaxonRank,,class,,,
ARMS_Crete_1HERP_20200903_20210122_SF_s1_r1:Otu92,fieldReplicateID,,no replicate,http://vocab.nerc.ac.uk/collection/P01/current/IDSPRE01,,
ARMS_Crete_1HERP_20200903_20210122_SF_s1_r1:Otu92,technicalReplicateID,,,http://vocab.nerc.ac.uk/collection/P01/current/IDTCRE01,,
ARMS_Crete_1HERP_20200903_20210122_SF_s1_r1:Otu141,submergedTime,day,141,http://vocab.nerc.ac.uk/collection/P01/current/AZDRZZ01/,https://vocab.nerc.ac.uk/collection/P06/current/UTAA/,
ARMS_Crete_1HERP_20200903_20210122_SF_s1_r1:Otu141,preservativeUsed,,Frozen,http://vocab.nerc.ac.uk/collection/Q01/current/Q0100004/,,
ARMS_Crete_1HERP_20200903_20210122_SF_s1_r1:Otu141,lowerLimitFilterSize,micrometer,N/A (No filter was used),http://vocab.nerc.ac.uk/collection/Q01/current/Q0100011/,https://vocab.nerc.ac.uk/collection/P06/current/UMIC/,
ARMS_Crete_1HERP_20200903_20210122_SF_s1_r1:Otu141,sampleAccessionNumber,,SAMEA10021051,,,
ARMS_Crete_1HERP_20200903_20210122_SF_s1_r1:Otu141,NCBIID,,89593,,,
ARMS_Crete_1HERP_20200903_20210122_SF_s1_r1:Otu141,NCBIScientificName,,Craniata,,,
ARMS_Crete_1HERP_20200903_20210122_SF_s1_r1:Otu141,NCBITaxonRank,,subphylum,,,
ARMS_Crete_1HERP_20200903_20210122_SF_s1_r1:Otu141,fieldReplicateID,,no replicate,http://vocab.nerc.ac.uk/collection/P01/current/IDSPRE01,,
ARMS_Crete_1HERP_20200903_20210122_SF_s1_r1:Otu141,technicalReplicateID,,,http://vocab.nerc.ac.uk/collection/P01/current/IDTCRE01,,
ARMS_Getxo_G1_20200624_20201103_MF100_s1_r1:Otu419,submergedTime,day,132,http://vocab.nerc.ac.uk/collection/P01/current/AZDRZZ01/,https://vocab.nerc.ac.uk/collection/P06/current/UTAA/,
ARMS_Getxo_G1_20200624_20201103_MF100_s1_r1:Otu419,preservativeUsed,,DMSO,http://vocab.nerc.ac.uk/collection/Q01/current/Q0100004/,,https://pubchem.ncbi.nlm.nih.gov/compound/679
ARMS_Getxo_G1_20200624_20201103_MF100_s1_r1:Otu419,lowerLimitFilterSize,micrometer,100,http://vocab.nerc.ac.uk/collection/Q01/current/Q0100011/,https://vocab.nerc.ac.uk/collection/P06/current/UMIC/,
ARMS_Getxo_G1_20200624_20201103_MF100_s1_r1:Otu419,sampleAccessionNumber,,SAMEA10021236,,,
ARMS_Getxo_G1_20200624_20201103_MF100_s1_r1:Otu419,NCBIID,,938102,,,
ARMS_Getxo_G1_20200624_20201103_MF100_s1_r1:Otu419,NCBIScientificName,,Cyclopina,,,
ARMS_Getxo_G1_20200624_20201103_MF100_s1_r1:Otu419,NCBITaxonRank,,genus,,,
ARMS_Getxo_G1_20200624_20201103_MF100_s1_r1:Otu419,fieldReplicateID,,ARMS_Getxo_G_20200624_20201103,http://vocab.nerc.ac.uk/collection/P01/current/IDSPRE01,,
ARMS_Getxo_G1_20200624_20201103_MF100_s1_r1:Otu419,technicalReplicateID,,,http://vocab.nerc.ac.uk/collection/P01/current/IDTCRE01,,
ARMS_Getxo_G1_20200624_20201103_MF100_s1_r1:Otu25,submergedTime,day,132,http://vocab.nerc.ac.uk/collection/P01/current/AZDRZZ01/,https://vocab.nerc.ac.uk/collection/P06/current/UTAA/,
ARMS_Getxo_G1_20200624_20201103_MF100_s1_r1:Otu25,preservativeUsed,,DMSO,http://vocab.nerc.ac.uk/collection/Q01/current/Q0100004/,,https://pubchem.ncbi.nlm.nih.gov/compound/679
ARMS_Getxo_G1_20200624_20201103_MF100_s1_r1:Otu25,lowerLimitFilterSize,micrometer,100,http://vocab.nerc.ac.uk/collection/Q01/current/Q0100011/,https://vocab.nerc.ac.uk/collection/P06/current/UMIC/,
ARMS_Getxo_G1_20200624_20201103_MF100_s1_r1:Otu25,sampleAccessionNumber,,SAMEA10021236,,,
ARMS_Getxo_G1_20200624_20201103_MF100_s1_r1:Otu25,NCBIID,,87110,,,
ARMS_Getxo_G1_20200624_20201103_MF100_s1_r1:Otu25,NCBIScientificName,,Aplanochytrium,,,
ARMS_Getxo_G1_20200624_20201103_MF100_s1_r1:Otu25,NCBITaxonRank,,genus,,,
ARMS_Getxo_G1_20200624_20201103_MF100_s1_r1:Otu25,fieldReplicateID,,ARMS_Getxo_G_20200624_20201103,http://vocab.nerc.ac.uk/collection/P01/current/IDSPRE01,,
ARMS_Getxo_G1_20200624_20201103_MF100_s1_r1:Otu25,technicalReplicateID,,,http://vocab.nerc.ac.uk/collection/P01/current/IDTCRE01,,
ARMS_Getxo_G1_20200624_20201103_MF100_s1_r1:Otu223,submergedTime,day,132,http://vocab.nerc.ac.uk/collection/P01/current/AZDRZZ01/,https://vocab.nerc.ac.uk/collection/P06/current/UTAA/,
ARMS_Getxo_G1_20200624_20201103_MF100_s1_r1:Otu223,preservativeUsed,,DMSO,http://vocab.nerc.ac.uk/collection/Q01/current/Q0100004/,,https://pubchem.ncbi.nlm.nih.gov/compound/679
ARMS_Getxo_G1_20200624_20201103_MF100_s1_r1:Otu223,lowerLimitFilterSize,micrometer,100,http://vocab.nerc.ac.uk/collection/Q01/current/Q0100011/,https://vocab.nerc.ac.uk/collection/P06/current/UMIC/,
ARMS_Getxo_G1_20200624_20201103_MF100_s1_r1:Otu223,sampleAccessionNumber,,SAMEA10021236,,,
ARMS_Getxo_G1_20200624_20201103_MF100_s1_r1:Otu223,NCBIID,,589449,,,
ARMS_Getxo_G1_20200624_20201103_MF100_s1_r1:Otu223,NCBIScientificName,,Polar-centric-Mediophyceae,,,
ARMS_Getxo_G1_20200624_20201103_MF100_s1_r1:Otu223,NCBITaxonRank,,class,,,
ARMS_Getxo_G1_20200624_20201103_MF100_s1_r1:Otu223,fieldReplicateID,,ARMS_Getxo_G_20200624_20201103,http://vocab.nerc.ac.uk/collection/P01/current/IDSPRE01,,
ARMS_Getxo_G1_20200624_20201103_MF100_s1_r1:Otu223,technicalReplicateID,,,http://vocab.nerc.ac.uk/collection/P01/current/IDTCRE01,,
ARMS_Getxo_G1_20200624_20201103_MF100_s1_r1:Otu123,submergedTime,day,132,http://vocab.nerc.ac.uk/collection/P01/current/AZDRZZ01/,https://vocab.nerc.ac.uk/collection/P06/current/UTAA/,
ARMS_Getxo_G1_20200624_20201103_MF100_s1_r1:Otu123,preservativeUsed,,DMSO,http://vocab.nerc.ac.uk/collection/Q01/current/Q0100004/,,https://pubchem.ncbi.nlm.nih.gov/compound/679
ARMS_Getxo_G1_20200624_20201103_MF100_s1_r1:Otu123,lowerLimitFilterSize,micrometer,100,http://vocab.nerc.ac.uk/collection/Q01/current/Q0100011/,https://vocab.nerc.ac.uk/collection/P06/current/UMIC/,
ARMS_Getxo_G1_20200624_20201103_MF100_s1_r1:Otu123,sampleAccessionNumber,,SAMEA10021236,,,
ARMS_Getxo_G1_20200624_20201103_MF100_s1_r1:Otu123,NCBIID,,6657,,,
ARMS_Getxo_G1_20200624_20201103_MF100_s1_r1:Otu123,NCBIScientificName,,Crustacea,,,
ARMS_Getxo_G1_20200624_20201103_MF100_s1_r1:Otu123,NCBITaxonRank,,subphylum,,,
ARMS_Getxo_G1_20200624_20201103_MF100_s1_r1:Otu123,fieldReplicateID,,ARMS_Getxo_G_20200624_20201103,http://vocab.nerc.ac.uk/collection/P01/current/IDSPRE01,,
ARMS_Getxo_G1_20200624_20201103_MF100_s1_r1:Otu123,technicalReplicateID,,,http://vocab.nerc.ac.uk/collection/P01/current/IDTCRE01,,
ARMS_Getxo_G1_20200624_20201103_MF100_s1_r1:Otu60,submergedTime,day,132,http://vocab.nerc.ac.uk/collection/P01/current/AZDRZZ01/,https://vocab.nerc.ac.uk/collection/P06/current/UTAA/,
ARMS_Getxo_G1_20200624_20201103_MF100_s1_r1:Otu60,preservativeUsed,,DMSO,http://vocab.nerc.ac.uk/collection/Q01/current/Q0100004/,,https://pubchem.ncbi.nlm.nih.gov/compound/679
ARMS_Getxo_G1_20200624_20201103_MF100_s1_r1:Otu60,lowerLimitFilterSize,micrometer,100,http://vocab.nerc.ac.uk/collection/Q01/current/Q0100011/,https://vocab.nerc.ac.uk/collection/P06/current/UMIC/,
ARMS_Getxo_G1_20200624_20201103_MF100_s1_r1:Otu60,sampleAccessionNumber,,SAMEA10021236,,,
ARMS_Getxo_G1_20200624_20201103_MF100_s1_r1:Otu60,NCBIID,,68038,,,
ARMS_Getxo_G1_20200624_20201103_MF100_s1_r1:Otu60,NCBIScientificName,,Chaetonotus,,,
ARMS_Getxo_G1_20200624_20201103_MF100_s1_r1:Otu60,NCBITaxonRank,,genus,,,
ARMS_Getxo_G1_20200624_20201103_MF100_s1_r1:Otu60,fieldReplicateID,,ARMS_Getxo_G_20200624_20201103,http://vocab.nerc.ac.uk/collection/P01/current/IDSPRE01,,
ARMS_Getxo_G1_20200624_20201103_MF100_s1_r1:Otu60,technicalReplicateID,,,http://vocab.nerc.ac.uk/collection/P01/current/IDTCRE01,,
ARMS_Getxo_G1_20200624_20201103_MF100_s1_r1:Otu468,submergedTime,day,132,http://vocab.nerc.ac.uk/collection/P01/current/AZDRZZ01/,https://vocab.nerc.ac.uk/collection/P06/current/UTAA/,
ARMS_Getxo_G1_20200624_20201103_MF100_s1_r1:Otu468,preservativeUsed,,DMSO,http://vocab.nerc.ac.uk/collection/Q01/current/Q0100004/,,https://pubchem.ncbi.nlm.nih.gov/compound/679
ARMS_Getxo_G1_20200624_20201103_MF100_s1_r1:Otu468,lowerLimitFilterSize,micrometer,100,http://vocab.nerc.ac.uk/collection/Q01/current/Q0100011/,https://vocab.nerc.ac.uk/collection/P06/current/UMIC/,
ARMS_Getxo_G1_20200624_20201103_MF100_s1_r1:Otu468,sampleAccessionNumber,,SAMEA10021236,,,
ARMS_Getxo_G1_20200624_20201103_MF100_s1_r1:Otu468,NCBIID,,65574,,,
ARMS_Getxo_G1_20200624_20201103_MF100_s1_r1:Otu468,NCBIScientificName,,Radiolaria,,,
ARMS_Getxo_G1_20200624_20201103_MF100_s1_r1:Otu468,NCBITaxonRank,,class,,,
ARMS_Getxo_G1_20200624_20201103_MF100_s1_r1:Otu468,fieldReplicateID,,ARMS_Getxo_G_20200624_20201103,http://vocab.nerc.ac.uk/collection/P01/current/IDSPRE01,,
ARMS_Getxo_G1_20200624_20201103_MF100_s1_r1:Otu468,technicalReplicateID,,,http://vocab.nerc.ac.uk/collection/P01/current/IDTCRE01,,
ARMS_Getxo_G1_20200624_20201103_MF100_s1_r1:Otu285,submergedTime,day,132,http://vocab.nerc.ac.uk/collection/P01/current/AZDRZZ01/,https://vocab.nerc.ac.uk/collection/P06/current/UTAA/,
ARMS_Getxo_G1_20200624_20201103_MF100_s1_r1:Otu285,preservativeUsed,,DMSO,http://vocab.nerc.ac.uk/collection/Q01/current/Q0100004/,,https://pubchem.ncbi.nlm.nih.gov/compound/679
ARMS_Getxo_G1_20200624_20201103_MF100_s1_r1:Otu285,lowerLimitFilterSize,micrometer,100,http://vocab.nerc.ac.uk/collection/Q01/current/Q0100011/,https://vocab.nerc.ac.uk/collection/P06/current/UMIC/,
ARMS_Getxo_G1_20200624_20201103_MF100_s1_r1:Otu285,sampleAccessionNumber,,SAMEA10021236,,,
ARMS_Getxo_G1_20200624_20201103_MF100_s1_r1:Otu285,NCBIID,,589449,,,
ARMS_Getxo_G1_20200624_20201103_MF100_s1_r1:Otu285,NCBIScientificName,,Polar-centric-Mediophyceae,,,
ARMS_Getxo_G1_20200624_20201103_MF100_s1_r1:Otu285,NCBITaxonRank,,class,,,
ARMS_Getxo_G1_20200624_20201103_MF100_s1_r1:Otu285,fieldReplicateID,,ARMS_Getxo_G_20200624_20201103,http://vocab.nerc.ac.uk/collection/P01/current/IDSPRE01,,
ARMS_Getxo_G1_20200624_20201103_MF100_s1_r1:Otu285,technicalReplicateID,,,http://vocab.nerc.ac.uk/collection/P01/current/IDTCRE01,,
ARMS_Getxo_G1_20200624_20201103_MF100_s1_r1:Otu38,submergedTime,day,132,http://vocab.nerc.ac.uk/collection/P01/current/AZDRZZ01/,https://vocab.nerc.ac.uk/collection/P06/current/UTAA/,
ARMS_Getxo_G1_20200624_20201103_MF100_s1_r1:Otu38,preservativeUsed,,DMSO,http://vocab.nerc.ac.uk/collection/Q01/current/Q0100004/,,https://pubchem.ncbi.nlm.nih.gov/compound/679
ARMS_Getxo_G1_20200624_20201103_MF100_s1_r1:Otu38,lowerLimitFilterSize,micrometer,100,http://vocab.nerc.ac.uk/collection/Q01/current/Q0100011/,https://vocab.nerc.ac.uk/collection/P06/current/UMIC/,
ARMS_Getxo_G1_20200624_20201103_MF100_s1_r1:Otu38,sampleAccessionNumber,,SAMEA10021236,,,
ARMS_Getxo_G1_20200624_20201103_MF100_s1_r1:Otu38,NCBIID,,244961,,,
ARMS_Getxo_G1_20200624_20201103_MF100_s1_r1:Otu38,NCBIScientificName,,Gyrodinium_fusiforme,,,
ARMS_Getxo_G1_20200624_20201103_MF100_s1_r1:Otu38,NCBITaxonRank,,species,,,
ARMS_Getxo_G1_20200624_20201103_MF100_s1_r1:Otu38,fieldReplicateID,,ARMS_Getxo_G_20200624_20201103,http://vocab.nerc.ac.uk/collection/P01/current/IDSPRE01,,
ARMS_Getxo_G1_20200624_20201103_MF100_s1_r1:Otu38,technicalReplicateID,,,http://vocab.nerc.ac.uk/collection/P01/current/IDTCRE01,,
ARMS_Getxo_G1_20200624_20201103_MF100_s1_r1:Otu34,submergedTime,day,132,http://vocab.nerc.ac.uk/collection/P01/current/AZDRZZ01/,https://vocab.nerc.ac.uk/collection/P06/current/UTAA/,
ARMS_Getxo_G1_20200624_20201103_MF100_s1_r1:Otu34,preservativeUsed,,DMSO,http://vocab.nerc.ac.uk/collection/Q01/current/Q0100004/,,https://pubchem.ncbi.nlm.nih.gov/compound/679
ARMS_Getxo_G1_20200624_20201103_MF100_s1_r1:Otu34,lowerLimitFilterSize,micrometer,100,http://vocab.nerc.ac.uk/collection/Q01/current/Q0100011/,https://vocab.nerc.ac.uk/collection/P06/current/UMIC/,
ARMS_Getxo_G1_20200624_20201103_MF100_s1_r1:Otu34,sampleAccessionNumber,,SAMEA10021236,,,
ARMS_Getxo_G1_20200624_20201103_MF100_s1_r1:Otu34,NCBIID,,79791,,,
ARMS_Getxo_G1_20200624_20201103_MF100_s1_r1:Otu34,NCBIScientificName,,Cylindrostoma,,,
ARMS_Getxo_G1_20200624_20201103_MF100_s1_r1:Otu34,NCBITaxonRank,,genus,,,
ARMS_Getxo_G1_20200624_20201103_MF100_s1_r1:Otu34,fieldReplicateID,,ARMS_Getxo_G_20200624_20201103,http://vocab.nerc.ac.uk/collection/P01/current/IDSPRE01,,
ARMS_Getxo_G1_20200624_20201103_MF100_s1_r1:Otu34,technicalReplicateID,,,http://vocab.nerc.ac.uk/collection/P01/current/IDTCRE01,,
ARMS_Getxo_G1_20200624_20201103_MF100_s1_r1:Otu31,submergedTime,day,132,http://vocab.nerc.ac.uk/collection/P01/current/AZDRZZ01/,https://vocab.nerc.ac.uk/collection/P06/current/UTAA/,
ARMS_Getxo_G1_20200624_20201103_MF100_s1_r1:Otu31,preservativeUsed,,DMSO,http://vocab.nerc.ac.uk/collection/Q01/current/Q0100004/,,https://pubchem.ncbi.nlm.nih.gov/compound/679
ARMS_Getxo_G1_20200624_20201103_MF100_s1_r1:Otu31,lowerLimitFilterSize,micrometer,100,http://vocab.nerc.ac.uk/collection/Q01/current/Q0100011/,https://vocab.nerc.ac.uk/collection/P06/current/UMIC/,
ARMS_Getxo_G1_20200624_20201103_MF100_s1_r1:Otu31,sampleAccessionNumber,,SAMEA10021236,,,
ARMS_Getxo_G1_20200624_20201103_MF100_s1_r1:Otu31,NCBIID,,6074,,,
ARMS_Getxo_G1_20200624_20201103_MF100_s1_r1:Otu31,NCBIScientificName,,Hydrozoa,,,
ARMS_Getxo_G1_20200624_20201103_MF100_s1_r1:Otu31,NCBITaxonRank,,class,,,
ARMS_Getxo_G1_20200624_20201103_MF100_s1_r1:Otu31,fieldReplicateID,,ARMS_Getxo_G_20200624_20201103,http://vocab.nerc.ac.uk/collection/P01/current/IDSPRE01,,
ARMS_Getxo_G1_20200624_20201103_MF100_s1_r1:Otu31,technicalReplicateID,,,http://vocab.nerc.ac.uk/collection/P01/current/IDTCRE01,,
ARMS_Getxo_G1_20200624_20201103_MF100_s1_r1:Otu8,submergedTime,day,132,http://vocab.nerc.ac.uk/collection/P01/current/AZDRZZ01/,https://vocab.nerc.ac.uk/collection/P06/current/UTAA/,
ARMS_Getxo_G1_20200624_20201103_MF100_s1_r1:Otu8,preservativeUsed,,DMSO,http://vocab.nerc.ac.uk/collection/Q01/current/Q0100004/,,https://pubchem.ncbi.nlm.nih.gov/compound/679
ARMS_Getxo_G1_20200624_20201103_MF100_s1_r1:Otu8,lowerLimitFilterSize,micrometer,100,http://vocab.nerc.ac.uk/collection/Q01/current/Q0100011/,https://vocab.nerc.ac.uk/collection/P06/current/UMIC/,
ARMS_Getxo_G1_20200624_20201103_MF100_s1_r1:Otu8,sampleAccessionNumber,,SAMEA10021236,,,
ARMS_Getxo_G1_20200624_20201103_MF100_s1_r1:Otu8,NCBIID,,33674,,,
ARMS_Getxo_G1_20200624_20201103_MF100_s1_r1:Otu8,NCBIScientificName,,Thraustochytriaceae,,,
ARMS_Getxo_G1_20200624_20201103_MF100_s1_r1:Otu8,NCBITaxonRank,,family,,,
ARMS_Getxo_G1_20200624_20201103_MF100_s1_r1:Otu8,fieldReplicateID,,ARMS_Getxo_G_20200624_20201103,http://vocab.nerc.ac.uk/collection/P01/current/IDSPRE01,,
ARMS_Getxo_G1_20200624_20201103_MF100_s1_r1:Otu8,technicalReplicateID,,,http://vocab.nerc.ac.uk/collection/P01/current/IDTCRE01,,
ARMS_Getxo_G1_20200624_20201103_MF100_s1_r1:Otu7,submergedTime,day,132,http://vocab.nerc.ac.uk/collection/P01/current/AZDRZZ01/,https://vocab.nerc.ac.uk/collection/P06/current/UTAA/,
ARMS_Getxo_G1_20200624_20201103_MF100_s1_r1:Otu7,preservativeUsed,,DMSO,http://vocab.nerc.ac.uk/collection/Q01/current/Q0100004/,,https://pubchem.ncbi.nlm.nih.gov/compound/679
ARMS_Getxo_G1_20200624_20201103_MF100_s1_r1:Otu7,lowerLimitFilterSize,micrometer,100,http://vocab.nerc.ac.uk/collection/Q01/current/Q0100011/,https://vocab.nerc.ac.uk/collection/P06/current/UMIC/,
ARMS_Getxo_G1_20200624_20201103_MF100_s1_r1:Otu7,sampleAccessionNumber,,SAMEA10021236,,,
ARMS_Getxo_G1_20200624_20201103_MF100_s1_r1:Otu7,NCBIID,,6679,,,
ARMS_Getxo_G1_20200624_20201103_MF100_s1_r1:Otu7,NCBIScientificName,,Megabalanus,,,
ARMS_Getxo_G1_20200624_20201103_MF100_s1_r1:Otu7,NCBITaxonRank,,genus,,,
ARMS_Getxo_G1_20200624_20201103_MF100_s1_r1:Otu7,fieldReplicateID,,ARMS_Getxo_G_20200624_20201103,http://vocab.nerc.ac.uk/collection/P01/current/IDSPRE01,,
ARMS_Getxo_G1_20200624_20201103_MF100_s1_r1:Otu7,technicalReplicateID,,,http://vocab.nerc.ac.uk/collection/P01/current/IDTCRE01,,
ARMS_Getxo_G1_20200624_20201103_MF100_s1_r1:Otu2,submergedTime,day,132,http://vocab.nerc.ac.uk/collection/P01/current/AZDRZZ01/,https://vocab.nerc.ac.uk/collection/P06/current/UTAA/,
ARMS_Getxo_G1_20200624_20201103_MF100_s1_r1:Otu2,preservativeUsed,,DMSO,http://vocab.nerc.ac.uk/collection/Q01/current/Q0100004/,,https://pubchem.ncbi.nlm.nih.gov/compound/679
ARMS_Getxo_G1_20200624_20201103_MF100_s1_r1:Otu2,lowerLimitFilterSize,micrometer,100,http://vocab.nerc.ac.uk/collection/Q01/current/Q0100011/,https://vocab.nerc.ac.uk/collection/P06/current/UMIC/,
ARMS_Getxo_G1_20200624_20201103_MF100_s1_r1:Otu2,sampleAccessionNumber,,SAMEA10021236,,,
ARMS_Getxo_G1_20200624_20201103_MF100_s1_r1:Otu2,NCBIID,,7713,,,
ARMS_Getxo_G1_20200624_20201103_MF100_s1_r1:Otu2,NCBIScientificName,,Ascidiacea,,,
ARMS_Getxo_G1_20200624_20201103_MF100_s1_r1:Otu2,NCBITaxonRank,,class,,,
ARMS_Getxo_G1_20200624_20201103_MF100_s1_r1:Otu2,fieldReplicateID,,ARMS_Getxo_G_20200624_20201103,http://vocab.nerc.ac.uk/collection/P01/current/IDSPRE01,,
ARMS_Getxo_G1_20200624_20201103_MF100_s1_r1:Otu2,technicalReplicateID,,,http://vocab.nerc.ac.uk/collection/P01/current/IDTCRE01,,
ARMS_Getxo_G1_20200624_20201103_MF100_s1_r1:Otu205,submergedTime,day,132,http://vocab.nerc.ac.uk/collection/P01/current/AZDRZZ01/,https://vocab.nerc.ac.uk/collection/P06/current/UTAA/,
ARMS_Getxo_G1_20200624_20201103_MF100_s1_r1:Otu205,preservativeUsed,,DMSO,http://vocab.nerc.ac.uk/collection/Q01/current/Q0100004/,,https://pubchem.ncbi.nlm.nih.gov/compound/679
ARMS_Getxo_G1_20200624_20201103_MF100_s1_r1:Otu205,lowerLimitFilterSize,micrometer,100,http://vocab.nerc.ac.uk/collection/Q01/current/Q0100011/,https://vocab.nerc.ac.uk/collection/P06/current/UMIC/,
ARMS_Getxo_G1_20200624_20201103_MF100_s1_r1:Otu205,sampleAccessionNumber,,SAMEA10021236,,,
ARMS_Getxo_G1_20200624_20201103_MF100_s1_r1:Otu205,NCBIID,,589449,,,
ARMS_Getxo_G1_20200624_20201103_MF100_s1_r1:Otu205,NCBIScientificName,,Polar-centric-Mediophyceae,,,
ARMS_Getxo_G1_20200624_20201103_MF100_s1_r1:Otu205,NCBITaxonRank,,class,,,
ARMS_Getxo_G1_20200624_20201103_MF100_s1_r1:Otu205,fieldReplicateID,,ARMS_Getxo_G_20200624_20201103,http://vocab.nerc.ac.uk/collection/P01/current/IDSPRE01,,
ARMS_Getxo_G1_20200624_20201103_MF100_s1_r1:Otu205,technicalReplicateID,,,http://vocab.nerc.ac.uk/collection/P01/current/IDTCRE01,,
ARMS_Getxo_G1_20200624_20201103_MF100_s1_r1:Otu104,submergedTime,day,132,http://vocab.nerc.ac.uk/collection/P01/current/AZDRZZ01/,https://vocab.nerc.ac.uk/collection/P06/current/UTAA/,
ARMS_Getxo_G1_20200624_20201103_MF100_s1_r1:Otu104,preservativeUsed,,DMSO,http://vocab.nerc.ac.uk/collection/Q01/current/Q0100004/,,https://pubchem.ncbi.nlm.nih.gov/compound/679
ARMS_Getxo_G1_20200624_20201103_MF100_s1_r1:Otu104,lowerLimitFilterSize,micrometer,100,http://vocab.nerc.ac.uk/collection/Q01/current/Q0100011/,https://vocab.nerc.ac.uk/collection/P06/current/UMIC/,
ARMS_Getxo_G1_20200624_20201103_MF100_s1_r1:Otu104,sampleAccessionNumber,,SAMEA10021236,,,
ARMS_Getxo_G1_20200624_20201103_MF100_s1_r1:Otu104,NCBIID,,5934,,,
ARMS_Getxo_G1_20200624_20201103_MF100_s1_r1:Otu104,NCBIScientificName,,Hypotrichia,,,
ARMS_Getxo_G1_20200624_20201103_MF100_s1_r1:Otu104,NCBITaxonRank,,subclass,,,
ARMS_Getxo_G1_20200624_20201103_MF100_s1_r1:Otu104,fieldReplicateID,,ARMS_Getxo_G_20200624_20201103,http://vocab.nerc.ac.uk/collection/P01/current/IDSPRE01,,
ARMS_Getxo_G1_20200624_20201103_MF100_s1_r1:Otu104,technicalReplicateID,,,http://vocab.nerc.ac.uk/collection/P01/current/IDTCRE01,,
ARMS_Getxo_G1_20200624_20201103_MF100_s1_r1:Otu102,submergedTime,day,132,http://vocab.nerc.ac.uk/collection/P01/current/AZDRZZ01/,https://vocab.nerc.ac.uk/collection/P06/current/UTAA/,
ARMS_Getxo_G1_20200624_20201103_MF100_s1_r1:Otu102,preservativeUsed,,DMSO,http://vocab.nerc.ac.uk/collection/Q01/current/Q0100004/,,https://pubchem.ncbi.nlm.nih.gov/compound/679
ARMS_Getxo_G1_20200624_20201103_MF100_s1_r1:Otu102,lowerLimitFilterSize,micrometer,100,http://vocab.nerc.ac.uk/collection/Q01/current/Q0100011/,https://vocab.nerc.ac.uk/collection/P06/current/UMIC/,
ARMS_Getxo_G1_20200624_20201103_MF100_s1_r1:Otu102,sampleAccessionNumber,,SAMEA10021236,,,
ARMS_Getxo_G1_20200624_20201103_MF100_s1_r1:Otu102,NCBIID,,298417,,,
ARMS_Getxo_G1_20200624_20201103_MF100_s1_r1:Otu102,NCBIScientificName,,Euryte,,,
ARMS_Getxo_G1_20200624_20201103_MF100_s1_r1:Otu102,NCBITaxonRank,,genus,,,
ARMS_Getxo_G1_20200624_20201103_MF100_s1_r1:Otu102,fieldReplicateID,,ARMS_Getxo_G_20200624_20201103,http://vocab.nerc.ac.uk/collection/P01/current/IDSPRE01,,
ARMS_Getxo_G1_20200624_20201103_MF100_s1_r1:Otu102,technicalReplicateID,,,http://vocab.nerc.ac.uk/collection/P01/current/IDTCRE01,,
ARMS_Getxo_G1_20200624_20201103_MF100_s1_r1:Otu329,submergedTime,day,132,http://vocab.nerc.ac.uk/collection/P01/current/AZDRZZ01/,https://vocab.nerc.ac.uk/collection/P06/current/UTAA/,
ARMS_Getxo_G1_20200624_20201103_MF100_s1_r1:Otu329,preservativeUsed,,DMSO,http://vocab.nerc.ac.uk/collection/Q01/current/Q0100004/,,https://pubchem.ncbi.nlm.nih.gov/compound/679
ARMS_Getxo_G1_20200624_20201103_MF100_s1_r1:Otu329,lowerLimitFilterSize,micrometer,100,http://vocab.nerc.ac.uk/collection/Q01/current/Q0100011/,https://vocab.nerc.ac.uk/collection/P06/current/UMIC/,
ARMS_Getxo_G1_20200624_20201103_MF100_s1_r1:Otu329,sampleAccessionNumber,,SAMEA10021236,,,
ARMS_Getxo_G1_20200624_20201103_MF100_s1_r1:Otu329,NCBIID,,5962,,,
ARMS_Getxo_G1_20200624_20201103_MF100_s1_r1:Otu329,NCBIScientificName,,Stentor,,,
ARMS_Getxo_G1_20200624_20201103_MF100_s1_r1:Otu329,NCBITaxonRank,,genus,,,
ARMS_Getxo_G1_20200624_20201103_MF100_s1_r1:Otu329,fieldReplicateID,,ARMS_Getxo_G_20200624_20201103,http://vocab.nerc.ac.uk/collection/P01/current/IDSPRE01,,
ARMS_Getxo_G1_20200624_20201103_MF100_s1_r1:Otu329,technicalReplicateID,,,http://vocab.nerc.ac.uk/collection/P01/current/IDTCRE01,,
ARMS_Getxo_G1_20200624_20201103_MF100_s1_r1:Otu404,submergedTime,day,132,http://vocab.nerc.ac.uk/collection/P01/current/AZDRZZ01/,https://vocab.nerc.ac.uk/collection/P06/current/UTAA/,
ARMS_Getxo_G1_20200624_20201103_MF100_s1_r1:Otu404,preservativeUsed,,DMSO,http://vocab.nerc.ac.uk/collection/Q01/current/Q0100004/,,https://pubchem.ncbi.nlm.nih.gov/compound/679
ARMS_Getxo_G1_20200624_20201103_MF100_s1_r1:Otu404,lowerLimitFilterSize,micrometer,100,http://vocab.nerc.ac.uk/collection/Q01/current/Q0100011/,https://vocab.nerc.ac.uk/collection/P06/current/UMIC/,
ARMS_Getxo_G1_20200624_20201103_MF100_s1_r1:Otu404,sampleAccessionNumber,,SAMEA10021236,,,
ARMS_Getxo_G1_20200624_20201103_MF100_s1_r1:Otu404,NCBIID,,1819793,,,
ARMS_Getxo_G1_20200624_20201103_MF100_s1_r1:Otu404,NCBIScientificName,,Xenostrobus,,,
ARMS_Getxo_G1_20200624_20201103_MF100_s1_r1:Otu404,NCBITaxonRank,,genus,,,
ARMS_Getxo_G1_20200624_20201103_MF100_s1_r1:Otu404,fieldReplicateID,,ARMS_Getxo_G_20200624_20201103,http://vocab.nerc.ac.uk/collection/P01/current/IDSPRE01,,
ARMS_Getxo_G1_20200624_20201103_MF100_s1_r1:Otu404,technicalReplicateID,,,http://vocab.nerc.ac.uk/collection/P01/current/IDTCRE01,,
ARMS_Getxo_G1_20200624_20201103_MF100_s1_r1:Otu241,submergedTime,day,132,http://vocab.nerc.ac.uk/collection/P01/current/AZDRZZ01/,https://vocab.nerc.ac.uk/collection/P06/current/UTAA/,
ARMS_Getxo_G1_20200624_20201103_MF100_s1_r1:Otu241,preservativeUsed,,DMSO,http://vocab.nerc.ac.uk/collection/Q01/current/Q0100004/,,https://pubchem.ncbi.nlm.nih.gov/compound/679
ARMS_Getxo_G1_20200624_20201103_MF100_s1_r1:Otu241,lowerLimitFilterSize,micrometer,100,http://vocab.nerc.ac.uk/collection/Q01/current/Q0100011/,https://vocab.nerc.ac.uk/collection/P06/current/UMIC/,
ARMS_Getxo_G1_20200624_20201103_MF100_s1_r1:Otu241,sampleAccessionNumber,,SAMEA10021236,,,
ARMS_Getxo_G1_20200624_20201103_MF100_s1_r1:Otu241,NCBIID,,589444,,,
ARMS_Getxo_G1_20200624_20201103_MF100_s1_r1:Otu241,NCBIScientificName,,Cryomonadida,,,
ARMS_Getxo_G1_20200624_20201103_MF100_s1_r1:Otu241,NCBITaxonRank,,order,,,
ARMS_Getxo_G1_20200624_20201103_MF100_s1_r1:Otu241,fieldReplicateID,,ARMS_Getxo_G_20200624_20201103,http://vocab.nerc.ac.uk/collection/P01/current/IDSPRE01,,
ARMS_Getxo_G1_20200624_20201103_MF100_s1_r1:Otu241,technicalReplicateID,,,http://vocab.nerc.ac.uk/collection/P01/current/IDTCRE01,,
ARMS_Getxo_G1_20200624_20201103_MF100_s1_r1:Otu47,submergedTime,day,132,http://vocab.nerc.ac.uk/collection/P01/current/AZDRZZ01/,https://vocab.nerc.ac.uk/collection/P06/current/UTAA/,
ARMS_Getxo_G1_20200624_20201103_MF100_s1_r1:Otu47,preservativeUsed,,DMSO,http://vocab.nerc.ac.uk/collection/Q01/current/Q0100004/,,https://pubchem.ncbi.nlm.nih.gov/compound/679
ARMS_Getxo_G1_20200624_20201103_MF100_s1_r1:Otu47,lowerLimitFilterSize,micrometer,100,http://vocab.nerc.ac.uk/collection/Q01/current/Q0100011/,https://vocab.nerc.ac.uk/collection/P06/current/UMIC/,
ARMS_Getxo_G1_20200624_20201103_MF100_s1_r1:Otu47,sampleAccessionNumber,,SAMEA10021236,,,
ARMS_Getxo_G1_20200624_20201103_MF100_s1_r1:Otu47,NCBIID,,187724,,,
ARMS_Getxo_G1_20200624_20201103_MF100_s1_r1:Otu47,NCBIScientificName,,Oerstedia,,,
ARMS_Getxo_G1_20200624_20201103_MF100_s1_r1:Otu47,NCBITaxonRank,,genus,,,
ARMS_Getxo_G1_20200624_20201103_MF100_s1_r1:Otu47,fieldReplicateID,,ARMS_Getxo_G_20200624_20201103,http://vocab.nerc.ac.uk/collection/P01/current/IDSPRE01,,
ARMS_Getxo_G1_20200624_20201103_MF100_s1_r1:Otu47,technicalReplicateID,,,http://vocab.nerc.ac.uk/collection/P01/current/IDTCRE01,,
ARMS_Getxo_G1_20200624_20201103_MF100_s1_r1:Otu132,submergedTime,day,132,http://vocab.nerc.ac.uk/collection/P01/current/AZDRZZ01/,https://vocab.nerc.ac.uk/collection/P06/current/UTAA/,
ARMS_Getxo_G1_20200624_20201103_MF100_s1_r1:Otu132,preservativeUsed,,DMSO,http://vocab.nerc.ac.uk/collection/Q01/current/Q0100004/,,https://pubchem.ncbi.nlm.nih.gov/compound/679
ARMS_Getxo_G1_20200624_20201103_MF100_s1_r1:Otu132,lowerLimitFilterSize,micrometer,100,http://vocab.nerc.ac.uk/collection/Q01/current/Q0100011/,https://vocab.nerc.ac.uk/collection/P06/current/UMIC/,
ARMS_Getxo_G1_20200624_20201103_MF100_s1_r1:Otu132,sampleAccessionNumber,,SAMEA10021236,,,
ARMS_Getxo_G1_20200624_20201103_MF100_s1_r1:Otu132,NCBIID,,6074,,,
ARMS_Getxo_G1_20200624_20201103_MF100_s1_r1:Otu132,NCBIScientificName,,Hydrozoa,,,
ARMS_Getxo_G1_20200624_20201103_MF100_s1_r1:Otu132,NCBITaxonRank,,class,,,
ARMS_Getxo_G1_20200624_20201103_MF100_s1_r1:Otu132,fieldReplicateID,,ARMS_Getxo_G_20200624_20201103,http://vocab.nerc.ac.uk/collection/P01/current/IDSPRE01,,
ARMS_Getxo_G1_20200624_20201103_MF100_s1_r1:Otu132,technicalReplicateID,,,http://vocab.nerc.ac.uk/collection/P01/current/IDTCRE01,,
ARMS_Getxo_G1_20200624_20201103_MF100_s1_r1:Otu10,submergedTime,day,132,http://vocab.nerc.ac.uk/collection/P01/current/AZDRZZ01/,https://vocab.nerc.ac.uk/collection/P06/current/UTAA/,
ARMS_Getxo_G1_20200624_20201103_MF100_s1_r1:Otu10,preservativeUsed,,DMSO,http://vocab.nerc.ac.uk/collection/Q01/current/Q0100004/,,https://pubchem.ncbi.nlm.nih.gov/compound/679
ARMS_Getxo_G1_20200624_20201103_MF100_s1_r1:Otu10,lowerLimitFilterSize,micrometer,100,http://vocab.nerc.ac.uk/collection/Q01/current/Q0100011/,https://vocab.nerc.ac.uk/collection/P06/current/UMIC/,
ARMS_Getxo_G1_20200624_20201103_MF100_s1_r1:Otu10,sampleAccessionNumber,,SAMEA10021236,,,
ARMS_Getxo_G1_20200624_20201103_MF100_s1_r1:Otu10,NCBIID,,119397,,,
ARMS_Getxo_G1_20200624_20201103_MF100_s1_r1:Otu10,NCBIScientificName,,Neritopsina,,,
ARMS_Getxo_G1_20200624_20201103_MF100_s1_r1:Otu10,NCBITaxonRank,,subclass,,,
ARMS_Getxo_G1_20200624_20201103_MF100_s1_r1:Otu10,fieldReplicateID,,ARMS_Getxo_G_20200624_20201103,http://vocab.nerc.ac.uk/collection/P01/current/IDSPRE01,,
ARMS_Getxo_G1_20200624_20201103_MF100_s1_r1:Otu10,technicalReplicateID,,,http://vocab.nerc.ac.uk/collection/P01/current/IDTCRE01,,
ARMS_Getxo_G1_20200624_20201103_MF100_s1_r1:Otu18,submergedTime,day,132,http://vocab.nerc.ac.uk/collection/P01/current/AZDRZZ01/,https://vocab.nerc.ac.uk/collection/P06/current/UTAA/,
ARMS_Getxo_G1_20200624_20201103_MF100_s1_r1:Otu18,preservativeUsed,,DMSO,http://vocab.nerc.ac.uk/collection/Q01/current/Q0100004/,,https://pubchem.ncbi.nlm.nih.gov/compound/679
ARMS_Getxo_G1_20200624_20201103_MF100_s1_r1:Otu18,lowerLimitFilterSize,micrometer,100,http://vocab.nerc.ac.uk/collection/Q01/current/Q0100011/,https://vocab.nerc.ac.uk/collection/P06/current/UMIC/,
ARMS_Getxo_G1_20200624_20201103_MF100_s1_r1:Otu18,sampleAccessionNumber,,SAMEA10021236,,,
ARMS_Getxo_G1_20200624_20201103_MF100_s1_r1:Otu18,NCBIID,,6340,,,
ARMS_Getxo_G1_20200624_20201103_MF100_s1_r1:Otu18,NCBIScientificName,,Annelida,,,
ARMS_Getxo_G1_20200624_20201103_MF100_s1_r1:Otu18,NCBITaxonRank,,phylum,,,
ARMS_Getxo_G1_20200624_20201103_MF100_s1_r1:Otu18,fieldReplicateID,,ARMS_Getxo_G_20200624_20201103,http://vocab.nerc.ac.uk/collection/P01/current/IDSPRE01,,
ARMS_Getxo_G1_20200624_20201103_MF100_s1_r1:Otu18,technicalReplicateID,,,http://vocab.nerc.ac.uk/collection/P01/current/IDTCRE01,,
ARMS_Getxo_G1_20200624_20201103_MF500_s1_r1:Otu252,submergedTime,day,132,http://vocab.nerc.ac.uk/collection/P01/current/AZDRZZ01/,https://vocab.nerc.ac.uk/collection/P06/current/UTAA/,
ARMS_Getxo_G1_20200624_20201103_MF500_s1_r1:Otu252,preservativeUsed,,DMSO,http://vocab.nerc.ac.uk/collection/Q01/current/Q0100004/,,https://pubchem.ncbi.nlm.nih.gov/compound/679
ARMS_Getxo_G1_20200624_20201103_MF500_s1_r1:Otu252,lowerLimitFilterSize,micrometer,500,http://vocab.nerc.ac.uk/collection/Q01/current/Q0100011/,https://vocab.nerc.ac.uk/collection/P06/current/UMIC/,
ARMS_Getxo_G1_20200624_20201103_MF500_s1_r1:Otu252,sampleAccessionNumber,,SAMEA10021239,,,
ARMS_Getxo_G1_20200624_20201103_MF500_s1_r1:Otu252,NCBIID,,7713,,,
ARMS_Getxo_G1_20200624_20201103_MF500_s1_r1:Otu252,NCBIScientificName,,Ascidiacea,,,
ARMS_Getxo_G1_20200624_20201103_MF500_s1_r1:Otu252,NCBITaxonRank,,class,,,
ARMS_Getxo_G1_20200624_20201103_MF500_s1_r1:Otu252,fieldReplicateID,,ARMS_Getxo_G_20200624_20201103,http://vocab.nerc.ac.uk/collection/P01/current/IDSPRE01,,
ARMS_Getxo_G1_20200624_20201103_MF500_s1_r1:Otu252,technicalReplicateID,,,http://vocab.nerc.ac.uk/collection/P01/current/IDTCRE01,,
ARMS_Getxo_G1_20200624_20201103_MF500_s1_r1:Otu190,submergedTime,day,132,http://vocab.nerc.ac.uk/collection/P01/current/AZDRZZ01/,https://vocab.nerc.ac.uk/collection/P06/current/UTAA/,
ARMS_Getxo_G1_20200624_20201103_MF500_s1_r1:Otu190,preservativeUsed,,DMSO,http://vocab.nerc.ac.uk/collection/Q01/current/Q0100004/,,https://pubchem.ncbi.nlm.nih.gov/compound/679
ARMS_Getxo_G1_20200624_20201103_MF500_s1_r1:Otu190,lowerLimitFilterSize,micrometer,500,http://vocab.nerc.ac.uk/collection/Q01/current/Q0100011/,https://vocab.nerc.ac.uk/collection/P06/current/UMIC/,
ARMS_Getxo_G1_20200624_20201103_MF500_s1_r1:Otu190,sampleAccessionNumber,,SAMEA10021239,,,
ARMS_Getxo_G1_20200624_20201103_MF500_s1_r1:Otu190,NCBIID,,6340,,,
ARMS_Getxo_G1_20200624_20201103_MF500_s1_r1:Otu190,NCBIScientificName,,Annelida,,,
ARMS_Getxo_G1_20200624_20201103_MF500_s1_r1:Otu190,NCBITaxonRank,,phylum,,,
ARMS_Getxo_G1_20200624_20201103_MF500_s1_r1:Otu190,fieldReplicateID,,ARMS_Getxo_G_20200624_20201103,http://vocab.nerc.ac.uk/collection/P01/current/IDSPRE01,,
ARMS_Getxo_G1_20200624_20201103_MF500_s1_r1:Otu190,technicalReplicateID,,,http://vocab.nerc.ac.uk/collection/P01/current/IDTCRE01,,
ARMS_Getxo_G1_20200624_20201103_SF40_s1_r1:Otu486,submergedTime,day,132,http://vocab.nerc.ac.uk/collection/P01/current/AZDRZZ01/,https://vocab.nerc.ac.uk/collection/P06/current/UTAA/,
ARMS_Getxo_G1_20200624_20201103_SF40_s1_r1:Otu486,preservativeUsed,,DMSO,http://vocab.nerc.ac.uk/collection/Q01/current/Q0100004/,,https://pubchem.ncbi.nlm.nih.gov/compound/679
ARMS_Getxo_G1_20200624_20201103_SF40_s1_r1:Otu486,lowerLimitFilterSize,micrometer,40,http://vocab.nerc.ac.uk/collection/Q01/current/Q0100011/,https://vocab.nerc.ac.uk/collection/P06/current/UMIC/,
ARMS_Getxo_G1_20200624_20201103_SF40_s1_r1:Otu486,sampleAccessionNumber,,SAMEA10021242,,,
ARMS_Getxo_G1_20200624_20201103_SF40_s1_r1:Otu486,NCBIID,,10205,,,
ARMS_Getxo_G1_20200624_20201103_SF40_s1_r1:Otu486,NCBIScientificName,,Bryozoa,,,
ARMS_Getxo_G1_20200624_20201103_SF40_s1_r1:Otu486,NCBITaxonRank,,phylum,,,
ARMS_Getxo_G1_20200624_20201103_SF40_s1_r1:Otu486,fieldReplicateID,,ARMS_Getxo_G_20200624_20201103,http://vocab.nerc.ac.uk/collection/P01/current/IDSPRE01,,
ARMS_Getxo_G1_20200624_20201103_SF40_s1_r1:Otu486,technicalReplicateID,,,http://vocab.nerc.ac.uk/collection/P01/current/IDTCRE01,,
ARMS_Getxo_G1_20200624_20201103_SF40_s1_r1:Otu487,submergedTime,day,132,http://vocab.nerc.ac.uk/collection/P01/current/AZDRZZ01/,https://vocab.nerc.ac.uk/collection/P06/current/UTAA/,
ARMS_Getxo_G1_20200624_20201103_SF40_s1_r1:Otu487,preservativeUsed,,DMSO,http://vocab.nerc.ac.uk/collection/Q01/current/Q0100004/,,https://pubchem.ncbi.nlm.nih.gov/compound/679
ARMS_Getxo_G1_20200624_20201103_SF40_s1_r1:Otu487,lowerLimitFilterSize,micrometer,40,http://vocab.nerc.ac.uk/collection/Q01/current/Q0100011/,https://vocab.nerc.ac.uk/collection/P06/current/UMIC/,
ARMS_Getxo_G1_20200624_20201103_SF40_s1_r1:Otu487,sampleAccessionNumber,,SAMEA10021242,,,
ARMS_Getxo_G1_20200624_20201103_SF40_s1_r1:Otu487,NCBIID,,2683629,,,
ARMS_Getxo_G1_20200624_20201103_SF40_s1_r1:Otu487,NCBIScientificName,,Opalozoa,,,
ARMS_Getxo_G1_20200624_20201103_SF40_s1_r1:Otu487,NCBITaxonRank,,clade,,,
ARMS_Getxo_G1_20200624_20201103_SF40_s1_r1:Otu487,fieldReplicateID,,ARMS_Getxo_G_20200624_20201103,http://vocab.nerc.ac.uk/collection/P01/current/IDSPRE01,,
ARMS_Getxo_G1_20200624_20201103_SF40_s1_r1:Otu487,technicalReplicateID,,,http://vocab.nerc.ac.uk/collection/P01/current/IDTCRE01,,
ARMS_Getxo_G1_20200624_20201103_SF40_s1_r1:Otu488,submergedTime,day,132,http://vocab.nerc.ac.uk/collection/P01/current/AZDRZZ01/,https://vocab.nerc.ac.uk/collection/P06/current/UTAA/,
ARMS_Getxo_G1_20200624_20201103_SF40_s1_r1:Otu488,preservativeUsed,,DMSO,http://vocab.nerc.ac.uk/collection/Q01/current/Q0100004/,,https://pubchem.ncbi.nlm.nih.gov/compound/679
ARMS_Getxo_G1_20200624_20201103_SF40_s1_r1:Otu488,lowerLimitFilterSize,micrometer,40,http://vocab.nerc.ac.uk/collection/Q01/current/Q0100011/,https://vocab.nerc.ac.uk/collection/P06/current/UMIC/,
ARMS_Getxo_G1_20200624_20201103_SF40_s1_r1:Otu488,sampleAccessionNumber,,SAMEA10021242,,,
ARMS_Getxo_G1_20200624_20201103_SF40_s1_r1:Otu488,NCBIID,,2864,,,
ARMS_Getxo_G1_20200624_20201103_SF40_s1_r1:Otu488,NCBIScientificName,,Dinophyceae,,,
ARMS_Getxo_G1_20200624_20201103_SF40_s1_r1:Otu488,NCBITaxonRank,,class,,,
ARMS_Getxo_G1_20200624_20201103_SF40_s1_r1:Otu488,fieldReplicateID,,ARMS_Getxo_G_20200624_20201103,http://vocab.nerc.ac.uk/collection/P01/current/IDSPRE01,,
ARMS_Getxo_G1_20200624_20201103_SF40_s1_r1:Otu488,technicalReplicateID,,,http://vocab.nerc.ac.uk/collection/P01/current/IDTCRE01,,
ARMS_Getxo_G1_20200624_20201103_SF40_s1_r1:Otu59,submergedTime,day,132,http://vocab.nerc.ac.uk/collection/P01/current/AZDRZZ01/,https://vocab.nerc.ac.uk/collection/P06/current/UTAA/,
ARMS_Getxo_G1_20200624_20201103_SF40_s1_r1:Otu59,preservativeUsed,,DMSO,http://vocab.nerc.ac.uk/collection/Q01/current/Q0100004/,,https://pubchem.ncbi.nlm.nih.gov/compound/679
ARMS_Getxo_G1_20200624_20201103_SF40_s1_r1:Otu59,lowerLimitFilterSize,micrometer,40,http://vocab.nerc.ac.uk/collection/Q01/current/Q0100011/,https://vocab.nerc.ac.uk/collection/P06/current/UMIC/,
ARMS_Getxo_G1_20200624_20201103_SF40_s1_r1:Otu59,sampleAccessionNumber,,SAMEA10021242,,,
ARMS_Getxo_G1_20200624_20201103_SF40_s1_r1:Otu59,NCBIID,,158377,,,
ARMS_Getxo_G1_20200624_20201103_SF40_s1_r1:Otu59,NCBIScientificName,,Lecudinidae,,,
ARMS_Getxo_G1_20200624_20201103_SF40_s1_r1:Otu59,NCBITaxonRank,,family,,,
ARMS_Getxo_G1_20200624_20201103_SF40_s1_r1:Otu59,fieldReplicateID,,ARMS_Getxo_G_20200624_20201103,http://vocab.nerc.ac.uk/collection/P01/current/IDSPRE01,,
ARMS_Getxo_G1_20200624_20201103_SF40_s1_r1:Otu59,technicalReplicateID,,,http://vocab.nerc.ac.uk/collection/P01/current/IDTCRE01,,
ARMS_Getxo_G1_20200624_20201103_SF40_s1_r1:Otu389,submergedTime,day,132,http://vocab.nerc.ac.uk/collection/P01/current/AZDRZZ01/,https://vocab.nerc.ac.uk/collection/P06/current/UTAA/,
ARMS_Getxo_G1_20200624_20201103_SF40_s1_r1:Otu389,preservativeUsed,,DMSO,http://vocab.nerc.ac.uk/collection/Q01/current/Q0100004/,,https://pubchem.ncbi.nlm.nih.gov/compound/679
ARMS_Getxo_G1_20200624_20201103_SF40_s1_r1:Otu389,lowerLimitFilterSize,micrometer,40,http://vocab.nerc.ac.uk/collection/Q01/current/Q0100011/,https://vocab.nerc.ac.uk/collection/P06/current/UMIC/,
ARMS_Getxo_G1_20200624_20201103_SF40_s1_r1:Otu389,sampleAccessionNumber,,SAMEA10021242,,,
ARMS_Getxo_G1_20200624_20201103_SF40_s1_r1:Otu389,NCBIID,,5794,,,
ARMS_Getxo_G1_20200624_20201103_SF40_s1_r1:Otu389,NCBIScientificName,,Apicomplexa,,,
ARMS_Getxo_G1_20200624_20201103_SF40_s1_r1:Otu389,NCBITaxonRank,,phylum,,,
ARMS_Getxo_G1_20200624_20201103_SF40_s1_r1:Otu389,fieldReplicateID,,ARMS_Getxo_G_20200624_20201103,http://vocab.nerc.ac.uk/collection/P01/current/IDSPRE01,,
ARMS_Getxo_G1_20200624_20201103_SF40_s1_r1:Otu389,technicalReplicateID,,,http://vocab.nerc.ac.uk/collection/P01/current/IDTCRE01,,
ARMS_Getxo_G1_20200624_20201103_SF40_s1_r1:Otu385,submergedTime,day,132,http://vocab.nerc.ac.uk/collection/P01/current/AZDRZZ01/,https://vocab.nerc.ac.uk/collection/P06/current/UTAA/,
ARMS_Getxo_G1_20200624_20201103_SF40_s1_r1:Otu385,preservativeUsed,,DMSO,http://vocab.nerc.ac.uk/collection/Q01/current/Q0100004/,,https://pubchem.ncbi.nlm.nih.gov/compound/679
ARMS_Getxo_G1_20200624_20201103_SF40_s1_r1:Otu385,lowerLimitFilterSize,micrometer,40,http://vocab.nerc.ac.uk/collection/Q01/current/Q0100011/,https://vocab.nerc.ac.uk/collection/P06/current/UMIC/,
ARMS_Getxo_G1_20200624_20201103_SF40_s1_r1:Otu385,sampleAccessionNumber,,SAMEA10021242,,,
ARMS_Getxo_G1_20200624_20201103_SF40_s1_r1:Otu385,NCBIID,,6340,,,
ARMS_Getxo_G1_20200624_20201103_SF40_s1_r1:Otu385,NCBIScientificName,,Annelida,,,
ARMS_Getxo_G1_20200624_20201103_SF40_s1_r1:Otu385,NCBITaxonRank,,phylum,,,
ARMS_Getxo_G1_20200624_20201103_SF40_s1_r1:Otu385,fieldReplicateID,,ARMS_Getxo_G_20200624_20201103,http://vocab.nerc.ac.uk/collection/P01/current/IDSPRE01,,
ARMS_Getxo_G1_20200624_20201103_SF40_s1_r1:Otu385,technicalReplicateID,,,http://vocab.nerc.ac.uk/collection/P01/current/IDTCRE01,,
ARMS_Getxo_G1_20200624_20201103_SF40_s1_r1:Otu384,submergedTime,day,132,http://vocab.nerc.ac.uk/collection/P01/current/AZDRZZ01/,https://vocab.nerc.ac.uk/collection/P06/current/UTAA/,
ARMS_Getxo_G1_20200624_20201103_SF40_s1_r1:Otu384,preservativeUsed,,DMSO,http://vocab.nerc.ac.uk/collection/Q01/current/Q0100004/,,https://pubchem.ncbi.nlm.nih.gov/compound/679
ARMS_Getxo_G1_20200624_20201103_SF40_s1_r1:Otu384,lowerLimitFilterSize,micrometer,40,http://vocab.nerc.ac.uk/collection/Q01/current/Q0100011/,https://vocab.nerc.ac.uk/collection/P06/current/UMIC/,
ARMS_Getxo_G1_20200624_20201103_SF40_s1_r1:Otu384,sampleAccessionNumber,,SAMEA10021242,,,
ARMS_Getxo_G1_20200624_20201103_SF40_s1_r1:Otu384,NCBIID,,119089,,,
ARMS_Getxo_G1_20200624_20201103_SF40_s1_r1:Otu384,NCBIScientificName,,Chromadorea,,,
ARMS_Getxo_G1_20200624_20201103_SF40_s1_r1:Otu384,NCBITaxonRank,,class,,,
ARMS_Getxo_G1_20200624_20201103_SF40_s1_r1:Otu384,fieldReplicateID,,ARMS_Getxo_G_20200624_20201103,http://vocab.nerc.ac.uk/collection/P01/current/IDSPRE01,,
ARMS_Getxo_G1_20200624_20201103_SF40_s1_r1:Otu384,technicalReplicateID,,,http://vocab.nerc.ac.uk/collection/P01/current/IDTCRE01,,
ARMS_Getxo_G1_20200624_20201103_SF40_s1_r1:Otu271,submergedTime,day,132,http://vocab.nerc.ac.uk/collection/P01/current/AZDRZZ01/,https://vocab.nerc.ac.uk/collection/P06/current/UTAA/,
ARMS_Getxo_G1_20200624_20201103_SF40_s1_r1:Otu271,preservativeUsed,,DMSO,http://vocab.nerc.ac.uk/collection/Q01/current/Q0100004/,,https://pubchem.ncbi.nlm.nih.gov/compound/679
ARMS_Getxo_G1_20200624_20201103_SF40_s1_r1:Otu271,lowerLimitFilterSize,micrometer,40,http://vocab.nerc.ac.uk/collection/Q01/current/Q0100011/,https://vocab.nerc.ac.uk/collection/P06/current/UMIC/,
ARMS_Getxo_G1_20200624_20201103_SF40_s1_r1:Otu271,sampleAccessionNumber,,SAMEA10021242,,,
ARMS_Getxo_G1_20200624_20201103_SF40_s1_r1:Otu271,NCBIID,,35124,,,
ARMS_Getxo_G1_20200624_20201103_SF40_s1_r1:Otu271,NCBIScientificName,,Melosira,,,
ARMS_Getxo_G1_20200624_20201103_SF40_s1_r1:Otu271,NCBITaxonRank,,genus,,,
ARMS_Getxo_G1_20200624_20201103_SF40_s1_r1:Otu271,fieldReplicateID,,ARMS_Getxo_G_20200624_20201103,http://vocab.nerc.ac.uk/collection/P01/current/IDSPRE01,,
ARMS_Getxo_G1_20200624_20201103_SF40_s1_r1:Otu271,technicalReplicateID,,,http://vocab.nerc.ac.uk/collection/P01/current/IDTCRE01,,
ARMS_Getxo_G1_20200624_20201103_SF40_s1_r1:Otu48,submergedTime,day,132,http://vocab.nerc.ac.uk/collection/P01/current/AZDRZZ01/,https://vocab.nerc.ac.uk/collection/P06/current/UTAA/,
ARMS_Getxo_G1_20200624_20201103_SF40_s1_r1:Otu48,preservativeUsed,,DMSO,http://vocab.nerc.ac.uk/collection/Q01/current/Q0100004/,,https://pubchem.ncbi.nlm.nih.gov/compound/679
ARMS_Getxo_G1_20200624_20201103_SF40_s1_r1:Otu48,lowerLimitFilterSize,micrometer,40,http://vocab.nerc.ac.uk/collection/Q01/current/Q0100011/,https://vocab.nerc.ac.uk/collection/P06/current/UMIC/,
ARMS_Getxo_G1_20200624_20201103_SF40_s1_r1:Otu48,sampleAccessionNumber,,SAMEA10021242,,,
ARMS_Getxo_G1_20200624_20201103_SF40_s1_r1:Otu48,NCBIID,,27929,,,
ARMS_Getxo_G1_20200624_20201103_SF40_s1_r1:Otu48,NCBIScientificName,,Calcarea,,,
ARMS_Getxo_G1_20200624_20201103_SF40_s1_r1:Otu48,NCBITaxonRank,,class,,,
ARMS_Getxo_G1_20200624_20201103_SF40_s1_r1:Otu48,fieldReplicateID,,ARMS_Getxo_G_20200624_20201103,http://vocab.nerc.ac.uk/collection/P01/current/IDSPRE01,,
ARMS_Getxo_G1_20200624_20201103_SF40_s1_r1:Otu48,technicalReplicateID,,,http://vocab.nerc.ac.uk/collection/P01/current/IDTCRE01,,
ARMS_Getxo_G1_20200624_20201103_SF40_s1_r1:Otu251,submergedTime,day,132,http://vocab.nerc.ac.uk/collection/P01/current/AZDRZZ01/,https://vocab.nerc.ac.uk/collection/P06/current/UTAA/,
ARMS_Getxo_G1_20200624_20201103_SF40_s1_r1:Otu251,preservativeUsed,,DMSO,http://vocab.nerc.ac.uk/collection/Q01/current/Q0100004/,,https://pubchem.ncbi.nlm.nih.gov/compound/679
ARMS_Getxo_G1_20200624_20201103_SF40_s1_r1:Otu251,lowerLimitFilterSize,micrometer,40,http://vocab.nerc.ac.uk/collection/Q01/current/Q0100011/,https://vocab.nerc.ac.uk/collection/P06/current/UMIC/,
ARMS_Getxo_G1_20200624_20201103_SF40_s1_r1:Otu251,sampleAccessionNumber,,SAMEA10021242,,,
ARMS_Getxo_G1_20200624_20201103_SF40_s1_r1:Otu251,NCBIID,,283780,,,
ARMS_Getxo_G1_20200624_20201103_SF40_s1_r1:Otu251,NCBIScientificName,,Ficopomatus_enigmaticus,,,
ARMS_Getxo_G1_20200624_20201103_SF40_s1_r1:Otu251,NCBITaxonRank,,species,,,
ARMS_Getxo_G1_20200624_20201103_SF40_s1_r1:Otu251,fieldReplicateID,,ARMS_Getxo_G_20200624_20201103,http://vocab.nerc.ac.uk/collection/P01/current/IDSPRE01,,
ARMS_Getxo_G1_20200624_20201103_SF40_s1_r1:Otu251,technicalReplicateID,,,http://vocab.nerc.ac.uk/collection/P01/current/IDTCRE01,,
ARMS_Getxo_G1_20200624_20201103_SF40_s1_r1:Otu250,submergedTime,day,132,http://vocab.nerc.ac.uk/collection/P01/current/AZDRZZ01/,https://vocab.nerc.ac.uk/collection/P06/current/UTAA/,
ARMS_Getxo_G1_20200624_20201103_SF40_s1_r1:Otu250,preservativeUsed,,DMSO,http://vocab.nerc.ac.uk/collection/Q01/current/Q0100004/,,https://pubchem.ncbi.nlm.nih.gov/compound/679
ARMS_Getxo_G1_20200624_20201103_SF40_s1_r1:Otu250,lowerLimitFilterSize,micrometer,40,http://vocab.nerc.ac.uk/collection/Q01/current/Q0100011/,https://vocab.nerc.ac.uk/collection/P06/current/UMIC/,
ARMS_Getxo_G1_20200624_20201103_SF40_s1_r1:Otu250,sampleAccessionNumber,,SAMEA10021242,,,
ARMS_Getxo_G1_20200624_20201103_SF40_s1_r1:Otu250,NCBIID,,33208,,,
ARMS_Getxo_G1_20200624_20201103_SF40_s1_r1:Otu250,NCBIScientificName,,Metazoa,,,
ARMS_Getxo_G1_20200624_20201103_SF40_s1_r1:Otu250,NCBITaxonRank,,kingdom,,,
ARMS_Getxo_G1_20200624_20201103_SF40_s1_r1:Otu250,fieldReplicateID,,ARMS_Getxo_G_20200624_20201103,http://vocab.nerc.ac.uk/collection/P01/current/IDSPRE01,,
ARMS_Getxo_G1_20200624_20201103_SF40_s1_r1:Otu250,technicalReplicateID,,,http://vocab.nerc.ac.uk/collection/P01/current/IDTCRE01,,
ARMS_Getxo_G1_20200624_20201103_SF40_s1_r1:Otu252,submergedTime,day,132,http://vocab.nerc.ac.uk/collection/P01/current/AZDRZZ01/,https://vocab.nerc.ac.uk/collection/P06/current/UTAA/,
ARMS_Getxo_G1_20200624_20201103_SF40_s1_r1:Otu252,preservativeUsed,,DMSO,http://vocab.nerc.ac.uk/collection/Q01/current/Q0100004/,,https://pubchem.ncbi.nlm.nih.gov/compound/679
ARMS_Getxo_G1_20200624_20201103_SF40_s1_r1:Otu252,lowerLimitFilterSize,micrometer,40,http://vocab.nerc.ac.uk/collection/Q01/current/Q0100011/,https://vocab.nerc.ac.uk/collection/P06/current/UMIC/,
ARMS_Getxo_G1_20200624_20201103_SF40_s1_r1:Otu252,sampleAccessionNumber,,SAMEA10021242,,,
ARMS_Getxo_G1_20200624_20201103_SF40_s1_r1:Otu252,NCBIID,,7713,,,
ARMS_Getxo_G1_20200624_20201103_SF40_s1_r1:Otu252,NCBIScientificName,,Ascidiacea,,,
ARMS_Getxo_G1_20200624_20201103_SF40_s1_r1:Otu252,NCBITaxonRank,,class,,,
ARMS_Getxo_G1_20200624_20201103_SF40_s1_r1:Otu252,fieldReplicateID,,ARMS_Getxo_G_20200624_20201103,http://vocab.nerc.ac.uk/collection/P01/current/IDSPRE01,,
ARMS_Getxo_G1_20200624_20201103_SF40_s1_r1:Otu252,technicalReplicateID,,,http://vocab.nerc.ac.uk/collection/P01/current/IDTCRE01,,
ARMS_Getxo_G1_20200624_20201103_SF40_s1_r1:Otu255,submergedTime,day,132,http://vocab.nerc.ac.uk/collection/P01/current/AZDRZZ01/,https://vocab.nerc.ac.uk/collection/P06/current/UTAA/,
ARMS_Getxo_G1_20200624_20201103_SF40_s1_r1:Otu255,preservativeUsed,,DMSO,http://vocab.nerc.ac.uk/collection/Q01/current/Q0100004/,,https://pubchem.ncbi.nlm.nih.gov/compound/679
ARMS_Getxo_G1_20200624_20201103_SF40_s1_r1:Otu255,lowerLimitFilterSize,micrometer,40,http://vocab.nerc.ac.uk/collection/Q01/current/Q0100011/,https://vocab.nerc.ac.uk/collection/P06/current/UMIC/,
ARMS_Getxo_G1_20200624_20201103_SF40_s1_r1:Otu255,sampleAccessionNumber,,SAMEA10021242,,,
ARMS_Getxo_G1_20200624_20201103_SF40_s1_r1:Otu255,NCBIID,,4762,,,
ARMS_Getxo_G1_20200624_20201103_SF40_s1_r1:Otu255,NCBIScientificName,,Oomycota,,,
ARMS_Getxo_G1_20200624_20201103_SF40_s1_r1:Otu255,NCBITaxonRank,,phylum,,,
ARMS_Getxo_G1_20200624_20201103_SF40_s1_r1:Otu255,fieldReplicateID,,ARMS_Getxo_G_20200624_20201103,http://vocab.nerc.ac.uk/collection/P01/current/IDSPRE01,,
ARMS_Getxo_G1_20200624_20201103_SF40_s1_r1:Otu255,technicalReplicateID,,,http://vocab.nerc.ac.uk/collection/P01/current/IDTCRE01,,
ARMS_Getxo_G1_20200624_20201103_SF40_s1_r1:Otu254,submergedTime,day,132,http://vocab.nerc.ac.uk/collection/P01/current/AZDRZZ01/,https://vocab.nerc.ac.uk/collection/P06/current/UTAA/,
ARMS_Getxo_G1_20200624_20201103_SF40_s1_r1:Otu254,preservativeUsed,,DMSO,http://vocab.nerc.ac.uk/collection/Q01/current/Q0100004/,,https://pubchem.ncbi.nlm.nih.gov/compound/679
ARMS_Getxo_G1_20200624_20201103_SF40_s1_r1:Otu254,lowerLimitFilterSize,micrometer,40,http://vocab.nerc.ac.uk/collection/Q01/current/Q0100011/,https://vocab.nerc.ac.uk/collection/P06/current/UMIC/,
ARMS_Getxo_G1_20200624_20201103_SF40_s1_r1:Otu254,sampleAccessionNumber,,SAMEA10021242,,,
ARMS_Getxo_G1_20200624_20201103_SF40_s1_r1:Otu254,NCBIID,,2302916,,,
ARMS_Getxo_G1_20200624_20201103_SF40_s1_r1:Otu254,NCBIScientificName,,Chloroparvula,,,
ARMS_Getxo_G1_20200624_20201103_SF40_s1_r1:Otu254,NCBITaxonRank,,genus,,,
ARMS_Getxo_G1_20200624_20201103_SF40_s1_r1:Otu254,fieldReplicateID,,ARMS_Getxo_G_20200624_20201103,http://vocab.nerc.ac.uk/collection/P01/current/IDSPRE01,,
ARMS_Getxo_G1_20200624_20201103_SF40_s1_r1:Otu254,technicalReplicateID,,,http://vocab.nerc.ac.uk/collection/P01/current/IDTCRE01,,
ARMS_Getxo_G1_20200624_20201103_SF40_s1_r1:Otu257,submergedTime,day,132,http://vocab.nerc.ac.uk/collection/P01/current/AZDRZZ01/,https://vocab.nerc.ac.uk/collection/P06/current/UTAA/,
ARMS_Getxo_G1_20200624_20201103_SF40_s1_r1:Otu257,preservativeUsed,,DMSO,http://vocab.nerc.ac.uk/collection/Q01/current/Q0100004/,,https://pubchem.ncbi.nlm.nih.gov/compound/679
ARMS_Getxo_G1_20200624_20201103_SF40_s1_r1:Otu257,lowerLimitFilterSize,micrometer,40,http://vocab.nerc.ac.uk/collection/Q01/current/Q0100011/,https://vocab.nerc.ac.uk/collection/P06/current/UMIC/,
ARMS_Getxo_G1_20200624_20201103_SF40_s1_r1:Otu257,sampleAccessionNumber,,SAMEA10021242,,,
ARMS_Getxo_G1_20200624_20201103_SF40_s1_r1:Otu257,NCBIID,,37858,,,
ARMS_Getxo_G1_20200624_20201103_SF40_s1_r1:Otu257,NCBIScientificName,,Ostrea,,,
ARMS_Getxo_G1_20200624_20201103_SF40_s1_r1:Otu257,NCBITaxonRank,,genus,,,
ARMS_Getxo_G1_20200624_20201103_SF40_s1_r1:Otu257,fieldReplicateID,,ARMS_Getxo_G_20200624_20201103,http://vocab.nerc.ac.uk/collection/P01/current/IDSPRE01,,
ARMS_Getxo_G1_20200624_20201103_SF40_s1_r1:Otu257,technicalReplicateID,,,http://vocab.nerc.ac.uk/collection/P01/current/IDTCRE01,,
ARMS_Getxo_G1_20200624_20201103_SF40_s1_r1:Otu256,submergedTime,day,132,http://vocab.nerc.ac.uk/collection/P01/current/AZDRZZ01/,https://vocab.nerc.ac.uk/collection/P06/current/UTAA/,
ARMS_Getxo_G1_20200624_20201103_SF40_s1_r1:Otu256,preservativeUsed,,DMSO,http://vocab.nerc.ac.uk/collection/Q01/current/Q0100004/,,https://pubchem.ncbi.nlm.nih.gov/compound/679
ARMS_Getxo_G1_20200624_20201103_SF40_s1_r1:Otu256,lowerLimitFilterSize,micrometer,40,http://vocab.nerc.ac.uk/collection/Q01/current/Q0100011/,https://vocab.nerc.ac.uk/collection/P06/current/UMIC/,
ARMS_Getxo_G1_20200624_20201103_SF40_s1_r1:Otu256,sampleAccessionNumber,,SAMEA10021242,,,
ARMS_Getxo_G1_20200624_20201103_SF40_s1_r1:Otu256,NCBIID,,1274455,,,
ARMS_Getxo_G1_20200624_20201103_SF40_s1_r1:Otu256,NCBIScientificName,,Aspidiophorus_tentaculatus,,,
ARMS_Getxo_G1_20200624_20201103_SF40_s1_r1:Otu256,NCBITaxonRank,,species,,,
ARMS_Getxo_G1_20200624_20201103_SF40_s1_r1:Otu256,fieldReplicateID,,ARMS_Getxo_G_20200624_20201103,http://vocab.nerc.ac.uk/collection/P01/current/IDSPRE01,,
ARMS_Getxo_G1_20200624_20201103_SF40_s1_r1:Otu256,technicalReplicateID,,,http://vocab.nerc.ac.uk/collection/P01/current/IDTCRE01,,
ARMS_Getxo_G1_20200624_20201103_SF40_s1_r1:Otu28,submergedTime,day,132,http://vocab.nerc.ac.uk/collection/P01/current/AZDRZZ01/,https://vocab.nerc.ac.uk/collection/P06/current/UTAA/,
ARMS_Getxo_G1_20200624_20201103_SF40_s1_r1:Otu28,preservativeUsed,,DMSO,http://vocab.nerc.ac.uk/collection/Q01/current/Q0100004/,,https://pubchem.ncbi.nlm.nih.gov/compound/679
ARMS_Getxo_G1_20200624_20201103_SF40_s1_r1:Otu28,lowerLimitFilterSize,micrometer,40,http://vocab.nerc.ac.uk/collection/Q01/current/Q0100011/,https://vocab.nerc.ac.uk/collection/P06/current/UMIC/,
ARMS_Getxo_G1_20200624_20201103_SF40_s1_r1:Otu28,sampleAccessionNumber,,SAMEA10021242,,,
ARMS_Getxo_G1_20200624_20201103_SF40_s1_r1:Otu28,NCBIID,,37858,,,
ARMS_Getxo_G1_20200624_20201103_SF40_s1_r1:Otu28,NCBIScientificName,,Ostrea,,,
ARMS_Getxo_G1_20200624_20201103_SF40_s1_r1:Otu28,NCBITaxonRank,,genus,,,
ARMS_Getxo_G1_20200624_20201103_SF40_s1_r1:Otu28,fieldReplicateID,,ARMS_Getxo_G_20200624_20201103,http://vocab.nerc.ac.uk/collection/P01/current/IDSPRE01,,
ARMS_Getxo_G1_20200624_20201103_SF40_s1_r1:Otu28,technicalReplicateID,,,http://vocab.nerc.ac.uk/collection/P01/current/IDTCRE01,,
ARMS_Getxo_G1_20200624_20201103_SF40_s1_r1:Otu25,submergedTime,day,132,http://vocab.nerc.ac.uk/collection/P01/current/AZDRZZ01/,https://vocab.nerc.ac.uk/collection/P06/current/UTAA/,
ARMS_Getxo_G1_20200624_20201103_SF40_s1_r1:Otu25,preservativeUsed,,DMSO,http://vocab.nerc.ac.uk/collection/Q01/current/Q0100004/,,https://pubchem.ncbi.nlm.nih.gov/compound/679
ARMS_Getxo_G1_20200624_20201103_SF40_s1_r1:Otu25,lowerLimitFilterSize,micrometer,40,http://vocab.nerc.ac.uk/collection/Q01/current/Q0100011/,https://vocab.nerc.ac.uk/collection/P06/current/UMIC/,
ARMS_Getxo_G1_20200624_20201103_SF40_s1_r1:Otu25,sampleAccessionNumber,,SAMEA10021242,,,
ARMS_Getxo_G1_20200624_20201103_SF40_s1_r1:Otu25,NCBIID,,87110,,,
ARMS_Getxo_G1_20200624_20201103_SF40_s1_r1:Otu25,NCBIScientificName,,Aplanochytrium,,,
ARMS_Getxo_G1_20200624_20201103_SF40_s1_r1:Otu25,NCBITaxonRank,,genus,,,
ARMS_Getxo_G1_20200624_20201103_SF40_s1_r1:Otu25,fieldReplicateID,,ARMS_Getxo_G_20200624_20201103,http://vocab.nerc.ac.uk/collection/P01/current/IDSPRE01,,
ARMS_Getxo_G1_20200624_20201103_SF40_s1_r1:Otu25,technicalReplicateID,,,http://vocab.nerc.ac.uk/collection/P01/current/IDTCRE01,,
ARMS_Getxo_G1_20200624_20201103_SF40_s1_r1:Otu27,submergedTime,day,132,http://vocab.nerc.ac.uk/collection/P01/current/AZDRZZ01/,https://vocab.nerc.ac.uk/collection/P06/current/UTAA/,
ARMS_Getxo_G1_20200624_20201103_SF40_s1_r1:Otu27,preservativeUsed,,DMSO,http://vocab.nerc.ac.uk/collection/Q01/current/Q0100004/,,https://pubchem.ncbi.nlm.nih.gov/compound/679
ARMS_Getxo_G1_20200624_20201103_SF40_s1_r1:Otu27,lowerLimitFilterSize,micrometer,40,http://vocab.nerc.ac.uk/collection/Q01/current/Q0100011/,https://vocab.nerc.ac.uk/collection/P06/current/UMIC/,
ARMS_Getxo_G1_20200624_20201103_SF40_s1_r1:Otu27,sampleAccessionNumber,,SAMEA10021242,,,
ARMS_Getxo_G1_20200624_20201103_SF40_s1_r1:Otu27,NCBIID,,158377,,,
ARMS_Getxo_G1_20200624_20201103_SF40_s1_r1:Otu27,NCBIScientificName,,Lecudinidae,,,
ARMS_Getxo_G1_20200624_20201103_SF40_s1_r1:Otu27,NCBITaxonRank,,family,,,
ARMS_Getxo_G1_20200624_20201103_SF40_s1_r1:Otu27,fieldReplicateID,,ARMS_Getxo_G_20200624_20201103,http://vocab.nerc.ac.uk/collection/P01/current/IDSPRE01,,
ARMS_Getxo_G1_20200624_20201103_SF40_s1_r1:Otu27,technicalReplicateID,,,http://vocab.nerc.ac.uk/collection/P01/current/IDTCRE01,,
ARMS_Getxo_G1_20200624_20201103_SF40_s1_r1:Otu26,submergedTime,day,132,http://vocab.nerc.ac.uk/collection/P01/current/AZDRZZ01/,https://vocab.nerc.ac.uk/collection/P06/current/UTAA/,
ARMS_Getxo_G1_20200624_20201103_SF40_s1_r1:Otu26,preservativeUsed,,DMSO,http://vocab.nerc.ac.uk/collection/Q01/current/Q0100004/,,https://pubchem.ncbi.nlm.nih.gov/compound/679
ARMS_Getxo_G1_20200624_20201103_SF40_s1_r1:Otu26,lowerLimitFilterSize,micrometer,40,http://vocab.nerc.ac.uk/collection/Q01/current/Q0100011/,https://vocab.nerc.ac.uk/collection/P06/current/UMIC/,
ARMS_Getxo_G1_20200624_20201103_SF40_s1_r1:Otu26,sampleAccessionNumber,,SAMEA10021242,,,
ARMS_Getxo_G1_20200624_20201103_SF40_s1_r1:Otu26,NCBIID,,6760,,,
ARMS_Getxo_G1_20200624_20201103_SF40_s1_r1:Otu26,NCBIScientificName,,Scylla,,,
ARMS_Getxo_G1_20200624_20201103_SF40_s1_r1:Otu26,NCBITaxonRank,,genus,,,
ARMS_Getxo_G1_20200624_20201103_SF40_s1_r1:Otu26,fieldReplicateID,,ARMS_Getxo_G_20200624_20201103,http://vocab.nerc.ac.uk/collection/P01/current/IDSPRE01,,
ARMS_Getxo_G1_20200624_20201103_SF40_s1_r1:Otu26,technicalReplicateID,,,http://vocab.nerc.ac.uk/collection/P01/current/IDTCRE01,,
ARMS_Getxo_G1_20200624_20201103_SF40_s1_r1:Otu175,submergedTime,day,132,http://vocab.nerc.ac.uk/collection/P01/current/AZDRZZ01/,https://vocab.nerc.ac.uk/collection/P06/current/UTAA/,
ARMS_Getxo_G1_20200624_20201103_SF40_s1_r1:Otu175,preservativeUsed,,DMSO,http://vocab.nerc.ac.uk/collection/Q01/current/Q0100004/,,https://pubchem.ncbi.nlm.nih.gov/compound/679
ARMS_Getxo_G1_20200624_20201103_SF40_s1_r1:Otu175,lowerLimitFilterSize,micrometer,40,http://vocab.nerc.ac.uk/collection/Q01/current/Q0100011/,https://vocab.nerc.ac.uk/collection/P06/current/UMIC/,
ARMS_Getxo_G1_20200624_20201103_SF40_s1_r1:Otu175,sampleAccessionNumber,,SAMEA10021242,,,
ARMS_Getxo_G1_20200624_20201103_SF40_s1_r1:Otu175,NCBIID,,35087,,,
ARMS_Getxo_G1_20200624_20201103_SF40_s1_r1:Otu175,NCBIScientificName,,Eugregarinorida,,,
ARMS_Getxo_G1_20200624_20201103_SF40_s1_r1:Otu175,NCBITaxonRank,,order,,,
ARMS_Getxo_G1_20200624_20201103_SF40_s1_r1:Otu175,fieldReplicateID,,ARMS_Getxo_G_20200624_20201103,http://vocab.nerc.ac.uk/collection/P01/current/IDSPRE01,,
ARMS_Getxo_G1_20200624_20201103_SF40_s1_r1:Otu175,technicalReplicateID,,,http://vocab.nerc.ac.uk/collection/P01/current/IDTCRE01,,
ARMS_Getxo_G1_20200624_20201103_SF40_s1_r1:Otu176,submergedTime,day,132,http://vocab.nerc.ac.uk/collection/P01/current/AZDRZZ01/,https://vocab.nerc.ac.uk/collection/P06/current/UTAA/,
ARMS_Getxo_G1_20200624_20201103_SF40_s1_r1:Otu176,preservativeUsed,,DMSO,http://vocab.nerc.ac.uk/collection/Q01/current/Q0100004/,,https://pubchem.ncbi.nlm.nih.gov/compound/679
ARMS_Getxo_G1_20200624_20201103_SF40_s1_r1:Otu176,lowerLimitFilterSize,micrometer,40,http://vocab.nerc.ac.uk/collection/Q01/current/Q0100011/,https://vocab.nerc.ac.uk/collection/P06/current/UMIC/,
ARMS_Getxo_G1_20200624_20201103_SF40_s1_r1:Otu176,sampleAccessionNumber,,SAMEA10021242,,,
ARMS_Getxo_G1_20200624_20201103_SF40_s1_r1:Otu176,NCBIID,,31257,,,
ARMS_Getxo_G1_20200624_20201103_SF40_s1_r1:Otu176,NCBIScientificName,,Stylochus,,,
ARMS_Getxo_G1_20200624_20201103_SF40_s1_r1:Otu176,NCBITaxonRank,,genus,,,
ARMS_Getxo_G1_20200624_20201103_SF40_s1_r1:Otu176,fieldReplicateID,,ARMS_Getxo_G_20200624_20201103,http://vocab.nerc.ac.uk/collection/P01/current/IDSPRE01,,
ARMS_Getxo_G1_20200624_20201103_SF40_s1_r1:Otu176,technicalReplicateID,,,http://vocab.nerc.ac.uk/collection/P01/current/IDTCRE01,,
ARMS_Getxo_G1_20200624_20201103_SF40_s1_r1:Otu177,submergedTime,day,132,http://vocab.nerc.ac.uk/collection/P01/current/AZDRZZ01/,https://vocab.nerc.ac.uk/collection/P06/current/UTAA/,
ARMS_Getxo_G1_20200624_20201103_SF40_s1_r1:Otu177,preservativeUsed,,DMSO,http://vocab.nerc.ac.uk/collection/Q01/current/Q0100004/,,https://pubchem.ncbi.nlm.nih.gov/compound/679
ARMS_Getxo_G1_20200624_20201103_SF40_s1_r1:Otu177,lowerLimitFilterSize,micrometer,40,http://vocab.nerc.ac.uk/collection/Q01/current/Q0100011/,https://vocab.nerc.ac.uk/collection/P06/current/UMIC/,
ARMS_Getxo_G1_20200624_20201103_SF40_s1_r1:Otu177,sampleAccessionNumber,,SAMEA10021242,,,
ARMS_Getxo_G1_20200624_20201103_SF40_s1_r1:Otu177,NCBIID,,6340,,,
ARMS_Getxo_G1_20200624_20201103_SF40_s1_r1:Otu177,NCBIScientificName,,Annelida,,,
ARMS_Getxo_G1_20200624_20201103_SF40_s1_r1:Otu177,NCBITaxonRank,,phylum,,,
ARMS_Getxo_G1_20200624_20201103_SF40_s1_r1:Otu177,fieldReplicateID,,ARMS_Getxo_G_20200624_20201103,http://vocab.nerc.ac.uk/collection/P01/current/IDSPRE01,,
ARMS_Getxo_G1_20200624_20201103_SF40_s1_r1:Otu177,technicalReplicateID,,,http://vocab.nerc.ac.uk/collection/P01/current/IDTCRE01,,
ARMS_Getxo_G1_20200624_20201103_SF40_s1_r1:Otu178,submergedTime,day,132,http://vocab.nerc.ac.uk/collection/P01/current/AZDRZZ01/,https://vocab.nerc.ac.uk/collection/P06/current/UTAA/,
ARMS_Getxo_G1_20200624_20201103_SF40_s1_r1:Otu178,preservativeUsed,,DMSO,http://vocab.nerc.ac.uk/collection/Q01/current/Q0100004/,,https://pubchem.ncbi.nlm.nih.gov/compound/679
ARMS_Getxo_G1_20200624_20201103_SF40_s1_r1:Otu178,lowerLimitFilterSize,micrometer,40,http://vocab.nerc.ac.uk/collection/Q01/current/Q0100011/,https://vocab.nerc.ac.uk/collection/P06/current/UMIC/,
ARMS_Getxo_G1_20200624_20201103_SF40_s1_r1:Otu178,sampleAccessionNumber,,SAMEA10021242,,,
ARMS_Getxo_G1_20200624_20201103_SF40_s1_r1:Otu178,NCBIID,,1938506,,,
ARMS_Getxo_G1_20200624_20201103_SF40_s1_r1:Otu178,NCBIScientificName,,Ventrifissuridae,,,
ARMS_Getxo_G1_20200624_20201103_SF40_s1_r1:Otu178,NCBITaxonRank,,family,,,
ARMS_Getxo_G1_20200624_20201103_SF40_s1_r1:Otu178,fieldReplicateID,,ARMS_Getxo_G_20200624_20201103,http://vocab.nerc.ac.uk/collection/P01/current/IDSPRE01,,
ARMS_Getxo_G1_20200624_20201103_SF40_s1_r1:Otu178,technicalReplicateID,,,http://vocab.nerc.ac.uk/collection/P01/current/IDTCRE01,,
ARMS_Getxo_G1_20200624_20201103_SF40_s1_r1:Otu179,submergedTime,day,132,http://vocab.nerc.ac.uk/collection/P01/current/AZDRZZ01/,https://vocab.nerc.ac.uk/collection/P06/current/UTAA/,
ARMS_Getxo_G1_20200624_20201103_SF40_s1_r1:Otu179,preservativeUsed,,DMSO,http://vocab.nerc.ac.uk/collection/Q01/current/Q0100004/,,https://pubchem.ncbi.nlm.nih.gov/compound/679
ARMS_Getxo_G1_20200624_20201103_SF40_s1_r1:Otu179,lowerLimitFilterSize,micrometer,40,http://vocab.nerc.ac.uk/collection/Q01/current/Q0100011/,https://vocab.nerc.ac.uk/collection/P06/current/UMIC/,
ARMS_Getxo_G1_20200624_20201103_SF40_s1_r1:Otu179,sampleAccessionNumber,,SAMEA10021242,,,
ARMS_Getxo_G1_20200624_20201103_SF40_s1_r1:Otu179,NCBIID,,589449,,,
ARMS_Getxo_G1_20200624_20201103_SF40_s1_r1:Otu179,NCBIScientificName,,Polar-centric-Mediophyceae,,,
ARMS_Getxo_G1_20200624_20201103_SF40_s1_r1:Otu179,NCBITaxonRank,,class,,,
ARMS_Getxo_G1_20200624_20201103_SF40_s1_r1:Otu179,fieldReplicateID,,ARMS_Getxo_G_20200624_20201103,http://vocab.nerc.ac.uk/collection/P01/current/IDSPRE01,,
ARMS_Getxo_G1_20200624_20201103_SF40_s1_r1:Otu179,technicalReplicateID,,,http://vocab.nerc.ac.uk/collection/P01/current/IDTCRE01,,
ARMS_Getxo_G1_20200624_20201103_SF40_s1_r1:Otu513,submergedTime,day,132,http://vocab.nerc.ac.uk/collection/P01/current/AZDRZZ01/,https://vocab.nerc.ac.uk/collection/P06/current/UTAA/,
ARMS_Getxo_G1_20200624_20201103_SF40_s1_r1:Otu513,preservativeUsed,,DMSO,http://vocab.nerc.ac.uk/collection/Q01/current/Q0100004/,,https://pubchem.ncbi.nlm.nih.gov/compound/679
ARMS_Getxo_G1_20200624_20201103_SF40_s1_r1:Otu513,lowerLimitFilterSize,micrometer,40,http://vocab.nerc.ac.uk/collection/Q01/current/Q0100011/,https://vocab.nerc.ac.uk/collection/P06/current/UMIC/,
ARMS_Getxo_G1_20200624_20201103_SF40_s1_r1:Otu513,sampleAccessionNumber,,SAMEA10021242,,,
ARMS_Getxo_G1_20200624_20201103_SF40_s1_r1:Otu513,NCBIID,,216740,,,
ARMS_Getxo_G1_20200624_20201103_SF40_s1_r1:Otu513,NCBIScientificName,,Sellaphora,,,
ARMS_Getxo_G1_20200624_20201103_SF40_s1_r1:Otu513,NCBITaxonRank,,genus,,,
ARMS_Getxo_G1_20200624_20201103_SF40_s1_r1:Otu513,fieldReplicateID,,ARMS_Getxo_G_20200624_20201103,http://vocab.nerc.ac.uk/collection/P01/current/IDSPRE01,,
ARMS_Getxo_G1_20200624_20201103_SF40_s1_r1:Otu513,technicalReplicateID,,,http://vocab.nerc.ac.uk/collection/P01/current/IDTCRE01,,
ARMS_Getxo_G1_20200624_20201103_SF40_s1_r1:Otu515,submergedTime,day,132,http://vocab.nerc.ac.uk/collection/P01/current/AZDRZZ01/,https://vocab.nerc.ac.uk/collection/P06/current/UTAA/,
ARMS_Getxo_G1_20200624_20201103_SF40_s1_r1:Otu515,preservativeUsed,,DMSO,http://vocab.nerc.ac.uk/collection/Q01/current/Q0100004/,,https://pubchem.ncbi.nlm.nih.gov/compound/679
ARMS_Getxo_G1_20200624_20201103_SF40_s1_r1:Otu515,lowerLimitFilterSize,micrometer,40,http://vocab.nerc.ac.uk/collection/Q01/current/Q0100011/,https://vocab.nerc.ac.uk/collection/P06/current/UMIC/,
ARMS_Getxo_G1_20200624_20201103_SF40_s1_r1:Otu515,sampleAccessionNumber,,SAMEA10021242,,,
ARMS_Getxo_G1_20200624_20201103_SF40_s1_r1:Otu515,NCBIID,,6564,,,
ARMS_Getxo_G1_20200624_20201103_SF40_s1_r1:Otu515,NCBIScientificName,,Crassostrea,,,
ARMS_Getxo_G1_20200624_20201103_SF40_s1_r1:Otu515,NCBITaxonRank,,genus,,,
ARMS_Getxo_G1_20200624_20201103_SF40_s1_r1:Otu515,fieldReplicateID,,ARMS_Getxo_G_20200624_20201103,http://vocab.nerc.ac.uk/collection/P01/current/IDSPRE01,,
ARMS_Getxo_G1_20200624_20201103_SF40_s1_r1:Otu515,technicalReplicateID,,,http://vocab.nerc.ac.uk/collection/P01/current/IDTCRE01,,
ARMS_Getxo_G1_20200624_20201103_SF40_s1_r1:Otu222,submergedTime,day,132,http://vocab.nerc.ac.uk/collection/P01/current/AZDRZZ01/,https://vocab.nerc.ac.uk/collection/P06/current/UTAA/,
ARMS_Getxo_G1_20200624_20201103_SF40_s1_r1:Otu222,preservativeUsed,,DMSO,http://vocab.nerc.ac.uk/collection/Q01/current/Q0100004/,,https://pubchem.ncbi.nlm.nih.gov/compound/679
ARMS_Getxo_G1_20200624_20201103_SF40_s1_r1:Otu222,lowerLimitFilterSize,micrometer,40,http://vocab.nerc.ac.uk/collection/Q01/current/Q0100011/,https://vocab.nerc.ac.uk/collection/P06/current/UMIC/,
ARMS_Getxo_G1_20200624_20201103_SF40_s1_r1:Otu222,sampleAccessionNumber,,SAMEA10021242,,,
ARMS_Getxo_G1_20200624_20201103_SF40_s1_r1:Otu222,NCBIID,,6359,,,
ARMS_Getxo_G1_20200624_20201103_SF40_s1_r1:Otu222,NCBIScientificName,,Platynereis_dumerilii,,,
ARMS_Getxo_G1_20200624_20201103_SF40_s1_r1:Otu222,NCBITaxonRank,,species,,,
ARMS_Getxo_G1_20200624_20201103_SF40_s1_r1:Otu222,fieldReplicateID,,ARMS_Getxo_G_20200624_20201103,http://vocab.nerc.ac.uk/collection/P01/current/IDSPRE01,,
ARMS_Getxo_G1_20200624_20201103_SF40_s1_r1:Otu222,technicalReplicateID,,,http://vocab.nerc.ac.uk/collection/P01/current/IDTCRE01,,
ARMS_Getxo_G1_20200624_20201103_SF40_s1_r1:Otu223,submergedTime,day,132,http://vocab.nerc.ac.uk/collection/P01/current/AZDRZZ01/,https://vocab.nerc.ac.uk/collection/P06/current/UTAA/,
ARMS_Getxo_G1_20200624_20201103_SF40_s1_r1:Otu223,preservativeUsed,,DMSO,http://vocab.nerc.ac.uk/collection/Q01/current/Q0100004/,,https://pubchem.ncbi.nlm.nih.gov/compound/679
ARMS_Getxo_G1_20200624_20201103_SF40_s1_r1:Otu223,lowerLimitFilterSize,micrometer,40,http://vocab.nerc.ac.uk/collection/Q01/current/Q0100011/,https://vocab.nerc.ac.uk/collection/P06/current/UMIC/,
ARMS_Getxo_G1_20200624_20201103_SF40_s1_r1:Otu223,sampleAccessionNumber,,SAMEA10021242,,,
ARMS_Getxo_G1_20200624_20201103_SF40_s1_r1:Otu223,NCBIID,,589449,,,
ARMS_Getxo_G1_20200624_20201103_SF40_s1_r1:Otu223,NCBIScientificName,,Polar-centric-Mediophyceae,,,
ARMS_Getxo_G1_20200624_20201103_SF40_s1_r1:Otu223,NCBITaxonRank,,class,,,
ARMS_Getxo_G1_20200624_20201103_SF40_s1_r1:Otu223,fieldReplicateID,,ARMS_Getxo_G_20200624_20201103,http://vocab.nerc.ac.uk/collection/P01/current/IDSPRE01,,
ARMS_Getxo_G1_20200624_20201103_SF40_s1_r1:Otu223,technicalReplicateID,,,http://vocab.nerc.ac.uk/collection/P01/current/IDTCRE01,,
ARMS_Getxo_G1_20200624_20201103_SF40_s1_r1:Otu224,submergedTime,day,132,http://vocab.nerc.ac.uk/collection/P01/current/AZDRZZ01/,https://vocab.nerc.ac.uk/collection/P06/current/UTAA/,
ARMS_Getxo_G1_20200624_20201103_SF40_s1_r1:Otu224,preservativeUsed,,DMSO,http://vocab.nerc.ac.uk/collection/Q01/current/Q0100004/,,https://pubchem.ncbi.nlm.nih.gov/compound/679
ARMS_Getxo_G1_20200624_20201103_SF40_s1_r1:Otu224,lowerLimitFilterSize,micrometer,40,http://vocab.nerc.ac.uk/collection/Q01/current/Q0100011/,https://vocab.nerc.ac.uk/collection/P06/current/UMIC/,
ARMS_Getxo_G1_20200624_20201103_SF40_s1_r1:Otu224,sampleAccessionNumber,,SAMEA10021242,,,
ARMS_Getxo_G1_20200624_20201103_SF40_s1_r1:Otu224,NCBIID,,1367446,,,
ARMS_Getxo_G1_20200624_20201103_SF40_s1_r1:Otu224,NCBIScientificName,,Vampyrellida,,,
ARMS_Getxo_G1_20200624_20201103_SF40_s1_r1:Otu224,NCBITaxonRank,,order,,,
ARMS_Getxo_G1_20200624_20201103_SF40_s1_r1:Otu224,fieldReplicateID,,ARMS_Getxo_G_20200624_20201103,http://vocab.nerc.ac.uk/collection/P01/current/IDSPRE01,,
ARMS_Getxo_G1_20200624_20201103_SF40_s1_r1:Otu224,technicalReplicateID,,,http://vocab.nerc.ac.uk/collection/P01/current/IDTCRE01,,
ARMS_Getxo_G1_20200624_20201103_SF40_s1_r1:Otu226,submergedTime,day,132,http://vocab.nerc.ac.uk/collection/P01/current/AZDRZZ01/,https://vocab.nerc.ac.uk/collection/P06/current/UTAA/,
ARMS_Getxo_G1_20200624_20201103_SF40_s1_r1:Otu226,preservativeUsed,,DMSO,http://vocab.nerc.ac.uk/collection/Q01/current/Q0100004/,,https://pubchem.ncbi.nlm.nih.gov/compound/679
ARMS_Getxo_G1_20200624_20201103_SF40_s1_r1:Otu226,lowerLimitFilterSize,micrometer,40,http://vocab.nerc.ac.uk/collection/Q01/current/Q0100011/,https://vocab.nerc.ac.uk/collection/P06/current/UMIC/,
ARMS_Getxo_G1_20200624_20201103_SF40_s1_r1:Otu226,sampleAccessionNumber,,SAMEA10021242,,,
ARMS_Getxo_G1_20200624_20201103_SF40_s1_r1:Otu226,NCBIID,,947094,,,
ARMS_Getxo_G1_20200624_20201103_SF40_s1_r1:Otu226,NCBIScientificName,,Porosporidae,,,
ARMS_Getxo_G1_20200624_20201103_SF40_s1_r1:Otu226,NCBITaxonRank,,family,,,
ARMS_Getxo_G1_20200624_20201103_SF40_s1_r1:Otu226,fieldReplicateID,,ARMS_Getxo_G_20200624_20201103,http://vocab.nerc.ac.uk/collection/P01/current/IDSPRE01,,
ARMS_Getxo_G1_20200624_20201103_SF40_s1_r1:Otu226,technicalReplicateID,,,http://vocab.nerc.ac.uk/collection/P01/current/IDTCRE01,,
ARMS_Getxo_G1_20200624_20201103_SF40_s1_r1:Otu227,submergedTime,day,132,http://vocab.nerc.ac.uk/collection/P01/current/AZDRZZ01/,https://vocab.nerc.ac.uk/collection/P06/current/UTAA/,
ARMS_Getxo_G1_20200624_20201103_SF40_s1_r1:Otu227,preservativeUsed,,DMSO,http://vocab.nerc.ac.uk/collection/Q01/current/Q0100004/,,https://pubchem.ncbi.nlm.nih.gov/compound/679
ARMS_Getxo_G1_20200624_20201103_SF40_s1_r1:Otu227,lowerLimitFilterSize,micrometer,40,http://vocab.nerc.ac.uk/collection/Q01/current/Q0100011/,https://vocab.nerc.ac.uk/collection/P06/current/UMIC/,
ARMS_Getxo_G1_20200624_20201103_SF40_s1_r1:Otu227,sampleAccessionNumber,,SAMEA10021242,,,
ARMS_Getxo_G1_20200624_20201103_SF40_s1_r1:Otu227,NCBIID,,88547,,,
ARMS_Getxo_G1_20200624_20201103_SF40_s1_r1:Otu227,NCBIScientificName,,Syndiniales,,,
ARMS_Getxo_G1_20200624_20201103_SF40_s1_r1:Otu227,NCBITaxonRank,,order,,,
ARMS_Getxo_G1_20200624_20201103_SF40_s1_r1:Otu227,fieldReplicateID,,ARMS_Getxo_G_20200624_20201103,http://vocab.nerc.ac.uk/collection/P01/current/IDSPRE01,,
ARMS_Getxo_G1_20200624_20201103_SF40_s1_r1:Otu227,technicalReplicateID,,,http://vocab.nerc.ac.uk/collection/P01/current/IDTCRE01,,
ARMS_Getxo_G1_20200624_20201103_SF40_s1_r1:Otu124,submergedTime,day,132,http://vocab.nerc.ac.uk/collection/P01/current/AZDRZZ01/,https://vocab.nerc.ac.uk/collection/P06/current/UTAA/,
ARMS_Getxo_G1_20200624_20201103_SF40_s1_r1:Otu124,preservativeUsed,,DMSO,http://vocab.nerc.ac.uk/collection/Q01/current/Q0100004/,,https://pubchem.ncbi.nlm.nih.gov/compound/679
ARMS_Getxo_G1_20200624_20201103_SF40_s1_r1:Otu124,lowerLimitFilterSize,micrometer,40,http://vocab.nerc.ac.uk/collection/Q01/current/Q0100011/,https://vocab.nerc.ac.uk/collection/P06/current/UMIC/,
ARMS_Getxo_G1_20200624_20201103_SF40_s1_r1:Otu124,sampleAccessionNumber,,SAMEA10021242,,,
ARMS_Getxo_G1_20200624_20201103_SF40_s1_r1:Otu124,NCBIID,,79788,,,
ARMS_Getxo_G1_20200624_20201103_SF40_s1_r1:Otu124,NCBIScientificName,,Prolecithophora,,,
ARMS_Getxo_G1_20200624_20201103_SF40_s1_r1:Otu124,NCBITaxonRank,,order,,,
ARMS_Getxo_G1_20200624_20201103_SF40_s1_r1:Otu124,fieldReplicateID,,ARMS_Getxo_G_20200624_20201103,http://vocab.nerc.ac.uk/collection/P01/current/IDSPRE01,,
ARMS_Getxo_G1_20200624_20201103_SF40_s1_r1:Otu124,technicalReplicateID,,,http://vocab.nerc.ac.uk/collection/P01/current/IDTCRE01,,
ARMS_Getxo_G1_20200624_20201103_SF40_s1_r1:Otu123,submergedTime,day,132,http://vocab.nerc.ac.uk/collection/P01/current/AZDRZZ01/,https://vocab.nerc.ac.uk/collection/P06/current/UTAA/,
ARMS_Getxo_G1_20200624_20201103_SF40_s1_r1:Otu123,preservativeUsed,,DMSO,http://vocab.nerc.ac.uk/collection/Q01/current/Q0100004/,,https://pubchem.ncbi.nlm.nih.gov/compound/679
ARMS_Getxo_G1_20200624_20201103_SF40_s1_r1:Otu123,lowerLimitFilterSize,micrometer,40,http://vocab.nerc.ac.uk/collection/Q01/current/Q0100011/,https://vocab.nerc.ac.uk/collection/P06/current/UMIC/,
ARMS_Getxo_G1_20200624_20201103_SF40_s1_r1:Otu123,sampleAccessionNumber,,SAMEA10021242,,,
ARMS_Getxo_G1_20200624_20201103_SF40_s1_r1:Otu123,NCBIID,,6657,,,
ARMS_Getxo_G1_20200624_20201103_SF40_s1_r1:Otu123,NCBIScientificName,,Crustacea,,,
ARMS_Getxo_G1_20200624_20201103_SF40_s1_r1:Otu123,NCBITaxonRank,,subphylum,,,
ARMS_Getxo_G1_20200624_20201103_SF40_s1_r1:Otu123,fieldReplicateID,,ARMS_Getxo_G_20200624_20201103,http://vocab.nerc.ac.uk/collection/P01/current/IDSPRE01,,
ARMS_Getxo_G1_20200624_20201103_SF40_s1_r1:Otu123,technicalReplicateID,,,http://vocab.nerc.ac.uk/collection/P01/current/IDTCRE01,,
ARMS_Getxo_G1_20200624_20201103_SF40_s1_r1:Otu61,submergedTime,day,132,http://vocab.nerc.ac.uk/collection/P01/current/AZDRZZ01/,https://vocab.nerc.ac.uk/collection/P06/current/UTAA/,
ARMS_Getxo_G1_20200624_20201103_SF40_s1_r1:Otu61,preservativeUsed,,DMSO,http://vocab.nerc.ac.uk/collection/Q01/current/Q0100004/,,https://pubchem.ncbi.nlm.nih.gov/compound/679
ARMS_Getxo_G1_20200624_20201103_SF40_s1_r1:Otu61,lowerLimitFilterSize,micrometer,40,http://vocab.nerc.ac.uk/collection/Q01/current/Q0100011/,https://vocab.nerc.ac.uk/collection/P06/current/UMIC/,
ARMS_Getxo_G1_20200624_20201103_SF40_s1_r1:Otu61,sampleAccessionNumber,,SAMEA10021242,,,
ARMS_Getxo_G1_20200624_20201103_SF40_s1_r1:Otu61,NCBIID,,6042,,,
ARMS_Getxo_G1_20200624_20201103_SF40_s1_r1:Otu61,NCBIScientificName,,Demospongiae,,,
ARMS_Getxo_G1_20200624_20201103_SF40_s1_r1:Otu61,NCBITaxonRank,,class,,,
ARMS_Getxo_G1_20200624_20201103_SF40_s1_r1:Otu61,fieldReplicateID,,ARMS_Getxo_G_20200624_20201103,http://vocab.nerc.ac.uk/collection/P01/current/IDSPRE01,,
ARMS_Getxo_G1_20200624_20201103_SF40_s1_r1:Otu61,technicalReplicateID,,,http://vocab.nerc.ac.uk/collection/P01/current/IDTCRE01,,
ARMS_Getxo_G1_20200624_20201103_SF40_s1_r1:Otu60,submergedTime,day,132,http://vocab.nerc.ac.uk/collection/P01/current/AZDRZZ01/,https://vocab.nerc.ac.uk/collection/P06/current/UTAA/,
ARMS_Getxo_G1_20200624_20201103_SF40_s1_r1:Otu60,preservativeUsed,,DMSO,http://vocab.nerc.ac.uk/collection/Q01/current/Q0100004/,,https://pubchem.ncbi.nlm.nih.gov/compound/679
ARMS_Getxo_G1_20200624_20201103_SF40_s1_r1:Otu60,lowerLimitFilterSize,micrometer,40,http://vocab.nerc.ac.uk/collection/Q01/current/Q0100011/,https://vocab.nerc.ac.uk/collection/P06/current/UMIC/,
ARMS_Getxo_G1_20200624_20201103_SF40_s1_r1:Otu60,sampleAccessionNumber,,SAMEA10021242,,,
ARMS_Getxo_G1_20200624_20201103_SF40_s1_r1:Otu60,NCBIID,,68038,,,
ARMS_Getxo_G1_20200624_20201103_SF40_s1_r1:Otu60,NCBIScientificName,,Chaetonotus,,,
ARMS_Getxo_G1_20200624_20201103_SF40_s1_r1:Otu60,NCBITaxonRank,,genus,,,
ARMS_Getxo_G1_20200624_20201103_SF40_s1_r1:Otu60,fieldReplicateID,,ARMS_Getxo_G_20200624_20201103,http://vocab.nerc.ac.uk/collection/P01/current/IDSPRE01,,
ARMS_Getxo_G1_20200624_20201103_SF40_s1_r1:Otu60,technicalReplicateID,,,http://vocab.nerc.ac.uk/collection/P01/current/IDTCRE01,,
ARMS_Getxo_G1_20200624_20201103_SF40_s1_r1:Otu467,submergedTime,day,132,http://vocab.nerc.ac.uk/collection/P01/current/AZDRZZ01/,https://vocab.nerc.ac.uk/collection/P06/current/UTAA/,
ARMS_Getxo_G1_20200624_20201103_SF40_s1_r1:Otu467,preservativeUsed,,DMSO,http://vocab.nerc.ac.uk/collection/Q01/current/Q0100004/,,https://pubchem.ncbi.nlm.nih.gov/compound/679
ARMS_Getxo_G1_20200624_20201103_SF40_s1_r1:Otu467,lowerLimitFilterSize,micrometer,40,http://vocab.nerc.ac.uk/collection/Q01/current/Q0100011/,https://vocab.nerc.ac.uk/collection/P06/current/UMIC/,
ARMS_Getxo_G1_20200624_20201103_SF40_s1_r1:Otu467,sampleAccessionNumber,,SAMEA10021242,,,
ARMS_Getxo_G1_20200624_20201103_SF40_s1_r1:Otu467,NCBIID,,6657,,,
ARMS_Getxo_G1_20200624_20201103_SF40_s1_r1:Otu467,NCBIScientificName,,Crustacea,,,
ARMS_Getxo_G1_20200624_20201103_SF40_s1_r1:Otu467,NCBITaxonRank,,subphylum,,,
ARMS_Getxo_G1_20200624_20201103_SF40_s1_r1:Otu467,fieldReplicateID,,ARMS_Getxo_G_20200624_20201103,http://vocab.nerc.ac.uk/collection/P01/current/IDSPRE01,,
ARMS_Getxo_G1_20200624_20201103_SF40_s1_r1:Otu467,technicalReplicateID,,,http://vocab.nerc.ac.uk/collection/P01/current/IDTCRE01,,
ARMS_Getxo_G1_20200624_20201103_SF40_s1_r1:Otu464,submergedTime,day,132,http://vocab.nerc.ac.uk/collection/P01/current/AZDRZZ01/,https://vocab.nerc.ac.uk/collection/P06/current/UTAA/,
ARMS_Getxo_G1_20200624_20201103_SF40_s1_r1:Otu464,preservativeUsed,,DMSO,http://vocab.nerc.ac.uk/collection/Q01/current/Q0100004/,,https://pubchem.ncbi.nlm.nih.gov/compound/679
ARMS_Getxo_G1_20200624_20201103_SF40_s1_r1:Otu464,lowerLimitFilterSize,micrometer,40,http://vocab.nerc.ac.uk/collection/Q01/current/Q0100011/,https://vocab.nerc.ac.uk/collection/P06/current/UMIC/,
ARMS_Getxo_G1_20200624_20201103_SF40_s1_r1:Otu464,sampleAccessionNumber,,SAMEA10021242,,,
ARMS_Getxo_G1_20200624_20201103_SF40_s1_r1:Otu464,NCBIID,,6340,,,
ARMS_Getxo_G1_20200624_20201103_SF40_s1_r1:Otu464,NCBIScientificName,,Annelida,,,
ARMS_Getxo_G1_20200624_20201103_SF40_s1_r1:Otu464,NCBITaxonRank,,phylum,,,
ARMS_Getxo_G1_20200624_20201103_SF40_s1_r1:Otu464,fieldReplicateID,,ARMS_Getxo_G_20200624_20201103,http://vocab.nerc.ac.uk/collection/P01/current/IDSPRE01,,
ARMS_Getxo_G1_20200624_20201103_SF40_s1_r1:Otu464,technicalReplicateID,,,http://vocab.nerc.ac.uk/collection/P01/current/IDTCRE01,,
ARMS_Getxo_G1_20200624_20201103_SF40_s1_r1:Otu468,submergedTime,day,132,http://vocab.nerc.ac.uk/collection/P01/current/AZDRZZ01/,https://vocab.nerc.ac.uk/collection/P06/current/UTAA/,
ARMS_Getxo_G1_20200624_20201103_SF40_s1_r1:Otu468,preservativeUsed,,DMSO,http://vocab.nerc.ac.uk/collection/Q01/current/Q0100004/,,https://pubchem.ncbi.nlm.nih.gov/compound/679
ARMS_Getxo_G1_20200624_20201103_SF40_s1_r1:Otu468,lowerLimitFilterSize,micrometer,40,http://vocab.nerc.ac.uk/collection/Q01/current/Q0100011/,https://vocab.nerc.ac.uk/collection/P06/current/UMIC/,
ARMS_Getxo_G1_20200624_20201103_SF40_s1_r1:Otu468,sampleAccessionNumber,,SAMEA10021242,,,
ARMS_Getxo_G1_20200624_20201103_SF40_s1_r1:Otu468,NCBIID,,65574,,,
ARMS_Getxo_G1_20200624_20201103_SF40_s1_r1:Otu468,NCBIScientificName,,Radiolaria,,,
ARMS_Getxo_G1_20200624_20201103_SF40_s1_r1:Otu468,NCBITaxonRank,,class,,,
ARMS_Getxo_G1_20200624_20201103_SF40_s1_r1:Otu468,fieldReplicateID,,ARMS_Getxo_G_20200624_20201103,http://vocab.nerc.ac.uk/collection/P01/current/IDSPRE01,,
ARMS_Getxo_G1_20200624_20201103_SF40_s1_r1:Otu468,technicalReplicateID,,,http://vocab.nerc.ac.uk/collection/P01/current/IDTCRE01,,
ARMS_Getxo_G1_20200624_20201103_SF40_s1_r1:Otu469,submergedTime,day,132,http://vocab.nerc.ac.uk/collection/P01/current/AZDRZZ01/,https://vocab.nerc.ac.uk/collection/P06/current/UTAA/,
ARMS_Getxo_G1_20200624_20201103_SF40_s1_r1:Otu469,preservativeUsed,,DMSO,http://vocab.nerc.ac.uk/collection/Q01/current/Q0100004/,,https://pubchem.ncbi.nlm.nih.gov/compound/679
ARMS_Getxo_G1_20200624_20201103_SF40_s1_r1:Otu469,lowerLimitFilterSize,micrometer,40,http://vocab.nerc.ac.uk/collection/Q01/current/Q0100011/,https://vocab.nerc.ac.uk/collection/P06/current/UMIC/,
ARMS_Getxo_G1_20200624_20201103_SF40_s1_r1:Otu469,sampleAccessionNumber,,SAMEA10021242,,,
ARMS_Getxo_G1_20200624_20201103_SF40_s1_r1:Otu469,NCBIID,,7712,,,
ARMS_Getxo_G1_20200624_20201103_SF40_s1_r1:Otu469,NCBIScientificName,,Urochordata,,,
ARMS_Getxo_G1_20200624_20201103_SF40_s1_r1:Otu469,NCBITaxonRank,,subphylum,,,
ARMS_Getxo_G1_20200624_20201103_SF40_s1_r1:Otu469,fieldReplicateID,,ARMS_Getxo_G_20200624_20201103,http://vocab.nerc.ac.uk/collection/P01/current/IDSPRE01,,
ARMS_Getxo_G1_20200624_20201103_SF40_s1_r1:Otu469,technicalReplicateID,,,http://vocab.nerc.ac.uk/collection/P01/current/IDTCRE01,,
ARMS_Getxo_G1_20200624_20201103_SF40_s1_r1:Otu306,submergedTime,day,132,http://vocab.nerc.ac.uk/collection/P01/current/AZDRZZ01/,https://vocab.nerc.ac.uk/collection/P06/current/UTAA/,
ARMS_Getxo_G1_20200624_20201103_SF40_s1_r1:Otu306,preservativeUsed,,DMSO,http://vocab.nerc.ac.uk/collection/Q01/current/Q0100004/,,https://pubchem.ncbi.nlm.nih.gov/compound/679
ARMS_Getxo_G1_20200624_20201103_SF40_s1_r1:Otu306,lowerLimitFilterSize,micrometer,40,http://vocab.nerc.ac.uk/collection/Q01/current/Q0100011/,https://vocab.nerc.ac.uk/collection/P06/current/UMIC/,
ARMS_Getxo_G1_20200624_20201103_SF40_s1_r1:Otu306,sampleAccessionNumber,,SAMEA10021242,,,
ARMS_Getxo_G1_20200624_20201103_SF40_s1_r1:Otu306,NCBIID,,5636,,,
ARMS_Getxo_G1_20200624_20201103_SF40_s1_r1:Otu306,NCBIScientificName,,Panellus_stypticus,,,
ARMS_Getxo_G1_20200624_20201103_SF40_s1_r1:Otu306,NCBITaxonRank,,species,,,
ARMS_Getxo_G1_20200624_20201103_SF40_s1_r1:Otu306,fieldReplicateID,,ARMS_Getxo_G_20200624_20201103,http://vocab.nerc.ac.uk/collection/P01/current/IDSPRE01,,
ARMS_Getxo_G1_20200624_20201103_SF40_s1_r1:Otu306,technicalReplicateID,,,http://vocab.nerc.ac.uk/collection/P01/current/IDTCRE01,,
ARMS_Getxo_G1_20200624_20201103_SF40_s1_r1:Otu305,submergedTime,day,132,http://vocab.nerc.ac.uk/collection/P01/current/AZDRZZ01/,https://vocab.nerc.ac.uk/collection/P06/current/UTAA/,
ARMS_Getxo_G1_20200624_20201103_SF40_s1_r1:Otu305,preservativeUsed,,DMSO,http://vocab.nerc.ac.uk/collection/Q01/current/Q0100004/,,https://pubchem.ncbi.nlm.nih.gov/compound/679
ARMS_Getxo_G1_20200624_20201103_SF40_s1_r1:Otu305,lowerLimitFilterSize,micrometer,40,http://vocab.nerc.ac.uk/collection/Q01/current/Q0100011/,https://vocab.nerc.ac.uk/collection/P06/current/UMIC/,
ARMS_Getxo_G1_20200624_20201103_SF40_s1_r1:Otu305,sampleAccessionNumber,,SAMEA10021242,,,
ARMS_Getxo_G1_20200624_20201103_SF40_s1_r1:Otu305,NCBIID,,6340,,,
ARMS_Getxo_G1_20200624_20201103_SF40_s1_r1:Otu305,NCBIScientificName,,Annelida,,,
ARMS_Getxo_G1_20200624_20201103_SF40_s1_r1:Otu305,NCBITaxonRank,,phylum,,,
ARMS_Getxo_G1_20200624_20201103_SF40_s1_r1:Otu305,fieldReplicateID,,ARMS_Getxo_G_20200624_20201103,http://vocab.nerc.ac.uk/collection/P01/current/IDSPRE01,,
ARMS_Getxo_G1_20200624_20201103_SF40_s1_r1:Otu305,technicalReplicateID,,,http://vocab.nerc.ac.uk/collection/P01/current/IDTCRE01,,
ARMS_Getxo_G1_20200624_20201103_SF40_s1_r1:Otu301,submergedTime,day,132,http://vocab.nerc.ac.uk/collection/P01/current/AZDRZZ01/,https://vocab.nerc.ac.uk/collection/P06/current/UTAA/,
ARMS_Getxo_G1_20200624_20201103_SF40_s1_r1:Otu301,preservativeUsed,,DMSO,http://vocab.nerc.ac.uk/collection/Q01/current/Q0100004/,,https://pubchem.ncbi.nlm.nih.gov/compound/679
ARMS_Getxo_G1_20200624_20201103_SF40_s1_r1:Otu301,lowerLimitFilterSize,micrometer,40,http://vocab.nerc.ac.uk/collection/Q01/current/Q0100011/,https://vocab.nerc.ac.uk/collection/P06/current/UMIC/,
ARMS_Getxo_G1_20200624_20201103_SF40_s1_r1:Otu301,sampleAccessionNumber,,SAMEA10021242,,,
ARMS_Getxo_G1_20200624_20201103_SF40_s1_r1:Otu301,NCBIID,,230408,,,
ARMS_Getxo_G1_20200624_20201103_SF40_s1_r1:Otu301,NCBIScientificName,,Pirsonia,,,
ARMS_Getxo_G1_20200624_20201103_SF40_s1_r1:Otu301,NCBITaxonRank,,genus,,,
ARMS_Getxo_G1_20200624_20201103_SF40_s1_r1:Otu301,fieldReplicateID,,ARMS_Getxo_G_20200624_20201103,http://vocab.nerc.ac.uk/collection/P01/current/IDSPRE01,,
ARMS_Getxo_G1_20200624_20201103_SF40_s1_r1:Otu301,technicalReplicateID,,,http://vocab.nerc.ac.uk/collection/P01/current/IDTCRE01,,
ARMS_Getxo_G1_20200624_20201103_SF40_s1_r1:Otu300,submergedTime,day,132,http://vocab.nerc.ac.uk/collection/P01/current/AZDRZZ01/,https://vocab.nerc.ac.uk/collection/P06/current/UTAA/,
ARMS_Getxo_G1_20200624_20201103_SF40_s1_r1:Otu300,preservativeUsed,,DMSO,http://vocab.nerc.ac.uk/collection/Q01/current/Q0100004/,,https://pubchem.ncbi.nlm.nih.gov/compound/679
ARMS_Getxo_G1_20200624_20201103_SF40_s1_r1:Otu300,lowerLimitFilterSize,micrometer,40,http://vocab.nerc.ac.uk/collection/Q01/current/Q0100011/,https://vocab.nerc.ac.uk/collection/P06/current/UMIC/,
ARMS_Getxo_G1_20200624_20201103_SF40_s1_r1:Otu300,sampleAccessionNumber,,SAMEA10021242,,,
ARMS_Getxo_G1_20200624_20201103_SF40_s1_r1:Otu300,NCBIID,,199571,,,
ARMS_Getxo_G1_20200624_20201103_SF40_s1_r1:Otu300,NCBIScientificName,,Typosyllis,,,
ARMS_Getxo_G1_20200624_20201103_SF40_s1_r1:Otu300,NCBITaxonRank,,genus,,,
ARMS_Getxo_G1_20200624_20201103_SF40_s1_r1:Otu300,fieldReplicateID,,ARMS_Getxo_G_20200624_20201103,http://vocab.nerc.ac.uk/collection/P01/current/IDSPRE01,,
ARMS_Getxo_G1_20200624_20201103_SF40_s1_r1:Otu300,technicalReplicateID,,,http://vocab.nerc.ac.uk/collection/P01/current/IDTCRE01,,
ARMS_Getxo_G1_20200624_20201103_SF40_s1_r1:Otu116,submergedTime,day,132,http://vocab.nerc.ac.uk/collection/P01/current/AZDRZZ01/,https://vocab.nerc.ac.uk/collection/P06/current/UTAA/,
ARMS_Getxo_G1_20200624_20201103_SF40_s1_r1:Otu116,preservativeUsed,,DMSO,http://vocab.nerc.ac.uk/collection/Q01/current/Q0100004/,,https://pubchem.ncbi.nlm.nih.gov/compound/679
ARMS_Getxo_G1_20200624_20201103_SF40_s1_r1:Otu116,lowerLimitFilterSize,micrometer,40,http://vocab.nerc.ac.uk/collection/Q01/current/Q0100011/,https://vocab.nerc.ac.uk/collection/P06/current/UMIC/,
ARMS_Getxo_G1_20200624_20201103_SF40_s1_r1:Otu116,sampleAccessionNumber,,SAMEA10021242,,,
ARMS_Getxo_G1_20200624_20201103_SF40_s1_r1:Otu116,NCBIID,,3034647,,,
ARMS_Getxo_G1_20200624_20201103_SF40_s1_r1:Otu116,NCBIScientificName,,Hydroides_trivesiculosus,,,
ARMS_Getxo_G1_20200624_20201103_SF40_s1_r1:Otu116,NCBITaxonRank,,species,,,
ARMS_Getxo_G1_20200624_20201103_SF40_s1_r1:Otu116,fieldReplicateID,,ARMS_Getxo_G_20200624_20201103,http://vocab.nerc.ac.uk/collection/P01/current/IDSPRE01,,
ARMS_Getxo_G1_20200624_20201103_SF40_s1_r1:Otu116,technicalReplicateID,,,http://vocab.nerc.ac.uk/collection/P01/current/IDTCRE01,,
ARMS_Getxo_G1_20200624_20201103_SF40_s1_r1:Otu114,submergedTime,day,132,http://vocab.nerc.ac.uk/collection/P01/current/AZDRZZ01/,https://vocab.nerc.ac.uk/collection/P06/current/UTAA/,
ARMS_Getxo_G1_20200624_20201103_SF40_s1_r1:Otu114,preservativeUsed,,DMSO,http://vocab.nerc.ac.uk/collection/Q01/current/Q0100004/,,https://pubchem.ncbi.nlm.nih.gov/compound/679
ARMS_Getxo_G1_20200624_20201103_SF40_s1_r1:Otu114,lowerLimitFilterSize,micrometer,40,http://vocab.nerc.ac.uk/collection/Q01/current/Q0100011/,https://vocab.nerc.ac.uk/collection/P06/current/UMIC/,
ARMS_Getxo_G1_20200624_20201103_SF40_s1_r1:Otu114,sampleAccessionNumber,,SAMEA10021242,,,
ARMS_Getxo_G1_20200624_20201103_SF40_s1_r1:Otu114,NCBIID,,43120,,,
ARMS_Getxo_G1_20200624_20201103_SF40_s1_r1:Otu114,NCBIScientificName,,Entoprocta,,,
ARMS_Getxo_G1_20200624_20201103_SF40_s1_r1:Otu114,NCBITaxonRank,,phylum,,,
ARMS_Getxo_G1_20200624_20201103_SF40_s1_r1:Otu114,fieldReplicateID,,ARMS_Getxo_G_20200624_20201103,http://vocab.nerc.ac.uk/collection/P01/current/IDSPRE01,,
ARMS_Getxo_G1_20200624_20201103_SF40_s1_r1:Otu114,technicalReplicateID,,,http://vocab.nerc.ac.uk/collection/P01/current/IDTCRE01,,
ARMS_Getxo_G1_20200624_20201103_SF40_s1_r1:Otu115,submergedTime,day,132,http://vocab.nerc.ac.uk/collection/P01/current/AZDRZZ01/,https://vocab.nerc.ac.uk/collection/P06/current/UTAA/,
ARMS_Getxo_G1_20200624_20201103_SF40_s1_r1:Otu115,preservativeUsed,,DMSO,http://vocab.nerc.ac.uk/collection/Q01/current/Q0100004/,,https://pubchem.ncbi.nlm.nih.gov/compound/679
ARMS_Getxo_G1_20200624_20201103_SF40_s1_r1:Otu115,lowerLimitFilterSize,micrometer,40,http://vocab.nerc.ac.uk/collection/Q01/current/Q0100011/,https://vocab.nerc.ac.uk/collection/P06/current/UMIC/,
ARMS_Getxo_G1_20200624_20201103_SF40_s1_r1:Otu115,sampleAccessionNumber,,SAMEA10021242,,,
ARMS_Getxo_G1_20200624_20201103_SF40_s1_r1:Otu115,NCBIID,,947094,,,
ARMS_Getxo_G1_20200624_20201103_SF40_s1_r1:Otu115,NCBIScientificName,,Porosporidae,,,
ARMS_Getxo_G1_20200624_20201103_SF40_s1_r1:Otu115,NCBITaxonRank,,family,,,
ARMS_Getxo_G1_20200624_20201103_SF40_s1_r1:Otu115,fieldReplicateID,,ARMS_Getxo_G_20200624_20201103,http://vocab.nerc.ac.uk/collection/P01/current/IDSPRE01,,
ARMS_Getxo_G1_20200624_20201103_SF40_s1_r1:Otu115,technicalReplicateID,,,http://vocab.nerc.ac.uk/collection/P01/current/IDTCRE01,,
ARMS_Getxo_G1_20200624_20201103_SF40_s1_r1:Otu112,submergedTime,day,132,http://vocab.nerc.ac.uk/collection/P01/current/AZDRZZ01/,https://vocab.nerc.ac.uk/collection/P06/current/UTAA/,
ARMS_Getxo_G1_20200624_20201103_SF40_s1_r1:Otu112,preservativeUsed,,DMSO,http://vocab.nerc.ac.uk/collection/Q01/current/Q0100004/,,https://pubchem.ncbi.nlm.nih.gov/compound/679
ARMS_Getxo_G1_20200624_20201103_SF40_s1_r1:Otu112,lowerLimitFilterSize,micrometer,40,http://vocab.nerc.ac.uk/collection/Q01/current/Q0100011/,https://vocab.nerc.ac.uk/collection/P06/current/UMIC/,
ARMS_Getxo_G1_20200624_20201103_SF40_s1_r1:Otu112,sampleAccessionNumber,,SAMEA10021242,,,
ARMS_Getxo_G1_20200624_20201103_SF40_s1_r1:Otu112,NCBIID,,168253,,,
ARMS_Getxo_G1_20200624_20201103_SF40_s1_r1:Otu112,NCBIScientificName,,Vaginicola,,,
ARMS_Getxo_G1_20200624_20201103_SF40_s1_r1:Otu112,NCBITaxonRank,,genus,,,
ARMS_Getxo_G1_20200624_20201103_SF40_s1_r1:Otu112,fieldReplicateID,,ARMS_Getxo_G_20200624_20201103,http://vocab.nerc.ac.uk/collection/P01/current/IDSPRE01,,
ARMS_Getxo_G1_20200624_20201103_SF40_s1_r1:Otu112,technicalReplicateID,,,http://vocab.nerc.ac.uk/collection/P01/current/IDTCRE01,,
ARMS_Getxo_G1_20200624_20201103_SF40_s1_r1:Otu286,submergedTime,day,132,http://vocab.nerc.ac.uk/collection/P01/current/AZDRZZ01/,https://vocab.nerc.ac.uk/collection/P06/current/UTAA/,
ARMS_Getxo_G1_20200624_20201103_SF40_s1_r1:Otu286,preservativeUsed,,DMSO,http://vocab.nerc.ac.uk/collection/Q01/current/Q0100004/,,https://pubchem.ncbi.nlm.nih.gov/compound/679
ARMS_Getxo_G1_20200624_20201103_SF40_s1_r1:Otu286,lowerLimitFilterSize,micrometer,40,http://vocab.nerc.ac.uk/collection/Q01/current/Q0100011/,https://vocab.nerc.ac.uk/collection/P06/current/UMIC/,
ARMS_Getxo_G1_20200624_20201103_SF40_s1_r1:Otu286,sampleAccessionNumber,,SAMEA10021242,,,
ARMS_Getxo_G1_20200624_20201103_SF40_s1_r1:Otu286,NCBIID,,2302914,,,
ARMS_Getxo_G1_20200624_20201103_SF40_s1_r1:Otu286,NCBIScientificName,,Chloropicon,,,
ARMS_Getxo_G1_20200624_20201103_SF40_s1_r1:Otu286,NCBITaxonRank,,genus,,,
ARMS_Getxo_G1_20200624_20201103_SF40_s1_r1:Otu286,fieldReplicateID,,ARMS_Getxo_G_20200624_20201103,http://vocab.nerc.ac.uk/collection/P01/current/IDSPRE01,,
ARMS_Getxo_G1_20200624_20201103_SF40_s1_r1:Otu286,technicalReplicateID,,,http://vocab.nerc.ac.uk/collection/P01/current/IDTCRE01,,
ARMS_Getxo_G1_20200624_20201103_SF40_s1_r1:Otu287,submergedTime,day,132,http://vocab.nerc.ac.uk/collection/P01/current/AZDRZZ01/,https://vocab.nerc.ac.uk/collection/P06/current/UTAA/,
ARMS_Getxo_G1_20200624_20201103_SF40_s1_r1:Otu287,preservativeUsed,,DMSO,http://vocab.nerc.ac.uk/collection/Q01/current/Q0100004/,,https://pubchem.ncbi.nlm.nih.gov/compound/679
ARMS_Getxo_G1_20200624_20201103_SF40_s1_r1:Otu287,lowerLimitFilterSize,micrometer,40,http://vocab.nerc.ac.uk/collection/Q01/current/Q0100011/,https://vocab.nerc.ac.uk/collection/P06/current/UMIC/,
ARMS_Getxo_G1_20200624_20201103_SF40_s1_r1:Otu287,sampleAccessionNumber,,SAMEA10021242,,,
ARMS_Getxo_G1_20200624_20201103_SF40_s1_r1:Otu287,NCBIID,,42241,,,
ARMS_Getxo_G1_20200624_20201103_SF40_s1_r1:Otu287,NCBIScientificName,,Tardigrada,,,
ARMS_Getxo_G1_20200624_20201103_SF40_s1_r1:Otu287,NCBITaxonRank,,phylum,,,
ARMS_Getxo_G1_20200624_20201103_SF40_s1_r1:Otu287,fieldReplicateID,,ARMS_Getxo_G_20200624_20201103,http://vocab.nerc.ac.uk/collection/P01/current/IDSPRE01,,
ARMS_Getxo_G1_20200624_20201103_SF40_s1_r1:Otu287,technicalReplicateID,,,http://vocab.nerc.ac.uk/collection/P01/current/IDTCRE01,,
ARMS_Getxo_G1_20200624_20201103_SF40_s1_r1:Otu285,submergedTime,day,132,http://vocab.nerc.ac.uk/collection/P01/current/AZDRZZ01/,https://vocab.nerc.ac.uk/collection/P06/current/UTAA/,
ARMS_Getxo_G1_20200624_20201103_SF40_s1_r1:Otu285,preservativeUsed,,DMSO,http://vocab.nerc.ac.uk/collection/Q01/current/Q0100004/,,https://pubchem.ncbi.nlm.nih.gov/compound/679
ARMS_Getxo_G1_20200624_20201103_SF40_s1_r1:Otu285,lowerLimitFilterSize,micrometer,40,http://vocab.nerc.ac.uk/collection/Q01/current/Q0100011/,https://vocab.nerc.ac.uk/collection/P06/current/UMIC/,
ARMS_Getxo_G1_20200624_20201103_SF40_s1_r1:Otu285,sampleAccessionNumber,,SAMEA10021242,,,
ARMS_Getxo_G1_20200624_20201103_SF40_s1_r1:Otu285,NCBIID,,589449,,,
ARMS_Getxo_G1_20200624_20201103_SF40_s1_r1:Otu285,NCBIScientificName,,Polar-centric-Mediophyceae,,,
ARMS_Getxo_G1_20200624_20201103_SF40_s1_r1:Otu285,NCBITaxonRank,,class,,,
ARMS_Getxo_G1_20200624_20201103_SF40_s1_r1:Otu285,fieldReplicateID,,ARMS_Getxo_G_20200624_20201103,http://vocab.nerc.ac.uk/collection/P01/current/IDSPRE01,,
ARMS_Getxo_G1_20200624_20201103_SF40_s1_r1:Otu285,technicalReplicateID,,,http://vocab.nerc.ac.uk/collection/P01/current/IDTCRE01,,
ARMS_Getxo_G1_20200624_20201103_SF40_s1_r1:Otu288,submergedTime,day,132,http://vocab.nerc.ac.uk/collection/P01/current/AZDRZZ01/,https://vocab.nerc.ac.uk/collection/P06/current/UTAA/,
ARMS_Getxo_G1_20200624_20201103_SF40_s1_r1:Otu288,preservativeUsed,,DMSO,http://vocab.nerc.ac.uk/collection/Q01/current/Q0100004/,,https://pubchem.ncbi.nlm.nih.gov/compound/679
ARMS_Getxo_G1_20200624_20201103_SF40_s1_r1:Otu288,lowerLimitFilterSize,micrometer,40,http://vocab.nerc.ac.uk/collection/Q01/current/Q0100011/,https://vocab.nerc.ac.uk/collection/P06/current/UMIC/,
ARMS_Getxo_G1_20200624_20201103_SF40_s1_r1:Otu288,sampleAccessionNumber,,SAMEA10021242,,,
ARMS_Getxo_G1_20200624_20201103_SF40_s1_r1:Otu288,NCBIID,,39462,,,
ARMS_Getxo_G1_20200624_20201103_SF40_s1_r1:Otu288,NCBIScientificName,,Suctoria,,,
ARMS_Getxo_G1_20200624_20201103_SF40_s1_r1:Otu288,NCBITaxonRank,,subclass,,,
ARMS_Getxo_G1_20200624_20201103_SF40_s1_r1:Otu288,fieldReplicateID,,ARMS_Getxo_G_20200624_20201103,http://vocab.nerc.ac.uk/collection/P01/current/IDSPRE01,,
ARMS_Getxo_G1_20200624_20201103_SF40_s1_r1:Otu288,technicalReplicateID,,,http://vocab.nerc.ac.uk/collection/P01/current/IDTCRE01,,
ARMS_Getxo_G1_20200624_20201103_SF40_s1_r1:Otu289,submergedTime,day,132,http://vocab.nerc.ac.uk/collection/P01/current/AZDRZZ01/,https://vocab.nerc.ac.uk/collection/P06/current/UTAA/,
ARMS_Getxo_G1_20200624_20201103_SF40_s1_r1:Otu289,preservativeUsed,,DMSO,http://vocab.nerc.ac.uk/collection/Q01/current/Q0100004/,,https://pubchem.ncbi.nlm.nih.gov/compound/679
ARMS_Getxo_G1_20200624_20201103_SF40_s1_r1:Otu289,lowerLimitFilterSize,micrometer,40,http://vocab.nerc.ac.uk/collection/Q01/current/Q0100011/,https://vocab.nerc.ac.uk/collection/P06/current/UMIC/,
ARMS_Getxo_G1_20200624_20201103_SF40_s1_r1:Otu289,sampleAccessionNumber,,SAMEA10021242,,,
ARMS_Getxo_G1_20200624_20201103_SF40_s1_r1:Otu289,NCBIID,,6657,,,
ARMS_Getxo_G1_20200624_20201103_SF40_s1_r1:Otu289,NCBIScientificName,,Crustacea,,,
ARMS_Getxo_G1_20200624_20201103_SF40_s1_r1:Otu289,NCBITaxonRank,,subphylum,,,
ARMS_Getxo_G1_20200624_20201103_SF40_s1_r1:Otu289,fieldReplicateID,,ARMS_Getxo_G_20200624_20201103,http://vocab.nerc.ac.uk/collection/P01/current/IDSPRE01,,
ARMS_Getxo_G1_20200624_20201103_SF40_s1_r1:Otu289,technicalReplicateID,,,http://vocab.nerc.ac.uk/collection/P01/current/IDTCRE01,,
ARMS_Getxo_G1_20200624_20201103_SF40_s1_r1:Otu38,submergedTime,day,132,http://vocab.nerc.ac.uk/collection/P01/current/AZDRZZ01/,https://vocab.nerc.ac.uk/collection/P06/current/UTAA/,
ARMS_Getxo_G1_20200624_20201103_SF40_s1_r1:Otu38,preservativeUsed,,DMSO,http://vocab.nerc.ac.uk/collection/Q01/current/Q0100004/,,https://pubchem.ncbi.nlm.nih.gov/compound/679
ARMS_Getxo_G1_20200624_20201103_SF40_s1_r1:Otu38,lowerLimitFilterSize,micrometer,40,http://vocab.nerc.ac.uk/collection/Q01/current/Q0100011/,https://vocab.nerc.ac.uk/collection/P06/current/UMIC/,
ARMS_Getxo_G1_20200624_20201103_SF40_s1_r1:Otu38,sampleAccessionNumber,,SAMEA10021242,,,
ARMS_Getxo_G1_20200624_20201103_SF40_s1_r1:Otu38,NCBIID,,244961,,,
ARMS_Getxo_G1_20200624_20201103_SF40_s1_r1:Otu38,NCBIScientificName,,Gyrodinium_fusiforme,,,
ARMS_Getxo_G1_20200624_20201103_SF40_s1_r1:Otu38,NCBITaxonRank,,species,,,
ARMS_Getxo_G1_20200624_20201103_SF40_s1_r1:Otu38,fieldReplicateID,,ARMS_Getxo_G_20200624_20201103,http://vocab.nerc.ac.uk/collection/P01/current/IDSPRE01,,
ARMS_Getxo_G1_20200624_20201103_SF40_s1_r1:Otu38,technicalReplicateID,,,http://vocab.nerc.ac.uk/collection/P01/current/IDTCRE01,,
ARMS_Getxo_G1_20200624_20201103_SF40_s1_r1:Otu36,submergedTime,day,132,http://vocab.nerc.ac.uk/collection/P01/current/AZDRZZ01/,https://vocab.nerc.ac.uk/collection/P06/current/UTAA/,
ARMS_Getxo_G1_20200624_20201103_SF40_s1_r1:Otu36,preservativeUsed,,DMSO,http://vocab.nerc.ac.uk/collection/Q01/current/Q0100004/,,https://pubchem.ncbi.nlm.nih.gov/compound/679
ARMS_Getxo_G1_20200624_20201103_SF40_s1_r1:Otu36,lowerLimitFilterSize,micrometer,40,http://vocab.nerc.ac.uk/collection/Q01/current/Q0100011/,https://vocab.nerc.ac.uk/collection/P06/current/UMIC/,
ARMS_Getxo_G1_20200624_20201103_SF40_s1_r1:Otu36,sampleAccessionNumber,,SAMEA10021242,,,
ARMS_Getxo_G1_20200624_20201103_SF40_s1_r1:Otu36,NCBIID,,5934,,,
ARMS_Getxo_G1_20200624_20201103_SF40_s1_r1:Otu36,NCBIScientificName,,Hypotrichia,,,
ARMS_Getxo_G1_20200624_20201103_SF40_s1_r1:Otu36,NCBITaxonRank,,subclass,,,
ARMS_Getxo_G1_20200624_20201103_SF40_s1_r1:Otu36,fieldReplicateID,,ARMS_Getxo_G_20200624_20201103,http://vocab.nerc.ac.uk/collection/P01/current/IDSPRE01,,
ARMS_Getxo_G1_20200624_20201103_SF40_s1_r1:Otu36,technicalReplicateID,,,http://vocab.nerc.ac.uk/collection/P01/current/IDTCRE01,,
ARMS_Getxo_G1_20200624_20201103_SF40_s1_r1:Otu34,submergedTime,day,132,http://vocab.nerc.ac.uk/collection/P01/current/AZDRZZ01/,https://vocab.nerc.ac.uk/collection/P06/current/UTAA/,
ARMS_Getxo_G1_20200624_20201103_SF40_s1_r1:Otu34,preservativeUsed,,DMSO,http://vocab.nerc.ac.uk/collection/Q01/current/Q0100004/,,https://pubchem.ncbi.nlm.nih.gov/compound/679
ARMS_Getxo_G1_20200624_20201103_SF40_s1_r1:Otu34,lowerLimitFilterSize,micrometer,40,http://vocab.nerc.ac.uk/collection/Q01/current/Q0100011/,https://vocab.nerc.ac.uk/collection/P06/current/UMIC/,
ARMS_Getxo_G1_20200624_20201103_SF40_s1_r1:Otu34,sampleAccessionNumber,,SAMEA10021242,,,
ARMS_Getxo_G1_20200624_20201103_SF40_s1_r1:Otu34,NCBIID,,79791,,,
ARMS_Getxo_G1_20200624_20201103_SF40_s1_r1:Otu34,NCBIScientificName,,Cylindrostoma,,,
ARMS_Getxo_G1_20200624_20201103_SF40_s1_r1:Otu34,NCBITaxonRank,,genus,,,
ARMS_Getxo_G1_20200624_20201103_SF40_s1_r1:Otu34,fieldReplicateID,,ARMS_Getxo_G_20200624_20201103,http://vocab.nerc.ac.uk/collection/P01/current/IDSPRE01,,
ARMS_Getxo_G1_20200624_20201103_SF40_s1_r1:Otu34,technicalReplicateID,,,http://vocab.nerc.ac.uk/collection/P01/current/IDTCRE01,,
ARMS_Getxo_G1_20200624_20201103_SF40_s1_r1:Otu35,submergedTime,day,132,http://vocab.nerc.ac.uk/collection/P01/current/AZDRZZ01/,https://vocab.nerc.ac.uk/collection/P06/current/UTAA/,
ARMS_Getxo_G1_20200624_20201103_SF40_s1_r1:Otu35,preservativeUsed,,DMSO,http://vocab.nerc.ac.uk/collection/Q01/current/Q0100004/,,https://pubchem.ncbi.nlm.nih.gov/compound/679
ARMS_Getxo_G1_20200624_20201103_SF40_s1_r1:Otu35,lowerLimitFilterSize,micrometer,40,http://vocab.nerc.ac.uk/collection/Q01/current/Q0100011/,https://vocab.nerc.ac.uk/collection/P06/current/UMIC/,
ARMS_Getxo_G1_20200624_20201103_SF40_s1_r1:Otu35,sampleAccessionNumber,,SAMEA10021242,,,
ARMS_Getxo_G1_20200624_20201103_SF40_s1_r1:Otu35,NCBIID,,320052,,,
ARMS_Getxo_G1_20200624_20201103_SF40_s1_r1:Otu35,NCBIScientificName,,Chromadorina,,,
ARMS_Getxo_G1_20200624_20201103_SF40_s1_r1:Otu35,NCBITaxonRank,,genus,,,
ARMS_Getxo_G1_20200624_20201103_SF40_s1_r1:Otu35,fieldReplicateID,,ARMS_Getxo_G_20200624_20201103,http://vocab.nerc.ac.uk/collection/P01/current/IDSPRE01,,
ARMS_Getxo_G1_20200624_20201103_SF40_s1_r1:Otu35,technicalReplicateID,,,http://vocab.nerc.ac.uk/collection/P01/current/IDTCRE01,,
ARMS_Getxo_G1_20200624_20201103_SF40_s1_r1:Otu33,submergedTime,day,132,http://vocab.nerc.ac.uk/collection/P01/current/AZDRZZ01/,https://vocab.nerc.ac.uk/collection/P06/current/UTAA/,
ARMS_Getxo_G1_20200624_20201103_SF40_s1_r1:Otu33,preservativeUsed,,DMSO,http://vocab.nerc.ac.uk/collection/Q01/current/Q0100004/,,https://pubchem.ncbi.nlm.nih.gov/compound/679
ARMS_Getxo_G1_20200624_20201103_SF40_s1_r1:Otu33,lowerLimitFilterSize,micrometer,40,http://vocab.nerc.ac.uk/collection/Q01/current/Q0100011/,https://vocab.nerc.ac.uk/collection/P06/current/UMIC/,
ARMS_Getxo_G1_20200624_20201103_SF40_s1_r1:Otu33,sampleAccessionNumber,,SAMEA10021242,,,
ARMS_Getxo_G1_20200624_20201103_SF40_s1_r1:Otu33,NCBIID,,4751,,,
ARMS_Getxo_G1_20200624_20201103_SF40_s1_r1:Otu33,NCBIScientificName,,Fungi,,,
ARMS_Getxo_G1_20200624_20201103_SF40_s1_r1:Otu33,NCBITaxonRank,,kingdom,,,
ARMS_Getxo_G1_20200624_20201103_SF40_s1_r1:Otu33,fieldReplicateID,,ARMS_Getxo_G_20200624_20201103,http://vocab.nerc.ac.uk/collection/P01/current/IDSPRE01,,
ARMS_Getxo_G1_20200624_20201103_SF40_s1_r1:Otu33,technicalReplicateID,,,http://vocab.nerc.ac.uk/collection/P01/current/IDTCRE01,,
ARMS_Getxo_G1_20200624_20201103_SF40_s1_r1:Otu31,submergedTime,day,132,http://vocab.nerc.ac.uk/collection/P01/current/AZDRZZ01/,https://vocab.nerc.ac.uk/collection/P06/current/UTAA/,
ARMS_Getxo_G1_20200624_20201103_SF40_s1_r1:Otu31,preservativeUsed,,DMSO,http://vocab.nerc.ac.uk/collection/Q01/current/Q0100004/,,https://pubchem.ncbi.nlm.nih.gov/compound/679
ARMS_Getxo_G1_20200624_20201103_SF40_s1_r1:Otu31,lowerLimitFilterSize,micrometer,40,http://vocab.nerc.ac.uk/collection/Q01/current/Q0100011/,https://vocab.nerc.ac.uk/collection/P06/current/UMIC/,
ARMS_Getxo_G1_20200624_20201103_SF40_s1_r1:Otu31,sampleAccessionNumber,,SAMEA10021242,,,
ARMS_Getxo_G1_20200624_20201103_SF40_s1_r1:Otu31,NCBIID,,6074,,,
ARMS_Getxo_G1_20200624_20201103_SF40_s1_r1:Otu31,NCBIScientificName,,Hydrozoa,,,
ARMS_Getxo_G1_20200624_20201103_SF40_s1_r1:Otu31,NCBITaxonRank,,class,,,
ARMS_Getxo_G1_20200624_20201103_SF40_s1_r1:Otu31,fieldReplicateID,,ARMS_Getxo_G_20200624_20201103,http://vocab.nerc.ac.uk/collection/P01/current/IDSPRE01,,
ARMS_Getxo_G1_20200624_20201103_SF40_s1_r1:Otu31,technicalReplicateID,,,http://vocab.nerc.ac.uk/collection/P01/current/IDTCRE01,,
ARMS_Getxo_G1_20200624_20201103_SF40_s1_r1:Otu162,submergedTime,day,132,http://vocab.nerc.ac.uk/collection/P01/current/AZDRZZ01/,https://vocab.nerc.ac.uk/collection/P06/current/UTAA/,
ARMS_Getxo_G1_20200624_20201103_SF40_s1_r1:Otu162,preservativeUsed,,DMSO,http://vocab.nerc.ac.uk/collection/Q01/current/Q0100004/,,https://pubchem.ncbi.nlm.nih.gov/compound/679
ARMS_Getxo_G1_20200624_20201103_SF40_s1_r1:Otu162,lowerLimitFilterSize,micrometer,40,http://vocab.nerc.ac.uk/collection/Q01/current/Q0100011/,https://vocab.nerc.ac.uk/collection/P06/current/UMIC/,
ARMS_Getxo_G1_20200624_20201103_SF40_s1_r1:Otu162,sampleAccessionNumber,,SAMEA10021242,,,
ARMS_Getxo_G1_20200624_20201103_SF40_s1_r1:Otu162,NCBIID,,6340,,,
ARMS_Getxo_G1_20200624_20201103_SF40_s1_r1:Otu162,NCBIScientificName,,Annelida,,,
ARMS_Getxo_G1_20200624_20201103_SF40_s1_r1:Otu162,NCBITaxonRank,,phylum,,,
ARMS_Getxo_G1_20200624_20201103_SF40_s1_r1:Otu162,fieldReplicateID,,ARMS_Getxo_G_20200624_20201103,http://vocab.nerc.ac.uk/collection/P01/current/IDSPRE01,,
ARMS_Getxo_G1_20200624_20201103_SF40_s1_r1:Otu162,technicalReplicateID,,,http://vocab.nerc.ac.uk/collection/P01/current/IDTCRE01,,
ARMS_Getxo_G1_20200624_20201103_SF40_s1_r1:Otu160,submergedTime,day,132,http://vocab.nerc.ac.uk/collection/P01/current/AZDRZZ01/,https://vocab.nerc.ac.uk/collection/P06/current/UTAA/,
ARMS_Getxo_G1_20200624_20201103_SF40_s1_r1:Otu160,preservativeUsed,,DMSO,http://vocab.nerc.ac.uk/collection/Q01/current/Q0100004/,,https://pubchem.ncbi.nlm.nih.gov/compound/679
ARMS_Getxo_G1_20200624_20201103_SF40_s1_r1:Otu160,lowerLimitFilterSize,micrometer,40,http://vocab.nerc.ac.uk/collection/Q01/current/Q0100011/,https://vocab.nerc.ac.uk/collection/P06/current/UMIC/,
ARMS_Getxo_G1_20200624_20201103_SF40_s1_r1:Otu160,sampleAccessionNumber,,SAMEA10021242,,,
ARMS_Getxo_G1_20200624_20201103_SF40_s1_r1:Otu160,NCBIID,,41878,,,
ARMS_Getxo_G1_20200624_20201103_SF40_s1_r1:Otu160,NCBIScientificName,,Pycnococcaceae,,,
ARMS_Getxo_G1_20200624_20201103_SF40_s1_r1:Otu160,NCBITaxonRank,,family,,,
ARMS_Getxo_G1_20200624_20201103_SF40_s1_r1:Otu160,fieldReplicateID,,ARMS_Getxo_G_20200624_20201103,http://vocab.nerc.ac.uk/collection/P01/current/IDSPRE01,,
ARMS_Getxo_G1_20200624_20201103_SF40_s1_r1:Otu160,technicalReplicateID,,,http://vocab.nerc.ac.uk/collection/P01/current/IDTCRE01,,
ARMS_Getxo_G1_20200624_20201103_SF40_s1_r1:Otu83,submergedTime,day,132,http://vocab.nerc.ac.uk/collection/P01/current/AZDRZZ01/,https://vocab.nerc.ac.uk/collection/P06/current/UTAA/,
ARMS_Getxo_G1_20200624_20201103_SF40_s1_r1:Otu83,preservativeUsed,,DMSO,http://vocab.nerc.ac.uk/collection/Q01/current/Q0100004/,,https://pubchem.ncbi.nlm.nih.gov/compound/679
ARMS_Getxo_G1_20200624_20201103_SF40_s1_r1:Otu83,lowerLimitFilterSize,micrometer,40,http://vocab.nerc.ac.uk/collection/Q01/current/Q0100011/,https://vocab.nerc.ac.uk/collection/P06/current/UMIC/,
ARMS_Getxo_G1_20200624_20201103_SF40_s1_r1:Otu83,sampleAccessionNumber,,SAMEA10021242,,,
ARMS_Getxo_G1_20200624_20201103_SF40_s1_r1:Otu83,NCBIID,,6657,,,
ARMS_Getxo_G1_20200624_20201103_SF40_s1_r1:Otu83,NCBIScientificName,,Crustacea,,,
ARMS_Getxo_G1_20200624_20201103_SF40_s1_r1:Otu83,NCBITaxonRank,,subphylum,,,
ARMS_Getxo_G1_20200624_20201103_SF40_s1_r1:Otu83,fieldReplicateID,,ARMS_Getxo_G_20200624_20201103,http://vocab.nerc.ac.uk/collection/P01/current/IDSPRE01,,
ARMS_Getxo_G1_20200624_20201103_SF40_s1_r1:Otu83,technicalReplicateID,,,http://vocab.nerc.ac.uk/collection/P01/current/IDTCRE01,,
ARMS_Getxo_G1_20200624_20201103_SF40_s1_r1:Otu480,submergedTime,day,132,http://vocab.nerc.ac.uk/collection/P01/current/AZDRZZ01/,https://vocab.nerc.ac.uk/collection/P06/current/UTAA/,
ARMS_Getxo_G1_20200624_20201103_SF40_s1_r1:Otu480,preservativeUsed,,DMSO,http://vocab.nerc.ac.uk/collection/Q01/current/Q0100004/,,https://pubchem.ncbi.nlm.nih.gov/compound/679
ARMS_Getxo_G1_20200624_20201103_SF40_s1_r1:Otu480,lowerLimitFilterSize,micrometer,40,http://vocab.nerc.ac.uk/collection/Q01/current/Q0100011/,https://vocab.nerc.ac.uk/collection/P06/current/UMIC/,
ARMS_Getxo_G1_20200624_20201103_SF40_s1_r1:Otu480,sampleAccessionNumber,,SAMEA10021242,,,
ARMS_Getxo_G1_20200624_20201103_SF40_s1_r1:Otu480,NCBIID,,4762,,,
ARMS_Getxo_G1_20200624_20201103_SF40_s1_r1:Otu480,NCBIScientificName,,Oomycota,,,
ARMS_Getxo_G1_20200624_20201103_SF40_s1_r1:Otu480,NCBITaxonRank,,phylum,,,
ARMS_Getxo_G1_20200624_20201103_SF40_s1_r1:Otu480,fieldReplicateID,,ARMS_Getxo_G_20200624_20201103,http://vocab.nerc.ac.uk/collection/P01/current/IDSPRE01,,
ARMS_Getxo_G1_20200624_20201103_SF40_s1_r1:Otu480,technicalReplicateID,,,http://vocab.nerc.ac.uk/collection/P01/current/IDTCRE01,,
ARMS_Getxo_G1_20200624_20201103_SF40_s1_r1:Otu481,submergedTime,day,132,http://vocab.nerc.ac.uk/collection/P01/current/AZDRZZ01/,https://vocab.nerc.ac.uk/collection/P06/current/UTAA/,
ARMS_Getxo_G1_20200624_20201103_SF40_s1_r1:Otu481,preservativeUsed,,DMSO,http://vocab.nerc.ac.uk/collection/Q01/current/Q0100004/,,https://pubchem.ncbi.nlm.nih.gov/compound/679
ARMS_Getxo_G1_20200624_20201103_SF40_s1_r1:Otu481,lowerLimitFilterSize,micrometer,40,http://vocab.nerc.ac.uk/collection/Q01/current/Q0100011/,https://vocab.nerc.ac.uk/collection/P06/current/UMIC/,
ARMS_Getxo_G1_20200624_20201103_SF40_s1_r1:Otu481,sampleAccessionNumber,,SAMEA10021242,,,
ARMS_Getxo_G1_20200624_20201103_SF40_s1_r1:Otu481,NCBIID,,29322,,,
ARMS_Getxo_G1_20200624_20201103_SF40_s1_r1:Otu481,NCBIScientificName,,MAST-6,,,
ARMS_Getxo_G1_20200624_20201103_SF40_s1_r1:Otu481,NCBITaxonRank,,species,,,
ARMS_Getxo_G1_20200624_20201103_SF40_s1_r1:Otu481,fieldReplicateID,,ARMS_Getxo_G_20200624_20201103,http://vocab.nerc.ac.uk/collection/P01/current/IDSPRE01,,
ARMS_Getxo_G1_20200624_20201103_SF40_s1_r1:Otu481,technicalReplicateID,,,http://vocab.nerc.ac.uk/collection/P01/current/IDTCRE01,,
ARMS_Getxo_G1_20200624_20201103_SF40_s1_r1:Otu482,submergedTime,day,132,http://vocab.nerc.ac.uk/collection/P01/current/AZDRZZ01/,https://vocab.nerc.ac.uk/collection/P06/current/UTAA/,
ARMS_Getxo_G1_20200624_20201103_SF40_s1_r1:Otu482,preservativeUsed,,DMSO,http://vocab.nerc.ac.uk/collection/Q01/current/Q0100004/,,https://pubchem.ncbi.nlm.nih.gov/compound/679
ARMS_Getxo_G1_20200624_20201103_SF40_s1_r1:Otu482,lowerLimitFilterSize,micrometer,40,http://vocab.nerc.ac.uk/collection/Q01/current/Q0100011/,https://vocab.nerc.ac.uk/collection/P06/current/UMIC/,
ARMS_Getxo_G1_20200624_20201103_SF40_s1_r1:Otu482,sampleAccessionNumber,,SAMEA10021242,,,
ARMS_Getxo_G1_20200624_20201103_SF40_s1_r1:Otu482,NCBIID,,1031332,,,
ARMS_Getxo_G1_20200624_20201103_SF40_s1_r1:Otu482,NCBIScientificName,,Cryptomycota,,,
ARMS_Getxo_G1_20200624_20201103_SF40_s1_r1:Otu482,NCBITaxonRank,,phylum,,,
ARMS_Getxo_G1_20200624_20201103_SF40_s1_r1:Otu482,fieldReplicateID,,ARMS_Getxo_G_20200624_20201103,http://vocab.nerc.ac.uk/collection/P01/current/IDSPRE01,,
ARMS_Getxo_G1_20200624_20201103_SF40_s1_r1:Otu482,technicalReplicateID,,,http://vocab.nerc.ac.uk/collection/P01/current/IDTCRE01,,
ARMS_Getxo_G1_20200624_20201103_SF40_s1_r1:Otu483,submergedTime,day,132,http://vocab.nerc.ac.uk/collection/P01/current/AZDRZZ01/,https://vocab.nerc.ac.uk/collection/P06/current/UTAA/,
ARMS_Getxo_G1_20200624_20201103_SF40_s1_r1:Otu483,preservativeUsed,,DMSO,http://vocab.nerc.ac.uk/collection/Q01/current/Q0100004/,,https://pubchem.ncbi.nlm.nih.gov/compound/679
ARMS_Getxo_G1_20200624_20201103_SF40_s1_r1:Otu483,lowerLimitFilterSize,micrometer,40,http://vocab.nerc.ac.uk/collection/Q01/current/Q0100011/,https://vocab.nerc.ac.uk/collection/P06/current/UMIC/,
ARMS_Getxo_G1_20200624_20201103_SF40_s1_r1:Otu483,sampleAccessionNumber,,SAMEA10021242,,,
ARMS_Getxo_G1_20200624_20201103_SF40_s1_r1:Otu483,NCBIID,,6599,,,
ARMS_Getxo_G1_20200624_20201103_SF40_s1_r1:Otu483,NCBIScientificName,,Heteroconchia,,,
ARMS_Getxo_G1_20200624_20201103_SF40_s1_r1:Otu483,NCBITaxonRank,,clade,,,
ARMS_Getxo_G1_20200624_20201103_SF40_s1_r1:Otu483,fieldReplicateID,,ARMS_Getxo_G_20200624_20201103,http://vocab.nerc.ac.uk/collection/P01/current/IDSPRE01,,
ARMS_Getxo_G1_20200624_20201103_SF40_s1_r1:Otu483,technicalReplicateID,,,http://vocab.nerc.ac.uk/collection/P01/current/IDTCRE01,,
ARMS_Getxo_G1_20200624_20201103_SF40_s1_r1:Otu484,submergedTime,day,132,http://vocab.nerc.ac.uk/collection/P01/current/AZDRZZ01/,https://vocab.nerc.ac.uk/collection/P06/current/UTAA/,
ARMS_Getxo_G1_20200624_20201103_SF40_s1_r1:Otu484,preservativeUsed,,DMSO,http://vocab.nerc.ac.uk/collection/Q01/current/Q0100004/,,https://pubchem.ncbi.nlm.nih.gov/compound/679
ARMS_Getxo_G1_20200624_20201103_SF40_s1_r1:Otu484,lowerLimitFilterSize,micrometer,40,http://vocab.nerc.ac.uk/collection/Q01/current/Q0100011/,https://vocab.nerc.ac.uk/collection/P06/current/UMIC/,
ARMS_Getxo_G1_20200624_20201103_SF40_s1_r1:Otu484,sampleAccessionNumber,,SAMEA10021242,,,
ARMS_Getxo_G1_20200624_20201103_SF40_s1_r1:Otu484,NCBIID,,265580,,,
ARMS_Getxo_G1_20200624_20201103_SF40_s1_r1:Otu484,NCBIScientificName,,Psammodictyon,,,
ARMS_Getxo_G1_20200624_20201103_SF40_s1_r1:Otu484,NCBITaxonRank,,genus,,,
ARMS_Getxo_G1_20200624_20201103_SF40_s1_r1:Otu484,fieldReplicateID,,ARMS_Getxo_G_20200624_20201103,http://vocab.nerc.ac.uk/collection/P01/current/IDSPRE01,,
ARMS_Getxo_G1_20200624_20201103_SF40_s1_r1:Otu484,technicalReplicateID,,,http://vocab.nerc.ac.uk/collection/P01/current/IDTCRE01,,
ARMS_Getxo_G1_20200624_20201103_SF40_s1_r1:Otu339,submergedTime,day,132,http://vocab.nerc.ac.uk/collection/P01/current/AZDRZZ01/,https://vocab.nerc.ac.uk/collection/P06/current/UTAA/,
ARMS_Getxo_G1_20200624_20201103_SF40_s1_r1:Otu339,preservativeUsed,,DMSO,http://vocab.nerc.ac.uk/collection/Q01/current/Q0100004/,,https://pubchem.ncbi.nlm.nih.gov/compound/679
ARMS_Getxo_G1_20200624_20201103_SF40_s1_r1:Otu339,lowerLimitFilterSize,micrometer,40,http://vocab.nerc.ac.uk/collection/Q01/current/Q0100011/,https://vocab.nerc.ac.uk/collection/P06/current/UMIC/,
ARMS_Getxo_G1_20200624_20201103_SF40_s1_r1:Otu339,sampleAccessionNumber,,SAMEA10021242,,,
ARMS_Getxo_G1_20200624_20201103_SF40_s1_r1:Otu339,NCBIID,,512235,,,
ARMS_Getxo_G1_20200624_20201103_SF40_s1_r1:Otu339,NCBIScientificName,,Paramenophia,,,
ARMS_Getxo_G1_20200624_20201103_SF40_s1_r1:Otu339,NCBITaxonRank,,genus,,,
ARMS_Getxo_G1_20200624_20201103_SF40_s1_r1:Otu339,fieldReplicateID,,ARMS_Getxo_G_20200624_20201103,http://vocab.nerc.ac.uk/collection/P01/current/IDSPRE01,,
ARMS_Getxo_G1_20200624_20201103_SF40_s1_r1:Otu339,technicalReplicateID,,,http://vocab.nerc.ac.uk/collection/P01/current/IDTCRE01,,
ARMS_Getxo_G1_20200624_20201103_SF40_s1_r1:Otu336,submergedTime,day,132,http://vocab.nerc.ac.uk/collection/P01/current/AZDRZZ01/,https://vocab.nerc.ac.uk/collection/P06/current/UTAA/,
ARMS_Getxo_G1_20200624_20201103_SF40_s1_r1:Otu336,preservativeUsed,,DMSO,http://vocab.nerc.ac.uk/collection/Q01/current/Q0100004/,,https://pubchem.ncbi.nlm.nih.gov/compound/679
ARMS_Getxo_G1_20200624_20201103_SF40_s1_r1:Otu336,lowerLimitFilterSize,micrometer,40,http://vocab.nerc.ac.uk/collection/Q01/current/Q0100011/,https://vocab.nerc.ac.uk/collection/P06/current/UMIC/,
ARMS_Getxo_G1_20200624_20201103_SF40_s1_r1:Otu336,sampleAccessionNumber,,SAMEA10021242,,,
ARMS_Getxo_G1_20200624_20201103_SF40_s1_r1:Otu336,NCBIID,,6657,,,
ARMS_Getxo_G1_20200624_20201103_SF40_s1_r1:Otu336,NCBIScientificName,,Crustacea,,,
ARMS_Getxo_G1_20200624_20201103_SF40_s1_r1:Otu336,NCBITaxonRank,,subphylum,,,
ARMS_Getxo_G1_20200624_20201103_SF40_s1_r1:Otu336,fieldReplicateID,,ARMS_Getxo_G_20200624_20201103,http://vocab.nerc.ac.uk/collection/P01/current/IDSPRE01,,
ARMS_Getxo_G1_20200624_20201103_SF40_s1_r1:Otu336,technicalReplicateID,,,http://vocab.nerc.ac.uk/collection/P01/current/IDTCRE01,,
ARMS_Getxo_G1_20200624_20201103_SF40_s1_r1:Otu337,submergedTime,day,132,http://vocab.nerc.ac.uk/collection/P01/current/AZDRZZ01/,https://vocab.nerc.ac.uk/collection/P06/current/UTAA/,
ARMS_Getxo_G1_20200624_20201103_SF40_s1_r1:Otu337,preservativeUsed,,DMSO,http://vocab.nerc.ac.uk/collection/Q01/current/Q0100004/,,https://pubchem.ncbi.nlm.nih.gov/compound/679
ARMS_Getxo_G1_20200624_20201103_SF40_s1_r1:Otu337,lowerLimitFilterSize,micrometer,40,http://vocab.nerc.ac.uk/collection/Q01/current/Q0100011/,https://vocab.nerc.ac.uk/collection/P06/current/UMIC/,
ARMS_Getxo_G1_20200624_20201103_SF40_s1_r1:Otu337,sampleAccessionNumber,,SAMEA10021242,,,
ARMS_Getxo_G1_20200624_20201103_SF40_s1_r1:Otu337,NCBIID,,29827,,,
ARMS_Getxo_G1_20200624_20201103_SF40_s1_r1:Otu337,NCBIScientificName,,Lipomycetaceae,,,
ARMS_Getxo_G1_20200624_20201103_SF40_s1_r1:Otu337,NCBITaxonRank,,family,,,
ARMS_Getxo_G1_20200624_20201103_SF40_s1_r1:Otu337,fieldReplicateID,,ARMS_Getxo_G_20200624_20201103,http://vocab.nerc.ac.uk/collection/P01/current/IDSPRE01,,
ARMS_Getxo_G1_20200624_20201103_SF40_s1_r1:Otu337,technicalReplicateID,,,http://vocab.nerc.ac.uk/collection/P01/current/IDTCRE01,,
ARMS_Getxo_G1_20200624_20201103_SF40_s1_r1:Otu334,submergedTime,day,132,http://vocab.nerc.ac.uk/collection/P01/current/AZDRZZ01/,https://vocab.nerc.ac.uk/collection/P06/current/UTAA/,
ARMS_Getxo_G1_20200624_20201103_SF40_s1_r1:Otu334,preservativeUsed,,DMSO,http://vocab.nerc.ac.uk/collection/Q01/current/Q0100004/,,https://pubchem.ncbi.nlm.nih.gov/compound/679
ARMS_Getxo_G1_20200624_20201103_SF40_s1_r1:Otu334,lowerLimitFilterSize,micrometer,40,http://vocab.nerc.ac.uk/collection/Q01/current/Q0100011/,https://vocab.nerc.ac.uk/collection/P06/current/UMIC/,
ARMS_Getxo_G1_20200624_20201103_SF40_s1_r1:Otu334,sampleAccessionNumber,,SAMEA10021242,,,
ARMS_Getxo_G1_20200624_20201103_SF40_s1_r1:Otu334,NCBIID,,7713,,,
ARMS_Getxo_G1_20200624_20201103_SF40_s1_r1:Otu334,NCBIScientificName,,Ascidiacea,,,
ARMS_Getxo_G1_20200624_20201103_SF40_s1_r1:Otu334,NCBITaxonRank,,class,,,
ARMS_Getxo_G1_20200624_20201103_SF40_s1_r1:Otu334,fieldReplicateID,,ARMS_Getxo_G_20200624_20201103,http://vocab.nerc.ac.uk/collection/P01/current/IDSPRE01,,
ARMS_Getxo_G1_20200624_20201103_SF40_s1_r1:Otu334,technicalReplicateID,,,http://vocab.nerc.ac.uk/collection/P01/current/IDTCRE01,,
ARMS_Getxo_G1_20200624_20201103_SF40_s1_r1:Otu335,submergedTime,day,132,http://vocab.nerc.ac.uk/collection/P01/current/AZDRZZ01/,https://vocab.nerc.ac.uk/collection/P06/current/UTAA/,
ARMS_Getxo_G1_20200624_20201103_SF40_s1_r1:Otu335,preservativeUsed,,DMSO,http://vocab.nerc.ac.uk/collection/Q01/current/Q0100004/,,https://pubchem.ncbi.nlm.nih.gov/compound/679
ARMS_Getxo_G1_20200624_20201103_SF40_s1_r1:Otu335,lowerLimitFilterSize,micrometer,40,http://vocab.nerc.ac.uk/collection/Q01/current/Q0100011/,https://vocab.nerc.ac.uk/collection/P06/current/UMIC/,
ARMS_Getxo_G1_20200624_20201103_SF40_s1_r1:Otu335,sampleAccessionNumber,,SAMEA10021242,,,
ARMS_Getxo_G1_20200624_20201103_SF40_s1_r1:Otu335,NCBIID,,59796,,,
ARMS_Getxo_G1_20200624_20201103_SF40_s1_r1:Otu335,NCBIScientificName,,Amphora,,,
ARMS_Getxo_G1_20200624_20201103_SF40_s1_r1:Otu335,NCBITaxonRank,,genus,,,
ARMS_Getxo_G1_20200624_20201103_SF40_s1_r1:Otu335,fieldReplicateID,,ARMS_Getxo_G_20200624_20201103,http://vocab.nerc.ac.uk/collection/P01/current/IDSPRE01,,
ARMS_Getxo_G1_20200624_20201103_SF40_s1_r1:Otu335,technicalReplicateID,,,http://vocab.nerc.ac.uk/collection/P01/current/IDTCRE01,,
ARMS_Getxo_G1_20200624_20201103_SF40_s1_r1:Otu332,submergedTime,day,132,http://vocab.nerc.ac.uk/collection/P01/current/AZDRZZ01/,https://vocab.nerc.ac.uk/collection/P06/current/UTAA/,
ARMS_Getxo_G1_20200624_20201103_SF40_s1_r1:Otu332,preservativeUsed,,DMSO,http://vocab.nerc.ac.uk/collection/Q01/current/Q0100004/,,https://pubchem.ncbi.nlm.nih.gov/compound/679
ARMS_Getxo_G1_20200624_20201103_SF40_s1_r1:Otu332,lowerLimitFilterSize,micrometer,40,http://vocab.nerc.ac.uk/collection/Q01/current/Q0100011/,https://vocab.nerc.ac.uk/collection/P06/current/UMIC/,
ARMS_Getxo_G1_20200624_20201103_SF40_s1_r1:Otu332,sampleAccessionNumber,,SAMEA10021242,,,
ARMS_Getxo_G1_20200624_20201103_SF40_s1_r1:Otu332,NCBIID,,1401294,,,
ARMS_Getxo_G1_20200624_20201103_SF40_s1_r1:Otu332,NCBIScientificName,,Breviatea,,,
ARMS_Getxo_G1_20200624_20201103_SF40_s1_r1:Otu332,NCBITaxonRank,,class,,,
ARMS_Getxo_G1_20200624_20201103_SF40_s1_r1:Otu332,fieldReplicateID,,ARMS_Getxo_G_20200624_20201103,http://vocab.nerc.ac.uk/collection/P01/current/IDSPRE01,,
ARMS_Getxo_G1_20200624_20201103_SF40_s1_r1:Otu332,technicalReplicateID,,,http://vocab.nerc.ac.uk/collection/P01/current/IDTCRE01,,
ARMS_Getxo_G1_20200624_20201103_SF40_s1_r1:Otu333,submergedTime,day,132,http://vocab.nerc.ac.uk/collection/P01/current/AZDRZZ01/,https://vocab.nerc.ac.uk/collection/P06/current/UTAA/,
ARMS_Getxo_G1_20200624_20201103_SF40_s1_r1:Otu333,preservativeUsed,,DMSO,http://vocab.nerc.ac.uk/collection/Q01/current/Q0100004/,,https://pubchem.ncbi.nlm.nih.gov/compound/679
ARMS_Getxo_G1_20200624_20201103_SF40_s1_r1:Otu333,lowerLimitFilterSize,micrometer,40,http://vocab.nerc.ac.uk/collection/Q01/current/Q0100011/,https://vocab.nerc.ac.uk/collection/P06/current/UMIC/,
ARMS_Getxo_G1_20200624_20201103_SF40_s1_r1:Otu333,sampleAccessionNumber,,SAMEA10021242,,,
ARMS_Getxo_G1_20200624_20201103_SF40_s1_r1:Otu333,NCBIID,,6657,,,
ARMS_Getxo_G1_20200624_20201103_SF40_s1_r1:Otu333,NCBIScientificName,,Crustacea,,,
ARMS_Getxo_G1_20200624_20201103_SF40_s1_r1:Otu333,NCBITaxonRank,,subphylum,,,
ARMS_Getxo_G1_20200624_20201103_SF40_s1_r1:Otu333,fieldReplicateID,,ARMS_Getxo_G_20200624_20201103,http://vocab.nerc.ac.uk/collection/P01/current/IDSPRE01,,
ARMS_Getxo_G1_20200624_20201103_SF40_s1_r1:Otu333,technicalReplicateID,,,http://vocab.nerc.ac.uk/collection/P01/current/IDTCRE01,,
ARMS_Getxo_G1_20200624_20201103_SF40_s1_r1:Otu330,submergedTime,day,132,http://vocab.nerc.ac.uk/collection/P01/current/AZDRZZ01/,https://vocab.nerc.ac.uk/collection/P06/current/UTAA/,
ARMS_Getxo_G1_20200624_20201103_SF40_s1_r1:Otu330,preservativeUsed,,DMSO,http://vocab.nerc.ac.uk/collection/Q01/current/Q0100004/,,https://pubchem.ncbi.nlm.nih.gov/compound/679
ARMS_Getxo_G1_20200624_20201103_SF40_s1_r1:Otu330,lowerLimitFilterSize,micrometer,40,http://vocab.nerc.ac.uk/collection/Q01/current/Q0100011/,https://vocab.nerc.ac.uk/collection/P06/current/UMIC/,
ARMS_Getxo_G1_20200624_20201103_SF40_s1_r1:Otu330,sampleAccessionNumber,,SAMEA10021242,,,
ARMS_Getxo_G1_20200624_20201103_SF40_s1_r1:Otu330,NCBIID,,2829,,,
ARMS_Getxo_G1_20200624_20201103_SF40_s1_r1:Otu330,NCBIScientificName,,Heterosigma_akashiwo,,,
ARMS_Getxo_G1_20200624_20201103_SF40_s1_r1:Otu330,NCBITaxonRank,,species,,,
ARMS_Getxo_G1_20200624_20201103_SF40_s1_r1:Otu330,fieldReplicateID,,ARMS_Getxo_G_20200624_20201103,http://vocab.nerc.ac.uk/collection/P01/current/IDSPRE01,,
ARMS_Getxo_G1_20200624_20201103_SF40_s1_r1:Otu330,technicalReplicateID,,,http://vocab.nerc.ac.uk/collection/P01/current/IDTCRE01,,
ARMS_Getxo_G1_20200624_20201103_SF40_s1_r1:Otu331,submergedTime,day,132,http://vocab.nerc.ac.uk/collection/P01/current/AZDRZZ01/,https://vocab.nerc.ac.uk/collection/P06/current/UTAA/,
ARMS_Getxo_G1_20200624_20201103_SF40_s1_r1:Otu331,preservativeUsed,,DMSO,http://vocab.nerc.ac.uk/collection/Q01/current/Q0100004/,,https://pubchem.ncbi.nlm.nih.gov/compound/679
ARMS_Getxo_G1_20200624_20201103_SF40_s1_r1:Otu331,lowerLimitFilterSize,micrometer,40,http://vocab.nerc.ac.uk/collection/Q01/current/Q0100011/,https://vocab.nerc.ac.uk/collection/P06/current/UMIC/,
ARMS_Getxo_G1_20200624_20201103_SF40_s1_r1:Otu331,sampleAccessionNumber,,SAMEA10021242,,,
ARMS_Getxo_G1_20200624_20201103_SF40_s1_r1:Otu331,NCBIID,,166384,,,
ARMS_Getxo_G1_20200624_20201103_SF40_s1_r1:Otu331,NCBIScientificName,,Turbellaria,,,
ARMS_Getxo_G1_20200624_20201103_SF40_s1_r1:Otu331,NCBITaxonRank,,class,,,
ARMS_Getxo_G1_20200624_20201103_SF40_s1_r1:Otu331,fieldReplicateID,,ARMS_Getxo_G_20200624_20201103,http://vocab.nerc.ac.uk/collection/P01/current/IDSPRE01,,
ARMS_Getxo_G1_20200624_20201103_SF40_s1_r1:Otu331,technicalReplicateID,,,http://vocab.nerc.ac.uk/collection/P01/current/IDTCRE01,,
ARMS_Getxo_G1_20200624_20201103_SF40_s1_r1:Otu343,submergedTime,day,132,http://vocab.nerc.ac.uk/collection/P01/current/AZDRZZ01/,https://vocab.nerc.ac.uk/collection/P06/current/UTAA/,
ARMS_Getxo_G1_20200624_20201103_SF40_s1_r1:Otu343,preservativeUsed,,DMSO,http://vocab.nerc.ac.uk/collection/Q01/current/Q0100004/,,https://pubchem.ncbi.nlm.nih.gov/compound/679
ARMS_Getxo_G1_20200624_20201103_SF40_s1_r1:Otu343,lowerLimitFilterSize,micrometer,40,http://vocab.nerc.ac.uk/collection/Q01/current/Q0100011/,https://vocab.nerc.ac.uk/collection/P06/current/UMIC/,
ARMS_Getxo_G1_20200624_20201103_SF40_s1_r1:Otu343,sampleAccessionNumber,,SAMEA10021242,,,
ARMS_Getxo_G1_20200624_20201103_SF40_s1_r1:Otu343,NCBIID,,1367446,,,
ARMS_Getxo_G1_20200624_20201103_SF40_s1_r1:Otu343,NCBIScientificName,,Vampyrellida,,,
ARMS_Getxo_G1_20200624_20201103_SF40_s1_r1:Otu343,NCBITaxonRank,,order,,,
ARMS_Getxo_G1_20200624_20201103_SF40_s1_r1:Otu343,fieldReplicateID,,ARMS_Getxo_G_20200624_20201103,http://vocab.nerc.ac.uk/collection/P01/current/IDSPRE01,,
ARMS_Getxo_G1_20200624_20201103_SF40_s1_r1:Otu343,technicalReplicateID,,,http://vocab.nerc.ac.uk/collection/P01/current/IDTCRE01,,
ARMS_Getxo_G1_20200624_20201103_SF40_s1_r1:Otu342,submergedTime,day,132,http://vocab.nerc.ac.uk/collection/P01/current/AZDRZZ01/,https://vocab.nerc.ac.uk/collection/P06/current/UTAA/,
ARMS_Getxo_G1_20200624_20201103_SF40_s1_r1:Otu342,preservativeUsed,,DMSO,http://vocab.nerc.ac.uk/collection/Q01/current/Q0100004/,,https://pubchem.ncbi.nlm.nih.gov/compound/679
ARMS_Getxo_G1_20200624_20201103_SF40_s1_r1:Otu342,lowerLimitFilterSize,micrometer,40,http://vocab.nerc.ac.uk/collection/Q01/current/Q0100011/,https://vocab.nerc.ac.uk/collection/P06/current/UMIC/,
ARMS_Getxo_G1_20200624_20201103_SF40_s1_r1:Otu342,sampleAccessionNumber,,SAMEA10021242,,,
ARMS_Getxo_G1_20200624_20201103_SF40_s1_r1:Otu342,NCBIID,,6021,,,
ARMS_Getxo_G1_20200624_20201103_SF40_s1_r1:Otu342,NCBIScientificName,,Peritrichia,,,
ARMS_Getxo_G1_20200624_20201103_SF40_s1_r1:Otu342,NCBITaxonRank,,subclass,,,
ARMS_Getxo_G1_20200624_20201103_SF40_s1_r1:Otu342,fieldReplicateID,,ARMS_Getxo_G_20200624_20201103,http://vocab.nerc.ac.uk/collection/P01/current/IDSPRE01,,
ARMS_Getxo_G1_20200624_20201103_SF40_s1_r1:Otu342,technicalReplicateID,,,http://vocab.nerc.ac.uk/collection/P01/current/IDTCRE01,,
ARMS_Getxo_G1_20200624_20201103_SF40_s1_r1:Otu341,submergedTime,day,132,http://vocab.nerc.ac.uk/collection/P01/current/AZDRZZ01/,https://vocab.nerc.ac.uk/collection/P06/current/UTAA/,
ARMS_Getxo_G1_20200624_20201103_SF40_s1_r1:Otu341,preservativeUsed,,DMSO,http://vocab.nerc.ac.uk/collection/Q01/current/Q0100004/,,https://pubchem.ncbi.nlm.nih.gov/compound/679
ARMS_Getxo_G1_20200624_20201103_SF40_s1_r1:Otu341,lowerLimitFilterSize,micrometer,40,http://vocab.nerc.ac.uk/collection/Q01/current/Q0100011/,https://vocab.nerc.ac.uk/collection/P06/current/UMIC/,
ARMS_Getxo_G1_20200624_20201103_SF40_s1_r1:Otu341,sampleAccessionNumber,,SAMEA10021242,,,
ARMS_Getxo_G1_20200624_20201103_SF40_s1_r1:Otu341,NCBIID,,7713,,,
ARMS_Getxo_G1_20200624_20201103_SF40_s1_r1:Otu341,NCBIScientificName,,Ascidiacea,,,
ARMS_Getxo_G1_20200624_20201103_SF40_s1_r1:Otu341,NCBITaxonRank,,class,,,
ARMS_Getxo_G1_20200624_20201103_SF40_s1_r1:Otu341,fieldReplicateID,,ARMS_Getxo_G_20200624_20201103,http://vocab.nerc.ac.uk/collection/P01/current/IDSPRE01,,
ARMS_Getxo_G1_20200624_20201103_SF40_s1_r1:Otu341,technicalReplicateID,,,http://vocab.nerc.ac.uk/collection/P01/current/IDTCRE01,,
ARMS_Getxo_G1_20200624_20201103_SF40_s1_r1:Otu340,submergedTime,day,132,http://vocab.nerc.ac.uk/collection/P01/current/AZDRZZ01/,https://vocab.nerc.ac.uk/collection/P06/current/UTAA/,
ARMS_Getxo_G1_20200624_20201103_SF40_s1_r1:Otu340,preservativeUsed,,DMSO,http://vocab.nerc.ac.uk/collection/Q01/current/Q0100004/,,https://pubchem.ncbi.nlm.nih.gov/compound/679
ARMS_Getxo_G1_20200624_20201103_SF40_s1_r1:Otu340,lowerLimitFilterSize,micrometer,40,http://vocab.nerc.ac.uk/collection/Q01/current/Q0100011/,https://vocab.nerc.ac.uk/collection/P06/current/UMIC/,
ARMS_Getxo_G1_20200624_20201103_SF40_s1_r1:Otu340,sampleAccessionNumber,,SAMEA10021242,,,
ARMS_Getxo_G1_20200624_20201103_SF40_s1_r1:Otu340,NCBIID,,6657,,,
ARMS_Getxo_G1_20200624_20201103_SF40_s1_r1:Otu340,NCBIScientificName,,Crustacea,,,
ARMS_Getxo_G1_20200624_20201103_SF40_s1_r1:Otu340,NCBITaxonRank,,subphylum,,,
ARMS_Getxo_G1_20200624_20201103_SF40_s1_r1:Otu340,fieldReplicateID,,ARMS_Getxo_G_20200624_20201103,http://vocab.nerc.ac.uk/collection/P01/current/IDSPRE01,,
ARMS_Getxo_G1_20200624_20201103_SF40_s1_r1:Otu340,technicalReplicateID,,,http://vocab.nerc.ac.uk/collection/P01/current/IDTCRE01,,
ARMS_Getxo_G1_20200624_20201103_SF40_s1_r1:Otu347,submergedTime,day,132,http://vocab.nerc.ac.uk/collection/P01/current/AZDRZZ01/,https://vocab.nerc.ac.uk/collection/P06/current/UTAA/,
ARMS_Getxo_G1_20200624_20201103_SF40_s1_r1:Otu347,preservativeUsed,,DMSO,http://vocab.nerc.ac.uk/collection/Q01/current/Q0100004/,,https://pubchem.ncbi.nlm.nih.gov/compound/679
ARMS_Getxo_G1_20200624_20201103_SF40_s1_r1:Otu347,lowerLimitFilterSize,micrometer,40,http://vocab.nerc.ac.uk/collection/Q01/current/Q0100011/,https://vocab.nerc.ac.uk/collection/P06/current/UMIC/,
ARMS_Getxo_G1_20200624_20201103_SF40_s1_r1:Otu347,sampleAccessionNumber,,SAMEA10021242,,,
ARMS_Getxo_G1_20200624_20201103_SF40_s1_r1:Otu347,NCBIID,,6657,,,
ARMS_Getxo_G1_20200624_20201103_SF40_s1_r1:Otu347,NCBIScientificName,,Crustacea,,,
ARMS_Getxo_G1_20200624_20201103_SF40_s1_r1:Otu347,NCBITaxonRank,,subphylum,,,
ARMS_Getxo_G1_20200624_20201103_SF40_s1_r1:Otu347,fieldReplicateID,,ARMS_Getxo_G_20200624_20201103,http://vocab.nerc.ac.uk/collection/P01/current/IDSPRE01,,
ARMS_Getxo_G1_20200624_20201103_SF40_s1_r1:Otu347,technicalReplicateID,,,http://vocab.nerc.ac.uk/collection/P01/current/IDTCRE01,,
ARMS_Getxo_G1_20200624_20201103_SF40_s1_r1:Otu345,submergedTime,day,132,http://vocab.nerc.ac.uk/collection/P01/current/AZDRZZ01/,https://vocab.nerc.ac.uk/collection/P06/current/UTAA/,
ARMS_Getxo_G1_20200624_20201103_SF40_s1_r1:Otu345,preservativeUsed,,DMSO,http://vocab.nerc.ac.uk/collection/Q01/current/Q0100004/,,https://pubchem.ncbi.nlm.nih.gov/compound/679
ARMS_Getxo_G1_20200624_20201103_SF40_s1_r1:Otu345,lowerLimitFilterSize,micrometer,40,http://vocab.nerc.ac.uk/collection/Q01/current/Q0100011/,https://vocab.nerc.ac.uk/collection/P06/current/UMIC/,
ARMS_Getxo_G1_20200624_20201103_SF40_s1_r1:Otu345,sampleAccessionNumber,,SAMEA10021242,,,
ARMS_Getxo_G1_20200624_20201103_SF40_s1_r1:Otu345,NCBIID,,1031332,,,
ARMS_Getxo_G1_20200624_20201103_SF40_s1_r1:Otu345,NCBIScientificName,,Cryptomycota,,,
ARMS_Getxo_G1_20200624_20201103_SF40_s1_r1:Otu345,NCBITaxonRank,,phylum,,,
ARMS_Getxo_G1_20200624_20201103_SF40_s1_r1:Otu345,fieldReplicateID,,ARMS_Getxo_G_20200624_20201103,http://vocab.nerc.ac.uk/collection/P01/current/IDSPRE01,,
ARMS_Getxo_G1_20200624_20201103_SF40_s1_r1:Otu345,technicalReplicateID,,,http://vocab.nerc.ac.uk/collection/P01/current/IDTCRE01,,
ARMS_Getxo_G1_20200624_20201103_SF40_s1_r1:Otu344,submergedTime,day,132,http://vocab.nerc.ac.uk/collection/P01/current/AZDRZZ01/,https://vocab.nerc.ac.uk/collection/P06/current/UTAA/,
ARMS_Getxo_G1_20200624_20201103_SF40_s1_r1:Otu344,preservativeUsed,,DMSO,http://vocab.nerc.ac.uk/collection/Q01/current/Q0100004/,,https://pubchem.ncbi.nlm.nih.gov/compound/679
ARMS_Getxo_G1_20200624_20201103_SF40_s1_r1:Otu344,lowerLimitFilterSize,micrometer,40,http://vocab.nerc.ac.uk/collection/Q01/current/Q0100011/,https://vocab.nerc.ac.uk/collection/P06/current/UMIC/,
ARMS_Getxo_G1_20200624_20201103_SF40_s1_r1:Otu344,sampleAccessionNumber,,SAMEA10021242,,,
ARMS_Getxo_G1_20200624_20201103_SF40_s1_r1:Otu344,NCBIID,,120430,,,
ARMS_Getxo_G1_20200624_20201103_SF40_s1_r1:Otu344,NCBIScientificName,,Hiatella,,,
ARMS_Getxo_G1_20200624_20201103_SF40_s1_r1:Otu344,NCBITaxonRank,,genus,,,
ARMS_Getxo_G1_20200624_20201103_SF40_s1_r1:Otu344,fieldReplicateID,,ARMS_Getxo_G_20200624_20201103,http://vocab.nerc.ac.uk/collection/P01/current/IDSPRE01,,
ARMS_Getxo_G1_20200624_20201103_SF40_s1_r1:Otu344,technicalReplicateID,,,http://vocab.nerc.ac.uk/collection/P01/current/IDTCRE01,,
ARMS_Getxo_G1_20200624_20201103_SF40_s1_r1:Otu151,submergedTime,day,132,http://vocab.nerc.ac.uk/collection/P01/current/AZDRZZ01/,https://vocab.nerc.ac.uk/collection/P06/current/UTAA/,
ARMS_Getxo_G1_20200624_20201103_SF40_s1_r1:Otu151,preservativeUsed,,DMSO,http://vocab.nerc.ac.uk/collection/Q01/current/Q0100004/,,https://pubchem.ncbi.nlm.nih.gov/compound/679
ARMS_Getxo_G1_20200624_20201103_SF40_s1_r1:Otu151,lowerLimitFilterSize,micrometer,40,http://vocab.nerc.ac.uk/collection/Q01/current/Q0100011/,https://vocab.nerc.ac.uk/collection/P06/current/UMIC/,
ARMS_Getxo_G1_20200624_20201103_SF40_s1_r1:Otu151,sampleAccessionNumber,,SAMEA10021242,,,
ARMS_Getxo_G1_20200624_20201103_SF40_s1_r1:Otu151,NCBIID,,6657,,,
ARMS_Getxo_G1_20200624_20201103_SF40_s1_r1:Otu151,NCBIScientificName,,Crustacea,,,
ARMS_Getxo_G1_20200624_20201103_SF40_s1_r1:Otu151,NCBITaxonRank,,subphylum,,,
ARMS_Getxo_G1_20200624_20201103_SF40_s1_r1:Otu151,fieldReplicateID,,ARMS_Getxo_G_20200624_20201103,http://vocab.nerc.ac.uk/collection/P01/current/IDSPRE01,,
ARMS_Getxo_G1_20200624_20201103_SF40_s1_r1:Otu151,technicalReplicateID,,,http://vocab.nerc.ac.uk/collection/P01/current/IDTCRE01,,
ARMS_Getxo_G1_20200624_20201103_SF40_s1_r1:Otu156,submergedTime,day,132,http://vocab.nerc.ac.uk/collection/P01/current/AZDRZZ01/,https://vocab.nerc.ac.uk/collection/P06/current/UTAA/,
ARMS_Getxo_G1_20200624_20201103_SF40_s1_r1:Otu156,preservativeUsed,,DMSO,http://vocab.nerc.ac.uk/collection/Q01/current/Q0100004/,,https://pubchem.ncbi.nlm.nih.gov/compound/679
ARMS_Getxo_G1_20200624_20201103_SF40_s1_r1:Otu156,lowerLimitFilterSize,micrometer,40,http://vocab.nerc.ac.uk/collection/Q01/current/Q0100011/,https://vocab.nerc.ac.uk/collection/P06/current/UMIC/,
ARMS_Getxo_G1_20200624_20201103_SF40_s1_r1:Otu156,sampleAccessionNumber,,SAMEA10021242,,,
ARMS_Getxo_G1_20200624_20201103_SF40_s1_r1:Otu156,NCBIID,,127916,,,
ARMS_Getxo_G1_20200624_20201103_SF40_s1_r1:Otu156,NCBIScientificName,,Ichthyosporea,,,
ARMS_Getxo_G1_20200624_20201103_SF40_s1_r1:Otu156,NCBITaxonRank,,class,,,
ARMS_Getxo_G1_20200624_20201103_SF40_s1_r1:Otu156,fieldReplicateID,,ARMS_Getxo_G_20200624_20201103,http://vocab.nerc.ac.uk/collection/P01/current/IDSPRE01,,
ARMS_Getxo_G1_20200624_20201103_SF40_s1_r1:Otu156,technicalReplicateID,,,http://vocab.nerc.ac.uk/collection/P01/current/IDTCRE01,,
ARMS_Getxo_G1_20200624_20201103_SF40_s1_r1:Otu72,submergedTime,day,132,http://vocab.nerc.ac.uk/collection/P01/current/AZDRZZ01/,https://vocab.nerc.ac.uk/collection/P06/current/UTAA/,
ARMS_Getxo_G1_20200624_20201103_SF40_s1_r1:Otu72,preservativeUsed,,DMSO,http://vocab.nerc.ac.uk/collection/Q01/current/Q0100004/,,https://pubchem.ncbi.nlm.nih.gov/compound/679
ARMS_Getxo_G1_20200624_20201103_SF40_s1_r1:Otu72,lowerLimitFilterSize,micrometer,40,http://vocab.nerc.ac.uk/collection/Q01/current/Q0100011/,https://vocab.nerc.ac.uk/collection/P06/current/UMIC/,
ARMS_Getxo_G1_20200624_20201103_SF40_s1_r1:Otu72,sampleAccessionNumber,,SAMEA10021242,,,
ARMS_Getxo_G1_20200624_20201103_SF40_s1_r1:Otu72,NCBIID,,6340,,,
ARMS_Getxo_G1_20200624_20201103_SF40_s1_r1:Otu72,NCBIScientificName,,Annelida,,,
ARMS_Getxo_G1_20200624_20201103_SF40_s1_r1:Otu72,NCBITaxonRank,,phylum,,,
ARMS_Getxo_G1_20200624_20201103_SF40_s1_r1:Otu72,fieldReplicateID,,ARMS_Getxo_G_20200624_20201103,http://vocab.nerc.ac.uk/collection/P01/current/IDSPRE01,,
ARMS_Getxo_G1_20200624_20201103_SF40_s1_r1:Otu72,technicalReplicateID,,,http://vocab.nerc.ac.uk/collection/P01/current/IDTCRE01,,
ARMS_Getxo_G1_20200624_20201103_SF40_s1_r1:Otu73,submergedTime,day,132,http://vocab.nerc.ac.uk/collection/P01/current/AZDRZZ01/,https://vocab.nerc.ac.uk/collection/P06/current/UTAA/,
ARMS_Getxo_G1_20200624_20201103_SF40_s1_r1:Otu73,preservativeUsed,,DMSO,http://vocab.nerc.ac.uk/collection/Q01/current/Q0100004/,,https://pubchem.ncbi.nlm.nih.gov/compound/679
ARMS_Getxo_G1_20200624_20201103_SF40_s1_r1:Otu73,lowerLimitFilterSize,micrometer,40,http://vocab.nerc.ac.uk/collection/Q01/current/Q0100011/,https://vocab.nerc.ac.uk/collection/P06/current/UMIC/,
ARMS_Getxo_G1_20200624_20201103_SF40_s1_r1:Otu73,sampleAccessionNumber,,SAMEA10021242,,,
ARMS_Getxo_G1_20200624_20201103_SF40_s1_r1:Otu73,NCBIID,,158377,,,
ARMS_Getxo_G1_20200624_20201103_SF40_s1_r1:Otu73,NCBIScientificName,,Lecudinidae,,,
ARMS_Getxo_G1_20200624_20201103_SF40_s1_r1:Otu73,NCBITaxonRank,,family,,,
ARMS_Getxo_G1_20200624_20201103_SF40_s1_r1:Otu73,fieldReplicateID,,ARMS_Getxo_G_20200624_20201103,http://vocab.nerc.ac.uk/collection/P01/current/IDSPRE01,,
ARMS_Getxo_G1_20200624_20201103_SF40_s1_r1:Otu73,technicalReplicateID,,,http://vocab.nerc.ac.uk/collection/P01/current/IDTCRE01,,
ARMS_Getxo_G1_20200624_20201103_SF40_s1_r1:Otu78,submergedTime,day,132,http://vocab.nerc.ac.uk/collection/P01/current/AZDRZZ01/,https://vocab.nerc.ac.uk/collection/P06/current/UTAA/,
ARMS_Getxo_G1_20200624_20201103_SF40_s1_r1:Otu78,preservativeUsed,,DMSO,http://vocab.nerc.ac.uk/collection/Q01/current/Q0100004/,,https://pubchem.ncbi.nlm.nih.gov/compound/679
ARMS_Getxo_G1_20200624_20201103_SF40_s1_r1:Otu78,lowerLimitFilterSize,micrometer,40,http://vocab.nerc.ac.uk/collection/Q01/current/Q0100011/,https://vocab.nerc.ac.uk/collection/P06/current/UMIC/,
ARMS_Getxo_G1_20200624_20201103_SF40_s1_r1:Otu78,sampleAccessionNumber,,SAMEA10021242,,,
ARMS_Getxo_G1_20200624_20201103_SF40_s1_r1:Otu78,NCBIID,,884653,,,
ARMS_Getxo_G1_20200624_20201103_SF40_s1_r1:Otu78,NCBIScientificName,,Autolytus_langerhansi,,,
ARMS_Getxo_G1_20200624_20201103_SF40_s1_r1:Otu78,NCBITaxonRank,,species,,,
ARMS_Getxo_G1_20200624_20201103_SF40_s1_r1:Otu78,fieldReplicateID,,ARMS_Getxo_G_20200624_20201103,http://vocab.nerc.ac.uk/collection/P01/current/IDSPRE01,,
ARMS_Getxo_G1_20200624_20201103_SF40_s1_r1:Otu78,technicalReplicateID,,,http://vocab.nerc.ac.uk/collection/P01/current/IDTCRE01,,
ARMS_Getxo_G1_20200624_20201103_SF40_s1_r1:Otu235,submergedTime,day,132,http://vocab.nerc.ac.uk/collection/P01/current/AZDRZZ01/,https://vocab.nerc.ac.uk/collection/P06/current/UTAA/,
ARMS_Getxo_G1_20200624_20201103_SF40_s1_r1:Otu235,preservativeUsed,,DMSO,http://vocab.nerc.ac.uk/collection/Q01/current/Q0100004/,,https://pubchem.ncbi.nlm.nih.gov/compound/679
ARMS_Getxo_G1_20200624_20201103_SF40_s1_r1:Otu235,lowerLimitFilterSize,micrometer,40,http://vocab.nerc.ac.uk/collection/Q01/current/Q0100011/,https://vocab.nerc.ac.uk/collection/P06/current/UMIC/,
ARMS_Getxo_G1_20200624_20201103_SF40_s1_r1:Otu235,sampleAccessionNumber,,SAMEA10021242,,,
ARMS_Getxo_G1_20200624_20201103_SF40_s1_r1:Otu235,NCBIID,,6657,,,
ARMS_Getxo_G1_20200624_20201103_SF40_s1_r1:Otu235,NCBIScientificName,,Crustacea,,,
ARMS_Getxo_G1_20200624_20201103_SF40_s1_r1:Otu235,NCBITaxonRank,,subphylum,,,
ARMS_Getxo_G1_20200624_20201103_SF40_s1_r1:Otu235,fieldReplicateID,,ARMS_Getxo_G_20200624_20201103,http://vocab.nerc.ac.uk/collection/P01/current/IDSPRE01,,
ARMS_Getxo_G1_20200624_20201103_SF40_s1_r1:Otu235,technicalReplicateID,,,http://vocab.nerc.ac.uk/collection/P01/current/IDTCRE01,,
ARMS_Getxo_G1_20200624_20201103_SF40_s1_r1:Otu8,submergedTime,day,132,http://vocab.nerc.ac.uk/collection/P01/current/AZDRZZ01/,https://vocab.nerc.ac.uk/collection/P06/current/UTAA/,
ARMS_Getxo_G1_20200624_20201103_SF40_s1_r1:Otu8,preservativeUsed,,DMSO,http://vocab.nerc.ac.uk/collection/Q01/current/Q0100004/,,https://pubchem.ncbi.nlm.nih.gov/compound/679
ARMS_Getxo_G1_20200624_20201103_SF40_s1_r1:Otu8,lowerLimitFilterSize,micrometer,40,http://vocab.nerc.ac.uk/collection/Q01/current/Q0100011/,https://vocab.nerc.ac.uk/collection/P06/current/UMIC/,
ARMS_Getxo_G1_20200624_20201103_SF40_s1_r1:Otu8,sampleAccessionNumber,,SAMEA10021242,,,
ARMS_Getxo_G1_20200624_20201103_SF40_s1_r1:Otu8,NCBIID,,33674,,,
ARMS_Getxo_G1_20200624_20201103_SF40_s1_r1:Otu8,NCBIScientificName,,Thraustochytriaceae,,,
ARMS_Getxo_G1_20200624_20201103_SF40_s1_r1:Otu8,NCBITaxonRank,,family,,,
ARMS_Getxo_G1_20200624_20201103_SF40_s1_r1:Otu8,fieldReplicateID,,ARMS_Getxo_G_20200624_20201103,http://vocab.nerc.ac.uk/collection/P01/current/IDSPRE01,,
ARMS_Getxo_G1_20200624_20201103_SF40_s1_r1:Otu8,technicalReplicateID,,,http://vocab.nerc.ac.uk/collection/P01/current/IDTCRE01,,
ARMS_Getxo_G1_20200624_20201103_SF40_s1_r1:Otu7,submergedTime,day,132,http://vocab.nerc.ac.uk/collection/P01/current/AZDRZZ01/,https://vocab.nerc.ac.uk/collection/P06/current/UTAA/,
ARMS_Getxo_G1_20200624_20201103_SF40_s1_r1:Otu7,preservativeUsed,,DMSO,http://vocab.nerc.ac.uk/collection/Q01/current/Q0100004/,,https://pubchem.ncbi.nlm.nih.gov/compound/679
ARMS_Getxo_G1_20200624_20201103_SF40_s1_r1:Otu7,lowerLimitFilterSize,micrometer,40,http://vocab.nerc.ac.uk/collection/Q01/current/Q0100011/,https://vocab.nerc.ac.uk/collection/P06/current/UMIC/,
ARMS_Getxo_G1_20200624_20201103_SF40_s1_r1:Otu7,sampleAccessionNumber,,SAMEA10021242,,,
ARMS_Getxo_G1_20200624_20201103_SF40_s1_r1:Otu7,NCBIID,,6679,,,
ARMS_Getxo_G1_20200624_20201103_SF40_s1_r1:Otu7,NCBIScientificName,,Megabalanus,,,
ARMS_Getxo_G1_20200624_20201103_SF40_s1_r1:Otu7,NCBITaxonRank,,genus,,,
ARMS_Getxo_G1_20200624_20201103_SF40_s1_r1:Otu7,fieldReplicateID,,ARMS_Getxo_G_20200624_20201103,http://vocab.nerc.ac.uk/collection/P01/current/IDSPRE01,,
ARMS_Getxo_G1_20200624_20201103_SF40_s1_r1:Otu7,technicalReplicateID,,,http://vocab.nerc.ac.uk/collection/P01/current/IDTCRE01,,
ARMS_Getxo_G1_20200624_20201103_SF40_s1_r1:Otu5,submergedTime,day,132,http://vocab.nerc.ac.uk/collection/P01/current/AZDRZZ01/,https://vocab.nerc.ac.uk/collection/P06/current/UTAA/,
ARMS_Getxo_G1_20200624_20201103_SF40_s1_r1:Otu5,preservativeUsed,,DMSO,http://vocab.nerc.ac.uk/collection/Q01/current/Q0100004/,,https://pubchem.ncbi.nlm.nih.gov/compound/679
ARMS_Getxo_G1_20200624_20201103_SF40_s1_r1:Otu5,lowerLimitFilterSize,micrometer,40,http://vocab.nerc.ac.uk/collection/Q01/current/Q0100011/,https://vocab.nerc.ac.uk/collection/P06/current/UMIC/,
ARMS_Getxo_G1_20200624_20201103_SF40_s1_r1:Otu5,sampleAccessionNumber,,SAMEA10021242,,,
ARMS_Getxo_G1_20200624_20201103_SF40_s1_r1:Otu5,NCBIID,,32443,,,
ARMS_Getxo_G1_20200624_20201103_SF40_s1_r1:Otu5,NCBIScientificName,,Teleostei,,,
ARMS_Getxo_G1_20200624_20201103_SF40_s1_r1:Otu5,NCBITaxonRank,,infraclass,,,
ARMS_Getxo_G1_20200624_20201103_SF40_s1_r1:Otu5,fieldReplicateID,,ARMS_Getxo_G_20200624_20201103,http://vocab.nerc.ac.uk/collection/P01/current/IDSPRE01,,
ARMS_Getxo_G1_20200624_20201103_SF40_s1_r1:Otu5,technicalReplicateID,,,http://vocab.nerc.ac.uk/collection/P01/current/IDTCRE01,,
ARMS_Getxo_G1_20200624_20201103_SF40_s1_r1:Otu2,submergedTime,day,132,http://vocab.nerc.ac.uk/collection/P01/current/AZDRZZ01/,https://vocab.nerc.ac.uk/collection/P06/current/UTAA/,
ARMS_Getxo_G1_20200624_20201103_SF40_s1_r1:Otu2,preservativeUsed,,DMSO,http://vocab.nerc.ac.uk/collection/Q01/current/Q0100004/,,https://pubchem.ncbi.nlm.nih.gov/compound/679
ARMS_Getxo_G1_20200624_20201103_SF40_s1_r1:Otu2,lowerLimitFilterSize,micrometer,40,http://vocab.nerc.ac.uk/collection/Q01/current/Q0100011/,https://vocab.nerc.ac.uk/collection/P06/current/UMIC/,
ARMS_Getxo_G1_20200624_20201103_SF40_s1_r1:Otu2,sampleAccessionNumber,,SAMEA10021242,,,
ARMS_Getxo_G1_20200624_20201103_SF40_s1_r1:Otu2,NCBIID,,7713,,,
ARMS_Getxo_G1_20200624_20201103_SF40_s1_r1:Otu2,NCBIScientificName,,Ascidiacea,,,
ARMS_Getxo_G1_20200624_20201103_SF40_s1_r1:Otu2,NCBITaxonRank,,class,,,
ARMS_Getxo_G1_20200624_20201103_SF40_s1_r1:Otu2,fieldReplicateID,,ARMS_Getxo_G_20200624_20201103,http://vocab.nerc.ac.uk/collection/P01/current/IDSPRE01,,
ARMS_Getxo_G1_20200624_20201103_SF40_s1_r1:Otu2,technicalReplicateID,,,http://vocab.nerc.ac.uk/collection/P01/current/IDTCRE01,,
ARMS_Getxo_G1_20200624_20201103_SF40_s1_r1:Otu3,submergedTime,day,132,http://vocab.nerc.ac.uk/collection/P01/current/AZDRZZ01/,https://vocab.nerc.ac.uk/collection/P06/current/UTAA/,
ARMS_Getxo_G1_20200624_20201103_SF40_s1_r1:Otu3,preservativeUsed,,DMSO,http://vocab.nerc.ac.uk/collection/Q01/current/Q0100004/,,https://pubchem.ncbi.nlm.nih.gov/compound/679
ARMS_Getxo_G1_20200624_20201103_SF40_s1_r1:Otu3,lowerLimitFilterSize,micrometer,40,http://vocab.nerc.ac.uk/collection/Q01/current/Q0100011/,https://vocab.nerc.ac.uk/collection/P06/current/UMIC/,
ARMS_Getxo_G1_20200624_20201103_SF40_s1_r1:Otu3,sampleAccessionNumber,,SAMEA10021242,,,
ARMS_Getxo_G1_20200624_20201103_SF40_s1_r1:Otu3,NCBIID,,6564,,,
ARMS_Getxo_G1_20200624_20201103_SF40_s1_r1:Otu3,NCBIScientificName,,Crassostrea,,,
ARMS_Getxo_G1_20200624_20201103_SF40_s1_r1:Otu3,NCBITaxonRank,,genus,,,
ARMS_Getxo_G1_20200624_20201103_SF40_s1_r1:Otu3,fieldReplicateID,,ARMS_Getxo_G_20200624_20201103,http://vocab.nerc.ac.uk/collection/P01/current/IDSPRE01,,
ARMS_Getxo_G1_20200624_20201103_SF40_s1_r1:Otu3,technicalReplicateID,,,http://vocab.nerc.ac.uk/collection/P01/current/IDTCRE01,,
ARMS_Getxo_G1_20200624_20201103_SF40_s1_r1:Otu1,submergedTime,day,132,http://vocab.nerc.ac.uk/collection/P01/current/AZDRZZ01/,https://vocab.nerc.ac.uk/collection/P06/current/UTAA/,
ARMS_Getxo_G1_20200624_20201103_SF40_s1_r1:Otu1,preservativeUsed,,DMSO,http://vocab.nerc.ac.uk/collection/Q01/current/Q0100004/,,https://pubchem.ncbi.nlm.nih.gov/compound/679
ARMS_Getxo_G1_20200624_20201103_SF40_s1_r1:Otu1,lowerLimitFilterSize,micrometer,40,http://vocab.nerc.ac.uk/collection/Q01/current/Q0100011/,https://vocab.nerc.ac.uk/collection/P06/current/UMIC/,
ARMS_Getxo_G1_20200624_20201103_SF40_s1_r1:Otu1,sampleAccessionNumber,,SAMEA10021242,,,
ARMS_Getxo_G1_20200624_20201103_SF40_s1_r1:Otu1,NCBIID,,6657,,,
ARMS_Getxo_G1_20200624_20201103_SF40_s1_r1:Otu1,NCBIScientificName,,Crustacea,,,
ARMS_Getxo_G1_20200624_20201103_SF40_s1_r1:Otu1,NCBITaxonRank,,subphylum,,,
ARMS_Getxo_G1_20200624_20201103_SF40_s1_r1:Otu1,fieldReplicateID,,ARMS_Getxo_G_20200624_20201103,http://vocab.nerc.ac.uk/collection/P01/current/IDSPRE01,,
ARMS_Getxo_G1_20200624_20201103_SF40_s1_r1:Otu1,technicalReplicateID,,,http://vocab.nerc.ac.uk/collection/P01/current/IDTCRE01,,
ARMS_Getxo_G1_20200624_20201103_SF40_s1_r1:Otu52,submergedTime,day,132,http://vocab.nerc.ac.uk/collection/P01/current/AZDRZZ01/,https://vocab.nerc.ac.uk/collection/P06/current/UTAA/,
ARMS_Getxo_G1_20200624_20201103_SF40_s1_r1:Otu52,preservativeUsed,,DMSO,http://vocab.nerc.ac.uk/collection/Q01/current/Q0100004/,,https://pubchem.ncbi.nlm.nih.gov/compound/679
ARMS_Getxo_G1_20200624_20201103_SF40_s1_r1:Otu52,lowerLimitFilterSize,micrometer,40,http://vocab.nerc.ac.uk/collection/Q01/current/Q0100011/,https://vocab.nerc.ac.uk/collection/P06/current/UMIC/,
ARMS_Getxo_G1_20200624_20201103_SF40_s1_r1:Otu52,sampleAccessionNumber,,SAMEA10021242,,,
ARMS_Getxo_G1_20200624_20201103_SF40_s1_r1:Otu52,NCBIID,,7713,,,
ARMS_Getxo_G1_20200624_20201103_SF40_s1_r1:Otu52,NCBIScientificName,,Ascidiacea,,,
ARMS_Getxo_G1_20200624_20201103_SF40_s1_r1:Otu52,NCBITaxonRank,,class,,,
ARMS_Getxo_G1_20200624_20201103_SF40_s1_r1:Otu52,fieldReplicateID,,ARMS_Getxo_G_20200624_20201103,http://vocab.nerc.ac.uk/collection/P01/current/IDSPRE01,,
ARMS_Getxo_G1_20200624_20201103_SF40_s1_r1:Otu52,technicalReplicateID,,,http://vocab.nerc.ac.uk/collection/P01/current/IDTCRE01,,
ARMS_Getxo_G1_20200624_20201103_SF40_s1_r1:Otu471,submergedTime,day,132,http://vocab.nerc.ac.uk/collection/P01/current/AZDRZZ01/,https://vocab.nerc.ac.uk/collection/P06/current/UTAA/,
ARMS_Getxo_G1_20200624_20201103_SF40_s1_r1:Otu471,preservativeUsed,,DMSO,http://vocab.nerc.ac.uk/collection/Q01/current/Q0100004/,,https://pubchem.ncbi.nlm.nih.gov/compound/679
ARMS_Getxo_G1_20200624_20201103_SF40_s1_r1:Otu471,lowerLimitFilterSize,micrometer,40,http://vocab.nerc.ac.uk/collection/Q01/current/Q0100011/,https://vocab.nerc.ac.uk/collection/P06/current/UMIC/,
ARMS_Getxo_G1_20200624_20201103_SF40_s1_r1:Otu471,sampleAccessionNumber,,SAMEA10021242,,,
ARMS_Getxo_G1_20200624_20201103_SF40_s1_r1:Otu471,NCBIID,,175240,,,
ARMS_Getxo_G1_20200624_20201103_SF40_s1_r1:Otu471,NCBIScientificName,,Oltmansiellopsidales,,,
ARMS_Getxo_G1_20200624_20201103_SF40_s1_r1:Otu471,NCBITaxonRank,,order,,,
ARMS_Getxo_G1_20200624_20201103_SF40_s1_r1:Otu471,fieldReplicateID,,ARMS_Getxo_G_20200624_20201103,http://vocab.nerc.ac.uk/collection/P01/current/IDSPRE01,,
ARMS_Getxo_G1_20200624_20201103_SF40_s1_r1:Otu471,technicalReplicateID,,,http://vocab.nerc.ac.uk/collection/P01/current/IDTCRE01,,
ARMS_Getxo_G1_20200624_20201103_SF40_s1_r1:Otu470,submergedTime,day,132,http://vocab.nerc.ac.uk/collection/P01/current/AZDRZZ01/,https://vocab.nerc.ac.uk/collection/P06/current/UTAA/,
ARMS_Getxo_G1_20200624_20201103_SF40_s1_r1:Otu470,preservativeUsed,,DMSO,http://vocab.nerc.ac.uk/collection/Q01/current/Q0100004/,,https://pubchem.ncbi.nlm.nih.gov/compound/679
ARMS_Getxo_G1_20200624_20201103_SF40_s1_r1:Otu470,lowerLimitFilterSize,micrometer,40,http://vocab.nerc.ac.uk/collection/Q01/current/Q0100011/,https://vocab.nerc.ac.uk/collection/P06/current/UMIC/,
ARMS_Getxo_G1_20200624_20201103_SF40_s1_r1:Otu470,sampleAccessionNumber,,SAMEA10021242,,,
ARMS_Getxo_G1_20200624_20201103_SF40_s1_r1:Otu470,NCBIID,,147538,,,
ARMS_Getxo_G1_20200624_20201103_SF40_s1_r1:Otu470,NCBIScientificName,,Pezizomycotina,,,
ARMS_Getxo_G1_20200624_20201103_SF40_s1_r1:Otu470,NCBITaxonRank,,subphylum,,,
ARMS_Getxo_G1_20200624_20201103_SF40_s1_r1:Otu470,fieldReplicateID,,ARMS_Getxo_G_20200624_20201103,http://vocab.nerc.ac.uk/collection/P01/current/IDSPRE01,,
ARMS_Getxo_G1_20200624_20201103_SF40_s1_r1:Otu470,technicalReplicateID,,,http://vocab.nerc.ac.uk/collection/P01/current/IDTCRE01,,
ARMS_Getxo_G1_20200624_20201103_SF40_s1_r1:Otu473,submergedTime,day,132,http://vocab.nerc.ac.uk/collection/P01/current/AZDRZZ01/,https://vocab.nerc.ac.uk/collection/P06/current/UTAA/,
ARMS_Getxo_G1_20200624_20201103_SF40_s1_r1:Otu473,preservativeUsed,,DMSO,http://vocab.nerc.ac.uk/collection/Q01/current/Q0100004/,,https://pubchem.ncbi.nlm.nih.gov/compound/679
ARMS_Getxo_G1_20200624_20201103_SF40_s1_r1:Otu473,lowerLimitFilterSize,micrometer,40,http://vocab.nerc.ac.uk/collection/Q01/current/Q0100011/,https://vocab.nerc.ac.uk/collection/P06/current/UMIC/,
ARMS_Getxo_G1_20200624_20201103_SF40_s1_r1:Otu473,sampleAccessionNumber,,SAMEA10021242,,,
ARMS_Getxo_G1_20200624_20201103_SF40_s1_r1:Otu473,NCBIID,,39462,,,
ARMS_Getxo_G1_20200624_20201103_SF40_s1_r1:Otu473,NCBIScientificName,,Suctoria,,,
ARMS_Getxo_G1_20200624_20201103_SF40_s1_r1:Otu473,NCBITaxonRank,,subclass,,,
ARMS_Getxo_G1_20200624_20201103_SF40_s1_r1:Otu473,fieldReplicateID,,ARMS_Getxo_G_20200624_20201103,http://vocab.nerc.ac.uk/collection/P01/current/IDSPRE01,,
ARMS_Getxo_G1_20200624_20201103_SF40_s1_r1:Otu473,technicalReplicateID,,,http://vocab.nerc.ac.uk/collection/P01/current/IDTCRE01,,
ARMS_Getxo_G1_20200624_20201103_SF40_s1_r1:Otu472,submergedTime,day,132,http://vocab.nerc.ac.uk/collection/P01/current/AZDRZZ01/,https://vocab.nerc.ac.uk/collection/P06/current/UTAA/,
ARMS_Getxo_G1_20200624_20201103_SF40_s1_r1:Otu472,preservativeUsed,,DMSO,http://vocab.nerc.ac.uk/collection/Q01/current/Q0100004/,,https://pubchem.ncbi.nlm.nih.gov/compound/679
ARMS_Getxo_G1_20200624_20201103_SF40_s1_r1:Otu472,lowerLimitFilterSize,micrometer,40,http://vocab.nerc.ac.uk/collection/Q01/current/Q0100011/,https://vocab.nerc.ac.uk/collection/P06/current/UMIC/,
ARMS_Getxo_G1_20200624_20201103_SF40_s1_r1:Otu472,sampleAccessionNumber,,SAMEA10021242,,,
ARMS_Getxo_G1_20200624_20201103_SF40_s1_r1:Otu472,NCBIID,,1736122,,,
ARMS_Getxo_G1_20200624_20201103_SF40_s1_r1:Otu472,NCBIScientificName,,Marimonadida,,,
ARMS_Getxo_G1_20200624_20201103_SF40_s1_r1:Otu472,NCBITaxonRank,,order,,,
ARMS_Getxo_G1_20200624_20201103_SF40_s1_r1:Otu472,fieldReplicateID,,ARMS_Getxo_G_20200624_20201103,http://vocab.nerc.ac.uk/collection/P01/current/IDSPRE01,,
ARMS_Getxo_G1_20200624_20201103_SF40_s1_r1:Otu472,technicalReplicateID,,,http://vocab.nerc.ac.uk/collection/P01/current/IDTCRE01,,
ARMS_Getxo_G1_20200624_20201103_SF40_s1_r1:Otu475,submergedTime,day,132,http://vocab.nerc.ac.uk/collection/P01/current/AZDRZZ01/,https://vocab.nerc.ac.uk/collection/P06/current/UTAA/,
ARMS_Getxo_G1_20200624_20201103_SF40_s1_r1:Otu475,preservativeUsed,,DMSO,http://vocab.nerc.ac.uk/collection/Q01/current/Q0100004/,,https://pubchem.ncbi.nlm.nih.gov/compound/679
ARMS_Getxo_G1_20200624_20201103_SF40_s1_r1:Otu475,lowerLimitFilterSize,micrometer,40,http://vocab.nerc.ac.uk/collection/Q01/current/Q0100011/,https://vocab.nerc.ac.uk/collection/P06/current/UMIC/,
ARMS_Getxo_G1_20200624_20201103_SF40_s1_r1:Otu475,sampleAccessionNumber,,SAMEA10021242,,,
ARMS_Getxo_G1_20200624_20201103_SF40_s1_r1:Otu475,NCBIID,,119088,,,
ARMS_Getxo_G1_20200624_20201103_SF40_s1_r1:Otu475,NCBIScientificName,,Enoplea,,,
ARMS_Getxo_G1_20200624_20201103_SF40_s1_r1:Otu475,NCBITaxonRank,,class,,,
ARMS_Getxo_G1_20200624_20201103_SF40_s1_r1:Otu475,fieldReplicateID,,ARMS_Getxo_G_20200624_20201103,http://vocab.nerc.ac.uk/collection/P01/current/IDSPRE01,,
ARMS_Getxo_G1_20200624_20201103_SF40_s1_r1:Otu475,technicalReplicateID,,,http://vocab.nerc.ac.uk/collection/P01/current/IDTCRE01,,
ARMS_Getxo_G1_20200624_20201103_SF40_s1_r1:Otu474,submergedTime,day,132,http://vocab.nerc.ac.uk/collection/P01/current/AZDRZZ01/,https://vocab.nerc.ac.uk/collection/P06/current/UTAA/,
ARMS_Getxo_G1_20200624_20201103_SF40_s1_r1:Otu474,preservativeUsed,,DMSO,http://vocab.nerc.ac.uk/collection/Q01/current/Q0100004/,,https://pubchem.ncbi.nlm.nih.gov/compound/679
ARMS_Getxo_G1_20200624_20201103_SF40_s1_r1:Otu474,lowerLimitFilterSize,micrometer,40,http://vocab.nerc.ac.uk/collection/Q01/current/Q0100011/,https://vocab.nerc.ac.uk/collection/P06/current/UMIC/,
ARMS_Getxo_G1_20200624_20201103_SF40_s1_r1:Otu474,sampleAccessionNumber,,SAMEA10021242,,,
ARMS_Getxo_G1_20200624_20201103_SF40_s1_r1:Otu474,NCBIID,,35131,,,
ARMS_Getxo_G1_20200624_20201103_SF40_s1_r1:Otu474,NCBIScientificName,,Labyrinthulomycetes,,,
ARMS_Getxo_G1_20200624_20201103_SF40_s1_r1:Otu474,NCBITaxonRank,,subclass,,,
ARMS_Getxo_G1_20200624_20201103_SF40_s1_r1:Otu474,fieldReplicateID,,ARMS_Getxo_G_20200624_20201103,http://vocab.nerc.ac.uk/collection/P01/current/IDSPRE01,,
ARMS_Getxo_G1_20200624_20201103_SF40_s1_r1:Otu474,technicalReplicateID,,,http://vocab.nerc.ac.uk/collection/P01/current/IDTCRE01,,
ARMS_Getxo_G1_20200624_20201103_SF40_s1_r1:Otu477,submergedTime,day,132,http://vocab.nerc.ac.uk/collection/P01/current/AZDRZZ01/,https://vocab.nerc.ac.uk/collection/P06/current/UTAA/,
ARMS_Getxo_G1_20200624_20201103_SF40_s1_r1:Otu477,preservativeUsed,,DMSO,http://vocab.nerc.ac.uk/collection/Q01/current/Q0100004/,,https://pubchem.ncbi.nlm.nih.gov/compound/679
ARMS_Getxo_G1_20200624_20201103_SF40_s1_r1:Otu477,lowerLimitFilterSize,micrometer,40,http://vocab.nerc.ac.uk/collection/Q01/current/Q0100011/,https://vocab.nerc.ac.uk/collection/P06/current/UMIC/,
ARMS_Getxo_G1_20200624_20201103_SF40_s1_r1:Otu477,sampleAccessionNumber,,SAMEA10021242,,,
ARMS_Getxo_G1_20200624_20201103_SF40_s1_r1:Otu477,NCBIID,,35087,,,
ARMS_Getxo_G1_20200624_20201103_SF40_s1_r1:Otu477,NCBIScientificName,,Eugregarinorida,,,
ARMS_Getxo_G1_20200624_20201103_SF40_s1_r1:Otu477,NCBITaxonRank,,order,,,
ARMS_Getxo_G1_20200624_20201103_SF40_s1_r1:Otu477,fieldReplicateID,,ARMS_Getxo_G_20200624_20201103,http://vocab.nerc.ac.uk/collection/P01/current/IDSPRE01,,
ARMS_Getxo_G1_20200624_20201103_SF40_s1_r1:Otu477,technicalReplicateID,,,http://vocab.nerc.ac.uk/collection/P01/current/IDTCRE01,,
ARMS_Getxo_G1_20200624_20201103_SF40_s1_r1:Otu476,submergedTime,day,132,http://vocab.nerc.ac.uk/collection/P01/current/AZDRZZ01/,https://vocab.nerc.ac.uk/collection/P06/current/UTAA/,
ARMS_Getxo_G1_20200624_20201103_SF40_s1_r1:Otu476,preservativeUsed,,DMSO,http://vocab.nerc.ac.uk/collection/Q01/current/Q0100004/,,https://pubchem.ncbi.nlm.nih.gov/compound/679
ARMS_Getxo_G1_20200624_20201103_SF40_s1_r1:Otu476,lowerLimitFilterSize,micrometer,40,http://vocab.nerc.ac.uk/collection/Q01/current/Q0100011/,https://vocab.nerc.ac.uk/collection/P06/current/UMIC/,
ARMS_Getxo_G1_20200624_20201103_SF40_s1_r1:Otu476,sampleAccessionNumber,,SAMEA10021242,,,
ARMS_Getxo_G1_20200624_20201103_SF40_s1_r1:Otu476,NCBIID,,33634,,,
ARMS_Getxo_G1_20200624_20201103_SF40_s1_r1:Otu476,NCBIScientificName,,Stramenopiles,,,
ARMS_Getxo_G1_20200624_20201103_SF40_s1_r1:Otu476,NCBITaxonRank,,clade,,,
ARMS_Getxo_G1_20200624_20201103_SF40_s1_r1:Otu476,fieldReplicateID,,ARMS_Getxo_G_20200624_20201103,http://vocab.nerc.ac.uk/collection/P01/current/IDSPRE01,,
ARMS_Getxo_G1_20200624_20201103_SF40_s1_r1:Otu476,technicalReplicateID,,,http://vocab.nerc.ac.uk/collection/P01/current/IDTCRE01,,
ARMS_Getxo_G1_20200624_20201103_SF40_s1_r1:Otu479,submergedTime,day,132,http://vocab.nerc.ac.uk/collection/P01/current/AZDRZZ01/,https://vocab.nerc.ac.uk/collection/P06/current/UTAA/,
ARMS_Getxo_G1_20200624_20201103_SF40_s1_r1:Otu479,preservativeUsed,,DMSO,http://vocab.nerc.ac.uk/collection/Q01/current/Q0100004/,,https://pubchem.ncbi.nlm.nih.gov/compound/679
ARMS_Getxo_G1_20200624_20201103_SF40_s1_r1:Otu479,lowerLimitFilterSize,micrometer,40,http://vocab.nerc.ac.uk/collection/Q01/current/Q0100011/,https://vocab.nerc.ac.uk/collection/P06/current/UMIC/,
ARMS_Getxo_G1_20200624_20201103_SF40_s1_r1:Otu479,sampleAccessionNumber,,SAMEA10021242,,,
ARMS_Getxo_G1_20200624_20201103_SF40_s1_r1:Otu479,NCBIID,,3034647,,,
ARMS_Getxo_G1_20200624_20201103_SF40_s1_r1:Otu479,NCBIScientificName,,Hydroides_trivesiculosus,,,
ARMS_Getxo_G1_20200624_20201103_SF40_s1_r1:Otu479,NCBITaxonRank,,species,,,
ARMS_Getxo_G1_20200624_20201103_SF40_s1_r1:Otu479,fieldReplicateID,,ARMS_Getxo_G_20200624_20201103,http://vocab.nerc.ac.uk/collection/P01/current/IDSPRE01,,
ARMS_Getxo_G1_20200624_20201103_SF40_s1_r1:Otu479,technicalReplicateID,,,http://vocab.nerc.ac.uk/collection/P01/current/IDTCRE01,,
ARMS_Getxo_G1_20200624_20201103_SF40_s1_r1:Otu478,submergedTime,day,132,http://vocab.nerc.ac.uk/collection/P01/current/AZDRZZ01/,https://vocab.nerc.ac.uk/collection/P06/current/UTAA/,
ARMS_Getxo_G1_20200624_20201103_SF40_s1_r1:Otu478,preservativeUsed,,DMSO,http://vocab.nerc.ac.uk/collection/Q01/current/Q0100004/,,https://pubchem.ncbi.nlm.nih.gov/compound/679
ARMS_Getxo_G1_20200624_20201103_SF40_s1_r1:Otu478,lowerLimitFilterSize,micrometer,40,http://vocab.nerc.ac.uk/collection/Q01/current/Q0100011/,https://vocab.nerc.ac.uk/collection/P06/current/UMIC/,
ARMS_Getxo_G1_20200624_20201103_SF40_s1_r1:Otu478,sampleAccessionNumber,,SAMEA10021242,,,
ARMS_Getxo_G1_20200624_20201103_SF40_s1_r1:Otu478,NCBIID,,5375,,,
ARMS_Getxo_G1_20200624_20201103_SF40_s1_r1:Otu478,NCBIScientificName,,Rhizopogon,,,
ARMS_Getxo_G1_20200624_20201103_SF40_s1_r1:Otu478,NCBITaxonRank,,genus,,,
ARMS_Getxo_G1_20200624_20201103_SF40_s1_r1:Otu478,fieldReplicateID,,ARMS_Getxo_G_20200624_20201103,http://vocab.nerc.ac.uk/collection/P01/current/IDSPRE01,,
ARMS_Getxo_G1_20200624_20201103_SF40_s1_r1:Otu478,technicalReplicateID,,,http://vocab.nerc.ac.uk/collection/P01/current/IDTCRE01,,
ARMS_Getxo_G1_20200624_20201103_SF40_s1_r1:Otu382,submergedTime,day,132,http://vocab.nerc.ac.uk/collection/P01/current/AZDRZZ01/,https://vocab.nerc.ac.uk/collection/P06/current/UTAA/,
ARMS_Getxo_G1_20200624_20201103_SF40_s1_r1:Otu382,preservativeUsed,,DMSO,http://vocab.nerc.ac.uk/collection/Q01/current/Q0100004/,,https://pubchem.ncbi.nlm.nih.gov/compound/679
ARMS_Getxo_G1_20200624_20201103_SF40_s1_r1:Otu382,lowerLimitFilterSize,micrometer,40,http://vocab.nerc.ac.uk/collection/Q01/current/Q0100011/,https://vocab.nerc.ac.uk/collection/P06/current/UMIC/,
ARMS_Getxo_G1_20200624_20201103_SF40_s1_r1:Otu382,sampleAccessionNumber,,SAMEA10021242,,,
ARMS_Getxo_G1_20200624_20201103_SF40_s1_r1:Otu382,NCBIID,,4751,,,
ARMS_Getxo_G1_20200624_20201103_SF40_s1_r1:Otu382,NCBIScientificName,,Fungi,,,
ARMS_Getxo_G1_20200624_20201103_SF40_s1_r1:Otu382,NCBITaxonRank,,kingdom,,,
ARMS_Getxo_G1_20200624_20201103_SF40_s1_r1:Otu382,fieldReplicateID,,ARMS_Getxo_G_20200624_20201103,http://vocab.nerc.ac.uk/collection/P01/current/IDSPRE01,,
ARMS_Getxo_G1_20200624_20201103_SF40_s1_r1:Otu382,technicalReplicateID,,,http://vocab.nerc.ac.uk/collection/P01/current/IDTCRE01,,
ARMS_Getxo_G1_20200624_20201103_SF40_s1_r1:Otu209,submergedTime,day,132,http://vocab.nerc.ac.uk/collection/P01/current/AZDRZZ01/,https://vocab.nerc.ac.uk/collection/P06/current/UTAA/,
ARMS_Getxo_G1_20200624_20201103_SF40_s1_r1:Otu209,preservativeUsed,,DMSO,http://vocab.nerc.ac.uk/collection/Q01/current/Q0100004/,,https://pubchem.ncbi.nlm.nih.gov/compound/679
ARMS_Getxo_G1_20200624_20201103_SF40_s1_r1:Otu209,lowerLimitFilterSize,micrometer,40,http://vocab.nerc.ac.uk/collection/Q01/current/Q0100011/,https://vocab.nerc.ac.uk/collection/P06/current/UMIC/,
ARMS_Getxo_G1_20200624_20201103_SF40_s1_r1:Otu209,sampleAccessionNumber,,SAMEA10021242,,,
ARMS_Getxo_G1_20200624_20201103_SF40_s1_r1:Otu209,NCBIID,,6657,,,
ARMS_Getxo_G1_20200624_20201103_SF40_s1_r1:Otu209,NCBIScientificName,,Crustacea,,,
ARMS_Getxo_G1_20200624_20201103_SF40_s1_r1:Otu209,NCBITaxonRank,,subphylum,,,
ARMS_Getxo_G1_20200624_20201103_SF40_s1_r1:Otu209,fieldReplicateID,,ARMS_Getxo_G_20200624_20201103,http://vocab.nerc.ac.uk/collection/P01/current/IDSPRE01,,
ARMS_Getxo_G1_20200624_20201103_SF40_s1_r1:Otu209,technicalReplicateID,,,http://vocab.nerc.ac.uk/collection/P01/current/IDTCRE01,,
ARMS_Getxo_G1_20200624_20201103_SF40_s1_r1:Otu373,submergedTime,day,132,http://vocab.nerc.ac.uk/collection/P01/current/AZDRZZ01/,https://vocab.nerc.ac.uk/collection/P06/current/UTAA/,
ARMS_Getxo_G1_20200624_20201103_SF40_s1_r1:Otu373,preservativeUsed,,DMSO,http://vocab.nerc.ac.uk/collection/Q01/current/Q0100004/,,https://pubchem.ncbi.nlm.nih.gov/compound/679
ARMS_Getxo_G1_20200624_20201103_SF40_s1_r1:Otu373,lowerLimitFilterSize,micrometer,40,http://vocab.nerc.ac.uk/collection/Q01/current/Q0100011/,https://vocab.nerc.ac.uk/collection/P06/current/UMIC/,
ARMS_Getxo_G1_20200624_20201103_SF40_s1_r1:Otu373,sampleAccessionNumber,,SAMEA10021242,,,
ARMS_Getxo_G1_20200624_20201103_SF40_s1_r1:Otu373,NCBIID,,2836,,,
ARMS_Getxo_G1_20200624_20201103_SF40_s1_r1:Otu373,NCBIScientificName,,Bacillariophyta,,,
ARMS_Getxo_G1_20200624_20201103_SF40_s1_r1:Otu373,NCBITaxonRank,,phylum,,,
ARMS_Getxo_G1_20200624_20201103_SF40_s1_r1:Otu373,fieldReplicateID,,ARMS_Getxo_G_20200624_20201103,http://vocab.nerc.ac.uk/collection/P01/current/IDSPRE01,,
ARMS_Getxo_G1_20200624_20201103_SF40_s1_r1:Otu373,technicalReplicateID,,,http://vocab.nerc.ac.uk/collection/P01/current/IDTCRE01,,
ARMS_Getxo_G1_20200624_20201103_SF40_s1_r1:Otu105,submergedTime,day,132,http://vocab.nerc.ac.uk/collection/P01/current/AZDRZZ01/,https://vocab.nerc.ac.uk/collection/P06/current/UTAA/,
ARMS_Getxo_G1_20200624_20201103_SF40_s1_r1:Otu105,preservativeUsed,,DMSO,http://vocab.nerc.ac.uk/collection/Q01/current/Q0100004/,,https://pubchem.ncbi.nlm.nih.gov/compound/679
ARMS_Getxo_G1_20200624_20201103_SF40_s1_r1:Otu105,lowerLimitFilterSize,micrometer,40,http://vocab.nerc.ac.uk/collection/Q01/current/Q0100011/,https://vocab.nerc.ac.uk/collection/P06/current/UMIC/,
ARMS_Getxo_G1_20200624_20201103_SF40_s1_r1:Otu105,sampleAccessionNumber,,SAMEA10021242,,,
ARMS_Getxo_G1_20200624_20201103_SF40_s1_r1:Otu105,NCBIID,,168256,,,
ARMS_Getxo_G1_20200624_20201103_SF40_s1_r1:Otu105,NCBIScientificName,,Zoothamnium,,,
ARMS_Getxo_G1_20200624_20201103_SF40_s1_r1:Otu105,NCBITaxonRank,,genus,,,
ARMS_Getxo_G1_20200624_20201103_SF40_s1_r1:Otu105,fieldReplicateID,,ARMS_Getxo_G_20200624_20201103,http://vocab.nerc.ac.uk/collection/P01/current/IDSPRE01,,
ARMS_Getxo_G1_20200624_20201103_SF40_s1_r1:Otu105,technicalReplicateID,,,http://vocab.nerc.ac.uk/collection/P01/current/IDTCRE01,,
ARMS_Getxo_G1_20200624_20201103_SF40_s1_r1:Otu102,submergedTime,day,132,http://vocab.nerc.ac.uk/collection/P01/current/AZDRZZ01/,https://vocab.nerc.ac.uk/collection/P06/current/UTAA/,
ARMS_Getxo_G1_20200624_20201103_SF40_s1_r1:Otu102,preservativeUsed,,DMSO,http://vocab.nerc.ac.uk/collection/Q01/current/Q0100004/,,https://pubchem.ncbi.nlm.nih.gov/compound/679
ARMS_Getxo_G1_20200624_20201103_SF40_s1_r1:Otu102,lowerLimitFilterSize,micrometer,40,http://vocab.nerc.ac.uk/collection/Q01/current/Q0100011/,https://vocab.nerc.ac.uk/collection/P06/current/UMIC/,
ARMS_Getxo_G1_20200624_20201103_SF40_s1_r1:Otu102,sampleAccessionNumber,,SAMEA10021242,,,
ARMS_Getxo_G1_20200624_20201103_SF40_s1_r1:Otu102,NCBIID,,298417,,,
ARMS_Getxo_G1_20200624_20201103_SF40_s1_r1:Otu102,NCBIScientificName,,Euryte,,,
ARMS_Getxo_G1_20200624_20201103_SF40_s1_r1:Otu102,NCBITaxonRank,,genus,,,
ARMS_Getxo_G1_20200624_20201103_SF40_s1_r1:Otu102,fieldReplicateID,,ARMS_Getxo_G_20200624_20201103,http://vocab.nerc.ac.uk/collection/P01/current/IDSPRE01,,
ARMS_Getxo_G1_20200624_20201103_SF40_s1_r1:Otu102,technicalReplicateID,,,http://vocab.nerc.ac.uk/collection/P01/current/IDTCRE01,,
ARMS_Getxo_G1_20200624_20201103_SF40_s1_r1:Otu294,submergedTime,day,132,http://vocab.nerc.ac.uk/collection/P01/current/AZDRZZ01/,https://vocab.nerc.ac.uk/collection/P06/current/UTAA/,
ARMS_Getxo_G1_20200624_20201103_SF40_s1_r1:Otu294,preservativeUsed,,DMSO,http://vocab.nerc.ac.uk/collection/Q01/current/Q0100004/,,https://pubchem.ncbi.nlm.nih.gov/compound/679
ARMS_Getxo_G1_20200624_20201103_SF40_s1_r1:Otu294,lowerLimitFilterSize,micrometer,40,http://vocab.nerc.ac.uk/collection/Q01/current/Q0100011/,https://vocab.nerc.ac.uk/collection/P06/current/UMIC/,
ARMS_Getxo_G1_20200624_20201103_SF40_s1_r1:Otu294,sampleAccessionNumber,,SAMEA10021242,,,
ARMS_Getxo_G1_20200624_20201103_SF40_s1_r1:Otu294,NCBIID,,168256,,,
ARMS_Getxo_G1_20200624_20201103_SF40_s1_r1:Otu294,NCBIScientificName,,Zoothamnium,,,
ARMS_Getxo_G1_20200624_20201103_SF40_s1_r1:Otu294,NCBITaxonRank,,genus,,,
ARMS_Getxo_G1_20200624_20201103_SF40_s1_r1:Otu294,fieldReplicateID,,ARMS_Getxo_G_20200624_20201103,http://vocab.nerc.ac.uk/collection/P01/current/IDSPRE01,,
ARMS_Getxo_G1_20200624_20201103_SF40_s1_r1:Otu294,technicalReplicateID,,,http://vocab.nerc.ac.uk/collection/P01/current/IDTCRE01,,
ARMS_Getxo_G1_20200624_20201103_SF40_s1_r1:Otu291,submergedTime,day,132,http://vocab.nerc.ac.uk/collection/P01/current/AZDRZZ01/,https://vocab.nerc.ac.uk/collection/P06/current/UTAA/,
ARMS_Getxo_G1_20200624_20201103_SF40_s1_r1:Otu291,preservativeUsed,,DMSO,http://vocab.nerc.ac.uk/collection/Q01/current/Q0100004/,,https://pubchem.ncbi.nlm.nih.gov/compound/679
ARMS_Getxo_G1_20200624_20201103_SF40_s1_r1:Otu291,lowerLimitFilterSize,micrometer,40,http://vocab.nerc.ac.uk/collection/Q01/current/Q0100011/,https://vocab.nerc.ac.uk/collection/P06/current/UMIC/,
ARMS_Getxo_G1_20200624_20201103_SF40_s1_r1:Otu291,sampleAccessionNumber,,SAMEA10021242,,,
ARMS_Getxo_G1_20200624_20201103_SF40_s1_r1:Otu291,NCBIID,,947094,,,
ARMS_Getxo_G1_20200624_20201103_SF40_s1_r1:Otu291,NCBIScientificName,,Porosporidae,,,
ARMS_Getxo_G1_20200624_20201103_SF40_s1_r1:Otu291,NCBITaxonRank,,family,,,
ARMS_Getxo_G1_20200624_20201103_SF40_s1_r1:Otu291,fieldReplicateID,,ARMS_Getxo_G_20200624_20201103,http://vocab.nerc.ac.uk/collection/P01/current/IDSPRE01,,
ARMS_Getxo_G1_20200624_20201103_SF40_s1_r1:Otu291,technicalReplicateID,,,http://vocab.nerc.ac.uk/collection/P01/current/IDTCRE01,,
ARMS_Getxo_G1_20200624_20201103_SF40_s1_r1:Otu290,submergedTime,day,132,http://vocab.nerc.ac.uk/collection/P01/current/AZDRZZ01/,https://vocab.nerc.ac.uk/collection/P06/current/UTAA/,
ARMS_Getxo_G1_20200624_20201103_SF40_s1_r1:Otu290,preservativeUsed,,DMSO,http://vocab.nerc.ac.uk/collection/Q01/current/Q0100004/,,https://pubchem.ncbi.nlm.nih.gov/compound/679
ARMS_Getxo_G1_20200624_20201103_SF40_s1_r1:Otu290,lowerLimitFilterSize,micrometer,40,http://vocab.nerc.ac.uk/collection/Q01/current/Q0100011/,https://vocab.nerc.ac.uk/collection/P06/current/UMIC/,
ARMS_Getxo_G1_20200624_20201103_SF40_s1_r1:Otu290,sampleAccessionNumber,,SAMEA10021242,,,
ARMS_Getxo_G1_20200624_20201103_SF40_s1_r1:Otu290,NCBIID,,4761,,,
ARMS_Getxo_G1_20200624_20201103_SF40_s1_r1:Otu290,NCBIScientificName,,Chytridiomycota,,,
ARMS_Getxo_G1_20200624_20201103_SF40_s1_r1:Otu290,NCBITaxonRank,,phylum,,,
ARMS_Getxo_G1_20200624_20201103_SF40_s1_r1:Otu290,fieldReplicateID,,ARMS_Getxo_G_20200624_20201103,http://vocab.nerc.ac.uk/collection/P01/current/IDSPRE01,,
ARMS_Getxo_G1_20200624_20201103_SF40_s1_r1:Otu290,technicalReplicateID,,,http://vocab.nerc.ac.uk/collection/P01/current/IDTCRE01,,
ARMS_Getxo_G1_20200624_20201103_SF40_s1_r1:Otu293,submergedTime,day,132,http://vocab.nerc.ac.uk/collection/P01/current/AZDRZZ01/,https://vocab.nerc.ac.uk/collection/P06/current/UTAA/,
ARMS_Getxo_G1_20200624_20201103_SF40_s1_r1:Otu293,preservativeUsed,,DMSO,http://vocab.nerc.ac.uk/collection/Q01/current/Q0100004/,,https://pubchem.ncbi.nlm.nih.gov/compound/679
ARMS_Getxo_G1_20200624_20201103_SF40_s1_r1:Otu293,lowerLimitFilterSize,micrometer,40,http://vocab.nerc.ac.uk/collection/Q01/current/Q0100011/,https://vocab.nerc.ac.uk/collection/P06/current/UMIC/,
ARMS_Getxo_G1_20200624_20201103_SF40_s1_r1:Otu293,sampleAccessionNumber,,SAMEA10021242,,,
ARMS_Getxo_G1_20200624_20201103_SF40_s1_r1:Otu293,NCBIID,,2605703,,,
ARMS_Getxo_G1_20200624_20201103_SF40_s1_r1:Otu293,NCBIScientificName,,Alphamonaceae,,,
ARMS_Getxo_G1_20200624_20201103_SF40_s1_r1:Otu293,NCBITaxonRank,,family,,,
ARMS_Getxo_G1_20200624_20201103_SF40_s1_r1:Otu293,fieldReplicateID,,ARMS_Getxo_G_20200624_20201103,http://vocab.nerc.ac.uk/collection/P01/current/IDSPRE01,,
ARMS_Getxo_G1_20200624_20201103_SF40_s1_r1:Otu293,technicalReplicateID,,,http://vocab.nerc.ac.uk/collection/P01/current/IDTCRE01,,
ARMS_Getxo_G1_20200624_20201103_SF40_s1_r1:Otu292,submergedTime,day,132,http://vocab.nerc.ac.uk/collection/P01/current/AZDRZZ01/,https://vocab.nerc.ac.uk/collection/P06/current/UTAA/,
ARMS_Getxo_G1_20200624_20201103_SF40_s1_r1:Otu292,preservativeUsed,,DMSO,http://vocab.nerc.ac.uk/collection/Q01/current/Q0100004/,,https://pubchem.ncbi.nlm.nih.gov/compound/679
ARMS_Getxo_G1_20200624_20201103_SF40_s1_r1:Otu292,lowerLimitFilterSize,micrometer,40,http://vocab.nerc.ac.uk/collection/Q01/current/Q0100011/,https://vocab.nerc.ac.uk/collection/P06/current/UMIC/,
ARMS_Getxo_G1_20200624_20201103_SF40_s1_r1:Otu292,sampleAccessionNumber,,SAMEA10021242,,,
ARMS_Getxo_G1_20200624_20201103_SF40_s1_r1:Otu292,NCBIID,,1004930,,,
ARMS_Getxo_G1_20200624_20201103_SF40_s1_r1:Otu292,NCBIScientificName,,Filosa-Thecofilosea,,,
ARMS_Getxo_G1_20200624_20201103_SF40_s1_r1:Otu292,NCBITaxonRank,,class,,,
ARMS_Getxo_G1_20200624_20201103_SF40_s1_r1:Otu292,fieldReplicateID,,ARMS_Getxo_G_20200624_20201103,http://vocab.nerc.ac.uk/collection/P01/current/IDSPRE01,,
ARMS_Getxo_G1_20200624_20201103_SF40_s1_r1:Otu292,technicalReplicateID,,,http://vocab.nerc.ac.uk/collection/P01/current/IDTCRE01,,
ARMS_Getxo_G1_20200624_20201103_SF40_s1_r1:Otu497,submergedTime,day,132,http://vocab.nerc.ac.uk/collection/P01/current/AZDRZZ01/,https://vocab.nerc.ac.uk/collection/P06/current/UTAA/,
ARMS_Getxo_G1_20200624_20201103_SF40_s1_r1:Otu497,preservativeUsed,,DMSO,http://vocab.nerc.ac.uk/collection/Q01/current/Q0100004/,,https://pubchem.ncbi.nlm.nih.gov/compound/679
ARMS_Getxo_G1_20200624_20201103_SF40_s1_r1:Otu497,lowerLimitFilterSize,micrometer,40,http://vocab.nerc.ac.uk/collection/Q01/current/Q0100011/,https://vocab.nerc.ac.uk/collection/P06/current/UMIC/,
ARMS_Getxo_G1_20200624_20201103_SF40_s1_r1:Otu497,sampleAccessionNumber,,SAMEA10021242,,,
ARMS_Getxo_G1_20200624_20201103_SF40_s1_r1:Otu497,NCBIID,,168252,,,
ARMS_Getxo_G1_20200624_20201103_SF40_s1_r1:Otu497,NCBIScientificName,,Vaginicolidae,,,
ARMS_Getxo_G1_20200624_20201103_SF40_s1_r1:Otu497,NCBITaxonRank,,family,,,
ARMS_Getxo_G1_20200624_20201103_SF40_s1_r1:Otu497,fieldReplicateID,,ARMS_Getxo_G_20200624_20201103,http://vocab.nerc.ac.uk/collection/P01/current/IDSPRE01,,
ARMS_Getxo_G1_20200624_20201103_SF40_s1_r1:Otu497,technicalReplicateID,,,http://vocab.nerc.ac.uk/collection/P01/current/IDTCRE01,,
ARMS_Getxo_G1_20200624_20201103_SF40_s1_r1:Otu190,submergedTime,day,132,http://vocab.nerc.ac.uk/collection/P01/current/AZDRZZ01/,https://vocab.nerc.ac.uk/collection/P06/current/UTAA/,
ARMS_Getxo_G1_20200624_20201103_SF40_s1_r1:Otu190,preservativeUsed,,DMSO,http://vocab.nerc.ac.uk/collection/Q01/current/Q0100004/,,https://pubchem.ncbi.nlm.nih.gov/compound/679
ARMS_Getxo_G1_20200624_20201103_SF40_s1_r1:Otu190,lowerLimitFilterSize,micrometer,40,http://vocab.nerc.ac.uk/collection/Q01/current/Q0100011/,https://vocab.nerc.ac.uk/collection/P06/current/UMIC/,
ARMS_Getxo_G1_20200624_20201103_SF40_s1_r1:Otu190,sampleAccessionNumber,,SAMEA10021242,,,
ARMS_Getxo_G1_20200624_20201103_SF40_s1_r1:Otu190,NCBIID,,6340,,,
ARMS_Getxo_G1_20200624_20201103_SF40_s1_r1:Otu190,NCBIScientificName,,Annelida,,,
ARMS_Getxo_G1_20200624_20201103_SF40_s1_r1:Otu190,NCBITaxonRank,,phylum,,,
ARMS_Getxo_G1_20200624_20201103_SF40_s1_r1:Otu190,fieldReplicateID,,ARMS_Getxo_G_20200624_20201103,http://vocab.nerc.ac.uk/collection/P01/current/IDSPRE01,,
ARMS_Getxo_G1_20200624_20201103_SF40_s1_r1:Otu190,technicalReplicateID,,,http://vocab.nerc.ac.uk/collection/P01/current/IDTCRE01,,
ARMS_Getxo_G1_20200624_20201103_SF40_s1_r1:Otu493,submergedTime,day,132,http://vocab.nerc.ac.uk/collection/P01/current/AZDRZZ01/,https://vocab.nerc.ac.uk/collection/P06/current/UTAA/,
ARMS_Getxo_G1_20200624_20201103_SF40_s1_r1:Otu493,preservativeUsed,,DMSO,http://vocab.nerc.ac.uk/collection/Q01/current/Q0100004/,,https://pubchem.ncbi.nlm.nih.gov/compound/679
ARMS_Getxo_G1_20200624_20201103_SF40_s1_r1:Otu493,lowerLimitFilterSize,micrometer,40,http://vocab.nerc.ac.uk/collection/Q01/current/Q0100011/,https://vocab.nerc.ac.uk/collection/P06/current/UMIC/,
ARMS_Getxo_G1_20200624_20201103_SF40_s1_r1:Otu493,sampleAccessionNumber,,SAMEA10021242,,,
ARMS_Getxo_G1_20200624_20201103_SF40_s1_r1:Otu493,NCBIID,,88547,,,
ARMS_Getxo_G1_20200624_20201103_SF40_s1_r1:Otu493,NCBIScientificName,,Syndiniales,,,
ARMS_Getxo_G1_20200624_20201103_SF40_s1_r1:Otu493,NCBITaxonRank,,order,,,
ARMS_Getxo_G1_20200624_20201103_SF40_s1_r1:Otu493,fieldReplicateID,,ARMS_Getxo_G_20200624_20201103,http://vocab.nerc.ac.uk/collection/P01/current/IDSPRE01,,
ARMS_Getxo_G1_20200624_20201103_SF40_s1_r1:Otu493,technicalReplicateID,,,http://vocab.nerc.ac.uk/collection/P01/current/IDTCRE01,,
ARMS_Getxo_G1_20200624_20201103_SF40_s1_r1:Otu491,submergedTime,day,132,http://vocab.nerc.ac.uk/collection/P01/current/AZDRZZ01/,https://vocab.nerc.ac.uk/collection/P06/current/UTAA/,
ARMS_Getxo_G1_20200624_20201103_SF40_s1_r1:Otu491,preservativeUsed,,DMSO,http://vocab.nerc.ac.uk/collection/Q01/current/Q0100004/,,https://pubchem.ncbi.nlm.nih.gov/compound/679
ARMS_Getxo_G1_20200624_20201103_SF40_s1_r1:Otu491,lowerLimitFilterSize,micrometer,40,http://vocab.nerc.ac.uk/collection/Q01/current/Q0100011/,https://vocab.nerc.ac.uk/collection/P06/current/UMIC/,
ARMS_Getxo_G1_20200624_20201103_SF40_s1_r1:Otu491,sampleAccessionNumber,,SAMEA10021242,,,
ARMS_Getxo_G1_20200624_20201103_SF40_s1_r1:Otu491,NCBIID,,29322,,,
ARMS_Getxo_G1_20200624_20201103_SF40_s1_r1:Otu491,NCBIScientificName,,MAST-6,,,
ARMS_Getxo_G1_20200624_20201103_SF40_s1_r1:Otu491,NCBITaxonRank,,species,,,
ARMS_Getxo_G1_20200624_20201103_SF40_s1_r1:Otu491,fieldReplicateID,,ARMS_Getxo_G_20200624_20201103,http://vocab.nerc.ac.uk/collection/P01/current/IDSPRE01,,
ARMS_Getxo_G1_20200624_20201103_SF40_s1_r1:Otu491,technicalReplicateID,,,http://vocab.nerc.ac.uk/collection/P01/current/IDTCRE01,,
ARMS_Getxo_G1_20200624_20201103_SF40_s1_r1:Otu490,submergedTime,day,132,http://vocab.nerc.ac.uk/collection/P01/current/AZDRZZ01/,https://vocab.nerc.ac.uk/collection/P06/current/UTAA/,
ARMS_Getxo_G1_20200624_20201103_SF40_s1_r1:Otu490,preservativeUsed,,DMSO,http://vocab.nerc.ac.uk/collection/Q01/current/Q0100004/,,https://pubchem.ncbi.nlm.nih.gov/compound/679
ARMS_Getxo_G1_20200624_20201103_SF40_s1_r1:Otu490,lowerLimitFilterSize,micrometer,40,http://vocab.nerc.ac.uk/collection/Q01/current/Q0100011/,https://vocab.nerc.ac.uk/collection/P06/current/UMIC/,
ARMS_Getxo_G1_20200624_20201103_SF40_s1_r1:Otu490,sampleAccessionNumber,,SAMEA10021242,,,
ARMS_Getxo_G1_20200624_20201103_SF40_s1_r1:Otu490,NCBIID,,2586436,,,
ARMS_Getxo_G1_20200624_20201103_SF40_s1_r1:Otu490,NCBIScientificName,,Pseudoperkinsidae,,,
ARMS_Getxo_G1_20200624_20201103_SF40_s1_r1:Otu490,NCBITaxonRank,,family,,,
ARMS_Getxo_G1_20200624_20201103_SF40_s1_r1:Otu490,fieldReplicateID,,ARMS_Getxo_G_20200624_20201103,http://vocab.nerc.ac.uk/collection/P01/current/IDSPRE01,,
ARMS_Getxo_G1_20200624_20201103_SF40_s1_r1:Otu490,technicalReplicateID,,,http://vocab.nerc.ac.uk/collection/P01/current/IDTCRE01,,
ARMS_Getxo_G1_20200624_20201103_SF40_s1_r1:Otu94,submergedTime,day,132,http://vocab.nerc.ac.uk/collection/P01/current/AZDRZZ01/,https://vocab.nerc.ac.uk/collection/P06/current/UTAA/,
ARMS_Getxo_G1_20200624_20201103_SF40_s1_r1:Otu94,preservativeUsed,,DMSO,http://vocab.nerc.ac.uk/collection/Q01/current/Q0100004/,,https://pubchem.ncbi.nlm.nih.gov/compound/679
ARMS_Getxo_G1_20200624_20201103_SF40_s1_r1:Otu94,lowerLimitFilterSize,micrometer,40,http://vocab.nerc.ac.uk/collection/Q01/current/Q0100011/,https://vocab.nerc.ac.uk/collection/P06/current/UMIC/,
ARMS_Getxo_G1_20200624_20201103_SF40_s1_r1:Otu94,sampleAccessionNumber,,SAMEA10021242,,,
ARMS_Getxo_G1_20200624_20201103_SF40_s1_r1:Otu94,NCBIID,,4751,,,
ARMS_Getxo_G1_20200624_20201103_SF40_s1_r1:Otu94,NCBIScientificName,,Fungi,,,
ARMS_Getxo_G1_20200624_20201103_SF40_s1_r1:Otu94,NCBITaxonRank,,kingdom,,,
ARMS_Getxo_G1_20200624_20201103_SF40_s1_r1:Otu94,fieldReplicateID,,ARMS_Getxo_G_20200624_20201103,http://vocab.nerc.ac.uk/collection/P01/current/IDSPRE01,,
ARMS_Getxo_G1_20200624_20201103_SF40_s1_r1:Otu94,technicalReplicateID,,,http://vocab.nerc.ac.uk/collection/P01/current/IDTCRE01,,
ARMS_Getxo_G1_20200624_20201103_SF40_s1_r1:Otu95,submergedTime,day,132,http://vocab.nerc.ac.uk/collection/P01/current/AZDRZZ01/,https://vocab.nerc.ac.uk/collection/P06/current/UTAA/,
ARMS_Getxo_G1_20200624_20201103_SF40_s1_r1:Otu95,preservativeUsed,,DMSO,http://vocab.nerc.ac.uk/collection/Q01/current/Q0100004/,,https://pubchem.ncbi.nlm.nih.gov/compound/679
ARMS_Getxo_G1_20200624_20201103_SF40_s1_r1:Otu95,lowerLimitFilterSize,micrometer,40,http://vocab.nerc.ac.uk/collection/Q01/current/Q0100011/,https://vocab.nerc.ac.uk/collection/P06/current/UMIC/,
ARMS_Getxo_G1_20200624_20201103_SF40_s1_r1:Otu95,sampleAccessionNumber,,SAMEA10021242,,,
ARMS_Getxo_G1_20200624_20201103_SF40_s1_r1:Otu95,NCBIID,,6340,,,
ARMS_Getxo_G1_20200624_20201103_SF40_s1_r1:Otu95,NCBIScientificName,,Annelida,,,
ARMS_Getxo_G1_20200624_20201103_SF40_s1_r1:Otu95,NCBITaxonRank,,phylum,,,
ARMS_Getxo_G1_20200624_20201103_SF40_s1_r1:Otu95,fieldReplicateID,,ARMS_Getxo_G_20200624_20201103,http://vocab.nerc.ac.uk/collection/P01/current/IDSPRE01,,
ARMS_Getxo_G1_20200624_20201103_SF40_s1_r1:Otu95,technicalReplicateID,,,http://vocab.nerc.ac.uk/collection/P01/current/IDTCRE01,,
ARMS_Getxo_G1_20200624_20201103_SF40_s1_r1:Otu92,submergedTime,day,132,http://vocab.nerc.ac.uk/collection/P01/current/AZDRZZ01/,https://vocab.nerc.ac.uk/collection/P06/current/UTAA/,
ARMS_Getxo_G1_20200624_20201103_SF40_s1_r1:Otu92,preservativeUsed,,DMSO,http://vocab.nerc.ac.uk/collection/Q01/current/Q0100004/,,https://pubchem.ncbi.nlm.nih.gov/compound/679
ARMS_Getxo_G1_20200624_20201103_SF40_s1_r1:Otu92,lowerLimitFilterSize,micrometer,40,http://vocab.nerc.ac.uk/collection/Q01/current/Q0100011/,https://vocab.nerc.ac.uk/collection/P06/current/UMIC/,
ARMS_Getxo_G1_20200624_20201103_SF40_s1_r1:Otu92,sampleAccessionNumber,,SAMEA10021242,,,
ARMS_Getxo_G1_20200624_20201103_SF40_s1_r1:Otu92,NCBIID,,147550,,,
ARMS_Getxo_G1_20200624_20201103_SF40_s1_r1:Otu92,NCBIScientificName,,Sordariomycetes,,,
ARMS_Getxo_G1_20200624_20201103_SF40_s1_r1:Otu92,NCBITaxonRank,,class,,,
ARMS_Getxo_G1_20200624_20201103_SF40_s1_r1:Otu92,fieldReplicateID,,ARMS_Getxo_G_20200624_20201103,http://vocab.nerc.ac.uk/collection/P01/current/IDSPRE01,,
ARMS_Getxo_G1_20200624_20201103_SF40_s1_r1:Otu92,technicalReplicateID,,,http://vocab.nerc.ac.uk/collection/P01/current/IDTCRE01,,
ARMS_Getxo_G1_20200624_20201103_SF40_s1_r1:Otu93,submergedTime,day,132,http://vocab.nerc.ac.uk/collection/P01/current/AZDRZZ01/,https://vocab.nerc.ac.uk/collection/P06/current/UTAA/,
ARMS_Getxo_G1_20200624_20201103_SF40_s1_r1:Otu93,preservativeUsed,,DMSO,http://vocab.nerc.ac.uk/collection/Q01/current/Q0100004/,,https://pubchem.ncbi.nlm.nih.gov/compound/679
ARMS_Getxo_G1_20200624_20201103_SF40_s1_r1:Otu93,lowerLimitFilterSize,micrometer,40,http://vocab.nerc.ac.uk/collection/Q01/current/Q0100011/,https://vocab.nerc.ac.uk/collection/P06/current/UMIC/,
ARMS_Getxo_G1_20200624_20201103_SF40_s1_r1:Otu93,sampleAccessionNumber,,SAMEA10021242,,,
ARMS_Getxo_G1_20200624_20201103_SF40_s1_r1:Otu93,NCBIID,,33313,,,
ARMS_Getxo_G1_20200624_20201103_SF40_s1_r1:Otu93,NCBIScientificName,,Gastrotricha,,,
ARMS_Getxo_G1_20200624_20201103_SF40_s1_r1:Otu93,NCBITaxonRank,,phylum,,,
ARMS_Getxo_G1_20200624_20201103_SF40_s1_r1:Otu93,fieldReplicateID,,ARMS_Getxo_G_20200624_20201103,http://vocab.nerc.ac.uk/collection/P01/current/IDSPRE01,,
ARMS_Getxo_G1_20200624_20201103_SF40_s1_r1:Otu93,technicalReplicateID,,,http://vocab.nerc.ac.uk/collection/P01/current/IDTCRE01,,
ARMS_Getxo_G1_20200624_20201103_SF40_s1_r1:Otu498,submergedTime,day,132,http://vocab.nerc.ac.uk/collection/P01/current/AZDRZZ01/,https://vocab.nerc.ac.uk/collection/P06/current/UTAA/,
ARMS_Getxo_G1_20200624_20201103_SF40_s1_r1:Otu498,preservativeUsed,,DMSO,http://vocab.nerc.ac.uk/collection/Q01/current/Q0100004/,,https://pubchem.ncbi.nlm.nih.gov/compound/679
ARMS_Getxo_G1_20200624_20201103_SF40_s1_r1:Otu498,lowerLimitFilterSize,micrometer,40,http://vocab.nerc.ac.uk/collection/Q01/current/Q0100011/,https://vocab.nerc.ac.uk/collection/P06/current/UMIC/,
ARMS_Getxo_G1_20200624_20201103_SF40_s1_r1:Otu498,sampleAccessionNumber,,SAMEA10021242,,,
ARMS_Getxo_G1_20200624_20201103_SF40_s1_r1:Otu498,NCBIID,,6657,,,
ARMS_Getxo_G1_20200624_20201103_SF40_s1_r1:Otu498,NCBIScientificName,,Crustacea,,,
ARMS_Getxo_G1_20200624_20201103_SF40_s1_r1:Otu498,NCBITaxonRank,,subphylum,,,
ARMS_Getxo_G1_20200624_20201103_SF40_s1_r1:Otu498,fieldReplicateID,,ARMS_Getxo_G_20200624_20201103,http://vocab.nerc.ac.uk/collection/P01/current/IDSPRE01,,
ARMS_Getxo_G1_20200624_20201103_SF40_s1_r1:Otu498,technicalReplicateID,,,http://vocab.nerc.ac.uk/collection/P01/current/IDTCRE01,,
ARMS_Getxo_G1_20200624_20201103_SF40_s1_r1:Otu400,submergedTime,day,132,http://vocab.nerc.ac.uk/collection/P01/current/AZDRZZ01/,https://vocab.nerc.ac.uk/collection/P06/current/UTAA/,
ARMS_Getxo_G1_20200624_20201103_SF40_s1_r1:Otu400,preservativeUsed,,DMSO,http://vocab.nerc.ac.uk/collection/Q01/current/Q0100004/,,https://pubchem.ncbi.nlm.nih.gov/compound/679
ARMS_Getxo_G1_20200624_20201103_SF40_s1_r1:Otu400,lowerLimitFilterSize,micrometer,40,http://vocab.nerc.ac.uk/collection/Q01/current/Q0100011/,https://vocab.nerc.ac.uk/collection/P06/current/UMIC/,
ARMS_Getxo_G1_20200624_20201103_SF40_s1_r1:Otu400,sampleAccessionNumber,,SAMEA10021242,,,
ARMS_Getxo_G1_20200624_20201103_SF40_s1_r1:Otu400,NCBIID,,589449,,,
ARMS_Getxo_G1_20200624_20201103_SF40_s1_r1:Otu400,NCBIScientificName,,Polar-centric-Mediophyceae,,,
ARMS_Getxo_G1_20200624_20201103_SF40_s1_r1:Otu400,NCBITaxonRank,,class,,,
ARMS_Getxo_G1_20200624_20201103_SF40_s1_r1:Otu400,fieldReplicateID,,ARMS_Getxo_G_20200624_20201103,http://vocab.nerc.ac.uk/collection/P01/current/IDSPRE01,,
ARMS_Getxo_G1_20200624_20201103_SF40_s1_r1:Otu400,technicalReplicateID,,,http://vocab.nerc.ac.uk/collection/P01/current/IDTCRE01,,
ARMS_Getxo_G1_20200624_20201103_SF40_s1_r1:Otu401,submergedTime,day,132,http://vocab.nerc.ac.uk/collection/P01/current/AZDRZZ01/,https://vocab.nerc.ac.uk/collection/P06/current/UTAA/,
ARMS_Getxo_G1_20200624_20201103_SF40_s1_r1:Otu401,preservativeUsed,,DMSO,http://vocab.nerc.ac.uk/collection/Q01/current/Q0100004/,,https://pubchem.ncbi.nlm.nih.gov/compound/679
ARMS_Getxo_G1_20200624_20201103_SF40_s1_r1:Otu401,lowerLimitFilterSize,micrometer,40,http://vocab.nerc.ac.uk/collection/Q01/current/Q0100011/,https://vocab.nerc.ac.uk/collection/P06/current/UMIC/,
ARMS_Getxo_G1_20200624_20201103_SF40_s1_r1:Otu401,sampleAccessionNumber,,SAMEA10021242,,,
ARMS_Getxo_G1_20200624_20201103_SF40_s1_r1:Otu401,NCBIID,,104698,,,
ARMS_Getxo_G1_20200624_20201103_SF40_s1_r1:Otu401,NCBIScientificName,,Cirratulus,,,
ARMS_Getxo_G1_20200624_20201103_SF40_s1_r1:Otu401,NCBITaxonRank,,genus,,,
ARMS_Getxo_G1_20200624_20201103_SF40_s1_r1:Otu401,fieldReplicateID,,ARMS_Getxo_G_20200624_20201103,http://vocab.nerc.ac.uk/collection/P01/current/IDSPRE01,,
ARMS_Getxo_G1_20200624_20201103_SF40_s1_r1:Otu401,technicalReplicateID,,,http://vocab.nerc.ac.uk/collection/P01/current/IDTCRE01,,
ARMS_Getxo_G1_20200624_20201103_SF40_s1_r1:Otu402,submergedTime,day,132,http://vocab.nerc.ac.uk/collection/P01/current/AZDRZZ01/,https://vocab.nerc.ac.uk/collection/P06/current/UTAA/,
ARMS_Getxo_G1_20200624_20201103_SF40_s1_r1:Otu402,preservativeUsed,,DMSO,http://vocab.nerc.ac.uk/collection/Q01/current/Q0100004/,,https://pubchem.ncbi.nlm.nih.gov/compound/679
ARMS_Getxo_G1_20200624_20201103_SF40_s1_r1:Otu402,lowerLimitFilterSize,micrometer,40,http://vocab.nerc.ac.uk/collection/Q01/current/Q0100011/,https://vocab.nerc.ac.uk/collection/P06/current/UMIC/,
ARMS_Getxo_G1_20200624_20201103_SF40_s1_r1:Otu402,sampleAccessionNumber,,SAMEA10021242,,,
ARMS_Getxo_G1_20200624_20201103_SF40_s1_r1:Otu402,NCBIID,,6042,,,
ARMS_Getxo_G1_20200624_20201103_SF40_s1_r1:Otu402,NCBIScientificName,,Demospongiae,,,
ARMS_Getxo_G1_20200624_20201103_SF40_s1_r1:Otu402,NCBITaxonRank,,class,,,
ARMS_Getxo_G1_20200624_20201103_SF40_s1_r1:Otu402,fieldReplicateID,,ARMS_Getxo_G_20200624_20201103,http://vocab.nerc.ac.uk/collection/P01/current/IDSPRE01,,
ARMS_Getxo_G1_20200624_20201103_SF40_s1_r1:Otu402,technicalReplicateID,,,http://vocab.nerc.ac.uk/collection/P01/current/IDTCRE01,,
ARMS_Getxo_G1_20200624_20201103_SF40_s1_r1:Otu403,submergedTime,day,132,http://vocab.nerc.ac.uk/collection/P01/current/AZDRZZ01/,https://vocab.nerc.ac.uk/collection/P06/current/UTAA/,
ARMS_Getxo_G1_20200624_20201103_SF40_s1_r1:Otu403,preservativeUsed,,DMSO,http://vocab.nerc.ac.uk/collection/Q01/current/Q0100004/,,https://pubchem.ncbi.nlm.nih.gov/compound/679
ARMS_Getxo_G1_20200624_20201103_SF40_s1_r1:Otu403,lowerLimitFilterSize,micrometer,40,http://vocab.nerc.ac.uk/collection/Q01/current/Q0100011/,https://vocab.nerc.ac.uk/collection/P06/current/UMIC/,
ARMS_Getxo_G1_20200624_20201103_SF40_s1_r1:Otu403,sampleAccessionNumber,,SAMEA10021242,,,
ARMS_Getxo_G1_20200624_20201103_SF40_s1_r1:Otu403,NCBIID,,31257,,,
ARMS_Getxo_G1_20200624_20201103_SF40_s1_r1:Otu403,NCBIScientificName,,Stylochus,,,
ARMS_Getxo_G1_20200624_20201103_SF40_s1_r1:Otu403,NCBITaxonRank,,genus,,,
ARMS_Getxo_G1_20200624_20201103_SF40_s1_r1:Otu403,fieldReplicateID,,ARMS_Getxo_G_20200624_20201103,http://vocab.nerc.ac.uk/collection/P01/current/IDSPRE01,,
ARMS_Getxo_G1_20200624_20201103_SF40_s1_r1:Otu403,technicalReplicateID,,,http://vocab.nerc.ac.uk/collection/P01/current/IDTCRE01,,
ARMS_Getxo_G1_20200624_20201103_SF40_s1_r1:Otu148,submergedTime,day,132,http://vocab.nerc.ac.uk/collection/P01/current/AZDRZZ01/,https://vocab.nerc.ac.uk/collection/P06/current/UTAA/,
ARMS_Getxo_G1_20200624_20201103_SF40_s1_r1:Otu148,preservativeUsed,,DMSO,http://vocab.nerc.ac.uk/collection/Q01/current/Q0100004/,,https://pubchem.ncbi.nlm.nih.gov/compound/679
ARMS_Getxo_G1_20200624_20201103_SF40_s1_r1:Otu148,lowerLimitFilterSize,micrometer,40,http://vocab.nerc.ac.uk/collection/Q01/current/Q0100011/,https://vocab.nerc.ac.uk/collection/P06/current/UMIC/,
ARMS_Getxo_G1_20200624_20201103_SF40_s1_r1:Otu148,sampleAccessionNumber,,SAMEA10021242,,,
ARMS_Getxo_G1_20200624_20201103_SF40_s1_r1:Otu148,NCBIID,,2864,,,
ARMS_Getxo_G1_20200624_20201103_SF40_s1_r1:Otu148,NCBIScientificName,,Dinophyceae,,,
ARMS_Getxo_G1_20200624_20201103_SF40_s1_r1:Otu148,NCBITaxonRank,,class,,,
ARMS_Getxo_G1_20200624_20201103_SF40_s1_r1:Otu148,fieldReplicateID,,ARMS_Getxo_G_20200624_20201103,http://vocab.nerc.ac.uk/collection/P01/current/IDSPRE01,,
ARMS_Getxo_G1_20200624_20201103_SF40_s1_r1:Otu148,technicalReplicateID,,,http://vocab.nerc.ac.uk/collection/P01/current/IDTCRE01,,
ARMS_Getxo_G1_20200624_20201103_SF40_s1_r1:Otu147,submergedTime,day,132,http://vocab.nerc.ac.uk/collection/P01/current/AZDRZZ01/,https://vocab.nerc.ac.uk/collection/P06/current/UTAA/,
ARMS_Getxo_G1_20200624_20201103_SF40_s1_r1:Otu147,preservativeUsed,,DMSO,http://vocab.nerc.ac.uk/collection/Q01/current/Q0100004/,,https://pubchem.ncbi.nlm.nih.gov/compound/679
ARMS_Getxo_G1_20200624_20201103_SF40_s1_r1:Otu147,lowerLimitFilterSize,micrometer,40,http://vocab.nerc.ac.uk/collection/Q01/current/Q0100011/,https://vocab.nerc.ac.uk/collection/P06/current/UMIC/,
ARMS_Getxo_G1_20200624_20201103_SF40_s1_r1:Otu147,sampleAccessionNumber,,SAMEA10021242,,,
ARMS_Getxo_G1_20200624_20201103_SF40_s1_r1:Otu147,NCBIID,,5794,,,
ARMS_Getxo_G1_20200624_20201103_SF40_s1_r1:Otu147,NCBIScientificName,,Apicomplexa,,,
ARMS_Getxo_G1_20200624_20201103_SF40_s1_r1:Otu147,NCBITaxonRank,,phylum,,,
ARMS_Getxo_G1_20200624_20201103_SF40_s1_r1:Otu147,fieldReplicateID,,ARMS_Getxo_G_20200624_20201103,http://vocab.nerc.ac.uk/collection/P01/current/IDSPRE01,,
ARMS_Getxo_G1_20200624_20201103_SF40_s1_r1:Otu147,technicalReplicateID,,,http://vocab.nerc.ac.uk/collection/P01/current/IDTCRE01,,
ARMS_Getxo_G1_20200624_20201103_SF40_s1_r1:Otu146,submergedTime,day,132,http://vocab.nerc.ac.uk/collection/P01/current/AZDRZZ01/,https://vocab.nerc.ac.uk/collection/P06/current/UTAA/,
ARMS_Getxo_G1_20200624_20201103_SF40_s1_r1:Otu146,preservativeUsed,,DMSO,http://vocab.nerc.ac.uk/collection/Q01/current/Q0100004/,,https://pubchem.ncbi.nlm.nih.gov/compound/679
ARMS_Getxo_G1_20200624_20201103_SF40_s1_r1:Otu146,lowerLimitFilterSize,micrometer,40,http://vocab.nerc.ac.uk/collection/Q01/current/Q0100011/,https://vocab.nerc.ac.uk/collection/P06/current/UMIC/,
ARMS_Getxo_G1_20200624_20201103_SF40_s1_r1:Otu146,sampleAccessionNumber,,SAMEA10021242,,,
ARMS_Getxo_G1_20200624_20201103_SF40_s1_r1:Otu146,NCBIID,,106218,,,
ARMS_Getxo_G1_20200624_20201103_SF40_s1_r1:Otu146,NCBIScientificName,,Pectinoida,,,
ARMS_Getxo_G1_20200624_20201103_SF40_s1_r1:Otu146,NCBITaxonRank,,order,,,
ARMS_Getxo_G1_20200624_20201103_SF40_s1_r1:Otu146,fieldReplicateID,,ARMS_Getxo_G_20200624_20201103,http://vocab.nerc.ac.uk/collection/P01/current/IDSPRE01,,
ARMS_Getxo_G1_20200624_20201103_SF40_s1_r1:Otu146,technicalReplicateID,,,http://vocab.nerc.ac.uk/collection/P01/current/IDTCRE01,,
ARMS_Getxo_G1_20200624_20201103_SF40_s1_r1:Otu392,submergedTime,day,132,http://vocab.nerc.ac.uk/collection/P01/current/AZDRZZ01/,https://vocab.nerc.ac.uk/collection/P06/current/UTAA/,
ARMS_Getxo_G1_20200624_20201103_SF40_s1_r1:Otu392,preservativeUsed,,DMSO,http://vocab.nerc.ac.uk/collection/Q01/current/Q0100004/,,https://pubchem.ncbi.nlm.nih.gov/compound/679
ARMS_Getxo_G1_20200624_20201103_SF40_s1_r1:Otu392,lowerLimitFilterSize,micrometer,40,http://vocab.nerc.ac.uk/collection/Q01/current/Q0100011/,https://vocab.nerc.ac.uk/collection/P06/current/UMIC/,
ARMS_Getxo_G1_20200624_20201103_SF40_s1_r1:Otu392,sampleAccessionNumber,,SAMEA10021242,,,
ARMS_Getxo_G1_20200624_20201103_SF40_s1_r1:Otu392,NCBIID,,2864,,,
ARMS_Getxo_G1_20200624_20201103_SF40_s1_r1:Otu392,NCBIScientificName,,Dinoflagellata,,,
ARMS_Getxo_G1_20200624_20201103_SF40_s1_r1:Otu392,NCBITaxonRank,,class,,,
ARMS_Getxo_G1_20200624_20201103_SF40_s1_r1:Otu392,fieldReplicateID,,ARMS_Getxo_G_20200624_20201103,http://vocab.nerc.ac.uk/collection/P01/current/IDSPRE01,,
ARMS_Getxo_G1_20200624_20201103_SF40_s1_r1:Otu392,technicalReplicateID,,,http://vocab.nerc.ac.uk/collection/P01/current/IDTCRE01,,
ARMS_Getxo_G1_20200624_20201103_SF40_s1_r1:Otu393,submergedTime,day,132,http://vocab.nerc.ac.uk/collection/P01/current/AZDRZZ01/,https://vocab.nerc.ac.uk/collection/P06/current/UTAA/,
ARMS_Getxo_G1_20200624_20201103_SF40_s1_r1:Otu393,preservativeUsed,,DMSO,http://vocab.nerc.ac.uk/collection/Q01/current/Q0100004/,,https://pubchem.ncbi.nlm.nih.gov/compound/679
ARMS_Getxo_G1_20200624_20201103_SF40_s1_r1:Otu393,lowerLimitFilterSize,micrometer,40,http://vocab.nerc.ac.uk/collection/Q01/current/Q0100011/,https://vocab.nerc.ac.uk/collection/P06/current/UMIC/,
ARMS_Getxo_G1_20200624_20201103_SF40_s1_r1:Otu393,sampleAccessionNumber,,SAMEA10021242,,,
ARMS_Getxo_G1_20200624_20201103_SF40_s1_r1:Otu393,NCBIID,,2825,,,
ARMS_Getxo_G1_20200624_20201103_SF40_s1_r1:Otu393,NCBIScientificName,,Chrysophyceae,,,
ARMS_Getxo_G1_20200624_20201103_SF40_s1_r1:Otu393,NCBITaxonRank,,class,,,
ARMS_Getxo_G1_20200624_20201103_SF40_s1_r1:Otu393,fieldReplicateID,,ARMS_Getxo_G_20200624_20201103,http://vocab.nerc.ac.uk/collection/P01/current/IDSPRE01,,
ARMS_Getxo_G1_20200624_20201103_SF40_s1_r1:Otu393,technicalReplicateID,,,http://vocab.nerc.ac.uk/collection/P01/current/IDTCRE01,,
ARMS_Getxo_G1_20200624_20201103_SF40_s1_r1:Otu394,submergedTime,day,132,http://vocab.nerc.ac.uk/collection/P01/current/AZDRZZ01/,https://vocab.nerc.ac.uk/collection/P06/current/UTAA/,
ARMS_Getxo_G1_20200624_20201103_SF40_s1_r1:Otu394,preservativeUsed,,DMSO,http://vocab.nerc.ac.uk/collection/Q01/current/Q0100004/,,https://pubchem.ncbi.nlm.nih.gov/compound/679
ARMS_Getxo_G1_20200624_20201103_SF40_s1_r1:Otu394,lowerLimitFilterSize,micrometer,40,http://vocab.nerc.ac.uk/collection/Q01/current/Q0100011/,https://vocab.nerc.ac.uk/collection/P06/current/UMIC/,
ARMS_Getxo_G1_20200624_20201103_SF40_s1_r1:Otu394,sampleAccessionNumber,,SAMEA10021242,,,
ARMS_Getxo_G1_20200624_20201103_SF40_s1_r1:Otu394,NCBIID,,6657,,,
ARMS_Getxo_G1_20200624_20201103_SF40_s1_r1:Otu394,NCBIScientificName,,Crustacea,,,
ARMS_Getxo_G1_20200624_20201103_SF40_s1_r1:Otu394,NCBITaxonRank,,subphylum,,,
ARMS_Getxo_G1_20200624_20201103_SF40_s1_r1:Otu394,fieldReplicateID,,ARMS_Getxo_G_20200624_20201103,http://vocab.nerc.ac.uk/collection/P01/current/IDSPRE01,,
ARMS_Getxo_G1_20200624_20201103_SF40_s1_r1:Otu394,technicalReplicateID,,,http://vocab.nerc.ac.uk/collection/P01/current/IDTCRE01,,
ARMS_Getxo_G1_20200624_20201103_SF40_s1_r1:Otu395,submergedTime,day,132,http://vocab.nerc.ac.uk/collection/P01/current/AZDRZZ01/,https://vocab.nerc.ac.uk/collection/P06/current/UTAA/,
ARMS_Getxo_G1_20200624_20201103_SF40_s1_r1:Otu395,preservativeUsed,,DMSO,http://vocab.nerc.ac.uk/collection/Q01/current/Q0100004/,,https://pubchem.ncbi.nlm.nih.gov/compound/679
ARMS_Getxo_G1_20200624_20201103_SF40_s1_r1:Otu395,lowerLimitFilterSize,micrometer,40,http://vocab.nerc.ac.uk/collection/Q01/current/Q0100011/,https://vocab.nerc.ac.uk/collection/P06/current/UMIC/,
ARMS_Getxo_G1_20200624_20201103_SF40_s1_r1:Otu395,sampleAccessionNumber,,SAMEA10021242,,,
ARMS_Getxo_G1_20200624_20201103_SF40_s1_r1:Otu395,NCBIID,,2864,,,
ARMS_Getxo_G1_20200624_20201103_SF40_s1_r1:Otu395,NCBIScientificName,,Dinoflagellata,,,
ARMS_Getxo_G1_20200624_20201103_SF40_s1_r1:Otu395,NCBITaxonRank,,class,,,
ARMS_Getxo_G1_20200624_20201103_SF40_s1_r1:Otu395,fieldReplicateID,,ARMS_Getxo_G_20200624_20201103,http://vocab.nerc.ac.uk/collection/P01/current/IDSPRE01,,
ARMS_Getxo_G1_20200624_20201103_SF40_s1_r1:Otu395,technicalReplicateID,,,http://vocab.nerc.ac.uk/collection/P01/current/IDTCRE01,,
ARMS_Getxo_G1_20200624_20201103_SF40_s1_r1:Otu396,submergedTime,day,132,http://vocab.nerc.ac.uk/collection/P01/current/AZDRZZ01/,https://vocab.nerc.ac.uk/collection/P06/current/UTAA/,
ARMS_Getxo_G1_20200624_20201103_SF40_s1_r1:Otu396,preservativeUsed,,DMSO,http://vocab.nerc.ac.uk/collection/Q01/current/Q0100004/,,https://pubchem.ncbi.nlm.nih.gov/compound/679
ARMS_Getxo_G1_20200624_20201103_SF40_s1_r1:Otu396,lowerLimitFilterSize,micrometer,40,http://vocab.nerc.ac.uk/collection/Q01/current/Q0100011/,https://vocab.nerc.ac.uk/collection/P06/current/UMIC/,
ARMS_Getxo_G1_20200624_20201103_SF40_s1_r1:Otu396,sampleAccessionNumber,,SAMEA10021242,,,
ARMS_Getxo_G1_20200624_20201103_SF40_s1_r1:Otu396,NCBIID,,4762,,,
ARMS_Getxo_G1_20200624_20201103_SF40_s1_r1:Otu396,NCBIScientificName,,Oomycota,,,
ARMS_Getxo_G1_20200624_20201103_SF40_s1_r1:Otu396,NCBITaxonRank,,phylum,,,
ARMS_Getxo_G1_20200624_20201103_SF40_s1_r1:Otu396,fieldReplicateID,,ARMS_Getxo_G_20200624_20201103,http://vocab.nerc.ac.uk/collection/P01/current/IDSPRE01,,
ARMS_Getxo_G1_20200624_20201103_SF40_s1_r1:Otu396,technicalReplicateID,,,http://vocab.nerc.ac.uk/collection/P01/current/IDTCRE01,,
ARMS_Getxo_G1_20200624_20201103_SF40_s1_r1:Otu397,submergedTime,day,132,http://vocab.nerc.ac.uk/collection/P01/current/AZDRZZ01/,https://vocab.nerc.ac.uk/collection/P06/current/UTAA/,
ARMS_Getxo_G1_20200624_20201103_SF40_s1_r1:Otu397,preservativeUsed,,DMSO,http://vocab.nerc.ac.uk/collection/Q01/current/Q0100004/,,https://pubchem.ncbi.nlm.nih.gov/compound/679
ARMS_Getxo_G1_20200624_20201103_SF40_s1_r1:Otu397,lowerLimitFilterSize,micrometer,40,http://vocab.nerc.ac.uk/collection/Q01/current/Q0100011/,https://vocab.nerc.ac.uk/collection/P06/current/UMIC/,
ARMS_Getxo_G1_20200624_20201103_SF40_s1_r1:Otu397,sampleAccessionNumber,,SAMEA10021242,,,
ARMS_Getxo_G1_20200624_20201103_SF40_s1_r1:Otu397,NCBIID,,6657,,,
ARMS_Getxo_G1_20200624_20201103_SF40_s1_r1:Otu397,NCBIScientificName,,Crustacea,,,
ARMS_Getxo_G1_20200624_20201103_SF40_s1_r1:Otu397,NCBITaxonRank,,subphylum,,,
ARMS_Getxo_G1_20200624_20201103_SF40_s1_r1:Otu397,fieldReplicateID,,ARMS_Getxo_G_20200624_20201103,http://vocab.nerc.ac.uk/collection/P01/current/IDSPRE01,,
ARMS_Getxo_G1_20200624_20201103_SF40_s1_r1:Otu397,technicalReplicateID,,,http://vocab.nerc.ac.uk/collection/P01/current/IDTCRE01,,
ARMS_Getxo_G1_20200624_20201103_SF40_s1_r1:Otu399,submergedTime,day,132,http://vocab.nerc.ac.uk/collection/P01/current/AZDRZZ01/,https://vocab.nerc.ac.uk/collection/P06/current/UTAA/,
ARMS_Getxo_G1_20200624_20201103_SF40_s1_r1:Otu399,preservativeUsed,,DMSO,http://vocab.nerc.ac.uk/collection/Q01/current/Q0100004/,,https://pubchem.ncbi.nlm.nih.gov/compound/679
ARMS_Getxo_G1_20200624_20201103_SF40_s1_r1:Otu399,lowerLimitFilterSize,micrometer,40,http://vocab.nerc.ac.uk/collection/Q01/current/Q0100011/,https://vocab.nerc.ac.uk/collection/P06/current/UMIC/,
ARMS_Getxo_G1_20200624_20201103_SF40_s1_r1:Otu399,sampleAccessionNumber,,SAMEA10021242,,,
ARMS_Getxo_G1_20200624_20201103_SF40_s1_r1:Otu399,NCBIID,,558755,,,
ARMS_Getxo_G1_20200624_20201103_SF40_s1_r1:Otu399,NCBIScientificName,,Cryptosula_pallasiana,,,
ARMS_Getxo_G1_20200624_20201103_SF40_s1_r1:Otu399,NCBITaxonRank,,species,,,
ARMS_Getxo_G1_20200624_20201103_SF40_s1_r1:Otu399,fieldReplicateID,,ARMS_Getxo_G_20200624_20201103,http://vocab.nerc.ac.uk/collection/P01/current/IDSPRE01,,
ARMS_Getxo_G1_20200624_20201103_SF40_s1_r1:Otu399,technicalReplicateID,,,http://vocab.nerc.ac.uk/collection/P01/current/IDTCRE01,,
ARMS_Getxo_G1_20200624_20201103_SF40_s1_r1:Otu248,submergedTime,day,132,http://vocab.nerc.ac.uk/collection/P01/current/AZDRZZ01/,https://vocab.nerc.ac.uk/collection/P06/current/UTAA/,
ARMS_Getxo_G1_20200624_20201103_SF40_s1_r1:Otu248,preservativeUsed,,DMSO,http://vocab.nerc.ac.uk/collection/Q01/current/Q0100004/,,https://pubchem.ncbi.nlm.nih.gov/compound/679
ARMS_Getxo_G1_20200624_20201103_SF40_s1_r1:Otu248,lowerLimitFilterSize,micrometer,40,http://vocab.nerc.ac.uk/collection/Q01/current/Q0100011/,https://vocab.nerc.ac.uk/collection/P06/current/UMIC/,
ARMS_Getxo_G1_20200624_20201103_SF40_s1_r1:Otu248,sampleAccessionNumber,,SAMEA10021242,,,
ARMS_Getxo_G1_20200624_20201103_SF40_s1_r1:Otu248,NCBIID,,1330081,,,
ARMS_Getxo_G1_20200624_20201103_SF40_s1_r1:Otu248,NCBIScientificName,,B3,,,
ARMS_Getxo_G1_20200624_20201103_SF40_s1_r1:Otu248,NCBITaxonRank,,species,,,
ARMS_Getxo_G1_20200624_20201103_SF40_s1_r1:Otu248,fieldReplicateID,,ARMS_Getxo_G_20200624_20201103,http://vocab.nerc.ac.uk/collection/P01/current/IDSPRE01,,
ARMS_Getxo_G1_20200624_20201103_SF40_s1_r1:Otu248,technicalReplicateID,,,http://vocab.nerc.ac.uk/collection/P01/current/IDTCRE01,,
ARMS_Getxo_G1_20200624_20201103_SF40_s1_r1:Otu249,submergedTime,day,132,http://vocab.nerc.ac.uk/collection/P01/current/AZDRZZ01/,https://vocab.nerc.ac.uk/collection/P06/current/UTAA/,
ARMS_Getxo_G1_20200624_20201103_SF40_s1_r1:Otu249,preservativeUsed,,DMSO,http://vocab.nerc.ac.uk/collection/Q01/current/Q0100004/,,https://pubchem.ncbi.nlm.nih.gov/compound/679
ARMS_Getxo_G1_20200624_20201103_SF40_s1_r1:Otu249,lowerLimitFilterSize,micrometer,40,http://vocab.nerc.ac.uk/collection/Q01/current/Q0100011/,https://vocab.nerc.ac.uk/collection/P06/current/UMIC/,
ARMS_Getxo_G1_20200624_20201103_SF40_s1_r1:Otu249,sampleAccessionNumber,,SAMEA10021242,,,
ARMS_Getxo_G1_20200624_20201103_SF40_s1_r1:Otu249,NCBIID,,6340,,,
ARMS_Getxo_G1_20200624_20201103_SF40_s1_r1:Otu249,NCBIScientificName,,Annelida,,,
ARMS_Getxo_G1_20200624_20201103_SF40_s1_r1:Otu249,NCBITaxonRank,,phylum,,,
ARMS_Getxo_G1_20200624_20201103_SF40_s1_r1:Otu249,fieldReplicateID,,ARMS_Getxo_G_20200624_20201103,http://vocab.nerc.ac.uk/collection/P01/current/IDSPRE01,,
ARMS_Getxo_G1_20200624_20201103_SF40_s1_r1:Otu249,technicalReplicateID,,,http://vocab.nerc.ac.uk/collection/P01/current/IDTCRE01,,
ARMS_Getxo_G1_20200624_20201103_SF40_s1_r1:Otu53,submergedTime,day,132,http://vocab.nerc.ac.uk/collection/P01/current/AZDRZZ01/,https://vocab.nerc.ac.uk/collection/P06/current/UTAA/,
ARMS_Getxo_G1_20200624_20201103_SF40_s1_r1:Otu53,preservativeUsed,,DMSO,http://vocab.nerc.ac.uk/collection/Q01/current/Q0100004/,,https://pubchem.ncbi.nlm.nih.gov/compound/679
ARMS_Getxo_G1_20200624_20201103_SF40_s1_r1:Otu53,lowerLimitFilterSize,micrometer,40,http://vocab.nerc.ac.uk/collection/Q01/current/Q0100011/,https://vocab.nerc.ac.uk/collection/P06/current/UMIC/,
ARMS_Getxo_G1_20200624_20201103_SF40_s1_r1:Otu53,sampleAccessionNumber,,SAMEA10021242,,,
ARMS_Getxo_G1_20200624_20201103_SF40_s1_r1:Otu53,NCBIID,,2864,,,
ARMS_Getxo_G1_20200624_20201103_SF40_s1_r1:Otu53,NCBIScientificName,,Dinophyceae,,,
ARMS_Getxo_G1_20200624_20201103_SF40_s1_r1:Otu53,NCBITaxonRank,,class,,,
ARMS_Getxo_G1_20200624_20201103_SF40_s1_r1:Otu53,fieldReplicateID,,ARMS_Getxo_G_20200624_20201103,http://vocab.nerc.ac.uk/collection/P01/current/IDSPRE01,,
ARMS_Getxo_G1_20200624_20201103_SF40_s1_r1:Otu53,technicalReplicateID,,,http://vocab.nerc.ac.uk/collection/P01/current/IDTCRE01,,
ARMS_Getxo_G1_20200624_20201103_SF40_s1_r1:Otu361,submergedTime,day,132,http://vocab.nerc.ac.uk/collection/P01/current/AZDRZZ01/,https://vocab.nerc.ac.uk/collection/P06/current/UTAA/,
ARMS_Getxo_G1_20200624_20201103_SF40_s1_r1:Otu361,preservativeUsed,,DMSO,http://vocab.nerc.ac.uk/collection/Q01/current/Q0100004/,,https://pubchem.ncbi.nlm.nih.gov/compound/679
ARMS_Getxo_G1_20200624_20201103_SF40_s1_r1:Otu361,lowerLimitFilterSize,micrometer,40,http://vocab.nerc.ac.uk/collection/Q01/current/Q0100011/,https://vocab.nerc.ac.uk/collection/P06/current/UMIC/,
ARMS_Getxo_G1_20200624_20201103_SF40_s1_r1:Otu361,sampleAccessionNumber,,SAMEA10021242,,,
ARMS_Getxo_G1_20200624_20201103_SF40_s1_r1:Otu361,NCBIID,,106218,,,
ARMS_Getxo_G1_20200624_20201103_SF40_s1_r1:Otu361,NCBIScientificName,,Pectinoida,,,
ARMS_Getxo_G1_20200624_20201103_SF40_s1_r1:Otu361,NCBITaxonRank,,order,,,
ARMS_Getxo_G1_20200624_20201103_SF40_s1_r1:Otu361,fieldReplicateID,,ARMS_Getxo_G_20200624_20201103,http://vocab.nerc.ac.uk/collection/P01/current/IDSPRE01,,
ARMS_Getxo_G1_20200624_20201103_SF40_s1_r1:Otu361,technicalReplicateID,,,http://vocab.nerc.ac.uk/collection/P01/current/IDTCRE01,,
ARMS_Getxo_G1_20200624_20201103_SF40_s1_r1:Otu132,submergedTime,day,132,http://vocab.nerc.ac.uk/collection/P01/current/AZDRZZ01/,https://vocab.nerc.ac.uk/collection/P06/current/UTAA/,
ARMS_Getxo_G1_20200624_20201103_SF40_s1_r1:Otu132,preservativeUsed,,DMSO,http://vocab.nerc.ac.uk/collection/Q01/current/Q0100004/,,https://pubchem.ncbi.nlm.nih.gov/compound/679
ARMS_Getxo_G1_20200624_20201103_SF40_s1_r1:Otu132,lowerLimitFilterSize,micrometer,40,http://vocab.nerc.ac.uk/collection/Q01/current/Q0100011/,https://vocab.nerc.ac.uk/collection/P06/current/UMIC/,
ARMS_Getxo_G1_20200624_20201103_SF40_s1_r1:Otu132,sampleAccessionNumber,,SAMEA10021242,,,
ARMS_Getxo_G1_20200624_20201103_SF40_s1_r1:Otu132,NCBIID,,6074,,,
ARMS_Getxo_G1_20200624_20201103_SF40_s1_r1:Otu132,NCBIScientificName,,Hydrozoa,,,
ARMS_Getxo_G1_20200624_20201103_SF40_s1_r1:Otu132,NCBITaxonRank,,class,,,
ARMS_Getxo_G1_20200624_20201103_SF40_s1_r1:Otu132,fieldReplicateID,,ARMS_Getxo_G_20200624_20201103,http://vocab.nerc.ac.uk/collection/P01/current/IDSPRE01,,
ARMS_Getxo_G1_20200624_20201103_SF40_s1_r1:Otu132,technicalReplicateID,,,http://vocab.nerc.ac.uk/collection/P01/current/IDTCRE01,,
ARMS_Getxo_G1_20200624_20201103_SF40_s1_r1:Otu133,submergedTime,day,132,http://vocab.nerc.ac.uk/collection/P01/current/AZDRZZ01/,https://vocab.nerc.ac.uk/collection/P06/current/UTAA/,
ARMS_Getxo_G1_20200624_20201103_SF40_s1_r1:Otu133,preservativeUsed,,DMSO,http://vocab.nerc.ac.uk/collection/Q01/current/Q0100004/,,https://pubchem.ncbi.nlm.nih.gov/compound/679
ARMS_Getxo_G1_20200624_20201103_SF40_s1_r1:Otu133,lowerLimitFilterSize,micrometer,40,http://vocab.nerc.ac.uk/collection/Q01/current/Q0100011/,https://vocab.nerc.ac.uk/collection/P06/current/UMIC/,
ARMS_Getxo_G1_20200624_20201103_SF40_s1_r1:Otu133,sampleAccessionNumber,,SAMEA10021242,,,
ARMS_Getxo_G1_20200624_20201103_SF40_s1_r1:Otu133,NCBIID,,35087,,,
ARMS_Getxo_G1_20200624_20201103_SF40_s1_r1:Otu133,NCBIScientificName,,Eugregarinorida,,,
ARMS_Getxo_G1_20200624_20201103_SF40_s1_r1:Otu133,NCBITaxonRank,,order,,,
ARMS_Getxo_G1_20200624_20201103_SF40_s1_r1:Otu133,fieldReplicateID,,ARMS_Getxo_G_20200624_20201103,http://vocab.nerc.ac.uk/collection/P01/current/IDSPRE01,,
ARMS_Getxo_G1_20200624_20201103_SF40_s1_r1:Otu133,technicalReplicateID,,,http://vocab.nerc.ac.uk/collection/P01/current/IDTCRE01,,
ARMS_Getxo_G1_20200624_20201103_SF40_s1_r1:Otu134,submergedTime,day,132,http://vocab.nerc.ac.uk/collection/P01/current/AZDRZZ01/,https://vocab.nerc.ac.uk/collection/P06/current/UTAA/,
ARMS_Getxo_G1_20200624_20201103_SF40_s1_r1:Otu134,preservativeUsed,,DMSO,http://vocab.nerc.ac.uk/collection/Q01/current/Q0100004/,,https://pubchem.ncbi.nlm.nih.gov/compound/679
ARMS_Getxo_G1_20200624_20201103_SF40_s1_r1:Otu134,lowerLimitFilterSize,micrometer,40,http://vocab.nerc.ac.uk/collection/Q01/current/Q0100011/,https://vocab.nerc.ac.uk/collection/P06/current/UMIC/,
ARMS_Getxo_G1_20200624_20201103_SF40_s1_r1:Otu134,sampleAccessionNumber,,SAMEA10021242,,,
ARMS_Getxo_G1_20200624_20201103_SF40_s1_r1:Otu134,NCBIID,,2759,,,
ARMS_Getxo_G1_20200624_20201103_SF40_s1_r1:Otu134,NCBIScientificName,,Eukaryota,,,
ARMS_Getxo_G1_20200624_20201103_SF40_s1_r1:Otu134,NCBITaxonRank,,domain,,,
ARMS_Getxo_G1_20200624_20201103_SF40_s1_r1:Otu134,fieldReplicateID,,ARMS_Getxo_G_20200624_20201103,http://vocab.nerc.ac.uk/collection/P01/current/IDSPRE01,,
ARMS_Getxo_G1_20200624_20201103_SF40_s1_r1:Otu134,technicalReplicateID,,,http://vocab.nerc.ac.uk/collection/P01/current/IDTCRE01,,
ARMS_Getxo_G1_20200624_20201103_SF40_s1_r1:Otu16,submergedTime,day,132,http://vocab.nerc.ac.uk/collection/P01/current/AZDRZZ01/,https://vocab.nerc.ac.uk/collection/P06/current/UTAA/,
ARMS_Getxo_G1_20200624_20201103_SF40_s1_r1:Otu16,preservativeUsed,,DMSO,http://vocab.nerc.ac.uk/collection/Q01/current/Q0100004/,,https://pubchem.ncbi.nlm.nih.gov/compound/679
ARMS_Getxo_G1_20200624_20201103_SF40_s1_r1:Otu16,lowerLimitFilterSize,micrometer,40,http://vocab.nerc.ac.uk/collection/Q01/current/Q0100011/,https://vocab.nerc.ac.uk/collection/P06/current/UMIC/,
ARMS_Getxo_G1_20200624_20201103_SF40_s1_r1:Otu16,sampleAccessionNumber,,SAMEA10021242,,,
ARMS_Getxo_G1_20200624_20201103_SF40_s1_r1:Otu16,NCBIID,,219170,,,
ARMS_Getxo_G1_20200624_20201103_SF40_s1_r1:Otu16,NCBIScientificName,,Folliculinidae,,,
ARMS_Getxo_G1_20200624_20201103_SF40_s1_r1:Otu16,NCBITaxonRank,,family,,,
ARMS_Getxo_G1_20200624_20201103_SF40_s1_r1:Otu16,fieldReplicateID,,ARMS_Getxo_G_20200624_20201103,http://vocab.nerc.ac.uk/collection/P01/current/IDSPRE01,,
ARMS_Getxo_G1_20200624_20201103_SF40_s1_r1:Otu16,technicalReplicateID,,,http://vocab.nerc.ac.uk/collection/P01/current/IDTCRE01,,
ARMS_Getxo_G1_20200624_20201103_SF40_s1_r1:Otu10,submergedTime,day,132,http://vocab.nerc.ac.uk/collection/P01/current/AZDRZZ01/,https://vocab.nerc.ac.uk/collection/P06/current/UTAA/,
ARMS_Getxo_G1_20200624_20201103_SF40_s1_r1:Otu10,preservativeUsed,,DMSO,http://vocab.nerc.ac.uk/collection/Q01/current/Q0100004/,,https://pubchem.ncbi.nlm.nih.gov/compound/679
ARMS_Getxo_G1_20200624_20201103_SF40_s1_r1:Otu10,lowerLimitFilterSize,micrometer,40,http://vocab.nerc.ac.uk/collection/Q01/current/Q0100011/,https://vocab.nerc.ac.uk/collection/P06/current/UMIC/,
ARMS_Getxo_G1_20200624_20201103_SF40_s1_r1:Otu10,sampleAccessionNumber,,SAMEA10021242,,,
ARMS_Getxo_G1_20200624_20201103_SF40_s1_r1:Otu10,NCBIID,,119397,,,
ARMS_Getxo_G1_20200624_20201103_SF40_s1_r1:Otu10,NCBIScientificName,,Neritopsina,,,
ARMS_Getxo_G1_20200624_20201103_SF40_s1_r1:Otu10,NCBITaxonRank,,subclass,,,
ARMS_Getxo_G1_20200624_20201103_SF40_s1_r1:Otu10,fieldReplicateID,,ARMS_Getxo_G_20200624_20201103,http://vocab.nerc.ac.uk/collection/P01/current/IDSPRE01,,
ARMS_Getxo_G1_20200624_20201103_SF40_s1_r1:Otu10,technicalReplicateID,,,http://vocab.nerc.ac.uk/collection/P01/current/IDTCRE01,,
ARMS_Getxo_G1_20200624_20201103_SF40_s1_r1:Otu11,submergedTime,day,132,http://vocab.nerc.ac.uk/collection/P01/current/AZDRZZ01/,https://vocab.nerc.ac.uk/collection/P06/current/UTAA/,
ARMS_Getxo_G1_20200624_20201103_SF40_s1_r1:Otu11,preservativeUsed,,DMSO,http://vocab.nerc.ac.uk/collection/Q01/current/Q0100004/,,https://pubchem.ncbi.nlm.nih.gov/compound/679
ARMS_Getxo_G1_20200624_20201103_SF40_s1_r1:Otu11,lowerLimitFilterSize,micrometer,40,http://vocab.nerc.ac.uk/collection/Q01/current/Q0100011/,https://vocab.nerc.ac.uk/collection/P06/current/UMIC/,
ARMS_Getxo_G1_20200624_20201103_SF40_s1_r1:Otu11,sampleAccessionNumber,,SAMEA10021242,,,
ARMS_Getxo_G1_20200624_20201103_SF40_s1_r1:Otu11,NCBIID,,512235,,,
ARMS_Getxo_G1_20200624_20201103_SF40_s1_r1:Otu11,NCBIScientificName,,Paramenophia,,,
ARMS_Getxo_G1_20200624_20201103_SF40_s1_r1:Otu11,NCBITaxonRank,,genus,,,
ARMS_Getxo_G1_20200624_20201103_SF40_s1_r1:Otu11,fieldReplicateID,,ARMS_Getxo_G_20200624_20201103,http://vocab.nerc.ac.uk/collection/P01/current/IDSPRE01,,
ARMS_Getxo_G1_20200624_20201103_SF40_s1_r1:Otu11,technicalReplicateID,,,http://vocab.nerc.ac.uk/collection/P01/current/IDTCRE01,,
ARMS_Getxo_G1_20200624_20201103_SF40_s1_r1:Otu13,submergedTime,day,132,http://vocab.nerc.ac.uk/collection/P01/current/AZDRZZ01/,https://vocab.nerc.ac.uk/collection/P06/current/UTAA/,
ARMS_Getxo_G1_20200624_20201103_SF40_s1_r1:Otu13,preservativeUsed,,DMSO,http://vocab.nerc.ac.uk/collection/Q01/current/Q0100004/,,https://pubchem.ncbi.nlm.nih.gov/compound/679
ARMS_Getxo_G1_20200624_20201103_SF40_s1_r1:Otu13,lowerLimitFilterSize,micrometer,40,http://vocab.nerc.ac.uk/collection/Q01/current/Q0100011/,https://vocab.nerc.ac.uk/collection/P06/current/UMIC/,
ARMS_Getxo_G1_20200624_20201103_SF40_s1_r1:Otu13,sampleAccessionNumber,,SAMEA10021242,,,
ARMS_Getxo_G1_20200624_20201103_SF40_s1_r1:Otu13,NCBIID,,69555,,,
ARMS_Getxo_G1_20200624_20201103_SF40_s1_r1:Otu13,NCBIScientificName,,Caenogastropoda,,,
ARMS_Getxo_G1_20200624_20201103_SF40_s1_r1:Otu13,NCBITaxonRank,,subclass,,,
ARMS_Getxo_G1_20200624_20201103_SF40_s1_r1:Otu13,fieldReplicateID,,ARMS_Getxo_G_20200624_20201103,http://vocab.nerc.ac.uk/collection/P01/current/IDSPRE01,,
ARMS_Getxo_G1_20200624_20201103_SF40_s1_r1:Otu13,technicalReplicateID,,,http://vocab.nerc.ac.uk/collection/P01/current/IDTCRE01,,
ARMS_Getxo_G1_20200624_20201103_SF40_s1_r1:Otu18,submergedTime,day,132,http://vocab.nerc.ac.uk/collection/P01/current/AZDRZZ01/,https://vocab.nerc.ac.uk/collection/P06/current/UTAA/,
ARMS_Getxo_G1_20200624_20201103_SF40_s1_r1:Otu18,preservativeUsed,,DMSO,http://vocab.nerc.ac.uk/collection/Q01/current/Q0100004/,,https://pubchem.ncbi.nlm.nih.gov/compound/679
ARMS_Getxo_G1_20200624_20201103_SF40_s1_r1:Otu18,lowerLimitFilterSize,micrometer,40,http://vocab.nerc.ac.uk/collection/Q01/current/Q0100011/,https://vocab.nerc.ac.uk/collection/P06/current/UMIC/,
ARMS_Getxo_G1_20200624_20201103_SF40_s1_r1:Otu18,sampleAccessionNumber,,SAMEA10021242,,,
ARMS_Getxo_G1_20200624_20201103_SF40_s1_r1:Otu18,NCBIID,,6340,,,
ARMS_Getxo_G1_20200624_20201103_SF40_s1_r1:Otu18,NCBIScientificName,,Annelida,,,
ARMS_Getxo_G1_20200624_20201103_SF40_s1_r1:Otu18,NCBITaxonRank,,phylum,,,
ARMS_Getxo_G1_20200624_20201103_SF40_s1_r1:Otu18,fieldReplicateID,,ARMS_Getxo_G_20200624_20201103,http://vocab.nerc.ac.uk/collection/P01/current/IDSPRE01,,
ARMS_Getxo_G1_20200624_20201103_SF40_s1_r1:Otu18,technicalReplicateID,,,http://vocab.nerc.ac.uk/collection/P01/current/IDTCRE01,,
ARMS_Getxo_G1_20200624_20201103_SF40_s1_r1:Otu19,submergedTime,day,132,http://vocab.nerc.ac.uk/collection/P01/current/AZDRZZ01/,https://vocab.nerc.ac.uk/collection/P06/current/UTAA/,
ARMS_Getxo_G1_20200624_20201103_SF40_s1_r1:Otu19,preservativeUsed,,DMSO,http://vocab.nerc.ac.uk/collection/Q01/current/Q0100004/,,https://pubchem.ncbi.nlm.nih.gov/compound/679
ARMS_Getxo_G1_20200624_20201103_SF40_s1_r1:Otu19,lowerLimitFilterSize,micrometer,40,http://vocab.nerc.ac.uk/collection/Q01/current/Q0100011/,https://vocab.nerc.ac.uk/collection/P06/current/UMIC/,
ARMS_Getxo_G1_20200624_20201103_SF40_s1_r1:Otu19,sampleAccessionNumber,,SAMEA10021242,,,
ARMS_Getxo_G1_20200624_20201103_SF40_s1_r1:Otu19,NCBIID,,71176,,,
ARMS_Getxo_G1_20200624_20201103_SF40_s1_r1:Otu19,NCBIScientificName,,Chelyosoma,,,
ARMS_Getxo_G1_20200624_20201103_SF40_s1_r1:Otu19,NCBITaxonRank,,genus,,,
ARMS_Getxo_G1_20200624_20201103_SF40_s1_r1:Otu19,fieldReplicateID,,ARMS_Getxo_G_20200624_20201103,http://vocab.nerc.ac.uk/collection/P01/current/IDSPRE01,,
ARMS_Getxo_G1_20200624_20201103_SF40_s1_r1:Otu19,technicalReplicateID,,,http://vocab.nerc.ac.uk/collection/P01/current/IDTCRE01,,
ARMS_Getxo_G1_20200624_20201103_SF40_s1_r1:Otu189,submergedTime,day,132,http://vocab.nerc.ac.uk/collection/P01/current/AZDRZZ01/,https://vocab.nerc.ac.uk/collection/P06/current/UTAA/,
ARMS_Getxo_G1_20200624_20201103_SF40_s1_r1:Otu189,preservativeUsed,,DMSO,http://vocab.nerc.ac.uk/collection/Q01/current/Q0100004/,,https://pubchem.ncbi.nlm.nih.gov/compound/679
ARMS_Getxo_G1_20200624_20201103_SF40_s1_r1:Otu189,lowerLimitFilterSize,micrometer,40,http://vocab.nerc.ac.uk/collection/Q01/current/Q0100011/,https://vocab.nerc.ac.uk/collection/P06/current/UMIC/,
ARMS_Getxo_G1_20200624_20201103_SF40_s1_r1:Otu189,sampleAccessionNumber,,SAMEA10021242,,,
ARMS_Getxo_G1_20200624_20201103_SF40_s1_r1:Otu189,NCBIID,,41455,,,
ARMS_Getxo_G1_20200624_20201103_SF40_s1_r1:Otu189,NCBIScientificName,,Polymyxa,,,
ARMS_Getxo_G1_20200624_20201103_SF40_s1_r1:Otu189,NCBITaxonRank,,genus,,,
ARMS_Getxo_G1_20200624_20201103_SF40_s1_r1:Otu189,fieldReplicateID,,ARMS_Getxo_G_20200624_20201103,http://vocab.nerc.ac.uk/collection/P01/current/IDSPRE01,,
ARMS_Getxo_G1_20200624_20201103_SF40_s1_r1:Otu189,technicalReplicateID,,,http://vocab.nerc.ac.uk/collection/P01/current/IDTCRE01,,
ARMS_Getxo_G1_20200624_20201103_SF40_s1_r1:Otu188,submergedTime,day,132,http://vocab.nerc.ac.uk/collection/P01/current/AZDRZZ01/,https://vocab.nerc.ac.uk/collection/P06/current/UTAA/,
ARMS_Getxo_G1_20200624_20201103_SF40_s1_r1:Otu188,preservativeUsed,,DMSO,http://vocab.nerc.ac.uk/collection/Q01/current/Q0100004/,,https://pubchem.ncbi.nlm.nih.gov/compound/679
ARMS_Getxo_G1_20200624_20201103_SF40_s1_r1:Otu188,lowerLimitFilterSize,micrometer,40,http://vocab.nerc.ac.uk/collection/Q01/current/Q0100011/,https://vocab.nerc.ac.uk/collection/P06/current/UMIC/,
ARMS_Getxo_G1_20200624_20201103_SF40_s1_r1:Otu188,sampleAccessionNumber,,SAMEA10021242,,,
ARMS_Getxo_G1_20200624_20201103_SF40_s1_r1:Otu188,NCBIID,,451435,,,
ARMS_Getxo_G1_20200624_20201103_SF40_s1_r1:Otu188,NCBIScientificName,,Chytridiomycetes,,,
ARMS_Getxo_G1_20200624_20201103_SF40_s1_r1:Otu188,NCBITaxonRank,,class,,,
ARMS_Getxo_G1_20200624_20201103_SF40_s1_r1:Otu188,fieldReplicateID,,ARMS_Getxo_G_20200624_20201103,http://vocab.nerc.ac.uk/collection/P01/current/IDSPRE01,,
ARMS_Getxo_G1_20200624_20201103_SF40_s1_r1:Otu188,technicalReplicateID,,,http://vocab.nerc.ac.uk/collection/P01/current/IDTCRE01,,
ARMS_Getxo_G2_20200624_20201103_MF100_s1_r1:Otu29,submergedTime,day,132,http://vocab.nerc.ac.uk/collection/P01/current/AZDRZZ01/,https://vocab.nerc.ac.uk/collection/P06/current/UTAA/,
ARMS_Getxo_G2_20200624_20201103_MF100_s1_r1:Otu29,preservativeUsed,,DMSO,http://vocab.nerc.ac.uk/collection/Q01/current/Q0100004/,,https://pubchem.ncbi.nlm.nih.gov/compound/679
ARMS_Getxo_G2_20200624_20201103_MF100_s1_r1:Otu29,lowerLimitFilterSize,micrometer,100,http://vocab.nerc.ac.uk/collection/Q01/current/Q0100011/,https://vocab.nerc.ac.uk/collection/P06/current/UMIC/,
ARMS_Getxo_G2_20200624_20201103_MF100_s1_r1:Otu29,sampleAccessionNumber,,SAMEA10021248,,,
ARMS_Getxo_G2_20200624_20201103_MF100_s1_r1:Otu29,NCBIID,,2836,,,
ARMS_Getxo_G2_20200624_20201103_MF100_s1_r1:Otu29,NCBIScientificName,,Bacillariophyta,,,
ARMS_Getxo_G2_20200624_20201103_MF100_s1_r1:Otu29,NCBITaxonRank,,phylum,,,
ARMS_Getxo_G2_20200624_20201103_MF100_s1_r1:Otu29,fieldReplicateID,,ARMS_Getxo_G_20200624_20201103,http://vocab.nerc.ac.uk/collection/P01/current/IDSPRE01,,
ARMS_Getxo_G2_20200624_20201103_MF100_s1_r1:Otu29,technicalReplicateID,,,http://vocab.nerc.ac.uk/collection/P01/current/IDTCRE01,,
ARMS_Getxo_G2_20200624_20201103_MF100_s1_r1:Otu155,submergedTime,day,132,http://vocab.nerc.ac.uk/collection/P01/current/AZDRZZ01/,https://vocab.nerc.ac.uk/collection/P06/current/UTAA/,
ARMS_Getxo_G2_20200624_20201103_MF100_s1_r1:Otu155,preservativeUsed,,DMSO,http://vocab.nerc.ac.uk/collection/Q01/current/Q0100004/,,https://pubchem.ncbi.nlm.nih.gov/compound/679
ARMS_Getxo_G2_20200624_20201103_MF100_s1_r1:Otu155,lowerLimitFilterSize,micrometer,100,http://vocab.nerc.ac.uk/collection/Q01/current/Q0100011/,https://vocab.nerc.ac.uk/collection/P06/current/UMIC/,
ARMS_Getxo_G2_20200624_20201103_MF100_s1_r1:Otu155,sampleAccessionNumber,,SAMEA10021248,,,
ARMS_Getxo_G2_20200624_20201103_MF100_s1_r1:Otu155,NCBIID,,589449,,,
ARMS_Getxo_G2_20200624_20201103_MF100_s1_r1:Otu155,NCBIScientificName,,Polar-centric-Mediophyceae,,,
ARMS_Getxo_G2_20200624_20201103_MF100_s1_r1:Otu155,NCBITaxonRank,,class,,,
ARMS_Getxo_G2_20200624_20201103_MF100_s1_r1:Otu155,fieldReplicateID,,ARMS_Getxo_G_20200624_20201103,http://vocab.nerc.ac.uk/collection/P01/current/IDSPRE01,,
ARMS_Getxo_G2_20200624_20201103_MF100_s1_r1:Otu155,technicalReplicateID,,,http://vocab.nerc.ac.uk/collection/P01/current/IDTCRE01,,
ARMS_Getxo_G2_20200624_20201103_MF100_s1_r1:Otu7,submergedTime,day,132,http://vocab.nerc.ac.uk/collection/P01/current/AZDRZZ01/,https://vocab.nerc.ac.uk/collection/P06/current/UTAA/,
ARMS_Getxo_G2_20200624_20201103_MF100_s1_r1:Otu7,preservativeUsed,,DMSO,http://vocab.nerc.ac.uk/collection/Q01/current/Q0100004/,,https://pubchem.ncbi.nlm.nih.gov/compound/679
ARMS_Getxo_G2_20200624_20201103_MF100_s1_r1:Otu7,lowerLimitFilterSize,micrometer,100,http://vocab.nerc.ac.uk/collection/Q01/current/Q0100011/,https://vocab.nerc.ac.uk/collection/P06/current/UMIC/,
ARMS_Getxo_G2_20200624_20201103_MF100_s1_r1:Otu7,sampleAccessionNumber,,SAMEA10021248,,,
ARMS_Getxo_G2_20200624_20201103_MF100_s1_r1:Otu7,NCBIID,,6679,,,
ARMS_Getxo_G2_20200624_20201103_MF100_s1_r1:Otu7,NCBIScientificName,,Megabalanus,,,
ARMS_Getxo_G2_20200624_20201103_MF100_s1_r1:Otu7,NCBITaxonRank,,genus,,,
ARMS_Getxo_G2_20200624_20201103_MF100_s1_r1:Otu7,fieldReplicateID,,ARMS_Getxo_G_20200624_20201103,http://vocab.nerc.ac.uk/collection/P01/current/IDSPRE01,,
ARMS_Getxo_G2_20200624_20201103_MF100_s1_r1:Otu7,technicalReplicateID,,,http://vocab.nerc.ac.uk/collection/P01/current/IDTCRE01,,
ARMS_Getxo_G2_20200624_20201103_SF40_s1_r1:Otu385,submergedTime,day,132,http://vocab.nerc.ac.uk/collection/P01/current/AZDRZZ01/,https://vocab.nerc.ac.uk/collection/P06/current/UTAA/,
ARMS_Getxo_G2_20200624_20201103_SF40_s1_r1:Otu385,preservativeUsed,,DMSO,http://vocab.nerc.ac.uk/collection/Q01/current/Q0100004/,,https://pubchem.ncbi.nlm.nih.gov/compound/679
ARMS_Getxo_G2_20200624_20201103_SF40_s1_r1:Otu385,lowerLimitFilterSize,micrometer,40,http://vocab.nerc.ac.uk/collection/Q01/current/Q0100011/,https://vocab.nerc.ac.uk/collection/P06/current/UMIC/,
ARMS_Getxo_G2_20200624_20201103_SF40_s1_r1:Otu385,sampleAccessionNumber,,SAMEA10021251,,,
ARMS_Getxo_G2_20200624_20201103_SF40_s1_r1:Otu385,NCBIID,,6340,,,
ARMS_Getxo_G2_20200624_20201103_SF40_s1_r1:Otu385,NCBIScientificName,,Annelida,,,
ARMS_Getxo_G2_20200624_20201103_SF40_s1_r1:Otu385,NCBITaxonRank,,phylum,,,
ARMS_Getxo_G2_20200624_20201103_SF40_s1_r1:Otu385,fieldReplicateID,,ARMS_Getxo_G_20200624_20201103,http://vocab.nerc.ac.uk/collection/P01/current/IDSPRE01,,
ARMS_Getxo_G2_20200624_20201103_SF40_s1_r1:Otu385,technicalReplicateID,,,http://vocab.nerc.ac.uk/collection/P01/current/IDTCRE01,,
ARMS_Getxo_G2_20200624_20201103_SF40_s1_r1:Otu251,submergedTime,day,132,http://vocab.nerc.ac.uk/collection/P01/current/AZDRZZ01/,https://vocab.nerc.ac.uk/collection/P06/current/UTAA/,
ARMS_Getxo_G2_20200624_20201103_SF40_s1_r1:Otu251,preservativeUsed,,DMSO,http://vocab.nerc.ac.uk/collection/Q01/current/Q0100004/,,https://pubchem.ncbi.nlm.nih.gov/compound/679
ARMS_Getxo_G2_20200624_20201103_SF40_s1_r1:Otu251,lowerLimitFilterSize,micrometer,40,http://vocab.nerc.ac.uk/collection/Q01/current/Q0100011/,https://vocab.nerc.ac.uk/collection/P06/current/UMIC/,
ARMS_Getxo_G2_20200624_20201103_SF40_s1_r1:Otu251,sampleAccessionNumber,,SAMEA10021251,,,
ARMS_Getxo_G2_20200624_20201103_SF40_s1_r1:Otu251,NCBIID,,283780,,,
ARMS_Getxo_G2_20200624_20201103_SF40_s1_r1:Otu251,NCBIScientificName,,Ficopomatus_enigmaticus,,,
ARMS_Getxo_G2_20200624_20201103_SF40_s1_r1:Otu251,NCBITaxonRank,,species,,,
ARMS_Getxo_G2_20200624_20201103_SF40_s1_r1:Otu251,fieldReplicateID,,ARMS_Getxo_G_20200624_20201103,http://vocab.nerc.ac.uk/collection/P01/current/IDSPRE01,,
ARMS_Getxo_G2_20200624_20201103_SF40_s1_r1:Otu251,technicalReplicateID,,,http://vocab.nerc.ac.uk/collection/P01/current/IDTCRE01,,
ARMS_Getxo_G2_20200624_20201103_SF40_s1_r1:Otu257,submergedTime,day,132,http://vocab.nerc.ac.uk/collection/P01/current/AZDRZZ01/,https://vocab.nerc.ac.uk/collection/P06/current/UTAA/,
ARMS_Getxo_G2_20200624_20201103_SF40_s1_r1:Otu257,preservativeUsed,,DMSO,http://vocab.nerc.ac.uk/collection/Q01/current/Q0100004/,,https://pubchem.ncbi.nlm.nih.gov/compound/679
ARMS_Getxo_G2_20200624_20201103_SF40_s1_r1:Otu257,lowerLimitFilterSize,micrometer,40,http://vocab.nerc.ac.uk/collection/Q01/current/Q0100011/,https://vocab.nerc.ac.uk/collection/P06/current/UMIC/,
ARMS_Getxo_G2_20200624_20201103_SF40_s1_r1:Otu257,sampleAccessionNumber,,SAMEA10021251,,,
ARMS_Getxo_G2_20200624_20201103_SF40_s1_r1:Otu257,NCBIID,,37858,,,
ARMS_Getxo_G2_20200624_20201103_SF40_s1_r1:Otu257,NCBIScientificName,,Ostrea,,,
ARMS_Getxo_G2_20200624_20201103_SF40_s1_r1:Otu257,NCBITaxonRank,,genus,,,
ARMS_Getxo_G2_20200624_20201103_SF40_s1_r1:Otu257,fieldReplicateID,,ARMS_Getxo_G_20200624_20201103,http://vocab.nerc.ac.uk/collection/P01/current/IDSPRE01,,
ARMS_Getxo_G2_20200624_20201103_SF40_s1_r1:Otu257,technicalReplicateID,,,http://vocab.nerc.ac.uk/collection/P01/current/IDTCRE01,,
ARMS_Getxo_G2_20200624_20201103_SF40_s1_r1:Otu258,submergedTime,day,132,http://vocab.nerc.ac.uk/collection/P01/current/AZDRZZ01/,https://vocab.nerc.ac.uk/collection/P06/current/UTAA/,
ARMS_Getxo_G2_20200624_20201103_SF40_s1_r1:Otu258,preservativeUsed,,DMSO,http://vocab.nerc.ac.uk/collection/Q01/current/Q0100004/,,https://pubchem.ncbi.nlm.nih.gov/compound/679
ARMS_Getxo_G2_20200624_20201103_SF40_s1_r1:Otu258,lowerLimitFilterSize,micrometer,40,http://vocab.nerc.ac.uk/collection/Q01/current/Q0100011/,https://vocab.nerc.ac.uk/collection/P06/current/UMIC/,
ARMS_Getxo_G2_20200624_20201103_SF40_s1_r1:Otu258,sampleAccessionNumber,,SAMEA10021251,,,
ARMS_Getxo_G2_20200624_20201103_SF40_s1_r1:Otu258,NCBIID,,7718,,,
ARMS_Getxo_G2_20200624_20201103_SF40_s1_r1:Otu258,NCBIScientificName,,Ciona,,,
ARMS_Getxo_G2_20200624_20201103_SF40_s1_r1:Otu258,NCBITaxonRank,,genus,,,
ARMS_Getxo_G2_20200624_20201103_SF40_s1_r1:Otu258,fieldReplicateID,,ARMS_Getxo_G_20200624_20201103,http://vocab.nerc.ac.uk/collection/P01/current/IDSPRE01,,
ARMS_Getxo_G2_20200624_20201103_SF40_s1_r1:Otu258,technicalReplicateID,,,http://vocab.nerc.ac.uk/collection/P01/current/IDTCRE01,,
ARMS_Getxo_G2_20200624_20201103_SF40_s1_r1:Otu28,submergedTime,day,132,http://vocab.nerc.ac.uk/collection/P01/current/AZDRZZ01/,https://vocab.nerc.ac.uk/collection/P06/current/UTAA/,
ARMS_Getxo_G2_20200624_20201103_SF40_s1_r1:Otu28,preservativeUsed,,DMSO,http://vocab.nerc.ac.uk/collection/Q01/current/Q0100004/,,https://pubchem.ncbi.nlm.nih.gov/compound/679
ARMS_Getxo_G2_20200624_20201103_SF40_s1_r1:Otu28,lowerLimitFilterSize,micrometer,40,http://vocab.nerc.ac.uk/collection/Q01/current/Q0100011/,https://vocab.nerc.ac.uk/collection/P06/current/UMIC/,
ARMS_Getxo_G2_20200624_20201103_SF40_s1_r1:Otu28,sampleAccessionNumber,,SAMEA10021251,,,
ARMS_Getxo_G2_20200624_20201103_SF40_s1_r1:Otu28,NCBIID,,37858,,,
ARMS_Getxo_G2_20200624_20201103_SF40_s1_r1:Otu28,NCBIScientificName,,Ostrea,,,
ARMS_Getxo_G2_20200624_20201103_SF40_s1_r1:Otu28,NCBITaxonRank,,genus,,,
ARMS_Getxo_G2_20200624_20201103_SF40_s1_r1:Otu28,fieldReplicateID,,ARMS_Getxo_G_20200624_20201103,http://vocab.nerc.ac.uk/collection/P01/current/IDSPRE01,,
ARMS_Getxo_G2_20200624_20201103_SF40_s1_r1:Otu28,technicalReplicateID,,,http://vocab.nerc.ac.uk/collection/P01/current/IDTCRE01,,
ARMS_Getxo_G2_20200624_20201103_SF40_s1_r1:Otu176,submergedTime,day,132,http://vocab.nerc.ac.uk/collection/P01/current/AZDRZZ01/,https://vocab.nerc.ac.uk/collection/P06/current/UTAA/,
ARMS_Getxo_G2_20200624_20201103_SF40_s1_r1:Otu176,preservativeUsed,,DMSO,http://vocab.nerc.ac.uk/collection/Q01/current/Q0100004/,,https://pubchem.ncbi.nlm.nih.gov/compound/679
ARMS_Getxo_G2_20200624_20201103_SF40_s1_r1:Otu176,lowerLimitFilterSize,micrometer,40,http://vocab.nerc.ac.uk/collection/Q01/current/Q0100011/,https://vocab.nerc.ac.uk/collection/P06/current/UMIC/,
ARMS_Getxo_G2_20200624_20201103_SF40_s1_r1:Otu176,sampleAccessionNumber,,SAMEA10021251,,,
ARMS_Getxo_G2_20200624_20201103_SF40_s1_r1:Otu176,NCBIID,,31257,,,
ARMS_Getxo_G2_20200624_20201103_SF40_s1_r1:Otu176,NCBIScientificName,,Stylochus,,,
ARMS_Getxo_G2_20200624_20201103_SF40_s1_r1:Otu176,NCBITaxonRank,,genus,,,
ARMS_Getxo_G2_20200624_20201103_SF40_s1_r1:Otu176,fieldReplicateID,,ARMS_Getxo_G_20200624_20201103,http://vocab.nerc.ac.uk/collection/P01/current/IDSPRE01,,
ARMS_Getxo_G2_20200624_20201103_SF40_s1_r1:Otu176,technicalReplicateID,,,http://vocab.nerc.ac.uk/collection/P01/current/IDTCRE01,,
ARMS_Getxo_G2_20200624_20201103_SF40_s1_r1:Otu513,submergedTime,day,132,http://vocab.nerc.ac.uk/collection/P01/current/AZDRZZ01/,https://vocab.nerc.ac.uk/collection/P06/current/UTAA/,
ARMS_Getxo_G2_20200624_20201103_SF40_s1_r1:Otu513,preservativeUsed,,DMSO,http://vocab.nerc.ac.uk/collection/Q01/current/Q0100004/,,https://pubchem.ncbi.nlm.nih.gov/compound/679
ARMS_Getxo_G2_20200624_20201103_SF40_s1_r1:Otu513,lowerLimitFilterSize,micrometer,40,http://vocab.nerc.ac.uk/collection/Q01/current/Q0100011/,https://vocab.nerc.ac.uk/collection/P06/current/UMIC/,
ARMS_Getxo_G2_20200624_20201103_SF40_s1_r1:Otu513,sampleAccessionNumber,,SAMEA10021251,,,
ARMS_Getxo_G2_20200624_20201103_SF40_s1_r1:Otu513,NCBIID,,216740,,,
ARMS_Getxo_G2_20200624_20201103_SF40_s1_r1:Otu513,NCBIScientificName,,Sellaphora,,,
ARMS_Getxo_G2_20200624_20201103_SF40_s1_r1:Otu513,NCBITaxonRank,,genus,,,
ARMS_Getxo_G2_20200624_20201103_SF40_s1_r1:Otu513,fieldReplicateID,,ARMS_Getxo_G_20200624_20201103,http://vocab.nerc.ac.uk/collection/P01/current/IDSPRE01,,
ARMS_Getxo_G2_20200624_20201103_SF40_s1_r1:Otu513,technicalReplicateID,,,http://vocab.nerc.ac.uk/collection/P01/current/IDTCRE01,,
ARMS_Getxo_G2_20200624_20201103_SF40_s1_r1:Otu515,submergedTime,day,132,http://vocab.nerc.ac.uk/collection/P01/current/AZDRZZ01/,https://vocab.nerc.ac.uk/collection/P06/current/UTAA/,
ARMS_Getxo_G2_20200624_20201103_SF40_s1_r1:Otu515,preservativeUsed,,DMSO,http://vocab.nerc.ac.uk/collection/Q01/current/Q0100004/,,https://pubchem.ncbi.nlm.nih.gov/compound/679
ARMS_Getxo_G2_20200624_20201103_SF40_s1_r1:Otu515,lowerLimitFilterSize,micrometer,40,http://vocab.nerc.ac.uk/collection/Q01/current/Q0100011/,https://vocab.nerc.ac.uk/collection/P06/current/UMIC/,
ARMS_Getxo_G2_20200624_20201103_SF40_s1_r1:Otu515,sampleAccessionNumber,,SAMEA10021251,,,
ARMS_Getxo_G2_20200624_20201103_SF40_s1_r1:Otu515,NCBIID,,6564,,,
ARMS_Getxo_G2_20200624_20201103_SF40_s1_r1:Otu515,NCBIScientificName,,Crassostrea,,,
ARMS_Getxo_G2_20200624_20201103_SF40_s1_r1:Otu515,NCBITaxonRank,,genus,,,
ARMS_Getxo_G2_20200624_20201103_SF40_s1_r1:Otu515,fieldReplicateID,,ARMS_Getxo_G_20200624_20201103,http://vocab.nerc.ac.uk/collection/P01/current/IDSPRE01,,
ARMS_Getxo_G2_20200624_20201103_SF40_s1_r1:Otu515,technicalReplicateID,,,http://vocab.nerc.ac.uk/collection/P01/current/IDTCRE01,,
ARMS_Getxo_G2_20200624_20201103_SF40_s1_r1:Otu124,submergedTime,day,132,http://vocab.nerc.ac.uk/collection/P01/current/AZDRZZ01/,https://vocab.nerc.ac.uk/collection/P06/current/UTAA/,
ARMS_Getxo_G2_20200624_20201103_SF40_s1_r1:Otu124,preservativeUsed,,DMSO,http://vocab.nerc.ac.uk/collection/Q01/current/Q0100004/,,https://pubchem.ncbi.nlm.nih.gov/compound/679
ARMS_Getxo_G2_20200624_20201103_SF40_s1_r1:Otu124,lowerLimitFilterSize,micrometer,40,http://vocab.nerc.ac.uk/collection/Q01/current/Q0100011/,https://vocab.nerc.ac.uk/collection/P06/current/UMIC/,
ARMS_Getxo_G2_20200624_20201103_SF40_s1_r1:Otu124,sampleAccessionNumber,,SAMEA10021251,,,
ARMS_Getxo_G2_20200624_20201103_SF40_s1_r1:Otu124,NCBIID,,79788,,,
ARMS_Getxo_G2_20200624_20201103_SF40_s1_r1:Otu124,NCBIScientificName,,Prolecithophora,,,
ARMS_Getxo_G2_20200624_20201103_SF40_s1_r1:Otu124,NCBITaxonRank,,order,,,
ARMS_Getxo_G2_20200624_20201103_SF40_s1_r1:Otu124,fieldReplicateID,,ARMS_Getxo_G_20200624_20201103,http://vocab.nerc.ac.uk/collection/P01/current/IDSPRE01,,
ARMS_Getxo_G2_20200624_20201103_SF40_s1_r1:Otu124,technicalReplicateID,,,http://vocab.nerc.ac.uk/collection/P01/current/IDTCRE01,,
ARMS_Getxo_G2_20200624_20201103_SF40_s1_r1:Otu61,submergedTime,day,132,http://vocab.nerc.ac.uk/collection/P01/current/AZDRZZ01/,https://vocab.nerc.ac.uk/collection/P06/current/UTAA/,
ARMS_Getxo_G2_20200624_20201103_SF40_s1_r1:Otu61,preservativeUsed,,DMSO,http://vocab.nerc.ac.uk/collection/Q01/current/Q0100004/,,https://pubchem.ncbi.nlm.nih.gov/compound/679
ARMS_Getxo_G2_20200624_20201103_SF40_s1_r1:Otu61,lowerLimitFilterSize,micrometer,40,http://vocab.nerc.ac.uk/collection/Q01/current/Q0100011/,https://vocab.nerc.ac.uk/collection/P06/current/UMIC/,
ARMS_Getxo_G2_20200624_20201103_SF40_s1_r1:Otu61,sampleAccessionNumber,,SAMEA10021251,,,
ARMS_Getxo_G2_20200624_20201103_SF40_s1_r1:Otu61,NCBIID,,6042,,,
ARMS_Getxo_G2_20200624_20201103_SF40_s1_r1:Otu61,NCBIScientificName,,Demospongiae,,,
ARMS_Getxo_G2_20200624_20201103_SF40_s1_r1:Otu61,NCBITaxonRank,,class,,,
ARMS_Getxo_G2_20200624_20201103_SF40_s1_r1:Otu61,fieldReplicateID,,ARMS_Getxo_G_20200624_20201103,http://vocab.nerc.ac.uk/collection/P01/current/IDSPRE01,,
ARMS_Getxo_G2_20200624_20201103_SF40_s1_r1:Otu61,technicalReplicateID,,,http://vocab.nerc.ac.uk/collection/P01/current/IDTCRE01,,
ARMS_Getxo_G2_20200624_20201103_SF40_s1_r1:Otu468,submergedTime,day,132,http://vocab.nerc.ac.uk/collection/P01/current/AZDRZZ01/,https://vocab.nerc.ac.uk/collection/P06/current/UTAA/,
ARMS_Getxo_G2_20200624_20201103_SF40_s1_r1:Otu468,preservativeUsed,,DMSO,http://vocab.nerc.ac.uk/collection/Q01/current/Q0100004/,,https://pubchem.ncbi.nlm.nih.gov/compound/679
ARMS_Getxo_G2_20200624_20201103_SF40_s1_r1:Otu468,lowerLimitFilterSize,micrometer,40,http://vocab.nerc.ac.uk/collection/Q01/current/Q0100011/,https://vocab.nerc.ac.uk/collection/P06/current/UMIC/,
ARMS_Getxo_G2_20200624_20201103_SF40_s1_r1:Otu468,sampleAccessionNumber,,SAMEA10021251,,,
ARMS_Getxo_G2_20200624_20201103_SF40_s1_r1:Otu468,NCBIID,,65574,,,
ARMS_Getxo_G2_20200624_20201103_SF40_s1_r1:Otu468,NCBIScientificName,,Radiolaria,,,
ARMS_Getxo_G2_20200624_20201103_SF40_s1_r1:Otu468,NCBITaxonRank,,class,,,
ARMS_Getxo_G2_20200624_20201103_SF40_s1_r1:Otu468,fieldReplicateID,,ARMS_Getxo_G_20200624_20201103,http://vocab.nerc.ac.uk/collection/P01/current/IDSPRE01,,
ARMS_Getxo_G2_20200624_20201103_SF40_s1_r1:Otu468,technicalReplicateID,,,http://vocab.nerc.ac.uk/collection/P01/current/IDTCRE01,,
ARMS_Getxo_G2_20200624_20201103_SF40_s1_r1:Otu116,submergedTime,day,132,http://vocab.nerc.ac.uk/collection/P01/current/AZDRZZ01/,https://vocab.nerc.ac.uk/collection/P06/current/UTAA/,
ARMS_Getxo_G2_20200624_20201103_SF40_s1_r1:Otu116,preservativeUsed,,DMSO,http://vocab.nerc.ac.uk/collection/Q01/current/Q0100004/,,https://pubchem.ncbi.nlm.nih.gov/compound/679
ARMS_Getxo_G2_20200624_20201103_SF40_s1_r1:Otu116,lowerLimitFilterSize,micrometer,40,http://vocab.nerc.ac.uk/collection/Q01/current/Q0100011/,https://vocab.nerc.ac.uk/collection/P06/current/UMIC/,
ARMS_Getxo_G2_20200624_20201103_SF40_s1_r1:Otu116,sampleAccessionNumber,,SAMEA10021251,,,
ARMS_Getxo_G2_20200624_20201103_SF40_s1_r1:Otu116,NCBIID,,3034647,,,
ARMS_Getxo_G2_20200624_20201103_SF40_s1_r1:Otu116,NCBIScientificName,,Hydroides_trivesiculosus,,,
ARMS_Getxo_G2_20200624_20201103_SF40_s1_r1:Otu116,NCBITaxonRank,,species,,,
ARMS_Getxo_G2_20200624_20201103_SF40_s1_r1:Otu116,fieldReplicateID,,ARMS_Getxo_G_20200624_20201103,http://vocab.nerc.ac.uk/collection/P01/current/IDSPRE01,,
ARMS_Getxo_G2_20200624_20201103_SF40_s1_r1:Otu116,technicalReplicateID,,,http://vocab.nerc.ac.uk/collection/P01/current/IDTCRE01,,
ARMS_Getxo_G2_20200624_20201103_SF40_s1_r1:Otu36,submergedTime,day,132,http://vocab.nerc.ac.uk/collection/P01/current/AZDRZZ01/,https://vocab.nerc.ac.uk/collection/P06/current/UTAA/,
ARMS_Getxo_G2_20200624_20201103_SF40_s1_r1:Otu36,preservativeUsed,,DMSO,http://vocab.nerc.ac.uk/collection/Q01/current/Q0100004/,,https://pubchem.ncbi.nlm.nih.gov/compound/679
ARMS_Getxo_G2_20200624_20201103_SF40_s1_r1:Otu36,lowerLimitFilterSize,micrometer,40,http://vocab.nerc.ac.uk/collection/Q01/current/Q0100011/,https://vocab.nerc.ac.uk/collection/P06/current/UMIC/,
ARMS_Getxo_G2_20200624_20201103_SF40_s1_r1:Otu36,sampleAccessionNumber,,SAMEA10021251,,,
ARMS_Getxo_G2_20200624_20201103_SF40_s1_r1:Otu36,NCBIID,,5934,,,
ARMS_Getxo_G2_20200624_20201103_SF40_s1_r1:Otu36,NCBIScientificName,,Hypotrichia,,,
ARMS_Getxo_G2_20200624_20201103_SF40_s1_r1:Otu36,NCBITaxonRank,,subclass,,,
ARMS_Getxo_G2_20200624_20201103_SF40_s1_r1:Otu36,fieldReplicateID,,ARMS_Getxo_G_20200624_20201103,http://vocab.nerc.ac.uk/collection/P01/current/IDSPRE01,,
ARMS_Getxo_G2_20200624_20201103_SF40_s1_r1:Otu36,technicalReplicateID,,,http://vocab.nerc.ac.uk/collection/P01/current/IDTCRE01,,
ARMS_Getxo_G2_20200624_20201103_SF40_s1_r1:Otu33,submergedTime,day,132,http://vocab.nerc.ac.uk/collection/P01/current/AZDRZZ01/,https://vocab.nerc.ac.uk/collection/P06/current/UTAA/,
ARMS_Getxo_G2_20200624_20201103_SF40_s1_r1:Otu33,preservativeUsed,,DMSO,http://vocab.nerc.ac.uk/collection/Q01/current/Q0100004/,,https://pubchem.ncbi.nlm.nih.gov/compound/679
ARMS_Getxo_G2_20200624_20201103_SF40_s1_r1:Otu33,lowerLimitFilterSize,micrometer,40,http://vocab.nerc.ac.uk/collection/Q01/current/Q0100011/,https://vocab.nerc.ac.uk/collection/P06/current/UMIC/,
ARMS_Getxo_G2_20200624_20201103_SF40_s1_r1:Otu33,sampleAccessionNumber,,SAMEA10021251,,,
ARMS_Getxo_G2_20200624_20201103_SF40_s1_r1:Otu33,NCBIID,,4751,,,
ARMS_Getxo_G2_20200624_20201103_SF40_s1_r1:Otu33,NCBIScientificName,,Fungi,,,
ARMS_Getxo_G2_20200624_20201103_SF40_s1_r1:Otu33,NCBITaxonRank,,kingdom,,,
ARMS_Getxo_G2_20200624_20201103_SF40_s1_r1:Otu33,fieldReplicateID,,ARMS_Getxo_G_20200624_20201103,http://vocab.nerc.ac.uk/collection/P01/current/IDSPRE01,,
ARMS_Getxo_G2_20200624_20201103_SF40_s1_r1:Otu33,technicalReplicateID,,,http://vocab.nerc.ac.uk/collection/P01/current/IDTCRE01,,
ARMS_Getxo_G2_20200624_20201103_SF40_s1_r1:Otu31,submergedTime,day,132,http://vocab.nerc.ac.uk/collection/P01/current/AZDRZZ01/,https://vocab.nerc.ac.uk/collection/P06/current/UTAA/,
ARMS_Getxo_G2_20200624_20201103_SF40_s1_r1:Otu31,preservativeUsed,,DMSO,http://vocab.nerc.ac.uk/collection/Q01/current/Q0100004/,,https://pubchem.ncbi.nlm.nih.gov/compound/679
ARMS_Getxo_G2_20200624_20201103_SF40_s1_r1:Otu31,lowerLimitFilterSize,micrometer,40,http://vocab.nerc.ac.uk/collection/Q01/current/Q0100011/,https://vocab.nerc.ac.uk/collection/P06/current/UMIC/,
ARMS_Getxo_G2_20200624_20201103_SF40_s1_r1:Otu31,sampleAccessionNumber,,SAMEA10021251,,,
ARMS_Getxo_G2_20200624_20201103_SF40_s1_r1:Otu31,NCBIID,,6074,,,
ARMS_Getxo_G2_20200624_20201103_SF40_s1_r1:Otu31,NCBIScientificName,,Hydrozoa,,,
ARMS_Getxo_G2_20200624_20201103_SF40_s1_r1:Otu31,NCBITaxonRank,,class,,,
ARMS_Getxo_G2_20200624_20201103_SF40_s1_r1:Otu31,fieldReplicateID,,ARMS_Getxo_G_20200624_20201103,http://vocab.nerc.ac.uk/collection/P01/current/IDSPRE01,,
ARMS_Getxo_G2_20200624_20201103_SF40_s1_r1:Otu31,technicalReplicateID,,,http://vocab.nerc.ac.uk/collection/P01/current/IDTCRE01,,
ARMS_Getxo_G2_20200624_20201103_SF40_s1_r1:Otu162,submergedTime,day,132,http://vocab.nerc.ac.uk/collection/P01/current/AZDRZZ01/,https://vocab.nerc.ac.uk/collection/P06/current/UTAA/,
ARMS_Getxo_G2_20200624_20201103_SF40_s1_r1:Otu162,preservativeUsed,,DMSO,http://vocab.nerc.ac.uk/collection/Q01/current/Q0100004/,,https://pubchem.ncbi.nlm.nih.gov/compound/679
ARMS_Getxo_G2_20200624_20201103_SF40_s1_r1:Otu162,lowerLimitFilterSize,micrometer,40,http://vocab.nerc.ac.uk/collection/Q01/current/Q0100011/,https://vocab.nerc.ac.uk/collection/P06/current/UMIC/,
ARMS_Getxo_G2_20200624_20201103_SF40_s1_r1:Otu162,sampleAccessionNumber,,SAMEA10021251,,,
ARMS_Getxo_G2_20200624_20201103_SF40_s1_r1:Otu162,NCBIID,,6340,,,
ARMS_Getxo_G2_20200624_20201103_SF40_s1_r1:Otu162,NCBIScientificName,,Annelida,,,
ARMS_Getxo_G2_20200624_20201103_SF40_s1_r1:Otu162,NCBITaxonRank,,phylum,,,
ARMS_Getxo_G2_20200624_20201103_SF40_s1_r1:Otu162,fieldReplicateID,,ARMS_Getxo_G_20200624_20201103,http://vocab.nerc.ac.uk/collection/P01/current/IDSPRE01,,
ARMS_Getxo_G2_20200624_20201103_SF40_s1_r1:Otu162,technicalReplicateID,,,http://vocab.nerc.ac.uk/collection/P01/current/IDTCRE01,,
ARMS_Getxo_G2_20200624_20201103_SF40_s1_r1:Otu161,submergedTime,day,132,http://vocab.nerc.ac.uk/collection/P01/current/AZDRZZ01/,https://vocab.nerc.ac.uk/collection/P06/current/UTAA/,
ARMS_Getxo_G2_20200624_20201103_SF40_s1_r1:Otu161,preservativeUsed,,DMSO,http://vocab.nerc.ac.uk/collection/Q01/current/Q0100004/,,https://pubchem.ncbi.nlm.nih.gov/compound/679
ARMS_Getxo_G2_20200624_20201103_SF40_s1_r1:Otu161,lowerLimitFilterSize,micrometer,40,http://vocab.nerc.ac.uk/collection/Q01/current/Q0100011/,https://vocab.nerc.ac.uk/collection/P06/current/UMIC/,
ARMS_Getxo_G2_20200624_20201103_SF40_s1_r1:Otu161,sampleAccessionNumber,,SAMEA10021251,,,
ARMS_Getxo_G2_20200624_20201103_SF40_s1_r1:Otu161,NCBIID,,33208,,,
ARMS_Getxo_G2_20200624_20201103_SF40_s1_r1:Otu161,NCBIScientificName,,Metazoa,,,
ARMS_Getxo_G2_20200624_20201103_SF40_s1_r1:Otu161,NCBITaxonRank,,kingdom,,,
ARMS_Getxo_G2_20200624_20201103_SF40_s1_r1:Otu161,fieldReplicateID,,ARMS_Getxo_G_20200624_20201103,http://vocab.nerc.ac.uk/collection/P01/current/IDSPRE01,,
ARMS_Getxo_G2_20200624_20201103_SF40_s1_r1:Otu161,technicalReplicateID,,,http://vocab.nerc.ac.uk/collection/P01/current/IDTCRE01,,
ARMS_Getxo_G2_20200624_20201103_SF40_s1_r1:Otu500,submergedTime,day,132,http://vocab.nerc.ac.uk/collection/P01/current/AZDRZZ01/,https://vocab.nerc.ac.uk/collection/P06/current/UTAA/,
ARMS_Getxo_G2_20200624_20201103_SF40_s1_r1:Otu500,preservativeUsed,,DMSO,http://vocab.nerc.ac.uk/collection/Q01/current/Q0100004/,,https://pubchem.ncbi.nlm.nih.gov/compound/679
ARMS_Getxo_G2_20200624_20201103_SF40_s1_r1:Otu500,lowerLimitFilterSize,micrometer,40,http://vocab.nerc.ac.uk/collection/Q01/current/Q0100011/,https://vocab.nerc.ac.uk/collection/P06/current/UMIC/,
ARMS_Getxo_G2_20200624_20201103_SF40_s1_r1:Otu500,sampleAccessionNumber,,SAMEA10021251,,,
ARMS_Getxo_G2_20200624_20201103_SF40_s1_r1:Otu500,NCBIID,,6657,,,
ARMS_Getxo_G2_20200624_20201103_SF40_s1_r1:Otu500,NCBIScientificName,,Crustacea,,,
ARMS_Getxo_G2_20200624_20201103_SF40_s1_r1:Otu500,NCBITaxonRank,,subphylum,,,
ARMS_Getxo_G2_20200624_20201103_SF40_s1_r1:Otu500,fieldReplicateID,,ARMS_Getxo_G_20200624_20201103,http://vocab.nerc.ac.uk/collection/P01/current/IDSPRE01,,
ARMS_Getxo_G2_20200624_20201103_SF40_s1_r1:Otu500,technicalReplicateID,,,http://vocab.nerc.ac.uk/collection/P01/current/IDTCRE01,,
ARMS_Getxo_G2_20200624_20201103_SF40_s1_r1:Otu347,submergedTime,day,132,http://vocab.nerc.ac.uk/collection/P01/current/AZDRZZ01/,https://vocab.nerc.ac.uk/collection/P06/current/UTAA/,
ARMS_Getxo_G2_20200624_20201103_SF40_s1_r1:Otu347,preservativeUsed,,DMSO,http://vocab.nerc.ac.uk/collection/Q01/current/Q0100004/,,https://pubchem.ncbi.nlm.nih.gov/compound/679
ARMS_Getxo_G2_20200624_20201103_SF40_s1_r1:Otu347,lowerLimitFilterSize,micrometer,40,http://vocab.nerc.ac.uk/collection/Q01/current/Q0100011/,https://vocab.nerc.ac.uk/collection/P06/current/UMIC/,
ARMS_Getxo_G2_20200624_20201103_SF40_s1_r1:Otu347,sampleAccessionNumber,,SAMEA10021251,,,
ARMS_Getxo_G2_20200624_20201103_SF40_s1_r1:Otu347,NCBIID,,6657,,,
ARMS_Getxo_G2_20200624_20201103_SF40_s1_r1:Otu347,NCBIScientificName,,Crustacea,,,
ARMS_Getxo_G2_20200624_20201103_SF40_s1_r1:Otu347,NCBITaxonRank,,subphylum,,,
ARMS_Getxo_G2_20200624_20201103_SF40_s1_r1:Otu347,fieldReplicateID,,ARMS_Getxo_G_20200624_20201103,http://vocab.nerc.ac.uk/collection/P01/current/IDSPRE01,,
ARMS_Getxo_G2_20200624_20201103_SF40_s1_r1:Otu347,technicalReplicateID,,,http://vocab.nerc.ac.uk/collection/P01/current/IDTCRE01,,
ARMS_Getxo_G2_20200624_20201103_SF40_s1_r1:Otu344,submergedTime,day,132,http://vocab.nerc.ac.uk/collection/P01/current/AZDRZZ01/,https://vocab.nerc.ac.uk/collection/P06/current/UTAA/,
ARMS_Getxo_G2_20200624_20201103_SF40_s1_r1:Otu344,preservativeUsed,,DMSO,http://vocab.nerc.ac.uk/collection/Q01/current/Q0100004/,,https://pubchem.ncbi.nlm.nih.gov/compound/679
ARMS_Getxo_G2_20200624_20201103_SF40_s1_r1:Otu344,lowerLimitFilterSize,micrometer,40,http://vocab.nerc.ac.uk/collection/Q01/current/Q0100011/,https://vocab.nerc.ac.uk/collection/P06/current/UMIC/,
ARMS_Getxo_G2_20200624_20201103_SF40_s1_r1:Otu344,sampleAccessionNumber,,SAMEA10021251,,,
ARMS_Getxo_G2_20200624_20201103_SF40_s1_r1:Otu344,NCBIID,,120430,,,
ARMS_Getxo_G2_20200624_20201103_SF40_s1_r1:Otu344,NCBIScientificName,,Hiatella,,,
ARMS_Getxo_G2_20200624_20201103_SF40_s1_r1:Otu344,NCBITaxonRank,,genus,,,
ARMS_Getxo_G2_20200624_20201103_SF40_s1_r1:Otu344,fieldReplicateID,,ARMS_Getxo_G_20200624_20201103,http://vocab.nerc.ac.uk/collection/P01/current/IDSPRE01,,
ARMS_Getxo_G2_20200624_20201103_SF40_s1_r1:Otu344,technicalReplicateID,,,http://vocab.nerc.ac.uk/collection/P01/current/IDTCRE01,,
ARMS_Getxo_G2_20200624_20201103_SF40_s1_r1:Otu151,submergedTime,day,132,http://vocab.nerc.ac.uk/collection/P01/current/AZDRZZ01/,https://vocab.nerc.ac.uk/collection/P06/current/UTAA/,
ARMS_Getxo_G2_20200624_20201103_SF40_s1_r1:Otu151,preservativeUsed,,DMSO,http://vocab.nerc.ac.uk/collection/Q01/current/Q0100004/,,https://pubchem.ncbi.nlm.nih.gov/compound/679
ARMS_Getxo_G2_20200624_20201103_SF40_s1_r1:Otu151,lowerLimitFilterSize,micrometer,40,http://vocab.nerc.ac.uk/collection/Q01/current/Q0100011/,https://vocab.nerc.ac.uk/collection/P06/current/UMIC/,
ARMS_Getxo_G2_20200624_20201103_SF40_s1_r1:Otu151,sampleAccessionNumber,,SAMEA10021251,,,
ARMS_Getxo_G2_20200624_20201103_SF40_s1_r1:Otu151,NCBIID,,6657,,,
ARMS_Getxo_G2_20200624_20201103_SF40_s1_r1:Otu151,NCBIScientificName,,Crustacea,,,
ARMS_Getxo_G2_20200624_20201103_SF40_s1_r1:Otu151,NCBITaxonRank,,subphylum,,,
ARMS_Getxo_G2_20200624_20201103_SF40_s1_r1:Otu151,fieldReplicateID,,ARMS_Getxo_G_20200624_20201103,http://vocab.nerc.ac.uk/collection/P01/current/IDSPRE01,,
ARMS_Getxo_G2_20200624_20201103_SF40_s1_r1:Otu151,technicalReplicateID,,,http://vocab.nerc.ac.uk/collection/P01/current/IDTCRE01,,
ARMS_Getxo_G2_20200624_20201103_SF40_s1_r1:Otu72,submergedTime,day,132,http://vocab.nerc.ac.uk/collection/P01/current/AZDRZZ01/,https://vocab.nerc.ac.uk/collection/P06/current/UTAA/,
ARMS_Getxo_G2_20200624_20201103_SF40_s1_r1:Otu72,preservativeUsed,,DMSO,http://vocab.nerc.ac.uk/collection/Q01/current/Q0100004/,,https://pubchem.ncbi.nlm.nih.gov/compound/679
ARMS_Getxo_G2_20200624_20201103_SF40_s1_r1:Otu72,lowerLimitFilterSize,micrometer,40,http://vocab.nerc.ac.uk/collection/Q01/current/Q0100011/,https://vocab.nerc.ac.uk/collection/P06/current/UMIC/,
ARMS_Getxo_G2_20200624_20201103_SF40_s1_r1:Otu72,sampleAccessionNumber,,SAMEA10021251,,,
ARMS_Getxo_G2_20200624_20201103_SF40_s1_r1:Otu72,NCBIID,,6340,,,
ARMS_Getxo_G2_20200624_20201103_SF40_s1_r1:Otu72,NCBIScientificName,,Annelida,,,
ARMS_Getxo_G2_20200624_20201103_SF40_s1_r1:Otu72,NCBITaxonRank,,phylum,,,
ARMS_Getxo_G2_20200624_20201103_SF40_s1_r1:Otu72,fieldReplicateID,,ARMS_Getxo_G_20200624_20201103,http://vocab.nerc.ac.uk/collection/P01/current/IDSPRE01,,
ARMS_Getxo_G2_20200624_20201103_SF40_s1_r1:Otu72,technicalReplicateID,,,http://vocab.nerc.ac.uk/collection/P01/current/IDTCRE01,,
ARMS_Getxo_G2_20200624_20201103_SF40_s1_r1:Otu78,submergedTime,day,132,http://vocab.nerc.ac.uk/collection/P01/current/AZDRZZ01/,https://vocab.nerc.ac.uk/collection/P06/current/UTAA/,
ARMS_Getxo_G2_20200624_20201103_SF40_s1_r1:Otu78,preservativeUsed,,DMSO,http://vocab.nerc.ac.uk/collection/Q01/current/Q0100004/,,https://pubchem.ncbi.nlm.nih.gov/compound/679
ARMS_Getxo_G2_20200624_20201103_SF40_s1_r1:Otu78,lowerLimitFilterSize,micrometer,40,http://vocab.nerc.ac.uk/collection/Q01/current/Q0100011/,https://vocab.nerc.ac.uk/collection/P06/current/UMIC/,
ARMS_Getxo_G2_20200624_20201103_SF40_s1_r1:Otu78,sampleAccessionNumber,,SAMEA10021251,,,
ARMS_Getxo_G2_20200624_20201103_SF40_s1_r1:Otu78,NCBIID,,884653,,,
ARMS_Getxo_G2_20200624_20201103_SF40_s1_r1:Otu78,NCBIScientificName,,Autolytus_langerhansi,,,
ARMS_Getxo_G2_20200624_20201103_SF40_s1_r1:Otu78,NCBITaxonRank,,species,,,
ARMS_Getxo_G2_20200624_20201103_SF40_s1_r1:Otu78,fieldReplicateID,,ARMS_Getxo_G_20200624_20201103,http://vocab.nerc.ac.uk/collection/P01/current/IDSPRE01,,
ARMS_Getxo_G2_20200624_20201103_SF40_s1_r1:Otu78,technicalReplicateID,,,http://vocab.nerc.ac.uk/collection/P01/current/IDTCRE01,,
ARMS_Getxo_G2_20200624_20201103_SF40_s1_r1:Otu235,submergedTime,day,132,http://vocab.nerc.ac.uk/collection/P01/current/AZDRZZ01/,https://vocab.nerc.ac.uk/collection/P06/current/UTAA/,
ARMS_Getxo_G2_20200624_20201103_SF40_s1_r1:Otu235,preservativeUsed,,DMSO,http://vocab.nerc.ac.uk/collection/Q01/current/Q0100004/,,https://pubchem.ncbi.nlm.nih.gov/compound/679
ARMS_Getxo_G2_20200624_20201103_SF40_s1_r1:Otu235,lowerLimitFilterSize,micrometer,40,http://vocab.nerc.ac.uk/collection/Q01/current/Q0100011/,https://vocab.nerc.ac.uk/collection/P06/current/UMIC/,
ARMS_Getxo_G2_20200624_20201103_SF40_s1_r1:Otu235,sampleAccessionNumber,,SAMEA10021251,,,
ARMS_Getxo_G2_20200624_20201103_SF40_s1_r1:Otu235,NCBIID,,6657,,,
ARMS_Getxo_G2_20200624_20201103_SF40_s1_r1:Otu235,NCBIScientificName,,Crustacea,,,
ARMS_Getxo_G2_20200624_20201103_SF40_s1_r1:Otu235,NCBITaxonRank,,subphylum,,,
ARMS_Getxo_G2_20200624_20201103_SF40_s1_r1:Otu235,fieldReplicateID,,ARMS_Getxo_G_20200624_20201103,http://vocab.nerc.ac.uk/collection/P01/current/IDSPRE01,,
ARMS_Getxo_G2_20200624_20201103_SF40_s1_r1:Otu235,technicalReplicateID,,,http://vocab.nerc.ac.uk/collection/P01/current/IDTCRE01,,
ARMS_Getxo_G2_20200624_20201103_SF40_s1_r1:Otu9,submergedTime,day,132,http://vocab.nerc.ac.uk/collection/P01/current/AZDRZZ01/,https://vocab.nerc.ac.uk/collection/P06/current/UTAA/,
ARMS_Getxo_G2_20200624_20201103_SF40_s1_r1:Otu9,preservativeUsed,,DMSO,http://vocab.nerc.ac.uk/collection/Q01/current/Q0100004/,,https://pubchem.ncbi.nlm.nih.gov/compound/679
ARMS_Getxo_G2_20200624_20201103_SF40_s1_r1:Otu9,lowerLimitFilterSize,micrometer,40,http://vocab.nerc.ac.uk/collection/Q01/current/Q0100011/,https://vocab.nerc.ac.uk/collection/P06/current/UMIC/,
ARMS_Getxo_G2_20200624_20201103_SF40_s1_r1:Otu9,sampleAccessionNumber,,SAMEA10021251,,,
ARMS_Getxo_G2_20200624_20201103_SF40_s1_r1:Otu9,NCBIID,,6101,,,
ARMS_Getxo_G2_20200624_20201103_SF40_s1_r1:Otu9,NCBIScientificName,,Anthozoa,,,
ARMS_Getxo_G2_20200624_20201103_SF40_s1_r1:Otu9,NCBITaxonRank,,class,,,
ARMS_Getxo_G2_20200624_20201103_SF40_s1_r1:Otu9,fieldReplicateID,,ARMS_Getxo_G_20200624_20201103,http://vocab.nerc.ac.uk/collection/P01/current/IDSPRE01,,
ARMS_Getxo_G2_20200624_20201103_SF40_s1_r1:Otu9,technicalReplicateID,,,http://vocab.nerc.ac.uk/collection/P01/current/IDTCRE01,,
ARMS_Getxo_G2_20200624_20201103_SF40_s1_r1:Otu7,submergedTime,day,132,http://vocab.nerc.ac.uk/collection/P01/current/AZDRZZ01/,https://vocab.nerc.ac.uk/collection/P06/current/UTAA/,
ARMS_Getxo_G2_20200624_20201103_SF40_s1_r1:Otu7,preservativeUsed,,DMSO,http://vocab.nerc.ac.uk/collection/Q01/current/Q0100004/,,https://pubchem.ncbi.nlm.nih.gov/compound/679
ARMS_Getxo_G2_20200624_20201103_SF40_s1_r1:Otu7,lowerLimitFilterSize,micrometer,40,http://vocab.nerc.ac.uk/collection/Q01/current/Q0100011/,https://vocab.nerc.ac.uk/collection/P06/current/UMIC/,
ARMS_Getxo_G2_20200624_20201103_SF40_s1_r1:Otu7,sampleAccessionNumber,,SAMEA10021251,,,
ARMS_Getxo_G2_20200624_20201103_SF40_s1_r1:Otu7,NCBIID,,6679,,,
ARMS_Getxo_G2_20200624_20201103_SF40_s1_r1:Otu7,NCBIScientificName,,Megabalanus,,,
ARMS_Getxo_G2_20200624_20201103_SF40_s1_r1:Otu7,NCBITaxonRank,,genus,,,
ARMS_Getxo_G2_20200624_20201103_SF40_s1_r1:Otu7,fieldReplicateID,,ARMS_Getxo_G_20200624_20201103,http://vocab.nerc.ac.uk/collection/P01/current/IDSPRE01,,
ARMS_Getxo_G2_20200624_20201103_SF40_s1_r1:Otu7,technicalReplicateID,,,http://vocab.nerc.ac.uk/collection/P01/current/IDTCRE01,,
ARMS_Getxo_G2_20200624_20201103_SF40_s1_r1:Otu2,submergedTime,day,132,http://vocab.nerc.ac.uk/collection/P01/current/AZDRZZ01/,https://vocab.nerc.ac.uk/collection/P06/current/UTAA/,
ARMS_Getxo_G2_20200624_20201103_SF40_s1_r1:Otu2,preservativeUsed,,DMSO,http://vocab.nerc.ac.uk/collection/Q01/current/Q0100004/,,https://pubchem.ncbi.nlm.nih.gov/compound/679
ARMS_Getxo_G2_20200624_20201103_SF40_s1_r1:Otu2,lowerLimitFilterSize,micrometer,40,http://vocab.nerc.ac.uk/collection/Q01/current/Q0100011/,https://vocab.nerc.ac.uk/collection/P06/current/UMIC/,
ARMS_Getxo_G2_20200624_20201103_SF40_s1_r1:Otu2,sampleAccessionNumber,,SAMEA10021251,,,
ARMS_Getxo_G2_20200624_20201103_SF40_s1_r1:Otu2,NCBIID,,7713,,,
ARMS_Getxo_G2_20200624_20201103_SF40_s1_r1:Otu2,NCBIScientificName,,Ascidiacea,,,
ARMS_Getxo_G2_20200624_20201103_SF40_s1_r1:Otu2,NCBITaxonRank,,class,,,
ARMS_Getxo_G2_20200624_20201103_SF40_s1_r1:Otu2,fieldReplicateID,,ARMS_Getxo_G_20200624_20201103,http://vocab.nerc.ac.uk/collection/P01/current/IDSPRE01,,
ARMS_Getxo_G2_20200624_20201103_SF40_s1_r1:Otu2,technicalReplicateID,,,http://vocab.nerc.ac.uk/collection/P01/current/IDTCRE01,,
ARMS_Getxo_G2_20200624_20201103_SF40_s1_r1:Otu3,submergedTime,day,132,http://vocab.nerc.ac.uk/collection/P01/current/AZDRZZ01/,https://vocab.nerc.ac.uk/collection/P06/current/UTAA/,
ARMS_Getxo_G2_20200624_20201103_SF40_s1_r1:Otu3,preservativeUsed,,DMSO,http://vocab.nerc.ac.uk/collection/Q01/current/Q0100004/,,https://pubchem.ncbi.nlm.nih.gov/compound/679
ARMS_Getxo_G2_20200624_20201103_SF40_s1_r1:Otu3,lowerLimitFilterSize,micrometer,40,http://vocab.nerc.ac.uk/collection/Q01/current/Q0100011/,https://vocab.nerc.ac.uk/collection/P06/current/UMIC/,
ARMS_Getxo_G2_20200624_20201103_SF40_s1_r1:Otu3,sampleAccessionNumber,,SAMEA10021251,,,
ARMS_Getxo_G2_20200624_20201103_SF40_s1_r1:Otu3,NCBIID,,6564,,,
ARMS_Getxo_G2_20200624_20201103_SF40_s1_r1:Otu3,NCBIScientificName,,Crassostrea,,,
ARMS_Getxo_G2_20200624_20201103_SF40_s1_r1:Otu3,NCBITaxonRank,,genus,,,
ARMS_Getxo_G2_20200624_20201103_SF40_s1_r1:Otu3,fieldReplicateID,,ARMS_Getxo_G_20200624_20201103,http://vocab.nerc.ac.uk/collection/P01/current/IDSPRE01,,
ARMS_Getxo_G2_20200624_20201103_SF40_s1_r1:Otu3,technicalReplicateID,,,http://vocab.nerc.ac.uk/collection/P01/current/IDTCRE01,,
ARMS_Getxo_G2_20200624_20201103_SF40_s1_r1:Otu52,submergedTime,day,132,http://vocab.nerc.ac.uk/collection/P01/current/AZDRZZ01/,https://vocab.nerc.ac.uk/collection/P06/current/UTAA/,
ARMS_Getxo_G2_20200624_20201103_SF40_s1_r1:Otu52,preservativeUsed,,DMSO,http://vocab.nerc.ac.uk/collection/Q01/current/Q0100004/,,https://pubchem.ncbi.nlm.nih.gov/compound/679
ARMS_Getxo_G2_20200624_20201103_SF40_s1_r1:Otu52,lowerLimitFilterSize,micrometer,40,http://vocab.nerc.ac.uk/collection/Q01/current/Q0100011/,https://vocab.nerc.ac.uk/collection/P06/current/UMIC/,
ARMS_Getxo_G2_20200624_20201103_SF40_s1_r1:Otu52,sampleAccessionNumber,,SAMEA10021251,,,
ARMS_Getxo_G2_20200624_20201103_SF40_s1_r1:Otu52,NCBIID,,7713,,,
ARMS_Getxo_G2_20200624_20201103_SF40_s1_r1:Otu52,NCBIScientificName,,Ascidiacea,,,
ARMS_Getxo_G2_20200624_20201103_SF40_s1_r1:Otu52,NCBITaxonRank,,class,,,
ARMS_Getxo_G2_20200624_20201103_SF40_s1_r1:Otu52,fieldReplicateID,,ARMS_Getxo_G_20200624_20201103,http://vocab.nerc.ac.uk/collection/P01/current/IDSPRE01,,
ARMS_Getxo_G2_20200624_20201103_SF40_s1_r1:Otu52,technicalReplicateID,,,http://vocab.nerc.ac.uk/collection/P01/current/IDTCRE01,,
ARMS_Getxo_G2_20200624_20201103_SF40_s1_r1:Otu209,submergedTime,day,132,http://vocab.nerc.ac.uk/collection/P01/current/AZDRZZ01/,https://vocab.nerc.ac.uk/collection/P06/current/UTAA/,
ARMS_Getxo_G2_20200624_20201103_SF40_s1_r1:Otu209,preservativeUsed,,DMSO,http://vocab.nerc.ac.uk/collection/Q01/current/Q0100004/,,https://pubchem.ncbi.nlm.nih.gov/compound/679
ARMS_Getxo_G2_20200624_20201103_SF40_s1_r1:Otu209,lowerLimitFilterSize,micrometer,40,http://vocab.nerc.ac.uk/collection/Q01/current/Q0100011/,https://vocab.nerc.ac.uk/collection/P06/current/UMIC/,
ARMS_Getxo_G2_20200624_20201103_SF40_s1_r1:Otu209,sampleAccessionNumber,,SAMEA10021251,,,
ARMS_Getxo_G2_20200624_20201103_SF40_s1_r1:Otu209,NCBIID,,6657,,,
ARMS_Getxo_G2_20200624_20201103_SF40_s1_r1:Otu209,NCBIScientificName,,Crustacea,,,
ARMS_Getxo_G2_20200624_20201103_SF40_s1_r1:Otu209,NCBITaxonRank,,subphylum,,,
ARMS_Getxo_G2_20200624_20201103_SF40_s1_r1:Otu209,fieldReplicateID,,ARMS_Getxo_G_20200624_20201103,http://vocab.nerc.ac.uk/collection/P01/current/IDSPRE01,,
ARMS_Getxo_G2_20200624_20201103_SF40_s1_r1:Otu209,technicalReplicateID,,,http://vocab.nerc.ac.uk/collection/P01/current/IDTCRE01,,
ARMS_Getxo_G2_20200624_20201103_SF40_s1_r1:Otu105,submergedTime,day,132,http://vocab.nerc.ac.uk/collection/P01/current/AZDRZZ01/,https://vocab.nerc.ac.uk/collection/P06/current/UTAA/,
ARMS_Getxo_G2_20200624_20201103_SF40_s1_r1:Otu105,preservativeUsed,,DMSO,http://vocab.nerc.ac.uk/collection/Q01/current/Q0100004/,,https://pubchem.ncbi.nlm.nih.gov/compound/679
ARMS_Getxo_G2_20200624_20201103_SF40_s1_r1:Otu105,lowerLimitFilterSize,micrometer,40,http://vocab.nerc.ac.uk/collection/Q01/current/Q0100011/,https://vocab.nerc.ac.uk/collection/P06/current/UMIC/,
ARMS_Getxo_G2_20200624_20201103_SF40_s1_r1:Otu105,sampleAccessionNumber,,SAMEA10021251,,,
ARMS_Getxo_G2_20200624_20201103_SF40_s1_r1:Otu105,NCBIID,,168256,,,
ARMS_Getxo_G2_20200624_20201103_SF40_s1_r1:Otu105,NCBIScientificName,,Zoothamnium,,,
ARMS_Getxo_G2_20200624_20201103_SF40_s1_r1:Otu105,NCBITaxonRank,,genus,,,
ARMS_Getxo_G2_20200624_20201103_SF40_s1_r1:Otu105,fieldReplicateID,,ARMS_Getxo_G_20200624_20201103,http://vocab.nerc.ac.uk/collection/P01/current/IDSPRE01,,
ARMS_Getxo_G2_20200624_20201103_SF40_s1_r1:Otu105,technicalReplicateID,,,http://vocab.nerc.ac.uk/collection/P01/current/IDTCRE01,,
ARMS_Getxo_G2_20200624_20201103_SF40_s1_r1:Otu295,submergedTime,day,132,http://vocab.nerc.ac.uk/collection/P01/current/AZDRZZ01/,https://vocab.nerc.ac.uk/collection/P06/current/UTAA/,
ARMS_Getxo_G2_20200624_20201103_SF40_s1_r1:Otu295,preservativeUsed,,DMSO,http://vocab.nerc.ac.uk/collection/Q01/current/Q0100004/,,https://pubchem.ncbi.nlm.nih.gov/compound/679
ARMS_Getxo_G2_20200624_20201103_SF40_s1_r1:Otu295,lowerLimitFilterSize,micrometer,40,http://vocab.nerc.ac.uk/collection/Q01/current/Q0100011/,https://vocab.nerc.ac.uk/collection/P06/current/UMIC/,
ARMS_Getxo_G2_20200624_20201103_SF40_s1_r1:Otu295,sampleAccessionNumber,,SAMEA10021251,,,
ARMS_Getxo_G2_20200624_20201103_SF40_s1_r1:Otu295,NCBIID,,2836,,,
ARMS_Getxo_G2_20200624_20201103_SF40_s1_r1:Otu295,NCBIScientificName,,Bacillariophyta,,,
ARMS_Getxo_G2_20200624_20201103_SF40_s1_r1:Otu295,NCBITaxonRank,,phylum,,,
ARMS_Getxo_G2_20200624_20201103_SF40_s1_r1:Otu295,fieldReplicateID,,ARMS_Getxo_G_20200624_20201103,http://vocab.nerc.ac.uk/collection/P01/current/IDSPRE01,,
ARMS_Getxo_G2_20200624_20201103_SF40_s1_r1:Otu295,technicalReplicateID,,,http://vocab.nerc.ac.uk/collection/P01/current/IDTCRE01,,
ARMS_Getxo_G2_20200624_20201103_SF40_s1_r1:Otu294,submergedTime,day,132,http://vocab.nerc.ac.uk/collection/P01/current/AZDRZZ01/,https://vocab.nerc.ac.uk/collection/P06/current/UTAA/,
ARMS_Getxo_G2_20200624_20201103_SF40_s1_r1:Otu294,preservativeUsed,,DMSO,http://vocab.nerc.ac.uk/collection/Q01/current/Q0100004/,,https://pubchem.ncbi.nlm.nih.gov/compound/679
ARMS_Getxo_G2_20200624_20201103_SF40_s1_r1:Otu294,lowerLimitFilterSize,micrometer,40,http://vocab.nerc.ac.uk/collection/Q01/current/Q0100011/,https://vocab.nerc.ac.uk/collection/P06/current/UMIC/,
ARMS_Getxo_G2_20200624_20201103_SF40_s1_r1:Otu294,sampleAccessionNumber,,SAMEA10021251,,,
ARMS_Getxo_G2_20200624_20201103_SF40_s1_r1:Otu294,NCBIID,,168256,,,
ARMS_Getxo_G2_20200624_20201103_SF40_s1_r1:Otu294,NCBIScientificName,,Zoothamnium,,,
ARMS_Getxo_G2_20200624_20201103_SF40_s1_r1:Otu294,NCBITaxonRank,,genus,,,
ARMS_Getxo_G2_20200624_20201103_SF40_s1_r1:Otu294,fieldReplicateID,,ARMS_Getxo_G_20200624_20201103,http://vocab.nerc.ac.uk/collection/P01/current/IDSPRE01,,
ARMS_Getxo_G2_20200624_20201103_SF40_s1_r1:Otu294,technicalReplicateID,,,http://vocab.nerc.ac.uk/collection/P01/current/IDTCRE01,,
ARMS_Getxo_G2_20200624_20201103_SF40_s1_r1:Otu296,submergedTime,day,132,http://vocab.nerc.ac.uk/collection/P01/current/AZDRZZ01/,https://vocab.nerc.ac.uk/collection/P06/current/UTAA/,
ARMS_Getxo_G2_20200624_20201103_SF40_s1_r1:Otu296,preservativeUsed,,DMSO,http://vocab.nerc.ac.uk/collection/Q01/current/Q0100004/,,https://pubchem.ncbi.nlm.nih.gov/compound/679
ARMS_Getxo_G2_20200624_20201103_SF40_s1_r1:Otu296,lowerLimitFilterSize,micrometer,40,http://vocab.nerc.ac.uk/collection/Q01/current/Q0100011/,https://vocab.nerc.ac.uk/collection/P06/current/UMIC/,
ARMS_Getxo_G2_20200624_20201103_SF40_s1_r1:Otu296,sampleAccessionNumber,,SAMEA10021251,,,
ARMS_Getxo_G2_20200624_20201103_SF40_s1_r1:Otu296,NCBIID,,6065,,,
ARMS_Getxo_G2_20200624_20201103_SF40_s1_r1:Otu296,NCBIScientificName,,Hymeniacidon,,,
ARMS_Getxo_G2_20200624_20201103_SF40_s1_r1:Otu296,NCBITaxonRank,,genus,,,
ARMS_Getxo_G2_20200624_20201103_SF40_s1_r1:Otu296,fieldReplicateID,,ARMS_Getxo_G_20200624_20201103,http://vocab.nerc.ac.uk/collection/P01/current/IDSPRE01,,
ARMS_Getxo_G2_20200624_20201103_SF40_s1_r1:Otu296,technicalReplicateID,,,http://vocab.nerc.ac.uk/collection/P01/current/IDTCRE01,,
ARMS_Getxo_G2_20200624_20201103_SF40_s1_r1:Otu497,submergedTime,day,132,http://vocab.nerc.ac.uk/collection/P01/current/AZDRZZ01/,https://vocab.nerc.ac.uk/collection/P06/current/UTAA/,
ARMS_Getxo_G2_20200624_20201103_SF40_s1_r1:Otu497,preservativeUsed,,DMSO,http://vocab.nerc.ac.uk/collection/Q01/current/Q0100004/,,https://pubchem.ncbi.nlm.nih.gov/compound/679
ARMS_Getxo_G2_20200624_20201103_SF40_s1_r1:Otu497,lowerLimitFilterSize,micrometer,40,http://vocab.nerc.ac.uk/collection/Q01/current/Q0100011/,https://vocab.nerc.ac.uk/collection/P06/current/UMIC/,
ARMS_Getxo_G2_20200624_20201103_SF40_s1_r1:Otu497,sampleAccessionNumber,,SAMEA10021251,,,
ARMS_Getxo_G2_20200624_20201103_SF40_s1_r1:Otu497,NCBIID,,168252,,,
ARMS_Getxo_G2_20200624_20201103_SF40_s1_r1:Otu497,NCBIScientificName,,Vaginicolidae,,,
ARMS_Getxo_G2_20200624_20201103_SF40_s1_r1:Otu497,NCBITaxonRank,,family,,,
ARMS_Getxo_G2_20200624_20201103_SF40_s1_r1:Otu497,fieldReplicateID,,ARMS_Getxo_G_20200624_20201103,http://vocab.nerc.ac.uk/collection/P01/current/IDSPRE01,,
ARMS_Getxo_G2_20200624_20201103_SF40_s1_r1:Otu497,technicalReplicateID,,,http://vocab.nerc.ac.uk/collection/P01/current/IDTCRE01,,
ARMS_Getxo_G2_20200624_20201103_SF40_s1_r1:Otu190,submergedTime,day,132,http://vocab.nerc.ac.uk/collection/P01/current/AZDRZZ01/,https://vocab.nerc.ac.uk/collection/P06/current/UTAA/,
ARMS_Getxo_G2_20200624_20201103_SF40_s1_r1:Otu190,preservativeUsed,,DMSO,http://vocab.nerc.ac.uk/collection/Q01/current/Q0100004/,,https://pubchem.ncbi.nlm.nih.gov/compound/679
ARMS_Getxo_G2_20200624_20201103_SF40_s1_r1:Otu190,lowerLimitFilterSize,micrometer,40,http://vocab.nerc.ac.uk/collection/Q01/current/Q0100011/,https://vocab.nerc.ac.uk/collection/P06/current/UMIC/,
ARMS_Getxo_G2_20200624_20201103_SF40_s1_r1:Otu190,sampleAccessionNumber,,SAMEA10021251,,,
ARMS_Getxo_G2_20200624_20201103_SF40_s1_r1:Otu190,NCBIID,,6340,,,
ARMS_Getxo_G2_20200624_20201103_SF40_s1_r1:Otu190,NCBIScientificName,,Annelida,,,
ARMS_Getxo_G2_20200624_20201103_SF40_s1_r1:Otu190,NCBITaxonRank,,phylum,,,
ARMS_Getxo_G2_20200624_20201103_SF40_s1_r1:Otu190,fieldReplicateID,,ARMS_Getxo_G_20200624_20201103,http://vocab.nerc.ac.uk/collection/P01/current/IDSPRE01,,
ARMS_Getxo_G2_20200624_20201103_SF40_s1_r1:Otu190,technicalReplicateID,,,http://vocab.nerc.ac.uk/collection/P01/current/IDTCRE01,,
ARMS_Getxo_G2_20200624_20201103_SF40_s1_r1:Otu95,submergedTime,day,132,http://vocab.nerc.ac.uk/collection/P01/current/AZDRZZ01/,https://vocab.nerc.ac.uk/collection/P06/current/UTAA/,
ARMS_Getxo_G2_20200624_20201103_SF40_s1_r1:Otu95,preservativeUsed,,DMSO,http://vocab.nerc.ac.uk/collection/Q01/current/Q0100004/,,https://pubchem.ncbi.nlm.nih.gov/compound/679
ARMS_Getxo_G2_20200624_20201103_SF40_s1_r1:Otu95,lowerLimitFilterSize,micrometer,40,http://vocab.nerc.ac.uk/collection/Q01/current/Q0100011/,https://vocab.nerc.ac.uk/collection/P06/current/UMIC/,
ARMS_Getxo_G2_20200624_20201103_SF40_s1_r1:Otu95,sampleAccessionNumber,,SAMEA10021251,,,
ARMS_Getxo_G2_20200624_20201103_SF40_s1_r1:Otu95,NCBIID,,6340,,,
ARMS_Getxo_G2_20200624_20201103_SF40_s1_r1:Otu95,NCBIScientificName,,Annelida,,,
ARMS_Getxo_G2_20200624_20201103_SF40_s1_r1:Otu95,NCBITaxonRank,,phylum,,,
ARMS_Getxo_G2_20200624_20201103_SF40_s1_r1:Otu95,fieldReplicateID,,ARMS_Getxo_G_20200624_20201103,http://vocab.nerc.ac.uk/collection/P01/current/IDSPRE01,,
ARMS_Getxo_G2_20200624_20201103_SF40_s1_r1:Otu95,technicalReplicateID,,,http://vocab.nerc.ac.uk/collection/P01/current/IDTCRE01,,
ARMS_Getxo_G2_20200624_20201103_SF40_s1_r1:Otu93,submergedTime,day,132,http://vocab.nerc.ac.uk/collection/P01/current/AZDRZZ01/,https://vocab.nerc.ac.uk/collection/P06/current/UTAA/,
ARMS_Getxo_G2_20200624_20201103_SF40_s1_r1:Otu93,preservativeUsed,,DMSO,http://vocab.nerc.ac.uk/collection/Q01/current/Q0100004/,,https://pubchem.ncbi.nlm.nih.gov/compound/679
ARMS_Getxo_G2_20200624_20201103_SF40_s1_r1:Otu93,lowerLimitFilterSize,micrometer,40,http://vocab.nerc.ac.uk/collection/Q01/current/Q0100011/,https://vocab.nerc.ac.uk/collection/P06/current/UMIC/,
ARMS_Getxo_G2_20200624_20201103_SF40_s1_r1:Otu93,sampleAccessionNumber,,SAMEA10021251,,,
ARMS_Getxo_G2_20200624_20201103_SF40_s1_r1:Otu93,NCBIID,,33313,,,
ARMS_Getxo_G2_20200624_20201103_SF40_s1_r1:Otu93,NCBIScientificName,,Gastrotricha,,,
ARMS_Getxo_G2_20200624_20201103_SF40_s1_r1:Otu93,NCBITaxonRank,,phylum,,,
ARMS_Getxo_G2_20200624_20201103_SF40_s1_r1:Otu93,fieldReplicateID,,ARMS_Getxo_G_20200624_20201103,http://vocab.nerc.ac.uk/collection/P01/current/IDSPRE01,,
ARMS_Getxo_G2_20200624_20201103_SF40_s1_r1:Otu93,technicalReplicateID,,,http://vocab.nerc.ac.uk/collection/P01/current/IDTCRE01,,
ARMS_Getxo_G2_20200624_20201103_SF40_s1_r1:Otu499,submergedTime,day,132,http://vocab.nerc.ac.uk/collection/P01/current/AZDRZZ01/,https://vocab.nerc.ac.uk/collection/P06/current/UTAA/,
ARMS_Getxo_G2_20200624_20201103_SF40_s1_r1:Otu499,preservativeUsed,,DMSO,http://vocab.nerc.ac.uk/collection/Q01/current/Q0100004/,,https://pubchem.ncbi.nlm.nih.gov/compound/679
ARMS_Getxo_G2_20200624_20201103_SF40_s1_r1:Otu499,lowerLimitFilterSize,micrometer,40,http://vocab.nerc.ac.uk/collection/Q01/current/Q0100011/,https://vocab.nerc.ac.uk/collection/P06/current/UMIC/,
ARMS_Getxo_G2_20200624_20201103_SF40_s1_r1:Otu499,sampleAccessionNumber,,SAMEA10021251,,,
ARMS_Getxo_G2_20200624_20201103_SF40_s1_r1:Otu499,NCBIID,,6073,,,
ARMS_Getxo_G2_20200624_20201103_SF40_s1_r1:Otu499,NCBIScientificName,,Cnidaria,,,
ARMS_Getxo_G2_20200624_20201103_SF40_s1_r1:Otu499,NCBITaxonRank,,phylum,,,
ARMS_Getxo_G2_20200624_20201103_SF40_s1_r1:Otu499,fieldReplicateID,,ARMS_Getxo_G_20200624_20201103,http://vocab.nerc.ac.uk/collection/P01/current/IDSPRE01,,
ARMS_Getxo_G2_20200624_20201103_SF40_s1_r1:Otu499,technicalReplicateID,,,http://vocab.nerc.ac.uk/collection/P01/current/IDTCRE01,,
ARMS_Getxo_G2_20200624_20201103_SF40_s1_r1:Otu404,submergedTime,day,132,http://vocab.nerc.ac.uk/collection/P01/current/AZDRZZ01/,https://vocab.nerc.ac.uk/collection/P06/current/UTAA/,
ARMS_Getxo_G2_20200624_20201103_SF40_s1_r1:Otu404,preservativeUsed,,DMSO,http://vocab.nerc.ac.uk/collection/Q01/current/Q0100004/,,https://pubchem.ncbi.nlm.nih.gov/compound/679
ARMS_Getxo_G2_20200624_20201103_SF40_s1_r1:Otu404,lowerLimitFilterSize,micrometer,40,http://vocab.nerc.ac.uk/collection/Q01/current/Q0100011/,https://vocab.nerc.ac.uk/collection/P06/current/UMIC/,
ARMS_Getxo_G2_20200624_20201103_SF40_s1_r1:Otu404,sampleAccessionNumber,,SAMEA10021251,,,
ARMS_Getxo_G2_20200624_20201103_SF40_s1_r1:Otu404,NCBIID,,1819793,,,
ARMS_Getxo_G2_20200624_20201103_SF40_s1_r1:Otu404,NCBIScientificName,,Xenostrobus,,,
ARMS_Getxo_G2_20200624_20201103_SF40_s1_r1:Otu404,NCBITaxonRank,,genus,,,
ARMS_Getxo_G2_20200624_20201103_SF40_s1_r1:Otu404,fieldReplicateID,,ARMS_Getxo_G_20200624_20201103,http://vocab.nerc.ac.uk/collection/P01/current/IDSPRE01,,
ARMS_Getxo_G2_20200624_20201103_SF40_s1_r1:Otu404,technicalReplicateID,,,http://vocab.nerc.ac.uk/collection/P01/current/IDTCRE01,,
ARMS_Getxo_G2_20200624_20201103_SF40_s1_r1:Otu146,submergedTime,day,132,http://vocab.nerc.ac.uk/collection/P01/current/AZDRZZ01/,https://vocab.nerc.ac.uk/collection/P06/current/UTAA/,
ARMS_Getxo_G2_20200624_20201103_SF40_s1_r1:Otu146,preservativeUsed,,DMSO,http://vocab.nerc.ac.uk/collection/Q01/current/Q0100004/,,https://pubchem.ncbi.nlm.nih.gov/compound/679
ARMS_Getxo_G2_20200624_20201103_SF40_s1_r1:Otu146,lowerLimitFilterSize,micrometer,40,http://vocab.nerc.ac.uk/collection/Q01/current/Q0100011/,https://vocab.nerc.ac.uk/collection/P06/current/UMIC/,
ARMS_Getxo_G2_20200624_20201103_SF40_s1_r1:Otu146,sampleAccessionNumber,,SAMEA10021251,,,
ARMS_Getxo_G2_20200624_20201103_SF40_s1_r1:Otu146,NCBIID,,106218,,,
ARMS_Getxo_G2_20200624_20201103_SF40_s1_r1:Otu146,NCBIScientificName,,Pectinoida,,,
ARMS_Getxo_G2_20200624_20201103_SF40_s1_r1:Otu146,NCBITaxonRank,,order,,,
ARMS_Getxo_G2_20200624_20201103_SF40_s1_r1:Otu146,fieldReplicateID,,ARMS_Getxo_G_20200624_20201103,http://vocab.nerc.ac.uk/collection/P01/current/IDSPRE01,,
ARMS_Getxo_G2_20200624_20201103_SF40_s1_r1:Otu146,technicalReplicateID,,,http://vocab.nerc.ac.uk/collection/P01/current/IDTCRE01,,
ARMS_Getxo_G2_20200624_20201103_SF40_s1_r1:Otu394,submergedTime,day,132,http://vocab.nerc.ac.uk/collection/P01/current/AZDRZZ01/,https://vocab.nerc.ac.uk/collection/P06/current/UTAA/,
ARMS_Getxo_G2_20200624_20201103_SF40_s1_r1:Otu394,preservativeUsed,,DMSO,http://vocab.nerc.ac.uk/collection/Q01/current/Q0100004/,,https://pubchem.ncbi.nlm.nih.gov/compound/679
ARMS_Getxo_G2_20200624_20201103_SF40_s1_r1:Otu394,lowerLimitFilterSize,micrometer,40,http://vocab.nerc.ac.uk/collection/Q01/current/Q0100011/,https://vocab.nerc.ac.uk/collection/P06/current/UMIC/,
ARMS_Getxo_G2_20200624_20201103_SF40_s1_r1:Otu394,sampleAccessionNumber,,SAMEA10021251,,,
ARMS_Getxo_G2_20200624_20201103_SF40_s1_r1:Otu394,NCBIID,,6657,,,
ARMS_Getxo_G2_20200624_20201103_SF40_s1_r1:Otu394,NCBIScientificName,,Crustacea,,,
ARMS_Getxo_G2_20200624_20201103_SF40_s1_r1:Otu394,NCBITaxonRank,,subphylum,,,
ARMS_Getxo_G2_20200624_20201103_SF40_s1_r1:Otu394,fieldReplicateID,,ARMS_Getxo_G_20200624_20201103,http://vocab.nerc.ac.uk/collection/P01/current/IDSPRE01,,
ARMS_Getxo_G2_20200624_20201103_SF40_s1_r1:Otu394,technicalReplicateID,,,http://vocab.nerc.ac.uk/collection/P01/current/IDTCRE01,,
ARMS_Getxo_G2_20200624_20201103_SF40_s1_r1:Otu502,submergedTime,day,132,http://vocab.nerc.ac.uk/collection/P01/current/AZDRZZ01/,https://vocab.nerc.ac.uk/collection/P06/current/UTAA/,
ARMS_Getxo_G2_20200624_20201103_SF40_s1_r1:Otu502,preservativeUsed,,DMSO,http://vocab.nerc.ac.uk/collection/Q01/current/Q0100004/,,https://pubchem.ncbi.nlm.nih.gov/compound/679
ARMS_Getxo_G2_20200624_20201103_SF40_s1_r1:Otu502,lowerLimitFilterSize,micrometer,40,http://vocab.nerc.ac.uk/collection/Q01/current/Q0100011/,https://vocab.nerc.ac.uk/collection/P06/current/UMIC/,
ARMS_Getxo_G2_20200624_20201103_SF40_s1_r1:Otu502,sampleAccessionNumber,,SAMEA10021251,,,
ARMS_Getxo_G2_20200624_20201103_SF40_s1_r1:Otu502,NCBIID,,6340,,,
ARMS_Getxo_G2_20200624_20201103_SF40_s1_r1:Otu502,NCBIScientificName,,Annelida,,,
ARMS_Getxo_G2_20200624_20201103_SF40_s1_r1:Otu502,NCBITaxonRank,,phylum,,,
ARMS_Getxo_G2_20200624_20201103_SF40_s1_r1:Otu502,fieldReplicateID,,ARMS_Getxo_G_20200624_20201103,http://vocab.nerc.ac.uk/collection/P01/current/IDSPRE01,,
ARMS_Getxo_G2_20200624_20201103_SF40_s1_r1:Otu502,technicalReplicateID,,,http://vocab.nerc.ac.uk/collection/P01/current/IDTCRE01,,
ARMS_Getxo_G2_20200624_20201103_SF40_s1_r1:Otu361,submergedTime,day,132,http://vocab.nerc.ac.uk/collection/P01/current/AZDRZZ01/,https://vocab.nerc.ac.uk/collection/P06/current/UTAA/,
ARMS_Getxo_G2_20200624_20201103_SF40_s1_r1:Otu361,preservativeUsed,,DMSO,http://vocab.nerc.ac.uk/collection/Q01/current/Q0100004/,,https://pubchem.ncbi.nlm.nih.gov/compound/679
ARMS_Getxo_G2_20200624_20201103_SF40_s1_r1:Otu361,lowerLimitFilterSize,micrometer,40,http://vocab.nerc.ac.uk/collection/Q01/current/Q0100011/,https://vocab.nerc.ac.uk/collection/P06/current/UMIC/,
ARMS_Getxo_G2_20200624_20201103_SF40_s1_r1:Otu361,sampleAccessionNumber,,SAMEA10021251,,,
ARMS_Getxo_G2_20200624_20201103_SF40_s1_r1:Otu361,NCBIID,,106218,,,
ARMS_Getxo_G2_20200624_20201103_SF40_s1_r1:Otu361,NCBIScientificName,,Pectinoida,,,
ARMS_Getxo_G2_20200624_20201103_SF40_s1_r1:Otu361,NCBITaxonRank,,order,,,
ARMS_Getxo_G2_20200624_20201103_SF40_s1_r1:Otu361,fieldReplicateID,,ARMS_Getxo_G_20200624_20201103,http://vocab.nerc.ac.uk/collection/P01/current/IDSPRE01,,
ARMS_Getxo_G2_20200624_20201103_SF40_s1_r1:Otu361,technicalReplicateID,,,http://vocab.nerc.ac.uk/collection/P01/current/IDTCRE01,,
ARMS_Getxo_G2_20200624_20201103_SF40_s1_r1:Otu132,submergedTime,day,132,http://vocab.nerc.ac.uk/collection/P01/current/AZDRZZ01/,https://vocab.nerc.ac.uk/collection/P06/current/UTAA/,
ARMS_Getxo_G2_20200624_20201103_SF40_s1_r1:Otu132,preservativeUsed,,DMSO,http://vocab.nerc.ac.uk/collection/Q01/current/Q0100004/,,https://pubchem.ncbi.nlm.nih.gov/compound/679
ARMS_Getxo_G2_20200624_20201103_SF40_s1_r1:Otu132,lowerLimitFilterSize,micrometer,40,http://vocab.nerc.ac.uk/collection/Q01/current/Q0100011/,https://vocab.nerc.ac.uk/collection/P06/current/UMIC/,
ARMS_Getxo_G2_20200624_20201103_SF40_s1_r1:Otu132,sampleAccessionNumber,,SAMEA10021251,,,
ARMS_Getxo_G2_20200624_20201103_SF40_s1_r1:Otu132,NCBIID,,6074,,,
ARMS_Getxo_G2_20200624_20201103_SF40_s1_r1:Otu132,NCBIScientificName,,Hydrozoa,,,
ARMS_Getxo_G2_20200624_20201103_SF40_s1_r1:Otu132,NCBITaxonRank,,class,,,
ARMS_Getxo_G2_20200624_20201103_SF40_s1_r1:Otu132,fieldReplicateID,,ARMS_Getxo_G_20200624_20201103,http://vocab.nerc.ac.uk/collection/P01/current/IDSPRE01,,
ARMS_Getxo_G2_20200624_20201103_SF40_s1_r1:Otu132,technicalReplicateID,,,http://vocab.nerc.ac.uk/collection/P01/current/IDTCRE01,,
ARMS_Getxo_G2_20200624_20201103_SF40_s1_r1:Otu16,submergedTime,day,132,http://vocab.nerc.ac.uk/collection/P01/current/AZDRZZ01/,https://vocab.nerc.ac.uk/collection/P06/current/UTAA/,
ARMS_Getxo_G2_20200624_20201103_SF40_s1_r1:Otu16,preservativeUsed,,DMSO,http://vocab.nerc.ac.uk/collection/Q01/current/Q0100004/,,https://pubchem.ncbi.nlm.nih.gov/compound/679
ARMS_Getxo_G2_20200624_20201103_SF40_s1_r1:Otu16,lowerLimitFilterSize,micrometer,40,http://vocab.nerc.ac.uk/collection/Q01/current/Q0100011/,https://vocab.nerc.ac.uk/collection/P06/current/UMIC/,
ARMS_Getxo_G2_20200624_20201103_SF40_s1_r1:Otu16,sampleAccessionNumber,,SAMEA10021251,,,
ARMS_Getxo_G2_20200624_20201103_SF40_s1_r1:Otu16,NCBIID,,219170,,,
ARMS_Getxo_G2_20200624_20201103_SF40_s1_r1:Otu16,NCBIScientificName,,Folliculinidae,,,
ARMS_Getxo_G2_20200624_20201103_SF40_s1_r1:Otu16,NCBITaxonRank,,family,,,
ARMS_Getxo_G2_20200624_20201103_SF40_s1_r1:Otu16,fieldReplicateID,,ARMS_Getxo_G_20200624_20201103,http://vocab.nerc.ac.uk/collection/P01/current/IDSPRE01,,
ARMS_Getxo_G2_20200624_20201103_SF40_s1_r1:Otu16,technicalReplicateID,,,http://vocab.nerc.ac.uk/collection/P01/current/IDTCRE01,,
ARMS_Getxo_G2_20200624_20201103_SF40_s1_r1:Otu10,submergedTime,day,132,http://vocab.nerc.ac.uk/collection/P01/current/AZDRZZ01/,https://vocab.nerc.ac.uk/collection/P06/current/UTAA/,
ARMS_Getxo_G2_20200624_20201103_SF40_s1_r1:Otu10,preservativeUsed,,DMSO,http://vocab.nerc.ac.uk/collection/Q01/current/Q0100004/,,https://pubchem.ncbi.nlm.nih.gov/compound/679
ARMS_Getxo_G2_20200624_20201103_SF40_s1_r1:Otu10,lowerLimitFilterSize,micrometer,40,http://vocab.nerc.ac.uk/collection/Q01/current/Q0100011/,https://vocab.nerc.ac.uk/collection/P06/current/UMIC/,
ARMS_Getxo_G2_20200624_20201103_SF40_s1_r1:Otu10,sampleAccessionNumber,,SAMEA10021251,,,
ARMS_Getxo_G2_20200624_20201103_SF40_s1_r1:Otu10,NCBIID,,119397,,,
ARMS_Getxo_G2_20200624_20201103_SF40_s1_r1:Otu10,NCBIScientificName,,Neritopsina,,,
ARMS_Getxo_G2_20200624_20201103_SF40_s1_r1:Otu10,NCBITaxonRank,,subclass,,,
ARMS_Getxo_G2_20200624_20201103_SF40_s1_r1:Otu10,fieldReplicateID,,ARMS_Getxo_G_20200624_20201103,http://vocab.nerc.ac.uk/collection/P01/current/IDSPRE01,,
ARMS_Getxo_G2_20200624_20201103_SF40_s1_r1:Otu10,technicalReplicateID,,,http://vocab.nerc.ac.uk/collection/P01/current/IDTCRE01,,
ARMS_Getxo_G2_20200624_20201103_SF40_s1_r1:Otu13,submergedTime,day,132,http://vocab.nerc.ac.uk/collection/P01/current/AZDRZZ01/,https://vocab.nerc.ac.uk/collection/P06/current/UTAA/,
ARMS_Getxo_G2_20200624_20201103_SF40_s1_r1:Otu13,preservativeUsed,,DMSO,http://vocab.nerc.ac.uk/collection/Q01/current/Q0100004/,,https://pubchem.ncbi.nlm.nih.gov/compound/679
ARMS_Getxo_G2_20200624_20201103_SF40_s1_r1:Otu13,lowerLimitFilterSize,micrometer,40,http://vocab.nerc.ac.uk/collection/Q01/current/Q0100011/,https://vocab.nerc.ac.uk/collection/P06/current/UMIC/,
ARMS_Getxo_G2_20200624_20201103_SF40_s1_r1:Otu13,sampleAccessionNumber,,SAMEA10021251,,,
ARMS_Getxo_G2_20200624_20201103_SF40_s1_r1:Otu13,NCBIID,,69555,,,
ARMS_Getxo_G2_20200624_20201103_SF40_s1_r1:Otu13,NCBIScientificName,,Caenogastropoda,,,
ARMS_Getxo_G2_20200624_20201103_SF40_s1_r1:Otu13,NCBITaxonRank,,subclass,,,
ARMS_Getxo_G2_20200624_20201103_SF40_s1_r1:Otu13,fieldReplicateID,,ARMS_Getxo_G_20200624_20201103,http://vocab.nerc.ac.uk/collection/P01/current/IDSPRE01,,
ARMS_Getxo_G2_20200624_20201103_SF40_s1_r1:Otu13,technicalReplicateID,,,http://vocab.nerc.ac.uk/collection/P01/current/IDTCRE01,,
ARMS_Getxo_G2_20200624_20201103_SF40_s1_r1:Otu18,submergedTime,day,132,http://vocab.nerc.ac.uk/collection/P01/current/AZDRZZ01/,https://vocab.nerc.ac.uk/collection/P06/current/UTAA/,
ARMS_Getxo_G2_20200624_20201103_SF40_s1_r1:Otu18,preservativeUsed,,DMSO,http://vocab.nerc.ac.uk/collection/Q01/current/Q0100004/,,https://pubchem.ncbi.nlm.nih.gov/compound/679
ARMS_Getxo_G2_20200624_20201103_SF40_s1_r1:Otu18,lowerLimitFilterSize,micrometer,40,http://vocab.nerc.ac.uk/collection/Q01/current/Q0100011/,https://vocab.nerc.ac.uk/collection/P06/current/UMIC/,
ARMS_Getxo_G2_20200624_20201103_SF40_s1_r1:Otu18,sampleAccessionNumber,,SAMEA10021251,,,
ARMS_Getxo_G2_20200624_20201103_SF40_s1_r1:Otu18,NCBIID,,6340,,,
ARMS_Getxo_G2_20200624_20201103_SF40_s1_r1:Otu18,NCBIScientificName,,Annelida,,,
ARMS_Getxo_G2_20200624_20201103_SF40_s1_r1:Otu18,NCBITaxonRank,,phylum,,,
ARMS_Getxo_G2_20200624_20201103_SF40_s1_r1:Otu18,fieldReplicateID,,ARMS_Getxo_G_20200624_20201103,http://vocab.nerc.ac.uk/collection/P01/current/IDSPRE01,,
ARMS_Getxo_G2_20200624_20201103_SF40_s1_r1:Otu18,technicalReplicateID,,,http://vocab.nerc.ac.uk/collection/P01/current/IDTCRE01,,
ARMS_Getxo_G2_20200624_20201103_SF40_s1_r1:Otu19,submergedTime,day,132,http://vocab.nerc.ac.uk/collection/P01/current/AZDRZZ01/,https://vocab.nerc.ac.uk/collection/P06/current/UTAA/,
ARMS_Getxo_G2_20200624_20201103_SF40_s1_r1:Otu19,preservativeUsed,,DMSO,http://vocab.nerc.ac.uk/collection/Q01/current/Q0100004/,,https://pubchem.ncbi.nlm.nih.gov/compound/679
ARMS_Getxo_G2_20200624_20201103_SF40_s1_r1:Otu19,lowerLimitFilterSize,micrometer,40,http://vocab.nerc.ac.uk/collection/Q01/current/Q0100011/,https://vocab.nerc.ac.uk/collection/P06/current/UMIC/,
ARMS_Getxo_G2_20200624_20201103_SF40_s1_r1:Otu19,sampleAccessionNumber,,SAMEA10021251,,,
ARMS_Getxo_G2_20200624_20201103_SF40_s1_r1:Otu19,NCBIID,,71176,,,
ARMS_Getxo_G2_20200624_20201103_SF40_s1_r1:Otu19,NCBIScientificName,,Chelyosoma,,,
ARMS_Getxo_G2_20200624_20201103_SF40_s1_r1:Otu19,NCBITaxonRank,,genus,,,
ARMS_Getxo_G2_20200624_20201103_SF40_s1_r1:Otu19,fieldReplicateID,,ARMS_Getxo_G_20200624_20201103,http://vocab.nerc.ac.uk/collection/P01/current/IDSPRE01,,
ARMS_Getxo_G2_20200624_20201103_SF40_s1_r1:Otu19,technicalReplicateID,,,http://vocab.nerc.ac.uk/collection/P01/current/IDTCRE01,,
ARMS_Getxo_G3_20200624_20201103_SF40_s1_r1:Otu385,submergedTime,day,132,http://vocab.nerc.ac.uk/collection/P01/current/AZDRZZ01/,https://vocab.nerc.ac.uk/collection/P06/current/UTAA/,
ARMS_Getxo_G3_20200624_20201103_SF40_s1_r1:Otu385,preservativeUsed,,DMSO,http://vocab.nerc.ac.uk/collection/Q01/current/Q0100004/,,https://pubchem.ncbi.nlm.nih.gov/compound/679
ARMS_Getxo_G3_20200624_20201103_SF40_s1_r1:Otu385,lowerLimitFilterSize,micrometer,40,http://vocab.nerc.ac.uk/collection/Q01/current/Q0100011/,https://vocab.nerc.ac.uk/collection/P06/current/UMIC/,
ARMS_Getxo_G3_20200624_20201103_SF40_s1_r1:Otu385,sampleAccessionNumber,,SAMEA10021257,,,
ARMS_Getxo_G3_20200624_20201103_SF40_s1_r1:Otu385,NCBIID,,6340,,,
ARMS_Getxo_G3_20200624_20201103_SF40_s1_r1:Otu385,NCBIScientificName,,Annelida,,,
ARMS_Getxo_G3_20200624_20201103_SF40_s1_r1:Otu385,NCBITaxonRank,,phylum,,,
ARMS_Getxo_G3_20200624_20201103_SF40_s1_r1:Otu385,fieldReplicateID,,ARMS_Getxo_G_20200624_20201103,http://vocab.nerc.ac.uk/collection/P01/current/IDSPRE01,,
ARMS_Getxo_G3_20200624_20201103_SF40_s1_r1:Otu385,technicalReplicateID,,,http://vocab.nerc.ac.uk/collection/P01/current/IDTCRE01,,
ARMS_Getxo_G3_20200624_20201103_SF40_s1_r1:Otu48,submergedTime,day,132,http://vocab.nerc.ac.uk/collection/P01/current/AZDRZZ01/,https://vocab.nerc.ac.uk/collection/P06/current/UTAA/,
ARMS_Getxo_G3_20200624_20201103_SF40_s1_r1:Otu48,preservativeUsed,,DMSO,http://vocab.nerc.ac.uk/collection/Q01/current/Q0100004/,,https://pubchem.ncbi.nlm.nih.gov/compound/679
ARMS_Getxo_G3_20200624_20201103_SF40_s1_r1:Otu48,lowerLimitFilterSize,micrometer,40,http://vocab.nerc.ac.uk/collection/Q01/current/Q0100011/,https://vocab.nerc.ac.uk/collection/P06/current/UMIC/,
ARMS_Getxo_G3_20200624_20201103_SF40_s1_r1:Otu48,sampleAccessionNumber,,SAMEA10021257,,,
ARMS_Getxo_G3_20200624_20201103_SF40_s1_r1:Otu48,NCBIID,,27929,,,
ARMS_Getxo_G3_20200624_20201103_SF40_s1_r1:Otu48,NCBIScientificName,,Calcarea,,,
ARMS_Getxo_G3_20200624_20201103_SF40_s1_r1:Otu48,NCBITaxonRank,,class,,,
ARMS_Getxo_G3_20200624_20201103_SF40_s1_r1:Otu48,fieldReplicateID,,ARMS_Getxo_G_20200624_20201103,http://vocab.nerc.ac.uk/collection/P01/current/IDSPRE01,,
ARMS_Getxo_G3_20200624_20201103_SF40_s1_r1:Otu48,technicalReplicateID,,,http://vocab.nerc.ac.uk/collection/P01/current/IDTCRE01,,
ARMS_Getxo_G3_20200624_20201103_SF40_s1_r1:Otu252,submergedTime,day,132,http://vocab.nerc.ac.uk/collection/P01/current/AZDRZZ01/,https://vocab.nerc.ac.uk/collection/P06/current/UTAA/,
ARMS_Getxo_G3_20200624_20201103_SF40_s1_r1:Otu252,preservativeUsed,,DMSO,http://vocab.nerc.ac.uk/collection/Q01/current/Q0100004/,,https://pubchem.ncbi.nlm.nih.gov/compound/679
ARMS_Getxo_G3_20200624_20201103_SF40_s1_r1:Otu252,lowerLimitFilterSize,micrometer,40,http://vocab.nerc.ac.uk/collection/Q01/current/Q0100011/,https://vocab.nerc.ac.uk/collection/P06/current/UMIC/,
ARMS_Getxo_G3_20200624_20201103_SF40_s1_r1:Otu252,sampleAccessionNumber,,SAMEA10021257,,,
ARMS_Getxo_G3_20200624_20201103_SF40_s1_r1:Otu252,NCBIID,,7713,,,
ARMS_Getxo_G3_20200624_20201103_SF40_s1_r1:Otu252,NCBIScientificName,,Ascidiacea,,,
ARMS_Getxo_G3_20200624_20201103_SF40_s1_r1:Otu252,NCBITaxonRank,,class,,,
ARMS_Getxo_G3_20200624_20201103_SF40_s1_r1:Otu252,fieldReplicateID,,ARMS_Getxo_G_20200624_20201103,http://vocab.nerc.ac.uk/collection/P01/current/IDSPRE01,,
ARMS_Getxo_G3_20200624_20201103_SF40_s1_r1:Otu252,technicalReplicateID,,,http://vocab.nerc.ac.uk/collection/P01/current/IDTCRE01,,
ARMS_Getxo_G3_20200624_20201103_SF40_s1_r1:Otu257,submergedTime,day,132,http://vocab.nerc.ac.uk/collection/P01/current/AZDRZZ01/,https://vocab.nerc.ac.uk/collection/P06/current/UTAA/,
ARMS_Getxo_G3_20200624_20201103_SF40_s1_r1:Otu257,preservativeUsed,,DMSO,http://vocab.nerc.ac.uk/collection/Q01/current/Q0100004/,,https://pubchem.ncbi.nlm.nih.gov/compound/679
ARMS_Getxo_G3_20200624_20201103_SF40_s1_r1:Otu257,lowerLimitFilterSize,micrometer,40,http://vocab.nerc.ac.uk/collection/Q01/current/Q0100011/,https://vocab.nerc.ac.uk/collection/P06/current/UMIC/,
ARMS_Getxo_G3_20200624_20201103_SF40_s1_r1:Otu257,sampleAccessionNumber,,SAMEA10021257,,,
ARMS_Getxo_G3_20200624_20201103_SF40_s1_r1:Otu257,NCBIID,,37858,,,
ARMS_Getxo_G3_20200624_20201103_SF40_s1_r1:Otu257,NCBIScientificName,,Ostrea,,,
ARMS_Getxo_G3_20200624_20201103_SF40_s1_r1:Otu257,NCBITaxonRank,,genus,,,
ARMS_Getxo_G3_20200624_20201103_SF40_s1_r1:Otu257,fieldReplicateID,,ARMS_Getxo_G_20200624_20201103,http://vocab.nerc.ac.uk/collection/P01/current/IDSPRE01,,
ARMS_Getxo_G3_20200624_20201103_SF40_s1_r1:Otu257,technicalReplicateID,,,http://vocab.nerc.ac.uk/collection/P01/current/IDTCRE01,,
ARMS_Getxo_G3_20200624_20201103_SF40_s1_r1:Otu29,submergedTime,day,132,http://vocab.nerc.ac.uk/collection/P01/current/AZDRZZ01/,https://vocab.nerc.ac.uk/collection/P06/current/UTAA/,
ARMS_Getxo_G3_20200624_20201103_SF40_s1_r1:Otu29,preservativeUsed,,DMSO,http://vocab.nerc.ac.uk/collection/Q01/current/Q0100004/,,https://pubchem.ncbi.nlm.nih.gov/compound/679
ARMS_Getxo_G3_20200624_20201103_SF40_s1_r1:Otu29,lowerLimitFilterSize,micrometer,40,http://vocab.nerc.ac.uk/collection/Q01/current/Q0100011/,https://vocab.nerc.ac.uk/collection/P06/current/UMIC/,
ARMS_Getxo_G3_20200624_20201103_SF40_s1_r1:Otu29,sampleAccessionNumber,,SAMEA10021257,,,
ARMS_Getxo_G3_20200624_20201103_SF40_s1_r1:Otu29,NCBIID,,2836,,,
ARMS_Getxo_G3_20200624_20201103_SF40_s1_r1:Otu29,NCBIScientificName,,Bacillariophyta,,,
ARMS_Getxo_G3_20200624_20201103_SF40_s1_r1:Otu29,NCBITaxonRank,,phylum,,,
ARMS_Getxo_G3_20200624_20201103_SF40_s1_r1:Otu29,fieldReplicateID,,ARMS_Getxo_G_20200624_20201103,http://vocab.nerc.ac.uk/collection/P01/current/IDSPRE01,,
ARMS_Getxo_G3_20200624_20201103_SF40_s1_r1:Otu29,technicalReplicateID,,,http://vocab.nerc.ac.uk/collection/P01/current/IDTCRE01,,
ARMS_Getxo_G3_20200624_20201103_SF40_s1_r1:Otu28,submergedTime,day,132,http://vocab.nerc.ac.uk/collection/P01/current/AZDRZZ01/,https://vocab.nerc.ac.uk/collection/P06/current/UTAA/,
ARMS_Getxo_G3_20200624_20201103_SF40_s1_r1:Otu28,preservativeUsed,,DMSO,http://vocab.nerc.ac.uk/collection/Q01/current/Q0100004/,,https://pubchem.ncbi.nlm.nih.gov/compound/679
ARMS_Getxo_G3_20200624_20201103_SF40_s1_r1:Otu28,lowerLimitFilterSize,micrometer,40,http://vocab.nerc.ac.uk/collection/Q01/current/Q0100011/,https://vocab.nerc.ac.uk/collection/P06/current/UMIC/,
ARMS_Getxo_G3_20200624_20201103_SF40_s1_r1:Otu28,sampleAccessionNumber,,SAMEA10021257,,,
ARMS_Getxo_G3_20200624_20201103_SF40_s1_r1:Otu28,NCBIID,,37858,,,
ARMS_Getxo_G3_20200624_20201103_SF40_s1_r1:Otu28,NCBIScientificName,,Ostrea,,,
ARMS_Getxo_G3_20200624_20201103_SF40_s1_r1:Otu28,NCBITaxonRank,,genus,,,
ARMS_Getxo_G3_20200624_20201103_SF40_s1_r1:Otu28,fieldReplicateID,,ARMS_Getxo_G_20200624_20201103,http://vocab.nerc.ac.uk/collection/P01/current/IDSPRE01,,
ARMS_Getxo_G3_20200624_20201103_SF40_s1_r1:Otu28,technicalReplicateID,,,http://vocab.nerc.ac.uk/collection/P01/current/IDTCRE01,,
ARMS_Getxo_G3_20200624_20201103_SF40_s1_r1:Otu176,submergedTime,day,132,http://vocab.nerc.ac.uk/collection/P01/current/AZDRZZ01/,https://vocab.nerc.ac.uk/collection/P06/current/UTAA/,
ARMS_Getxo_G3_20200624_20201103_SF40_s1_r1:Otu176,preservativeUsed,,DMSO,http://vocab.nerc.ac.uk/collection/Q01/current/Q0100004/,,https://pubchem.ncbi.nlm.nih.gov/compound/679
ARMS_Getxo_G3_20200624_20201103_SF40_s1_r1:Otu176,lowerLimitFilterSize,micrometer,40,http://vocab.nerc.ac.uk/collection/Q01/current/Q0100011/,https://vocab.nerc.ac.uk/collection/P06/current/UMIC/,
ARMS_Getxo_G3_20200624_20201103_SF40_s1_r1:Otu176,sampleAccessionNumber,,SAMEA10021257,,,
ARMS_Getxo_G3_20200624_20201103_SF40_s1_r1:Otu176,NCBIID,,31257,,,
ARMS_Getxo_G3_20200624_20201103_SF40_s1_r1:Otu176,NCBIScientificName,,Stylochus,,,
ARMS_Getxo_G3_20200624_20201103_SF40_s1_r1:Otu176,NCBITaxonRank,,genus,,,
ARMS_Getxo_G3_20200624_20201103_SF40_s1_r1:Otu176,fieldReplicateID,,ARMS_Getxo_G_20200624_20201103,http://vocab.nerc.ac.uk/collection/P01/current/IDSPRE01,,
ARMS_Getxo_G3_20200624_20201103_SF40_s1_r1:Otu176,technicalReplicateID,,,http://vocab.nerc.ac.uk/collection/P01/current/IDTCRE01,,
ARMS_Getxo_G3_20200624_20201103_SF40_s1_r1:Otu177,submergedTime,day,132,http://vocab.nerc.ac.uk/collection/P01/current/AZDRZZ01/,https://vocab.nerc.ac.uk/collection/P06/current/UTAA/,
ARMS_Getxo_G3_20200624_20201103_SF40_s1_r1:Otu177,preservativeUsed,,DMSO,http://vocab.nerc.ac.uk/collection/Q01/current/Q0100004/,,https://pubchem.ncbi.nlm.nih.gov/compound/679
ARMS_Getxo_G3_20200624_20201103_SF40_s1_r1:Otu177,lowerLimitFilterSize,micrometer,40,http://vocab.nerc.ac.uk/collection/Q01/current/Q0100011/,https://vocab.nerc.ac.uk/collection/P06/current/UMIC/,
ARMS_Getxo_G3_20200624_20201103_SF40_s1_r1:Otu177,sampleAccessionNumber,,SAMEA10021257,,,
ARMS_Getxo_G3_20200624_20201103_SF40_s1_r1:Otu177,NCBIID,,6340,,,
ARMS_Getxo_G3_20200624_20201103_SF40_s1_r1:Otu177,NCBIScientificName,,Annelida,,,
ARMS_Getxo_G3_20200624_20201103_SF40_s1_r1:Otu177,NCBITaxonRank,,phylum,,,
ARMS_Getxo_G3_20200624_20201103_SF40_s1_r1:Otu177,fieldReplicateID,,ARMS_Getxo_G_20200624_20201103,http://vocab.nerc.ac.uk/collection/P01/current/IDSPRE01,,
ARMS_Getxo_G3_20200624_20201103_SF40_s1_r1:Otu177,technicalReplicateID,,,http://vocab.nerc.ac.uk/collection/P01/current/IDTCRE01,,
ARMS_Getxo_G3_20200624_20201103_SF40_s1_r1:Otu61,submergedTime,day,132,http://vocab.nerc.ac.uk/collection/P01/current/AZDRZZ01/,https://vocab.nerc.ac.uk/collection/P06/current/UTAA/,
ARMS_Getxo_G3_20200624_20201103_SF40_s1_r1:Otu61,preservativeUsed,,DMSO,http://vocab.nerc.ac.uk/collection/Q01/current/Q0100004/,,https://pubchem.ncbi.nlm.nih.gov/compound/679
ARMS_Getxo_G3_20200624_20201103_SF40_s1_r1:Otu61,lowerLimitFilterSize,micrometer,40,http://vocab.nerc.ac.uk/collection/Q01/current/Q0100011/,https://vocab.nerc.ac.uk/collection/P06/current/UMIC/,
ARMS_Getxo_G3_20200624_20201103_SF40_s1_r1:Otu61,sampleAccessionNumber,,SAMEA10021257,,,
ARMS_Getxo_G3_20200624_20201103_SF40_s1_r1:Otu61,NCBIID,,6042,,,
ARMS_Getxo_G3_20200624_20201103_SF40_s1_r1:Otu61,NCBIScientificName,,Demospongiae,,,
ARMS_Getxo_G3_20200624_20201103_SF40_s1_r1:Otu61,NCBITaxonRank,,class,,,
ARMS_Getxo_G3_20200624_20201103_SF40_s1_r1:Otu61,fieldReplicateID,,ARMS_Getxo_G_20200624_20201103,http://vocab.nerc.ac.uk/collection/P01/current/IDSPRE01,,
ARMS_Getxo_G3_20200624_20201103_SF40_s1_r1:Otu61,technicalReplicateID,,,http://vocab.nerc.ac.uk/collection/P01/current/IDTCRE01,,
ARMS_Getxo_G3_20200624_20201103_SF40_s1_r1:Otu468,submergedTime,day,132,http://vocab.nerc.ac.uk/collection/P01/current/AZDRZZ01/,https://vocab.nerc.ac.uk/collection/P06/current/UTAA/,
ARMS_Getxo_G3_20200624_20201103_SF40_s1_r1:Otu468,preservativeUsed,,DMSO,http://vocab.nerc.ac.uk/collection/Q01/current/Q0100004/,,https://pubchem.ncbi.nlm.nih.gov/compound/679
ARMS_Getxo_G3_20200624_20201103_SF40_s1_r1:Otu468,lowerLimitFilterSize,micrometer,40,http://vocab.nerc.ac.uk/collection/Q01/current/Q0100011/,https://vocab.nerc.ac.uk/collection/P06/current/UMIC/,
ARMS_Getxo_G3_20200624_20201103_SF40_s1_r1:Otu468,sampleAccessionNumber,,SAMEA10021257,,,
ARMS_Getxo_G3_20200624_20201103_SF40_s1_r1:Otu468,NCBIID,,65574,,,
ARMS_Getxo_G3_20200624_20201103_SF40_s1_r1:Otu468,NCBIScientificName,,Radiolaria,,,
ARMS_Getxo_G3_20200624_20201103_SF40_s1_r1:Otu468,NCBITaxonRank,,class,,,
ARMS_Getxo_G3_20200624_20201103_SF40_s1_r1:Otu468,fieldReplicateID,,ARMS_Getxo_G_20200624_20201103,http://vocab.nerc.ac.uk/collection/P01/current/IDSPRE01,,
ARMS_Getxo_G3_20200624_20201103_SF40_s1_r1:Otu468,technicalReplicateID,,,http://vocab.nerc.ac.uk/collection/P01/current/IDTCRE01,,
ARMS_Getxo_G3_20200624_20201103_SF40_s1_r1:Otu116,submergedTime,day,132,http://vocab.nerc.ac.uk/collection/P01/current/AZDRZZ01/,https://vocab.nerc.ac.uk/collection/P06/current/UTAA/,
ARMS_Getxo_G3_20200624_20201103_SF40_s1_r1:Otu116,preservativeUsed,,DMSO,http://vocab.nerc.ac.uk/collection/Q01/current/Q0100004/,,https://pubchem.ncbi.nlm.nih.gov/compound/679
ARMS_Getxo_G3_20200624_20201103_SF40_s1_r1:Otu116,lowerLimitFilterSize,micrometer,40,http://vocab.nerc.ac.uk/collection/Q01/current/Q0100011/,https://vocab.nerc.ac.uk/collection/P06/current/UMIC/,
ARMS_Getxo_G3_20200624_20201103_SF40_s1_r1:Otu116,sampleAccessionNumber,,SAMEA10021257,,,
ARMS_Getxo_G3_20200624_20201103_SF40_s1_r1:Otu116,NCBIID,,3034647,,,
ARMS_Getxo_G3_20200624_20201103_SF40_s1_r1:Otu116,NCBIScientificName,,Hydroides_trivesiculosus,,,
ARMS_Getxo_G3_20200624_20201103_SF40_s1_r1:Otu116,NCBITaxonRank,,species,,,
ARMS_Getxo_G3_20200624_20201103_SF40_s1_r1:Otu116,fieldReplicateID,,ARMS_Getxo_G_20200624_20201103,http://vocab.nerc.ac.uk/collection/P01/current/IDSPRE01,,
ARMS_Getxo_G3_20200624_20201103_SF40_s1_r1:Otu116,technicalReplicateID,,,http://vocab.nerc.ac.uk/collection/P01/current/IDTCRE01,,
ARMS_Getxo_G3_20200624_20201103_SF40_s1_r1:Otu112,submergedTime,day,132,http://vocab.nerc.ac.uk/collection/P01/current/AZDRZZ01/,https://vocab.nerc.ac.uk/collection/P06/current/UTAA/,
ARMS_Getxo_G3_20200624_20201103_SF40_s1_r1:Otu112,preservativeUsed,,DMSO,http://vocab.nerc.ac.uk/collection/Q01/current/Q0100004/,,https://pubchem.ncbi.nlm.nih.gov/compound/679
ARMS_Getxo_G3_20200624_20201103_SF40_s1_r1:Otu112,lowerLimitFilterSize,micrometer,40,http://vocab.nerc.ac.uk/collection/Q01/current/Q0100011/,https://vocab.nerc.ac.uk/collection/P06/current/UMIC/,
ARMS_Getxo_G3_20200624_20201103_SF40_s1_r1:Otu112,sampleAccessionNumber,,SAMEA10021257,,,
ARMS_Getxo_G3_20200624_20201103_SF40_s1_r1:Otu112,NCBIID,,168253,,,
ARMS_Getxo_G3_20200624_20201103_SF40_s1_r1:Otu112,NCBIScientificName,,Vaginicola,,,
ARMS_Getxo_G3_20200624_20201103_SF40_s1_r1:Otu112,NCBITaxonRank,,genus,,,
ARMS_Getxo_G3_20200624_20201103_SF40_s1_r1:Otu112,fieldReplicateID,,ARMS_Getxo_G_20200624_20201103,http://vocab.nerc.ac.uk/collection/P01/current/IDSPRE01,,
ARMS_Getxo_G3_20200624_20201103_SF40_s1_r1:Otu112,technicalReplicateID,,,http://vocab.nerc.ac.uk/collection/P01/current/IDTCRE01,,
ARMS_Getxo_G3_20200624_20201103_SF40_s1_r1:Otu38,submergedTime,day,132,http://vocab.nerc.ac.uk/collection/P01/current/AZDRZZ01/,https://vocab.nerc.ac.uk/collection/P06/current/UTAA/,
ARMS_Getxo_G3_20200624_20201103_SF40_s1_r1:Otu38,preservativeUsed,,DMSO,http://vocab.nerc.ac.uk/collection/Q01/current/Q0100004/,,https://pubchem.ncbi.nlm.nih.gov/compound/679
ARMS_Getxo_G3_20200624_20201103_SF40_s1_r1:Otu38,lowerLimitFilterSize,micrometer,40,http://vocab.nerc.ac.uk/collection/Q01/current/Q0100011/,https://vocab.nerc.ac.uk/collection/P06/current/UMIC/,
ARMS_Getxo_G3_20200624_20201103_SF40_s1_r1:Otu38,sampleAccessionNumber,,SAMEA10021257,,,
ARMS_Getxo_G3_20200624_20201103_SF40_s1_r1:Otu38,NCBIID,,244961,,,
ARMS_Getxo_G3_20200624_20201103_SF40_s1_r1:Otu38,NCBIScientificName,,Gyrodinium_fusiforme,,,
ARMS_Getxo_G3_20200624_20201103_SF40_s1_r1:Otu38,NCBITaxonRank,,species,,,
ARMS_Getxo_G3_20200624_20201103_SF40_s1_r1:Otu38,fieldReplicateID,,ARMS_Getxo_G_20200624_20201103,http://vocab.nerc.ac.uk/collection/P01/current/IDSPRE01,,
ARMS_Getxo_G3_20200624_20201103_SF40_s1_r1:Otu38,technicalReplicateID,,,http://vocab.nerc.ac.uk/collection/P01/current/IDTCRE01,,
ARMS_Getxo_G3_20200624_20201103_SF40_s1_r1:Otu36,submergedTime,day,132,http://vocab.nerc.ac.uk/collection/P01/current/AZDRZZ01/,https://vocab.nerc.ac.uk/collection/P06/current/UTAA/,
ARMS_Getxo_G3_20200624_20201103_SF40_s1_r1:Otu36,preservativeUsed,,DMSO,http://vocab.nerc.ac.uk/collection/Q01/current/Q0100004/,,https://pubchem.ncbi.nlm.nih.gov/compound/679
ARMS_Getxo_G3_20200624_20201103_SF40_s1_r1:Otu36,lowerLimitFilterSize,micrometer,40,http://vocab.nerc.ac.uk/collection/Q01/current/Q0100011/,https://vocab.nerc.ac.uk/collection/P06/current/UMIC/,
ARMS_Getxo_G3_20200624_20201103_SF40_s1_r1:Otu36,sampleAccessionNumber,,SAMEA10021257,,,
ARMS_Getxo_G3_20200624_20201103_SF40_s1_r1:Otu36,NCBIID,,5934,,,
ARMS_Getxo_G3_20200624_20201103_SF40_s1_r1:Otu36,NCBIScientificName,,Hypotrichia,,,
ARMS_Getxo_G3_20200624_20201103_SF40_s1_r1:Otu36,NCBITaxonRank,,subclass,,,
ARMS_Getxo_G3_20200624_20201103_SF40_s1_r1:Otu36,fieldReplicateID,,ARMS_Getxo_G_20200624_20201103,http://vocab.nerc.ac.uk/collection/P01/current/IDSPRE01,,
ARMS_Getxo_G3_20200624_20201103_SF40_s1_r1:Otu36,technicalReplicateID,,,http://vocab.nerc.ac.uk/collection/P01/current/IDTCRE01,,
ARMS_Getxo_G3_20200624_20201103_SF40_s1_r1:Otu31,submergedTime,day,132,http://vocab.nerc.ac.uk/collection/P01/current/AZDRZZ01/,https://vocab.nerc.ac.uk/collection/P06/current/UTAA/,
ARMS_Getxo_G3_20200624_20201103_SF40_s1_r1:Otu31,preservativeUsed,,DMSO,http://vocab.nerc.ac.uk/collection/Q01/current/Q0100004/,,https://pubchem.ncbi.nlm.nih.gov/compound/679
ARMS_Getxo_G3_20200624_20201103_SF40_s1_r1:Otu31,lowerLimitFilterSize,micrometer,40,http://vocab.nerc.ac.uk/collection/Q01/current/Q0100011/,https://vocab.nerc.ac.uk/collection/P06/current/UMIC/,
ARMS_Getxo_G3_20200624_20201103_SF40_s1_r1:Otu31,sampleAccessionNumber,,SAMEA10021257,,,
ARMS_Getxo_G3_20200624_20201103_SF40_s1_r1:Otu31,NCBIID,,6074,,,
ARMS_Getxo_G3_20200624_20201103_SF40_s1_r1:Otu31,NCBIScientificName,,Hydrozoa,,,
ARMS_Getxo_G3_20200624_20201103_SF40_s1_r1:Otu31,NCBITaxonRank,,class,,,
ARMS_Getxo_G3_20200624_20201103_SF40_s1_r1:Otu31,fieldReplicateID,,ARMS_Getxo_G_20200624_20201103,http://vocab.nerc.ac.uk/collection/P01/current/IDSPRE01,,
ARMS_Getxo_G3_20200624_20201103_SF40_s1_r1:Otu31,technicalReplicateID,,,http://vocab.nerc.ac.uk/collection/P01/current/IDTCRE01,,
ARMS_Getxo_G3_20200624_20201103_SF40_s1_r1:Otu162,submergedTime,day,132,http://vocab.nerc.ac.uk/collection/P01/current/AZDRZZ01/,https://vocab.nerc.ac.uk/collection/P06/current/UTAA/,
ARMS_Getxo_G3_20200624_20201103_SF40_s1_r1:Otu162,preservativeUsed,,DMSO,http://vocab.nerc.ac.uk/collection/Q01/current/Q0100004/,,https://pubchem.ncbi.nlm.nih.gov/compound/679
ARMS_Getxo_G3_20200624_20201103_SF40_s1_r1:Otu162,lowerLimitFilterSize,micrometer,40,http://vocab.nerc.ac.uk/collection/Q01/current/Q0100011/,https://vocab.nerc.ac.uk/collection/P06/current/UMIC/,
ARMS_Getxo_G3_20200624_20201103_SF40_s1_r1:Otu162,sampleAccessionNumber,,SAMEA10021257,,,
ARMS_Getxo_G3_20200624_20201103_SF40_s1_r1:Otu162,NCBIID,,6340,,,
ARMS_Getxo_G3_20200624_20201103_SF40_s1_r1:Otu162,NCBIScientificName,,Annelida,,,
ARMS_Getxo_G3_20200624_20201103_SF40_s1_r1:Otu162,NCBITaxonRank,,phylum,,,
ARMS_Getxo_G3_20200624_20201103_SF40_s1_r1:Otu162,fieldReplicateID,,ARMS_Getxo_G_20200624_20201103,http://vocab.nerc.ac.uk/collection/P01/current/IDSPRE01,,
ARMS_Getxo_G3_20200624_20201103_SF40_s1_r1:Otu162,technicalReplicateID,,,http://vocab.nerc.ac.uk/collection/P01/current/IDTCRE01,,
ARMS_Getxo_G3_20200624_20201103_SF40_s1_r1:Otu161,submergedTime,day,132,http://vocab.nerc.ac.uk/collection/P01/current/AZDRZZ01/,https://vocab.nerc.ac.uk/collection/P06/current/UTAA/,
ARMS_Getxo_G3_20200624_20201103_SF40_s1_r1:Otu161,preservativeUsed,,DMSO,http://vocab.nerc.ac.uk/collection/Q01/current/Q0100004/,,https://pubchem.ncbi.nlm.nih.gov/compound/679
ARMS_Getxo_G3_20200624_20201103_SF40_s1_r1:Otu161,lowerLimitFilterSize,micrometer,40,http://vocab.nerc.ac.uk/collection/Q01/current/Q0100011/,https://vocab.nerc.ac.uk/collection/P06/current/UMIC/,
ARMS_Getxo_G3_20200624_20201103_SF40_s1_r1:Otu161,sampleAccessionNumber,,SAMEA10021257,,,
ARMS_Getxo_G3_20200624_20201103_SF40_s1_r1:Otu161,NCBIID,,33208,,,
ARMS_Getxo_G3_20200624_20201103_SF40_s1_r1:Otu161,NCBIScientificName,,Metazoa,,,
ARMS_Getxo_G3_20200624_20201103_SF40_s1_r1:Otu161,NCBITaxonRank,,kingdom,,,
ARMS_Getxo_G3_20200624_20201103_SF40_s1_r1:Otu161,fieldReplicateID,,ARMS_Getxo_G_20200624_20201103,http://vocab.nerc.ac.uk/collection/P01/current/IDSPRE01,,
ARMS_Getxo_G3_20200624_20201103_SF40_s1_r1:Otu161,technicalReplicateID,,,http://vocab.nerc.ac.uk/collection/P01/current/IDTCRE01,,
ARMS_Getxo_G3_20200624_20201103_SF40_s1_r1:Otu500,submergedTime,day,132,http://vocab.nerc.ac.uk/collection/P01/current/AZDRZZ01/,https://vocab.nerc.ac.uk/collection/P06/current/UTAA/,
ARMS_Getxo_G3_20200624_20201103_SF40_s1_r1:Otu500,preservativeUsed,,DMSO,http://vocab.nerc.ac.uk/collection/Q01/current/Q0100004/,,https://pubchem.ncbi.nlm.nih.gov/compound/679
ARMS_Getxo_G3_20200624_20201103_SF40_s1_r1:Otu500,lowerLimitFilterSize,micrometer,40,http://vocab.nerc.ac.uk/collection/Q01/current/Q0100011/,https://vocab.nerc.ac.uk/collection/P06/current/UMIC/,
ARMS_Getxo_G3_20200624_20201103_SF40_s1_r1:Otu500,sampleAccessionNumber,,SAMEA10021257,,,
ARMS_Getxo_G3_20200624_20201103_SF40_s1_r1:Otu500,NCBIID,,6657,,,
ARMS_Getxo_G3_20200624_20201103_SF40_s1_r1:Otu500,NCBIScientificName,,Crustacea,,,
ARMS_Getxo_G3_20200624_20201103_SF40_s1_r1:Otu500,NCBITaxonRank,,subphylum,,,
ARMS_Getxo_G3_20200624_20201103_SF40_s1_r1:Otu500,fieldReplicateID,,ARMS_Getxo_G_20200624_20201103,http://vocab.nerc.ac.uk/collection/P01/current/IDSPRE01,,
ARMS_Getxo_G3_20200624_20201103_SF40_s1_r1:Otu500,technicalReplicateID,,,http://vocab.nerc.ac.uk/collection/P01/current/IDTCRE01,,
ARMS_Getxo_G3_20200624_20201103_SF40_s1_r1:Otu503,submergedTime,day,132,http://vocab.nerc.ac.uk/collection/P01/current/AZDRZZ01/,https://vocab.nerc.ac.uk/collection/P06/current/UTAA/,
ARMS_Getxo_G3_20200624_20201103_SF40_s1_r1:Otu503,preservativeUsed,,DMSO,http://vocab.nerc.ac.uk/collection/Q01/current/Q0100004/,,https://pubchem.ncbi.nlm.nih.gov/compound/679
ARMS_Getxo_G3_20200624_20201103_SF40_s1_r1:Otu503,lowerLimitFilterSize,micrometer,40,http://vocab.nerc.ac.uk/collection/Q01/current/Q0100011/,https://vocab.nerc.ac.uk/collection/P06/current/UMIC/,
ARMS_Getxo_G3_20200624_20201103_SF40_s1_r1:Otu503,sampleAccessionNumber,,SAMEA10021257,,,
ARMS_Getxo_G3_20200624_20201103_SF40_s1_r1:Otu503,NCBIID,,79788,,,
ARMS_Getxo_G3_20200624_20201103_SF40_s1_r1:Otu503,NCBIScientificName,,Prolecithophora,,,
ARMS_Getxo_G3_20200624_20201103_SF40_s1_r1:Otu503,NCBITaxonRank,,order,,,
ARMS_Getxo_G3_20200624_20201103_SF40_s1_r1:Otu503,fieldReplicateID,,ARMS_Getxo_G_20200624_20201103,http://vocab.nerc.ac.uk/collection/P01/current/IDSPRE01,,
ARMS_Getxo_G3_20200624_20201103_SF40_s1_r1:Otu503,technicalReplicateID,,,http://vocab.nerc.ac.uk/collection/P01/current/IDTCRE01,,
ARMS_Getxo_G3_20200624_20201103_SF40_s1_r1:Otu505,submergedTime,day,132,http://vocab.nerc.ac.uk/collection/P01/current/AZDRZZ01/,https://vocab.nerc.ac.uk/collection/P06/current/UTAA/,
ARMS_Getxo_G3_20200624_20201103_SF40_s1_r1:Otu505,preservativeUsed,,DMSO,http://vocab.nerc.ac.uk/collection/Q01/current/Q0100004/,,https://pubchem.ncbi.nlm.nih.gov/compound/679
ARMS_Getxo_G3_20200624_20201103_SF40_s1_r1:Otu505,lowerLimitFilterSize,micrometer,40,http://vocab.nerc.ac.uk/collection/Q01/current/Q0100011/,https://vocab.nerc.ac.uk/collection/P06/current/UMIC/,
ARMS_Getxo_G3_20200624_20201103_SF40_s1_r1:Otu505,sampleAccessionNumber,,SAMEA10021257,,,
ARMS_Getxo_G3_20200624_20201103_SF40_s1_r1:Otu505,NCBIID,,231595,,,
ARMS_Getxo_G3_20200624_20201103_SF40_s1_r1:Otu505,NCBIScientificName,,Loxosomella,,,
ARMS_Getxo_G3_20200624_20201103_SF40_s1_r1:Otu505,NCBITaxonRank,,genus,,,
ARMS_Getxo_G3_20200624_20201103_SF40_s1_r1:Otu505,fieldReplicateID,,ARMS_Getxo_G_20200624_20201103,http://vocab.nerc.ac.uk/collection/P01/current/IDSPRE01,,
ARMS_Getxo_G3_20200624_20201103_SF40_s1_r1:Otu505,technicalReplicateID,,,http://vocab.nerc.ac.uk/collection/P01/current/IDTCRE01,,
ARMS_Getxo_G3_20200624_20201103_SF40_s1_r1:Otu504,submergedTime,day,132,http://vocab.nerc.ac.uk/collection/P01/current/AZDRZZ01/,https://vocab.nerc.ac.uk/collection/P06/current/UTAA/,
ARMS_Getxo_G3_20200624_20201103_SF40_s1_r1:Otu504,preservativeUsed,,DMSO,http://vocab.nerc.ac.uk/collection/Q01/current/Q0100004/,,https://pubchem.ncbi.nlm.nih.gov/compound/679
ARMS_Getxo_G3_20200624_20201103_SF40_s1_r1:Otu504,lowerLimitFilterSize,micrometer,40,http://vocab.nerc.ac.uk/collection/Q01/current/Q0100011/,https://vocab.nerc.ac.uk/collection/P06/current/UMIC/,
ARMS_Getxo_G3_20200624_20201103_SF40_s1_r1:Otu504,sampleAccessionNumber,,SAMEA10021257,,,
ARMS_Getxo_G3_20200624_20201103_SF40_s1_r1:Otu504,NCBIID,,81532,,,
ARMS_Getxo_G3_20200624_20201103_SF40_s1_r1:Otu504,NCBIScientificName,,Acanthoeca,,,
ARMS_Getxo_G3_20200624_20201103_SF40_s1_r1:Otu504,NCBITaxonRank,,genus,,,
ARMS_Getxo_G3_20200624_20201103_SF40_s1_r1:Otu504,fieldReplicateID,,ARMS_Getxo_G_20200624_20201103,http://vocab.nerc.ac.uk/collection/P01/current/IDSPRE01,,
ARMS_Getxo_G3_20200624_20201103_SF40_s1_r1:Otu504,technicalReplicateID,,,http://vocab.nerc.ac.uk/collection/P01/current/IDTCRE01,,
ARMS_Getxo_G3_20200624_20201103_SF40_s1_r1:Otu506,submergedTime,day,132,http://vocab.nerc.ac.uk/collection/P01/current/AZDRZZ01/,https://vocab.nerc.ac.uk/collection/P06/current/UTAA/,
ARMS_Getxo_G3_20200624_20201103_SF40_s1_r1:Otu506,preservativeUsed,,DMSO,http://vocab.nerc.ac.uk/collection/Q01/current/Q0100004/,,https://pubchem.ncbi.nlm.nih.gov/compound/679
ARMS_Getxo_G3_20200624_20201103_SF40_s1_r1:Otu506,lowerLimitFilterSize,micrometer,40,http://vocab.nerc.ac.uk/collection/Q01/current/Q0100011/,https://vocab.nerc.ac.uk/collection/P06/current/UMIC/,
ARMS_Getxo_G3_20200624_20201103_SF40_s1_r1:Otu506,sampleAccessionNumber,,SAMEA10021257,,,
ARMS_Getxo_G3_20200624_20201103_SF40_s1_r1:Otu506,NCBIID,,166233,,,
ARMS_Getxo_G3_20200624_20201103_SF40_s1_r1:Otu506,NCBIScientificName,,Mediofusata,,,
ARMS_Getxo_G3_20200624_20201103_SF40_s1_r1:Otu506,NCBITaxonRank,,clade,,,
ARMS_Getxo_G3_20200624_20201103_SF40_s1_r1:Otu506,fieldReplicateID,,ARMS_Getxo_G_20200624_20201103,http://vocab.nerc.ac.uk/collection/P01/current/IDSPRE01,,
ARMS_Getxo_G3_20200624_20201103_SF40_s1_r1:Otu506,technicalReplicateID,,,http://vocab.nerc.ac.uk/collection/P01/current/IDTCRE01,,
ARMS_Getxo_G3_20200624_20201103_SF40_s1_r1:Otu348,submergedTime,day,132,http://vocab.nerc.ac.uk/collection/P01/current/AZDRZZ01/,https://vocab.nerc.ac.uk/collection/P06/current/UTAA/,
ARMS_Getxo_G3_20200624_20201103_SF40_s1_r1:Otu348,preservativeUsed,,DMSO,http://vocab.nerc.ac.uk/collection/Q01/current/Q0100004/,,https://pubchem.ncbi.nlm.nih.gov/compound/679
ARMS_Getxo_G3_20200624_20201103_SF40_s1_r1:Otu348,lowerLimitFilterSize,micrometer,40,http://vocab.nerc.ac.uk/collection/Q01/current/Q0100011/,https://vocab.nerc.ac.uk/collection/P06/current/UMIC/,
ARMS_Getxo_G3_20200624_20201103_SF40_s1_r1:Otu348,sampleAccessionNumber,,SAMEA10021257,,,
ARMS_Getxo_G3_20200624_20201103_SF40_s1_r1:Otu348,NCBIID,,46600,,,
ARMS_Getxo_G3_20200624_20201103_SF40_s1_r1:Otu348,NCBIScientificName,,Polydora,,,
ARMS_Getxo_G3_20200624_20201103_SF40_s1_r1:Otu348,NCBITaxonRank,,genus,,,
ARMS_Getxo_G3_20200624_20201103_SF40_s1_r1:Otu348,fieldReplicateID,,ARMS_Getxo_G_20200624_20201103,http://vocab.nerc.ac.uk/collection/P01/current/IDSPRE01,,
ARMS_Getxo_G3_20200624_20201103_SF40_s1_r1:Otu348,technicalReplicateID,,,http://vocab.nerc.ac.uk/collection/P01/current/IDTCRE01,,
ARMS_Getxo_G3_20200624_20201103_SF40_s1_r1:Otu8,submergedTime,day,132,http://vocab.nerc.ac.uk/collection/P01/current/AZDRZZ01/,https://vocab.nerc.ac.uk/collection/P06/current/UTAA/,
ARMS_Getxo_G3_20200624_20201103_SF40_s1_r1:Otu8,preservativeUsed,,DMSO,http://vocab.nerc.ac.uk/collection/Q01/current/Q0100004/,,https://pubchem.ncbi.nlm.nih.gov/compound/679
ARMS_Getxo_G3_20200624_20201103_SF40_s1_r1:Otu8,lowerLimitFilterSize,micrometer,40,http://vocab.nerc.ac.uk/collection/Q01/current/Q0100011/,https://vocab.nerc.ac.uk/collection/P06/current/UMIC/,
ARMS_Getxo_G3_20200624_20201103_SF40_s1_r1:Otu8,sampleAccessionNumber,,SAMEA10021257,,,
ARMS_Getxo_G3_20200624_20201103_SF40_s1_r1:Otu8,NCBIID,,33674,,,
ARMS_Getxo_G3_20200624_20201103_SF40_s1_r1:Otu8,NCBIScientificName,,Thraustochytriaceae,,,
ARMS_Getxo_G3_20200624_20201103_SF40_s1_r1:Otu8,NCBITaxonRank,,family,,,
ARMS_Getxo_G3_20200624_20201103_SF40_s1_r1:Otu8,fieldReplicateID,,ARMS_Getxo_G_20200624_20201103,http://vocab.nerc.ac.uk/collection/P01/current/IDSPRE01,,
ARMS_Getxo_G3_20200624_20201103_SF40_s1_r1:Otu8,technicalReplicateID,,,http://vocab.nerc.ac.uk/collection/P01/current/IDTCRE01,,
ARMS_Getxo_G3_20200624_20201103_SF40_s1_r1:Otu9,submergedTime,day,132,http://vocab.nerc.ac.uk/collection/P01/current/AZDRZZ01/,https://vocab.nerc.ac.uk/collection/P06/current/UTAA/,
ARMS_Getxo_G3_20200624_20201103_SF40_s1_r1:Otu9,preservativeUsed,,DMSO,http://vocab.nerc.ac.uk/collection/Q01/current/Q0100004/,,https://pubchem.ncbi.nlm.nih.gov/compound/679
ARMS_Getxo_G3_20200624_20201103_SF40_s1_r1:Otu9,lowerLimitFilterSize,micrometer,40,http://vocab.nerc.ac.uk/collection/Q01/current/Q0100011/,https://vocab.nerc.ac.uk/collection/P06/current/UMIC/,
ARMS_Getxo_G3_20200624_20201103_SF40_s1_r1:Otu9,sampleAccessionNumber,,SAMEA10021257,,,
ARMS_Getxo_G3_20200624_20201103_SF40_s1_r1:Otu9,NCBIID,,6101,,,
ARMS_Getxo_G3_20200624_20201103_SF40_s1_r1:Otu9,NCBIScientificName,,Anthozoa,,,
ARMS_Getxo_G3_20200624_20201103_SF40_s1_r1:Otu9,NCBITaxonRank,,class,,,
ARMS_Getxo_G3_20200624_20201103_SF40_s1_r1:Otu9,fieldReplicateID,,ARMS_Getxo_G_20200624_20201103,http://vocab.nerc.ac.uk/collection/P01/current/IDSPRE01,,
ARMS_Getxo_G3_20200624_20201103_SF40_s1_r1:Otu9,technicalReplicateID,,,http://vocab.nerc.ac.uk/collection/P01/current/IDTCRE01,,
ARMS_Getxo_G3_20200624_20201103_SF40_s1_r1:Otu7,submergedTime,day,132,http://vocab.nerc.ac.uk/collection/P01/current/AZDRZZ01/,https://vocab.nerc.ac.uk/collection/P06/current/UTAA/,
ARMS_Getxo_G3_20200624_20201103_SF40_s1_r1:Otu7,preservativeUsed,,DMSO,http://vocab.nerc.ac.uk/collection/Q01/current/Q0100004/,,https://pubchem.ncbi.nlm.nih.gov/compound/679
ARMS_Getxo_G3_20200624_20201103_SF40_s1_r1:Otu7,lowerLimitFilterSize,micrometer,40,http://vocab.nerc.ac.uk/collection/Q01/current/Q0100011/,https://vocab.nerc.ac.uk/collection/P06/current/UMIC/,
ARMS_Getxo_G3_20200624_20201103_SF40_s1_r1:Otu7,sampleAccessionNumber,,SAMEA10021257,,,
ARMS_Getxo_G3_20200624_20201103_SF40_s1_r1:Otu7,NCBIID,,6679,,,
ARMS_Getxo_G3_20200624_20201103_SF40_s1_r1:Otu7,NCBIScientificName,,Megabalanus,,,
ARMS_Getxo_G3_20200624_20201103_SF40_s1_r1:Otu7,NCBITaxonRank,,genus,,,
ARMS_Getxo_G3_20200624_20201103_SF40_s1_r1:Otu7,fieldReplicateID,,ARMS_Getxo_G_20200624_20201103,http://vocab.nerc.ac.uk/collection/P01/current/IDSPRE01,,
ARMS_Getxo_G3_20200624_20201103_SF40_s1_r1:Otu7,technicalReplicateID,,,http://vocab.nerc.ac.uk/collection/P01/current/IDTCRE01,,
ARMS_Getxo_G3_20200624_20201103_SF40_s1_r1:Otu5,submergedTime,day,132,http://vocab.nerc.ac.uk/collection/P01/current/AZDRZZ01/,https://vocab.nerc.ac.uk/collection/P06/current/UTAA/,
ARMS_Getxo_G3_20200624_20201103_SF40_s1_r1:Otu5,preservativeUsed,,DMSO,http://vocab.nerc.ac.uk/collection/Q01/current/Q0100004/,,https://pubchem.ncbi.nlm.nih.gov/compound/679
ARMS_Getxo_G3_20200624_20201103_SF40_s1_r1:Otu5,lowerLimitFilterSize,micrometer,40,http://vocab.nerc.ac.uk/collection/Q01/current/Q0100011/,https://vocab.nerc.ac.uk/collection/P06/current/UMIC/,
ARMS_Getxo_G3_20200624_20201103_SF40_s1_r1:Otu5,sampleAccessionNumber,,SAMEA10021257,,,
ARMS_Getxo_G3_20200624_20201103_SF40_s1_r1:Otu5,NCBIID,,32443,,,
ARMS_Getxo_G3_20200624_20201103_SF40_s1_r1:Otu5,NCBIScientificName,,Teleostei,,,
ARMS_Getxo_G3_20200624_20201103_SF40_s1_r1:Otu5,NCBITaxonRank,,infraclass,,,
ARMS_Getxo_G3_20200624_20201103_SF40_s1_r1:Otu5,fieldReplicateID,,ARMS_Getxo_G_20200624_20201103,http://vocab.nerc.ac.uk/collection/P01/current/IDSPRE01,,
ARMS_Getxo_G3_20200624_20201103_SF40_s1_r1:Otu5,technicalReplicateID,,,http://vocab.nerc.ac.uk/collection/P01/current/IDTCRE01,,
ARMS_Getxo_G3_20200624_20201103_SF40_s1_r1:Otu2,submergedTime,day,132,http://vocab.nerc.ac.uk/collection/P01/current/AZDRZZ01/,https://vocab.nerc.ac.uk/collection/P06/current/UTAA/,
ARMS_Getxo_G3_20200624_20201103_SF40_s1_r1:Otu2,preservativeUsed,,DMSO,http://vocab.nerc.ac.uk/collection/Q01/current/Q0100004/,,https://pubchem.ncbi.nlm.nih.gov/compound/679
ARMS_Getxo_G3_20200624_20201103_SF40_s1_r1:Otu2,lowerLimitFilterSize,micrometer,40,http://vocab.nerc.ac.uk/collection/Q01/current/Q0100011/,https://vocab.nerc.ac.uk/collection/P06/current/UMIC/,
ARMS_Getxo_G3_20200624_20201103_SF40_s1_r1:Otu2,sampleAccessionNumber,,SAMEA10021257,,,
ARMS_Getxo_G3_20200624_20201103_SF40_s1_r1:Otu2,NCBIID,,7713,,,
ARMS_Getxo_G3_20200624_20201103_SF40_s1_r1:Otu2,NCBIScientificName,,Ascidiacea,,,
ARMS_Getxo_G3_20200624_20201103_SF40_s1_r1:Otu2,NCBITaxonRank,,class,,,
ARMS_Getxo_G3_20200624_20201103_SF40_s1_r1:Otu2,fieldReplicateID,,ARMS_Getxo_G_20200624_20201103,http://vocab.nerc.ac.uk/collection/P01/current/IDSPRE01,,
ARMS_Getxo_G3_20200624_20201103_SF40_s1_r1:Otu2,technicalReplicateID,,,http://vocab.nerc.ac.uk/collection/P01/current/IDTCRE01,,
ARMS_Getxo_G3_20200624_20201103_SF40_s1_r1:Otu3,submergedTime,day,132,http://vocab.nerc.ac.uk/collection/P01/current/AZDRZZ01/,https://vocab.nerc.ac.uk/collection/P06/current/UTAA/,
ARMS_Getxo_G3_20200624_20201103_SF40_s1_r1:Otu3,preservativeUsed,,DMSO,http://vocab.nerc.ac.uk/collection/Q01/current/Q0100004/,,https://pubchem.ncbi.nlm.nih.gov/compound/679
ARMS_Getxo_G3_20200624_20201103_SF40_s1_r1:Otu3,lowerLimitFilterSize,micrometer,40,http://vocab.nerc.ac.uk/collection/Q01/current/Q0100011/,https://vocab.nerc.ac.uk/collection/P06/current/UMIC/,
ARMS_Getxo_G3_20200624_20201103_SF40_s1_r1:Otu3,sampleAccessionNumber,,SAMEA10021257,,,
ARMS_Getxo_G3_20200624_20201103_SF40_s1_r1:Otu3,NCBIID,,6564,,,
ARMS_Getxo_G3_20200624_20201103_SF40_s1_r1:Otu3,NCBIScientificName,,Crassostrea,,,
ARMS_Getxo_G3_20200624_20201103_SF40_s1_r1:Otu3,NCBITaxonRank,,genus,,,
ARMS_Getxo_G3_20200624_20201103_SF40_s1_r1:Otu3,fieldReplicateID,,ARMS_Getxo_G_20200624_20201103,http://vocab.nerc.ac.uk/collection/P01/current/IDSPRE01,,
ARMS_Getxo_G3_20200624_20201103_SF40_s1_r1:Otu3,technicalReplicateID,,,http://vocab.nerc.ac.uk/collection/P01/current/IDTCRE01,,
ARMS_Getxo_G3_20200624_20201103_SF40_s1_r1:Otu52,submergedTime,day,132,http://vocab.nerc.ac.uk/collection/P01/current/AZDRZZ01/,https://vocab.nerc.ac.uk/collection/P06/current/UTAA/,
ARMS_Getxo_G3_20200624_20201103_SF40_s1_r1:Otu52,preservativeUsed,,DMSO,http://vocab.nerc.ac.uk/collection/Q01/current/Q0100004/,,https://pubchem.ncbi.nlm.nih.gov/compound/679
ARMS_Getxo_G3_20200624_20201103_SF40_s1_r1:Otu52,lowerLimitFilterSize,micrometer,40,http://vocab.nerc.ac.uk/collection/Q01/current/Q0100011/,https://vocab.nerc.ac.uk/collection/P06/current/UMIC/,
ARMS_Getxo_G3_20200624_20201103_SF40_s1_r1:Otu52,sampleAccessionNumber,,SAMEA10021257,,,
ARMS_Getxo_G3_20200624_20201103_SF40_s1_r1:Otu52,NCBIID,,7713,,,
ARMS_Getxo_G3_20200624_20201103_SF40_s1_r1:Otu52,NCBIScientificName,,Ascidiacea,,,
ARMS_Getxo_G3_20200624_20201103_SF40_s1_r1:Otu52,NCBITaxonRank,,class,,,
ARMS_Getxo_G3_20200624_20201103_SF40_s1_r1:Otu52,fieldReplicateID,,ARMS_Getxo_G_20200624_20201103,http://vocab.nerc.ac.uk/collection/P01/current/IDSPRE01,,
ARMS_Getxo_G3_20200624_20201103_SF40_s1_r1:Otu52,technicalReplicateID,,,http://vocab.nerc.ac.uk/collection/P01/current/IDTCRE01,,
ARMS_Getxo_G3_20200624_20201103_SF40_s1_r1:Otu475,submergedTime,day,132,http://vocab.nerc.ac.uk/collection/P01/current/AZDRZZ01/,https://vocab.nerc.ac.uk/collection/P06/current/UTAA/,
ARMS_Getxo_G3_20200624_20201103_SF40_s1_r1:Otu475,preservativeUsed,,DMSO,http://vocab.nerc.ac.uk/collection/Q01/current/Q0100004/,,https://pubchem.ncbi.nlm.nih.gov/compound/679
ARMS_Getxo_G3_20200624_20201103_SF40_s1_r1:Otu475,lowerLimitFilterSize,micrometer,40,http://vocab.nerc.ac.uk/collection/Q01/current/Q0100011/,https://vocab.nerc.ac.uk/collection/P06/current/UMIC/,
ARMS_Getxo_G3_20200624_20201103_SF40_s1_r1:Otu475,sampleAccessionNumber,,SAMEA10021257,,,
ARMS_Getxo_G3_20200624_20201103_SF40_s1_r1:Otu475,NCBIID,,119088,,,
ARMS_Getxo_G3_20200624_20201103_SF40_s1_r1:Otu475,NCBIScientificName,,Enoplea,,,
ARMS_Getxo_G3_20200624_20201103_SF40_s1_r1:Otu475,NCBITaxonRank,,class,,,
ARMS_Getxo_G3_20200624_20201103_SF40_s1_r1:Otu475,fieldReplicateID,,ARMS_Getxo_G_20200624_20201103,http://vocab.nerc.ac.uk/collection/P01/current/IDSPRE01,,
ARMS_Getxo_G3_20200624_20201103_SF40_s1_r1:Otu475,technicalReplicateID,,,http://vocab.nerc.ac.uk/collection/P01/current/IDTCRE01,,
ARMS_Getxo_G3_20200624_20201103_SF40_s1_r1:Otu297,submergedTime,day,132,http://vocab.nerc.ac.uk/collection/P01/current/AZDRZZ01/,https://vocab.nerc.ac.uk/collection/P06/current/UTAA/,
ARMS_Getxo_G3_20200624_20201103_SF40_s1_r1:Otu297,preservativeUsed,,DMSO,http://vocab.nerc.ac.uk/collection/Q01/current/Q0100004/,,https://pubchem.ncbi.nlm.nih.gov/compound/679
ARMS_Getxo_G3_20200624_20201103_SF40_s1_r1:Otu297,lowerLimitFilterSize,micrometer,40,http://vocab.nerc.ac.uk/collection/Q01/current/Q0100011/,https://vocab.nerc.ac.uk/collection/P06/current/UMIC/,
ARMS_Getxo_G3_20200624_20201103_SF40_s1_r1:Otu297,sampleAccessionNumber,,SAMEA10021257,,,
ARMS_Getxo_G3_20200624_20201103_SF40_s1_r1:Otu297,NCBIID,,2699530,,,
ARMS_Getxo_G3_20200624_20201103_SF40_s1_r1:Otu297,NCBIScientificName,,Oblongichytrida,,,
ARMS_Getxo_G3_20200624_20201103_SF40_s1_r1:Otu297,NCBITaxonRank,,order,,,
ARMS_Getxo_G3_20200624_20201103_SF40_s1_r1:Otu297,fieldReplicateID,,ARMS_Getxo_G_20200624_20201103,http://vocab.nerc.ac.uk/collection/P01/current/IDSPRE01,,
ARMS_Getxo_G3_20200624_20201103_SF40_s1_r1:Otu297,technicalReplicateID,,,http://vocab.nerc.ac.uk/collection/P01/current/IDTCRE01,,
ARMS_Getxo_G3_20200624_20201103_SF40_s1_r1:Otu296,submergedTime,day,132,http://vocab.nerc.ac.uk/collection/P01/current/AZDRZZ01/,https://vocab.nerc.ac.uk/collection/P06/current/UTAA/,
ARMS_Getxo_G3_20200624_20201103_SF40_s1_r1:Otu296,preservativeUsed,,DMSO,http://vocab.nerc.ac.uk/collection/Q01/current/Q0100004/,,https://pubchem.ncbi.nlm.nih.gov/compound/679
ARMS_Getxo_G3_20200624_20201103_SF40_s1_r1:Otu296,lowerLimitFilterSize,micrometer,40,http://vocab.nerc.ac.uk/collection/Q01/current/Q0100011/,https://vocab.nerc.ac.uk/collection/P06/current/UMIC/,
ARMS_Getxo_G3_20200624_20201103_SF40_s1_r1:Otu296,sampleAccessionNumber,,SAMEA10021257,,,
ARMS_Getxo_G3_20200624_20201103_SF40_s1_r1:Otu296,NCBIID,,6065,,,
ARMS_Getxo_G3_20200624_20201103_SF40_s1_r1:Otu296,NCBIScientificName,,Hymeniacidon,,,
ARMS_Getxo_G3_20200624_20201103_SF40_s1_r1:Otu296,NCBITaxonRank,,genus,,,
ARMS_Getxo_G3_20200624_20201103_SF40_s1_r1:Otu296,fieldReplicateID,,ARMS_Getxo_G_20200624_20201103,http://vocab.nerc.ac.uk/collection/P01/current/IDSPRE01,,
ARMS_Getxo_G3_20200624_20201103_SF40_s1_r1:Otu296,technicalReplicateID,,,http://vocab.nerc.ac.uk/collection/P01/current/IDTCRE01,,
ARMS_Getxo_G3_20200624_20201103_SF40_s1_r1:Otu193,submergedTime,day,132,http://vocab.nerc.ac.uk/collection/P01/current/AZDRZZ01/,https://vocab.nerc.ac.uk/collection/P06/current/UTAA/,
ARMS_Getxo_G3_20200624_20201103_SF40_s1_r1:Otu193,preservativeUsed,,DMSO,http://vocab.nerc.ac.uk/collection/Q01/current/Q0100004/,,https://pubchem.ncbi.nlm.nih.gov/compound/679
ARMS_Getxo_G3_20200624_20201103_SF40_s1_r1:Otu193,lowerLimitFilterSize,micrometer,40,http://vocab.nerc.ac.uk/collection/Q01/current/Q0100011/,https://vocab.nerc.ac.uk/collection/P06/current/UMIC/,
ARMS_Getxo_G3_20200624_20201103_SF40_s1_r1:Otu193,sampleAccessionNumber,,SAMEA10021257,,,
ARMS_Getxo_G3_20200624_20201103_SF40_s1_r1:Otu193,NCBIID,,166041,,,
ARMS_Getxo_G3_20200624_20201103_SF40_s1_r1:Otu193,NCBIScientificName,,Cephalothrix,,,
ARMS_Getxo_G3_20200624_20201103_SF40_s1_r1:Otu193,NCBITaxonRank,,genus,,,
ARMS_Getxo_G3_20200624_20201103_SF40_s1_r1:Otu193,fieldReplicateID,,ARMS_Getxo_G_20200624_20201103,http://vocab.nerc.ac.uk/collection/P01/current/IDSPRE01,,
ARMS_Getxo_G3_20200624_20201103_SF40_s1_r1:Otu193,technicalReplicateID,,,http://vocab.nerc.ac.uk/collection/P01/current/IDTCRE01,,
ARMS_Getxo_G3_20200624_20201103_SF40_s1_r1:Otu190,submergedTime,day,132,http://vocab.nerc.ac.uk/collection/P01/current/AZDRZZ01/,https://vocab.nerc.ac.uk/collection/P06/current/UTAA/,
ARMS_Getxo_G3_20200624_20201103_SF40_s1_r1:Otu190,preservativeUsed,,DMSO,http://vocab.nerc.ac.uk/collection/Q01/current/Q0100004/,,https://pubchem.ncbi.nlm.nih.gov/compound/679
ARMS_Getxo_G3_20200624_20201103_SF40_s1_r1:Otu190,lowerLimitFilterSize,micrometer,40,http://vocab.nerc.ac.uk/collection/Q01/current/Q0100011/,https://vocab.nerc.ac.uk/collection/P06/current/UMIC/,
ARMS_Getxo_G3_20200624_20201103_SF40_s1_r1:Otu190,sampleAccessionNumber,,SAMEA10021257,,,
ARMS_Getxo_G3_20200624_20201103_SF40_s1_r1:Otu190,NCBIID,,6340,,,
ARMS_Getxo_G3_20200624_20201103_SF40_s1_r1:Otu190,NCBIScientificName,,Annelida,,,
ARMS_Getxo_G3_20200624_20201103_SF40_s1_r1:Otu190,NCBITaxonRank,,phylum,,,
ARMS_Getxo_G3_20200624_20201103_SF40_s1_r1:Otu190,fieldReplicateID,,ARMS_Getxo_G_20200624_20201103,http://vocab.nerc.ac.uk/collection/P01/current/IDSPRE01,,
ARMS_Getxo_G3_20200624_20201103_SF40_s1_r1:Otu190,technicalReplicateID,,,http://vocab.nerc.ac.uk/collection/P01/current/IDTCRE01,,
ARMS_Getxo_G3_20200624_20201103_SF40_s1_r1:Otu95,submergedTime,day,132,http://vocab.nerc.ac.uk/collection/P01/current/AZDRZZ01/,https://vocab.nerc.ac.uk/collection/P06/current/UTAA/,
ARMS_Getxo_G3_20200624_20201103_SF40_s1_r1:Otu95,preservativeUsed,,DMSO,http://vocab.nerc.ac.uk/collection/Q01/current/Q0100004/,,https://pubchem.ncbi.nlm.nih.gov/compound/679
ARMS_Getxo_G3_20200624_20201103_SF40_s1_r1:Otu95,lowerLimitFilterSize,micrometer,40,http://vocab.nerc.ac.uk/collection/Q01/current/Q0100011/,https://vocab.nerc.ac.uk/collection/P06/current/UMIC/,
ARMS_Getxo_G3_20200624_20201103_SF40_s1_r1:Otu95,sampleAccessionNumber,,SAMEA10021257,,,
ARMS_Getxo_G3_20200624_20201103_SF40_s1_r1:Otu95,NCBIID,,6340,,,
ARMS_Getxo_G3_20200624_20201103_SF40_s1_r1:Otu95,NCBIScientificName,,Annelida,,,
ARMS_Getxo_G3_20200624_20201103_SF40_s1_r1:Otu95,NCBITaxonRank,,phylum,,,
ARMS_Getxo_G3_20200624_20201103_SF40_s1_r1:Otu95,fieldReplicateID,,ARMS_Getxo_G_20200624_20201103,http://vocab.nerc.ac.uk/collection/P01/current/IDSPRE01,,
ARMS_Getxo_G3_20200624_20201103_SF40_s1_r1:Otu95,technicalReplicateID,,,http://vocab.nerc.ac.uk/collection/P01/current/IDTCRE01,,
ARMS_Getxo_G3_20200624_20201103_SF40_s1_r1:Otu409,submergedTime,day,132,http://vocab.nerc.ac.uk/collection/P01/current/AZDRZZ01/,https://vocab.nerc.ac.uk/collection/P06/current/UTAA/,
ARMS_Getxo_G3_20200624_20201103_SF40_s1_r1:Otu409,preservativeUsed,,DMSO,http://vocab.nerc.ac.uk/collection/Q01/current/Q0100004/,,https://pubchem.ncbi.nlm.nih.gov/compound/679
ARMS_Getxo_G3_20200624_20201103_SF40_s1_r1:Otu409,lowerLimitFilterSize,micrometer,40,http://vocab.nerc.ac.uk/collection/Q01/current/Q0100011/,https://vocab.nerc.ac.uk/collection/P06/current/UMIC/,
ARMS_Getxo_G3_20200624_20201103_SF40_s1_r1:Otu409,sampleAccessionNumber,,SAMEA10021257,,,
ARMS_Getxo_G3_20200624_20201103_SF40_s1_r1:Otu409,NCBIID,,119089,,,
ARMS_Getxo_G3_20200624_20201103_SF40_s1_r1:Otu409,NCBIScientificName,,Chromadorea,,,
ARMS_Getxo_G3_20200624_20201103_SF40_s1_r1:Otu409,NCBITaxonRank,,class,,,
ARMS_Getxo_G3_20200624_20201103_SF40_s1_r1:Otu409,fieldReplicateID,,ARMS_Getxo_G_20200624_20201103,http://vocab.nerc.ac.uk/collection/P01/current/IDSPRE01,,
ARMS_Getxo_G3_20200624_20201103_SF40_s1_r1:Otu409,technicalReplicateID,,,http://vocab.nerc.ac.uk/collection/P01/current/IDTCRE01,,
ARMS_Getxo_G3_20200624_20201103_SF40_s1_r1:Otu404,submergedTime,day,132,http://vocab.nerc.ac.uk/collection/P01/current/AZDRZZ01/,https://vocab.nerc.ac.uk/collection/P06/current/UTAA/,
ARMS_Getxo_G3_20200624_20201103_SF40_s1_r1:Otu404,preservativeUsed,,DMSO,http://vocab.nerc.ac.uk/collection/Q01/current/Q0100004/,,https://pubchem.ncbi.nlm.nih.gov/compound/679
ARMS_Getxo_G3_20200624_20201103_SF40_s1_r1:Otu404,lowerLimitFilterSize,micrometer,40,http://vocab.nerc.ac.uk/collection/Q01/current/Q0100011/,https://vocab.nerc.ac.uk/collection/P06/current/UMIC/,
ARMS_Getxo_G3_20200624_20201103_SF40_s1_r1:Otu404,sampleAccessionNumber,,SAMEA10021257,,,
ARMS_Getxo_G3_20200624_20201103_SF40_s1_r1:Otu404,NCBIID,,1819793,,,
ARMS_Getxo_G3_20200624_20201103_SF40_s1_r1:Otu404,NCBIScientificName,,Xenostrobus,,,
ARMS_Getxo_G3_20200624_20201103_SF40_s1_r1:Otu404,NCBITaxonRank,,genus,,,
ARMS_Getxo_G3_20200624_20201103_SF40_s1_r1:Otu404,fieldReplicateID,,ARMS_Getxo_G_20200624_20201103,http://vocab.nerc.ac.uk/collection/P01/current/IDSPRE01,,
ARMS_Getxo_G3_20200624_20201103_SF40_s1_r1:Otu404,technicalReplicateID,,,http://vocab.nerc.ac.uk/collection/P01/current/IDTCRE01,,
ARMS_Getxo_G3_20200624_20201103_SF40_s1_r1:Otu407,submergedTime,day,132,http://vocab.nerc.ac.uk/collection/P01/current/AZDRZZ01/,https://vocab.nerc.ac.uk/collection/P06/current/UTAA/,
ARMS_Getxo_G3_20200624_20201103_SF40_s1_r1:Otu407,preservativeUsed,,DMSO,http://vocab.nerc.ac.uk/collection/Q01/current/Q0100004/,,https://pubchem.ncbi.nlm.nih.gov/compound/679
ARMS_Getxo_G3_20200624_20201103_SF40_s1_r1:Otu407,lowerLimitFilterSize,micrometer,40,http://vocab.nerc.ac.uk/collection/Q01/current/Q0100011/,https://vocab.nerc.ac.uk/collection/P06/current/UMIC/,
ARMS_Getxo_G3_20200624_20201103_SF40_s1_r1:Otu407,sampleAccessionNumber,,SAMEA10021257,,,
ARMS_Getxo_G3_20200624_20201103_SF40_s1_r1:Otu407,NCBIID,,768834,,,
ARMS_Getxo_G3_20200624_20201103_SF40_s1_r1:Otu407,NCBIScientificName,,Loxosomella_stomatophora,,,
ARMS_Getxo_G3_20200624_20201103_SF40_s1_r1:Otu407,NCBITaxonRank,,species,,,
ARMS_Getxo_G3_20200624_20201103_SF40_s1_r1:Otu407,fieldReplicateID,,ARMS_Getxo_G_20200624_20201103,http://vocab.nerc.ac.uk/collection/P01/current/IDSPRE01,,
ARMS_Getxo_G3_20200624_20201103_SF40_s1_r1:Otu407,technicalReplicateID,,,http://vocab.nerc.ac.uk/collection/P01/current/IDTCRE01,,
ARMS_Getxo_G3_20200624_20201103_SF40_s1_r1:Otu146,submergedTime,day,132,http://vocab.nerc.ac.uk/collection/P01/current/AZDRZZ01/,https://vocab.nerc.ac.uk/collection/P06/current/UTAA/,
ARMS_Getxo_G3_20200624_20201103_SF40_s1_r1:Otu146,preservativeUsed,,DMSO,http://vocab.nerc.ac.uk/collection/Q01/current/Q0100004/,,https://pubchem.ncbi.nlm.nih.gov/compound/679
ARMS_Getxo_G3_20200624_20201103_SF40_s1_r1:Otu146,lowerLimitFilterSize,micrometer,40,http://vocab.nerc.ac.uk/collection/Q01/current/Q0100011/,https://vocab.nerc.ac.uk/collection/P06/current/UMIC/,
ARMS_Getxo_G3_20200624_20201103_SF40_s1_r1:Otu146,sampleAccessionNumber,,SAMEA10021257,,,
ARMS_Getxo_G3_20200624_20201103_SF40_s1_r1:Otu146,NCBIID,,106218,,,
ARMS_Getxo_G3_20200624_20201103_SF40_s1_r1:Otu146,NCBIScientificName,,Pectinoida,,,
ARMS_Getxo_G3_20200624_20201103_SF40_s1_r1:Otu146,NCBITaxonRank,,order,,,
ARMS_Getxo_G3_20200624_20201103_SF40_s1_r1:Otu146,fieldReplicateID,,ARMS_Getxo_G_20200624_20201103,http://vocab.nerc.ac.uk/collection/P01/current/IDSPRE01,,
ARMS_Getxo_G3_20200624_20201103_SF40_s1_r1:Otu146,technicalReplicateID,,,http://vocab.nerc.ac.uk/collection/P01/current/IDTCRE01,,
ARMS_Getxo_G3_20200624_20201103_SF40_s1_r1:Otu394,submergedTime,day,132,http://vocab.nerc.ac.uk/collection/P01/current/AZDRZZ01/,https://vocab.nerc.ac.uk/collection/P06/current/UTAA/,
ARMS_Getxo_G3_20200624_20201103_SF40_s1_r1:Otu394,preservativeUsed,,DMSO,http://vocab.nerc.ac.uk/collection/Q01/current/Q0100004/,,https://pubchem.ncbi.nlm.nih.gov/compound/679
ARMS_Getxo_G3_20200624_20201103_SF40_s1_r1:Otu394,lowerLimitFilterSize,micrometer,40,http://vocab.nerc.ac.uk/collection/Q01/current/Q0100011/,https://vocab.nerc.ac.uk/collection/P06/current/UMIC/,
ARMS_Getxo_G3_20200624_20201103_SF40_s1_r1:Otu394,sampleAccessionNumber,,SAMEA10021257,,,
ARMS_Getxo_G3_20200624_20201103_SF40_s1_r1:Otu394,NCBIID,,6657,,,
ARMS_Getxo_G3_20200624_20201103_SF40_s1_r1:Otu394,NCBIScientificName,,Crustacea,,,
ARMS_Getxo_G3_20200624_20201103_SF40_s1_r1:Otu394,NCBITaxonRank,,subphylum,,,
ARMS_Getxo_G3_20200624_20201103_SF40_s1_r1:Otu394,fieldReplicateID,,ARMS_Getxo_G_20200624_20201103,http://vocab.nerc.ac.uk/collection/P01/current/IDSPRE01,,
ARMS_Getxo_G3_20200624_20201103_SF40_s1_r1:Otu394,technicalReplicateID,,,http://vocab.nerc.ac.uk/collection/P01/current/IDTCRE01,,
ARMS_Getxo_G3_20200624_20201103_SF40_s1_r1:Otu132,submergedTime,day,132,http://vocab.nerc.ac.uk/collection/P01/current/AZDRZZ01/,https://vocab.nerc.ac.uk/collection/P06/current/UTAA/,
ARMS_Getxo_G3_20200624_20201103_SF40_s1_r1:Otu132,preservativeUsed,,DMSO,http://vocab.nerc.ac.uk/collection/Q01/current/Q0100004/,,https://pubchem.ncbi.nlm.nih.gov/compound/679
ARMS_Getxo_G3_20200624_20201103_SF40_s1_r1:Otu132,lowerLimitFilterSize,micrometer,40,http://vocab.nerc.ac.uk/collection/Q01/current/Q0100011/,https://vocab.nerc.ac.uk/collection/P06/current/UMIC/,
ARMS_Getxo_G3_20200624_20201103_SF40_s1_r1:Otu132,sampleAccessionNumber,,SAMEA10021257,,,
ARMS_Getxo_G3_20200624_20201103_SF40_s1_r1:Otu132,NCBIID,,6074,,,
ARMS_Getxo_G3_20200624_20201103_SF40_s1_r1:Otu132,NCBIScientificName,,Hydrozoa,,,
ARMS_Getxo_G3_20200624_20201103_SF40_s1_r1:Otu132,NCBITaxonRank,,class,,,
ARMS_Getxo_G3_20200624_20201103_SF40_s1_r1:Otu132,fieldReplicateID,,ARMS_Getxo_G_20200624_20201103,http://vocab.nerc.ac.uk/collection/P01/current/IDSPRE01,,
ARMS_Getxo_G3_20200624_20201103_SF40_s1_r1:Otu132,technicalReplicateID,,,http://vocab.nerc.ac.uk/collection/P01/current/IDTCRE01,,
ARMS_Getxo_G3_20200624_20201103_SF40_s1_r1:Otu16,submergedTime,day,132,http://vocab.nerc.ac.uk/collection/P01/current/AZDRZZ01/,https://vocab.nerc.ac.uk/collection/P06/current/UTAA/,
ARMS_Getxo_G3_20200624_20201103_SF40_s1_r1:Otu16,preservativeUsed,,DMSO,http://vocab.nerc.ac.uk/collection/Q01/current/Q0100004/,,https://pubchem.ncbi.nlm.nih.gov/compound/679
ARMS_Getxo_G3_20200624_20201103_SF40_s1_r1:Otu16,lowerLimitFilterSize,micrometer,40,http://vocab.nerc.ac.uk/collection/Q01/current/Q0100011/,https://vocab.nerc.ac.uk/collection/P06/current/UMIC/,
ARMS_Getxo_G3_20200624_20201103_SF40_s1_r1:Otu16,sampleAccessionNumber,,SAMEA10021257,,,
ARMS_Getxo_G3_20200624_20201103_SF40_s1_r1:Otu16,NCBIID,,219170,,,
ARMS_Getxo_G3_20200624_20201103_SF40_s1_r1:Otu16,NCBIScientificName,,Folliculinidae,,,
ARMS_Getxo_G3_20200624_20201103_SF40_s1_r1:Otu16,NCBITaxonRank,,family,,,
ARMS_Getxo_G3_20200624_20201103_SF40_s1_r1:Otu16,fieldReplicateID,,ARMS_Getxo_G_20200624_20201103,http://vocab.nerc.ac.uk/collection/P01/current/IDSPRE01,,
ARMS_Getxo_G3_20200624_20201103_SF40_s1_r1:Otu16,technicalReplicateID,,,http://vocab.nerc.ac.uk/collection/P01/current/IDTCRE01,,
ARMS_Getxo_G3_20200624_20201103_SF40_s1_r1:Otu10,submergedTime,day,132,http://vocab.nerc.ac.uk/collection/P01/current/AZDRZZ01/,https://vocab.nerc.ac.uk/collection/P06/current/UTAA/,
ARMS_Getxo_G3_20200624_20201103_SF40_s1_r1:Otu10,preservativeUsed,,DMSO,http://vocab.nerc.ac.uk/collection/Q01/current/Q0100004/,,https://pubchem.ncbi.nlm.nih.gov/compound/679
ARMS_Getxo_G3_20200624_20201103_SF40_s1_r1:Otu10,lowerLimitFilterSize,micrometer,40,http://vocab.nerc.ac.uk/collection/Q01/current/Q0100011/,https://vocab.nerc.ac.uk/collection/P06/current/UMIC/,
ARMS_Getxo_G3_20200624_20201103_SF40_s1_r1:Otu10,sampleAccessionNumber,,SAMEA10021257,,,
ARMS_Getxo_G3_20200624_20201103_SF40_s1_r1:Otu10,NCBIID,,119397,,,
ARMS_Getxo_G3_20200624_20201103_SF40_s1_r1:Otu10,NCBIScientificName,,Neritopsina,,,
ARMS_Getxo_G3_20200624_20201103_SF40_s1_r1:Otu10,NCBITaxonRank,,subclass,,,
ARMS_Getxo_G3_20200624_20201103_SF40_s1_r1:Otu10,fieldReplicateID,,ARMS_Getxo_G_20200624_20201103,http://vocab.nerc.ac.uk/collection/P01/current/IDSPRE01,,
ARMS_Getxo_G3_20200624_20201103_SF40_s1_r1:Otu10,technicalReplicateID,,,http://vocab.nerc.ac.uk/collection/P01/current/IDTCRE01,,
ARMS_Getxo_G3_20200624_20201103_SF40_s1_r1:Otu18,submergedTime,day,132,http://vocab.nerc.ac.uk/collection/P01/current/AZDRZZ01/,https://vocab.nerc.ac.uk/collection/P06/current/UTAA/,
ARMS_Getxo_G3_20200624_20201103_SF40_s1_r1:Otu18,preservativeUsed,,DMSO,http://vocab.nerc.ac.uk/collection/Q01/current/Q0100004/,,https://pubchem.ncbi.nlm.nih.gov/compound/679
ARMS_Getxo_G3_20200624_20201103_SF40_s1_r1:Otu18,lowerLimitFilterSize,micrometer,40,http://vocab.nerc.ac.uk/collection/Q01/current/Q0100011/,https://vocab.nerc.ac.uk/collection/P06/current/UMIC/,
ARMS_Getxo_G3_20200624_20201103_SF40_s1_r1:Otu18,sampleAccessionNumber,,SAMEA10021257,,,
ARMS_Getxo_G3_20200624_20201103_SF40_s1_r1:Otu18,NCBIID,,6340,,,
ARMS_Getxo_G3_20200624_20201103_SF40_s1_r1:Otu18,NCBIScientificName,,Annelida,,,
ARMS_Getxo_G3_20200624_20201103_SF40_s1_r1:Otu18,NCBITaxonRank,,phylum,,,
ARMS_Getxo_G3_20200624_20201103_SF40_s1_r1:Otu18,fieldReplicateID,,ARMS_Getxo_G_20200624_20201103,http://vocab.nerc.ac.uk/collection/P01/current/IDSPRE01,,
ARMS_Getxo_G3_20200624_20201103_SF40_s1_r1:Otu18,technicalReplicateID,,,http://vocab.nerc.ac.uk/collection/P01/current/IDTCRE01,,
ARMS_Getxo_G3_20200624_20201103_SF40_s1_r1:Otu19,submergedTime,day,132,http://vocab.nerc.ac.uk/collection/P01/current/AZDRZZ01/,https://vocab.nerc.ac.uk/collection/P06/current/UTAA/,
ARMS_Getxo_G3_20200624_20201103_SF40_s1_r1:Otu19,preservativeUsed,,DMSO,http://vocab.nerc.ac.uk/collection/Q01/current/Q0100004/,,https://pubchem.ncbi.nlm.nih.gov/compound/679
ARMS_Getxo_G3_20200624_20201103_SF40_s1_r1:Otu19,lowerLimitFilterSize,micrometer,40,http://vocab.nerc.ac.uk/collection/Q01/current/Q0100011/,https://vocab.nerc.ac.uk/collection/P06/current/UMIC/,
ARMS_Getxo_G3_20200624_20201103_SF40_s1_r1:Otu19,sampleAccessionNumber,,SAMEA10021257,,,
ARMS_Getxo_G3_20200624_20201103_SF40_s1_r1:Otu19,NCBIID,,71176,,,
ARMS_Getxo_G3_20200624_20201103_SF40_s1_r1:Otu19,NCBIScientificName,,Chelyosoma,,,
ARMS_Getxo_G3_20200624_20201103_SF40_s1_r1:Otu19,NCBITaxonRank,,genus,,,
ARMS_Getxo_G3_20200624_20201103_SF40_s1_r1:Otu19,fieldReplicateID,,ARMS_Getxo_G_20200624_20201103,http://vocab.nerc.ac.uk/collection/P01/current/IDSPRE01,,
ARMS_Getxo_G3_20200624_20201103_SF40_s1_r1:Otu19,technicalReplicateID,,,http://vocab.nerc.ac.uk/collection/P01/current/IDTCRE01,,
ARMS_TZS_Angbat_20200608_20201117_MF100_ETOH_s1_r1:Otu177,submergedTime,day,162,http://vocab.nerc.ac.uk/collection/P01/current/AZDRZZ01/,https://vocab.nerc.ac.uk/collection/P06/current/UTAA/,
ARMS_TZS_Angbat_20200608_20201117_MF100_ETOH_s1_r1:Otu177,preservativeUsed,,EtOH,http://vocab.nerc.ac.uk/collection/Q01/current/Q0100004/,,https://pubchem.ncbi.nlm.nih.gov/compound/702
ARMS_TZS_Angbat_20200608_20201117_MF100_ETOH_s1_r1:Otu177,lowerLimitFilterSize,micrometer,100,http://vocab.nerc.ac.uk/collection/Q01/current/Q0100011/,https://vocab.nerc.ac.uk/collection/P06/current/UMIC/,
ARMS_TZS_Angbat_20200608_20201117_MF100_ETOH_s1_r1:Otu177,sampleAccessionNumber,,SAMEA10020989,,,
ARMS_TZS_Angbat_20200608_20201117_MF100_ETOH_s1_r1:Otu177,NCBIID,,6340,,,
ARMS_TZS_Angbat_20200608_20201117_MF100_ETOH_s1_r1:Otu177,NCBIScientificName,,Annelida,,,
ARMS_TZS_Angbat_20200608_20201117_MF100_ETOH_s1_r1:Otu177,NCBITaxonRank,,phylum,,,
ARMS_TZS_Angbat_20200608_20201117_MF100_ETOH_s1_r1:Otu177,fieldReplicateID,,no replicate,http://vocab.nerc.ac.uk/collection/P01/current/IDSPRE01,,
ARMS_TZS_Angbat_20200608_20201117_MF100_ETOH_s1_r1:Otu177,technicalReplicateID,,,http://vocab.nerc.ac.uk/collection/P01/current/IDTCRE01,,
ARMS_TZS_Angbat_20200608_20201117_MF100_ETOH_s1_r1:Otu358,submergedTime,day,162,http://vocab.nerc.ac.uk/collection/P01/current/AZDRZZ01/,https://vocab.nerc.ac.uk/collection/P06/current/UTAA/,
ARMS_TZS_Angbat_20200608_20201117_MF100_ETOH_s1_r1:Otu358,preservativeUsed,,EtOH,http://vocab.nerc.ac.uk/collection/Q01/current/Q0100004/,,https://pubchem.ncbi.nlm.nih.gov/compound/702
ARMS_TZS_Angbat_20200608_20201117_MF100_ETOH_s1_r1:Otu358,lowerLimitFilterSize,micrometer,100,http://vocab.nerc.ac.uk/collection/Q01/current/Q0100011/,https://vocab.nerc.ac.uk/collection/P06/current/UMIC/,
ARMS_TZS_Angbat_20200608_20201117_MF100_ETOH_s1_r1:Otu358,sampleAccessionNumber,,SAMEA10020989,,,
ARMS_TZS_Angbat_20200608_20201117_MF100_ETOH_s1_r1:Otu358,NCBIID,,6586,,,
ARMS_TZS_Angbat_20200608_20201117_MF100_ETOH_s1_r1:Otu358,NCBIScientificName,,Ensis,,,
ARMS_TZS_Angbat_20200608_20201117_MF100_ETOH_s1_r1:Otu358,NCBITaxonRank,,genus,,,
ARMS_TZS_Angbat_20200608_20201117_MF100_ETOH_s1_r1:Otu358,fieldReplicateID,,no replicate,http://vocab.nerc.ac.uk/collection/P01/current/IDSPRE01,,
ARMS_TZS_Angbat_20200608_20201117_MF100_ETOH_s1_r1:Otu358,technicalReplicateID,,,http://vocab.nerc.ac.uk/collection/P01/current/IDTCRE01,,
ARMS_TZS_Angbat_20200608_20201117_MF100_ETOH_s1_r1:Otu65,submergedTime,day,162,http://vocab.nerc.ac.uk/collection/P01/current/AZDRZZ01/,https://vocab.nerc.ac.uk/collection/P06/current/UTAA/,
ARMS_TZS_Angbat_20200608_20201117_MF100_ETOH_s1_r1:Otu65,preservativeUsed,,EtOH,http://vocab.nerc.ac.uk/collection/Q01/current/Q0100004/,,https://pubchem.ncbi.nlm.nih.gov/compound/702
ARMS_TZS_Angbat_20200608_20201117_MF100_ETOH_s1_r1:Otu65,lowerLimitFilterSize,micrometer,100,http://vocab.nerc.ac.uk/collection/Q01/current/Q0100011/,https://vocab.nerc.ac.uk/collection/P06/current/UMIC/,
ARMS_TZS_Angbat_20200608_20201117_MF100_ETOH_s1_r1:Otu65,sampleAccessionNumber,,SAMEA10020989,,,
ARMS_TZS_Angbat_20200608_20201117_MF100_ETOH_s1_r1:Otu65,NCBIID,,6657,,,
ARMS_TZS_Angbat_20200608_20201117_MF100_ETOH_s1_r1:Otu65,NCBIScientificName,,Crustacea,,,
ARMS_TZS_Angbat_20200608_20201117_MF100_ETOH_s1_r1:Otu65,NCBITaxonRank,,subphylum,,,
ARMS_TZS_Angbat_20200608_20201117_MF100_ETOH_s1_r1:Otu65,fieldReplicateID,,no replicate,http://vocab.nerc.ac.uk/collection/P01/current/IDSPRE01,,
ARMS_TZS_Angbat_20200608_20201117_MF100_ETOH_s1_r1:Otu65,technicalReplicateID,,,http://vocab.nerc.ac.uk/collection/P01/current/IDTCRE01,,
ARMS_TZS_Angbat_20200608_20201117_MF100_ETOH_s1_r1:Otu67,submergedTime,day,162,http://vocab.nerc.ac.uk/collection/P01/current/AZDRZZ01/,https://vocab.nerc.ac.uk/collection/P06/current/UTAA/,
ARMS_TZS_Angbat_20200608_20201117_MF100_ETOH_s1_r1:Otu67,preservativeUsed,,EtOH,http://vocab.nerc.ac.uk/collection/Q01/current/Q0100004/,,https://pubchem.ncbi.nlm.nih.gov/compound/702
ARMS_TZS_Angbat_20200608_20201117_MF100_ETOH_s1_r1:Otu67,lowerLimitFilterSize,micrometer,100,http://vocab.nerc.ac.uk/collection/Q01/current/Q0100011/,https://vocab.nerc.ac.uk/collection/P06/current/UMIC/,
ARMS_TZS_Angbat_20200608_20201117_MF100_ETOH_s1_r1:Otu67,sampleAccessionNumber,,SAMEA10020989,,,
ARMS_TZS_Angbat_20200608_20201117_MF100_ETOH_s1_r1:Otu67,NCBIID,,5794,,,
ARMS_TZS_Angbat_20200608_20201117_MF100_ETOH_s1_r1:Otu67,NCBIScientificName,,Apicomplexa,,,
ARMS_TZS_Angbat_20200608_20201117_MF100_ETOH_s1_r1:Otu67,NCBITaxonRank,,phylum,,,
ARMS_TZS_Angbat_20200608_20201117_MF100_ETOH_s1_r1:Otu67,fieldReplicateID,,no replicate,http://vocab.nerc.ac.uk/collection/P01/current/IDSPRE01,,
ARMS_TZS_Angbat_20200608_20201117_MF100_ETOH_s1_r1:Otu67,technicalReplicateID,,,http://vocab.nerc.ac.uk/collection/P01/current/IDTCRE01,,
ARMS_TZS_Angbat_20200608_20201117_MF100_ETOH_s1_r1:Otu305,submergedTime,day,162,http://vocab.nerc.ac.uk/collection/P01/current/AZDRZZ01/,https://vocab.nerc.ac.uk/collection/P06/current/UTAA/,
ARMS_TZS_Angbat_20200608_20201117_MF100_ETOH_s1_r1:Otu305,preservativeUsed,,EtOH,http://vocab.nerc.ac.uk/collection/Q01/current/Q0100004/,,https://pubchem.ncbi.nlm.nih.gov/compound/702
ARMS_TZS_Angbat_20200608_20201117_MF100_ETOH_s1_r1:Otu305,lowerLimitFilterSize,micrometer,100,http://vocab.nerc.ac.uk/collection/Q01/current/Q0100011/,https://vocab.nerc.ac.uk/collection/P06/current/UMIC/,
ARMS_TZS_Angbat_20200608_20201117_MF100_ETOH_s1_r1:Otu305,sampleAccessionNumber,,SAMEA10020989,,,
ARMS_TZS_Angbat_20200608_20201117_MF100_ETOH_s1_r1:Otu305,NCBIID,,6340,,,
ARMS_TZS_Angbat_20200608_20201117_MF100_ETOH_s1_r1:Otu305,NCBIScientificName,,Annelida,,,
ARMS_TZS_Angbat_20200608_20201117_MF100_ETOH_s1_r1:Otu305,NCBITaxonRank,,phylum,,,
ARMS_TZS_Angbat_20200608_20201117_MF100_ETOH_s1_r1:Otu305,fieldReplicateID,,no replicate,http://vocab.nerc.ac.uk/collection/P01/current/IDSPRE01,,
ARMS_TZS_Angbat_20200608_20201117_MF100_ETOH_s1_r1:Otu305,technicalReplicateID,,,http://vocab.nerc.ac.uk/collection/P01/current/IDTCRE01,,
ARMS_TZS_Angbat_20200608_20201117_MF100_ETOH_s1_r1:Otu304,submergedTime,day,162,http://vocab.nerc.ac.uk/collection/P01/current/AZDRZZ01/,https://vocab.nerc.ac.uk/collection/P06/current/UTAA/,
ARMS_TZS_Angbat_20200608_20201117_MF100_ETOH_s1_r1:Otu304,preservativeUsed,,EtOH,http://vocab.nerc.ac.uk/collection/Q01/current/Q0100004/,,https://pubchem.ncbi.nlm.nih.gov/compound/702
ARMS_TZS_Angbat_20200608_20201117_MF100_ETOH_s1_r1:Otu304,lowerLimitFilterSize,micrometer,100,http://vocab.nerc.ac.uk/collection/Q01/current/Q0100011/,https://vocab.nerc.ac.uk/collection/P06/current/UMIC/,
ARMS_TZS_Angbat_20200608_20201117_MF100_ETOH_s1_r1:Otu304,sampleAccessionNumber,,SAMEA10020989,,,
ARMS_TZS_Angbat_20200608_20201117_MF100_ETOH_s1_r1:Otu304,NCBIID,,41876,,,
ARMS_TZS_Angbat_20200608_20201117_MF100_ETOH_s1_r1:Otu304,NCBIScientificName,,Mamiella,,,
ARMS_TZS_Angbat_20200608_20201117_MF100_ETOH_s1_r1:Otu304,NCBITaxonRank,,genus,,,
ARMS_TZS_Angbat_20200608_20201117_MF100_ETOH_s1_r1:Otu304,fieldReplicateID,,no replicate,http://vocab.nerc.ac.uk/collection/P01/current/IDSPRE01,,
ARMS_TZS_Angbat_20200608_20201117_MF100_ETOH_s1_r1:Otu304,technicalReplicateID,,,http://vocab.nerc.ac.uk/collection/P01/current/IDTCRE01,,
ARMS_TZS_Angbat_20200608_20201117_MF100_ETOH_s1_r1:Otu303,submergedTime,day,162,http://vocab.nerc.ac.uk/collection/P01/current/AZDRZZ01/,https://vocab.nerc.ac.uk/collection/P06/current/UTAA/,
ARMS_TZS_Angbat_20200608_20201117_MF100_ETOH_s1_r1:Otu303,preservativeUsed,,EtOH,http://vocab.nerc.ac.uk/collection/Q01/current/Q0100004/,,https://pubchem.ncbi.nlm.nih.gov/compound/702
ARMS_TZS_Angbat_20200608_20201117_MF100_ETOH_s1_r1:Otu303,lowerLimitFilterSize,micrometer,100,http://vocab.nerc.ac.uk/collection/Q01/current/Q0100011/,https://vocab.nerc.ac.uk/collection/P06/current/UMIC/,
ARMS_TZS_Angbat_20200608_20201117_MF100_ETOH_s1_r1:Otu303,sampleAccessionNumber,,SAMEA10020989,,,
ARMS_TZS_Angbat_20200608_20201117_MF100_ETOH_s1_r1:Otu303,NCBIID,,947094,,,
ARMS_TZS_Angbat_20200608_20201117_MF100_ETOH_s1_r1:Otu303,NCBIScientificName,,Porosporidae,,,
ARMS_TZS_Angbat_20200608_20201117_MF100_ETOH_s1_r1:Otu303,NCBITaxonRank,,family,,,
ARMS_TZS_Angbat_20200608_20201117_MF100_ETOH_s1_r1:Otu303,fieldReplicateID,,no replicate,http://vocab.nerc.ac.uk/collection/P01/current/IDSPRE01,,
ARMS_TZS_Angbat_20200608_20201117_MF100_ETOH_s1_r1:Otu303,technicalReplicateID,,,http://vocab.nerc.ac.uk/collection/P01/current/IDTCRE01,,
ARMS_TZS_Angbat_20200608_20201117_MF100_ETOH_s1_r1:Otu264,submergedTime,day,162,http://vocab.nerc.ac.uk/collection/P01/current/AZDRZZ01/,https://vocab.nerc.ac.uk/collection/P06/current/UTAA/,
ARMS_TZS_Angbat_20200608_20201117_MF100_ETOH_s1_r1:Otu264,preservativeUsed,,EtOH,http://vocab.nerc.ac.uk/collection/Q01/current/Q0100004/,,https://pubchem.ncbi.nlm.nih.gov/compound/702
ARMS_TZS_Angbat_20200608_20201117_MF100_ETOH_s1_r1:Otu264,lowerLimitFilterSize,micrometer,100,http://vocab.nerc.ac.uk/collection/Q01/current/Q0100011/,https://vocab.nerc.ac.uk/collection/P06/current/UMIC/,
ARMS_TZS_Angbat_20200608_20201117_MF100_ETOH_s1_r1:Otu264,sampleAccessionNumber,,SAMEA10020989,,,
ARMS_TZS_Angbat_20200608_20201117_MF100_ETOH_s1_r1:Otu264,NCBIID,,5475,,,
ARMS_TZS_Angbat_20200608_20201117_MF100_ETOH_s1_r1:Otu264,NCBIScientificName,,Candida,,,
ARMS_TZS_Angbat_20200608_20201117_MF100_ETOH_s1_r1:Otu264,NCBITaxonRank,,genus,,,
ARMS_TZS_Angbat_20200608_20201117_MF100_ETOH_s1_r1:Otu264,fieldReplicateID,,no replicate,http://vocab.nerc.ac.uk/collection/P01/current/IDSPRE01,,
ARMS_TZS_Angbat_20200608_20201117_MF100_ETOH_s1_r1:Otu264,technicalReplicateID,,,http://vocab.nerc.ac.uk/collection/P01/current/IDTCRE01,,
ARMS_TZS_Angbat_20200608_20201117_MF100_ETOH_s1_r1:Otu265,submergedTime,day,162,http://vocab.nerc.ac.uk/collection/P01/current/AZDRZZ01/,https://vocab.nerc.ac.uk/collection/P06/current/UTAA/,
ARMS_TZS_Angbat_20200608_20201117_MF100_ETOH_s1_r1:Otu265,preservativeUsed,,EtOH,http://vocab.nerc.ac.uk/collection/Q01/current/Q0100004/,,https://pubchem.ncbi.nlm.nih.gov/compound/702
ARMS_TZS_Angbat_20200608_20201117_MF100_ETOH_s1_r1:Otu265,lowerLimitFilterSize,micrometer,100,http://vocab.nerc.ac.uk/collection/Q01/current/Q0100011/,https://vocab.nerc.ac.uk/collection/P06/current/UMIC/,
ARMS_TZS_Angbat_20200608_20201117_MF100_ETOH_s1_r1:Otu265,sampleAccessionNumber,,SAMEA10020989,,,
ARMS_TZS_Angbat_20200608_20201117_MF100_ETOH_s1_r1:Otu265,NCBIID,,2918835,,,
ARMS_TZS_Angbat_20200608_20201117_MF100_ETOH_s1_r1:Otu265,NCBIScientificName,,Clade-C,,,
ARMS_TZS_Angbat_20200608_20201117_MF100_ETOH_s1_r1:Otu265,NCBITaxonRank,,species,,,
ARMS_TZS_Angbat_20200608_20201117_MF100_ETOH_s1_r1:Otu265,fieldReplicateID,,no replicate,http://vocab.nerc.ac.uk/collection/P01/current/IDSPRE01,,
ARMS_TZS_Angbat_20200608_20201117_MF100_ETOH_s1_r1:Otu265,technicalReplicateID,,,http://vocab.nerc.ac.uk/collection/P01/current/IDTCRE01,,
ARMS_TZS_Angbat_20200608_20201117_MF100_ETOH_s1_r1:Otu266,submergedTime,day,162,http://vocab.nerc.ac.uk/collection/P01/current/AZDRZZ01/,https://vocab.nerc.ac.uk/collection/P06/current/UTAA/,
ARMS_TZS_Angbat_20200608_20201117_MF100_ETOH_s1_r1:Otu266,preservativeUsed,,EtOH,http://vocab.nerc.ac.uk/collection/Q01/current/Q0100004/,,https://pubchem.ncbi.nlm.nih.gov/compound/702
ARMS_TZS_Angbat_20200608_20201117_MF100_ETOH_s1_r1:Otu266,lowerLimitFilterSize,micrometer,100,http://vocab.nerc.ac.uk/collection/Q01/current/Q0100011/,https://vocab.nerc.ac.uk/collection/P06/current/UMIC/,
ARMS_TZS_Angbat_20200608_20201117_MF100_ETOH_s1_r1:Otu266,sampleAccessionNumber,,SAMEA10020989,,,
ARMS_TZS_Angbat_20200608_20201117_MF100_ETOH_s1_r1:Otu266,NCBIID,,6657,,,
ARMS_TZS_Angbat_20200608_20201117_MF100_ETOH_s1_r1:Otu266,NCBIScientificName,,Crustacea,,,
ARMS_TZS_Angbat_20200608_20201117_MF100_ETOH_s1_r1:Otu266,NCBITaxonRank,,subphylum,,,
ARMS_TZS_Angbat_20200608_20201117_MF100_ETOH_s1_r1:Otu266,fieldReplicateID,,no replicate,http://vocab.nerc.ac.uk/collection/P01/current/IDSPRE01,,
ARMS_TZS_Angbat_20200608_20201117_MF100_ETOH_s1_r1:Otu266,technicalReplicateID,,,http://vocab.nerc.ac.uk/collection/P01/current/IDTCRE01,,
ARMS_TZS_Angbat_20200608_20201117_MF100_ETOH_s1_r1:Otu267,submergedTime,day,162,http://vocab.nerc.ac.uk/collection/P01/current/AZDRZZ01/,https://vocab.nerc.ac.uk/collection/P06/current/UTAA/,
ARMS_TZS_Angbat_20200608_20201117_MF100_ETOH_s1_r1:Otu267,preservativeUsed,,EtOH,http://vocab.nerc.ac.uk/collection/Q01/current/Q0100004/,,https://pubchem.ncbi.nlm.nih.gov/compound/702
ARMS_TZS_Angbat_20200608_20201117_MF100_ETOH_s1_r1:Otu267,lowerLimitFilterSize,micrometer,100,http://vocab.nerc.ac.uk/collection/Q01/current/Q0100011/,https://vocab.nerc.ac.uk/collection/P06/current/UMIC/,
ARMS_TZS_Angbat_20200608_20201117_MF100_ETOH_s1_r1:Otu267,sampleAccessionNumber,,SAMEA10020989,,,
ARMS_TZS_Angbat_20200608_20201117_MF100_ETOH_s1_r1:Otu267,NCBIID,,35493,,,
ARMS_TZS_Angbat_20200608_20201117_MF100_ETOH_s1_r1:Otu267,NCBIScientificName,,Streptophyta,,,
ARMS_TZS_Angbat_20200608_20201117_MF100_ETOH_s1_r1:Otu267,NCBITaxonRank,,phylum,,,
ARMS_TZS_Angbat_20200608_20201117_MF100_ETOH_s1_r1:Otu267,fieldReplicateID,,no replicate,http://vocab.nerc.ac.uk/collection/P01/current/IDSPRE01,,
ARMS_TZS_Angbat_20200608_20201117_MF100_ETOH_s1_r1:Otu267,technicalReplicateID,,,http://vocab.nerc.ac.uk/collection/P01/current/IDTCRE01,,
ARMS_TZS_Angbat_20200608_20201117_MF100_ETOH_s1_r1:Otu262,submergedTime,day,162,http://vocab.nerc.ac.uk/collection/P01/current/AZDRZZ01/,https://vocab.nerc.ac.uk/collection/P06/current/UTAA/,
ARMS_TZS_Angbat_20200608_20201117_MF100_ETOH_s1_r1:Otu262,preservativeUsed,,EtOH,http://vocab.nerc.ac.uk/collection/Q01/current/Q0100004/,,https://pubchem.ncbi.nlm.nih.gov/compound/702
ARMS_TZS_Angbat_20200608_20201117_MF100_ETOH_s1_r1:Otu262,lowerLimitFilterSize,micrometer,100,http://vocab.nerc.ac.uk/collection/Q01/current/Q0100011/,https://vocab.nerc.ac.uk/collection/P06/current/UMIC/,
ARMS_TZS_Angbat_20200608_20201117_MF100_ETOH_s1_r1:Otu262,sampleAccessionNumber,,SAMEA10020989,,,
ARMS_TZS_Angbat_20200608_20201117_MF100_ETOH_s1_r1:Otu262,NCBIID,,1238681,,,
ARMS_TZS_Angbat_20200608_20201117_MF100_ETOH_s1_r1:Otu262,NCBIScientificName,,Glissomonadida,,,
ARMS_TZS_Angbat_20200608_20201117_MF100_ETOH_s1_r1:Otu262,NCBITaxonRank,,order,,,
ARMS_TZS_Angbat_20200608_20201117_MF100_ETOH_s1_r1:Otu262,fieldReplicateID,,no replicate,http://vocab.nerc.ac.uk/collection/P01/current/IDSPRE01,,
ARMS_TZS_Angbat_20200608_20201117_MF100_ETOH_s1_r1:Otu262,technicalReplicateID,,,http://vocab.nerc.ac.uk/collection/P01/current/IDTCRE01,,
ARMS_TZS_Angbat_20200608_20201117_MF100_ETOH_s1_r1:Otu33,submergedTime,day,162,http://vocab.nerc.ac.uk/collection/P01/current/AZDRZZ01/,https://vocab.nerc.ac.uk/collection/P06/current/UTAA/,
ARMS_TZS_Angbat_20200608_20201117_MF100_ETOH_s1_r1:Otu33,preservativeUsed,,EtOH,http://vocab.nerc.ac.uk/collection/Q01/current/Q0100004/,,https://pubchem.ncbi.nlm.nih.gov/compound/702
ARMS_TZS_Angbat_20200608_20201117_MF100_ETOH_s1_r1:Otu33,lowerLimitFilterSize,micrometer,100,http://vocab.nerc.ac.uk/collection/Q01/current/Q0100011/,https://vocab.nerc.ac.uk/collection/P06/current/UMIC/,
ARMS_TZS_Angbat_20200608_20201117_MF100_ETOH_s1_r1:Otu33,sampleAccessionNumber,,SAMEA10020989,,,
ARMS_TZS_Angbat_20200608_20201117_MF100_ETOH_s1_r1:Otu33,NCBIID,,4751,,,
ARMS_TZS_Angbat_20200608_20201117_MF100_ETOH_s1_r1:Otu33,NCBIScientificName,,Fungi,,,
ARMS_TZS_Angbat_20200608_20201117_MF100_ETOH_s1_r1:Otu33,NCBITaxonRank,,kingdom,,,
ARMS_TZS_Angbat_20200608_20201117_MF100_ETOH_s1_r1:Otu33,fieldReplicateID,,no replicate,http://vocab.nerc.ac.uk/collection/P01/current/IDSPRE01,,
ARMS_TZS_Angbat_20200608_20201117_MF100_ETOH_s1_r1:Otu33,technicalReplicateID,,,http://vocab.nerc.ac.uk/collection/P01/current/IDTCRE01,,
ARMS_TZS_Angbat_20200608_20201117_MF100_ETOH_s1_r1:Otu263,submergedTime,day,162,http://vocab.nerc.ac.uk/collection/P01/current/AZDRZZ01/,https://vocab.nerc.ac.uk/collection/P06/current/UTAA/,
ARMS_TZS_Angbat_20200608_20201117_MF100_ETOH_s1_r1:Otu263,preservativeUsed,,EtOH,http://vocab.nerc.ac.uk/collection/Q01/current/Q0100004/,,https://pubchem.ncbi.nlm.nih.gov/compound/702
ARMS_TZS_Angbat_20200608_20201117_MF100_ETOH_s1_r1:Otu263,lowerLimitFilterSize,micrometer,100,http://vocab.nerc.ac.uk/collection/Q01/current/Q0100011/,https://vocab.nerc.ac.uk/collection/P06/current/UMIC/,
ARMS_TZS_Angbat_20200608_20201117_MF100_ETOH_s1_r1:Otu263,sampleAccessionNumber,,SAMEA10020989,,,
ARMS_TZS_Angbat_20200608_20201117_MF100_ETOH_s1_r1:Otu263,NCBIID,,6657,,,
ARMS_TZS_Angbat_20200608_20201117_MF100_ETOH_s1_r1:Otu263,NCBIScientificName,,Crustacea,,,
ARMS_TZS_Angbat_20200608_20201117_MF100_ETOH_s1_r1:Otu263,NCBITaxonRank,,subphylum,,,
ARMS_TZS_Angbat_20200608_20201117_MF100_ETOH_s1_r1:Otu263,fieldReplicateID,,no replicate,http://vocab.nerc.ac.uk/collection/P01/current/IDSPRE01,,
ARMS_TZS_Angbat_20200608_20201117_MF100_ETOH_s1_r1:Otu263,technicalReplicateID,,,http://vocab.nerc.ac.uk/collection/P01/current/IDTCRE01,,
ARMS_TZS_Angbat_20200608_20201117_MF100_ETOH_s1_r1:Otu83,submergedTime,day,162,http://vocab.nerc.ac.uk/collection/P01/current/AZDRZZ01/,https://vocab.nerc.ac.uk/collection/P06/current/UTAA/,
ARMS_TZS_Angbat_20200608_20201117_MF100_ETOH_s1_r1:Otu83,preservativeUsed,,EtOH,http://vocab.nerc.ac.uk/collection/Q01/current/Q0100004/,,https://pubchem.ncbi.nlm.nih.gov/compound/702
ARMS_TZS_Angbat_20200608_20201117_MF100_ETOH_s1_r1:Otu83,lowerLimitFilterSize,micrometer,100,http://vocab.nerc.ac.uk/collection/Q01/current/Q0100011/,https://vocab.nerc.ac.uk/collection/P06/current/UMIC/,
ARMS_TZS_Angbat_20200608_20201117_MF100_ETOH_s1_r1:Otu83,sampleAccessionNumber,,SAMEA10020989,,,
ARMS_TZS_Angbat_20200608_20201117_MF100_ETOH_s1_r1:Otu83,NCBIID,,6657,,,
ARMS_TZS_Angbat_20200608_20201117_MF100_ETOH_s1_r1:Otu83,NCBIScientificName,,Crustacea,,,
ARMS_TZS_Angbat_20200608_20201117_MF100_ETOH_s1_r1:Otu83,NCBITaxonRank,,subphylum,,,
ARMS_TZS_Angbat_20200608_20201117_MF100_ETOH_s1_r1:Otu83,fieldReplicateID,,no replicate,http://vocab.nerc.ac.uk/collection/P01/current/IDSPRE01,,
ARMS_TZS_Angbat_20200608_20201117_MF100_ETOH_s1_r1:Otu83,technicalReplicateID,,,http://vocab.nerc.ac.uk/collection/P01/current/IDTCRE01,,
ARMS_TZS_Angbat_20200608_20201117_MF100_ETOH_s1_r1:Otu87,submergedTime,day,162,http://vocab.nerc.ac.uk/collection/P01/current/AZDRZZ01/,https://vocab.nerc.ac.uk/collection/P06/current/UTAA/,
ARMS_TZS_Angbat_20200608_20201117_MF100_ETOH_s1_r1:Otu87,preservativeUsed,,EtOH,http://vocab.nerc.ac.uk/collection/Q01/current/Q0100004/,,https://pubchem.ncbi.nlm.nih.gov/compound/702
ARMS_TZS_Angbat_20200608_20201117_MF100_ETOH_s1_r1:Otu87,lowerLimitFilterSize,micrometer,100,http://vocab.nerc.ac.uk/collection/Q01/current/Q0100011/,https://vocab.nerc.ac.uk/collection/P06/current/UMIC/,
ARMS_TZS_Angbat_20200608_20201117_MF100_ETOH_s1_r1:Otu87,sampleAccessionNumber,,SAMEA10020989,,,
ARMS_TZS_Angbat_20200608_20201117_MF100_ETOH_s1_r1:Otu87,NCBIID,,452283,,,
ARMS_TZS_Angbat_20200608_20201117_MF100_ETOH_s1_r1:Otu87,NCBIScientificName,,Exobasidiomycetes,,,
ARMS_TZS_Angbat_20200608_20201117_MF100_ETOH_s1_r1:Otu87,NCBITaxonRank,,class,,,
ARMS_TZS_Angbat_20200608_20201117_MF100_ETOH_s1_r1:Otu87,fieldReplicateID,,no replicate,http://vocab.nerc.ac.uk/collection/P01/current/IDSPRE01,,
ARMS_TZS_Angbat_20200608_20201117_MF100_ETOH_s1_r1:Otu87,technicalReplicateID,,,http://vocab.nerc.ac.uk/collection/P01/current/IDTCRE01,,
ARMS_TZS_Angbat_20200608_20201117_MF100_ETOH_s1_r1:Otu85,submergedTime,day,162,http://vocab.nerc.ac.uk/collection/P01/current/AZDRZZ01/,https://vocab.nerc.ac.uk/collection/P06/current/UTAA/,
ARMS_TZS_Angbat_20200608_20201117_MF100_ETOH_s1_r1:Otu85,preservativeUsed,,EtOH,http://vocab.nerc.ac.uk/collection/Q01/current/Q0100004/,,https://pubchem.ncbi.nlm.nih.gov/compound/702
ARMS_TZS_Angbat_20200608_20201117_MF100_ETOH_s1_r1:Otu85,lowerLimitFilterSize,micrometer,100,http://vocab.nerc.ac.uk/collection/Q01/current/Q0100011/,https://vocab.nerc.ac.uk/collection/P06/current/UMIC/,
ARMS_TZS_Angbat_20200608_20201117_MF100_ETOH_s1_r1:Otu85,sampleAccessionNumber,,SAMEA10020989,,,
ARMS_TZS_Angbat_20200608_20201117_MF100_ETOH_s1_r1:Otu85,NCBIID,,4762,,,
ARMS_TZS_Angbat_20200608_20201117_MF100_ETOH_s1_r1:Otu85,NCBIScientificName,,Oomycota,,,
ARMS_TZS_Angbat_20200608_20201117_MF100_ETOH_s1_r1:Otu85,NCBITaxonRank,,phylum,,,
ARMS_TZS_Angbat_20200608_20201117_MF100_ETOH_s1_r1:Otu85,fieldReplicateID,,no replicate,http://vocab.nerc.ac.uk/collection/P01/current/IDSPRE01,,
ARMS_TZS_Angbat_20200608_20201117_MF100_ETOH_s1_r1:Otu85,technicalReplicateID,,,http://vocab.nerc.ac.uk/collection/P01/current/IDTCRE01,,
ARMS_TZS_Angbat_20200608_20201117_MF100_ETOH_s1_r1:Otu422,submergedTime,day,162,http://vocab.nerc.ac.uk/collection/P01/current/AZDRZZ01/,https://vocab.nerc.ac.uk/collection/P06/current/UTAA/,
ARMS_TZS_Angbat_20200608_20201117_MF100_ETOH_s1_r1:Otu422,preservativeUsed,,EtOH,http://vocab.nerc.ac.uk/collection/Q01/current/Q0100004/,,https://pubchem.ncbi.nlm.nih.gov/compound/702
ARMS_TZS_Angbat_20200608_20201117_MF100_ETOH_s1_r1:Otu422,lowerLimitFilterSize,micrometer,100,http://vocab.nerc.ac.uk/collection/Q01/current/Q0100011/,https://vocab.nerc.ac.uk/collection/P06/current/UMIC/,
ARMS_TZS_Angbat_20200608_20201117_MF100_ETOH_s1_r1:Otu422,sampleAccessionNumber,,SAMEA10020989,,,
ARMS_TZS_Angbat_20200608_20201117_MF100_ETOH_s1_r1:Otu422,NCBIID,,33836,,,
ARMS_TZS_Angbat_20200608_20201117_MF100_ETOH_s1_r1:Otu422,NCBIScientificName,,Radial-centric-basal-Coscinodiscophyceae,,,
ARMS_TZS_Angbat_20200608_20201117_MF100_ETOH_s1_r1:Otu422,NCBITaxonRank,,class,,,
ARMS_TZS_Angbat_20200608_20201117_MF100_ETOH_s1_r1:Otu422,fieldReplicateID,,no replicate,http://vocab.nerc.ac.uk/collection/P01/current/IDSPRE01,,
ARMS_TZS_Angbat_20200608_20201117_MF100_ETOH_s1_r1:Otu422,technicalReplicateID,,,http://vocab.nerc.ac.uk/collection/P01/current/IDTCRE01,,
ARMS_TZS_Angbat_20200608_20201117_MF100_ETOH_s1_r1:Otu423,submergedTime,day,162,http://vocab.nerc.ac.uk/collection/P01/current/AZDRZZ01/,https://vocab.nerc.ac.uk/collection/P06/current/UTAA/,
ARMS_TZS_Angbat_20200608_20201117_MF100_ETOH_s1_r1:Otu423,preservativeUsed,,EtOH,http://vocab.nerc.ac.uk/collection/Q01/current/Q0100004/,,https://pubchem.ncbi.nlm.nih.gov/compound/702
ARMS_TZS_Angbat_20200608_20201117_MF100_ETOH_s1_r1:Otu423,lowerLimitFilterSize,micrometer,100,http://vocab.nerc.ac.uk/collection/Q01/current/Q0100011/,https://vocab.nerc.ac.uk/collection/P06/current/UMIC/,
ARMS_TZS_Angbat_20200608_20201117_MF100_ETOH_s1_r1:Otu423,sampleAccessionNumber,,SAMEA10020989,,,
ARMS_TZS_Angbat_20200608_20201117_MF100_ETOH_s1_r1:Otu423,NCBIID,,33836,,,
ARMS_TZS_Angbat_20200608_20201117_MF100_ETOH_s1_r1:Otu423,NCBIScientificName,,Radial-centric-basal-Coscinodiscophyceae,,,
ARMS_TZS_Angbat_20200608_20201117_MF100_ETOH_s1_r1:Otu423,NCBITaxonRank,,class,,,
ARMS_TZS_Angbat_20200608_20201117_MF100_ETOH_s1_r1:Otu423,fieldReplicateID,,no replicate,http://vocab.nerc.ac.uk/collection/P01/current/IDSPRE01,,
ARMS_TZS_Angbat_20200608_20201117_MF100_ETOH_s1_r1:Otu423,technicalReplicateID,,,http://vocab.nerc.ac.uk/collection/P01/current/IDTCRE01,,
ARMS_TZS_Angbat_20200608_20201117_MF100_ETOH_s1_r1:Otu420,submergedTime,day,162,http://vocab.nerc.ac.uk/collection/P01/current/AZDRZZ01/,https://vocab.nerc.ac.uk/collection/P06/current/UTAA/,
ARMS_TZS_Angbat_20200608_20201117_MF100_ETOH_s1_r1:Otu420,preservativeUsed,,EtOH,http://vocab.nerc.ac.uk/collection/Q01/current/Q0100004/,,https://pubchem.ncbi.nlm.nih.gov/compound/702
ARMS_TZS_Angbat_20200608_20201117_MF100_ETOH_s1_r1:Otu420,lowerLimitFilterSize,micrometer,100,http://vocab.nerc.ac.uk/collection/Q01/current/Q0100011/,https://vocab.nerc.ac.uk/collection/P06/current/UMIC/,
ARMS_TZS_Angbat_20200608_20201117_MF100_ETOH_s1_r1:Otu420,sampleAccessionNumber,,SAMEA10020989,,,
ARMS_TZS_Angbat_20200608_20201117_MF100_ETOH_s1_r1:Otu420,NCBIID,,512229,,,
ARMS_TZS_Angbat_20200608_20201117_MF100_ETOH_s1_r1:Otu420,NCBIScientificName,,Itunella,,,
ARMS_TZS_Angbat_20200608_20201117_MF100_ETOH_s1_r1:Otu420,NCBITaxonRank,,genus,,,
ARMS_TZS_Angbat_20200608_20201117_MF100_ETOH_s1_r1:Otu420,fieldReplicateID,,no replicate,http://vocab.nerc.ac.uk/collection/P01/current/IDSPRE01,,
ARMS_TZS_Angbat_20200608_20201117_MF100_ETOH_s1_r1:Otu420,technicalReplicateID,,,http://vocab.nerc.ac.uk/collection/P01/current/IDTCRE01,,
ARMS_TZS_Angbat_20200608_20201117_MF100_ETOH_s1_r1:Otu421,submergedTime,day,162,http://vocab.nerc.ac.uk/collection/P01/current/AZDRZZ01/,https://vocab.nerc.ac.uk/collection/P06/current/UTAA/,
ARMS_TZS_Angbat_20200608_20201117_MF100_ETOH_s1_r1:Otu421,preservativeUsed,,EtOH,http://vocab.nerc.ac.uk/collection/Q01/current/Q0100004/,,https://pubchem.ncbi.nlm.nih.gov/compound/702
ARMS_TZS_Angbat_20200608_20201117_MF100_ETOH_s1_r1:Otu421,lowerLimitFilterSize,micrometer,100,http://vocab.nerc.ac.uk/collection/Q01/current/Q0100011/,https://vocab.nerc.ac.uk/collection/P06/current/UMIC/,
ARMS_TZS_Angbat_20200608_20201117_MF100_ETOH_s1_r1:Otu421,sampleAccessionNumber,,SAMEA10020989,,,
ARMS_TZS_Angbat_20200608_20201117_MF100_ETOH_s1_r1:Otu421,NCBIID,,49237,,,
ARMS_TZS_Angbat_20200608_20201117_MF100_ETOH_s1_r1:Otu421,NCBIScientificName,,Chaetoceros,,,
ARMS_TZS_Angbat_20200608_20201117_MF100_ETOH_s1_r1:Otu421,NCBITaxonRank,,genus,,,
ARMS_TZS_Angbat_20200608_20201117_MF100_ETOH_s1_r1:Otu421,fieldReplicateID,,no replicate,http://vocab.nerc.ac.uk/collection/P01/current/IDSPRE01,,
ARMS_TZS_Angbat_20200608_20201117_MF100_ETOH_s1_r1:Otu421,technicalReplicateID,,,http://vocab.nerc.ac.uk/collection/P01/current/IDTCRE01,,
ARMS_TZS_Angbat_20200608_20201117_MF100_ETOH_s1_r1:Otu151,submergedTime,day,162,http://vocab.nerc.ac.uk/collection/P01/current/AZDRZZ01/,https://vocab.nerc.ac.uk/collection/P06/current/UTAA/,
ARMS_TZS_Angbat_20200608_20201117_MF100_ETOH_s1_r1:Otu151,preservativeUsed,,EtOH,http://vocab.nerc.ac.uk/collection/Q01/current/Q0100004/,,https://pubchem.ncbi.nlm.nih.gov/compound/702
ARMS_TZS_Angbat_20200608_20201117_MF100_ETOH_s1_r1:Otu151,lowerLimitFilterSize,micrometer,100,http://vocab.nerc.ac.uk/collection/Q01/current/Q0100011/,https://vocab.nerc.ac.uk/collection/P06/current/UMIC/,
ARMS_TZS_Angbat_20200608_20201117_MF100_ETOH_s1_r1:Otu151,sampleAccessionNumber,,SAMEA10020989,,,
ARMS_TZS_Angbat_20200608_20201117_MF100_ETOH_s1_r1:Otu151,NCBIID,,6657,,,
ARMS_TZS_Angbat_20200608_20201117_MF100_ETOH_s1_r1:Otu151,NCBIScientificName,,Crustacea,,,
ARMS_TZS_Angbat_20200608_20201117_MF100_ETOH_s1_r1:Otu151,NCBITaxonRank,,subphylum,,,
ARMS_TZS_Angbat_20200608_20201117_MF100_ETOH_s1_r1:Otu151,fieldReplicateID,,no replicate,http://vocab.nerc.ac.uk/collection/P01/current/IDSPRE01,,
ARMS_TZS_Angbat_20200608_20201117_MF100_ETOH_s1_r1:Otu151,technicalReplicateID,,,http://vocab.nerc.ac.uk/collection/P01/current/IDTCRE01,,
ARMS_TZS_Angbat_20200608_20201117_MF100_ETOH_s1_r1:Otu235,submergedTime,day,162,http://vocab.nerc.ac.uk/collection/P01/current/AZDRZZ01/,https://vocab.nerc.ac.uk/collection/P06/current/UTAA/,
ARMS_TZS_Angbat_20200608_20201117_MF100_ETOH_s1_r1:Otu235,preservativeUsed,,EtOH,http://vocab.nerc.ac.uk/collection/Q01/current/Q0100004/,,https://pubchem.ncbi.nlm.nih.gov/compound/702
ARMS_TZS_Angbat_20200608_20201117_MF100_ETOH_s1_r1:Otu235,lowerLimitFilterSize,micrometer,100,http://vocab.nerc.ac.uk/collection/Q01/current/Q0100011/,https://vocab.nerc.ac.uk/collection/P06/current/UMIC/,
ARMS_TZS_Angbat_20200608_20201117_MF100_ETOH_s1_r1:Otu235,sampleAccessionNumber,,SAMEA10020989,,,
ARMS_TZS_Angbat_20200608_20201117_MF100_ETOH_s1_r1:Otu235,NCBIID,,6657,,,
ARMS_TZS_Angbat_20200608_20201117_MF100_ETOH_s1_r1:Otu235,NCBIScientificName,,Crustacea,,,
ARMS_TZS_Angbat_20200608_20201117_MF100_ETOH_s1_r1:Otu235,NCBITaxonRank,,subphylum,,,
ARMS_TZS_Angbat_20200608_20201117_MF100_ETOH_s1_r1:Otu235,fieldReplicateID,,no replicate,http://vocab.nerc.ac.uk/collection/P01/current/IDSPRE01,,
ARMS_TZS_Angbat_20200608_20201117_MF100_ETOH_s1_r1:Otu235,technicalReplicateID,,,http://vocab.nerc.ac.uk/collection/P01/current/IDTCRE01,,
ARMS_TZS_Angbat_20200608_20201117_MF100_ETOH_s1_r1:Otu168,submergedTime,day,162,http://vocab.nerc.ac.uk/collection/P01/current/AZDRZZ01/,https://vocab.nerc.ac.uk/collection/P06/current/UTAA/,
ARMS_TZS_Angbat_20200608_20201117_MF100_ETOH_s1_r1:Otu168,preservativeUsed,,EtOH,http://vocab.nerc.ac.uk/collection/Q01/current/Q0100004/,,https://pubchem.ncbi.nlm.nih.gov/compound/702
ARMS_TZS_Angbat_20200608_20201117_MF100_ETOH_s1_r1:Otu168,lowerLimitFilterSize,micrometer,100,http://vocab.nerc.ac.uk/collection/Q01/current/Q0100011/,https://vocab.nerc.ac.uk/collection/P06/current/UMIC/,
ARMS_TZS_Angbat_20200608_20201117_MF100_ETOH_s1_r1:Otu168,sampleAccessionNumber,,SAMEA10020989,,,
ARMS_TZS_Angbat_20200608_20201117_MF100_ETOH_s1_r1:Otu168,NCBIID,,2836,,,
ARMS_TZS_Angbat_20200608_20201117_MF100_ETOH_s1_r1:Otu168,NCBIScientificName,,Bacillariophyta,,,
ARMS_TZS_Angbat_20200608_20201117_MF100_ETOH_s1_r1:Otu168,NCBITaxonRank,,phylum,,,
ARMS_TZS_Angbat_20200608_20201117_MF100_ETOH_s1_r1:Otu168,fieldReplicateID,,no replicate,http://vocab.nerc.ac.uk/collection/P01/current/IDSPRE01,,
ARMS_TZS_Angbat_20200608_20201117_MF100_ETOH_s1_r1:Otu168,technicalReplicateID,,,http://vocab.nerc.ac.uk/collection/P01/current/IDTCRE01,,
ARMS_TZS_Angbat_20200608_20201117_MF100_ETOH_s1_r1:Otu9,submergedTime,day,162,http://vocab.nerc.ac.uk/collection/P01/current/AZDRZZ01/,https://vocab.nerc.ac.uk/collection/P06/current/UTAA/,
ARMS_TZS_Angbat_20200608_20201117_MF100_ETOH_s1_r1:Otu9,preservativeUsed,,EtOH,http://vocab.nerc.ac.uk/collection/Q01/current/Q0100004/,,https://pubchem.ncbi.nlm.nih.gov/compound/702
ARMS_TZS_Angbat_20200608_20201117_MF100_ETOH_s1_r1:Otu9,lowerLimitFilterSize,micrometer,100,http://vocab.nerc.ac.uk/collection/Q01/current/Q0100011/,https://vocab.nerc.ac.uk/collection/P06/current/UMIC/,
ARMS_TZS_Angbat_20200608_20201117_MF100_ETOH_s1_r1:Otu9,sampleAccessionNumber,,SAMEA10020989,,,
ARMS_TZS_Angbat_20200608_20201117_MF100_ETOH_s1_r1:Otu9,NCBIID,,6101,,,
ARMS_TZS_Angbat_20200608_20201117_MF100_ETOH_s1_r1:Otu9,NCBIScientificName,,Anthozoa,,,
ARMS_TZS_Angbat_20200608_20201117_MF100_ETOH_s1_r1:Otu9,NCBITaxonRank,,class,,,
ARMS_TZS_Angbat_20200608_20201117_MF100_ETOH_s1_r1:Otu9,fieldReplicateID,,no replicate,http://vocab.nerc.ac.uk/collection/P01/current/IDSPRE01,,
ARMS_TZS_Angbat_20200608_20201117_MF100_ETOH_s1_r1:Otu9,technicalReplicateID,,,http://vocab.nerc.ac.uk/collection/P01/current/IDTCRE01,,
ARMS_TZS_Angbat_20200608_20201117_MF100_ETOH_s1_r1:Otu5,submergedTime,day,162,http://vocab.nerc.ac.uk/collection/P01/current/AZDRZZ01/,https://vocab.nerc.ac.uk/collection/P06/current/UTAA/,
ARMS_TZS_Angbat_20200608_20201117_MF100_ETOH_s1_r1:Otu5,preservativeUsed,,EtOH,http://vocab.nerc.ac.uk/collection/Q01/current/Q0100004/,,https://pubchem.ncbi.nlm.nih.gov/compound/702
ARMS_TZS_Angbat_20200608_20201117_MF100_ETOH_s1_r1:Otu5,lowerLimitFilterSize,micrometer,100,http://vocab.nerc.ac.uk/collection/Q01/current/Q0100011/,https://vocab.nerc.ac.uk/collection/P06/current/UMIC/,
ARMS_TZS_Angbat_20200608_20201117_MF100_ETOH_s1_r1:Otu5,sampleAccessionNumber,,SAMEA10020989,,,
ARMS_TZS_Angbat_20200608_20201117_MF100_ETOH_s1_r1:Otu5,NCBIID,,32443,,,
ARMS_TZS_Angbat_20200608_20201117_MF100_ETOH_s1_r1:Otu5,NCBIScientificName,,Teleostei,,,
ARMS_TZS_Angbat_20200608_20201117_MF100_ETOH_s1_r1:Otu5,NCBITaxonRank,,infraclass,,,
ARMS_TZS_Angbat_20200608_20201117_MF100_ETOH_s1_r1:Otu5,fieldReplicateID,,no replicate,http://vocab.nerc.ac.uk/collection/P01/current/IDSPRE01,,
ARMS_TZS_Angbat_20200608_20201117_MF100_ETOH_s1_r1:Otu5,technicalReplicateID,,,http://vocab.nerc.ac.uk/collection/P01/current/IDTCRE01,,
ARMS_TZS_Angbat_20200608_20201117_MF100_ETOH_s1_r1:Otu2,submergedTime,day,162,http://vocab.nerc.ac.uk/collection/P01/current/AZDRZZ01/,https://vocab.nerc.ac.uk/collection/P06/current/UTAA/,
ARMS_TZS_Angbat_20200608_20201117_MF100_ETOH_s1_r1:Otu2,preservativeUsed,,EtOH,http://vocab.nerc.ac.uk/collection/Q01/current/Q0100004/,,https://pubchem.ncbi.nlm.nih.gov/compound/702
ARMS_TZS_Angbat_20200608_20201117_MF100_ETOH_s1_r1:Otu2,lowerLimitFilterSize,micrometer,100,http://vocab.nerc.ac.uk/collection/Q01/current/Q0100011/,https://vocab.nerc.ac.uk/collection/P06/current/UMIC/,
ARMS_TZS_Angbat_20200608_20201117_MF100_ETOH_s1_r1:Otu2,sampleAccessionNumber,,SAMEA10020989,,,
ARMS_TZS_Angbat_20200608_20201117_MF100_ETOH_s1_r1:Otu2,NCBIID,,7713,,,
ARMS_TZS_Angbat_20200608_20201117_MF100_ETOH_s1_r1:Otu2,NCBIScientificName,,Ascidiacea,,,
ARMS_TZS_Angbat_20200608_20201117_MF100_ETOH_s1_r1:Otu2,NCBITaxonRank,,class,,,
ARMS_TZS_Angbat_20200608_20201117_MF100_ETOH_s1_r1:Otu2,fieldReplicateID,,no replicate,http://vocab.nerc.ac.uk/collection/P01/current/IDSPRE01,,
ARMS_TZS_Angbat_20200608_20201117_MF100_ETOH_s1_r1:Otu2,technicalReplicateID,,,http://vocab.nerc.ac.uk/collection/P01/current/IDTCRE01,,
ARMS_TZS_Angbat_20200608_20201117_MF100_ETOH_s1_r1:Otu1,submergedTime,day,162,http://vocab.nerc.ac.uk/collection/P01/current/AZDRZZ01/,https://vocab.nerc.ac.uk/collection/P06/current/UTAA/,
ARMS_TZS_Angbat_20200608_20201117_MF100_ETOH_s1_r1:Otu1,preservativeUsed,,EtOH,http://vocab.nerc.ac.uk/collection/Q01/current/Q0100004/,,https://pubchem.ncbi.nlm.nih.gov/compound/702
ARMS_TZS_Angbat_20200608_20201117_MF100_ETOH_s1_r1:Otu1,lowerLimitFilterSize,micrometer,100,http://vocab.nerc.ac.uk/collection/Q01/current/Q0100011/,https://vocab.nerc.ac.uk/collection/P06/current/UMIC/,
ARMS_TZS_Angbat_20200608_20201117_MF100_ETOH_s1_r1:Otu1,sampleAccessionNumber,,SAMEA10020989,,,
ARMS_TZS_Angbat_20200608_20201117_MF100_ETOH_s1_r1:Otu1,NCBIID,,6657,,,
ARMS_TZS_Angbat_20200608_20201117_MF100_ETOH_s1_r1:Otu1,NCBIScientificName,,Crustacea,,,
ARMS_TZS_Angbat_20200608_20201117_MF100_ETOH_s1_r1:Otu1,NCBITaxonRank,,subphylum,,,
ARMS_TZS_Angbat_20200608_20201117_MF100_ETOH_s1_r1:Otu1,fieldReplicateID,,no replicate,http://vocab.nerc.ac.uk/collection/P01/current/IDSPRE01,,
ARMS_TZS_Angbat_20200608_20201117_MF100_ETOH_s1_r1:Otu1,technicalReplicateID,,,http://vocab.nerc.ac.uk/collection/P01/current/IDTCRE01,,
ARMS_TZS_Angbat_20200608_20201117_MF100_ETOH_s1_r1:Otu204,submergedTime,day,162,http://vocab.nerc.ac.uk/collection/P01/current/AZDRZZ01/,https://vocab.nerc.ac.uk/collection/P06/current/UTAA/,
ARMS_TZS_Angbat_20200608_20201117_MF100_ETOH_s1_r1:Otu204,preservativeUsed,,EtOH,http://vocab.nerc.ac.uk/collection/Q01/current/Q0100004/,,https://pubchem.ncbi.nlm.nih.gov/compound/702
ARMS_TZS_Angbat_20200608_20201117_MF100_ETOH_s1_r1:Otu204,lowerLimitFilterSize,micrometer,100,http://vocab.nerc.ac.uk/collection/Q01/current/Q0100011/,https://vocab.nerc.ac.uk/collection/P06/current/UMIC/,
ARMS_TZS_Angbat_20200608_20201117_MF100_ETOH_s1_r1:Otu204,sampleAccessionNumber,,SAMEA10020989,,,
ARMS_TZS_Angbat_20200608_20201117_MF100_ETOH_s1_r1:Otu204,NCBIID,,2759,,,
ARMS_TZS_Angbat_20200608_20201117_MF100_ETOH_s1_r1:Otu204,NCBIScientificName,,Eukaryota,,,
ARMS_TZS_Angbat_20200608_20201117_MF100_ETOH_s1_r1:Otu204,NCBITaxonRank,,domain,,,
ARMS_TZS_Angbat_20200608_20201117_MF100_ETOH_s1_r1:Otu204,fieldReplicateID,,no replicate,http://vocab.nerc.ac.uk/collection/P01/current/IDSPRE01,,
ARMS_TZS_Angbat_20200608_20201117_MF100_ETOH_s1_r1:Otu204,technicalReplicateID,,,http://vocab.nerc.ac.uk/collection/P01/current/IDTCRE01,,
ARMS_TZS_Angbat_20200608_20201117_MF100_ETOH_s1_r1:Otu102,submergedTime,day,162,http://vocab.nerc.ac.uk/collection/P01/current/AZDRZZ01/,https://vocab.nerc.ac.uk/collection/P06/current/UTAA/,
ARMS_TZS_Angbat_20200608_20201117_MF100_ETOH_s1_r1:Otu102,preservativeUsed,,EtOH,http://vocab.nerc.ac.uk/collection/Q01/current/Q0100004/,,https://pubchem.ncbi.nlm.nih.gov/compound/702
ARMS_TZS_Angbat_20200608_20201117_MF100_ETOH_s1_r1:Otu102,lowerLimitFilterSize,micrometer,100,http://vocab.nerc.ac.uk/collection/Q01/current/Q0100011/,https://vocab.nerc.ac.uk/collection/P06/current/UMIC/,
ARMS_TZS_Angbat_20200608_20201117_MF100_ETOH_s1_r1:Otu102,sampleAccessionNumber,,SAMEA10020989,,,
ARMS_TZS_Angbat_20200608_20201117_MF100_ETOH_s1_r1:Otu102,NCBIID,,298417,,,
ARMS_TZS_Angbat_20200608_20201117_MF100_ETOH_s1_r1:Otu102,NCBIScientificName,,Euryte,,,
ARMS_TZS_Angbat_20200608_20201117_MF100_ETOH_s1_r1:Otu102,NCBITaxonRank,,genus,,,
ARMS_TZS_Angbat_20200608_20201117_MF100_ETOH_s1_r1:Otu102,fieldReplicateID,,no replicate,http://vocab.nerc.ac.uk/collection/P01/current/IDSPRE01,,
ARMS_TZS_Angbat_20200608_20201117_MF100_ETOH_s1_r1:Otu102,technicalReplicateID,,,http://vocab.nerc.ac.uk/collection/P01/current/IDTCRE01,,
ARMS_TZS_Angbat_20200608_20201117_MF100_ETOH_s1_r1:Otu268,submergedTime,day,162,http://vocab.nerc.ac.uk/collection/P01/current/AZDRZZ01/,https://vocab.nerc.ac.uk/collection/P06/current/UTAA/,
ARMS_TZS_Angbat_20200608_20201117_MF100_ETOH_s1_r1:Otu268,preservativeUsed,,EtOH,http://vocab.nerc.ac.uk/collection/Q01/current/Q0100004/,,https://pubchem.ncbi.nlm.nih.gov/compound/702
ARMS_TZS_Angbat_20200608_20201117_MF100_ETOH_s1_r1:Otu268,lowerLimitFilterSize,micrometer,100,http://vocab.nerc.ac.uk/collection/Q01/current/Q0100011/,https://vocab.nerc.ac.uk/collection/P06/current/UMIC/,
ARMS_TZS_Angbat_20200608_20201117_MF100_ETOH_s1_r1:Otu268,sampleAccessionNumber,,SAMEA10020989,,,
ARMS_TZS_Angbat_20200608_20201117_MF100_ETOH_s1_r1:Otu268,NCBIID,,947094,,,
ARMS_TZS_Angbat_20200608_20201117_MF100_ETOH_s1_r1:Otu268,NCBIScientificName,,Porosporidae,,,
ARMS_TZS_Angbat_20200608_20201117_MF100_ETOH_s1_r1:Otu268,NCBITaxonRank,,family,,,
ARMS_TZS_Angbat_20200608_20201117_MF100_ETOH_s1_r1:Otu268,fieldReplicateID,,no replicate,http://vocab.nerc.ac.uk/collection/P01/current/IDSPRE01,,
ARMS_TZS_Angbat_20200608_20201117_MF100_ETOH_s1_r1:Otu268,technicalReplicateID,,,http://vocab.nerc.ac.uk/collection/P01/current/IDTCRE01,,
ARMS_TZS_Angbat_20200608_20201117_MF100_ETOH_s1_r1:Otu196,submergedTime,day,162,http://vocab.nerc.ac.uk/collection/P01/current/AZDRZZ01/,https://vocab.nerc.ac.uk/collection/P06/current/UTAA/,
ARMS_TZS_Angbat_20200608_20201117_MF100_ETOH_s1_r1:Otu196,preservativeUsed,,EtOH,http://vocab.nerc.ac.uk/collection/Q01/current/Q0100004/,,https://pubchem.ncbi.nlm.nih.gov/compound/702
ARMS_TZS_Angbat_20200608_20201117_MF100_ETOH_s1_r1:Otu196,lowerLimitFilterSize,micrometer,100,http://vocab.nerc.ac.uk/collection/Q01/current/Q0100011/,https://vocab.nerc.ac.uk/collection/P06/current/UMIC/,
ARMS_TZS_Angbat_20200608_20201117_MF100_ETOH_s1_r1:Otu196,sampleAccessionNumber,,SAMEA10020989,,,
ARMS_TZS_Angbat_20200608_20201117_MF100_ETOH_s1_r1:Otu196,NCBIID,,6657,,,
ARMS_TZS_Angbat_20200608_20201117_MF100_ETOH_s1_r1:Otu196,NCBIScientificName,,Crustacea,,,
ARMS_TZS_Angbat_20200608_20201117_MF100_ETOH_s1_r1:Otu196,NCBITaxonRank,,subphylum,,,
ARMS_TZS_Angbat_20200608_20201117_MF100_ETOH_s1_r1:Otu196,fieldReplicateID,,no replicate,http://vocab.nerc.ac.uk/collection/P01/current/IDSPRE01,,
ARMS_TZS_Angbat_20200608_20201117_MF100_ETOH_s1_r1:Otu196,technicalReplicateID,,,http://vocab.nerc.ac.uk/collection/P01/current/IDTCRE01,,
ARMS_TZS_Angbat_20200608_20201117_MF100_ETOH_s1_r1:Otu197,submergedTime,day,162,http://vocab.nerc.ac.uk/collection/P01/current/AZDRZZ01/,https://vocab.nerc.ac.uk/collection/P06/current/UTAA/,
ARMS_TZS_Angbat_20200608_20201117_MF100_ETOH_s1_r1:Otu197,preservativeUsed,,EtOH,http://vocab.nerc.ac.uk/collection/Q01/current/Q0100004/,,https://pubchem.ncbi.nlm.nih.gov/compound/702
ARMS_TZS_Angbat_20200608_20201117_MF100_ETOH_s1_r1:Otu197,lowerLimitFilterSize,micrometer,100,http://vocab.nerc.ac.uk/collection/Q01/current/Q0100011/,https://vocab.nerc.ac.uk/collection/P06/current/UMIC/,
ARMS_TZS_Angbat_20200608_20201117_MF100_ETOH_s1_r1:Otu197,sampleAccessionNumber,,SAMEA10020989,,,
ARMS_TZS_Angbat_20200608_20201117_MF100_ETOH_s1_r1:Otu197,NCBIID,,66522,,,
ARMS_TZS_Angbat_20200608_20201117_MF100_ETOH_s1_r1:Otu197,NCBIScientificName,,Verruca,,,
ARMS_TZS_Angbat_20200608_20201117_MF100_ETOH_s1_r1:Otu197,NCBITaxonRank,,genus,,,
ARMS_TZS_Angbat_20200608_20201117_MF100_ETOH_s1_r1:Otu197,fieldReplicateID,,no replicate,http://vocab.nerc.ac.uk/collection/P01/current/IDSPRE01,,
ARMS_TZS_Angbat_20200608_20201117_MF100_ETOH_s1_r1:Otu197,technicalReplicateID,,,http://vocab.nerc.ac.uk/collection/P01/current/IDTCRE01,,
ARMS_TZS_Angbat_20200608_20201117_MF100_ETOH_s1_r1:Otu195,submergedTime,day,162,http://vocab.nerc.ac.uk/collection/P01/current/AZDRZZ01/,https://vocab.nerc.ac.uk/collection/P06/current/UTAA/,
ARMS_TZS_Angbat_20200608_20201117_MF100_ETOH_s1_r1:Otu195,preservativeUsed,,EtOH,http://vocab.nerc.ac.uk/collection/Q01/current/Q0100004/,,https://pubchem.ncbi.nlm.nih.gov/compound/702
ARMS_TZS_Angbat_20200608_20201117_MF100_ETOH_s1_r1:Otu195,lowerLimitFilterSize,micrometer,100,http://vocab.nerc.ac.uk/collection/Q01/current/Q0100011/,https://vocab.nerc.ac.uk/collection/P06/current/UMIC/,
ARMS_TZS_Angbat_20200608_20201117_MF100_ETOH_s1_r1:Otu195,sampleAccessionNumber,,SAMEA10020989,,,
ARMS_TZS_Angbat_20200608_20201117_MF100_ETOH_s1_r1:Otu195,NCBIID,,473817,,,
ARMS_TZS_Angbat_20200608_20201117_MF100_ETOH_s1_r1:Otu195,NCBIScientificName,,Savillea_micropora,,,
ARMS_TZS_Angbat_20200608_20201117_MF100_ETOH_s1_r1:Otu195,NCBITaxonRank,,species,,,
ARMS_TZS_Angbat_20200608_20201117_MF100_ETOH_s1_r1:Otu195,fieldReplicateID,,no replicate,http://vocab.nerc.ac.uk/collection/P01/current/IDSPRE01,,
ARMS_TZS_Angbat_20200608_20201117_MF100_ETOH_s1_r1:Otu195,technicalReplicateID,,,http://vocab.nerc.ac.uk/collection/P01/current/IDTCRE01,,
ARMS_TZS_Angbat_20200608_20201117_MF100_ETOH_s1_r1:Otu98,submergedTime,day,162,http://vocab.nerc.ac.uk/collection/P01/current/AZDRZZ01/,https://vocab.nerc.ac.uk/collection/P06/current/UTAA/,
ARMS_TZS_Angbat_20200608_20201117_MF100_ETOH_s1_r1:Otu98,preservativeUsed,,EtOH,http://vocab.nerc.ac.uk/collection/Q01/current/Q0100004/,,https://pubchem.ncbi.nlm.nih.gov/compound/702
ARMS_TZS_Angbat_20200608_20201117_MF100_ETOH_s1_r1:Otu98,lowerLimitFilterSize,micrometer,100,http://vocab.nerc.ac.uk/collection/Q01/current/Q0100011/,https://vocab.nerc.ac.uk/collection/P06/current/UMIC/,
ARMS_TZS_Angbat_20200608_20201117_MF100_ETOH_s1_r1:Otu98,sampleAccessionNumber,,SAMEA10020989,,,
ARMS_TZS_Angbat_20200608_20201117_MF100_ETOH_s1_r1:Otu98,NCBIID,,452283,,,
ARMS_TZS_Angbat_20200608_20201117_MF100_ETOH_s1_r1:Otu98,NCBIScientificName,,Exobasidiomycetes,,,
ARMS_TZS_Angbat_20200608_20201117_MF100_ETOH_s1_r1:Otu98,NCBITaxonRank,,class,,,
ARMS_TZS_Angbat_20200608_20201117_MF100_ETOH_s1_r1:Otu98,fieldReplicateID,,no replicate,http://vocab.nerc.ac.uk/collection/P01/current/IDSPRE01,,
ARMS_TZS_Angbat_20200608_20201117_MF100_ETOH_s1_r1:Otu98,technicalReplicateID,,,http://vocab.nerc.ac.uk/collection/P01/current/IDTCRE01,,
ARMS_TZS_Angbat_20200608_20201117_MF100_ETOH_s1_r1:Otu94,submergedTime,day,162,http://vocab.nerc.ac.uk/collection/P01/current/AZDRZZ01/,https://vocab.nerc.ac.uk/collection/P06/current/UTAA/,
ARMS_TZS_Angbat_20200608_20201117_MF100_ETOH_s1_r1:Otu94,preservativeUsed,,EtOH,http://vocab.nerc.ac.uk/collection/Q01/current/Q0100004/,,https://pubchem.ncbi.nlm.nih.gov/compound/702
ARMS_TZS_Angbat_20200608_20201117_MF100_ETOH_s1_r1:Otu94,lowerLimitFilterSize,micrometer,100,http://vocab.nerc.ac.uk/collection/Q01/current/Q0100011/,https://vocab.nerc.ac.uk/collection/P06/current/UMIC/,
ARMS_TZS_Angbat_20200608_20201117_MF100_ETOH_s1_r1:Otu94,sampleAccessionNumber,,SAMEA10020989,,,
ARMS_TZS_Angbat_20200608_20201117_MF100_ETOH_s1_r1:Otu94,NCBIID,,4751,,,
ARMS_TZS_Angbat_20200608_20201117_MF100_ETOH_s1_r1:Otu94,NCBIScientificName,,Fungi,,,
ARMS_TZS_Angbat_20200608_20201117_MF100_ETOH_s1_r1:Otu94,NCBITaxonRank,,kingdom,,,
ARMS_TZS_Angbat_20200608_20201117_MF100_ETOH_s1_r1:Otu94,fieldReplicateID,,no replicate,http://vocab.nerc.ac.uk/collection/P01/current/IDSPRE01,,
ARMS_TZS_Angbat_20200608_20201117_MF100_ETOH_s1_r1:Otu94,technicalReplicateID,,,http://vocab.nerc.ac.uk/collection/P01/current/IDTCRE01,,
ARMS_TZS_Angbat_20200608_20201117_MF100_ETOH_s1_r1:Otu302,submergedTime,day,162,http://vocab.nerc.ac.uk/collection/P01/current/AZDRZZ01/,https://vocab.nerc.ac.uk/collection/P06/current/UTAA/,
ARMS_TZS_Angbat_20200608_20201117_MF100_ETOH_s1_r1:Otu302,preservativeUsed,,EtOH,http://vocab.nerc.ac.uk/collection/Q01/current/Q0100004/,,https://pubchem.ncbi.nlm.nih.gov/compound/702
ARMS_TZS_Angbat_20200608_20201117_MF100_ETOH_s1_r1:Otu302,lowerLimitFilterSize,micrometer,100,http://vocab.nerc.ac.uk/collection/Q01/current/Q0100011/,https://vocab.nerc.ac.uk/collection/P06/current/UMIC/,
ARMS_TZS_Angbat_20200608_20201117_MF100_ETOH_s1_r1:Otu302,sampleAccessionNumber,,SAMEA10020989,,,
ARMS_TZS_Angbat_20200608_20201117_MF100_ETOH_s1_r1:Otu302,NCBIID,,2696291,,,
ARMS_TZS_Angbat_20200608_20201117_MF100_ETOH_s1_r1:Otu302,NCBIScientificName,,Ochrophyta,,,
ARMS_TZS_Angbat_20200608_20201117_MF100_ETOH_s1_r1:Otu302,NCBITaxonRank,,clade,,,
ARMS_TZS_Angbat_20200608_20201117_MF100_ETOH_s1_r1:Otu302,fieldReplicateID,,no replicate,http://vocab.nerc.ac.uk/collection/P01/current/IDSPRE01,,
ARMS_TZS_Angbat_20200608_20201117_MF100_ETOH_s1_r1:Otu302,technicalReplicateID,,,http://vocab.nerc.ac.uk/collection/P01/current/IDTCRE01,,
ARMS_TZS_Angbat_20200608_20201117_MF100_ETOH_s1_r1:Otu141,submergedTime,day,162,http://vocab.nerc.ac.uk/collection/P01/current/AZDRZZ01/,https://vocab.nerc.ac.uk/collection/P06/current/UTAA/,
ARMS_TZS_Angbat_20200608_20201117_MF100_ETOH_s1_r1:Otu141,preservativeUsed,,EtOH,http://vocab.nerc.ac.uk/collection/Q01/current/Q0100004/,,https://pubchem.ncbi.nlm.nih.gov/compound/702
ARMS_TZS_Angbat_20200608_20201117_MF100_ETOH_s1_r1:Otu141,lowerLimitFilterSize,micrometer,100,http://vocab.nerc.ac.uk/collection/Q01/current/Q0100011/,https://vocab.nerc.ac.uk/collection/P06/current/UMIC/,
ARMS_TZS_Angbat_20200608_20201117_MF100_ETOH_s1_r1:Otu141,sampleAccessionNumber,,SAMEA10020989,,,
ARMS_TZS_Angbat_20200608_20201117_MF100_ETOH_s1_r1:Otu141,NCBIID,,89593,,,
ARMS_TZS_Angbat_20200608_20201117_MF100_ETOH_s1_r1:Otu141,NCBIScientificName,,Craniata,,,
ARMS_TZS_Angbat_20200608_20201117_MF100_ETOH_s1_r1:Otu141,NCBITaxonRank,,subphylum,,,
ARMS_TZS_Angbat_20200608_20201117_MF100_ETOH_s1_r1:Otu141,fieldReplicateID,,no replicate,http://vocab.nerc.ac.uk/collection/P01/current/IDSPRE01,,
ARMS_TZS_Angbat_20200608_20201117_MF100_ETOH_s1_r1:Otu141,technicalReplicateID,,,http://vocab.nerc.ac.uk/collection/P01/current/IDTCRE01,,
ARMS_TZS_Angbat_20200608_20201117_MF100_ETOH_s1_r1:Otu142,submergedTime,day,162,http://vocab.nerc.ac.uk/collection/P01/current/AZDRZZ01/,https://vocab.nerc.ac.uk/collection/P06/current/UTAA/,
ARMS_TZS_Angbat_20200608_20201117_MF100_ETOH_s1_r1:Otu142,preservativeUsed,,EtOH,http://vocab.nerc.ac.uk/collection/Q01/current/Q0100004/,,https://pubchem.ncbi.nlm.nih.gov/compound/702
ARMS_TZS_Angbat_20200608_20201117_MF100_ETOH_s1_r1:Otu142,lowerLimitFilterSize,micrometer,100,http://vocab.nerc.ac.uk/collection/Q01/current/Q0100011/,https://vocab.nerc.ac.uk/collection/P06/current/UMIC/,
ARMS_TZS_Angbat_20200608_20201117_MF100_ETOH_s1_r1:Otu142,sampleAccessionNumber,,SAMEA10020989,,,
ARMS_TZS_Angbat_20200608_20201117_MF100_ETOH_s1_r1:Otu142,NCBIID,,6340,,,
ARMS_TZS_Angbat_20200608_20201117_MF100_ETOH_s1_r1:Otu142,NCBIScientificName,,Annelida,,,
ARMS_TZS_Angbat_20200608_20201117_MF100_ETOH_s1_r1:Otu142,NCBITaxonRank,,phylum,,,
ARMS_TZS_Angbat_20200608_20201117_MF100_ETOH_s1_r1:Otu142,fieldReplicateID,,no replicate,http://vocab.nerc.ac.uk/collection/P01/current/IDSPRE01,,
ARMS_TZS_Angbat_20200608_20201117_MF100_ETOH_s1_r1:Otu142,technicalReplicateID,,,http://vocab.nerc.ac.uk/collection/P01/current/IDTCRE01,,
ARMS_TZS_Angbat_20200608_20201117_MF100_ETOH_s1_r1:Otu146,submergedTime,day,162,http://vocab.nerc.ac.uk/collection/P01/current/AZDRZZ01/,https://vocab.nerc.ac.uk/collection/P06/current/UTAA/,
ARMS_TZS_Angbat_20200608_20201117_MF100_ETOH_s1_r1:Otu146,preservativeUsed,,EtOH,http://vocab.nerc.ac.uk/collection/Q01/current/Q0100004/,,https://pubchem.ncbi.nlm.nih.gov/compound/702
ARMS_TZS_Angbat_20200608_20201117_MF100_ETOH_s1_r1:Otu146,lowerLimitFilterSize,micrometer,100,http://vocab.nerc.ac.uk/collection/Q01/current/Q0100011/,https://vocab.nerc.ac.uk/collection/P06/current/UMIC/,
ARMS_TZS_Angbat_20200608_20201117_MF100_ETOH_s1_r1:Otu146,sampleAccessionNumber,,SAMEA10020989,,,
ARMS_TZS_Angbat_20200608_20201117_MF100_ETOH_s1_r1:Otu146,NCBIID,,106218,,,
ARMS_TZS_Angbat_20200608_20201117_MF100_ETOH_s1_r1:Otu146,NCBIScientificName,,Pectinoida,,,
ARMS_TZS_Angbat_20200608_20201117_MF100_ETOH_s1_r1:Otu146,NCBITaxonRank,,order,,,
ARMS_TZS_Angbat_20200608_20201117_MF100_ETOH_s1_r1:Otu146,fieldReplicateID,,no replicate,http://vocab.nerc.ac.uk/collection/P01/current/IDSPRE01,,
ARMS_TZS_Angbat_20200608_20201117_MF100_ETOH_s1_r1:Otu146,technicalReplicateID,,,http://vocab.nerc.ac.uk/collection/P01/current/IDTCRE01,,
ARMS_TZS_Angbat_20200608_20201117_MF100_ETOH_s1_r1:Otu138,submergedTime,day,162,http://vocab.nerc.ac.uk/collection/P01/current/AZDRZZ01/,https://vocab.nerc.ac.uk/collection/P06/current/UTAA/,
ARMS_TZS_Angbat_20200608_20201117_MF100_ETOH_s1_r1:Otu138,preservativeUsed,,EtOH,http://vocab.nerc.ac.uk/collection/Q01/current/Q0100004/,,https://pubchem.ncbi.nlm.nih.gov/compound/702
ARMS_TZS_Angbat_20200608_20201117_MF100_ETOH_s1_r1:Otu138,lowerLimitFilterSize,micrometer,100,http://vocab.nerc.ac.uk/collection/Q01/current/Q0100011/,https://vocab.nerc.ac.uk/collection/P06/current/UMIC/,
ARMS_TZS_Angbat_20200608_20201117_MF100_ETOH_s1_r1:Otu138,sampleAccessionNumber,,SAMEA10020989,,,
ARMS_TZS_Angbat_20200608_20201117_MF100_ETOH_s1_r1:Otu138,NCBIID,,253171,,,
ARMS_TZS_Angbat_20200608_20201117_MF100_ETOH_s1_r1:Otu138,NCBIScientificName,,Halisarca,,,
ARMS_TZS_Angbat_20200608_20201117_MF100_ETOH_s1_r1:Otu138,NCBITaxonRank,,genus,,,
ARMS_TZS_Angbat_20200608_20201117_MF100_ETOH_s1_r1:Otu138,fieldReplicateID,,no replicate,http://vocab.nerc.ac.uk/collection/P01/current/IDSPRE01,,
ARMS_TZS_Angbat_20200608_20201117_MF100_ETOH_s1_r1:Otu138,technicalReplicateID,,,http://vocab.nerc.ac.uk/collection/P01/current/IDTCRE01,,
ARMS_TZS_Angbat_20200608_20201117_MF100_ETOH_s1_r1:Otu15,submergedTime,day,162,http://vocab.nerc.ac.uk/collection/P01/current/AZDRZZ01/,https://vocab.nerc.ac.uk/collection/P06/current/UTAA/,
ARMS_TZS_Angbat_20200608_20201117_MF100_ETOH_s1_r1:Otu15,preservativeUsed,,EtOH,http://vocab.nerc.ac.uk/collection/Q01/current/Q0100004/,,https://pubchem.ncbi.nlm.nih.gov/compound/702
ARMS_TZS_Angbat_20200608_20201117_MF100_ETOH_s1_r1:Otu15,lowerLimitFilterSize,micrometer,100,http://vocab.nerc.ac.uk/collection/Q01/current/Q0100011/,https://vocab.nerc.ac.uk/collection/P06/current/UMIC/,
ARMS_TZS_Angbat_20200608_20201117_MF100_ETOH_s1_r1:Otu15,sampleAccessionNumber,,SAMEA10020989,,,
ARMS_TZS_Angbat_20200608_20201117_MF100_ETOH_s1_r1:Otu15,NCBIID,,1974272,,,
ARMS_TZS_Angbat_20200608_20201117_MF100_ETOH_s1_r1:Otu15,NCBIScientificName,,Sessilida,,,
ARMS_TZS_Angbat_20200608_20201117_MF100_ETOH_s1_r1:Otu15,NCBITaxonRank,,order,,,
ARMS_TZS_Angbat_20200608_20201117_MF100_ETOH_s1_r1:Otu15,fieldReplicateID,,no replicate,http://vocab.nerc.ac.uk/collection/P01/current/IDSPRE01,,
ARMS_TZS_Angbat_20200608_20201117_MF100_ETOH_s1_r1:Otu15,technicalReplicateID,,,http://vocab.nerc.ac.uk/collection/P01/current/IDTCRE01,,
ARMS_TZS_Angbat_20200608_20201117_MF100_ETOH_s1_r1:Otu17,submergedTime,day,162,http://vocab.nerc.ac.uk/collection/P01/current/AZDRZZ01/,https://vocab.nerc.ac.uk/collection/P06/current/UTAA/,
ARMS_TZS_Angbat_20200608_20201117_MF100_ETOH_s1_r1:Otu17,preservativeUsed,,EtOH,http://vocab.nerc.ac.uk/collection/Q01/current/Q0100004/,,https://pubchem.ncbi.nlm.nih.gov/compound/702
ARMS_TZS_Angbat_20200608_20201117_MF100_ETOH_s1_r1:Otu17,lowerLimitFilterSize,micrometer,100,http://vocab.nerc.ac.uk/collection/Q01/current/Q0100011/,https://vocab.nerc.ac.uk/collection/P06/current/UMIC/,
ARMS_TZS_Angbat_20200608_20201117_MF100_ETOH_s1_r1:Otu17,sampleAccessionNumber,,SAMEA10020989,,,
ARMS_TZS_Angbat_20200608_20201117_MF100_ETOH_s1_r1:Otu17,NCBIID,,6546,,,
ARMS_TZS_Angbat_20200608_20201117_MF100_ETOH_s1_r1:Otu17,NCBIScientificName,,Mytiloida,,,
ARMS_TZS_Angbat_20200608_20201117_MF100_ETOH_s1_r1:Otu17,NCBITaxonRank,,order,,,
ARMS_TZS_Angbat_20200608_20201117_MF100_ETOH_s1_r1:Otu17,fieldReplicateID,,no replicate,http://vocab.nerc.ac.uk/collection/P01/current/IDSPRE01,,
ARMS_TZS_Angbat_20200608_20201117_MF100_ETOH_s1_r1:Otu17,technicalReplicateID,,,http://vocab.nerc.ac.uk/collection/P01/current/IDTCRE01,,
ARMS_TZS_Angbat_20200608_20201117_MF100_ETOH_s1_r1:Otu18,submergedTime,day,162,http://vocab.nerc.ac.uk/collection/P01/current/AZDRZZ01/,https://vocab.nerc.ac.uk/collection/P06/current/UTAA/,
ARMS_TZS_Angbat_20200608_20201117_MF100_ETOH_s1_r1:Otu18,preservativeUsed,,EtOH,http://vocab.nerc.ac.uk/collection/Q01/current/Q0100004/,,https://pubchem.ncbi.nlm.nih.gov/compound/702
ARMS_TZS_Angbat_20200608_20201117_MF100_ETOH_s1_r1:Otu18,lowerLimitFilterSize,micrometer,100,http://vocab.nerc.ac.uk/collection/Q01/current/Q0100011/,https://vocab.nerc.ac.uk/collection/P06/current/UMIC/,
ARMS_TZS_Angbat_20200608_20201117_MF100_ETOH_s1_r1:Otu18,sampleAccessionNumber,,SAMEA10020989,,,
ARMS_TZS_Angbat_20200608_20201117_MF100_ETOH_s1_r1:Otu18,NCBIID,,6340,,,
ARMS_TZS_Angbat_20200608_20201117_MF100_ETOH_s1_r1:Otu18,NCBIScientificName,,Annelida,,,
ARMS_TZS_Angbat_20200608_20201117_MF100_ETOH_s1_r1:Otu18,NCBITaxonRank,,phylum,,,
ARMS_TZS_Angbat_20200608_20201117_MF100_ETOH_s1_r1:Otu18,fieldReplicateID,,no replicate,http://vocab.nerc.ac.uk/collection/P01/current/IDSPRE01,,
ARMS_TZS_Angbat_20200608_20201117_MF100_ETOH_s1_r1:Otu18,technicalReplicateID,,,http://vocab.nerc.ac.uk/collection/P01/current/IDTCRE01,,
ARMS_TZS_Angbat_20200608_20201117_MF100_ETOH_s1_r1:Otu19,submergedTime,day,162,http://vocab.nerc.ac.uk/collection/P01/current/AZDRZZ01/,https://vocab.nerc.ac.uk/collection/P06/current/UTAA/,
ARMS_TZS_Angbat_20200608_20201117_MF100_ETOH_s1_r1:Otu19,preservativeUsed,,EtOH,http://vocab.nerc.ac.uk/collection/Q01/current/Q0100004/,,https://pubchem.ncbi.nlm.nih.gov/compound/702
ARMS_TZS_Angbat_20200608_20201117_MF100_ETOH_s1_r1:Otu19,lowerLimitFilterSize,micrometer,100,http://vocab.nerc.ac.uk/collection/Q01/current/Q0100011/,https://vocab.nerc.ac.uk/collection/P06/current/UMIC/,
ARMS_TZS_Angbat_20200608_20201117_MF100_ETOH_s1_r1:Otu19,sampleAccessionNumber,,SAMEA10020989,,,
ARMS_TZS_Angbat_20200608_20201117_MF100_ETOH_s1_r1:Otu19,NCBIID,,71176,,,
ARMS_TZS_Angbat_20200608_20201117_MF100_ETOH_s1_r1:Otu19,NCBIScientificName,,Chelyosoma,,,
ARMS_TZS_Angbat_20200608_20201117_MF100_ETOH_s1_r1:Otu19,NCBITaxonRank,,genus,,,
ARMS_TZS_Angbat_20200608_20201117_MF100_ETOH_s1_r1:Otu19,fieldReplicateID,,no replicate,http://vocab.nerc.ac.uk/collection/P01/current/IDSPRE01,,
ARMS_TZS_Angbat_20200608_20201117_MF100_ETOH_s1_r1:Otu19,technicalReplicateID,,,http://vocab.nerc.ac.uk/collection/P01/current/IDTCRE01,,
ARMS_TZS_Angbat_20200608_20201117_MF100_ETOH_s1_r1:Otu181,submergedTime,day,162,http://vocab.nerc.ac.uk/collection/P01/current/AZDRZZ01/,https://vocab.nerc.ac.uk/collection/P06/current/UTAA/,
ARMS_TZS_Angbat_20200608_20201117_MF100_ETOH_s1_r1:Otu181,preservativeUsed,,EtOH,http://vocab.nerc.ac.uk/collection/Q01/current/Q0100004/,,https://pubchem.ncbi.nlm.nih.gov/compound/702
ARMS_TZS_Angbat_20200608_20201117_MF100_ETOH_s1_r1:Otu181,lowerLimitFilterSize,micrometer,100,http://vocab.nerc.ac.uk/collection/Q01/current/Q0100011/,https://vocab.nerc.ac.uk/collection/P06/current/UMIC/,
ARMS_TZS_Angbat_20200608_20201117_MF100_ETOH_s1_r1:Otu181,sampleAccessionNumber,,SAMEA10020989,,,
ARMS_TZS_Angbat_20200608_20201117_MF100_ETOH_s1_r1:Otu181,NCBIID,,938102,,,
ARMS_TZS_Angbat_20200608_20201117_MF100_ETOH_s1_r1:Otu181,NCBIScientificName,,Cyclopina,,,
ARMS_TZS_Angbat_20200608_20201117_MF100_ETOH_s1_r1:Otu181,NCBITaxonRank,,genus,,,
ARMS_TZS_Angbat_20200608_20201117_MF100_ETOH_s1_r1:Otu181,fieldReplicateID,,no replicate,http://vocab.nerc.ac.uk/collection/P01/current/IDSPRE01,,
ARMS_TZS_Angbat_20200608_20201117_MF100_ETOH_s1_r1:Otu181,technicalReplicateID,,,http://vocab.nerc.ac.uk/collection/P01/current/IDTCRE01,,
ARMS_TZS_Angbat_20200608_20201117_MF500_ETOH_s1_r1:Otu416,submergedTime,day,162,http://vocab.nerc.ac.uk/collection/P01/current/AZDRZZ01/,https://vocab.nerc.ac.uk/collection/P06/current/UTAA/,
ARMS_TZS_Angbat_20200608_20201117_MF500_ETOH_s1_r1:Otu416,preservativeUsed,,EtOH,http://vocab.nerc.ac.uk/collection/Q01/current/Q0100004/,,https://pubchem.ncbi.nlm.nih.gov/compound/702
ARMS_TZS_Angbat_20200608_20201117_MF500_ETOH_s1_r1:Otu416,lowerLimitFilterSize,micrometer,500,http://vocab.nerc.ac.uk/collection/Q01/current/Q0100011/,https://vocab.nerc.ac.uk/collection/P06/current/UMIC/,
ARMS_TZS_Angbat_20200608_20201117_MF500_ETOH_s1_r1:Otu416,sampleAccessionNumber,,SAMEA10020992,,,
ARMS_TZS_Angbat_20200608_20201117_MF500_ETOH_s1_r1:Otu416,NCBIID,,5794,,,
ARMS_TZS_Angbat_20200608_20201117_MF500_ETOH_s1_r1:Otu416,NCBIScientificName,,Apicomplexa,,,
ARMS_TZS_Angbat_20200608_20201117_MF500_ETOH_s1_r1:Otu416,NCBITaxonRank,,phylum,,,
ARMS_TZS_Angbat_20200608_20201117_MF500_ETOH_s1_r1:Otu416,fieldReplicateID,,no replicate,http://vocab.nerc.ac.uk/collection/P01/current/IDSPRE01,,
ARMS_TZS_Angbat_20200608_20201117_MF500_ETOH_s1_r1:Otu416,technicalReplicateID,,,http://vocab.nerc.ac.uk/collection/P01/current/IDTCRE01,,
ARMS_TZS_Angbat_20200608_20201117_MF500_ETOH_s1_r1:Otu359,submergedTime,day,162,http://vocab.nerc.ac.uk/collection/P01/current/AZDRZZ01/,https://vocab.nerc.ac.uk/collection/P06/current/UTAA/,
ARMS_TZS_Angbat_20200608_20201117_MF500_ETOH_s1_r1:Otu359,preservativeUsed,,EtOH,http://vocab.nerc.ac.uk/collection/Q01/current/Q0100004/,,https://pubchem.ncbi.nlm.nih.gov/compound/702
ARMS_TZS_Angbat_20200608_20201117_MF500_ETOH_s1_r1:Otu359,lowerLimitFilterSize,micrometer,500,http://vocab.nerc.ac.uk/collection/Q01/current/Q0100011/,https://vocab.nerc.ac.uk/collection/P06/current/UMIC/,
ARMS_TZS_Angbat_20200608_20201117_MF500_ETOH_s1_r1:Otu359,sampleAccessionNumber,,SAMEA10020992,,,
ARMS_TZS_Angbat_20200608_20201117_MF500_ETOH_s1_r1:Otu359,NCBIID,,173462,,,
ARMS_TZS_Angbat_20200608_20201117_MF500_ETOH_s1_r1:Otu359,NCBIScientificName,,Pterothamnion_plumula,,,
ARMS_TZS_Angbat_20200608_20201117_MF500_ETOH_s1_r1:Otu359,NCBITaxonRank,,species,,,
ARMS_TZS_Angbat_20200608_20201117_MF500_ETOH_s1_r1:Otu359,fieldReplicateID,,no replicate,http://vocab.nerc.ac.uk/collection/P01/current/IDSPRE01,,
ARMS_TZS_Angbat_20200608_20201117_MF500_ETOH_s1_r1:Otu359,technicalReplicateID,,,http://vocab.nerc.ac.uk/collection/P01/current/IDTCRE01,,
ARMS_TZS_Angbat_20200608_20201117_MF500_ETOH_s1_r1:Otu428,submergedTime,day,162,http://vocab.nerc.ac.uk/collection/P01/current/AZDRZZ01/,https://vocab.nerc.ac.uk/collection/P06/current/UTAA/,
ARMS_TZS_Angbat_20200608_20201117_MF500_ETOH_s1_r1:Otu428,preservativeUsed,,EtOH,http://vocab.nerc.ac.uk/collection/Q01/current/Q0100004/,,https://pubchem.ncbi.nlm.nih.gov/compound/702
ARMS_TZS_Angbat_20200608_20201117_MF500_ETOH_s1_r1:Otu428,lowerLimitFilterSize,micrometer,500,http://vocab.nerc.ac.uk/collection/Q01/current/Q0100011/,https://vocab.nerc.ac.uk/collection/P06/current/UMIC/,
ARMS_TZS_Angbat_20200608_20201117_MF500_ETOH_s1_r1:Otu428,sampleAccessionNumber,,SAMEA10020992,,,
ARMS_TZS_Angbat_20200608_20201117_MF500_ETOH_s1_r1:Otu428,NCBIID,,6340,,,
ARMS_TZS_Angbat_20200608_20201117_MF500_ETOH_s1_r1:Otu428,NCBIScientificName,,Annelida,,,
ARMS_TZS_Angbat_20200608_20201117_MF500_ETOH_s1_r1:Otu428,NCBITaxonRank,,phylum,,,
ARMS_TZS_Angbat_20200608_20201117_MF500_ETOH_s1_r1:Otu428,fieldReplicateID,,no replicate,http://vocab.nerc.ac.uk/collection/P01/current/IDSPRE01,,
ARMS_TZS_Angbat_20200608_20201117_MF500_ETOH_s1_r1:Otu428,technicalReplicateID,,,http://vocab.nerc.ac.uk/collection/P01/current/IDTCRE01,,
ARMS_TZS_Angbat_20200608_20201117_MF500_ETOH_s1_r1:Otu65,submergedTime,day,162,http://vocab.nerc.ac.uk/collection/P01/current/AZDRZZ01/,https://vocab.nerc.ac.uk/collection/P06/current/UTAA/,
ARMS_TZS_Angbat_20200608_20201117_MF500_ETOH_s1_r1:Otu65,preservativeUsed,,EtOH,http://vocab.nerc.ac.uk/collection/Q01/current/Q0100004/,,https://pubchem.ncbi.nlm.nih.gov/compound/702
ARMS_TZS_Angbat_20200608_20201117_MF500_ETOH_s1_r1:Otu65,lowerLimitFilterSize,micrometer,500,http://vocab.nerc.ac.uk/collection/Q01/current/Q0100011/,https://vocab.nerc.ac.uk/collection/P06/current/UMIC/,
ARMS_TZS_Angbat_20200608_20201117_MF500_ETOH_s1_r1:Otu65,sampleAccessionNumber,,SAMEA10020992,,,
ARMS_TZS_Angbat_20200608_20201117_MF500_ETOH_s1_r1:Otu65,NCBIID,,6657,,,
ARMS_TZS_Angbat_20200608_20201117_MF500_ETOH_s1_r1:Otu65,NCBIScientificName,,Crustacea,,,
ARMS_TZS_Angbat_20200608_20201117_MF500_ETOH_s1_r1:Otu65,NCBITaxonRank,,subphylum,,,
ARMS_TZS_Angbat_20200608_20201117_MF500_ETOH_s1_r1:Otu65,fieldReplicateID,,no replicate,http://vocab.nerc.ac.uk/collection/P01/current/IDSPRE01,,
ARMS_TZS_Angbat_20200608_20201117_MF500_ETOH_s1_r1:Otu65,technicalReplicateID,,,http://vocab.nerc.ac.uk/collection/P01/current/IDTCRE01,,
ARMS_TZS_Angbat_20200608_20201117_MF500_ETOH_s1_r1:Otu67,submergedTime,day,162,http://vocab.nerc.ac.uk/collection/P01/current/AZDRZZ01/,https://vocab.nerc.ac.uk/collection/P06/current/UTAA/,
ARMS_TZS_Angbat_20200608_20201117_MF500_ETOH_s1_r1:Otu67,preservativeUsed,,EtOH,http://vocab.nerc.ac.uk/collection/Q01/current/Q0100004/,,https://pubchem.ncbi.nlm.nih.gov/compound/702
ARMS_TZS_Angbat_20200608_20201117_MF500_ETOH_s1_r1:Otu67,lowerLimitFilterSize,micrometer,500,http://vocab.nerc.ac.uk/collection/Q01/current/Q0100011/,https://vocab.nerc.ac.uk/collection/P06/current/UMIC/,
ARMS_TZS_Angbat_20200608_20201117_MF500_ETOH_s1_r1:Otu67,sampleAccessionNumber,,SAMEA10020992,,,
ARMS_TZS_Angbat_20200608_20201117_MF500_ETOH_s1_r1:Otu67,NCBIID,,5794,,,
ARMS_TZS_Angbat_20200608_20201117_MF500_ETOH_s1_r1:Otu67,NCBIScientificName,,Apicomplexa,,,
ARMS_TZS_Angbat_20200608_20201117_MF500_ETOH_s1_r1:Otu67,NCBITaxonRank,,phylum,,,
ARMS_TZS_Angbat_20200608_20201117_MF500_ETOH_s1_r1:Otu67,fieldReplicateID,,no replicate,http://vocab.nerc.ac.uk/collection/P01/current/IDSPRE01,,
ARMS_TZS_Angbat_20200608_20201117_MF500_ETOH_s1_r1:Otu67,technicalReplicateID,,,http://vocab.nerc.ac.uk/collection/P01/current/IDTCRE01,,
ARMS_TZS_Angbat_20200608_20201117_MF500_ETOH_s1_r1:Otu307,submergedTime,day,162,http://vocab.nerc.ac.uk/collection/P01/current/AZDRZZ01/,https://vocab.nerc.ac.uk/collection/P06/current/UTAA/,
ARMS_TZS_Angbat_20200608_20201117_MF500_ETOH_s1_r1:Otu307,preservativeUsed,,EtOH,http://vocab.nerc.ac.uk/collection/Q01/current/Q0100004/,,https://pubchem.ncbi.nlm.nih.gov/compound/702
ARMS_TZS_Angbat_20200608_20201117_MF500_ETOH_s1_r1:Otu307,lowerLimitFilterSize,micrometer,500,http://vocab.nerc.ac.uk/collection/Q01/current/Q0100011/,https://vocab.nerc.ac.uk/collection/P06/current/UMIC/,
ARMS_TZS_Angbat_20200608_20201117_MF500_ETOH_s1_r1:Otu307,sampleAccessionNumber,,SAMEA10020992,,,
ARMS_TZS_Angbat_20200608_20201117_MF500_ETOH_s1_r1:Otu307,NCBIID,,2759,,,
ARMS_TZS_Angbat_20200608_20201117_MF500_ETOH_s1_r1:Otu307,NCBIScientificName,,Eukaryota,,,
ARMS_TZS_Angbat_20200608_20201117_MF500_ETOH_s1_r1:Otu307,NCBITaxonRank,,domain,,,
ARMS_TZS_Angbat_20200608_20201117_MF500_ETOH_s1_r1:Otu307,fieldReplicateID,,no replicate,http://vocab.nerc.ac.uk/collection/P01/current/IDSPRE01,,
ARMS_TZS_Angbat_20200608_20201117_MF500_ETOH_s1_r1:Otu307,technicalReplicateID,,,http://vocab.nerc.ac.uk/collection/P01/current/IDTCRE01,,
ARMS_TZS_Angbat_20200608_20201117_MF500_ETOH_s1_r1:Otu306,submergedTime,day,162,http://vocab.nerc.ac.uk/collection/P01/current/AZDRZZ01/,https://vocab.nerc.ac.uk/collection/P06/current/UTAA/,
ARMS_TZS_Angbat_20200608_20201117_MF500_ETOH_s1_r1:Otu306,preservativeUsed,,EtOH,http://vocab.nerc.ac.uk/collection/Q01/current/Q0100004/,,https://pubchem.ncbi.nlm.nih.gov/compound/702
ARMS_TZS_Angbat_20200608_20201117_MF500_ETOH_s1_r1:Otu306,lowerLimitFilterSize,micrometer,500,http://vocab.nerc.ac.uk/collection/Q01/current/Q0100011/,https://vocab.nerc.ac.uk/collection/P06/current/UMIC/,
ARMS_TZS_Angbat_20200608_20201117_MF500_ETOH_s1_r1:Otu306,sampleAccessionNumber,,SAMEA10020992,,,
ARMS_TZS_Angbat_20200608_20201117_MF500_ETOH_s1_r1:Otu306,NCBIID,,5636,,,
ARMS_TZS_Angbat_20200608_20201117_MF500_ETOH_s1_r1:Otu306,NCBIScientificName,,Panellus_stypticus,,,
ARMS_TZS_Angbat_20200608_20201117_MF500_ETOH_s1_r1:Otu306,NCBITaxonRank,,species,,,
ARMS_TZS_Angbat_20200608_20201117_MF500_ETOH_s1_r1:Otu306,fieldReplicateID,,no replicate,http://vocab.nerc.ac.uk/collection/P01/current/IDSPRE01,,
ARMS_TZS_Angbat_20200608_20201117_MF500_ETOH_s1_r1:Otu306,technicalReplicateID,,,http://vocab.nerc.ac.uk/collection/P01/current/IDTCRE01,,
ARMS_TZS_Angbat_20200608_20201117_MF500_ETOH_s1_r1:Otu265,submergedTime,day,162,http://vocab.nerc.ac.uk/collection/P01/current/AZDRZZ01/,https://vocab.nerc.ac.uk/collection/P06/current/UTAA/,
ARMS_TZS_Angbat_20200608_20201117_MF500_ETOH_s1_r1:Otu265,preservativeUsed,,EtOH,http://vocab.nerc.ac.uk/collection/Q01/current/Q0100004/,,https://pubchem.ncbi.nlm.nih.gov/compound/702
ARMS_TZS_Angbat_20200608_20201117_MF500_ETOH_s1_r1:Otu265,lowerLimitFilterSize,micrometer,500,http://vocab.nerc.ac.uk/collection/Q01/current/Q0100011/,https://vocab.nerc.ac.uk/collection/P06/current/UMIC/,
ARMS_TZS_Angbat_20200608_20201117_MF500_ETOH_s1_r1:Otu265,sampleAccessionNumber,,SAMEA10020992,,,
ARMS_TZS_Angbat_20200608_20201117_MF500_ETOH_s1_r1:Otu265,NCBIID,,2918835,,,
ARMS_TZS_Angbat_20200608_20201117_MF500_ETOH_s1_r1:Otu265,NCBIScientificName,,Clade-C,,,
ARMS_TZS_Angbat_20200608_20201117_MF500_ETOH_s1_r1:Otu265,NCBITaxonRank,,species,,,
ARMS_TZS_Angbat_20200608_20201117_MF500_ETOH_s1_r1:Otu265,fieldReplicateID,,no replicate,http://vocab.nerc.ac.uk/collection/P01/current/IDSPRE01,,
ARMS_TZS_Angbat_20200608_20201117_MF500_ETOH_s1_r1:Otu265,technicalReplicateID,,,http://vocab.nerc.ac.uk/collection/P01/current/IDTCRE01,,
ARMS_TZS_Angbat_20200608_20201117_MF500_ETOH_s1_r1:Otu111,submergedTime,day,162,http://vocab.nerc.ac.uk/collection/P01/current/AZDRZZ01/,https://vocab.nerc.ac.uk/collection/P06/current/UTAA/,
ARMS_TZS_Angbat_20200608_20201117_MF500_ETOH_s1_r1:Otu111,preservativeUsed,,EtOH,http://vocab.nerc.ac.uk/collection/Q01/current/Q0100004/,,https://pubchem.ncbi.nlm.nih.gov/compound/702
ARMS_TZS_Angbat_20200608_20201117_MF500_ETOH_s1_r1:Otu111,lowerLimitFilterSize,micrometer,500,http://vocab.nerc.ac.uk/collection/Q01/current/Q0100011/,https://vocab.nerc.ac.uk/collection/P06/current/UMIC/,
ARMS_TZS_Angbat_20200608_20201117_MF500_ETOH_s1_r1:Otu111,sampleAccessionNumber,,SAMEA10020992,,,
ARMS_TZS_Angbat_20200608_20201117_MF500_ETOH_s1_r1:Otu111,NCBIID,,35493,,,
ARMS_TZS_Angbat_20200608_20201117_MF500_ETOH_s1_r1:Otu111,NCBIScientificName,,Streptophyta,,,
ARMS_TZS_Angbat_20200608_20201117_MF500_ETOH_s1_r1:Otu111,NCBITaxonRank,,phylum,,,
ARMS_TZS_Angbat_20200608_20201117_MF500_ETOH_s1_r1:Otu111,fieldReplicateID,,no replicate,http://vocab.nerc.ac.uk/collection/P01/current/IDSPRE01,,
ARMS_TZS_Angbat_20200608_20201117_MF500_ETOH_s1_r1:Otu111,technicalReplicateID,,,http://vocab.nerc.ac.uk/collection/P01/current/IDTCRE01,,
ARMS_TZS_Angbat_20200608_20201117_MF500_ETOH_s1_r1:Otu83,submergedTime,day,162,http://vocab.nerc.ac.uk/collection/P01/current/AZDRZZ01/,https://vocab.nerc.ac.uk/collection/P06/current/UTAA/,
ARMS_TZS_Angbat_20200608_20201117_MF500_ETOH_s1_r1:Otu83,preservativeUsed,,EtOH,http://vocab.nerc.ac.uk/collection/Q01/current/Q0100004/,,https://pubchem.ncbi.nlm.nih.gov/compound/702
ARMS_TZS_Angbat_20200608_20201117_MF500_ETOH_s1_r1:Otu83,lowerLimitFilterSize,micrometer,500,http://vocab.nerc.ac.uk/collection/Q01/current/Q0100011/,https://vocab.nerc.ac.uk/collection/P06/current/UMIC/,
ARMS_TZS_Angbat_20200608_20201117_MF500_ETOH_s1_r1:Otu83,sampleAccessionNumber,,SAMEA10020992,,,
ARMS_TZS_Angbat_20200608_20201117_MF500_ETOH_s1_r1:Otu83,NCBIID,,6657,,,
ARMS_TZS_Angbat_20200608_20201117_MF500_ETOH_s1_r1:Otu83,NCBIScientificName,,Crustacea,,,
ARMS_TZS_Angbat_20200608_20201117_MF500_ETOH_s1_r1:Otu83,NCBITaxonRank,,subphylum,,,
ARMS_TZS_Angbat_20200608_20201117_MF500_ETOH_s1_r1:Otu83,fieldReplicateID,,no replicate,http://vocab.nerc.ac.uk/collection/P01/current/IDSPRE01,,
ARMS_TZS_Angbat_20200608_20201117_MF500_ETOH_s1_r1:Otu83,technicalReplicateID,,,http://vocab.nerc.ac.uk/collection/P01/current/IDTCRE01,,
ARMS_TZS_Angbat_20200608_20201117_MF500_ETOH_s1_r1:Otu87,submergedTime,day,162,http://vocab.nerc.ac.uk/collection/P01/current/AZDRZZ01/,https://vocab.nerc.ac.uk/collection/P06/current/UTAA/,
ARMS_TZS_Angbat_20200608_20201117_MF500_ETOH_s1_r1:Otu87,preservativeUsed,,EtOH,http://vocab.nerc.ac.uk/collection/Q01/current/Q0100004/,,https://pubchem.ncbi.nlm.nih.gov/compound/702
ARMS_TZS_Angbat_20200608_20201117_MF500_ETOH_s1_r1:Otu87,lowerLimitFilterSize,micrometer,500,http://vocab.nerc.ac.uk/collection/Q01/current/Q0100011/,https://vocab.nerc.ac.uk/collection/P06/current/UMIC/,
ARMS_TZS_Angbat_20200608_20201117_MF500_ETOH_s1_r1:Otu87,sampleAccessionNumber,,SAMEA10020992,,,
ARMS_TZS_Angbat_20200608_20201117_MF500_ETOH_s1_r1:Otu87,NCBIID,,452283,,,
ARMS_TZS_Angbat_20200608_20201117_MF500_ETOH_s1_r1:Otu87,NCBIScientificName,,Exobasidiomycetes,,,
ARMS_TZS_Angbat_20200608_20201117_MF500_ETOH_s1_r1:Otu87,NCBITaxonRank,,class,,,
ARMS_TZS_Angbat_20200608_20201117_MF500_ETOH_s1_r1:Otu87,fieldReplicateID,,no replicate,http://vocab.nerc.ac.uk/collection/P01/current/IDSPRE01,,
ARMS_TZS_Angbat_20200608_20201117_MF500_ETOH_s1_r1:Otu87,technicalReplicateID,,,http://vocab.nerc.ac.uk/collection/P01/current/IDTCRE01,,
ARMS_TZS_Angbat_20200608_20201117_MF500_ETOH_s1_r1:Otu426,submergedTime,day,162,http://vocab.nerc.ac.uk/collection/P01/current/AZDRZZ01/,https://vocab.nerc.ac.uk/collection/P06/current/UTAA/,
ARMS_TZS_Angbat_20200608_20201117_MF500_ETOH_s1_r1:Otu426,preservativeUsed,,EtOH,http://vocab.nerc.ac.uk/collection/Q01/current/Q0100004/,,https://pubchem.ncbi.nlm.nih.gov/compound/702
ARMS_TZS_Angbat_20200608_20201117_MF500_ETOH_s1_r1:Otu426,lowerLimitFilterSize,micrometer,500,http://vocab.nerc.ac.uk/collection/Q01/current/Q0100011/,https://vocab.nerc.ac.uk/collection/P06/current/UMIC/,
ARMS_TZS_Angbat_20200608_20201117_MF500_ETOH_s1_r1:Otu426,sampleAccessionNumber,,SAMEA10020992,,,
ARMS_TZS_Angbat_20200608_20201117_MF500_ETOH_s1_r1:Otu426,NCBIID,,6657,,,
ARMS_TZS_Angbat_20200608_20201117_MF500_ETOH_s1_r1:Otu426,NCBIScientificName,,Crustacea,,,
ARMS_TZS_Angbat_20200608_20201117_MF500_ETOH_s1_r1:Otu426,NCBITaxonRank,,subphylum,,,
ARMS_TZS_Angbat_20200608_20201117_MF500_ETOH_s1_r1:Otu426,fieldReplicateID,,no replicate,http://vocab.nerc.ac.uk/collection/P01/current/IDSPRE01,,
ARMS_TZS_Angbat_20200608_20201117_MF500_ETOH_s1_r1:Otu426,technicalReplicateID,,,http://vocab.nerc.ac.uk/collection/P01/current/IDTCRE01,,
ARMS_TZS_Angbat_20200608_20201117_MF500_ETOH_s1_r1:Otu427,submergedTime,day,162,http://vocab.nerc.ac.uk/collection/P01/current/AZDRZZ01/,https://vocab.nerc.ac.uk/collection/P06/current/UTAA/,
ARMS_TZS_Angbat_20200608_20201117_MF500_ETOH_s1_r1:Otu427,preservativeUsed,,EtOH,http://vocab.nerc.ac.uk/collection/Q01/current/Q0100004/,,https://pubchem.ncbi.nlm.nih.gov/compound/702
ARMS_TZS_Angbat_20200608_20201117_MF500_ETOH_s1_r1:Otu427,lowerLimitFilterSize,micrometer,500,http://vocab.nerc.ac.uk/collection/Q01/current/Q0100011/,https://vocab.nerc.ac.uk/collection/P06/current/UMIC/,
ARMS_TZS_Angbat_20200608_20201117_MF500_ETOH_s1_r1:Otu427,sampleAccessionNumber,,SAMEA10020992,,,
ARMS_TZS_Angbat_20200608_20201117_MF500_ETOH_s1_r1:Otu427,NCBIID,,947094,,,
ARMS_TZS_Angbat_20200608_20201117_MF500_ETOH_s1_r1:Otu427,NCBIScientificName,,Porosporidae,,,
ARMS_TZS_Angbat_20200608_20201117_MF500_ETOH_s1_r1:Otu427,NCBITaxonRank,,family,,,
ARMS_TZS_Angbat_20200608_20201117_MF500_ETOH_s1_r1:Otu427,fieldReplicateID,,no replicate,http://vocab.nerc.ac.uk/collection/P01/current/IDSPRE01,,
ARMS_TZS_Angbat_20200608_20201117_MF500_ETOH_s1_r1:Otu427,technicalReplicateID,,,http://vocab.nerc.ac.uk/collection/P01/current/IDTCRE01,,
ARMS_TZS_Angbat_20200608_20201117_MF500_ETOH_s1_r1:Otu424,submergedTime,day,162,http://vocab.nerc.ac.uk/collection/P01/current/AZDRZZ01/,https://vocab.nerc.ac.uk/collection/P06/current/UTAA/,
ARMS_TZS_Angbat_20200608_20201117_MF500_ETOH_s1_r1:Otu424,preservativeUsed,,EtOH,http://vocab.nerc.ac.uk/collection/Q01/current/Q0100004/,,https://pubchem.ncbi.nlm.nih.gov/compound/702
ARMS_TZS_Angbat_20200608_20201117_MF500_ETOH_s1_r1:Otu424,lowerLimitFilterSize,micrometer,500,http://vocab.nerc.ac.uk/collection/Q01/current/Q0100011/,https://vocab.nerc.ac.uk/collection/P06/current/UMIC/,
ARMS_TZS_Angbat_20200608_20201117_MF500_ETOH_s1_r1:Otu424,sampleAccessionNumber,,SAMEA10020992,,,
ARMS_TZS_Angbat_20200608_20201117_MF500_ETOH_s1_r1:Otu424,NCBIID,,2779610,,,
ARMS_TZS_Angbat_20200608_20201117_MF500_ETOH_s1_r1:Otu424,NCBIScientificName,,Phagomyxida,,,
ARMS_TZS_Angbat_20200608_20201117_MF500_ETOH_s1_r1:Otu424,NCBITaxonRank,,order,,,
ARMS_TZS_Angbat_20200608_20201117_MF500_ETOH_s1_r1:Otu424,fieldReplicateID,,no replicate,http://vocab.nerc.ac.uk/collection/P01/current/IDSPRE01,,
ARMS_TZS_Angbat_20200608_20201117_MF500_ETOH_s1_r1:Otu424,technicalReplicateID,,,http://vocab.nerc.ac.uk/collection/P01/current/IDTCRE01,,
ARMS_TZS_Angbat_20200608_20201117_MF500_ETOH_s1_r1:Otu425,submergedTime,day,162,http://vocab.nerc.ac.uk/collection/P01/current/AZDRZZ01/,https://vocab.nerc.ac.uk/collection/P06/current/UTAA/,
ARMS_TZS_Angbat_20200608_20201117_MF500_ETOH_s1_r1:Otu425,preservativeUsed,,EtOH,http://vocab.nerc.ac.uk/collection/Q01/current/Q0100004/,,https://pubchem.ncbi.nlm.nih.gov/compound/702
ARMS_TZS_Angbat_20200608_20201117_MF500_ETOH_s1_r1:Otu425,lowerLimitFilterSize,micrometer,500,http://vocab.nerc.ac.uk/collection/Q01/current/Q0100011/,https://vocab.nerc.ac.uk/collection/P06/current/UMIC/,
ARMS_TZS_Angbat_20200608_20201117_MF500_ETOH_s1_r1:Otu425,sampleAccessionNumber,,SAMEA10020992,,,
ARMS_TZS_Angbat_20200608_20201117_MF500_ETOH_s1_r1:Otu425,NCBIID,,6340,,,
ARMS_TZS_Angbat_20200608_20201117_MF500_ETOH_s1_r1:Otu425,NCBIScientificName,,Annelida,,,
ARMS_TZS_Angbat_20200608_20201117_MF500_ETOH_s1_r1:Otu425,NCBITaxonRank,,phylum,,,
ARMS_TZS_Angbat_20200608_20201117_MF500_ETOH_s1_r1:Otu425,fieldReplicateID,,no replicate,http://vocab.nerc.ac.uk/collection/P01/current/IDSPRE01,,
ARMS_TZS_Angbat_20200608_20201117_MF500_ETOH_s1_r1:Otu425,technicalReplicateID,,,http://vocab.nerc.ac.uk/collection/P01/current/IDTCRE01,,
ARMS_TZS_Angbat_20200608_20201117_MF500_ETOH_s1_r1:Otu151,submergedTime,day,162,http://vocab.nerc.ac.uk/collection/P01/current/AZDRZZ01/,https://vocab.nerc.ac.uk/collection/P06/current/UTAA/,
ARMS_TZS_Angbat_20200608_20201117_MF500_ETOH_s1_r1:Otu151,preservativeUsed,,EtOH,http://vocab.nerc.ac.uk/collection/Q01/current/Q0100004/,,https://pubchem.ncbi.nlm.nih.gov/compound/702
ARMS_TZS_Angbat_20200608_20201117_MF500_ETOH_s1_r1:Otu151,lowerLimitFilterSize,micrometer,500,http://vocab.nerc.ac.uk/collection/Q01/current/Q0100011/,https://vocab.nerc.ac.uk/collection/P06/current/UMIC/,
ARMS_TZS_Angbat_20200608_20201117_MF500_ETOH_s1_r1:Otu151,sampleAccessionNumber,,SAMEA10020992,,,
ARMS_TZS_Angbat_20200608_20201117_MF500_ETOH_s1_r1:Otu151,NCBIID,,6657,,,
ARMS_TZS_Angbat_20200608_20201117_MF500_ETOH_s1_r1:Otu151,NCBIScientificName,,Crustacea,,,
ARMS_TZS_Angbat_20200608_20201117_MF500_ETOH_s1_r1:Otu151,NCBITaxonRank,,subphylum,,,
ARMS_TZS_Angbat_20200608_20201117_MF500_ETOH_s1_r1:Otu151,fieldReplicateID,,no replicate,http://vocab.nerc.ac.uk/collection/P01/current/IDSPRE01,,
ARMS_TZS_Angbat_20200608_20201117_MF500_ETOH_s1_r1:Otu151,technicalReplicateID,,,http://vocab.nerc.ac.uk/collection/P01/current/IDTCRE01,,
ARMS_TZS_Angbat_20200608_20201117_MF500_ETOH_s1_r1:Otu9,submergedTime,day,162,http://vocab.nerc.ac.uk/collection/P01/current/AZDRZZ01/,https://vocab.nerc.ac.uk/collection/P06/current/UTAA/,
ARMS_TZS_Angbat_20200608_20201117_MF500_ETOH_s1_r1:Otu9,preservativeUsed,,EtOH,http://vocab.nerc.ac.uk/collection/Q01/current/Q0100004/,,https://pubchem.ncbi.nlm.nih.gov/compound/702
ARMS_TZS_Angbat_20200608_20201117_MF500_ETOH_s1_r1:Otu9,lowerLimitFilterSize,micrometer,500,http://vocab.nerc.ac.uk/collection/Q01/current/Q0100011/,https://vocab.nerc.ac.uk/collection/P06/current/UMIC/,
ARMS_TZS_Angbat_20200608_20201117_MF500_ETOH_s1_r1:Otu9,sampleAccessionNumber,,SAMEA10020992,,,
ARMS_TZS_Angbat_20200608_20201117_MF500_ETOH_s1_r1:Otu9,NCBIID,,6101,,,
ARMS_TZS_Angbat_20200608_20201117_MF500_ETOH_s1_r1:Otu9,NCBIScientificName,,Anthozoa,,,
ARMS_TZS_Angbat_20200608_20201117_MF500_ETOH_s1_r1:Otu9,NCBITaxonRank,,class,,,
ARMS_TZS_Angbat_20200608_20201117_MF500_ETOH_s1_r1:Otu9,fieldReplicateID,,no replicate,http://vocab.nerc.ac.uk/collection/P01/current/IDSPRE01,,
ARMS_TZS_Angbat_20200608_20201117_MF500_ETOH_s1_r1:Otu9,technicalReplicateID,,,http://vocab.nerc.ac.uk/collection/P01/current/IDTCRE01,,
ARMS_TZS_Angbat_20200608_20201117_MF500_ETOH_s1_r1:Otu5,submergedTime,day,162,http://vocab.nerc.ac.uk/collection/P01/current/AZDRZZ01/,https://vocab.nerc.ac.uk/collection/P06/current/UTAA/,
ARMS_TZS_Angbat_20200608_20201117_MF500_ETOH_s1_r1:Otu5,preservativeUsed,,EtOH,http://vocab.nerc.ac.uk/collection/Q01/current/Q0100004/,,https://pubchem.ncbi.nlm.nih.gov/compound/702
ARMS_TZS_Angbat_20200608_20201117_MF500_ETOH_s1_r1:Otu5,lowerLimitFilterSize,micrometer,500,http://vocab.nerc.ac.uk/collection/Q01/current/Q0100011/,https://vocab.nerc.ac.uk/collection/P06/current/UMIC/,
ARMS_TZS_Angbat_20200608_20201117_MF500_ETOH_s1_r1:Otu5,sampleAccessionNumber,,SAMEA10020992,,,
ARMS_TZS_Angbat_20200608_20201117_MF500_ETOH_s1_r1:Otu5,NCBIID,,32443,,,
ARMS_TZS_Angbat_20200608_20201117_MF500_ETOH_s1_r1:Otu5,NCBIScientificName,,Teleostei,,,
ARMS_TZS_Angbat_20200608_20201117_MF500_ETOH_s1_r1:Otu5,NCBITaxonRank,,infraclass,,,
ARMS_TZS_Angbat_20200608_20201117_MF500_ETOH_s1_r1:Otu5,fieldReplicateID,,no replicate,http://vocab.nerc.ac.uk/collection/P01/current/IDSPRE01,,
ARMS_TZS_Angbat_20200608_20201117_MF500_ETOH_s1_r1:Otu5,technicalReplicateID,,,http://vocab.nerc.ac.uk/collection/P01/current/IDTCRE01,,
ARMS_TZS_Angbat_20200608_20201117_MF500_ETOH_s1_r1:Otu2,submergedTime,day,162,http://vocab.nerc.ac.uk/collection/P01/current/AZDRZZ01/,https://vocab.nerc.ac.uk/collection/P06/current/UTAA/,
ARMS_TZS_Angbat_20200608_20201117_MF500_ETOH_s1_r1:Otu2,preservativeUsed,,EtOH,http://vocab.nerc.ac.uk/collection/Q01/current/Q0100004/,,https://pubchem.ncbi.nlm.nih.gov/compound/702
ARMS_TZS_Angbat_20200608_20201117_MF500_ETOH_s1_r1:Otu2,lowerLimitFilterSize,micrometer,500,http://vocab.nerc.ac.uk/collection/Q01/current/Q0100011/,https://vocab.nerc.ac.uk/collection/P06/current/UMIC/,
ARMS_TZS_Angbat_20200608_20201117_MF500_ETOH_s1_r1:Otu2,sampleAccessionNumber,,SAMEA10020992,,,
ARMS_TZS_Angbat_20200608_20201117_MF500_ETOH_s1_r1:Otu2,NCBIID,,7713,,,
ARMS_TZS_Angbat_20200608_20201117_MF500_ETOH_s1_r1:Otu2,NCBIScientificName,,Ascidiacea,,,
ARMS_TZS_Angbat_20200608_20201117_MF500_ETOH_s1_r1:Otu2,NCBITaxonRank,,class,,,
ARMS_TZS_Angbat_20200608_20201117_MF500_ETOH_s1_r1:Otu2,fieldReplicateID,,no replicate,http://vocab.nerc.ac.uk/collection/P01/current/IDSPRE01,,
ARMS_TZS_Angbat_20200608_20201117_MF500_ETOH_s1_r1:Otu2,technicalReplicateID,,,http://vocab.nerc.ac.uk/collection/P01/current/IDTCRE01,,
ARMS_TZS_Angbat_20200608_20201117_MF500_ETOH_s1_r1:Otu209,submergedTime,day,162,http://vocab.nerc.ac.uk/collection/P01/current/AZDRZZ01/,https://vocab.nerc.ac.uk/collection/P06/current/UTAA/,
ARMS_TZS_Angbat_20200608_20201117_MF500_ETOH_s1_r1:Otu209,preservativeUsed,,EtOH,http://vocab.nerc.ac.uk/collection/Q01/current/Q0100004/,,https://pubchem.ncbi.nlm.nih.gov/compound/702
ARMS_TZS_Angbat_20200608_20201117_MF500_ETOH_s1_r1:Otu209,lowerLimitFilterSize,micrometer,500,http://vocab.nerc.ac.uk/collection/Q01/current/Q0100011/,https://vocab.nerc.ac.uk/collection/P06/current/UMIC/,
ARMS_TZS_Angbat_20200608_20201117_MF500_ETOH_s1_r1:Otu209,sampleAccessionNumber,,SAMEA10020992,,,
ARMS_TZS_Angbat_20200608_20201117_MF500_ETOH_s1_r1:Otu209,NCBIID,,6657,,,
ARMS_TZS_Angbat_20200608_20201117_MF500_ETOH_s1_r1:Otu209,NCBIScientificName,,Crustacea,,,
ARMS_TZS_Angbat_20200608_20201117_MF500_ETOH_s1_r1:Otu209,NCBITaxonRank,,subphylum,,,
ARMS_TZS_Angbat_20200608_20201117_MF500_ETOH_s1_r1:Otu209,fieldReplicateID,,no replicate,http://vocab.nerc.ac.uk/collection/P01/current/IDSPRE01,,
ARMS_TZS_Angbat_20200608_20201117_MF500_ETOH_s1_r1:Otu209,technicalReplicateID,,,http://vocab.nerc.ac.uk/collection/P01/current/IDTCRE01,,
ARMS_TZS_Angbat_20200608_20201117_MF500_ETOH_s1_r1:Otu204,submergedTime,day,162,http://vocab.nerc.ac.uk/collection/P01/current/AZDRZZ01/,https://vocab.nerc.ac.uk/collection/P06/current/UTAA/,
ARMS_TZS_Angbat_20200608_20201117_MF500_ETOH_s1_r1:Otu204,preservativeUsed,,EtOH,http://vocab.nerc.ac.uk/collection/Q01/current/Q0100004/,,https://pubchem.ncbi.nlm.nih.gov/compound/702
ARMS_TZS_Angbat_20200608_20201117_MF500_ETOH_s1_r1:Otu204,lowerLimitFilterSize,micrometer,500,http://vocab.nerc.ac.uk/collection/Q01/current/Q0100011/,https://vocab.nerc.ac.uk/collection/P06/current/UMIC/,
ARMS_TZS_Angbat_20200608_20201117_MF500_ETOH_s1_r1:Otu204,sampleAccessionNumber,,SAMEA10020992,,,
ARMS_TZS_Angbat_20200608_20201117_MF500_ETOH_s1_r1:Otu204,NCBIID,,2759,,,
ARMS_TZS_Angbat_20200608_20201117_MF500_ETOH_s1_r1:Otu204,NCBIScientificName,,Eukaryota,,,
ARMS_TZS_Angbat_20200608_20201117_MF500_ETOH_s1_r1:Otu204,NCBITaxonRank,,domain,,,
ARMS_TZS_Angbat_20200608_20201117_MF500_ETOH_s1_r1:Otu204,fieldReplicateID,,no replicate,http://vocab.nerc.ac.uk/collection/P01/current/IDSPRE01,,
ARMS_TZS_Angbat_20200608_20201117_MF500_ETOH_s1_r1:Otu204,technicalReplicateID,,,http://vocab.nerc.ac.uk/collection/P01/current/IDTCRE01,,
ARMS_TZS_Angbat_20200608_20201117_MF500_ETOH_s1_r1:Otu375,submergedTime,day,162,http://vocab.nerc.ac.uk/collection/P01/current/AZDRZZ01/,https://vocab.nerc.ac.uk/collection/P06/current/UTAA/,
ARMS_TZS_Angbat_20200608_20201117_MF500_ETOH_s1_r1:Otu375,preservativeUsed,,EtOH,http://vocab.nerc.ac.uk/collection/Q01/current/Q0100004/,,https://pubchem.ncbi.nlm.nih.gov/compound/702
ARMS_TZS_Angbat_20200608_20201117_MF500_ETOH_s1_r1:Otu375,lowerLimitFilterSize,micrometer,500,http://vocab.nerc.ac.uk/collection/Q01/current/Q0100011/,https://vocab.nerc.ac.uk/collection/P06/current/UMIC/,
ARMS_TZS_Angbat_20200608_20201117_MF500_ETOH_s1_r1:Otu375,sampleAccessionNumber,,SAMEA10020992,,,
ARMS_TZS_Angbat_20200608_20201117_MF500_ETOH_s1_r1:Otu375,NCBIID,,298443,,,
ARMS_TZS_Angbat_20200608_20201117_MF500_ETOH_s1_r1:Otu375,NCBIScientificName,,Pseudanthessius,,,
ARMS_TZS_Angbat_20200608_20201117_MF500_ETOH_s1_r1:Otu375,NCBITaxonRank,,genus,,,
ARMS_TZS_Angbat_20200608_20201117_MF500_ETOH_s1_r1:Otu375,fieldReplicateID,,no replicate,http://vocab.nerc.ac.uk/collection/P01/current/IDSPRE01,,
ARMS_TZS_Angbat_20200608_20201117_MF500_ETOH_s1_r1:Otu375,technicalReplicateID,,,http://vocab.nerc.ac.uk/collection/P01/current/IDTCRE01,,
ARMS_TZS_Angbat_20200608_20201117_MF500_ETOH_s1_r1:Otu268,submergedTime,day,162,http://vocab.nerc.ac.uk/collection/P01/current/AZDRZZ01/,https://vocab.nerc.ac.uk/collection/P06/current/UTAA/,
ARMS_TZS_Angbat_20200608_20201117_MF500_ETOH_s1_r1:Otu268,preservativeUsed,,EtOH,http://vocab.nerc.ac.uk/collection/Q01/current/Q0100004/,,https://pubchem.ncbi.nlm.nih.gov/compound/702
ARMS_TZS_Angbat_20200608_20201117_MF500_ETOH_s1_r1:Otu268,lowerLimitFilterSize,micrometer,500,http://vocab.nerc.ac.uk/collection/Q01/current/Q0100011/,https://vocab.nerc.ac.uk/collection/P06/current/UMIC/,
ARMS_TZS_Angbat_20200608_20201117_MF500_ETOH_s1_r1:Otu268,sampleAccessionNumber,,SAMEA10020992,,,
ARMS_TZS_Angbat_20200608_20201117_MF500_ETOH_s1_r1:Otu268,NCBIID,,947094,,,
ARMS_TZS_Angbat_20200608_20201117_MF500_ETOH_s1_r1:Otu268,NCBIScientificName,,Porosporidae,,,
ARMS_TZS_Angbat_20200608_20201117_MF500_ETOH_s1_r1:Otu268,NCBITaxonRank,,family,,,
ARMS_TZS_Angbat_20200608_20201117_MF500_ETOH_s1_r1:Otu268,fieldReplicateID,,no replicate,http://vocab.nerc.ac.uk/collection/P01/current/IDSPRE01,,
ARMS_TZS_Angbat_20200608_20201117_MF500_ETOH_s1_r1:Otu268,technicalReplicateID,,,http://vocab.nerc.ac.uk/collection/P01/current/IDTCRE01,,
ARMS_TZS_Angbat_20200608_20201117_MF500_ETOH_s1_r1:Otu197,submergedTime,day,162,http://vocab.nerc.ac.uk/collection/P01/current/AZDRZZ01/,https://vocab.nerc.ac.uk/collection/P06/current/UTAA/,
ARMS_TZS_Angbat_20200608_20201117_MF500_ETOH_s1_r1:Otu197,preservativeUsed,,EtOH,http://vocab.nerc.ac.uk/collection/Q01/current/Q0100004/,,https://pubchem.ncbi.nlm.nih.gov/compound/702
ARMS_TZS_Angbat_20200608_20201117_MF500_ETOH_s1_r1:Otu197,lowerLimitFilterSize,micrometer,500,http://vocab.nerc.ac.uk/collection/Q01/current/Q0100011/,https://vocab.nerc.ac.uk/collection/P06/current/UMIC/,
ARMS_TZS_Angbat_20200608_20201117_MF500_ETOH_s1_r1:Otu197,sampleAccessionNumber,,SAMEA10020992,,,
ARMS_TZS_Angbat_20200608_20201117_MF500_ETOH_s1_r1:Otu197,NCBIID,,66522,,,
ARMS_TZS_Angbat_20200608_20201117_MF500_ETOH_s1_r1:Otu197,NCBIScientificName,,Verruca,,,
ARMS_TZS_Angbat_20200608_20201117_MF500_ETOH_s1_r1:Otu197,NCBITaxonRank,,genus,,,
ARMS_TZS_Angbat_20200608_20201117_MF500_ETOH_s1_r1:Otu197,fieldReplicateID,,no replicate,http://vocab.nerc.ac.uk/collection/P01/current/IDSPRE01,,
ARMS_TZS_Angbat_20200608_20201117_MF500_ETOH_s1_r1:Otu197,technicalReplicateID,,,http://vocab.nerc.ac.uk/collection/P01/current/IDTCRE01,,
ARMS_TZS_Angbat_20200608_20201117_MF500_ETOH_s1_r1:Otu94,submergedTime,day,162,http://vocab.nerc.ac.uk/collection/P01/current/AZDRZZ01/,https://vocab.nerc.ac.uk/collection/P06/current/UTAA/,
ARMS_TZS_Angbat_20200608_20201117_MF500_ETOH_s1_r1:Otu94,preservativeUsed,,EtOH,http://vocab.nerc.ac.uk/collection/Q01/current/Q0100004/,,https://pubchem.ncbi.nlm.nih.gov/compound/702
ARMS_TZS_Angbat_20200608_20201117_MF500_ETOH_s1_r1:Otu94,lowerLimitFilterSize,micrometer,500,http://vocab.nerc.ac.uk/collection/Q01/current/Q0100011/,https://vocab.nerc.ac.uk/collection/P06/current/UMIC/,
ARMS_TZS_Angbat_20200608_20201117_MF500_ETOH_s1_r1:Otu94,sampleAccessionNumber,,SAMEA10020992,,,
ARMS_TZS_Angbat_20200608_20201117_MF500_ETOH_s1_r1:Otu94,NCBIID,,4751,,,
ARMS_TZS_Angbat_20200608_20201117_MF500_ETOH_s1_r1:Otu94,NCBIScientificName,,Fungi,,,
ARMS_TZS_Angbat_20200608_20201117_MF500_ETOH_s1_r1:Otu94,NCBITaxonRank,,kingdom,,,
ARMS_TZS_Angbat_20200608_20201117_MF500_ETOH_s1_r1:Otu94,fieldReplicateID,,no replicate,http://vocab.nerc.ac.uk/collection/P01/current/IDSPRE01,,
ARMS_TZS_Angbat_20200608_20201117_MF500_ETOH_s1_r1:Otu94,technicalReplicateID,,,http://vocab.nerc.ac.uk/collection/P01/current/IDTCRE01,,
ARMS_TZS_Angbat_20200608_20201117_MF500_ETOH_s1_r1:Otu141,submergedTime,day,162,http://vocab.nerc.ac.uk/collection/P01/current/AZDRZZ01/,https://vocab.nerc.ac.uk/collection/P06/current/UTAA/,
ARMS_TZS_Angbat_20200608_20201117_MF500_ETOH_s1_r1:Otu141,preservativeUsed,,EtOH,http://vocab.nerc.ac.uk/collection/Q01/current/Q0100004/,,https://pubchem.ncbi.nlm.nih.gov/compound/702
ARMS_TZS_Angbat_20200608_20201117_MF500_ETOH_s1_r1:Otu141,lowerLimitFilterSize,micrometer,500,http://vocab.nerc.ac.uk/collection/Q01/current/Q0100011/,https://vocab.nerc.ac.uk/collection/P06/current/UMIC/,
ARMS_TZS_Angbat_20200608_20201117_MF500_ETOH_s1_r1:Otu141,sampleAccessionNumber,,SAMEA10020992,,,
ARMS_TZS_Angbat_20200608_20201117_MF500_ETOH_s1_r1:Otu141,NCBIID,,89593,,,
ARMS_TZS_Angbat_20200608_20201117_MF500_ETOH_s1_r1:Otu141,NCBIScientificName,,Craniata,,,
ARMS_TZS_Angbat_20200608_20201117_MF500_ETOH_s1_r1:Otu141,NCBITaxonRank,,subphylum,,,
ARMS_TZS_Angbat_20200608_20201117_MF500_ETOH_s1_r1:Otu141,fieldReplicateID,,no replicate,http://vocab.nerc.ac.uk/collection/P01/current/IDSPRE01,,
ARMS_TZS_Angbat_20200608_20201117_MF500_ETOH_s1_r1:Otu141,technicalReplicateID,,,http://vocab.nerc.ac.uk/collection/P01/current/IDTCRE01,,
ARMS_TZS_Angbat_20200608_20201117_MF500_ETOH_s1_r1:Otu142,submergedTime,day,162,http://vocab.nerc.ac.uk/collection/P01/current/AZDRZZ01/,https://vocab.nerc.ac.uk/collection/P06/current/UTAA/,
ARMS_TZS_Angbat_20200608_20201117_MF500_ETOH_s1_r1:Otu142,preservativeUsed,,EtOH,http://vocab.nerc.ac.uk/collection/Q01/current/Q0100004/,,https://pubchem.ncbi.nlm.nih.gov/compound/702
ARMS_TZS_Angbat_20200608_20201117_MF500_ETOH_s1_r1:Otu142,lowerLimitFilterSize,micrometer,500,http://vocab.nerc.ac.uk/collection/Q01/current/Q0100011/,https://vocab.nerc.ac.uk/collection/P06/current/UMIC/,
ARMS_TZS_Angbat_20200608_20201117_MF500_ETOH_s1_r1:Otu142,sampleAccessionNumber,,SAMEA10020992,,,
ARMS_TZS_Angbat_20200608_20201117_MF500_ETOH_s1_r1:Otu142,NCBIID,,6340,,,
ARMS_TZS_Angbat_20200608_20201117_MF500_ETOH_s1_r1:Otu142,NCBIScientificName,,Annelida,,,
ARMS_TZS_Angbat_20200608_20201117_MF500_ETOH_s1_r1:Otu142,NCBITaxonRank,,phylum,,,
ARMS_TZS_Angbat_20200608_20201117_MF500_ETOH_s1_r1:Otu142,fieldReplicateID,,no replicate,http://vocab.nerc.ac.uk/collection/P01/current/IDSPRE01,,
ARMS_TZS_Angbat_20200608_20201117_MF500_ETOH_s1_r1:Otu142,technicalReplicateID,,,http://vocab.nerc.ac.uk/collection/P01/current/IDTCRE01,,
ARMS_TZS_Angbat_20200608_20201117_MF500_ETOH_s1_r1:Otu361,submergedTime,day,162,http://vocab.nerc.ac.uk/collection/P01/current/AZDRZZ01/,https://vocab.nerc.ac.uk/collection/P06/current/UTAA/,
ARMS_TZS_Angbat_20200608_20201117_MF500_ETOH_s1_r1:Otu361,preservativeUsed,,EtOH,http://vocab.nerc.ac.uk/collection/Q01/current/Q0100004/,,https://pubchem.ncbi.nlm.nih.gov/compound/702
ARMS_TZS_Angbat_20200608_20201117_MF500_ETOH_s1_r1:Otu361,lowerLimitFilterSize,micrometer,500,http://vocab.nerc.ac.uk/collection/Q01/current/Q0100011/,https://vocab.nerc.ac.uk/collection/P06/current/UMIC/,
ARMS_TZS_Angbat_20200608_20201117_MF500_ETOH_s1_r1:Otu361,sampleAccessionNumber,,SAMEA10020992,,,
ARMS_TZS_Angbat_20200608_20201117_MF500_ETOH_s1_r1:Otu361,NCBIID,,106218,,,
ARMS_TZS_Angbat_20200608_20201117_MF500_ETOH_s1_r1:Otu361,NCBIScientificName,,Pectinoida,,,
ARMS_TZS_Angbat_20200608_20201117_MF500_ETOH_s1_r1:Otu361,NCBITaxonRank,,order,,,
ARMS_TZS_Angbat_20200608_20201117_MF500_ETOH_s1_r1:Otu361,fieldReplicateID,,no replicate,http://vocab.nerc.ac.uk/collection/P01/current/IDSPRE01,,
ARMS_TZS_Angbat_20200608_20201117_MF500_ETOH_s1_r1:Otu361,technicalReplicateID,,,http://vocab.nerc.ac.uk/collection/P01/current/IDTCRE01,,
ARMS_TZS_Angbat_20200608_20201117_MF500_ETOH_s1_r1:Otu360,submergedTime,day,162,http://vocab.nerc.ac.uk/collection/P01/current/AZDRZZ01/,https://vocab.nerc.ac.uk/collection/P06/current/UTAA/,
ARMS_TZS_Angbat_20200608_20201117_MF500_ETOH_s1_r1:Otu360,preservativeUsed,,EtOH,http://vocab.nerc.ac.uk/collection/Q01/current/Q0100004/,,https://pubchem.ncbi.nlm.nih.gov/compound/702
ARMS_TZS_Angbat_20200608_20201117_MF500_ETOH_s1_r1:Otu360,lowerLimitFilterSize,micrometer,500,http://vocab.nerc.ac.uk/collection/Q01/current/Q0100011/,https://vocab.nerc.ac.uk/collection/P06/current/UMIC/,
ARMS_TZS_Angbat_20200608_20201117_MF500_ETOH_s1_r1:Otu360,sampleAccessionNumber,,SAMEA10020992,,,
ARMS_TZS_Angbat_20200608_20201117_MF500_ETOH_s1_r1:Otu360,NCBIID,,199554,,,
ARMS_TZS_Angbat_20200608_20201117_MF500_ETOH_s1_r1:Otu360,NCBIScientificName,,Eusyllis_blomstrandi,,,
ARMS_TZS_Angbat_20200608_20201117_MF500_ETOH_s1_r1:Otu360,NCBITaxonRank,,species,,,
ARMS_TZS_Angbat_20200608_20201117_MF500_ETOH_s1_r1:Otu360,fieldReplicateID,,no replicate,http://vocab.nerc.ac.uk/collection/P01/current/IDSPRE01,,
ARMS_TZS_Angbat_20200608_20201117_MF500_ETOH_s1_r1:Otu360,technicalReplicateID,,,http://vocab.nerc.ac.uk/collection/P01/current/IDTCRE01,,
ARMS_TZS_Angbat_20200608_20201117_MF500_ETOH_s1_r1:Otu138,submergedTime,day,162,http://vocab.nerc.ac.uk/collection/P01/current/AZDRZZ01/,https://vocab.nerc.ac.uk/collection/P06/current/UTAA/,
ARMS_TZS_Angbat_20200608_20201117_MF500_ETOH_s1_r1:Otu138,preservativeUsed,,EtOH,http://vocab.nerc.ac.uk/collection/Q01/current/Q0100004/,,https://pubchem.ncbi.nlm.nih.gov/compound/702
ARMS_TZS_Angbat_20200608_20201117_MF500_ETOH_s1_r1:Otu138,lowerLimitFilterSize,micrometer,500,http://vocab.nerc.ac.uk/collection/Q01/current/Q0100011/,https://vocab.nerc.ac.uk/collection/P06/current/UMIC/,
ARMS_TZS_Angbat_20200608_20201117_MF500_ETOH_s1_r1:Otu138,sampleAccessionNumber,,SAMEA10020992,,,
ARMS_TZS_Angbat_20200608_20201117_MF500_ETOH_s1_r1:Otu138,NCBIID,,253171,,,
ARMS_TZS_Angbat_20200608_20201117_MF500_ETOH_s1_r1:Otu138,NCBIScientificName,,Halisarca,,,
ARMS_TZS_Angbat_20200608_20201117_MF500_ETOH_s1_r1:Otu138,NCBITaxonRank,,genus,,,
ARMS_TZS_Angbat_20200608_20201117_MF500_ETOH_s1_r1:Otu138,fieldReplicateID,,no replicate,http://vocab.nerc.ac.uk/collection/P01/current/IDSPRE01,,
ARMS_TZS_Angbat_20200608_20201117_MF500_ETOH_s1_r1:Otu138,technicalReplicateID,,,http://vocab.nerc.ac.uk/collection/P01/current/IDTCRE01,,
ARMS_TZS_Angbat_20200608_20201117_MF500_ETOH_s1_r1:Otu18,submergedTime,day,162,http://vocab.nerc.ac.uk/collection/P01/current/AZDRZZ01/,https://vocab.nerc.ac.uk/collection/P06/current/UTAA/,
ARMS_TZS_Angbat_20200608_20201117_MF500_ETOH_s1_r1:Otu18,preservativeUsed,,EtOH,http://vocab.nerc.ac.uk/collection/Q01/current/Q0100004/,,https://pubchem.ncbi.nlm.nih.gov/compound/702
ARMS_TZS_Angbat_20200608_20201117_MF500_ETOH_s1_r1:Otu18,lowerLimitFilterSize,micrometer,500,http://vocab.nerc.ac.uk/collection/Q01/current/Q0100011/,https://vocab.nerc.ac.uk/collection/P06/current/UMIC/,
ARMS_TZS_Angbat_20200608_20201117_MF500_ETOH_s1_r1:Otu18,sampleAccessionNumber,,SAMEA10020992,,,
ARMS_TZS_Angbat_20200608_20201117_MF500_ETOH_s1_r1:Otu18,NCBIID,,6340,,,
ARMS_TZS_Angbat_20200608_20201117_MF500_ETOH_s1_r1:Otu18,NCBIScientificName,,Annelida,,,
ARMS_TZS_Angbat_20200608_20201117_MF500_ETOH_s1_r1:Otu18,NCBITaxonRank,,phylum,,,
ARMS_TZS_Angbat_20200608_20201117_MF500_ETOH_s1_r1:Otu18,fieldReplicateID,,no replicate,http://vocab.nerc.ac.uk/collection/P01/current/IDSPRE01,,
ARMS_TZS_Angbat_20200608_20201117_MF500_ETOH_s1_r1:Otu18,technicalReplicateID,,,http://vocab.nerc.ac.uk/collection/P01/current/IDTCRE01,,
ARMS_TZS_Angbat_20200608_20201117_MF500_ETOH_s1_r1:Otu19,submergedTime,day,162,http://vocab.nerc.ac.uk/collection/P01/current/AZDRZZ01/,https://vocab.nerc.ac.uk/collection/P06/current/UTAA/,
ARMS_TZS_Angbat_20200608_20201117_MF500_ETOH_s1_r1:Otu19,preservativeUsed,,EtOH,http://vocab.nerc.ac.uk/collection/Q01/current/Q0100004/,,https://pubchem.ncbi.nlm.nih.gov/compound/702
ARMS_TZS_Angbat_20200608_20201117_MF500_ETOH_s1_r1:Otu19,lowerLimitFilterSize,micrometer,500,http://vocab.nerc.ac.uk/collection/Q01/current/Q0100011/,https://vocab.nerc.ac.uk/collection/P06/current/UMIC/,
ARMS_TZS_Angbat_20200608_20201117_MF500_ETOH_s1_r1:Otu19,sampleAccessionNumber,,SAMEA10020992,,,
ARMS_TZS_Angbat_20200608_20201117_MF500_ETOH_s1_r1:Otu19,NCBIID,,71176,,,
ARMS_TZS_Angbat_20200608_20201117_MF500_ETOH_s1_r1:Otu19,NCBIScientificName,,Chelyosoma,,,
ARMS_TZS_Angbat_20200608_20201117_MF500_ETOH_s1_r1:Otu19,NCBITaxonRank,,genus,,,
ARMS_TZS_Angbat_20200608_20201117_MF500_ETOH_s1_r1:Otu19,fieldReplicateID,,no replicate,http://vocab.nerc.ac.uk/collection/P01/current/IDSPRE01,,
ARMS_TZS_Angbat_20200608_20201117_MF500_ETOH_s1_r1:Otu19,technicalReplicateID,,,http://vocab.nerc.ac.uk/collection/P01/current/IDTCRE01,,
ARMS_TZS_Angbat_20200608_20201117_SF40_ETOH_s1_r1:Otu310,submergedTime,day,162,http://vocab.nerc.ac.uk/collection/P01/current/AZDRZZ01/,https://vocab.nerc.ac.uk/collection/P06/current/UTAA/,
ARMS_TZS_Angbat_20200608_20201117_SF40_ETOH_s1_r1:Otu310,preservativeUsed,,EtOH,http://vocab.nerc.ac.uk/collection/Q01/current/Q0100004/,,https://pubchem.ncbi.nlm.nih.gov/compound/702
ARMS_TZS_Angbat_20200608_20201117_SF40_ETOH_s1_r1:Otu310,lowerLimitFilterSize,micrometer,40,http://vocab.nerc.ac.uk/collection/Q01/current/Q0100011/,https://vocab.nerc.ac.uk/collection/P06/current/UMIC/,
ARMS_TZS_Angbat_20200608_20201117_SF40_ETOH_s1_r1:Otu310,sampleAccessionNumber,,SAMEA10020995,,,
ARMS_TZS_Angbat_20200608_20201117_SF40_ETOH_s1_r1:Otu310,NCBIID,,168252,,,
ARMS_TZS_Angbat_20200608_20201117_SF40_ETOH_s1_r1:Otu310,NCBIScientificName,,Vaginicolidae,,,
ARMS_TZS_Angbat_20200608_20201117_SF40_ETOH_s1_r1:Otu310,NCBITaxonRank,,family,,,
ARMS_TZS_Angbat_20200608_20201117_SF40_ETOH_s1_r1:Otu310,fieldReplicateID,,no replicate,http://vocab.nerc.ac.uk/collection/P01/current/IDSPRE01,,
ARMS_TZS_Angbat_20200608_20201117_SF40_ETOH_s1_r1:Otu310,technicalReplicateID,,,http://vocab.nerc.ac.uk/collection/P01/current/IDTCRE01,,
ARMS_TZS_Angbat_20200608_20201117_SF40_ETOH_s1_r1:Otu311,submergedTime,day,162,http://vocab.nerc.ac.uk/collection/P01/current/AZDRZZ01/,https://vocab.nerc.ac.uk/collection/P06/current/UTAA/,
ARMS_TZS_Angbat_20200608_20201117_SF40_ETOH_s1_r1:Otu311,preservativeUsed,,EtOH,http://vocab.nerc.ac.uk/collection/Q01/current/Q0100004/,,https://pubchem.ncbi.nlm.nih.gov/compound/702
ARMS_TZS_Angbat_20200608_20201117_SF40_ETOH_s1_r1:Otu311,lowerLimitFilterSize,micrometer,40,http://vocab.nerc.ac.uk/collection/Q01/current/Q0100011/,https://vocab.nerc.ac.uk/collection/P06/current/UMIC/,
ARMS_TZS_Angbat_20200608_20201117_SF40_ETOH_s1_r1:Otu311,sampleAccessionNumber,,SAMEA10020995,,,
ARMS_TZS_Angbat_20200608_20201117_SF40_ETOH_s1_r1:Otu311,NCBIID,,33208,,,
ARMS_TZS_Angbat_20200608_20201117_SF40_ETOH_s1_r1:Otu311,NCBIScientificName,,Metazoa,,,
ARMS_TZS_Angbat_20200608_20201117_SF40_ETOH_s1_r1:Otu311,NCBITaxonRank,,kingdom,,,
ARMS_TZS_Angbat_20200608_20201117_SF40_ETOH_s1_r1:Otu311,fieldReplicateID,,no replicate,http://vocab.nerc.ac.uk/collection/P01/current/IDSPRE01,,
ARMS_TZS_Angbat_20200608_20201117_SF40_ETOH_s1_r1:Otu311,technicalReplicateID,,,http://vocab.nerc.ac.uk/collection/P01/current/IDTCRE01,,
ARMS_TZS_Angbat_20200608_20201117_SF40_ETOH_s1_r1:Otu415,submergedTime,day,162,http://vocab.nerc.ac.uk/collection/P01/current/AZDRZZ01/,https://vocab.nerc.ac.uk/collection/P06/current/UTAA/,
ARMS_TZS_Angbat_20200608_20201117_SF40_ETOH_s1_r1:Otu415,preservativeUsed,,EtOH,http://vocab.nerc.ac.uk/collection/Q01/current/Q0100004/,,https://pubchem.ncbi.nlm.nih.gov/compound/702
ARMS_TZS_Angbat_20200608_20201117_SF40_ETOH_s1_r1:Otu415,lowerLimitFilterSize,micrometer,40,http://vocab.nerc.ac.uk/collection/Q01/current/Q0100011/,https://vocab.nerc.ac.uk/collection/P06/current/UMIC/,
ARMS_TZS_Angbat_20200608_20201117_SF40_ETOH_s1_r1:Otu415,sampleAccessionNumber,,SAMEA10020995,,,
ARMS_TZS_Angbat_20200608_20201117_SF40_ETOH_s1_r1:Otu415,NCBIID,,2836,,,
ARMS_TZS_Angbat_20200608_20201117_SF40_ETOH_s1_r1:Otu415,NCBIScientificName,,Bacillariophyta,,,
ARMS_TZS_Angbat_20200608_20201117_SF40_ETOH_s1_r1:Otu415,NCBITaxonRank,,phylum,,,
ARMS_TZS_Angbat_20200608_20201117_SF40_ETOH_s1_r1:Otu415,fieldReplicateID,,no replicate,http://vocab.nerc.ac.uk/collection/P01/current/IDSPRE01,,
ARMS_TZS_Angbat_20200608_20201117_SF40_ETOH_s1_r1:Otu415,technicalReplicateID,,,http://vocab.nerc.ac.uk/collection/P01/current/IDTCRE01,,
ARMS_TZS_Angbat_20200608_20201117_SF40_ETOH_s1_r1:Otu271,submergedTime,day,162,http://vocab.nerc.ac.uk/collection/P01/current/AZDRZZ01/,https://vocab.nerc.ac.uk/collection/P06/current/UTAA/,
ARMS_TZS_Angbat_20200608_20201117_SF40_ETOH_s1_r1:Otu271,preservativeUsed,,EtOH,http://vocab.nerc.ac.uk/collection/Q01/current/Q0100004/,,https://pubchem.ncbi.nlm.nih.gov/compound/702
ARMS_TZS_Angbat_20200608_20201117_SF40_ETOH_s1_r1:Otu271,lowerLimitFilterSize,micrometer,40,http://vocab.nerc.ac.uk/collection/Q01/current/Q0100011/,https://vocab.nerc.ac.uk/collection/P06/current/UMIC/,
ARMS_TZS_Angbat_20200608_20201117_SF40_ETOH_s1_r1:Otu271,sampleAccessionNumber,,SAMEA10020995,,,
ARMS_TZS_Angbat_20200608_20201117_SF40_ETOH_s1_r1:Otu271,NCBIID,,35124,,,
ARMS_TZS_Angbat_20200608_20201117_SF40_ETOH_s1_r1:Otu271,NCBIScientificName,,Melosira,,,
ARMS_TZS_Angbat_20200608_20201117_SF40_ETOH_s1_r1:Otu271,NCBITaxonRank,,genus,,,
ARMS_TZS_Angbat_20200608_20201117_SF40_ETOH_s1_r1:Otu271,fieldReplicateID,,no replicate,http://vocab.nerc.ac.uk/collection/P01/current/IDSPRE01,,
ARMS_TZS_Angbat_20200608_20201117_SF40_ETOH_s1_r1:Otu271,technicalReplicateID,,,http://vocab.nerc.ac.uk/collection/P01/current/IDTCRE01,,
ARMS_TZS_Angbat_20200608_20201117_SF40_ETOH_s1_r1:Otu252,submergedTime,day,162,http://vocab.nerc.ac.uk/collection/P01/current/AZDRZZ01/,https://vocab.nerc.ac.uk/collection/P06/current/UTAA/,
ARMS_TZS_Angbat_20200608_20201117_SF40_ETOH_s1_r1:Otu252,preservativeUsed,,EtOH,http://vocab.nerc.ac.uk/collection/Q01/current/Q0100004/,,https://pubchem.ncbi.nlm.nih.gov/compound/702
ARMS_TZS_Angbat_20200608_20201117_SF40_ETOH_s1_r1:Otu252,lowerLimitFilterSize,micrometer,40,http://vocab.nerc.ac.uk/collection/Q01/current/Q0100011/,https://vocab.nerc.ac.uk/collection/P06/current/UMIC/,
ARMS_TZS_Angbat_20200608_20201117_SF40_ETOH_s1_r1:Otu252,sampleAccessionNumber,,SAMEA10020995,,,
ARMS_TZS_Angbat_20200608_20201117_SF40_ETOH_s1_r1:Otu252,NCBIID,,7713,,,
ARMS_TZS_Angbat_20200608_20201117_SF40_ETOH_s1_r1:Otu252,NCBIScientificName,,Ascidiacea,,,
ARMS_TZS_Angbat_20200608_20201117_SF40_ETOH_s1_r1:Otu252,NCBITaxonRank,,class,,,
ARMS_TZS_Angbat_20200608_20201117_SF40_ETOH_s1_r1:Otu252,fieldReplicateID,,no replicate,http://vocab.nerc.ac.uk/collection/P01/current/IDSPRE01,,
ARMS_TZS_Angbat_20200608_20201117_SF40_ETOH_s1_r1:Otu252,technicalReplicateID,,,http://vocab.nerc.ac.uk/collection/P01/current/IDTCRE01,,
ARMS_TZS_Angbat_20200608_20201117_SF40_ETOH_s1_r1:Otu29,submergedTime,day,162,http://vocab.nerc.ac.uk/collection/P01/current/AZDRZZ01/,https://vocab.nerc.ac.uk/collection/P06/current/UTAA/,
ARMS_TZS_Angbat_20200608_20201117_SF40_ETOH_s1_r1:Otu29,preservativeUsed,,EtOH,http://vocab.nerc.ac.uk/collection/Q01/current/Q0100004/,,https://pubchem.ncbi.nlm.nih.gov/compound/702
ARMS_TZS_Angbat_20200608_20201117_SF40_ETOH_s1_r1:Otu29,lowerLimitFilterSize,micrometer,40,http://vocab.nerc.ac.uk/collection/Q01/current/Q0100011/,https://vocab.nerc.ac.uk/collection/P06/current/UMIC/,
ARMS_TZS_Angbat_20200608_20201117_SF40_ETOH_s1_r1:Otu29,sampleAccessionNumber,,SAMEA10020995,,,
ARMS_TZS_Angbat_20200608_20201117_SF40_ETOH_s1_r1:Otu29,NCBIID,,2836,,,
ARMS_TZS_Angbat_20200608_20201117_SF40_ETOH_s1_r1:Otu29,NCBIScientificName,,Bacillariophyta,,,
ARMS_TZS_Angbat_20200608_20201117_SF40_ETOH_s1_r1:Otu29,NCBITaxonRank,,phylum,,,
ARMS_TZS_Angbat_20200608_20201117_SF40_ETOH_s1_r1:Otu29,fieldReplicateID,,no replicate,http://vocab.nerc.ac.uk/collection/P01/current/IDSPRE01,,
ARMS_TZS_Angbat_20200608_20201117_SF40_ETOH_s1_r1:Otu29,technicalReplicateID,,,http://vocab.nerc.ac.uk/collection/P01/current/IDTCRE01,,
ARMS_TZS_Angbat_20200608_20201117_SF40_ETOH_s1_r1:Otu25,submergedTime,day,162,http://vocab.nerc.ac.uk/collection/P01/current/AZDRZZ01/,https://vocab.nerc.ac.uk/collection/P06/current/UTAA/,
ARMS_TZS_Angbat_20200608_20201117_SF40_ETOH_s1_r1:Otu25,preservativeUsed,,EtOH,http://vocab.nerc.ac.uk/collection/Q01/current/Q0100004/,,https://pubchem.ncbi.nlm.nih.gov/compound/702
ARMS_TZS_Angbat_20200608_20201117_SF40_ETOH_s1_r1:Otu25,lowerLimitFilterSize,micrometer,40,http://vocab.nerc.ac.uk/collection/Q01/current/Q0100011/,https://vocab.nerc.ac.uk/collection/P06/current/UMIC/,
ARMS_TZS_Angbat_20200608_20201117_SF40_ETOH_s1_r1:Otu25,sampleAccessionNumber,,SAMEA10020995,,,
ARMS_TZS_Angbat_20200608_20201117_SF40_ETOH_s1_r1:Otu25,NCBIID,,87110,,,
ARMS_TZS_Angbat_20200608_20201117_SF40_ETOH_s1_r1:Otu25,NCBIScientificName,,Aplanochytrium,,,
ARMS_TZS_Angbat_20200608_20201117_SF40_ETOH_s1_r1:Otu25,NCBITaxonRank,,genus,,,
ARMS_TZS_Angbat_20200608_20201117_SF40_ETOH_s1_r1:Otu25,fieldReplicateID,,no replicate,http://vocab.nerc.ac.uk/collection/P01/current/IDSPRE01,,
ARMS_TZS_Angbat_20200608_20201117_SF40_ETOH_s1_r1:Otu25,technicalReplicateID,,,http://vocab.nerc.ac.uk/collection/P01/current/IDTCRE01,,
ARMS_TZS_Angbat_20200608_20201117_SF40_ETOH_s1_r1:Otu24,submergedTime,day,162,http://vocab.nerc.ac.uk/collection/P01/current/AZDRZZ01/,https://vocab.nerc.ac.uk/collection/P06/current/UTAA/,
ARMS_TZS_Angbat_20200608_20201117_SF40_ETOH_s1_r1:Otu24,preservativeUsed,,EtOH,http://vocab.nerc.ac.uk/collection/Q01/current/Q0100004/,,https://pubchem.ncbi.nlm.nih.gov/compound/702
ARMS_TZS_Angbat_20200608_20201117_SF40_ETOH_s1_r1:Otu24,lowerLimitFilterSize,micrometer,40,http://vocab.nerc.ac.uk/collection/Q01/current/Q0100011/,https://vocab.nerc.ac.uk/collection/P06/current/UMIC/,
ARMS_TZS_Angbat_20200608_20201117_SF40_ETOH_s1_r1:Otu24,sampleAccessionNumber,,SAMEA10020995,,,
ARMS_TZS_Angbat_20200608_20201117_SF40_ETOH_s1_r1:Otu24,NCBIID,,1974272,,,
ARMS_TZS_Angbat_20200608_20201117_SF40_ETOH_s1_r1:Otu24,NCBIScientificName,,Sessilida,,,
ARMS_TZS_Angbat_20200608_20201117_SF40_ETOH_s1_r1:Otu24,NCBITaxonRank,,order,,,
ARMS_TZS_Angbat_20200608_20201117_SF40_ETOH_s1_r1:Otu24,fieldReplicateID,,no replicate,http://vocab.nerc.ac.uk/collection/P01/current/IDSPRE01,,
ARMS_TZS_Angbat_20200608_20201117_SF40_ETOH_s1_r1:Otu24,technicalReplicateID,,,http://vocab.nerc.ac.uk/collection/P01/current/IDTCRE01,,
ARMS_TZS_Angbat_20200608_20201117_SF40_ETOH_s1_r1:Otu20,submergedTime,day,162,http://vocab.nerc.ac.uk/collection/P01/current/AZDRZZ01/,https://vocab.nerc.ac.uk/collection/P06/current/UTAA/,
ARMS_TZS_Angbat_20200608_20201117_SF40_ETOH_s1_r1:Otu20,preservativeUsed,,EtOH,http://vocab.nerc.ac.uk/collection/Q01/current/Q0100004/,,https://pubchem.ncbi.nlm.nih.gov/compound/702
ARMS_TZS_Angbat_20200608_20201117_SF40_ETOH_s1_r1:Otu20,lowerLimitFilterSize,micrometer,40,http://vocab.nerc.ac.uk/collection/Q01/current/Q0100011/,https://vocab.nerc.ac.uk/collection/P06/current/UMIC/,
ARMS_TZS_Angbat_20200608_20201117_SF40_ETOH_s1_r1:Otu20,sampleAccessionNumber,,SAMEA10020995,,,
ARMS_TZS_Angbat_20200608_20201117_SF40_ETOH_s1_r1:Otu20,NCBIID,,216305,,,
ARMS_TZS_Angbat_20200608_20201117_SF40_ETOH_s1_r1:Otu20,NCBIScientificName,,Heterobranchia,,,
ARMS_TZS_Angbat_20200608_20201117_SF40_ETOH_s1_r1:Otu20,NCBITaxonRank,,subclass,,,
ARMS_TZS_Angbat_20200608_20201117_SF40_ETOH_s1_r1:Otu20,fieldReplicateID,,no replicate,http://vocab.nerc.ac.uk/collection/P01/current/IDSPRE01,,
ARMS_TZS_Angbat_20200608_20201117_SF40_ETOH_s1_r1:Otu20,technicalReplicateID,,,http://vocab.nerc.ac.uk/collection/P01/current/IDTCRE01,,
ARMS_TZS_Angbat_20200608_20201117_SF40_ETOH_s1_r1:Otu23,submergedTime,day,162,http://vocab.nerc.ac.uk/collection/P01/current/AZDRZZ01/,https://vocab.nerc.ac.uk/collection/P06/current/UTAA/,
ARMS_TZS_Angbat_20200608_20201117_SF40_ETOH_s1_r1:Otu23,preservativeUsed,,EtOH,http://vocab.nerc.ac.uk/collection/Q01/current/Q0100004/,,https://pubchem.ncbi.nlm.nih.gov/compound/702
ARMS_TZS_Angbat_20200608_20201117_SF40_ETOH_s1_r1:Otu23,lowerLimitFilterSize,micrometer,40,http://vocab.nerc.ac.uk/collection/Q01/current/Q0100011/,https://vocab.nerc.ac.uk/collection/P06/current/UMIC/,
ARMS_TZS_Angbat_20200608_20201117_SF40_ETOH_s1_r1:Otu23,sampleAccessionNumber,,SAMEA10020995,,,
ARMS_TZS_Angbat_20200608_20201117_SF40_ETOH_s1_r1:Otu23,NCBIID,,375590,,,
ARMS_TZS_Angbat_20200608_20201117_SF40_ETOH_s1_r1:Otu23,NCBIScientificName,,Lacrymariidae,,,
ARMS_TZS_Angbat_20200608_20201117_SF40_ETOH_s1_r1:Otu23,NCBITaxonRank,,family,,,
ARMS_TZS_Angbat_20200608_20201117_SF40_ETOH_s1_r1:Otu23,fieldReplicateID,,no replicate,http://vocab.nerc.ac.uk/collection/P01/current/IDSPRE01,,
ARMS_TZS_Angbat_20200608_20201117_SF40_ETOH_s1_r1:Otu23,technicalReplicateID,,,http://vocab.nerc.ac.uk/collection/P01/current/IDTCRE01,,
ARMS_TZS_Angbat_20200608_20201117_SF40_ETOH_s1_r1:Otu22,submergedTime,day,162,http://vocab.nerc.ac.uk/collection/P01/current/AZDRZZ01/,https://vocab.nerc.ac.uk/collection/P06/current/UTAA/,
ARMS_TZS_Angbat_20200608_20201117_SF40_ETOH_s1_r1:Otu22,preservativeUsed,,EtOH,http://vocab.nerc.ac.uk/collection/Q01/current/Q0100004/,,https://pubchem.ncbi.nlm.nih.gov/compound/702
ARMS_TZS_Angbat_20200608_20201117_SF40_ETOH_s1_r1:Otu22,lowerLimitFilterSize,micrometer,40,http://vocab.nerc.ac.uk/collection/Q01/current/Q0100011/,https://vocab.nerc.ac.uk/collection/P06/current/UMIC/,
ARMS_TZS_Angbat_20200608_20201117_SF40_ETOH_s1_r1:Otu22,sampleAccessionNumber,,SAMEA10020995,,,
ARMS_TZS_Angbat_20200608_20201117_SF40_ETOH_s1_r1:Otu22,NCBIID,,44226,,,
ARMS_TZS_Angbat_20200608_20201117_SF40_ETOH_s1_r1:Otu22,NCBIScientificName,,Monocelis,,,
ARMS_TZS_Angbat_20200608_20201117_SF40_ETOH_s1_r1:Otu22,NCBITaxonRank,,genus,,,
ARMS_TZS_Angbat_20200608_20201117_SF40_ETOH_s1_r1:Otu22,fieldReplicateID,,no replicate,http://vocab.nerc.ac.uk/collection/P01/current/IDSPRE01,,
ARMS_TZS_Angbat_20200608_20201117_SF40_ETOH_s1_r1:Otu22,technicalReplicateID,,,http://vocab.nerc.ac.uk/collection/P01/current/IDTCRE01,,
ARMS_TZS_Angbat_20200608_20201117_SF40_ETOH_s1_r1:Otu177,submergedTime,day,162,http://vocab.nerc.ac.uk/collection/P01/current/AZDRZZ01/,https://vocab.nerc.ac.uk/collection/P06/current/UTAA/,
ARMS_TZS_Angbat_20200608_20201117_SF40_ETOH_s1_r1:Otu177,preservativeUsed,,EtOH,http://vocab.nerc.ac.uk/collection/Q01/current/Q0100004/,,https://pubchem.ncbi.nlm.nih.gov/compound/702
ARMS_TZS_Angbat_20200608_20201117_SF40_ETOH_s1_r1:Otu177,lowerLimitFilterSize,micrometer,40,http://vocab.nerc.ac.uk/collection/Q01/current/Q0100011/,https://vocab.nerc.ac.uk/collection/P06/current/UMIC/,
ARMS_TZS_Angbat_20200608_20201117_SF40_ETOH_s1_r1:Otu177,sampleAccessionNumber,,SAMEA10020995,,,
ARMS_TZS_Angbat_20200608_20201117_SF40_ETOH_s1_r1:Otu177,NCBIID,,6340,,,
ARMS_TZS_Angbat_20200608_20201117_SF40_ETOH_s1_r1:Otu177,NCBIScientificName,,Annelida,,,
ARMS_TZS_Angbat_20200608_20201117_SF40_ETOH_s1_r1:Otu177,NCBITaxonRank,,phylum,,,
ARMS_TZS_Angbat_20200608_20201117_SF40_ETOH_s1_r1:Otu177,fieldReplicateID,,no replicate,http://vocab.nerc.ac.uk/collection/P01/current/IDSPRE01,,
ARMS_TZS_Angbat_20200608_20201117_SF40_ETOH_s1_r1:Otu177,technicalReplicateID,,,http://vocab.nerc.ac.uk/collection/P01/current/IDTCRE01,,
ARMS_TZS_Angbat_20200608_20201117_SF40_ETOH_s1_r1:Otu435,submergedTime,day,162,http://vocab.nerc.ac.uk/collection/P01/current/AZDRZZ01/,https://vocab.nerc.ac.uk/collection/P06/current/UTAA/,
ARMS_TZS_Angbat_20200608_20201117_SF40_ETOH_s1_r1:Otu435,preservativeUsed,,EtOH,http://vocab.nerc.ac.uk/collection/Q01/current/Q0100004/,,https://pubchem.ncbi.nlm.nih.gov/compound/702
ARMS_TZS_Angbat_20200608_20201117_SF40_ETOH_s1_r1:Otu435,lowerLimitFilterSize,micrometer,40,http://vocab.nerc.ac.uk/collection/Q01/current/Q0100011/,https://vocab.nerc.ac.uk/collection/P06/current/UMIC/,
ARMS_TZS_Angbat_20200608_20201117_SF40_ETOH_s1_r1:Otu435,sampleAccessionNumber,,SAMEA10020995,,,
ARMS_TZS_Angbat_20200608_20201117_SF40_ETOH_s1_r1:Otu435,NCBIID,,6657,,,
ARMS_TZS_Angbat_20200608_20201117_SF40_ETOH_s1_r1:Otu435,NCBIScientificName,,Crustacea,,,
ARMS_TZS_Angbat_20200608_20201117_SF40_ETOH_s1_r1:Otu435,NCBITaxonRank,,subphylum,,,
ARMS_TZS_Angbat_20200608_20201117_SF40_ETOH_s1_r1:Otu435,fieldReplicateID,,no replicate,http://vocab.nerc.ac.uk/collection/P01/current/IDSPRE01,,
ARMS_TZS_Angbat_20200608_20201117_SF40_ETOH_s1_r1:Otu435,technicalReplicateID,,,http://vocab.nerc.ac.uk/collection/P01/current/IDTCRE01,,
ARMS_TZS_Angbat_20200608_20201117_SF40_ETOH_s1_r1:Otu434,submergedTime,day,162,http://vocab.nerc.ac.uk/collection/P01/current/AZDRZZ01/,https://vocab.nerc.ac.uk/collection/P06/current/UTAA/,
ARMS_TZS_Angbat_20200608_20201117_SF40_ETOH_s1_r1:Otu434,preservativeUsed,,EtOH,http://vocab.nerc.ac.uk/collection/Q01/current/Q0100004/,,https://pubchem.ncbi.nlm.nih.gov/compound/702
ARMS_TZS_Angbat_20200608_20201117_SF40_ETOH_s1_r1:Otu434,lowerLimitFilterSize,micrometer,40,http://vocab.nerc.ac.uk/collection/Q01/current/Q0100011/,https://vocab.nerc.ac.uk/collection/P06/current/UMIC/,
ARMS_TZS_Angbat_20200608_20201117_SF40_ETOH_s1_r1:Otu434,sampleAccessionNumber,,SAMEA10020995,,,
ARMS_TZS_Angbat_20200608_20201117_SF40_ETOH_s1_r1:Otu434,NCBIID,,231617,,,
ARMS_TZS_Angbat_20200608_20201117_SF40_ETOH_s1_r1:Otu434,NCBIScientificName,,Notholca,,,
ARMS_TZS_Angbat_20200608_20201117_SF40_ETOH_s1_r1:Otu434,NCBITaxonRank,,genus,,,
ARMS_TZS_Angbat_20200608_20201117_SF40_ETOH_s1_r1:Otu434,fieldReplicateID,,no replicate,http://vocab.nerc.ac.uk/collection/P01/current/IDSPRE01,,
ARMS_TZS_Angbat_20200608_20201117_SF40_ETOH_s1_r1:Otu434,technicalReplicateID,,,http://vocab.nerc.ac.uk/collection/P01/current/IDTCRE01,,
ARMS_TZS_Angbat_20200608_20201117_SF40_ETOH_s1_r1:Otu437,submergedTime,day,162,http://vocab.nerc.ac.uk/collection/P01/current/AZDRZZ01/,https://vocab.nerc.ac.uk/collection/P06/current/UTAA/,
ARMS_TZS_Angbat_20200608_20201117_SF40_ETOH_s1_r1:Otu437,preservativeUsed,,EtOH,http://vocab.nerc.ac.uk/collection/Q01/current/Q0100004/,,https://pubchem.ncbi.nlm.nih.gov/compound/702
ARMS_TZS_Angbat_20200608_20201117_SF40_ETOH_s1_r1:Otu437,lowerLimitFilterSize,micrometer,40,http://vocab.nerc.ac.uk/collection/Q01/current/Q0100011/,https://vocab.nerc.ac.uk/collection/P06/current/UMIC/,
ARMS_TZS_Angbat_20200608_20201117_SF40_ETOH_s1_r1:Otu437,sampleAccessionNumber,,SAMEA10020995,,,
ARMS_TZS_Angbat_20200608_20201117_SF40_ETOH_s1_r1:Otu437,NCBIID,,4762,,,
ARMS_TZS_Angbat_20200608_20201117_SF40_ETOH_s1_r1:Otu437,NCBIScientificName,,Oomycota,,,
ARMS_TZS_Angbat_20200608_20201117_SF40_ETOH_s1_r1:Otu437,NCBITaxonRank,,phylum,,,
ARMS_TZS_Angbat_20200608_20201117_SF40_ETOH_s1_r1:Otu437,fieldReplicateID,,no replicate,http://vocab.nerc.ac.uk/collection/P01/current/IDSPRE01,,
ARMS_TZS_Angbat_20200608_20201117_SF40_ETOH_s1_r1:Otu437,technicalReplicateID,,,http://vocab.nerc.ac.uk/collection/P01/current/IDTCRE01,,
ARMS_TZS_Angbat_20200608_20201117_SF40_ETOH_s1_r1:Otu436,submergedTime,day,162,http://vocab.nerc.ac.uk/collection/P01/current/AZDRZZ01/,https://vocab.nerc.ac.uk/collection/P06/current/UTAA/,
ARMS_TZS_Angbat_20200608_20201117_SF40_ETOH_s1_r1:Otu436,preservativeUsed,,EtOH,http://vocab.nerc.ac.uk/collection/Q01/current/Q0100004/,,https://pubchem.ncbi.nlm.nih.gov/compound/702
ARMS_TZS_Angbat_20200608_20201117_SF40_ETOH_s1_r1:Otu436,lowerLimitFilterSize,micrometer,40,http://vocab.nerc.ac.uk/collection/Q01/current/Q0100011/,https://vocab.nerc.ac.uk/collection/P06/current/UMIC/,
ARMS_TZS_Angbat_20200608_20201117_SF40_ETOH_s1_r1:Otu436,sampleAccessionNumber,,SAMEA10020995,,,
ARMS_TZS_Angbat_20200608_20201117_SF40_ETOH_s1_r1:Otu436,NCBIID,,193537,,,
ARMS_TZS_Angbat_20200608_20201117_SF40_ETOH_s1_r1:Otu436,NCBIScientificName,,Centroheliozoa,,,
ARMS_TZS_Angbat_20200608_20201117_SF40_ETOH_s1_r1:Otu436,NCBITaxonRank,,class,,,
ARMS_TZS_Angbat_20200608_20201117_SF40_ETOH_s1_r1:Otu436,fieldReplicateID,,no replicate,http://vocab.nerc.ac.uk/collection/P01/current/IDSPRE01,,
ARMS_TZS_Angbat_20200608_20201117_SF40_ETOH_s1_r1:Otu436,technicalReplicateID,,,http://vocab.nerc.ac.uk/collection/P01/current/IDTCRE01,,
ARMS_TZS_Angbat_20200608_20201117_SF40_ETOH_s1_r1:Otu431,submergedTime,day,162,http://vocab.nerc.ac.uk/collection/P01/current/AZDRZZ01/,https://vocab.nerc.ac.uk/collection/P06/current/UTAA/,
ARMS_TZS_Angbat_20200608_20201117_SF40_ETOH_s1_r1:Otu431,preservativeUsed,,EtOH,http://vocab.nerc.ac.uk/collection/Q01/current/Q0100004/,,https://pubchem.ncbi.nlm.nih.gov/compound/702
ARMS_TZS_Angbat_20200608_20201117_SF40_ETOH_s1_r1:Otu431,lowerLimitFilterSize,micrometer,40,http://vocab.nerc.ac.uk/collection/Q01/current/Q0100011/,https://vocab.nerc.ac.uk/collection/P06/current/UMIC/,
ARMS_TZS_Angbat_20200608_20201117_SF40_ETOH_s1_r1:Otu431,sampleAccessionNumber,,SAMEA10020995,,,
ARMS_TZS_Angbat_20200608_20201117_SF40_ETOH_s1_r1:Otu431,NCBIID,,2759,,,
ARMS_TZS_Angbat_20200608_20201117_SF40_ETOH_s1_r1:Otu431,NCBIScientificName,,Eukaryota,,,
ARMS_TZS_Angbat_20200608_20201117_SF40_ETOH_s1_r1:Otu431,NCBITaxonRank,,domain,,,
ARMS_TZS_Angbat_20200608_20201117_SF40_ETOH_s1_r1:Otu431,fieldReplicateID,,no replicate,http://vocab.nerc.ac.uk/collection/P01/current/IDSPRE01,,
ARMS_TZS_Angbat_20200608_20201117_SF40_ETOH_s1_r1:Otu431,technicalReplicateID,,,http://vocab.nerc.ac.uk/collection/P01/current/IDTCRE01,,
ARMS_TZS_Angbat_20200608_20201117_SF40_ETOH_s1_r1:Otu430,submergedTime,day,162,http://vocab.nerc.ac.uk/collection/P01/current/AZDRZZ01/,https://vocab.nerc.ac.uk/collection/P06/current/UTAA/,
ARMS_TZS_Angbat_20200608_20201117_SF40_ETOH_s1_r1:Otu430,preservativeUsed,,EtOH,http://vocab.nerc.ac.uk/collection/Q01/current/Q0100004/,,https://pubchem.ncbi.nlm.nih.gov/compound/702
ARMS_TZS_Angbat_20200608_20201117_SF40_ETOH_s1_r1:Otu430,lowerLimitFilterSize,micrometer,40,http://vocab.nerc.ac.uk/collection/Q01/current/Q0100011/,https://vocab.nerc.ac.uk/collection/P06/current/UMIC/,
ARMS_TZS_Angbat_20200608_20201117_SF40_ETOH_s1_r1:Otu430,sampleAccessionNumber,,SAMEA10020995,,,
ARMS_TZS_Angbat_20200608_20201117_SF40_ETOH_s1_r1:Otu430,NCBIID,,420539,,,
ARMS_TZS_Angbat_20200608_20201117_SF40_ETOH_s1_r1:Otu430,NCBIScientificName,,Oblongichytrium,,,
ARMS_TZS_Angbat_20200608_20201117_SF40_ETOH_s1_r1:Otu430,NCBITaxonRank,,genus,,,
ARMS_TZS_Angbat_20200608_20201117_SF40_ETOH_s1_r1:Otu430,fieldReplicateID,,no replicate,http://vocab.nerc.ac.uk/collection/P01/current/IDSPRE01,,
ARMS_TZS_Angbat_20200608_20201117_SF40_ETOH_s1_r1:Otu430,technicalReplicateID,,,http://vocab.nerc.ac.uk/collection/P01/current/IDTCRE01,,
ARMS_TZS_Angbat_20200608_20201117_SF40_ETOH_s1_r1:Otu433,submergedTime,day,162,http://vocab.nerc.ac.uk/collection/P01/current/AZDRZZ01/,https://vocab.nerc.ac.uk/collection/P06/current/UTAA/,
ARMS_TZS_Angbat_20200608_20201117_SF40_ETOH_s1_r1:Otu433,preservativeUsed,,EtOH,http://vocab.nerc.ac.uk/collection/Q01/current/Q0100004/,,https://pubchem.ncbi.nlm.nih.gov/compound/702
ARMS_TZS_Angbat_20200608_20201117_SF40_ETOH_s1_r1:Otu433,lowerLimitFilterSize,micrometer,40,http://vocab.nerc.ac.uk/collection/Q01/current/Q0100011/,https://vocab.nerc.ac.uk/collection/P06/current/UMIC/,
ARMS_TZS_Angbat_20200608_20201117_SF40_ETOH_s1_r1:Otu433,sampleAccessionNumber,,SAMEA10020995,,,
ARMS_TZS_Angbat_20200608_20201117_SF40_ETOH_s1_r1:Otu433,NCBIID,,35555,,,
ARMS_TZS_Angbat_20200608_20201117_SF40_ETOH_s1_r1:Otu433,NCBIScientificName,,Pellioditis,,,
ARMS_TZS_Angbat_20200608_20201117_SF40_ETOH_s1_r1:Otu433,NCBITaxonRank,,genus,,,
ARMS_TZS_Angbat_20200608_20201117_SF40_ETOH_s1_r1:Otu433,fieldReplicateID,,no replicate,http://vocab.nerc.ac.uk/collection/P01/current/IDSPRE01,,
ARMS_TZS_Angbat_20200608_20201117_SF40_ETOH_s1_r1:Otu433,technicalReplicateID,,,http://vocab.nerc.ac.uk/collection/P01/current/IDTCRE01,,
ARMS_TZS_Angbat_20200608_20201117_SF40_ETOH_s1_r1:Otu432,submergedTime,day,162,http://vocab.nerc.ac.uk/collection/P01/current/AZDRZZ01/,https://vocab.nerc.ac.uk/collection/P06/current/UTAA/,
ARMS_TZS_Angbat_20200608_20201117_SF40_ETOH_s1_r1:Otu432,preservativeUsed,,EtOH,http://vocab.nerc.ac.uk/collection/Q01/current/Q0100004/,,https://pubchem.ncbi.nlm.nih.gov/compound/702
ARMS_TZS_Angbat_20200608_20201117_SF40_ETOH_s1_r1:Otu432,lowerLimitFilterSize,micrometer,40,http://vocab.nerc.ac.uk/collection/Q01/current/Q0100011/,https://vocab.nerc.ac.uk/collection/P06/current/UMIC/,
ARMS_TZS_Angbat_20200608_20201117_SF40_ETOH_s1_r1:Otu432,sampleAccessionNumber,,SAMEA10020995,,,
ARMS_TZS_Angbat_20200608_20201117_SF40_ETOH_s1_r1:Otu432,NCBIID,,197898,,,
ARMS_TZS_Angbat_20200608_20201117_SF40_ETOH_s1_r1:Otu432,NCBIScientificName,,Didiniidae,,,
ARMS_TZS_Angbat_20200608_20201117_SF40_ETOH_s1_r1:Otu432,NCBITaxonRank,,family,,,
ARMS_TZS_Angbat_20200608_20201117_SF40_ETOH_s1_r1:Otu432,fieldReplicateID,,no replicate,http://vocab.nerc.ac.uk/collection/P01/current/IDSPRE01,,
ARMS_TZS_Angbat_20200608_20201117_SF40_ETOH_s1_r1:Otu432,technicalReplicateID,,,http://vocab.nerc.ac.uk/collection/P01/current/IDTCRE01,,
ARMS_TZS_Angbat_20200608_20201117_SF40_ETOH_s1_r1:Otu220,submergedTime,day,162,http://vocab.nerc.ac.uk/collection/P01/current/AZDRZZ01/,https://vocab.nerc.ac.uk/collection/P06/current/UTAA/,
ARMS_TZS_Angbat_20200608_20201117_SF40_ETOH_s1_r1:Otu220,preservativeUsed,,EtOH,http://vocab.nerc.ac.uk/collection/Q01/current/Q0100004/,,https://pubchem.ncbi.nlm.nih.gov/compound/702
ARMS_TZS_Angbat_20200608_20201117_SF40_ETOH_s1_r1:Otu220,lowerLimitFilterSize,micrometer,40,http://vocab.nerc.ac.uk/collection/Q01/current/Q0100011/,https://vocab.nerc.ac.uk/collection/P06/current/UMIC/,
ARMS_TZS_Angbat_20200608_20201117_SF40_ETOH_s1_r1:Otu220,sampleAccessionNumber,,SAMEA10020995,,,
ARMS_TZS_Angbat_20200608_20201117_SF40_ETOH_s1_r1:Otu220,NCBIID,,216715,,,
ARMS_TZS_Angbat_20200608_20201117_SF40_ETOH_s1_r1:Otu220,NCBIScientificName,,Cocconeis,,,
ARMS_TZS_Angbat_20200608_20201117_SF40_ETOH_s1_r1:Otu220,NCBITaxonRank,,genus,,,
ARMS_TZS_Angbat_20200608_20201117_SF40_ETOH_s1_r1:Otu220,fieldReplicateID,,no replicate,http://vocab.nerc.ac.uk/collection/P01/current/IDSPRE01,,
ARMS_TZS_Angbat_20200608_20201117_SF40_ETOH_s1_r1:Otu220,technicalReplicateID,,,http://vocab.nerc.ac.uk/collection/P01/current/IDTCRE01,,
ARMS_TZS_Angbat_20200608_20201117_SF40_ETOH_s1_r1:Otu429,submergedTime,day,162,http://vocab.nerc.ac.uk/collection/P01/current/AZDRZZ01/,https://vocab.nerc.ac.uk/collection/P06/current/UTAA/,
ARMS_TZS_Angbat_20200608_20201117_SF40_ETOH_s1_r1:Otu429,preservativeUsed,,EtOH,http://vocab.nerc.ac.uk/collection/Q01/current/Q0100004/,,https://pubchem.ncbi.nlm.nih.gov/compound/702
ARMS_TZS_Angbat_20200608_20201117_SF40_ETOH_s1_r1:Otu429,lowerLimitFilterSize,micrometer,40,http://vocab.nerc.ac.uk/collection/Q01/current/Q0100011/,https://vocab.nerc.ac.uk/collection/P06/current/UMIC/,
ARMS_TZS_Angbat_20200608_20201117_SF40_ETOH_s1_r1:Otu429,sampleAccessionNumber,,SAMEA10020995,,,
ARMS_TZS_Angbat_20200608_20201117_SF40_ETOH_s1_r1:Otu429,NCBIID,,1031332,,,
ARMS_TZS_Angbat_20200608_20201117_SF40_ETOH_s1_r1:Otu429,NCBIScientificName,,Cryptomycota,,,
ARMS_TZS_Angbat_20200608_20201117_SF40_ETOH_s1_r1:Otu429,NCBITaxonRank,,phylum,,,
ARMS_TZS_Angbat_20200608_20201117_SF40_ETOH_s1_r1:Otu429,fieldReplicateID,,no replicate,http://vocab.nerc.ac.uk/collection/P01/current/IDSPRE01,,
ARMS_TZS_Angbat_20200608_20201117_SF40_ETOH_s1_r1:Otu429,technicalReplicateID,,,http://vocab.nerc.ac.uk/collection/P01/current/IDTCRE01,,
ARMS_TZS_Angbat_20200608_20201117_SF40_ETOH_s1_r1:Otu128,submergedTime,day,162,http://vocab.nerc.ac.uk/collection/P01/current/AZDRZZ01/,https://vocab.nerc.ac.uk/collection/P06/current/UTAA/,
ARMS_TZS_Angbat_20200608_20201117_SF40_ETOH_s1_r1:Otu128,preservativeUsed,,EtOH,http://vocab.nerc.ac.uk/collection/Q01/current/Q0100004/,,https://pubchem.ncbi.nlm.nih.gov/compound/702
ARMS_TZS_Angbat_20200608_20201117_SF40_ETOH_s1_r1:Otu128,lowerLimitFilterSize,micrometer,40,http://vocab.nerc.ac.uk/collection/Q01/current/Q0100011/,https://vocab.nerc.ac.uk/collection/P06/current/UMIC/,
ARMS_TZS_Angbat_20200608_20201117_SF40_ETOH_s1_r1:Otu128,sampleAccessionNumber,,SAMEA10020995,,,
ARMS_TZS_Angbat_20200608_20201117_SF40_ETOH_s1_r1:Otu128,NCBIID,,39217,,,
ARMS_TZS_Angbat_20200608_20201117_SF40_ETOH_s1_r1:Otu128,NCBIScientificName,,Macrostomum,,,
ARMS_TZS_Angbat_20200608_20201117_SF40_ETOH_s1_r1:Otu128,NCBITaxonRank,,genus,,,
ARMS_TZS_Angbat_20200608_20201117_SF40_ETOH_s1_r1:Otu128,fieldReplicateID,,no replicate,http://vocab.nerc.ac.uk/collection/P01/current/IDSPRE01,,
ARMS_TZS_Angbat_20200608_20201117_SF40_ETOH_s1_r1:Otu128,technicalReplicateID,,,http://vocab.nerc.ac.uk/collection/P01/current/IDTCRE01,,
ARMS_TZS_Angbat_20200608_20201117_SF40_ETOH_s1_r1:Otu127,submergedTime,day,162,http://vocab.nerc.ac.uk/collection/P01/current/AZDRZZ01/,https://vocab.nerc.ac.uk/collection/P06/current/UTAA/,
ARMS_TZS_Angbat_20200608_20201117_SF40_ETOH_s1_r1:Otu127,preservativeUsed,,EtOH,http://vocab.nerc.ac.uk/collection/Q01/current/Q0100004/,,https://pubchem.ncbi.nlm.nih.gov/compound/702
ARMS_TZS_Angbat_20200608_20201117_SF40_ETOH_s1_r1:Otu127,lowerLimitFilterSize,micrometer,40,http://vocab.nerc.ac.uk/collection/Q01/current/Q0100011/,https://vocab.nerc.ac.uk/collection/P06/current/UMIC/,
ARMS_TZS_Angbat_20200608_20201117_SF40_ETOH_s1_r1:Otu127,sampleAccessionNumber,,SAMEA10020995,,,
ARMS_TZS_Angbat_20200608_20201117_SF40_ETOH_s1_r1:Otu127,NCBIID,,166384,,,
ARMS_TZS_Angbat_20200608_20201117_SF40_ETOH_s1_r1:Otu127,NCBIScientificName,,Turbellaria,,,
ARMS_TZS_Angbat_20200608_20201117_SF40_ETOH_s1_r1:Otu127,NCBITaxonRank,,class,,,
ARMS_TZS_Angbat_20200608_20201117_SF40_ETOH_s1_r1:Otu127,fieldReplicateID,,no replicate,http://vocab.nerc.ac.uk/collection/P01/current/IDSPRE01,,
ARMS_TZS_Angbat_20200608_20201117_SF40_ETOH_s1_r1:Otu127,technicalReplicateID,,,http://vocab.nerc.ac.uk/collection/P01/current/IDTCRE01,,
ARMS_TZS_Angbat_20200608_20201117_SF40_ETOH_s1_r1:Otu60,submergedTime,day,162,http://vocab.nerc.ac.uk/collection/P01/current/AZDRZZ01/,https://vocab.nerc.ac.uk/collection/P06/current/UTAA/,
ARMS_TZS_Angbat_20200608_20201117_SF40_ETOH_s1_r1:Otu60,preservativeUsed,,EtOH,http://vocab.nerc.ac.uk/collection/Q01/current/Q0100004/,,https://pubchem.ncbi.nlm.nih.gov/compound/702
ARMS_TZS_Angbat_20200608_20201117_SF40_ETOH_s1_r1:Otu60,lowerLimitFilterSize,micrometer,40,http://vocab.nerc.ac.uk/collection/Q01/current/Q0100011/,https://vocab.nerc.ac.uk/collection/P06/current/UMIC/,
ARMS_TZS_Angbat_20200608_20201117_SF40_ETOH_s1_r1:Otu60,sampleAccessionNumber,,SAMEA10020995,,,
ARMS_TZS_Angbat_20200608_20201117_SF40_ETOH_s1_r1:Otu60,NCBIID,,68038,,,
ARMS_TZS_Angbat_20200608_20201117_SF40_ETOH_s1_r1:Otu60,NCBIScientificName,,Chaetonotus,,,
ARMS_TZS_Angbat_20200608_20201117_SF40_ETOH_s1_r1:Otu60,NCBITaxonRank,,genus,,,
ARMS_TZS_Angbat_20200608_20201117_SF40_ETOH_s1_r1:Otu60,fieldReplicateID,,no replicate,http://vocab.nerc.ac.uk/collection/P01/current/IDSPRE01,,
ARMS_TZS_Angbat_20200608_20201117_SF40_ETOH_s1_r1:Otu60,technicalReplicateID,,,http://vocab.nerc.ac.uk/collection/P01/current/IDTCRE01,,
ARMS_TZS_Angbat_20200608_20201117_SF40_ETOH_s1_r1:Otu66,submergedTime,day,162,http://vocab.nerc.ac.uk/collection/P01/current/AZDRZZ01/,https://vocab.nerc.ac.uk/collection/P06/current/UTAA/,
ARMS_TZS_Angbat_20200608_20201117_SF40_ETOH_s1_r1:Otu66,preservativeUsed,,EtOH,http://vocab.nerc.ac.uk/collection/Q01/current/Q0100004/,,https://pubchem.ncbi.nlm.nih.gov/compound/702
ARMS_TZS_Angbat_20200608_20201117_SF40_ETOH_s1_r1:Otu66,lowerLimitFilterSize,micrometer,40,http://vocab.nerc.ac.uk/collection/Q01/current/Q0100011/,https://vocab.nerc.ac.uk/collection/P06/current/UMIC/,
ARMS_TZS_Angbat_20200608_20201117_SF40_ETOH_s1_r1:Otu66,sampleAccessionNumber,,SAMEA10020995,,,
ARMS_TZS_Angbat_20200608_20201117_SF40_ETOH_s1_r1:Otu66,NCBIID,,188030,,,
ARMS_TZS_Angbat_20200608_20201117_SF40_ETOH_s1_r1:Otu66,NCBIScientificName,,Praeconvoluta_tigrina,,,
ARMS_TZS_Angbat_20200608_20201117_SF40_ETOH_s1_r1:Otu66,NCBITaxonRank,,species,,,
ARMS_TZS_Angbat_20200608_20201117_SF40_ETOH_s1_r1:Otu66,fieldReplicateID,,no replicate,http://vocab.nerc.ac.uk/collection/P01/current/IDSPRE01,,
ARMS_TZS_Angbat_20200608_20201117_SF40_ETOH_s1_r1:Otu66,technicalReplicateID,,,http://vocab.nerc.ac.uk/collection/P01/current/IDTCRE01,,
ARMS_TZS_Angbat_20200608_20201117_SF40_ETOH_s1_r1:Otu199,submergedTime,day,162,http://vocab.nerc.ac.uk/collection/P01/current/AZDRZZ01/,https://vocab.nerc.ac.uk/collection/P06/current/UTAA/,
ARMS_TZS_Angbat_20200608_20201117_SF40_ETOH_s1_r1:Otu199,preservativeUsed,,EtOH,http://vocab.nerc.ac.uk/collection/Q01/current/Q0100004/,,https://pubchem.ncbi.nlm.nih.gov/compound/702
ARMS_TZS_Angbat_20200608_20201117_SF40_ETOH_s1_r1:Otu199,lowerLimitFilterSize,micrometer,40,http://vocab.nerc.ac.uk/collection/Q01/current/Q0100011/,https://vocab.nerc.ac.uk/collection/P06/current/UMIC/,
ARMS_TZS_Angbat_20200608_20201117_SF40_ETOH_s1_r1:Otu199,sampleAccessionNumber,,SAMEA10020995,,,
ARMS_TZS_Angbat_20200608_20201117_SF40_ETOH_s1_r1:Otu199,NCBIID,,1304946,,,
ARMS_TZS_Angbat_20200608_20201117_SF40_ETOH_s1_r1:Otu199,NCBIScientificName,,Chaetomorpha_ligustica,,,
ARMS_TZS_Angbat_20200608_20201117_SF40_ETOH_s1_r1:Otu199,NCBITaxonRank,,species,,,
ARMS_TZS_Angbat_20200608_20201117_SF40_ETOH_s1_r1:Otu199,fieldReplicateID,,no replicate,http://vocab.nerc.ac.uk/collection/P01/current/IDSPRE01,,
ARMS_TZS_Angbat_20200608_20201117_SF40_ETOH_s1_r1:Otu199,technicalReplicateID,,,http://vocab.nerc.ac.uk/collection/P01/current/IDTCRE01,,
ARMS_TZS_Angbat_20200608_20201117_SF40_ETOH_s1_r1:Otu269,submergedTime,day,162,http://vocab.nerc.ac.uk/collection/P01/current/AZDRZZ01/,https://vocab.nerc.ac.uk/collection/P06/current/UTAA/,
ARMS_TZS_Angbat_20200608_20201117_SF40_ETOH_s1_r1:Otu269,preservativeUsed,,EtOH,http://vocab.nerc.ac.uk/collection/Q01/current/Q0100004/,,https://pubchem.ncbi.nlm.nih.gov/compound/702
ARMS_TZS_Angbat_20200608_20201117_SF40_ETOH_s1_r1:Otu269,lowerLimitFilterSize,micrometer,40,http://vocab.nerc.ac.uk/collection/Q01/current/Q0100011/,https://vocab.nerc.ac.uk/collection/P06/current/UMIC/,
ARMS_TZS_Angbat_20200608_20201117_SF40_ETOH_s1_r1:Otu269,sampleAccessionNumber,,SAMEA10020995,,,
ARMS_TZS_Angbat_20200608_20201117_SF40_ETOH_s1_r1:Otu269,NCBIID,,151347,,,
ARMS_TZS_Angbat_20200608_20201117_SF40_ETOH_s1_r1:Otu269,NCBIScientificName,,Anoplostoma,,,
ARMS_TZS_Angbat_20200608_20201117_SF40_ETOH_s1_r1:Otu269,NCBITaxonRank,,genus,,,
ARMS_TZS_Angbat_20200608_20201117_SF40_ETOH_s1_r1:Otu269,fieldReplicateID,,no replicate,http://vocab.nerc.ac.uk/collection/P01/current/IDSPRE01,,
ARMS_TZS_Angbat_20200608_20201117_SF40_ETOH_s1_r1:Otu269,technicalReplicateID,,,http://vocab.nerc.ac.uk/collection/P01/current/IDTCRE01,,
ARMS_TZS_Angbat_20200608_20201117_SF40_ETOH_s1_r1:Otu308,submergedTime,day,162,http://vocab.nerc.ac.uk/collection/P01/current/AZDRZZ01/,https://vocab.nerc.ac.uk/collection/P06/current/UTAA/,
ARMS_TZS_Angbat_20200608_20201117_SF40_ETOH_s1_r1:Otu308,preservativeUsed,,EtOH,http://vocab.nerc.ac.uk/collection/Q01/current/Q0100004/,,https://pubchem.ncbi.nlm.nih.gov/compound/702
ARMS_TZS_Angbat_20200608_20201117_SF40_ETOH_s1_r1:Otu308,lowerLimitFilterSize,micrometer,40,http://vocab.nerc.ac.uk/collection/Q01/current/Q0100011/,https://vocab.nerc.ac.uk/collection/P06/current/UMIC/,
ARMS_TZS_Angbat_20200608_20201117_SF40_ETOH_s1_r1:Otu308,sampleAccessionNumber,,SAMEA10020995,,,
ARMS_TZS_Angbat_20200608_20201117_SF40_ETOH_s1_r1:Otu308,NCBIID,,34125,,,
ARMS_TZS_Angbat_20200608_20201117_SF40_ETOH_s1_r1:Otu308,NCBIScientificName,,Cladophora,,,
ARMS_TZS_Angbat_20200608_20201117_SF40_ETOH_s1_r1:Otu308,NCBITaxonRank,,genus,,,
ARMS_TZS_Angbat_20200608_20201117_SF40_ETOH_s1_r1:Otu308,fieldReplicateID,,no replicate,http://vocab.nerc.ac.uk/collection/P01/current/IDSPRE01,,
ARMS_TZS_Angbat_20200608_20201117_SF40_ETOH_s1_r1:Otu308,technicalReplicateID,,,http://vocab.nerc.ac.uk/collection/P01/current/IDTCRE01,,
ARMS_TZS_Angbat_20200608_20201117_SF40_ETOH_s1_r1:Otu112,submergedTime,day,162,http://vocab.nerc.ac.uk/collection/P01/current/AZDRZZ01/,https://vocab.nerc.ac.uk/collection/P06/current/UTAA/,
ARMS_TZS_Angbat_20200608_20201117_SF40_ETOH_s1_r1:Otu112,preservativeUsed,,EtOH,http://vocab.nerc.ac.uk/collection/Q01/current/Q0100004/,,https://pubchem.ncbi.nlm.nih.gov/compound/702
ARMS_TZS_Angbat_20200608_20201117_SF40_ETOH_s1_r1:Otu112,lowerLimitFilterSize,micrometer,40,http://vocab.nerc.ac.uk/collection/Q01/current/Q0100011/,https://vocab.nerc.ac.uk/collection/P06/current/UMIC/,
ARMS_TZS_Angbat_20200608_20201117_SF40_ETOH_s1_r1:Otu112,sampleAccessionNumber,,SAMEA10020995,,,
ARMS_TZS_Angbat_20200608_20201117_SF40_ETOH_s1_r1:Otu112,NCBIID,,168253,,,
ARMS_TZS_Angbat_20200608_20201117_SF40_ETOH_s1_r1:Otu112,NCBIScientificName,,Vaginicola,,,
ARMS_TZS_Angbat_20200608_20201117_SF40_ETOH_s1_r1:Otu112,NCBITaxonRank,,genus,,,
ARMS_TZS_Angbat_20200608_20201117_SF40_ETOH_s1_r1:Otu112,fieldReplicateID,,no replicate,http://vocab.nerc.ac.uk/collection/P01/current/IDSPRE01,,
ARMS_TZS_Angbat_20200608_20201117_SF40_ETOH_s1_r1:Otu112,technicalReplicateID,,,http://vocab.nerc.ac.uk/collection/P01/current/IDTCRE01,,
ARMS_TZS_Angbat_20200608_20201117_SF40_ETOH_s1_r1:Otu282,submergedTime,day,162,http://vocab.nerc.ac.uk/collection/P01/current/AZDRZZ01/,https://vocab.nerc.ac.uk/collection/P06/current/UTAA/,
ARMS_TZS_Angbat_20200608_20201117_SF40_ETOH_s1_r1:Otu282,preservativeUsed,,EtOH,http://vocab.nerc.ac.uk/collection/Q01/current/Q0100004/,,https://pubchem.ncbi.nlm.nih.gov/compound/702
ARMS_TZS_Angbat_20200608_20201117_SF40_ETOH_s1_r1:Otu282,lowerLimitFilterSize,micrometer,40,http://vocab.nerc.ac.uk/collection/Q01/current/Q0100011/,https://vocab.nerc.ac.uk/collection/P06/current/UMIC/,
ARMS_TZS_Angbat_20200608_20201117_SF40_ETOH_s1_r1:Otu282,sampleAccessionNumber,,SAMEA10020995,,,
ARMS_TZS_Angbat_20200608_20201117_SF40_ETOH_s1_r1:Otu282,NCBIID,,1003070,,,
ARMS_TZS_Angbat_20200608_20201117_SF40_ETOH_s1_r1:Otu282,NCBIScientificName,,Lemnicola,,,
ARMS_TZS_Angbat_20200608_20201117_SF40_ETOH_s1_r1:Otu282,NCBITaxonRank,,genus,,,
ARMS_TZS_Angbat_20200608_20201117_SF40_ETOH_s1_r1:Otu282,fieldReplicateID,,no replicate,http://vocab.nerc.ac.uk/collection/P01/current/IDSPRE01,,
ARMS_TZS_Angbat_20200608_20201117_SF40_ETOH_s1_r1:Otu282,technicalReplicateID,,,http://vocab.nerc.ac.uk/collection/P01/current/IDTCRE01,,
ARMS_TZS_Angbat_20200608_20201117_SF40_ETOH_s1_r1:Otu38,submergedTime,day,162,http://vocab.nerc.ac.uk/collection/P01/current/AZDRZZ01/,https://vocab.nerc.ac.uk/collection/P06/current/UTAA/,
ARMS_TZS_Angbat_20200608_20201117_SF40_ETOH_s1_r1:Otu38,preservativeUsed,,EtOH,http://vocab.nerc.ac.uk/collection/Q01/current/Q0100004/,,https://pubchem.ncbi.nlm.nih.gov/compound/702
ARMS_TZS_Angbat_20200608_20201117_SF40_ETOH_s1_r1:Otu38,lowerLimitFilterSize,micrometer,40,http://vocab.nerc.ac.uk/collection/Q01/current/Q0100011/,https://vocab.nerc.ac.uk/collection/P06/current/UMIC/,
ARMS_TZS_Angbat_20200608_20201117_SF40_ETOH_s1_r1:Otu38,sampleAccessionNumber,,SAMEA10020995,,,
ARMS_TZS_Angbat_20200608_20201117_SF40_ETOH_s1_r1:Otu38,NCBIID,,244961,,,
ARMS_TZS_Angbat_20200608_20201117_SF40_ETOH_s1_r1:Otu38,NCBIScientificName,,Gyrodinium_fusiforme,,,
ARMS_TZS_Angbat_20200608_20201117_SF40_ETOH_s1_r1:Otu38,NCBITaxonRank,,species,,,
ARMS_TZS_Angbat_20200608_20201117_SF40_ETOH_s1_r1:Otu38,fieldReplicateID,,no replicate,http://vocab.nerc.ac.uk/collection/P01/current/IDSPRE01,,
ARMS_TZS_Angbat_20200608_20201117_SF40_ETOH_s1_r1:Otu38,technicalReplicateID,,,http://vocab.nerc.ac.uk/collection/P01/current/IDTCRE01,,
ARMS_TZS_Angbat_20200608_20201117_SF40_ETOH_s1_r1:Otu39,submergedTime,day,162,http://vocab.nerc.ac.uk/collection/P01/current/AZDRZZ01/,https://vocab.nerc.ac.uk/collection/P06/current/UTAA/,
ARMS_TZS_Angbat_20200608_20201117_SF40_ETOH_s1_r1:Otu39,preservativeUsed,,EtOH,http://vocab.nerc.ac.uk/collection/Q01/current/Q0100004/,,https://pubchem.ncbi.nlm.nih.gov/compound/702
ARMS_TZS_Angbat_20200608_20201117_SF40_ETOH_s1_r1:Otu39,lowerLimitFilterSize,micrometer,40,http://vocab.nerc.ac.uk/collection/Q01/current/Q0100011/,https://vocab.nerc.ac.uk/collection/P06/current/UMIC/,
ARMS_TZS_Angbat_20200608_20201117_SF40_ETOH_s1_r1:Otu39,sampleAccessionNumber,,SAMEA10020995,,,
ARMS_TZS_Angbat_20200608_20201117_SF40_ETOH_s1_r1:Otu39,NCBIID,,10205,,,
ARMS_TZS_Angbat_20200608_20201117_SF40_ETOH_s1_r1:Otu39,NCBIScientificName,,Bryozoa,,,
ARMS_TZS_Angbat_20200608_20201117_SF40_ETOH_s1_r1:Otu39,NCBITaxonRank,,phylum,,,
ARMS_TZS_Angbat_20200608_20201117_SF40_ETOH_s1_r1:Otu39,fieldReplicateID,,no replicate,http://vocab.nerc.ac.uk/collection/P01/current/IDSPRE01,,
ARMS_TZS_Angbat_20200608_20201117_SF40_ETOH_s1_r1:Otu39,technicalReplicateID,,,http://vocab.nerc.ac.uk/collection/P01/current/IDTCRE01,,
ARMS_TZS_Angbat_20200608_20201117_SF40_ETOH_s1_r1:Otu36,submergedTime,day,162,http://vocab.nerc.ac.uk/collection/P01/current/AZDRZZ01/,https://vocab.nerc.ac.uk/collection/P06/current/UTAA/,
ARMS_TZS_Angbat_20200608_20201117_SF40_ETOH_s1_r1:Otu36,preservativeUsed,,EtOH,http://vocab.nerc.ac.uk/collection/Q01/current/Q0100004/,,https://pubchem.ncbi.nlm.nih.gov/compound/702
ARMS_TZS_Angbat_20200608_20201117_SF40_ETOH_s1_r1:Otu36,lowerLimitFilterSize,micrometer,40,http://vocab.nerc.ac.uk/collection/Q01/current/Q0100011/,https://vocab.nerc.ac.uk/collection/P06/current/UMIC/,
ARMS_TZS_Angbat_20200608_20201117_SF40_ETOH_s1_r1:Otu36,sampleAccessionNumber,,SAMEA10020995,,,
ARMS_TZS_Angbat_20200608_20201117_SF40_ETOH_s1_r1:Otu36,NCBIID,,5934,,,
ARMS_TZS_Angbat_20200608_20201117_SF40_ETOH_s1_r1:Otu36,NCBIScientificName,,Hypotrichia,,,
ARMS_TZS_Angbat_20200608_20201117_SF40_ETOH_s1_r1:Otu36,NCBITaxonRank,,subclass,,,
ARMS_TZS_Angbat_20200608_20201117_SF40_ETOH_s1_r1:Otu36,fieldReplicateID,,no replicate,http://vocab.nerc.ac.uk/collection/P01/current/IDSPRE01,,
ARMS_TZS_Angbat_20200608_20201117_SF40_ETOH_s1_r1:Otu36,technicalReplicateID,,,http://vocab.nerc.ac.uk/collection/P01/current/IDTCRE01,,
ARMS_TZS_Angbat_20200608_20201117_SF40_ETOH_s1_r1:Otu37,submergedTime,day,162,http://vocab.nerc.ac.uk/collection/P01/current/AZDRZZ01/,https://vocab.nerc.ac.uk/collection/P06/current/UTAA/,
ARMS_TZS_Angbat_20200608_20201117_SF40_ETOH_s1_r1:Otu37,preservativeUsed,,EtOH,http://vocab.nerc.ac.uk/collection/Q01/current/Q0100004/,,https://pubchem.ncbi.nlm.nih.gov/compound/702
ARMS_TZS_Angbat_20200608_20201117_SF40_ETOH_s1_r1:Otu37,lowerLimitFilterSize,micrometer,40,http://vocab.nerc.ac.uk/collection/Q01/current/Q0100011/,https://vocab.nerc.ac.uk/collection/P06/current/UMIC/,
ARMS_TZS_Angbat_20200608_20201117_SF40_ETOH_s1_r1:Otu37,sampleAccessionNumber,,SAMEA10020995,,,
ARMS_TZS_Angbat_20200608_20201117_SF40_ETOH_s1_r1:Otu37,NCBIID,,55816,,,
ARMS_TZS_Angbat_20200608_20201117_SF40_ETOH_s1_r1:Otu37,NCBIScientificName,,Aeolosoma,,,
ARMS_TZS_Angbat_20200608_20201117_SF40_ETOH_s1_r1:Otu37,NCBITaxonRank,,genus,,,
ARMS_TZS_Angbat_20200608_20201117_SF40_ETOH_s1_r1:Otu37,fieldReplicateID,,no replicate,http://vocab.nerc.ac.uk/collection/P01/current/IDSPRE01,,
ARMS_TZS_Angbat_20200608_20201117_SF40_ETOH_s1_r1:Otu37,technicalReplicateID,,,http://vocab.nerc.ac.uk/collection/P01/current/IDTCRE01,,
ARMS_TZS_Angbat_20200608_20201117_SF40_ETOH_s1_r1:Otu35,submergedTime,day,162,http://vocab.nerc.ac.uk/collection/P01/current/AZDRZZ01/,https://vocab.nerc.ac.uk/collection/P06/current/UTAA/,
ARMS_TZS_Angbat_20200608_20201117_SF40_ETOH_s1_r1:Otu35,preservativeUsed,,EtOH,http://vocab.nerc.ac.uk/collection/Q01/current/Q0100004/,,https://pubchem.ncbi.nlm.nih.gov/compound/702
ARMS_TZS_Angbat_20200608_20201117_SF40_ETOH_s1_r1:Otu35,lowerLimitFilterSize,micrometer,40,http://vocab.nerc.ac.uk/collection/Q01/current/Q0100011/,https://vocab.nerc.ac.uk/collection/P06/current/UMIC/,
ARMS_TZS_Angbat_20200608_20201117_SF40_ETOH_s1_r1:Otu35,sampleAccessionNumber,,SAMEA10020995,,,
ARMS_TZS_Angbat_20200608_20201117_SF40_ETOH_s1_r1:Otu35,NCBIID,,320052,,,
ARMS_TZS_Angbat_20200608_20201117_SF40_ETOH_s1_r1:Otu35,NCBIScientificName,,Chromadorina,,,
ARMS_TZS_Angbat_20200608_20201117_SF40_ETOH_s1_r1:Otu35,NCBITaxonRank,,genus,,,
ARMS_TZS_Angbat_20200608_20201117_SF40_ETOH_s1_r1:Otu35,fieldReplicateID,,no replicate,http://vocab.nerc.ac.uk/collection/P01/current/IDSPRE01,,
ARMS_TZS_Angbat_20200608_20201117_SF40_ETOH_s1_r1:Otu35,technicalReplicateID,,,http://vocab.nerc.ac.uk/collection/P01/current/IDTCRE01,,
ARMS_TZS_Angbat_20200608_20201117_SF40_ETOH_s1_r1:Otu33,submergedTime,day,162,http://vocab.nerc.ac.uk/collection/P01/current/AZDRZZ01/,https://vocab.nerc.ac.uk/collection/P06/current/UTAA/,
ARMS_TZS_Angbat_20200608_20201117_SF40_ETOH_s1_r1:Otu33,preservativeUsed,,EtOH,http://vocab.nerc.ac.uk/collection/Q01/current/Q0100004/,,https://pubchem.ncbi.nlm.nih.gov/compound/702
ARMS_TZS_Angbat_20200608_20201117_SF40_ETOH_s1_r1:Otu33,lowerLimitFilterSize,micrometer,40,http://vocab.nerc.ac.uk/collection/Q01/current/Q0100011/,https://vocab.nerc.ac.uk/collection/P06/current/UMIC/,
ARMS_TZS_Angbat_20200608_20201117_SF40_ETOH_s1_r1:Otu33,sampleAccessionNumber,,SAMEA10020995,,,
ARMS_TZS_Angbat_20200608_20201117_SF40_ETOH_s1_r1:Otu33,NCBIID,,4751,,,
ARMS_TZS_Angbat_20200608_20201117_SF40_ETOH_s1_r1:Otu33,NCBIScientificName,,Fungi,,,
ARMS_TZS_Angbat_20200608_20201117_SF40_ETOH_s1_r1:Otu33,NCBITaxonRank,,kingdom,,,
ARMS_TZS_Angbat_20200608_20201117_SF40_ETOH_s1_r1:Otu33,fieldReplicateID,,no replicate,http://vocab.nerc.ac.uk/collection/P01/current/IDSPRE01,,
ARMS_TZS_Angbat_20200608_20201117_SF40_ETOH_s1_r1:Otu33,technicalReplicateID,,,http://vocab.nerc.ac.uk/collection/P01/current/IDTCRE01,,
ARMS_TZS_Angbat_20200608_20201117_SF40_ETOH_s1_r1:Otu31,submergedTime,day,162,http://vocab.nerc.ac.uk/collection/P01/current/AZDRZZ01/,https://vocab.nerc.ac.uk/collection/P06/current/UTAA/,
ARMS_TZS_Angbat_20200608_20201117_SF40_ETOH_s1_r1:Otu31,preservativeUsed,,EtOH,http://vocab.nerc.ac.uk/collection/Q01/current/Q0100004/,,https://pubchem.ncbi.nlm.nih.gov/compound/702
ARMS_TZS_Angbat_20200608_20201117_SF40_ETOH_s1_r1:Otu31,lowerLimitFilterSize,micrometer,40,http://vocab.nerc.ac.uk/collection/Q01/current/Q0100011/,https://vocab.nerc.ac.uk/collection/P06/current/UMIC/,
ARMS_TZS_Angbat_20200608_20201117_SF40_ETOH_s1_r1:Otu31,sampleAccessionNumber,,SAMEA10020995,,,
ARMS_TZS_Angbat_20200608_20201117_SF40_ETOH_s1_r1:Otu31,NCBIID,,6074,,,
ARMS_TZS_Angbat_20200608_20201117_SF40_ETOH_s1_r1:Otu31,NCBIScientificName,,Hydrozoa,,,
ARMS_TZS_Angbat_20200608_20201117_SF40_ETOH_s1_r1:Otu31,NCBITaxonRank,,class,,,
ARMS_TZS_Angbat_20200608_20201117_SF40_ETOH_s1_r1:Otu31,fieldReplicateID,,no replicate,http://vocab.nerc.ac.uk/collection/P01/current/IDSPRE01,,
ARMS_TZS_Angbat_20200608_20201117_SF40_ETOH_s1_r1:Otu31,technicalReplicateID,,,http://vocab.nerc.ac.uk/collection/P01/current/IDTCRE01,,
ARMS_TZS_Angbat_20200608_20201117_SF40_ETOH_s1_r1:Otu167,submergedTime,day,162,http://vocab.nerc.ac.uk/collection/P01/current/AZDRZZ01/,https://vocab.nerc.ac.uk/collection/P06/current/UTAA/,
ARMS_TZS_Angbat_20200608_20201117_SF40_ETOH_s1_r1:Otu167,preservativeUsed,,EtOH,http://vocab.nerc.ac.uk/collection/Q01/current/Q0100004/,,https://pubchem.ncbi.nlm.nih.gov/compound/702
ARMS_TZS_Angbat_20200608_20201117_SF40_ETOH_s1_r1:Otu167,lowerLimitFilterSize,micrometer,40,http://vocab.nerc.ac.uk/collection/Q01/current/Q0100011/,https://vocab.nerc.ac.uk/collection/P06/current/UMIC/,
ARMS_TZS_Angbat_20200608_20201117_SF40_ETOH_s1_r1:Otu167,sampleAccessionNumber,,SAMEA10020995,,,
ARMS_TZS_Angbat_20200608_20201117_SF40_ETOH_s1_r1:Otu167,NCBIID,,1974272,,,
ARMS_TZS_Angbat_20200608_20201117_SF40_ETOH_s1_r1:Otu167,NCBIScientificName,,Sessilida,,,
ARMS_TZS_Angbat_20200608_20201117_SF40_ETOH_s1_r1:Otu167,NCBITaxonRank,,order,,,
ARMS_TZS_Angbat_20200608_20201117_SF40_ETOH_s1_r1:Otu167,fieldReplicateID,,no replicate,http://vocab.nerc.ac.uk/collection/P01/current/IDSPRE01,,
ARMS_TZS_Angbat_20200608_20201117_SF40_ETOH_s1_r1:Otu167,technicalReplicateID,,,http://vocab.nerc.ac.uk/collection/P01/current/IDTCRE01,,
ARMS_TZS_Angbat_20200608_20201117_SF40_ETOH_s1_r1:Otu169,submergedTime,day,162,http://vocab.nerc.ac.uk/collection/P01/current/AZDRZZ01/,https://vocab.nerc.ac.uk/collection/P06/current/UTAA/,
ARMS_TZS_Angbat_20200608_20201117_SF40_ETOH_s1_r1:Otu169,preservativeUsed,,EtOH,http://vocab.nerc.ac.uk/collection/Q01/current/Q0100004/,,https://pubchem.ncbi.nlm.nih.gov/compound/702
ARMS_TZS_Angbat_20200608_20201117_SF40_ETOH_s1_r1:Otu169,lowerLimitFilterSize,micrometer,40,http://vocab.nerc.ac.uk/collection/Q01/current/Q0100011/,https://vocab.nerc.ac.uk/collection/P06/current/UMIC/,
ARMS_TZS_Angbat_20200608_20201117_SF40_ETOH_s1_r1:Otu169,sampleAccessionNumber,,SAMEA10020995,,,
ARMS_TZS_Angbat_20200608_20201117_SF40_ETOH_s1_r1:Otu169,NCBIID,,57512,,,
ARMS_TZS_Angbat_20200608_20201117_SF40_ETOH_s1_r1:Otu169,NCBIScientificName,,Uroleptus,,,
ARMS_TZS_Angbat_20200608_20201117_SF40_ETOH_s1_r1:Otu169,NCBITaxonRank,,genus,,,
ARMS_TZS_Angbat_20200608_20201117_SF40_ETOH_s1_r1:Otu169,fieldReplicateID,,no replicate,http://vocab.nerc.ac.uk/collection/P01/current/IDSPRE01,,
ARMS_TZS_Angbat_20200608_20201117_SF40_ETOH_s1_r1:Otu169,technicalReplicateID,,,http://vocab.nerc.ac.uk/collection/P01/current/IDTCRE01,,
ARMS_TZS_Angbat_20200608_20201117_SF40_ETOH_s1_r1:Otu84,submergedTime,day,162,http://vocab.nerc.ac.uk/collection/P01/current/AZDRZZ01/,https://vocab.nerc.ac.uk/collection/P06/current/UTAA/,
ARMS_TZS_Angbat_20200608_20201117_SF40_ETOH_s1_r1:Otu84,preservativeUsed,,EtOH,http://vocab.nerc.ac.uk/collection/Q01/current/Q0100004/,,https://pubchem.ncbi.nlm.nih.gov/compound/702
ARMS_TZS_Angbat_20200608_20201117_SF40_ETOH_s1_r1:Otu84,lowerLimitFilterSize,micrometer,40,http://vocab.nerc.ac.uk/collection/Q01/current/Q0100011/,https://vocab.nerc.ac.uk/collection/P06/current/UMIC/,
ARMS_TZS_Angbat_20200608_20201117_SF40_ETOH_s1_r1:Otu84,sampleAccessionNumber,,SAMEA10020995,,,
ARMS_TZS_Angbat_20200608_20201117_SF40_ETOH_s1_r1:Otu84,NCBIID,,5794,,,
ARMS_TZS_Angbat_20200608_20201117_SF40_ETOH_s1_r1:Otu84,NCBIScientificName,,Apicomplexa,,,
ARMS_TZS_Angbat_20200608_20201117_SF40_ETOH_s1_r1:Otu84,NCBITaxonRank,,phylum,,,
ARMS_TZS_Angbat_20200608_20201117_SF40_ETOH_s1_r1:Otu84,fieldReplicateID,,no replicate,http://vocab.nerc.ac.uk/collection/P01/current/IDSPRE01,,
ARMS_TZS_Angbat_20200608_20201117_SF40_ETOH_s1_r1:Otu84,technicalReplicateID,,,http://vocab.nerc.ac.uk/collection/P01/current/IDTCRE01,,
ARMS_TZS_Angbat_20200608_20201117_SF40_ETOH_s1_r1:Otu439,submergedTime,day,162,http://vocab.nerc.ac.uk/collection/P01/current/AZDRZZ01/,https://vocab.nerc.ac.uk/collection/P06/current/UTAA/,
ARMS_TZS_Angbat_20200608_20201117_SF40_ETOH_s1_r1:Otu439,preservativeUsed,,EtOH,http://vocab.nerc.ac.uk/collection/Q01/current/Q0100004/,,https://pubchem.ncbi.nlm.nih.gov/compound/702
ARMS_TZS_Angbat_20200608_20201117_SF40_ETOH_s1_r1:Otu439,lowerLimitFilterSize,micrometer,40,http://vocab.nerc.ac.uk/collection/Q01/current/Q0100011/,https://vocab.nerc.ac.uk/collection/P06/current/UMIC/,
ARMS_TZS_Angbat_20200608_20201117_SF40_ETOH_s1_r1:Otu439,sampleAccessionNumber,,SAMEA10020995,,,
ARMS_TZS_Angbat_20200608_20201117_SF40_ETOH_s1_r1:Otu439,NCBIID,,166384,,,
ARMS_TZS_Angbat_20200608_20201117_SF40_ETOH_s1_r1:Otu439,NCBIScientificName,,Turbellaria,,,
ARMS_TZS_Angbat_20200608_20201117_SF40_ETOH_s1_r1:Otu439,NCBITaxonRank,,class,,,
ARMS_TZS_Angbat_20200608_20201117_SF40_ETOH_s1_r1:Otu439,fieldReplicateID,,no replicate,http://vocab.nerc.ac.uk/collection/P01/current/IDSPRE01,,
ARMS_TZS_Angbat_20200608_20201117_SF40_ETOH_s1_r1:Otu439,technicalReplicateID,,,http://vocab.nerc.ac.uk/collection/P01/current/IDTCRE01,,
ARMS_TZS_Angbat_20200608_20201117_SF40_ETOH_s1_r1:Otu438,submergedTime,day,162,http://vocab.nerc.ac.uk/collection/P01/current/AZDRZZ01/,https://vocab.nerc.ac.uk/collection/P06/current/UTAA/,
ARMS_TZS_Angbat_20200608_20201117_SF40_ETOH_s1_r1:Otu438,preservativeUsed,,EtOH,http://vocab.nerc.ac.uk/collection/Q01/current/Q0100004/,,https://pubchem.ncbi.nlm.nih.gov/compound/702
ARMS_TZS_Angbat_20200608_20201117_SF40_ETOH_s1_r1:Otu438,lowerLimitFilterSize,micrometer,40,http://vocab.nerc.ac.uk/collection/Q01/current/Q0100011/,https://vocab.nerc.ac.uk/collection/P06/current/UMIC/,
ARMS_TZS_Angbat_20200608_20201117_SF40_ETOH_s1_r1:Otu438,sampleAccessionNumber,,SAMEA10020995,,,
ARMS_TZS_Angbat_20200608_20201117_SF40_ETOH_s1_r1:Otu438,NCBIID,,1031332,,,
ARMS_TZS_Angbat_20200608_20201117_SF40_ETOH_s1_r1:Otu438,NCBIScientificName,,Cryptomycota,,,
ARMS_TZS_Angbat_20200608_20201117_SF40_ETOH_s1_r1:Otu438,NCBITaxonRank,,phylum,,,
ARMS_TZS_Angbat_20200608_20201117_SF40_ETOH_s1_r1:Otu438,fieldReplicateID,,no replicate,http://vocab.nerc.ac.uk/collection/P01/current/IDSPRE01,,
ARMS_TZS_Angbat_20200608_20201117_SF40_ETOH_s1_r1:Otu438,technicalReplicateID,,,http://vocab.nerc.ac.uk/collection/P01/current/IDTCRE01,,
ARMS_TZS_Angbat_20200608_20201117_SF40_ETOH_s1_r1:Otu152,submergedTime,day,162,http://vocab.nerc.ac.uk/collection/P01/current/AZDRZZ01/,https://vocab.nerc.ac.uk/collection/P06/current/UTAA/,
ARMS_TZS_Angbat_20200608_20201117_SF40_ETOH_s1_r1:Otu152,preservativeUsed,,EtOH,http://vocab.nerc.ac.uk/collection/Q01/current/Q0100004/,,https://pubchem.ncbi.nlm.nih.gov/compound/702
ARMS_TZS_Angbat_20200608_20201117_SF40_ETOH_s1_r1:Otu152,lowerLimitFilterSize,micrometer,40,http://vocab.nerc.ac.uk/collection/Q01/current/Q0100011/,https://vocab.nerc.ac.uk/collection/P06/current/UMIC/,
ARMS_TZS_Angbat_20200608_20201117_SF40_ETOH_s1_r1:Otu152,sampleAccessionNumber,,SAMEA10020995,,,
ARMS_TZS_Angbat_20200608_20201117_SF40_ETOH_s1_r1:Otu152,NCBIID,,100860,,,
ARMS_TZS_Angbat_20200608_20201117_SF40_ETOH_s1_r1:Otu152,NCBIScientificName,,Aphanomyces,,,
ARMS_TZS_Angbat_20200608_20201117_SF40_ETOH_s1_r1:Otu152,NCBITaxonRank,,genus,,,
ARMS_TZS_Angbat_20200608_20201117_SF40_ETOH_s1_r1:Otu152,fieldReplicateID,,no replicate,http://vocab.nerc.ac.uk/collection/P01/current/IDSPRE01,,
ARMS_TZS_Angbat_20200608_20201117_SF40_ETOH_s1_r1:Otu152,technicalReplicateID,,,http://vocab.nerc.ac.uk/collection/P01/current/IDTCRE01,,
ARMS_TZS_Angbat_20200608_20201117_SF40_ETOH_s1_r1:Otu157,submergedTime,day,162,http://vocab.nerc.ac.uk/collection/P01/current/AZDRZZ01/,https://vocab.nerc.ac.uk/collection/P06/current/UTAA/,
ARMS_TZS_Angbat_20200608_20201117_SF40_ETOH_s1_r1:Otu157,preservativeUsed,,EtOH,http://vocab.nerc.ac.uk/collection/Q01/current/Q0100004/,,https://pubchem.ncbi.nlm.nih.gov/compound/702
ARMS_TZS_Angbat_20200608_20201117_SF40_ETOH_s1_r1:Otu157,lowerLimitFilterSize,micrometer,40,http://vocab.nerc.ac.uk/collection/Q01/current/Q0100011/,https://vocab.nerc.ac.uk/collection/P06/current/UMIC/,
ARMS_TZS_Angbat_20200608_20201117_SF40_ETOH_s1_r1:Otu157,sampleAccessionNumber,,SAMEA10020995,,,
ARMS_TZS_Angbat_20200608_20201117_SF40_ETOH_s1_r1:Otu157,NCBIID,,249344,,,
ARMS_TZS_Angbat_20200608_20201117_SF40_ETOH_s1_r1:Otu157,NCBIScientificName,,Picochlorum,,,
ARMS_TZS_Angbat_20200608_20201117_SF40_ETOH_s1_r1:Otu157,NCBITaxonRank,,genus,,,
ARMS_TZS_Angbat_20200608_20201117_SF40_ETOH_s1_r1:Otu157,fieldReplicateID,,no replicate,http://vocab.nerc.ac.uk/collection/P01/current/IDSPRE01,,
ARMS_TZS_Angbat_20200608_20201117_SF40_ETOH_s1_r1:Otu157,technicalReplicateID,,,http://vocab.nerc.ac.uk/collection/P01/current/IDTCRE01,,
ARMS_TZS_Angbat_20200608_20201117_SF40_ETOH_s1_r1:Otu155,submergedTime,day,162,http://vocab.nerc.ac.uk/collection/P01/current/AZDRZZ01/,https://vocab.nerc.ac.uk/collection/P06/current/UTAA/,
ARMS_TZS_Angbat_20200608_20201117_SF40_ETOH_s1_r1:Otu155,preservativeUsed,,EtOH,http://vocab.nerc.ac.uk/collection/Q01/current/Q0100004/,,https://pubchem.ncbi.nlm.nih.gov/compound/702
ARMS_TZS_Angbat_20200608_20201117_SF40_ETOH_s1_r1:Otu155,lowerLimitFilterSize,micrometer,40,http://vocab.nerc.ac.uk/collection/Q01/current/Q0100011/,https://vocab.nerc.ac.uk/collection/P06/current/UMIC/,
ARMS_TZS_Angbat_20200608_20201117_SF40_ETOH_s1_r1:Otu155,sampleAccessionNumber,,SAMEA10020995,,,
ARMS_TZS_Angbat_20200608_20201117_SF40_ETOH_s1_r1:Otu155,NCBIID,,589449,,,
ARMS_TZS_Angbat_20200608_20201117_SF40_ETOH_s1_r1:Otu155,NCBIScientificName,,Polar-centric-Mediophyceae,,,
ARMS_TZS_Angbat_20200608_20201117_SF40_ETOH_s1_r1:Otu155,NCBITaxonRank,,class,,,
ARMS_TZS_Angbat_20200608_20201117_SF40_ETOH_s1_r1:Otu155,fieldReplicateID,,no replicate,http://vocab.nerc.ac.uk/collection/P01/current/IDSPRE01,,
ARMS_TZS_Angbat_20200608_20201117_SF40_ETOH_s1_r1:Otu155,technicalReplicateID,,,http://vocab.nerc.ac.uk/collection/P01/current/IDTCRE01,,
ARMS_TZS_Angbat_20200608_20201117_SF40_ETOH_s1_r1:Otu70,submergedTime,day,162,http://vocab.nerc.ac.uk/collection/P01/current/AZDRZZ01/,https://vocab.nerc.ac.uk/collection/P06/current/UTAA/,
ARMS_TZS_Angbat_20200608_20201117_SF40_ETOH_s1_r1:Otu70,preservativeUsed,,EtOH,http://vocab.nerc.ac.uk/collection/Q01/current/Q0100004/,,https://pubchem.ncbi.nlm.nih.gov/compound/702
ARMS_TZS_Angbat_20200608_20201117_SF40_ETOH_s1_r1:Otu70,lowerLimitFilterSize,micrometer,40,http://vocab.nerc.ac.uk/collection/Q01/current/Q0100011/,https://vocab.nerc.ac.uk/collection/P06/current/UMIC/,
ARMS_TZS_Angbat_20200608_20201117_SF40_ETOH_s1_r1:Otu70,sampleAccessionNumber,,SAMEA10020995,,,
ARMS_TZS_Angbat_20200608_20201117_SF40_ETOH_s1_r1:Otu70,NCBIID,,178373,,,
ARMS_TZS_Angbat_20200608_20201117_SF40_ETOH_s1_r1:Otu70,NCBIScientificName,,Cyphoderiidae,,,
ARMS_TZS_Angbat_20200608_20201117_SF40_ETOH_s1_r1:Otu70,NCBITaxonRank,,family,,,
ARMS_TZS_Angbat_20200608_20201117_SF40_ETOH_s1_r1:Otu70,fieldReplicateID,,no replicate,http://vocab.nerc.ac.uk/collection/P01/current/IDSPRE01,,
ARMS_TZS_Angbat_20200608_20201117_SF40_ETOH_s1_r1:Otu70,technicalReplicateID,,,http://vocab.nerc.ac.uk/collection/P01/current/IDTCRE01,,
ARMS_TZS_Angbat_20200608_20201117_SF40_ETOH_s1_r1:Otu77,submergedTime,day,162,http://vocab.nerc.ac.uk/collection/P01/current/AZDRZZ01/,https://vocab.nerc.ac.uk/collection/P06/current/UTAA/,
ARMS_TZS_Angbat_20200608_20201117_SF40_ETOH_s1_r1:Otu77,preservativeUsed,,EtOH,http://vocab.nerc.ac.uk/collection/Q01/current/Q0100004/,,https://pubchem.ncbi.nlm.nih.gov/compound/702
ARMS_TZS_Angbat_20200608_20201117_SF40_ETOH_s1_r1:Otu77,lowerLimitFilterSize,micrometer,40,http://vocab.nerc.ac.uk/collection/Q01/current/Q0100011/,https://vocab.nerc.ac.uk/collection/P06/current/UMIC/,
ARMS_TZS_Angbat_20200608_20201117_SF40_ETOH_s1_r1:Otu77,sampleAccessionNumber,,SAMEA10020995,,,
ARMS_TZS_Angbat_20200608_20201117_SF40_ETOH_s1_r1:Otu77,NCBIID,,1974272,,,
ARMS_TZS_Angbat_20200608_20201117_SF40_ETOH_s1_r1:Otu77,NCBIScientificName,,Sessilida,,,
ARMS_TZS_Angbat_20200608_20201117_SF40_ETOH_s1_r1:Otu77,NCBITaxonRank,,order,,,
ARMS_TZS_Angbat_20200608_20201117_SF40_ETOH_s1_r1:Otu77,fieldReplicateID,,no replicate,http://vocab.nerc.ac.uk/collection/P01/current/IDSPRE01,,
ARMS_TZS_Angbat_20200608_20201117_SF40_ETOH_s1_r1:Otu77,technicalReplicateID,,,http://vocab.nerc.ac.uk/collection/P01/current/IDTCRE01,,
ARMS_TZS_Angbat_20200608_20201117_SF40_ETOH_s1_r1:Otu237,submergedTime,day,162,http://vocab.nerc.ac.uk/collection/P01/current/AZDRZZ01/,https://vocab.nerc.ac.uk/collection/P06/current/UTAA/,
ARMS_TZS_Angbat_20200608_20201117_SF40_ETOH_s1_r1:Otu237,preservativeUsed,,EtOH,http://vocab.nerc.ac.uk/collection/Q01/current/Q0100004/,,https://pubchem.ncbi.nlm.nih.gov/compound/702
ARMS_TZS_Angbat_20200608_20201117_SF40_ETOH_s1_r1:Otu237,lowerLimitFilterSize,micrometer,40,http://vocab.nerc.ac.uk/collection/Q01/current/Q0100011/,https://vocab.nerc.ac.uk/collection/P06/current/UMIC/,
ARMS_TZS_Angbat_20200608_20201117_SF40_ETOH_s1_r1:Otu237,sampleAccessionNumber,,SAMEA10020995,,,
ARMS_TZS_Angbat_20200608_20201117_SF40_ETOH_s1_r1:Otu237,NCBIID,,420972,,,
ARMS_TZS_Angbat_20200608_20201117_SF40_ETOH_s1_r1:Otu237,NCBIScientificName,,Epithemia,,,
ARMS_TZS_Angbat_20200608_20201117_SF40_ETOH_s1_r1:Otu237,NCBITaxonRank,,genus,,,
ARMS_TZS_Angbat_20200608_20201117_SF40_ETOH_s1_r1:Otu237,fieldReplicateID,,no replicate,http://vocab.nerc.ac.uk/collection/P01/current/IDSPRE01,,
ARMS_TZS_Angbat_20200608_20201117_SF40_ETOH_s1_r1:Otu237,technicalReplicateID,,,http://vocab.nerc.ac.uk/collection/P01/current/IDTCRE01,,
ARMS_TZS_Angbat_20200608_20201117_SF40_ETOH_s1_r1:Otu236,submergedTime,day,162,http://vocab.nerc.ac.uk/collection/P01/current/AZDRZZ01/,https://vocab.nerc.ac.uk/collection/P06/current/UTAA/,
ARMS_TZS_Angbat_20200608_20201117_SF40_ETOH_s1_r1:Otu236,preservativeUsed,,EtOH,http://vocab.nerc.ac.uk/collection/Q01/current/Q0100004/,,https://pubchem.ncbi.nlm.nih.gov/compound/702
ARMS_TZS_Angbat_20200608_20201117_SF40_ETOH_s1_r1:Otu236,lowerLimitFilterSize,micrometer,40,http://vocab.nerc.ac.uk/collection/Q01/current/Q0100011/,https://vocab.nerc.ac.uk/collection/P06/current/UMIC/,
ARMS_TZS_Angbat_20200608_20201117_SF40_ETOH_s1_r1:Otu236,sampleAccessionNumber,,SAMEA10020995,,,
ARMS_TZS_Angbat_20200608_20201117_SF40_ETOH_s1_r1:Otu236,NCBIID,,1974272,,,
ARMS_TZS_Angbat_20200608_20201117_SF40_ETOH_s1_r1:Otu236,NCBIScientificName,,Sessilida,,,
ARMS_TZS_Angbat_20200608_20201117_SF40_ETOH_s1_r1:Otu236,NCBITaxonRank,,order,,,
ARMS_TZS_Angbat_20200608_20201117_SF40_ETOH_s1_r1:Otu236,fieldReplicateID,,no replicate,http://vocab.nerc.ac.uk/collection/P01/current/IDSPRE01,,
ARMS_TZS_Angbat_20200608_20201117_SF40_ETOH_s1_r1:Otu236,technicalReplicateID,,,http://vocab.nerc.ac.uk/collection/P01/current/IDTCRE01,,
ARMS_TZS_Angbat_20200608_20201117_SF40_ETOH_s1_r1:Otu239,submergedTime,day,162,http://vocab.nerc.ac.uk/collection/P01/current/AZDRZZ01/,https://vocab.nerc.ac.uk/collection/P06/current/UTAA/,
ARMS_TZS_Angbat_20200608_20201117_SF40_ETOH_s1_r1:Otu239,preservativeUsed,,EtOH,http://vocab.nerc.ac.uk/collection/Q01/current/Q0100004/,,https://pubchem.ncbi.nlm.nih.gov/compound/702
ARMS_TZS_Angbat_20200608_20201117_SF40_ETOH_s1_r1:Otu239,lowerLimitFilterSize,micrometer,40,http://vocab.nerc.ac.uk/collection/Q01/current/Q0100011/,https://vocab.nerc.ac.uk/collection/P06/current/UMIC/,
ARMS_TZS_Angbat_20200608_20201117_SF40_ETOH_s1_r1:Otu239,sampleAccessionNumber,,SAMEA10020995,,,
ARMS_TZS_Angbat_20200608_20201117_SF40_ETOH_s1_r1:Otu239,NCBIID,,6020,,,
ARMS_TZS_Angbat_20200608_20201117_SF40_ETOH_s1_r1:Otu239,NCBIScientificName,,Oligohymenophorea,,,
ARMS_TZS_Angbat_20200608_20201117_SF40_ETOH_s1_r1:Otu239,NCBITaxonRank,,class,,,
ARMS_TZS_Angbat_20200608_20201117_SF40_ETOH_s1_r1:Otu239,fieldReplicateID,,no replicate,http://vocab.nerc.ac.uk/collection/P01/current/IDSPRE01,,
ARMS_TZS_Angbat_20200608_20201117_SF40_ETOH_s1_r1:Otu239,technicalReplicateID,,,http://vocab.nerc.ac.uk/collection/P01/current/IDTCRE01,,
ARMS_TZS_Angbat_20200608_20201117_SF40_ETOH_s1_r1:Otu238,submergedTime,day,162,http://vocab.nerc.ac.uk/collection/P01/current/AZDRZZ01/,https://vocab.nerc.ac.uk/collection/P06/current/UTAA/,
ARMS_TZS_Angbat_20200608_20201117_SF40_ETOH_s1_r1:Otu238,preservativeUsed,,EtOH,http://vocab.nerc.ac.uk/collection/Q01/current/Q0100004/,,https://pubchem.ncbi.nlm.nih.gov/compound/702
ARMS_TZS_Angbat_20200608_20201117_SF40_ETOH_s1_r1:Otu238,lowerLimitFilterSize,micrometer,40,http://vocab.nerc.ac.uk/collection/Q01/current/Q0100011/,https://vocab.nerc.ac.uk/collection/P06/current/UMIC/,
ARMS_TZS_Angbat_20200608_20201117_SF40_ETOH_s1_r1:Otu238,sampleAccessionNumber,,SAMEA10020995,,,
ARMS_TZS_Angbat_20200608_20201117_SF40_ETOH_s1_r1:Otu238,NCBIID,,168252,,,
ARMS_TZS_Angbat_20200608_20201117_SF40_ETOH_s1_r1:Otu238,NCBIScientificName,,Vaginicolidae,,,
ARMS_TZS_Angbat_20200608_20201117_SF40_ETOH_s1_r1:Otu238,NCBITaxonRank,,family,,,
ARMS_TZS_Angbat_20200608_20201117_SF40_ETOH_s1_r1:Otu238,fieldReplicateID,,no replicate,http://vocab.nerc.ac.uk/collection/P01/current/IDSPRE01,,
ARMS_TZS_Angbat_20200608_20201117_SF40_ETOH_s1_r1:Otu238,technicalReplicateID,,,http://vocab.nerc.ac.uk/collection/P01/current/IDTCRE01,,
ARMS_TZS_Angbat_20200608_20201117_SF40_ETOH_s1_r1:Otu168,submergedTime,day,162,http://vocab.nerc.ac.uk/collection/P01/current/AZDRZZ01/,https://vocab.nerc.ac.uk/collection/P06/current/UTAA/,
ARMS_TZS_Angbat_20200608_20201117_SF40_ETOH_s1_r1:Otu168,preservativeUsed,,EtOH,http://vocab.nerc.ac.uk/collection/Q01/current/Q0100004/,,https://pubchem.ncbi.nlm.nih.gov/compound/702
ARMS_TZS_Angbat_20200608_20201117_SF40_ETOH_s1_r1:Otu168,lowerLimitFilterSize,micrometer,40,http://vocab.nerc.ac.uk/collection/Q01/current/Q0100011/,https://vocab.nerc.ac.uk/collection/P06/current/UMIC/,
ARMS_TZS_Angbat_20200608_20201117_SF40_ETOH_s1_r1:Otu168,sampleAccessionNumber,,SAMEA10020995,,,
ARMS_TZS_Angbat_20200608_20201117_SF40_ETOH_s1_r1:Otu168,NCBIID,,2836,,,
ARMS_TZS_Angbat_20200608_20201117_SF40_ETOH_s1_r1:Otu168,NCBIScientificName,,Bacillariophyta,,,
ARMS_TZS_Angbat_20200608_20201117_SF40_ETOH_s1_r1:Otu168,NCBITaxonRank,,phylum,,,
ARMS_TZS_Angbat_20200608_20201117_SF40_ETOH_s1_r1:Otu168,fieldReplicateID,,no replicate,http://vocab.nerc.ac.uk/collection/P01/current/IDSPRE01,,
ARMS_TZS_Angbat_20200608_20201117_SF40_ETOH_s1_r1:Otu168,technicalReplicateID,,,http://vocab.nerc.ac.uk/collection/P01/current/IDTCRE01,,
ARMS_TZS_Angbat_20200608_20201117_SF40_ETOH_s1_r1:Otu5,submergedTime,day,162,http://vocab.nerc.ac.uk/collection/P01/current/AZDRZZ01/,https://vocab.nerc.ac.uk/collection/P06/current/UTAA/,
ARMS_TZS_Angbat_20200608_20201117_SF40_ETOH_s1_r1:Otu5,preservativeUsed,,EtOH,http://vocab.nerc.ac.uk/collection/Q01/current/Q0100004/,,https://pubchem.ncbi.nlm.nih.gov/compound/702
ARMS_TZS_Angbat_20200608_20201117_SF40_ETOH_s1_r1:Otu5,lowerLimitFilterSize,micrometer,40,http://vocab.nerc.ac.uk/collection/Q01/current/Q0100011/,https://vocab.nerc.ac.uk/collection/P06/current/UMIC/,
ARMS_TZS_Angbat_20200608_20201117_SF40_ETOH_s1_r1:Otu5,sampleAccessionNumber,,SAMEA10020995,,,
ARMS_TZS_Angbat_20200608_20201117_SF40_ETOH_s1_r1:Otu5,NCBIID,,32443,,,
ARMS_TZS_Angbat_20200608_20201117_SF40_ETOH_s1_r1:Otu5,NCBIScientificName,,Teleostei,,,
ARMS_TZS_Angbat_20200608_20201117_SF40_ETOH_s1_r1:Otu5,NCBITaxonRank,,infraclass,,,
ARMS_TZS_Angbat_20200608_20201117_SF40_ETOH_s1_r1:Otu5,fieldReplicateID,,no replicate,http://vocab.nerc.ac.uk/collection/P01/current/IDSPRE01,,
ARMS_TZS_Angbat_20200608_20201117_SF40_ETOH_s1_r1:Otu5,technicalReplicateID,,,http://vocab.nerc.ac.uk/collection/P01/current/IDTCRE01,,
ARMS_TZS_Angbat_20200608_20201117_SF40_ETOH_s1_r1:Otu1,submergedTime,day,162,http://vocab.nerc.ac.uk/collection/P01/current/AZDRZZ01/,https://vocab.nerc.ac.uk/collection/P06/current/UTAA/,
ARMS_TZS_Angbat_20200608_20201117_SF40_ETOH_s1_r1:Otu1,preservativeUsed,,EtOH,http://vocab.nerc.ac.uk/collection/Q01/current/Q0100004/,,https://pubchem.ncbi.nlm.nih.gov/compound/702
ARMS_TZS_Angbat_20200608_20201117_SF40_ETOH_s1_r1:Otu1,lowerLimitFilterSize,micrometer,40,http://vocab.nerc.ac.uk/collection/Q01/current/Q0100011/,https://vocab.nerc.ac.uk/collection/P06/current/UMIC/,
ARMS_TZS_Angbat_20200608_20201117_SF40_ETOH_s1_r1:Otu1,sampleAccessionNumber,,SAMEA10020995,,,
ARMS_TZS_Angbat_20200608_20201117_SF40_ETOH_s1_r1:Otu1,NCBIID,,6657,,,
ARMS_TZS_Angbat_20200608_20201117_SF40_ETOH_s1_r1:Otu1,NCBIScientificName,,Crustacea,,,
ARMS_TZS_Angbat_20200608_20201117_SF40_ETOH_s1_r1:Otu1,NCBITaxonRank,,subphylum,,,
ARMS_TZS_Angbat_20200608_20201117_SF40_ETOH_s1_r1:Otu1,fieldReplicateID,,no replicate,http://vocab.nerc.ac.uk/collection/P01/current/IDSPRE01,,
ARMS_TZS_Angbat_20200608_20201117_SF40_ETOH_s1_r1:Otu1,technicalReplicateID,,,http://vocab.nerc.ac.uk/collection/P01/current/IDTCRE01,,
ARMS_TZS_Angbat_20200608_20201117_SF40_ETOH_s1_r1:Otu50,submergedTime,day,162,http://vocab.nerc.ac.uk/collection/P01/current/AZDRZZ01/,https://vocab.nerc.ac.uk/collection/P06/current/UTAA/,
ARMS_TZS_Angbat_20200608_20201117_SF40_ETOH_s1_r1:Otu50,preservativeUsed,,EtOH,http://vocab.nerc.ac.uk/collection/Q01/current/Q0100004/,,https://pubchem.ncbi.nlm.nih.gov/compound/702
ARMS_TZS_Angbat_20200608_20201117_SF40_ETOH_s1_r1:Otu50,lowerLimitFilterSize,micrometer,40,http://vocab.nerc.ac.uk/collection/Q01/current/Q0100011/,https://vocab.nerc.ac.uk/collection/P06/current/UMIC/,
ARMS_TZS_Angbat_20200608_20201117_SF40_ETOH_s1_r1:Otu50,sampleAccessionNumber,,SAMEA10020995,,,
ARMS_TZS_Angbat_20200608_20201117_SF40_ETOH_s1_r1:Otu50,NCBIID,,2806,,,
ARMS_TZS_Angbat_20200608_20201117_SF40_ETOH_s1_r1:Otu50,NCBIScientificName,,Florideophyceae,,,
ARMS_TZS_Angbat_20200608_20201117_SF40_ETOH_s1_r1:Otu50,NCBITaxonRank,,class,,,
ARMS_TZS_Angbat_20200608_20201117_SF40_ETOH_s1_r1:Otu50,fieldReplicateID,,no replicate,http://vocab.nerc.ac.uk/collection/P01/current/IDSPRE01,,
ARMS_TZS_Angbat_20200608_20201117_SF40_ETOH_s1_r1:Otu50,technicalReplicateID,,,http://vocab.nerc.ac.uk/collection/P01/current/IDTCRE01,,
ARMS_TZS_Angbat_20200608_20201117_SF40_ETOH_s1_r1:Otu51,submergedTime,day,162,http://vocab.nerc.ac.uk/collection/P01/current/AZDRZZ01/,https://vocab.nerc.ac.uk/collection/P06/current/UTAA/,
ARMS_TZS_Angbat_20200608_20201117_SF40_ETOH_s1_r1:Otu51,preservativeUsed,,EtOH,http://vocab.nerc.ac.uk/collection/Q01/current/Q0100004/,,https://pubchem.ncbi.nlm.nih.gov/compound/702
ARMS_TZS_Angbat_20200608_20201117_SF40_ETOH_s1_r1:Otu51,lowerLimitFilterSize,micrometer,40,http://vocab.nerc.ac.uk/collection/Q01/current/Q0100011/,https://vocab.nerc.ac.uk/collection/P06/current/UMIC/,
ARMS_TZS_Angbat_20200608_20201117_SF40_ETOH_s1_r1:Otu51,sampleAccessionNumber,,SAMEA10020995,,,
ARMS_TZS_Angbat_20200608_20201117_SF40_ETOH_s1_r1:Otu51,NCBIID,,647164,,,
ARMS_TZS_Angbat_20200608_20201117_SF40_ETOH_s1_r1:Otu51,NCBIScientificName,,Punctodora,,,
ARMS_TZS_Angbat_20200608_20201117_SF40_ETOH_s1_r1:Otu51,NCBITaxonRank,,genus,,,
ARMS_TZS_Angbat_20200608_20201117_SF40_ETOH_s1_r1:Otu51,fieldReplicateID,,no replicate,http://vocab.nerc.ac.uk/collection/P01/current/IDSPRE01,,
ARMS_TZS_Angbat_20200608_20201117_SF40_ETOH_s1_r1:Otu51,technicalReplicateID,,,http://vocab.nerc.ac.uk/collection/P01/current/IDTCRE01,,
ARMS_TZS_Angbat_20200608_20201117_SF40_ETOH_s1_r1:Otu57,submergedTime,day,162,http://vocab.nerc.ac.uk/collection/P01/current/AZDRZZ01/,https://vocab.nerc.ac.uk/collection/P06/current/UTAA/,
ARMS_TZS_Angbat_20200608_20201117_SF40_ETOH_s1_r1:Otu57,preservativeUsed,,EtOH,http://vocab.nerc.ac.uk/collection/Q01/current/Q0100004/,,https://pubchem.ncbi.nlm.nih.gov/compound/702
ARMS_TZS_Angbat_20200608_20201117_SF40_ETOH_s1_r1:Otu57,lowerLimitFilterSize,micrometer,40,http://vocab.nerc.ac.uk/collection/Q01/current/Q0100011/,https://vocab.nerc.ac.uk/collection/P06/current/UMIC/,
ARMS_TZS_Angbat_20200608_20201117_SF40_ETOH_s1_r1:Otu57,sampleAccessionNumber,,SAMEA10020995,,,
ARMS_TZS_Angbat_20200608_20201117_SF40_ETOH_s1_r1:Otu57,NCBIID,,6144,,,
ARMS_TZS_Angbat_20200608_20201117_SF40_ETOH_s1_r1:Otu57,NCBIScientificName,,Aurelia,,,
ARMS_TZS_Angbat_20200608_20201117_SF40_ETOH_s1_r1:Otu57,NCBITaxonRank,,genus,,,
ARMS_TZS_Angbat_20200608_20201117_SF40_ETOH_s1_r1:Otu57,fieldReplicateID,,no replicate,http://vocab.nerc.ac.uk/collection/P01/current/IDSPRE01,,
ARMS_TZS_Angbat_20200608_20201117_SF40_ETOH_s1_r1:Otu57,technicalReplicateID,,,http://vocab.nerc.ac.uk/collection/P01/current/IDTCRE01,,
ARMS_TZS_Angbat_20200608_20201117_SF40_ETOH_s1_r1:Otu202,submergedTime,day,162,http://vocab.nerc.ac.uk/collection/P01/current/AZDRZZ01/,https://vocab.nerc.ac.uk/collection/P06/current/UTAA/,
ARMS_TZS_Angbat_20200608_20201117_SF40_ETOH_s1_r1:Otu202,preservativeUsed,,EtOH,http://vocab.nerc.ac.uk/collection/Q01/current/Q0100004/,,https://pubchem.ncbi.nlm.nih.gov/compound/702
ARMS_TZS_Angbat_20200608_20201117_SF40_ETOH_s1_r1:Otu202,lowerLimitFilterSize,micrometer,40,http://vocab.nerc.ac.uk/collection/Q01/current/Q0100011/,https://vocab.nerc.ac.uk/collection/P06/current/UMIC/,
ARMS_TZS_Angbat_20200608_20201117_SF40_ETOH_s1_r1:Otu202,sampleAccessionNumber,,SAMEA10020995,,,
ARMS_TZS_Angbat_20200608_20201117_SF40_ETOH_s1_r1:Otu202,NCBIID,,6657,,,
ARMS_TZS_Angbat_20200608_20201117_SF40_ETOH_s1_r1:Otu202,NCBIScientificName,,Crustacea,,,
ARMS_TZS_Angbat_20200608_20201117_SF40_ETOH_s1_r1:Otu202,NCBITaxonRank,,subphylum,,,
ARMS_TZS_Angbat_20200608_20201117_SF40_ETOH_s1_r1:Otu202,fieldReplicateID,,no replicate,http://vocab.nerc.ac.uk/collection/P01/current/IDSPRE01,,
ARMS_TZS_Angbat_20200608_20201117_SF40_ETOH_s1_r1:Otu202,technicalReplicateID,,,http://vocab.nerc.ac.uk/collection/P01/current/IDTCRE01,,
ARMS_TZS_Angbat_20200608_20201117_SF40_ETOH_s1_r1:Otu203,submergedTime,day,162,http://vocab.nerc.ac.uk/collection/P01/current/AZDRZZ01/,https://vocab.nerc.ac.uk/collection/P06/current/UTAA/,
ARMS_TZS_Angbat_20200608_20201117_SF40_ETOH_s1_r1:Otu203,preservativeUsed,,EtOH,http://vocab.nerc.ac.uk/collection/Q01/current/Q0100004/,,https://pubchem.ncbi.nlm.nih.gov/compound/702
ARMS_TZS_Angbat_20200608_20201117_SF40_ETOH_s1_r1:Otu203,lowerLimitFilterSize,micrometer,40,http://vocab.nerc.ac.uk/collection/Q01/current/Q0100011/,https://vocab.nerc.ac.uk/collection/P06/current/UMIC/,
ARMS_TZS_Angbat_20200608_20201117_SF40_ETOH_s1_r1:Otu203,sampleAccessionNumber,,SAMEA10020995,,,
ARMS_TZS_Angbat_20200608_20201117_SF40_ETOH_s1_r1:Otu203,NCBIID,,6020,,,
ARMS_TZS_Angbat_20200608_20201117_SF40_ETOH_s1_r1:Otu203,NCBIScientificName,,Oligohymenophorea,,,
ARMS_TZS_Angbat_20200608_20201117_SF40_ETOH_s1_r1:Otu203,NCBITaxonRank,,class,,,
ARMS_TZS_Angbat_20200608_20201117_SF40_ETOH_s1_r1:Otu203,fieldReplicateID,,no replicate,http://vocab.nerc.ac.uk/collection/P01/current/IDSPRE01,,
ARMS_TZS_Angbat_20200608_20201117_SF40_ETOH_s1_r1:Otu203,technicalReplicateID,,,http://vocab.nerc.ac.uk/collection/P01/current/IDTCRE01,,
ARMS_TZS_Angbat_20200608_20201117_SF40_ETOH_s1_r1:Otu200,submergedTime,day,162,http://vocab.nerc.ac.uk/collection/P01/current/AZDRZZ01/,https://vocab.nerc.ac.uk/collection/P06/current/UTAA/,
ARMS_TZS_Angbat_20200608_20201117_SF40_ETOH_s1_r1:Otu200,preservativeUsed,,EtOH,http://vocab.nerc.ac.uk/collection/Q01/current/Q0100004/,,https://pubchem.ncbi.nlm.nih.gov/compound/702
ARMS_TZS_Angbat_20200608_20201117_SF40_ETOH_s1_r1:Otu200,lowerLimitFilterSize,micrometer,40,http://vocab.nerc.ac.uk/collection/Q01/current/Q0100011/,https://vocab.nerc.ac.uk/collection/P06/current/UMIC/,
ARMS_TZS_Angbat_20200608_20201117_SF40_ETOH_s1_r1:Otu200,sampleAccessionNumber,,SAMEA10020995,,,
ARMS_TZS_Angbat_20200608_20201117_SF40_ETOH_s1_r1:Otu200,NCBIID,,168252,,,
ARMS_TZS_Angbat_20200608_20201117_SF40_ETOH_s1_r1:Otu200,NCBIScientificName,,Vaginicolidae,,,
ARMS_TZS_Angbat_20200608_20201117_SF40_ETOH_s1_r1:Otu200,NCBITaxonRank,,family,,,
ARMS_TZS_Angbat_20200608_20201117_SF40_ETOH_s1_r1:Otu200,fieldReplicateID,,no replicate,http://vocab.nerc.ac.uk/collection/P01/current/IDSPRE01,,
ARMS_TZS_Angbat_20200608_20201117_SF40_ETOH_s1_r1:Otu200,technicalReplicateID,,,http://vocab.nerc.ac.uk/collection/P01/current/IDTCRE01,,
ARMS_TZS_Angbat_20200608_20201117_SF40_ETOH_s1_r1:Otu273,submergedTime,day,162,http://vocab.nerc.ac.uk/collection/P01/current/AZDRZZ01/,https://vocab.nerc.ac.uk/collection/P06/current/UTAA/,
ARMS_TZS_Angbat_20200608_20201117_SF40_ETOH_s1_r1:Otu273,preservativeUsed,,EtOH,http://vocab.nerc.ac.uk/collection/Q01/current/Q0100004/,,https://pubchem.ncbi.nlm.nih.gov/compound/702
ARMS_TZS_Angbat_20200608_20201117_SF40_ETOH_s1_r1:Otu273,lowerLimitFilterSize,micrometer,40,http://vocab.nerc.ac.uk/collection/Q01/current/Q0100011/,https://vocab.nerc.ac.uk/collection/P06/current/UMIC/,
ARMS_TZS_Angbat_20200608_20201117_SF40_ETOH_s1_r1:Otu273,sampleAccessionNumber,,SAMEA10020995,,,
ARMS_TZS_Angbat_20200608_20201117_SF40_ETOH_s1_r1:Otu273,NCBIID,,33313,,,
ARMS_TZS_Angbat_20200608_20201117_SF40_ETOH_s1_r1:Otu273,NCBIScientificName,,Gastrotricha,,,
ARMS_TZS_Angbat_20200608_20201117_SF40_ETOH_s1_r1:Otu273,NCBITaxonRank,,phylum,,,
ARMS_TZS_Angbat_20200608_20201117_SF40_ETOH_s1_r1:Otu273,fieldReplicateID,,no replicate,http://vocab.nerc.ac.uk/collection/P01/current/IDSPRE01,,
ARMS_TZS_Angbat_20200608_20201117_SF40_ETOH_s1_r1:Otu273,technicalReplicateID,,,http://vocab.nerc.ac.uk/collection/P01/current/IDTCRE01,,
ARMS_TZS_Angbat_20200608_20201117_SF40_ETOH_s1_r1:Otu272,submergedTime,day,162,http://vocab.nerc.ac.uk/collection/P01/current/AZDRZZ01/,https://vocab.nerc.ac.uk/collection/P06/current/UTAA/,
ARMS_TZS_Angbat_20200608_20201117_SF40_ETOH_s1_r1:Otu272,preservativeUsed,,EtOH,http://vocab.nerc.ac.uk/collection/Q01/current/Q0100004/,,https://pubchem.ncbi.nlm.nih.gov/compound/702
ARMS_TZS_Angbat_20200608_20201117_SF40_ETOH_s1_r1:Otu272,lowerLimitFilterSize,micrometer,40,http://vocab.nerc.ac.uk/collection/Q01/current/Q0100011/,https://vocab.nerc.ac.uk/collection/P06/current/UMIC/,
ARMS_TZS_Angbat_20200608_20201117_SF40_ETOH_s1_r1:Otu272,sampleAccessionNumber,,SAMEA10020995,,,
ARMS_TZS_Angbat_20200608_20201117_SF40_ETOH_s1_r1:Otu272,NCBIID,,451827,,,
ARMS_TZS_Angbat_20200608_20201117_SF40_ETOH_s1_r1:Otu272,NCBIScientificName,,Zoopagomycotina,,,
ARMS_TZS_Angbat_20200608_20201117_SF40_ETOH_s1_r1:Otu272,NCBITaxonRank,,subphylum,,,
ARMS_TZS_Angbat_20200608_20201117_SF40_ETOH_s1_r1:Otu272,fieldReplicateID,,no replicate,http://vocab.nerc.ac.uk/collection/P01/current/IDSPRE01,,
ARMS_TZS_Angbat_20200608_20201117_SF40_ETOH_s1_r1:Otu272,technicalReplicateID,,,http://vocab.nerc.ac.uk/collection/P01/current/IDTCRE01,,
ARMS_TZS_Angbat_20200608_20201117_SF40_ETOH_s1_r1:Otu270,submergedTime,day,162,http://vocab.nerc.ac.uk/collection/P01/current/AZDRZZ01/,https://vocab.nerc.ac.uk/collection/P06/current/UTAA/,
ARMS_TZS_Angbat_20200608_20201117_SF40_ETOH_s1_r1:Otu270,preservativeUsed,,EtOH,http://vocab.nerc.ac.uk/collection/Q01/current/Q0100004/,,https://pubchem.ncbi.nlm.nih.gov/compound/702
ARMS_TZS_Angbat_20200608_20201117_SF40_ETOH_s1_r1:Otu270,lowerLimitFilterSize,micrometer,40,http://vocab.nerc.ac.uk/collection/Q01/current/Q0100011/,https://vocab.nerc.ac.uk/collection/P06/current/UMIC/,
ARMS_TZS_Angbat_20200608_20201117_SF40_ETOH_s1_r1:Otu270,sampleAccessionNumber,,SAMEA10020995,,,
ARMS_TZS_Angbat_20200608_20201117_SF40_ETOH_s1_r1:Otu270,NCBIID,,27901,,,
ARMS_TZS_Angbat_20200608_20201117_SF40_ETOH_s1_r1:Otu270,NCBIScientificName,,Rhabdocoela,,,
ARMS_TZS_Angbat_20200608_20201117_SF40_ETOH_s1_r1:Otu270,NCBITaxonRank,,order,,,
ARMS_TZS_Angbat_20200608_20201117_SF40_ETOH_s1_r1:Otu270,fieldReplicateID,,no replicate,http://vocab.nerc.ac.uk/collection/P01/current/IDSPRE01,,
ARMS_TZS_Angbat_20200608_20201117_SF40_ETOH_s1_r1:Otu270,technicalReplicateID,,,http://vocab.nerc.ac.uk/collection/P01/current/IDTCRE01,,
ARMS_TZS_Angbat_20200608_20201117_SF40_ETOH_s1_r1:Otu275,submergedTime,day,162,http://vocab.nerc.ac.uk/collection/P01/current/AZDRZZ01/,https://vocab.nerc.ac.uk/collection/P06/current/UTAA/,
ARMS_TZS_Angbat_20200608_20201117_SF40_ETOH_s1_r1:Otu275,preservativeUsed,,EtOH,http://vocab.nerc.ac.uk/collection/Q01/current/Q0100004/,,https://pubchem.ncbi.nlm.nih.gov/compound/702
ARMS_TZS_Angbat_20200608_20201117_SF40_ETOH_s1_r1:Otu275,lowerLimitFilterSize,micrometer,40,http://vocab.nerc.ac.uk/collection/Q01/current/Q0100011/,https://vocab.nerc.ac.uk/collection/P06/current/UMIC/,
ARMS_TZS_Angbat_20200608_20201117_SF40_ETOH_s1_r1:Otu275,sampleAccessionNumber,,SAMEA10020995,,,
ARMS_TZS_Angbat_20200608_20201117_SF40_ETOH_s1_r1:Otu275,NCBIID,,2842,,,
ARMS_TZS_Angbat_20200608_20201117_SF40_ETOH_s1_r1:Otu275,NCBIScientificName,,Skeletonema,,,
ARMS_TZS_Angbat_20200608_20201117_SF40_ETOH_s1_r1:Otu275,NCBITaxonRank,,genus,,,
ARMS_TZS_Angbat_20200608_20201117_SF40_ETOH_s1_r1:Otu275,fieldReplicateID,,no replicate,http://vocab.nerc.ac.uk/collection/P01/current/IDSPRE01,,
ARMS_TZS_Angbat_20200608_20201117_SF40_ETOH_s1_r1:Otu275,technicalReplicateID,,,http://vocab.nerc.ac.uk/collection/P01/current/IDTCRE01,,
ARMS_TZS_Angbat_20200608_20201117_SF40_ETOH_s1_r1:Otu104,submergedTime,day,162,http://vocab.nerc.ac.uk/collection/P01/current/AZDRZZ01/,https://vocab.nerc.ac.uk/collection/P06/current/UTAA/,
ARMS_TZS_Angbat_20200608_20201117_SF40_ETOH_s1_r1:Otu104,preservativeUsed,,EtOH,http://vocab.nerc.ac.uk/collection/Q01/current/Q0100004/,,https://pubchem.ncbi.nlm.nih.gov/compound/702
ARMS_TZS_Angbat_20200608_20201117_SF40_ETOH_s1_r1:Otu104,lowerLimitFilterSize,micrometer,40,http://vocab.nerc.ac.uk/collection/Q01/current/Q0100011/,https://vocab.nerc.ac.uk/collection/P06/current/UMIC/,
ARMS_TZS_Angbat_20200608_20201117_SF40_ETOH_s1_r1:Otu104,sampleAccessionNumber,,SAMEA10020995,,,
ARMS_TZS_Angbat_20200608_20201117_SF40_ETOH_s1_r1:Otu104,NCBIID,,5934,,,
ARMS_TZS_Angbat_20200608_20201117_SF40_ETOH_s1_r1:Otu104,NCBIScientificName,,Hypotrichia,,,
ARMS_TZS_Angbat_20200608_20201117_SF40_ETOH_s1_r1:Otu104,NCBITaxonRank,,subclass,,,
ARMS_TZS_Angbat_20200608_20201117_SF40_ETOH_s1_r1:Otu104,fieldReplicateID,,no replicate,http://vocab.nerc.ac.uk/collection/P01/current/IDSPRE01,,
ARMS_TZS_Angbat_20200608_20201117_SF40_ETOH_s1_r1:Otu104,technicalReplicateID,,,http://vocab.nerc.ac.uk/collection/P01/current/IDTCRE01,,
ARMS_TZS_Angbat_20200608_20201117_SF40_ETOH_s1_r1:Otu101,submergedTime,day,162,http://vocab.nerc.ac.uk/collection/P01/current/AZDRZZ01/,https://vocab.nerc.ac.uk/collection/P06/current/UTAA/,
ARMS_TZS_Angbat_20200608_20201117_SF40_ETOH_s1_r1:Otu101,preservativeUsed,,EtOH,http://vocab.nerc.ac.uk/collection/Q01/current/Q0100004/,,https://pubchem.ncbi.nlm.nih.gov/compound/702
ARMS_TZS_Angbat_20200608_20201117_SF40_ETOH_s1_r1:Otu101,lowerLimitFilterSize,micrometer,40,http://vocab.nerc.ac.uk/collection/Q01/current/Q0100011/,https://vocab.nerc.ac.uk/collection/P06/current/UMIC/,
ARMS_TZS_Angbat_20200608_20201117_SF40_ETOH_s1_r1:Otu101,sampleAccessionNumber,,SAMEA10020995,,,
ARMS_TZS_Angbat_20200608_20201117_SF40_ETOH_s1_r1:Otu101,NCBIID,,1974272,,,
ARMS_TZS_Angbat_20200608_20201117_SF40_ETOH_s1_r1:Otu101,NCBIScientificName,,Sessilida,,,
ARMS_TZS_Angbat_20200608_20201117_SF40_ETOH_s1_r1:Otu101,NCBITaxonRank,,order,,,
ARMS_TZS_Angbat_20200608_20201117_SF40_ETOH_s1_r1:Otu101,fieldReplicateID,,no replicate,http://vocab.nerc.ac.uk/collection/P01/current/IDSPRE01,,
ARMS_TZS_Angbat_20200608_20201117_SF40_ETOH_s1_r1:Otu101,technicalReplicateID,,,http://vocab.nerc.ac.uk/collection/P01/current/IDTCRE01,,
ARMS_TZS_Angbat_20200608_20201117_SF40_ETOH_s1_r1:Otu103,submergedTime,day,162,http://vocab.nerc.ac.uk/collection/P01/current/AZDRZZ01/,https://vocab.nerc.ac.uk/collection/P06/current/UTAA/,
ARMS_TZS_Angbat_20200608_20201117_SF40_ETOH_s1_r1:Otu103,preservativeUsed,,EtOH,http://vocab.nerc.ac.uk/collection/Q01/current/Q0100004/,,https://pubchem.ncbi.nlm.nih.gov/compound/702
ARMS_TZS_Angbat_20200608_20201117_SF40_ETOH_s1_r1:Otu103,lowerLimitFilterSize,micrometer,40,http://vocab.nerc.ac.uk/collection/Q01/current/Q0100011/,https://vocab.nerc.ac.uk/collection/P06/current/UMIC/,
ARMS_TZS_Angbat_20200608_20201117_SF40_ETOH_s1_r1:Otu103,sampleAccessionNumber,,SAMEA10020995,,,
ARMS_TZS_Angbat_20200608_20201117_SF40_ETOH_s1_r1:Otu103,NCBIID,,188045,,,
ARMS_TZS_Angbat_20200608_20201117_SF40_ETOH_s1_r1:Otu103,NCBIScientificName,,Philocelis,,,
ARMS_TZS_Angbat_20200608_20201117_SF40_ETOH_s1_r1:Otu103,NCBITaxonRank,,genus,,,
ARMS_TZS_Angbat_20200608_20201117_SF40_ETOH_s1_r1:Otu103,fieldReplicateID,,no replicate,http://vocab.nerc.ac.uk/collection/P01/current/IDSPRE01,,
ARMS_TZS_Angbat_20200608_20201117_SF40_ETOH_s1_r1:Otu103,technicalReplicateID,,,http://vocab.nerc.ac.uk/collection/P01/current/IDTCRE01,,
ARMS_TZS_Angbat_20200608_20201117_SF40_ETOH_s1_r1:Otu90,submergedTime,day,162,http://vocab.nerc.ac.uk/collection/P01/current/AZDRZZ01/,https://vocab.nerc.ac.uk/collection/P06/current/UTAA/,
ARMS_TZS_Angbat_20200608_20201117_SF40_ETOH_s1_r1:Otu90,preservativeUsed,,EtOH,http://vocab.nerc.ac.uk/collection/Q01/current/Q0100004/,,https://pubchem.ncbi.nlm.nih.gov/compound/702
ARMS_TZS_Angbat_20200608_20201117_SF40_ETOH_s1_r1:Otu90,lowerLimitFilterSize,micrometer,40,http://vocab.nerc.ac.uk/collection/Q01/current/Q0100011/,https://vocab.nerc.ac.uk/collection/P06/current/UMIC/,
ARMS_TZS_Angbat_20200608_20201117_SF40_ETOH_s1_r1:Otu90,sampleAccessionNumber,,SAMEA10020995,,,
ARMS_TZS_Angbat_20200608_20201117_SF40_ETOH_s1_r1:Otu90,NCBIID,,90926,,,
ARMS_TZS_Angbat_20200608_20201117_SF40_ETOH_s1_r1:Otu90,NCBIScientificName,,Postmecynostomum_pictum,,,
ARMS_TZS_Angbat_20200608_20201117_SF40_ETOH_s1_r1:Otu90,NCBITaxonRank,,species,,,
ARMS_TZS_Angbat_20200608_20201117_SF40_ETOH_s1_r1:Otu90,fieldReplicateID,,no replicate,http://vocab.nerc.ac.uk/collection/P01/current/IDSPRE01,,
ARMS_TZS_Angbat_20200608_20201117_SF40_ETOH_s1_r1:Otu90,technicalReplicateID,,,http://vocab.nerc.ac.uk/collection/P01/current/IDTCRE01,,
ARMS_TZS_Angbat_20200608_20201117_SF40_ETOH_s1_r1:Otu326,submergedTime,day,162,http://vocab.nerc.ac.uk/collection/P01/current/AZDRZZ01/,https://vocab.nerc.ac.uk/collection/P06/current/UTAA/,
ARMS_TZS_Angbat_20200608_20201117_SF40_ETOH_s1_r1:Otu326,preservativeUsed,,EtOH,http://vocab.nerc.ac.uk/collection/Q01/current/Q0100004/,,https://pubchem.ncbi.nlm.nih.gov/compound/702
ARMS_TZS_Angbat_20200608_20201117_SF40_ETOH_s1_r1:Otu326,lowerLimitFilterSize,micrometer,40,http://vocab.nerc.ac.uk/collection/Q01/current/Q0100011/,https://vocab.nerc.ac.uk/collection/P06/current/UMIC/,
ARMS_TZS_Angbat_20200608_20201117_SF40_ETOH_s1_r1:Otu326,sampleAccessionNumber,,SAMEA10020995,,,
ARMS_TZS_Angbat_20200608_20201117_SF40_ETOH_s1_r1:Otu326,NCBIID,,182551,,,
ARMS_TZS_Angbat_20200608_20201117_SF40_ETOH_s1_r1:Otu326,NCBIScientificName,,Howeina,,,
ARMS_TZS_Angbat_20200608_20201117_SF40_ETOH_s1_r1:Otu326,NCBITaxonRank,,genus,,,
ARMS_TZS_Angbat_20200608_20201117_SF40_ETOH_s1_r1:Otu326,fieldReplicateID,,no replicate,http://vocab.nerc.ac.uk/collection/P01/current/IDSPRE01,,
ARMS_TZS_Angbat_20200608_20201117_SF40_ETOH_s1_r1:Otu326,technicalReplicateID,,,http://vocab.nerc.ac.uk/collection/P01/current/IDTCRE01,,
ARMS_TZS_Angbat_20200608_20201117_SF40_ETOH_s1_r1:Otu320,submergedTime,day,162,http://vocab.nerc.ac.uk/collection/P01/current/AZDRZZ01/,https://vocab.nerc.ac.uk/collection/P06/current/UTAA/,
ARMS_TZS_Angbat_20200608_20201117_SF40_ETOH_s1_r1:Otu320,preservativeUsed,,EtOH,http://vocab.nerc.ac.uk/collection/Q01/current/Q0100004/,,https://pubchem.ncbi.nlm.nih.gov/compound/702
ARMS_TZS_Angbat_20200608_20201117_SF40_ETOH_s1_r1:Otu320,lowerLimitFilterSize,micrometer,40,http://vocab.nerc.ac.uk/collection/Q01/current/Q0100011/,https://vocab.nerc.ac.uk/collection/P06/current/UMIC/,
ARMS_TZS_Angbat_20200608_20201117_SF40_ETOH_s1_r1:Otu320,sampleAccessionNumber,,SAMEA10020995,,,
ARMS_TZS_Angbat_20200608_20201117_SF40_ETOH_s1_r1:Otu320,NCBIID,,5962,,,
ARMS_TZS_Angbat_20200608_20201117_SF40_ETOH_s1_r1:Otu320,NCBIScientificName,,Stentor,,,
ARMS_TZS_Angbat_20200608_20201117_SF40_ETOH_s1_r1:Otu320,NCBITaxonRank,,genus,,,
ARMS_TZS_Angbat_20200608_20201117_SF40_ETOH_s1_r1:Otu320,fieldReplicateID,,no replicate,http://vocab.nerc.ac.uk/collection/P01/current/IDSPRE01,,
ARMS_TZS_Angbat_20200608_20201117_SF40_ETOH_s1_r1:Otu320,technicalReplicateID,,,http://vocab.nerc.ac.uk/collection/P01/current/IDTCRE01,,
ARMS_TZS_Angbat_20200608_20201117_SF40_ETOH_s1_r1:Otu141,submergedTime,day,162,http://vocab.nerc.ac.uk/collection/P01/current/AZDRZZ01/,https://vocab.nerc.ac.uk/collection/P06/current/UTAA/,
ARMS_TZS_Angbat_20200608_20201117_SF40_ETOH_s1_r1:Otu141,preservativeUsed,,EtOH,http://vocab.nerc.ac.uk/collection/Q01/current/Q0100004/,,https://pubchem.ncbi.nlm.nih.gov/compound/702
ARMS_TZS_Angbat_20200608_20201117_SF40_ETOH_s1_r1:Otu141,lowerLimitFilterSize,micrometer,40,http://vocab.nerc.ac.uk/collection/Q01/current/Q0100011/,https://vocab.nerc.ac.uk/collection/P06/current/UMIC/,
ARMS_TZS_Angbat_20200608_20201117_SF40_ETOH_s1_r1:Otu141,sampleAccessionNumber,,SAMEA10020995,,,
ARMS_TZS_Angbat_20200608_20201117_SF40_ETOH_s1_r1:Otu141,NCBIID,,89593,,,
ARMS_TZS_Angbat_20200608_20201117_SF40_ETOH_s1_r1:Otu141,NCBIScientificName,,Craniata,,,
ARMS_TZS_Angbat_20200608_20201117_SF40_ETOH_s1_r1:Otu141,NCBITaxonRank,,subphylum,,,
ARMS_TZS_Angbat_20200608_20201117_SF40_ETOH_s1_r1:Otu141,fieldReplicateID,,no replicate,http://vocab.nerc.ac.uk/collection/P01/current/IDSPRE01,,
ARMS_TZS_Angbat_20200608_20201117_SF40_ETOH_s1_r1:Otu141,technicalReplicateID,,,http://vocab.nerc.ac.uk/collection/P01/current/IDTCRE01,,
ARMS_TZS_Angbat_20200608_20201117_SF40_ETOH_s1_r1:Otu143,submergedTime,day,162,http://vocab.nerc.ac.uk/collection/P01/current/AZDRZZ01/,https://vocab.nerc.ac.uk/collection/P06/current/UTAA/,
ARMS_TZS_Angbat_20200608_20201117_SF40_ETOH_s1_r1:Otu143,preservativeUsed,,EtOH,http://vocab.nerc.ac.uk/collection/Q01/current/Q0100004/,,https://pubchem.ncbi.nlm.nih.gov/compound/702
ARMS_TZS_Angbat_20200608_20201117_SF40_ETOH_s1_r1:Otu143,lowerLimitFilterSize,micrometer,40,http://vocab.nerc.ac.uk/collection/Q01/current/Q0100011/,https://vocab.nerc.ac.uk/collection/P06/current/UMIC/,
ARMS_TZS_Angbat_20200608_20201117_SF40_ETOH_s1_r1:Otu143,sampleAccessionNumber,,SAMEA10020995,,,
ARMS_TZS_Angbat_20200608_20201117_SF40_ETOH_s1_r1:Otu143,NCBIID,,6854,,,
ARMS_TZS_Angbat_20200608_20201117_SF40_ETOH_s1_r1:Otu143,NCBIScientificName,,Arachnida,,,
ARMS_TZS_Angbat_20200608_20201117_SF40_ETOH_s1_r1:Otu143,NCBITaxonRank,,class,,,
ARMS_TZS_Angbat_20200608_20201117_SF40_ETOH_s1_r1:Otu143,fieldReplicateID,,no replicate,http://vocab.nerc.ac.uk/collection/P01/current/IDSPRE01,,
ARMS_TZS_Angbat_20200608_20201117_SF40_ETOH_s1_r1:Otu143,technicalReplicateID,,,http://vocab.nerc.ac.uk/collection/P01/current/IDTCRE01,,
ARMS_TZS_Angbat_20200608_20201117_SF40_ETOH_s1_r1:Otu144,submergedTime,day,162,http://vocab.nerc.ac.uk/collection/P01/current/AZDRZZ01/,https://vocab.nerc.ac.uk/collection/P06/current/UTAA/,
ARMS_TZS_Angbat_20200608_20201117_SF40_ETOH_s1_r1:Otu144,preservativeUsed,,EtOH,http://vocab.nerc.ac.uk/collection/Q01/current/Q0100004/,,https://pubchem.ncbi.nlm.nih.gov/compound/702
ARMS_TZS_Angbat_20200608_20201117_SF40_ETOH_s1_r1:Otu144,lowerLimitFilterSize,micrometer,40,http://vocab.nerc.ac.uk/collection/Q01/current/Q0100011/,https://vocab.nerc.ac.uk/collection/P06/current/UMIC/,
ARMS_TZS_Angbat_20200608_20201117_SF40_ETOH_s1_r1:Otu144,sampleAccessionNumber,,SAMEA10020995,,,
ARMS_TZS_Angbat_20200608_20201117_SF40_ETOH_s1_r1:Otu144,NCBIID,,6054,,,
ARMS_TZS_Angbat_20200608_20201117_SF40_ETOH_s1_r1:Otu144,NCBIScientificName,,Spongilla,,,
ARMS_TZS_Angbat_20200608_20201117_SF40_ETOH_s1_r1:Otu144,NCBITaxonRank,,genus,,,
ARMS_TZS_Angbat_20200608_20201117_SF40_ETOH_s1_r1:Otu144,fieldReplicateID,,no replicate,http://vocab.nerc.ac.uk/collection/P01/current/IDSPRE01,,
ARMS_TZS_Angbat_20200608_20201117_SF40_ETOH_s1_r1:Otu144,technicalReplicateID,,,http://vocab.nerc.ac.uk/collection/P01/current/IDTCRE01,,
ARMS_TZS_Angbat_20200608_20201117_SF40_ETOH_s1_r1:Otu45,submergedTime,day,162,http://vocab.nerc.ac.uk/collection/P01/current/AZDRZZ01/,https://vocab.nerc.ac.uk/collection/P06/current/UTAA/,
ARMS_TZS_Angbat_20200608_20201117_SF40_ETOH_s1_r1:Otu45,preservativeUsed,,EtOH,http://vocab.nerc.ac.uk/collection/Q01/current/Q0100004/,,https://pubchem.ncbi.nlm.nih.gov/compound/702
ARMS_TZS_Angbat_20200608_20201117_SF40_ETOH_s1_r1:Otu45,lowerLimitFilterSize,micrometer,40,http://vocab.nerc.ac.uk/collection/Q01/current/Q0100011/,https://vocab.nerc.ac.uk/collection/P06/current/UMIC/,
ARMS_TZS_Angbat_20200608_20201117_SF40_ETOH_s1_r1:Otu45,sampleAccessionNumber,,SAMEA10020995,,,
ARMS_TZS_Angbat_20200608_20201117_SF40_ETOH_s1_r1:Otu45,NCBIID,,27901,,,
ARMS_TZS_Angbat_20200608_20201117_SF40_ETOH_s1_r1:Otu45,NCBIScientificName,,Rhabdocoela,,,
ARMS_TZS_Angbat_20200608_20201117_SF40_ETOH_s1_r1:Otu45,NCBITaxonRank,,order,,,
ARMS_TZS_Angbat_20200608_20201117_SF40_ETOH_s1_r1:Otu45,fieldReplicateID,,no replicate,http://vocab.nerc.ac.uk/collection/P01/current/IDSPRE01,,
ARMS_TZS_Angbat_20200608_20201117_SF40_ETOH_s1_r1:Otu45,technicalReplicateID,,,http://vocab.nerc.ac.uk/collection/P01/current/IDTCRE01,,
ARMS_TZS_Angbat_20200608_20201117_SF40_ETOH_s1_r1:Otu44,submergedTime,day,162,http://vocab.nerc.ac.uk/collection/P01/current/AZDRZZ01/,https://vocab.nerc.ac.uk/collection/P06/current/UTAA/,
ARMS_TZS_Angbat_20200608_20201117_SF40_ETOH_s1_r1:Otu44,preservativeUsed,,EtOH,http://vocab.nerc.ac.uk/collection/Q01/current/Q0100004/,,https://pubchem.ncbi.nlm.nih.gov/compound/702
ARMS_TZS_Angbat_20200608_20201117_SF40_ETOH_s1_r1:Otu44,lowerLimitFilterSize,micrometer,40,http://vocab.nerc.ac.uk/collection/Q01/current/Q0100011/,https://vocab.nerc.ac.uk/collection/P06/current/UMIC/,
ARMS_TZS_Angbat_20200608_20201117_SF40_ETOH_s1_r1:Otu44,sampleAccessionNumber,,SAMEA10020995,,,
ARMS_TZS_Angbat_20200608_20201117_SF40_ETOH_s1_r1:Otu44,NCBIID,,33836,,,
ARMS_TZS_Angbat_20200608_20201117_SF40_ETOH_s1_r1:Otu44,NCBIScientificName,,Radial-centric-basal-Coscinodiscophyceae,,,
ARMS_TZS_Angbat_20200608_20201117_SF40_ETOH_s1_r1:Otu44,NCBITaxonRank,,class,,,
ARMS_TZS_Angbat_20200608_20201117_SF40_ETOH_s1_r1:Otu44,fieldReplicateID,,no replicate,http://vocab.nerc.ac.uk/collection/P01/current/IDSPRE01,,
ARMS_TZS_Angbat_20200608_20201117_SF40_ETOH_s1_r1:Otu44,technicalReplicateID,,,http://vocab.nerc.ac.uk/collection/P01/current/IDTCRE01,,
ARMS_TZS_Angbat_20200608_20201117_SF40_ETOH_s1_r1:Otu40,submergedTime,day,162,http://vocab.nerc.ac.uk/collection/P01/current/AZDRZZ01/,https://vocab.nerc.ac.uk/collection/P06/current/UTAA/,
ARMS_TZS_Angbat_20200608_20201117_SF40_ETOH_s1_r1:Otu40,preservativeUsed,,EtOH,http://vocab.nerc.ac.uk/collection/Q01/current/Q0100004/,,https://pubchem.ncbi.nlm.nih.gov/compound/702
ARMS_TZS_Angbat_20200608_20201117_SF40_ETOH_s1_r1:Otu40,lowerLimitFilterSize,micrometer,40,http://vocab.nerc.ac.uk/collection/Q01/current/Q0100011/,https://vocab.nerc.ac.uk/collection/P06/current/UMIC/,
ARMS_TZS_Angbat_20200608_20201117_SF40_ETOH_s1_r1:Otu40,sampleAccessionNumber,,SAMEA10020995,,,
ARMS_TZS_Angbat_20200608_20201117_SF40_ETOH_s1_r1:Otu40,NCBIID,,2803,,,
ARMS_TZS_Angbat_20200608_20201117_SF40_ETOH_s1_r1:Otu40,NCBIScientificName,,Rhodomelaceae,,,
ARMS_TZS_Angbat_20200608_20201117_SF40_ETOH_s1_r1:Otu40,NCBITaxonRank,,family,,,
ARMS_TZS_Angbat_20200608_20201117_SF40_ETOH_s1_r1:Otu40,fieldReplicateID,,no replicate,http://vocab.nerc.ac.uk/collection/P01/current/IDSPRE01,,
ARMS_TZS_Angbat_20200608_20201117_SF40_ETOH_s1_r1:Otu40,technicalReplicateID,,,http://vocab.nerc.ac.uk/collection/P01/current/IDTCRE01,,
ARMS_TZS_Angbat_20200608_20201117_SF40_ETOH_s1_r1:Otu240,submergedTime,day,162,http://vocab.nerc.ac.uk/collection/P01/current/AZDRZZ01/,https://vocab.nerc.ac.uk/collection/P06/current/UTAA/,
ARMS_TZS_Angbat_20200608_20201117_SF40_ETOH_s1_r1:Otu240,preservativeUsed,,EtOH,http://vocab.nerc.ac.uk/collection/Q01/current/Q0100004/,,https://pubchem.ncbi.nlm.nih.gov/compound/702
ARMS_TZS_Angbat_20200608_20201117_SF40_ETOH_s1_r1:Otu240,lowerLimitFilterSize,micrometer,40,http://vocab.nerc.ac.uk/collection/Q01/current/Q0100011/,https://vocab.nerc.ac.uk/collection/P06/current/UMIC/,
ARMS_TZS_Angbat_20200608_20201117_SF40_ETOH_s1_r1:Otu240,sampleAccessionNumber,,SAMEA10020995,,,
ARMS_TZS_Angbat_20200608_20201117_SF40_ETOH_s1_r1:Otu240,NCBIID,,2836,,,
ARMS_TZS_Angbat_20200608_20201117_SF40_ETOH_s1_r1:Otu240,NCBIScientificName,,Bacillariophyta,,,
ARMS_TZS_Angbat_20200608_20201117_SF40_ETOH_s1_r1:Otu240,NCBITaxonRank,,phylum,,,
ARMS_TZS_Angbat_20200608_20201117_SF40_ETOH_s1_r1:Otu240,fieldReplicateID,,no replicate,http://vocab.nerc.ac.uk/collection/P01/current/IDSPRE01,,
ARMS_TZS_Angbat_20200608_20201117_SF40_ETOH_s1_r1:Otu240,technicalReplicateID,,,http://vocab.nerc.ac.uk/collection/P01/current/IDTCRE01,,
ARMS_TZS_Angbat_20200608_20201117_SF40_ETOH_s1_r1:Otu54,submergedTime,day,162,http://vocab.nerc.ac.uk/collection/P01/current/AZDRZZ01/,https://vocab.nerc.ac.uk/collection/P06/current/UTAA/,
ARMS_TZS_Angbat_20200608_20201117_SF40_ETOH_s1_r1:Otu54,preservativeUsed,,EtOH,http://vocab.nerc.ac.uk/collection/Q01/current/Q0100004/,,https://pubchem.ncbi.nlm.nih.gov/compound/702
ARMS_TZS_Angbat_20200608_20201117_SF40_ETOH_s1_r1:Otu54,lowerLimitFilterSize,micrometer,40,http://vocab.nerc.ac.uk/collection/Q01/current/Q0100011/,https://vocab.nerc.ac.uk/collection/P06/current/UMIC/,
ARMS_TZS_Angbat_20200608_20201117_SF40_ETOH_s1_r1:Otu54,sampleAccessionNumber,,SAMEA10020995,,,
ARMS_TZS_Angbat_20200608_20201117_SF40_ETOH_s1_r1:Otu54,NCBIID,,6599,,,
ARMS_TZS_Angbat_20200608_20201117_SF40_ETOH_s1_r1:Otu54,NCBIScientificName,,Heteroconchia,,,
ARMS_TZS_Angbat_20200608_20201117_SF40_ETOH_s1_r1:Otu54,NCBITaxonRank,,clade,,,
ARMS_TZS_Angbat_20200608_20201117_SF40_ETOH_s1_r1:Otu54,fieldReplicateID,,no replicate,http://vocab.nerc.ac.uk/collection/P01/current/IDSPRE01,,
ARMS_TZS_Angbat_20200608_20201117_SF40_ETOH_s1_r1:Otu54,technicalReplicateID,,,http://vocab.nerc.ac.uk/collection/P01/current/IDTCRE01,,
ARMS_TZS_Angbat_20200608_20201117_SF40_ETOH_s1_r1:Otu55,submergedTime,day,162,http://vocab.nerc.ac.uk/collection/P01/current/AZDRZZ01/,https://vocab.nerc.ac.uk/collection/P06/current/UTAA/,
ARMS_TZS_Angbat_20200608_20201117_SF40_ETOH_s1_r1:Otu55,preservativeUsed,,EtOH,http://vocab.nerc.ac.uk/collection/Q01/current/Q0100004/,,https://pubchem.ncbi.nlm.nih.gov/compound/702
ARMS_TZS_Angbat_20200608_20201117_SF40_ETOH_s1_r1:Otu55,lowerLimitFilterSize,micrometer,40,http://vocab.nerc.ac.uk/collection/Q01/current/Q0100011/,https://vocab.nerc.ac.uk/collection/P06/current/UMIC/,
ARMS_TZS_Angbat_20200608_20201117_SF40_ETOH_s1_r1:Otu55,sampleAccessionNumber,,SAMEA10020995,,,
ARMS_TZS_Angbat_20200608_20201117_SF40_ETOH_s1_r1:Otu55,NCBIID,,27901,,,
ARMS_TZS_Angbat_20200608_20201117_SF40_ETOH_s1_r1:Otu55,NCBIScientificName,,Rhabdocoela,,,
ARMS_TZS_Angbat_20200608_20201117_SF40_ETOH_s1_r1:Otu55,NCBITaxonRank,,order,,,
ARMS_TZS_Angbat_20200608_20201117_SF40_ETOH_s1_r1:Otu55,fieldReplicateID,,no replicate,http://vocab.nerc.ac.uk/collection/P01/current/IDSPRE01,,
ARMS_TZS_Angbat_20200608_20201117_SF40_ETOH_s1_r1:Otu55,technicalReplicateID,,,http://vocab.nerc.ac.uk/collection/P01/current/IDTCRE01,,
ARMS_TZS_Angbat_20200608_20201117_SF40_ETOH_s1_r1:Otu440,submergedTime,day,162,http://vocab.nerc.ac.uk/collection/P01/current/AZDRZZ01/,https://vocab.nerc.ac.uk/collection/P06/current/UTAA/,
ARMS_TZS_Angbat_20200608_20201117_SF40_ETOH_s1_r1:Otu440,preservativeUsed,,EtOH,http://vocab.nerc.ac.uk/collection/Q01/current/Q0100004/,,https://pubchem.ncbi.nlm.nih.gov/compound/702
ARMS_TZS_Angbat_20200608_20201117_SF40_ETOH_s1_r1:Otu440,lowerLimitFilterSize,micrometer,40,http://vocab.nerc.ac.uk/collection/Q01/current/Q0100011/,https://vocab.nerc.ac.uk/collection/P06/current/UMIC/,
ARMS_TZS_Angbat_20200608_20201117_SF40_ETOH_s1_r1:Otu440,sampleAccessionNumber,,SAMEA10020995,,,
ARMS_TZS_Angbat_20200608_20201117_SF40_ETOH_s1_r1:Otu440,NCBIID,,179104,,,
ARMS_TZS_Angbat_20200608_20201117_SF40_ETOH_s1_r1:Otu440,NCBIScientificName,,Argulus,,,
ARMS_TZS_Angbat_20200608_20201117_SF40_ETOH_s1_r1:Otu440,NCBITaxonRank,,genus,,,
ARMS_TZS_Angbat_20200608_20201117_SF40_ETOH_s1_r1:Otu440,fieldReplicateID,,no replicate,http://vocab.nerc.ac.uk/collection/P01/current/IDSPRE01,,
ARMS_TZS_Angbat_20200608_20201117_SF40_ETOH_s1_r1:Otu440,technicalReplicateID,,,http://vocab.nerc.ac.uk/collection/P01/current/IDTCRE01,,
ARMS_TZS_Angbat_20200608_20201117_SF40_ETOH_s1_r1:Otu441,submergedTime,day,162,http://vocab.nerc.ac.uk/collection/P01/current/AZDRZZ01/,https://vocab.nerc.ac.uk/collection/P06/current/UTAA/,
ARMS_TZS_Angbat_20200608_20201117_SF40_ETOH_s1_r1:Otu441,preservativeUsed,,EtOH,http://vocab.nerc.ac.uk/collection/Q01/current/Q0100004/,,https://pubchem.ncbi.nlm.nih.gov/compound/702
ARMS_TZS_Angbat_20200608_20201117_SF40_ETOH_s1_r1:Otu441,lowerLimitFilterSize,micrometer,40,http://vocab.nerc.ac.uk/collection/Q01/current/Q0100011/,https://vocab.nerc.ac.uk/collection/P06/current/UMIC/,
ARMS_TZS_Angbat_20200608_20201117_SF40_ETOH_s1_r1:Otu441,sampleAccessionNumber,,SAMEA10020995,,,
ARMS_TZS_Angbat_20200608_20201117_SF40_ETOH_s1_r1:Otu441,NCBIID,,232513,,,
ARMS_TZS_Angbat_20200608_20201117_SF40_ETOH_s1_r1:Otu441,NCBIScientificName,,Tabularia,,,
ARMS_TZS_Angbat_20200608_20201117_SF40_ETOH_s1_r1:Otu441,NCBITaxonRank,,genus,,,
ARMS_TZS_Angbat_20200608_20201117_SF40_ETOH_s1_r1:Otu441,fieldReplicateID,,no replicate,http://vocab.nerc.ac.uk/collection/P01/current/IDSPRE01,,
ARMS_TZS_Angbat_20200608_20201117_SF40_ETOH_s1_r1:Otu441,technicalReplicateID,,,http://vocab.nerc.ac.uk/collection/P01/current/IDTCRE01,,
ARMS_TZS_Angbat_20200608_20201117_SF40_ETOH_s1_r1:Otu442,submergedTime,day,162,http://vocab.nerc.ac.uk/collection/P01/current/AZDRZZ01/,https://vocab.nerc.ac.uk/collection/P06/current/UTAA/,
ARMS_TZS_Angbat_20200608_20201117_SF40_ETOH_s1_r1:Otu442,preservativeUsed,,EtOH,http://vocab.nerc.ac.uk/collection/Q01/current/Q0100004/,,https://pubchem.ncbi.nlm.nih.gov/compound/702
ARMS_TZS_Angbat_20200608_20201117_SF40_ETOH_s1_r1:Otu442,lowerLimitFilterSize,micrometer,40,http://vocab.nerc.ac.uk/collection/Q01/current/Q0100011/,https://vocab.nerc.ac.uk/collection/P06/current/UMIC/,
ARMS_TZS_Angbat_20200608_20201117_SF40_ETOH_s1_r1:Otu442,sampleAccessionNumber,,SAMEA10020995,,,
ARMS_TZS_Angbat_20200608_20201117_SF40_ETOH_s1_r1:Otu442,NCBIID,,172820,,,
ARMS_TZS_Angbat_20200608_20201117_SF40_ETOH_s1_r1:Otu442,NCBIScientificName,,Apusomonadidae,,,
ARMS_TZS_Angbat_20200608_20201117_SF40_ETOH_s1_r1:Otu442,NCBITaxonRank,,family,,,
ARMS_TZS_Angbat_20200608_20201117_SF40_ETOH_s1_r1:Otu442,fieldReplicateID,,no replicate,http://vocab.nerc.ac.uk/collection/P01/current/IDSPRE01,,
ARMS_TZS_Angbat_20200608_20201117_SF40_ETOH_s1_r1:Otu442,technicalReplicateID,,,http://vocab.nerc.ac.uk/collection/P01/current/IDTCRE01,,
ARMS_TZS_Angbat_20200608_20201117_SF40_ETOH_s1_r1:Otu443,submergedTime,day,162,http://vocab.nerc.ac.uk/collection/P01/current/AZDRZZ01/,https://vocab.nerc.ac.uk/collection/P06/current/UTAA/,
ARMS_TZS_Angbat_20200608_20201117_SF40_ETOH_s1_r1:Otu443,preservativeUsed,,EtOH,http://vocab.nerc.ac.uk/collection/Q01/current/Q0100004/,,https://pubchem.ncbi.nlm.nih.gov/compound/702
ARMS_TZS_Angbat_20200608_20201117_SF40_ETOH_s1_r1:Otu443,lowerLimitFilterSize,micrometer,40,http://vocab.nerc.ac.uk/collection/Q01/current/Q0100011/,https://vocab.nerc.ac.uk/collection/P06/current/UMIC/,
ARMS_TZS_Angbat_20200608_20201117_SF40_ETOH_s1_r1:Otu443,sampleAccessionNumber,,SAMEA10020995,,,
ARMS_TZS_Angbat_20200608_20201117_SF40_ETOH_s1_r1:Otu443,NCBIID,,2607628,,,
ARMS_TZS_Angbat_20200608_20201117_SF40_ETOH_s1_r1:Otu443,NCBIScientificName,,Pterocystida,,,
ARMS_TZS_Angbat_20200608_20201117_SF40_ETOH_s1_r1:Otu443,NCBITaxonRank,,order,,,
ARMS_TZS_Angbat_20200608_20201117_SF40_ETOH_s1_r1:Otu443,fieldReplicateID,,no replicate,http://vocab.nerc.ac.uk/collection/P01/current/IDSPRE01,,
ARMS_TZS_Angbat_20200608_20201117_SF40_ETOH_s1_r1:Otu443,technicalReplicateID,,,http://vocab.nerc.ac.uk/collection/P01/current/IDTCRE01,,
ARMS_TZS_Angbat_20200608_20201117_SF40_ETOH_s1_r1:Otu211,submergedTime,day,162,http://vocab.nerc.ac.uk/collection/P01/current/AZDRZZ01/,https://vocab.nerc.ac.uk/collection/P06/current/UTAA/,
ARMS_TZS_Angbat_20200608_20201117_SF40_ETOH_s1_r1:Otu211,preservativeUsed,,EtOH,http://vocab.nerc.ac.uk/collection/Q01/current/Q0100004/,,https://pubchem.ncbi.nlm.nih.gov/compound/702
ARMS_TZS_Angbat_20200608_20201117_SF40_ETOH_s1_r1:Otu211,lowerLimitFilterSize,micrometer,40,http://vocab.nerc.ac.uk/collection/Q01/current/Q0100011/,https://vocab.nerc.ac.uk/collection/P06/current/UMIC/,
ARMS_TZS_Angbat_20200608_20201117_SF40_ETOH_s1_r1:Otu211,sampleAccessionNumber,,SAMEA10020995,,,
ARMS_TZS_Angbat_20200608_20201117_SF40_ETOH_s1_r1:Otu211,NCBIID,,84149,,,
ARMS_TZS_Angbat_20200608_20201117_SF40_ETOH_s1_r1:Otu211,NCBIScientificName,,Acrorhynchides,,,
ARMS_TZS_Angbat_20200608_20201117_SF40_ETOH_s1_r1:Otu211,NCBITaxonRank,,genus,,,
ARMS_TZS_Angbat_20200608_20201117_SF40_ETOH_s1_r1:Otu211,fieldReplicateID,,no replicate,http://vocab.nerc.ac.uk/collection/P01/current/IDSPRE01,,
ARMS_TZS_Angbat_20200608_20201117_SF40_ETOH_s1_r1:Otu211,technicalReplicateID,,,http://vocab.nerc.ac.uk/collection/P01/current/IDTCRE01,,
ARMS_TZS_Angbat_20200608_20201117_SF40_ETOH_s1_r1:Otu210,submergedTime,day,162,http://vocab.nerc.ac.uk/collection/P01/current/AZDRZZ01/,https://vocab.nerc.ac.uk/collection/P06/current/UTAA/,
ARMS_TZS_Angbat_20200608_20201117_SF40_ETOH_s1_r1:Otu210,preservativeUsed,,EtOH,http://vocab.nerc.ac.uk/collection/Q01/current/Q0100004/,,https://pubchem.ncbi.nlm.nih.gov/compound/702
ARMS_TZS_Angbat_20200608_20201117_SF40_ETOH_s1_r1:Otu210,lowerLimitFilterSize,micrometer,40,http://vocab.nerc.ac.uk/collection/Q01/current/Q0100011/,https://vocab.nerc.ac.uk/collection/P06/current/UMIC/,
ARMS_TZS_Angbat_20200608_20201117_SF40_ETOH_s1_r1:Otu210,sampleAccessionNumber,,SAMEA10020995,,,
ARMS_TZS_Angbat_20200608_20201117_SF40_ETOH_s1_r1:Otu210,NCBIID,,6657,,,
ARMS_TZS_Angbat_20200608_20201117_SF40_ETOH_s1_r1:Otu210,NCBIScientificName,,Crustacea,,,
ARMS_TZS_Angbat_20200608_20201117_SF40_ETOH_s1_r1:Otu210,NCBITaxonRank,,subphylum,,,
ARMS_TZS_Angbat_20200608_20201117_SF40_ETOH_s1_r1:Otu210,fieldReplicateID,,no replicate,http://vocab.nerc.ac.uk/collection/P01/current/IDSPRE01,,
ARMS_TZS_Angbat_20200608_20201117_SF40_ETOH_s1_r1:Otu210,technicalReplicateID,,,http://vocab.nerc.ac.uk/collection/P01/current/IDTCRE01,,
ARMS_TZS_Angbat_20200608_20201117_SF40_ETOH_s1_r1:Otu212,submergedTime,day,162,http://vocab.nerc.ac.uk/collection/P01/current/AZDRZZ01/,https://vocab.nerc.ac.uk/collection/P06/current/UTAA/,
ARMS_TZS_Angbat_20200608_20201117_SF40_ETOH_s1_r1:Otu212,preservativeUsed,,EtOH,http://vocab.nerc.ac.uk/collection/Q01/current/Q0100004/,,https://pubchem.ncbi.nlm.nih.gov/compound/702
ARMS_TZS_Angbat_20200608_20201117_SF40_ETOH_s1_r1:Otu212,lowerLimitFilterSize,micrometer,40,http://vocab.nerc.ac.uk/collection/Q01/current/Q0100011/,https://vocab.nerc.ac.uk/collection/P06/current/UMIC/,
ARMS_TZS_Angbat_20200608_20201117_SF40_ETOH_s1_r1:Otu212,sampleAccessionNumber,,SAMEA10020995,,,
ARMS_TZS_Angbat_20200608_20201117_SF40_ETOH_s1_r1:Otu212,NCBIID,,178374,,,
ARMS_TZS_Angbat_20200608_20201117_SF40_ETOH_s1_r1:Otu212,NCBIScientificName,,Cyphoderia,,,
ARMS_TZS_Angbat_20200608_20201117_SF40_ETOH_s1_r1:Otu212,NCBITaxonRank,,genus,,,
ARMS_TZS_Angbat_20200608_20201117_SF40_ETOH_s1_r1:Otu212,fieldReplicateID,,no replicate,http://vocab.nerc.ac.uk/collection/P01/current/IDSPRE01,,
ARMS_TZS_Angbat_20200608_20201117_SF40_ETOH_s1_r1:Otu212,technicalReplicateID,,,http://vocab.nerc.ac.uk/collection/P01/current/IDTCRE01,,
ARMS_TZS_Angbat_20200608_20201117_SF40_ETOH_s1_r1:Otu46,submergedTime,day,162,http://vocab.nerc.ac.uk/collection/P01/current/AZDRZZ01/,https://vocab.nerc.ac.uk/collection/P06/current/UTAA/,
ARMS_TZS_Angbat_20200608_20201117_SF40_ETOH_s1_r1:Otu46,preservativeUsed,,EtOH,http://vocab.nerc.ac.uk/collection/Q01/current/Q0100004/,,https://pubchem.ncbi.nlm.nih.gov/compound/702
ARMS_TZS_Angbat_20200608_20201117_SF40_ETOH_s1_r1:Otu46,lowerLimitFilterSize,micrometer,40,http://vocab.nerc.ac.uk/collection/Q01/current/Q0100011/,https://vocab.nerc.ac.uk/collection/P06/current/UMIC/,
ARMS_TZS_Angbat_20200608_20201117_SF40_ETOH_s1_r1:Otu46,sampleAccessionNumber,,SAMEA10020995,,,
ARMS_TZS_Angbat_20200608_20201117_SF40_ETOH_s1_r1:Otu46,NCBIID,,179961,,,
ARMS_TZS_Angbat_20200608_20201117_SF40_ETOH_s1_r1:Otu46,NCBIScientificName,,Hydrobia_ulvae,,,
ARMS_TZS_Angbat_20200608_20201117_SF40_ETOH_s1_r1:Otu46,NCBITaxonRank,,species,,,
ARMS_TZS_Angbat_20200608_20201117_SF40_ETOH_s1_r1:Otu46,fieldReplicateID,,no replicate,http://vocab.nerc.ac.uk/collection/P01/current/IDSPRE01,,
ARMS_TZS_Angbat_20200608_20201117_SF40_ETOH_s1_r1:Otu46,technicalReplicateID,,,http://vocab.nerc.ac.uk/collection/P01/current/IDTCRE01,,
ARMS_TZS_Angbat_20200608_20201117_SF40_ETOH_s1_r1:Otu363,submergedTime,day,162,http://vocab.nerc.ac.uk/collection/P01/current/AZDRZZ01/,https://vocab.nerc.ac.uk/collection/P06/current/UTAA/,
ARMS_TZS_Angbat_20200608_20201117_SF40_ETOH_s1_r1:Otu363,preservativeUsed,,EtOH,http://vocab.nerc.ac.uk/collection/Q01/current/Q0100004/,,https://pubchem.ncbi.nlm.nih.gov/compound/702
ARMS_TZS_Angbat_20200608_20201117_SF40_ETOH_s1_r1:Otu363,lowerLimitFilterSize,micrometer,40,http://vocab.nerc.ac.uk/collection/Q01/current/Q0100011/,https://vocab.nerc.ac.uk/collection/P06/current/UMIC/,
ARMS_TZS_Angbat_20200608_20201117_SF40_ETOH_s1_r1:Otu363,sampleAccessionNumber,,SAMEA10020995,,,
ARMS_TZS_Angbat_20200608_20201117_SF40_ETOH_s1_r1:Otu363,NCBIID,,10205,,,
ARMS_TZS_Angbat_20200608_20201117_SF40_ETOH_s1_r1:Otu363,NCBIScientificName,,Bryozoa,,,
ARMS_TZS_Angbat_20200608_20201117_SF40_ETOH_s1_r1:Otu363,NCBITaxonRank,,phylum,,,
ARMS_TZS_Angbat_20200608_20201117_SF40_ETOH_s1_r1:Otu363,fieldReplicateID,,no replicate,http://vocab.nerc.ac.uk/collection/P01/current/IDSPRE01,,
ARMS_TZS_Angbat_20200608_20201117_SF40_ETOH_s1_r1:Otu363,technicalReplicateID,,,http://vocab.nerc.ac.uk/collection/P01/current/IDTCRE01,,
ARMS_TZS_Angbat_20200608_20201117_SF40_ETOH_s1_r1:Otu362,submergedTime,day,162,http://vocab.nerc.ac.uk/collection/P01/current/AZDRZZ01/,https://vocab.nerc.ac.uk/collection/P06/current/UTAA/,
ARMS_TZS_Angbat_20200608_20201117_SF40_ETOH_s1_r1:Otu362,preservativeUsed,,EtOH,http://vocab.nerc.ac.uk/collection/Q01/current/Q0100004/,,https://pubchem.ncbi.nlm.nih.gov/compound/702
ARMS_TZS_Angbat_20200608_20201117_SF40_ETOH_s1_r1:Otu362,lowerLimitFilterSize,micrometer,40,http://vocab.nerc.ac.uk/collection/Q01/current/Q0100011/,https://vocab.nerc.ac.uk/collection/P06/current/UMIC/,
ARMS_TZS_Angbat_20200608_20201117_SF40_ETOH_s1_r1:Otu362,sampleAccessionNumber,,SAMEA10020995,,,
ARMS_TZS_Angbat_20200608_20201117_SF40_ETOH_s1_r1:Otu362,NCBIID,,320063,,,
ARMS_TZS_Angbat_20200608_20201117_SF40_ETOH_s1_r1:Otu362,NCBIScientificName,,Calomicrolaimus,,,
ARMS_TZS_Angbat_20200608_20201117_SF40_ETOH_s1_r1:Otu362,NCBITaxonRank,,genus,,,
ARMS_TZS_Angbat_20200608_20201117_SF40_ETOH_s1_r1:Otu362,fieldReplicateID,,no replicate,http://vocab.nerc.ac.uk/collection/P01/current/IDSPRE01,,
ARMS_TZS_Angbat_20200608_20201117_SF40_ETOH_s1_r1:Otu362,technicalReplicateID,,,http://vocab.nerc.ac.uk/collection/P01/current/IDTCRE01,,
ARMS_TZS_Angbat_20200608_20201117_SF40_ETOH_s1_r1:Otu365,submergedTime,day,162,http://vocab.nerc.ac.uk/collection/P01/current/AZDRZZ01/,https://vocab.nerc.ac.uk/collection/P06/current/UTAA/,
ARMS_TZS_Angbat_20200608_20201117_SF40_ETOH_s1_r1:Otu365,preservativeUsed,,EtOH,http://vocab.nerc.ac.uk/collection/Q01/current/Q0100004/,,https://pubchem.ncbi.nlm.nih.gov/compound/702
ARMS_TZS_Angbat_20200608_20201117_SF40_ETOH_s1_r1:Otu365,lowerLimitFilterSize,micrometer,40,http://vocab.nerc.ac.uk/collection/Q01/current/Q0100011/,https://vocab.nerc.ac.uk/collection/P06/current/UMIC/,
ARMS_TZS_Angbat_20200608_20201117_SF40_ETOH_s1_r1:Otu365,sampleAccessionNumber,,SAMEA10020995,,,
ARMS_TZS_Angbat_20200608_20201117_SF40_ETOH_s1_r1:Otu365,NCBIID,,33103,,,
ARMS_TZS_Angbat_20200608_20201117_SF40_ETOH_s1_r1:Otu365,NCBIScientificName,,Ulvophyceae,,,
ARMS_TZS_Angbat_20200608_20201117_SF40_ETOH_s1_r1:Otu365,NCBITaxonRank,,class,,,
ARMS_TZS_Angbat_20200608_20201117_SF40_ETOH_s1_r1:Otu365,fieldReplicateID,,no replicate,http://vocab.nerc.ac.uk/collection/P01/current/IDSPRE01,,
ARMS_TZS_Angbat_20200608_20201117_SF40_ETOH_s1_r1:Otu365,technicalReplicateID,,,http://vocab.nerc.ac.uk/collection/P01/current/IDTCRE01,,
ARMS_TZS_Angbat_20200608_20201117_SF40_ETOH_s1_r1:Otu364,submergedTime,day,162,http://vocab.nerc.ac.uk/collection/P01/current/AZDRZZ01/,https://vocab.nerc.ac.uk/collection/P06/current/UTAA/,
ARMS_TZS_Angbat_20200608_20201117_SF40_ETOH_s1_r1:Otu364,preservativeUsed,,EtOH,http://vocab.nerc.ac.uk/collection/Q01/current/Q0100004/,,https://pubchem.ncbi.nlm.nih.gov/compound/702
ARMS_TZS_Angbat_20200608_20201117_SF40_ETOH_s1_r1:Otu364,lowerLimitFilterSize,micrometer,40,http://vocab.nerc.ac.uk/collection/Q01/current/Q0100011/,https://vocab.nerc.ac.uk/collection/P06/current/UMIC/,
ARMS_TZS_Angbat_20200608_20201117_SF40_ETOH_s1_r1:Otu364,sampleAccessionNumber,,SAMEA10020995,,,
ARMS_TZS_Angbat_20200608_20201117_SF40_ETOH_s1_r1:Otu364,NCBIID,,1974272,,,
ARMS_TZS_Angbat_20200608_20201117_SF40_ETOH_s1_r1:Otu364,NCBIScientificName,,Sessilida,,,
ARMS_TZS_Angbat_20200608_20201117_SF40_ETOH_s1_r1:Otu364,NCBITaxonRank,,order,,,
ARMS_TZS_Angbat_20200608_20201117_SF40_ETOH_s1_r1:Otu364,fieldReplicateID,,no replicate,http://vocab.nerc.ac.uk/collection/P01/current/IDSPRE01,,
ARMS_TZS_Angbat_20200608_20201117_SF40_ETOH_s1_r1:Otu364,technicalReplicateID,,,http://vocab.nerc.ac.uk/collection/P01/current/IDTCRE01,,
ARMS_TZS_Angbat_20200608_20201117_SF40_ETOH_s1_r1:Otu367,submergedTime,day,162,http://vocab.nerc.ac.uk/collection/P01/current/AZDRZZ01/,https://vocab.nerc.ac.uk/collection/P06/current/UTAA/,
ARMS_TZS_Angbat_20200608_20201117_SF40_ETOH_s1_r1:Otu367,preservativeUsed,,EtOH,http://vocab.nerc.ac.uk/collection/Q01/current/Q0100004/,,https://pubchem.ncbi.nlm.nih.gov/compound/702
ARMS_TZS_Angbat_20200608_20201117_SF40_ETOH_s1_r1:Otu367,lowerLimitFilterSize,micrometer,40,http://vocab.nerc.ac.uk/collection/Q01/current/Q0100011/,https://vocab.nerc.ac.uk/collection/P06/current/UMIC/,
ARMS_TZS_Angbat_20200608_20201117_SF40_ETOH_s1_r1:Otu367,sampleAccessionNumber,,SAMEA10020995,,,
ARMS_TZS_Angbat_20200608_20201117_SF40_ETOH_s1_r1:Otu367,NCBIID,,57506,,,
ARMS_TZS_Angbat_20200608_20201117_SF40_ETOH_s1_r1:Otu367,NCBIScientificName,,Oxytrichidae,,,
ARMS_TZS_Angbat_20200608_20201117_SF40_ETOH_s1_r1:Otu367,NCBITaxonRank,,family,,,
ARMS_TZS_Angbat_20200608_20201117_SF40_ETOH_s1_r1:Otu367,fieldReplicateID,,no replicate,http://vocab.nerc.ac.uk/collection/P01/current/IDSPRE01,,
ARMS_TZS_Angbat_20200608_20201117_SF40_ETOH_s1_r1:Otu367,technicalReplicateID,,,http://vocab.nerc.ac.uk/collection/P01/current/IDTCRE01,,
ARMS_TZS_Angbat_20200608_20201117_SF40_ETOH_s1_r1:Otu131,submergedTime,day,162,http://vocab.nerc.ac.uk/collection/P01/current/AZDRZZ01/,https://vocab.nerc.ac.uk/collection/P06/current/UTAA/,
ARMS_TZS_Angbat_20200608_20201117_SF40_ETOH_s1_r1:Otu131,preservativeUsed,,EtOH,http://vocab.nerc.ac.uk/collection/Q01/current/Q0100004/,,https://pubchem.ncbi.nlm.nih.gov/compound/702
ARMS_TZS_Angbat_20200608_20201117_SF40_ETOH_s1_r1:Otu131,lowerLimitFilterSize,micrometer,40,http://vocab.nerc.ac.uk/collection/Q01/current/Q0100011/,https://vocab.nerc.ac.uk/collection/P06/current/UMIC/,
ARMS_TZS_Angbat_20200608_20201117_SF40_ETOH_s1_r1:Otu131,sampleAccessionNumber,,SAMEA10020995,,,
ARMS_TZS_Angbat_20200608_20201117_SF40_ETOH_s1_r1:Otu131,NCBIID,,136419,,,
ARMS_TZS_Angbat_20200608_20201117_SF40_ETOH_s1_r1:Otu131,NCBIScientificName,,Cercozoa,,,
ARMS_TZS_Angbat_20200608_20201117_SF40_ETOH_s1_r1:Otu131,NCBITaxonRank,,phylum,,,
ARMS_TZS_Angbat_20200608_20201117_SF40_ETOH_s1_r1:Otu131,fieldReplicateID,,no replicate,http://vocab.nerc.ac.uk/collection/P01/current/IDSPRE01,,
ARMS_TZS_Angbat_20200608_20201117_SF40_ETOH_s1_r1:Otu131,technicalReplicateID,,,http://vocab.nerc.ac.uk/collection/P01/current/IDTCRE01,,
ARMS_TZS_Angbat_20200608_20201117_SF40_ETOH_s1_r1:Otu139,submergedTime,day,162,http://vocab.nerc.ac.uk/collection/P01/current/AZDRZZ01/,https://vocab.nerc.ac.uk/collection/P06/current/UTAA/,
ARMS_TZS_Angbat_20200608_20201117_SF40_ETOH_s1_r1:Otu139,preservativeUsed,,EtOH,http://vocab.nerc.ac.uk/collection/Q01/current/Q0100004/,,https://pubchem.ncbi.nlm.nih.gov/compound/702
ARMS_TZS_Angbat_20200608_20201117_SF40_ETOH_s1_r1:Otu139,lowerLimitFilterSize,micrometer,40,http://vocab.nerc.ac.uk/collection/Q01/current/Q0100011/,https://vocab.nerc.ac.uk/collection/P06/current/UMIC/,
ARMS_TZS_Angbat_20200608_20201117_SF40_ETOH_s1_r1:Otu139,sampleAccessionNumber,,SAMEA10020995,,,
ARMS_TZS_Angbat_20200608_20201117_SF40_ETOH_s1_r1:Otu139,NCBIID,,512231,,,
ARMS_TZS_Angbat_20200608_20201117_SF40_ETOH_s1_r1:Otu139,NCBIScientificName,,Mesochra,,,
ARMS_TZS_Angbat_20200608_20201117_SF40_ETOH_s1_r1:Otu139,NCBITaxonRank,,genus,,,
ARMS_TZS_Angbat_20200608_20201117_SF40_ETOH_s1_r1:Otu139,fieldReplicateID,,no replicate,http://vocab.nerc.ac.uk/collection/P01/current/IDSPRE01,,
ARMS_TZS_Angbat_20200608_20201117_SF40_ETOH_s1_r1:Otu139,technicalReplicateID,,,http://vocab.nerc.ac.uk/collection/P01/current/IDTCRE01,,
ARMS_TZS_Angbat_20200608_20201117_SF40_ETOH_s1_r1:Otu14,submergedTime,day,162,http://vocab.nerc.ac.uk/collection/P01/current/AZDRZZ01/,https://vocab.nerc.ac.uk/collection/P06/current/UTAA/,
ARMS_TZS_Angbat_20200608_20201117_SF40_ETOH_s1_r1:Otu14,preservativeUsed,,EtOH,http://vocab.nerc.ac.uk/collection/Q01/current/Q0100004/,,https://pubchem.ncbi.nlm.nih.gov/compound/702
ARMS_TZS_Angbat_20200608_20201117_SF40_ETOH_s1_r1:Otu14,lowerLimitFilterSize,micrometer,40,http://vocab.nerc.ac.uk/collection/Q01/current/Q0100011/,https://vocab.nerc.ac.uk/collection/P06/current/UMIC/,
ARMS_TZS_Angbat_20200608_20201117_SF40_ETOH_s1_r1:Otu14,sampleAccessionNumber,,SAMEA10020995,,,
ARMS_TZS_Angbat_20200608_20201117_SF40_ETOH_s1_r1:Otu14,NCBIID,,1070817,,,
ARMS_TZS_Angbat_20200608_20201117_SF40_ETOH_s1_r1:Otu14,NCBIScientificName,,Pentacoelum,,,
ARMS_TZS_Angbat_20200608_20201117_SF40_ETOH_s1_r1:Otu14,NCBITaxonRank,,genus,,,
ARMS_TZS_Angbat_20200608_20201117_SF40_ETOH_s1_r1:Otu14,fieldReplicateID,,no replicate,http://vocab.nerc.ac.uk/collection/P01/current/IDSPRE01,,
ARMS_TZS_Angbat_20200608_20201117_SF40_ETOH_s1_r1:Otu14,technicalReplicateID,,,http://vocab.nerc.ac.uk/collection/P01/current/IDTCRE01,,
ARMS_TZS_Angbat_20200608_20201117_SF40_ETOH_s1_r1:Otu15,submergedTime,day,162,http://vocab.nerc.ac.uk/collection/P01/current/AZDRZZ01/,https://vocab.nerc.ac.uk/collection/P06/current/UTAA/,
ARMS_TZS_Angbat_20200608_20201117_SF40_ETOH_s1_r1:Otu15,preservativeUsed,,EtOH,http://vocab.nerc.ac.uk/collection/Q01/current/Q0100004/,,https://pubchem.ncbi.nlm.nih.gov/compound/702
ARMS_TZS_Angbat_20200608_20201117_SF40_ETOH_s1_r1:Otu15,lowerLimitFilterSize,micrometer,40,http://vocab.nerc.ac.uk/collection/Q01/current/Q0100011/,https://vocab.nerc.ac.uk/collection/P06/current/UMIC/,
ARMS_TZS_Angbat_20200608_20201117_SF40_ETOH_s1_r1:Otu15,sampleAccessionNumber,,SAMEA10020995,,,
ARMS_TZS_Angbat_20200608_20201117_SF40_ETOH_s1_r1:Otu15,NCBIID,,1974272,,,
ARMS_TZS_Angbat_20200608_20201117_SF40_ETOH_s1_r1:Otu15,NCBIScientificName,,Sessilida,,,
ARMS_TZS_Angbat_20200608_20201117_SF40_ETOH_s1_r1:Otu15,NCBITaxonRank,,order,,,
ARMS_TZS_Angbat_20200608_20201117_SF40_ETOH_s1_r1:Otu15,fieldReplicateID,,no replicate,http://vocab.nerc.ac.uk/collection/P01/current/IDSPRE01,,
ARMS_TZS_Angbat_20200608_20201117_SF40_ETOH_s1_r1:Otu15,technicalReplicateID,,,http://vocab.nerc.ac.uk/collection/P01/current/IDTCRE01,,
ARMS_TZS_Angbat_20200608_20201117_SF40_ETOH_s1_r1:Otu16,submergedTime,day,162,http://vocab.nerc.ac.uk/collection/P01/current/AZDRZZ01/,https://vocab.nerc.ac.uk/collection/P06/current/UTAA/,
ARMS_TZS_Angbat_20200608_20201117_SF40_ETOH_s1_r1:Otu16,preservativeUsed,,EtOH,http://vocab.nerc.ac.uk/collection/Q01/current/Q0100004/,,https://pubchem.ncbi.nlm.nih.gov/compound/702
ARMS_TZS_Angbat_20200608_20201117_SF40_ETOH_s1_r1:Otu16,lowerLimitFilterSize,micrometer,40,http://vocab.nerc.ac.uk/collection/Q01/current/Q0100011/,https://vocab.nerc.ac.uk/collection/P06/current/UMIC/,
ARMS_TZS_Angbat_20200608_20201117_SF40_ETOH_s1_r1:Otu16,sampleAccessionNumber,,SAMEA10020995,,,
ARMS_TZS_Angbat_20200608_20201117_SF40_ETOH_s1_r1:Otu16,NCBIID,,219170,,,
ARMS_TZS_Angbat_20200608_20201117_SF40_ETOH_s1_r1:Otu16,NCBIScientificName,,Folliculinidae,,,
ARMS_TZS_Angbat_20200608_20201117_SF40_ETOH_s1_r1:Otu16,NCBITaxonRank,,family,,,
ARMS_TZS_Angbat_20200608_20201117_SF40_ETOH_s1_r1:Otu16,fieldReplicateID,,no replicate,http://vocab.nerc.ac.uk/collection/P01/current/IDSPRE01,,
ARMS_TZS_Angbat_20200608_20201117_SF40_ETOH_s1_r1:Otu16,technicalReplicateID,,,http://vocab.nerc.ac.uk/collection/P01/current/IDTCRE01,,
ARMS_TZS_Angbat_20200608_20201117_SF40_ETOH_s1_r1:Otu17,submergedTime,day,162,http://vocab.nerc.ac.uk/collection/P01/current/AZDRZZ01/,https://vocab.nerc.ac.uk/collection/P06/current/UTAA/,
ARMS_TZS_Angbat_20200608_20201117_SF40_ETOH_s1_r1:Otu17,preservativeUsed,,EtOH,http://vocab.nerc.ac.uk/collection/Q01/current/Q0100004/,,https://pubchem.ncbi.nlm.nih.gov/compound/702
ARMS_TZS_Angbat_20200608_20201117_SF40_ETOH_s1_r1:Otu17,lowerLimitFilterSize,micrometer,40,http://vocab.nerc.ac.uk/collection/Q01/current/Q0100011/,https://vocab.nerc.ac.uk/collection/P06/current/UMIC/,
ARMS_TZS_Angbat_20200608_20201117_SF40_ETOH_s1_r1:Otu17,sampleAccessionNumber,,SAMEA10020995,,,
ARMS_TZS_Angbat_20200608_20201117_SF40_ETOH_s1_r1:Otu17,NCBIID,,6546,,,
ARMS_TZS_Angbat_20200608_20201117_SF40_ETOH_s1_r1:Otu17,NCBIScientificName,,Mytiloida,,,
ARMS_TZS_Angbat_20200608_20201117_SF40_ETOH_s1_r1:Otu17,NCBITaxonRank,,order,,,
ARMS_TZS_Angbat_20200608_20201117_SF40_ETOH_s1_r1:Otu17,fieldReplicateID,,no replicate,http://vocab.nerc.ac.uk/collection/P01/current/IDSPRE01,,
ARMS_TZS_Angbat_20200608_20201117_SF40_ETOH_s1_r1:Otu17,technicalReplicateID,,,http://vocab.nerc.ac.uk/collection/P01/current/IDTCRE01,,
ARMS_TZS_Angbat_20200608_20201117_SF40_ETOH_s1_r1:Otu10,submergedTime,day,162,http://vocab.nerc.ac.uk/collection/P01/current/AZDRZZ01/,https://vocab.nerc.ac.uk/collection/P06/current/UTAA/,
ARMS_TZS_Angbat_20200608_20201117_SF40_ETOH_s1_r1:Otu10,preservativeUsed,,EtOH,http://vocab.nerc.ac.uk/collection/Q01/current/Q0100004/,,https://pubchem.ncbi.nlm.nih.gov/compound/702
ARMS_TZS_Angbat_20200608_20201117_SF40_ETOH_s1_r1:Otu10,lowerLimitFilterSize,micrometer,40,http://vocab.nerc.ac.uk/collection/Q01/current/Q0100011/,https://vocab.nerc.ac.uk/collection/P06/current/UMIC/,
ARMS_TZS_Angbat_20200608_20201117_SF40_ETOH_s1_r1:Otu10,sampleAccessionNumber,,SAMEA10020995,,,
ARMS_TZS_Angbat_20200608_20201117_SF40_ETOH_s1_r1:Otu10,NCBIID,,119397,,,
ARMS_TZS_Angbat_20200608_20201117_SF40_ETOH_s1_r1:Otu10,NCBIScientificName,,Neritopsina,,,
ARMS_TZS_Angbat_20200608_20201117_SF40_ETOH_s1_r1:Otu10,NCBITaxonRank,,subclass,,,
ARMS_TZS_Angbat_20200608_20201117_SF40_ETOH_s1_r1:Otu10,fieldReplicateID,,no replicate,http://vocab.nerc.ac.uk/collection/P01/current/IDSPRE01,,
ARMS_TZS_Angbat_20200608_20201117_SF40_ETOH_s1_r1:Otu10,technicalReplicateID,,,http://vocab.nerc.ac.uk/collection/P01/current/IDTCRE01,,
ARMS_TZS_Angbat_20200608_20201117_SF40_ETOH_s1_r1:Otu11,submergedTime,day,162,http://vocab.nerc.ac.uk/collection/P01/current/AZDRZZ01/,https://vocab.nerc.ac.uk/collection/P06/current/UTAA/,
ARMS_TZS_Angbat_20200608_20201117_SF40_ETOH_s1_r1:Otu11,preservativeUsed,,EtOH,http://vocab.nerc.ac.uk/collection/Q01/current/Q0100004/,,https://pubchem.ncbi.nlm.nih.gov/compound/702
ARMS_TZS_Angbat_20200608_20201117_SF40_ETOH_s1_r1:Otu11,lowerLimitFilterSize,micrometer,40,http://vocab.nerc.ac.uk/collection/Q01/current/Q0100011/,https://vocab.nerc.ac.uk/collection/P06/current/UMIC/,
ARMS_TZS_Angbat_20200608_20201117_SF40_ETOH_s1_r1:Otu11,sampleAccessionNumber,,SAMEA10020995,,,
ARMS_TZS_Angbat_20200608_20201117_SF40_ETOH_s1_r1:Otu11,NCBIID,,512235,,,
ARMS_TZS_Angbat_20200608_20201117_SF40_ETOH_s1_r1:Otu11,NCBIScientificName,,Paramenophia,,,
ARMS_TZS_Angbat_20200608_20201117_SF40_ETOH_s1_r1:Otu11,NCBITaxonRank,,genus,,,
ARMS_TZS_Angbat_20200608_20201117_SF40_ETOH_s1_r1:Otu11,fieldReplicateID,,no replicate,http://vocab.nerc.ac.uk/collection/P01/current/IDSPRE01,,
ARMS_TZS_Angbat_20200608_20201117_SF40_ETOH_s1_r1:Otu11,technicalReplicateID,,,http://vocab.nerc.ac.uk/collection/P01/current/IDTCRE01,,
ARMS_TZS_Angbat_20200608_20201117_SF40_ETOH_s1_r1:Otu12,submergedTime,day,162,http://vocab.nerc.ac.uk/collection/P01/current/AZDRZZ01/,https://vocab.nerc.ac.uk/collection/P06/current/UTAA/,
ARMS_TZS_Angbat_20200608_20201117_SF40_ETOH_s1_r1:Otu12,preservativeUsed,,EtOH,http://vocab.nerc.ac.uk/collection/Q01/current/Q0100004/,,https://pubchem.ncbi.nlm.nih.gov/compound/702
ARMS_TZS_Angbat_20200608_20201117_SF40_ETOH_s1_r1:Otu12,lowerLimitFilterSize,micrometer,40,http://vocab.nerc.ac.uk/collection/Q01/current/Q0100011/,https://vocab.nerc.ac.uk/collection/P06/current/UMIC/,
ARMS_TZS_Angbat_20200608_20201117_SF40_ETOH_s1_r1:Otu12,sampleAccessionNumber,,SAMEA10020995,,,
ARMS_TZS_Angbat_20200608_20201117_SF40_ETOH_s1_r1:Otu12,NCBIID,,6340,,,
ARMS_TZS_Angbat_20200608_20201117_SF40_ETOH_s1_r1:Otu12,NCBIScientificName,,Annelida,,,
ARMS_TZS_Angbat_20200608_20201117_SF40_ETOH_s1_r1:Otu12,NCBITaxonRank,,phylum,,,
ARMS_TZS_Angbat_20200608_20201117_SF40_ETOH_s1_r1:Otu12,fieldReplicateID,,no replicate,http://vocab.nerc.ac.uk/collection/P01/current/IDSPRE01,,
ARMS_TZS_Angbat_20200608_20201117_SF40_ETOH_s1_r1:Otu12,technicalReplicateID,,,http://vocab.nerc.ac.uk/collection/P01/current/IDTCRE01,,
ARMS_TZS_Angbat_20200608_20201117_SF40_ETOH_s1_r1:Otu13,submergedTime,day,162,http://vocab.nerc.ac.uk/collection/P01/current/AZDRZZ01/,https://vocab.nerc.ac.uk/collection/P06/current/UTAA/,
ARMS_TZS_Angbat_20200608_20201117_SF40_ETOH_s1_r1:Otu13,preservativeUsed,,EtOH,http://vocab.nerc.ac.uk/collection/Q01/current/Q0100004/,,https://pubchem.ncbi.nlm.nih.gov/compound/702
ARMS_TZS_Angbat_20200608_20201117_SF40_ETOH_s1_r1:Otu13,lowerLimitFilterSize,micrometer,40,http://vocab.nerc.ac.uk/collection/Q01/current/Q0100011/,https://vocab.nerc.ac.uk/collection/P06/current/UMIC/,
ARMS_TZS_Angbat_20200608_20201117_SF40_ETOH_s1_r1:Otu13,sampleAccessionNumber,,SAMEA10020995,,,
ARMS_TZS_Angbat_20200608_20201117_SF40_ETOH_s1_r1:Otu13,NCBIID,,69555,,,
ARMS_TZS_Angbat_20200608_20201117_SF40_ETOH_s1_r1:Otu13,NCBIScientificName,,Caenogastropoda,,,
ARMS_TZS_Angbat_20200608_20201117_SF40_ETOH_s1_r1:Otu13,NCBITaxonRank,,subclass,,,
ARMS_TZS_Angbat_20200608_20201117_SF40_ETOH_s1_r1:Otu13,fieldReplicateID,,no replicate,http://vocab.nerc.ac.uk/collection/P01/current/IDSPRE01,,
ARMS_TZS_Angbat_20200608_20201117_SF40_ETOH_s1_r1:Otu13,technicalReplicateID,,,http://vocab.nerc.ac.uk/collection/P01/current/IDTCRE01,,
ARMS_TZS_Angbat_20200608_20201117_SF40_ETOH_s1_r1:Otu19,submergedTime,day,162,http://vocab.nerc.ac.uk/collection/P01/current/AZDRZZ01/,https://vocab.nerc.ac.uk/collection/P06/current/UTAA/,
ARMS_TZS_Angbat_20200608_20201117_SF40_ETOH_s1_r1:Otu19,preservativeUsed,,EtOH,http://vocab.nerc.ac.uk/collection/Q01/current/Q0100004/,,https://pubchem.ncbi.nlm.nih.gov/compound/702
ARMS_TZS_Angbat_20200608_20201117_SF40_ETOH_s1_r1:Otu19,lowerLimitFilterSize,micrometer,40,http://vocab.nerc.ac.uk/collection/Q01/current/Q0100011/,https://vocab.nerc.ac.uk/collection/P06/current/UMIC/,
ARMS_TZS_Angbat_20200608_20201117_SF40_ETOH_s1_r1:Otu19,sampleAccessionNumber,,SAMEA10020995,,,
ARMS_TZS_Angbat_20200608_20201117_SF40_ETOH_s1_r1:Otu19,NCBIID,,71176,,,
ARMS_TZS_Angbat_20200608_20201117_SF40_ETOH_s1_r1:Otu19,NCBIScientificName,,Chelyosoma,,,
ARMS_TZS_Angbat_20200608_20201117_SF40_ETOH_s1_r1:Otu19,NCBITaxonRank,,genus,,,
ARMS_TZS_Angbat_20200608_20201117_SF40_ETOH_s1_r1:Otu19,fieldReplicateID,,no replicate,http://vocab.nerc.ac.uk/collection/P01/current/IDSPRE01,,
ARMS_TZS_Angbat_20200608_20201117_SF40_ETOH_s1_r1:Otu19,technicalReplicateID,,,http://vocab.nerc.ac.uk/collection/P01/current/IDTCRE01,,
ARMS_TZS_Angbat_20200608_20201117_SF40_ETOH_s1_r1:Otu185,submergedTime,day,162,http://vocab.nerc.ac.uk/collection/P01/current/AZDRZZ01/,https://vocab.nerc.ac.uk/collection/P06/current/UTAA/,
ARMS_TZS_Angbat_20200608_20201117_SF40_ETOH_s1_r1:Otu185,preservativeUsed,,EtOH,http://vocab.nerc.ac.uk/collection/Q01/current/Q0100004/,,https://pubchem.ncbi.nlm.nih.gov/compound/702
ARMS_TZS_Angbat_20200608_20201117_SF40_ETOH_s1_r1:Otu185,lowerLimitFilterSize,micrometer,40,http://vocab.nerc.ac.uk/collection/Q01/current/Q0100011/,https://vocab.nerc.ac.uk/collection/P06/current/UMIC/,
ARMS_TZS_Angbat_20200608_20201117_SF40_ETOH_s1_r1:Otu185,sampleAccessionNumber,,SAMEA10020995,,,
ARMS_TZS_Angbat_20200608_20201117_SF40_ETOH_s1_r1:Otu185,NCBIID,,3118,,,
ARMS_TZS_Angbat_20200608_20201117_SF40_ETOH_s1_r1:Otu185,NCBIScientificName,,Ulva,,,
ARMS_TZS_Angbat_20200608_20201117_SF40_ETOH_s1_r1:Otu185,NCBITaxonRank,,genus,,,
ARMS_TZS_Angbat_20200608_20201117_SF40_ETOH_s1_r1:Otu185,fieldReplicateID,,no replicate,http://vocab.nerc.ac.uk/collection/P01/current/IDSPRE01,,
ARMS_TZS_Angbat_20200608_20201117_SF40_ETOH_s1_r1:Otu185,technicalReplicateID,,,http://vocab.nerc.ac.uk/collection/P01/current/IDTCRE01,,
ARMS_TZS_Kummelkobben_20200608_20201120_MF100_ETOH_s1_r1:Otu318,submergedTime,day,165,http://vocab.nerc.ac.uk/collection/P01/current/AZDRZZ01/,https://vocab.nerc.ac.uk/collection/P06/current/UTAA/,
ARMS_TZS_Kummelkobben_20200608_20201120_MF100_ETOH_s1_r1:Otu318,preservativeUsed,,EtOH,http://vocab.nerc.ac.uk/collection/Q01/current/Q0100004/,,https://pubchem.ncbi.nlm.nih.gov/compound/702
ARMS_TZS_Kummelkobben_20200608_20201120_MF100_ETOH_s1_r1:Otu318,lowerLimitFilterSize,micrometer,100,http://vocab.nerc.ac.uk/collection/Q01/current/Q0100011/,https://vocab.nerc.ac.uk/collection/P06/current/UMIC/,
ARMS_TZS_Kummelkobben_20200608_20201120_MF100_ETOH_s1_r1:Otu318,sampleAccessionNumber,,SAMEA10020998,,,
ARMS_TZS_Kummelkobben_20200608_20201120_MF100_ETOH_s1_r1:Otu318,NCBIID,,2836,,,
ARMS_TZS_Kummelkobben_20200608_20201120_MF100_ETOH_s1_r1:Otu318,NCBIScientificName,,Bacillariophyta,,,
ARMS_TZS_Kummelkobben_20200608_20201120_MF100_ETOH_s1_r1:Otu318,NCBITaxonRank,,phylum,,,
ARMS_TZS_Kummelkobben_20200608_20201120_MF100_ETOH_s1_r1:Otu318,fieldReplicateID,,no replicate,http://vocab.nerc.ac.uk/collection/P01/current/IDSPRE01,,
ARMS_TZS_Kummelkobben_20200608_20201120_MF100_ETOH_s1_r1:Otu318,technicalReplicateID,,,http://vocab.nerc.ac.uk/collection/P01/current/IDTCRE01,,
ARMS_TZS_Kummelkobben_20200608_20201120_MF100_ETOH_s1_r1:Otu319,submergedTime,day,165,http://vocab.nerc.ac.uk/collection/P01/current/AZDRZZ01/,https://vocab.nerc.ac.uk/collection/P06/current/UTAA/,
ARMS_TZS_Kummelkobben_20200608_20201120_MF100_ETOH_s1_r1:Otu319,preservativeUsed,,EtOH,http://vocab.nerc.ac.uk/collection/Q01/current/Q0100004/,,https://pubchem.ncbi.nlm.nih.gov/compound/702
ARMS_TZS_Kummelkobben_20200608_20201120_MF100_ETOH_s1_r1:Otu319,lowerLimitFilterSize,micrometer,100,http://vocab.nerc.ac.uk/collection/Q01/current/Q0100011/,https://vocab.nerc.ac.uk/collection/P06/current/UMIC/,
ARMS_TZS_Kummelkobben_20200608_20201120_MF100_ETOH_s1_r1:Otu319,sampleAccessionNumber,,SAMEA10020998,,,
ARMS_TZS_Kummelkobben_20200608_20201120_MF100_ETOH_s1_r1:Otu319,NCBIID,,2759,,,
ARMS_TZS_Kummelkobben_20200608_20201120_MF100_ETOH_s1_r1:Otu319,NCBIScientificName,,Eukaryota,,,
ARMS_TZS_Kummelkobben_20200608_20201120_MF100_ETOH_s1_r1:Otu319,NCBITaxonRank,,domain,,,
ARMS_TZS_Kummelkobben_20200608_20201120_MF100_ETOH_s1_r1:Otu319,fieldReplicateID,,no replicate,http://vocab.nerc.ac.uk/collection/P01/current/IDSPRE01,,
ARMS_TZS_Kummelkobben_20200608_20201120_MF100_ETOH_s1_r1:Otu319,technicalReplicateID,,,http://vocab.nerc.ac.uk/collection/P01/current/IDTCRE01,,
ARMS_TZS_Kummelkobben_20200608_20201120_MF100_ETOH_s1_r1:Otu313,submergedTime,day,165,http://vocab.nerc.ac.uk/collection/P01/current/AZDRZZ01/,https://vocab.nerc.ac.uk/collection/P06/current/UTAA/,
ARMS_TZS_Kummelkobben_20200608_20201120_MF100_ETOH_s1_r1:Otu313,preservativeUsed,,EtOH,http://vocab.nerc.ac.uk/collection/Q01/current/Q0100004/,,https://pubchem.ncbi.nlm.nih.gov/compound/702
ARMS_TZS_Kummelkobben_20200608_20201120_MF100_ETOH_s1_r1:Otu313,lowerLimitFilterSize,micrometer,100,http://vocab.nerc.ac.uk/collection/Q01/current/Q0100011/,https://vocab.nerc.ac.uk/collection/P06/current/UMIC/,
ARMS_TZS_Kummelkobben_20200608_20201120_MF100_ETOH_s1_r1:Otu313,sampleAccessionNumber,,SAMEA10020998,,,
ARMS_TZS_Kummelkobben_20200608_20201120_MF100_ETOH_s1_r1:Otu313,NCBIID,,95227,,,
ARMS_TZS_Kummelkobben_20200608_20201120_MF100_ETOH_s1_r1:Otu313,NCBIScientificName,,Vannellidae,,,
ARMS_TZS_Kummelkobben_20200608_20201120_MF100_ETOH_s1_r1:Otu313,NCBITaxonRank,,family,,,
ARMS_TZS_Kummelkobben_20200608_20201120_MF100_ETOH_s1_r1:Otu313,fieldReplicateID,,no replicate,http://vocab.nerc.ac.uk/collection/P01/current/IDSPRE01,,
ARMS_TZS_Kummelkobben_20200608_20201120_MF100_ETOH_s1_r1:Otu313,technicalReplicateID,,,http://vocab.nerc.ac.uk/collection/P01/current/IDTCRE01,,
ARMS_TZS_Kummelkobben_20200608_20201120_MF100_ETOH_s1_r1:Otu314,submergedTime,day,165,http://vocab.nerc.ac.uk/collection/P01/current/AZDRZZ01/,https://vocab.nerc.ac.uk/collection/P06/current/UTAA/,
ARMS_TZS_Kummelkobben_20200608_20201120_MF100_ETOH_s1_r1:Otu314,preservativeUsed,,EtOH,http://vocab.nerc.ac.uk/collection/Q01/current/Q0100004/,,https://pubchem.ncbi.nlm.nih.gov/compound/702
ARMS_TZS_Kummelkobben_20200608_20201120_MF100_ETOH_s1_r1:Otu314,lowerLimitFilterSize,micrometer,100,http://vocab.nerc.ac.uk/collection/Q01/current/Q0100011/,https://vocab.nerc.ac.uk/collection/P06/current/UMIC/,
ARMS_TZS_Kummelkobben_20200608_20201120_MF100_ETOH_s1_r1:Otu314,sampleAccessionNumber,,SAMEA10020998,,,
ARMS_TZS_Kummelkobben_20200608_20201120_MF100_ETOH_s1_r1:Otu314,NCBIID,,33836,,,
ARMS_TZS_Kummelkobben_20200608_20201120_MF100_ETOH_s1_r1:Otu314,NCBIScientificName,,Radial-centric-basal-Coscinodiscophyceae,,,
ARMS_TZS_Kummelkobben_20200608_20201120_MF100_ETOH_s1_r1:Otu314,NCBITaxonRank,,class,,,
ARMS_TZS_Kummelkobben_20200608_20201120_MF100_ETOH_s1_r1:Otu314,fieldReplicateID,,no replicate,http://vocab.nerc.ac.uk/collection/P01/current/IDSPRE01,,
ARMS_TZS_Kummelkobben_20200608_20201120_MF100_ETOH_s1_r1:Otu314,technicalReplicateID,,,http://vocab.nerc.ac.uk/collection/P01/current/IDTCRE01,,
ARMS_TZS_Kummelkobben_20200608_20201120_MF100_ETOH_s1_r1:Otu315,submergedTime,day,165,http://vocab.nerc.ac.uk/collection/P01/current/AZDRZZ01/,https://vocab.nerc.ac.uk/collection/P06/current/UTAA/,
ARMS_TZS_Kummelkobben_20200608_20201120_MF100_ETOH_s1_r1:Otu315,preservativeUsed,,EtOH,http://vocab.nerc.ac.uk/collection/Q01/current/Q0100004/,,https://pubchem.ncbi.nlm.nih.gov/compound/702
ARMS_TZS_Kummelkobben_20200608_20201120_MF100_ETOH_s1_r1:Otu315,lowerLimitFilterSize,micrometer,100,http://vocab.nerc.ac.uk/collection/Q01/current/Q0100011/,https://vocab.nerc.ac.uk/collection/P06/current/UMIC/,
ARMS_TZS_Kummelkobben_20200608_20201120_MF100_ETOH_s1_r1:Otu315,sampleAccessionNumber,,SAMEA10020998,,,
ARMS_TZS_Kummelkobben_20200608_20201120_MF100_ETOH_s1_r1:Otu315,NCBIID,,33634,,,
ARMS_TZS_Kummelkobben_20200608_20201120_MF100_ETOH_s1_r1:Otu315,NCBIScientificName,,Stramenopiles,,,
ARMS_TZS_Kummelkobben_20200608_20201120_MF100_ETOH_s1_r1:Otu315,NCBITaxonRank,,clade,,,
ARMS_TZS_Kummelkobben_20200608_20201120_MF100_ETOH_s1_r1:Otu315,fieldReplicateID,,no replicate,http://vocab.nerc.ac.uk/collection/P01/current/IDSPRE01,,
ARMS_TZS_Kummelkobben_20200608_20201120_MF100_ETOH_s1_r1:Otu315,technicalReplicateID,,,http://vocab.nerc.ac.uk/collection/P01/current/IDTCRE01,,
ARMS_TZS_Kummelkobben_20200608_20201120_MF100_ETOH_s1_r1:Otu316,submergedTime,day,165,http://vocab.nerc.ac.uk/collection/P01/current/AZDRZZ01/,https://vocab.nerc.ac.uk/collection/P06/current/UTAA/,
ARMS_TZS_Kummelkobben_20200608_20201120_MF100_ETOH_s1_r1:Otu316,preservativeUsed,,EtOH,http://vocab.nerc.ac.uk/collection/Q01/current/Q0100004/,,https://pubchem.ncbi.nlm.nih.gov/compound/702
ARMS_TZS_Kummelkobben_20200608_20201120_MF100_ETOH_s1_r1:Otu316,lowerLimitFilterSize,micrometer,100,http://vocab.nerc.ac.uk/collection/Q01/current/Q0100011/,https://vocab.nerc.ac.uk/collection/P06/current/UMIC/,
ARMS_TZS_Kummelkobben_20200608_20201120_MF100_ETOH_s1_r1:Otu316,sampleAccessionNumber,,SAMEA10020998,,,
ARMS_TZS_Kummelkobben_20200608_20201120_MF100_ETOH_s1_r1:Otu316,NCBIID,,2825,,,
ARMS_TZS_Kummelkobben_20200608_20201120_MF100_ETOH_s1_r1:Otu316,NCBIScientificName,,Chrysophyceae,,,
ARMS_TZS_Kummelkobben_20200608_20201120_MF100_ETOH_s1_r1:Otu316,NCBITaxonRank,,class,,,
ARMS_TZS_Kummelkobben_20200608_20201120_MF100_ETOH_s1_r1:Otu316,fieldReplicateID,,no replicate,http://vocab.nerc.ac.uk/collection/P01/current/IDSPRE01,,
ARMS_TZS_Kummelkobben_20200608_20201120_MF100_ETOH_s1_r1:Otu316,technicalReplicateID,,,http://vocab.nerc.ac.uk/collection/P01/current/IDTCRE01,,
ARMS_TZS_Kummelkobben_20200608_20201120_MF100_ETOH_s1_r1:Otu317,submergedTime,day,165,http://vocab.nerc.ac.uk/collection/P01/current/AZDRZZ01/,https://vocab.nerc.ac.uk/collection/P06/current/UTAA/,
ARMS_TZS_Kummelkobben_20200608_20201120_MF100_ETOH_s1_r1:Otu317,preservativeUsed,,EtOH,http://vocab.nerc.ac.uk/collection/Q01/current/Q0100004/,,https://pubchem.ncbi.nlm.nih.gov/compound/702
ARMS_TZS_Kummelkobben_20200608_20201120_MF100_ETOH_s1_r1:Otu317,lowerLimitFilterSize,micrometer,100,http://vocab.nerc.ac.uk/collection/Q01/current/Q0100011/,https://vocab.nerc.ac.uk/collection/P06/current/UMIC/,
ARMS_TZS_Kummelkobben_20200608_20201120_MF100_ETOH_s1_r1:Otu317,sampleAccessionNumber,,SAMEA10020998,,,
ARMS_TZS_Kummelkobben_20200608_20201120_MF100_ETOH_s1_r1:Otu317,NCBIID,,1736114,,,
ARMS_TZS_Kummelkobben_20200608_20201120_MF100_ETOH_s1_r1:Otu317,NCBIScientificName,,Filosa-Imbricatea,,,
ARMS_TZS_Kummelkobben_20200608_20201120_MF100_ETOH_s1_r1:Otu317,NCBITaxonRank,,class,,,
ARMS_TZS_Kummelkobben_20200608_20201120_MF100_ETOH_s1_r1:Otu317,fieldReplicateID,,no replicate,http://vocab.nerc.ac.uk/collection/P01/current/IDSPRE01,,
ARMS_TZS_Kummelkobben_20200608_20201120_MF100_ETOH_s1_r1:Otu317,technicalReplicateID,,,http://vocab.nerc.ac.uk/collection/P01/current/IDTCRE01,,
ARMS_TZS_Kummelkobben_20200608_20201120_MF100_ETOH_s1_r1:Otu279,submergedTime,day,165,http://vocab.nerc.ac.uk/collection/P01/current/AZDRZZ01/,https://vocab.nerc.ac.uk/collection/P06/current/UTAA/,
ARMS_TZS_Kummelkobben_20200608_20201120_MF100_ETOH_s1_r1:Otu279,preservativeUsed,,EtOH,http://vocab.nerc.ac.uk/collection/Q01/current/Q0100004/,,https://pubchem.ncbi.nlm.nih.gov/compound/702
ARMS_TZS_Kummelkobben_20200608_20201120_MF100_ETOH_s1_r1:Otu279,lowerLimitFilterSize,micrometer,100,http://vocab.nerc.ac.uk/collection/Q01/current/Q0100011/,https://vocab.nerc.ac.uk/collection/P06/current/UMIC/,
ARMS_TZS_Kummelkobben_20200608_20201120_MF100_ETOH_s1_r1:Otu279,sampleAccessionNumber,,SAMEA10020998,,,
ARMS_TZS_Kummelkobben_20200608_20201120_MF100_ETOH_s1_r1:Otu279,NCBIID,,136419,,,
ARMS_TZS_Kummelkobben_20200608_20201120_MF100_ETOH_s1_r1:Otu279,NCBIScientificName,,Cercozoa,,,
ARMS_TZS_Kummelkobben_20200608_20201120_MF100_ETOH_s1_r1:Otu279,NCBITaxonRank,,phylum,,,
ARMS_TZS_Kummelkobben_20200608_20201120_MF100_ETOH_s1_r1:Otu279,fieldReplicateID,,no replicate,http://vocab.nerc.ac.uk/collection/P01/current/IDSPRE01,,
ARMS_TZS_Kummelkobben_20200608_20201120_MF100_ETOH_s1_r1:Otu279,technicalReplicateID,,,http://vocab.nerc.ac.uk/collection/P01/current/IDTCRE01,,
ARMS_TZS_Kummelkobben_20200608_20201120_MF100_ETOH_s1_r1:Otu278,submergedTime,day,165,http://vocab.nerc.ac.uk/collection/P01/current/AZDRZZ01/,https://vocab.nerc.ac.uk/collection/P06/current/UTAA/,
ARMS_TZS_Kummelkobben_20200608_20201120_MF100_ETOH_s1_r1:Otu278,preservativeUsed,,EtOH,http://vocab.nerc.ac.uk/collection/Q01/current/Q0100004/,,https://pubchem.ncbi.nlm.nih.gov/compound/702
ARMS_TZS_Kummelkobben_20200608_20201120_MF100_ETOH_s1_r1:Otu278,lowerLimitFilterSize,micrometer,100,http://vocab.nerc.ac.uk/collection/Q01/current/Q0100011/,https://vocab.nerc.ac.uk/collection/P06/current/UMIC/,
ARMS_TZS_Kummelkobben_20200608_20201120_MF100_ETOH_s1_r1:Otu278,sampleAccessionNumber,,SAMEA10020998,,,
ARMS_TZS_Kummelkobben_20200608_20201120_MF100_ETOH_s1_r1:Otu278,NCBIID,,7950,,,
ARMS_TZS_Kummelkobben_20200608_20201120_MF100_ETOH_s1_r1:Otu278,NCBIScientificName,,Clupea_harengus,,,
ARMS_TZS_Kummelkobben_20200608_20201120_MF100_ETOH_s1_r1:Otu278,NCBITaxonRank,,species,,,
ARMS_TZS_Kummelkobben_20200608_20201120_MF100_ETOH_s1_r1:Otu278,fieldReplicateID,,no replicate,http://vocab.nerc.ac.uk/collection/P01/current/IDSPRE01,,
ARMS_TZS_Kummelkobben_20200608_20201120_MF100_ETOH_s1_r1:Otu278,technicalReplicateID,,,http://vocab.nerc.ac.uk/collection/P01/current/IDTCRE01,,
ARMS_TZS_Kummelkobben_20200608_20201120_MF100_ETOH_s1_r1:Otu252,submergedTime,day,165,http://vocab.nerc.ac.uk/collection/P01/current/AZDRZZ01/,https://vocab.nerc.ac.uk/collection/P06/current/UTAA/,
ARMS_TZS_Kummelkobben_20200608_20201120_MF100_ETOH_s1_r1:Otu252,preservativeUsed,,EtOH,http://vocab.nerc.ac.uk/collection/Q01/current/Q0100004/,,https://pubchem.ncbi.nlm.nih.gov/compound/702
ARMS_TZS_Kummelkobben_20200608_20201120_MF100_ETOH_s1_r1:Otu252,lowerLimitFilterSize,micrometer,100,http://vocab.nerc.ac.uk/collection/Q01/current/Q0100011/,https://vocab.nerc.ac.uk/collection/P06/current/UMIC/,
ARMS_TZS_Kummelkobben_20200608_20201120_MF100_ETOH_s1_r1:Otu252,sampleAccessionNumber,,SAMEA10020998,,,
ARMS_TZS_Kummelkobben_20200608_20201120_MF100_ETOH_s1_r1:Otu252,NCBIID,,7713,,,
ARMS_TZS_Kummelkobben_20200608_20201120_MF100_ETOH_s1_r1:Otu252,NCBIScientificName,,Ascidiacea,,,
ARMS_TZS_Kummelkobben_20200608_20201120_MF100_ETOH_s1_r1:Otu252,NCBITaxonRank,,class,,,
ARMS_TZS_Kummelkobben_20200608_20201120_MF100_ETOH_s1_r1:Otu252,fieldReplicateID,,no replicate,http://vocab.nerc.ac.uk/collection/P01/current/IDSPRE01,,
ARMS_TZS_Kummelkobben_20200608_20201120_MF100_ETOH_s1_r1:Otu252,technicalReplicateID,,,http://vocab.nerc.ac.uk/collection/P01/current/IDTCRE01,,
ARMS_TZS_Kummelkobben_20200608_20201120_MF100_ETOH_s1_r1:Otu29,submergedTime,day,165,http://vocab.nerc.ac.uk/collection/P01/current/AZDRZZ01/,https://vocab.nerc.ac.uk/collection/P06/current/UTAA/,
ARMS_TZS_Kummelkobben_20200608_20201120_MF100_ETOH_s1_r1:Otu29,preservativeUsed,,EtOH,http://vocab.nerc.ac.uk/collection/Q01/current/Q0100004/,,https://pubchem.ncbi.nlm.nih.gov/compound/702
ARMS_TZS_Kummelkobben_20200608_20201120_MF100_ETOH_s1_r1:Otu29,lowerLimitFilterSize,micrometer,100,http://vocab.nerc.ac.uk/collection/Q01/current/Q0100011/,https://vocab.nerc.ac.uk/collection/P06/current/UMIC/,
ARMS_TZS_Kummelkobben_20200608_20201120_MF100_ETOH_s1_r1:Otu29,sampleAccessionNumber,,SAMEA10020998,,,
ARMS_TZS_Kummelkobben_20200608_20201120_MF100_ETOH_s1_r1:Otu29,NCBIID,,2836,,,
ARMS_TZS_Kummelkobben_20200608_20201120_MF100_ETOH_s1_r1:Otu29,NCBIScientificName,,Bacillariophyta,,,
ARMS_TZS_Kummelkobben_20200608_20201120_MF100_ETOH_s1_r1:Otu29,NCBITaxonRank,,phylum,,,
ARMS_TZS_Kummelkobben_20200608_20201120_MF100_ETOH_s1_r1:Otu29,fieldReplicateID,,no replicate,http://vocab.nerc.ac.uk/collection/P01/current/IDSPRE01,,
ARMS_TZS_Kummelkobben_20200608_20201120_MF100_ETOH_s1_r1:Otu29,technicalReplicateID,,,http://vocab.nerc.ac.uk/collection/P01/current/IDTCRE01,,
ARMS_TZS_Kummelkobben_20200608_20201120_MF100_ETOH_s1_r1:Otu25,submergedTime,day,165,http://vocab.nerc.ac.uk/collection/P01/current/AZDRZZ01/,https://vocab.nerc.ac.uk/collection/P06/current/UTAA/,
ARMS_TZS_Kummelkobben_20200608_20201120_MF100_ETOH_s1_r1:Otu25,preservativeUsed,,EtOH,http://vocab.nerc.ac.uk/collection/Q01/current/Q0100004/,,https://pubchem.ncbi.nlm.nih.gov/compound/702
ARMS_TZS_Kummelkobben_20200608_20201120_MF100_ETOH_s1_r1:Otu25,lowerLimitFilterSize,micrometer,100,http://vocab.nerc.ac.uk/collection/Q01/current/Q0100011/,https://vocab.nerc.ac.uk/collection/P06/current/UMIC/,
ARMS_TZS_Kummelkobben_20200608_20201120_MF100_ETOH_s1_r1:Otu25,sampleAccessionNumber,,SAMEA10020998,,,
ARMS_TZS_Kummelkobben_20200608_20201120_MF100_ETOH_s1_r1:Otu25,NCBIID,,87110,,,
ARMS_TZS_Kummelkobben_20200608_20201120_MF100_ETOH_s1_r1:Otu25,NCBIScientificName,,Aplanochytrium,,,
ARMS_TZS_Kummelkobben_20200608_20201120_MF100_ETOH_s1_r1:Otu25,NCBITaxonRank,,genus,,,
ARMS_TZS_Kummelkobben_20200608_20201120_MF100_ETOH_s1_r1:Otu25,fieldReplicateID,,no replicate,http://vocab.nerc.ac.uk/collection/P01/current/IDSPRE01,,
ARMS_TZS_Kummelkobben_20200608_20201120_MF100_ETOH_s1_r1:Otu25,technicalReplicateID,,,http://vocab.nerc.ac.uk/collection/P01/current/IDTCRE01,,
ARMS_TZS_Kummelkobben_20200608_20201120_MF100_ETOH_s1_r1:Otu24,submergedTime,day,165,http://vocab.nerc.ac.uk/collection/P01/current/AZDRZZ01/,https://vocab.nerc.ac.uk/collection/P06/current/UTAA/,
ARMS_TZS_Kummelkobben_20200608_20201120_MF100_ETOH_s1_r1:Otu24,preservativeUsed,,EtOH,http://vocab.nerc.ac.uk/collection/Q01/current/Q0100004/,,https://pubchem.ncbi.nlm.nih.gov/compound/702
ARMS_TZS_Kummelkobben_20200608_20201120_MF100_ETOH_s1_r1:Otu24,lowerLimitFilterSize,micrometer,100,http://vocab.nerc.ac.uk/collection/Q01/current/Q0100011/,https://vocab.nerc.ac.uk/collection/P06/current/UMIC/,
ARMS_TZS_Kummelkobben_20200608_20201120_MF100_ETOH_s1_r1:Otu24,sampleAccessionNumber,,SAMEA10020998,,,
ARMS_TZS_Kummelkobben_20200608_20201120_MF100_ETOH_s1_r1:Otu24,NCBIID,,1974272,,,
ARMS_TZS_Kummelkobben_20200608_20201120_MF100_ETOH_s1_r1:Otu24,NCBIScientificName,,Sessilida,,,
ARMS_TZS_Kummelkobben_20200608_20201120_MF100_ETOH_s1_r1:Otu24,NCBITaxonRank,,order,,,
ARMS_TZS_Kummelkobben_20200608_20201120_MF100_ETOH_s1_r1:Otu24,fieldReplicateID,,no replicate,http://vocab.nerc.ac.uk/collection/P01/current/IDSPRE01,,
ARMS_TZS_Kummelkobben_20200608_20201120_MF100_ETOH_s1_r1:Otu24,technicalReplicateID,,,http://vocab.nerc.ac.uk/collection/P01/current/IDTCRE01,,
ARMS_TZS_Kummelkobben_20200608_20201120_MF100_ETOH_s1_r1:Otu26,submergedTime,day,165,http://vocab.nerc.ac.uk/collection/P01/current/AZDRZZ01/,https://vocab.nerc.ac.uk/collection/P06/current/UTAA/,
ARMS_TZS_Kummelkobben_20200608_20201120_MF100_ETOH_s1_r1:Otu26,preservativeUsed,,EtOH,http://vocab.nerc.ac.uk/collection/Q01/current/Q0100004/,,https://pubchem.ncbi.nlm.nih.gov/compound/702
ARMS_TZS_Kummelkobben_20200608_20201120_MF100_ETOH_s1_r1:Otu26,lowerLimitFilterSize,micrometer,100,http://vocab.nerc.ac.uk/collection/Q01/current/Q0100011/,https://vocab.nerc.ac.uk/collection/P06/current/UMIC/,
ARMS_TZS_Kummelkobben_20200608_20201120_MF100_ETOH_s1_r1:Otu26,sampleAccessionNumber,,SAMEA10020998,,,
ARMS_TZS_Kummelkobben_20200608_20201120_MF100_ETOH_s1_r1:Otu26,NCBIID,,6760,,,
ARMS_TZS_Kummelkobben_20200608_20201120_MF100_ETOH_s1_r1:Otu26,NCBIScientificName,,Scylla,,,
ARMS_TZS_Kummelkobben_20200608_20201120_MF100_ETOH_s1_r1:Otu26,NCBITaxonRank,,genus,,,
ARMS_TZS_Kummelkobben_20200608_20201120_MF100_ETOH_s1_r1:Otu26,fieldReplicateID,,no replicate,http://vocab.nerc.ac.uk/collection/P01/current/IDSPRE01,,
ARMS_TZS_Kummelkobben_20200608_20201120_MF100_ETOH_s1_r1:Otu26,technicalReplicateID,,,http://vocab.nerc.ac.uk/collection/P01/current/IDTCRE01,,
ARMS_TZS_Kummelkobben_20200608_20201120_MF100_ETOH_s1_r1:Otu20,submergedTime,day,165,http://vocab.nerc.ac.uk/collection/P01/current/AZDRZZ01/,https://vocab.nerc.ac.uk/collection/P06/current/UTAA/,
ARMS_TZS_Kummelkobben_20200608_20201120_MF100_ETOH_s1_r1:Otu20,preservativeUsed,,EtOH,http://vocab.nerc.ac.uk/collection/Q01/current/Q0100004/,,https://pubchem.ncbi.nlm.nih.gov/compound/702
ARMS_TZS_Kummelkobben_20200608_20201120_MF100_ETOH_s1_r1:Otu20,lowerLimitFilterSize,micrometer,100,http://vocab.nerc.ac.uk/collection/Q01/current/Q0100011/,https://vocab.nerc.ac.uk/collection/P06/current/UMIC/,
ARMS_TZS_Kummelkobben_20200608_20201120_MF100_ETOH_s1_r1:Otu20,sampleAccessionNumber,,SAMEA10020998,,,
ARMS_TZS_Kummelkobben_20200608_20201120_MF100_ETOH_s1_r1:Otu20,NCBIID,,216305,,,
ARMS_TZS_Kummelkobben_20200608_20201120_MF100_ETOH_s1_r1:Otu20,NCBIScientificName,,Heterobranchia,,,
ARMS_TZS_Kummelkobben_20200608_20201120_MF100_ETOH_s1_r1:Otu20,NCBITaxonRank,,subclass,,,
ARMS_TZS_Kummelkobben_20200608_20201120_MF100_ETOH_s1_r1:Otu20,fieldReplicateID,,no replicate,http://vocab.nerc.ac.uk/collection/P01/current/IDSPRE01,,
ARMS_TZS_Kummelkobben_20200608_20201120_MF100_ETOH_s1_r1:Otu20,technicalReplicateID,,,http://vocab.nerc.ac.uk/collection/P01/current/IDTCRE01,,
ARMS_TZS_Kummelkobben_20200608_20201120_MF100_ETOH_s1_r1:Otu23,submergedTime,day,165,http://vocab.nerc.ac.uk/collection/P01/current/AZDRZZ01/,https://vocab.nerc.ac.uk/collection/P06/current/UTAA/,
ARMS_TZS_Kummelkobben_20200608_20201120_MF100_ETOH_s1_r1:Otu23,preservativeUsed,,EtOH,http://vocab.nerc.ac.uk/collection/Q01/current/Q0100004/,,https://pubchem.ncbi.nlm.nih.gov/compound/702
ARMS_TZS_Kummelkobben_20200608_20201120_MF100_ETOH_s1_r1:Otu23,lowerLimitFilterSize,micrometer,100,http://vocab.nerc.ac.uk/collection/Q01/current/Q0100011/,https://vocab.nerc.ac.uk/collection/P06/current/UMIC/,
ARMS_TZS_Kummelkobben_20200608_20201120_MF100_ETOH_s1_r1:Otu23,sampleAccessionNumber,,SAMEA10020998,,,
ARMS_TZS_Kummelkobben_20200608_20201120_MF100_ETOH_s1_r1:Otu23,NCBIID,,375590,,,
ARMS_TZS_Kummelkobben_20200608_20201120_MF100_ETOH_s1_r1:Otu23,NCBIScientificName,,Lacrymariidae,,,
ARMS_TZS_Kummelkobben_20200608_20201120_MF100_ETOH_s1_r1:Otu23,NCBITaxonRank,,family,,,
ARMS_TZS_Kummelkobben_20200608_20201120_MF100_ETOH_s1_r1:Otu23,fieldReplicateID,,no replicate,http://vocab.nerc.ac.uk/collection/P01/current/IDSPRE01,,
ARMS_TZS_Kummelkobben_20200608_20201120_MF100_ETOH_s1_r1:Otu23,technicalReplicateID,,,http://vocab.nerc.ac.uk/collection/P01/current/IDTCRE01,,
ARMS_TZS_Kummelkobben_20200608_20201120_MF100_ETOH_s1_r1:Otu22,submergedTime,day,165,http://vocab.nerc.ac.uk/collection/P01/current/AZDRZZ01/,https://vocab.nerc.ac.uk/collection/P06/current/UTAA/,
ARMS_TZS_Kummelkobben_20200608_20201120_MF100_ETOH_s1_r1:Otu22,preservativeUsed,,EtOH,http://vocab.nerc.ac.uk/collection/Q01/current/Q0100004/,,https://pubchem.ncbi.nlm.nih.gov/compound/702
ARMS_TZS_Kummelkobben_20200608_20201120_MF100_ETOH_s1_r1:Otu22,lowerLimitFilterSize,micrometer,100,http://vocab.nerc.ac.uk/collection/Q01/current/Q0100011/,https://vocab.nerc.ac.uk/collection/P06/current/UMIC/,
ARMS_TZS_Kummelkobben_20200608_20201120_MF100_ETOH_s1_r1:Otu22,sampleAccessionNumber,,SAMEA10020998,,,
ARMS_TZS_Kummelkobben_20200608_20201120_MF100_ETOH_s1_r1:Otu22,NCBIID,,44226,,,
ARMS_TZS_Kummelkobben_20200608_20201120_MF100_ETOH_s1_r1:Otu22,NCBIScientificName,,Monocelis,,,
ARMS_TZS_Kummelkobben_20200608_20201120_MF100_ETOH_s1_r1:Otu22,NCBITaxonRank,,genus,,,
ARMS_TZS_Kummelkobben_20200608_20201120_MF100_ETOH_s1_r1:Otu22,fieldReplicateID,,no replicate,http://vocab.nerc.ac.uk/collection/P01/current/IDSPRE01,,
ARMS_TZS_Kummelkobben_20200608_20201120_MF100_ETOH_s1_r1:Otu22,technicalReplicateID,,,http://vocab.nerc.ac.uk/collection/P01/current/IDTCRE01,,
ARMS_TZS_Kummelkobben_20200608_20201120_MF100_ETOH_s1_r1:Otu170,submergedTime,day,165,http://vocab.nerc.ac.uk/collection/P01/current/AZDRZZ01/,https://vocab.nerc.ac.uk/collection/P06/current/UTAA/,
ARMS_TZS_Kummelkobben_20200608_20201120_MF100_ETOH_s1_r1:Otu170,preservativeUsed,,EtOH,http://vocab.nerc.ac.uk/collection/Q01/current/Q0100004/,,https://pubchem.ncbi.nlm.nih.gov/compound/702
ARMS_TZS_Kummelkobben_20200608_20201120_MF100_ETOH_s1_r1:Otu170,lowerLimitFilterSize,micrometer,100,http://vocab.nerc.ac.uk/collection/Q01/current/Q0100011/,https://vocab.nerc.ac.uk/collection/P06/current/UMIC/,
ARMS_TZS_Kummelkobben_20200608_20201120_MF100_ETOH_s1_r1:Otu170,sampleAccessionNumber,,SAMEA10020998,,,
ARMS_TZS_Kummelkobben_20200608_20201120_MF100_ETOH_s1_r1:Otu170,NCBIID,,1938500,,,
ARMS_TZS_Kummelkobben_20200608_20201120_MF100_ETOH_s1_r1:Otu170,NCBIScientificName,,Ventricleftida,,,
ARMS_TZS_Kummelkobben_20200608_20201120_MF100_ETOH_s1_r1:Otu170,NCBITaxonRank,,order,,,
ARMS_TZS_Kummelkobben_20200608_20201120_MF100_ETOH_s1_r1:Otu170,fieldReplicateID,,no replicate,http://vocab.nerc.ac.uk/collection/P01/current/IDSPRE01,,
ARMS_TZS_Kummelkobben_20200608_20201120_MF100_ETOH_s1_r1:Otu170,technicalReplicateID,,,http://vocab.nerc.ac.uk/collection/P01/current/IDTCRE01,,
ARMS_TZS_Kummelkobben_20200608_20201120_MF100_ETOH_s1_r1:Otu171,submergedTime,day,165,http://vocab.nerc.ac.uk/collection/P01/current/AZDRZZ01/,https://vocab.nerc.ac.uk/collection/P06/current/UTAA/,
ARMS_TZS_Kummelkobben_20200608_20201120_MF100_ETOH_s1_r1:Otu171,preservativeUsed,,EtOH,http://vocab.nerc.ac.uk/collection/Q01/current/Q0100004/,,https://pubchem.ncbi.nlm.nih.gov/compound/702
ARMS_TZS_Kummelkobben_20200608_20201120_MF100_ETOH_s1_r1:Otu171,lowerLimitFilterSize,micrometer,100,http://vocab.nerc.ac.uk/collection/Q01/current/Q0100011/,https://vocab.nerc.ac.uk/collection/P06/current/UMIC/,
ARMS_TZS_Kummelkobben_20200608_20201120_MF100_ETOH_s1_r1:Otu171,sampleAccessionNumber,,SAMEA10020998,,,
ARMS_TZS_Kummelkobben_20200608_20201120_MF100_ETOH_s1_r1:Otu171,NCBIID,,2836,,,
ARMS_TZS_Kummelkobben_20200608_20201120_MF100_ETOH_s1_r1:Otu171,NCBIScientificName,,Bacillariophyta,,,
ARMS_TZS_Kummelkobben_20200608_20201120_MF100_ETOH_s1_r1:Otu171,NCBITaxonRank,,phylum,,,
ARMS_TZS_Kummelkobben_20200608_20201120_MF100_ETOH_s1_r1:Otu171,fieldReplicateID,,no replicate,http://vocab.nerc.ac.uk/collection/P01/current/IDSPRE01,,
ARMS_TZS_Kummelkobben_20200608_20201120_MF100_ETOH_s1_r1:Otu171,technicalReplicateID,,,http://vocab.nerc.ac.uk/collection/P01/current/IDTCRE01,,
ARMS_TZS_Kummelkobben_20200608_20201120_MF100_ETOH_s1_r1:Otu172,submergedTime,day,165,http://vocab.nerc.ac.uk/collection/P01/current/AZDRZZ01/,https://vocab.nerc.ac.uk/collection/P06/current/UTAA/,
ARMS_TZS_Kummelkobben_20200608_20201120_MF100_ETOH_s1_r1:Otu172,preservativeUsed,,EtOH,http://vocab.nerc.ac.uk/collection/Q01/current/Q0100004/,,https://pubchem.ncbi.nlm.nih.gov/compound/702
ARMS_TZS_Kummelkobben_20200608_20201120_MF100_ETOH_s1_r1:Otu172,lowerLimitFilterSize,micrometer,100,http://vocab.nerc.ac.uk/collection/Q01/current/Q0100011/,https://vocab.nerc.ac.uk/collection/P06/current/UMIC/,
ARMS_TZS_Kummelkobben_20200608_20201120_MF100_ETOH_s1_r1:Otu172,sampleAccessionNumber,,SAMEA10020998,,,
ARMS_TZS_Kummelkobben_20200608_20201120_MF100_ETOH_s1_r1:Otu172,NCBIID,,2836,,,
ARMS_TZS_Kummelkobben_20200608_20201120_MF100_ETOH_s1_r1:Otu172,NCBIScientificName,,Bacillariophyta,,,
ARMS_TZS_Kummelkobben_20200608_20201120_MF100_ETOH_s1_r1:Otu172,NCBITaxonRank,,phylum,,,
ARMS_TZS_Kummelkobben_20200608_20201120_MF100_ETOH_s1_r1:Otu172,fieldReplicateID,,no replicate,http://vocab.nerc.ac.uk/collection/P01/current/IDSPRE01,,
ARMS_TZS_Kummelkobben_20200608_20201120_MF100_ETOH_s1_r1:Otu172,technicalReplicateID,,,http://vocab.nerc.ac.uk/collection/P01/current/IDTCRE01,,
ARMS_TZS_Kummelkobben_20200608_20201120_MF100_ETOH_s1_r1:Otu173,submergedTime,day,165,http://vocab.nerc.ac.uk/collection/P01/current/AZDRZZ01/,https://vocab.nerc.ac.uk/collection/P06/current/UTAA/,
ARMS_TZS_Kummelkobben_20200608_20201120_MF100_ETOH_s1_r1:Otu173,preservativeUsed,,EtOH,http://vocab.nerc.ac.uk/collection/Q01/current/Q0100004/,,https://pubchem.ncbi.nlm.nih.gov/compound/702
ARMS_TZS_Kummelkobben_20200608_20201120_MF100_ETOH_s1_r1:Otu173,lowerLimitFilterSize,micrometer,100,http://vocab.nerc.ac.uk/collection/Q01/current/Q0100011/,https://vocab.nerc.ac.uk/collection/P06/current/UMIC/,
ARMS_TZS_Kummelkobben_20200608_20201120_MF100_ETOH_s1_r1:Otu173,sampleAccessionNumber,,SAMEA10020998,,,
ARMS_TZS_Kummelkobben_20200608_20201120_MF100_ETOH_s1_r1:Otu173,NCBIID,,1938466,,,
ARMS_TZS_Kummelkobben_20200608_20201120_MF100_ETOH_s1_r1:Otu173,NCBIScientificName,,Filosa-Granofilosea,,,
ARMS_TZS_Kummelkobben_20200608_20201120_MF100_ETOH_s1_r1:Otu173,NCBITaxonRank,,clade,,,
ARMS_TZS_Kummelkobben_20200608_20201120_MF100_ETOH_s1_r1:Otu173,fieldReplicateID,,no replicate,http://vocab.nerc.ac.uk/collection/P01/current/IDSPRE01,,
ARMS_TZS_Kummelkobben_20200608_20201120_MF100_ETOH_s1_r1:Otu173,technicalReplicateID,,,http://vocab.nerc.ac.uk/collection/P01/current/IDTCRE01,,
ARMS_TZS_Kummelkobben_20200608_20201120_MF100_ETOH_s1_r1:Otu459,submergedTime,day,165,http://vocab.nerc.ac.uk/collection/P01/current/AZDRZZ01/,https://vocab.nerc.ac.uk/collection/P06/current/UTAA/,
ARMS_TZS_Kummelkobben_20200608_20201120_MF100_ETOH_s1_r1:Otu459,preservativeUsed,,EtOH,http://vocab.nerc.ac.uk/collection/Q01/current/Q0100004/,,https://pubchem.ncbi.nlm.nih.gov/compound/702
ARMS_TZS_Kummelkobben_20200608_20201120_MF100_ETOH_s1_r1:Otu459,lowerLimitFilterSize,micrometer,100,http://vocab.nerc.ac.uk/collection/Q01/current/Q0100011/,https://vocab.nerc.ac.uk/collection/P06/current/UMIC/,
ARMS_TZS_Kummelkobben_20200608_20201120_MF100_ETOH_s1_r1:Otu459,sampleAccessionNumber,,SAMEA10020998,,,
ARMS_TZS_Kummelkobben_20200608_20201120_MF100_ETOH_s1_r1:Otu459,NCBIID,,49237,,,
ARMS_TZS_Kummelkobben_20200608_20201120_MF100_ETOH_s1_r1:Otu459,NCBIScientificName,,Chaetoceros,,,
ARMS_TZS_Kummelkobben_20200608_20201120_MF100_ETOH_s1_r1:Otu459,NCBITaxonRank,,genus,,,
ARMS_TZS_Kummelkobben_20200608_20201120_MF100_ETOH_s1_r1:Otu459,fieldReplicateID,,no replicate,http://vocab.nerc.ac.uk/collection/P01/current/IDSPRE01,,
ARMS_TZS_Kummelkobben_20200608_20201120_MF100_ETOH_s1_r1:Otu459,technicalReplicateID,,,http://vocab.nerc.ac.uk/collection/P01/current/IDTCRE01,,
ARMS_TZS_Kummelkobben_20200608_20201120_MF100_ETOH_s1_r1:Otu458,submergedTime,day,165,http://vocab.nerc.ac.uk/collection/P01/current/AZDRZZ01/,https://vocab.nerc.ac.uk/collection/P06/current/UTAA/,
ARMS_TZS_Kummelkobben_20200608_20201120_MF100_ETOH_s1_r1:Otu458,preservativeUsed,,EtOH,http://vocab.nerc.ac.uk/collection/Q01/current/Q0100004/,,https://pubchem.ncbi.nlm.nih.gov/compound/702
ARMS_TZS_Kummelkobben_20200608_20201120_MF100_ETOH_s1_r1:Otu458,lowerLimitFilterSize,micrometer,100,http://vocab.nerc.ac.uk/collection/Q01/current/Q0100011/,https://vocab.nerc.ac.uk/collection/P06/current/UMIC/,
ARMS_TZS_Kummelkobben_20200608_20201120_MF100_ETOH_s1_r1:Otu458,sampleAccessionNumber,,SAMEA10020998,,,
ARMS_TZS_Kummelkobben_20200608_20201120_MF100_ETOH_s1_r1:Otu458,NCBIID,,88566,,,
ARMS_TZS_Kummelkobben_20200608_20201120_MF100_ETOH_s1_r1:Otu458,NCBIScientificName,,Colpodida,,,
ARMS_TZS_Kummelkobben_20200608_20201120_MF100_ETOH_s1_r1:Otu458,NCBITaxonRank,,order,,,
ARMS_TZS_Kummelkobben_20200608_20201120_MF100_ETOH_s1_r1:Otu458,fieldReplicateID,,no replicate,http://vocab.nerc.ac.uk/collection/P01/current/IDSPRE01,,
ARMS_TZS_Kummelkobben_20200608_20201120_MF100_ETOH_s1_r1:Otu458,technicalReplicateID,,,http://vocab.nerc.ac.uk/collection/P01/current/IDTCRE01,,
ARMS_TZS_Kummelkobben_20200608_20201120_MF100_ETOH_s1_r1:Otu453,submergedTime,day,165,http://vocab.nerc.ac.uk/collection/P01/current/AZDRZZ01/,https://vocab.nerc.ac.uk/collection/P06/current/UTAA/,
ARMS_TZS_Kummelkobben_20200608_20201120_MF100_ETOH_s1_r1:Otu453,preservativeUsed,,EtOH,http://vocab.nerc.ac.uk/collection/Q01/current/Q0100004/,,https://pubchem.ncbi.nlm.nih.gov/compound/702
ARMS_TZS_Kummelkobben_20200608_20201120_MF100_ETOH_s1_r1:Otu453,lowerLimitFilterSize,micrometer,100,http://vocab.nerc.ac.uk/collection/Q01/current/Q0100011/,https://vocab.nerc.ac.uk/collection/P06/current/UMIC/,
ARMS_TZS_Kummelkobben_20200608_20201120_MF100_ETOH_s1_r1:Otu453,sampleAccessionNumber,,SAMEA10020998,,,
ARMS_TZS_Kummelkobben_20200608_20201120_MF100_ETOH_s1_r1:Otu453,NCBIID,,2857,,,
ARMS_TZS_Kummelkobben_20200608_20201120_MF100_ETOH_s1_r1:Otu453,NCBIScientificName,,Nitzschia,,,
ARMS_TZS_Kummelkobben_20200608_20201120_MF100_ETOH_s1_r1:Otu453,NCBITaxonRank,,genus,,,
ARMS_TZS_Kummelkobben_20200608_20201120_MF100_ETOH_s1_r1:Otu453,fieldReplicateID,,no replicate,http://vocab.nerc.ac.uk/collection/P01/current/IDSPRE01,,
ARMS_TZS_Kummelkobben_20200608_20201120_MF100_ETOH_s1_r1:Otu453,technicalReplicateID,,,http://vocab.nerc.ac.uk/collection/P01/current/IDTCRE01,,
ARMS_TZS_Kummelkobben_20200608_20201120_MF100_ETOH_s1_r1:Otu451,submergedTime,day,165,http://vocab.nerc.ac.uk/collection/P01/current/AZDRZZ01/,https://vocab.nerc.ac.uk/collection/P06/current/UTAA/,
ARMS_TZS_Kummelkobben_20200608_20201120_MF100_ETOH_s1_r1:Otu451,preservativeUsed,,EtOH,http://vocab.nerc.ac.uk/collection/Q01/current/Q0100004/,,https://pubchem.ncbi.nlm.nih.gov/compound/702
ARMS_TZS_Kummelkobben_20200608_20201120_MF100_ETOH_s1_r1:Otu451,lowerLimitFilterSize,micrometer,100,http://vocab.nerc.ac.uk/collection/Q01/current/Q0100011/,https://vocab.nerc.ac.uk/collection/P06/current/UMIC/,
ARMS_TZS_Kummelkobben_20200608_20201120_MF100_ETOH_s1_r1:Otu451,sampleAccessionNumber,,SAMEA10020998,,,
ARMS_TZS_Kummelkobben_20200608_20201120_MF100_ETOH_s1_r1:Otu451,NCBIID,,6020,,,
ARMS_TZS_Kummelkobben_20200608_20201120_MF100_ETOH_s1_r1:Otu451,NCBIScientificName,,Oligohymenophorea,,,
ARMS_TZS_Kummelkobben_20200608_20201120_MF100_ETOH_s1_r1:Otu451,NCBITaxonRank,,class,,,
ARMS_TZS_Kummelkobben_20200608_20201120_MF100_ETOH_s1_r1:Otu451,fieldReplicateID,,no replicate,http://vocab.nerc.ac.uk/collection/P01/current/IDSPRE01,,
ARMS_TZS_Kummelkobben_20200608_20201120_MF100_ETOH_s1_r1:Otu451,technicalReplicateID,,,http://vocab.nerc.ac.uk/collection/P01/current/IDTCRE01,,
ARMS_TZS_Kummelkobben_20200608_20201120_MF100_ETOH_s1_r1:Otu450,submergedTime,day,165,http://vocab.nerc.ac.uk/collection/P01/current/AZDRZZ01/,https://vocab.nerc.ac.uk/collection/P06/current/UTAA/,
ARMS_TZS_Kummelkobben_20200608_20201120_MF100_ETOH_s1_r1:Otu450,preservativeUsed,,EtOH,http://vocab.nerc.ac.uk/collection/Q01/current/Q0100004/,,https://pubchem.ncbi.nlm.nih.gov/compound/702
ARMS_TZS_Kummelkobben_20200608_20201120_MF100_ETOH_s1_r1:Otu450,lowerLimitFilterSize,micrometer,100,http://vocab.nerc.ac.uk/collection/Q01/current/Q0100011/,https://vocab.nerc.ac.uk/collection/P06/current/UMIC/,
ARMS_TZS_Kummelkobben_20200608_20201120_MF100_ETOH_s1_r1:Otu450,sampleAccessionNumber,,SAMEA10020998,,,
ARMS_TZS_Kummelkobben_20200608_20201120_MF100_ETOH_s1_r1:Otu450,NCBIID,,361424,,,
ARMS_TZS_Kummelkobben_20200608_20201120_MF100_ETOH_s1_r1:Otu450,NCBIScientificName,,Ebriida,,,
ARMS_TZS_Kummelkobben_20200608_20201120_MF100_ETOH_s1_r1:Otu450,NCBITaxonRank,,family,,,
ARMS_TZS_Kummelkobben_20200608_20201120_MF100_ETOH_s1_r1:Otu450,fieldReplicateID,,no replicate,http://vocab.nerc.ac.uk/collection/P01/current/IDSPRE01,,
ARMS_TZS_Kummelkobben_20200608_20201120_MF100_ETOH_s1_r1:Otu450,technicalReplicateID,,,http://vocab.nerc.ac.uk/collection/P01/current/IDTCRE01,,
ARMS_TZS_Kummelkobben_20200608_20201120_MF100_ETOH_s1_r1:Otu456,submergedTime,day,165,http://vocab.nerc.ac.uk/collection/P01/current/AZDRZZ01/,https://vocab.nerc.ac.uk/collection/P06/current/UTAA/,
ARMS_TZS_Kummelkobben_20200608_20201120_MF100_ETOH_s1_r1:Otu456,preservativeUsed,,EtOH,http://vocab.nerc.ac.uk/collection/Q01/current/Q0100004/,,https://pubchem.ncbi.nlm.nih.gov/compound/702
ARMS_TZS_Kummelkobben_20200608_20201120_MF100_ETOH_s1_r1:Otu456,lowerLimitFilterSize,micrometer,100,http://vocab.nerc.ac.uk/collection/Q01/current/Q0100011/,https://vocab.nerc.ac.uk/collection/P06/current/UMIC/,
ARMS_TZS_Kummelkobben_20200608_20201120_MF100_ETOH_s1_r1:Otu456,sampleAccessionNumber,,SAMEA10020998,,,
ARMS_TZS_Kummelkobben_20200608_20201120_MF100_ETOH_s1_r1:Otu456,NCBIID,,4751,,,
ARMS_TZS_Kummelkobben_20200608_20201120_MF100_ETOH_s1_r1:Otu456,NCBIScientificName,,Fungi,,,
ARMS_TZS_Kummelkobben_20200608_20201120_MF100_ETOH_s1_r1:Otu456,NCBITaxonRank,,kingdom,,,
ARMS_TZS_Kummelkobben_20200608_20201120_MF100_ETOH_s1_r1:Otu456,fieldReplicateID,,no replicate,http://vocab.nerc.ac.uk/collection/P01/current/IDSPRE01,,
ARMS_TZS_Kummelkobben_20200608_20201120_MF100_ETOH_s1_r1:Otu456,technicalReplicateID,,,http://vocab.nerc.ac.uk/collection/P01/current/IDTCRE01,,
ARMS_TZS_Kummelkobben_20200608_20201120_MF100_ETOH_s1_r1:Otu455,submergedTime,day,165,http://vocab.nerc.ac.uk/collection/P01/current/AZDRZZ01/,https://vocab.nerc.ac.uk/collection/P06/current/UTAA/,
ARMS_TZS_Kummelkobben_20200608_20201120_MF100_ETOH_s1_r1:Otu455,preservativeUsed,,EtOH,http://vocab.nerc.ac.uk/collection/Q01/current/Q0100004/,,https://pubchem.ncbi.nlm.nih.gov/compound/702
ARMS_TZS_Kummelkobben_20200608_20201120_MF100_ETOH_s1_r1:Otu455,lowerLimitFilterSize,micrometer,100,http://vocab.nerc.ac.uk/collection/Q01/current/Q0100011/,https://vocab.nerc.ac.uk/collection/P06/current/UMIC/,
ARMS_TZS_Kummelkobben_20200608_20201120_MF100_ETOH_s1_r1:Otu455,sampleAccessionNumber,,SAMEA10020998,,,
ARMS_TZS_Kummelkobben_20200608_20201120_MF100_ETOH_s1_r1:Otu455,NCBIID,,1367446,,,
ARMS_TZS_Kummelkobben_20200608_20201120_MF100_ETOH_s1_r1:Otu455,NCBIScientificName,,Vampyrellida,,,
ARMS_TZS_Kummelkobben_20200608_20201120_MF100_ETOH_s1_r1:Otu455,NCBITaxonRank,,order,,,
ARMS_TZS_Kummelkobben_20200608_20201120_MF100_ETOH_s1_r1:Otu455,fieldReplicateID,,no replicate,http://vocab.nerc.ac.uk/collection/P01/current/IDSPRE01,,
ARMS_TZS_Kummelkobben_20200608_20201120_MF100_ETOH_s1_r1:Otu455,technicalReplicateID,,,http://vocab.nerc.ac.uk/collection/P01/current/IDTCRE01,,
ARMS_TZS_Kummelkobben_20200608_20201120_MF100_ETOH_s1_r1:Otu454,submergedTime,day,165,http://vocab.nerc.ac.uk/collection/P01/current/AZDRZZ01/,https://vocab.nerc.ac.uk/collection/P06/current/UTAA/,
ARMS_TZS_Kummelkobben_20200608_20201120_MF100_ETOH_s1_r1:Otu454,preservativeUsed,,EtOH,http://vocab.nerc.ac.uk/collection/Q01/current/Q0100004/,,https://pubchem.ncbi.nlm.nih.gov/compound/702
ARMS_TZS_Kummelkobben_20200608_20201120_MF100_ETOH_s1_r1:Otu454,lowerLimitFilterSize,micrometer,100,http://vocab.nerc.ac.uk/collection/Q01/current/Q0100011/,https://vocab.nerc.ac.uk/collection/P06/current/UMIC/,
ARMS_TZS_Kummelkobben_20200608_20201120_MF100_ETOH_s1_r1:Otu454,sampleAccessionNumber,,SAMEA10020998,,,
ARMS_TZS_Kummelkobben_20200608_20201120_MF100_ETOH_s1_r1:Otu454,NCBIID,,451435,,,
ARMS_TZS_Kummelkobben_20200608_20201120_MF100_ETOH_s1_r1:Otu454,NCBIScientificName,,Chytridiomycetes,,,
ARMS_TZS_Kummelkobben_20200608_20201120_MF100_ETOH_s1_r1:Otu454,NCBITaxonRank,,class,,,
ARMS_TZS_Kummelkobben_20200608_20201120_MF100_ETOH_s1_r1:Otu454,fieldReplicateID,,no replicate,http://vocab.nerc.ac.uk/collection/P01/current/IDSPRE01,,
ARMS_TZS_Kummelkobben_20200608_20201120_MF100_ETOH_s1_r1:Otu454,technicalReplicateID,,,http://vocab.nerc.ac.uk/collection/P01/current/IDTCRE01,,
ARMS_TZS_Kummelkobben_20200608_20201120_MF100_ETOH_s1_r1:Otu220,submergedTime,day,165,http://vocab.nerc.ac.uk/collection/P01/current/AZDRZZ01/,https://vocab.nerc.ac.uk/collection/P06/current/UTAA/,
ARMS_TZS_Kummelkobben_20200608_20201120_MF100_ETOH_s1_r1:Otu220,preservativeUsed,,EtOH,http://vocab.nerc.ac.uk/collection/Q01/current/Q0100004/,,https://pubchem.ncbi.nlm.nih.gov/compound/702
ARMS_TZS_Kummelkobben_20200608_20201120_MF100_ETOH_s1_r1:Otu220,lowerLimitFilterSize,micrometer,100,http://vocab.nerc.ac.uk/collection/Q01/current/Q0100011/,https://vocab.nerc.ac.uk/collection/P06/current/UMIC/,
ARMS_TZS_Kummelkobben_20200608_20201120_MF100_ETOH_s1_r1:Otu220,sampleAccessionNumber,,SAMEA10020998,,,
ARMS_TZS_Kummelkobben_20200608_20201120_MF100_ETOH_s1_r1:Otu220,NCBIID,,216715,,,
ARMS_TZS_Kummelkobben_20200608_20201120_MF100_ETOH_s1_r1:Otu220,NCBIScientificName,,Cocconeis,,,
ARMS_TZS_Kummelkobben_20200608_20201120_MF100_ETOH_s1_r1:Otu220,NCBITaxonRank,,genus,,,
ARMS_TZS_Kummelkobben_20200608_20201120_MF100_ETOH_s1_r1:Otu220,fieldReplicateID,,no replicate,http://vocab.nerc.ac.uk/collection/P01/current/IDSPRE01,,
ARMS_TZS_Kummelkobben_20200608_20201120_MF100_ETOH_s1_r1:Otu220,technicalReplicateID,,,http://vocab.nerc.ac.uk/collection/P01/current/IDTCRE01,,
ARMS_TZS_Kummelkobben_20200608_20201120_MF100_ETOH_s1_r1:Otu221,submergedTime,day,165,http://vocab.nerc.ac.uk/collection/P01/current/AZDRZZ01/,https://vocab.nerc.ac.uk/collection/P06/current/UTAA/,
ARMS_TZS_Kummelkobben_20200608_20201120_MF100_ETOH_s1_r1:Otu221,preservativeUsed,,EtOH,http://vocab.nerc.ac.uk/collection/Q01/current/Q0100004/,,https://pubchem.ncbi.nlm.nih.gov/compound/702
ARMS_TZS_Kummelkobben_20200608_20201120_MF100_ETOH_s1_r1:Otu221,lowerLimitFilterSize,micrometer,100,http://vocab.nerc.ac.uk/collection/Q01/current/Q0100011/,https://vocab.nerc.ac.uk/collection/P06/current/UMIC/,
ARMS_TZS_Kummelkobben_20200608_20201120_MF100_ETOH_s1_r1:Otu221,sampleAccessionNumber,,SAMEA10020998,,,
ARMS_TZS_Kummelkobben_20200608_20201120_MF100_ETOH_s1_r1:Otu221,NCBIID,,660925,,,
ARMS_TZS_Kummelkobben_20200608_20201120_MF100_ETOH_s1_r1:Otu221,NCBIScientificName,,Telonemia,,,
ARMS_TZS_Kummelkobben_20200608_20201120_MF100_ETOH_s1_r1:Otu221,NCBITaxonRank,,phylum,,,
ARMS_TZS_Kummelkobben_20200608_20201120_MF100_ETOH_s1_r1:Otu221,fieldReplicateID,,no replicate,http://vocab.nerc.ac.uk/collection/P01/current/IDSPRE01,,
ARMS_TZS_Kummelkobben_20200608_20201120_MF100_ETOH_s1_r1:Otu221,technicalReplicateID,,,http://vocab.nerc.ac.uk/collection/P01/current/IDTCRE01,,
ARMS_TZS_Kummelkobben_20200608_20201120_MF100_ETOH_s1_r1:Otu129,submergedTime,day,165,http://vocab.nerc.ac.uk/collection/P01/current/AZDRZZ01/,https://vocab.nerc.ac.uk/collection/P06/current/UTAA/,
ARMS_TZS_Kummelkobben_20200608_20201120_MF100_ETOH_s1_r1:Otu129,preservativeUsed,,EtOH,http://vocab.nerc.ac.uk/collection/Q01/current/Q0100004/,,https://pubchem.ncbi.nlm.nih.gov/compound/702
ARMS_TZS_Kummelkobben_20200608_20201120_MF100_ETOH_s1_r1:Otu129,lowerLimitFilterSize,micrometer,100,http://vocab.nerc.ac.uk/collection/Q01/current/Q0100011/,https://vocab.nerc.ac.uk/collection/P06/current/UMIC/,
ARMS_TZS_Kummelkobben_20200608_20201120_MF100_ETOH_s1_r1:Otu129,sampleAccessionNumber,,SAMEA10020998,,,
ARMS_TZS_Kummelkobben_20200608_20201120_MF100_ETOH_s1_r1:Otu129,NCBIID,,2759,,,
ARMS_TZS_Kummelkobben_20200608_20201120_MF100_ETOH_s1_r1:Otu129,NCBIScientificName,,Eukaryota,,,
ARMS_TZS_Kummelkobben_20200608_20201120_MF100_ETOH_s1_r1:Otu129,NCBITaxonRank,,domain,,,
ARMS_TZS_Kummelkobben_20200608_20201120_MF100_ETOH_s1_r1:Otu129,fieldReplicateID,,no replicate,http://vocab.nerc.ac.uk/collection/P01/current/IDSPRE01,,
ARMS_TZS_Kummelkobben_20200608_20201120_MF100_ETOH_s1_r1:Otu129,technicalReplicateID,,,http://vocab.nerc.ac.uk/collection/P01/current/IDTCRE01,,
ARMS_TZS_Kummelkobben_20200608_20201120_MF100_ETOH_s1_r1:Otu125,submergedTime,day,165,http://vocab.nerc.ac.uk/collection/P01/current/AZDRZZ01/,https://vocab.nerc.ac.uk/collection/P06/current/UTAA/,
ARMS_TZS_Kummelkobben_20200608_20201120_MF100_ETOH_s1_r1:Otu125,preservativeUsed,,EtOH,http://vocab.nerc.ac.uk/collection/Q01/current/Q0100004/,,https://pubchem.ncbi.nlm.nih.gov/compound/702
ARMS_TZS_Kummelkobben_20200608_20201120_MF100_ETOH_s1_r1:Otu125,lowerLimitFilterSize,micrometer,100,http://vocab.nerc.ac.uk/collection/Q01/current/Q0100011/,https://vocab.nerc.ac.uk/collection/P06/current/UMIC/,
ARMS_TZS_Kummelkobben_20200608_20201120_MF100_ETOH_s1_r1:Otu125,sampleAccessionNumber,,SAMEA10020998,,,
ARMS_TZS_Kummelkobben_20200608_20201120_MF100_ETOH_s1_r1:Otu125,NCBIID,,35460,,,
ARMS_TZS_Kummelkobben_20200608_20201120_MF100_ETOH_s1_r1:Otu125,NCBIScientificName,,Chlorellales,,,
ARMS_TZS_Kummelkobben_20200608_20201120_MF100_ETOH_s1_r1:Otu125,NCBITaxonRank,,order,,,
ARMS_TZS_Kummelkobben_20200608_20201120_MF100_ETOH_s1_r1:Otu125,fieldReplicateID,,no replicate,http://vocab.nerc.ac.uk/collection/P01/current/IDSPRE01,,
ARMS_TZS_Kummelkobben_20200608_20201120_MF100_ETOH_s1_r1:Otu125,technicalReplicateID,,,http://vocab.nerc.ac.uk/collection/P01/current/IDTCRE01,,
ARMS_TZS_Kummelkobben_20200608_20201120_MF100_ETOH_s1_r1:Otu121,submergedTime,day,165,http://vocab.nerc.ac.uk/collection/P01/current/AZDRZZ01/,https://vocab.nerc.ac.uk/collection/P06/current/UTAA/,
ARMS_TZS_Kummelkobben_20200608_20201120_MF100_ETOH_s1_r1:Otu121,preservativeUsed,,EtOH,http://vocab.nerc.ac.uk/collection/Q01/current/Q0100004/,,https://pubchem.ncbi.nlm.nih.gov/compound/702
ARMS_TZS_Kummelkobben_20200608_20201120_MF100_ETOH_s1_r1:Otu121,lowerLimitFilterSize,micrometer,100,http://vocab.nerc.ac.uk/collection/Q01/current/Q0100011/,https://vocab.nerc.ac.uk/collection/P06/current/UMIC/,
ARMS_TZS_Kummelkobben_20200608_20201120_MF100_ETOH_s1_r1:Otu121,sampleAccessionNumber,,SAMEA10020998,,,
ARMS_TZS_Kummelkobben_20200608_20201120_MF100_ETOH_s1_r1:Otu121,NCBIID,,6599,,,
ARMS_TZS_Kummelkobben_20200608_20201120_MF100_ETOH_s1_r1:Otu121,NCBIScientificName,,Heteroconchia,,,
ARMS_TZS_Kummelkobben_20200608_20201120_MF100_ETOH_s1_r1:Otu121,NCBITaxonRank,,clade,,,
ARMS_TZS_Kummelkobben_20200608_20201120_MF100_ETOH_s1_r1:Otu121,fieldReplicateID,,no replicate,http://vocab.nerc.ac.uk/collection/P01/current/IDSPRE01,,
ARMS_TZS_Kummelkobben_20200608_20201120_MF100_ETOH_s1_r1:Otu121,technicalReplicateID,,,http://vocab.nerc.ac.uk/collection/P01/current/IDTCRE01,,
ARMS_TZS_Kummelkobben_20200608_20201120_MF100_ETOH_s1_r1:Otu63,submergedTime,day,165,http://vocab.nerc.ac.uk/collection/P01/current/AZDRZZ01/,https://vocab.nerc.ac.uk/collection/P06/current/UTAA/,
ARMS_TZS_Kummelkobben_20200608_20201120_MF100_ETOH_s1_r1:Otu63,preservativeUsed,,EtOH,http://vocab.nerc.ac.uk/collection/Q01/current/Q0100004/,,https://pubchem.ncbi.nlm.nih.gov/compound/702
ARMS_TZS_Kummelkobben_20200608_20201120_MF100_ETOH_s1_r1:Otu63,lowerLimitFilterSize,micrometer,100,http://vocab.nerc.ac.uk/collection/Q01/current/Q0100011/,https://vocab.nerc.ac.uk/collection/P06/current/UMIC/,
ARMS_TZS_Kummelkobben_20200608_20201120_MF100_ETOH_s1_r1:Otu63,sampleAccessionNumber,,SAMEA10020998,,,
ARMS_TZS_Kummelkobben_20200608_20201120_MF100_ETOH_s1_r1:Otu63,NCBIID,,27899,,,
ARMS_TZS_Kummelkobben_20200608_20201120_MF100_ETOH_s1_r1:Otu63,NCBIScientificName,,Phagocata,,,
ARMS_TZS_Kummelkobben_20200608_20201120_MF100_ETOH_s1_r1:Otu63,NCBITaxonRank,,genus,,,
ARMS_TZS_Kummelkobben_20200608_20201120_MF100_ETOH_s1_r1:Otu63,fieldReplicateID,,no replicate,http://vocab.nerc.ac.uk/collection/P01/current/IDSPRE01,,
ARMS_TZS_Kummelkobben_20200608_20201120_MF100_ETOH_s1_r1:Otu63,technicalReplicateID,,,http://vocab.nerc.ac.uk/collection/P01/current/IDTCRE01,,
ARMS_TZS_Kummelkobben_20200608_20201120_MF100_ETOH_s1_r1:Otu65,submergedTime,day,165,http://vocab.nerc.ac.uk/collection/P01/current/AZDRZZ01/,https://vocab.nerc.ac.uk/collection/P06/current/UTAA/,
ARMS_TZS_Kummelkobben_20200608_20201120_MF100_ETOH_s1_r1:Otu65,preservativeUsed,,EtOH,http://vocab.nerc.ac.uk/collection/Q01/current/Q0100004/,,https://pubchem.ncbi.nlm.nih.gov/compound/702
ARMS_TZS_Kummelkobben_20200608_20201120_MF100_ETOH_s1_r1:Otu65,lowerLimitFilterSize,micrometer,100,http://vocab.nerc.ac.uk/collection/Q01/current/Q0100011/,https://vocab.nerc.ac.uk/collection/P06/current/UMIC/,
ARMS_TZS_Kummelkobben_20200608_20201120_MF100_ETOH_s1_r1:Otu65,sampleAccessionNumber,,SAMEA10020998,,,
ARMS_TZS_Kummelkobben_20200608_20201120_MF100_ETOH_s1_r1:Otu65,NCBIID,,6657,,,
ARMS_TZS_Kummelkobben_20200608_20201120_MF100_ETOH_s1_r1:Otu65,NCBIScientificName,,Crustacea,,,
ARMS_TZS_Kummelkobben_20200608_20201120_MF100_ETOH_s1_r1:Otu65,NCBITaxonRank,,subphylum,,,
ARMS_TZS_Kummelkobben_20200608_20201120_MF100_ETOH_s1_r1:Otu65,fieldReplicateID,,no replicate,http://vocab.nerc.ac.uk/collection/P01/current/IDSPRE01,,
ARMS_TZS_Kummelkobben_20200608_20201120_MF100_ETOH_s1_r1:Otu65,technicalReplicateID,,,http://vocab.nerc.ac.uk/collection/P01/current/IDTCRE01,,
ARMS_TZS_Kummelkobben_20200608_20201120_MF100_ETOH_s1_r1:Otu64,submergedTime,day,165,http://vocab.nerc.ac.uk/collection/P01/current/AZDRZZ01/,https://vocab.nerc.ac.uk/collection/P06/current/UTAA/,
ARMS_TZS_Kummelkobben_20200608_20201120_MF100_ETOH_s1_r1:Otu64,preservativeUsed,,EtOH,http://vocab.nerc.ac.uk/collection/Q01/current/Q0100004/,,https://pubchem.ncbi.nlm.nih.gov/compound/702
ARMS_TZS_Kummelkobben_20200608_20201120_MF100_ETOH_s1_r1:Otu64,lowerLimitFilterSize,micrometer,100,http://vocab.nerc.ac.uk/collection/Q01/current/Q0100011/,https://vocab.nerc.ac.uk/collection/P06/current/UMIC/,
ARMS_TZS_Kummelkobben_20200608_20201120_MF100_ETOH_s1_r1:Otu64,sampleAccessionNumber,,SAMEA10020998,,,
ARMS_TZS_Kummelkobben_20200608_20201120_MF100_ETOH_s1_r1:Otu64,NCBIID,,2836,,,
ARMS_TZS_Kummelkobben_20200608_20201120_MF100_ETOH_s1_r1:Otu64,NCBIScientificName,,Bacillariophyta,,,
ARMS_TZS_Kummelkobben_20200608_20201120_MF100_ETOH_s1_r1:Otu64,NCBITaxonRank,,phylum,,,
ARMS_TZS_Kummelkobben_20200608_20201120_MF100_ETOH_s1_r1:Otu64,fieldReplicateID,,no replicate,http://vocab.nerc.ac.uk/collection/P01/current/IDSPRE01,,
ARMS_TZS_Kummelkobben_20200608_20201120_MF100_ETOH_s1_r1:Otu64,technicalReplicateID,,,http://vocab.nerc.ac.uk/collection/P01/current/IDTCRE01,,
ARMS_TZS_Kummelkobben_20200608_20201120_MF100_ETOH_s1_r1:Otu462,submergedTime,day,165,http://vocab.nerc.ac.uk/collection/P01/current/AZDRZZ01/,https://vocab.nerc.ac.uk/collection/P06/current/UTAA/,
ARMS_TZS_Kummelkobben_20200608_20201120_MF100_ETOH_s1_r1:Otu462,preservativeUsed,,EtOH,http://vocab.nerc.ac.uk/collection/Q01/current/Q0100004/,,https://pubchem.ncbi.nlm.nih.gov/compound/702
ARMS_TZS_Kummelkobben_20200608_20201120_MF100_ETOH_s1_r1:Otu462,lowerLimitFilterSize,micrometer,100,http://vocab.nerc.ac.uk/collection/Q01/current/Q0100011/,https://vocab.nerc.ac.uk/collection/P06/current/UMIC/,
ARMS_TZS_Kummelkobben_20200608_20201120_MF100_ETOH_s1_r1:Otu462,sampleAccessionNumber,,SAMEA10020998,,,
ARMS_TZS_Kummelkobben_20200608_20201120_MF100_ETOH_s1_r1:Otu462,NCBIID,,3554,,,
ARMS_TZS_Kummelkobben_20200608_20201120_MF100_ETOH_s1_r1:Otu462,NCBIScientificName,,Beta,,,
ARMS_TZS_Kummelkobben_20200608_20201120_MF100_ETOH_s1_r1:Otu462,NCBITaxonRank,,genus,,,
ARMS_TZS_Kummelkobben_20200608_20201120_MF100_ETOH_s1_r1:Otu462,fieldReplicateID,,no replicate,http://vocab.nerc.ac.uk/collection/P01/current/IDSPRE01,,
ARMS_TZS_Kummelkobben_20200608_20201120_MF100_ETOH_s1_r1:Otu462,technicalReplicateID,,,http://vocab.nerc.ac.uk/collection/P01/current/IDTCRE01,,
ARMS_TZS_Kummelkobben_20200608_20201120_MF100_ETOH_s1_r1:Otu460,submergedTime,day,165,http://vocab.nerc.ac.uk/collection/P01/current/AZDRZZ01/,https://vocab.nerc.ac.uk/collection/P06/current/UTAA/,
ARMS_TZS_Kummelkobben_20200608_20201120_MF100_ETOH_s1_r1:Otu460,preservativeUsed,,EtOH,http://vocab.nerc.ac.uk/collection/Q01/current/Q0100004/,,https://pubchem.ncbi.nlm.nih.gov/compound/702
ARMS_TZS_Kummelkobben_20200608_20201120_MF100_ETOH_s1_r1:Otu460,lowerLimitFilterSize,micrometer,100,http://vocab.nerc.ac.uk/collection/Q01/current/Q0100011/,https://vocab.nerc.ac.uk/collection/P06/current/UMIC/,
ARMS_TZS_Kummelkobben_20200608_20201120_MF100_ETOH_s1_r1:Otu460,sampleAccessionNumber,,SAMEA10020998,,,
ARMS_TZS_Kummelkobben_20200608_20201120_MF100_ETOH_s1_r1:Otu460,NCBIID,,1678346,,,
ARMS_TZS_Kummelkobben_20200608_20201120_MF100_ETOH_s1_r1:Otu460,NCBIScientificName,,Amphifilaceae,,,
ARMS_TZS_Kummelkobben_20200608_20201120_MF100_ETOH_s1_r1:Otu460,NCBITaxonRank,,family,,,
ARMS_TZS_Kummelkobben_20200608_20201120_MF100_ETOH_s1_r1:Otu460,fieldReplicateID,,no replicate,http://vocab.nerc.ac.uk/collection/P01/current/IDSPRE01,,
ARMS_TZS_Kummelkobben_20200608_20201120_MF100_ETOH_s1_r1:Otu460,technicalReplicateID,,,http://vocab.nerc.ac.uk/collection/P01/current/IDTCRE01,,
ARMS_TZS_Kummelkobben_20200608_20201120_MF100_ETOH_s1_r1:Otu461,submergedTime,day,165,http://vocab.nerc.ac.uk/collection/P01/current/AZDRZZ01/,https://vocab.nerc.ac.uk/collection/P06/current/UTAA/,
ARMS_TZS_Kummelkobben_20200608_20201120_MF100_ETOH_s1_r1:Otu461,preservativeUsed,,EtOH,http://vocab.nerc.ac.uk/collection/Q01/current/Q0100004/,,https://pubchem.ncbi.nlm.nih.gov/compound/702
ARMS_TZS_Kummelkobben_20200608_20201120_MF100_ETOH_s1_r1:Otu461,lowerLimitFilterSize,micrometer,100,http://vocab.nerc.ac.uk/collection/Q01/current/Q0100011/,https://vocab.nerc.ac.uk/collection/P06/current/UMIC/,
ARMS_TZS_Kummelkobben_20200608_20201120_MF100_ETOH_s1_r1:Otu461,sampleAccessionNumber,,SAMEA10020998,,,
ARMS_TZS_Kummelkobben_20200608_20201120_MF100_ETOH_s1_r1:Otu461,NCBIID,,2566138,,,
ARMS_TZS_Kummelkobben_20200608_20201120_MF100_ETOH_s1_r1:Otu461,NCBIScientificName,,Botuliforma,,,
ARMS_TZS_Kummelkobben_20200608_20201120_MF100_ETOH_s1_r1:Otu461,NCBITaxonRank,,genus,,,
ARMS_TZS_Kummelkobben_20200608_20201120_MF100_ETOH_s1_r1:Otu461,fieldReplicateID,,no replicate,http://vocab.nerc.ac.uk/collection/P01/current/IDSPRE01,,
ARMS_TZS_Kummelkobben_20200608_20201120_MF100_ETOH_s1_r1:Otu461,technicalReplicateID,,,http://vocab.nerc.ac.uk/collection/P01/current/IDTCRE01,,
ARMS_TZS_Kummelkobben_20200608_20201120_MF100_ETOH_s1_r1:Otu306,submergedTime,day,165,http://vocab.nerc.ac.uk/collection/P01/current/AZDRZZ01/,https://vocab.nerc.ac.uk/collection/P06/current/UTAA/,
ARMS_TZS_Kummelkobben_20200608_20201120_MF100_ETOH_s1_r1:Otu306,preservativeUsed,,EtOH,http://vocab.nerc.ac.uk/collection/Q01/current/Q0100004/,,https://pubchem.ncbi.nlm.nih.gov/compound/702
ARMS_TZS_Kummelkobben_20200608_20201120_MF100_ETOH_s1_r1:Otu306,lowerLimitFilterSize,micrometer,100,http://vocab.nerc.ac.uk/collection/Q01/current/Q0100011/,https://vocab.nerc.ac.uk/collection/P06/current/UMIC/,
ARMS_TZS_Kummelkobben_20200608_20201120_MF100_ETOH_s1_r1:Otu306,sampleAccessionNumber,,SAMEA10020998,,,
ARMS_TZS_Kummelkobben_20200608_20201120_MF100_ETOH_s1_r1:Otu306,NCBIID,,5636,,,
ARMS_TZS_Kummelkobben_20200608_20201120_MF100_ETOH_s1_r1:Otu306,NCBIScientificName,,Panellus_stypticus,,,
ARMS_TZS_Kummelkobben_20200608_20201120_MF100_ETOH_s1_r1:Otu306,NCBITaxonRank,,species,,,
ARMS_TZS_Kummelkobben_20200608_20201120_MF100_ETOH_s1_r1:Otu306,fieldReplicateID,,no replicate,http://vocab.nerc.ac.uk/collection/P01/current/IDSPRE01,,
ARMS_TZS_Kummelkobben_20200608_20201120_MF100_ETOH_s1_r1:Otu306,technicalReplicateID,,,http://vocab.nerc.ac.uk/collection/P01/current/IDTCRE01,,
ARMS_TZS_Kummelkobben_20200608_20201120_MF100_ETOH_s1_r1:Otu301,submergedTime,day,165,http://vocab.nerc.ac.uk/collection/P01/current/AZDRZZ01/,https://vocab.nerc.ac.uk/collection/P06/current/UTAA/,
ARMS_TZS_Kummelkobben_20200608_20201120_MF100_ETOH_s1_r1:Otu301,preservativeUsed,,EtOH,http://vocab.nerc.ac.uk/collection/Q01/current/Q0100004/,,https://pubchem.ncbi.nlm.nih.gov/compound/702
ARMS_TZS_Kummelkobben_20200608_20201120_MF100_ETOH_s1_r1:Otu301,lowerLimitFilterSize,micrometer,100,http://vocab.nerc.ac.uk/collection/Q01/current/Q0100011/,https://vocab.nerc.ac.uk/collection/P06/current/UMIC/,
ARMS_TZS_Kummelkobben_20200608_20201120_MF100_ETOH_s1_r1:Otu301,sampleAccessionNumber,,SAMEA10020998,,,
ARMS_TZS_Kummelkobben_20200608_20201120_MF100_ETOH_s1_r1:Otu301,NCBIID,,230408,,,
ARMS_TZS_Kummelkobben_20200608_20201120_MF100_ETOH_s1_r1:Otu301,NCBIScientificName,,Pirsonia,,,
ARMS_TZS_Kummelkobben_20200608_20201120_MF100_ETOH_s1_r1:Otu301,NCBITaxonRank,,genus,,,
ARMS_TZS_Kummelkobben_20200608_20201120_MF100_ETOH_s1_r1:Otu301,fieldReplicateID,,no replicate,http://vocab.nerc.ac.uk/collection/P01/current/IDSPRE01,,
ARMS_TZS_Kummelkobben_20200608_20201120_MF100_ETOH_s1_r1:Otu301,technicalReplicateID,,,http://vocab.nerc.ac.uk/collection/P01/current/IDTCRE01,,
ARMS_TZS_Kummelkobben_20200608_20201120_MF100_ETOH_s1_r1:Otu112,submergedTime,day,165,http://vocab.nerc.ac.uk/collection/P01/current/AZDRZZ01/,https://vocab.nerc.ac.uk/collection/P06/current/UTAA/,
ARMS_TZS_Kummelkobben_20200608_20201120_MF100_ETOH_s1_r1:Otu112,preservativeUsed,,EtOH,http://vocab.nerc.ac.uk/collection/Q01/current/Q0100004/,,https://pubchem.ncbi.nlm.nih.gov/compound/702
ARMS_TZS_Kummelkobben_20200608_20201120_MF100_ETOH_s1_r1:Otu112,lowerLimitFilterSize,micrometer,100,http://vocab.nerc.ac.uk/collection/Q01/current/Q0100011/,https://vocab.nerc.ac.uk/collection/P06/current/UMIC/,
ARMS_TZS_Kummelkobben_20200608_20201120_MF100_ETOH_s1_r1:Otu112,sampleAccessionNumber,,SAMEA10020998,,,
ARMS_TZS_Kummelkobben_20200608_20201120_MF100_ETOH_s1_r1:Otu112,NCBIID,,168253,,,
ARMS_TZS_Kummelkobben_20200608_20201120_MF100_ETOH_s1_r1:Otu112,NCBIScientificName,,Vaginicola,,,
ARMS_TZS_Kummelkobben_20200608_20201120_MF100_ETOH_s1_r1:Otu112,NCBITaxonRank,,genus,,,
ARMS_TZS_Kummelkobben_20200608_20201120_MF100_ETOH_s1_r1:Otu112,fieldReplicateID,,no replicate,http://vocab.nerc.ac.uk/collection/P01/current/IDSPRE01,,
ARMS_TZS_Kummelkobben_20200608_20201120_MF100_ETOH_s1_r1:Otu112,technicalReplicateID,,,http://vocab.nerc.ac.uk/collection/P01/current/IDTCRE01,,
ARMS_TZS_Kummelkobben_20200608_20201120_MF100_ETOH_s1_r1:Otu111,submergedTime,day,165,http://vocab.nerc.ac.uk/collection/P01/current/AZDRZZ01/,https://vocab.nerc.ac.uk/collection/P06/current/UTAA/,
ARMS_TZS_Kummelkobben_20200608_20201120_MF100_ETOH_s1_r1:Otu111,preservativeUsed,,EtOH,http://vocab.nerc.ac.uk/collection/Q01/current/Q0100004/,,https://pubchem.ncbi.nlm.nih.gov/compound/702
ARMS_TZS_Kummelkobben_20200608_20201120_MF100_ETOH_s1_r1:Otu111,lowerLimitFilterSize,micrometer,100,http://vocab.nerc.ac.uk/collection/Q01/current/Q0100011/,https://vocab.nerc.ac.uk/collection/P06/current/UMIC/,
ARMS_TZS_Kummelkobben_20200608_20201120_MF100_ETOH_s1_r1:Otu111,sampleAccessionNumber,,SAMEA10020998,,,
ARMS_TZS_Kummelkobben_20200608_20201120_MF100_ETOH_s1_r1:Otu111,NCBIID,,35493,,,
ARMS_TZS_Kummelkobben_20200608_20201120_MF100_ETOH_s1_r1:Otu111,NCBIScientificName,,Streptophyta,,,
ARMS_TZS_Kummelkobben_20200608_20201120_MF100_ETOH_s1_r1:Otu111,NCBITaxonRank,,phylum,,,
ARMS_TZS_Kummelkobben_20200608_20201120_MF100_ETOH_s1_r1:Otu111,fieldReplicateID,,no replicate,http://vocab.nerc.ac.uk/collection/P01/current/IDSPRE01,,
ARMS_TZS_Kummelkobben_20200608_20201120_MF100_ETOH_s1_r1:Otu111,technicalReplicateID,,,http://vocab.nerc.ac.uk/collection/P01/current/IDTCRE01,,
ARMS_TZS_Kummelkobben_20200608_20201120_MF100_ETOH_s1_r1:Otu282,submergedTime,day,165,http://vocab.nerc.ac.uk/collection/P01/current/AZDRZZ01/,https://vocab.nerc.ac.uk/collection/P06/current/UTAA/,
ARMS_TZS_Kummelkobben_20200608_20201120_MF100_ETOH_s1_r1:Otu282,preservativeUsed,,EtOH,http://vocab.nerc.ac.uk/collection/Q01/current/Q0100004/,,https://pubchem.ncbi.nlm.nih.gov/compound/702
ARMS_TZS_Kummelkobben_20200608_20201120_MF100_ETOH_s1_r1:Otu282,lowerLimitFilterSize,micrometer,100,http://vocab.nerc.ac.uk/collection/Q01/current/Q0100011/,https://vocab.nerc.ac.uk/collection/P06/current/UMIC/,
ARMS_TZS_Kummelkobben_20200608_20201120_MF100_ETOH_s1_r1:Otu282,sampleAccessionNumber,,SAMEA10020998,,,
ARMS_TZS_Kummelkobben_20200608_20201120_MF100_ETOH_s1_r1:Otu282,NCBIID,,1003070,,,
ARMS_TZS_Kummelkobben_20200608_20201120_MF100_ETOH_s1_r1:Otu282,NCBIScientificName,,Lemnicola,,,
ARMS_TZS_Kummelkobben_20200608_20201120_MF100_ETOH_s1_r1:Otu282,NCBITaxonRank,,genus,,,
ARMS_TZS_Kummelkobben_20200608_20201120_MF100_ETOH_s1_r1:Otu282,fieldReplicateID,,no replicate,http://vocab.nerc.ac.uk/collection/P01/current/IDSPRE01,,
ARMS_TZS_Kummelkobben_20200608_20201120_MF100_ETOH_s1_r1:Otu282,technicalReplicateID,,,http://vocab.nerc.ac.uk/collection/P01/current/IDTCRE01,,
ARMS_TZS_Kummelkobben_20200608_20201120_MF100_ETOH_s1_r1:Otu281,submergedTime,day,165,http://vocab.nerc.ac.uk/collection/P01/current/AZDRZZ01/,https://vocab.nerc.ac.uk/collection/P06/current/UTAA/,
ARMS_TZS_Kummelkobben_20200608_20201120_MF100_ETOH_s1_r1:Otu281,preservativeUsed,,EtOH,http://vocab.nerc.ac.uk/collection/Q01/current/Q0100004/,,https://pubchem.ncbi.nlm.nih.gov/compound/702
ARMS_TZS_Kummelkobben_20200608_20201120_MF100_ETOH_s1_r1:Otu281,lowerLimitFilterSize,micrometer,100,http://vocab.nerc.ac.uk/collection/Q01/current/Q0100011/,https://vocab.nerc.ac.uk/collection/P06/current/UMIC/,
ARMS_TZS_Kummelkobben_20200608_20201120_MF100_ETOH_s1_r1:Otu281,sampleAccessionNumber,,SAMEA10020998,,,
ARMS_TZS_Kummelkobben_20200608_20201120_MF100_ETOH_s1_r1:Otu281,NCBIID,,2918835,,,
ARMS_TZS_Kummelkobben_20200608_20201120_MF100_ETOH_s1_r1:Otu281,NCBIScientificName,,Clade-C,,,
ARMS_TZS_Kummelkobben_20200608_20201120_MF100_ETOH_s1_r1:Otu281,NCBITaxonRank,,species,,,
ARMS_TZS_Kummelkobben_20200608_20201120_MF100_ETOH_s1_r1:Otu281,fieldReplicateID,,no replicate,http://vocab.nerc.ac.uk/collection/P01/current/IDSPRE01,,
ARMS_TZS_Kummelkobben_20200608_20201120_MF100_ETOH_s1_r1:Otu281,technicalReplicateID,,,http://vocab.nerc.ac.uk/collection/P01/current/IDTCRE01,,
ARMS_TZS_Kummelkobben_20200608_20201120_MF100_ETOH_s1_r1:Otu38,submergedTime,day,165,http://vocab.nerc.ac.uk/collection/P01/current/AZDRZZ01/,https://vocab.nerc.ac.uk/collection/P06/current/UTAA/,
ARMS_TZS_Kummelkobben_20200608_20201120_MF100_ETOH_s1_r1:Otu38,preservativeUsed,,EtOH,http://vocab.nerc.ac.uk/collection/Q01/current/Q0100004/,,https://pubchem.ncbi.nlm.nih.gov/compound/702
ARMS_TZS_Kummelkobben_20200608_20201120_MF100_ETOH_s1_r1:Otu38,lowerLimitFilterSize,micrometer,100,http://vocab.nerc.ac.uk/collection/Q01/current/Q0100011/,https://vocab.nerc.ac.uk/collection/P06/current/UMIC/,
ARMS_TZS_Kummelkobben_20200608_20201120_MF100_ETOH_s1_r1:Otu38,sampleAccessionNumber,,SAMEA10020998,,,
ARMS_TZS_Kummelkobben_20200608_20201120_MF100_ETOH_s1_r1:Otu38,NCBIID,,244961,,,
ARMS_TZS_Kummelkobben_20200608_20201120_MF100_ETOH_s1_r1:Otu38,NCBIScientificName,,Gyrodinium_fusiforme,,,
ARMS_TZS_Kummelkobben_20200608_20201120_MF100_ETOH_s1_r1:Otu38,NCBITaxonRank,,species,,,
ARMS_TZS_Kummelkobben_20200608_20201120_MF100_ETOH_s1_r1:Otu38,fieldReplicateID,,no replicate,http://vocab.nerc.ac.uk/collection/P01/current/IDSPRE01,,
ARMS_TZS_Kummelkobben_20200608_20201120_MF100_ETOH_s1_r1:Otu38,technicalReplicateID,,,http://vocab.nerc.ac.uk/collection/P01/current/IDTCRE01,,
ARMS_TZS_Kummelkobben_20200608_20201120_MF100_ETOH_s1_r1:Otu39,submergedTime,day,165,http://vocab.nerc.ac.uk/collection/P01/current/AZDRZZ01/,https://vocab.nerc.ac.uk/collection/P06/current/UTAA/,
ARMS_TZS_Kummelkobben_20200608_20201120_MF100_ETOH_s1_r1:Otu39,preservativeUsed,,EtOH,http://vocab.nerc.ac.uk/collection/Q01/current/Q0100004/,,https://pubchem.ncbi.nlm.nih.gov/compound/702
ARMS_TZS_Kummelkobben_20200608_20201120_MF100_ETOH_s1_r1:Otu39,lowerLimitFilterSize,micrometer,100,http://vocab.nerc.ac.uk/collection/Q01/current/Q0100011/,https://vocab.nerc.ac.uk/collection/P06/current/UMIC/,
ARMS_TZS_Kummelkobben_20200608_20201120_MF100_ETOH_s1_r1:Otu39,sampleAccessionNumber,,SAMEA10020998,,,
ARMS_TZS_Kummelkobben_20200608_20201120_MF100_ETOH_s1_r1:Otu39,NCBIID,,10205,,,
ARMS_TZS_Kummelkobben_20200608_20201120_MF100_ETOH_s1_r1:Otu39,NCBIScientificName,,Bryozoa,,,
ARMS_TZS_Kummelkobben_20200608_20201120_MF100_ETOH_s1_r1:Otu39,NCBITaxonRank,,phylum,,,
ARMS_TZS_Kummelkobben_20200608_20201120_MF100_ETOH_s1_r1:Otu39,fieldReplicateID,,no replicate,http://vocab.nerc.ac.uk/collection/P01/current/IDSPRE01,,
ARMS_TZS_Kummelkobben_20200608_20201120_MF100_ETOH_s1_r1:Otu39,technicalReplicateID,,,http://vocab.nerc.ac.uk/collection/P01/current/IDTCRE01,,
ARMS_TZS_Kummelkobben_20200608_20201120_MF100_ETOH_s1_r1:Otu36,submergedTime,day,165,http://vocab.nerc.ac.uk/collection/P01/current/AZDRZZ01/,https://vocab.nerc.ac.uk/collection/P06/current/UTAA/,
ARMS_TZS_Kummelkobben_20200608_20201120_MF100_ETOH_s1_r1:Otu36,preservativeUsed,,EtOH,http://vocab.nerc.ac.uk/collection/Q01/current/Q0100004/,,https://pubchem.ncbi.nlm.nih.gov/compound/702
ARMS_TZS_Kummelkobben_20200608_20201120_MF100_ETOH_s1_r1:Otu36,lowerLimitFilterSize,micrometer,100,http://vocab.nerc.ac.uk/collection/Q01/current/Q0100011/,https://vocab.nerc.ac.uk/collection/P06/current/UMIC/,
ARMS_TZS_Kummelkobben_20200608_20201120_MF100_ETOH_s1_r1:Otu36,sampleAccessionNumber,,SAMEA10020998,,,
ARMS_TZS_Kummelkobben_20200608_20201120_MF100_ETOH_s1_r1:Otu36,NCBIID,,5934,,,
ARMS_TZS_Kummelkobben_20200608_20201120_MF100_ETOH_s1_r1:Otu36,NCBIScientificName,,Hypotrichia,,,
ARMS_TZS_Kummelkobben_20200608_20201120_MF100_ETOH_s1_r1:Otu36,NCBITaxonRank,,subclass,,,
ARMS_TZS_Kummelkobben_20200608_20201120_MF100_ETOH_s1_r1:Otu36,fieldReplicateID,,no replicate,http://vocab.nerc.ac.uk/collection/P01/current/IDSPRE01,,
ARMS_TZS_Kummelkobben_20200608_20201120_MF100_ETOH_s1_r1:Otu36,technicalReplicateID,,,http://vocab.nerc.ac.uk/collection/P01/current/IDTCRE01,,
ARMS_TZS_Kummelkobben_20200608_20201120_MF100_ETOH_s1_r1:Otu35,submergedTime,day,165,http://vocab.nerc.ac.uk/collection/P01/current/AZDRZZ01/,https://vocab.nerc.ac.uk/collection/P06/current/UTAA/,
ARMS_TZS_Kummelkobben_20200608_20201120_MF100_ETOH_s1_r1:Otu35,preservativeUsed,,EtOH,http://vocab.nerc.ac.uk/collection/Q01/current/Q0100004/,,https://pubchem.ncbi.nlm.nih.gov/compound/702
ARMS_TZS_Kummelkobben_20200608_20201120_MF100_ETOH_s1_r1:Otu35,lowerLimitFilterSize,micrometer,100,http://vocab.nerc.ac.uk/collection/Q01/current/Q0100011/,https://vocab.nerc.ac.uk/collection/P06/current/UMIC/,
ARMS_TZS_Kummelkobben_20200608_20201120_MF100_ETOH_s1_r1:Otu35,sampleAccessionNumber,,SAMEA10020998,,,
ARMS_TZS_Kummelkobben_20200608_20201120_MF100_ETOH_s1_r1:Otu35,NCBIID,,320052,,,
ARMS_TZS_Kummelkobben_20200608_20201120_MF100_ETOH_s1_r1:Otu35,NCBIScientificName,,Chromadorina,,,
ARMS_TZS_Kummelkobben_20200608_20201120_MF100_ETOH_s1_r1:Otu35,NCBITaxonRank,,genus,,,
ARMS_TZS_Kummelkobben_20200608_20201120_MF100_ETOH_s1_r1:Otu35,fieldReplicateID,,no replicate,http://vocab.nerc.ac.uk/collection/P01/current/IDSPRE01,,
ARMS_TZS_Kummelkobben_20200608_20201120_MF100_ETOH_s1_r1:Otu35,technicalReplicateID,,,http://vocab.nerc.ac.uk/collection/P01/current/IDTCRE01,,
ARMS_TZS_Kummelkobben_20200608_20201120_MF100_ETOH_s1_r1:Otu30,submergedTime,day,165,http://vocab.nerc.ac.uk/collection/P01/current/AZDRZZ01/,https://vocab.nerc.ac.uk/collection/P06/current/UTAA/,
ARMS_TZS_Kummelkobben_20200608_20201120_MF100_ETOH_s1_r1:Otu30,preservativeUsed,,EtOH,http://vocab.nerc.ac.uk/collection/Q01/current/Q0100004/,,https://pubchem.ncbi.nlm.nih.gov/compound/702
ARMS_TZS_Kummelkobben_20200608_20201120_MF100_ETOH_s1_r1:Otu30,lowerLimitFilterSize,micrometer,100,http://vocab.nerc.ac.uk/collection/Q01/current/Q0100011/,https://vocab.nerc.ac.uk/collection/P06/current/UMIC/,
ARMS_TZS_Kummelkobben_20200608_20201120_MF100_ETOH_s1_r1:Otu30,sampleAccessionNumber,,SAMEA10020998,,,
ARMS_TZS_Kummelkobben_20200608_20201120_MF100_ETOH_s1_r1:Otu30,NCBIID,,6681,,,
ARMS_TZS_Kummelkobben_20200608_20201120_MF100_ETOH_s1_r1:Otu30,NCBIScientificName,,Malacostraca,,,
ARMS_TZS_Kummelkobben_20200608_20201120_MF100_ETOH_s1_r1:Otu30,NCBITaxonRank,,class,,,
ARMS_TZS_Kummelkobben_20200608_20201120_MF100_ETOH_s1_r1:Otu30,fieldReplicateID,,no replicate,http://vocab.nerc.ac.uk/collection/P01/current/IDSPRE01,,
ARMS_TZS_Kummelkobben_20200608_20201120_MF100_ETOH_s1_r1:Otu30,technicalReplicateID,,,http://vocab.nerc.ac.uk/collection/P01/current/IDTCRE01,,
ARMS_TZS_Kummelkobben_20200608_20201120_MF100_ETOH_s1_r1:Otu31,submergedTime,day,165,http://vocab.nerc.ac.uk/collection/P01/current/AZDRZZ01/,https://vocab.nerc.ac.uk/collection/P06/current/UTAA/,
ARMS_TZS_Kummelkobben_20200608_20201120_MF100_ETOH_s1_r1:Otu31,preservativeUsed,,EtOH,http://vocab.nerc.ac.uk/collection/Q01/current/Q0100004/,,https://pubchem.ncbi.nlm.nih.gov/compound/702
ARMS_TZS_Kummelkobben_20200608_20201120_MF100_ETOH_s1_r1:Otu31,lowerLimitFilterSize,micrometer,100,http://vocab.nerc.ac.uk/collection/Q01/current/Q0100011/,https://vocab.nerc.ac.uk/collection/P06/current/UMIC/,
ARMS_TZS_Kummelkobben_20200608_20201120_MF100_ETOH_s1_r1:Otu31,sampleAccessionNumber,,SAMEA10020998,,,
ARMS_TZS_Kummelkobben_20200608_20201120_MF100_ETOH_s1_r1:Otu31,NCBIID,,6074,,,
ARMS_TZS_Kummelkobben_20200608_20201120_MF100_ETOH_s1_r1:Otu31,NCBIScientificName,,Hydrozoa,,,
ARMS_TZS_Kummelkobben_20200608_20201120_MF100_ETOH_s1_r1:Otu31,NCBITaxonRank,,class,,,
ARMS_TZS_Kummelkobben_20200608_20201120_MF100_ETOH_s1_r1:Otu31,fieldReplicateID,,no replicate,http://vocab.nerc.ac.uk/collection/P01/current/IDSPRE01,,
ARMS_TZS_Kummelkobben_20200608_20201120_MF100_ETOH_s1_r1:Otu31,technicalReplicateID,,,http://vocab.nerc.ac.uk/collection/P01/current/IDTCRE01,,
ARMS_TZS_Kummelkobben_20200608_20201120_MF100_ETOH_s1_r1:Otu169,submergedTime,day,165,http://vocab.nerc.ac.uk/collection/P01/current/AZDRZZ01/,https://vocab.nerc.ac.uk/collection/P06/current/UTAA/,
ARMS_TZS_Kummelkobben_20200608_20201120_MF100_ETOH_s1_r1:Otu169,preservativeUsed,,EtOH,http://vocab.nerc.ac.uk/collection/Q01/current/Q0100004/,,https://pubchem.ncbi.nlm.nih.gov/compound/702
ARMS_TZS_Kummelkobben_20200608_20201120_MF100_ETOH_s1_r1:Otu169,lowerLimitFilterSize,micrometer,100,http://vocab.nerc.ac.uk/collection/Q01/current/Q0100011/,https://vocab.nerc.ac.uk/collection/P06/current/UMIC/,
ARMS_TZS_Kummelkobben_20200608_20201120_MF100_ETOH_s1_r1:Otu169,sampleAccessionNumber,,SAMEA10020998,,,
ARMS_TZS_Kummelkobben_20200608_20201120_MF100_ETOH_s1_r1:Otu169,NCBIID,,57512,,,
ARMS_TZS_Kummelkobben_20200608_20201120_MF100_ETOH_s1_r1:Otu169,NCBIScientificName,,Uroleptus,,,
ARMS_TZS_Kummelkobben_20200608_20201120_MF100_ETOH_s1_r1:Otu169,NCBITaxonRank,,genus,,,
ARMS_TZS_Kummelkobben_20200608_20201120_MF100_ETOH_s1_r1:Otu169,fieldReplicateID,,no replicate,http://vocab.nerc.ac.uk/collection/P01/current/IDSPRE01,,
ARMS_TZS_Kummelkobben_20200608_20201120_MF100_ETOH_s1_r1:Otu169,technicalReplicateID,,,http://vocab.nerc.ac.uk/collection/P01/current/IDTCRE01,,
ARMS_TZS_Kummelkobben_20200608_20201120_MF100_ETOH_s1_r1:Otu83,submergedTime,day,165,http://vocab.nerc.ac.uk/collection/P01/current/AZDRZZ01/,https://vocab.nerc.ac.uk/collection/P06/current/UTAA/,
ARMS_TZS_Kummelkobben_20200608_20201120_MF100_ETOH_s1_r1:Otu83,preservativeUsed,,EtOH,http://vocab.nerc.ac.uk/collection/Q01/current/Q0100004/,,https://pubchem.ncbi.nlm.nih.gov/compound/702
ARMS_TZS_Kummelkobben_20200608_20201120_MF100_ETOH_s1_r1:Otu83,lowerLimitFilterSize,micrometer,100,http://vocab.nerc.ac.uk/collection/Q01/current/Q0100011/,https://vocab.nerc.ac.uk/collection/P06/current/UMIC/,
ARMS_TZS_Kummelkobben_20200608_20201120_MF100_ETOH_s1_r1:Otu83,sampleAccessionNumber,,SAMEA10020998,,,
ARMS_TZS_Kummelkobben_20200608_20201120_MF100_ETOH_s1_r1:Otu83,NCBIID,,6657,,,
ARMS_TZS_Kummelkobben_20200608_20201120_MF100_ETOH_s1_r1:Otu83,NCBIScientificName,,Crustacea,,,
ARMS_TZS_Kummelkobben_20200608_20201120_MF100_ETOH_s1_r1:Otu83,NCBITaxonRank,,subphylum,,,
ARMS_TZS_Kummelkobben_20200608_20201120_MF100_ETOH_s1_r1:Otu83,fieldReplicateID,,no replicate,http://vocab.nerc.ac.uk/collection/P01/current/IDSPRE01,,
ARMS_TZS_Kummelkobben_20200608_20201120_MF100_ETOH_s1_r1:Otu83,technicalReplicateID,,,http://vocab.nerc.ac.uk/collection/P01/current/IDTCRE01,,
ARMS_TZS_Kummelkobben_20200608_20201120_MF100_ETOH_s1_r1:Otu80,submergedTime,day,165,http://vocab.nerc.ac.uk/collection/P01/current/AZDRZZ01/,https://vocab.nerc.ac.uk/collection/P06/current/UTAA/,
ARMS_TZS_Kummelkobben_20200608_20201120_MF100_ETOH_s1_r1:Otu80,preservativeUsed,,EtOH,http://vocab.nerc.ac.uk/collection/Q01/current/Q0100004/,,https://pubchem.ncbi.nlm.nih.gov/compound/702
ARMS_TZS_Kummelkobben_20200608_20201120_MF100_ETOH_s1_r1:Otu80,lowerLimitFilterSize,micrometer,100,http://vocab.nerc.ac.uk/collection/Q01/current/Q0100011/,https://vocab.nerc.ac.uk/collection/P06/current/UMIC/,
ARMS_TZS_Kummelkobben_20200608_20201120_MF100_ETOH_s1_r1:Otu80,sampleAccessionNumber,,SAMEA10020998,,,
ARMS_TZS_Kummelkobben_20200608_20201120_MF100_ETOH_s1_r1:Otu80,NCBIID,,1031332,,,
ARMS_TZS_Kummelkobben_20200608_20201120_MF100_ETOH_s1_r1:Otu80,NCBIScientificName,,Cryptomycota,,,
ARMS_TZS_Kummelkobben_20200608_20201120_MF100_ETOH_s1_r1:Otu80,NCBITaxonRank,,phylum,,,
ARMS_TZS_Kummelkobben_20200608_20201120_MF100_ETOH_s1_r1:Otu80,fieldReplicateID,,no replicate,http://vocab.nerc.ac.uk/collection/P01/current/IDSPRE01,,
ARMS_TZS_Kummelkobben_20200608_20201120_MF100_ETOH_s1_r1:Otu80,technicalReplicateID,,,http://vocab.nerc.ac.uk/collection/P01/current/IDTCRE01,,
ARMS_TZS_Kummelkobben_20200608_20201120_MF100_ETOH_s1_r1:Otu87,submergedTime,day,165,http://vocab.nerc.ac.uk/collection/P01/current/AZDRZZ01/,https://vocab.nerc.ac.uk/collection/P06/current/UTAA/,
ARMS_TZS_Kummelkobben_20200608_20201120_MF100_ETOH_s1_r1:Otu87,preservativeUsed,,EtOH,http://vocab.nerc.ac.uk/collection/Q01/current/Q0100004/,,https://pubchem.ncbi.nlm.nih.gov/compound/702
ARMS_TZS_Kummelkobben_20200608_20201120_MF100_ETOH_s1_r1:Otu87,lowerLimitFilterSize,micrometer,100,http://vocab.nerc.ac.uk/collection/Q01/current/Q0100011/,https://vocab.nerc.ac.uk/collection/P06/current/UMIC/,
ARMS_TZS_Kummelkobben_20200608_20201120_MF100_ETOH_s1_r1:Otu87,sampleAccessionNumber,,SAMEA10020998,,,
ARMS_TZS_Kummelkobben_20200608_20201120_MF100_ETOH_s1_r1:Otu87,NCBIID,,452283,,,
ARMS_TZS_Kummelkobben_20200608_20201120_MF100_ETOH_s1_r1:Otu87,NCBIScientificName,,Exobasidiomycetes,,,
ARMS_TZS_Kummelkobben_20200608_20201120_MF100_ETOH_s1_r1:Otu87,NCBITaxonRank,,class,,,
ARMS_TZS_Kummelkobben_20200608_20201120_MF100_ETOH_s1_r1:Otu87,fieldReplicateID,,no replicate,http://vocab.nerc.ac.uk/collection/P01/current/IDSPRE01,,
ARMS_TZS_Kummelkobben_20200608_20201120_MF100_ETOH_s1_r1:Otu87,technicalReplicateID,,,http://vocab.nerc.ac.uk/collection/P01/current/IDTCRE01,,
ARMS_TZS_Kummelkobben_20200608_20201120_MF100_ETOH_s1_r1:Otu84,submergedTime,day,165,http://vocab.nerc.ac.uk/collection/P01/current/AZDRZZ01/,https://vocab.nerc.ac.uk/collection/P06/current/UTAA/,
ARMS_TZS_Kummelkobben_20200608_20201120_MF100_ETOH_s1_r1:Otu84,preservativeUsed,,EtOH,http://vocab.nerc.ac.uk/collection/Q01/current/Q0100004/,,https://pubchem.ncbi.nlm.nih.gov/compound/702
ARMS_TZS_Kummelkobben_20200608_20201120_MF100_ETOH_s1_r1:Otu84,lowerLimitFilterSize,micrometer,100,http://vocab.nerc.ac.uk/collection/Q01/current/Q0100011/,https://vocab.nerc.ac.uk/collection/P06/current/UMIC/,
ARMS_TZS_Kummelkobben_20200608_20201120_MF100_ETOH_s1_r1:Otu84,sampleAccessionNumber,,SAMEA10020998,,,
ARMS_TZS_Kummelkobben_20200608_20201120_MF100_ETOH_s1_r1:Otu84,NCBIID,,5794,,,
ARMS_TZS_Kummelkobben_20200608_20201120_MF100_ETOH_s1_r1:Otu84,NCBIScientificName,,Apicomplexa,,,
ARMS_TZS_Kummelkobben_20200608_20201120_MF100_ETOH_s1_r1:Otu84,NCBITaxonRank,,phylum,,,
ARMS_TZS_Kummelkobben_20200608_20201120_MF100_ETOH_s1_r1:Otu84,fieldReplicateID,,no replicate,http://vocab.nerc.ac.uk/collection/P01/current/IDSPRE01,,
ARMS_TZS_Kummelkobben_20200608_20201120_MF100_ETOH_s1_r1:Otu84,technicalReplicateID,,,http://vocab.nerc.ac.uk/collection/P01/current/IDTCRE01,,
ARMS_TZS_Kummelkobben_20200608_20201120_MF100_ETOH_s1_r1:Otu158,submergedTime,day,165,http://vocab.nerc.ac.uk/collection/P01/current/AZDRZZ01/,https://vocab.nerc.ac.uk/collection/P06/current/UTAA/,
ARMS_TZS_Kummelkobben_20200608_20201120_MF100_ETOH_s1_r1:Otu158,preservativeUsed,,EtOH,http://vocab.nerc.ac.uk/collection/Q01/current/Q0100004/,,https://pubchem.ncbi.nlm.nih.gov/compound/702
ARMS_TZS_Kummelkobben_20200608_20201120_MF100_ETOH_s1_r1:Otu158,lowerLimitFilterSize,micrometer,100,http://vocab.nerc.ac.uk/collection/Q01/current/Q0100011/,https://vocab.nerc.ac.uk/collection/P06/current/UMIC/,
ARMS_TZS_Kummelkobben_20200608_20201120_MF100_ETOH_s1_r1:Otu158,sampleAccessionNumber,,SAMEA10020998,,,
ARMS_TZS_Kummelkobben_20200608_20201120_MF100_ETOH_s1_r1:Otu158,NCBIID,,6657,,,
ARMS_TZS_Kummelkobben_20200608_20201120_MF100_ETOH_s1_r1:Otu158,NCBIScientificName,,Crustacea,,,
ARMS_TZS_Kummelkobben_20200608_20201120_MF100_ETOH_s1_r1:Otu158,NCBITaxonRank,,subphylum,,,
ARMS_TZS_Kummelkobben_20200608_20201120_MF100_ETOH_s1_r1:Otu158,fieldReplicateID,,no replicate,http://vocab.nerc.ac.uk/collection/P01/current/IDSPRE01,,
ARMS_TZS_Kummelkobben_20200608_20201120_MF100_ETOH_s1_r1:Otu158,technicalReplicateID,,,http://vocab.nerc.ac.uk/collection/P01/current/IDTCRE01,,
ARMS_TZS_Kummelkobben_20200608_20201120_MF100_ETOH_s1_r1:Otu159,submergedTime,day,165,http://vocab.nerc.ac.uk/collection/P01/current/AZDRZZ01/,https://vocab.nerc.ac.uk/collection/P06/current/UTAA/,
ARMS_TZS_Kummelkobben_20200608_20201120_MF100_ETOH_s1_r1:Otu159,preservativeUsed,,EtOH,http://vocab.nerc.ac.uk/collection/Q01/current/Q0100004/,,https://pubchem.ncbi.nlm.nih.gov/compound/702
ARMS_TZS_Kummelkobben_20200608_20201120_MF100_ETOH_s1_r1:Otu159,lowerLimitFilterSize,micrometer,100,http://vocab.nerc.ac.uk/collection/Q01/current/Q0100011/,https://vocab.nerc.ac.uk/collection/P06/current/UMIC/,
ARMS_TZS_Kummelkobben_20200608_20201120_MF100_ETOH_s1_r1:Otu159,sampleAccessionNumber,,SAMEA10020998,,,
ARMS_TZS_Kummelkobben_20200608_20201120_MF100_ETOH_s1_r1:Otu159,NCBIID,,2864,,,
ARMS_TZS_Kummelkobben_20200608_20201120_MF100_ETOH_s1_r1:Otu159,NCBIScientificName,,Dinophyceae,,,
ARMS_TZS_Kummelkobben_20200608_20201120_MF100_ETOH_s1_r1:Otu159,NCBITaxonRank,,class,,,
ARMS_TZS_Kummelkobben_20200608_20201120_MF100_ETOH_s1_r1:Otu159,fieldReplicateID,,no replicate,http://vocab.nerc.ac.uk/collection/P01/current/IDSPRE01,,
ARMS_TZS_Kummelkobben_20200608_20201120_MF100_ETOH_s1_r1:Otu159,technicalReplicateID,,,http://vocab.nerc.ac.uk/collection/P01/current/IDTCRE01,,
ARMS_TZS_Kummelkobben_20200608_20201120_MF100_ETOH_s1_r1:Otu152,submergedTime,day,165,http://vocab.nerc.ac.uk/collection/P01/current/AZDRZZ01/,https://vocab.nerc.ac.uk/collection/P06/current/UTAA/,
ARMS_TZS_Kummelkobben_20200608_20201120_MF100_ETOH_s1_r1:Otu152,preservativeUsed,,EtOH,http://vocab.nerc.ac.uk/collection/Q01/current/Q0100004/,,https://pubchem.ncbi.nlm.nih.gov/compound/702
ARMS_TZS_Kummelkobben_20200608_20201120_MF100_ETOH_s1_r1:Otu152,lowerLimitFilterSize,micrometer,100,http://vocab.nerc.ac.uk/collection/Q01/current/Q0100011/,https://vocab.nerc.ac.uk/collection/P06/current/UMIC/,
ARMS_TZS_Kummelkobben_20200608_20201120_MF100_ETOH_s1_r1:Otu152,sampleAccessionNumber,,SAMEA10020998,,,
ARMS_TZS_Kummelkobben_20200608_20201120_MF100_ETOH_s1_r1:Otu152,NCBIID,,100860,,,
ARMS_TZS_Kummelkobben_20200608_20201120_MF100_ETOH_s1_r1:Otu152,NCBIScientificName,,Aphanomyces,,,
ARMS_TZS_Kummelkobben_20200608_20201120_MF100_ETOH_s1_r1:Otu152,NCBITaxonRank,,genus,,,
ARMS_TZS_Kummelkobben_20200608_20201120_MF100_ETOH_s1_r1:Otu152,fieldReplicateID,,no replicate,http://vocab.nerc.ac.uk/collection/P01/current/IDSPRE01,,
ARMS_TZS_Kummelkobben_20200608_20201120_MF100_ETOH_s1_r1:Otu152,technicalReplicateID,,,http://vocab.nerc.ac.uk/collection/P01/current/IDTCRE01,,
ARMS_TZS_Kummelkobben_20200608_20201120_MF100_ETOH_s1_r1:Otu153,submergedTime,day,165,http://vocab.nerc.ac.uk/collection/P01/current/AZDRZZ01/,https://vocab.nerc.ac.uk/collection/P06/current/UTAA/,
ARMS_TZS_Kummelkobben_20200608_20201120_MF100_ETOH_s1_r1:Otu153,preservativeUsed,,EtOH,http://vocab.nerc.ac.uk/collection/Q01/current/Q0100004/,,https://pubchem.ncbi.nlm.nih.gov/compound/702
ARMS_TZS_Kummelkobben_20200608_20201120_MF100_ETOH_s1_r1:Otu153,lowerLimitFilterSize,micrometer,100,http://vocab.nerc.ac.uk/collection/Q01/current/Q0100011/,https://vocab.nerc.ac.uk/collection/P06/current/UMIC/,
ARMS_TZS_Kummelkobben_20200608_20201120_MF100_ETOH_s1_r1:Otu153,sampleAccessionNumber,,SAMEA10020998,,,
ARMS_TZS_Kummelkobben_20200608_20201120_MF100_ETOH_s1_r1:Otu153,NCBIID,,6020,,,
ARMS_TZS_Kummelkobben_20200608_20201120_MF100_ETOH_s1_r1:Otu153,NCBIScientificName,,Oligohymenophorea,,,
ARMS_TZS_Kummelkobben_20200608_20201120_MF100_ETOH_s1_r1:Otu153,NCBITaxonRank,,class,,,
ARMS_TZS_Kummelkobben_20200608_20201120_MF100_ETOH_s1_r1:Otu153,fieldReplicateID,,no replicate,http://vocab.nerc.ac.uk/collection/P01/current/IDSPRE01,,
ARMS_TZS_Kummelkobben_20200608_20201120_MF100_ETOH_s1_r1:Otu153,technicalReplicateID,,,http://vocab.nerc.ac.uk/collection/P01/current/IDTCRE01,,
ARMS_TZS_Kummelkobben_20200608_20201120_MF100_ETOH_s1_r1:Otu156,submergedTime,day,165,http://vocab.nerc.ac.uk/collection/P01/current/AZDRZZ01/,https://vocab.nerc.ac.uk/collection/P06/current/UTAA/,
ARMS_TZS_Kummelkobben_20200608_20201120_MF100_ETOH_s1_r1:Otu156,preservativeUsed,,EtOH,http://vocab.nerc.ac.uk/collection/Q01/current/Q0100004/,,https://pubchem.ncbi.nlm.nih.gov/compound/702
ARMS_TZS_Kummelkobben_20200608_20201120_MF100_ETOH_s1_r1:Otu156,lowerLimitFilterSize,micrometer,100,http://vocab.nerc.ac.uk/collection/Q01/current/Q0100011/,https://vocab.nerc.ac.uk/collection/P06/current/UMIC/,
ARMS_TZS_Kummelkobben_20200608_20201120_MF100_ETOH_s1_r1:Otu156,sampleAccessionNumber,,SAMEA10020998,,,
ARMS_TZS_Kummelkobben_20200608_20201120_MF100_ETOH_s1_r1:Otu156,NCBIID,,127916,,,
ARMS_TZS_Kummelkobben_20200608_20201120_MF100_ETOH_s1_r1:Otu156,NCBIScientificName,,Ichthyosporea,,,
ARMS_TZS_Kummelkobben_20200608_20201120_MF100_ETOH_s1_r1:Otu156,NCBITaxonRank,,class,,,
ARMS_TZS_Kummelkobben_20200608_20201120_MF100_ETOH_s1_r1:Otu156,fieldReplicateID,,no replicate,http://vocab.nerc.ac.uk/collection/P01/current/IDSPRE01,,
ARMS_TZS_Kummelkobben_20200608_20201120_MF100_ETOH_s1_r1:Otu156,technicalReplicateID,,,http://vocab.nerc.ac.uk/collection/P01/current/IDTCRE01,,
ARMS_TZS_Kummelkobben_20200608_20201120_MF100_ETOH_s1_r1:Otu157,submergedTime,day,165,http://vocab.nerc.ac.uk/collection/P01/current/AZDRZZ01/,https://vocab.nerc.ac.uk/collection/P06/current/UTAA/,
ARMS_TZS_Kummelkobben_20200608_20201120_MF100_ETOH_s1_r1:Otu157,preservativeUsed,,EtOH,http://vocab.nerc.ac.uk/collection/Q01/current/Q0100004/,,https://pubchem.ncbi.nlm.nih.gov/compound/702
ARMS_TZS_Kummelkobben_20200608_20201120_MF100_ETOH_s1_r1:Otu157,lowerLimitFilterSize,micrometer,100,http://vocab.nerc.ac.uk/collection/Q01/current/Q0100011/,https://vocab.nerc.ac.uk/collection/P06/current/UMIC/,
ARMS_TZS_Kummelkobben_20200608_20201120_MF100_ETOH_s1_r1:Otu157,sampleAccessionNumber,,SAMEA10020998,,,
ARMS_TZS_Kummelkobben_20200608_20201120_MF100_ETOH_s1_r1:Otu157,NCBIID,,249344,,,
ARMS_TZS_Kummelkobben_20200608_20201120_MF100_ETOH_s1_r1:Otu157,NCBIScientificName,,Picochlorum,,,
ARMS_TZS_Kummelkobben_20200608_20201120_MF100_ETOH_s1_r1:Otu157,NCBITaxonRank,,genus,,,
ARMS_TZS_Kummelkobben_20200608_20201120_MF100_ETOH_s1_r1:Otu157,fieldReplicateID,,no replicate,http://vocab.nerc.ac.uk/collection/P01/current/IDSPRE01,,
ARMS_TZS_Kummelkobben_20200608_20201120_MF100_ETOH_s1_r1:Otu157,technicalReplicateID,,,http://vocab.nerc.ac.uk/collection/P01/current/IDTCRE01,,
ARMS_TZS_Kummelkobben_20200608_20201120_MF100_ETOH_s1_r1:Otu154,submergedTime,day,165,http://vocab.nerc.ac.uk/collection/P01/current/AZDRZZ01/,https://vocab.nerc.ac.uk/collection/P06/current/UTAA/,
ARMS_TZS_Kummelkobben_20200608_20201120_MF100_ETOH_s1_r1:Otu154,preservativeUsed,,EtOH,http://vocab.nerc.ac.uk/collection/Q01/current/Q0100004/,,https://pubchem.ncbi.nlm.nih.gov/compound/702
ARMS_TZS_Kummelkobben_20200608_20201120_MF100_ETOH_s1_r1:Otu154,lowerLimitFilterSize,micrometer,100,http://vocab.nerc.ac.uk/collection/Q01/current/Q0100011/,https://vocab.nerc.ac.uk/collection/P06/current/UMIC/,
ARMS_TZS_Kummelkobben_20200608_20201120_MF100_ETOH_s1_r1:Otu154,sampleAccessionNumber,,SAMEA10020998,,,
ARMS_TZS_Kummelkobben_20200608_20201120_MF100_ETOH_s1_r1:Otu154,NCBIID,,95749,,,
ARMS_TZS_Kummelkobben_20200608_20201120_MF100_ETOH_s1_r1:Otu154,NCBIScientificName,,Perkinsus_qugwadi,,,
ARMS_TZS_Kummelkobben_20200608_20201120_MF100_ETOH_s1_r1:Otu154,NCBITaxonRank,,species,,,
ARMS_TZS_Kummelkobben_20200608_20201120_MF100_ETOH_s1_r1:Otu154,fieldReplicateID,,no replicate,http://vocab.nerc.ac.uk/collection/P01/current/IDSPRE01,,
ARMS_TZS_Kummelkobben_20200608_20201120_MF100_ETOH_s1_r1:Otu154,technicalReplicateID,,,http://vocab.nerc.ac.uk/collection/P01/current/IDTCRE01,,
ARMS_TZS_Kummelkobben_20200608_20201120_MF100_ETOH_s1_r1:Otu155,submergedTime,day,165,http://vocab.nerc.ac.uk/collection/P01/current/AZDRZZ01/,https://vocab.nerc.ac.uk/collection/P06/current/UTAA/,
ARMS_TZS_Kummelkobben_20200608_20201120_MF100_ETOH_s1_r1:Otu155,preservativeUsed,,EtOH,http://vocab.nerc.ac.uk/collection/Q01/current/Q0100004/,,https://pubchem.ncbi.nlm.nih.gov/compound/702
ARMS_TZS_Kummelkobben_20200608_20201120_MF100_ETOH_s1_r1:Otu155,lowerLimitFilterSize,micrometer,100,http://vocab.nerc.ac.uk/collection/Q01/current/Q0100011/,https://vocab.nerc.ac.uk/collection/P06/current/UMIC/,
ARMS_TZS_Kummelkobben_20200608_20201120_MF100_ETOH_s1_r1:Otu155,sampleAccessionNumber,,SAMEA10020998,,,
ARMS_TZS_Kummelkobben_20200608_20201120_MF100_ETOH_s1_r1:Otu155,NCBIID,,589449,,,
ARMS_TZS_Kummelkobben_20200608_20201120_MF100_ETOH_s1_r1:Otu155,NCBIScientificName,,Polar-centric-Mediophyceae,,,
ARMS_TZS_Kummelkobben_20200608_20201120_MF100_ETOH_s1_r1:Otu155,NCBITaxonRank,,class,,,
ARMS_TZS_Kummelkobben_20200608_20201120_MF100_ETOH_s1_r1:Otu155,fieldReplicateID,,no replicate,http://vocab.nerc.ac.uk/collection/P01/current/IDSPRE01,,
ARMS_TZS_Kummelkobben_20200608_20201120_MF100_ETOH_s1_r1:Otu155,technicalReplicateID,,,http://vocab.nerc.ac.uk/collection/P01/current/IDTCRE01,,
ARMS_TZS_Kummelkobben_20200608_20201120_MF100_ETOH_s1_r1:Otu70,submergedTime,day,165,http://vocab.nerc.ac.uk/collection/P01/current/AZDRZZ01/,https://vocab.nerc.ac.uk/collection/P06/current/UTAA/,
ARMS_TZS_Kummelkobben_20200608_20201120_MF100_ETOH_s1_r1:Otu70,preservativeUsed,,EtOH,http://vocab.nerc.ac.uk/collection/Q01/current/Q0100004/,,https://pubchem.ncbi.nlm.nih.gov/compound/702
ARMS_TZS_Kummelkobben_20200608_20201120_MF100_ETOH_s1_r1:Otu70,lowerLimitFilterSize,micrometer,100,http://vocab.nerc.ac.uk/collection/Q01/current/Q0100011/,https://vocab.nerc.ac.uk/collection/P06/current/UMIC/,
ARMS_TZS_Kummelkobben_20200608_20201120_MF100_ETOH_s1_r1:Otu70,sampleAccessionNumber,,SAMEA10020998,,,
ARMS_TZS_Kummelkobben_20200608_20201120_MF100_ETOH_s1_r1:Otu70,NCBIID,,178373,,,
ARMS_TZS_Kummelkobben_20200608_20201120_MF100_ETOH_s1_r1:Otu70,NCBIScientificName,,Cyphoderiidae,,,
ARMS_TZS_Kummelkobben_20200608_20201120_MF100_ETOH_s1_r1:Otu70,NCBITaxonRank,,family,,,
ARMS_TZS_Kummelkobben_20200608_20201120_MF100_ETOH_s1_r1:Otu70,fieldReplicateID,,no replicate,http://vocab.nerc.ac.uk/collection/P01/current/IDSPRE01,,
ARMS_TZS_Kummelkobben_20200608_20201120_MF100_ETOH_s1_r1:Otu70,technicalReplicateID,,,http://vocab.nerc.ac.uk/collection/P01/current/IDTCRE01,,
ARMS_TZS_Kummelkobben_20200608_20201120_MF100_ETOH_s1_r1:Otu77,submergedTime,day,165,http://vocab.nerc.ac.uk/collection/P01/current/AZDRZZ01/,https://vocab.nerc.ac.uk/collection/P06/current/UTAA/,
ARMS_TZS_Kummelkobben_20200608_20201120_MF100_ETOH_s1_r1:Otu77,preservativeUsed,,EtOH,http://vocab.nerc.ac.uk/collection/Q01/current/Q0100004/,,https://pubchem.ncbi.nlm.nih.gov/compound/702
ARMS_TZS_Kummelkobben_20200608_20201120_MF100_ETOH_s1_r1:Otu77,lowerLimitFilterSize,micrometer,100,http://vocab.nerc.ac.uk/collection/Q01/current/Q0100011/,https://vocab.nerc.ac.uk/collection/P06/current/UMIC/,
ARMS_TZS_Kummelkobben_20200608_20201120_MF100_ETOH_s1_r1:Otu77,sampleAccessionNumber,,SAMEA10020998,,,
ARMS_TZS_Kummelkobben_20200608_20201120_MF100_ETOH_s1_r1:Otu77,NCBIID,,1974272,,,
ARMS_TZS_Kummelkobben_20200608_20201120_MF100_ETOH_s1_r1:Otu77,NCBIScientificName,,Sessilida,,,
ARMS_TZS_Kummelkobben_20200608_20201120_MF100_ETOH_s1_r1:Otu77,NCBITaxonRank,,order,,,
ARMS_TZS_Kummelkobben_20200608_20201120_MF100_ETOH_s1_r1:Otu77,fieldReplicateID,,no replicate,http://vocab.nerc.ac.uk/collection/P01/current/IDSPRE01,,
ARMS_TZS_Kummelkobben_20200608_20201120_MF100_ETOH_s1_r1:Otu77,technicalReplicateID,,,http://vocab.nerc.ac.uk/collection/P01/current/IDTCRE01,,
ARMS_TZS_Kummelkobben_20200608_20201120_MF100_ETOH_s1_r1:Otu79,submergedTime,day,165,http://vocab.nerc.ac.uk/collection/P01/current/AZDRZZ01/,https://vocab.nerc.ac.uk/collection/P06/current/UTAA/,
ARMS_TZS_Kummelkobben_20200608_20201120_MF100_ETOH_s1_r1:Otu79,preservativeUsed,,EtOH,http://vocab.nerc.ac.uk/collection/Q01/current/Q0100004/,,https://pubchem.ncbi.nlm.nih.gov/compound/702
ARMS_TZS_Kummelkobben_20200608_20201120_MF100_ETOH_s1_r1:Otu79,lowerLimitFilterSize,micrometer,100,http://vocab.nerc.ac.uk/collection/Q01/current/Q0100011/,https://vocab.nerc.ac.uk/collection/P06/current/UMIC/,
ARMS_TZS_Kummelkobben_20200608_20201120_MF100_ETOH_s1_r1:Otu79,sampleAccessionNumber,,SAMEA10020998,,,
ARMS_TZS_Kummelkobben_20200608_20201120_MF100_ETOH_s1_r1:Otu79,NCBIID,,297399,,,
ARMS_TZS_Kummelkobben_20200608_20201120_MF100_ETOH_s1_r1:Otu79,NCBIScientificName,,Zonorhynchus,,,
ARMS_TZS_Kummelkobben_20200608_20201120_MF100_ETOH_s1_r1:Otu79,NCBITaxonRank,,genus,,,
ARMS_TZS_Kummelkobben_20200608_20201120_MF100_ETOH_s1_r1:Otu79,fieldReplicateID,,no replicate,http://vocab.nerc.ac.uk/collection/P01/current/IDSPRE01,,
ARMS_TZS_Kummelkobben_20200608_20201120_MF100_ETOH_s1_r1:Otu79,technicalReplicateID,,,http://vocab.nerc.ac.uk/collection/P01/current/IDTCRE01,,
ARMS_TZS_Kummelkobben_20200608_20201120_MF100_ETOH_s1_r1:Otu9,submergedTime,day,165,http://vocab.nerc.ac.uk/collection/P01/current/AZDRZZ01/,https://vocab.nerc.ac.uk/collection/P06/current/UTAA/,
ARMS_TZS_Kummelkobben_20200608_20201120_MF100_ETOH_s1_r1:Otu9,preservativeUsed,,EtOH,http://vocab.nerc.ac.uk/collection/Q01/current/Q0100004/,,https://pubchem.ncbi.nlm.nih.gov/compound/702
ARMS_TZS_Kummelkobben_20200608_20201120_MF100_ETOH_s1_r1:Otu9,lowerLimitFilterSize,micrometer,100,http://vocab.nerc.ac.uk/collection/Q01/current/Q0100011/,https://vocab.nerc.ac.uk/collection/P06/current/UMIC/,
ARMS_TZS_Kummelkobben_20200608_20201120_MF100_ETOH_s1_r1:Otu9,sampleAccessionNumber,,SAMEA10020998,,,
ARMS_TZS_Kummelkobben_20200608_20201120_MF100_ETOH_s1_r1:Otu9,NCBIID,,6101,,,
ARMS_TZS_Kummelkobben_20200608_20201120_MF100_ETOH_s1_r1:Otu9,NCBIScientificName,,Anthozoa,,,
ARMS_TZS_Kummelkobben_20200608_20201120_MF100_ETOH_s1_r1:Otu9,NCBITaxonRank,,class,,,
ARMS_TZS_Kummelkobben_20200608_20201120_MF100_ETOH_s1_r1:Otu9,fieldReplicateID,,no replicate,http://vocab.nerc.ac.uk/collection/P01/current/IDSPRE01,,
ARMS_TZS_Kummelkobben_20200608_20201120_MF100_ETOH_s1_r1:Otu9,technicalReplicateID,,,http://vocab.nerc.ac.uk/collection/P01/current/IDTCRE01,,
ARMS_TZS_Kummelkobben_20200608_20201120_MF100_ETOH_s1_r1:Otu7,submergedTime,day,165,http://vocab.nerc.ac.uk/collection/P01/current/AZDRZZ01/,https://vocab.nerc.ac.uk/collection/P06/current/UTAA/,
ARMS_TZS_Kummelkobben_20200608_20201120_MF100_ETOH_s1_r1:Otu7,preservativeUsed,,EtOH,http://vocab.nerc.ac.uk/collection/Q01/current/Q0100004/,,https://pubchem.ncbi.nlm.nih.gov/compound/702
ARMS_TZS_Kummelkobben_20200608_20201120_MF100_ETOH_s1_r1:Otu7,lowerLimitFilterSize,micrometer,100,http://vocab.nerc.ac.uk/collection/Q01/current/Q0100011/,https://vocab.nerc.ac.uk/collection/P06/current/UMIC/,
ARMS_TZS_Kummelkobben_20200608_20201120_MF100_ETOH_s1_r1:Otu7,sampleAccessionNumber,,SAMEA10020998,,,
ARMS_TZS_Kummelkobben_20200608_20201120_MF100_ETOH_s1_r1:Otu7,NCBIID,,6679,,,
ARMS_TZS_Kummelkobben_20200608_20201120_MF100_ETOH_s1_r1:Otu7,NCBIScientificName,,Megabalanus,,,
ARMS_TZS_Kummelkobben_20200608_20201120_MF100_ETOH_s1_r1:Otu7,NCBITaxonRank,,genus,,,
ARMS_TZS_Kummelkobben_20200608_20201120_MF100_ETOH_s1_r1:Otu7,fieldReplicateID,,no replicate,http://vocab.nerc.ac.uk/collection/P01/current/IDSPRE01,,
ARMS_TZS_Kummelkobben_20200608_20201120_MF100_ETOH_s1_r1:Otu7,technicalReplicateID,,,http://vocab.nerc.ac.uk/collection/P01/current/IDTCRE01,,
ARMS_TZS_Kummelkobben_20200608_20201120_MF100_ETOH_s1_r1:Otu5,submergedTime,day,165,http://vocab.nerc.ac.uk/collection/P01/current/AZDRZZ01/,https://vocab.nerc.ac.uk/collection/P06/current/UTAA/,
ARMS_TZS_Kummelkobben_20200608_20201120_MF100_ETOH_s1_r1:Otu5,preservativeUsed,,EtOH,http://vocab.nerc.ac.uk/collection/Q01/current/Q0100004/,,https://pubchem.ncbi.nlm.nih.gov/compound/702
ARMS_TZS_Kummelkobben_20200608_20201120_MF100_ETOH_s1_r1:Otu5,lowerLimitFilterSize,micrometer,100,http://vocab.nerc.ac.uk/collection/Q01/current/Q0100011/,https://vocab.nerc.ac.uk/collection/P06/current/UMIC/,
ARMS_TZS_Kummelkobben_20200608_20201120_MF100_ETOH_s1_r1:Otu5,sampleAccessionNumber,,SAMEA10020998,,,
ARMS_TZS_Kummelkobben_20200608_20201120_MF100_ETOH_s1_r1:Otu5,NCBIID,,32443,,,
ARMS_TZS_Kummelkobben_20200608_20201120_MF100_ETOH_s1_r1:Otu5,NCBIScientificName,,Teleostei,,,
ARMS_TZS_Kummelkobben_20200608_20201120_MF100_ETOH_s1_r1:Otu5,NCBITaxonRank,,infraclass,,,
ARMS_TZS_Kummelkobben_20200608_20201120_MF100_ETOH_s1_r1:Otu5,fieldReplicateID,,no replicate,http://vocab.nerc.ac.uk/collection/P01/current/IDSPRE01,,
ARMS_TZS_Kummelkobben_20200608_20201120_MF100_ETOH_s1_r1:Otu5,technicalReplicateID,,,http://vocab.nerc.ac.uk/collection/P01/current/IDTCRE01,,
ARMS_TZS_Kummelkobben_20200608_20201120_MF100_ETOH_s1_r1:Otu2,submergedTime,day,165,http://vocab.nerc.ac.uk/collection/P01/current/AZDRZZ01/,https://vocab.nerc.ac.uk/collection/P06/current/UTAA/,
ARMS_TZS_Kummelkobben_20200608_20201120_MF100_ETOH_s1_r1:Otu2,preservativeUsed,,EtOH,http://vocab.nerc.ac.uk/collection/Q01/current/Q0100004/,,https://pubchem.ncbi.nlm.nih.gov/compound/702
ARMS_TZS_Kummelkobben_20200608_20201120_MF100_ETOH_s1_r1:Otu2,lowerLimitFilterSize,micrometer,100,http://vocab.nerc.ac.uk/collection/Q01/current/Q0100011/,https://vocab.nerc.ac.uk/collection/P06/current/UMIC/,
ARMS_TZS_Kummelkobben_20200608_20201120_MF100_ETOH_s1_r1:Otu2,sampleAccessionNumber,,SAMEA10020998,,,
ARMS_TZS_Kummelkobben_20200608_20201120_MF100_ETOH_s1_r1:Otu2,NCBIID,,7713,,,
ARMS_TZS_Kummelkobben_20200608_20201120_MF100_ETOH_s1_r1:Otu2,NCBIScientificName,,Ascidiacea,,,
ARMS_TZS_Kummelkobben_20200608_20201120_MF100_ETOH_s1_r1:Otu2,NCBITaxonRank,,class,,,
ARMS_TZS_Kummelkobben_20200608_20201120_MF100_ETOH_s1_r1:Otu2,fieldReplicateID,,no replicate,http://vocab.nerc.ac.uk/collection/P01/current/IDSPRE01,,
ARMS_TZS_Kummelkobben_20200608_20201120_MF100_ETOH_s1_r1:Otu2,technicalReplicateID,,,http://vocab.nerc.ac.uk/collection/P01/current/IDTCRE01,,
ARMS_TZS_Kummelkobben_20200608_20201120_MF100_ETOH_s1_r1:Otu1,submergedTime,day,165,http://vocab.nerc.ac.uk/collection/P01/current/AZDRZZ01/,https://vocab.nerc.ac.uk/collection/P06/current/UTAA/,
ARMS_TZS_Kummelkobben_20200608_20201120_MF100_ETOH_s1_r1:Otu1,preservativeUsed,,EtOH,http://vocab.nerc.ac.uk/collection/Q01/current/Q0100004/,,https://pubchem.ncbi.nlm.nih.gov/compound/702
ARMS_TZS_Kummelkobben_20200608_20201120_MF100_ETOH_s1_r1:Otu1,lowerLimitFilterSize,micrometer,100,http://vocab.nerc.ac.uk/collection/Q01/current/Q0100011/,https://vocab.nerc.ac.uk/collection/P06/current/UMIC/,
ARMS_TZS_Kummelkobben_20200608_20201120_MF100_ETOH_s1_r1:Otu1,sampleAccessionNumber,,SAMEA10020998,,,
ARMS_TZS_Kummelkobben_20200608_20201120_MF100_ETOH_s1_r1:Otu1,NCBIID,,6657,,,
ARMS_TZS_Kummelkobben_20200608_20201120_MF100_ETOH_s1_r1:Otu1,NCBIScientificName,,Crustacea,,,
ARMS_TZS_Kummelkobben_20200608_20201120_MF100_ETOH_s1_r1:Otu1,NCBITaxonRank,,subphylum,,,
ARMS_TZS_Kummelkobben_20200608_20201120_MF100_ETOH_s1_r1:Otu1,fieldReplicateID,,no replicate,http://vocab.nerc.ac.uk/collection/P01/current/IDSPRE01,,
ARMS_TZS_Kummelkobben_20200608_20201120_MF100_ETOH_s1_r1:Otu1,technicalReplicateID,,,http://vocab.nerc.ac.uk/collection/P01/current/IDTCRE01,,
ARMS_TZS_Kummelkobben_20200608_20201120_MF100_ETOH_s1_r1:Otu50,submergedTime,day,165,http://vocab.nerc.ac.uk/collection/P01/current/AZDRZZ01/,https://vocab.nerc.ac.uk/collection/P06/current/UTAA/,
ARMS_TZS_Kummelkobben_20200608_20201120_MF100_ETOH_s1_r1:Otu50,preservativeUsed,,EtOH,http://vocab.nerc.ac.uk/collection/Q01/current/Q0100004/,,https://pubchem.ncbi.nlm.nih.gov/compound/702
ARMS_TZS_Kummelkobben_20200608_20201120_MF100_ETOH_s1_r1:Otu50,lowerLimitFilterSize,micrometer,100,http://vocab.nerc.ac.uk/collection/Q01/current/Q0100011/,https://vocab.nerc.ac.uk/collection/P06/current/UMIC/,
ARMS_TZS_Kummelkobben_20200608_20201120_MF100_ETOH_s1_r1:Otu50,sampleAccessionNumber,,SAMEA10020998,,,
ARMS_TZS_Kummelkobben_20200608_20201120_MF100_ETOH_s1_r1:Otu50,NCBIID,,2806,,,
ARMS_TZS_Kummelkobben_20200608_20201120_MF100_ETOH_s1_r1:Otu50,NCBIScientificName,,Florideophyceae,,,
ARMS_TZS_Kummelkobben_20200608_20201120_MF100_ETOH_s1_r1:Otu50,NCBITaxonRank,,class,,,
ARMS_TZS_Kummelkobben_20200608_20201120_MF100_ETOH_s1_r1:Otu50,fieldReplicateID,,no replicate,http://vocab.nerc.ac.uk/collection/P01/current/IDSPRE01,,
ARMS_TZS_Kummelkobben_20200608_20201120_MF100_ETOH_s1_r1:Otu50,technicalReplicateID,,,http://vocab.nerc.ac.uk/collection/P01/current/IDTCRE01,,
ARMS_TZS_Kummelkobben_20200608_20201120_MF100_ETOH_s1_r1:Otu57,submergedTime,day,165,http://vocab.nerc.ac.uk/collection/P01/current/AZDRZZ01/,https://vocab.nerc.ac.uk/collection/P06/current/UTAA/,
ARMS_TZS_Kummelkobben_20200608_20201120_MF100_ETOH_s1_r1:Otu57,preservativeUsed,,EtOH,http://vocab.nerc.ac.uk/collection/Q01/current/Q0100004/,,https://pubchem.ncbi.nlm.nih.gov/compound/702
ARMS_TZS_Kummelkobben_20200608_20201120_MF100_ETOH_s1_r1:Otu57,lowerLimitFilterSize,micrometer,100,http://vocab.nerc.ac.uk/collection/Q01/current/Q0100011/,https://vocab.nerc.ac.uk/collection/P06/current/UMIC/,
ARMS_TZS_Kummelkobben_20200608_20201120_MF100_ETOH_s1_r1:Otu57,sampleAccessionNumber,,SAMEA10020998,,,
ARMS_TZS_Kummelkobben_20200608_20201120_MF100_ETOH_s1_r1:Otu57,NCBIID,,6144,,,
ARMS_TZS_Kummelkobben_20200608_20201120_MF100_ETOH_s1_r1:Otu57,NCBIScientificName,,Aurelia,,,
ARMS_TZS_Kummelkobben_20200608_20201120_MF100_ETOH_s1_r1:Otu57,NCBITaxonRank,,genus,,,
ARMS_TZS_Kummelkobben_20200608_20201120_MF100_ETOH_s1_r1:Otu57,fieldReplicateID,,no replicate,http://vocab.nerc.ac.uk/collection/P01/current/IDSPRE01,,
ARMS_TZS_Kummelkobben_20200608_20201120_MF100_ETOH_s1_r1:Otu57,technicalReplicateID,,,http://vocab.nerc.ac.uk/collection/P01/current/IDTCRE01,,
ARMS_TZS_Kummelkobben_20200608_20201120_MF100_ETOH_s1_r1:Otu204,submergedTime,day,165,http://vocab.nerc.ac.uk/collection/P01/current/AZDRZZ01/,https://vocab.nerc.ac.uk/collection/P06/current/UTAA/,
ARMS_TZS_Kummelkobben_20200608_20201120_MF100_ETOH_s1_r1:Otu204,preservativeUsed,,EtOH,http://vocab.nerc.ac.uk/collection/Q01/current/Q0100004/,,https://pubchem.ncbi.nlm.nih.gov/compound/702
ARMS_TZS_Kummelkobben_20200608_20201120_MF100_ETOH_s1_r1:Otu204,lowerLimitFilterSize,micrometer,100,http://vocab.nerc.ac.uk/collection/Q01/current/Q0100011/,https://vocab.nerc.ac.uk/collection/P06/current/UMIC/,
ARMS_TZS_Kummelkobben_20200608_20201120_MF100_ETOH_s1_r1:Otu204,sampleAccessionNumber,,SAMEA10020998,,,
ARMS_TZS_Kummelkobben_20200608_20201120_MF100_ETOH_s1_r1:Otu204,NCBIID,,2759,,,
ARMS_TZS_Kummelkobben_20200608_20201120_MF100_ETOH_s1_r1:Otu204,NCBIScientificName,,Eukaryota,,,
ARMS_TZS_Kummelkobben_20200608_20201120_MF100_ETOH_s1_r1:Otu204,NCBITaxonRank,,domain,,,
ARMS_TZS_Kummelkobben_20200608_20201120_MF100_ETOH_s1_r1:Otu204,fieldReplicateID,,no replicate,http://vocab.nerc.ac.uk/collection/P01/current/IDSPRE01,,
ARMS_TZS_Kummelkobben_20200608_20201120_MF100_ETOH_s1_r1:Otu204,technicalReplicateID,,,http://vocab.nerc.ac.uk/collection/P01/current/IDTCRE01,,
ARMS_TZS_Kummelkobben_20200608_20201120_MF100_ETOH_s1_r1:Otu203,submergedTime,day,165,http://vocab.nerc.ac.uk/collection/P01/current/AZDRZZ01/,https://vocab.nerc.ac.uk/collection/P06/current/UTAA/,
ARMS_TZS_Kummelkobben_20200608_20201120_MF100_ETOH_s1_r1:Otu203,preservativeUsed,,EtOH,http://vocab.nerc.ac.uk/collection/Q01/current/Q0100004/,,https://pubchem.ncbi.nlm.nih.gov/compound/702
ARMS_TZS_Kummelkobben_20200608_20201120_MF100_ETOH_s1_r1:Otu203,lowerLimitFilterSize,micrometer,100,http://vocab.nerc.ac.uk/collection/Q01/current/Q0100011/,https://vocab.nerc.ac.uk/collection/P06/current/UMIC/,
ARMS_TZS_Kummelkobben_20200608_20201120_MF100_ETOH_s1_r1:Otu203,sampleAccessionNumber,,SAMEA10020998,,,
ARMS_TZS_Kummelkobben_20200608_20201120_MF100_ETOH_s1_r1:Otu203,NCBIID,,6020,,,
ARMS_TZS_Kummelkobben_20200608_20201120_MF100_ETOH_s1_r1:Otu203,NCBIScientificName,,Oligohymenophorea,,,
ARMS_TZS_Kummelkobben_20200608_20201120_MF100_ETOH_s1_r1:Otu203,NCBITaxonRank,,class,,,
ARMS_TZS_Kummelkobben_20200608_20201120_MF100_ETOH_s1_r1:Otu203,fieldReplicateID,,no replicate,http://vocab.nerc.ac.uk/collection/P01/current/IDSPRE01,,
ARMS_TZS_Kummelkobben_20200608_20201120_MF100_ETOH_s1_r1:Otu203,technicalReplicateID,,,http://vocab.nerc.ac.uk/collection/P01/current/IDTCRE01,,
ARMS_TZS_Kummelkobben_20200608_20201120_MF100_ETOH_s1_r1:Otu373,submergedTime,day,165,http://vocab.nerc.ac.uk/collection/P01/current/AZDRZZ01/,https://vocab.nerc.ac.uk/collection/P06/current/UTAA/,
ARMS_TZS_Kummelkobben_20200608_20201120_MF100_ETOH_s1_r1:Otu373,preservativeUsed,,EtOH,http://vocab.nerc.ac.uk/collection/Q01/current/Q0100004/,,https://pubchem.ncbi.nlm.nih.gov/compound/702
ARMS_TZS_Kummelkobben_20200608_20201120_MF100_ETOH_s1_r1:Otu373,lowerLimitFilterSize,micrometer,100,http://vocab.nerc.ac.uk/collection/Q01/current/Q0100011/,https://vocab.nerc.ac.uk/collection/P06/current/UMIC/,
ARMS_TZS_Kummelkobben_20200608_20201120_MF100_ETOH_s1_r1:Otu373,sampleAccessionNumber,,SAMEA10020998,,,
ARMS_TZS_Kummelkobben_20200608_20201120_MF100_ETOH_s1_r1:Otu373,NCBIID,,2836,,,
ARMS_TZS_Kummelkobben_20200608_20201120_MF100_ETOH_s1_r1:Otu373,NCBIScientificName,,Bacillariophyta,,,
ARMS_TZS_Kummelkobben_20200608_20201120_MF100_ETOH_s1_r1:Otu373,NCBITaxonRank,,phylum,,,
ARMS_TZS_Kummelkobben_20200608_20201120_MF100_ETOH_s1_r1:Otu373,fieldReplicateID,,no replicate,http://vocab.nerc.ac.uk/collection/P01/current/IDSPRE01,,
ARMS_TZS_Kummelkobben_20200608_20201120_MF100_ETOH_s1_r1:Otu373,technicalReplicateID,,,http://vocab.nerc.ac.uk/collection/P01/current/IDTCRE01,,
ARMS_TZS_Kummelkobben_20200608_20201120_MF100_ETOH_s1_r1:Otu371,submergedTime,day,165,http://vocab.nerc.ac.uk/collection/P01/current/AZDRZZ01/,https://vocab.nerc.ac.uk/collection/P06/current/UTAA/,
ARMS_TZS_Kummelkobben_20200608_20201120_MF100_ETOH_s1_r1:Otu371,preservativeUsed,,EtOH,http://vocab.nerc.ac.uk/collection/Q01/current/Q0100004/,,https://pubchem.ncbi.nlm.nih.gov/compound/702
ARMS_TZS_Kummelkobben_20200608_20201120_MF100_ETOH_s1_r1:Otu371,lowerLimitFilterSize,micrometer,100,http://vocab.nerc.ac.uk/collection/Q01/current/Q0100011/,https://vocab.nerc.ac.uk/collection/P06/current/UMIC/,
ARMS_TZS_Kummelkobben_20200608_20201120_MF100_ETOH_s1_r1:Otu371,sampleAccessionNumber,,SAMEA10020998,,,
ARMS_TZS_Kummelkobben_20200608_20201120_MF100_ETOH_s1_r1:Otu371,NCBIID,,35131,,,
ARMS_TZS_Kummelkobben_20200608_20201120_MF100_ETOH_s1_r1:Otu371,NCBIScientificName,,Labyrinthulomycetes,,,
ARMS_TZS_Kummelkobben_20200608_20201120_MF100_ETOH_s1_r1:Otu371,NCBITaxonRank,,subclass,,,
ARMS_TZS_Kummelkobben_20200608_20201120_MF100_ETOH_s1_r1:Otu371,fieldReplicateID,,no replicate,http://vocab.nerc.ac.uk/collection/P01/current/IDSPRE01,,
ARMS_TZS_Kummelkobben_20200608_20201120_MF100_ETOH_s1_r1:Otu371,technicalReplicateID,,,http://vocab.nerc.ac.uk/collection/P01/current/IDTCRE01,,
ARMS_TZS_Kummelkobben_20200608_20201120_MF100_ETOH_s1_r1:Otu376,submergedTime,day,165,http://vocab.nerc.ac.uk/collection/P01/current/AZDRZZ01/,https://vocab.nerc.ac.uk/collection/P06/current/UTAA/,
ARMS_TZS_Kummelkobben_20200608_20201120_MF100_ETOH_s1_r1:Otu376,preservativeUsed,,EtOH,http://vocab.nerc.ac.uk/collection/Q01/current/Q0100004/,,https://pubchem.ncbi.nlm.nih.gov/compound/702
ARMS_TZS_Kummelkobben_20200608_20201120_MF100_ETOH_s1_r1:Otu376,lowerLimitFilterSize,micrometer,100,http://vocab.nerc.ac.uk/collection/Q01/current/Q0100011/,https://vocab.nerc.ac.uk/collection/P06/current/UMIC/,
ARMS_TZS_Kummelkobben_20200608_20201120_MF100_ETOH_s1_r1:Otu376,sampleAccessionNumber,,SAMEA10020998,,,
ARMS_TZS_Kummelkobben_20200608_20201120_MF100_ETOH_s1_r1:Otu376,NCBIID,,2607628,,,
ARMS_TZS_Kummelkobben_20200608_20201120_MF100_ETOH_s1_r1:Otu376,NCBIScientificName,,Pterocystida,,,
ARMS_TZS_Kummelkobben_20200608_20201120_MF100_ETOH_s1_r1:Otu376,NCBITaxonRank,,order,,,
ARMS_TZS_Kummelkobben_20200608_20201120_MF100_ETOH_s1_r1:Otu376,fieldReplicateID,,no replicate,http://vocab.nerc.ac.uk/collection/P01/current/IDSPRE01,,
ARMS_TZS_Kummelkobben_20200608_20201120_MF100_ETOH_s1_r1:Otu376,technicalReplicateID,,,http://vocab.nerc.ac.uk/collection/P01/current/IDTCRE01,,
ARMS_TZS_Kummelkobben_20200608_20201120_MF100_ETOH_s1_r1:Otu377,submergedTime,day,165,http://vocab.nerc.ac.uk/collection/P01/current/AZDRZZ01/,https://vocab.nerc.ac.uk/collection/P06/current/UTAA/,
ARMS_TZS_Kummelkobben_20200608_20201120_MF100_ETOH_s1_r1:Otu377,preservativeUsed,,EtOH,http://vocab.nerc.ac.uk/collection/Q01/current/Q0100004/,,https://pubchem.ncbi.nlm.nih.gov/compound/702
ARMS_TZS_Kummelkobben_20200608_20201120_MF100_ETOH_s1_r1:Otu377,lowerLimitFilterSize,micrometer,100,http://vocab.nerc.ac.uk/collection/Q01/current/Q0100011/,https://vocab.nerc.ac.uk/collection/P06/current/UMIC/,
ARMS_TZS_Kummelkobben_20200608_20201120_MF100_ETOH_s1_r1:Otu377,sampleAccessionNumber,,SAMEA10020998,,,
ARMS_TZS_Kummelkobben_20200608_20201120_MF100_ETOH_s1_r1:Otu377,NCBIID,,35493,,,
ARMS_TZS_Kummelkobben_20200608_20201120_MF100_ETOH_s1_r1:Otu377,NCBIScientificName,,Streptophyta,,,
ARMS_TZS_Kummelkobben_20200608_20201120_MF100_ETOH_s1_r1:Otu377,NCBITaxonRank,,phylum,,,
ARMS_TZS_Kummelkobben_20200608_20201120_MF100_ETOH_s1_r1:Otu377,fieldReplicateID,,no replicate,http://vocab.nerc.ac.uk/collection/P01/current/IDSPRE01,,
ARMS_TZS_Kummelkobben_20200608_20201120_MF100_ETOH_s1_r1:Otu377,technicalReplicateID,,,http://vocab.nerc.ac.uk/collection/P01/current/IDTCRE01,,
ARMS_TZS_Kummelkobben_20200608_20201120_MF100_ETOH_s1_r1:Otu374,submergedTime,day,165,http://vocab.nerc.ac.uk/collection/P01/current/AZDRZZ01/,https://vocab.nerc.ac.uk/collection/P06/current/UTAA/,
ARMS_TZS_Kummelkobben_20200608_20201120_MF100_ETOH_s1_r1:Otu374,preservativeUsed,,EtOH,http://vocab.nerc.ac.uk/collection/Q01/current/Q0100004/,,https://pubchem.ncbi.nlm.nih.gov/compound/702
ARMS_TZS_Kummelkobben_20200608_20201120_MF100_ETOH_s1_r1:Otu374,lowerLimitFilterSize,micrometer,100,http://vocab.nerc.ac.uk/collection/Q01/current/Q0100011/,https://vocab.nerc.ac.uk/collection/P06/current/UMIC/,
ARMS_TZS_Kummelkobben_20200608_20201120_MF100_ETOH_s1_r1:Otu374,sampleAccessionNumber,,SAMEA10020998,,,
ARMS_TZS_Kummelkobben_20200608_20201120_MF100_ETOH_s1_r1:Otu374,NCBIID,,2759,,,
ARMS_TZS_Kummelkobben_20200608_20201120_MF100_ETOH_s1_r1:Otu374,NCBIScientificName,,Eukaryota,,,
ARMS_TZS_Kummelkobben_20200608_20201120_MF100_ETOH_s1_r1:Otu374,NCBITaxonRank,,domain,,,
ARMS_TZS_Kummelkobben_20200608_20201120_MF100_ETOH_s1_r1:Otu374,fieldReplicateID,,no replicate,http://vocab.nerc.ac.uk/collection/P01/current/IDSPRE01,,
ARMS_TZS_Kummelkobben_20200608_20201120_MF100_ETOH_s1_r1:Otu374,technicalReplicateID,,,http://vocab.nerc.ac.uk/collection/P01/current/IDTCRE01,,
ARMS_TZS_Kummelkobben_20200608_20201120_MF100_ETOH_s1_r1:Otu375,submergedTime,day,165,http://vocab.nerc.ac.uk/collection/P01/current/AZDRZZ01/,https://vocab.nerc.ac.uk/collection/P06/current/UTAA/,
ARMS_TZS_Kummelkobben_20200608_20201120_MF100_ETOH_s1_r1:Otu375,preservativeUsed,,EtOH,http://vocab.nerc.ac.uk/collection/Q01/current/Q0100004/,,https://pubchem.ncbi.nlm.nih.gov/compound/702
ARMS_TZS_Kummelkobben_20200608_20201120_MF100_ETOH_s1_r1:Otu375,lowerLimitFilterSize,micrometer,100,http://vocab.nerc.ac.uk/collection/Q01/current/Q0100011/,https://vocab.nerc.ac.uk/collection/P06/current/UMIC/,
ARMS_TZS_Kummelkobben_20200608_20201120_MF100_ETOH_s1_r1:Otu375,sampleAccessionNumber,,SAMEA10020998,,,
ARMS_TZS_Kummelkobben_20200608_20201120_MF100_ETOH_s1_r1:Otu375,NCBIID,,298443,,,
ARMS_TZS_Kummelkobben_20200608_20201120_MF100_ETOH_s1_r1:Otu375,NCBIScientificName,,Pseudanthessius,,,
ARMS_TZS_Kummelkobben_20200608_20201120_MF100_ETOH_s1_r1:Otu375,NCBITaxonRank,,genus,,,
ARMS_TZS_Kummelkobben_20200608_20201120_MF100_ETOH_s1_r1:Otu375,fieldReplicateID,,no replicate,http://vocab.nerc.ac.uk/collection/P01/current/IDSPRE01,,
ARMS_TZS_Kummelkobben_20200608_20201120_MF100_ETOH_s1_r1:Otu375,technicalReplicateID,,,http://vocab.nerc.ac.uk/collection/P01/current/IDTCRE01,,
ARMS_TZS_Kummelkobben_20200608_20201120_MF100_ETOH_s1_r1:Otu276,submergedTime,day,165,http://vocab.nerc.ac.uk/collection/P01/current/AZDRZZ01/,https://vocab.nerc.ac.uk/collection/P06/current/UTAA/,
ARMS_TZS_Kummelkobben_20200608_20201120_MF100_ETOH_s1_r1:Otu276,preservativeUsed,,EtOH,http://vocab.nerc.ac.uk/collection/Q01/current/Q0100004/,,https://pubchem.ncbi.nlm.nih.gov/compound/702
ARMS_TZS_Kummelkobben_20200608_20201120_MF100_ETOH_s1_r1:Otu276,lowerLimitFilterSize,micrometer,100,http://vocab.nerc.ac.uk/collection/Q01/current/Q0100011/,https://vocab.nerc.ac.uk/collection/P06/current/UMIC/,
ARMS_TZS_Kummelkobben_20200608_20201120_MF100_ETOH_s1_r1:Otu276,sampleAccessionNumber,,SAMEA10020998,,,
ARMS_TZS_Kummelkobben_20200608_20201120_MF100_ETOH_s1_r1:Otu276,NCBIID,,2825,,,
ARMS_TZS_Kummelkobben_20200608_20201120_MF100_ETOH_s1_r1:Otu276,NCBIScientificName,,Chrysophyceae,,,
ARMS_TZS_Kummelkobben_20200608_20201120_MF100_ETOH_s1_r1:Otu276,NCBITaxonRank,,class,,,
ARMS_TZS_Kummelkobben_20200608_20201120_MF100_ETOH_s1_r1:Otu276,fieldReplicateID,,no replicate,http://vocab.nerc.ac.uk/collection/P01/current/IDSPRE01,,
ARMS_TZS_Kummelkobben_20200608_20201120_MF100_ETOH_s1_r1:Otu276,technicalReplicateID,,,http://vocab.nerc.ac.uk/collection/P01/current/IDTCRE01,,
ARMS_TZS_Kummelkobben_20200608_20201120_MF100_ETOH_s1_r1:Otu104,submergedTime,day,165,http://vocab.nerc.ac.uk/collection/P01/current/AZDRZZ01/,https://vocab.nerc.ac.uk/collection/P06/current/UTAA/,
ARMS_TZS_Kummelkobben_20200608_20201120_MF100_ETOH_s1_r1:Otu104,preservativeUsed,,EtOH,http://vocab.nerc.ac.uk/collection/Q01/current/Q0100004/,,https://pubchem.ncbi.nlm.nih.gov/compound/702
ARMS_TZS_Kummelkobben_20200608_20201120_MF100_ETOH_s1_r1:Otu104,lowerLimitFilterSize,micrometer,100,http://vocab.nerc.ac.uk/collection/Q01/current/Q0100011/,https://vocab.nerc.ac.uk/collection/P06/current/UMIC/,
ARMS_TZS_Kummelkobben_20200608_20201120_MF100_ETOH_s1_r1:Otu104,sampleAccessionNumber,,SAMEA10020998,,,
ARMS_TZS_Kummelkobben_20200608_20201120_MF100_ETOH_s1_r1:Otu104,NCBIID,,5934,,,
ARMS_TZS_Kummelkobben_20200608_20201120_MF100_ETOH_s1_r1:Otu104,NCBIScientificName,,Hypotrichia,,,
ARMS_TZS_Kummelkobben_20200608_20201120_MF100_ETOH_s1_r1:Otu104,NCBITaxonRank,,subclass,,,
ARMS_TZS_Kummelkobben_20200608_20201120_MF100_ETOH_s1_r1:Otu104,fieldReplicateID,,no replicate,http://vocab.nerc.ac.uk/collection/P01/current/IDSPRE01,,
ARMS_TZS_Kummelkobben_20200608_20201120_MF100_ETOH_s1_r1:Otu104,technicalReplicateID,,,http://vocab.nerc.ac.uk/collection/P01/current/IDTCRE01,,
ARMS_TZS_Kummelkobben_20200608_20201120_MF100_ETOH_s1_r1:Otu107,submergedTime,day,165,http://vocab.nerc.ac.uk/collection/P01/current/AZDRZZ01/,https://vocab.nerc.ac.uk/collection/P06/current/UTAA/,
ARMS_TZS_Kummelkobben_20200608_20201120_MF100_ETOH_s1_r1:Otu107,preservativeUsed,,EtOH,http://vocab.nerc.ac.uk/collection/Q01/current/Q0100004/,,https://pubchem.ncbi.nlm.nih.gov/compound/702
ARMS_TZS_Kummelkobben_20200608_20201120_MF100_ETOH_s1_r1:Otu107,lowerLimitFilterSize,micrometer,100,http://vocab.nerc.ac.uk/collection/Q01/current/Q0100011/,https://vocab.nerc.ac.uk/collection/P06/current/UMIC/,
ARMS_TZS_Kummelkobben_20200608_20201120_MF100_ETOH_s1_r1:Otu107,sampleAccessionNumber,,SAMEA10020998,,,
ARMS_TZS_Kummelkobben_20200608_20201120_MF100_ETOH_s1_r1:Otu107,NCBIID,,589449,,,
ARMS_TZS_Kummelkobben_20200608_20201120_MF100_ETOH_s1_r1:Otu107,NCBIScientificName,,Polar-centric-Mediophyceae,,,
ARMS_TZS_Kummelkobben_20200608_20201120_MF100_ETOH_s1_r1:Otu107,NCBITaxonRank,,class,,,
ARMS_TZS_Kummelkobben_20200608_20201120_MF100_ETOH_s1_r1:Otu107,fieldReplicateID,,no replicate,http://vocab.nerc.ac.uk/collection/P01/current/IDSPRE01,,
ARMS_TZS_Kummelkobben_20200608_20201120_MF100_ETOH_s1_r1:Otu107,technicalReplicateID,,,http://vocab.nerc.ac.uk/collection/P01/current/IDTCRE01,,
ARMS_TZS_Kummelkobben_20200608_20201120_MF100_ETOH_s1_r1:Otu101,submergedTime,day,165,http://vocab.nerc.ac.uk/collection/P01/current/AZDRZZ01/,https://vocab.nerc.ac.uk/collection/P06/current/UTAA/,
ARMS_TZS_Kummelkobben_20200608_20201120_MF100_ETOH_s1_r1:Otu101,preservativeUsed,,EtOH,http://vocab.nerc.ac.uk/collection/Q01/current/Q0100004/,,https://pubchem.ncbi.nlm.nih.gov/compound/702
ARMS_TZS_Kummelkobben_20200608_20201120_MF100_ETOH_s1_r1:Otu101,lowerLimitFilterSize,micrometer,100,http://vocab.nerc.ac.uk/collection/Q01/current/Q0100011/,https://vocab.nerc.ac.uk/collection/P06/current/UMIC/,
ARMS_TZS_Kummelkobben_20200608_20201120_MF100_ETOH_s1_r1:Otu101,sampleAccessionNumber,,SAMEA10020998,,,
ARMS_TZS_Kummelkobben_20200608_20201120_MF100_ETOH_s1_r1:Otu101,NCBIID,,1974272,,,
ARMS_TZS_Kummelkobben_20200608_20201120_MF100_ETOH_s1_r1:Otu101,NCBIScientificName,,Sessilida,,,
ARMS_TZS_Kummelkobben_20200608_20201120_MF100_ETOH_s1_r1:Otu101,NCBITaxonRank,,order,,,
ARMS_TZS_Kummelkobben_20200608_20201120_MF100_ETOH_s1_r1:Otu101,fieldReplicateID,,no replicate,http://vocab.nerc.ac.uk/collection/P01/current/IDSPRE01,,
ARMS_TZS_Kummelkobben_20200608_20201120_MF100_ETOH_s1_r1:Otu101,technicalReplicateID,,,http://vocab.nerc.ac.uk/collection/P01/current/IDTCRE01,,
ARMS_TZS_Kummelkobben_20200608_20201120_MF100_ETOH_s1_r1:Otu109,submergedTime,day,165,http://vocab.nerc.ac.uk/collection/P01/current/AZDRZZ01/,https://vocab.nerc.ac.uk/collection/P06/current/UTAA/,
ARMS_TZS_Kummelkobben_20200608_20201120_MF100_ETOH_s1_r1:Otu109,preservativeUsed,,EtOH,http://vocab.nerc.ac.uk/collection/Q01/current/Q0100004/,,https://pubchem.ncbi.nlm.nih.gov/compound/702
ARMS_TZS_Kummelkobben_20200608_20201120_MF100_ETOH_s1_r1:Otu109,lowerLimitFilterSize,micrometer,100,http://vocab.nerc.ac.uk/collection/Q01/current/Q0100011/,https://vocab.nerc.ac.uk/collection/P06/current/UMIC/,
ARMS_TZS_Kummelkobben_20200608_20201120_MF100_ETOH_s1_r1:Otu109,sampleAccessionNumber,,SAMEA10020998,,,
ARMS_TZS_Kummelkobben_20200608_20201120_MF100_ETOH_s1_r1:Otu109,NCBIID,,1367446,,,
ARMS_TZS_Kummelkobben_20200608_20201120_MF100_ETOH_s1_r1:Otu109,NCBIScientificName,,Vampyrellida,,,
ARMS_TZS_Kummelkobben_20200608_20201120_MF100_ETOH_s1_r1:Otu109,NCBITaxonRank,,order,,,
ARMS_TZS_Kummelkobben_20200608_20201120_MF100_ETOH_s1_r1:Otu109,fieldReplicateID,,no replicate,http://vocab.nerc.ac.uk/collection/P01/current/IDSPRE01,,
ARMS_TZS_Kummelkobben_20200608_20201120_MF100_ETOH_s1_r1:Otu109,technicalReplicateID,,,http://vocab.nerc.ac.uk/collection/P01/current/IDTCRE01,,
ARMS_TZS_Kummelkobben_20200608_20201120_MF100_ETOH_s1_r1:Otu98,submergedTime,day,165,http://vocab.nerc.ac.uk/collection/P01/current/AZDRZZ01/,https://vocab.nerc.ac.uk/collection/P06/current/UTAA/,
ARMS_TZS_Kummelkobben_20200608_20201120_MF100_ETOH_s1_r1:Otu98,preservativeUsed,,EtOH,http://vocab.nerc.ac.uk/collection/Q01/current/Q0100004/,,https://pubchem.ncbi.nlm.nih.gov/compound/702
ARMS_TZS_Kummelkobben_20200608_20201120_MF100_ETOH_s1_r1:Otu98,lowerLimitFilterSize,micrometer,100,http://vocab.nerc.ac.uk/collection/Q01/current/Q0100011/,https://vocab.nerc.ac.uk/collection/P06/current/UMIC/,
ARMS_TZS_Kummelkobben_20200608_20201120_MF100_ETOH_s1_r1:Otu98,sampleAccessionNumber,,SAMEA10020998,,,
ARMS_TZS_Kummelkobben_20200608_20201120_MF100_ETOH_s1_r1:Otu98,NCBIID,,452283,,,
ARMS_TZS_Kummelkobben_20200608_20201120_MF100_ETOH_s1_r1:Otu98,NCBIScientificName,,Exobasidiomycetes,,,
ARMS_TZS_Kummelkobben_20200608_20201120_MF100_ETOH_s1_r1:Otu98,NCBITaxonRank,,class,,,
ARMS_TZS_Kummelkobben_20200608_20201120_MF100_ETOH_s1_r1:Otu98,fieldReplicateID,,no replicate,http://vocab.nerc.ac.uk/collection/P01/current/IDSPRE01,,
ARMS_TZS_Kummelkobben_20200608_20201120_MF100_ETOH_s1_r1:Otu98,technicalReplicateID,,,http://vocab.nerc.ac.uk/collection/P01/current/IDTCRE01,,
ARMS_TZS_Kummelkobben_20200608_20201120_MF100_ETOH_s1_r1:Otu91,submergedTime,day,165,http://vocab.nerc.ac.uk/collection/P01/current/AZDRZZ01/,https://vocab.nerc.ac.uk/collection/P06/current/UTAA/,
ARMS_TZS_Kummelkobben_20200608_20201120_MF100_ETOH_s1_r1:Otu91,preservativeUsed,,EtOH,http://vocab.nerc.ac.uk/collection/Q01/current/Q0100004/,,https://pubchem.ncbi.nlm.nih.gov/compound/702
ARMS_TZS_Kummelkobben_20200608_20201120_MF100_ETOH_s1_r1:Otu91,lowerLimitFilterSize,micrometer,100,http://vocab.nerc.ac.uk/collection/Q01/current/Q0100011/,https://vocab.nerc.ac.uk/collection/P06/current/UMIC/,
ARMS_TZS_Kummelkobben_20200608_20201120_MF100_ETOH_s1_r1:Otu91,sampleAccessionNumber,,SAMEA10020998,,,
ARMS_TZS_Kummelkobben_20200608_20201120_MF100_ETOH_s1_r1:Otu91,NCBIID,,5794,,,
ARMS_TZS_Kummelkobben_20200608_20201120_MF100_ETOH_s1_r1:Otu91,NCBIScientificName,,Apicomplexa,,,
ARMS_TZS_Kummelkobben_20200608_20201120_MF100_ETOH_s1_r1:Otu91,NCBITaxonRank,,phylum,,,
ARMS_TZS_Kummelkobben_20200608_20201120_MF100_ETOH_s1_r1:Otu91,fieldReplicateID,,no replicate,http://vocab.nerc.ac.uk/collection/P01/current/IDSPRE01,,
ARMS_TZS_Kummelkobben_20200608_20201120_MF100_ETOH_s1_r1:Otu91,technicalReplicateID,,,http://vocab.nerc.ac.uk/collection/P01/current/IDTCRE01,,
ARMS_TZS_Kummelkobben_20200608_20201120_MF100_ETOH_s1_r1:Otu92,submergedTime,day,165,http://vocab.nerc.ac.uk/collection/P01/current/AZDRZZ01/,https://vocab.nerc.ac.uk/collection/P06/current/UTAA/,
ARMS_TZS_Kummelkobben_20200608_20201120_MF100_ETOH_s1_r1:Otu92,preservativeUsed,,EtOH,http://vocab.nerc.ac.uk/collection/Q01/current/Q0100004/,,https://pubchem.ncbi.nlm.nih.gov/compound/702
ARMS_TZS_Kummelkobben_20200608_20201120_MF100_ETOH_s1_r1:Otu92,lowerLimitFilterSize,micrometer,100,http://vocab.nerc.ac.uk/collection/Q01/current/Q0100011/,https://vocab.nerc.ac.uk/collection/P06/current/UMIC/,
ARMS_TZS_Kummelkobben_20200608_20201120_MF100_ETOH_s1_r1:Otu92,sampleAccessionNumber,,SAMEA10020998,,,
ARMS_TZS_Kummelkobben_20200608_20201120_MF100_ETOH_s1_r1:Otu92,NCBIID,,147550,,,
ARMS_TZS_Kummelkobben_20200608_20201120_MF100_ETOH_s1_r1:Otu92,NCBIScientificName,,Sordariomycetes,,,
ARMS_TZS_Kummelkobben_20200608_20201120_MF100_ETOH_s1_r1:Otu92,NCBITaxonRank,,class,,,
ARMS_TZS_Kummelkobben_20200608_20201120_MF100_ETOH_s1_r1:Otu92,fieldReplicateID,,no replicate,http://vocab.nerc.ac.uk/collection/P01/current/IDSPRE01,,
ARMS_TZS_Kummelkobben_20200608_20201120_MF100_ETOH_s1_r1:Otu92,technicalReplicateID,,,http://vocab.nerc.ac.uk/collection/P01/current/IDTCRE01,,
ARMS_TZS_Kummelkobben_20200608_20201120_MF100_ETOH_s1_r1:Otu325,submergedTime,day,165,http://vocab.nerc.ac.uk/collection/P01/current/AZDRZZ01/,https://vocab.nerc.ac.uk/collection/P06/current/UTAA/,
ARMS_TZS_Kummelkobben_20200608_20201120_MF100_ETOH_s1_r1:Otu325,preservativeUsed,,EtOH,http://vocab.nerc.ac.uk/collection/Q01/current/Q0100004/,,https://pubchem.ncbi.nlm.nih.gov/compound/702
ARMS_TZS_Kummelkobben_20200608_20201120_MF100_ETOH_s1_r1:Otu325,lowerLimitFilterSize,micrometer,100,http://vocab.nerc.ac.uk/collection/Q01/current/Q0100011/,https://vocab.nerc.ac.uk/collection/P06/current/UMIC/,
ARMS_TZS_Kummelkobben_20200608_20201120_MF100_ETOH_s1_r1:Otu325,sampleAccessionNumber,,SAMEA10020998,,,
ARMS_TZS_Kummelkobben_20200608_20201120_MF100_ETOH_s1_r1:Otu325,NCBIID,,136419,,,
ARMS_TZS_Kummelkobben_20200608_20201120_MF100_ETOH_s1_r1:Otu325,NCBIScientificName,,Cercozoa,,,
ARMS_TZS_Kummelkobben_20200608_20201120_MF100_ETOH_s1_r1:Otu325,NCBITaxonRank,,phylum,,,
ARMS_TZS_Kummelkobben_20200608_20201120_MF100_ETOH_s1_r1:Otu325,fieldReplicateID,,no replicate,http://vocab.nerc.ac.uk/collection/P01/current/IDSPRE01,,
ARMS_TZS_Kummelkobben_20200608_20201120_MF100_ETOH_s1_r1:Otu325,technicalReplicateID,,,http://vocab.nerc.ac.uk/collection/P01/current/IDTCRE01,,
ARMS_TZS_Kummelkobben_20200608_20201120_MF100_ETOH_s1_r1:Otu324,submergedTime,day,165,http://vocab.nerc.ac.uk/collection/P01/current/AZDRZZ01/,https://vocab.nerc.ac.uk/collection/P06/current/UTAA/,
ARMS_TZS_Kummelkobben_20200608_20201120_MF100_ETOH_s1_r1:Otu324,preservativeUsed,,EtOH,http://vocab.nerc.ac.uk/collection/Q01/current/Q0100004/,,https://pubchem.ncbi.nlm.nih.gov/compound/702
ARMS_TZS_Kummelkobben_20200608_20201120_MF100_ETOH_s1_r1:Otu324,lowerLimitFilterSize,micrometer,100,http://vocab.nerc.ac.uk/collection/Q01/current/Q0100011/,https://vocab.nerc.ac.uk/collection/P06/current/UMIC/,
ARMS_TZS_Kummelkobben_20200608_20201120_MF100_ETOH_s1_r1:Otu324,sampleAccessionNumber,,SAMEA10020998,,,
ARMS_TZS_Kummelkobben_20200608_20201120_MF100_ETOH_s1_r1:Otu324,NCBIID,,4763,,,
ARMS_TZS_Kummelkobben_20200608_20201120_MF100_ETOH_s1_r1:Otu324,NCBIScientificName,,Saprolegniales,,,
ARMS_TZS_Kummelkobben_20200608_20201120_MF100_ETOH_s1_r1:Otu324,NCBITaxonRank,,order,,,
ARMS_TZS_Kummelkobben_20200608_20201120_MF100_ETOH_s1_r1:Otu324,fieldReplicateID,,no replicate,http://vocab.nerc.ac.uk/collection/P01/current/IDSPRE01,,
ARMS_TZS_Kummelkobben_20200608_20201120_MF100_ETOH_s1_r1:Otu324,technicalReplicateID,,,http://vocab.nerc.ac.uk/collection/P01/current/IDTCRE01,,
ARMS_TZS_Kummelkobben_20200608_20201120_MF100_ETOH_s1_r1:Otu326,submergedTime,day,165,http://vocab.nerc.ac.uk/collection/P01/current/AZDRZZ01/,https://vocab.nerc.ac.uk/collection/P06/current/UTAA/,
ARMS_TZS_Kummelkobben_20200608_20201120_MF100_ETOH_s1_r1:Otu326,preservativeUsed,,EtOH,http://vocab.nerc.ac.uk/collection/Q01/current/Q0100004/,,https://pubchem.ncbi.nlm.nih.gov/compound/702
ARMS_TZS_Kummelkobben_20200608_20201120_MF100_ETOH_s1_r1:Otu326,lowerLimitFilterSize,micrometer,100,http://vocab.nerc.ac.uk/collection/Q01/current/Q0100011/,https://vocab.nerc.ac.uk/collection/P06/current/UMIC/,
ARMS_TZS_Kummelkobben_20200608_20201120_MF100_ETOH_s1_r1:Otu326,sampleAccessionNumber,,SAMEA10020998,,,
ARMS_TZS_Kummelkobben_20200608_20201120_MF100_ETOH_s1_r1:Otu326,NCBIID,,182551,,,
ARMS_TZS_Kummelkobben_20200608_20201120_MF100_ETOH_s1_r1:Otu326,NCBIScientificName,,Howeina,,,
ARMS_TZS_Kummelkobben_20200608_20201120_MF100_ETOH_s1_r1:Otu326,NCBITaxonRank,,genus,,,
ARMS_TZS_Kummelkobben_20200608_20201120_MF100_ETOH_s1_r1:Otu326,fieldReplicateID,,no replicate,http://vocab.nerc.ac.uk/collection/P01/current/IDSPRE01,,
ARMS_TZS_Kummelkobben_20200608_20201120_MF100_ETOH_s1_r1:Otu326,technicalReplicateID,,,http://vocab.nerc.ac.uk/collection/P01/current/IDTCRE01,,
ARMS_TZS_Kummelkobben_20200608_20201120_MF100_ETOH_s1_r1:Otu321,submergedTime,day,165,http://vocab.nerc.ac.uk/collection/P01/current/AZDRZZ01/,https://vocab.nerc.ac.uk/collection/P06/current/UTAA/,
ARMS_TZS_Kummelkobben_20200608_20201120_MF100_ETOH_s1_r1:Otu321,preservativeUsed,,EtOH,http://vocab.nerc.ac.uk/collection/Q01/current/Q0100004/,,https://pubchem.ncbi.nlm.nih.gov/compound/702
ARMS_TZS_Kummelkobben_20200608_20201120_MF100_ETOH_s1_r1:Otu321,lowerLimitFilterSize,micrometer,100,http://vocab.nerc.ac.uk/collection/Q01/current/Q0100011/,https://vocab.nerc.ac.uk/collection/P06/current/UMIC/,
ARMS_TZS_Kummelkobben_20200608_20201120_MF100_ETOH_s1_r1:Otu321,sampleAccessionNumber,,SAMEA10020998,,,
ARMS_TZS_Kummelkobben_20200608_20201120_MF100_ETOH_s1_r1:Otu321,NCBIID,,589444,,,
ARMS_TZS_Kummelkobben_20200608_20201120_MF100_ETOH_s1_r1:Otu321,NCBIScientificName,,Cryomonadida,,,
ARMS_TZS_Kummelkobben_20200608_20201120_MF100_ETOH_s1_r1:Otu321,NCBITaxonRank,,order,,,
ARMS_TZS_Kummelkobben_20200608_20201120_MF100_ETOH_s1_r1:Otu321,fieldReplicateID,,no replicate,http://vocab.nerc.ac.uk/collection/P01/current/IDSPRE01,,
ARMS_TZS_Kummelkobben_20200608_20201120_MF100_ETOH_s1_r1:Otu321,technicalReplicateID,,,http://vocab.nerc.ac.uk/collection/P01/current/IDTCRE01,,
ARMS_TZS_Kummelkobben_20200608_20201120_MF100_ETOH_s1_r1:Otu320,submergedTime,day,165,http://vocab.nerc.ac.uk/collection/P01/current/AZDRZZ01/,https://vocab.nerc.ac.uk/collection/P06/current/UTAA/,
ARMS_TZS_Kummelkobben_20200608_20201120_MF100_ETOH_s1_r1:Otu320,preservativeUsed,,EtOH,http://vocab.nerc.ac.uk/collection/Q01/current/Q0100004/,,https://pubchem.ncbi.nlm.nih.gov/compound/702
ARMS_TZS_Kummelkobben_20200608_20201120_MF100_ETOH_s1_r1:Otu320,lowerLimitFilterSize,micrometer,100,http://vocab.nerc.ac.uk/collection/Q01/current/Q0100011/,https://vocab.nerc.ac.uk/collection/P06/current/UMIC/,
ARMS_TZS_Kummelkobben_20200608_20201120_MF100_ETOH_s1_r1:Otu320,sampleAccessionNumber,,SAMEA10020998,,,
ARMS_TZS_Kummelkobben_20200608_20201120_MF100_ETOH_s1_r1:Otu320,NCBIID,,5962,,,
ARMS_TZS_Kummelkobben_20200608_20201120_MF100_ETOH_s1_r1:Otu320,NCBIScientificName,,Stentor,,,
ARMS_TZS_Kummelkobben_20200608_20201120_MF100_ETOH_s1_r1:Otu320,NCBITaxonRank,,genus,,,
ARMS_TZS_Kummelkobben_20200608_20201120_MF100_ETOH_s1_r1:Otu320,fieldReplicateID,,no replicate,http://vocab.nerc.ac.uk/collection/P01/current/IDSPRE01,,
ARMS_TZS_Kummelkobben_20200608_20201120_MF100_ETOH_s1_r1:Otu320,technicalReplicateID,,,http://vocab.nerc.ac.uk/collection/P01/current/IDTCRE01,,
ARMS_TZS_Kummelkobben_20200608_20201120_MF100_ETOH_s1_r1:Otu323,submergedTime,day,165,http://vocab.nerc.ac.uk/collection/P01/current/AZDRZZ01/,https://vocab.nerc.ac.uk/collection/P06/current/UTAA/,
ARMS_TZS_Kummelkobben_20200608_20201120_MF100_ETOH_s1_r1:Otu323,preservativeUsed,,EtOH,http://vocab.nerc.ac.uk/collection/Q01/current/Q0100004/,,https://pubchem.ncbi.nlm.nih.gov/compound/702
ARMS_TZS_Kummelkobben_20200608_20201120_MF100_ETOH_s1_r1:Otu323,lowerLimitFilterSize,micrometer,100,http://vocab.nerc.ac.uk/collection/Q01/current/Q0100011/,https://vocab.nerc.ac.uk/collection/P06/current/UMIC/,
ARMS_TZS_Kummelkobben_20200608_20201120_MF100_ETOH_s1_r1:Otu323,sampleAccessionNumber,,SAMEA10020998,,,
ARMS_TZS_Kummelkobben_20200608_20201120_MF100_ETOH_s1_r1:Otu323,NCBIID,,2836,,,
ARMS_TZS_Kummelkobben_20200608_20201120_MF100_ETOH_s1_r1:Otu323,NCBIScientificName,,Bacillariophyta,,,
ARMS_TZS_Kummelkobben_20200608_20201120_MF100_ETOH_s1_r1:Otu323,NCBITaxonRank,,phylum,,,
ARMS_TZS_Kummelkobben_20200608_20201120_MF100_ETOH_s1_r1:Otu323,fieldReplicateID,,no replicate,http://vocab.nerc.ac.uk/collection/P01/current/IDSPRE01,,
ARMS_TZS_Kummelkobben_20200608_20201120_MF100_ETOH_s1_r1:Otu323,technicalReplicateID,,,http://vocab.nerc.ac.uk/collection/P01/current/IDTCRE01,,
ARMS_TZS_Kummelkobben_20200608_20201120_MF100_ETOH_s1_r1:Otu322,submergedTime,day,165,http://vocab.nerc.ac.uk/collection/P01/current/AZDRZZ01/,https://vocab.nerc.ac.uk/collection/P06/current/UTAA/,
ARMS_TZS_Kummelkobben_20200608_20201120_MF100_ETOH_s1_r1:Otu322,preservativeUsed,,EtOH,http://vocab.nerc.ac.uk/collection/Q01/current/Q0100004/,,https://pubchem.ncbi.nlm.nih.gov/compound/702
ARMS_TZS_Kummelkobben_20200608_20201120_MF100_ETOH_s1_r1:Otu322,lowerLimitFilterSize,micrometer,100,http://vocab.nerc.ac.uk/collection/Q01/current/Q0100011/,https://vocab.nerc.ac.uk/collection/P06/current/UMIC/,
ARMS_TZS_Kummelkobben_20200608_20201120_MF100_ETOH_s1_r1:Otu322,sampleAccessionNumber,,SAMEA10020998,,,
ARMS_TZS_Kummelkobben_20200608_20201120_MF100_ETOH_s1_r1:Otu322,NCBIID,,2607628,,,
ARMS_TZS_Kummelkobben_20200608_20201120_MF100_ETOH_s1_r1:Otu322,NCBIScientificName,,Pterocystida,,,
ARMS_TZS_Kummelkobben_20200608_20201120_MF100_ETOH_s1_r1:Otu322,NCBITaxonRank,,order,,,
ARMS_TZS_Kummelkobben_20200608_20201120_MF100_ETOH_s1_r1:Otu322,fieldReplicateID,,no replicate,http://vocab.nerc.ac.uk/collection/P01/current/IDSPRE01,,
ARMS_TZS_Kummelkobben_20200608_20201120_MF100_ETOH_s1_r1:Otu322,technicalReplicateID,,,http://vocab.nerc.ac.uk/collection/P01/current/IDTCRE01,,
ARMS_TZS_Kummelkobben_20200608_20201120_MF100_ETOH_s1_r1:Otu148,submergedTime,day,165,http://vocab.nerc.ac.uk/collection/P01/current/AZDRZZ01/,https://vocab.nerc.ac.uk/collection/P06/current/UTAA/,
ARMS_TZS_Kummelkobben_20200608_20201120_MF100_ETOH_s1_r1:Otu148,preservativeUsed,,EtOH,http://vocab.nerc.ac.uk/collection/Q01/current/Q0100004/,,https://pubchem.ncbi.nlm.nih.gov/compound/702
ARMS_TZS_Kummelkobben_20200608_20201120_MF100_ETOH_s1_r1:Otu148,lowerLimitFilterSize,micrometer,100,http://vocab.nerc.ac.uk/collection/Q01/current/Q0100011/,https://vocab.nerc.ac.uk/collection/P06/current/UMIC/,
ARMS_TZS_Kummelkobben_20200608_20201120_MF100_ETOH_s1_r1:Otu148,sampleAccessionNumber,,SAMEA10020998,,,
ARMS_TZS_Kummelkobben_20200608_20201120_MF100_ETOH_s1_r1:Otu148,NCBIID,,2864,,,
ARMS_TZS_Kummelkobben_20200608_20201120_MF100_ETOH_s1_r1:Otu148,NCBIScientificName,,Dinophyceae,,,
ARMS_TZS_Kummelkobben_20200608_20201120_MF100_ETOH_s1_r1:Otu148,NCBITaxonRank,,class,,,
ARMS_TZS_Kummelkobben_20200608_20201120_MF100_ETOH_s1_r1:Otu148,fieldReplicateID,,no replicate,http://vocab.nerc.ac.uk/collection/P01/current/IDSPRE01,,
ARMS_TZS_Kummelkobben_20200608_20201120_MF100_ETOH_s1_r1:Otu148,technicalReplicateID,,,http://vocab.nerc.ac.uk/collection/P01/current/IDTCRE01,,
ARMS_TZS_Kummelkobben_20200608_20201120_MF100_ETOH_s1_r1:Otu141,submergedTime,day,165,http://vocab.nerc.ac.uk/collection/P01/current/AZDRZZ01/,https://vocab.nerc.ac.uk/collection/P06/current/UTAA/,
ARMS_TZS_Kummelkobben_20200608_20201120_MF100_ETOH_s1_r1:Otu141,preservativeUsed,,EtOH,http://vocab.nerc.ac.uk/collection/Q01/current/Q0100004/,,https://pubchem.ncbi.nlm.nih.gov/compound/702
ARMS_TZS_Kummelkobben_20200608_20201120_MF100_ETOH_s1_r1:Otu141,lowerLimitFilterSize,micrometer,100,http://vocab.nerc.ac.uk/collection/Q01/current/Q0100011/,https://vocab.nerc.ac.uk/collection/P06/current/UMIC/,
ARMS_TZS_Kummelkobben_20200608_20201120_MF100_ETOH_s1_r1:Otu141,sampleAccessionNumber,,SAMEA10020998,,,
ARMS_TZS_Kummelkobben_20200608_20201120_MF100_ETOH_s1_r1:Otu141,NCBIID,,89593,,,
ARMS_TZS_Kummelkobben_20200608_20201120_MF100_ETOH_s1_r1:Otu141,NCBIScientificName,,Craniata,,,
ARMS_TZS_Kummelkobben_20200608_20201120_MF100_ETOH_s1_r1:Otu141,NCBITaxonRank,,subphylum,,,
ARMS_TZS_Kummelkobben_20200608_20201120_MF100_ETOH_s1_r1:Otu141,fieldReplicateID,,no replicate,http://vocab.nerc.ac.uk/collection/P01/current/IDSPRE01,,
ARMS_TZS_Kummelkobben_20200608_20201120_MF100_ETOH_s1_r1:Otu141,technicalReplicateID,,,http://vocab.nerc.ac.uk/collection/P01/current/IDTCRE01,,
ARMS_TZS_Kummelkobben_20200608_20201120_MF100_ETOH_s1_r1:Otu143,submergedTime,day,165,http://vocab.nerc.ac.uk/collection/P01/current/AZDRZZ01/,https://vocab.nerc.ac.uk/collection/P06/current/UTAA/,
ARMS_TZS_Kummelkobben_20200608_20201120_MF100_ETOH_s1_r1:Otu143,preservativeUsed,,EtOH,http://vocab.nerc.ac.uk/collection/Q01/current/Q0100004/,,https://pubchem.ncbi.nlm.nih.gov/compound/702
ARMS_TZS_Kummelkobben_20200608_20201120_MF100_ETOH_s1_r1:Otu143,lowerLimitFilterSize,micrometer,100,http://vocab.nerc.ac.uk/collection/Q01/current/Q0100011/,https://vocab.nerc.ac.uk/collection/P06/current/UMIC/,
ARMS_TZS_Kummelkobben_20200608_20201120_MF100_ETOH_s1_r1:Otu143,sampleAccessionNumber,,SAMEA10020998,,,
ARMS_TZS_Kummelkobben_20200608_20201120_MF100_ETOH_s1_r1:Otu143,NCBIID,,6854,,,
ARMS_TZS_Kummelkobben_20200608_20201120_MF100_ETOH_s1_r1:Otu143,NCBIScientificName,,Arachnida,,,
ARMS_TZS_Kummelkobben_20200608_20201120_MF100_ETOH_s1_r1:Otu143,NCBITaxonRank,,class,,,
ARMS_TZS_Kummelkobben_20200608_20201120_MF100_ETOH_s1_r1:Otu143,fieldReplicateID,,no replicate,http://vocab.nerc.ac.uk/collection/P01/current/IDSPRE01,,
ARMS_TZS_Kummelkobben_20200608_20201120_MF100_ETOH_s1_r1:Otu143,technicalReplicateID,,,http://vocab.nerc.ac.uk/collection/P01/current/IDTCRE01,,
ARMS_TZS_Kummelkobben_20200608_20201120_MF100_ETOH_s1_r1:Otu142,submergedTime,day,165,http://vocab.nerc.ac.uk/collection/P01/current/AZDRZZ01/,https://vocab.nerc.ac.uk/collection/P06/current/UTAA/,
ARMS_TZS_Kummelkobben_20200608_20201120_MF100_ETOH_s1_r1:Otu142,preservativeUsed,,EtOH,http://vocab.nerc.ac.uk/collection/Q01/current/Q0100004/,,https://pubchem.ncbi.nlm.nih.gov/compound/702
ARMS_TZS_Kummelkobben_20200608_20201120_MF100_ETOH_s1_r1:Otu142,lowerLimitFilterSize,micrometer,100,http://vocab.nerc.ac.uk/collection/Q01/current/Q0100011/,https://vocab.nerc.ac.uk/collection/P06/current/UMIC/,
ARMS_TZS_Kummelkobben_20200608_20201120_MF100_ETOH_s1_r1:Otu142,sampleAccessionNumber,,SAMEA10020998,,,
ARMS_TZS_Kummelkobben_20200608_20201120_MF100_ETOH_s1_r1:Otu142,NCBIID,,6340,,,
ARMS_TZS_Kummelkobben_20200608_20201120_MF100_ETOH_s1_r1:Otu142,NCBIScientificName,,Annelida,,,
ARMS_TZS_Kummelkobben_20200608_20201120_MF100_ETOH_s1_r1:Otu142,NCBITaxonRank,,phylum,,,
ARMS_TZS_Kummelkobben_20200608_20201120_MF100_ETOH_s1_r1:Otu142,fieldReplicateID,,no replicate,http://vocab.nerc.ac.uk/collection/P01/current/IDSPRE01,,
ARMS_TZS_Kummelkobben_20200608_20201120_MF100_ETOH_s1_r1:Otu142,technicalReplicateID,,,http://vocab.nerc.ac.uk/collection/P01/current/IDTCRE01,,
ARMS_TZS_Kummelkobben_20200608_20201120_MF100_ETOH_s1_r1:Otu145,submergedTime,day,165,http://vocab.nerc.ac.uk/collection/P01/current/AZDRZZ01/,https://vocab.nerc.ac.uk/collection/P06/current/UTAA/,
ARMS_TZS_Kummelkobben_20200608_20201120_MF100_ETOH_s1_r1:Otu145,preservativeUsed,,EtOH,http://vocab.nerc.ac.uk/collection/Q01/current/Q0100004/,,https://pubchem.ncbi.nlm.nih.gov/compound/702
ARMS_TZS_Kummelkobben_20200608_20201120_MF100_ETOH_s1_r1:Otu145,lowerLimitFilterSize,micrometer,100,http://vocab.nerc.ac.uk/collection/Q01/current/Q0100011/,https://vocab.nerc.ac.uk/collection/P06/current/UMIC/,
ARMS_TZS_Kummelkobben_20200608_20201120_MF100_ETOH_s1_r1:Otu145,sampleAccessionNumber,,SAMEA10020998,,,
ARMS_TZS_Kummelkobben_20200608_20201120_MF100_ETOH_s1_r1:Otu145,NCBIID,,5934,,,
ARMS_TZS_Kummelkobben_20200608_20201120_MF100_ETOH_s1_r1:Otu145,NCBIScientificName,,Hypotrichia,,,
ARMS_TZS_Kummelkobben_20200608_20201120_MF100_ETOH_s1_r1:Otu145,NCBITaxonRank,,subclass,,,
ARMS_TZS_Kummelkobben_20200608_20201120_MF100_ETOH_s1_r1:Otu145,fieldReplicateID,,no replicate,http://vocab.nerc.ac.uk/collection/P01/current/IDSPRE01,,
ARMS_TZS_Kummelkobben_20200608_20201120_MF100_ETOH_s1_r1:Otu145,technicalReplicateID,,,http://vocab.nerc.ac.uk/collection/P01/current/IDTCRE01,,
ARMS_TZS_Kummelkobben_20200608_20201120_MF100_ETOH_s1_r1:Otu45,submergedTime,day,165,http://vocab.nerc.ac.uk/collection/P01/current/AZDRZZ01/,https://vocab.nerc.ac.uk/collection/P06/current/UTAA/,
ARMS_TZS_Kummelkobben_20200608_20201120_MF100_ETOH_s1_r1:Otu45,preservativeUsed,,EtOH,http://vocab.nerc.ac.uk/collection/Q01/current/Q0100004/,,https://pubchem.ncbi.nlm.nih.gov/compound/702
ARMS_TZS_Kummelkobben_20200608_20201120_MF100_ETOH_s1_r1:Otu45,lowerLimitFilterSize,micrometer,100,http://vocab.nerc.ac.uk/collection/Q01/current/Q0100011/,https://vocab.nerc.ac.uk/collection/P06/current/UMIC/,
ARMS_TZS_Kummelkobben_20200608_20201120_MF100_ETOH_s1_r1:Otu45,sampleAccessionNumber,,SAMEA10020998,,,
ARMS_TZS_Kummelkobben_20200608_20201120_MF100_ETOH_s1_r1:Otu45,NCBIID,,27901,,,
ARMS_TZS_Kummelkobben_20200608_20201120_MF100_ETOH_s1_r1:Otu45,NCBIScientificName,,Rhabdocoela,,,
ARMS_TZS_Kummelkobben_20200608_20201120_MF100_ETOH_s1_r1:Otu45,NCBITaxonRank,,order,,,
ARMS_TZS_Kummelkobben_20200608_20201120_MF100_ETOH_s1_r1:Otu45,fieldReplicateID,,no replicate,http://vocab.nerc.ac.uk/collection/P01/current/IDSPRE01,,
ARMS_TZS_Kummelkobben_20200608_20201120_MF100_ETOH_s1_r1:Otu45,technicalReplicateID,,,http://vocab.nerc.ac.uk/collection/P01/current/IDTCRE01,,
ARMS_TZS_Kummelkobben_20200608_20201120_MF100_ETOH_s1_r1:Otu44,submergedTime,day,165,http://vocab.nerc.ac.uk/collection/P01/current/AZDRZZ01/,https://vocab.nerc.ac.uk/collection/P06/current/UTAA/,
ARMS_TZS_Kummelkobben_20200608_20201120_MF100_ETOH_s1_r1:Otu44,preservativeUsed,,EtOH,http://vocab.nerc.ac.uk/collection/Q01/current/Q0100004/,,https://pubchem.ncbi.nlm.nih.gov/compound/702
ARMS_TZS_Kummelkobben_20200608_20201120_MF100_ETOH_s1_r1:Otu44,lowerLimitFilterSize,micrometer,100,http://vocab.nerc.ac.uk/collection/Q01/current/Q0100011/,https://vocab.nerc.ac.uk/collection/P06/current/UMIC/,
ARMS_TZS_Kummelkobben_20200608_20201120_MF100_ETOH_s1_r1:Otu44,sampleAccessionNumber,,SAMEA10020998,,,
ARMS_TZS_Kummelkobben_20200608_20201120_MF100_ETOH_s1_r1:Otu44,NCBIID,,33836,,,
ARMS_TZS_Kummelkobben_20200608_20201120_MF100_ETOH_s1_r1:Otu44,NCBIScientificName,,Radial-centric-basal-Coscinodiscophyceae,,,
ARMS_TZS_Kummelkobben_20200608_20201120_MF100_ETOH_s1_r1:Otu44,NCBITaxonRank,,class,,,
ARMS_TZS_Kummelkobben_20200608_20201120_MF100_ETOH_s1_r1:Otu44,fieldReplicateID,,no replicate,http://vocab.nerc.ac.uk/collection/P01/current/IDSPRE01,,
ARMS_TZS_Kummelkobben_20200608_20201120_MF100_ETOH_s1_r1:Otu44,technicalReplicateID,,,http://vocab.nerc.ac.uk/collection/P01/current/IDTCRE01,,
ARMS_TZS_Kummelkobben_20200608_20201120_MF100_ETOH_s1_r1:Otu43,submergedTime,day,165,http://vocab.nerc.ac.uk/collection/P01/current/AZDRZZ01/,https://vocab.nerc.ac.uk/collection/P06/current/UTAA/,
ARMS_TZS_Kummelkobben_20200608_20201120_MF100_ETOH_s1_r1:Otu43,preservativeUsed,,EtOH,http://vocab.nerc.ac.uk/collection/Q01/current/Q0100004/,,https://pubchem.ncbi.nlm.nih.gov/compound/702
ARMS_TZS_Kummelkobben_20200608_20201120_MF100_ETOH_s1_r1:Otu43,lowerLimitFilterSize,micrometer,100,http://vocab.nerc.ac.uk/collection/Q01/current/Q0100011/,https://vocab.nerc.ac.uk/collection/P06/current/UMIC/,
ARMS_TZS_Kummelkobben_20200608_20201120_MF100_ETOH_s1_r1:Otu43,sampleAccessionNumber,,SAMEA10020998,,,
ARMS_TZS_Kummelkobben_20200608_20201120_MF100_ETOH_s1_r1:Otu43,NCBIID,,39462,,,
ARMS_TZS_Kummelkobben_20200608_20201120_MF100_ETOH_s1_r1:Otu43,NCBIScientificName,,Suctoria,,,
ARMS_TZS_Kummelkobben_20200608_20201120_MF100_ETOH_s1_r1:Otu43,NCBITaxonRank,,subclass,,,
ARMS_TZS_Kummelkobben_20200608_20201120_MF100_ETOH_s1_r1:Otu43,fieldReplicateID,,no replicate,http://vocab.nerc.ac.uk/collection/P01/current/IDSPRE01,,
ARMS_TZS_Kummelkobben_20200608_20201120_MF100_ETOH_s1_r1:Otu43,technicalReplicateID,,,http://vocab.nerc.ac.uk/collection/P01/current/IDTCRE01,,
ARMS_TZS_Kummelkobben_20200608_20201120_MF100_ETOH_s1_r1:Otu42,submergedTime,day,165,http://vocab.nerc.ac.uk/collection/P01/current/AZDRZZ01/,https://vocab.nerc.ac.uk/collection/P06/current/UTAA/,
ARMS_TZS_Kummelkobben_20200608_20201120_MF100_ETOH_s1_r1:Otu42,preservativeUsed,,EtOH,http://vocab.nerc.ac.uk/collection/Q01/current/Q0100004/,,https://pubchem.ncbi.nlm.nih.gov/compound/702
ARMS_TZS_Kummelkobben_20200608_20201120_MF100_ETOH_s1_r1:Otu42,lowerLimitFilterSize,micrometer,100,http://vocab.nerc.ac.uk/collection/Q01/current/Q0100011/,https://vocab.nerc.ac.uk/collection/P06/current/UMIC/,
ARMS_TZS_Kummelkobben_20200608_20201120_MF100_ETOH_s1_r1:Otu42,sampleAccessionNumber,,SAMEA10020998,,,
ARMS_TZS_Kummelkobben_20200608_20201120_MF100_ETOH_s1_r1:Otu42,NCBIID,,216305,,,
ARMS_TZS_Kummelkobben_20200608_20201120_MF100_ETOH_s1_r1:Otu42,NCBIScientificName,,Heterobranchia,,,
ARMS_TZS_Kummelkobben_20200608_20201120_MF100_ETOH_s1_r1:Otu42,NCBITaxonRank,,subclass,,,
ARMS_TZS_Kummelkobben_20200608_20201120_MF100_ETOH_s1_r1:Otu42,fieldReplicateID,,no replicate,http://vocab.nerc.ac.uk/collection/P01/current/IDSPRE01,,
ARMS_TZS_Kummelkobben_20200608_20201120_MF100_ETOH_s1_r1:Otu42,technicalReplicateID,,,http://vocab.nerc.ac.uk/collection/P01/current/IDTCRE01,,
ARMS_TZS_Kummelkobben_20200608_20201120_MF100_ETOH_s1_r1:Otu41,submergedTime,day,165,http://vocab.nerc.ac.uk/collection/P01/current/AZDRZZ01/,https://vocab.nerc.ac.uk/collection/P06/current/UTAA/,
ARMS_TZS_Kummelkobben_20200608_20201120_MF100_ETOH_s1_r1:Otu41,preservativeUsed,,EtOH,http://vocab.nerc.ac.uk/collection/Q01/current/Q0100004/,,https://pubchem.ncbi.nlm.nih.gov/compound/702
ARMS_TZS_Kummelkobben_20200608_20201120_MF100_ETOH_s1_r1:Otu41,lowerLimitFilterSize,micrometer,100,http://vocab.nerc.ac.uk/collection/Q01/current/Q0100011/,https://vocab.nerc.ac.uk/collection/P06/current/UMIC/,
ARMS_TZS_Kummelkobben_20200608_20201120_MF100_ETOH_s1_r1:Otu41,sampleAccessionNumber,,SAMEA10020998,,,
ARMS_TZS_Kummelkobben_20200608_20201120_MF100_ETOH_s1_r1:Otu41,NCBIID,,419944,,,
ARMS_TZS_Kummelkobben_20200608_20201120_MF100_ETOH_s1_r1:Otu41,NCBIScientificName,,Picozoa,,,
ARMS_TZS_Kummelkobben_20200608_20201120_MF100_ETOH_s1_r1:Otu41,NCBITaxonRank,,phylum,,,
ARMS_TZS_Kummelkobben_20200608_20201120_MF100_ETOH_s1_r1:Otu41,fieldReplicateID,,no replicate,http://vocab.nerc.ac.uk/collection/P01/current/IDSPRE01,,
ARMS_TZS_Kummelkobben_20200608_20201120_MF100_ETOH_s1_r1:Otu41,technicalReplicateID,,,http://vocab.nerc.ac.uk/collection/P01/current/IDTCRE01,,
ARMS_TZS_Kummelkobben_20200608_20201120_MF100_ETOH_s1_r1:Otu242,submergedTime,day,165,http://vocab.nerc.ac.uk/collection/P01/current/AZDRZZ01/,https://vocab.nerc.ac.uk/collection/P06/current/UTAA/,
ARMS_TZS_Kummelkobben_20200608_20201120_MF100_ETOH_s1_r1:Otu242,preservativeUsed,,EtOH,http://vocab.nerc.ac.uk/collection/Q01/current/Q0100004/,,https://pubchem.ncbi.nlm.nih.gov/compound/702
ARMS_TZS_Kummelkobben_20200608_20201120_MF100_ETOH_s1_r1:Otu242,lowerLimitFilterSize,micrometer,100,http://vocab.nerc.ac.uk/collection/Q01/current/Q0100011/,https://vocab.nerc.ac.uk/collection/P06/current/UMIC/,
ARMS_TZS_Kummelkobben_20200608_20201120_MF100_ETOH_s1_r1:Otu242,sampleAccessionNumber,,SAMEA10020998,,,
ARMS_TZS_Kummelkobben_20200608_20201120_MF100_ETOH_s1_r1:Otu242,NCBIID,,2864,,,
ARMS_TZS_Kummelkobben_20200608_20201120_MF100_ETOH_s1_r1:Otu242,NCBIScientificName,,Dinophyceae,,,
ARMS_TZS_Kummelkobben_20200608_20201120_MF100_ETOH_s1_r1:Otu242,NCBITaxonRank,,class,,,
ARMS_TZS_Kummelkobben_20200608_20201120_MF100_ETOH_s1_r1:Otu242,fieldReplicateID,,no replicate,http://vocab.nerc.ac.uk/collection/P01/current/IDSPRE01,,
ARMS_TZS_Kummelkobben_20200608_20201120_MF100_ETOH_s1_r1:Otu242,technicalReplicateID,,,http://vocab.nerc.ac.uk/collection/P01/current/IDTCRE01,,
ARMS_TZS_Kummelkobben_20200608_20201120_MF100_ETOH_s1_r1:Otu241,submergedTime,day,165,http://vocab.nerc.ac.uk/collection/P01/current/AZDRZZ01/,https://vocab.nerc.ac.uk/collection/P06/current/UTAA/,
ARMS_TZS_Kummelkobben_20200608_20201120_MF100_ETOH_s1_r1:Otu241,preservativeUsed,,EtOH,http://vocab.nerc.ac.uk/collection/Q01/current/Q0100004/,,https://pubchem.ncbi.nlm.nih.gov/compound/702
ARMS_TZS_Kummelkobben_20200608_20201120_MF100_ETOH_s1_r1:Otu241,lowerLimitFilterSize,micrometer,100,http://vocab.nerc.ac.uk/collection/Q01/current/Q0100011/,https://vocab.nerc.ac.uk/collection/P06/current/UMIC/,
ARMS_TZS_Kummelkobben_20200608_20201120_MF100_ETOH_s1_r1:Otu241,sampleAccessionNumber,,SAMEA10020998,,,
ARMS_TZS_Kummelkobben_20200608_20201120_MF100_ETOH_s1_r1:Otu241,NCBIID,,589444,,,
ARMS_TZS_Kummelkobben_20200608_20201120_MF100_ETOH_s1_r1:Otu241,NCBIScientificName,,Cryomonadida,,,
ARMS_TZS_Kummelkobben_20200608_20201120_MF100_ETOH_s1_r1:Otu241,NCBITaxonRank,,order,,,
ARMS_TZS_Kummelkobben_20200608_20201120_MF100_ETOH_s1_r1:Otu241,fieldReplicateID,,no replicate,http://vocab.nerc.ac.uk/collection/P01/current/IDSPRE01,,
ARMS_TZS_Kummelkobben_20200608_20201120_MF100_ETOH_s1_r1:Otu241,technicalReplicateID,,,http://vocab.nerc.ac.uk/collection/P01/current/IDTCRE01,,
ARMS_TZS_Kummelkobben_20200608_20201120_MF100_ETOH_s1_r1:Otu247,submergedTime,day,165,http://vocab.nerc.ac.uk/collection/P01/current/AZDRZZ01/,https://vocab.nerc.ac.uk/collection/P06/current/UTAA/,
ARMS_TZS_Kummelkobben_20200608_20201120_MF100_ETOH_s1_r1:Otu247,preservativeUsed,,EtOH,http://vocab.nerc.ac.uk/collection/Q01/current/Q0100004/,,https://pubchem.ncbi.nlm.nih.gov/compound/702
ARMS_TZS_Kummelkobben_20200608_20201120_MF100_ETOH_s1_r1:Otu247,lowerLimitFilterSize,micrometer,100,http://vocab.nerc.ac.uk/collection/Q01/current/Q0100011/,https://vocab.nerc.ac.uk/collection/P06/current/UMIC/,
ARMS_TZS_Kummelkobben_20200608_20201120_MF100_ETOH_s1_r1:Otu247,sampleAccessionNumber,,SAMEA10020998,,,
ARMS_TZS_Kummelkobben_20200608_20201120_MF100_ETOH_s1_r1:Otu247,NCBIID,,1416935,,,
ARMS_TZS_Kummelkobben_20200608_20201120_MF100_ETOH_s1_r1:Otu247,NCBIScientificName,,Pseudocolliniidae,,,
ARMS_TZS_Kummelkobben_20200608_20201120_MF100_ETOH_s1_r1:Otu247,NCBITaxonRank,,family,,,
ARMS_TZS_Kummelkobben_20200608_20201120_MF100_ETOH_s1_r1:Otu247,fieldReplicateID,,no replicate,http://vocab.nerc.ac.uk/collection/P01/current/IDSPRE01,,
ARMS_TZS_Kummelkobben_20200608_20201120_MF100_ETOH_s1_r1:Otu247,technicalReplicateID,,,http://vocab.nerc.ac.uk/collection/P01/current/IDTCRE01,,
ARMS_TZS_Kummelkobben_20200608_20201120_MF100_ETOH_s1_r1:Otu244,submergedTime,day,165,http://vocab.nerc.ac.uk/collection/P01/current/AZDRZZ01/,https://vocab.nerc.ac.uk/collection/P06/current/UTAA/,
ARMS_TZS_Kummelkobben_20200608_20201120_MF100_ETOH_s1_r1:Otu244,preservativeUsed,,EtOH,http://vocab.nerc.ac.uk/collection/Q01/current/Q0100004/,,https://pubchem.ncbi.nlm.nih.gov/compound/702
ARMS_TZS_Kummelkobben_20200608_20201120_MF100_ETOH_s1_r1:Otu244,lowerLimitFilterSize,micrometer,100,http://vocab.nerc.ac.uk/collection/Q01/current/Q0100011/,https://vocab.nerc.ac.uk/collection/P06/current/UMIC/,
ARMS_TZS_Kummelkobben_20200608_20201120_MF100_ETOH_s1_r1:Otu244,sampleAccessionNumber,,SAMEA10020998,,,
ARMS_TZS_Kummelkobben_20200608_20201120_MF100_ETOH_s1_r1:Otu244,NCBIID,,129901,,,
ARMS_TZS_Kummelkobben_20200608_20201120_MF100_ETOH_s1_r1:Otu244,NCBIScientificName,,Sabatieria,,,
ARMS_TZS_Kummelkobben_20200608_20201120_MF100_ETOH_s1_r1:Otu244,NCBITaxonRank,,genus,,,
ARMS_TZS_Kummelkobben_20200608_20201120_MF100_ETOH_s1_r1:Otu244,fieldReplicateID,,no replicate,http://vocab.nerc.ac.uk/collection/P01/current/IDSPRE01,,
ARMS_TZS_Kummelkobben_20200608_20201120_MF100_ETOH_s1_r1:Otu244,technicalReplicateID,,,http://vocab.nerc.ac.uk/collection/P01/current/IDTCRE01,,
ARMS_TZS_Kummelkobben_20200608_20201120_MF100_ETOH_s1_r1:Otu245,submergedTime,day,165,http://vocab.nerc.ac.uk/collection/P01/current/AZDRZZ01/,https://vocab.nerc.ac.uk/collection/P06/current/UTAA/,
ARMS_TZS_Kummelkobben_20200608_20201120_MF100_ETOH_s1_r1:Otu245,preservativeUsed,,EtOH,http://vocab.nerc.ac.uk/collection/Q01/current/Q0100004/,,https://pubchem.ncbi.nlm.nih.gov/compound/702
ARMS_TZS_Kummelkobben_20200608_20201120_MF100_ETOH_s1_r1:Otu245,lowerLimitFilterSize,micrometer,100,http://vocab.nerc.ac.uk/collection/Q01/current/Q0100011/,https://vocab.nerc.ac.uk/collection/P06/current/UMIC/,
ARMS_TZS_Kummelkobben_20200608_20201120_MF100_ETOH_s1_r1:Otu245,sampleAccessionNumber,,SAMEA10020998,,,
ARMS_TZS_Kummelkobben_20200608_20201120_MF100_ETOH_s1_r1:Otu245,NCBIID,,2870,,,
ARMS_TZS_Kummelkobben_20200608_20201120_MF100_ETOH_s1_r1:Otu245,NCBIScientificName,,Phaeophyceae,,,
ARMS_TZS_Kummelkobben_20200608_20201120_MF100_ETOH_s1_r1:Otu245,NCBITaxonRank,,class,,,
ARMS_TZS_Kummelkobben_20200608_20201120_MF100_ETOH_s1_r1:Otu245,fieldReplicateID,,no replicate,http://vocab.nerc.ac.uk/collection/P01/current/IDSPRE01,,
ARMS_TZS_Kummelkobben_20200608_20201120_MF100_ETOH_s1_r1:Otu245,technicalReplicateID,,,http://vocab.nerc.ac.uk/collection/P01/current/IDTCRE01,,
ARMS_TZS_Kummelkobben_20200608_20201120_MF100_ETOH_s1_r1:Otu55,submergedTime,day,165,http://vocab.nerc.ac.uk/collection/P01/current/AZDRZZ01/,https://vocab.nerc.ac.uk/collection/P06/current/UTAA/,
ARMS_TZS_Kummelkobben_20200608_20201120_MF100_ETOH_s1_r1:Otu55,preservativeUsed,,EtOH,http://vocab.nerc.ac.uk/collection/Q01/current/Q0100004/,,https://pubchem.ncbi.nlm.nih.gov/compound/702
ARMS_TZS_Kummelkobben_20200608_20201120_MF100_ETOH_s1_r1:Otu55,lowerLimitFilterSize,micrometer,100,http://vocab.nerc.ac.uk/collection/Q01/current/Q0100011/,https://vocab.nerc.ac.uk/collection/P06/current/UMIC/,
ARMS_TZS_Kummelkobben_20200608_20201120_MF100_ETOH_s1_r1:Otu55,sampleAccessionNumber,,SAMEA10020998,,,
ARMS_TZS_Kummelkobben_20200608_20201120_MF100_ETOH_s1_r1:Otu55,NCBIID,,27901,,,
ARMS_TZS_Kummelkobben_20200608_20201120_MF100_ETOH_s1_r1:Otu55,NCBIScientificName,,Rhabdocoela,,,
ARMS_TZS_Kummelkobben_20200608_20201120_MF100_ETOH_s1_r1:Otu55,NCBITaxonRank,,order,,,
ARMS_TZS_Kummelkobben_20200608_20201120_MF100_ETOH_s1_r1:Otu55,fieldReplicateID,,no replicate,http://vocab.nerc.ac.uk/collection/P01/current/IDSPRE01,,
ARMS_TZS_Kummelkobben_20200608_20201120_MF100_ETOH_s1_r1:Otu55,technicalReplicateID,,,http://vocab.nerc.ac.uk/collection/P01/current/IDTCRE01,,
ARMS_TZS_Kummelkobben_20200608_20201120_MF100_ETOH_s1_r1:Otu448,submergedTime,day,165,http://vocab.nerc.ac.uk/collection/P01/current/AZDRZZ01/,https://vocab.nerc.ac.uk/collection/P06/current/UTAA/,
ARMS_TZS_Kummelkobben_20200608_20201120_MF100_ETOH_s1_r1:Otu448,preservativeUsed,,EtOH,http://vocab.nerc.ac.uk/collection/Q01/current/Q0100004/,,https://pubchem.ncbi.nlm.nih.gov/compound/702
ARMS_TZS_Kummelkobben_20200608_20201120_MF100_ETOH_s1_r1:Otu448,lowerLimitFilterSize,micrometer,100,http://vocab.nerc.ac.uk/collection/Q01/current/Q0100011/,https://vocab.nerc.ac.uk/collection/P06/current/UMIC/,
ARMS_TZS_Kummelkobben_20200608_20201120_MF100_ETOH_s1_r1:Otu448,sampleAccessionNumber,,SAMEA10020998,,,
ARMS_TZS_Kummelkobben_20200608_20201120_MF100_ETOH_s1_r1:Otu448,NCBIID,,136419,,,
ARMS_TZS_Kummelkobben_20200608_20201120_MF100_ETOH_s1_r1:Otu448,NCBIScientificName,,Cercozoa,,,
ARMS_TZS_Kummelkobben_20200608_20201120_MF100_ETOH_s1_r1:Otu448,NCBITaxonRank,,phylum,,,
ARMS_TZS_Kummelkobben_20200608_20201120_MF100_ETOH_s1_r1:Otu448,fieldReplicateID,,no replicate,http://vocab.nerc.ac.uk/collection/P01/current/IDSPRE01,,
ARMS_TZS_Kummelkobben_20200608_20201120_MF100_ETOH_s1_r1:Otu448,technicalReplicateID,,,http://vocab.nerc.ac.uk/collection/P01/current/IDTCRE01,,
ARMS_TZS_Kummelkobben_20200608_20201120_MF100_ETOH_s1_r1:Otu449,submergedTime,day,165,http://vocab.nerc.ac.uk/collection/P01/current/AZDRZZ01/,https://vocab.nerc.ac.uk/collection/P06/current/UTAA/,
ARMS_TZS_Kummelkobben_20200608_20201120_MF100_ETOH_s1_r1:Otu449,preservativeUsed,,EtOH,http://vocab.nerc.ac.uk/collection/Q01/current/Q0100004/,,https://pubchem.ncbi.nlm.nih.gov/compound/702
ARMS_TZS_Kummelkobben_20200608_20201120_MF100_ETOH_s1_r1:Otu449,lowerLimitFilterSize,micrometer,100,http://vocab.nerc.ac.uk/collection/Q01/current/Q0100011/,https://vocab.nerc.ac.uk/collection/P06/current/UMIC/,
ARMS_TZS_Kummelkobben_20200608_20201120_MF100_ETOH_s1_r1:Otu449,sampleAccessionNumber,,SAMEA10020998,,,
ARMS_TZS_Kummelkobben_20200608_20201120_MF100_ETOH_s1_r1:Otu449,NCBIID,,1004930,,,
ARMS_TZS_Kummelkobben_20200608_20201120_MF100_ETOH_s1_r1:Otu449,NCBIScientificName,,Filosa-Thecofilosea,,,
ARMS_TZS_Kummelkobben_20200608_20201120_MF100_ETOH_s1_r1:Otu449,NCBITaxonRank,,class,,,
ARMS_TZS_Kummelkobben_20200608_20201120_MF100_ETOH_s1_r1:Otu449,fieldReplicateID,,no replicate,http://vocab.nerc.ac.uk/collection/P01/current/IDSPRE01,,
ARMS_TZS_Kummelkobben_20200608_20201120_MF100_ETOH_s1_r1:Otu449,technicalReplicateID,,,http://vocab.nerc.ac.uk/collection/P01/current/IDTCRE01,,
ARMS_TZS_Kummelkobben_20200608_20201120_MF100_ETOH_s1_r1:Otu445,submergedTime,day,165,http://vocab.nerc.ac.uk/collection/P01/current/AZDRZZ01/,https://vocab.nerc.ac.uk/collection/P06/current/UTAA/,
ARMS_TZS_Kummelkobben_20200608_20201120_MF100_ETOH_s1_r1:Otu445,preservativeUsed,,EtOH,http://vocab.nerc.ac.uk/collection/Q01/current/Q0100004/,,https://pubchem.ncbi.nlm.nih.gov/compound/702
ARMS_TZS_Kummelkobben_20200608_20201120_MF100_ETOH_s1_r1:Otu445,lowerLimitFilterSize,micrometer,100,http://vocab.nerc.ac.uk/collection/Q01/current/Q0100011/,https://vocab.nerc.ac.uk/collection/P06/current/UMIC/,
ARMS_TZS_Kummelkobben_20200608_20201120_MF100_ETOH_s1_r1:Otu445,sampleAccessionNumber,,SAMEA10020998,,,
ARMS_TZS_Kummelkobben_20200608_20201120_MF100_ETOH_s1_r1:Otu445,NCBIID,,10190,,,
ARMS_TZS_Kummelkobben_20200608_20201120_MF100_ETOH_s1_r1:Otu445,NCBIScientificName,,Rotifera,,,
ARMS_TZS_Kummelkobben_20200608_20201120_MF100_ETOH_s1_r1:Otu445,NCBITaxonRank,,phylum,,,
ARMS_TZS_Kummelkobben_20200608_20201120_MF100_ETOH_s1_r1:Otu445,fieldReplicateID,,no replicate,http://vocab.nerc.ac.uk/collection/P01/current/IDSPRE01,,
ARMS_TZS_Kummelkobben_20200608_20201120_MF100_ETOH_s1_r1:Otu445,technicalReplicateID,,,http://vocab.nerc.ac.uk/collection/P01/current/IDTCRE01,,
ARMS_TZS_Kummelkobben_20200608_20201120_MF100_ETOH_s1_r1:Otu446,submergedTime,day,165,http://vocab.nerc.ac.uk/collection/P01/current/AZDRZZ01/,https://vocab.nerc.ac.uk/collection/P06/current/UTAA/,
ARMS_TZS_Kummelkobben_20200608_20201120_MF100_ETOH_s1_r1:Otu446,preservativeUsed,,EtOH,http://vocab.nerc.ac.uk/collection/Q01/current/Q0100004/,,https://pubchem.ncbi.nlm.nih.gov/compound/702
ARMS_TZS_Kummelkobben_20200608_20201120_MF100_ETOH_s1_r1:Otu446,lowerLimitFilterSize,micrometer,100,http://vocab.nerc.ac.uk/collection/Q01/current/Q0100011/,https://vocab.nerc.ac.uk/collection/P06/current/UMIC/,
ARMS_TZS_Kummelkobben_20200608_20201120_MF100_ETOH_s1_r1:Otu446,sampleAccessionNumber,,SAMEA10020998,,,
ARMS_TZS_Kummelkobben_20200608_20201120_MF100_ETOH_s1_r1:Otu446,NCBIID,,589444,,,
ARMS_TZS_Kummelkobben_20200608_20201120_MF100_ETOH_s1_r1:Otu446,NCBIScientificName,,Cryomonadida,,,
ARMS_TZS_Kummelkobben_20200608_20201120_MF100_ETOH_s1_r1:Otu446,NCBITaxonRank,,order,,,
ARMS_TZS_Kummelkobben_20200608_20201120_MF100_ETOH_s1_r1:Otu446,fieldReplicateID,,no replicate,http://vocab.nerc.ac.uk/collection/P01/current/IDSPRE01,,
ARMS_TZS_Kummelkobben_20200608_20201120_MF100_ETOH_s1_r1:Otu446,technicalReplicateID,,,http://vocab.nerc.ac.uk/collection/P01/current/IDTCRE01,,
ARMS_TZS_Kummelkobben_20200608_20201120_MF100_ETOH_s1_r1:Otu447,submergedTime,day,165,http://vocab.nerc.ac.uk/collection/P01/current/AZDRZZ01/,https://vocab.nerc.ac.uk/collection/P06/current/UTAA/,
ARMS_TZS_Kummelkobben_20200608_20201120_MF100_ETOH_s1_r1:Otu447,preservativeUsed,,EtOH,http://vocab.nerc.ac.uk/collection/Q01/current/Q0100004/,,https://pubchem.ncbi.nlm.nih.gov/compound/702
ARMS_TZS_Kummelkobben_20200608_20201120_MF100_ETOH_s1_r1:Otu447,lowerLimitFilterSize,micrometer,100,http://vocab.nerc.ac.uk/collection/Q01/current/Q0100011/,https://vocab.nerc.ac.uk/collection/P06/current/UMIC/,
ARMS_TZS_Kummelkobben_20200608_20201120_MF100_ETOH_s1_r1:Otu447,sampleAccessionNumber,,SAMEA10020998,,,
ARMS_TZS_Kummelkobben_20200608_20201120_MF100_ETOH_s1_r1:Otu447,NCBIID,,120447,,,
ARMS_TZS_Kummelkobben_20200608_20201120_MF100_ETOH_s1_r1:Otu447,NCBIScientificName,,Parvicardium,,,
ARMS_TZS_Kummelkobben_20200608_20201120_MF100_ETOH_s1_r1:Otu447,NCBITaxonRank,,genus,,,
ARMS_TZS_Kummelkobben_20200608_20201120_MF100_ETOH_s1_r1:Otu447,fieldReplicateID,,no replicate,http://vocab.nerc.ac.uk/collection/P01/current/IDSPRE01,,
ARMS_TZS_Kummelkobben_20200608_20201120_MF100_ETOH_s1_r1:Otu447,technicalReplicateID,,,http://vocab.nerc.ac.uk/collection/P01/current/IDTCRE01,,
ARMS_TZS_Kummelkobben_20200608_20201120_MF100_ETOH_s1_r1:Otu219,submergedTime,day,165,http://vocab.nerc.ac.uk/collection/P01/current/AZDRZZ01/,https://vocab.nerc.ac.uk/collection/P06/current/UTAA/,
ARMS_TZS_Kummelkobben_20200608_20201120_MF100_ETOH_s1_r1:Otu219,preservativeUsed,,EtOH,http://vocab.nerc.ac.uk/collection/Q01/current/Q0100004/,,https://pubchem.ncbi.nlm.nih.gov/compound/702
ARMS_TZS_Kummelkobben_20200608_20201120_MF100_ETOH_s1_r1:Otu219,lowerLimitFilterSize,micrometer,100,http://vocab.nerc.ac.uk/collection/Q01/current/Q0100011/,https://vocab.nerc.ac.uk/collection/P06/current/UMIC/,
ARMS_TZS_Kummelkobben_20200608_20201120_MF100_ETOH_s1_r1:Otu219,sampleAccessionNumber,,SAMEA10020998,,,
ARMS_TZS_Kummelkobben_20200608_20201120_MF100_ETOH_s1_r1:Otu219,NCBIID,,219170,,,
ARMS_TZS_Kummelkobben_20200608_20201120_MF100_ETOH_s1_r1:Otu219,NCBIScientificName,,Folliculinidae,,,
ARMS_TZS_Kummelkobben_20200608_20201120_MF100_ETOH_s1_r1:Otu219,NCBITaxonRank,,family,,,
ARMS_TZS_Kummelkobben_20200608_20201120_MF100_ETOH_s1_r1:Otu219,fieldReplicateID,,no replicate,http://vocab.nerc.ac.uk/collection/P01/current/IDSPRE01,,
ARMS_TZS_Kummelkobben_20200608_20201120_MF100_ETOH_s1_r1:Otu219,technicalReplicateID,,,http://vocab.nerc.ac.uk/collection/P01/current/IDTCRE01,,
ARMS_TZS_Kummelkobben_20200608_20201120_MF100_ETOH_s1_r1:Otu218,submergedTime,day,165,http://vocab.nerc.ac.uk/collection/P01/current/AZDRZZ01/,https://vocab.nerc.ac.uk/collection/P06/current/UTAA/,
ARMS_TZS_Kummelkobben_20200608_20201120_MF100_ETOH_s1_r1:Otu218,preservativeUsed,,EtOH,http://vocab.nerc.ac.uk/collection/Q01/current/Q0100004/,,https://pubchem.ncbi.nlm.nih.gov/compound/702
ARMS_TZS_Kummelkobben_20200608_20201120_MF100_ETOH_s1_r1:Otu218,lowerLimitFilterSize,micrometer,100,http://vocab.nerc.ac.uk/collection/Q01/current/Q0100011/,https://vocab.nerc.ac.uk/collection/P06/current/UMIC/,
ARMS_TZS_Kummelkobben_20200608_20201120_MF100_ETOH_s1_r1:Otu218,sampleAccessionNumber,,SAMEA10020998,,,
ARMS_TZS_Kummelkobben_20200608_20201120_MF100_ETOH_s1_r1:Otu218,NCBIID,,6657,,,
ARMS_TZS_Kummelkobben_20200608_20201120_MF100_ETOH_s1_r1:Otu218,NCBIScientificName,,Crustacea,,,
ARMS_TZS_Kummelkobben_20200608_20201120_MF100_ETOH_s1_r1:Otu218,NCBITaxonRank,,subphylum,,,
ARMS_TZS_Kummelkobben_20200608_20201120_MF100_ETOH_s1_r1:Otu218,fieldReplicateID,,no replicate,http://vocab.nerc.ac.uk/collection/P01/current/IDSPRE01,,
ARMS_TZS_Kummelkobben_20200608_20201120_MF100_ETOH_s1_r1:Otu218,technicalReplicateID,,,http://vocab.nerc.ac.uk/collection/P01/current/IDTCRE01,,
ARMS_TZS_Kummelkobben_20200608_20201120_MF100_ETOH_s1_r1:Otu215,submergedTime,day,165,http://vocab.nerc.ac.uk/collection/P01/current/AZDRZZ01/,https://vocab.nerc.ac.uk/collection/P06/current/UTAA/,
ARMS_TZS_Kummelkobben_20200608_20201120_MF100_ETOH_s1_r1:Otu215,preservativeUsed,,EtOH,http://vocab.nerc.ac.uk/collection/Q01/current/Q0100004/,,https://pubchem.ncbi.nlm.nih.gov/compound/702
ARMS_TZS_Kummelkobben_20200608_20201120_MF100_ETOH_s1_r1:Otu215,lowerLimitFilterSize,micrometer,100,http://vocab.nerc.ac.uk/collection/Q01/current/Q0100011/,https://vocab.nerc.ac.uk/collection/P06/current/UMIC/,
ARMS_TZS_Kummelkobben_20200608_20201120_MF100_ETOH_s1_r1:Otu215,sampleAccessionNumber,,SAMEA10020998,,,
ARMS_TZS_Kummelkobben_20200608_20201120_MF100_ETOH_s1_r1:Otu215,NCBIID,,5988,,,
ARMS_TZS_Kummelkobben_20200608_20201120_MF100_ETOH_s1_r1:Otu215,NCBIScientificName,,Litostomatea,,,
ARMS_TZS_Kummelkobben_20200608_20201120_MF100_ETOH_s1_r1:Otu215,NCBITaxonRank,,class,,,
ARMS_TZS_Kummelkobben_20200608_20201120_MF100_ETOH_s1_r1:Otu215,fieldReplicateID,,no replicate,http://vocab.nerc.ac.uk/collection/P01/current/IDSPRE01,,
ARMS_TZS_Kummelkobben_20200608_20201120_MF100_ETOH_s1_r1:Otu215,technicalReplicateID,,,http://vocab.nerc.ac.uk/collection/P01/current/IDTCRE01,,
ARMS_TZS_Kummelkobben_20200608_20201120_MF100_ETOH_s1_r1:Otu214,submergedTime,day,165,http://vocab.nerc.ac.uk/collection/P01/current/AZDRZZ01/,https://vocab.nerc.ac.uk/collection/P06/current/UTAA/,
ARMS_TZS_Kummelkobben_20200608_20201120_MF100_ETOH_s1_r1:Otu214,preservativeUsed,,EtOH,http://vocab.nerc.ac.uk/collection/Q01/current/Q0100004/,,https://pubchem.ncbi.nlm.nih.gov/compound/702
ARMS_TZS_Kummelkobben_20200608_20201120_MF100_ETOH_s1_r1:Otu214,lowerLimitFilterSize,micrometer,100,http://vocab.nerc.ac.uk/collection/Q01/current/Q0100011/,https://vocab.nerc.ac.uk/collection/P06/current/UMIC/,
ARMS_TZS_Kummelkobben_20200608_20201120_MF100_ETOH_s1_r1:Otu214,sampleAccessionNumber,,SAMEA10020998,,,
ARMS_TZS_Kummelkobben_20200608_20201120_MF100_ETOH_s1_r1:Otu214,NCBIID,,136419,,,
ARMS_TZS_Kummelkobben_20200608_20201120_MF100_ETOH_s1_r1:Otu214,NCBIScientificName,,Cercozoa,,,
ARMS_TZS_Kummelkobben_20200608_20201120_MF100_ETOH_s1_r1:Otu214,NCBITaxonRank,,phylum,,,
ARMS_TZS_Kummelkobben_20200608_20201120_MF100_ETOH_s1_r1:Otu214,fieldReplicateID,,no replicate,http://vocab.nerc.ac.uk/collection/P01/current/IDSPRE01,,
ARMS_TZS_Kummelkobben_20200608_20201120_MF100_ETOH_s1_r1:Otu214,technicalReplicateID,,,http://vocab.nerc.ac.uk/collection/P01/current/IDTCRE01,,
ARMS_TZS_Kummelkobben_20200608_20201120_MF100_ETOH_s1_r1:Otu217,submergedTime,day,165,http://vocab.nerc.ac.uk/collection/P01/current/AZDRZZ01/,https://vocab.nerc.ac.uk/collection/P06/current/UTAA/,
ARMS_TZS_Kummelkobben_20200608_20201120_MF100_ETOH_s1_r1:Otu217,preservativeUsed,,EtOH,http://vocab.nerc.ac.uk/collection/Q01/current/Q0100004/,,https://pubchem.ncbi.nlm.nih.gov/compound/702
ARMS_TZS_Kummelkobben_20200608_20201120_MF100_ETOH_s1_r1:Otu217,lowerLimitFilterSize,micrometer,100,http://vocab.nerc.ac.uk/collection/Q01/current/Q0100011/,https://vocab.nerc.ac.uk/collection/P06/current/UMIC/,
ARMS_TZS_Kummelkobben_20200608_20201120_MF100_ETOH_s1_r1:Otu217,sampleAccessionNumber,,SAMEA10020998,,,
ARMS_TZS_Kummelkobben_20200608_20201120_MF100_ETOH_s1_r1:Otu217,NCBIID,,375590,,,
ARMS_TZS_Kummelkobben_20200608_20201120_MF100_ETOH_s1_r1:Otu217,NCBIScientificName,,Lacrymariidae,,,
ARMS_TZS_Kummelkobben_20200608_20201120_MF100_ETOH_s1_r1:Otu217,NCBITaxonRank,,family,,,
ARMS_TZS_Kummelkobben_20200608_20201120_MF100_ETOH_s1_r1:Otu217,fieldReplicateID,,no replicate,http://vocab.nerc.ac.uk/collection/P01/current/IDSPRE01,,
ARMS_TZS_Kummelkobben_20200608_20201120_MF100_ETOH_s1_r1:Otu217,technicalReplicateID,,,http://vocab.nerc.ac.uk/collection/P01/current/IDTCRE01,,
ARMS_TZS_Kummelkobben_20200608_20201120_MF100_ETOH_s1_r1:Otu216,submergedTime,day,165,http://vocab.nerc.ac.uk/collection/P01/current/AZDRZZ01/,https://vocab.nerc.ac.uk/collection/P06/current/UTAA/,
ARMS_TZS_Kummelkobben_20200608_20201120_MF100_ETOH_s1_r1:Otu216,preservativeUsed,,EtOH,http://vocab.nerc.ac.uk/collection/Q01/current/Q0100004/,,https://pubchem.ncbi.nlm.nih.gov/compound/702
ARMS_TZS_Kummelkobben_20200608_20201120_MF100_ETOH_s1_r1:Otu216,lowerLimitFilterSize,micrometer,100,http://vocab.nerc.ac.uk/collection/Q01/current/Q0100011/,https://vocab.nerc.ac.uk/collection/P06/current/UMIC/,
ARMS_TZS_Kummelkobben_20200608_20201120_MF100_ETOH_s1_r1:Otu216,sampleAccessionNumber,,SAMEA10020998,,,
ARMS_TZS_Kummelkobben_20200608_20201120_MF100_ETOH_s1_r1:Otu216,NCBIID,,35087,,,
ARMS_TZS_Kummelkobben_20200608_20201120_MF100_ETOH_s1_r1:Otu216,NCBIScientificName,,Eugregarinorida,,,
ARMS_TZS_Kummelkobben_20200608_20201120_MF100_ETOH_s1_r1:Otu216,NCBITaxonRank,,order,,,
ARMS_TZS_Kummelkobben_20200608_20201120_MF100_ETOH_s1_r1:Otu216,fieldReplicateID,,no replicate,http://vocab.nerc.ac.uk/collection/P01/current/IDSPRE01,,
ARMS_TZS_Kummelkobben_20200608_20201120_MF100_ETOH_s1_r1:Otu216,technicalReplicateID,,,http://vocab.nerc.ac.uk/collection/P01/current/IDTCRE01,,
ARMS_TZS_Kummelkobben_20200608_20201120_MF100_ETOH_s1_r1:Otu213,submergedTime,day,165,http://vocab.nerc.ac.uk/collection/P01/current/AZDRZZ01/,https://vocab.nerc.ac.uk/collection/P06/current/UTAA/,
ARMS_TZS_Kummelkobben_20200608_20201120_MF100_ETOH_s1_r1:Otu213,preservativeUsed,,EtOH,http://vocab.nerc.ac.uk/collection/Q01/current/Q0100004/,,https://pubchem.ncbi.nlm.nih.gov/compound/702
ARMS_TZS_Kummelkobben_20200608_20201120_MF100_ETOH_s1_r1:Otu213,lowerLimitFilterSize,micrometer,100,http://vocab.nerc.ac.uk/collection/Q01/current/Q0100011/,https://vocab.nerc.ac.uk/collection/P06/current/UMIC/,
ARMS_TZS_Kummelkobben_20200608_20201120_MF100_ETOH_s1_r1:Otu213,sampleAccessionNumber,,SAMEA10020998,,,
ARMS_TZS_Kummelkobben_20200608_20201120_MF100_ETOH_s1_r1:Otu213,NCBIID,,1031332,,,
ARMS_TZS_Kummelkobben_20200608_20201120_MF100_ETOH_s1_r1:Otu213,NCBIScientificName,,Cryptomycota,,,
ARMS_TZS_Kummelkobben_20200608_20201120_MF100_ETOH_s1_r1:Otu213,NCBITaxonRank,,phylum,,,
ARMS_TZS_Kummelkobben_20200608_20201120_MF100_ETOH_s1_r1:Otu213,fieldReplicateID,,no replicate,http://vocab.nerc.ac.uk/collection/P01/current/IDSPRE01,,
ARMS_TZS_Kummelkobben_20200608_20201120_MF100_ETOH_s1_r1:Otu213,technicalReplicateID,,,http://vocab.nerc.ac.uk/collection/P01/current/IDTCRE01,,
ARMS_TZS_Kummelkobben_20200608_20201120_MF100_ETOH_s1_r1:Otu46,submergedTime,day,165,http://vocab.nerc.ac.uk/collection/P01/current/AZDRZZ01/,https://vocab.nerc.ac.uk/collection/P06/current/UTAA/,
ARMS_TZS_Kummelkobben_20200608_20201120_MF100_ETOH_s1_r1:Otu46,preservativeUsed,,EtOH,http://vocab.nerc.ac.uk/collection/Q01/current/Q0100004/,,https://pubchem.ncbi.nlm.nih.gov/compound/702
ARMS_TZS_Kummelkobben_20200608_20201120_MF100_ETOH_s1_r1:Otu46,lowerLimitFilterSize,micrometer,100,http://vocab.nerc.ac.uk/collection/Q01/current/Q0100011/,https://vocab.nerc.ac.uk/collection/P06/current/UMIC/,
ARMS_TZS_Kummelkobben_20200608_20201120_MF100_ETOH_s1_r1:Otu46,sampleAccessionNumber,,SAMEA10020998,,,
ARMS_TZS_Kummelkobben_20200608_20201120_MF100_ETOH_s1_r1:Otu46,NCBIID,,179961,,,
ARMS_TZS_Kummelkobben_20200608_20201120_MF100_ETOH_s1_r1:Otu46,NCBIScientificName,,Hydrobia_ulvae,,,
ARMS_TZS_Kummelkobben_20200608_20201120_MF100_ETOH_s1_r1:Otu46,NCBITaxonRank,,species,,,
ARMS_TZS_Kummelkobben_20200608_20201120_MF100_ETOH_s1_r1:Otu46,fieldReplicateID,,no replicate,http://vocab.nerc.ac.uk/collection/P01/current/IDSPRE01,,
ARMS_TZS_Kummelkobben_20200608_20201120_MF100_ETOH_s1_r1:Otu46,technicalReplicateID,,,http://vocab.nerc.ac.uk/collection/P01/current/IDTCRE01,,
ARMS_TZS_Kummelkobben_20200608_20201120_MF100_ETOH_s1_r1:Otu365,submergedTime,day,165,http://vocab.nerc.ac.uk/collection/P01/current/AZDRZZ01/,https://vocab.nerc.ac.uk/collection/P06/current/UTAA/,
ARMS_TZS_Kummelkobben_20200608_20201120_MF100_ETOH_s1_r1:Otu365,preservativeUsed,,EtOH,http://vocab.nerc.ac.uk/collection/Q01/current/Q0100004/,,https://pubchem.ncbi.nlm.nih.gov/compound/702
ARMS_TZS_Kummelkobben_20200608_20201120_MF100_ETOH_s1_r1:Otu365,lowerLimitFilterSize,micrometer,100,http://vocab.nerc.ac.uk/collection/Q01/current/Q0100011/,https://vocab.nerc.ac.uk/collection/P06/current/UMIC/,
ARMS_TZS_Kummelkobben_20200608_20201120_MF100_ETOH_s1_r1:Otu365,sampleAccessionNumber,,SAMEA10020998,,,
ARMS_TZS_Kummelkobben_20200608_20201120_MF100_ETOH_s1_r1:Otu365,NCBIID,,33103,,,
ARMS_TZS_Kummelkobben_20200608_20201120_MF100_ETOH_s1_r1:Otu365,NCBIScientificName,,Ulvophyceae,,,
ARMS_TZS_Kummelkobben_20200608_20201120_MF100_ETOH_s1_r1:Otu365,NCBITaxonRank,,class,,,
ARMS_TZS_Kummelkobben_20200608_20201120_MF100_ETOH_s1_r1:Otu365,fieldReplicateID,,no replicate,http://vocab.nerc.ac.uk/collection/P01/current/IDSPRE01,,
ARMS_TZS_Kummelkobben_20200608_20201120_MF100_ETOH_s1_r1:Otu365,technicalReplicateID,,,http://vocab.nerc.ac.uk/collection/P01/current/IDTCRE01,,
ARMS_TZS_Kummelkobben_20200608_20201120_MF100_ETOH_s1_r1:Otu369,submergedTime,day,165,http://vocab.nerc.ac.uk/collection/P01/current/AZDRZZ01/,https://vocab.nerc.ac.uk/collection/P06/current/UTAA/,
ARMS_TZS_Kummelkobben_20200608_20201120_MF100_ETOH_s1_r1:Otu369,preservativeUsed,,EtOH,http://vocab.nerc.ac.uk/collection/Q01/current/Q0100004/,,https://pubchem.ncbi.nlm.nih.gov/compound/702
ARMS_TZS_Kummelkobben_20200608_20201120_MF100_ETOH_s1_r1:Otu369,lowerLimitFilterSize,micrometer,100,http://vocab.nerc.ac.uk/collection/Q01/current/Q0100011/,https://vocab.nerc.ac.uk/collection/P06/current/UMIC/,
ARMS_TZS_Kummelkobben_20200608_20201120_MF100_ETOH_s1_r1:Otu369,sampleAccessionNumber,,SAMEA10020998,,,
ARMS_TZS_Kummelkobben_20200608_20201120_MF100_ETOH_s1_r1:Otu369,NCBIID,,1158810,,,
ARMS_TZS_Kummelkobben_20200608_20201120_MF100_ETOH_s1_r1:Otu369,NCBIScientificName,,Stephanoecidae,,,
ARMS_TZS_Kummelkobben_20200608_20201120_MF100_ETOH_s1_r1:Otu369,NCBITaxonRank,,family,,,
ARMS_TZS_Kummelkobben_20200608_20201120_MF100_ETOH_s1_r1:Otu369,fieldReplicateID,,no replicate,http://vocab.nerc.ac.uk/collection/P01/current/IDSPRE01,,
ARMS_TZS_Kummelkobben_20200608_20201120_MF100_ETOH_s1_r1:Otu369,technicalReplicateID,,,http://vocab.nerc.ac.uk/collection/P01/current/IDTCRE01,,
ARMS_TZS_Kummelkobben_20200608_20201120_MF100_ETOH_s1_r1:Otu130,submergedTime,day,165,http://vocab.nerc.ac.uk/collection/P01/current/AZDRZZ01/,https://vocab.nerc.ac.uk/collection/P06/current/UTAA/,
ARMS_TZS_Kummelkobben_20200608_20201120_MF100_ETOH_s1_r1:Otu130,preservativeUsed,,EtOH,http://vocab.nerc.ac.uk/collection/Q01/current/Q0100004/,,https://pubchem.ncbi.nlm.nih.gov/compound/702
ARMS_TZS_Kummelkobben_20200608_20201120_MF100_ETOH_s1_r1:Otu130,lowerLimitFilterSize,micrometer,100,http://vocab.nerc.ac.uk/collection/Q01/current/Q0100011/,https://vocab.nerc.ac.uk/collection/P06/current/UMIC/,
ARMS_TZS_Kummelkobben_20200608_20201120_MF100_ETOH_s1_r1:Otu130,sampleAccessionNumber,,SAMEA10020998,,,
ARMS_TZS_Kummelkobben_20200608_20201120_MF100_ETOH_s1_r1:Otu130,NCBIID,,6340,,,
ARMS_TZS_Kummelkobben_20200608_20201120_MF100_ETOH_s1_r1:Otu130,NCBIScientificName,,Annelida,,,
ARMS_TZS_Kummelkobben_20200608_20201120_MF100_ETOH_s1_r1:Otu130,NCBITaxonRank,,phylum,,,
ARMS_TZS_Kummelkobben_20200608_20201120_MF100_ETOH_s1_r1:Otu130,fieldReplicateID,,no replicate,http://vocab.nerc.ac.uk/collection/P01/current/IDSPRE01,,
ARMS_TZS_Kummelkobben_20200608_20201120_MF100_ETOH_s1_r1:Otu130,technicalReplicateID,,,http://vocab.nerc.ac.uk/collection/P01/current/IDTCRE01,,
ARMS_TZS_Kummelkobben_20200608_20201120_MF100_ETOH_s1_r1:Otu131,submergedTime,day,165,http://vocab.nerc.ac.uk/collection/P01/current/AZDRZZ01/,https://vocab.nerc.ac.uk/collection/P06/current/UTAA/,
ARMS_TZS_Kummelkobben_20200608_20201120_MF100_ETOH_s1_r1:Otu131,preservativeUsed,,EtOH,http://vocab.nerc.ac.uk/collection/Q01/current/Q0100004/,,https://pubchem.ncbi.nlm.nih.gov/compound/702
ARMS_TZS_Kummelkobben_20200608_20201120_MF100_ETOH_s1_r1:Otu131,lowerLimitFilterSize,micrometer,100,http://vocab.nerc.ac.uk/collection/Q01/current/Q0100011/,https://vocab.nerc.ac.uk/collection/P06/current/UMIC/,
ARMS_TZS_Kummelkobben_20200608_20201120_MF100_ETOH_s1_r1:Otu131,sampleAccessionNumber,,SAMEA10020998,,,
ARMS_TZS_Kummelkobben_20200608_20201120_MF100_ETOH_s1_r1:Otu131,NCBIID,,136419,,,
ARMS_TZS_Kummelkobben_20200608_20201120_MF100_ETOH_s1_r1:Otu131,NCBIScientificName,,Cercozoa,,,
ARMS_TZS_Kummelkobben_20200608_20201120_MF100_ETOH_s1_r1:Otu131,NCBITaxonRank,,phylum,,,
ARMS_TZS_Kummelkobben_20200608_20201120_MF100_ETOH_s1_r1:Otu131,fieldReplicateID,,no replicate,http://vocab.nerc.ac.uk/collection/P01/current/IDSPRE01,,
ARMS_TZS_Kummelkobben_20200608_20201120_MF100_ETOH_s1_r1:Otu131,technicalReplicateID,,,http://vocab.nerc.ac.uk/collection/P01/current/IDTCRE01,,
ARMS_TZS_Kummelkobben_20200608_20201120_MF100_ETOH_s1_r1:Otu137,submergedTime,day,165,http://vocab.nerc.ac.uk/collection/P01/current/AZDRZZ01/,https://vocab.nerc.ac.uk/collection/P06/current/UTAA/,
ARMS_TZS_Kummelkobben_20200608_20201120_MF100_ETOH_s1_r1:Otu137,preservativeUsed,,EtOH,http://vocab.nerc.ac.uk/collection/Q01/current/Q0100004/,,https://pubchem.ncbi.nlm.nih.gov/compound/702
ARMS_TZS_Kummelkobben_20200608_20201120_MF100_ETOH_s1_r1:Otu137,lowerLimitFilterSize,micrometer,100,http://vocab.nerc.ac.uk/collection/Q01/current/Q0100011/,https://vocab.nerc.ac.uk/collection/P06/current/UMIC/,
ARMS_TZS_Kummelkobben_20200608_20201120_MF100_ETOH_s1_r1:Otu137,sampleAccessionNumber,,SAMEA10020998,,,
ARMS_TZS_Kummelkobben_20200608_20201120_MF100_ETOH_s1_r1:Otu137,NCBIID,,2759,,,
ARMS_TZS_Kummelkobben_20200608_20201120_MF100_ETOH_s1_r1:Otu137,NCBIScientificName,,Eukaryota,,,
ARMS_TZS_Kummelkobben_20200608_20201120_MF100_ETOH_s1_r1:Otu137,NCBITaxonRank,,domain,,,
ARMS_TZS_Kummelkobben_20200608_20201120_MF100_ETOH_s1_r1:Otu137,fieldReplicateID,,no replicate,http://vocab.nerc.ac.uk/collection/P01/current/IDSPRE01,,
ARMS_TZS_Kummelkobben_20200608_20201120_MF100_ETOH_s1_r1:Otu137,technicalReplicateID,,,http://vocab.nerc.ac.uk/collection/P01/current/IDTCRE01,,
ARMS_TZS_Kummelkobben_20200608_20201120_MF100_ETOH_s1_r1:Otu14,submergedTime,day,165,http://vocab.nerc.ac.uk/collection/P01/current/AZDRZZ01/,https://vocab.nerc.ac.uk/collection/P06/current/UTAA/,
ARMS_TZS_Kummelkobben_20200608_20201120_MF100_ETOH_s1_r1:Otu14,preservativeUsed,,EtOH,http://vocab.nerc.ac.uk/collection/Q01/current/Q0100004/,,https://pubchem.ncbi.nlm.nih.gov/compound/702
ARMS_TZS_Kummelkobben_20200608_20201120_MF100_ETOH_s1_r1:Otu14,lowerLimitFilterSize,micrometer,100,http://vocab.nerc.ac.uk/collection/Q01/current/Q0100011/,https://vocab.nerc.ac.uk/collection/P06/current/UMIC/,
ARMS_TZS_Kummelkobben_20200608_20201120_MF100_ETOH_s1_r1:Otu14,sampleAccessionNumber,,SAMEA10020998,,,
ARMS_TZS_Kummelkobben_20200608_20201120_MF100_ETOH_s1_r1:Otu14,NCBIID,,1070817,,,
ARMS_TZS_Kummelkobben_20200608_20201120_MF100_ETOH_s1_r1:Otu14,NCBIScientificName,,Pentacoelum,,,
ARMS_TZS_Kummelkobben_20200608_20201120_MF100_ETOH_s1_r1:Otu14,NCBITaxonRank,,genus,,,
ARMS_TZS_Kummelkobben_20200608_20201120_MF100_ETOH_s1_r1:Otu14,fieldReplicateID,,no replicate,http://vocab.nerc.ac.uk/collection/P01/current/IDSPRE01,,
ARMS_TZS_Kummelkobben_20200608_20201120_MF100_ETOH_s1_r1:Otu14,technicalReplicateID,,,http://vocab.nerc.ac.uk/collection/P01/current/IDTCRE01,,
ARMS_TZS_Kummelkobben_20200608_20201120_MF100_ETOH_s1_r1:Otu15,submergedTime,day,165,http://vocab.nerc.ac.uk/collection/P01/current/AZDRZZ01/,https://vocab.nerc.ac.uk/collection/P06/current/UTAA/,
ARMS_TZS_Kummelkobben_20200608_20201120_MF100_ETOH_s1_r1:Otu15,preservativeUsed,,EtOH,http://vocab.nerc.ac.uk/collection/Q01/current/Q0100004/,,https://pubchem.ncbi.nlm.nih.gov/compound/702
ARMS_TZS_Kummelkobben_20200608_20201120_MF100_ETOH_s1_r1:Otu15,lowerLimitFilterSize,micrometer,100,http://vocab.nerc.ac.uk/collection/Q01/current/Q0100011/,https://vocab.nerc.ac.uk/collection/P06/current/UMIC/,
ARMS_TZS_Kummelkobben_20200608_20201120_MF100_ETOH_s1_r1:Otu15,sampleAccessionNumber,,SAMEA10020998,,,
ARMS_TZS_Kummelkobben_20200608_20201120_MF100_ETOH_s1_r1:Otu15,NCBIID,,1974272,,,
ARMS_TZS_Kummelkobben_20200608_20201120_MF100_ETOH_s1_r1:Otu15,NCBIScientificName,,Sessilida,,,
ARMS_TZS_Kummelkobben_20200608_20201120_MF100_ETOH_s1_r1:Otu15,NCBITaxonRank,,order,,,
ARMS_TZS_Kummelkobben_20200608_20201120_MF100_ETOH_s1_r1:Otu15,fieldReplicateID,,no replicate,http://vocab.nerc.ac.uk/collection/P01/current/IDSPRE01,,
ARMS_TZS_Kummelkobben_20200608_20201120_MF100_ETOH_s1_r1:Otu15,technicalReplicateID,,,http://vocab.nerc.ac.uk/collection/P01/current/IDTCRE01,,
ARMS_TZS_Kummelkobben_20200608_20201120_MF100_ETOH_s1_r1:Otu16,submergedTime,day,165,http://vocab.nerc.ac.uk/collection/P01/current/AZDRZZ01/,https://vocab.nerc.ac.uk/collection/P06/current/UTAA/,
ARMS_TZS_Kummelkobben_20200608_20201120_MF100_ETOH_s1_r1:Otu16,preservativeUsed,,EtOH,http://vocab.nerc.ac.uk/collection/Q01/current/Q0100004/,,https://pubchem.ncbi.nlm.nih.gov/compound/702
ARMS_TZS_Kummelkobben_20200608_20201120_MF100_ETOH_s1_r1:Otu16,lowerLimitFilterSize,micrometer,100,http://vocab.nerc.ac.uk/collection/Q01/current/Q0100011/,https://vocab.nerc.ac.uk/collection/P06/current/UMIC/,
ARMS_TZS_Kummelkobben_20200608_20201120_MF100_ETOH_s1_r1:Otu16,sampleAccessionNumber,,SAMEA10020998,,,
ARMS_TZS_Kummelkobben_20200608_20201120_MF100_ETOH_s1_r1:Otu16,NCBIID,,219170,,,
ARMS_TZS_Kummelkobben_20200608_20201120_MF100_ETOH_s1_r1:Otu16,NCBIScientificName,,Folliculinidae,,,
ARMS_TZS_Kummelkobben_20200608_20201120_MF100_ETOH_s1_r1:Otu16,NCBITaxonRank,,family,,,
ARMS_TZS_Kummelkobben_20200608_20201120_MF100_ETOH_s1_r1:Otu16,fieldReplicateID,,no replicate,http://vocab.nerc.ac.uk/collection/P01/current/IDSPRE01,,
ARMS_TZS_Kummelkobben_20200608_20201120_MF100_ETOH_s1_r1:Otu16,technicalReplicateID,,,http://vocab.nerc.ac.uk/collection/P01/current/IDTCRE01,,
ARMS_TZS_Kummelkobben_20200608_20201120_MF100_ETOH_s1_r1:Otu17,submergedTime,day,165,http://vocab.nerc.ac.uk/collection/P01/current/AZDRZZ01/,https://vocab.nerc.ac.uk/collection/P06/current/UTAA/,
ARMS_TZS_Kummelkobben_20200608_20201120_MF100_ETOH_s1_r1:Otu17,preservativeUsed,,EtOH,http://vocab.nerc.ac.uk/collection/Q01/current/Q0100004/,,https://pubchem.ncbi.nlm.nih.gov/compound/702
ARMS_TZS_Kummelkobben_20200608_20201120_MF100_ETOH_s1_r1:Otu17,lowerLimitFilterSize,micrometer,100,http://vocab.nerc.ac.uk/collection/Q01/current/Q0100011/,https://vocab.nerc.ac.uk/collection/P06/current/UMIC/,
ARMS_TZS_Kummelkobben_20200608_20201120_MF100_ETOH_s1_r1:Otu17,sampleAccessionNumber,,SAMEA10020998,,,
ARMS_TZS_Kummelkobben_20200608_20201120_MF100_ETOH_s1_r1:Otu17,NCBIID,,6546,,,
ARMS_TZS_Kummelkobben_20200608_20201120_MF100_ETOH_s1_r1:Otu17,NCBIScientificName,,Mytiloida,,,
ARMS_TZS_Kummelkobben_20200608_20201120_MF100_ETOH_s1_r1:Otu17,NCBITaxonRank,,order,,,
ARMS_TZS_Kummelkobben_20200608_20201120_MF100_ETOH_s1_r1:Otu17,fieldReplicateID,,no replicate,http://vocab.nerc.ac.uk/collection/P01/current/IDSPRE01,,
ARMS_TZS_Kummelkobben_20200608_20201120_MF100_ETOH_s1_r1:Otu17,technicalReplicateID,,,http://vocab.nerc.ac.uk/collection/P01/current/IDTCRE01,,
ARMS_TZS_Kummelkobben_20200608_20201120_MF100_ETOH_s1_r1:Otu10,submergedTime,day,165,http://vocab.nerc.ac.uk/collection/P01/current/AZDRZZ01/,https://vocab.nerc.ac.uk/collection/P06/current/UTAA/,
ARMS_TZS_Kummelkobben_20200608_20201120_MF100_ETOH_s1_r1:Otu10,preservativeUsed,,EtOH,http://vocab.nerc.ac.uk/collection/Q01/current/Q0100004/,,https://pubchem.ncbi.nlm.nih.gov/compound/702
ARMS_TZS_Kummelkobben_20200608_20201120_MF100_ETOH_s1_r1:Otu10,lowerLimitFilterSize,micrometer,100,http://vocab.nerc.ac.uk/collection/Q01/current/Q0100011/,https://vocab.nerc.ac.uk/collection/P06/current/UMIC/,
ARMS_TZS_Kummelkobben_20200608_20201120_MF100_ETOH_s1_r1:Otu10,sampleAccessionNumber,,SAMEA10020998,,,
ARMS_TZS_Kummelkobben_20200608_20201120_MF100_ETOH_s1_r1:Otu10,NCBIID,,119397,,,
ARMS_TZS_Kummelkobben_20200608_20201120_MF100_ETOH_s1_r1:Otu10,NCBIScientificName,,Neritopsina,,,
ARMS_TZS_Kummelkobben_20200608_20201120_MF100_ETOH_s1_r1:Otu10,NCBITaxonRank,,subclass,,,
ARMS_TZS_Kummelkobben_20200608_20201120_MF100_ETOH_s1_r1:Otu10,fieldReplicateID,,no replicate,http://vocab.nerc.ac.uk/collection/P01/current/IDSPRE01,,
ARMS_TZS_Kummelkobben_20200608_20201120_MF100_ETOH_s1_r1:Otu10,technicalReplicateID,,,http://vocab.nerc.ac.uk/collection/P01/current/IDTCRE01,,
ARMS_TZS_Kummelkobben_20200608_20201120_MF100_ETOH_s1_r1:Otu11,submergedTime,day,165,http://vocab.nerc.ac.uk/collection/P01/current/AZDRZZ01/,https://vocab.nerc.ac.uk/collection/P06/current/UTAA/,
ARMS_TZS_Kummelkobben_20200608_20201120_MF100_ETOH_s1_r1:Otu11,preservativeUsed,,EtOH,http://vocab.nerc.ac.uk/collection/Q01/current/Q0100004/,,https://pubchem.ncbi.nlm.nih.gov/compound/702
ARMS_TZS_Kummelkobben_20200608_20201120_MF100_ETOH_s1_r1:Otu11,lowerLimitFilterSize,micrometer,100,http://vocab.nerc.ac.uk/collection/Q01/current/Q0100011/,https://vocab.nerc.ac.uk/collection/P06/current/UMIC/,
ARMS_TZS_Kummelkobben_20200608_20201120_MF100_ETOH_s1_r1:Otu11,sampleAccessionNumber,,SAMEA10020998,,,
ARMS_TZS_Kummelkobben_20200608_20201120_MF100_ETOH_s1_r1:Otu11,NCBIID,,512235,,,
ARMS_TZS_Kummelkobben_20200608_20201120_MF100_ETOH_s1_r1:Otu11,NCBIScientificName,,Paramenophia,,,
ARMS_TZS_Kummelkobben_20200608_20201120_MF100_ETOH_s1_r1:Otu11,NCBITaxonRank,,genus,,,
ARMS_TZS_Kummelkobben_20200608_20201120_MF100_ETOH_s1_r1:Otu11,fieldReplicateID,,no replicate,http://vocab.nerc.ac.uk/collection/P01/current/IDSPRE01,,
ARMS_TZS_Kummelkobben_20200608_20201120_MF100_ETOH_s1_r1:Otu11,technicalReplicateID,,,http://vocab.nerc.ac.uk/collection/P01/current/IDTCRE01,,
ARMS_TZS_Kummelkobben_20200608_20201120_MF100_ETOH_s1_r1:Otu12,submergedTime,day,165,http://vocab.nerc.ac.uk/collection/P01/current/AZDRZZ01/,https://vocab.nerc.ac.uk/collection/P06/current/UTAA/,
ARMS_TZS_Kummelkobben_20200608_20201120_MF100_ETOH_s1_r1:Otu12,preservativeUsed,,EtOH,http://vocab.nerc.ac.uk/collection/Q01/current/Q0100004/,,https://pubchem.ncbi.nlm.nih.gov/compound/702
ARMS_TZS_Kummelkobben_20200608_20201120_MF100_ETOH_s1_r1:Otu12,lowerLimitFilterSize,micrometer,100,http://vocab.nerc.ac.uk/collection/Q01/current/Q0100011/,https://vocab.nerc.ac.uk/collection/P06/current/UMIC/,
ARMS_TZS_Kummelkobben_20200608_20201120_MF100_ETOH_s1_r1:Otu12,sampleAccessionNumber,,SAMEA10020998,,,
ARMS_TZS_Kummelkobben_20200608_20201120_MF100_ETOH_s1_r1:Otu12,NCBIID,,6340,,,
ARMS_TZS_Kummelkobben_20200608_20201120_MF100_ETOH_s1_r1:Otu12,NCBIScientificName,,Annelida,,,
ARMS_TZS_Kummelkobben_20200608_20201120_MF100_ETOH_s1_r1:Otu12,NCBITaxonRank,,phylum,,,
ARMS_TZS_Kummelkobben_20200608_20201120_MF100_ETOH_s1_r1:Otu12,fieldReplicateID,,no replicate,http://vocab.nerc.ac.uk/collection/P01/current/IDSPRE01,,
ARMS_TZS_Kummelkobben_20200608_20201120_MF100_ETOH_s1_r1:Otu12,technicalReplicateID,,,http://vocab.nerc.ac.uk/collection/P01/current/IDTCRE01,,
ARMS_TZS_Kummelkobben_20200608_20201120_MF100_ETOH_s1_r1:Otu13,submergedTime,day,165,http://vocab.nerc.ac.uk/collection/P01/current/AZDRZZ01/,https://vocab.nerc.ac.uk/collection/P06/current/UTAA/,
ARMS_TZS_Kummelkobben_20200608_20201120_MF100_ETOH_s1_r1:Otu13,preservativeUsed,,EtOH,http://vocab.nerc.ac.uk/collection/Q01/current/Q0100004/,,https://pubchem.ncbi.nlm.nih.gov/compound/702
ARMS_TZS_Kummelkobben_20200608_20201120_MF100_ETOH_s1_r1:Otu13,lowerLimitFilterSize,micrometer,100,http://vocab.nerc.ac.uk/collection/Q01/current/Q0100011/,https://vocab.nerc.ac.uk/collection/P06/current/UMIC/,
ARMS_TZS_Kummelkobben_20200608_20201120_MF100_ETOH_s1_r1:Otu13,sampleAccessionNumber,,SAMEA10020998,,,
ARMS_TZS_Kummelkobben_20200608_20201120_MF100_ETOH_s1_r1:Otu13,NCBIID,,69555,,,
ARMS_TZS_Kummelkobben_20200608_20201120_MF100_ETOH_s1_r1:Otu13,NCBIScientificName,,Caenogastropoda,,,
ARMS_TZS_Kummelkobben_20200608_20201120_MF100_ETOH_s1_r1:Otu13,NCBITaxonRank,,subclass,,,
ARMS_TZS_Kummelkobben_20200608_20201120_MF100_ETOH_s1_r1:Otu13,fieldReplicateID,,no replicate,http://vocab.nerc.ac.uk/collection/P01/current/IDSPRE01,,
ARMS_TZS_Kummelkobben_20200608_20201120_MF100_ETOH_s1_r1:Otu13,technicalReplicateID,,,http://vocab.nerc.ac.uk/collection/P01/current/IDTCRE01,,
ARMS_TZS_Kummelkobben_20200608_20201120_MF100_ETOH_s1_r1:Otu19,submergedTime,day,165,http://vocab.nerc.ac.uk/collection/P01/current/AZDRZZ01/,https://vocab.nerc.ac.uk/collection/P06/current/UTAA/,
ARMS_TZS_Kummelkobben_20200608_20201120_MF100_ETOH_s1_r1:Otu19,preservativeUsed,,EtOH,http://vocab.nerc.ac.uk/collection/Q01/current/Q0100004/,,https://pubchem.ncbi.nlm.nih.gov/compound/702
ARMS_TZS_Kummelkobben_20200608_20201120_MF100_ETOH_s1_r1:Otu19,lowerLimitFilterSize,micrometer,100,http://vocab.nerc.ac.uk/collection/Q01/current/Q0100011/,https://vocab.nerc.ac.uk/collection/P06/current/UMIC/,
ARMS_TZS_Kummelkobben_20200608_20201120_MF100_ETOH_s1_r1:Otu19,sampleAccessionNumber,,SAMEA10020998,,,
ARMS_TZS_Kummelkobben_20200608_20201120_MF100_ETOH_s1_r1:Otu19,NCBIID,,71176,,,
ARMS_TZS_Kummelkobben_20200608_20201120_MF100_ETOH_s1_r1:Otu19,NCBIScientificName,,Chelyosoma,,,
ARMS_TZS_Kummelkobben_20200608_20201120_MF100_ETOH_s1_r1:Otu19,NCBITaxonRank,,genus,,,
ARMS_TZS_Kummelkobben_20200608_20201120_MF100_ETOH_s1_r1:Otu19,fieldReplicateID,,no replicate,http://vocab.nerc.ac.uk/collection/P01/current/IDSPRE01,,
ARMS_TZS_Kummelkobben_20200608_20201120_MF100_ETOH_s1_r1:Otu19,technicalReplicateID,,,http://vocab.nerc.ac.uk/collection/P01/current/IDTCRE01,,
ARMS_TZS_Kummelkobben_20200608_20201120_MF100_ETOH_s1_r1:Otu185,submergedTime,day,165,http://vocab.nerc.ac.uk/collection/P01/current/AZDRZZ01/,https://vocab.nerc.ac.uk/collection/P06/current/UTAA/,
ARMS_TZS_Kummelkobben_20200608_20201120_MF100_ETOH_s1_r1:Otu185,preservativeUsed,,EtOH,http://vocab.nerc.ac.uk/collection/Q01/current/Q0100004/,,https://pubchem.ncbi.nlm.nih.gov/compound/702
ARMS_TZS_Kummelkobben_20200608_20201120_MF100_ETOH_s1_r1:Otu185,lowerLimitFilterSize,micrometer,100,http://vocab.nerc.ac.uk/collection/Q01/current/Q0100011/,https://vocab.nerc.ac.uk/collection/P06/current/UMIC/,
ARMS_TZS_Kummelkobben_20200608_20201120_MF100_ETOH_s1_r1:Otu185,sampleAccessionNumber,,SAMEA10020998,,,
ARMS_TZS_Kummelkobben_20200608_20201120_MF100_ETOH_s1_r1:Otu185,NCBIID,,3118,,,
ARMS_TZS_Kummelkobben_20200608_20201120_MF100_ETOH_s1_r1:Otu185,NCBIScientificName,,Ulva,,,
ARMS_TZS_Kummelkobben_20200608_20201120_MF100_ETOH_s1_r1:Otu185,NCBITaxonRank,,genus,,,
ARMS_TZS_Kummelkobben_20200608_20201120_MF100_ETOH_s1_r1:Otu185,fieldReplicateID,,no replicate,http://vocab.nerc.ac.uk/collection/P01/current/IDSPRE01,,
ARMS_TZS_Kummelkobben_20200608_20201120_MF100_ETOH_s1_r1:Otu185,technicalReplicateID,,,http://vocab.nerc.ac.uk/collection/P01/current/IDTCRE01,,
ARMS_TZS_Kummelkobben_20200608_20201120_MF100_ETOH_s1_r1:Otu184,submergedTime,day,165,http://vocab.nerc.ac.uk/collection/P01/current/AZDRZZ01/,https://vocab.nerc.ac.uk/collection/P06/current/UTAA/,
ARMS_TZS_Kummelkobben_20200608_20201120_MF100_ETOH_s1_r1:Otu184,preservativeUsed,,EtOH,http://vocab.nerc.ac.uk/collection/Q01/current/Q0100004/,,https://pubchem.ncbi.nlm.nih.gov/compound/702
ARMS_TZS_Kummelkobben_20200608_20201120_MF100_ETOH_s1_r1:Otu184,lowerLimitFilterSize,micrometer,100,http://vocab.nerc.ac.uk/collection/Q01/current/Q0100011/,https://vocab.nerc.ac.uk/collection/P06/current/UMIC/,
ARMS_TZS_Kummelkobben_20200608_20201120_MF100_ETOH_s1_r1:Otu184,sampleAccessionNumber,,SAMEA10020998,,,
ARMS_TZS_Kummelkobben_20200608_20201120_MF100_ETOH_s1_r1:Otu184,NCBIID,,6670,,,
ARMS_TZS_Kummelkobben_20200608_20201120_MF100_ETOH_s1_r1:Otu184,NCBIScientificName,,Ostracoda,,,
ARMS_TZS_Kummelkobben_20200608_20201120_MF100_ETOH_s1_r1:Otu184,NCBITaxonRank,,class,,,
ARMS_TZS_Kummelkobben_20200608_20201120_MF100_ETOH_s1_r1:Otu184,fieldReplicateID,,no replicate,http://vocab.nerc.ac.uk/collection/P01/current/IDSPRE01,,
ARMS_TZS_Kummelkobben_20200608_20201120_MF100_ETOH_s1_r1:Otu184,technicalReplicateID,,,http://vocab.nerc.ac.uk/collection/P01/current/IDTCRE01,,
ARMS_TZS_Kummelkobben_20200608_20201120_MF100_ETOH_s1_r1:Otu187,submergedTime,day,165,http://vocab.nerc.ac.uk/collection/P01/current/AZDRZZ01/,https://vocab.nerc.ac.uk/collection/P06/current/UTAA/,
ARMS_TZS_Kummelkobben_20200608_20201120_MF100_ETOH_s1_r1:Otu187,preservativeUsed,,EtOH,http://vocab.nerc.ac.uk/collection/Q01/current/Q0100004/,,https://pubchem.ncbi.nlm.nih.gov/compound/702
ARMS_TZS_Kummelkobben_20200608_20201120_MF100_ETOH_s1_r1:Otu187,lowerLimitFilterSize,micrometer,100,http://vocab.nerc.ac.uk/collection/Q01/current/Q0100011/,https://vocab.nerc.ac.uk/collection/P06/current/UMIC/,
ARMS_TZS_Kummelkobben_20200608_20201120_MF100_ETOH_s1_r1:Otu187,sampleAccessionNumber,,SAMEA10020998,,,
ARMS_TZS_Kummelkobben_20200608_20201120_MF100_ETOH_s1_r1:Otu187,NCBIID,,2825,,,
ARMS_TZS_Kummelkobben_20200608_20201120_MF100_ETOH_s1_r1:Otu187,NCBIScientificName,,Chrysophyceae,,,
ARMS_TZS_Kummelkobben_20200608_20201120_MF100_ETOH_s1_r1:Otu187,NCBITaxonRank,,class,,,
ARMS_TZS_Kummelkobben_20200608_20201120_MF100_ETOH_s1_r1:Otu187,fieldReplicateID,,no replicate,http://vocab.nerc.ac.uk/collection/P01/current/IDSPRE01,,
ARMS_TZS_Kummelkobben_20200608_20201120_MF100_ETOH_s1_r1:Otu187,technicalReplicateID,,,http://vocab.nerc.ac.uk/collection/P01/current/IDTCRE01,,
ARMS_TZS_Kummelkobben_20200608_20201120_MF100_ETOH_s1_r1:Otu186,submergedTime,day,165,http://vocab.nerc.ac.uk/collection/P01/current/AZDRZZ01/,https://vocab.nerc.ac.uk/collection/P06/current/UTAA/,
ARMS_TZS_Kummelkobben_20200608_20201120_MF100_ETOH_s1_r1:Otu186,preservativeUsed,,EtOH,http://vocab.nerc.ac.uk/collection/Q01/current/Q0100004/,,https://pubchem.ncbi.nlm.nih.gov/compound/702
ARMS_TZS_Kummelkobben_20200608_20201120_MF100_ETOH_s1_r1:Otu186,lowerLimitFilterSize,micrometer,100,http://vocab.nerc.ac.uk/collection/Q01/current/Q0100011/,https://vocab.nerc.ac.uk/collection/P06/current/UMIC/,
ARMS_TZS_Kummelkobben_20200608_20201120_MF100_ETOH_s1_r1:Otu186,sampleAccessionNumber,,SAMEA10020998,,,
ARMS_TZS_Kummelkobben_20200608_20201120_MF100_ETOH_s1_r1:Otu186,NCBIID,,172820,,,
ARMS_TZS_Kummelkobben_20200608_20201120_MF100_ETOH_s1_r1:Otu186,NCBIScientificName,,Apusomonadidae,,,
ARMS_TZS_Kummelkobben_20200608_20201120_MF100_ETOH_s1_r1:Otu186,NCBITaxonRank,,family,,,
ARMS_TZS_Kummelkobben_20200608_20201120_MF100_ETOH_s1_r1:Otu186,fieldReplicateID,,no replicate,http://vocab.nerc.ac.uk/collection/P01/current/IDSPRE01,,
ARMS_TZS_Kummelkobben_20200608_20201120_MF100_ETOH_s1_r1:Otu186,technicalReplicateID,,,http://vocab.nerc.ac.uk/collection/P01/current/IDTCRE01,,
ARMS_TZS_Kummelkobben_20200608_20201120_MF100_ETOH_s1_r1:Otu182,submergedTime,day,165,http://vocab.nerc.ac.uk/collection/P01/current/AZDRZZ01/,https://vocab.nerc.ac.uk/collection/P06/current/UTAA/,
ARMS_TZS_Kummelkobben_20200608_20201120_MF100_ETOH_s1_r1:Otu182,preservativeUsed,,EtOH,http://vocab.nerc.ac.uk/collection/Q01/current/Q0100004/,,https://pubchem.ncbi.nlm.nih.gov/compound/702
ARMS_TZS_Kummelkobben_20200608_20201120_MF100_ETOH_s1_r1:Otu182,lowerLimitFilterSize,micrometer,100,http://vocab.nerc.ac.uk/collection/Q01/current/Q0100011/,https://vocab.nerc.ac.uk/collection/P06/current/UMIC/,
ARMS_TZS_Kummelkobben_20200608_20201120_MF100_ETOH_s1_r1:Otu182,sampleAccessionNumber,,SAMEA10020998,,,
ARMS_TZS_Kummelkobben_20200608_20201120_MF100_ETOH_s1_r1:Otu182,NCBIID,,5988,,,
ARMS_TZS_Kummelkobben_20200608_20201120_MF100_ETOH_s1_r1:Otu182,NCBIScientificName,,Litostomatea,,,
ARMS_TZS_Kummelkobben_20200608_20201120_MF100_ETOH_s1_r1:Otu182,NCBITaxonRank,,class,,,
ARMS_TZS_Kummelkobben_20200608_20201120_MF100_ETOH_s1_r1:Otu182,fieldReplicateID,,no replicate,http://vocab.nerc.ac.uk/collection/P01/current/IDSPRE01,,
ARMS_TZS_Kummelkobben_20200608_20201120_MF100_ETOH_s1_r1:Otu182,technicalReplicateID,,,http://vocab.nerc.ac.uk/collection/P01/current/IDTCRE01,,
ARMS_TZS_Kummelkobben_20200608_20201120_SF40_ETOH_s1_r1:Otu419,submergedTime,day,165,http://vocab.nerc.ac.uk/collection/P01/current/AZDRZZ01/,https://vocab.nerc.ac.uk/collection/P06/current/UTAA/,
ARMS_TZS_Kummelkobben_20200608_20201120_SF40_ETOH_s1_r1:Otu419,preservativeUsed,,EtOH,http://vocab.nerc.ac.uk/collection/Q01/current/Q0100004/,,https://pubchem.ncbi.nlm.nih.gov/compound/702
ARMS_TZS_Kummelkobben_20200608_20201120_SF40_ETOH_s1_r1:Otu419,lowerLimitFilterSize,micrometer,40,http://vocab.nerc.ac.uk/collection/Q01/current/Q0100011/,https://vocab.nerc.ac.uk/collection/P06/current/UMIC/,
ARMS_TZS_Kummelkobben_20200608_20201120_SF40_ETOH_s1_r1:Otu419,sampleAccessionNumber,,SAMEA10021004,,,
ARMS_TZS_Kummelkobben_20200608_20201120_SF40_ETOH_s1_r1:Otu419,NCBIID,,938102,,,
ARMS_TZS_Kummelkobben_20200608_20201120_SF40_ETOH_s1_r1:Otu419,NCBIScientificName,,Cyclopina,,,
ARMS_TZS_Kummelkobben_20200608_20201120_SF40_ETOH_s1_r1:Otu419,NCBITaxonRank,,genus,,,
ARMS_TZS_Kummelkobben_20200608_20201120_SF40_ETOH_s1_r1:Otu419,fieldReplicateID,,no replicate,http://vocab.nerc.ac.uk/collection/P01/current/IDSPRE01,,
ARMS_TZS_Kummelkobben_20200608_20201120_SF40_ETOH_s1_r1:Otu419,technicalReplicateID,,,http://vocab.nerc.ac.uk/collection/P01/current/IDTCRE01,,
ARMS_TZS_Kummelkobben_20200608_20201120_SF40_ETOH_s1_r1:Otu58,submergedTime,day,165,http://vocab.nerc.ac.uk/collection/P01/current/AZDRZZ01/,https://vocab.nerc.ac.uk/collection/P06/current/UTAA/,
ARMS_TZS_Kummelkobben_20200608_20201120_SF40_ETOH_s1_r1:Otu58,preservativeUsed,,EtOH,http://vocab.nerc.ac.uk/collection/Q01/current/Q0100004/,,https://pubchem.ncbi.nlm.nih.gov/compound/702
ARMS_TZS_Kummelkobben_20200608_20201120_SF40_ETOH_s1_r1:Otu58,lowerLimitFilterSize,micrometer,40,http://vocab.nerc.ac.uk/collection/Q01/current/Q0100011/,https://vocab.nerc.ac.uk/collection/P06/current/UMIC/,
ARMS_TZS_Kummelkobben_20200608_20201120_SF40_ETOH_s1_r1:Otu58,sampleAccessionNumber,,SAMEA10021004,,,
ARMS_TZS_Kummelkobben_20200608_20201120_SF40_ETOH_s1_r1:Otu58,NCBIID,,6657,,,
ARMS_TZS_Kummelkobben_20200608_20201120_SF40_ETOH_s1_r1:Otu58,NCBIScientificName,,Crustacea,,,
ARMS_TZS_Kummelkobben_20200608_20201120_SF40_ETOH_s1_r1:Otu58,NCBITaxonRank,,subphylum,,,
ARMS_TZS_Kummelkobben_20200608_20201120_SF40_ETOH_s1_r1:Otu58,fieldReplicateID,,no replicate,http://vocab.nerc.ac.uk/collection/P01/current/IDSPRE01,,
ARMS_TZS_Kummelkobben_20200608_20201120_SF40_ETOH_s1_r1:Otu58,technicalReplicateID,,,http://vocab.nerc.ac.uk/collection/P01/current/IDTCRE01,,
ARMS_TZS_Kummelkobben_20200608_20201120_SF40_ETOH_s1_r1:Otu26,submergedTime,day,165,http://vocab.nerc.ac.uk/collection/P01/current/AZDRZZ01/,https://vocab.nerc.ac.uk/collection/P06/current/UTAA/,
ARMS_TZS_Kummelkobben_20200608_20201120_SF40_ETOH_s1_r1:Otu26,preservativeUsed,,EtOH,http://vocab.nerc.ac.uk/collection/Q01/current/Q0100004/,,https://pubchem.ncbi.nlm.nih.gov/compound/702
ARMS_TZS_Kummelkobben_20200608_20201120_SF40_ETOH_s1_r1:Otu26,lowerLimitFilterSize,micrometer,40,http://vocab.nerc.ac.uk/collection/Q01/current/Q0100011/,https://vocab.nerc.ac.uk/collection/P06/current/UMIC/,
ARMS_TZS_Kummelkobben_20200608_20201120_SF40_ETOH_s1_r1:Otu26,sampleAccessionNumber,,SAMEA10021004,,,
ARMS_TZS_Kummelkobben_20200608_20201120_SF40_ETOH_s1_r1:Otu26,NCBIID,,6760,,,
ARMS_TZS_Kummelkobben_20200608_20201120_SF40_ETOH_s1_r1:Otu26,NCBIScientificName,,Scylla,,,
ARMS_TZS_Kummelkobben_20200608_20201120_SF40_ETOH_s1_r1:Otu26,NCBITaxonRank,,genus,,,
ARMS_TZS_Kummelkobben_20200608_20201120_SF40_ETOH_s1_r1:Otu26,fieldReplicateID,,no replicate,http://vocab.nerc.ac.uk/collection/P01/current/IDSPRE01,,
ARMS_TZS_Kummelkobben_20200608_20201120_SF40_ETOH_s1_r1:Otu26,technicalReplicateID,,,http://vocab.nerc.ac.uk/collection/P01/current/IDTCRE01,,
ARMS_TZS_Kummelkobben_20200608_20201120_SF40_ETOH_s1_r1:Otu174,submergedTime,day,165,http://vocab.nerc.ac.uk/collection/P01/current/AZDRZZ01/,https://vocab.nerc.ac.uk/collection/P06/current/UTAA/,
ARMS_TZS_Kummelkobben_20200608_20201120_SF40_ETOH_s1_r1:Otu174,preservativeUsed,,EtOH,http://vocab.nerc.ac.uk/collection/Q01/current/Q0100004/,,https://pubchem.ncbi.nlm.nih.gov/compound/702
ARMS_TZS_Kummelkobben_20200608_20201120_SF40_ETOH_s1_r1:Otu174,lowerLimitFilterSize,micrometer,40,http://vocab.nerc.ac.uk/collection/Q01/current/Q0100011/,https://vocab.nerc.ac.uk/collection/P06/current/UMIC/,
ARMS_TZS_Kummelkobben_20200608_20201120_SF40_ETOH_s1_r1:Otu174,sampleAccessionNumber,,SAMEA10021004,,,
ARMS_TZS_Kummelkobben_20200608_20201120_SF40_ETOH_s1_r1:Otu174,NCBIID,,1031332,,,
ARMS_TZS_Kummelkobben_20200608_20201120_SF40_ETOH_s1_r1:Otu174,NCBIScientificName,,Cryptomycota,,,
ARMS_TZS_Kummelkobben_20200608_20201120_SF40_ETOH_s1_r1:Otu174,NCBITaxonRank,,phylum,,,
ARMS_TZS_Kummelkobben_20200608_20201120_SF40_ETOH_s1_r1:Otu174,fieldReplicateID,,no replicate,http://vocab.nerc.ac.uk/collection/P01/current/IDSPRE01,,
ARMS_TZS_Kummelkobben_20200608_20201120_SF40_ETOH_s1_r1:Otu174,technicalReplicateID,,,http://vocab.nerc.ac.uk/collection/P01/current/IDTCRE01,,
ARMS_TZS_Kummelkobben_20200608_20201120_SF40_ETOH_s1_r1:Otu463,submergedTime,day,165,http://vocab.nerc.ac.uk/collection/P01/current/AZDRZZ01/,https://vocab.nerc.ac.uk/collection/P06/current/UTAA/,
ARMS_TZS_Kummelkobben_20200608_20201120_SF40_ETOH_s1_r1:Otu463,preservativeUsed,,EtOH,http://vocab.nerc.ac.uk/collection/Q01/current/Q0100004/,,https://pubchem.ncbi.nlm.nih.gov/compound/702
ARMS_TZS_Kummelkobben_20200608_20201120_SF40_ETOH_s1_r1:Otu463,lowerLimitFilterSize,micrometer,40,http://vocab.nerc.ac.uk/collection/Q01/current/Q0100011/,https://vocab.nerc.ac.uk/collection/P06/current/UMIC/,
ARMS_TZS_Kummelkobben_20200608_20201120_SF40_ETOH_s1_r1:Otu463,sampleAccessionNumber,,SAMEA10021004,,,
ARMS_TZS_Kummelkobben_20200608_20201120_SF40_ETOH_s1_r1:Otu463,NCBIID,,512218,,,
ARMS_TZS_Kummelkobben_20200608_20201120_SF40_ETOH_s1_r1:Otu463,NCBIScientificName,,Diarthrodes,,,
ARMS_TZS_Kummelkobben_20200608_20201120_SF40_ETOH_s1_r1:Otu463,NCBITaxonRank,,genus,,,
ARMS_TZS_Kummelkobben_20200608_20201120_SF40_ETOH_s1_r1:Otu463,fieldReplicateID,,no replicate,http://vocab.nerc.ac.uk/collection/P01/current/IDSPRE01,,
ARMS_TZS_Kummelkobben_20200608_20201120_SF40_ETOH_s1_r1:Otu463,technicalReplicateID,,,http://vocab.nerc.ac.uk/collection/P01/current/IDTCRE01,,
ARMS_TZS_Kummelkobben_20200608_20201120_SF40_ETOH_s1_r1:Otu464,submergedTime,day,165,http://vocab.nerc.ac.uk/collection/P01/current/AZDRZZ01/,https://vocab.nerc.ac.uk/collection/P06/current/UTAA/,
ARMS_TZS_Kummelkobben_20200608_20201120_SF40_ETOH_s1_r1:Otu464,preservativeUsed,,EtOH,http://vocab.nerc.ac.uk/collection/Q01/current/Q0100004/,,https://pubchem.ncbi.nlm.nih.gov/compound/702
ARMS_TZS_Kummelkobben_20200608_20201120_SF40_ETOH_s1_r1:Otu464,lowerLimitFilterSize,micrometer,40,http://vocab.nerc.ac.uk/collection/Q01/current/Q0100011/,https://vocab.nerc.ac.uk/collection/P06/current/UMIC/,
ARMS_TZS_Kummelkobben_20200608_20201120_SF40_ETOH_s1_r1:Otu464,sampleAccessionNumber,,SAMEA10021004,,,
ARMS_TZS_Kummelkobben_20200608_20201120_SF40_ETOH_s1_r1:Otu464,NCBIID,,6340,,,
ARMS_TZS_Kummelkobben_20200608_20201120_SF40_ETOH_s1_r1:Otu464,NCBIScientificName,,Annelida,,,
ARMS_TZS_Kummelkobben_20200608_20201120_SF40_ETOH_s1_r1:Otu464,NCBITaxonRank,,phylum,,,
ARMS_TZS_Kummelkobben_20200608_20201120_SF40_ETOH_s1_r1:Otu464,fieldReplicateID,,no replicate,http://vocab.nerc.ac.uk/collection/P01/current/IDSPRE01,,
ARMS_TZS_Kummelkobben_20200608_20201120_SF40_ETOH_s1_r1:Otu464,technicalReplicateID,,,http://vocab.nerc.ac.uk/collection/P01/current/IDTCRE01,,
ARMS_TZS_Kummelkobben_20200608_20201120_SF40_ETOH_s1_r1:Otu289,submergedTime,day,165,http://vocab.nerc.ac.uk/collection/P01/current/AZDRZZ01/,https://vocab.nerc.ac.uk/collection/P06/current/UTAA/,
ARMS_TZS_Kummelkobben_20200608_20201120_SF40_ETOH_s1_r1:Otu289,preservativeUsed,,EtOH,http://vocab.nerc.ac.uk/collection/Q01/current/Q0100004/,,https://pubchem.ncbi.nlm.nih.gov/compound/702
ARMS_TZS_Kummelkobben_20200608_20201120_SF40_ETOH_s1_r1:Otu289,lowerLimitFilterSize,micrometer,40,http://vocab.nerc.ac.uk/collection/Q01/current/Q0100011/,https://vocab.nerc.ac.uk/collection/P06/current/UMIC/,
ARMS_TZS_Kummelkobben_20200608_20201120_SF40_ETOH_s1_r1:Otu289,sampleAccessionNumber,,SAMEA10021004,,,
ARMS_TZS_Kummelkobben_20200608_20201120_SF40_ETOH_s1_r1:Otu289,NCBIID,,6657,,,
ARMS_TZS_Kummelkobben_20200608_20201120_SF40_ETOH_s1_r1:Otu289,NCBIScientificName,,Crustacea,,,
ARMS_TZS_Kummelkobben_20200608_20201120_SF40_ETOH_s1_r1:Otu289,NCBITaxonRank,,subphylum,,,
ARMS_TZS_Kummelkobben_20200608_20201120_SF40_ETOH_s1_r1:Otu289,fieldReplicateID,,no replicate,http://vocab.nerc.ac.uk/collection/P01/current/IDSPRE01,,
ARMS_TZS_Kummelkobben_20200608_20201120_SF40_ETOH_s1_r1:Otu289,technicalReplicateID,,,http://vocab.nerc.ac.uk/collection/P01/current/IDTCRE01,,
ARMS_TZS_Kummelkobben_20200608_20201120_SF40_ETOH_s1_r1:Otu162,submergedTime,day,165,http://vocab.nerc.ac.uk/collection/P01/current/AZDRZZ01/,https://vocab.nerc.ac.uk/collection/P06/current/UTAA/,
ARMS_TZS_Kummelkobben_20200608_20201120_SF40_ETOH_s1_r1:Otu162,preservativeUsed,,EtOH,http://vocab.nerc.ac.uk/collection/Q01/current/Q0100004/,,https://pubchem.ncbi.nlm.nih.gov/compound/702
ARMS_TZS_Kummelkobben_20200608_20201120_SF40_ETOH_s1_r1:Otu162,lowerLimitFilterSize,micrometer,40,http://vocab.nerc.ac.uk/collection/Q01/current/Q0100011/,https://vocab.nerc.ac.uk/collection/P06/current/UMIC/,
ARMS_TZS_Kummelkobben_20200608_20201120_SF40_ETOH_s1_r1:Otu162,sampleAccessionNumber,,SAMEA10021004,,,
ARMS_TZS_Kummelkobben_20200608_20201120_SF40_ETOH_s1_r1:Otu162,NCBIID,,6340,,,
ARMS_TZS_Kummelkobben_20200608_20201120_SF40_ETOH_s1_r1:Otu162,NCBIScientificName,,Annelida,,,
ARMS_TZS_Kummelkobben_20200608_20201120_SF40_ETOH_s1_r1:Otu162,NCBITaxonRank,,phylum,,,
ARMS_TZS_Kummelkobben_20200608_20201120_SF40_ETOH_s1_r1:Otu162,fieldReplicateID,,no replicate,http://vocab.nerc.ac.uk/collection/P01/current/IDSPRE01,,
ARMS_TZS_Kummelkobben_20200608_20201120_SF40_ETOH_s1_r1:Otu162,technicalReplicateID,,,http://vocab.nerc.ac.uk/collection/P01/current/IDTCRE01,,
ARMS_TZS_Kummelkobben_20200608_20201120_SF40_ETOH_s1_r1:Otu344,submergedTime,day,165,http://vocab.nerc.ac.uk/collection/P01/current/AZDRZZ01/,https://vocab.nerc.ac.uk/collection/P06/current/UTAA/,
ARMS_TZS_Kummelkobben_20200608_20201120_SF40_ETOH_s1_r1:Otu344,preservativeUsed,,EtOH,http://vocab.nerc.ac.uk/collection/Q01/current/Q0100004/,,https://pubchem.ncbi.nlm.nih.gov/compound/702
ARMS_TZS_Kummelkobben_20200608_20201120_SF40_ETOH_s1_r1:Otu344,lowerLimitFilterSize,micrometer,40,http://vocab.nerc.ac.uk/collection/Q01/current/Q0100011/,https://vocab.nerc.ac.uk/collection/P06/current/UMIC/,
ARMS_TZS_Kummelkobben_20200608_20201120_SF40_ETOH_s1_r1:Otu344,sampleAccessionNumber,,SAMEA10021004,,,
ARMS_TZS_Kummelkobben_20200608_20201120_SF40_ETOH_s1_r1:Otu344,NCBIID,,120430,,,
ARMS_TZS_Kummelkobben_20200608_20201120_SF40_ETOH_s1_r1:Otu344,NCBIScientificName,,Hiatella,,,
ARMS_TZS_Kummelkobben_20200608_20201120_SF40_ETOH_s1_r1:Otu344,NCBITaxonRank,,genus,,,
ARMS_TZS_Kummelkobben_20200608_20201120_SF40_ETOH_s1_r1:Otu344,fieldReplicateID,,no replicate,http://vocab.nerc.ac.uk/collection/P01/current/IDSPRE01,,
ARMS_TZS_Kummelkobben_20200608_20201120_SF40_ETOH_s1_r1:Otu344,technicalReplicateID,,,http://vocab.nerc.ac.uk/collection/P01/current/IDTCRE01,,
ARMS_TZS_Kummelkobben_20200608_20201120_SF40_ETOH_s1_r1:Otu9,submergedTime,day,165,http://vocab.nerc.ac.uk/collection/P01/current/AZDRZZ01/,https://vocab.nerc.ac.uk/collection/P06/current/UTAA/,
ARMS_TZS_Kummelkobben_20200608_20201120_SF40_ETOH_s1_r1:Otu9,preservativeUsed,,EtOH,http://vocab.nerc.ac.uk/collection/Q01/current/Q0100004/,,https://pubchem.ncbi.nlm.nih.gov/compound/702
ARMS_TZS_Kummelkobben_20200608_20201120_SF40_ETOH_s1_r1:Otu9,lowerLimitFilterSize,micrometer,40,http://vocab.nerc.ac.uk/collection/Q01/current/Q0100011/,https://vocab.nerc.ac.uk/collection/P06/current/UMIC/,
ARMS_TZS_Kummelkobben_20200608_20201120_SF40_ETOH_s1_r1:Otu9,sampleAccessionNumber,,SAMEA10021004,,,
ARMS_TZS_Kummelkobben_20200608_20201120_SF40_ETOH_s1_r1:Otu9,NCBIID,,6101,,,
ARMS_TZS_Kummelkobben_20200608_20201120_SF40_ETOH_s1_r1:Otu9,NCBIScientificName,,Anthozoa,,,
ARMS_TZS_Kummelkobben_20200608_20201120_SF40_ETOH_s1_r1:Otu9,NCBITaxonRank,,class,,,
ARMS_TZS_Kummelkobben_20200608_20201120_SF40_ETOH_s1_r1:Otu9,fieldReplicateID,,no replicate,http://vocab.nerc.ac.uk/collection/P01/current/IDSPRE01,,
ARMS_TZS_Kummelkobben_20200608_20201120_SF40_ETOH_s1_r1:Otu9,technicalReplicateID,,,http://vocab.nerc.ac.uk/collection/P01/current/IDTCRE01,,
ARMS_TZS_Kummelkobben_20200608_20201120_SF40_ETOH_s1_r1:Otu5,submergedTime,day,165,http://vocab.nerc.ac.uk/collection/P01/current/AZDRZZ01/,https://vocab.nerc.ac.uk/collection/P06/current/UTAA/,
ARMS_TZS_Kummelkobben_20200608_20201120_SF40_ETOH_s1_r1:Otu5,preservativeUsed,,EtOH,http://vocab.nerc.ac.uk/collection/Q01/current/Q0100004/,,https://pubchem.ncbi.nlm.nih.gov/compound/702
ARMS_TZS_Kummelkobben_20200608_20201120_SF40_ETOH_s1_r1:Otu5,lowerLimitFilterSize,micrometer,40,http://vocab.nerc.ac.uk/collection/Q01/current/Q0100011/,https://vocab.nerc.ac.uk/collection/P06/current/UMIC/,
ARMS_TZS_Kummelkobben_20200608_20201120_SF40_ETOH_s1_r1:Otu5,sampleAccessionNumber,,SAMEA10021004,,,
ARMS_TZS_Kummelkobben_20200608_20201120_SF40_ETOH_s1_r1:Otu5,NCBIID,,32443,,,
ARMS_TZS_Kummelkobben_20200608_20201120_SF40_ETOH_s1_r1:Otu5,NCBIScientificName,,Teleostei,,,
ARMS_TZS_Kummelkobben_20200608_20201120_SF40_ETOH_s1_r1:Otu5,NCBITaxonRank,,infraclass,,,
ARMS_TZS_Kummelkobben_20200608_20201120_SF40_ETOH_s1_r1:Otu5,fieldReplicateID,,no replicate,http://vocab.nerc.ac.uk/collection/P01/current/IDSPRE01,,
ARMS_TZS_Kummelkobben_20200608_20201120_SF40_ETOH_s1_r1:Otu5,technicalReplicateID,,,http://vocab.nerc.ac.uk/collection/P01/current/IDTCRE01,,
ARMS_TZS_Kummelkobben_20200608_20201120_SF40_ETOH_s1_r1:Otu2,submergedTime,day,165,http://vocab.nerc.ac.uk/collection/P01/current/AZDRZZ01/,https://vocab.nerc.ac.uk/collection/P06/current/UTAA/,
ARMS_TZS_Kummelkobben_20200608_20201120_SF40_ETOH_s1_r1:Otu2,preservativeUsed,,EtOH,http://vocab.nerc.ac.uk/collection/Q01/current/Q0100004/,,https://pubchem.ncbi.nlm.nih.gov/compound/702
ARMS_TZS_Kummelkobben_20200608_20201120_SF40_ETOH_s1_r1:Otu2,lowerLimitFilterSize,micrometer,40,http://vocab.nerc.ac.uk/collection/Q01/current/Q0100011/,https://vocab.nerc.ac.uk/collection/P06/current/UMIC/,
ARMS_TZS_Kummelkobben_20200608_20201120_SF40_ETOH_s1_r1:Otu2,sampleAccessionNumber,,SAMEA10021004,,,
ARMS_TZS_Kummelkobben_20200608_20201120_SF40_ETOH_s1_r1:Otu2,NCBIID,,7713,,,
ARMS_TZS_Kummelkobben_20200608_20201120_SF40_ETOH_s1_r1:Otu2,NCBIScientificName,,Ascidiacea,,,
ARMS_TZS_Kummelkobben_20200608_20201120_SF40_ETOH_s1_r1:Otu2,NCBITaxonRank,,class,,,
ARMS_TZS_Kummelkobben_20200608_20201120_SF40_ETOH_s1_r1:Otu2,fieldReplicateID,,no replicate,http://vocab.nerc.ac.uk/collection/P01/current/IDSPRE01,,
ARMS_TZS_Kummelkobben_20200608_20201120_SF40_ETOH_s1_r1:Otu2,technicalReplicateID,,,http://vocab.nerc.ac.uk/collection/P01/current/IDTCRE01,,
ARMS_TZS_Kummelkobben_20200608_20201120_SF40_ETOH_s1_r1:Otu1,submergedTime,day,165,http://vocab.nerc.ac.uk/collection/P01/current/AZDRZZ01/,https://vocab.nerc.ac.uk/collection/P06/current/UTAA/,
ARMS_TZS_Kummelkobben_20200608_20201120_SF40_ETOH_s1_r1:Otu1,preservativeUsed,,EtOH,http://vocab.nerc.ac.uk/collection/Q01/current/Q0100004/,,https://pubchem.ncbi.nlm.nih.gov/compound/702
ARMS_TZS_Kummelkobben_20200608_20201120_SF40_ETOH_s1_r1:Otu1,lowerLimitFilterSize,micrometer,40,http://vocab.nerc.ac.uk/collection/Q01/current/Q0100011/,https://vocab.nerc.ac.uk/collection/P06/current/UMIC/,
ARMS_TZS_Kummelkobben_20200608_20201120_SF40_ETOH_s1_r1:Otu1,sampleAccessionNumber,,SAMEA10021004,,,
ARMS_TZS_Kummelkobben_20200608_20201120_SF40_ETOH_s1_r1:Otu1,NCBIID,,6657,,,
ARMS_TZS_Kummelkobben_20200608_20201120_SF40_ETOH_s1_r1:Otu1,NCBIScientificName,,Crustacea,,,
ARMS_TZS_Kummelkobben_20200608_20201120_SF40_ETOH_s1_r1:Otu1,NCBITaxonRank,,subphylum,,,
ARMS_TZS_Kummelkobben_20200608_20201120_SF40_ETOH_s1_r1:Otu1,fieldReplicateID,,no replicate,http://vocab.nerc.ac.uk/collection/P01/current/IDSPRE01,,
ARMS_TZS_Kummelkobben_20200608_20201120_SF40_ETOH_s1_r1:Otu1,technicalReplicateID,,,http://vocab.nerc.ac.uk/collection/P01/current/IDTCRE01,,
ARMS_TZS_Kummelkobben_20200608_20201120_SF40_ETOH_s1_r1:Otu193,submergedTime,day,165,http://vocab.nerc.ac.uk/collection/P01/current/AZDRZZ01/,https://vocab.nerc.ac.uk/collection/P06/current/UTAA/,
ARMS_TZS_Kummelkobben_20200608_20201120_SF40_ETOH_s1_r1:Otu193,preservativeUsed,,EtOH,http://vocab.nerc.ac.uk/collection/Q01/current/Q0100004/,,https://pubchem.ncbi.nlm.nih.gov/compound/702
ARMS_TZS_Kummelkobben_20200608_20201120_SF40_ETOH_s1_r1:Otu193,lowerLimitFilterSize,micrometer,40,http://vocab.nerc.ac.uk/collection/Q01/current/Q0100011/,https://vocab.nerc.ac.uk/collection/P06/current/UMIC/,
ARMS_TZS_Kummelkobben_20200608_20201120_SF40_ETOH_s1_r1:Otu193,sampleAccessionNumber,,SAMEA10021004,,,
ARMS_TZS_Kummelkobben_20200608_20201120_SF40_ETOH_s1_r1:Otu193,NCBIID,,166041,,,
ARMS_TZS_Kummelkobben_20200608_20201120_SF40_ETOH_s1_r1:Otu193,NCBIScientificName,,Cephalothrix,,,
ARMS_TZS_Kummelkobben_20200608_20201120_SF40_ETOH_s1_r1:Otu193,NCBITaxonRank,,genus,,,
ARMS_TZS_Kummelkobben_20200608_20201120_SF40_ETOH_s1_r1:Otu193,fieldReplicateID,,no replicate,http://vocab.nerc.ac.uk/collection/P01/current/IDSPRE01,,
ARMS_TZS_Kummelkobben_20200608_20201120_SF40_ETOH_s1_r1:Otu193,technicalReplicateID,,,http://vocab.nerc.ac.uk/collection/P01/current/IDTCRE01,,
ARMS_TZS_Kummelkobben_20200608_20201120_SF40_ETOH_s1_r1:Otu95,submergedTime,day,165,http://vocab.nerc.ac.uk/collection/P01/current/AZDRZZ01/,https://vocab.nerc.ac.uk/collection/P06/current/UTAA/,
ARMS_TZS_Kummelkobben_20200608_20201120_SF40_ETOH_s1_r1:Otu95,preservativeUsed,,EtOH,http://vocab.nerc.ac.uk/collection/Q01/current/Q0100004/,,https://pubchem.ncbi.nlm.nih.gov/compound/702
ARMS_TZS_Kummelkobben_20200608_20201120_SF40_ETOH_s1_r1:Otu95,lowerLimitFilterSize,micrometer,40,http://vocab.nerc.ac.uk/collection/Q01/current/Q0100011/,https://vocab.nerc.ac.uk/collection/P06/current/UMIC/,
ARMS_TZS_Kummelkobben_20200608_20201120_SF40_ETOH_s1_r1:Otu95,sampleAccessionNumber,,SAMEA10021004,,,
ARMS_TZS_Kummelkobben_20200608_20201120_SF40_ETOH_s1_r1:Otu95,NCBIID,,6340,,,
ARMS_TZS_Kummelkobben_20200608_20201120_SF40_ETOH_s1_r1:Otu95,NCBIScientificName,,Annelida,,,
ARMS_TZS_Kummelkobben_20200608_20201120_SF40_ETOH_s1_r1:Otu95,NCBITaxonRank,,phylum,,,
ARMS_TZS_Kummelkobben_20200608_20201120_SF40_ETOH_s1_r1:Otu95,fieldReplicateID,,no replicate,http://vocab.nerc.ac.uk/collection/P01/current/IDSPRE01,,
ARMS_TZS_Kummelkobben_20200608_20201120_SF40_ETOH_s1_r1:Otu95,technicalReplicateID,,,http://vocab.nerc.ac.uk/collection/P01/current/IDTCRE01,,
ARMS_TZS_Kummelkobben_20200608_20201120_SF40_ETOH_s1_r1:Otu327,submergedTime,day,165,http://vocab.nerc.ac.uk/collection/P01/current/AZDRZZ01/,https://vocab.nerc.ac.uk/collection/P06/current/UTAA/,
ARMS_TZS_Kummelkobben_20200608_20201120_SF40_ETOH_s1_r1:Otu327,preservativeUsed,,EtOH,http://vocab.nerc.ac.uk/collection/Q01/current/Q0100004/,,https://pubchem.ncbi.nlm.nih.gov/compound/702
ARMS_TZS_Kummelkobben_20200608_20201120_SF40_ETOH_s1_r1:Otu327,lowerLimitFilterSize,micrometer,40,http://vocab.nerc.ac.uk/collection/Q01/current/Q0100011/,https://vocab.nerc.ac.uk/collection/P06/current/UMIC/,
ARMS_TZS_Kummelkobben_20200608_20201120_SF40_ETOH_s1_r1:Otu327,sampleAccessionNumber,,SAMEA10021004,,,
ARMS_TZS_Kummelkobben_20200608_20201120_SF40_ETOH_s1_r1:Otu327,NCBIID,,576235,,,
ARMS_TZS_Kummelkobben_20200608_20201120_SF40_ETOH_s1_r1:Otu327,NCBIScientificName,,Thoralus,,,
ARMS_TZS_Kummelkobben_20200608_20201120_SF40_ETOH_s1_r1:Otu327,NCBITaxonRank,,genus,,,
ARMS_TZS_Kummelkobben_20200608_20201120_SF40_ETOH_s1_r1:Otu327,fieldReplicateID,,no replicate,http://vocab.nerc.ac.uk/collection/P01/current/IDSPRE01,,
ARMS_TZS_Kummelkobben_20200608_20201120_SF40_ETOH_s1_r1:Otu327,technicalReplicateID,,,http://vocab.nerc.ac.uk/collection/P01/current/IDTCRE01,,
ARMS_TZS_Kummelkobben_20200608_20201120_SF40_ETOH_s1_r1:Otu18,submergedTime,day,165,http://vocab.nerc.ac.uk/collection/P01/current/AZDRZZ01/,https://vocab.nerc.ac.uk/collection/P06/current/UTAA/,
ARMS_TZS_Kummelkobben_20200608_20201120_SF40_ETOH_s1_r1:Otu18,preservativeUsed,,EtOH,http://vocab.nerc.ac.uk/collection/Q01/current/Q0100004/,,https://pubchem.ncbi.nlm.nih.gov/compound/702
ARMS_TZS_Kummelkobben_20200608_20201120_SF40_ETOH_s1_r1:Otu18,lowerLimitFilterSize,micrometer,40,http://vocab.nerc.ac.uk/collection/Q01/current/Q0100011/,https://vocab.nerc.ac.uk/collection/P06/current/UMIC/,
ARMS_TZS_Kummelkobben_20200608_20201120_SF40_ETOH_s1_r1:Otu18,sampleAccessionNumber,,SAMEA10021004,,,
ARMS_TZS_Kummelkobben_20200608_20201120_SF40_ETOH_s1_r1:Otu18,NCBIID,,6340,,,
ARMS_TZS_Kummelkobben_20200608_20201120_SF40_ETOH_s1_r1:Otu18,NCBIScientificName,,Annelida,,,
ARMS_TZS_Kummelkobben_20200608_20201120_SF40_ETOH_s1_r1:Otu18,NCBITaxonRank,,phylum,,,
ARMS_TZS_Kummelkobben_20200608_20201120_SF40_ETOH_s1_r1:Otu18,fieldReplicateID,,no replicate,http://vocab.nerc.ac.uk/collection/P01/current/IDSPRE01,,
ARMS_TZS_Kummelkobben_20200608_20201120_SF40_ETOH_s1_r1:Otu18,technicalReplicateID,,,http://vocab.nerc.ac.uk/collection/P01/current/IDTCRE01,,
ARMS_TZS_Kummelkobben_20200608_20201120_SF40_ETOH_s1_r1:Otu19,submergedTime,day,165,http://vocab.nerc.ac.uk/collection/P01/current/AZDRZZ01/,https://vocab.nerc.ac.uk/collection/P06/current/UTAA/,
ARMS_TZS_Kummelkobben_20200608_20201120_SF40_ETOH_s1_r1:Otu19,preservativeUsed,,EtOH,http://vocab.nerc.ac.uk/collection/Q01/current/Q0100004/,,https://pubchem.ncbi.nlm.nih.gov/compound/702
ARMS_TZS_Kummelkobben_20200608_20201120_SF40_ETOH_s1_r1:Otu19,lowerLimitFilterSize,micrometer,40,http://vocab.nerc.ac.uk/collection/Q01/current/Q0100011/,https://vocab.nerc.ac.uk/collection/P06/current/UMIC/,
ARMS_TZS_Kummelkobben_20200608_20201120_SF40_ETOH_s1_r1:Otu19,sampleAccessionNumber,,SAMEA10021004,,,
ARMS_TZS_Kummelkobben_20200608_20201120_SF40_ETOH_s1_r1:Otu19,NCBIID,,71176,,,
ARMS_TZS_Kummelkobben_20200608_20201120_SF40_ETOH_s1_r1:Otu19,NCBIScientificName,,Chelyosoma,,,
ARMS_TZS_Kummelkobben_20200608_20201120_SF40_ETOH_s1_r1:Otu19,NCBITaxonRank,,genus,,,
ARMS_TZS_Kummelkobben_20200608_20201120_SF40_ETOH_s1_r1:Otu19,fieldReplicateID,,no replicate,http://vocab.nerc.ac.uk/collection/P01/current/IDSPRE01,,
ARMS_TZS_Kummelkobben_20200608_20201120_SF40_ETOH_s1_r1:Otu19,technicalReplicateID,,,http://vocab.nerc.ac.uk/collection/P01/current/IDTCRE01,,
