occurrenceID,measurementType,measurementUnit,measurementValue,measurementTypeID,measurementUnitID,measurementValueID
ARMS_BelgiumCoast_AJJC81_20200506_20201012_MF100_s1_r1:Otu410,submergedTime,day,159,http://vocab.nerc.ac.uk/collection/P01/current/AZDRZZ01/,https://vocab.nerc.ac.uk/collection/P06/current/UTAA/,
ARMS_BelgiumCoast_AJJC81_20200506_20201012_MF100_s1_r1:Otu410,preservativeUsed,,DMSO,http://vocab.nerc.ac.uk/collection/Q01/current/Q0100004/,,https://pubchem.ncbi.nlm.nih.gov/compound/679
ARMS_BelgiumCoast_AJJC81_20200506_20201012_MF100_s1_r1:Otu410,lowerLimitFilterSize,micrometer,100,http://vocab.nerc.ac.uk/collection/Q01/current/Q0100011/,https://vocab.nerc.ac.uk/collection/P06/current/UMIC/,
ARMS_BelgiumCoast_AJJC81_20200506_20201012_MF100_s1_r1:Otu410,fieldReplicateID,,no replicate,http://vocab.nerc.ac.uk/collection/P01/current/IDSPRE01,,
ARMS_BelgiumCoast_AJJC81_20200506_20201012_MF100_s1_r1:Otu259,submergedTime,day,159,http://vocab.nerc.ac.uk/collection/P01/current/AZDRZZ01/,https://vocab.nerc.ac.uk/collection/P06/current/UTAA/,
ARMS_BelgiumCoast_AJJC81_20200506_20201012_MF100_s1_r1:Otu259,preservativeUsed,,DMSO,http://vocab.nerc.ac.uk/collection/Q01/current/Q0100004/,,https://pubchem.ncbi.nlm.nih.gov/compound/679
ARMS_BelgiumCoast_AJJC81_20200506_20201012_MF100_s1_r1:Otu259,lowerLimitFilterSize,micrometer,100,http://vocab.nerc.ac.uk/collection/Q01/current/Q0100011/,https://vocab.nerc.ac.uk/collection/P06/current/UMIC/,
ARMS_BelgiumCoast_AJJC81_20200506_20201012_MF100_s1_r1:Otu259,fieldReplicateID,,no replicate,http://vocab.nerc.ac.uk/collection/P01/current/IDSPRE01,,
ARMS_BelgiumCoast_AJJC81_20200506_20201012_MF100_s1_r1:Otu25,submergedTime,day,159,http://vocab.nerc.ac.uk/collection/P01/current/AZDRZZ01/,https://vocab.nerc.ac.uk/collection/P06/current/UTAA/,
ARMS_BelgiumCoast_AJJC81_20200506_20201012_MF100_s1_r1:Otu25,preservativeUsed,,DMSO,http://vocab.nerc.ac.uk/collection/Q01/current/Q0100004/,,https://pubchem.ncbi.nlm.nih.gov/compound/679
ARMS_BelgiumCoast_AJJC81_20200506_20201012_MF100_s1_r1:Otu25,lowerLimitFilterSize,micrometer,100,http://vocab.nerc.ac.uk/collection/Q01/current/Q0100011/,https://vocab.nerc.ac.uk/collection/P06/current/UMIC/,
ARMS_BelgiumCoast_AJJC81_20200506_20201012_MF100_s1_r1:Otu25,fieldReplicateID,,no replicate,http://vocab.nerc.ac.uk/collection/P01/current/IDSPRE01,,
ARMS_BelgiumCoast_AJJC81_20200506_20201012_MF100_s1_r1:Otu176,submergedTime,day,159,http://vocab.nerc.ac.uk/collection/P01/current/AZDRZZ01/,https://vocab.nerc.ac.uk/collection/P06/current/UTAA/,
ARMS_BelgiumCoast_AJJC81_20200506_20201012_MF100_s1_r1:Otu176,preservativeUsed,,DMSO,http://vocab.nerc.ac.uk/collection/Q01/current/Q0100004/,,https://pubchem.ncbi.nlm.nih.gov/compound/679
ARMS_BelgiumCoast_AJJC81_20200506_20201012_MF100_s1_r1:Otu176,lowerLimitFilterSize,micrometer,100,http://vocab.nerc.ac.uk/collection/Q01/current/Q0100011/,https://vocab.nerc.ac.uk/collection/P06/current/UMIC/,
ARMS_BelgiumCoast_AJJC81_20200506_20201012_MF100_s1_r1:Otu176,fieldReplicateID,,no replicate,http://vocab.nerc.ac.uk/collection/P01/current/IDSPRE01,,
ARMS_BelgiumCoast_AJJC81_20200506_20201012_MF100_s1_r1:Otu229,submergedTime,day,159,http://vocab.nerc.ac.uk/collection/P01/current/AZDRZZ01/,https://vocab.nerc.ac.uk/collection/P06/current/UTAA/,
ARMS_BelgiumCoast_AJJC81_20200506_20201012_MF100_s1_r1:Otu229,preservativeUsed,,DMSO,http://vocab.nerc.ac.uk/collection/Q01/current/Q0100004/,,https://pubchem.ncbi.nlm.nih.gov/compound/679
ARMS_BelgiumCoast_AJJC81_20200506_20201012_MF100_s1_r1:Otu229,lowerLimitFilterSize,micrometer,100,http://vocab.nerc.ac.uk/collection/Q01/current/Q0100011/,https://vocab.nerc.ac.uk/collection/P06/current/UMIC/,
ARMS_BelgiumCoast_AJJC81_20200506_20201012_MF100_s1_r1:Otu229,fieldReplicateID,,no replicate,http://vocab.nerc.ac.uk/collection/P01/current/IDSPRE01,,
ARMS_BelgiumCoast_AJJC81_20200506_20201012_MF100_s1_r1:Otu350,submergedTime,day,159,http://vocab.nerc.ac.uk/collection/P01/current/AZDRZZ01/,https://vocab.nerc.ac.uk/collection/P06/current/UTAA/,
ARMS_BelgiumCoast_AJJC81_20200506_20201012_MF100_s1_r1:Otu350,preservativeUsed,,DMSO,http://vocab.nerc.ac.uk/collection/Q01/current/Q0100004/,,https://pubchem.ncbi.nlm.nih.gov/compound/679
ARMS_BelgiumCoast_AJJC81_20200506_20201012_MF100_s1_r1:Otu350,lowerLimitFilterSize,micrometer,100,http://vocab.nerc.ac.uk/collection/Q01/current/Q0100011/,https://vocab.nerc.ac.uk/collection/P06/current/UMIC/,
ARMS_BelgiumCoast_AJJC81_20200506_20201012_MF100_s1_r1:Otu350,fieldReplicateID,,no replicate,http://vocab.nerc.ac.uk/collection/P01/current/IDSPRE01,,
ARMS_BelgiumCoast_AJJC81_20200506_20201012_MF100_s1_r1:Otu126,submergedTime,day,159,http://vocab.nerc.ac.uk/collection/P01/current/AZDRZZ01/,https://vocab.nerc.ac.uk/collection/P06/current/UTAA/,
ARMS_BelgiumCoast_AJJC81_20200506_20201012_MF100_s1_r1:Otu126,preservativeUsed,,DMSO,http://vocab.nerc.ac.uk/collection/Q01/current/Q0100004/,,https://pubchem.ncbi.nlm.nih.gov/compound/679
ARMS_BelgiumCoast_AJJC81_20200506_20201012_MF100_s1_r1:Otu126,lowerLimitFilterSize,micrometer,100,http://vocab.nerc.ac.uk/collection/Q01/current/Q0100011/,https://vocab.nerc.ac.uk/collection/P06/current/UMIC/,
ARMS_BelgiumCoast_AJJC81_20200506_20201012_MF100_s1_r1:Otu126,fieldReplicateID,,no replicate,http://vocab.nerc.ac.uk/collection/P01/current/IDSPRE01,,
ARMS_BelgiumCoast_AJJC81_20200506_20201012_MF100_s1_r1:Otu125,submergedTime,day,159,http://vocab.nerc.ac.uk/collection/P01/current/AZDRZZ01/,https://vocab.nerc.ac.uk/collection/P06/current/UTAA/,
ARMS_BelgiumCoast_AJJC81_20200506_20201012_MF100_s1_r1:Otu125,preservativeUsed,,DMSO,http://vocab.nerc.ac.uk/collection/Q01/current/Q0100004/,,https://pubchem.ncbi.nlm.nih.gov/compound/679
ARMS_BelgiumCoast_AJJC81_20200506_20201012_MF100_s1_r1:Otu125,lowerLimitFilterSize,micrometer,100,http://vocab.nerc.ac.uk/collection/Q01/current/Q0100011/,https://vocab.nerc.ac.uk/collection/P06/current/UMIC/,
ARMS_BelgiumCoast_AJJC81_20200506_20201012_MF100_s1_r1:Otu125,fieldReplicateID,,no replicate,http://vocab.nerc.ac.uk/collection/P01/current/IDSPRE01,,
ARMS_BelgiumCoast_AJJC81_20200506_20201012_MF100_s1_r1:Otu60,submergedTime,day,159,http://vocab.nerc.ac.uk/collection/P01/current/AZDRZZ01/,https://vocab.nerc.ac.uk/collection/P06/current/UTAA/,
ARMS_BelgiumCoast_AJJC81_20200506_20201012_MF100_s1_r1:Otu60,preservativeUsed,,DMSO,http://vocab.nerc.ac.uk/collection/Q01/current/Q0100004/,,https://pubchem.ncbi.nlm.nih.gov/compound/679
ARMS_BelgiumCoast_AJJC81_20200506_20201012_MF100_s1_r1:Otu60,lowerLimitFilterSize,micrometer,100,http://vocab.nerc.ac.uk/collection/Q01/current/Q0100011/,https://vocab.nerc.ac.uk/collection/P06/current/UMIC/,
ARMS_BelgiumCoast_AJJC81_20200506_20201012_MF100_s1_r1:Otu60,fieldReplicateID,,no replicate,http://vocab.nerc.ac.uk/collection/P01/current/IDSPRE01,,
ARMS_BelgiumCoast_AJJC81_20200506_20201012_MF100_s1_r1:Otu65,submergedTime,day,159,http://vocab.nerc.ac.uk/collection/P01/current/AZDRZZ01/,https://vocab.nerc.ac.uk/collection/P06/current/UTAA/,
ARMS_BelgiumCoast_AJJC81_20200506_20201012_MF100_s1_r1:Otu65,preservativeUsed,,DMSO,http://vocab.nerc.ac.uk/collection/Q01/current/Q0100004/,,https://pubchem.ncbi.nlm.nih.gov/compound/679
ARMS_BelgiumCoast_AJJC81_20200506_20201012_MF100_s1_r1:Otu65,lowerLimitFilterSize,micrometer,100,http://vocab.nerc.ac.uk/collection/Q01/current/Q0100011/,https://vocab.nerc.ac.uk/collection/P06/current/UMIC/,
ARMS_BelgiumCoast_AJJC81_20200506_20201012_MF100_s1_r1:Otu65,fieldReplicateID,,no replicate,http://vocab.nerc.ac.uk/collection/P01/current/IDSPRE01,,
ARMS_BelgiumCoast_AJJC81_20200506_20201012_MF100_s1_r1:Otu117,submergedTime,day,159,http://vocab.nerc.ac.uk/collection/P01/current/AZDRZZ01/,https://vocab.nerc.ac.uk/collection/P06/current/UTAA/,
ARMS_BelgiumCoast_AJJC81_20200506_20201012_MF100_s1_r1:Otu117,preservativeUsed,,DMSO,http://vocab.nerc.ac.uk/collection/Q01/current/Q0100004/,,https://pubchem.ncbi.nlm.nih.gov/compound/679
ARMS_BelgiumCoast_AJJC81_20200506_20201012_MF100_s1_r1:Otu117,lowerLimitFilterSize,micrometer,100,http://vocab.nerc.ac.uk/collection/Q01/current/Q0100011/,https://vocab.nerc.ac.uk/collection/P06/current/UMIC/,
ARMS_BelgiumCoast_AJJC81_20200506_20201012_MF100_s1_r1:Otu117,fieldReplicateID,,no replicate,http://vocab.nerc.ac.uk/collection/P01/current/IDSPRE01,,
ARMS_BelgiumCoast_AJJC81_20200506_20201012_MF100_s1_r1:Otu110,submergedTime,day,159,http://vocab.nerc.ac.uk/collection/P01/current/AZDRZZ01/,https://vocab.nerc.ac.uk/collection/P06/current/UTAA/,
ARMS_BelgiumCoast_AJJC81_20200506_20201012_MF100_s1_r1:Otu110,preservativeUsed,,DMSO,http://vocab.nerc.ac.uk/collection/Q01/current/Q0100004/,,https://pubchem.ncbi.nlm.nih.gov/compound/679
ARMS_BelgiumCoast_AJJC81_20200506_20201012_MF100_s1_r1:Otu110,lowerLimitFilterSize,micrometer,100,http://vocab.nerc.ac.uk/collection/Q01/current/Q0100011/,https://vocab.nerc.ac.uk/collection/P06/current/UMIC/,
ARMS_BelgiumCoast_AJJC81_20200506_20201012_MF100_s1_r1:Otu110,fieldReplicateID,,no replicate,http://vocab.nerc.ac.uk/collection/P01/current/IDSPRE01,,
ARMS_BelgiumCoast_AJJC81_20200506_20201012_MF100_s1_r1:Otu111,submergedTime,day,159,http://vocab.nerc.ac.uk/collection/P01/current/AZDRZZ01/,https://vocab.nerc.ac.uk/collection/P06/current/UTAA/,
ARMS_BelgiumCoast_AJJC81_20200506_20201012_MF100_s1_r1:Otu111,preservativeUsed,,DMSO,http://vocab.nerc.ac.uk/collection/Q01/current/Q0100004/,,https://pubchem.ncbi.nlm.nih.gov/compound/679
ARMS_BelgiumCoast_AJJC81_20200506_20201012_MF100_s1_r1:Otu111,lowerLimitFilterSize,micrometer,100,http://vocab.nerc.ac.uk/collection/Q01/current/Q0100011/,https://vocab.nerc.ac.uk/collection/P06/current/UMIC/,
ARMS_BelgiumCoast_AJJC81_20200506_20201012_MF100_s1_r1:Otu111,fieldReplicateID,,no replicate,http://vocab.nerc.ac.uk/collection/P01/current/IDSPRE01,,
ARMS_BelgiumCoast_AJJC81_20200506_20201012_MF100_s1_r1:Otu118,submergedTime,day,159,http://vocab.nerc.ac.uk/collection/P01/current/AZDRZZ01/,https://vocab.nerc.ac.uk/collection/P06/current/UTAA/,
ARMS_BelgiumCoast_AJJC81_20200506_20201012_MF100_s1_r1:Otu118,preservativeUsed,,DMSO,http://vocab.nerc.ac.uk/collection/Q01/current/Q0100004/,,https://pubchem.ncbi.nlm.nih.gov/compound/679
ARMS_BelgiumCoast_AJJC81_20200506_20201012_MF100_s1_r1:Otu118,lowerLimitFilterSize,micrometer,100,http://vocab.nerc.ac.uk/collection/Q01/current/Q0100011/,https://vocab.nerc.ac.uk/collection/P06/current/UMIC/,
ARMS_BelgiumCoast_AJJC81_20200506_20201012_MF100_s1_r1:Otu118,fieldReplicateID,,no replicate,http://vocab.nerc.ac.uk/collection/P01/current/IDSPRE01,,
ARMS_BelgiumCoast_AJJC81_20200506_20201012_MF100_s1_r1:Otu119,submergedTime,day,159,http://vocab.nerc.ac.uk/collection/P01/current/AZDRZZ01/,https://vocab.nerc.ac.uk/collection/P06/current/UTAA/,
ARMS_BelgiumCoast_AJJC81_20200506_20201012_MF100_s1_r1:Otu119,preservativeUsed,,DMSO,http://vocab.nerc.ac.uk/collection/Q01/current/Q0100004/,,https://pubchem.ncbi.nlm.nih.gov/compound/679
ARMS_BelgiumCoast_AJJC81_20200506_20201012_MF100_s1_r1:Otu119,lowerLimitFilterSize,micrometer,100,http://vocab.nerc.ac.uk/collection/Q01/current/Q0100011/,https://vocab.nerc.ac.uk/collection/P06/current/UMIC/,
ARMS_BelgiumCoast_AJJC81_20200506_20201012_MF100_s1_r1:Otu119,fieldReplicateID,,no replicate,http://vocab.nerc.ac.uk/collection/P01/current/IDSPRE01,,
ARMS_BelgiumCoast_AJJC81_20200506_20201012_MF100_s1_r1:Otu38,submergedTime,day,159,http://vocab.nerc.ac.uk/collection/P01/current/AZDRZZ01/,https://vocab.nerc.ac.uk/collection/P06/current/UTAA/,
ARMS_BelgiumCoast_AJJC81_20200506_20201012_MF100_s1_r1:Otu38,preservativeUsed,,DMSO,http://vocab.nerc.ac.uk/collection/Q01/current/Q0100004/,,https://pubchem.ncbi.nlm.nih.gov/compound/679
ARMS_BelgiumCoast_AJJC81_20200506_20201012_MF100_s1_r1:Otu38,lowerLimitFilterSize,micrometer,100,http://vocab.nerc.ac.uk/collection/Q01/current/Q0100011/,https://vocab.nerc.ac.uk/collection/P06/current/UMIC/,
ARMS_BelgiumCoast_AJJC81_20200506_20201012_MF100_s1_r1:Otu38,fieldReplicateID,,no replicate,http://vocab.nerc.ac.uk/collection/P01/current/IDSPRE01,,
ARMS_BelgiumCoast_AJJC81_20200506_20201012_MF100_s1_r1:Otu83,submergedTime,day,159,http://vocab.nerc.ac.uk/collection/P01/current/AZDRZZ01/,https://vocab.nerc.ac.uk/collection/P06/current/UTAA/,
ARMS_BelgiumCoast_AJJC81_20200506_20201012_MF100_s1_r1:Otu83,preservativeUsed,,DMSO,http://vocab.nerc.ac.uk/collection/Q01/current/Q0100004/,,https://pubchem.ncbi.nlm.nih.gov/compound/679
ARMS_BelgiumCoast_AJJC81_20200506_20201012_MF100_s1_r1:Otu83,lowerLimitFilterSize,micrometer,100,http://vocab.nerc.ac.uk/collection/Q01/current/Q0100011/,https://vocab.nerc.ac.uk/collection/P06/current/UMIC/,
ARMS_BelgiumCoast_AJJC81_20200506_20201012_MF100_s1_r1:Otu83,fieldReplicateID,,no replicate,http://vocab.nerc.ac.uk/collection/P01/current/IDSPRE01,,
ARMS_BelgiumCoast_AJJC81_20200506_20201012_MF100_s1_r1:Otu82,submergedTime,day,159,http://vocab.nerc.ac.uk/collection/P01/current/AZDRZZ01/,https://vocab.nerc.ac.uk/collection/P06/current/UTAA/,
ARMS_BelgiumCoast_AJJC81_20200506_20201012_MF100_s1_r1:Otu82,preservativeUsed,,DMSO,http://vocab.nerc.ac.uk/collection/Q01/current/Q0100004/,,https://pubchem.ncbi.nlm.nih.gov/compound/679
ARMS_BelgiumCoast_AJJC81_20200506_20201012_MF100_s1_r1:Otu82,lowerLimitFilterSize,micrometer,100,http://vocab.nerc.ac.uk/collection/Q01/current/Q0100011/,https://vocab.nerc.ac.uk/collection/P06/current/UMIC/,
ARMS_BelgiumCoast_AJJC81_20200506_20201012_MF100_s1_r1:Otu82,fieldReplicateID,,no replicate,http://vocab.nerc.ac.uk/collection/P01/current/IDSPRE01,,
ARMS_BelgiumCoast_AJJC81_20200506_20201012_MF100_s1_r1:Otu87,submergedTime,day,159,http://vocab.nerc.ac.uk/collection/P01/current/AZDRZZ01/,https://vocab.nerc.ac.uk/collection/P06/current/UTAA/,
ARMS_BelgiumCoast_AJJC81_20200506_20201012_MF100_s1_r1:Otu87,preservativeUsed,,DMSO,http://vocab.nerc.ac.uk/collection/Q01/current/Q0100004/,,https://pubchem.ncbi.nlm.nih.gov/compound/679
ARMS_BelgiumCoast_AJJC81_20200506_20201012_MF100_s1_r1:Otu87,lowerLimitFilterSize,micrometer,100,http://vocab.nerc.ac.uk/collection/Q01/current/Q0100011/,https://vocab.nerc.ac.uk/collection/P06/current/UMIC/,
ARMS_BelgiumCoast_AJJC81_20200506_20201012_MF100_s1_r1:Otu87,fieldReplicateID,,no replicate,http://vocab.nerc.ac.uk/collection/P01/current/IDSPRE01,,
ARMS_BelgiumCoast_AJJC81_20200506_20201012_MF100_s1_r1:Otu86,submergedTime,day,159,http://vocab.nerc.ac.uk/collection/P01/current/AZDRZZ01/,https://vocab.nerc.ac.uk/collection/P06/current/UTAA/,
ARMS_BelgiumCoast_AJJC81_20200506_20201012_MF100_s1_r1:Otu86,preservativeUsed,,DMSO,http://vocab.nerc.ac.uk/collection/Q01/current/Q0100004/,,https://pubchem.ncbi.nlm.nih.gov/compound/679
ARMS_BelgiumCoast_AJJC81_20200506_20201012_MF100_s1_r1:Otu86,lowerLimitFilterSize,micrometer,100,http://vocab.nerc.ac.uk/collection/Q01/current/Q0100011/,https://vocab.nerc.ac.uk/collection/P06/current/UMIC/,
ARMS_BelgiumCoast_AJJC81_20200506_20201012_MF100_s1_r1:Otu86,fieldReplicateID,,no replicate,http://vocab.nerc.ac.uk/collection/P01/current/IDSPRE01,,
ARMS_BelgiumCoast_AJJC81_20200506_20201012_MF100_s1_r1:Otu89,submergedTime,day,159,http://vocab.nerc.ac.uk/collection/P01/current/AZDRZZ01/,https://vocab.nerc.ac.uk/collection/P06/current/UTAA/,
ARMS_BelgiumCoast_AJJC81_20200506_20201012_MF100_s1_r1:Otu89,preservativeUsed,,DMSO,http://vocab.nerc.ac.uk/collection/Q01/current/Q0100004/,,https://pubchem.ncbi.nlm.nih.gov/compound/679
ARMS_BelgiumCoast_AJJC81_20200506_20201012_MF100_s1_r1:Otu89,lowerLimitFilterSize,micrometer,100,http://vocab.nerc.ac.uk/collection/Q01/current/Q0100011/,https://vocab.nerc.ac.uk/collection/P06/current/UMIC/,
ARMS_BelgiumCoast_AJJC81_20200506_20201012_MF100_s1_r1:Otu89,fieldReplicateID,,no replicate,http://vocab.nerc.ac.uk/collection/P01/current/IDSPRE01,,
ARMS_BelgiumCoast_AJJC81_20200506_20201012_MF100_s1_r1:Otu349,submergedTime,day,159,http://vocab.nerc.ac.uk/collection/P01/current/AZDRZZ01/,https://vocab.nerc.ac.uk/collection/P06/current/UTAA/,
ARMS_BelgiumCoast_AJJC81_20200506_20201012_MF100_s1_r1:Otu349,preservativeUsed,,DMSO,http://vocab.nerc.ac.uk/collection/Q01/current/Q0100004/,,https://pubchem.ncbi.nlm.nih.gov/compound/679
ARMS_BelgiumCoast_AJJC81_20200506_20201012_MF100_s1_r1:Otu349,lowerLimitFilterSize,micrometer,100,http://vocab.nerc.ac.uk/collection/Q01/current/Q0100011/,https://vocab.nerc.ac.uk/collection/P06/current/UMIC/,
ARMS_BelgiumCoast_AJJC81_20200506_20201012_MF100_s1_r1:Otu349,fieldReplicateID,,no replicate,http://vocab.nerc.ac.uk/collection/P01/current/IDSPRE01,,
ARMS_BelgiumCoast_AJJC81_20200506_20201012_MF100_s1_r1:Otu71,submergedTime,day,159,http://vocab.nerc.ac.uk/collection/P01/current/AZDRZZ01/,https://vocab.nerc.ac.uk/collection/P06/current/UTAA/,
ARMS_BelgiumCoast_AJJC81_20200506_20201012_MF100_s1_r1:Otu71,preservativeUsed,,DMSO,http://vocab.nerc.ac.uk/collection/Q01/current/Q0100004/,,https://pubchem.ncbi.nlm.nih.gov/compound/679
ARMS_BelgiumCoast_AJJC81_20200506_20201012_MF100_s1_r1:Otu71,lowerLimitFilterSize,micrometer,100,http://vocab.nerc.ac.uk/collection/Q01/current/Q0100011/,https://vocab.nerc.ac.uk/collection/P06/current/UMIC/,
ARMS_BelgiumCoast_AJJC81_20200506_20201012_MF100_s1_r1:Otu71,fieldReplicateID,,no replicate,http://vocab.nerc.ac.uk/collection/P01/current/IDSPRE01,,
ARMS_BelgiumCoast_AJJC81_20200506_20201012_MF100_s1_r1:Otu76,submergedTime,day,159,http://vocab.nerc.ac.uk/collection/P01/current/AZDRZZ01/,https://vocab.nerc.ac.uk/collection/P06/current/UTAA/,
ARMS_BelgiumCoast_AJJC81_20200506_20201012_MF100_s1_r1:Otu76,preservativeUsed,,DMSO,http://vocab.nerc.ac.uk/collection/Q01/current/Q0100004/,,https://pubchem.ncbi.nlm.nih.gov/compound/679
ARMS_BelgiumCoast_AJJC81_20200506_20201012_MF100_s1_r1:Otu76,lowerLimitFilterSize,micrometer,100,http://vocab.nerc.ac.uk/collection/Q01/current/Q0100011/,https://vocab.nerc.ac.uk/collection/P06/current/UMIC/,
ARMS_BelgiumCoast_AJJC81_20200506_20201012_MF100_s1_r1:Otu76,fieldReplicateID,,no replicate,http://vocab.nerc.ac.uk/collection/P01/current/IDSPRE01,,
ARMS_BelgiumCoast_AJJC81_20200506_20201012_MF100_s1_r1:Otu74,submergedTime,day,159,http://vocab.nerc.ac.uk/collection/P01/current/AZDRZZ01/,https://vocab.nerc.ac.uk/collection/P06/current/UTAA/,
ARMS_BelgiumCoast_AJJC81_20200506_20201012_MF100_s1_r1:Otu74,preservativeUsed,,DMSO,http://vocab.nerc.ac.uk/collection/Q01/current/Q0100004/,,https://pubchem.ncbi.nlm.nih.gov/compound/679
ARMS_BelgiumCoast_AJJC81_20200506_20201012_MF100_s1_r1:Otu74,lowerLimitFilterSize,micrometer,100,http://vocab.nerc.ac.uk/collection/Q01/current/Q0100011/,https://vocab.nerc.ac.uk/collection/P06/current/UMIC/,
ARMS_BelgiumCoast_AJJC81_20200506_20201012_MF100_s1_r1:Otu74,fieldReplicateID,,no replicate,http://vocab.nerc.ac.uk/collection/P01/current/IDSPRE01,,
ARMS_BelgiumCoast_AJJC81_20200506_20201012_MF100_s1_r1:Otu9,submergedTime,day,159,http://vocab.nerc.ac.uk/collection/P01/current/AZDRZZ01/,https://vocab.nerc.ac.uk/collection/P06/current/UTAA/,
ARMS_BelgiumCoast_AJJC81_20200506_20201012_MF100_s1_r1:Otu9,preservativeUsed,,DMSO,http://vocab.nerc.ac.uk/collection/Q01/current/Q0100004/,,https://pubchem.ncbi.nlm.nih.gov/compound/679
ARMS_BelgiumCoast_AJJC81_20200506_20201012_MF100_s1_r1:Otu9,lowerLimitFilterSize,micrometer,100,http://vocab.nerc.ac.uk/collection/Q01/current/Q0100011/,https://vocab.nerc.ac.uk/collection/P06/current/UMIC/,
ARMS_BelgiumCoast_AJJC81_20200506_20201012_MF100_s1_r1:Otu9,fieldReplicateID,,no replicate,http://vocab.nerc.ac.uk/collection/P01/current/IDSPRE01,,
ARMS_BelgiumCoast_AJJC81_20200506_20201012_MF100_s1_r1:Otu6,submergedTime,day,159,http://vocab.nerc.ac.uk/collection/P01/current/AZDRZZ01/,https://vocab.nerc.ac.uk/collection/P06/current/UTAA/,
ARMS_BelgiumCoast_AJJC81_20200506_20201012_MF100_s1_r1:Otu6,preservativeUsed,,DMSO,http://vocab.nerc.ac.uk/collection/Q01/current/Q0100004/,,https://pubchem.ncbi.nlm.nih.gov/compound/679
ARMS_BelgiumCoast_AJJC81_20200506_20201012_MF100_s1_r1:Otu6,lowerLimitFilterSize,micrometer,100,http://vocab.nerc.ac.uk/collection/Q01/current/Q0100011/,https://vocab.nerc.ac.uk/collection/P06/current/UMIC/,
ARMS_BelgiumCoast_AJJC81_20200506_20201012_MF100_s1_r1:Otu6,fieldReplicateID,,no replicate,http://vocab.nerc.ac.uk/collection/P01/current/IDSPRE01,,
ARMS_BelgiumCoast_AJJC81_20200506_20201012_MF100_s1_r1:Otu4,submergedTime,day,159,http://vocab.nerc.ac.uk/collection/P01/current/AZDRZZ01/,https://vocab.nerc.ac.uk/collection/P06/current/UTAA/,
ARMS_BelgiumCoast_AJJC81_20200506_20201012_MF100_s1_r1:Otu4,preservativeUsed,,DMSO,http://vocab.nerc.ac.uk/collection/Q01/current/Q0100004/,,https://pubchem.ncbi.nlm.nih.gov/compound/679
ARMS_BelgiumCoast_AJJC81_20200506_20201012_MF100_s1_r1:Otu4,lowerLimitFilterSize,micrometer,100,http://vocab.nerc.ac.uk/collection/Q01/current/Q0100011/,https://vocab.nerc.ac.uk/collection/P06/current/UMIC/,
ARMS_BelgiumCoast_AJJC81_20200506_20201012_MF100_s1_r1:Otu4,fieldReplicateID,,no replicate,http://vocab.nerc.ac.uk/collection/P01/current/IDSPRE01,,
ARMS_BelgiumCoast_AJJC81_20200506_20201012_MF100_s1_r1:Otu3,submergedTime,day,159,http://vocab.nerc.ac.uk/collection/P01/current/AZDRZZ01/,https://vocab.nerc.ac.uk/collection/P06/current/UTAA/,
ARMS_BelgiumCoast_AJJC81_20200506_20201012_MF100_s1_r1:Otu3,preservativeUsed,,DMSO,http://vocab.nerc.ac.uk/collection/Q01/current/Q0100004/,,https://pubchem.ncbi.nlm.nih.gov/compound/679
ARMS_BelgiumCoast_AJJC81_20200506_20201012_MF100_s1_r1:Otu3,lowerLimitFilterSize,micrometer,100,http://vocab.nerc.ac.uk/collection/Q01/current/Q0100011/,https://vocab.nerc.ac.uk/collection/P06/current/UMIC/,
ARMS_BelgiumCoast_AJJC81_20200506_20201012_MF100_s1_r1:Otu3,fieldReplicateID,,no replicate,http://vocab.nerc.ac.uk/collection/P01/current/IDSPRE01,,
ARMS_BelgiumCoast_AJJC81_20200506_20201012_MF100_s1_r1:Otu206,submergedTime,day,159,http://vocab.nerc.ac.uk/collection/P01/current/AZDRZZ01/,https://vocab.nerc.ac.uk/collection/P06/current/UTAA/,
ARMS_BelgiumCoast_AJJC81_20200506_20201012_MF100_s1_r1:Otu206,preservativeUsed,,DMSO,http://vocab.nerc.ac.uk/collection/Q01/current/Q0100004/,,https://pubchem.ncbi.nlm.nih.gov/compound/679
ARMS_BelgiumCoast_AJJC81_20200506_20201012_MF100_s1_r1:Otu206,lowerLimitFilterSize,micrometer,100,http://vocab.nerc.ac.uk/collection/Q01/current/Q0100011/,https://vocab.nerc.ac.uk/collection/P06/current/UMIC/,
ARMS_BelgiumCoast_AJJC81_20200506_20201012_MF100_s1_r1:Otu206,fieldReplicateID,,no replicate,http://vocab.nerc.ac.uk/collection/P01/current/IDSPRE01,,
ARMS_BelgiumCoast_AJJC81_20200506_20201012_MF100_s1_r1:Otu204,submergedTime,day,159,http://vocab.nerc.ac.uk/collection/P01/current/AZDRZZ01/,https://vocab.nerc.ac.uk/collection/P06/current/UTAA/,
ARMS_BelgiumCoast_AJJC81_20200506_20201012_MF100_s1_r1:Otu204,preservativeUsed,,DMSO,http://vocab.nerc.ac.uk/collection/Q01/current/Q0100004/,,https://pubchem.ncbi.nlm.nih.gov/compound/679
ARMS_BelgiumCoast_AJJC81_20200506_20201012_MF100_s1_r1:Otu204,lowerLimitFilterSize,micrometer,100,http://vocab.nerc.ac.uk/collection/Q01/current/Q0100011/,https://vocab.nerc.ac.uk/collection/P06/current/UMIC/,
ARMS_BelgiumCoast_AJJC81_20200506_20201012_MF100_s1_r1:Otu204,fieldReplicateID,,no replicate,http://vocab.nerc.ac.uk/collection/P01/current/IDSPRE01,,
ARMS_BelgiumCoast_AJJC81_20200506_20201012_MF100_s1_r1:Otu106,submergedTime,day,159,http://vocab.nerc.ac.uk/collection/P01/current/AZDRZZ01/,https://vocab.nerc.ac.uk/collection/P06/current/UTAA/,
ARMS_BelgiumCoast_AJJC81_20200506_20201012_MF100_s1_r1:Otu106,preservativeUsed,,DMSO,http://vocab.nerc.ac.uk/collection/Q01/current/Q0100004/,,https://pubchem.ncbi.nlm.nih.gov/compound/679
ARMS_BelgiumCoast_AJJC81_20200506_20201012_MF100_s1_r1:Otu106,lowerLimitFilterSize,micrometer,100,http://vocab.nerc.ac.uk/collection/Q01/current/Q0100011/,https://vocab.nerc.ac.uk/collection/P06/current/UMIC/,
ARMS_BelgiumCoast_AJJC81_20200506_20201012_MF100_s1_r1:Otu106,fieldReplicateID,,no replicate,http://vocab.nerc.ac.uk/collection/P01/current/IDSPRE01,,
ARMS_BelgiumCoast_AJJC81_20200506_20201012_MF100_s1_r1:Otu100,submergedTime,day,159,http://vocab.nerc.ac.uk/collection/P01/current/AZDRZZ01/,https://vocab.nerc.ac.uk/collection/P06/current/UTAA/,
ARMS_BelgiumCoast_AJJC81_20200506_20201012_MF100_s1_r1:Otu100,preservativeUsed,,DMSO,http://vocab.nerc.ac.uk/collection/Q01/current/Q0100004/,,https://pubchem.ncbi.nlm.nih.gov/compound/679
ARMS_BelgiumCoast_AJJC81_20200506_20201012_MF100_s1_r1:Otu100,lowerLimitFilterSize,micrometer,100,http://vocab.nerc.ac.uk/collection/Q01/current/Q0100011/,https://vocab.nerc.ac.uk/collection/P06/current/UMIC/,
ARMS_BelgiumCoast_AJJC81_20200506_20201012_MF100_s1_r1:Otu100,fieldReplicateID,,no replicate,http://vocab.nerc.ac.uk/collection/P01/current/IDSPRE01,,
ARMS_BelgiumCoast_AJJC81_20200506_20201012_MF100_s1_r1:Otu192,submergedTime,day,159,http://vocab.nerc.ac.uk/collection/P01/current/AZDRZZ01/,https://vocab.nerc.ac.uk/collection/P06/current/UTAA/,
ARMS_BelgiumCoast_AJJC81_20200506_20201012_MF100_s1_r1:Otu192,preservativeUsed,,DMSO,http://vocab.nerc.ac.uk/collection/Q01/current/Q0100004/,,https://pubchem.ncbi.nlm.nih.gov/compound/679
ARMS_BelgiumCoast_AJJC81_20200506_20201012_MF100_s1_r1:Otu192,lowerLimitFilterSize,micrometer,100,http://vocab.nerc.ac.uk/collection/Q01/current/Q0100011/,https://vocab.nerc.ac.uk/collection/P06/current/UMIC/,
ARMS_BelgiumCoast_AJJC81_20200506_20201012_MF100_s1_r1:Otu192,fieldReplicateID,,no replicate,http://vocab.nerc.ac.uk/collection/P01/current/IDSPRE01,,
ARMS_BelgiumCoast_AJJC81_20200506_20201012_MF100_s1_r1:Otu191,submergedTime,day,159,http://vocab.nerc.ac.uk/collection/P01/current/AZDRZZ01/,https://vocab.nerc.ac.uk/collection/P06/current/UTAA/,
ARMS_BelgiumCoast_AJJC81_20200506_20201012_MF100_s1_r1:Otu191,preservativeUsed,,DMSO,http://vocab.nerc.ac.uk/collection/Q01/current/Q0100004/,,https://pubchem.ncbi.nlm.nih.gov/compound/679
ARMS_BelgiumCoast_AJJC81_20200506_20201012_MF100_s1_r1:Otu191,lowerLimitFilterSize,micrometer,100,http://vocab.nerc.ac.uk/collection/Q01/current/Q0100011/,https://vocab.nerc.ac.uk/collection/P06/current/UMIC/,
ARMS_BelgiumCoast_AJJC81_20200506_20201012_MF100_s1_r1:Otu191,fieldReplicateID,,no replicate,http://vocab.nerc.ac.uk/collection/P01/current/IDSPRE01,,
ARMS_BelgiumCoast_AJJC81_20200506_20201012_MF100_s1_r1:Otu98,submergedTime,day,159,http://vocab.nerc.ac.uk/collection/P01/current/AZDRZZ01/,https://vocab.nerc.ac.uk/collection/P06/current/UTAA/,
ARMS_BelgiumCoast_AJJC81_20200506_20201012_MF100_s1_r1:Otu98,preservativeUsed,,DMSO,http://vocab.nerc.ac.uk/collection/Q01/current/Q0100004/,,https://pubchem.ncbi.nlm.nih.gov/compound/679
ARMS_BelgiumCoast_AJJC81_20200506_20201012_MF100_s1_r1:Otu98,lowerLimitFilterSize,micrometer,100,http://vocab.nerc.ac.uk/collection/Q01/current/Q0100011/,https://vocab.nerc.ac.uk/collection/P06/current/UMIC/,
ARMS_BelgiumCoast_AJJC81_20200506_20201012_MF100_s1_r1:Otu98,fieldReplicateID,,no replicate,http://vocab.nerc.ac.uk/collection/P01/current/IDSPRE01,,
ARMS_BelgiumCoast_AJJC81_20200506_20201012_MF100_s1_r1:Otu99,submergedTime,day,159,http://vocab.nerc.ac.uk/collection/P01/current/AZDRZZ01/,https://vocab.nerc.ac.uk/collection/P06/current/UTAA/,
ARMS_BelgiumCoast_AJJC81_20200506_20201012_MF100_s1_r1:Otu99,preservativeUsed,,DMSO,http://vocab.nerc.ac.uk/collection/Q01/current/Q0100004/,,https://pubchem.ncbi.nlm.nih.gov/compound/679
ARMS_BelgiumCoast_AJJC81_20200506_20201012_MF100_s1_r1:Otu99,lowerLimitFilterSize,micrometer,100,http://vocab.nerc.ac.uk/collection/Q01/current/Q0100011/,https://vocab.nerc.ac.uk/collection/P06/current/UMIC/,
ARMS_BelgiumCoast_AJJC81_20200506_20201012_MF100_s1_r1:Otu99,fieldReplicateID,,no replicate,http://vocab.nerc.ac.uk/collection/P01/current/IDSPRE01,,
ARMS_BelgiumCoast_AJJC81_20200506_20201012_MF100_s1_r1:Otu94,submergedTime,day,159,http://vocab.nerc.ac.uk/collection/P01/current/AZDRZZ01/,https://vocab.nerc.ac.uk/collection/P06/current/UTAA/,
ARMS_BelgiumCoast_AJJC81_20200506_20201012_MF100_s1_r1:Otu94,preservativeUsed,,DMSO,http://vocab.nerc.ac.uk/collection/Q01/current/Q0100004/,,https://pubchem.ncbi.nlm.nih.gov/compound/679
ARMS_BelgiumCoast_AJJC81_20200506_20201012_MF100_s1_r1:Otu94,lowerLimitFilterSize,micrometer,100,http://vocab.nerc.ac.uk/collection/Q01/current/Q0100011/,https://vocab.nerc.ac.uk/collection/P06/current/UMIC/,
ARMS_BelgiumCoast_AJJC81_20200506_20201012_MF100_s1_r1:Otu94,fieldReplicateID,,no replicate,http://vocab.nerc.ac.uk/collection/P01/current/IDSPRE01,,
ARMS_BelgiumCoast_AJJC81_20200506_20201012_MF100_s1_r1:Otu149,submergedTime,day,159,http://vocab.nerc.ac.uk/collection/P01/current/AZDRZZ01/,https://vocab.nerc.ac.uk/collection/P06/current/UTAA/,
ARMS_BelgiumCoast_AJJC81_20200506_20201012_MF100_s1_r1:Otu149,preservativeUsed,,DMSO,http://vocab.nerc.ac.uk/collection/Q01/current/Q0100004/,,https://pubchem.ncbi.nlm.nih.gov/compound/679
ARMS_BelgiumCoast_AJJC81_20200506_20201012_MF100_s1_r1:Otu149,lowerLimitFilterSize,micrometer,100,http://vocab.nerc.ac.uk/collection/Q01/current/Q0100011/,https://vocab.nerc.ac.uk/collection/P06/current/UMIC/,
ARMS_BelgiumCoast_AJJC81_20200506_20201012_MF100_s1_r1:Otu149,fieldReplicateID,,no replicate,http://vocab.nerc.ac.uk/collection/P01/current/IDSPRE01,,
ARMS_BelgiumCoast_AJJC81_20200506_20201012_MF100_s1_r1:Otu141,submergedTime,day,159,http://vocab.nerc.ac.uk/collection/P01/current/AZDRZZ01/,https://vocab.nerc.ac.uk/collection/P06/current/UTAA/,
ARMS_BelgiumCoast_AJJC81_20200506_20201012_MF100_s1_r1:Otu141,preservativeUsed,,DMSO,http://vocab.nerc.ac.uk/collection/Q01/current/Q0100004/,,https://pubchem.ncbi.nlm.nih.gov/compound/679
ARMS_BelgiumCoast_AJJC81_20200506_20201012_MF100_s1_r1:Otu141,lowerLimitFilterSize,micrometer,100,http://vocab.nerc.ac.uk/collection/Q01/current/Q0100011/,https://vocab.nerc.ac.uk/collection/P06/current/UMIC/,
ARMS_BelgiumCoast_AJJC81_20200506_20201012_MF100_s1_r1:Otu141,fieldReplicateID,,no replicate,http://vocab.nerc.ac.uk/collection/P01/current/IDSPRE01,,
ARMS_BelgiumCoast_AJJC81_20200506_20201012_MF100_s1_r1:Otu140,submergedTime,day,159,http://vocab.nerc.ac.uk/collection/P01/current/AZDRZZ01/,https://vocab.nerc.ac.uk/collection/P06/current/UTAA/,
ARMS_BelgiumCoast_AJJC81_20200506_20201012_MF100_s1_r1:Otu140,preservativeUsed,,DMSO,http://vocab.nerc.ac.uk/collection/Q01/current/Q0100004/,,https://pubchem.ncbi.nlm.nih.gov/compound/679
ARMS_BelgiumCoast_AJJC81_20200506_20201012_MF100_s1_r1:Otu140,lowerLimitFilterSize,micrometer,100,http://vocab.nerc.ac.uk/collection/Q01/current/Q0100011/,https://vocab.nerc.ac.uk/collection/P06/current/UMIC/,
ARMS_BelgiumCoast_AJJC81_20200506_20201012_MF100_s1_r1:Otu140,fieldReplicateID,,no replicate,http://vocab.nerc.ac.uk/collection/P01/current/IDSPRE01,,
ARMS_BelgiumCoast_AJJC81_20200506_20201012_MF100_s1_r1:Otu136,submergedTime,day,159,http://vocab.nerc.ac.uk/collection/P01/current/AZDRZZ01/,https://vocab.nerc.ac.uk/collection/P06/current/UTAA/,
ARMS_BelgiumCoast_AJJC81_20200506_20201012_MF100_s1_r1:Otu136,preservativeUsed,,DMSO,http://vocab.nerc.ac.uk/collection/Q01/current/Q0100004/,,https://pubchem.ncbi.nlm.nih.gov/compound/679
ARMS_BelgiumCoast_AJJC81_20200506_20201012_MF100_s1_r1:Otu136,lowerLimitFilterSize,micrometer,100,http://vocab.nerc.ac.uk/collection/Q01/current/Q0100011/,https://vocab.nerc.ac.uk/collection/P06/current/UMIC/,
ARMS_BelgiumCoast_AJJC81_20200506_20201012_MF100_s1_r1:Otu136,fieldReplicateID,,no replicate,http://vocab.nerc.ac.uk/collection/P01/current/IDSPRE01,,
ARMS_BelgiumCoast_AJJC81_20200506_20201012_MF100_s1_r1:Otu17,submergedTime,day,159,http://vocab.nerc.ac.uk/collection/P01/current/AZDRZZ01/,https://vocab.nerc.ac.uk/collection/P06/current/UTAA/,
ARMS_BelgiumCoast_AJJC81_20200506_20201012_MF100_s1_r1:Otu17,preservativeUsed,,DMSO,http://vocab.nerc.ac.uk/collection/Q01/current/Q0100004/,,https://pubchem.ncbi.nlm.nih.gov/compound/679
ARMS_BelgiumCoast_AJJC81_20200506_20201012_MF100_s1_r1:Otu17,lowerLimitFilterSize,micrometer,100,http://vocab.nerc.ac.uk/collection/Q01/current/Q0100011/,https://vocab.nerc.ac.uk/collection/P06/current/UMIC/,
ARMS_BelgiumCoast_AJJC81_20200506_20201012_MF100_s1_r1:Otu17,fieldReplicateID,,no replicate,http://vocab.nerc.ac.uk/collection/P01/current/IDSPRE01,,
ARMS_BelgiumCoast_AJJC81_20200506_20201012_MF100_s1_r1:Otu10,submergedTime,day,159,http://vocab.nerc.ac.uk/collection/P01/current/AZDRZZ01/,https://vocab.nerc.ac.uk/collection/P06/current/UTAA/,
ARMS_BelgiumCoast_AJJC81_20200506_20201012_MF100_s1_r1:Otu10,preservativeUsed,,DMSO,http://vocab.nerc.ac.uk/collection/Q01/current/Q0100004/,,https://pubchem.ncbi.nlm.nih.gov/compound/679
ARMS_BelgiumCoast_AJJC81_20200506_20201012_MF100_s1_r1:Otu10,lowerLimitFilterSize,micrometer,100,http://vocab.nerc.ac.uk/collection/Q01/current/Q0100011/,https://vocab.nerc.ac.uk/collection/P06/current/UMIC/,
ARMS_BelgiumCoast_AJJC81_20200506_20201012_MF100_s1_r1:Otu10,fieldReplicateID,,no replicate,http://vocab.nerc.ac.uk/collection/P01/current/IDSPRE01,,
ARMS_BelgiumCoast_AJJC81_20200506_20201012_MF100_s1_r1:Otu13,submergedTime,day,159,http://vocab.nerc.ac.uk/collection/P01/current/AZDRZZ01/,https://vocab.nerc.ac.uk/collection/P06/current/UTAA/,
ARMS_BelgiumCoast_AJJC81_20200506_20201012_MF100_s1_r1:Otu13,preservativeUsed,,DMSO,http://vocab.nerc.ac.uk/collection/Q01/current/Q0100004/,,https://pubchem.ncbi.nlm.nih.gov/compound/679
ARMS_BelgiumCoast_AJJC81_20200506_20201012_MF100_s1_r1:Otu13,lowerLimitFilterSize,micrometer,100,http://vocab.nerc.ac.uk/collection/Q01/current/Q0100011/,https://vocab.nerc.ac.uk/collection/P06/current/UMIC/,
ARMS_BelgiumCoast_AJJC81_20200506_20201012_MF100_s1_r1:Otu13,fieldReplicateID,,no replicate,http://vocab.nerc.ac.uk/collection/P01/current/IDSPRE01,,
ARMS_BelgiumCoast_AJJC81_20200506_20201012_MF100_s1_r1:Otu18,submergedTime,day,159,http://vocab.nerc.ac.uk/collection/P01/current/AZDRZZ01/,https://vocab.nerc.ac.uk/collection/P06/current/UTAA/,
ARMS_BelgiumCoast_AJJC81_20200506_20201012_MF100_s1_r1:Otu18,preservativeUsed,,DMSO,http://vocab.nerc.ac.uk/collection/Q01/current/Q0100004/,,https://pubchem.ncbi.nlm.nih.gov/compound/679
ARMS_BelgiumCoast_AJJC81_20200506_20201012_MF100_s1_r1:Otu18,lowerLimitFilterSize,micrometer,100,http://vocab.nerc.ac.uk/collection/Q01/current/Q0100011/,https://vocab.nerc.ac.uk/collection/P06/current/UMIC/,
ARMS_BelgiumCoast_AJJC81_20200506_20201012_MF100_s1_r1:Otu18,fieldReplicateID,,no replicate,http://vocab.nerc.ac.uk/collection/P01/current/IDSPRE01,,
ARMS_BelgiumCoast_AJJC81_20200506_20201012_MF100_s1_r1:Otu19,submergedTime,day,159,http://vocab.nerc.ac.uk/collection/P01/current/AZDRZZ01/,https://vocab.nerc.ac.uk/collection/P06/current/UTAA/,
ARMS_BelgiumCoast_AJJC81_20200506_20201012_MF100_s1_r1:Otu19,preservativeUsed,,DMSO,http://vocab.nerc.ac.uk/collection/Q01/current/Q0100004/,,https://pubchem.ncbi.nlm.nih.gov/compound/679
ARMS_BelgiumCoast_AJJC81_20200506_20201012_MF100_s1_r1:Otu19,lowerLimitFilterSize,micrometer,100,http://vocab.nerc.ac.uk/collection/Q01/current/Q0100011/,https://vocab.nerc.ac.uk/collection/P06/current/UMIC/,
ARMS_BelgiumCoast_AJJC81_20200506_20201012_MF100_s1_r1:Otu19,fieldReplicateID,,no replicate,http://vocab.nerc.ac.uk/collection/P01/current/IDSPRE01,,
ARMS_BelgiumCoast_AJJC81_20200506_20201012_MF500_s1_r1:Otu49,submergedTime,day,159,http://vocab.nerc.ac.uk/collection/P01/current/AZDRZZ01/,https://vocab.nerc.ac.uk/collection/P06/current/UTAA/,
ARMS_BelgiumCoast_AJJC81_20200506_20201012_MF500_s1_r1:Otu49,preservativeUsed,,DMSO,http://vocab.nerc.ac.uk/collection/Q01/current/Q0100004/,,https://pubchem.ncbi.nlm.nih.gov/compound/679
ARMS_BelgiumCoast_AJJC81_20200506_20201012_MF500_s1_r1:Otu49,lowerLimitFilterSize,micrometer,500,http://vocab.nerc.ac.uk/collection/Q01/current/Q0100011/,https://vocab.nerc.ac.uk/collection/P06/current/UMIC/,
ARMS_BelgiumCoast_AJJC81_20200506_20201012_MF500_s1_r1:Otu49,fieldReplicateID,,no replicate,http://vocab.nerc.ac.uk/collection/P01/current/IDSPRE01,,
ARMS_BelgiumCoast_AJJC81_20200506_20201012_MF500_s1_r1:Otu58,submergedTime,day,159,http://vocab.nerc.ac.uk/collection/P01/current/AZDRZZ01/,https://vocab.nerc.ac.uk/collection/P06/current/UTAA/,
ARMS_BelgiumCoast_AJJC81_20200506_20201012_MF500_s1_r1:Otu58,preservativeUsed,,DMSO,http://vocab.nerc.ac.uk/collection/Q01/current/Q0100004/,,https://pubchem.ncbi.nlm.nih.gov/compound/679
ARMS_BelgiumCoast_AJJC81_20200506_20201012_MF500_s1_r1:Otu58,lowerLimitFilterSize,micrometer,500,http://vocab.nerc.ac.uk/collection/Q01/current/Q0100011/,https://vocab.nerc.ac.uk/collection/P06/current/UMIC/,
ARMS_BelgiumCoast_AJJC81_20200506_20201012_MF500_s1_r1:Otu58,fieldReplicateID,,no replicate,http://vocab.nerc.ac.uk/collection/P01/current/IDSPRE01,,
ARMS_BelgiumCoast_AJJC81_20200506_20201012_MF500_s1_r1:Otu26,submergedTime,day,159,http://vocab.nerc.ac.uk/collection/P01/current/AZDRZZ01/,https://vocab.nerc.ac.uk/collection/P06/current/UTAA/,
ARMS_BelgiumCoast_AJJC81_20200506_20201012_MF500_s1_r1:Otu26,preservativeUsed,,DMSO,http://vocab.nerc.ac.uk/collection/Q01/current/Q0100004/,,https://pubchem.ncbi.nlm.nih.gov/compound/679
ARMS_BelgiumCoast_AJJC81_20200506_20201012_MF500_s1_r1:Otu26,lowerLimitFilterSize,micrometer,500,http://vocab.nerc.ac.uk/collection/Q01/current/Q0100011/,https://vocab.nerc.ac.uk/collection/P06/current/UMIC/,
ARMS_BelgiumCoast_AJJC81_20200506_20201012_MF500_s1_r1:Otu26,fieldReplicateID,,no replicate,http://vocab.nerc.ac.uk/collection/P01/current/IDSPRE01,,
ARMS_BelgiumCoast_AJJC81_20200506_20201012_MF500_s1_r1:Otu351,submergedTime,day,159,http://vocab.nerc.ac.uk/collection/P01/current/AZDRZZ01/,https://vocab.nerc.ac.uk/collection/P06/current/UTAA/,
ARMS_BelgiumCoast_AJJC81_20200506_20201012_MF500_s1_r1:Otu351,preservativeUsed,,DMSO,http://vocab.nerc.ac.uk/collection/Q01/current/Q0100004/,,https://pubchem.ncbi.nlm.nih.gov/compound/679
ARMS_BelgiumCoast_AJJC81_20200506_20201012_MF500_s1_r1:Otu351,lowerLimitFilterSize,micrometer,500,http://vocab.nerc.ac.uk/collection/Q01/current/Q0100011/,https://vocab.nerc.ac.uk/collection/P06/current/UMIC/,
ARMS_BelgiumCoast_AJJC81_20200506_20201012_MF500_s1_r1:Otu351,fieldReplicateID,,no replicate,http://vocab.nerc.ac.uk/collection/P01/current/IDSPRE01,,
ARMS_BelgiumCoast_AJJC81_20200506_20201012_MF500_s1_r1:Otu67,submergedTime,day,159,http://vocab.nerc.ac.uk/collection/P01/current/AZDRZZ01/,https://vocab.nerc.ac.uk/collection/P06/current/UTAA/,
ARMS_BelgiumCoast_AJJC81_20200506_20201012_MF500_s1_r1:Otu67,preservativeUsed,,DMSO,http://vocab.nerc.ac.uk/collection/Q01/current/Q0100004/,,https://pubchem.ncbi.nlm.nih.gov/compound/679
ARMS_BelgiumCoast_AJJC81_20200506_20201012_MF500_s1_r1:Otu67,lowerLimitFilterSize,micrometer,500,http://vocab.nerc.ac.uk/collection/Q01/current/Q0100011/,https://vocab.nerc.ac.uk/collection/P06/current/UMIC/,
ARMS_BelgiumCoast_AJJC81_20200506_20201012_MF500_s1_r1:Otu67,fieldReplicateID,,no replicate,http://vocab.nerc.ac.uk/collection/P01/current/IDSPRE01,,
ARMS_BelgiumCoast_AJJC81_20200506_20201012_MF500_s1_r1:Otu68,submergedTime,day,159,http://vocab.nerc.ac.uk/collection/P01/current/AZDRZZ01/,https://vocab.nerc.ac.uk/collection/P06/current/UTAA/,
ARMS_BelgiumCoast_AJJC81_20200506_20201012_MF500_s1_r1:Otu68,preservativeUsed,,DMSO,http://vocab.nerc.ac.uk/collection/Q01/current/Q0100004/,,https://pubchem.ncbi.nlm.nih.gov/compound/679
ARMS_BelgiumCoast_AJJC81_20200506_20201012_MF500_s1_r1:Otu68,lowerLimitFilterSize,micrometer,500,http://vocab.nerc.ac.uk/collection/Q01/current/Q0100011/,https://vocab.nerc.ac.uk/collection/P06/current/UMIC/,
ARMS_BelgiumCoast_AJJC81_20200506_20201012_MF500_s1_r1:Otu68,fieldReplicateID,,no replicate,http://vocab.nerc.ac.uk/collection/P01/current/IDSPRE01,,
ARMS_BelgiumCoast_AJJC81_20200506_20201012_MF500_s1_r1:Otu38,submergedTime,day,159,http://vocab.nerc.ac.uk/collection/P01/current/AZDRZZ01/,https://vocab.nerc.ac.uk/collection/P06/current/UTAA/,
ARMS_BelgiumCoast_AJJC81_20200506_20201012_MF500_s1_r1:Otu38,preservativeUsed,,DMSO,http://vocab.nerc.ac.uk/collection/Q01/current/Q0100004/,,https://pubchem.ncbi.nlm.nih.gov/compound/679
ARMS_BelgiumCoast_AJJC81_20200506_20201012_MF500_s1_r1:Otu38,lowerLimitFilterSize,micrometer,500,http://vocab.nerc.ac.uk/collection/Q01/current/Q0100011/,https://vocab.nerc.ac.uk/collection/P06/current/UMIC/,
ARMS_BelgiumCoast_AJJC81_20200506_20201012_MF500_s1_r1:Otu38,fieldReplicateID,,no replicate,http://vocab.nerc.ac.uk/collection/P01/current/IDSPRE01,,
ARMS_BelgiumCoast_AJJC81_20200506_20201012_MF500_s1_r1:Otu33,submergedTime,day,159,http://vocab.nerc.ac.uk/collection/P01/current/AZDRZZ01/,https://vocab.nerc.ac.uk/collection/P06/current/UTAA/,
ARMS_BelgiumCoast_AJJC81_20200506_20201012_MF500_s1_r1:Otu33,preservativeUsed,,DMSO,http://vocab.nerc.ac.uk/collection/Q01/current/Q0100004/,,https://pubchem.ncbi.nlm.nih.gov/compound/679
ARMS_BelgiumCoast_AJJC81_20200506_20201012_MF500_s1_r1:Otu33,lowerLimitFilterSize,micrometer,500,http://vocab.nerc.ac.uk/collection/Q01/current/Q0100011/,https://vocab.nerc.ac.uk/collection/P06/current/UMIC/,
ARMS_BelgiumCoast_AJJC81_20200506_20201012_MF500_s1_r1:Otu33,fieldReplicateID,,no replicate,http://vocab.nerc.ac.uk/collection/P01/current/IDSPRE01,,
ARMS_BelgiumCoast_AJJC81_20200506_20201012_MF500_s1_r1:Otu163,submergedTime,day,159,http://vocab.nerc.ac.uk/collection/P01/current/AZDRZZ01/,https://vocab.nerc.ac.uk/collection/P06/current/UTAA/,
ARMS_BelgiumCoast_AJJC81_20200506_20201012_MF500_s1_r1:Otu163,preservativeUsed,,DMSO,http://vocab.nerc.ac.uk/collection/Q01/current/Q0100004/,,https://pubchem.ncbi.nlm.nih.gov/compound/679
ARMS_BelgiumCoast_AJJC81_20200506_20201012_MF500_s1_r1:Otu163,lowerLimitFilterSize,micrometer,500,http://vocab.nerc.ac.uk/collection/Q01/current/Q0100011/,https://vocab.nerc.ac.uk/collection/P06/current/UMIC/,
ARMS_BelgiumCoast_AJJC81_20200506_20201012_MF500_s1_r1:Otu163,fieldReplicateID,,no replicate,http://vocab.nerc.ac.uk/collection/P01/current/IDSPRE01,,
ARMS_BelgiumCoast_AJJC81_20200506_20201012_MF500_s1_r1:Otu83,submergedTime,day,159,http://vocab.nerc.ac.uk/collection/P01/current/AZDRZZ01/,https://vocab.nerc.ac.uk/collection/P06/current/UTAA/,
ARMS_BelgiumCoast_AJJC81_20200506_20201012_MF500_s1_r1:Otu83,preservativeUsed,,DMSO,http://vocab.nerc.ac.uk/collection/Q01/current/Q0100004/,,https://pubchem.ncbi.nlm.nih.gov/compound/679
ARMS_BelgiumCoast_AJJC81_20200506_20201012_MF500_s1_r1:Otu83,lowerLimitFilterSize,micrometer,500,http://vocab.nerc.ac.uk/collection/Q01/current/Q0100011/,https://vocab.nerc.ac.uk/collection/P06/current/UMIC/,
ARMS_BelgiumCoast_AJJC81_20200506_20201012_MF500_s1_r1:Otu83,fieldReplicateID,,no replicate,http://vocab.nerc.ac.uk/collection/P01/current/IDSPRE01,,
ARMS_BelgiumCoast_AJJC81_20200506_20201012_MF500_s1_r1:Otu87,submergedTime,day,159,http://vocab.nerc.ac.uk/collection/P01/current/AZDRZZ01/,https://vocab.nerc.ac.uk/collection/P06/current/UTAA/,
ARMS_BelgiumCoast_AJJC81_20200506_20201012_MF500_s1_r1:Otu87,preservativeUsed,,DMSO,http://vocab.nerc.ac.uk/collection/Q01/current/Q0100004/,,https://pubchem.ncbi.nlm.nih.gov/compound/679
ARMS_BelgiumCoast_AJJC81_20200506_20201012_MF500_s1_r1:Otu87,lowerLimitFilterSize,micrometer,500,http://vocab.nerc.ac.uk/collection/Q01/current/Q0100011/,https://vocab.nerc.ac.uk/collection/P06/current/UMIC/,
ARMS_BelgiumCoast_AJJC81_20200506_20201012_MF500_s1_r1:Otu87,fieldReplicateID,,no replicate,http://vocab.nerc.ac.uk/collection/P01/current/IDSPRE01,,
ARMS_BelgiumCoast_AJJC81_20200506_20201012_MF500_s1_r1:Otu89,submergedTime,day,159,http://vocab.nerc.ac.uk/collection/P01/current/AZDRZZ01/,https://vocab.nerc.ac.uk/collection/P06/current/UTAA/,
ARMS_BelgiumCoast_AJJC81_20200506_20201012_MF500_s1_r1:Otu89,preservativeUsed,,DMSO,http://vocab.nerc.ac.uk/collection/Q01/current/Q0100004/,,https://pubchem.ncbi.nlm.nih.gov/compound/679
ARMS_BelgiumCoast_AJJC81_20200506_20201012_MF500_s1_r1:Otu89,lowerLimitFilterSize,micrometer,500,http://vocab.nerc.ac.uk/collection/Q01/current/Q0100011/,https://vocab.nerc.ac.uk/collection/P06/current/UMIC/,
ARMS_BelgiumCoast_AJJC81_20200506_20201012_MF500_s1_r1:Otu89,fieldReplicateID,,no replicate,http://vocab.nerc.ac.uk/collection/P01/current/IDSPRE01,,
ARMS_BelgiumCoast_AJJC81_20200506_20201012_MF500_s1_r1:Otu150,submergedTime,day,159,http://vocab.nerc.ac.uk/collection/P01/current/AZDRZZ01/,https://vocab.nerc.ac.uk/collection/P06/current/UTAA/,
ARMS_BelgiumCoast_AJJC81_20200506_20201012_MF500_s1_r1:Otu150,preservativeUsed,,DMSO,http://vocab.nerc.ac.uk/collection/Q01/current/Q0100004/,,https://pubchem.ncbi.nlm.nih.gov/compound/679
ARMS_BelgiumCoast_AJJC81_20200506_20201012_MF500_s1_r1:Otu150,lowerLimitFilterSize,micrometer,500,http://vocab.nerc.ac.uk/collection/Q01/current/Q0100011/,https://vocab.nerc.ac.uk/collection/P06/current/UMIC/,
ARMS_BelgiumCoast_AJJC81_20200506_20201012_MF500_s1_r1:Otu150,fieldReplicateID,,no replicate,http://vocab.nerc.ac.uk/collection/P01/current/IDSPRE01,,
ARMS_BelgiumCoast_AJJC81_20200506_20201012_MF500_s1_r1:Otu74,submergedTime,day,159,http://vocab.nerc.ac.uk/collection/P01/current/AZDRZZ01/,https://vocab.nerc.ac.uk/collection/P06/current/UTAA/,
ARMS_BelgiumCoast_AJJC81_20200506_20201012_MF500_s1_r1:Otu74,preservativeUsed,,DMSO,http://vocab.nerc.ac.uk/collection/Q01/current/Q0100004/,,https://pubchem.ncbi.nlm.nih.gov/compound/679
ARMS_BelgiumCoast_AJJC81_20200506_20201012_MF500_s1_r1:Otu74,lowerLimitFilterSize,micrometer,500,http://vocab.nerc.ac.uk/collection/Q01/current/Q0100011/,https://vocab.nerc.ac.uk/collection/P06/current/UMIC/,
ARMS_BelgiumCoast_AJJC81_20200506_20201012_MF500_s1_r1:Otu74,fieldReplicateID,,no replicate,http://vocab.nerc.ac.uk/collection/P01/current/IDSPRE01,,
ARMS_BelgiumCoast_AJJC81_20200506_20201012_MF500_s1_r1:Otu9,submergedTime,day,159,http://vocab.nerc.ac.uk/collection/P01/current/AZDRZZ01/,https://vocab.nerc.ac.uk/collection/P06/current/UTAA/,
ARMS_BelgiumCoast_AJJC81_20200506_20201012_MF500_s1_r1:Otu9,preservativeUsed,,DMSO,http://vocab.nerc.ac.uk/collection/Q01/current/Q0100004/,,https://pubchem.ncbi.nlm.nih.gov/compound/679
ARMS_BelgiumCoast_AJJC81_20200506_20201012_MF500_s1_r1:Otu9,lowerLimitFilterSize,micrometer,500,http://vocab.nerc.ac.uk/collection/Q01/current/Q0100011/,https://vocab.nerc.ac.uk/collection/P06/current/UMIC/,
ARMS_BelgiumCoast_AJJC81_20200506_20201012_MF500_s1_r1:Otu9,fieldReplicateID,,no replicate,http://vocab.nerc.ac.uk/collection/P01/current/IDSPRE01,,
ARMS_BelgiumCoast_AJJC81_20200506_20201012_MF500_s1_r1:Otu6,submergedTime,day,159,http://vocab.nerc.ac.uk/collection/P01/current/AZDRZZ01/,https://vocab.nerc.ac.uk/collection/P06/current/UTAA/,
ARMS_BelgiumCoast_AJJC81_20200506_20201012_MF500_s1_r1:Otu6,preservativeUsed,,DMSO,http://vocab.nerc.ac.uk/collection/Q01/current/Q0100004/,,https://pubchem.ncbi.nlm.nih.gov/compound/679
ARMS_BelgiumCoast_AJJC81_20200506_20201012_MF500_s1_r1:Otu6,lowerLimitFilterSize,micrometer,500,http://vocab.nerc.ac.uk/collection/Q01/current/Q0100011/,https://vocab.nerc.ac.uk/collection/P06/current/UMIC/,
ARMS_BelgiumCoast_AJJC81_20200506_20201012_MF500_s1_r1:Otu6,fieldReplicateID,,no replicate,http://vocab.nerc.ac.uk/collection/P01/current/IDSPRE01,,
ARMS_BelgiumCoast_AJJC81_20200506_20201012_MF500_s1_r1:Otu4,submergedTime,day,159,http://vocab.nerc.ac.uk/collection/P01/current/AZDRZZ01/,https://vocab.nerc.ac.uk/collection/P06/current/UTAA/,
ARMS_BelgiumCoast_AJJC81_20200506_20201012_MF500_s1_r1:Otu4,preservativeUsed,,DMSO,http://vocab.nerc.ac.uk/collection/Q01/current/Q0100004/,,https://pubchem.ncbi.nlm.nih.gov/compound/679
ARMS_BelgiumCoast_AJJC81_20200506_20201012_MF500_s1_r1:Otu4,lowerLimitFilterSize,micrometer,500,http://vocab.nerc.ac.uk/collection/Q01/current/Q0100011/,https://vocab.nerc.ac.uk/collection/P06/current/UMIC/,
ARMS_BelgiumCoast_AJJC81_20200506_20201012_MF500_s1_r1:Otu4,fieldReplicateID,,no replicate,http://vocab.nerc.ac.uk/collection/P01/current/IDSPRE01,,
ARMS_BelgiumCoast_AJJC81_20200506_20201012_MF500_s1_r1:Otu5,submergedTime,day,159,http://vocab.nerc.ac.uk/collection/P01/current/AZDRZZ01/,https://vocab.nerc.ac.uk/collection/P06/current/UTAA/,
ARMS_BelgiumCoast_AJJC81_20200506_20201012_MF500_s1_r1:Otu5,preservativeUsed,,DMSO,http://vocab.nerc.ac.uk/collection/Q01/current/Q0100004/,,https://pubchem.ncbi.nlm.nih.gov/compound/679
ARMS_BelgiumCoast_AJJC81_20200506_20201012_MF500_s1_r1:Otu5,lowerLimitFilterSize,micrometer,500,http://vocab.nerc.ac.uk/collection/Q01/current/Q0100011/,https://vocab.nerc.ac.uk/collection/P06/current/UMIC/,
ARMS_BelgiumCoast_AJJC81_20200506_20201012_MF500_s1_r1:Otu5,fieldReplicateID,,no replicate,http://vocab.nerc.ac.uk/collection/P01/current/IDSPRE01,,
ARMS_BelgiumCoast_AJJC81_20200506_20201012_MF500_s1_r1:Otu2,submergedTime,day,159,http://vocab.nerc.ac.uk/collection/P01/current/AZDRZZ01/,https://vocab.nerc.ac.uk/collection/P06/current/UTAA/,
ARMS_BelgiumCoast_AJJC81_20200506_20201012_MF500_s1_r1:Otu2,preservativeUsed,,DMSO,http://vocab.nerc.ac.uk/collection/Q01/current/Q0100004/,,https://pubchem.ncbi.nlm.nih.gov/compound/679
ARMS_BelgiumCoast_AJJC81_20200506_20201012_MF500_s1_r1:Otu2,lowerLimitFilterSize,micrometer,500,http://vocab.nerc.ac.uk/collection/Q01/current/Q0100011/,https://vocab.nerc.ac.uk/collection/P06/current/UMIC/,
ARMS_BelgiumCoast_AJJC81_20200506_20201012_MF500_s1_r1:Otu2,fieldReplicateID,,no replicate,http://vocab.nerc.ac.uk/collection/P01/current/IDSPRE01,,
ARMS_BelgiumCoast_AJJC81_20200506_20201012_MF500_s1_r1:Otu208,submergedTime,day,159,http://vocab.nerc.ac.uk/collection/P01/current/AZDRZZ01/,https://vocab.nerc.ac.uk/collection/P06/current/UTAA/,
ARMS_BelgiumCoast_AJJC81_20200506_20201012_MF500_s1_r1:Otu208,preservativeUsed,,DMSO,http://vocab.nerc.ac.uk/collection/Q01/current/Q0100004/,,https://pubchem.ncbi.nlm.nih.gov/compound/679
ARMS_BelgiumCoast_AJJC81_20200506_20201012_MF500_s1_r1:Otu208,lowerLimitFilterSize,micrometer,500,http://vocab.nerc.ac.uk/collection/Q01/current/Q0100011/,https://vocab.nerc.ac.uk/collection/P06/current/UMIC/,
ARMS_BelgiumCoast_AJJC81_20200506_20201012_MF500_s1_r1:Otu208,fieldReplicateID,,no replicate,http://vocab.nerc.ac.uk/collection/P01/current/IDSPRE01,,
ARMS_BelgiumCoast_AJJC81_20200506_20201012_MF500_s1_r1:Otu207,submergedTime,day,159,http://vocab.nerc.ac.uk/collection/P01/current/AZDRZZ01/,https://vocab.nerc.ac.uk/collection/P06/current/UTAA/,
ARMS_BelgiumCoast_AJJC81_20200506_20201012_MF500_s1_r1:Otu207,preservativeUsed,,DMSO,http://vocab.nerc.ac.uk/collection/Q01/current/Q0100004/,,https://pubchem.ncbi.nlm.nih.gov/compound/679
ARMS_BelgiumCoast_AJJC81_20200506_20201012_MF500_s1_r1:Otu207,lowerLimitFilterSize,micrometer,500,http://vocab.nerc.ac.uk/collection/Q01/current/Q0100011/,https://vocab.nerc.ac.uk/collection/P06/current/UMIC/,
ARMS_BelgiumCoast_AJJC81_20200506_20201012_MF500_s1_r1:Otu207,fieldReplicateID,,no replicate,http://vocab.nerc.ac.uk/collection/P01/current/IDSPRE01,,
ARMS_BelgiumCoast_AJJC81_20200506_20201012_MF500_s1_r1:Otu102,submergedTime,day,159,http://vocab.nerc.ac.uk/collection/P01/current/AZDRZZ01/,https://vocab.nerc.ac.uk/collection/P06/current/UTAA/,
ARMS_BelgiumCoast_AJJC81_20200506_20201012_MF500_s1_r1:Otu102,preservativeUsed,,DMSO,http://vocab.nerc.ac.uk/collection/Q01/current/Q0100004/,,https://pubchem.ncbi.nlm.nih.gov/compound/679
ARMS_BelgiumCoast_AJJC81_20200506_20201012_MF500_s1_r1:Otu102,lowerLimitFilterSize,micrometer,500,http://vocab.nerc.ac.uk/collection/Q01/current/Q0100011/,https://vocab.nerc.ac.uk/collection/P06/current/UMIC/,
ARMS_BelgiumCoast_AJJC81_20200506_20201012_MF500_s1_r1:Otu102,fieldReplicateID,,no replicate,http://vocab.nerc.ac.uk/collection/P01/current/IDSPRE01,,
ARMS_BelgiumCoast_AJJC81_20200506_20201012_MF500_s1_r1:Otu94,submergedTime,day,159,http://vocab.nerc.ac.uk/collection/P01/current/AZDRZZ01/,https://vocab.nerc.ac.uk/collection/P06/current/UTAA/,
ARMS_BelgiumCoast_AJJC81_20200506_20201012_MF500_s1_r1:Otu94,preservativeUsed,,DMSO,http://vocab.nerc.ac.uk/collection/Q01/current/Q0100004/,,https://pubchem.ncbi.nlm.nih.gov/compound/679
ARMS_BelgiumCoast_AJJC81_20200506_20201012_MF500_s1_r1:Otu94,lowerLimitFilterSize,micrometer,500,http://vocab.nerc.ac.uk/collection/Q01/current/Q0100011/,https://vocab.nerc.ac.uk/collection/P06/current/UMIC/,
ARMS_BelgiumCoast_AJJC81_20200506_20201012_MF500_s1_r1:Otu94,fieldReplicateID,,no replicate,http://vocab.nerc.ac.uk/collection/P01/current/IDSPRE01,,
ARMS_BelgiumCoast_AJJC81_20200506_20201012_MF500_s1_r1:Otu92,submergedTime,day,159,http://vocab.nerc.ac.uk/collection/P01/current/AZDRZZ01/,https://vocab.nerc.ac.uk/collection/P06/current/UTAA/,
ARMS_BelgiumCoast_AJJC81_20200506_20201012_MF500_s1_r1:Otu92,preservativeUsed,,DMSO,http://vocab.nerc.ac.uk/collection/Q01/current/Q0100004/,,https://pubchem.ncbi.nlm.nih.gov/compound/679
ARMS_BelgiumCoast_AJJC81_20200506_20201012_MF500_s1_r1:Otu92,lowerLimitFilterSize,micrometer,500,http://vocab.nerc.ac.uk/collection/Q01/current/Q0100011/,https://vocab.nerc.ac.uk/collection/P06/current/UMIC/,
ARMS_BelgiumCoast_AJJC81_20200506_20201012_MF500_s1_r1:Otu92,fieldReplicateID,,no replicate,http://vocab.nerc.ac.uk/collection/P01/current/IDSPRE01,,
ARMS_BelgiumCoast_AJJC81_20200506_20201012_MF500_s1_r1:Otu141,submergedTime,day,159,http://vocab.nerc.ac.uk/collection/P01/current/AZDRZZ01/,https://vocab.nerc.ac.uk/collection/P06/current/UTAA/,
ARMS_BelgiumCoast_AJJC81_20200506_20201012_MF500_s1_r1:Otu141,preservativeUsed,,DMSO,http://vocab.nerc.ac.uk/collection/Q01/current/Q0100004/,,https://pubchem.ncbi.nlm.nih.gov/compound/679
ARMS_BelgiumCoast_AJJC81_20200506_20201012_MF500_s1_r1:Otu141,lowerLimitFilterSize,micrometer,500,http://vocab.nerc.ac.uk/collection/Q01/current/Q0100011/,https://vocab.nerc.ac.uk/collection/P06/current/UMIC/,
ARMS_BelgiumCoast_AJJC81_20200506_20201012_MF500_s1_r1:Otu141,fieldReplicateID,,no replicate,http://vocab.nerc.ac.uk/collection/P01/current/IDSPRE01,,
ARMS_BelgiumCoast_AJJC81_20200506_20201012_MF500_s1_r1:Otu53,submergedTime,day,159,http://vocab.nerc.ac.uk/collection/P01/current/AZDRZZ01/,https://vocab.nerc.ac.uk/collection/P06/current/UTAA/,
ARMS_BelgiumCoast_AJJC81_20200506_20201012_MF500_s1_r1:Otu53,preservativeUsed,,DMSO,http://vocab.nerc.ac.uk/collection/Q01/current/Q0100004/,,https://pubchem.ncbi.nlm.nih.gov/compound/679
ARMS_BelgiumCoast_AJJC81_20200506_20201012_MF500_s1_r1:Otu53,lowerLimitFilterSize,micrometer,500,http://vocab.nerc.ac.uk/collection/Q01/current/Q0100011/,https://vocab.nerc.ac.uk/collection/P06/current/UMIC/,
ARMS_BelgiumCoast_AJJC81_20200506_20201012_MF500_s1_r1:Otu53,fieldReplicateID,,no replicate,http://vocab.nerc.ac.uk/collection/P01/current/IDSPRE01,,
ARMS_BelgiumCoast_AJJC81_20200506_20201012_MF500_s1_r1:Otu47,submergedTime,day,159,http://vocab.nerc.ac.uk/collection/P01/current/AZDRZZ01/,https://vocab.nerc.ac.uk/collection/P06/current/UTAA/,
ARMS_BelgiumCoast_AJJC81_20200506_20201012_MF500_s1_r1:Otu47,preservativeUsed,,DMSO,http://vocab.nerc.ac.uk/collection/Q01/current/Q0100004/,,https://pubchem.ncbi.nlm.nih.gov/compound/679
ARMS_BelgiumCoast_AJJC81_20200506_20201012_MF500_s1_r1:Otu47,lowerLimitFilterSize,micrometer,500,http://vocab.nerc.ac.uk/collection/Q01/current/Q0100011/,https://vocab.nerc.ac.uk/collection/P06/current/UMIC/,
ARMS_BelgiumCoast_AJJC81_20200506_20201012_MF500_s1_r1:Otu47,fieldReplicateID,,no replicate,http://vocab.nerc.ac.uk/collection/P01/current/IDSPRE01,,
ARMS_BelgiumCoast_AJJC81_20200506_20201012_MF500_s1_r1:Otu136,submergedTime,day,159,http://vocab.nerc.ac.uk/collection/P01/current/AZDRZZ01/,https://vocab.nerc.ac.uk/collection/P06/current/UTAA/,
ARMS_BelgiumCoast_AJJC81_20200506_20201012_MF500_s1_r1:Otu136,preservativeUsed,,DMSO,http://vocab.nerc.ac.uk/collection/Q01/current/Q0100004/,,https://pubchem.ncbi.nlm.nih.gov/compound/679
ARMS_BelgiumCoast_AJJC81_20200506_20201012_MF500_s1_r1:Otu136,lowerLimitFilterSize,micrometer,500,http://vocab.nerc.ac.uk/collection/Q01/current/Q0100011/,https://vocab.nerc.ac.uk/collection/P06/current/UMIC/,
ARMS_BelgiumCoast_AJJC81_20200506_20201012_MF500_s1_r1:Otu136,fieldReplicateID,,no replicate,http://vocab.nerc.ac.uk/collection/P01/current/IDSPRE01,,
ARMS_BelgiumCoast_AJJC81_20200506_20201012_MF500_s1_r1:Otu137,submergedTime,day,159,http://vocab.nerc.ac.uk/collection/P01/current/AZDRZZ01/,https://vocab.nerc.ac.uk/collection/P06/current/UTAA/,
ARMS_BelgiumCoast_AJJC81_20200506_20201012_MF500_s1_r1:Otu137,preservativeUsed,,DMSO,http://vocab.nerc.ac.uk/collection/Q01/current/Q0100004/,,https://pubchem.ncbi.nlm.nih.gov/compound/679
ARMS_BelgiumCoast_AJJC81_20200506_20201012_MF500_s1_r1:Otu137,lowerLimitFilterSize,micrometer,500,http://vocab.nerc.ac.uk/collection/Q01/current/Q0100011/,https://vocab.nerc.ac.uk/collection/P06/current/UMIC/,
ARMS_BelgiumCoast_AJJC81_20200506_20201012_MF500_s1_r1:Otu137,fieldReplicateID,,no replicate,http://vocab.nerc.ac.uk/collection/P01/current/IDSPRE01,,
ARMS_BelgiumCoast_AJJC81_20200506_20201012_MF500_s1_r1:Otu17,submergedTime,day,159,http://vocab.nerc.ac.uk/collection/P01/current/AZDRZZ01/,https://vocab.nerc.ac.uk/collection/P06/current/UTAA/,
ARMS_BelgiumCoast_AJJC81_20200506_20201012_MF500_s1_r1:Otu17,preservativeUsed,,DMSO,http://vocab.nerc.ac.uk/collection/Q01/current/Q0100004/,,https://pubchem.ncbi.nlm.nih.gov/compound/679
ARMS_BelgiumCoast_AJJC81_20200506_20201012_MF500_s1_r1:Otu17,lowerLimitFilterSize,micrometer,500,http://vocab.nerc.ac.uk/collection/Q01/current/Q0100011/,https://vocab.nerc.ac.uk/collection/P06/current/UMIC/,
ARMS_BelgiumCoast_AJJC81_20200506_20201012_MF500_s1_r1:Otu17,fieldReplicateID,,no replicate,http://vocab.nerc.ac.uk/collection/P01/current/IDSPRE01,,
ARMS_BelgiumCoast_AJJC81_20200506_20201012_MF500_s1_r1:Otu19,submergedTime,day,159,http://vocab.nerc.ac.uk/collection/P01/current/AZDRZZ01/,https://vocab.nerc.ac.uk/collection/P06/current/UTAA/,
ARMS_BelgiumCoast_AJJC81_20200506_20201012_MF500_s1_r1:Otu19,preservativeUsed,,DMSO,http://vocab.nerc.ac.uk/collection/Q01/current/Q0100004/,,https://pubchem.ncbi.nlm.nih.gov/compound/679
ARMS_BelgiumCoast_AJJC81_20200506_20201012_MF500_s1_r1:Otu19,lowerLimitFilterSize,micrometer,500,http://vocab.nerc.ac.uk/collection/Q01/current/Q0100011/,https://vocab.nerc.ac.uk/collection/P06/current/UMIC/,
ARMS_BelgiumCoast_AJJC81_20200506_20201012_MF500_s1_r1:Otu19,fieldReplicateID,,no replicate,http://vocab.nerc.ac.uk/collection/P01/current/IDSPRE01,,
ARMS_BelgiumCoast_AJJC86_20200506_20201012_MF100_s1_r1:Otu413,submergedTime,day,159,http://vocab.nerc.ac.uk/collection/P01/current/AZDRZZ01/,https://vocab.nerc.ac.uk/collection/P06/current/UTAA/,
ARMS_BelgiumCoast_AJJC86_20200506_20201012_MF100_s1_r1:Otu413,preservativeUsed,,DMSO,http://vocab.nerc.ac.uk/collection/Q01/current/Q0100004/,,https://pubchem.ncbi.nlm.nih.gov/compound/679
ARMS_BelgiumCoast_AJJC86_20200506_20201012_MF100_s1_r1:Otu413,lowerLimitFilterSize,micrometer,100,http://vocab.nerc.ac.uk/collection/Q01/current/Q0100011/,https://vocab.nerc.ac.uk/collection/P06/current/UMIC/,
ARMS_BelgiumCoast_AJJC86_20200506_20201012_MF100_s1_r1:Otu413,fieldReplicateID,,no replicate,http://vocab.nerc.ac.uk/collection/P01/current/IDSPRE01,,
ARMS_BelgiumCoast_AJJC86_20200506_20201012_MF100_s1_r1:Otu412,submergedTime,day,159,http://vocab.nerc.ac.uk/collection/P01/current/AZDRZZ01/,https://vocab.nerc.ac.uk/collection/P06/current/UTAA/,
ARMS_BelgiumCoast_AJJC86_20200506_20201012_MF100_s1_r1:Otu412,preservativeUsed,,DMSO,http://vocab.nerc.ac.uk/collection/Q01/current/Q0100004/,,https://pubchem.ncbi.nlm.nih.gov/compound/679
ARMS_BelgiumCoast_AJJC86_20200506_20201012_MF100_s1_r1:Otu412,lowerLimitFilterSize,micrometer,100,http://vocab.nerc.ac.uk/collection/Q01/current/Q0100011/,https://vocab.nerc.ac.uk/collection/P06/current/UMIC/,
ARMS_BelgiumCoast_AJJC86_20200506_20201012_MF100_s1_r1:Otu412,fieldReplicateID,,no replicate,http://vocab.nerc.ac.uk/collection/P01/current/IDSPRE01,,
ARMS_BelgiumCoast_AJJC86_20200506_20201012_MF100_s1_r1:Otu176,submergedTime,day,159,http://vocab.nerc.ac.uk/collection/P01/current/AZDRZZ01/,https://vocab.nerc.ac.uk/collection/P06/current/UTAA/,
ARMS_BelgiumCoast_AJJC86_20200506_20201012_MF100_s1_r1:Otu176,preservativeUsed,,DMSO,http://vocab.nerc.ac.uk/collection/Q01/current/Q0100004/,,https://pubchem.ncbi.nlm.nih.gov/compound/679
ARMS_BelgiumCoast_AJJC86_20200506_20201012_MF100_s1_r1:Otu176,lowerLimitFilterSize,micrometer,100,http://vocab.nerc.ac.uk/collection/Q01/current/Q0100011/,https://vocab.nerc.ac.uk/collection/P06/current/UMIC/,
ARMS_BelgiumCoast_AJJC86_20200506_20201012_MF100_s1_r1:Otu176,fieldReplicateID,,no replicate,http://vocab.nerc.ac.uk/collection/P01/current/IDSPRE01,,
ARMS_BelgiumCoast_AJJC86_20200506_20201012_MF100_s1_r1:Otu111,submergedTime,day,159,http://vocab.nerc.ac.uk/collection/P01/current/AZDRZZ01/,https://vocab.nerc.ac.uk/collection/P06/current/UTAA/,
ARMS_BelgiumCoast_AJJC86_20200506_20201012_MF100_s1_r1:Otu111,preservativeUsed,,DMSO,http://vocab.nerc.ac.uk/collection/Q01/current/Q0100004/,,https://pubchem.ncbi.nlm.nih.gov/compound/679
ARMS_BelgiumCoast_AJJC86_20200506_20201012_MF100_s1_r1:Otu111,lowerLimitFilterSize,micrometer,100,http://vocab.nerc.ac.uk/collection/Q01/current/Q0100011/,https://vocab.nerc.ac.uk/collection/P06/current/UMIC/,
ARMS_BelgiumCoast_AJJC86_20200506_20201012_MF100_s1_r1:Otu111,fieldReplicateID,,no replicate,http://vocab.nerc.ac.uk/collection/P01/current/IDSPRE01,,
ARMS_BelgiumCoast_AJJC86_20200506_20201012_MF100_s1_r1:Otu31,submergedTime,day,159,http://vocab.nerc.ac.uk/collection/P01/current/AZDRZZ01/,https://vocab.nerc.ac.uk/collection/P06/current/UTAA/,
ARMS_BelgiumCoast_AJJC86_20200506_20201012_MF100_s1_r1:Otu31,preservativeUsed,,DMSO,http://vocab.nerc.ac.uk/collection/Q01/current/Q0100004/,,https://pubchem.ncbi.nlm.nih.gov/compound/679
ARMS_BelgiumCoast_AJJC86_20200506_20201012_MF100_s1_r1:Otu31,lowerLimitFilterSize,micrometer,100,http://vocab.nerc.ac.uk/collection/Q01/current/Q0100011/,https://vocab.nerc.ac.uk/collection/P06/current/UMIC/,
ARMS_BelgiumCoast_AJJC86_20200506_20201012_MF100_s1_r1:Otu31,fieldReplicateID,,no replicate,http://vocab.nerc.ac.uk/collection/P01/current/IDSPRE01,,
ARMS_BelgiumCoast_AJJC86_20200506_20201012_MF100_s1_r1:Otu87,submergedTime,day,159,http://vocab.nerc.ac.uk/collection/P01/current/AZDRZZ01/,https://vocab.nerc.ac.uk/collection/P06/current/UTAA/,
ARMS_BelgiumCoast_AJJC86_20200506_20201012_MF100_s1_r1:Otu87,preservativeUsed,,DMSO,http://vocab.nerc.ac.uk/collection/Q01/current/Q0100004/,,https://pubchem.ncbi.nlm.nih.gov/compound/679
ARMS_BelgiumCoast_AJJC86_20200506_20201012_MF100_s1_r1:Otu87,lowerLimitFilterSize,micrometer,100,http://vocab.nerc.ac.uk/collection/Q01/current/Q0100011/,https://vocab.nerc.ac.uk/collection/P06/current/UMIC/,
ARMS_BelgiumCoast_AJJC86_20200506_20201012_MF100_s1_r1:Otu87,fieldReplicateID,,no replicate,http://vocab.nerc.ac.uk/collection/P01/current/IDSPRE01,,
ARMS_BelgiumCoast_AJJC86_20200506_20201012_MF100_s1_r1:Otu233,submergedTime,day,159,http://vocab.nerc.ac.uk/collection/P01/current/AZDRZZ01/,https://vocab.nerc.ac.uk/collection/P06/current/UTAA/,
ARMS_BelgiumCoast_AJJC86_20200506_20201012_MF100_s1_r1:Otu233,preservativeUsed,,DMSO,http://vocab.nerc.ac.uk/collection/Q01/current/Q0100004/,,https://pubchem.ncbi.nlm.nih.gov/compound/679
ARMS_BelgiumCoast_AJJC86_20200506_20201012_MF100_s1_r1:Otu233,lowerLimitFilterSize,micrometer,100,http://vocab.nerc.ac.uk/collection/Q01/current/Q0100011/,https://vocab.nerc.ac.uk/collection/P06/current/UMIC/,
ARMS_BelgiumCoast_AJJC86_20200506_20201012_MF100_s1_r1:Otu233,fieldReplicateID,,no replicate,http://vocab.nerc.ac.uk/collection/P01/current/IDSPRE01,,
ARMS_BelgiumCoast_AJJC86_20200506_20201012_MF100_s1_r1:Otu232,submergedTime,day,159,http://vocab.nerc.ac.uk/collection/P01/current/AZDRZZ01/,https://vocab.nerc.ac.uk/collection/P06/current/UTAA/,
ARMS_BelgiumCoast_AJJC86_20200506_20201012_MF100_s1_r1:Otu232,preservativeUsed,,DMSO,http://vocab.nerc.ac.uk/collection/Q01/current/Q0100004/,,https://pubchem.ncbi.nlm.nih.gov/compound/679
ARMS_BelgiumCoast_AJJC86_20200506_20201012_MF100_s1_r1:Otu232,lowerLimitFilterSize,micrometer,100,http://vocab.nerc.ac.uk/collection/Q01/current/Q0100011/,https://vocab.nerc.ac.uk/collection/P06/current/UMIC/,
ARMS_BelgiumCoast_AJJC86_20200506_20201012_MF100_s1_r1:Otu232,fieldReplicateID,,no replicate,http://vocab.nerc.ac.uk/collection/P01/current/IDSPRE01,,
ARMS_BelgiumCoast_AJJC86_20200506_20201012_MF100_s1_r1:Otu9,submergedTime,day,159,http://vocab.nerc.ac.uk/collection/P01/current/AZDRZZ01/,https://vocab.nerc.ac.uk/collection/P06/current/UTAA/,
ARMS_BelgiumCoast_AJJC86_20200506_20201012_MF100_s1_r1:Otu9,preservativeUsed,,DMSO,http://vocab.nerc.ac.uk/collection/Q01/current/Q0100004/,,https://pubchem.ncbi.nlm.nih.gov/compound/679
ARMS_BelgiumCoast_AJJC86_20200506_20201012_MF100_s1_r1:Otu9,lowerLimitFilterSize,micrometer,100,http://vocab.nerc.ac.uk/collection/Q01/current/Q0100011/,https://vocab.nerc.ac.uk/collection/P06/current/UMIC/,
ARMS_BelgiumCoast_AJJC86_20200506_20201012_MF100_s1_r1:Otu9,fieldReplicateID,,no replicate,http://vocab.nerc.ac.uk/collection/P01/current/IDSPRE01,,
ARMS_BelgiumCoast_AJJC86_20200506_20201012_MF100_s1_r1:Otu6,submergedTime,day,159,http://vocab.nerc.ac.uk/collection/P01/current/AZDRZZ01/,https://vocab.nerc.ac.uk/collection/P06/current/UTAA/,
ARMS_BelgiumCoast_AJJC86_20200506_20201012_MF100_s1_r1:Otu6,preservativeUsed,,DMSO,http://vocab.nerc.ac.uk/collection/Q01/current/Q0100004/,,https://pubchem.ncbi.nlm.nih.gov/compound/679
ARMS_BelgiumCoast_AJJC86_20200506_20201012_MF100_s1_r1:Otu6,lowerLimitFilterSize,micrometer,100,http://vocab.nerc.ac.uk/collection/Q01/current/Q0100011/,https://vocab.nerc.ac.uk/collection/P06/current/UMIC/,
ARMS_BelgiumCoast_AJJC86_20200506_20201012_MF100_s1_r1:Otu6,fieldReplicateID,,no replicate,http://vocab.nerc.ac.uk/collection/P01/current/IDSPRE01,,
ARMS_BelgiumCoast_AJJC86_20200506_20201012_MF100_s1_r1:Otu4,submergedTime,day,159,http://vocab.nerc.ac.uk/collection/P01/current/AZDRZZ01/,https://vocab.nerc.ac.uk/collection/P06/current/UTAA/,
ARMS_BelgiumCoast_AJJC86_20200506_20201012_MF100_s1_r1:Otu4,preservativeUsed,,DMSO,http://vocab.nerc.ac.uk/collection/Q01/current/Q0100004/,,https://pubchem.ncbi.nlm.nih.gov/compound/679
ARMS_BelgiumCoast_AJJC86_20200506_20201012_MF100_s1_r1:Otu4,lowerLimitFilterSize,micrometer,100,http://vocab.nerc.ac.uk/collection/Q01/current/Q0100011/,https://vocab.nerc.ac.uk/collection/P06/current/UMIC/,
ARMS_BelgiumCoast_AJJC86_20200506_20201012_MF100_s1_r1:Otu4,fieldReplicateID,,no replicate,http://vocab.nerc.ac.uk/collection/P01/current/IDSPRE01,,
ARMS_BelgiumCoast_AJJC86_20200506_20201012_MF100_s1_r1:Otu5,submergedTime,day,159,http://vocab.nerc.ac.uk/collection/P01/current/AZDRZZ01/,https://vocab.nerc.ac.uk/collection/P06/current/UTAA/,
ARMS_BelgiumCoast_AJJC86_20200506_20201012_MF100_s1_r1:Otu5,preservativeUsed,,DMSO,http://vocab.nerc.ac.uk/collection/Q01/current/Q0100004/,,https://pubchem.ncbi.nlm.nih.gov/compound/679
ARMS_BelgiumCoast_AJJC86_20200506_20201012_MF100_s1_r1:Otu5,lowerLimitFilterSize,micrometer,100,http://vocab.nerc.ac.uk/collection/Q01/current/Q0100011/,https://vocab.nerc.ac.uk/collection/P06/current/UMIC/,
ARMS_BelgiumCoast_AJJC86_20200506_20201012_MF100_s1_r1:Otu5,fieldReplicateID,,no replicate,http://vocab.nerc.ac.uk/collection/P01/current/IDSPRE01,,
ARMS_BelgiumCoast_AJJC86_20200506_20201012_MF100_s1_r1:Otu3,submergedTime,day,159,http://vocab.nerc.ac.uk/collection/P01/current/AZDRZZ01/,https://vocab.nerc.ac.uk/collection/P06/current/UTAA/,
ARMS_BelgiumCoast_AJJC86_20200506_20201012_MF100_s1_r1:Otu3,preservativeUsed,,DMSO,http://vocab.nerc.ac.uk/collection/Q01/current/Q0100004/,,https://pubchem.ncbi.nlm.nih.gov/compound/679
ARMS_BelgiumCoast_AJJC86_20200506_20201012_MF100_s1_r1:Otu3,lowerLimitFilterSize,micrometer,100,http://vocab.nerc.ac.uk/collection/Q01/current/Q0100011/,https://vocab.nerc.ac.uk/collection/P06/current/UMIC/,
ARMS_BelgiumCoast_AJJC86_20200506_20201012_MF100_s1_r1:Otu3,fieldReplicateID,,no replicate,http://vocab.nerc.ac.uk/collection/P01/current/IDSPRE01,,
ARMS_BelgiumCoast_AJJC86_20200506_20201012_MF100_s1_r1:Otu10,submergedTime,day,159,http://vocab.nerc.ac.uk/collection/P01/current/AZDRZZ01/,https://vocab.nerc.ac.uk/collection/P06/current/UTAA/,
ARMS_BelgiumCoast_AJJC86_20200506_20201012_MF100_s1_r1:Otu10,preservativeUsed,,DMSO,http://vocab.nerc.ac.uk/collection/Q01/current/Q0100004/,,https://pubchem.ncbi.nlm.nih.gov/compound/679
ARMS_BelgiumCoast_AJJC86_20200506_20201012_MF100_s1_r1:Otu10,lowerLimitFilterSize,micrometer,100,http://vocab.nerc.ac.uk/collection/Q01/current/Q0100011/,https://vocab.nerc.ac.uk/collection/P06/current/UMIC/,
ARMS_BelgiumCoast_AJJC86_20200506_20201012_MF100_s1_r1:Otu10,fieldReplicateID,,no replicate,http://vocab.nerc.ac.uk/collection/P01/current/IDSPRE01,,
ARMS_BelgiumCoast_AJJC86_20200506_20201012_MF100_s1_r1:Otu19,submergedTime,day,159,http://vocab.nerc.ac.uk/collection/P01/current/AZDRZZ01/,https://vocab.nerc.ac.uk/collection/P06/current/UTAA/,
ARMS_BelgiumCoast_AJJC86_20200506_20201012_MF100_s1_r1:Otu19,preservativeUsed,,DMSO,http://vocab.nerc.ac.uk/collection/Q01/current/Q0100004/,,https://pubchem.ncbi.nlm.nih.gov/compound/679
ARMS_BelgiumCoast_AJJC86_20200506_20201012_MF100_s1_r1:Otu19,lowerLimitFilterSize,micrometer,100,http://vocab.nerc.ac.uk/collection/Q01/current/Q0100011/,https://vocab.nerc.ac.uk/collection/P06/current/UMIC/,
ARMS_BelgiumCoast_AJJC86_20200506_20201012_MF100_s1_r1:Otu19,fieldReplicateID,,no replicate,http://vocab.nerc.ac.uk/collection/P01/current/IDSPRE01,,
ARMS_BelgiumCoast_AJJC86_20200506_20201012_MF500_s1_r1:Otu417,submergedTime,day,159,http://vocab.nerc.ac.uk/collection/P01/current/AZDRZZ01/,https://vocab.nerc.ac.uk/collection/P06/current/UTAA/,
ARMS_BelgiumCoast_AJJC86_20200506_20201012_MF500_s1_r1:Otu417,preservativeUsed,,DMSO,http://vocab.nerc.ac.uk/collection/Q01/current/Q0100004/,,https://pubchem.ncbi.nlm.nih.gov/compound/679
ARMS_BelgiumCoast_AJJC86_20200506_20201012_MF500_s1_r1:Otu417,lowerLimitFilterSize,micrometer,500,http://vocab.nerc.ac.uk/collection/Q01/current/Q0100011/,https://vocab.nerc.ac.uk/collection/P06/current/UMIC/,
ARMS_BelgiumCoast_AJJC86_20200506_20201012_MF500_s1_r1:Otu417,fieldReplicateID,,no replicate,http://vocab.nerc.ac.uk/collection/P01/current/IDSPRE01,,
ARMS_BelgiumCoast_AJJC86_20200506_20201012_MF500_s1_r1:Otu416,submergedTime,day,159,http://vocab.nerc.ac.uk/collection/P01/current/AZDRZZ01/,https://vocab.nerc.ac.uk/collection/P06/current/UTAA/,
ARMS_BelgiumCoast_AJJC86_20200506_20201012_MF500_s1_r1:Otu416,preservativeUsed,,DMSO,http://vocab.nerc.ac.uk/collection/Q01/current/Q0100004/,,https://pubchem.ncbi.nlm.nih.gov/compound/679
ARMS_BelgiumCoast_AJJC86_20200506_20201012_MF500_s1_r1:Otu416,lowerLimitFilterSize,micrometer,500,http://vocab.nerc.ac.uk/collection/Q01/current/Q0100011/,https://vocab.nerc.ac.uk/collection/P06/current/UMIC/,
ARMS_BelgiumCoast_AJJC86_20200506_20201012_MF500_s1_r1:Otu416,fieldReplicateID,,no replicate,http://vocab.nerc.ac.uk/collection/P01/current/IDSPRE01,,
ARMS_BelgiumCoast_AJJC86_20200506_20201012_MF500_s1_r1:Otu415,submergedTime,day,159,http://vocab.nerc.ac.uk/collection/P01/current/AZDRZZ01/,https://vocab.nerc.ac.uk/collection/P06/current/UTAA/,
ARMS_BelgiumCoast_AJJC86_20200506_20201012_MF500_s1_r1:Otu415,preservativeUsed,,DMSO,http://vocab.nerc.ac.uk/collection/Q01/current/Q0100004/,,https://pubchem.ncbi.nlm.nih.gov/compound/679
ARMS_BelgiumCoast_AJJC86_20200506_20201012_MF500_s1_r1:Otu415,lowerLimitFilterSize,micrometer,500,http://vocab.nerc.ac.uk/collection/Q01/current/Q0100011/,https://vocab.nerc.ac.uk/collection/P06/current/UMIC/,
ARMS_BelgiumCoast_AJJC86_20200506_20201012_MF500_s1_r1:Otu415,fieldReplicateID,,no replicate,http://vocab.nerc.ac.uk/collection/P01/current/IDSPRE01,,
ARMS_BelgiumCoast_AJJC86_20200506_20201012_MF500_s1_r1:Otu414,submergedTime,day,159,http://vocab.nerc.ac.uk/collection/P01/current/AZDRZZ01/,https://vocab.nerc.ac.uk/collection/P06/current/UTAA/,
ARMS_BelgiumCoast_AJJC86_20200506_20201012_MF500_s1_r1:Otu414,preservativeUsed,,DMSO,http://vocab.nerc.ac.uk/collection/Q01/current/Q0100004/,,https://pubchem.ncbi.nlm.nih.gov/compound/679
ARMS_BelgiumCoast_AJJC86_20200506_20201012_MF500_s1_r1:Otu414,lowerLimitFilterSize,micrometer,500,http://vocab.nerc.ac.uk/collection/Q01/current/Q0100011/,https://vocab.nerc.ac.uk/collection/P06/current/UMIC/,
ARMS_BelgiumCoast_AJJC86_20200506_20201012_MF500_s1_r1:Otu414,fieldReplicateID,,no replicate,http://vocab.nerc.ac.uk/collection/P01/current/IDSPRE01,,
ARMS_BelgiumCoast_AJJC86_20200506_20201012_MF500_s1_r1:Otu418,submergedTime,day,159,http://vocab.nerc.ac.uk/collection/P01/current/AZDRZZ01/,https://vocab.nerc.ac.uk/collection/P06/current/UTAA/,
ARMS_BelgiumCoast_AJJC86_20200506_20201012_MF500_s1_r1:Otu418,preservativeUsed,,DMSO,http://vocab.nerc.ac.uk/collection/Q01/current/Q0100004/,,https://pubchem.ncbi.nlm.nih.gov/compound/679
ARMS_BelgiumCoast_AJJC86_20200506_20201012_MF500_s1_r1:Otu418,lowerLimitFilterSize,micrometer,500,http://vocab.nerc.ac.uk/collection/Q01/current/Q0100011/,https://vocab.nerc.ac.uk/collection/P06/current/UMIC/,
ARMS_BelgiumCoast_AJJC86_20200506_20201012_MF500_s1_r1:Otu418,fieldReplicateID,,no replicate,http://vocab.nerc.ac.uk/collection/P01/current/IDSPRE01,,
ARMS_BelgiumCoast_AJJC86_20200506_20201012_MF500_s1_r1:Otu252,submergedTime,day,159,http://vocab.nerc.ac.uk/collection/P01/current/AZDRZZ01/,https://vocab.nerc.ac.uk/collection/P06/current/UTAA/,
ARMS_BelgiumCoast_AJJC86_20200506_20201012_MF500_s1_r1:Otu252,preservativeUsed,,DMSO,http://vocab.nerc.ac.uk/collection/Q01/current/Q0100004/,,https://pubchem.ncbi.nlm.nih.gov/compound/679
ARMS_BelgiumCoast_AJJC86_20200506_20201012_MF500_s1_r1:Otu252,lowerLimitFilterSize,micrometer,500,http://vocab.nerc.ac.uk/collection/Q01/current/Q0100011/,https://vocab.nerc.ac.uk/collection/P06/current/UMIC/,
ARMS_BelgiumCoast_AJJC86_20200506_20201012_MF500_s1_r1:Otu252,fieldReplicateID,,no replicate,http://vocab.nerc.ac.uk/collection/P01/current/IDSPRE01,,
ARMS_BelgiumCoast_AJJC86_20200506_20201012_MF500_s1_r1:Otu259,submergedTime,day,159,http://vocab.nerc.ac.uk/collection/P01/current/AZDRZZ01/,https://vocab.nerc.ac.uk/collection/P06/current/UTAA/,
ARMS_BelgiumCoast_AJJC86_20200506_20201012_MF500_s1_r1:Otu259,preservativeUsed,,DMSO,http://vocab.nerc.ac.uk/collection/Q01/current/Q0100004/,,https://pubchem.ncbi.nlm.nih.gov/compound/679
ARMS_BelgiumCoast_AJJC86_20200506_20201012_MF500_s1_r1:Otu259,lowerLimitFilterSize,micrometer,500,http://vocab.nerc.ac.uk/collection/Q01/current/Q0100011/,https://vocab.nerc.ac.uk/collection/P06/current/UMIC/,
ARMS_BelgiumCoast_AJJC86_20200506_20201012_MF500_s1_r1:Otu259,fieldReplicateID,,no replicate,http://vocab.nerc.ac.uk/collection/P01/current/IDSPRE01,,
ARMS_BelgiumCoast_AJJC86_20200506_20201012_MF500_s1_r1:Otu354,submergedTime,day,159,http://vocab.nerc.ac.uk/collection/P01/current/AZDRZZ01/,https://vocab.nerc.ac.uk/collection/P06/current/UTAA/,
ARMS_BelgiumCoast_AJJC86_20200506_20201012_MF500_s1_r1:Otu354,preservativeUsed,,DMSO,http://vocab.nerc.ac.uk/collection/Q01/current/Q0100004/,,https://pubchem.ncbi.nlm.nih.gov/compound/679
ARMS_BelgiumCoast_AJJC86_20200506_20201012_MF500_s1_r1:Otu354,lowerLimitFilterSize,micrometer,500,http://vocab.nerc.ac.uk/collection/Q01/current/Q0100011/,https://vocab.nerc.ac.uk/collection/P06/current/UMIC/,
ARMS_BelgiumCoast_AJJC86_20200506_20201012_MF500_s1_r1:Otu354,fieldReplicateID,,no replicate,http://vocab.nerc.ac.uk/collection/P01/current/IDSPRE01,,
ARMS_BelgiumCoast_AJJC86_20200506_20201012_MF500_s1_r1:Otu355,submergedTime,day,159,http://vocab.nerc.ac.uk/collection/P01/current/AZDRZZ01/,https://vocab.nerc.ac.uk/collection/P06/current/UTAA/,
ARMS_BelgiumCoast_AJJC86_20200506_20201012_MF500_s1_r1:Otu355,preservativeUsed,,DMSO,http://vocab.nerc.ac.uk/collection/Q01/current/Q0100004/,,https://pubchem.ncbi.nlm.nih.gov/compound/679
ARMS_BelgiumCoast_AJJC86_20200506_20201012_MF500_s1_r1:Otu355,lowerLimitFilterSize,micrometer,500,http://vocab.nerc.ac.uk/collection/Q01/current/Q0100011/,https://vocab.nerc.ac.uk/collection/P06/current/UMIC/,
ARMS_BelgiumCoast_AJJC86_20200506_20201012_MF500_s1_r1:Otu355,fieldReplicateID,,no replicate,http://vocab.nerc.ac.uk/collection/P01/current/IDSPRE01,,
ARMS_BelgiumCoast_AJJC86_20200506_20201012_MF500_s1_r1:Otu353,submergedTime,day,159,http://vocab.nerc.ac.uk/collection/P01/current/AZDRZZ01/,https://vocab.nerc.ac.uk/collection/P06/current/UTAA/,
ARMS_BelgiumCoast_AJJC86_20200506_20201012_MF500_s1_r1:Otu353,preservativeUsed,,DMSO,http://vocab.nerc.ac.uk/collection/Q01/current/Q0100004/,,https://pubchem.ncbi.nlm.nih.gov/compound/679
ARMS_BelgiumCoast_AJJC86_20200506_20201012_MF500_s1_r1:Otu353,lowerLimitFilterSize,micrometer,500,http://vocab.nerc.ac.uk/collection/Q01/current/Q0100011/,https://vocab.nerc.ac.uk/collection/P06/current/UMIC/,
ARMS_BelgiumCoast_AJJC86_20200506_20201012_MF500_s1_r1:Otu353,fieldReplicateID,,no replicate,http://vocab.nerc.ac.uk/collection/P01/current/IDSPRE01,,
ARMS_BelgiumCoast_AJJC86_20200506_20201012_MF500_s1_r1:Otu120,submergedTime,day,159,http://vocab.nerc.ac.uk/collection/P01/current/AZDRZZ01/,https://vocab.nerc.ac.uk/collection/P06/current/UTAA/,
ARMS_BelgiumCoast_AJJC86_20200506_20201012_MF500_s1_r1:Otu120,preservativeUsed,,DMSO,http://vocab.nerc.ac.uk/collection/Q01/current/Q0100004/,,https://pubchem.ncbi.nlm.nih.gov/compound/679
ARMS_BelgiumCoast_AJJC86_20200506_20201012_MF500_s1_r1:Otu120,lowerLimitFilterSize,micrometer,500,http://vocab.nerc.ac.uk/collection/Q01/current/Q0100011/,https://vocab.nerc.ac.uk/collection/P06/current/UMIC/,
ARMS_BelgiumCoast_AJJC86_20200506_20201012_MF500_s1_r1:Otu120,fieldReplicateID,,no replicate,http://vocab.nerc.ac.uk/collection/P01/current/IDSPRE01,,
ARMS_BelgiumCoast_AJJC86_20200506_20201012_MF500_s1_r1:Otu62,submergedTime,day,159,http://vocab.nerc.ac.uk/collection/P01/current/AZDRZZ01/,https://vocab.nerc.ac.uk/collection/P06/current/UTAA/,
ARMS_BelgiumCoast_AJJC86_20200506_20201012_MF500_s1_r1:Otu62,preservativeUsed,,DMSO,http://vocab.nerc.ac.uk/collection/Q01/current/Q0100004/,,https://pubchem.ncbi.nlm.nih.gov/compound/679
ARMS_BelgiumCoast_AJJC86_20200506_20201012_MF500_s1_r1:Otu62,lowerLimitFilterSize,micrometer,500,http://vocab.nerc.ac.uk/collection/Q01/current/Q0100011/,https://vocab.nerc.ac.uk/collection/P06/current/UMIC/,
ARMS_BelgiumCoast_AJJC86_20200506_20201012_MF500_s1_r1:Otu62,fieldReplicateID,,no replicate,http://vocab.nerc.ac.uk/collection/P01/current/IDSPRE01,,
ARMS_BelgiumCoast_AJJC86_20200506_20201012_MF500_s1_r1:Otu67,submergedTime,day,159,http://vocab.nerc.ac.uk/collection/P01/current/AZDRZZ01/,https://vocab.nerc.ac.uk/collection/P06/current/UTAA/,
ARMS_BelgiumCoast_AJJC86_20200506_20201012_MF500_s1_r1:Otu67,preservativeUsed,,DMSO,http://vocab.nerc.ac.uk/collection/Q01/current/Q0100004/,,https://pubchem.ncbi.nlm.nih.gov/compound/679
ARMS_BelgiumCoast_AJJC86_20200506_20201012_MF500_s1_r1:Otu67,lowerLimitFilterSize,micrometer,500,http://vocab.nerc.ac.uk/collection/Q01/current/Q0100011/,https://vocab.nerc.ac.uk/collection/P06/current/UMIC/,
ARMS_BelgiumCoast_AJJC86_20200506_20201012_MF500_s1_r1:Otu67,fieldReplicateID,,no replicate,http://vocab.nerc.ac.uk/collection/P01/current/IDSPRE01,,
ARMS_BelgiumCoast_AJJC86_20200506_20201012_MF500_s1_r1:Otu300,submergedTime,day,159,http://vocab.nerc.ac.uk/collection/P01/current/AZDRZZ01/,https://vocab.nerc.ac.uk/collection/P06/current/UTAA/,
ARMS_BelgiumCoast_AJJC86_20200506_20201012_MF500_s1_r1:Otu300,preservativeUsed,,DMSO,http://vocab.nerc.ac.uk/collection/Q01/current/Q0100004/,,https://pubchem.ncbi.nlm.nih.gov/compound/679
ARMS_BelgiumCoast_AJJC86_20200506_20201012_MF500_s1_r1:Otu300,lowerLimitFilterSize,micrometer,500,http://vocab.nerc.ac.uk/collection/Q01/current/Q0100011/,https://vocab.nerc.ac.uk/collection/P06/current/UMIC/,
ARMS_BelgiumCoast_AJJC86_20200506_20201012_MF500_s1_r1:Otu300,fieldReplicateID,,no replicate,http://vocab.nerc.ac.uk/collection/P01/current/IDSPRE01,,
ARMS_BelgiumCoast_AJJC86_20200506_20201012_MF500_s1_r1:Otu260,submergedTime,day,159,http://vocab.nerc.ac.uk/collection/P01/current/AZDRZZ01/,https://vocab.nerc.ac.uk/collection/P06/current/UTAA/,
ARMS_BelgiumCoast_AJJC86_20200506_20201012_MF500_s1_r1:Otu260,preservativeUsed,,DMSO,http://vocab.nerc.ac.uk/collection/Q01/current/Q0100004/,,https://pubchem.ncbi.nlm.nih.gov/compound/679
ARMS_BelgiumCoast_AJJC86_20200506_20201012_MF500_s1_r1:Otu260,lowerLimitFilterSize,micrometer,500,http://vocab.nerc.ac.uk/collection/Q01/current/Q0100011/,https://vocab.nerc.ac.uk/collection/P06/current/UMIC/,
ARMS_BelgiumCoast_AJJC86_20200506_20201012_MF500_s1_r1:Otu260,fieldReplicateID,,no replicate,http://vocab.nerc.ac.uk/collection/P01/current/IDSPRE01,,
ARMS_BelgiumCoast_AJJC86_20200506_20201012_MF500_s1_r1:Otu261,submergedTime,day,159,http://vocab.nerc.ac.uk/collection/P01/current/AZDRZZ01/,https://vocab.nerc.ac.uk/collection/P06/current/UTAA/,
ARMS_BelgiumCoast_AJJC86_20200506_20201012_MF500_s1_r1:Otu261,preservativeUsed,,DMSO,http://vocab.nerc.ac.uk/collection/Q01/current/Q0100004/,,https://pubchem.ncbi.nlm.nih.gov/compound/679
ARMS_BelgiumCoast_AJJC86_20200506_20201012_MF500_s1_r1:Otu261,lowerLimitFilterSize,micrometer,500,http://vocab.nerc.ac.uk/collection/Q01/current/Q0100011/,https://vocab.nerc.ac.uk/collection/P06/current/UMIC/,
ARMS_BelgiumCoast_AJJC86_20200506_20201012_MF500_s1_r1:Otu261,fieldReplicateID,,no replicate,http://vocab.nerc.ac.uk/collection/P01/current/IDSPRE01,,
ARMS_BelgiumCoast_AJJC86_20200506_20201012_MF500_s1_r1:Otu111,submergedTime,day,159,http://vocab.nerc.ac.uk/collection/P01/current/AZDRZZ01/,https://vocab.nerc.ac.uk/collection/P06/current/UTAA/,
ARMS_BelgiumCoast_AJJC86_20200506_20201012_MF500_s1_r1:Otu111,preservativeUsed,,DMSO,http://vocab.nerc.ac.uk/collection/Q01/current/Q0100004/,,https://pubchem.ncbi.nlm.nih.gov/compound/679
ARMS_BelgiumCoast_AJJC86_20200506_20201012_MF500_s1_r1:Otu111,lowerLimitFilterSize,micrometer,500,http://vocab.nerc.ac.uk/collection/Q01/current/Q0100011/,https://vocab.nerc.ac.uk/collection/P06/current/UMIC/,
ARMS_BelgiumCoast_AJJC86_20200506_20201012_MF500_s1_r1:Otu111,fieldReplicateID,,no replicate,http://vocab.nerc.ac.uk/collection/P01/current/IDSPRE01,,
ARMS_BelgiumCoast_AJJC86_20200506_20201012_MF500_s1_r1:Otu31,submergedTime,day,159,http://vocab.nerc.ac.uk/collection/P01/current/AZDRZZ01/,https://vocab.nerc.ac.uk/collection/P06/current/UTAA/,
ARMS_BelgiumCoast_AJJC86_20200506_20201012_MF500_s1_r1:Otu31,preservativeUsed,,DMSO,http://vocab.nerc.ac.uk/collection/Q01/current/Q0100004/,,https://pubchem.ncbi.nlm.nih.gov/compound/679
ARMS_BelgiumCoast_AJJC86_20200506_20201012_MF500_s1_r1:Otu31,lowerLimitFilterSize,micrometer,500,http://vocab.nerc.ac.uk/collection/Q01/current/Q0100011/,https://vocab.nerc.ac.uk/collection/P06/current/UMIC/,
ARMS_BelgiumCoast_AJJC86_20200506_20201012_MF500_s1_r1:Otu31,fieldReplicateID,,no replicate,http://vocab.nerc.ac.uk/collection/P01/current/IDSPRE01,,
ARMS_BelgiumCoast_AJJC86_20200506_20201012_MF500_s1_r1:Otu165,submergedTime,day,159,http://vocab.nerc.ac.uk/collection/P01/current/AZDRZZ01/,https://vocab.nerc.ac.uk/collection/P06/current/UTAA/,
ARMS_BelgiumCoast_AJJC86_20200506_20201012_MF500_s1_r1:Otu165,preservativeUsed,,DMSO,http://vocab.nerc.ac.uk/collection/Q01/current/Q0100004/,,https://pubchem.ncbi.nlm.nih.gov/compound/679
ARMS_BelgiumCoast_AJJC86_20200506_20201012_MF500_s1_r1:Otu165,lowerLimitFilterSize,micrometer,500,http://vocab.nerc.ac.uk/collection/Q01/current/Q0100011/,https://vocab.nerc.ac.uk/collection/P06/current/UMIC/,
ARMS_BelgiumCoast_AJJC86_20200506_20201012_MF500_s1_r1:Otu165,fieldReplicateID,,no replicate,http://vocab.nerc.ac.uk/collection/P01/current/IDSPRE01,,
ARMS_BelgiumCoast_AJJC86_20200506_20201012_MF500_s1_r1:Otu164,submergedTime,day,159,http://vocab.nerc.ac.uk/collection/P01/current/AZDRZZ01/,https://vocab.nerc.ac.uk/collection/P06/current/UTAA/,
ARMS_BelgiumCoast_AJJC86_20200506_20201012_MF500_s1_r1:Otu164,preservativeUsed,,DMSO,http://vocab.nerc.ac.uk/collection/Q01/current/Q0100004/,,https://pubchem.ncbi.nlm.nih.gov/compound/679
ARMS_BelgiumCoast_AJJC86_20200506_20201012_MF500_s1_r1:Otu164,lowerLimitFilterSize,micrometer,500,http://vocab.nerc.ac.uk/collection/Q01/current/Q0100011/,https://vocab.nerc.ac.uk/collection/P06/current/UMIC/,
ARMS_BelgiumCoast_AJJC86_20200506_20201012_MF500_s1_r1:Otu164,fieldReplicateID,,no replicate,http://vocab.nerc.ac.uk/collection/P01/current/IDSPRE01,,
ARMS_BelgiumCoast_AJJC86_20200506_20201012_MF500_s1_r1:Otu83,submergedTime,day,159,http://vocab.nerc.ac.uk/collection/P01/current/AZDRZZ01/,https://vocab.nerc.ac.uk/collection/P06/current/UTAA/,
ARMS_BelgiumCoast_AJJC86_20200506_20201012_MF500_s1_r1:Otu83,preservativeUsed,,DMSO,http://vocab.nerc.ac.uk/collection/Q01/current/Q0100004/,,https://pubchem.ncbi.nlm.nih.gov/compound/679
ARMS_BelgiumCoast_AJJC86_20200506_20201012_MF500_s1_r1:Otu83,lowerLimitFilterSize,micrometer,500,http://vocab.nerc.ac.uk/collection/Q01/current/Q0100011/,https://vocab.nerc.ac.uk/collection/P06/current/UMIC/,
ARMS_BelgiumCoast_AJJC86_20200506_20201012_MF500_s1_r1:Otu83,fieldReplicateID,,no replicate,http://vocab.nerc.ac.uk/collection/P01/current/IDSPRE01,,
ARMS_BelgiumCoast_AJJC86_20200506_20201012_MF500_s1_r1:Otu85,submergedTime,day,159,http://vocab.nerc.ac.uk/collection/P01/current/AZDRZZ01/,https://vocab.nerc.ac.uk/collection/P06/current/UTAA/,
ARMS_BelgiumCoast_AJJC86_20200506_20201012_MF500_s1_r1:Otu85,preservativeUsed,,DMSO,http://vocab.nerc.ac.uk/collection/Q01/current/Q0100004/,,https://pubchem.ncbi.nlm.nih.gov/compound/679
ARMS_BelgiumCoast_AJJC86_20200506_20201012_MF500_s1_r1:Otu85,lowerLimitFilterSize,micrometer,500,http://vocab.nerc.ac.uk/collection/Q01/current/Q0100011/,https://vocab.nerc.ac.uk/collection/P06/current/UMIC/,
ARMS_BelgiumCoast_AJJC86_20200506_20201012_MF500_s1_r1:Otu85,fieldReplicateID,,no replicate,http://vocab.nerc.ac.uk/collection/P01/current/IDSPRE01,,
ARMS_BelgiumCoast_AJJC86_20200506_20201012_MF500_s1_r1:Otu336,submergedTime,day,159,http://vocab.nerc.ac.uk/collection/P01/current/AZDRZZ01/,https://vocab.nerc.ac.uk/collection/P06/current/UTAA/,
ARMS_BelgiumCoast_AJJC86_20200506_20201012_MF500_s1_r1:Otu336,preservativeUsed,,DMSO,http://vocab.nerc.ac.uk/collection/Q01/current/Q0100004/,,https://pubchem.ncbi.nlm.nih.gov/compound/679
ARMS_BelgiumCoast_AJJC86_20200506_20201012_MF500_s1_r1:Otu336,lowerLimitFilterSize,micrometer,500,http://vocab.nerc.ac.uk/collection/Q01/current/Q0100011/,https://vocab.nerc.ac.uk/collection/P06/current/UMIC/,
ARMS_BelgiumCoast_AJJC86_20200506_20201012_MF500_s1_r1:Otu336,fieldReplicateID,,no replicate,http://vocab.nerc.ac.uk/collection/P01/current/IDSPRE01,,
ARMS_BelgiumCoast_AJJC86_20200506_20201012_MF500_s1_r1:Otu71,submergedTime,day,159,http://vocab.nerc.ac.uk/collection/P01/current/AZDRZZ01/,https://vocab.nerc.ac.uk/collection/P06/current/UTAA/,
ARMS_BelgiumCoast_AJJC86_20200506_20201012_MF500_s1_r1:Otu71,preservativeUsed,,DMSO,http://vocab.nerc.ac.uk/collection/Q01/current/Q0100004/,,https://pubchem.ncbi.nlm.nih.gov/compound/679
ARMS_BelgiumCoast_AJJC86_20200506_20201012_MF500_s1_r1:Otu71,lowerLimitFilterSize,micrometer,500,http://vocab.nerc.ac.uk/collection/Q01/current/Q0100011/,https://vocab.nerc.ac.uk/collection/P06/current/UMIC/,
ARMS_BelgiumCoast_AJJC86_20200506_20201012_MF500_s1_r1:Otu71,fieldReplicateID,,no replicate,http://vocab.nerc.ac.uk/collection/P01/current/IDSPRE01,,
ARMS_BelgiumCoast_AJJC86_20200506_20201012_MF500_s1_r1:Otu75,submergedTime,day,159,http://vocab.nerc.ac.uk/collection/P01/current/AZDRZZ01/,https://vocab.nerc.ac.uk/collection/P06/current/UTAA/,
ARMS_BelgiumCoast_AJJC86_20200506_20201012_MF500_s1_r1:Otu75,preservativeUsed,,DMSO,http://vocab.nerc.ac.uk/collection/Q01/current/Q0100004/,,https://pubchem.ncbi.nlm.nih.gov/compound/679
ARMS_BelgiumCoast_AJJC86_20200506_20201012_MF500_s1_r1:Otu75,lowerLimitFilterSize,micrometer,500,http://vocab.nerc.ac.uk/collection/Q01/current/Q0100011/,https://vocab.nerc.ac.uk/collection/P06/current/UMIC/,
ARMS_BelgiumCoast_AJJC86_20200506_20201012_MF500_s1_r1:Otu75,fieldReplicateID,,no replicate,http://vocab.nerc.ac.uk/collection/P01/current/IDSPRE01,,
ARMS_BelgiumCoast_AJJC86_20200506_20201012_MF500_s1_r1:Otu233,submergedTime,day,159,http://vocab.nerc.ac.uk/collection/P01/current/AZDRZZ01/,https://vocab.nerc.ac.uk/collection/P06/current/UTAA/,
ARMS_BelgiumCoast_AJJC86_20200506_20201012_MF500_s1_r1:Otu233,preservativeUsed,,DMSO,http://vocab.nerc.ac.uk/collection/Q01/current/Q0100004/,,https://pubchem.ncbi.nlm.nih.gov/compound/679
ARMS_BelgiumCoast_AJJC86_20200506_20201012_MF500_s1_r1:Otu233,lowerLimitFilterSize,micrometer,500,http://vocab.nerc.ac.uk/collection/Q01/current/Q0100011/,https://vocab.nerc.ac.uk/collection/P06/current/UMIC/,
ARMS_BelgiumCoast_AJJC86_20200506_20201012_MF500_s1_r1:Otu233,fieldReplicateID,,no replicate,http://vocab.nerc.ac.uk/collection/P01/current/IDSPRE01,,
ARMS_BelgiumCoast_AJJC86_20200506_20201012_MF500_s1_r1:Otu9,submergedTime,day,159,http://vocab.nerc.ac.uk/collection/P01/current/AZDRZZ01/,https://vocab.nerc.ac.uk/collection/P06/current/UTAA/,
ARMS_BelgiumCoast_AJJC86_20200506_20201012_MF500_s1_r1:Otu9,preservativeUsed,,DMSO,http://vocab.nerc.ac.uk/collection/Q01/current/Q0100004/,,https://pubchem.ncbi.nlm.nih.gov/compound/679
ARMS_BelgiumCoast_AJJC86_20200506_20201012_MF500_s1_r1:Otu9,lowerLimitFilterSize,micrometer,500,http://vocab.nerc.ac.uk/collection/Q01/current/Q0100011/,https://vocab.nerc.ac.uk/collection/P06/current/UMIC/,
ARMS_BelgiumCoast_AJJC86_20200506_20201012_MF500_s1_r1:Otu9,fieldReplicateID,,no replicate,http://vocab.nerc.ac.uk/collection/P01/current/IDSPRE01,,
ARMS_BelgiumCoast_AJJC86_20200506_20201012_MF500_s1_r1:Otu7,submergedTime,day,159,http://vocab.nerc.ac.uk/collection/P01/current/AZDRZZ01/,https://vocab.nerc.ac.uk/collection/P06/current/UTAA/,
ARMS_BelgiumCoast_AJJC86_20200506_20201012_MF500_s1_r1:Otu7,preservativeUsed,,DMSO,http://vocab.nerc.ac.uk/collection/Q01/current/Q0100004/,,https://pubchem.ncbi.nlm.nih.gov/compound/679
ARMS_BelgiumCoast_AJJC86_20200506_20201012_MF500_s1_r1:Otu7,lowerLimitFilterSize,micrometer,500,http://vocab.nerc.ac.uk/collection/Q01/current/Q0100011/,https://vocab.nerc.ac.uk/collection/P06/current/UMIC/,
ARMS_BelgiumCoast_AJJC86_20200506_20201012_MF500_s1_r1:Otu7,fieldReplicateID,,no replicate,http://vocab.nerc.ac.uk/collection/P01/current/IDSPRE01,,
ARMS_BelgiumCoast_AJJC86_20200506_20201012_MF500_s1_r1:Otu2,submergedTime,day,159,http://vocab.nerc.ac.uk/collection/P01/current/AZDRZZ01/,https://vocab.nerc.ac.uk/collection/P06/current/UTAA/,
ARMS_BelgiumCoast_AJJC86_20200506_20201012_MF500_s1_r1:Otu2,preservativeUsed,,DMSO,http://vocab.nerc.ac.uk/collection/Q01/current/Q0100004/,,https://pubchem.ncbi.nlm.nih.gov/compound/679
ARMS_BelgiumCoast_AJJC86_20200506_20201012_MF500_s1_r1:Otu2,lowerLimitFilterSize,micrometer,500,http://vocab.nerc.ac.uk/collection/Q01/current/Q0100011/,https://vocab.nerc.ac.uk/collection/P06/current/UMIC/,
ARMS_BelgiumCoast_AJJC86_20200506_20201012_MF500_s1_r1:Otu2,fieldReplicateID,,no replicate,http://vocab.nerc.ac.uk/collection/P01/current/IDSPRE01,,
ARMS_BelgiumCoast_AJJC86_20200506_20201012_MF500_s1_r1:Otu204,submergedTime,day,159,http://vocab.nerc.ac.uk/collection/P01/current/AZDRZZ01/,https://vocab.nerc.ac.uk/collection/P06/current/UTAA/,
ARMS_BelgiumCoast_AJJC86_20200506_20201012_MF500_s1_r1:Otu204,preservativeUsed,,DMSO,http://vocab.nerc.ac.uk/collection/Q01/current/Q0100004/,,https://pubchem.ncbi.nlm.nih.gov/compound/679
ARMS_BelgiumCoast_AJJC86_20200506_20201012_MF500_s1_r1:Otu204,lowerLimitFilterSize,micrometer,500,http://vocab.nerc.ac.uk/collection/Q01/current/Q0100011/,https://vocab.nerc.ac.uk/collection/P06/current/UMIC/,
ARMS_BelgiumCoast_AJJC86_20200506_20201012_MF500_s1_r1:Otu204,fieldReplicateID,,no replicate,http://vocab.nerc.ac.uk/collection/P01/current/IDSPRE01,,
ARMS_BelgiumCoast_AJJC86_20200506_20201012_MF500_s1_r1:Otu107,submergedTime,day,159,http://vocab.nerc.ac.uk/collection/P01/current/AZDRZZ01/,https://vocab.nerc.ac.uk/collection/P06/current/UTAA/,
ARMS_BelgiumCoast_AJJC86_20200506_20201012_MF500_s1_r1:Otu107,preservativeUsed,,DMSO,http://vocab.nerc.ac.uk/collection/Q01/current/Q0100004/,,https://pubchem.ncbi.nlm.nih.gov/compound/679
ARMS_BelgiumCoast_AJJC86_20200506_20201012_MF500_s1_r1:Otu107,lowerLimitFilterSize,micrometer,500,http://vocab.nerc.ac.uk/collection/Q01/current/Q0100011/,https://vocab.nerc.ac.uk/collection/P06/current/UMIC/,
ARMS_BelgiumCoast_AJJC86_20200506_20201012_MF500_s1_r1:Otu107,fieldReplicateID,,no replicate,http://vocab.nerc.ac.uk/collection/P01/current/IDSPRE01,,
ARMS_BelgiumCoast_AJJC86_20200506_20201012_MF500_s1_r1:Otu102,submergedTime,day,159,http://vocab.nerc.ac.uk/collection/P01/current/AZDRZZ01/,https://vocab.nerc.ac.uk/collection/P06/current/UTAA/,
ARMS_BelgiumCoast_AJJC86_20200506_20201012_MF500_s1_r1:Otu102,preservativeUsed,,DMSO,http://vocab.nerc.ac.uk/collection/Q01/current/Q0100004/,,https://pubchem.ncbi.nlm.nih.gov/compound/679
ARMS_BelgiumCoast_AJJC86_20200506_20201012_MF500_s1_r1:Otu102,lowerLimitFilterSize,micrometer,500,http://vocab.nerc.ac.uk/collection/Q01/current/Q0100011/,https://vocab.nerc.ac.uk/collection/P06/current/UMIC/,
ARMS_BelgiumCoast_AJJC86_20200506_20201012_MF500_s1_r1:Otu102,fieldReplicateID,,no replicate,http://vocab.nerc.ac.uk/collection/P01/current/IDSPRE01,,
ARMS_BelgiumCoast_AJJC86_20200506_20201012_MF500_s1_r1:Otu108,submergedTime,day,159,http://vocab.nerc.ac.uk/collection/P01/current/AZDRZZ01/,https://vocab.nerc.ac.uk/collection/P06/current/UTAA/,
ARMS_BelgiumCoast_AJJC86_20200506_20201012_MF500_s1_r1:Otu108,preservativeUsed,,DMSO,http://vocab.nerc.ac.uk/collection/Q01/current/Q0100004/,,https://pubchem.ncbi.nlm.nih.gov/compound/679
ARMS_BelgiumCoast_AJJC86_20200506_20201012_MF500_s1_r1:Otu108,lowerLimitFilterSize,micrometer,500,http://vocab.nerc.ac.uk/collection/Q01/current/Q0100011/,https://vocab.nerc.ac.uk/collection/P06/current/UMIC/,
ARMS_BelgiumCoast_AJJC86_20200506_20201012_MF500_s1_r1:Otu108,fieldReplicateID,,no replicate,http://vocab.nerc.ac.uk/collection/P01/current/IDSPRE01,,
ARMS_BelgiumCoast_AJJC86_20200506_20201012_MF500_s1_r1:Otu193,submergedTime,day,159,http://vocab.nerc.ac.uk/collection/P01/current/AZDRZZ01/,https://vocab.nerc.ac.uk/collection/P06/current/UTAA/,
ARMS_BelgiumCoast_AJJC86_20200506_20201012_MF500_s1_r1:Otu193,preservativeUsed,,DMSO,http://vocab.nerc.ac.uk/collection/Q01/current/Q0100004/,,https://pubchem.ncbi.nlm.nih.gov/compound/679
ARMS_BelgiumCoast_AJJC86_20200506_20201012_MF500_s1_r1:Otu193,lowerLimitFilterSize,micrometer,500,http://vocab.nerc.ac.uk/collection/Q01/current/Q0100011/,https://vocab.nerc.ac.uk/collection/P06/current/UMIC/,
ARMS_BelgiumCoast_AJJC86_20200506_20201012_MF500_s1_r1:Otu193,fieldReplicateID,,no replicate,http://vocab.nerc.ac.uk/collection/P01/current/IDSPRE01,,
ARMS_BelgiumCoast_AJJC86_20200506_20201012_MF500_s1_r1:Otu94,submergedTime,day,159,http://vocab.nerc.ac.uk/collection/P01/current/AZDRZZ01/,https://vocab.nerc.ac.uk/collection/P06/current/UTAA/,
ARMS_BelgiumCoast_AJJC86_20200506_20201012_MF500_s1_r1:Otu94,preservativeUsed,,DMSO,http://vocab.nerc.ac.uk/collection/Q01/current/Q0100004/,,https://pubchem.ncbi.nlm.nih.gov/compound/679
ARMS_BelgiumCoast_AJJC86_20200506_20201012_MF500_s1_r1:Otu94,lowerLimitFilterSize,micrometer,500,http://vocab.nerc.ac.uk/collection/Q01/current/Q0100011/,https://vocab.nerc.ac.uk/collection/P06/current/UMIC/,
ARMS_BelgiumCoast_AJJC86_20200506_20201012_MF500_s1_r1:Otu94,fieldReplicateID,,no replicate,http://vocab.nerc.ac.uk/collection/P01/current/IDSPRE01,,
ARMS_BelgiumCoast_AJJC86_20200506_20201012_MF500_s1_r1:Otu141,submergedTime,day,159,http://vocab.nerc.ac.uk/collection/P01/current/AZDRZZ01/,https://vocab.nerc.ac.uk/collection/P06/current/UTAA/,
ARMS_BelgiumCoast_AJJC86_20200506_20201012_MF500_s1_r1:Otu141,preservativeUsed,,DMSO,http://vocab.nerc.ac.uk/collection/Q01/current/Q0100004/,,https://pubchem.ncbi.nlm.nih.gov/compound/679
ARMS_BelgiumCoast_AJJC86_20200506_20201012_MF500_s1_r1:Otu141,lowerLimitFilterSize,micrometer,500,http://vocab.nerc.ac.uk/collection/Q01/current/Q0100011/,https://vocab.nerc.ac.uk/collection/P06/current/UMIC/,
ARMS_BelgiumCoast_AJJC86_20200506_20201012_MF500_s1_r1:Otu141,fieldReplicateID,,no replicate,http://vocab.nerc.ac.uk/collection/P01/current/IDSPRE01,,
ARMS_BelgiumCoast_AJJC86_20200506_20201012_MF500_s1_r1:Otu146,submergedTime,day,159,http://vocab.nerc.ac.uk/collection/P01/current/AZDRZZ01/,https://vocab.nerc.ac.uk/collection/P06/current/UTAA/,
ARMS_BelgiumCoast_AJJC86_20200506_20201012_MF500_s1_r1:Otu146,preservativeUsed,,DMSO,http://vocab.nerc.ac.uk/collection/Q01/current/Q0100004/,,https://pubchem.ncbi.nlm.nih.gov/compound/679
ARMS_BelgiumCoast_AJJC86_20200506_20201012_MF500_s1_r1:Otu146,lowerLimitFilterSize,micrometer,500,http://vocab.nerc.ac.uk/collection/Q01/current/Q0100011/,https://vocab.nerc.ac.uk/collection/P06/current/UMIC/,
ARMS_BelgiumCoast_AJJC86_20200506_20201012_MF500_s1_r1:Otu146,fieldReplicateID,,no replicate,http://vocab.nerc.ac.uk/collection/P01/current/IDSPRE01,,
ARMS_BelgiumCoast_AJJC86_20200506_20201012_MF500_s1_r1:Otu44,submergedTime,day,159,http://vocab.nerc.ac.uk/collection/P01/current/AZDRZZ01/,https://vocab.nerc.ac.uk/collection/P06/current/UTAA/,
ARMS_BelgiumCoast_AJJC86_20200506_20201012_MF500_s1_r1:Otu44,preservativeUsed,,DMSO,http://vocab.nerc.ac.uk/collection/Q01/current/Q0100004/,,https://pubchem.ncbi.nlm.nih.gov/compound/679
ARMS_BelgiumCoast_AJJC86_20200506_20201012_MF500_s1_r1:Otu44,lowerLimitFilterSize,micrometer,500,http://vocab.nerc.ac.uk/collection/Q01/current/Q0100011/,https://vocab.nerc.ac.uk/collection/P06/current/UMIC/,
ARMS_BelgiumCoast_AJJC86_20200506_20201012_MF500_s1_r1:Otu44,fieldReplicateID,,no replicate,http://vocab.nerc.ac.uk/collection/P01/current/IDSPRE01,,
ARMS_BelgiumCoast_AJJC86_20200506_20201012_MF500_s1_r1:Otu53,submergedTime,day,159,http://vocab.nerc.ac.uk/collection/P01/current/AZDRZZ01/,https://vocab.nerc.ac.uk/collection/P06/current/UTAA/,
ARMS_BelgiumCoast_AJJC86_20200506_20201012_MF500_s1_r1:Otu53,preservativeUsed,,DMSO,http://vocab.nerc.ac.uk/collection/Q01/current/Q0100004/,,https://pubchem.ncbi.nlm.nih.gov/compound/679
ARMS_BelgiumCoast_AJJC86_20200506_20201012_MF500_s1_r1:Otu53,lowerLimitFilterSize,micrometer,500,http://vocab.nerc.ac.uk/collection/Q01/current/Q0100011/,https://vocab.nerc.ac.uk/collection/P06/current/UMIC/,
ARMS_BelgiumCoast_AJJC86_20200506_20201012_MF500_s1_r1:Otu53,fieldReplicateID,,no replicate,http://vocab.nerc.ac.uk/collection/P01/current/IDSPRE01,,
ARMS_BelgiumCoast_AJJC86_20200506_20201012_MF500_s1_r1:Otu138,submergedTime,day,159,http://vocab.nerc.ac.uk/collection/P01/current/AZDRZZ01/,https://vocab.nerc.ac.uk/collection/P06/current/UTAA/,
ARMS_BelgiumCoast_AJJC86_20200506_20201012_MF500_s1_r1:Otu138,preservativeUsed,,DMSO,http://vocab.nerc.ac.uk/collection/Q01/current/Q0100004/,,https://pubchem.ncbi.nlm.nih.gov/compound/679
ARMS_BelgiumCoast_AJJC86_20200506_20201012_MF500_s1_r1:Otu138,lowerLimitFilterSize,micrometer,500,http://vocab.nerc.ac.uk/collection/Q01/current/Q0100011/,https://vocab.nerc.ac.uk/collection/P06/current/UMIC/,
ARMS_BelgiumCoast_AJJC86_20200506_20201012_MF500_s1_r1:Otu138,fieldReplicateID,,no replicate,http://vocab.nerc.ac.uk/collection/P01/current/IDSPRE01,,
ARMS_BelgiumCoast_AJJC86_20200506_20201012_MF500_s1_r1:Otu17,submergedTime,day,159,http://vocab.nerc.ac.uk/collection/P01/current/AZDRZZ01/,https://vocab.nerc.ac.uk/collection/P06/current/UTAA/,
ARMS_BelgiumCoast_AJJC86_20200506_20201012_MF500_s1_r1:Otu17,preservativeUsed,,DMSO,http://vocab.nerc.ac.uk/collection/Q01/current/Q0100004/,,https://pubchem.ncbi.nlm.nih.gov/compound/679
ARMS_BelgiumCoast_AJJC86_20200506_20201012_MF500_s1_r1:Otu17,lowerLimitFilterSize,micrometer,500,http://vocab.nerc.ac.uk/collection/Q01/current/Q0100011/,https://vocab.nerc.ac.uk/collection/P06/current/UMIC/,
ARMS_BelgiumCoast_AJJC86_20200506_20201012_MF500_s1_r1:Otu17,fieldReplicateID,,no replicate,http://vocab.nerc.ac.uk/collection/P01/current/IDSPRE01,,
ARMS_BelgiumCoast_AJJC86_20200506_20201012_MF500_s1_r1:Otu18,submergedTime,day,159,http://vocab.nerc.ac.uk/collection/P01/current/AZDRZZ01/,https://vocab.nerc.ac.uk/collection/P06/current/UTAA/,
ARMS_BelgiumCoast_AJJC86_20200506_20201012_MF500_s1_r1:Otu18,preservativeUsed,,DMSO,http://vocab.nerc.ac.uk/collection/Q01/current/Q0100004/,,https://pubchem.ncbi.nlm.nih.gov/compound/679
ARMS_BelgiumCoast_AJJC86_20200506_20201012_MF500_s1_r1:Otu18,lowerLimitFilterSize,micrometer,500,http://vocab.nerc.ac.uk/collection/Q01/current/Q0100011/,https://vocab.nerc.ac.uk/collection/P06/current/UMIC/,
ARMS_BelgiumCoast_AJJC86_20200506_20201012_MF500_s1_r1:Otu18,fieldReplicateID,,no replicate,http://vocab.nerc.ac.uk/collection/P01/current/IDSPRE01,,
ARMS_BelgiumCoast_AJJC86_20200506_20201012_MF500_s1_r1:Otu19,submergedTime,day,159,http://vocab.nerc.ac.uk/collection/P01/current/AZDRZZ01/,https://vocab.nerc.ac.uk/collection/P06/current/UTAA/,
ARMS_BelgiumCoast_AJJC86_20200506_20201012_MF500_s1_r1:Otu19,preservativeUsed,,DMSO,http://vocab.nerc.ac.uk/collection/Q01/current/Q0100004/,,https://pubchem.ncbi.nlm.nih.gov/compound/679
ARMS_BelgiumCoast_AJJC86_20200506_20201012_MF500_s1_r1:Otu19,lowerLimitFilterSize,micrometer,500,http://vocab.nerc.ac.uk/collection/Q01/current/Q0100011/,https://vocab.nerc.ac.uk/collection/P06/current/UMIC/,
ARMS_BelgiumCoast_AJJC86_20200506_20201012_MF500_s1_r1:Otu19,fieldReplicateID,,no replicate,http://vocab.nerc.ac.uk/collection/P01/current/IDSPRE01,,
ARMS_BelgiumCoast_AJJCD78_20200506_20201012_MF100_s1_r1:Otu419,submergedTime,day,159,http://vocab.nerc.ac.uk/collection/P01/current/AZDRZZ01/,https://vocab.nerc.ac.uk/collection/P06/current/UTAA/,
ARMS_BelgiumCoast_AJJCD78_20200506_20201012_MF100_s1_r1:Otu419,preservativeUsed,,DMSO,http://vocab.nerc.ac.uk/collection/Q01/current/Q0100004/,,https://pubchem.ncbi.nlm.nih.gov/compound/679
ARMS_BelgiumCoast_AJJCD78_20200506_20201012_MF100_s1_r1:Otu419,lowerLimitFilterSize,micrometer,100,http://vocab.nerc.ac.uk/collection/Q01/current/Q0100011/,https://vocab.nerc.ac.uk/collection/P06/current/UMIC/,
ARMS_BelgiumCoast_AJJCD78_20200506_20201012_MF100_s1_r1:Otu419,fieldReplicateID,,no replicate,http://vocab.nerc.ac.uk/collection/P01/current/IDSPRE01,,
ARMS_BelgiumCoast_AJJCD78_20200506_20201012_MF100_s1_r1:Otu174,submergedTime,day,159,http://vocab.nerc.ac.uk/collection/P01/current/AZDRZZ01/,https://vocab.nerc.ac.uk/collection/P06/current/UTAA/,
ARMS_BelgiumCoast_AJJCD78_20200506_20201012_MF100_s1_r1:Otu174,preservativeUsed,,DMSO,http://vocab.nerc.ac.uk/collection/Q01/current/Q0100004/,,https://pubchem.ncbi.nlm.nih.gov/compound/679
ARMS_BelgiumCoast_AJJCD78_20200506_20201012_MF100_s1_r1:Otu174,lowerLimitFilterSize,micrometer,100,http://vocab.nerc.ac.uk/collection/Q01/current/Q0100011/,https://vocab.nerc.ac.uk/collection/P06/current/UMIC/,
ARMS_BelgiumCoast_AJJCD78_20200506_20201012_MF100_s1_r1:Otu174,fieldReplicateID,,no replicate,http://vocab.nerc.ac.uk/collection/P01/current/IDSPRE01,,
ARMS_BelgiumCoast_AJJCD78_20200506_20201012_MF100_s1_r1:Otu356,submergedTime,day,159,http://vocab.nerc.ac.uk/collection/P01/current/AZDRZZ01/,https://vocab.nerc.ac.uk/collection/P06/current/UTAA/,
ARMS_BelgiumCoast_AJJCD78_20200506_20201012_MF100_s1_r1:Otu356,preservativeUsed,,DMSO,http://vocab.nerc.ac.uk/collection/Q01/current/Q0100004/,,https://pubchem.ncbi.nlm.nih.gov/compound/679
ARMS_BelgiumCoast_AJJCD78_20200506_20201012_MF100_s1_r1:Otu356,lowerLimitFilterSize,micrometer,100,http://vocab.nerc.ac.uk/collection/Q01/current/Q0100011/,https://vocab.nerc.ac.uk/collection/P06/current/UMIC/,
ARMS_BelgiumCoast_AJJCD78_20200506_20201012_MF100_s1_r1:Otu356,fieldReplicateID,,no replicate,http://vocab.nerc.ac.uk/collection/P01/current/IDSPRE01,,
ARMS_BelgiumCoast_AJJCD78_20200506_20201012_MF100_s1_r1:Otu357,submergedTime,day,159,http://vocab.nerc.ac.uk/collection/P01/current/AZDRZZ01/,https://vocab.nerc.ac.uk/collection/P06/current/UTAA/,
ARMS_BelgiumCoast_AJJCD78_20200506_20201012_MF100_s1_r1:Otu357,preservativeUsed,,DMSO,http://vocab.nerc.ac.uk/collection/Q01/current/Q0100004/,,https://pubchem.ncbi.nlm.nih.gov/compound/679
ARMS_BelgiumCoast_AJJCD78_20200506_20201012_MF100_s1_r1:Otu357,lowerLimitFilterSize,micrometer,100,http://vocab.nerc.ac.uk/collection/Q01/current/Q0100011/,https://vocab.nerc.ac.uk/collection/P06/current/UMIC/,
ARMS_BelgiumCoast_AJJCD78_20200506_20201012_MF100_s1_r1:Otu357,fieldReplicateID,,no replicate,http://vocab.nerc.ac.uk/collection/P01/current/IDSPRE01,,
ARMS_BelgiumCoast_AJJCD78_20200506_20201012_MF100_s1_r1:Otu65,submergedTime,day,159,http://vocab.nerc.ac.uk/collection/P01/current/AZDRZZ01/,https://vocab.nerc.ac.uk/collection/P06/current/UTAA/,
ARMS_BelgiumCoast_AJJCD78_20200506_20201012_MF100_s1_r1:Otu65,preservativeUsed,,DMSO,http://vocab.nerc.ac.uk/collection/Q01/current/Q0100004/,,https://pubchem.ncbi.nlm.nih.gov/compound/679
ARMS_BelgiumCoast_AJJCD78_20200506_20201012_MF100_s1_r1:Otu65,lowerLimitFilterSize,micrometer,100,http://vocab.nerc.ac.uk/collection/Q01/current/Q0100011/,https://vocab.nerc.ac.uk/collection/P06/current/UMIC/,
ARMS_BelgiumCoast_AJJCD78_20200506_20201012_MF100_s1_r1:Otu65,fieldReplicateID,,no replicate,http://vocab.nerc.ac.uk/collection/P01/current/IDSPRE01,,
ARMS_BelgiumCoast_AJJCD78_20200506_20201012_MF100_s1_r1:Otu69,submergedTime,day,159,http://vocab.nerc.ac.uk/collection/P01/current/AZDRZZ01/,https://vocab.nerc.ac.uk/collection/P06/current/UTAA/,
ARMS_BelgiumCoast_AJJCD78_20200506_20201012_MF100_s1_r1:Otu69,preservativeUsed,,DMSO,http://vocab.nerc.ac.uk/collection/Q01/current/Q0100004/,,https://pubchem.ncbi.nlm.nih.gov/compound/679
ARMS_BelgiumCoast_AJJCD78_20200506_20201012_MF100_s1_r1:Otu69,lowerLimitFilterSize,micrometer,100,http://vocab.nerc.ac.uk/collection/Q01/current/Q0100011/,https://vocab.nerc.ac.uk/collection/P06/current/UMIC/,
ARMS_BelgiumCoast_AJJCD78_20200506_20201012_MF100_s1_r1:Otu69,fieldReplicateID,,no replicate,http://vocab.nerc.ac.uk/collection/P01/current/IDSPRE01,,
ARMS_BelgiumCoast_AJJCD78_20200506_20201012_MF100_s1_r1:Otu301,submergedTime,day,159,http://vocab.nerc.ac.uk/collection/P01/current/AZDRZZ01/,https://vocab.nerc.ac.uk/collection/P06/current/UTAA/,
ARMS_BelgiumCoast_AJJCD78_20200506_20201012_MF100_s1_r1:Otu301,preservativeUsed,,DMSO,http://vocab.nerc.ac.uk/collection/Q01/current/Q0100004/,,https://pubchem.ncbi.nlm.nih.gov/compound/679
ARMS_BelgiumCoast_AJJCD78_20200506_20201012_MF100_s1_r1:Otu301,lowerLimitFilterSize,micrometer,100,http://vocab.nerc.ac.uk/collection/Q01/current/Q0100011/,https://vocab.nerc.ac.uk/collection/P06/current/UMIC/,
ARMS_BelgiumCoast_AJJCD78_20200506_20201012_MF100_s1_r1:Otu301,fieldReplicateID,,no replicate,http://vocab.nerc.ac.uk/collection/P01/current/IDSPRE01,,
ARMS_BelgiumCoast_AJJCD78_20200506_20201012_MF100_s1_r1:Otu114,submergedTime,day,159,http://vocab.nerc.ac.uk/collection/P01/current/AZDRZZ01/,https://vocab.nerc.ac.uk/collection/P06/current/UTAA/,
ARMS_BelgiumCoast_AJJCD78_20200506_20201012_MF100_s1_r1:Otu114,preservativeUsed,,DMSO,http://vocab.nerc.ac.uk/collection/Q01/current/Q0100004/,,https://pubchem.ncbi.nlm.nih.gov/compound/679
ARMS_BelgiumCoast_AJJCD78_20200506_20201012_MF100_s1_r1:Otu114,lowerLimitFilterSize,micrometer,100,http://vocab.nerc.ac.uk/collection/Q01/current/Q0100011/,https://vocab.nerc.ac.uk/collection/P06/current/UMIC/,
ARMS_BelgiumCoast_AJJCD78_20200506_20201012_MF100_s1_r1:Otu114,fieldReplicateID,,no replicate,http://vocab.nerc.ac.uk/collection/P01/current/IDSPRE01,,
ARMS_BelgiumCoast_AJJCD78_20200506_20201012_MF100_s1_r1:Otu111,submergedTime,day,159,http://vocab.nerc.ac.uk/collection/P01/current/AZDRZZ01/,https://vocab.nerc.ac.uk/collection/P06/current/UTAA/,
ARMS_BelgiumCoast_AJJCD78_20200506_20201012_MF100_s1_r1:Otu111,preservativeUsed,,DMSO,http://vocab.nerc.ac.uk/collection/Q01/current/Q0100004/,,https://pubchem.ncbi.nlm.nih.gov/compound/679
ARMS_BelgiumCoast_AJJCD78_20200506_20201012_MF100_s1_r1:Otu111,lowerLimitFilterSize,micrometer,100,http://vocab.nerc.ac.uk/collection/Q01/current/Q0100011/,https://vocab.nerc.ac.uk/collection/P06/current/UMIC/,
ARMS_BelgiumCoast_AJJCD78_20200506_20201012_MF100_s1_r1:Otu111,fieldReplicateID,,no replicate,http://vocab.nerc.ac.uk/collection/P01/current/IDSPRE01,,
ARMS_BelgiumCoast_AJJCD78_20200506_20201012_MF100_s1_r1:Otu33,submergedTime,day,159,http://vocab.nerc.ac.uk/collection/P01/current/AZDRZZ01/,https://vocab.nerc.ac.uk/collection/P06/current/UTAA/,
ARMS_BelgiumCoast_AJJCD78_20200506_20201012_MF100_s1_r1:Otu33,preservativeUsed,,DMSO,http://vocab.nerc.ac.uk/collection/Q01/current/Q0100004/,,https://pubchem.ncbi.nlm.nih.gov/compound/679
ARMS_BelgiumCoast_AJJCD78_20200506_20201012_MF100_s1_r1:Otu33,lowerLimitFilterSize,micrometer,100,http://vocab.nerc.ac.uk/collection/Q01/current/Q0100011/,https://vocab.nerc.ac.uk/collection/P06/current/UMIC/,
ARMS_BelgiumCoast_AJJCD78_20200506_20201012_MF100_s1_r1:Otu33,fieldReplicateID,,no replicate,http://vocab.nerc.ac.uk/collection/P01/current/IDSPRE01,,
ARMS_BelgiumCoast_AJJCD78_20200506_20201012_MF100_s1_r1:Otu87,submergedTime,day,159,http://vocab.nerc.ac.uk/collection/P01/current/AZDRZZ01/,https://vocab.nerc.ac.uk/collection/P06/current/UTAA/,
ARMS_BelgiumCoast_AJJCD78_20200506_20201012_MF100_s1_r1:Otu87,preservativeUsed,,DMSO,http://vocab.nerc.ac.uk/collection/Q01/current/Q0100004/,,https://pubchem.ncbi.nlm.nih.gov/compound/679
ARMS_BelgiumCoast_AJJCD78_20200506_20201012_MF100_s1_r1:Otu87,lowerLimitFilterSize,micrometer,100,http://vocab.nerc.ac.uk/collection/Q01/current/Q0100011/,https://vocab.nerc.ac.uk/collection/P06/current/UMIC/,
ARMS_BelgiumCoast_AJJCD78_20200506_20201012_MF100_s1_r1:Otu87,fieldReplicateID,,no replicate,http://vocab.nerc.ac.uk/collection/P01/current/IDSPRE01,,
ARMS_BelgiumCoast_AJJCD78_20200506_20201012_MF100_s1_r1:Otu74,submergedTime,day,159,http://vocab.nerc.ac.uk/collection/P01/current/AZDRZZ01/,https://vocab.nerc.ac.uk/collection/P06/current/UTAA/,
ARMS_BelgiumCoast_AJJCD78_20200506_20201012_MF100_s1_r1:Otu74,preservativeUsed,,DMSO,http://vocab.nerc.ac.uk/collection/Q01/current/Q0100004/,,https://pubchem.ncbi.nlm.nih.gov/compound/679
ARMS_BelgiumCoast_AJJCD78_20200506_20201012_MF100_s1_r1:Otu74,lowerLimitFilterSize,micrometer,100,http://vocab.nerc.ac.uk/collection/Q01/current/Q0100011/,https://vocab.nerc.ac.uk/collection/P06/current/UMIC/,
ARMS_BelgiumCoast_AJJCD78_20200506_20201012_MF100_s1_r1:Otu74,fieldReplicateID,,no replicate,http://vocab.nerc.ac.uk/collection/P01/current/IDSPRE01,,
ARMS_BelgiumCoast_AJJCD78_20200506_20201012_MF100_s1_r1:Otu234,submergedTime,day,159,http://vocab.nerc.ac.uk/collection/P01/current/AZDRZZ01/,https://vocab.nerc.ac.uk/collection/P06/current/UTAA/,
ARMS_BelgiumCoast_AJJCD78_20200506_20201012_MF100_s1_r1:Otu234,preservativeUsed,,DMSO,http://vocab.nerc.ac.uk/collection/Q01/current/Q0100004/,,https://pubchem.ncbi.nlm.nih.gov/compound/679
ARMS_BelgiumCoast_AJJCD78_20200506_20201012_MF100_s1_r1:Otu234,lowerLimitFilterSize,micrometer,100,http://vocab.nerc.ac.uk/collection/Q01/current/Q0100011/,https://vocab.nerc.ac.uk/collection/P06/current/UMIC/,
ARMS_BelgiumCoast_AJJCD78_20200506_20201012_MF100_s1_r1:Otu234,fieldReplicateID,,no replicate,http://vocab.nerc.ac.uk/collection/P01/current/IDSPRE01,,
ARMS_BelgiumCoast_AJJCD78_20200506_20201012_MF100_s1_r1:Otu9,submergedTime,day,159,http://vocab.nerc.ac.uk/collection/P01/current/AZDRZZ01/,https://vocab.nerc.ac.uk/collection/P06/current/UTAA/,
ARMS_BelgiumCoast_AJJCD78_20200506_20201012_MF100_s1_r1:Otu9,preservativeUsed,,DMSO,http://vocab.nerc.ac.uk/collection/Q01/current/Q0100004/,,https://pubchem.ncbi.nlm.nih.gov/compound/679
ARMS_BelgiumCoast_AJJCD78_20200506_20201012_MF100_s1_r1:Otu9,lowerLimitFilterSize,micrometer,100,http://vocab.nerc.ac.uk/collection/Q01/current/Q0100011/,https://vocab.nerc.ac.uk/collection/P06/current/UMIC/,
ARMS_BelgiumCoast_AJJCD78_20200506_20201012_MF100_s1_r1:Otu9,fieldReplicateID,,no replicate,http://vocab.nerc.ac.uk/collection/P01/current/IDSPRE01,,
ARMS_BelgiumCoast_AJJCD78_20200506_20201012_MF100_s1_r1:Otu2,submergedTime,day,159,http://vocab.nerc.ac.uk/collection/P01/current/AZDRZZ01/,https://vocab.nerc.ac.uk/collection/P06/current/UTAA/,
ARMS_BelgiumCoast_AJJCD78_20200506_20201012_MF100_s1_r1:Otu2,preservativeUsed,,DMSO,http://vocab.nerc.ac.uk/collection/Q01/current/Q0100004/,,https://pubchem.ncbi.nlm.nih.gov/compound/679
ARMS_BelgiumCoast_AJJCD78_20200506_20201012_MF100_s1_r1:Otu2,lowerLimitFilterSize,micrometer,100,http://vocab.nerc.ac.uk/collection/Q01/current/Q0100011/,https://vocab.nerc.ac.uk/collection/P06/current/UMIC/,
ARMS_BelgiumCoast_AJJCD78_20200506_20201012_MF100_s1_r1:Otu2,fieldReplicateID,,no replicate,http://vocab.nerc.ac.uk/collection/P01/current/IDSPRE01,,
ARMS_BelgiumCoast_AJJCD78_20200506_20201012_MF100_s1_r1:Otu208,submergedTime,day,159,http://vocab.nerc.ac.uk/collection/P01/current/AZDRZZ01/,https://vocab.nerc.ac.uk/collection/P06/current/UTAA/,
ARMS_BelgiumCoast_AJJCD78_20200506_20201012_MF100_s1_r1:Otu208,preservativeUsed,,DMSO,http://vocab.nerc.ac.uk/collection/Q01/current/Q0100004/,,https://pubchem.ncbi.nlm.nih.gov/compound/679
ARMS_BelgiumCoast_AJJCD78_20200506_20201012_MF100_s1_r1:Otu208,lowerLimitFilterSize,micrometer,100,http://vocab.nerc.ac.uk/collection/Q01/current/Q0100011/,https://vocab.nerc.ac.uk/collection/P06/current/UMIC/,
ARMS_BelgiumCoast_AJJCD78_20200506_20201012_MF100_s1_r1:Otu208,fieldReplicateID,,no replicate,http://vocab.nerc.ac.uk/collection/P01/current/IDSPRE01,,
ARMS_BelgiumCoast_AJJCD78_20200506_20201012_MF100_s1_r1:Otu102,submergedTime,day,159,http://vocab.nerc.ac.uk/collection/P01/current/AZDRZZ01/,https://vocab.nerc.ac.uk/collection/P06/current/UTAA/,
ARMS_BelgiumCoast_AJJCD78_20200506_20201012_MF100_s1_r1:Otu102,preservativeUsed,,DMSO,http://vocab.nerc.ac.uk/collection/Q01/current/Q0100004/,,https://pubchem.ncbi.nlm.nih.gov/compound/679
ARMS_BelgiumCoast_AJJCD78_20200506_20201012_MF100_s1_r1:Otu102,lowerLimitFilterSize,micrometer,100,http://vocab.nerc.ac.uk/collection/Q01/current/Q0100011/,https://vocab.nerc.ac.uk/collection/P06/current/UMIC/,
ARMS_BelgiumCoast_AJJCD78_20200506_20201012_MF100_s1_r1:Otu102,fieldReplicateID,,no replicate,http://vocab.nerc.ac.uk/collection/P01/current/IDSPRE01,,
ARMS_BelgiumCoast_AJJCD78_20200506_20201012_MF100_s1_r1:Otu194,submergedTime,day,159,http://vocab.nerc.ac.uk/collection/P01/current/AZDRZZ01/,https://vocab.nerc.ac.uk/collection/P06/current/UTAA/,
ARMS_BelgiumCoast_AJJCD78_20200506_20201012_MF100_s1_r1:Otu194,preservativeUsed,,DMSO,http://vocab.nerc.ac.uk/collection/Q01/current/Q0100004/,,https://pubchem.ncbi.nlm.nih.gov/compound/679
ARMS_BelgiumCoast_AJJCD78_20200506_20201012_MF100_s1_r1:Otu194,lowerLimitFilterSize,micrometer,100,http://vocab.nerc.ac.uk/collection/Q01/current/Q0100011/,https://vocab.nerc.ac.uk/collection/P06/current/UMIC/,
ARMS_BelgiumCoast_AJJCD78_20200506_20201012_MF100_s1_r1:Otu194,fieldReplicateID,,no replicate,http://vocab.nerc.ac.uk/collection/P01/current/IDSPRE01,,
ARMS_BelgiumCoast_AJJCD78_20200506_20201012_MF100_s1_r1:Otu94,submergedTime,day,159,http://vocab.nerc.ac.uk/collection/P01/current/AZDRZZ01/,https://vocab.nerc.ac.uk/collection/P06/current/UTAA/,
ARMS_BelgiumCoast_AJJCD78_20200506_20201012_MF100_s1_r1:Otu94,preservativeUsed,,DMSO,http://vocab.nerc.ac.uk/collection/Q01/current/Q0100004/,,https://pubchem.ncbi.nlm.nih.gov/compound/679
ARMS_BelgiumCoast_AJJCD78_20200506_20201012_MF100_s1_r1:Otu94,lowerLimitFilterSize,micrometer,100,http://vocab.nerc.ac.uk/collection/Q01/current/Q0100011/,https://vocab.nerc.ac.uk/collection/P06/current/UMIC/,
ARMS_BelgiumCoast_AJJCD78_20200506_20201012_MF100_s1_r1:Otu94,fieldReplicateID,,no replicate,http://vocab.nerc.ac.uk/collection/P01/current/IDSPRE01,,
ARMS_BelgiumCoast_AJJCD78_20200506_20201012_MF100_s1_r1:Otu92,submergedTime,day,159,http://vocab.nerc.ac.uk/collection/P01/current/AZDRZZ01/,https://vocab.nerc.ac.uk/collection/P06/current/UTAA/,
ARMS_BelgiumCoast_AJJCD78_20200506_20201012_MF100_s1_r1:Otu92,preservativeUsed,,DMSO,http://vocab.nerc.ac.uk/collection/Q01/current/Q0100004/,,https://pubchem.ncbi.nlm.nih.gov/compound/679
ARMS_BelgiumCoast_AJJCD78_20200506_20201012_MF100_s1_r1:Otu92,lowerLimitFilterSize,micrometer,100,http://vocab.nerc.ac.uk/collection/Q01/current/Q0100011/,https://vocab.nerc.ac.uk/collection/P06/current/UMIC/,
ARMS_BelgiumCoast_AJJCD78_20200506_20201012_MF100_s1_r1:Otu92,fieldReplicateID,,no replicate,http://vocab.nerc.ac.uk/collection/P01/current/IDSPRE01,,
ARMS_BelgiumCoast_AJJCD78_20200506_20201012_MF100_s1_r1:Otu141,submergedTime,day,159,http://vocab.nerc.ac.uk/collection/P01/current/AZDRZZ01/,https://vocab.nerc.ac.uk/collection/P06/current/UTAA/,
ARMS_BelgiumCoast_AJJCD78_20200506_20201012_MF100_s1_r1:Otu141,preservativeUsed,,DMSO,http://vocab.nerc.ac.uk/collection/Q01/current/Q0100004/,,https://pubchem.ncbi.nlm.nih.gov/compound/679
ARMS_BelgiumCoast_AJJCD78_20200506_20201012_MF100_s1_r1:Otu141,lowerLimitFilterSize,micrometer,100,http://vocab.nerc.ac.uk/collection/Q01/current/Q0100011/,https://vocab.nerc.ac.uk/collection/P06/current/UMIC/,
ARMS_BelgiumCoast_AJJCD78_20200506_20201012_MF100_s1_r1:Otu141,fieldReplicateID,,no replicate,http://vocab.nerc.ac.uk/collection/P01/current/IDSPRE01,,
ARMS_BelgiumCoast_AJJCD78_20200506_20201012_MF100_s1_r1:Otu395,submergedTime,day,159,http://vocab.nerc.ac.uk/collection/P01/current/AZDRZZ01/,https://vocab.nerc.ac.uk/collection/P06/current/UTAA/,
ARMS_BelgiumCoast_AJJCD78_20200506_20201012_MF100_s1_r1:Otu395,preservativeUsed,,DMSO,http://vocab.nerc.ac.uk/collection/Q01/current/Q0100004/,,https://pubchem.ncbi.nlm.nih.gov/compound/679
ARMS_BelgiumCoast_AJJCD78_20200506_20201012_MF100_s1_r1:Otu395,lowerLimitFilterSize,micrometer,100,http://vocab.nerc.ac.uk/collection/Q01/current/Q0100011/,https://vocab.nerc.ac.uk/collection/P06/current/UMIC/,
ARMS_BelgiumCoast_AJJCD78_20200506_20201012_MF100_s1_r1:Otu395,fieldReplicateID,,no replicate,http://vocab.nerc.ac.uk/collection/P01/current/IDSPRE01,,
ARMS_BelgiumCoast_AJJCD78_20200506_20201012_MF100_s1_r1:Otu17,submergedTime,day,159,http://vocab.nerc.ac.uk/collection/P01/current/AZDRZZ01/,https://vocab.nerc.ac.uk/collection/P06/current/UTAA/,
ARMS_BelgiumCoast_AJJCD78_20200506_20201012_MF100_s1_r1:Otu17,preservativeUsed,,DMSO,http://vocab.nerc.ac.uk/collection/Q01/current/Q0100004/,,https://pubchem.ncbi.nlm.nih.gov/compound/679
ARMS_BelgiumCoast_AJJCD78_20200506_20201012_MF100_s1_r1:Otu17,lowerLimitFilterSize,micrometer,100,http://vocab.nerc.ac.uk/collection/Q01/current/Q0100011/,https://vocab.nerc.ac.uk/collection/P06/current/UMIC/,
ARMS_BelgiumCoast_AJJCD78_20200506_20201012_MF100_s1_r1:Otu17,fieldReplicateID,,no replicate,http://vocab.nerc.ac.uk/collection/P01/current/IDSPRE01,,
ARMS_BelgiumCoast_AJJCD78_20200506_20201012_MF100_s1_r1:Otu18,submergedTime,day,159,http://vocab.nerc.ac.uk/collection/P01/current/AZDRZZ01/,https://vocab.nerc.ac.uk/collection/P06/current/UTAA/,
ARMS_BelgiumCoast_AJJCD78_20200506_20201012_MF100_s1_r1:Otu18,preservativeUsed,,DMSO,http://vocab.nerc.ac.uk/collection/Q01/current/Q0100004/,,https://pubchem.ncbi.nlm.nih.gov/compound/679
ARMS_BelgiumCoast_AJJCD78_20200506_20201012_MF100_s1_r1:Otu18,lowerLimitFilterSize,micrometer,100,http://vocab.nerc.ac.uk/collection/Q01/current/Q0100011/,https://vocab.nerc.ac.uk/collection/P06/current/UMIC/,
ARMS_BelgiumCoast_AJJCD78_20200506_20201012_MF100_s1_r1:Otu18,fieldReplicateID,,no replicate,http://vocab.nerc.ac.uk/collection/P01/current/IDSPRE01,,
ARMS_Crete_1HERP_20200903_20210122_MF500_s1_r1:Otu419,submergedTime,day,141,http://vocab.nerc.ac.uk/collection/P01/current/AZDRZZ01/,https://vocab.nerc.ac.uk/collection/P06/current/UTAA/,
ARMS_Crete_1HERP_20200903_20210122_MF500_s1_r1:Otu419,preservativeUsed,,Frozen,http://vocab.nerc.ac.uk/collection/Q01/current/Q0100004/,,
ARMS_Crete_1HERP_20200903_20210122_MF500_s1_r1:Otu419,lowerLimitFilterSize,micrometer,500,http://vocab.nerc.ac.uk/collection/Q01/current/Q0100011/,https://vocab.nerc.ac.uk/collection/P06/current/UMIC/,
ARMS_Crete_1HERP_20200903_20210122_MF500_s1_r1:Otu419,fieldReplicateID,,no replicate,http://vocab.nerc.ac.uk/collection/P01/current/IDSPRE01,,
ARMS_Crete_1HERP_20200903_20210122_MF500_s1_r1:Otu381,submergedTime,day,141,http://vocab.nerc.ac.uk/collection/P01/current/AZDRZZ01/,https://vocab.nerc.ac.uk/collection/P06/current/UTAA/,
ARMS_Crete_1HERP_20200903_20210122_MF500_s1_r1:Otu381,preservativeUsed,,Frozen,http://vocab.nerc.ac.uk/collection/Q01/current/Q0100004/,,
ARMS_Crete_1HERP_20200903_20210122_MF500_s1_r1:Otu381,lowerLimitFilterSize,micrometer,500,http://vocab.nerc.ac.uk/collection/Q01/current/Q0100011/,https://vocab.nerc.ac.uk/collection/P06/current/UMIC/,
ARMS_Crete_1HERP_20200903_20210122_MF500_s1_r1:Otu381,fieldReplicateID,,no replicate,http://vocab.nerc.ac.uk/collection/P01/current/IDSPRE01,,
ARMS_Crete_1HERP_20200903_20210122_MF500_s1_r1:Otu379,submergedTime,day,141,http://vocab.nerc.ac.uk/collection/P01/current/AZDRZZ01/,https://vocab.nerc.ac.uk/collection/P06/current/UTAA/,
ARMS_Crete_1HERP_20200903_20210122_MF500_s1_r1:Otu379,preservativeUsed,,Frozen,http://vocab.nerc.ac.uk/collection/Q01/current/Q0100004/,,
ARMS_Crete_1HERP_20200903_20210122_MF500_s1_r1:Otu379,lowerLimitFilterSize,micrometer,500,http://vocab.nerc.ac.uk/collection/Q01/current/Q0100011/,https://vocab.nerc.ac.uk/collection/P06/current/UMIC/,
ARMS_Crete_1HERP_20200903_20210122_MF500_s1_r1:Otu379,fieldReplicateID,,no replicate,http://vocab.nerc.ac.uk/collection/P01/current/IDSPRE01,,
ARMS_Crete_1HERP_20200903_20210122_MF500_s1_r1:Otu65,submergedTime,day,141,http://vocab.nerc.ac.uk/collection/P01/current/AZDRZZ01/,https://vocab.nerc.ac.uk/collection/P06/current/UTAA/,
ARMS_Crete_1HERP_20200903_20210122_MF500_s1_r1:Otu65,preservativeUsed,,Frozen,http://vocab.nerc.ac.uk/collection/Q01/current/Q0100004/,,
ARMS_Crete_1HERP_20200903_20210122_MF500_s1_r1:Otu65,lowerLimitFilterSize,micrometer,500,http://vocab.nerc.ac.uk/collection/Q01/current/Q0100011/,https://vocab.nerc.ac.uk/collection/P06/current/UMIC/,
ARMS_Crete_1HERP_20200903_20210122_MF500_s1_r1:Otu65,fieldReplicateID,,no replicate,http://vocab.nerc.ac.uk/collection/P01/current/IDSPRE01,,
ARMS_Crete_1HERP_20200903_20210122_MF500_s1_r1:Otu466,submergedTime,day,141,http://vocab.nerc.ac.uk/collection/P01/current/AZDRZZ01/,https://vocab.nerc.ac.uk/collection/P06/current/UTAA/,
ARMS_Crete_1HERP_20200903_20210122_MF500_s1_r1:Otu466,preservativeUsed,,Frozen,http://vocab.nerc.ac.uk/collection/Q01/current/Q0100004/,,
ARMS_Crete_1HERP_20200903_20210122_MF500_s1_r1:Otu466,lowerLimitFilterSize,micrometer,500,http://vocab.nerc.ac.uk/collection/Q01/current/Q0100011/,https://vocab.nerc.ac.uk/collection/P06/current/UMIC/,
ARMS_Crete_1HERP_20200903_20210122_MF500_s1_r1:Otu466,fieldReplicateID,,no replicate,http://vocab.nerc.ac.uk/collection/P01/current/IDSPRE01,,
ARMS_Crete_1HERP_20200903_20210122_MF500_s1_r1:Otu465,submergedTime,day,141,http://vocab.nerc.ac.uk/collection/P01/current/AZDRZZ01/,https://vocab.nerc.ac.uk/collection/P06/current/UTAA/,
ARMS_Crete_1HERP_20200903_20210122_MF500_s1_r1:Otu465,preservativeUsed,,Frozen,http://vocab.nerc.ac.uk/collection/Q01/current/Q0100004/,,
ARMS_Crete_1HERP_20200903_20210122_MF500_s1_r1:Otu465,lowerLimitFilterSize,micrometer,500,http://vocab.nerc.ac.uk/collection/Q01/current/Q0100011/,https://vocab.nerc.ac.uk/collection/P06/current/UMIC/,
ARMS_Crete_1HERP_20200903_20210122_MF500_s1_r1:Otu465,fieldReplicateID,,no replicate,http://vocab.nerc.ac.uk/collection/P01/current/IDSPRE01,,
ARMS_Crete_1HERP_20200903_20210122_MF500_s1_r1:Otu83,submergedTime,day,141,http://vocab.nerc.ac.uk/collection/P01/current/AZDRZZ01/,https://vocab.nerc.ac.uk/collection/P06/current/UTAA/,
ARMS_Crete_1HERP_20200903_20210122_MF500_s1_r1:Otu83,preservativeUsed,,Frozen,http://vocab.nerc.ac.uk/collection/Q01/current/Q0100004/,,
ARMS_Crete_1HERP_20200903_20210122_MF500_s1_r1:Otu83,lowerLimitFilterSize,micrometer,500,http://vocab.nerc.ac.uk/collection/Q01/current/Q0100011/,https://vocab.nerc.ac.uk/collection/P06/current/UMIC/,
ARMS_Crete_1HERP_20200903_20210122_MF500_s1_r1:Otu83,fieldReplicateID,,no replicate,http://vocab.nerc.ac.uk/collection/P01/current/IDSPRE01,,
ARMS_Crete_1HERP_20200903_20210122_MF500_s1_r1:Otu9,submergedTime,day,141,http://vocab.nerc.ac.uk/collection/P01/current/AZDRZZ01/,https://vocab.nerc.ac.uk/collection/P06/current/UTAA/,
ARMS_Crete_1HERP_20200903_20210122_MF500_s1_r1:Otu9,preservativeUsed,,Frozen,http://vocab.nerc.ac.uk/collection/Q01/current/Q0100004/,,
ARMS_Crete_1HERP_20200903_20210122_MF500_s1_r1:Otu9,lowerLimitFilterSize,micrometer,500,http://vocab.nerc.ac.uk/collection/Q01/current/Q0100011/,https://vocab.nerc.ac.uk/collection/P06/current/UMIC/,
ARMS_Crete_1HERP_20200903_20210122_MF500_s1_r1:Otu9,fieldReplicateID,,no replicate,http://vocab.nerc.ac.uk/collection/P01/current/IDSPRE01,,
ARMS_Crete_1HERP_20200903_20210122_MF500_s1_r1:Otu5,submergedTime,day,141,http://vocab.nerc.ac.uk/collection/P01/current/AZDRZZ01/,https://vocab.nerc.ac.uk/collection/P06/current/UTAA/,
ARMS_Crete_1HERP_20200903_20210122_MF500_s1_r1:Otu5,preservativeUsed,,Frozen,http://vocab.nerc.ac.uk/collection/Q01/current/Q0100004/,,
ARMS_Crete_1HERP_20200903_20210122_MF500_s1_r1:Otu5,lowerLimitFilterSize,micrometer,500,http://vocab.nerc.ac.uk/collection/Q01/current/Q0100011/,https://vocab.nerc.ac.uk/collection/P06/current/UMIC/,
ARMS_Crete_1HERP_20200903_20210122_MF500_s1_r1:Otu5,fieldReplicateID,,no replicate,http://vocab.nerc.ac.uk/collection/P01/current/IDSPRE01,,
ARMS_Crete_1HERP_20200903_20210122_MF500_s1_r1:Otu2,submergedTime,day,141,http://vocab.nerc.ac.uk/collection/P01/current/AZDRZZ01/,https://vocab.nerc.ac.uk/collection/P06/current/UTAA/,
ARMS_Crete_1HERP_20200903_20210122_MF500_s1_r1:Otu2,preservativeUsed,,Frozen,http://vocab.nerc.ac.uk/collection/Q01/current/Q0100004/,,
ARMS_Crete_1HERP_20200903_20210122_MF500_s1_r1:Otu2,lowerLimitFilterSize,micrometer,500,http://vocab.nerc.ac.uk/collection/Q01/current/Q0100011/,https://vocab.nerc.ac.uk/collection/P06/current/UMIC/,
ARMS_Crete_1HERP_20200903_20210122_MF500_s1_r1:Otu2,fieldReplicateID,,no replicate,http://vocab.nerc.ac.uk/collection/P01/current/IDSPRE01,,
ARMS_Crete_1HERP_20200903_20210122_MF500_s1_r1:Otu107,submergedTime,day,141,http://vocab.nerc.ac.uk/collection/P01/current/AZDRZZ01/,https://vocab.nerc.ac.uk/collection/P06/current/UTAA/,
ARMS_Crete_1HERP_20200903_20210122_MF500_s1_r1:Otu107,preservativeUsed,,Frozen,http://vocab.nerc.ac.uk/collection/Q01/current/Q0100004/,,
ARMS_Crete_1HERP_20200903_20210122_MF500_s1_r1:Otu107,lowerLimitFilterSize,micrometer,500,http://vocab.nerc.ac.uk/collection/Q01/current/Q0100011/,https://vocab.nerc.ac.uk/collection/P06/current/UMIC/,
ARMS_Crete_1HERP_20200903_20210122_MF500_s1_r1:Otu107,fieldReplicateID,,no replicate,http://vocab.nerc.ac.uk/collection/P01/current/IDSPRE01,,
ARMS_Crete_1HERP_20200903_20210122_MF500_s1_r1:Otu102,submergedTime,day,141,http://vocab.nerc.ac.uk/collection/P01/current/AZDRZZ01/,https://vocab.nerc.ac.uk/collection/P06/current/UTAA/,
ARMS_Crete_1HERP_20200903_20210122_MF500_s1_r1:Otu102,preservativeUsed,,Frozen,http://vocab.nerc.ac.uk/collection/Q01/current/Q0100004/,,
ARMS_Crete_1HERP_20200903_20210122_MF500_s1_r1:Otu102,lowerLimitFilterSize,micrometer,500,http://vocab.nerc.ac.uk/collection/Q01/current/Q0100011/,https://vocab.nerc.ac.uk/collection/P06/current/UMIC/,
ARMS_Crete_1HERP_20200903_20210122_MF500_s1_r1:Otu102,fieldReplicateID,,no replicate,http://vocab.nerc.ac.uk/collection/P01/current/IDSPRE01,,
ARMS_Crete_1HERP_20200903_20210122_MF500_s1_r1:Otu108,submergedTime,day,141,http://vocab.nerc.ac.uk/collection/P01/current/AZDRZZ01/,https://vocab.nerc.ac.uk/collection/P06/current/UTAA/,
ARMS_Crete_1HERP_20200903_20210122_MF500_s1_r1:Otu108,preservativeUsed,,Frozen,http://vocab.nerc.ac.uk/collection/Q01/current/Q0100004/,,
ARMS_Crete_1HERP_20200903_20210122_MF500_s1_r1:Otu108,lowerLimitFilterSize,micrometer,500,http://vocab.nerc.ac.uk/collection/Q01/current/Q0100011/,https://vocab.nerc.ac.uk/collection/P06/current/UMIC/,
ARMS_Crete_1HERP_20200903_20210122_MF500_s1_r1:Otu108,fieldReplicateID,,no replicate,http://vocab.nerc.ac.uk/collection/P01/current/IDSPRE01,,
ARMS_Crete_1HERP_20200903_20210122_MF500_s1_r1:Otu94,submergedTime,day,141,http://vocab.nerc.ac.uk/collection/P01/current/AZDRZZ01/,https://vocab.nerc.ac.uk/collection/P06/current/UTAA/,
ARMS_Crete_1HERP_20200903_20210122_MF500_s1_r1:Otu94,preservativeUsed,,Frozen,http://vocab.nerc.ac.uk/collection/Q01/current/Q0100004/,,
ARMS_Crete_1HERP_20200903_20210122_MF500_s1_r1:Otu94,lowerLimitFilterSize,micrometer,500,http://vocab.nerc.ac.uk/collection/Q01/current/Q0100011/,https://vocab.nerc.ac.uk/collection/P06/current/UMIC/,
ARMS_Crete_1HERP_20200903_20210122_MF500_s1_r1:Otu94,fieldReplicateID,,no replicate,http://vocab.nerc.ac.uk/collection/P01/current/IDSPRE01,,
ARMS_Crete_1HERP_20200903_20210122_MF500_s1_r1:Otu141,submergedTime,day,141,http://vocab.nerc.ac.uk/collection/P01/current/AZDRZZ01/,https://vocab.nerc.ac.uk/collection/P06/current/UTAA/,
ARMS_Crete_1HERP_20200903_20210122_MF500_s1_r1:Otu141,preservativeUsed,,Frozen,http://vocab.nerc.ac.uk/collection/Q01/current/Q0100004/,,
ARMS_Crete_1HERP_20200903_20210122_MF500_s1_r1:Otu141,lowerLimitFilterSize,micrometer,500,http://vocab.nerc.ac.uk/collection/Q01/current/Q0100011/,https://vocab.nerc.ac.uk/collection/P06/current/UMIC/,
ARMS_Crete_1HERP_20200903_20210122_MF500_s1_r1:Otu141,fieldReplicateID,,no replicate,http://vocab.nerc.ac.uk/collection/P01/current/IDSPRE01,,
ARMS_Crete_1HERP_20200903_20210122_MF500_s1_r1:Otu142,submergedTime,day,141,http://vocab.nerc.ac.uk/collection/P01/current/AZDRZZ01/,https://vocab.nerc.ac.uk/collection/P06/current/UTAA/,
ARMS_Crete_1HERP_20200903_20210122_MF500_s1_r1:Otu142,preservativeUsed,,Frozen,http://vocab.nerc.ac.uk/collection/Q01/current/Q0100004/,,
ARMS_Crete_1HERP_20200903_20210122_MF500_s1_r1:Otu142,lowerLimitFilterSize,micrometer,500,http://vocab.nerc.ac.uk/collection/Q01/current/Q0100011/,https://vocab.nerc.ac.uk/collection/P06/current/UMIC/,
ARMS_Crete_1HERP_20200903_20210122_MF500_s1_r1:Otu142,fieldReplicateID,,no replicate,http://vocab.nerc.ac.uk/collection/P01/current/IDSPRE01,,
ARMS_Crete_1HERP_20200903_20210122_MF500_s1_r1:Otu17,submergedTime,day,141,http://vocab.nerc.ac.uk/collection/P01/current/AZDRZZ01/,https://vocab.nerc.ac.uk/collection/P06/current/UTAA/,
ARMS_Crete_1HERP_20200903_20210122_MF500_s1_r1:Otu17,preservativeUsed,,Frozen,http://vocab.nerc.ac.uk/collection/Q01/current/Q0100004/,,
ARMS_Crete_1HERP_20200903_20210122_MF500_s1_r1:Otu17,lowerLimitFilterSize,micrometer,500,http://vocab.nerc.ac.uk/collection/Q01/current/Q0100011/,https://vocab.nerc.ac.uk/collection/P06/current/UMIC/,
ARMS_Crete_1HERP_20200903_20210122_MF500_s1_r1:Otu17,fieldReplicateID,,no replicate,http://vocab.nerc.ac.uk/collection/P01/current/IDSPRE01,,
ARMS_Crete_1HERP_20200903_20210122_MF500_s1_r1:Otu18,submergedTime,day,141,http://vocab.nerc.ac.uk/collection/P01/current/AZDRZZ01/,https://vocab.nerc.ac.uk/collection/P06/current/UTAA/,
ARMS_Crete_1HERP_20200903_20210122_MF500_s1_r1:Otu18,preservativeUsed,,Frozen,http://vocab.nerc.ac.uk/collection/Q01/current/Q0100004/,,
ARMS_Crete_1HERP_20200903_20210122_MF500_s1_r1:Otu18,lowerLimitFilterSize,micrometer,500,http://vocab.nerc.ac.uk/collection/Q01/current/Q0100011/,https://vocab.nerc.ac.uk/collection/P06/current/UMIC/,
ARMS_Crete_1HERP_20200903_20210122_MF500_s1_r1:Otu18,fieldReplicateID,,no replicate,http://vocab.nerc.ac.uk/collection/P01/current/IDSPRE01,,
ARMS_Crete_1HERP_20200903_20210122_MF500_s1_r1:Otu19,submergedTime,day,141,http://vocab.nerc.ac.uk/collection/P01/current/AZDRZZ01/,https://vocab.nerc.ac.uk/collection/P06/current/UTAA/,
ARMS_Crete_1HERP_20200903_20210122_MF500_s1_r1:Otu19,preservativeUsed,,Frozen,http://vocab.nerc.ac.uk/collection/Q01/current/Q0100004/,,
ARMS_Crete_1HERP_20200903_20210122_MF500_s1_r1:Otu19,lowerLimitFilterSize,micrometer,500,http://vocab.nerc.ac.uk/collection/Q01/current/Q0100011/,https://vocab.nerc.ac.uk/collection/P06/current/UMIC/,
ARMS_Crete_1HERP_20200903_20210122_MF500_s1_r1:Otu19,fieldReplicateID,,no replicate,http://vocab.nerc.ac.uk/collection/P01/current/IDSPRE01,,
ARMS_Crete_1HERP_20200903_20210122_MF90_s1_r1:Otu9,submergedTime,day,141,http://vocab.nerc.ac.uk/collection/P01/current/AZDRZZ01/,https://vocab.nerc.ac.uk/collection/P06/current/UTAA/,
ARMS_Crete_1HERP_20200903_20210122_MF90_s1_r1:Otu9,preservativeUsed,,Frozen,http://vocab.nerc.ac.uk/collection/Q01/current/Q0100004/,,
ARMS_Crete_1HERP_20200903_20210122_MF90_s1_r1:Otu9,lowerLimitFilterSize,micrometer,90,http://vocab.nerc.ac.uk/collection/Q01/current/Q0100011/,https://vocab.nerc.ac.uk/collection/P06/current/UMIC/,
ARMS_Crete_1HERP_20200903_20210122_MF90_s1_r1:Otu9,fieldReplicateID,,no replicate,http://vocab.nerc.ac.uk/collection/P01/current/IDSPRE01,,
ARMS_Crete_1HERP_20200903_20210122_MF90_s1_r1:Otu1,submergedTime,day,141,http://vocab.nerc.ac.uk/collection/P01/current/AZDRZZ01/,https://vocab.nerc.ac.uk/collection/P06/current/UTAA/,
ARMS_Crete_1HERP_20200903_20210122_MF90_s1_r1:Otu1,preservativeUsed,,Frozen,http://vocab.nerc.ac.uk/collection/Q01/current/Q0100004/,,
ARMS_Crete_1HERP_20200903_20210122_MF90_s1_r1:Otu1,lowerLimitFilterSize,micrometer,90,http://vocab.nerc.ac.uk/collection/Q01/current/Q0100011/,https://vocab.nerc.ac.uk/collection/P06/current/UMIC/,
ARMS_Crete_1HERP_20200903_20210122_MF90_s1_r1:Otu1,fieldReplicateID,,no replicate,http://vocab.nerc.ac.uk/collection/P01/current/IDSPRE01,,
ARMS_Crete_1HERP_20200903_20210122_SF_s1_r1:Otu174,submergedTime,day,141,http://vocab.nerc.ac.uk/collection/P01/current/AZDRZZ01/,https://vocab.nerc.ac.uk/collection/P06/current/UTAA/,
ARMS_Crete_1HERP_20200903_20210122_SF_s1_r1:Otu174,preservativeUsed,,Frozen,http://vocab.nerc.ac.uk/collection/Q01/current/Q0100004/,,
ARMS_Crete_1HERP_20200903_20210122_SF_s1_r1:Otu174,lowerLimitFilterSize,micrometer,N/A (No filter was used),http://vocab.nerc.ac.uk/collection/Q01/current/Q0100011/,https://vocab.nerc.ac.uk/collection/P06/current/UMIC/,
ARMS_Crete_1HERP_20200903_20210122_SF_s1_r1:Otu174,fieldReplicateID,,no replicate,http://vocab.nerc.ac.uk/collection/P01/current/IDSPRE01,,
ARMS_Crete_1HERP_20200903_20210122_SF_s1_r1:Otu227,submergedTime,day,141,http://vocab.nerc.ac.uk/collection/P01/current/AZDRZZ01/,https://vocab.nerc.ac.uk/collection/P06/current/UTAA/,
ARMS_Crete_1HERP_20200903_20210122_SF_s1_r1:Otu227,preservativeUsed,,Frozen,http://vocab.nerc.ac.uk/collection/Q01/current/Q0100004/,,
ARMS_Crete_1HERP_20200903_20210122_SF_s1_r1:Otu227,lowerLimitFilterSize,micrometer,N/A (No filter was used),http://vocab.nerc.ac.uk/collection/Q01/current/Q0100011/,https://vocab.nerc.ac.uk/collection/P06/current/UMIC/,
ARMS_Crete_1HERP_20200903_20210122_SF_s1_r1:Otu227,fieldReplicateID,,no replicate,http://vocab.nerc.ac.uk/collection/P01/current/IDSPRE01,,
ARMS_Crete_1HERP_20200903_20210122_SF_s1_r1:Otu65,submergedTime,day,141,http://vocab.nerc.ac.uk/collection/P01/current/AZDRZZ01/,https://vocab.nerc.ac.uk/collection/P06/current/UTAA/,
ARMS_Crete_1HERP_20200903_20210122_SF_s1_r1:Otu65,preservativeUsed,,Frozen,http://vocab.nerc.ac.uk/collection/Q01/current/Q0100004/,,
ARMS_Crete_1HERP_20200903_20210122_SF_s1_r1:Otu65,lowerLimitFilterSize,micrometer,N/A (No filter was used),http://vocab.nerc.ac.uk/collection/Q01/current/Q0100011/,https://vocab.nerc.ac.uk/collection/P06/current/UMIC/,
ARMS_Crete_1HERP_20200903_20210122_SF_s1_r1:Otu65,fieldReplicateID,,no replicate,http://vocab.nerc.ac.uk/collection/P01/current/IDSPRE01,,
ARMS_Crete_1HERP_20200903_20210122_SF_s1_r1:Otu467,submergedTime,day,141,http://vocab.nerc.ac.uk/collection/P01/current/AZDRZZ01/,https://vocab.nerc.ac.uk/collection/P06/current/UTAA/,
ARMS_Crete_1HERP_20200903_20210122_SF_s1_r1:Otu467,preservativeUsed,,Frozen,http://vocab.nerc.ac.uk/collection/Q01/current/Q0100004/,,
ARMS_Crete_1HERP_20200903_20210122_SF_s1_r1:Otu467,lowerLimitFilterSize,micrometer,N/A (No filter was used),http://vocab.nerc.ac.uk/collection/Q01/current/Q0100011/,https://vocab.nerc.ac.uk/collection/P06/current/UMIC/,
ARMS_Crete_1HERP_20200903_20210122_SF_s1_r1:Otu467,fieldReplicateID,,no replicate,http://vocab.nerc.ac.uk/collection/P01/current/IDSPRE01,,
ARMS_Crete_1HERP_20200903_20210122_SF_s1_r1:Otu9,submergedTime,day,141,http://vocab.nerc.ac.uk/collection/P01/current/AZDRZZ01/,https://vocab.nerc.ac.uk/collection/P06/current/UTAA/,
ARMS_Crete_1HERP_20200903_20210122_SF_s1_r1:Otu9,preservativeUsed,,Frozen,http://vocab.nerc.ac.uk/collection/Q01/current/Q0100004/,,
ARMS_Crete_1HERP_20200903_20210122_SF_s1_r1:Otu9,lowerLimitFilterSize,micrometer,N/A (No filter was used),http://vocab.nerc.ac.uk/collection/Q01/current/Q0100011/,https://vocab.nerc.ac.uk/collection/P06/current/UMIC/,
ARMS_Crete_1HERP_20200903_20210122_SF_s1_r1:Otu9,fieldReplicateID,,no replicate,http://vocab.nerc.ac.uk/collection/P01/current/IDSPRE01,,
ARMS_Crete_1HERP_20200903_20210122_SF_s1_r1:Otu2,submergedTime,day,141,http://vocab.nerc.ac.uk/collection/P01/current/AZDRZZ01/,https://vocab.nerc.ac.uk/collection/P06/current/UTAA/,
ARMS_Crete_1HERP_20200903_20210122_SF_s1_r1:Otu2,preservativeUsed,,Frozen,http://vocab.nerc.ac.uk/collection/Q01/current/Q0100004/,,
ARMS_Crete_1HERP_20200903_20210122_SF_s1_r1:Otu2,lowerLimitFilterSize,micrometer,N/A (No filter was used),http://vocab.nerc.ac.uk/collection/Q01/current/Q0100011/,https://vocab.nerc.ac.uk/collection/P06/current/UMIC/,
ARMS_Crete_1HERP_20200903_20210122_SF_s1_r1:Otu2,fieldReplicateID,,no replicate,http://vocab.nerc.ac.uk/collection/P01/current/IDSPRE01,,
ARMS_Crete_1HERP_20200903_20210122_SF_s1_r1:Otu1,submergedTime,day,141,http://vocab.nerc.ac.uk/collection/P01/current/AZDRZZ01/,https://vocab.nerc.ac.uk/collection/P06/current/UTAA/,
ARMS_Crete_1HERP_20200903_20210122_SF_s1_r1:Otu1,preservativeUsed,,Frozen,http://vocab.nerc.ac.uk/collection/Q01/current/Q0100004/,,
ARMS_Crete_1HERP_20200903_20210122_SF_s1_r1:Otu1,lowerLimitFilterSize,micrometer,N/A (No filter was used),http://vocab.nerc.ac.uk/collection/Q01/current/Q0100011/,https://vocab.nerc.ac.uk/collection/P06/current/UMIC/,
ARMS_Crete_1HERP_20200903_20210122_SF_s1_r1:Otu1,fieldReplicateID,,no replicate,http://vocab.nerc.ac.uk/collection/P01/current/IDSPRE01,,
ARMS_Crete_1HERP_20200903_20210122_SF_s1_r1:Otu197,submergedTime,day,141,http://vocab.nerc.ac.uk/collection/P01/current/AZDRZZ01/,https://vocab.nerc.ac.uk/collection/P06/current/UTAA/,
ARMS_Crete_1HERP_20200903_20210122_SF_s1_r1:Otu197,preservativeUsed,,Frozen,http://vocab.nerc.ac.uk/collection/Q01/current/Q0100004/,,
ARMS_Crete_1HERP_20200903_20210122_SF_s1_r1:Otu197,lowerLimitFilterSize,micrometer,N/A (No filter was used),http://vocab.nerc.ac.uk/collection/Q01/current/Q0100011/,https://vocab.nerc.ac.uk/collection/P06/current/UMIC/,
ARMS_Crete_1HERP_20200903_20210122_SF_s1_r1:Otu197,fieldReplicateID,,no replicate,http://vocab.nerc.ac.uk/collection/P01/current/IDSPRE01,,
ARMS_Crete_1HERP_20200903_20210122_SF_s1_r1:Otu92,submergedTime,day,141,http://vocab.nerc.ac.uk/collection/P01/current/AZDRZZ01/,https://vocab.nerc.ac.uk/collection/P06/current/UTAA/,
ARMS_Crete_1HERP_20200903_20210122_SF_s1_r1:Otu92,preservativeUsed,,Frozen,http://vocab.nerc.ac.uk/collection/Q01/current/Q0100004/,,
ARMS_Crete_1HERP_20200903_20210122_SF_s1_r1:Otu92,lowerLimitFilterSize,micrometer,N/A (No filter was used),http://vocab.nerc.ac.uk/collection/Q01/current/Q0100011/,https://vocab.nerc.ac.uk/collection/P06/current/UMIC/,
ARMS_Crete_1HERP_20200903_20210122_SF_s1_r1:Otu92,fieldReplicateID,,no replicate,http://vocab.nerc.ac.uk/collection/P01/current/IDSPRE01,,
ARMS_Crete_1HERP_20200903_20210122_SF_s1_r1:Otu141,submergedTime,day,141,http://vocab.nerc.ac.uk/collection/P01/current/AZDRZZ01/,https://vocab.nerc.ac.uk/collection/P06/current/UTAA/,
ARMS_Crete_1HERP_20200903_20210122_SF_s1_r1:Otu141,preservativeUsed,,Frozen,http://vocab.nerc.ac.uk/collection/Q01/current/Q0100004/,,
ARMS_Crete_1HERP_20200903_20210122_SF_s1_r1:Otu141,lowerLimitFilterSize,micrometer,N/A (No filter was used),http://vocab.nerc.ac.uk/collection/Q01/current/Q0100011/,https://vocab.nerc.ac.uk/collection/P06/current/UMIC/,
ARMS_Crete_1HERP_20200903_20210122_SF_s1_r1:Otu141,fieldReplicateID,,no replicate,http://vocab.nerc.ac.uk/collection/P01/current/IDSPRE01,,
ARMS_Getxo_G1_20200624_20201103_MF100_s1_r1:Otu419,submergedTime,day,132,http://vocab.nerc.ac.uk/collection/P01/current/AZDRZZ01/,https://vocab.nerc.ac.uk/collection/P06/current/UTAA/,
ARMS_Getxo_G1_20200624_20201103_MF100_s1_r1:Otu419,preservativeUsed,,DMSO,http://vocab.nerc.ac.uk/collection/Q01/current/Q0100004/,,https://pubchem.ncbi.nlm.nih.gov/compound/679
ARMS_Getxo_G1_20200624_20201103_MF100_s1_r1:Otu419,lowerLimitFilterSize,micrometer,100,http://vocab.nerc.ac.uk/collection/Q01/current/Q0100011/,https://vocab.nerc.ac.uk/collection/P06/current/UMIC/,
ARMS_Getxo_G1_20200624_20201103_MF100_s1_r1:Otu419,fieldReplicateID,,ARMS_Getxo_G_20200624_20201103,http://vocab.nerc.ac.uk/collection/P01/current/IDSPRE01,,
ARMS_Getxo_G1_20200624_20201103_MF100_s1_r1:Otu25,submergedTime,day,132,http://vocab.nerc.ac.uk/collection/P01/current/AZDRZZ01/,https://vocab.nerc.ac.uk/collection/P06/current/UTAA/,
ARMS_Getxo_G1_20200624_20201103_MF100_s1_r1:Otu25,preservativeUsed,,DMSO,http://vocab.nerc.ac.uk/collection/Q01/current/Q0100004/,,https://pubchem.ncbi.nlm.nih.gov/compound/679
ARMS_Getxo_G1_20200624_20201103_MF100_s1_r1:Otu25,lowerLimitFilterSize,micrometer,100,http://vocab.nerc.ac.uk/collection/Q01/current/Q0100011/,https://vocab.nerc.ac.uk/collection/P06/current/UMIC/,
ARMS_Getxo_G1_20200624_20201103_MF100_s1_r1:Otu25,fieldReplicateID,,ARMS_Getxo_G_20200624_20201103,http://vocab.nerc.ac.uk/collection/P01/current/IDSPRE01,,
ARMS_Getxo_G1_20200624_20201103_MF100_s1_r1:Otu223,submergedTime,day,132,http://vocab.nerc.ac.uk/collection/P01/current/AZDRZZ01/,https://vocab.nerc.ac.uk/collection/P06/current/UTAA/,
ARMS_Getxo_G1_20200624_20201103_MF100_s1_r1:Otu223,preservativeUsed,,DMSO,http://vocab.nerc.ac.uk/collection/Q01/current/Q0100004/,,https://pubchem.ncbi.nlm.nih.gov/compound/679
ARMS_Getxo_G1_20200624_20201103_MF100_s1_r1:Otu223,lowerLimitFilterSize,micrometer,100,http://vocab.nerc.ac.uk/collection/Q01/current/Q0100011/,https://vocab.nerc.ac.uk/collection/P06/current/UMIC/,
ARMS_Getxo_G1_20200624_20201103_MF100_s1_r1:Otu223,fieldReplicateID,,ARMS_Getxo_G_20200624_20201103,http://vocab.nerc.ac.uk/collection/P01/current/IDSPRE01,,
ARMS_Getxo_G1_20200624_20201103_MF100_s1_r1:Otu123,submergedTime,day,132,http://vocab.nerc.ac.uk/collection/P01/current/AZDRZZ01/,https://vocab.nerc.ac.uk/collection/P06/current/UTAA/,
ARMS_Getxo_G1_20200624_20201103_MF100_s1_r1:Otu123,preservativeUsed,,DMSO,http://vocab.nerc.ac.uk/collection/Q01/current/Q0100004/,,https://pubchem.ncbi.nlm.nih.gov/compound/679
ARMS_Getxo_G1_20200624_20201103_MF100_s1_r1:Otu123,lowerLimitFilterSize,micrometer,100,http://vocab.nerc.ac.uk/collection/Q01/current/Q0100011/,https://vocab.nerc.ac.uk/collection/P06/current/UMIC/,
ARMS_Getxo_G1_20200624_20201103_MF100_s1_r1:Otu123,fieldReplicateID,,ARMS_Getxo_G_20200624_20201103,http://vocab.nerc.ac.uk/collection/P01/current/IDSPRE01,,
ARMS_Getxo_G1_20200624_20201103_MF100_s1_r1:Otu60,submergedTime,day,132,http://vocab.nerc.ac.uk/collection/P01/current/AZDRZZ01/,https://vocab.nerc.ac.uk/collection/P06/current/UTAA/,
ARMS_Getxo_G1_20200624_20201103_MF100_s1_r1:Otu60,preservativeUsed,,DMSO,http://vocab.nerc.ac.uk/collection/Q01/current/Q0100004/,,https://pubchem.ncbi.nlm.nih.gov/compound/679
ARMS_Getxo_G1_20200624_20201103_MF100_s1_r1:Otu60,lowerLimitFilterSize,micrometer,100,http://vocab.nerc.ac.uk/collection/Q01/current/Q0100011/,https://vocab.nerc.ac.uk/collection/P06/current/UMIC/,
ARMS_Getxo_G1_20200624_20201103_MF100_s1_r1:Otu60,fieldReplicateID,,ARMS_Getxo_G_20200624_20201103,http://vocab.nerc.ac.uk/collection/P01/current/IDSPRE01,,
ARMS_Getxo_G1_20200624_20201103_MF100_s1_r1:Otu468,submergedTime,day,132,http://vocab.nerc.ac.uk/collection/P01/current/AZDRZZ01/,https://vocab.nerc.ac.uk/collection/P06/current/UTAA/,
ARMS_Getxo_G1_20200624_20201103_MF100_s1_r1:Otu468,preservativeUsed,,DMSO,http://vocab.nerc.ac.uk/collection/Q01/current/Q0100004/,,https://pubchem.ncbi.nlm.nih.gov/compound/679
ARMS_Getxo_G1_20200624_20201103_MF100_s1_r1:Otu468,lowerLimitFilterSize,micrometer,100,http://vocab.nerc.ac.uk/collection/Q01/current/Q0100011/,https://vocab.nerc.ac.uk/collection/P06/current/UMIC/,
ARMS_Getxo_G1_20200624_20201103_MF100_s1_r1:Otu468,fieldReplicateID,,ARMS_Getxo_G_20200624_20201103,http://vocab.nerc.ac.uk/collection/P01/current/IDSPRE01,,
ARMS_Getxo_G1_20200624_20201103_MF100_s1_r1:Otu285,submergedTime,day,132,http://vocab.nerc.ac.uk/collection/P01/current/AZDRZZ01/,https://vocab.nerc.ac.uk/collection/P06/current/UTAA/,
ARMS_Getxo_G1_20200624_20201103_MF100_s1_r1:Otu285,preservativeUsed,,DMSO,http://vocab.nerc.ac.uk/collection/Q01/current/Q0100004/,,https://pubchem.ncbi.nlm.nih.gov/compound/679
ARMS_Getxo_G1_20200624_20201103_MF100_s1_r1:Otu285,lowerLimitFilterSize,micrometer,100,http://vocab.nerc.ac.uk/collection/Q01/current/Q0100011/,https://vocab.nerc.ac.uk/collection/P06/current/UMIC/,
ARMS_Getxo_G1_20200624_20201103_MF100_s1_r1:Otu285,fieldReplicateID,,ARMS_Getxo_G_20200624_20201103,http://vocab.nerc.ac.uk/collection/P01/current/IDSPRE01,,
ARMS_Getxo_G1_20200624_20201103_MF100_s1_r1:Otu38,submergedTime,day,132,http://vocab.nerc.ac.uk/collection/P01/current/AZDRZZ01/,https://vocab.nerc.ac.uk/collection/P06/current/UTAA/,
ARMS_Getxo_G1_20200624_20201103_MF100_s1_r1:Otu38,preservativeUsed,,DMSO,http://vocab.nerc.ac.uk/collection/Q01/current/Q0100004/,,https://pubchem.ncbi.nlm.nih.gov/compound/679
ARMS_Getxo_G1_20200624_20201103_MF100_s1_r1:Otu38,lowerLimitFilterSize,micrometer,100,http://vocab.nerc.ac.uk/collection/Q01/current/Q0100011/,https://vocab.nerc.ac.uk/collection/P06/current/UMIC/,
ARMS_Getxo_G1_20200624_20201103_MF100_s1_r1:Otu38,fieldReplicateID,,ARMS_Getxo_G_20200624_20201103,http://vocab.nerc.ac.uk/collection/P01/current/IDSPRE01,,
ARMS_Getxo_G1_20200624_20201103_MF100_s1_r1:Otu34,submergedTime,day,132,http://vocab.nerc.ac.uk/collection/P01/current/AZDRZZ01/,https://vocab.nerc.ac.uk/collection/P06/current/UTAA/,
ARMS_Getxo_G1_20200624_20201103_MF100_s1_r1:Otu34,preservativeUsed,,DMSO,http://vocab.nerc.ac.uk/collection/Q01/current/Q0100004/,,https://pubchem.ncbi.nlm.nih.gov/compound/679
ARMS_Getxo_G1_20200624_20201103_MF100_s1_r1:Otu34,lowerLimitFilterSize,micrometer,100,http://vocab.nerc.ac.uk/collection/Q01/current/Q0100011/,https://vocab.nerc.ac.uk/collection/P06/current/UMIC/,
ARMS_Getxo_G1_20200624_20201103_MF100_s1_r1:Otu34,fieldReplicateID,,ARMS_Getxo_G_20200624_20201103,http://vocab.nerc.ac.uk/collection/P01/current/IDSPRE01,,
ARMS_Getxo_G1_20200624_20201103_MF100_s1_r1:Otu31,submergedTime,day,132,http://vocab.nerc.ac.uk/collection/P01/current/AZDRZZ01/,https://vocab.nerc.ac.uk/collection/P06/current/UTAA/,
ARMS_Getxo_G1_20200624_20201103_MF100_s1_r1:Otu31,preservativeUsed,,DMSO,http://vocab.nerc.ac.uk/collection/Q01/current/Q0100004/,,https://pubchem.ncbi.nlm.nih.gov/compound/679
ARMS_Getxo_G1_20200624_20201103_MF100_s1_r1:Otu31,lowerLimitFilterSize,micrometer,100,http://vocab.nerc.ac.uk/collection/Q01/current/Q0100011/,https://vocab.nerc.ac.uk/collection/P06/current/UMIC/,
ARMS_Getxo_G1_20200624_20201103_MF100_s1_r1:Otu31,fieldReplicateID,,ARMS_Getxo_G_20200624_20201103,http://vocab.nerc.ac.uk/collection/P01/current/IDSPRE01,,
ARMS_Getxo_G1_20200624_20201103_MF100_s1_r1:Otu8,submergedTime,day,132,http://vocab.nerc.ac.uk/collection/P01/current/AZDRZZ01/,https://vocab.nerc.ac.uk/collection/P06/current/UTAA/,
ARMS_Getxo_G1_20200624_20201103_MF100_s1_r1:Otu8,preservativeUsed,,DMSO,http://vocab.nerc.ac.uk/collection/Q01/current/Q0100004/,,https://pubchem.ncbi.nlm.nih.gov/compound/679
ARMS_Getxo_G1_20200624_20201103_MF100_s1_r1:Otu8,lowerLimitFilterSize,micrometer,100,http://vocab.nerc.ac.uk/collection/Q01/current/Q0100011/,https://vocab.nerc.ac.uk/collection/P06/current/UMIC/,
ARMS_Getxo_G1_20200624_20201103_MF100_s1_r1:Otu8,fieldReplicateID,,ARMS_Getxo_G_20200624_20201103,http://vocab.nerc.ac.uk/collection/P01/current/IDSPRE01,,
ARMS_Getxo_G1_20200624_20201103_MF100_s1_r1:Otu7,submergedTime,day,132,http://vocab.nerc.ac.uk/collection/P01/current/AZDRZZ01/,https://vocab.nerc.ac.uk/collection/P06/current/UTAA/,
ARMS_Getxo_G1_20200624_20201103_MF100_s1_r1:Otu7,preservativeUsed,,DMSO,http://vocab.nerc.ac.uk/collection/Q01/current/Q0100004/,,https://pubchem.ncbi.nlm.nih.gov/compound/679
ARMS_Getxo_G1_20200624_20201103_MF100_s1_r1:Otu7,lowerLimitFilterSize,micrometer,100,http://vocab.nerc.ac.uk/collection/Q01/current/Q0100011/,https://vocab.nerc.ac.uk/collection/P06/current/UMIC/,
ARMS_Getxo_G1_20200624_20201103_MF100_s1_r1:Otu7,fieldReplicateID,,ARMS_Getxo_G_20200624_20201103,http://vocab.nerc.ac.uk/collection/P01/current/IDSPRE01,,
ARMS_Getxo_G1_20200624_20201103_MF100_s1_r1:Otu2,submergedTime,day,132,http://vocab.nerc.ac.uk/collection/P01/current/AZDRZZ01/,https://vocab.nerc.ac.uk/collection/P06/current/UTAA/,
ARMS_Getxo_G1_20200624_20201103_MF100_s1_r1:Otu2,preservativeUsed,,DMSO,http://vocab.nerc.ac.uk/collection/Q01/current/Q0100004/,,https://pubchem.ncbi.nlm.nih.gov/compound/679
ARMS_Getxo_G1_20200624_20201103_MF100_s1_r1:Otu2,lowerLimitFilterSize,micrometer,100,http://vocab.nerc.ac.uk/collection/Q01/current/Q0100011/,https://vocab.nerc.ac.uk/collection/P06/current/UMIC/,
ARMS_Getxo_G1_20200624_20201103_MF100_s1_r1:Otu2,fieldReplicateID,,ARMS_Getxo_G_20200624_20201103,http://vocab.nerc.ac.uk/collection/P01/current/IDSPRE01,,
ARMS_Getxo_G1_20200624_20201103_MF100_s1_r1:Otu205,submergedTime,day,132,http://vocab.nerc.ac.uk/collection/P01/current/AZDRZZ01/,https://vocab.nerc.ac.uk/collection/P06/current/UTAA/,
ARMS_Getxo_G1_20200624_20201103_MF100_s1_r1:Otu205,preservativeUsed,,DMSO,http://vocab.nerc.ac.uk/collection/Q01/current/Q0100004/,,https://pubchem.ncbi.nlm.nih.gov/compound/679
ARMS_Getxo_G1_20200624_20201103_MF100_s1_r1:Otu205,lowerLimitFilterSize,micrometer,100,http://vocab.nerc.ac.uk/collection/Q01/current/Q0100011/,https://vocab.nerc.ac.uk/collection/P06/current/UMIC/,
ARMS_Getxo_G1_20200624_20201103_MF100_s1_r1:Otu205,fieldReplicateID,,ARMS_Getxo_G_20200624_20201103,http://vocab.nerc.ac.uk/collection/P01/current/IDSPRE01,,
ARMS_Getxo_G1_20200624_20201103_MF100_s1_r1:Otu104,submergedTime,day,132,http://vocab.nerc.ac.uk/collection/P01/current/AZDRZZ01/,https://vocab.nerc.ac.uk/collection/P06/current/UTAA/,
ARMS_Getxo_G1_20200624_20201103_MF100_s1_r1:Otu104,preservativeUsed,,DMSO,http://vocab.nerc.ac.uk/collection/Q01/current/Q0100004/,,https://pubchem.ncbi.nlm.nih.gov/compound/679
ARMS_Getxo_G1_20200624_20201103_MF100_s1_r1:Otu104,lowerLimitFilterSize,micrometer,100,http://vocab.nerc.ac.uk/collection/Q01/current/Q0100011/,https://vocab.nerc.ac.uk/collection/P06/current/UMIC/,
ARMS_Getxo_G1_20200624_20201103_MF100_s1_r1:Otu104,fieldReplicateID,,ARMS_Getxo_G_20200624_20201103,http://vocab.nerc.ac.uk/collection/P01/current/IDSPRE01,,
ARMS_Getxo_G1_20200624_20201103_MF100_s1_r1:Otu102,submergedTime,day,132,http://vocab.nerc.ac.uk/collection/P01/current/AZDRZZ01/,https://vocab.nerc.ac.uk/collection/P06/current/UTAA/,
ARMS_Getxo_G1_20200624_20201103_MF100_s1_r1:Otu102,preservativeUsed,,DMSO,http://vocab.nerc.ac.uk/collection/Q01/current/Q0100004/,,https://pubchem.ncbi.nlm.nih.gov/compound/679
ARMS_Getxo_G1_20200624_20201103_MF100_s1_r1:Otu102,lowerLimitFilterSize,micrometer,100,http://vocab.nerc.ac.uk/collection/Q01/current/Q0100011/,https://vocab.nerc.ac.uk/collection/P06/current/UMIC/,
ARMS_Getxo_G1_20200624_20201103_MF100_s1_r1:Otu102,fieldReplicateID,,ARMS_Getxo_G_20200624_20201103,http://vocab.nerc.ac.uk/collection/P01/current/IDSPRE01,,
ARMS_Getxo_G1_20200624_20201103_MF100_s1_r1:Otu329,submergedTime,day,132,http://vocab.nerc.ac.uk/collection/P01/current/AZDRZZ01/,https://vocab.nerc.ac.uk/collection/P06/current/UTAA/,
ARMS_Getxo_G1_20200624_20201103_MF100_s1_r1:Otu329,preservativeUsed,,DMSO,http://vocab.nerc.ac.uk/collection/Q01/current/Q0100004/,,https://pubchem.ncbi.nlm.nih.gov/compound/679
ARMS_Getxo_G1_20200624_20201103_MF100_s1_r1:Otu329,lowerLimitFilterSize,micrometer,100,http://vocab.nerc.ac.uk/collection/Q01/current/Q0100011/,https://vocab.nerc.ac.uk/collection/P06/current/UMIC/,
ARMS_Getxo_G1_20200624_20201103_MF100_s1_r1:Otu329,fieldReplicateID,,ARMS_Getxo_G_20200624_20201103,http://vocab.nerc.ac.uk/collection/P01/current/IDSPRE01,,
ARMS_Getxo_G1_20200624_20201103_MF100_s1_r1:Otu404,submergedTime,day,132,http://vocab.nerc.ac.uk/collection/P01/current/AZDRZZ01/,https://vocab.nerc.ac.uk/collection/P06/current/UTAA/,
ARMS_Getxo_G1_20200624_20201103_MF100_s1_r1:Otu404,preservativeUsed,,DMSO,http://vocab.nerc.ac.uk/collection/Q01/current/Q0100004/,,https://pubchem.ncbi.nlm.nih.gov/compound/679
ARMS_Getxo_G1_20200624_20201103_MF100_s1_r1:Otu404,lowerLimitFilterSize,micrometer,100,http://vocab.nerc.ac.uk/collection/Q01/current/Q0100011/,https://vocab.nerc.ac.uk/collection/P06/current/UMIC/,
ARMS_Getxo_G1_20200624_20201103_MF100_s1_r1:Otu404,fieldReplicateID,,ARMS_Getxo_G_20200624_20201103,http://vocab.nerc.ac.uk/collection/P01/current/IDSPRE01,,
ARMS_Getxo_G1_20200624_20201103_MF100_s1_r1:Otu241,submergedTime,day,132,http://vocab.nerc.ac.uk/collection/P01/current/AZDRZZ01/,https://vocab.nerc.ac.uk/collection/P06/current/UTAA/,
ARMS_Getxo_G1_20200624_20201103_MF100_s1_r1:Otu241,preservativeUsed,,DMSO,http://vocab.nerc.ac.uk/collection/Q01/current/Q0100004/,,https://pubchem.ncbi.nlm.nih.gov/compound/679
ARMS_Getxo_G1_20200624_20201103_MF100_s1_r1:Otu241,lowerLimitFilterSize,micrometer,100,http://vocab.nerc.ac.uk/collection/Q01/current/Q0100011/,https://vocab.nerc.ac.uk/collection/P06/current/UMIC/,
ARMS_Getxo_G1_20200624_20201103_MF100_s1_r1:Otu241,fieldReplicateID,,ARMS_Getxo_G_20200624_20201103,http://vocab.nerc.ac.uk/collection/P01/current/IDSPRE01,,
ARMS_Getxo_G1_20200624_20201103_MF100_s1_r1:Otu47,submergedTime,day,132,http://vocab.nerc.ac.uk/collection/P01/current/AZDRZZ01/,https://vocab.nerc.ac.uk/collection/P06/current/UTAA/,
ARMS_Getxo_G1_20200624_20201103_MF100_s1_r1:Otu47,preservativeUsed,,DMSO,http://vocab.nerc.ac.uk/collection/Q01/current/Q0100004/,,https://pubchem.ncbi.nlm.nih.gov/compound/679
ARMS_Getxo_G1_20200624_20201103_MF100_s1_r1:Otu47,lowerLimitFilterSize,micrometer,100,http://vocab.nerc.ac.uk/collection/Q01/current/Q0100011/,https://vocab.nerc.ac.uk/collection/P06/current/UMIC/,
ARMS_Getxo_G1_20200624_20201103_MF100_s1_r1:Otu47,fieldReplicateID,,ARMS_Getxo_G_20200624_20201103,http://vocab.nerc.ac.uk/collection/P01/current/IDSPRE01,,
ARMS_Getxo_G1_20200624_20201103_MF100_s1_r1:Otu132,submergedTime,day,132,http://vocab.nerc.ac.uk/collection/P01/current/AZDRZZ01/,https://vocab.nerc.ac.uk/collection/P06/current/UTAA/,
ARMS_Getxo_G1_20200624_20201103_MF100_s1_r1:Otu132,preservativeUsed,,DMSO,http://vocab.nerc.ac.uk/collection/Q01/current/Q0100004/,,https://pubchem.ncbi.nlm.nih.gov/compound/679
ARMS_Getxo_G1_20200624_20201103_MF100_s1_r1:Otu132,lowerLimitFilterSize,micrometer,100,http://vocab.nerc.ac.uk/collection/Q01/current/Q0100011/,https://vocab.nerc.ac.uk/collection/P06/current/UMIC/,
ARMS_Getxo_G1_20200624_20201103_MF100_s1_r1:Otu132,fieldReplicateID,,ARMS_Getxo_G_20200624_20201103,http://vocab.nerc.ac.uk/collection/P01/current/IDSPRE01,,
ARMS_Getxo_G1_20200624_20201103_MF100_s1_r1:Otu10,submergedTime,day,132,http://vocab.nerc.ac.uk/collection/P01/current/AZDRZZ01/,https://vocab.nerc.ac.uk/collection/P06/current/UTAA/,
ARMS_Getxo_G1_20200624_20201103_MF100_s1_r1:Otu10,preservativeUsed,,DMSO,http://vocab.nerc.ac.uk/collection/Q01/current/Q0100004/,,https://pubchem.ncbi.nlm.nih.gov/compound/679
ARMS_Getxo_G1_20200624_20201103_MF100_s1_r1:Otu10,lowerLimitFilterSize,micrometer,100,http://vocab.nerc.ac.uk/collection/Q01/current/Q0100011/,https://vocab.nerc.ac.uk/collection/P06/current/UMIC/,
ARMS_Getxo_G1_20200624_20201103_MF100_s1_r1:Otu10,fieldReplicateID,,ARMS_Getxo_G_20200624_20201103,http://vocab.nerc.ac.uk/collection/P01/current/IDSPRE01,,
ARMS_Getxo_G1_20200624_20201103_MF100_s1_r1:Otu18,submergedTime,day,132,http://vocab.nerc.ac.uk/collection/P01/current/AZDRZZ01/,https://vocab.nerc.ac.uk/collection/P06/current/UTAA/,
ARMS_Getxo_G1_20200624_20201103_MF100_s1_r1:Otu18,preservativeUsed,,DMSO,http://vocab.nerc.ac.uk/collection/Q01/current/Q0100004/,,https://pubchem.ncbi.nlm.nih.gov/compound/679
ARMS_Getxo_G1_20200624_20201103_MF100_s1_r1:Otu18,lowerLimitFilterSize,micrometer,100,http://vocab.nerc.ac.uk/collection/Q01/current/Q0100011/,https://vocab.nerc.ac.uk/collection/P06/current/UMIC/,
ARMS_Getxo_G1_20200624_20201103_MF100_s1_r1:Otu18,fieldReplicateID,,ARMS_Getxo_G_20200624_20201103,http://vocab.nerc.ac.uk/collection/P01/current/IDSPRE01,,
ARMS_Getxo_G1_20200624_20201103_MF500_s1_r1:Otu252,submergedTime,day,132,http://vocab.nerc.ac.uk/collection/P01/current/AZDRZZ01/,https://vocab.nerc.ac.uk/collection/P06/current/UTAA/,
ARMS_Getxo_G1_20200624_20201103_MF500_s1_r1:Otu252,preservativeUsed,,DMSO,http://vocab.nerc.ac.uk/collection/Q01/current/Q0100004/,,https://pubchem.ncbi.nlm.nih.gov/compound/679
ARMS_Getxo_G1_20200624_20201103_MF500_s1_r1:Otu252,lowerLimitFilterSize,micrometer,500,http://vocab.nerc.ac.uk/collection/Q01/current/Q0100011/,https://vocab.nerc.ac.uk/collection/P06/current/UMIC/,
ARMS_Getxo_G1_20200624_20201103_MF500_s1_r1:Otu252,fieldReplicateID,,ARMS_Getxo_G_20200624_20201103,http://vocab.nerc.ac.uk/collection/P01/current/IDSPRE01,,
ARMS_Getxo_G1_20200624_20201103_MF500_s1_r1:Otu190,submergedTime,day,132,http://vocab.nerc.ac.uk/collection/P01/current/AZDRZZ01/,https://vocab.nerc.ac.uk/collection/P06/current/UTAA/,
ARMS_Getxo_G1_20200624_20201103_MF500_s1_r1:Otu190,preservativeUsed,,DMSO,http://vocab.nerc.ac.uk/collection/Q01/current/Q0100004/,,https://pubchem.ncbi.nlm.nih.gov/compound/679
ARMS_Getxo_G1_20200624_20201103_MF500_s1_r1:Otu190,lowerLimitFilterSize,micrometer,500,http://vocab.nerc.ac.uk/collection/Q01/current/Q0100011/,https://vocab.nerc.ac.uk/collection/P06/current/UMIC/,
ARMS_Getxo_G1_20200624_20201103_MF500_s1_r1:Otu190,fieldReplicateID,,ARMS_Getxo_G_20200624_20201103,http://vocab.nerc.ac.uk/collection/P01/current/IDSPRE01,,
ARMS_Getxo_G1_20200624_20201103_SF40_s1_r1:Otu486,submergedTime,day,132,http://vocab.nerc.ac.uk/collection/P01/current/AZDRZZ01/,https://vocab.nerc.ac.uk/collection/P06/current/UTAA/,
ARMS_Getxo_G1_20200624_20201103_SF40_s1_r1:Otu486,preservativeUsed,,DMSO,http://vocab.nerc.ac.uk/collection/Q01/current/Q0100004/,,https://pubchem.ncbi.nlm.nih.gov/compound/679
ARMS_Getxo_G1_20200624_20201103_SF40_s1_r1:Otu486,lowerLimitFilterSize,micrometer,40,http://vocab.nerc.ac.uk/collection/Q01/current/Q0100011/,https://vocab.nerc.ac.uk/collection/P06/current/UMIC/,
ARMS_Getxo_G1_20200624_20201103_SF40_s1_r1:Otu486,fieldReplicateID,,ARMS_Getxo_G_20200624_20201103,http://vocab.nerc.ac.uk/collection/P01/current/IDSPRE01,,
ARMS_Getxo_G1_20200624_20201103_SF40_s1_r1:Otu487,submergedTime,day,132,http://vocab.nerc.ac.uk/collection/P01/current/AZDRZZ01/,https://vocab.nerc.ac.uk/collection/P06/current/UTAA/,
ARMS_Getxo_G1_20200624_20201103_SF40_s1_r1:Otu487,preservativeUsed,,DMSO,http://vocab.nerc.ac.uk/collection/Q01/current/Q0100004/,,https://pubchem.ncbi.nlm.nih.gov/compound/679
ARMS_Getxo_G1_20200624_20201103_SF40_s1_r1:Otu487,lowerLimitFilterSize,micrometer,40,http://vocab.nerc.ac.uk/collection/Q01/current/Q0100011/,https://vocab.nerc.ac.uk/collection/P06/current/UMIC/,
ARMS_Getxo_G1_20200624_20201103_SF40_s1_r1:Otu487,fieldReplicateID,,ARMS_Getxo_G_20200624_20201103,http://vocab.nerc.ac.uk/collection/P01/current/IDSPRE01,,
ARMS_Getxo_G1_20200624_20201103_SF40_s1_r1:Otu488,submergedTime,day,132,http://vocab.nerc.ac.uk/collection/P01/current/AZDRZZ01/,https://vocab.nerc.ac.uk/collection/P06/current/UTAA/,
ARMS_Getxo_G1_20200624_20201103_SF40_s1_r1:Otu488,preservativeUsed,,DMSO,http://vocab.nerc.ac.uk/collection/Q01/current/Q0100004/,,https://pubchem.ncbi.nlm.nih.gov/compound/679
ARMS_Getxo_G1_20200624_20201103_SF40_s1_r1:Otu488,lowerLimitFilterSize,micrometer,40,http://vocab.nerc.ac.uk/collection/Q01/current/Q0100011/,https://vocab.nerc.ac.uk/collection/P06/current/UMIC/,
ARMS_Getxo_G1_20200624_20201103_SF40_s1_r1:Otu488,fieldReplicateID,,ARMS_Getxo_G_20200624_20201103,http://vocab.nerc.ac.uk/collection/P01/current/IDSPRE01,,
ARMS_Getxo_G1_20200624_20201103_SF40_s1_r1:Otu59,submergedTime,day,132,http://vocab.nerc.ac.uk/collection/P01/current/AZDRZZ01/,https://vocab.nerc.ac.uk/collection/P06/current/UTAA/,
ARMS_Getxo_G1_20200624_20201103_SF40_s1_r1:Otu59,preservativeUsed,,DMSO,http://vocab.nerc.ac.uk/collection/Q01/current/Q0100004/,,https://pubchem.ncbi.nlm.nih.gov/compound/679
ARMS_Getxo_G1_20200624_20201103_SF40_s1_r1:Otu59,lowerLimitFilterSize,micrometer,40,http://vocab.nerc.ac.uk/collection/Q01/current/Q0100011/,https://vocab.nerc.ac.uk/collection/P06/current/UMIC/,
ARMS_Getxo_G1_20200624_20201103_SF40_s1_r1:Otu59,fieldReplicateID,,ARMS_Getxo_G_20200624_20201103,http://vocab.nerc.ac.uk/collection/P01/current/IDSPRE01,,
ARMS_Getxo_G1_20200624_20201103_SF40_s1_r1:Otu389,submergedTime,day,132,http://vocab.nerc.ac.uk/collection/P01/current/AZDRZZ01/,https://vocab.nerc.ac.uk/collection/P06/current/UTAA/,
ARMS_Getxo_G1_20200624_20201103_SF40_s1_r1:Otu389,preservativeUsed,,DMSO,http://vocab.nerc.ac.uk/collection/Q01/current/Q0100004/,,https://pubchem.ncbi.nlm.nih.gov/compound/679
ARMS_Getxo_G1_20200624_20201103_SF40_s1_r1:Otu389,lowerLimitFilterSize,micrometer,40,http://vocab.nerc.ac.uk/collection/Q01/current/Q0100011/,https://vocab.nerc.ac.uk/collection/P06/current/UMIC/,
ARMS_Getxo_G1_20200624_20201103_SF40_s1_r1:Otu389,fieldReplicateID,,ARMS_Getxo_G_20200624_20201103,http://vocab.nerc.ac.uk/collection/P01/current/IDSPRE01,,
ARMS_Getxo_G1_20200624_20201103_SF40_s1_r1:Otu385,submergedTime,day,132,http://vocab.nerc.ac.uk/collection/P01/current/AZDRZZ01/,https://vocab.nerc.ac.uk/collection/P06/current/UTAA/,
ARMS_Getxo_G1_20200624_20201103_SF40_s1_r1:Otu385,preservativeUsed,,DMSO,http://vocab.nerc.ac.uk/collection/Q01/current/Q0100004/,,https://pubchem.ncbi.nlm.nih.gov/compound/679
ARMS_Getxo_G1_20200624_20201103_SF40_s1_r1:Otu385,lowerLimitFilterSize,micrometer,40,http://vocab.nerc.ac.uk/collection/Q01/current/Q0100011/,https://vocab.nerc.ac.uk/collection/P06/current/UMIC/,
ARMS_Getxo_G1_20200624_20201103_SF40_s1_r1:Otu385,fieldReplicateID,,ARMS_Getxo_G_20200624_20201103,http://vocab.nerc.ac.uk/collection/P01/current/IDSPRE01,,
ARMS_Getxo_G1_20200624_20201103_SF40_s1_r1:Otu384,submergedTime,day,132,http://vocab.nerc.ac.uk/collection/P01/current/AZDRZZ01/,https://vocab.nerc.ac.uk/collection/P06/current/UTAA/,
ARMS_Getxo_G1_20200624_20201103_SF40_s1_r1:Otu384,preservativeUsed,,DMSO,http://vocab.nerc.ac.uk/collection/Q01/current/Q0100004/,,https://pubchem.ncbi.nlm.nih.gov/compound/679
ARMS_Getxo_G1_20200624_20201103_SF40_s1_r1:Otu384,lowerLimitFilterSize,micrometer,40,http://vocab.nerc.ac.uk/collection/Q01/current/Q0100011/,https://vocab.nerc.ac.uk/collection/P06/current/UMIC/,
ARMS_Getxo_G1_20200624_20201103_SF40_s1_r1:Otu384,fieldReplicateID,,ARMS_Getxo_G_20200624_20201103,http://vocab.nerc.ac.uk/collection/P01/current/IDSPRE01,,
ARMS_Getxo_G1_20200624_20201103_SF40_s1_r1:Otu271,submergedTime,day,132,http://vocab.nerc.ac.uk/collection/P01/current/AZDRZZ01/,https://vocab.nerc.ac.uk/collection/P06/current/UTAA/,
ARMS_Getxo_G1_20200624_20201103_SF40_s1_r1:Otu271,preservativeUsed,,DMSO,http://vocab.nerc.ac.uk/collection/Q01/current/Q0100004/,,https://pubchem.ncbi.nlm.nih.gov/compound/679
ARMS_Getxo_G1_20200624_20201103_SF40_s1_r1:Otu271,lowerLimitFilterSize,micrometer,40,http://vocab.nerc.ac.uk/collection/Q01/current/Q0100011/,https://vocab.nerc.ac.uk/collection/P06/current/UMIC/,
ARMS_Getxo_G1_20200624_20201103_SF40_s1_r1:Otu271,fieldReplicateID,,ARMS_Getxo_G_20200624_20201103,http://vocab.nerc.ac.uk/collection/P01/current/IDSPRE01,,
ARMS_Getxo_G1_20200624_20201103_SF40_s1_r1:Otu48,submergedTime,day,132,http://vocab.nerc.ac.uk/collection/P01/current/AZDRZZ01/,https://vocab.nerc.ac.uk/collection/P06/current/UTAA/,
ARMS_Getxo_G1_20200624_20201103_SF40_s1_r1:Otu48,preservativeUsed,,DMSO,http://vocab.nerc.ac.uk/collection/Q01/current/Q0100004/,,https://pubchem.ncbi.nlm.nih.gov/compound/679
ARMS_Getxo_G1_20200624_20201103_SF40_s1_r1:Otu48,lowerLimitFilterSize,micrometer,40,http://vocab.nerc.ac.uk/collection/Q01/current/Q0100011/,https://vocab.nerc.ac.uk/collection/P06/current/UMIC/,
ARMS_Getxo_G1_20200624_20201103_SF40_s1_r1:Otu48,fieldReplicateID,,ARMS_Getxo_G_20200624_20201103,http://vocab.nerc.ac.uk/collection/P01/current/IDSPRE01,,
ARMS_Getxo_G1_20200624_20201103_SF40_s1_r1:Otu251,submergedTime,day,132,http://vocab.nerc.ac.uk/collection/P01/current/AZDRZZ01/,https://vocab.nerc.ac.uk/collection/P06/current/UTAA/,
ARMS_Getxo_G1_20200624_20201103_SF40_s1_r1:Otu251,preservativeUsed,,DMSO,http://vocab.nerc.ac.uk/collection/Q01/current/Q0100004/,,https://pubchem.ncbi.nlm.nih.gov/compound/679
ARMS_Getxo_G1_20200624_20201103_SF40_s1_r1:Otu251,lowerLimitFilterSize,micrometer,40,http://vocab.nerc.ac.uk/collection/Q01/current/Q0100011/,https://vocab.nerc.ac.uk/collection/P06/current/UMIC/,
ARMS_Getxo_G1_20200624_20201103_SF40_s1_r1:Otu251,fieldReplicateID,,ARMS_Getxo_G_20200624_20201103,http://vocab.nerc.ac.uk/collection/P01/current/IDSPRE01,,
ARMS_Getxo_G1_20200624_20201103_SF40_s1_r1:Otu250,submergedTime,day,132,http://vocab.nerc.ac.uk/collection/P01/current/AZDRZZ01/,https://vocab.nerc.ac.uk/collection/P06/current/UTAA/,
ARMS_Getxo_G1_20200624_20201103_SF40_s1_r1:Otu250,preservativeUsed,,DMSO,http://vocab.nerc.ac.uk/collection/Q01/current/Q0100004/,,https://pubchem.ncbi.nlm.nih.gov/compound/679
ARMS_Getxo_G1_20200624_20201103_SF40_s1_r1:Otu250,lowerLimitFilterSize,micrometer,40,http://vocab.nerc.ac.uk/collection/Q01/current/Q0100011/,https://vocab.nerc.ac.uk/collection/P06/current/UMIC/,
ARMS_Getxo_G1_20200624_20201103_SF40_s1_r1:Otu250,fieldReplicateID,,ARMS_Getxo_G_20200624_20201103,http://vocab.nerc.ac.uk/collection/P01/current/IDSPRE01,,
ARMS_Getxo_G1_20200624_20201103_SF40_s1_r1:Otu252,submergedTime,day,132,http://vocab.nerc.ac.uk/collection/P01/current/AZDRZZ01/,https://vocab.nerc.ac.uk/collection/P06/current/UTAA/,
ARMS_Getxo_G1_20200624_20201103_SF40_s1_r1:Otu252,preservativeUsed,,DMSO,http://vocab.nerc.ac.uk/collection/Q01/current/Q0100004/,,https://pubchem.ncbi.nlm.nih.gov/compound/679
ARMS_Getxo_G1_20200624_20201103_SF40_s1_r1:Otu252,lowerLimitFilterSize,micrometer,40,http://vocab.nerc.ac.uk/collection/Q01/current/Q0100011/,https://vocab.nerc.ac.uk/collection/P06/current/UMIC/,
ARMS_Getxo_G1_20200624_20201103_SF40_s1_r1:Otu252,fieldReplicateID,,ARMS_Getxo_G_20200624_20201103,http://vocab.nerc.ac.uk/collection/P01/current/IDSPRE01,,
ARMS_Getxo_G1_20200624_20201103_SF40_s1_r1:Otu255,submergedTime,day,132,http://vocab.nerc.ac.uk/collection/P01/current/AZDRZZ01/,https://vocab.nerc.ac.uk/collection/P06/current/UTAA/,
ARMS_Getxo_G1_20200624_20201103_SF40_s1_r1:Otu255,preservativeUsed,,DMSO,http://vocab.nerc.ac.uk/collection/Q01/current/Q0100004/,,https://pubchem.ncbi.nlm.nih.gov/compound/679
ARMS_Getxo_G1_20200624_20201103_SF40_s1_r1:Otu255,lowerLimitFilterSize,micrometer,40,http://vocab.nerc.ac.uk/collection/Q01/current/Q0100011/,https://vocab.nerc.ac.uk/collection/P06/current/UMIC/,
ARMS_Getxo_G1_20200624_20201103_SF40_s1_r1:Otu255,fieldReplicateID,,ARMS_Getxo_G_20200624_20201103,http://vocab.nerc.ac.uk/collection/P01/current/IDSPRE01,,
ARMS_Getxo_G1_20200624_20201103_SF40_s1_r1:Otu254,submergedTime,day,132,http://vocab.nerc.ac.uk/collection/P01/current/AZDRZZ01/,https://vocab.nerc.ac.uk/collection/P06/current/UTAA/,
ARMS_Getxo_G1_20200624_20201103_SF40_s1_r1:Otu254,preservativeUsed,,DMSO,http://vocab.nerc.ac.uk/collection/Q01/current/Q0100004/,,https://pubchem.ncbi.nlm.nih.gov/compound/679
ARMS_Getxo_G1_20200624_20201103_SF40_s1_r1:Otu254,lowerLimitFilterSize,micrometer,40,http://vocab.nerc.ac.uk/collection/Q01/current/Q0100011/,https://vocab.nerc.ac.uk/collection/P06/current/UMIC/,
ARMS_Getxo_G1_20200624_20201103_SF40_s1_r1:Otu254,fieldReplicateID,,ARMS_Getxo_G_20200624_20201103,http://vocab.nerc.ac.uk/collection/P01/current/IDSPRE01,,
ARMS_Getxo_G1_20200624_20201103_SF40_s1_r1:Otu257,submergedTime,day,132,http://vocab.nerc.ac.uk/collection/P01/current/AZDRZZ01/,https://vocab.nerc.ac.uk/collection/P06/current/UTAA/,
ARMS_Getxo_G1_20200624_20201103_SF40_s1_r1:Otu257,preservativeUsed,,DMSO,http://vocab.nerc.ac.uk/collection/Q01/current/Q0100004/,,https://pubchem.ncbi.nlm.nih.gov/compound/679
ARMS_Getxo_G1_20200624_20201103_SF40_s1_r1:Otu257,lowerLimitFilterSize,micrometer,40,http://vocab.nerc.ac.uk/collection/Q01/current/Q0100011/,https://vocab.nerc.ac.uk/collection/P06/current/UMIC/,
ARMS_Getxo_G1_20200624_20201103_SF40_s1_r1:Otu257,fieldReplicateID,,ARMS_Getxo_G_20200624_20201103,http://vocab.nerc.ac.uk/collection/P01/current/IDSPRE01,,
ARMS_Getxo_G1_20200624_20201103_SF40_s1_r1:Otu256,submergedTime,day,132,http://vocab.nerc.ac.uk/collection/P01/current/AZDRZZ01/,https://vocab.nerc.ac.uk/collection/P06/current/UTAA/,
ARMS_Getxo_G1_20200624_20201103_SF40_s1_r1:Otu256,preservativeUsed,,DMSO,http://vocab.nerc.ac.uk/collection/Q01/current/Q0100004/,,https://pubchem.ncbi.nlm.nih.gov/compound/679
ARMS_Getxo_G1_20200624_20201103_SF40_s1_r1:Otu256,lowerLimitFilterSize,micrometer,40,http://vocab.nerc.ac.uk/collection/Q01/current/Q0100011/,https://vocab.nerc.ac.uk/collection/P06/current/UMIC/,
ARMS_Getxo_G1_20200624_20201103_SF40_s1_r1:Otu256,fieldReplicateID,,ARMS_Getxo_G_20200624_20201103,http://vocab.nerc.ac.uk/collection/P01/current/IDSPRE01,,
ARMS_Getxo_G1_20200624_20201103_SF40_s1_r1:Otu28,submergedTime,day,132,http://vocab.nerc.ac.uk/collection/P01/current/AZDRZZ01/,https://vocab.nerc.ac.uk/collection/P06/current/UTAA/,
ARMS_Getxo_G1_20200624_20201103_SF40_s1_r1:Otu28,preservativeUsed,,DMSO,http://vocab.nerc.ac.uk/collection/Q01/current/Q0100004/,,https://pubchem.ncbi.nlm.nih.gov/compound/679
ARMS_Getxo_G1_20200624_20201103_SF40_s1_r1:Otu28,lowerLimitFilterSize,micrometer,40,http://vocab.nerc.ac.uk/collection/Q01/current/Q0100011/,https://vocab.nerc.ac.uk/collection/P06/current/UMIC/,
ARMS_Getxo_G1_20200624_20201103_SF40_s1_r1:Otu28,fieldReplicateID,,ARMS_Getxo_G_20200624_20201103,http://vocab.nerc.ac.uk/collection/P01/current/IDSPRE01,,
ARMS_Getxo_G1_20200624_20201103_SF40_s1_r1:Otu25,submergedTime,day,132,http://vocab.nerc.ac.uk/collection/P01/current/AZDRZZ01/,https://vocab.nerc.ac.uk/collection/P06/current/UTAA/,
ARMS_Getxo_G1_20200624_20201103_SF40_s1_r1:Otu25,preservativeUsed,,DMSO,http://vocab.nerc.ac.uk/collection/Q01/current/Q0100004/,,https://pubchem.ncbi.nlm.nih.gov/compound/679
ARMS_Getxo_G1_20200624_20201103_SF40_s1_r1:Otu25,lowerLimitFilterSize,micrometer,40,http://vocab.nerc.ac.uk/collection/Q01/current/Q0100011/,https://vocab.nerc.ac.uk/collection/P06/current/UMIC/,
ARMS_Getxo_G1_20200624_20201103_SF40_s1_r1:Otu25,fieldReplicateID,,ARMS_Getxo_G_20200624_20201103,http://vocab.nerc.ac.uk/collection/P01/current/IDSPRE01,,
ARMS_Getxo_G1_20200624_20201103_SF40_s1_r1:Otu27,submergedTime,day,132,http://vocab.nerc.ac.uk/collection/P01/current/AZDRZZ01/,https://vocab.nerc.ac.uk/collection/P06/current/UTAA/,
ARMS_Getxo_G1_20200624_20201103_SF40_s1_r1:Otu27,preservativeUsed,,DMSO,http://vocab.nerc.ac.uk/collection/Q01/current/Q0100004/,,https://pubchem.ncbi.nlm.nih.gov/compound/679
ARMS_Getxo_G1_20200624_20201103_SF40_s1_r1:Otu27,lowerLimitFilterSize,micrometer,40,http://vocab.nerc.ac.uk/collection/Q01/current/Q0100011/,https://vocab.nerc.ac.uk/collection/P06/current/UMIC/,
ARMS_Getxo_G1_20200624_20201103_SF40_s1_r1:Otu27,fieldReplicateID,,ARMS_Getxo_G_20200624_20201103,http://vocab.nerc.ac.uk/collection/P01/current/IDSPRE01,,
ARMS_Getxo_G1_20200624_20201103_SF40_s1_r1:Otu26,submergedTime,day,132,http://vocab.nerc.ac.uk/collection/P01/current/AZDRZZ01/,https://vocab.nerc.ac.uk/collection/P06/current/UTAA/,
ARMS_Getxo_G1_20200624_20201103_SF40_s1_r1:Otu26,preservativeUsed,,DMSO,http://vocab.nerc.ac.uk/collection/Q01/current/Q0100004/,,https://pubchem.ncbi.nlm.nih.gov/compound/679
ARMS_Getxo_G1_20200624_20201103_SF40_s1_r1:Otu26,lowerLimitFilterSize,micrometer,40,http://vocab.nerc.ac.uk/collection/Q01/current/Q0100011/,https://vocab.nerc.ac.uk/collection/P06/current/UMIC/,
ARMS_Getxo_G1_20200624_20201103_SF40_s1_r1:Otu26,fieldReplicateID,,ARMS_Getxo_G_20200624_20201103,http://vocab.nerc.ac.uk/collection/P01/current/IDSPRE01,,
ARMS_Getxo_G1_20200624_20201103_SF40_s1_r1:Otu175,submergedTime,day,132,http://vocab.nerc.ac.uk/collection/P01/current/AZDRZZ01/,https://vocab.nerc.ac.uk/collection/P06/current/UTAA/,
ARMS_Getxo_G1_20200624_20201103_SF40_s1_r1:Otu175,preservativeUsed,,DMSO,http://vocab.nerc.ac.uk/collection/Q01/current/Q0100004/,,https://pubchem.ncbi.nlm.nih.gov/compound/679
ARMS_Getxo_G1_20200624_20201103_SF40_s1_r1:Otu175,lowerLimitFilterSize,micrometer,40,http://vocab.nerc.ac.uk/collection/Q01/current/Q0100011/,https://vocab.nerc.ac.uk/collection/P06/current/UMIC/,
ARMS_Getxo_G1_20200624_20201103_SF40_s1_r1:Otu175,fieldReplicateID,,ARMS_Getxo_G_20200624_20201103,http://vocab.nerc.ac.uk/collection/P01/current/IDSPRE01,,
ARMS_Getxo_G1_20200624_20201103_SF40_s1_r1:Otu176,submergedTime,day,132,http://vocab.nerc.ac.uk/collection/P01/current/AZDRZZ01/,https://vocab.nerc.ac.uk/collection/P06/current/UTAA/,
ARMS_Getxo_G1_20200624_20201103_SF40_s1_r1:Otu176,preservativeUsed,,DMSO,http://vocab.nerc.ac.uk/collection/Q01/current/Q0100004/,,https://pubchem.ncbi.nlm.nih.gov/compound/679
ARMS_Getxo_G1_20200624_20201103_SF40_s1_r1:Otu176,lowerLimitFilterSize,micrometer,40,http://vocab.nerc.ac.uk/collection/Q01/current/Q0100011/,https://vocab.nerc.ac.uk/collection/P06/current/UMIC/,
ARMS_Getxo_G1_20200624_20201103_SF40_s1_r1:Otu176,fieldReplicateID,,ARMS_Getxo_G_20200624_20201103,http://vocab.nerc.ac.uk/collection/P01/current/IDSPRE01,,
ARMS_Getxo_G1_20200624_20201103_SF40_s1_r1:Otu177,submergedTime,day,132,http://vocab.nerc.ac.uk/collection/P01/current/AZDRZZ01/,https://vocab.nerc.ac.uk/collection/P06/current/UTAA/,
ARMS_Getxo_G1_20200624_20201103_SF40_s1_r1:Otu177,preservativeUsed,,DMSO,http://vocab.nerc.ac.uk/collection/Q01/current/Q0100004/,,https://pubchem.ncbi.nlm.nih.gov/compound/679
ARMS_Getxo_G1_20200624_20201103_SF40_s1_r1:Otu177,lowerLimitFilterSize,micrometer,40,http://vocab.nerc.ac.uk/collection/Q01/current/Q0100011/,https://vocab.nerc.ac.uk/collection/P06/current/UMIC/,
ARMS_Getxo_G1_20200624_20201103_SF40_s1_r1:Otu177,fieldReplicateID,,ARMS_Getxo_G_20200624_20201103,http://vocab.nerc.ac.uk/collection/P01/current/IDSPRE01,,
ARMS_Getxo_G1_20200624_20201103_SF40_s1_r1:Otu178,submergedTime,day,132,http://vocab.nerc.ac.uk/collection/P01/current/AZDRZZ01/,https://vocab.nerc.ac.uk/collection/P06/current/UTAA/,
ARMS_Getxo_G1_20200624_20201103_SF40_s1_r1:Otu178,preservativeUsed,,DMSO,http://vocab.nerc.ac.uk/collection/Q01/current/Q0100004/,,https://pubchem.ncbi.nlm.nih.gov/compound/679
ARMS_Getxo_G1_20200624_20201103_SF40_s1_r1:Otu178,lowerLimitFilterSize,micrometer,40,http://vocab.nerc.ac.uk/collection/Q01/current/Q0100011/,https://vocab.nerc.ac.uk/collection/P06/current/UMIC/,
ARMS_Getxo_G1_20200624_20201103_SF40_s1_r1:Otu178,fieldReplicateID,,ARMS_Getxo_G_20200624_20201103,http://vocab.nerc.ac.uk/collection/P01/current/IDSPRE01,,
ARMS_Getxo_G1_20200624_20201103_SF40_s1_r1:Otu179,submergedTime,day,132,http://vocab.nerc.ac.uk/collection/P01/current/AZDRZZ01/,https://vocab.nerc.ac.uk/collection/P06/current/UTAA/,
ARMS_Getxo_G1_20200624_20201103_SF40_s1_r1:Otu179,preservativeUsed,,DMSO,http://vocab.nerc.ac.uk/collection/Q01/current/Q0100004/,,https://pubchem.ncbi.nlm.nih.gov/compound/679
ARMS_Getxo_G1_20200624_20201103_SF40_s1_r1:Otu179,lowerLimitFilterSize,micrometer,40,http://vocab.nerc.ac.uk/collection/Q01/current/Q0100011/,https://vocab.nerc.ac.uk/collection/P06/current/UMIC/,
ARMS_Getxo_G1_20200624_20201103_SF40_s1_r1:Otu179,fieldReplicateID,,ARMS_Getxo_G_20200624_20201103,http://vocab.nerc.ac.uk/collection/P01/current/IDSPRE01,,
ARMS_Getxo_G1_20200624_20201103_SF40_s1_r1:Otu513,submergedTime,day,132,http://vocab.nerc.ac.uk/collection/P01/current/AZDRZZ01/,https://vocab.nerc.ac.uk/collection/P06/current/UTAA/,
ARMS_Getxo_G1_20200624_20201103_SF40_s1_r1:Otu513,preservativeUsed,,DMSO,http://vocab.nerc.ac.uk/collection/Q01/current/Q0100004/,,https://pubchem.ncbi.nlm.nih.gov/compound/679
ARMS_Getxo_G1_20200624_20201103_SF40_s1_r1:Otu513,lowerLimitFilterSize,micrometer,40,http://vocab.nerc.ac.uk/collection/Q01/current/Q0100011/,https://vocab.nerc.ac.uk/collection/P06/current/UMIC/,
ARMS_Getxo_G1_20200624_20201103_SF40_s1_r1:Otu513,fieldReplicateID,,ARMS_Getxo_G_20200624_20201103,http://vocab.nerc.ac.uk/collection/P01/current/IDSPRE01,,
ARMS_Getxo_G1_20200624_20201103_SF40_s1_r1:Otu515,submergedTime,day,132,http://vocab.nerc.ac.uk/collection/P01/current/AZDRZZ01/,https://vocab.nerc.ac.uk/collection/P06/current/UTAA/,
ARMS_Getxo_G1_20200624_20201103_SF40_s1_r1:Otu515,preservativeUsed,,DMSO,http://vocab.nerc.ac.uk/collection/Q01/current/Q0100004/,,https://pubchem.ncbi.nlm.nih.gov/compound/679
ARMS_Getxo_G1_20200624_20201103_SF40_s1_r1:Otu515,lowerLimitFilterSize,micrometer,40,http://vocab.nerc.ac.uk/collection/Q01/current/Q0100011/,https://vocab.nerc.ac.uk/collection/P06/current/UMIC/,
ARMS_Getxo_G1_20200624_20201103_SF40_s1_r1:Otu515,fieldReplicateID,,ARMS_Getxo_G_20200624_20201103,http://vocab.nerc.ac.uk/collection/P01/current/IDSPRE01,,
ARMS_Getxo_G1_20200624_20201103_SF40_s1_r1:Otu222,submergedTime,day,132,http://vocab.nerc.ac.uk/collection/P01/current/AZDRZZ01/,https://vocab.nerc.ac.uk/collection/P06/current/UTAA/,
ARMS_Getxo_G1_20200624_20201103_SF40_s1_r1:Otu222,preservativeUsed,,DMSO,http://vocab.nerc.ac.uk/collection/Q01/current/Q0100004/,,https://pubchem.ncbi.nlm.nih.gov/compound/679
ARMS_Getxo_G1_20200624_20201103_SF40_s1_r1:Otu222,lowerLimitFilterSize,micrometer,40,http://vocab.nerc.ac.uk/collection/Q01/current/Q0100011/,https://vocab.nerc.ac.uk/collection/P06/current/UMIC/,
ARMS_Getxo_G1_20200624_20201103_SF40_s1_r1:Otu222,fieldReplicateID,,ARMS_Getxo_G_20200624_20201103,http://vocab.nerc.ac.uk/collection/P01/current/IDSPRE01,,
ARMS_Getxo_G1_20200624_20201103_SF40_s1_r1:Otu223,submergedTime,day,132,http://vocab.nerc.ac.uk/collection/P01/current/AZDRZZ01/,https://vocab.nerc.ac.uk/collection/P06/current/UTAA/,
ARMS_Getxo_G1_20200624_20201103_SF40_s1_r1:Otu223,preservativeUsed,,DMSO,http://vocab.nerc.ac.uk/collection/Q01/current/Q0100004/,,https://pubchem.ncbi.nlm.nih.gov/compound/679
ARMS_Getxo_G1_20200624_20201103_SF40_s1_r1:Otu223,lowerLimitFilterSize,micrometer,40,http://vocab.nerc.ac.uk/collection/Q01/current/Q0100011/,https://vocab.nerc.ac.uk/collection/P06/current/UMIC/,
ARMS_Getxo_G1_20200624_20201103_SF40_s1_r1:Otu223,fieldReplicateID,,ARMS_Getxo_G_20200624_20201103,http://vocab.nerc.ac.uk/collection/P01/current/IDSPRE01,,
ARMS_Getxo_G1_20200624_20201103_SF40_s1_r1:Otu224,submergedTime,day,132,http://vocab.nerc.ac.uk/collection/P01/current/AZDRZZ01/,https://vocab.nerc.ac.uk/collection/P06/current/UTAA/,
ARMS_Getxo_G1_20200624_20201103_SF40_s1_r1:Otu224,preservativeUsed,,DMSO,http://vocab.nerc.ac.uk/collection/Q01/current/Q0100004/,,https://pubchem.ncbi.nlm.nih.gov/compound/679
ARMS_Getxo_G1_20200624_20201103_SF40_s1_r1:Otu224,lowerLimitFilterSize,micrometer,40,http://vocab.nerc.ac.uk/collection/Q01/current/Q0100011/,https://vocab.nerc.ac.uk/collection/P06/current/UMIC/,
ARMS_Getxo_G1_20200624_20201103_SF40_s1_r1:Otu224,fieldReplicateID,,ARMS_Getxo_G_20200624_20201103,http://vocab.nerc.ac.uk/collection/P01/current/IDSPRE01,,
ARMS_Getxo_G1_20200624_20201103_SF40_s1_r1:Otu226,submergedTime,day,132,http://vocab.nerc.ac.uk/collection/P01/current/AZDRZZ01/,https://vocab.nerc.ac.uk/collection/P06/current/UTAA/,
ARMS_Getxo_G1_20200624_20201103_SF40_s1_r1:Otu226,preservativeUsed,,DMSO,http://vocab.nerc.ac.uk/collection/Q01/current/Q0100004/,,https://pubchem.ncbi.nlm.nih.gov/compound/679
ARMS_Getxo_G1_20200624_20201103_SF40_s1_r1:Otu226,lowerLimitFilterSize,micrometer,40,http://vocab.nerc.ac.uk/collection/Q01/current/Q0100011/,https://vocab.nerc.ac.uk/collection/P06/current/UMIC/,
ARMS_Getxo_G1_20200624_20201103_SF40_s1_r1:Otu226,fieldReplicateID,,ARMS_Getxo_G_20200624_20201103,http://vocab.nerc.ac.uk/collection/P01/current/IDSPRE01,,
ARMS_Getxo_G1_20200624_20201103_SF40_s1_r1:Otu227,submergedTime,day,132,http://vocab.nerc.ac.uk/collection/P01/current/AZDRZZ01/,https://vocab.nerc.ac.uk/collection/P06/current/UTAA/,
ARMS_Getxo_G1_20200624_20201103_SF40_s1_r1:Otu227,preservativeUsed,,DMSO,http://vocab.nerc.ac.uk/collection/Q01/current/Q0100004/,,https://pubchem.ncbi.nlm.nih.gov/compound/679
ARMS_Getxo_G1_20200624_20201103_SF40_s1_r1:Otu227,lowerLimitFilterSize,micrometer,40,http://vocab.nerc.ac.uk/collection/Q01/current/Q0100011/,https://vocab.nerc.ac.uk/collection/P06/current/UMIC/,
ARMS_Getxo_G1_20200624_20201103_SF40_s1_r1:Otu227,fieldReplicateID,,ARMS_Getxo_G_20200624_20201103,http://vocab.nerc.ac.uk/collection/P01/current/IDSPRE01,,
ARMS_Getxo_G1_20200624_20201103_SF40_s1_r1:Otu124,submergedTime,day,132,http://vocab.nerc.ac.uk/collection/P01/current/AZDRZZ01/,https://vocab.nerc.ac.uk/collection/P06/current/UTAA/,
ARMS_Getxo_G1_20200624_20201103_SF40_s1_r1:Otu124,preservativeUsed,,DMSO,http://vocab.nerc.ac.uk/collection/Q01/current/Q0100004/,,https://pubchem.ncbi.nlm.nih.gov/compound/679
ARMS_Getxo_G1_20200624_20201103_SF40_s1_r1:Otu124,lowerLimitFilterSize,micrometer,40,http://vocab.nerc.ac.uk/collection/Q01/current/Q0100011/,https://vocab.nerc.ac.uk/collection/P06/current/UMIC/,
ARMS_Getxo_G1_20200624_20201103_SF40_s1_r1:Otu124,fieldReplicateID,,ARMS_Getxo_G_20200624_20201103,http://vocab.nerc.ac.uk/collection/P01/current/IDSPRE01,,
ARMS_Getxo_G1_20200624_20201103_SF40_s1_r1:Otu123,submergedTime,day,132,http://vocab.nerc.ac.uk/collection/P01/current/AZDRZZ01/,https://vocab.nerc.ac.uk/collection/P06/current/UTAA/,
ARMS_Getxo_G1_20200624_20201103_SF40_s1_r1:Otu123,preservativeUsed,,DMSO,http://vocab.nerc.ac.uk/collection/Q01/current/Q0100004/,,https://pubchem.ncbi.nlm.nih.gov/compound/679
ARMS_Getxo_G1_20200624_20201103_SF40_s1_r1:Otu123,lowerLimitFilterSize,micrometer,40,http://vocab.nerc.ac.uk/collection/Q01/current/Q0100011/,https://vocab.nerc.ac.uk/collection/P06/current/UMIC/,
ARMS_Getxo_G1_20200624_20201103_SF40_s1_r1:Otu123,fieldReplicateID,,ARMS_Getxo_G_20200624_20201103,http://vocab.nerc.ac.uk/collection/P01/current/IDSPRE01,,
ARMS_Getxo_G1_20200624_20201103_SF40_s1_r1:Otu61,submergedTime,day,132,http://vocab.nerc.ac.uk/collection/P01/current/AZDRZZ01/,https://vocab.nerc.ac.uk/collection/P06/current/UTAA/,
ARMS_Getxo_G1_20200624_20201103_SF40_s1_r1:Otu61,preservativeUsed,,DMSO,http://vocab.nerc.ac.uk/collection/Q01/current/Q0100004/,,https://pubchem.ncbi.nlm.nih.gov/compound/679
ARMS_Getxo_G1_20200624_20201103_SF40_s1_r1:Otu61,lowerLimitFilterSize,micrometer,40,http://vocab.nerc.ac.uk/collection/Q01/current/Q0100011/,https://vocab.nerc.ac.uk/collection/P06/current/UMIC/,
ARMS_Getxo_G1_20200624_20201103_SF40_s1_r1:Otu61,fieldReplicateID,,ARMS_Getxo_G_20200624_20201103,http://vocab.nerc.ac.uk/collection/P01/current/IDSPRE01,,
ARMS_Getxo_G1_20200624_20201103_SF40_s1_r1:Otu60,submergedTime,day,132,http://vocab.nerc.ac.uk/collection/P01/current/AZDRZZ01/,https://vocab.nerc.ac.uk/collection/P06/current/UTAA/,
ARMS_Getxo_G1_20200624_20201103_SF40_s1_r1:Otu60,preservativeUsed,,DMSO,http://vocab.nerc.ac.uk/collection/Q01/current/Q0100004/,,https://pubchem.ncbi.nlm.nih.gov/compound/679
ARMS_Getxo_G1_20200624_20201103_SF40_s1_r1:Otu60,lowerLimitFilterSize,micrometer,40,http://vocab.nerc.ac.uk/collection/Q01/current/Q0100011/,https://vocab.nerc.ac.uk/collection/P06/current/UMIC/,
ARMS_Getxo_G1_20200624_20201103_SF40_s1_r1:Otu60,fieldReplicateID,,ARMS_Getxo_G_20200624_20201103,http://vocab.nerc.ac.uk/collection/P01/current/IDSPRE01,,
ARMS_Getxo_G1_20200624_20201103_SF40_s1_r1:Otu467,submergedTime,day,132,http://vocab.nerc.ac.uk/collection/P01/current/AZDRZZ01/,https://vocab.nerc.ac.uk/collection/P06/current/UTAA/,
ARMS_Getxo_G1_20200624_20201103_SF40_s1_r1:Otu467,preservativeUsed,,DMSO,http://vocab.nerc.ac.uk/collection/Q01/current/Q0100004/,,https://pubchem.ncbi.nlm.nih.gov/compound/679
ARMS_Getxo_G1_20200624_20201103_SF40_s1_r1:Otu467,lowerLimitFilterSize,micrometer,40,http://vocab.nerc.ac.uk/collection/Q01/current/Q0100011/,https://vocab.nerc.ac.uk/collection/P06/current/UMIC/,
ARMS_Getxo_G1_20200624_20201103_SF40_s1_r1:Otu467,fieldReplicateID,,ARMS_Getxo_G_20200624_20201103,http://vocab.nerc.ac.uk/collection/P01/current/IDSPRE01,,
ARMS_Getxo_G1_20200624_20201103_SF40_s1_r1:Otu464,submergedTime,day,132,http://vocab.nerc.ac.uk/collection/P01/current/AZDRZZ01/,https://vocab.nerc.ac.uk/collection/P06/current/UTAA/,
ARMS_Getxo_G1_20200624_20201103_SF40_s1_r1:Otu464,preservativeUsed,,DMSO,http://vocab.nerc.ac.uk/collection/Q01/current/Q0100004/,,https://pubchem.ncbi.nlm.nih.gov/compound/679
ARMS_Getxo_G1_20200624_20201103_SF40_s1_r1:Otu464,lowerLimitFilterSize,micrometer,40,http://vocab.nerc.ac.uk/collection/Q01/current/Q0100011/,https://vocab.nerc.ac.uk/collection/P06/current/UMIC/,
ARMS_Getxo_G1_20200624_20201103_SF40_s1_r1:Otu464,fieldReplicateID,,ARMS_Getxo_G_20200624_20201103,http://vocab.nerc.ac.uk/collection/P01/current/IDSPRE01,,
ARMS_Getxo_G1_20200624_20201103_SF40_s1_r1:Otu468,submergedTime,day,132,http://vocab.nerc.ac.uk/collection/P01/current/AZDRZZ01/,https://vocab.nerc.ac.uk/collection/P06/current/UTAA/,
ARMS_Getxo_G1_20200624_20201103_SF40_s1_r1:Otu468,preservativeUsed,,DMSO,http://vocab.nerc.ac.uk/collection/Q01/current/Q0100004/,,https://pubchem.ncbi.nlm.nih.gov/compound/679
ARMS_Getxo_G1_20200624_20201103_SF40_s1_r1:Otu468,lowerLimitFilterSize,micrometer,40,http://vocab.nerc.ac.uk/collection/Q01/current/Q0100011/,https://vocab.nerc.ac.uk/collection/P06/current/UMIC/,
ARMS_Getxo_G1_20200624_20201103_SF40_s1_r1:Otu468,fieldReplicateID,,ARMS_Getxo_G_20200624_20201103,http://vocab.nerc.ac.uk/collection/P01/current/IDSPRE01,,
ARMS_Getxo_G1_20200624_20201103_SF40_s1_r1:Otu469,submergedTime,day,132,http://vocab.nerc.ac.uk/collection/P01/current/AZDRZZ01/,https://vocab.nerc.ac.uk/collection/P06/current/UTAA/,
ARMS_Getxo_G1_20200624_20201103_SF40_s1_r1:Otu469,preservativeUsed,,DMSO,http://vocab.nerc.ac.uk/collection/Q01/current/Q0100004/,,https://pubchem.ncbi.nlm.nih.gov/compound/679
ARMS_Getxo_G1_20200624_20201103_SF40_s1_r1:Otu469,lowerLimitFilterSize,micrometer,40,http://vocab.nerc.ac.uk/collection/Q01/current/Q0100011/,https://vocab.nerc.ac.uk/collection/P06/current/UMIC/,
ARMS_Getxo_G1_20200624_20201103_SF40_s1_r1:Otu469,fieldReplicateID,,ARMS_Getxo_G_20200624_20201103,http://vocab.nerc.ac.uk/collection/P01/current/IDSPRE01,,
ARMS_Getxo_G1_20200624_20201103_SF40_s1_r1:Otu306,submergedTime,day,132,http://vocab.nerc.ac.uk/collection/P01/current/AZDRZZ01/,https://vocab.nerc.ac.uk/collection/P06/current/UTAA/,
ARMS_Getxo_G1_20200624_20201103_SF40_s1_r1:Otu306,preservativeUsed,,DMSO,http://vocab.nerc.ac.uk/collection/Q01/current/Q0100004/,,https://pubchem.ncbi.nlm.nih.gov/compound/679
ARMS_Getxo_G1_20200624_20201103_SF40_s1_r1:Otu306,lowerLimitFilterSize,micrometer,40,http://vocab.nerc.ac.uk/collection/Q01/current/Q0100011/,https://vocab.nerc.ac.uk/collection/P06/current/UMIC/,
ARMS_Getxo_G1_20200624_20201103_SF40_s1_r1:Otu306,fieldReplicateID,,ARMS_Getxo_G_20200624_20201103,http://vocab.nerc.ac.uk/collection/P01/current/IDSPRE01,,
ARMS_Getxo_G1_20200624_20201103_SF40_s1_r1:Otu305,submergedTime,day,132,http://vocab.nerc.ac.uk/collection/P01/current/AZDRZZ01/,https://vocab.nerc.ac.uk/collection/P06/current/UTAA/,
ARMS_Getxo_G1_20200624_20201103_SF40_s1_r1:Otu305,preservativeUsed,,DMSO,http://vocab.nerc.ac.uk/collection/Q01/current/Q0100004/,,https://pubchem.ncbi.nlm.nih.gov/compound/679
ARMS_Getxo_G1_20200624_20201103_SF40_s1_r1:Otu305,lowerLimitFilterSize,micrometer,40,http://vocab.nerc.ac.uk/collection/Q01/current/Q0100011/,https://vocab.nerc.ac.uk/collection/P06/current/UMIC/,
ARMS_Getxo_G1_20200624_20201103_SF40_s1_r1:Otu305,fieldReplicateID,,ARMS_Getxo_G_20200624_20201103,http://vocab.nerc.ac.uk/collection/P01/current/IDSPRE01,,
ARMS_Getxo_G1_20200624_20201103_SF40_s1_r1:Otu301,submergedTime,day,132,http://vocab.nerc.ac.uk/collection/P01/current/AZDRZZ01/,https://vocab.nerc.ac.uk/collection/P06/current/UTAA/,
ARMS_Getxo_G1_20200624_20201103_SF40_s1_r1:Otu301,preservativeUsed,,DMSO,http://vocab.nerc.ac.uk/collection/Q01/current/Q0100004/,,https://pubchem.ncbi.nlm.nih.gov/compound/679
ARMS_Getxo_G1_20200624_20201103_SF40_s1_r1:Otu301,lowerLimitFilterSize,micrometer,40,http://vocab.nerc.ac.uk/collection/Q01/current/Q0100011/,https://vocab.nerc.ac.uk/collection/P06/current/UMIC/,
ARMS_Getxo_G1_20200624_20201103_SF40_s1_r1:Otu301,fieldReplicateID,,ARMS_Getxo_G_20200624_20201103,http://vocab.nerc.ac.uk/collection/P01/current/IDSPRE01,,
ARMS_Getxo_G1_20200624_20201103_SF40_s1_r1:Otu300,submergedTime,day,132,http://vocab.nerc.ac.uk/collection/P01/current/AZDRZZ01/,https://vocab.nerc.ac.uk/collection/P06/current/UTAA/,
ARMS_Getxo_G1_20200624_20201103_SF40_s1_r1:Otu300,preservativeUsed,,DMSO,http://vocab.nerc.ac.uk/collection/Q01/current/Q0100004/,,https://pubchem.ncbi.nlm.nih.gov/compound/679
ARMS_Getxo_G1_20200624_20201103_SF40_s1_r1:Otu300,lowerLimitFilterSize,micrometer,40,http://vocab.nerc.ac.uk/collection/Q01/current/Q0100011/,https://vocab.nerc.ac.uk/collection/P06/current/UMIC/,
ARMS_Getxo_G1_20200624_20201103_SF40_s1_r1:Otu300,fieldReplicateID,,ARMS_Getxo_G_20200624_20201103,http://vocab.nerc.ac.uk/collection/P01/current/IDSPRE01,,
ARMS_Getxo_G1_20200624_20201103_SF40_s1_r1:Otu116,submergedTime,day,132,http://vocab.nerc.ac.uk/collection/P01/current/AZDRZZ01/,https://vocab.nerc.ac.uk/collection/P06/current/UTAA/,
ARMS_Getxo_G1_20200624_20201103_SF40_s1_r1:Otu116,preservativeUsed,,DMSO,http://vocab.nerc.ac.uk/collection/Q01/current/Q0100004/,,https://pubchem.ncbi.nlm.nih.gov/compound/679
ARMS_Getxo_G1_20200624_20201103_SF40_s1_r1:Otu116,lowerLimitFilterSize,micrometer,40,http://vocab.nerc.ac.uk/collection/Q01/current/Q0100011/,https://vocab.nerc.ac.uk/collection/P06/current/UMIC/,
ARMS_Getxo_G1_20200624_20201103_SF40_s1_r1:Otu116,fieldReplicateID,,ARMS_Getxo_G_20200624_20201103,http://vocab.nerc.ac.uk/collection/P01/current/IDSPRE01,,
ARMS_Getxo_G1_20200624_20201103_SF40_s1_r1:Otu114,submergedTime,day,132,http://vocab.nerc.ac.uk/collection/P01/current/AZDRZZ01/,https://vocab.nerc.ac.uk/collection/P06/current/UTAA/,
ARMS_Getxo_G1_20200624_20201103_SF40_s1_r1:Otu114,preservativeUsed,,DMSO,http://vocab.nerc.ac.uk/collection/Q01/current/Q0100004/,,https://pubchem.ncbi.nlm.nih.gov/compound/679
ARMS_Getxo_G1_20200624_20201103_SF40_s1_r1:Otu114,lowerLimitFilterSize,micrometer,40,http://vocab.nerc.ac.uk/collection/Q01/current/Q0100011/,https://vocab.nerc.ac.uk/collection/P06/current/UMIC/,
ARMS_Getxo_G1_20200624_20201103_SF40_s1_r1:Otu114,fieldReplicateID,,ARMS_Getxo_G_20200624_20201103,http://vocab.nerc.ac.uk/collection/P01/current/IDSPRE01,,
ARMS_Getxo_G1_20200624_20201103_SF40_s1_r1:Otu115,submergedTime,day,132,http://vocab.nerc.ac.uk/collection/P01/current/AZDRZZ01/,https://vocab.nerc.ac.uk/collection/P06/current/UTAA/,
ARMS_Getxo_G1_20200624_20201103_SF40_s1_r1:Otu115,preservativeUsed,,DMSO,http://vocab.nerc.ac.uk/collection/Q01/current/Q0100004/,,https://pubchem.ncbi.nlm.nih.gov/compound/679
ARMS_Getxo_G1_20200624_20201103_SF40_s1_r1:Otu115,lowerLimitFilterSize,micrometer,40,http://vocab.nerc.ac.uk/collection/Q01/current/Q0100011/,https://vocab.nerc.ac.uk/collection/P06/current/UMIC/,
ARMS_Getxo_G1_20200624_20201103_SF40_s1_r1:Otu115,fieldReplicateID,,ARMS_Getxo_G_20200624_20201103,http://vocab.nerc.ac.uk/collection/P01/current/IDSPRE01,,
ARMS_Getxo_G1_20200624_20201103_SF40_s1_r1:Otu112,submergedTime,day,132,http://vocab.nerc.ac.uk/collection/P01/current/AZDRZZ01/,https://vocab.nerc.ac.uk/collection/P06/current/UTAA/,
ARMS_Getxo_G1_20200624_20201103_SF40_s1_r1:Otu112,preservativeUsed,,DMSO,http://vocab.nerc.ac.uk/collection/Q01/current/Q0100004/,,https://pubchem.ncbi.nlm.nih.gov/compound/679
ARMS_Getxo_G1_20200624_20201103_SF40_s1_r1:Otu112,lowerLimitFilterSize,micrometer,40,http://vocab.nerc.ac.uk/collection/Q01/current/Q0100011/,https://vocab.nerc.ac.uk/collection/P06/current/UMIC/,
ARMS_Getxo_G1_20200624_20201103_SF40_s1_r1:Otu112,fieldReplicateID,,ARMS_Getxo_G_20200624_20201103,http://vocab.nerc.ac.uk/collection/P01/current/IDSPRE01,,
ARMS_Getxo_G1_20200624_20201103_SF40_s1_r1:Otu286,submergedTime,day,132,http://vocab.nerc.ac.uk/collection/P01/current/AZDRZZ01/,https://vocab.nerc.ac.uk/collection/P06/current/UTAA/,
ARMS_Getxo_G1_20200624_20201103_SF40_s1_r1:Otu286,preservativeUsed,,DMSO,http://vocab.nerc.ac.uk/collection/Q01/current/Q0100004/,,https://pubchem.ncbi.nlm.nih.gov/compound/679
ARMS_Getxo_G1_20200624_20201103_SF40_s1_r1:Otu286,lowerLimitFilterSize,micrometer,40,http://vocab.nerc.ac.uk/collection/Q01/current/Q0100011/,https://vocab.nerc.ac.uk/collection/P06/current/UMIC/,
ARMS_Getxo_G1_20200624_20201103_SF40_s1_r1:Otu286,fieldReplicateID,,ARMS_Getxo_G_20200624_20201103,http://vocab.nerc.ac.uk/collection/P01/current/IDSPRE01,,
ARMS_Getxo_G1_20200624_20201103_SF40_s1_r1:Otu287,submergedTime,day,132,http://vocab.nerc.ac.uk/collection/P01/current/AZDRZZ01/,https://vocab.nerc.ac.uk/collection/P06/current/UTAA/,
ARMS_Getxo_G1_20200624_20201103_SF40_s1_r1:Otu287,preservativeUsed,,DMSO,http://vocab.nerc.ac.uk/collection/Q01/current/Q0100004/,,https://pubchem.ncbi.nlm.nih.gov/compound/679
ARMS_Getxo_G1_20200624_20201103_SF40_s1_r1:Otu287,lowerLimitFilterSize,micrometer,40,http://vocab.nerc.ac.uk/collection/Q01/current/Q0100011/,https://vocab.nerc.ac.uk/collection/P06/current/UMIC/,
ARMS_Getxo_G1_20200624_20201103_SF40_s1_r1:Otu287,fieldReplicateID,,ARMS_Getxo_G_20200624_20201103,http://vocab.nerc.ac.uk/collection/P01/current/IDSPRE01,,
ARMS_Getxo_G1_20200624_20201103_SF40_s1_r1:Otu285,submergedTime,day,132,http://vocab.nerc.ac.uk/collection/P01/current/AZDRZZ01/,https://vocab.nerc.ac.uk/collection/P06/current/UTAA/,
ARMS_Getxo_G1_20200624_20201103_SF40_s1_r1:Otu285,preservativeUsed,,DMSO,http://vocab.nerc.ac.uk/collection/Q01/current/Q0100004/,,https://pubchem.ncbi.nlm.nih.gov/compound/679
ARMS_Getxo_G1_20200624_20201103_SF40_s1_r1:Otu285,lowerLimitFilterSize,micrometer,40,http://vocab.nerc.ac.uk/collection/Q01/current/Q0100011/,https://vocab.nerc.ac.uk/collection/P06/current/UMIC/,
ARMS_Getxo_G1_20200624_20201103_SF40_s1_r1:Otu285,fieldReplicateID,,ARMS_Getxo_G_20200624_20201103,http://vocab.nerc.ac.uk/collection/P01/current/IDSPRE01,,
ARMS_Getxo_G1_20200624_20201103_SF40_s1_r1:Otu288,submergedTime,day,132,http://vocab.nerc.ac.uk/collection/P01/current/AZDRZZ01/,https://vocab.nerc.ac.uk/collection/P06/current/UTAA/,
ARMS_Getxo_G1_20200624_20201103_SF40_s1_r1:Otu288,preservativeUsed,,DMSO,http://vocab.nerc.ac.uk/collection/Q01/current/Q0100004/,,https://pubchem.ncbi.nlm.nih.gov/compound/679
ARMS_Getxo_G1_20200624_20201103_SF40_s1_r1:Otu288,lowerLimitFilterSize,micrometer,40,http://vocab.nerc.ac.uk/collection/Q01/current/Q0100011/,https://vocab.nerc.ac.uk/collection/P06/current/UMIC/,
ARMS_Getxo_G1_20200624_20201103_SF40_s1_r1:Otu288,fieldReplicateID,,ARMS_Getxo_G_20200624_20201103,http://vocab.nerc.ac.uk/collection/P01/current/IDSPRE01,,
ARMS_Getxo_G1_20200624_20201103_SF40_s1_r1:Otu289,submergedTime,day,132,http://vocab.nerc.ac.uk/collection/P01/current/AZDRZZ01/,https://vocab.nerc.ac.uk/collection/P06/current/UTAA/,
ARMS_Getxo_G1_20200624_20201103_SF40_s1_r1:Otu289,preservativeUsed,,DMSO,http://vocab.nerc.ac.uk/collection/Q01/current/Q0100004/,,https://pubchem.ncbi.nlm.nih.gov/compound/679
ARMS_Getxo_G1_20200624_20201103_SF40_s1_r1:Otu289,lowerLimitFilterSize,micrometer,40,http://vocab.nerc.ac.uk/collection/Q01/current/Q0100011/,https://vocab.nerc.ac.uk/collection/P06/current/UMIC/,
ARMS_Getxo_G1_20200624_20201103_SF40_s1_r1:Otu289,fieldReplicateID,,ARMS_Getxo_G_20200624_20201103,http://vocab.nerc.ac.uk/collection/P01/current/IDSPRE01,,
ARMS_Getxo_G1_20200624_20201103_SF40_s1_r1:Otu38,submergedTime,day,132,http://vocab.nerc.ac.uk/collection/P01/current/AZDRZZ01/,https://vocab.nerc.ac.uk/collection/P06/current/UTAA/,
ARMS_Getxo_G1_20200624_20201103_SF40_s1_r1:Otu38,preservativeUsed,,DMSO,http://vocab.nerc.ac.uk/collection/Q01/current/Q0100004/,,https://pubchem.ncbi.nlm.nih.gov/compound/679
ARMS_Getxo_G1_20200624_20201103_SF40_s1_r1:Otu38,lowerLimitFilterSize,micrometer,40,http://vocab.nerc.ac.uk/collection/Q01/current/Q0100011/,https://vocab.nerc.ac.uk/collection/P06/current/UMIC/,
ARMS_Getxo_G1_20200624_20201103_SF40_s1_r1:Otu38,fieldReplicateID,,ARMS_Getxo_G_20200624_20201103,http://vocab.nerc.ac.uk/collection/P01/current/IDSPRE01,,
ARMS_Getxo_G1_20200624_20201103_SF40_s1_r1:Otu36,submergedTime,day,132,http://vocab.nerc.ac.uk/collection/P01/current/AZDRZZ01/,https://vocab.nerc.ac.uk/collection/P06/current/UTAA/,
ARMS_Getxo_G1_20200624_20201103_SF40_s1_r1:Otu36,preservativeUsed,,DMSO,http://vocab.nerc.ac.uk/collection/Q01/current/Q0100004/,,https://pubchem.ncbi.nlm.nih.gov/compound/679
ARMS_Getxo_G1_20200624_20201103_SF40_s1_r1:Otu36,lowerLimitFilterSize,micrometer,40,http://vocab.nerc.ac.uk/collection/Q01/current/Q0100011/,https://vocab.nerc.ac.uk/collection/P06/current/UMIC/,
ARMS_Getxo_G1_20200624_20201103_SF40_s1_r1:Otu36,fieldReplicateID,,ARMS_Getxo_G_20200624_20201103,http://vocab.nerc.ac.uk/collection/P01/current/IDSPRE01,,
ARMS_Getxo_G1_20200624_20201103_SF40_s1_r1:Otu34,submergedTime,day,132,http://vocab.nerc.ac.uk/collection/P01/current/AZDRZZ01/,https://vocab.nerc.ac.uk/collection/P06/current/UTAA/,
ARMS_Getxo_G1_20200624_20201103_SF40_s1_r1:Otu34,preservativeUsed,,DMSO,http://vocab.nerc.ac.uk/collection/Q01/current/Q0100004/,,https://pubchem.ncbi.nlm.nih.gov/compound/679
ARMS_Getxo_G1_20200624_20201103_SF40_s1_r1:Otu34,lowerLimitFilterSize,micrometer,40,http://vocab.nerc.ac.uk/collection/Q01/current/Q0100011/,https://vocab.nerc.ac.uk/collection/P06/current/UMIC/,
ARMS_Getxo_G1_20200624_20201103_SF40_s1_r1:Otu34,fieldReplicateID,,ARMS_Getxo_G_20200624_20201103,http://vocab.nerc.ac.uk/collection/P01/current/IDSPRE01,,
ARMS_Getxo_G1_20200624_20201103_SF40_s1_r1:Otu35,submergedTime,day,132,http://vocab.nerc.ac.uk/collection/P01/current/AZDRZZ01/,https://vocab.nerc.ac.uk/collection/P06/current/UTAA/,
ARMS_Getxo_G1_20200624_20201103_SF40_s1_r1:Otu35,preservativeUsed,,DMSO,http://vocab.nerc.ac.uk/collection/Q01/current/Q0100004/,,https://pubchem.ncbi.nlm.nih.gov/compound/679
ARMS_Getxo_G1_20200624_20201103_SF40_s1_r1:Otu35,lowerLimitFilterSize,micrometer,40,http://vocab.nerc.ac.uk/collection/Q01/current/Q0100011/,https://vocab.nerc.ac.uk/collection/P06/current/UMIC/,
ARMS_Getxo_G1_20200624_20201103_SF40_s1_r1:Otu35,fieldReplicateID,,ARMS_Getxo_G_20200624_20201103,http://vocab.nerc.ac.uk/collection/P01/current/IDSPRE01,,
ARMS_Getxo_G1_20200624_20201103_SF40_s1_r1:Otu33,submergedTime,day,132,http://vocab.nerc.ac.uk/collection/P01/current/AZDRZZ01/,https://vocab.nerc.ac.uk/collection/P06/current/UTAA/,
ARMS_Getxo_G1_20200624_20201103_SF40_s1_r1:Otu33,preservativeUsed,,DMSO,http://vocab.nerc.ac.uk/collection/Q01/current/Q0100004/,,https://pubchem.ncbi.nlm.nih.gov/compound/679
ARMS_Getxo_G1_20200624_20201103_SF40_s1_r1:Otu33,lowerLimitFilterSize,micrometer,40,http://vocab.nerc.ac.uk/collection/Q01/current/Q0100011/,https://vocab.nerc.ac.uk/collection/P06/current/UMIC/,
ARMS_Getxo_G1_20200624_20201103_SF40_s1_r1:Otu33,fieldReplicateID,,ARMS_Getxo_G_20200624_20201103,http://vocab.nerc.ac.uk/collection/P01/current/IDSPRE01,,
ARMS_Getxo_G1_20200624_20201103_SF40_s1_r1:Otu31,submergedTime,day,132,http://vocab.nerc.ac.uk/collection/P01/current/AZDRZZ01/,https://vocab.nerc.ac.uk/collection/P06/current/UTAA/,
ARMS_Getxo_G1_20200624_20201103_SF40_s1_r1:Otu31,preservativeUsed,,DMSO,http://vocab.nerc.ac.uk/collection/Q01/current/Q0100004/,,https://pubchem.ncbi.nlm.nih.gov/compound/679
ARMS_Getxo_G1_20200624_20201103_SF40_s1_r1:Otu31,lowerLimitFilterSize,micrometer,40,http://vocab.nerc.ac.uk/collection/Q01/current/Q0100011/,https://vocab.nerc.ac.uk/collection/P06/current/UMIC/,
ARMS_Getxo_G1_20200624_20201103_SF40_s1_r1:Otu31,fieldReplicateID,,ARMS_Getxo_G_20200624_20201103,http://vocab.nerc.ac.uk/collection/P01/current/IDSPRE01,,
ARMS_Getxo_G1_20200624_20201103_SF40_s1_r1:Otu162,submergedTime,day,132,http://vocab.nerc.ac.uk/collection/P01/current/AZDRZZ01/,https://vocab.nerc.ac.uk/collection/P06/current/UTAA/,
ARMS_Getxo_G1_20200624_20201103_SF40_s1_r1:Otu162,preservativeUsed,,DMSO,http://vocab.nerc.ac.uk/collection/Q01/current/Q0100004/,,https://pubchem.ncbi.nlm.nih.gov/compound/679
ARMS_Getxo_G1_20200624_20201103_SF40_s1_r1:Otu162,lowerLimitFilterSize,micrometer,40,http://vocab.nerc.ac.uk/collection/Q01/current/Q0100011/,https://vocab.nerc.ac.uk/collection/P06/current/UMIC/,
ARMS_Getxo_G1_20200624_20201103_SF40_s1_r1:Otu162,fieldReplicateID,,ARMS_Getxo_G_20200624_20201103,http://vocab.nerc.ac.uk/collection/P01/current/IDSPRE01,,
ARMS_Getxo_G1_20200624_20201103_SF40_s1_r1:Otu160,submergedTime,day,132,http://vocab.nerc.ac.uk/collection/P01/current/AZDRZZ01/,https://vocab.nerc.ac.uk/collection/P06/current/UTAA/,
ARMS_Getxo_G1_20200624_20201103_SF40_s1_r1:Otu160,preservativeUsed,,DMSO,http://vocab.nerc.ac.uk/collection/Q01/current/Q0100004/,,https://pubchem.ncbi.nlm.nih.gov/compound/679
ARMS_Getxo_G1_20200624_20201103_SF40_s1_r1:Otu160,lowerLimitFilterSize,micrometer,40,http://vocab.nerc.ac.uk/collection/Q01/current/Q0100011/,https://vocab.nerc.ac.uk/collection/P06/current/UMIC/,
ARMS_Getxo_G1_20200624_20201103_SF40_s1_r1:Otu160,fieldReplicateID,,ARMS_Getxo_G_20200624_20201103,http://vocab.nerc.ac.uk/collection/P01/current/IDSPRE01,,
ARMS_Getxo_G1_20200624_20201103_SF40_s1_r1:Otu83,submergedTime,day,132,http://vocab.nerc.ac.uk/collection/P01/current/AZDRZZ01/,https://vocab.nerc.ac.uk/collection/P06/current/UTAA/,
ARMS_Getxo_G1_20200624_20201103_SF40_s1_r1:Otu83,preservativeUsed,,DMSO,http://vocab.nerc.ac.uk/collection/Q01/current/Q0100004/,,https://pubchem.ncbi.nlm.nih.gov/compound/679
ARMS_Getxo_G1_20200624_20201103_SF40_s1_r1:Otu83,lowerLimitFilterSize,micrometer,40,http://vocab.nerc.ac.uk/collection/Q01/current/Q0100011/,https://vocab.nerc.ac.uk/collection/P06/current/UMIC/,
ARMS_Getxo_G1_20200624_20201103_SF40_s1_r1:Otu83,fieldReplicateID,,ARMS_Getxo_G_20200624_20201103,http://vocab.nerc.ac.uk/collection/P01/current/IDSPRE01,,
ARMS_Getxo_G1_20200624_20201103_SF40_s1_r1:Otu480,submergedTime,day,132,http://vocab.nerc.ac.uk/collection/P01/current/AZDRZZ01/,https://vocab.nerc.ac.uk/collection/P06/current/UTAA/,
ARMS_Getxo_G1_20200624_20201103_SF40_s1_r1:Otu480,preservativeUsed,,DMSO,http://vocab.nerc.ac.uk/collection/Q01/current/Q0100004/,,https://pubchem.ncbi.nlm.nih.gov/compound/679
ARMS_Getxo_G1_20200624_20201103_SF40_s1_r1:Otu480,lowerLimitFilterSize,micrometer,40,http://vocab.nerc.ac.uk/collection/Q01/current/Q0100011/,https://vocab.nerc.ac.uk/collection/P06/current/UMIC/,
ARMS_Getxo_G1_20200624_20201103_SF40_s1_r1:Otu480,fieldReplicateID,,ARMS_Getxo_G_20200624_20201103,http://vocab.nerc.ac.uk/collection/P01/current/IDSPRE01,,
ARMS_Getxo_G1_20200624_20201103_SF40_s1_r1:Otu481,submergedTime,day,132,http://vocab.nerc.ac.uk/collection/P01/current/AZDRZZ01/,https://vocab.nerc.ac.uk/collection/P06/current/UTAA/,
ARMS_Getxo_G1_20200624_20201103_SF40_s1_r1:Otu481,preservativeUsed,,DMSO,http://vocab.nerc.ac.uk/collection/Q01/current/Q0100004/,,https://pubchem.ncbi.nlm.nih.gov/compound/679
ARMS_Getxo_G1_20200624_20201103_SF40_s1_r1:Otu481,lowerLimitFilterSize,micrometer,40,http://vocab.nerc.ac.uk/collection/Q01/current/Q0100011/,https://vocab.nerc.ac.uk/collection/P06/current/UMIC/,
ARMS_Getxo_G1_20200624_20201103_SF40_s1_r1:Otu481,fieldReplicateID,,ARMS_Getxo_G_20200624_20201103,http://vocab.nerc.ac.uk/collection/P01/current/IDSPRE01,,
ARMS_Getxo_G1_20200624_20201103_SF40_s1_r1:Otu482,submergedTime,day,132,http://vocab.nerc.ac.uk/collection/P01/current/AZDRZZ01/,https://vocab.nerc.ac.uk/collection/P06/current/UTAA/,
ARMS_Getxo_G1_20200624_20201103_SF40_s1_r1:Otu482,preservativeUsed,,DMSO,http://vocab.nerc.ac.uk/collection/Q01/current/Q0100004/,,https://pubchem.ncbi.nlm.nih.gov/compound/679
ARMS_Getxo_G1_20200624_20201103_SF40_s1_r1:Otu482,lowerLimitFilterSize,micrometer,40,http://vocab.nerc.ac.uk/collection/Q01/current/Q0100011/,https://vocab.nerc.ac.uk/collection/P06/current/UMIC/,
ARMS_Getxo_G1_20200624_20201103_SF40_s1_r1:Otu482,fieldReplicateID,,ARMS_Getxo_G_20200624_20201103,http://vocab.nerc.ac.uk/collection/P01/current/IDSPRE01,,
ARMS_Getxo_G1_20200624_20201103_SF40_s1_r1:Otu483,submergedTime,day,132,http://vocab.nerc.ac.uk/collection/P01/current/AZDRZZ01/,https://vocab.nerc.ac.uk/collection/P06/current/UTAA/,
ARMS_Getxo_G1_20200624_20201103_SF40_s1_r1:Otu483,preservativeUsed,,DMSO,http://vocab.nerc.ac.uk/collection/Q01/current/Q0100004/,,https://pubchem.ncbi.nlm.nih.gov/compound/679
ARMS_Getxo_G1_20200624_20201103_SF40_s1_r1:Otu483,lowerLimitFilterSize,micrometer,40,http://vocab.nerc.ac.uk/collection/Q01/current/Q0100011/,https://vocab.nerc.ac.uk/collection/P06/current/UMIC/,
ARMS_Getxo_G1_20200624_20201103_SF40_s1_r1:Otu483,fieldReplicateID,,ARMS_Getxo_G_20200624_20201103,http://vocab.nerc.ac.uk/collection/P01/current/IDSPRE01,,
ARMS_Getxo_G1_20200624_20201103_SF40_s1_r1:Otu484,submergedTime,day,132,http://vocab.nerc.ac.uk/collection/P01/current/AZDRZZ01/,https://vocab.nerc.ac.uk/collection/P06/current/UTAA/,
ARMS_Getxo_G1_20200624_20201103_SF40_s1_r1:Otu484,preservativeUsed,,DMSO,http://vocab.nerc.ac.uk/collection/Q01/current/Q0100004/,,https://pubchem.ncbi.nlm.nih.gov/compound/679
ARMS_Getxo_G1_20200624_20201103_SF40_s1_r1:Otu484,lowerLimitFilterSize,micrometer,40,http://vocab.nerc.ac.uk/collection/Q01/current/Q0100011/,https://vocab.nerc.ac.uk/collection/P06/current/UMIC/,
ARMS_Getxo_G1_20200624_20201103_SF40_s1_r1:Otu484,fieldReplicateID,,ARMS_Getxo_G_20200624_20201103,http://vocab.nerc.ac.uk/collection/P01/current/IDSPRE01,,
ARMS_Getxo_G1_20200624_20201103_SF40_s1_r1:Otu339,submergedTime,day,132,http://vocab.nerc.ac.uk/collection/P01/current/AZDRZZ01/,https://vocab.nerc.ac.uk/collection/P06/current/UTAA/,
ARMS_Getxo_G1_20200624_20201103_SF40_s1_r1:Otu339,preservativeUsed,,DMSO,http://vocab.nerc.ac.uk/collection/Q01/current/Q0100004/,,https://pubchem.ncbi.nlm.nih.gov/compound/679
ARMS_Getxo_G1_20200624_20201103_SF40_s1_r1:Otu339,lowerLimitFilterSize,micrometer,40,http://vocab.nerc.ac.uk/collection/Q01/current/Q0100011/,https://vocab.nerc.ac.uk/collection/P06/current/UMIC/,
ARMS_Getxo_G1_20200624_20201103_SF40_s1_r1:Otu339,fieldReplicateID,,ARMS_Getxo_G_20200624_20201103,http://vocab.nerc.ac.uk/collection/P01/current/IDSPRE01,,
ARMS_Getxo_G1_20200624_20201103_SF40_s1_r1:Otu336,submergedTime,day,132,http://vocab.nerc.ac.uk/collection/P01/current/AZDRZZ01/,https://vocab.nerc.ac.uk/collection/P06/current/UTAA/,
ARMS_Getxo_G1_20200624_20201103_SF40_s1_r1:Otu336,preservativeUsed,,DMSO,http://vocab.nerc.ac.uk/collection/Q01/current/Q0100004/,,https://pubchem.ncbi.nlm.nih.gov/compound/679
ARMS_Getxo_G1_20200624_20201103_SF40_s1_r1:Otu336,lowerLimitFilterSize,micrometer,40,http://vocab.nerc.ac.uk/collection/Q01/current/Q0100011/,https://vocab.nerc.ac.uk/collection/P06/current/UMIC/,
ARMS_Getxo_G1_20200624_20201103_SF40_s1_r1:Otu336,fieldReplicateID,,ARMS_Getxo_G_20200624_20201103,http://vocab.nerc.ac.uk/collection/P01/current/IDSPRE01,,
ARMS_Getxo_G1_20200624_20201103_SF40_s1_r1:Otu337,submergedTime,day,132,http://vocab.nerc.ac.uk/collection/P01/current/AZDRZZ01/,https://vocab.nerc.ac.uk/collection/P06/current/UTAA/,
ARMS_Getxo_G1_20200624_20201103_SF40_s1_r1:Otu337,preservativeUsed,,DMSO,http://vocab.nerc.ac.uk/collection/Q01/current/Q0100004/,,https://pubchem.ncbi.nlm.nih.gov/compound/679
ARMS_Getxo_G1_20200624_20201103_SF40_s1_r1:Otu337,lowerLimitFilterSize,micrometer,40,http://vocab.nerc.ac.uk/collection/Q01/current/Q0100011/,https://vocab.nerc.ac.uk/collection/P06/current/UMIC/,
ARMS_Getxo_G1_20200624_20201103_SF40_s1_r1:Otu337,fieldReplicateID,,ARMS_Getxo_G_20200624_20201103,http://vocab.nerc.ac.uk/collection/P01/current/IDSPRE01,,
ARMS_Getxo_G1_20200624_20201103_SF40_s1_r1:Otu334,submergedTime,day,132,http://vocab.nerc.ac.uk/collection/P01/current/AZDRZZ01/,https://vocab.nerc.ac.uk/collection/P06/current/UTAA/,
ARMS_Getxo_G1_20200624_20201103_SF40_s1_r1:Otu334,preservativeUsed,,DMSO,http://vocab.nerc.ac.uk/collection/Q01/current/Q0100004/,,https://pubchem.ncbi.nlm.nih.gov/compound/679
ARMS_Getxo_G1_20200624_20201103_SF40_s1_r1:Otu334,lowerLimitFilterSize,micrometer,40,http://vocab.nerc.ac.uk/collection/Q01/current/Q0100011/,https://vocab.nerc.ac.uk/collection/P06/current/UMIC/,
ARMS_Getxo_G1_20200624_20201103_SF40_s1_r1:Otu334,fieldReplicateID,,ARMS_Getxo_G_20200624_20201103,http://vocab.nerc.ac.uk/collection/P01/current/IDSPRE01,,
ARMS_Getxo_G1_20200624_20201103_SF40_s1_r1:Otu335,submergedTime,day,132,http://vocab.nerc.ac.uk/collection/P01/current/AZDRZZ01/,https://vocab.nerc.ac.uk/collection/P06/current/UTAA/,
ARMS_Getxo_G1_20200624_20201103_SF40_s1_r1:Otu335,preservativeUsed,,DMSO,http://vocab.nerc.ac.uk/collection/Q01/current/Q0100004/,,https://pubchem.ncbi.nlm.nih.gov/compound/679
ARMS_Getxo_G1_20200624_20201103_SF40_s1_r1:Otu335,lowerLimitFilterSize,micrometer,40,http://vocab.nerc.ac.uk/collection/Q01/current/Q0100011/,https://vocab.nerc.ac.uk/collection/P06/current/UMIC/,
ARMS_Getxo_G1_20200624_20201103_SF40_s1_r1:Otu335,fieldReplicateID,,ARMS_Getxo_G_20200624_20201103,http://vocab.nerc.ac.uk/collection/P01/current/IDSPRE01,,
ARMS_Getxo_G1_20200624_20201103_SF40_s1_r1:Otu332,submergedTime,day,132,http://vocab.nerc.ac.uk/collection/P01/current/AZDRZZ01/,https://vocab.nerc.ac.uk/collection/P06/current/UTAA/,
ARMS_Getxo_G1_20200624_20201103_SF40_s1_r1:Otu332,preservativeUsed,,DMSO,http://vocab.nerc.ac.uk/collection/Q01/current/Q0100004/,,https://pubchem.ncbi.nlm.nih.gov/compound/679
ARMS_Getxo_G1_20200624_20201103_SF40_s1_r1:Otu332,lowerLimitFilterSize,micrometer,40,http://vocab.nerc.ac.uk/collection/Q01/current/Q0100011/,https://vocab.nerc.ac.uk/collection/P06/current/UMIC/,
ARMS_Getxo_G1_20200624_20201103_SF40_s1_r1:Otu332,fieldReplicateID,,ARMS_Getxo_G_20200624_20201103,http://vocab.nerc.ac.uk/collection/P01/current/IDSPRE01,,
ARMS_Getxo_G1_20200624_20201103_SF40_s1_r1:Otu333,submergedTime,day,132,http://vocab.nerc.ac.uk/collection/P01/current/AZDRZZ01/,https://vocab.nerc.ac.uk/collection/P06/current/UTAA/,
ARMS_Getxo_G1_20200624_20201103_SF40_s1_r1:Otu333,preservativeUsed,,DMSO,http://vocab.nerc.ac.uk/collection/Q01/current/Q0100004/,,https://pubchem.ncbi.nlm.nih.gov/compound/679
ARMS_Getxo_G1_20200624_20201103_SF40_s1_r1:Otu333,lowerLimitFilterSize,micrometer,40,http://vocab.nerc.ac.uk/collection/Q01/current/Q0100011/,https://vocab.nerc.ac.uk/collection/P06/current/UMIC/,
ARMS_Getxo_G1_20200624_20201103_SF40_s1_r1:Otu333,fieldReplicateID,,ARMS_Getxo_G_20200624_20201103,http://vocab.nerc.ac.uk/collection/P01/current/IDSPRE01,,
ARMS_Getxo_G1_20200624_20201103_SF40_s1_r1:Otu330,submergedTime,day,132,http://vocab.nerc.ac.uk/collection/P01/current/AZDRZZ01/,https://vocab.nerc.ac.uk/collection/P06/current/UTAA/,
ARMS_Getxo_G1_20200624_20201103_SF40_s1_r1:Otu330,preservativeUsed,,DMSO,http://vocab.nerc.ac.uk/collection/Q01/current/Q0100004/,,https://pubchem.ncbi.nlm.nih.gov/compound/679
ARMS_Getxo_G1_20200624_20201103_SF40_s1_r1:Otu330,lowerLimitFilterSize,micrometer,40,http://vocab.nerc.ac.uk/collection/Q01/current/Q0100011/,https://vocab.nerc.ac.uk/collection/P06/current/UMIC/,
ARMS_Getxo_G1_20200624_20201103_SF40_s1_r1:Otu330,fieldReplicateID,,ARMS_Getxo_G_20200624_20201103,http://vocab.nerc.ac.uk/collection/P01/current/IDSPRE01,,
ARMS_Getxo_G1_20200624_20201103_SF40_s1_r1:Otu331,submergedTime,day,132,http://vocab.nerc.ac.uk/collection/P01/current/AZDRZZ01/,https://vocab.nerc.ac.uk/collection/P06/current/UTAA/,
ARMS_Getxo_G1_20200624_20201103_SF40_s1_r1:Otu331,preservativeUsed,,DMSO,http://vocab.nerc.ac.uk/collection/Q01/current/Q0100004/,,https://pubchem.ncbi.nlm.nih.gov/compound/679
ARMS_Getxo_G1_20200624_20201103_SF40_s1_r1:Otu331,lowerLimitFilterSize,micrometer,40,http://vocab.nerc.ac.uk/collection/Q01/current/Q0100011/,https://vocab.nerc.ac.uk/collection/P06/current/UMIC/,
ARMS_Getxo_G1_20200624_20201103_SF40_s1_r1:Otu331,fieldReplicateID,,ARMS_Getxo_G_20200624_20201103,http://vocab.nerc.ac.uk/collection/P01/current/IDSPRE01,,
ARMS_Getxo_G1_20200624_20201103_SF40_s1_r1:Otu343,submergedTime,day,132,http://vocab.nerc.ac.uk/collection/P01/current/AZDRZZ01/,https://vocab.nerc.ac.uk/collection/P06/current/UTAA/,
ARMS_Getxo_G1_20200624_20201103_SF40_s1_r1:Otu343,preservativeUsed,,DMSO,http://vocab.nerc.ac.uk/collection/Q01/current/Q0100004/,,https://pubchem.ncbi.nlm.nih.gov/compound/679
ARMS_Getxo_G1_20200624_20201103_SF40_s1_r1:Otu343,lowerLimitFilterSize,micrometer,40,http://vocab.nerc.ac.uk/collection/Q01/current/Q0100011/,https://vocab.nerc.ac.uk/collection/P06/current/UMIC/,
ARMS_Getxo_G1_20200624_20201103_SF40_s1_r1:Otu343,fieldReplicateID,,ARMS_Getxo_G_20200624_20201103,http://vocab.nerc.ac.uk/collection/P01/current/IDSPRE01,,
ARMS_Getxo_G1_20200624_20201103_SF40_s1_r1:Otu342,submergedTime,day,132,http://vocab.nerc.ac.uk/collection/P01/current/AZDRZZ01/,https://vocab.nerc.ac.uk/collection/P06/current/UTAA/,
ARMS_Getxo_G1_20200624_20201103_SF40_s1_r1:Otu342,preservativeUsed,,DMSO,http://vocab.nerc.ac.uk/collection/Q01/current/Q0100004/,,https://pubchem.ncbi.nlm.nih.gov/compound/679
ARMS_Getxo_G1_20200624_20201103_SF40_s1_r1:Otu342,lowerLimitFilterSize,micrometer,40,http://vocab.nerc.ac.uk/collection/Q01/current/Q0100011/,https://vocab.nerc.ac.uk/collection/P06/current/UMIC/,
ARMS_Getxo_G1_20200624_20201103_SF40_s1_r1:Otu342,fieldReplicateID,,ARMS_Getxo_G_20200624_20201103,http://vocab.nerc.ac.uk/collection/P01/current/IDSPRE01,,
ARMS_Getxo_G1_20200624_20201103_SF40_s1_r1:Otu341,submergedTime,day,132,http://vocab.nerc.ac.uk/collection/P01/current/AZDRZZ01/,https://vocab.nerc.ac.uk/collection/P06/current/UTAA/,
ARMS_Getxo_G1_20200624_20201103_SF40_s1_r1:Otu341,preservativeUsed,,DMSO,http://vocab.nerc.ac.uk/collection/Q01/current/Q0100004/,,https://pubchem.ncbi.nlm.nih.gov/compound/679
ARMS_Getxo_G1_20200624_20201103_SF40_s1_r1:Otu341,lowerLimitFilterSize,micrometer,40,http://vocab.nerc.ac.uk/collection/Q01/current/Q0100011/,https://vocab.nerc.ac.uk/collection/P06/current/UMIC/,
ARMS_Getxo_G1_20200624_20201103_SF40_s1_r1:Otu341,fieldReplicateID,,ARMS_Getxo_G_20200624_20201103,http://vocab.nerc.ac.uk/collection/P01/current/IDSPRE01,,
ARMS_Getxo_G1_20200624_20201103_SF40_s1_r1:Otu340,submergedTime,day,132,http://vocab.nerc.ac.uk/collection/P01/current/AZDRZZ01/,https://vocab.nerc.ac.uk/collection/P06/current/UTAA/,
ARMS_Getxo_G1_20200624_20201103_SF40_s1_r1:Otu340,preservativeUsed,,DMSO,http://vocab.nerc.ac.uk/collection/Q01/current/Q0100004/,,https://pubchem.ncbi.nlm.nih.gov/compound/679
ARMS_Getxo_G1_20200624_20201103_SF40_s1_r1:Otu340,lowerLimitFilterSize,micrometer,40,http://vocab.nerc.ac.uk/collection/Q01/current/Q0100011/,https://vocab.nerc.ac.uk/collection/P06/current/UMIC/,
ARMS_Getxo_G1_20200624_20201103_SF40_s1_r1:Otu340,fieldReplicateID,,ARMS_Getxo_G_20200624_20201103,http://vocab.nerc.ac.uk/collection/P01/current/IDSPRE01,,
ARMS_Getxo_G1_20200624_20201103_SF40_s1_r1:Otu347,submergedTime,day,132,http://vocab.nerc.ac.uk/collection/P01/current/AZDRZZ01/,https://vocab.nerc.ac.uk/collection/P06/current/UTAA/,
ARMS_Getxo_G1_20200624_20201103_SF40_s1_r1:Otu347,preservativeUsed,,DMSO,http://vocab.nerc.ac.uk/collection/Q01/current/Q0100004/,,https://pubchem.ncbi.nlm.nih.gov/compound/679
ARMS_Getxo_G1_20200624_20201103_SF40_s1_r1:Otu347,lowerLimitFilterSize,micrometer,40,http://vocab.nerc.ac.uk/collection/Q01/current/Q0100011/,https://vocab.nerc.ac.uk/collection/P06/current/UMIC/,
ARMS_Getxo_G1_20200624_20201103_SF40_s1_r1:Otu347,fieldReplicateID,,ARMS_Getxo_G_20200624_20201103,http://vocab.nerc.ac.uk/collection/P01/current/IDSPRE01,,
ARMS_Getxo_G1_20200624_20201103_SF40_s1_r1:Otu345,submergedTime,day,132,http://vocab.nerc.ac.uk/collection/P01/current/AZDRZZ01/,https://vocab.nerc.ac.uk/collection/P06/current/UTAA/,
ARMS_Getxo_G1_20200624_20201103_SF40_s1_r1:Otu345,preservativeUsed,,DMSO,http://vocab.nerc.ac.uk/collection/Q01/current/Q0100004/,,https://pubchem.ncbi.nlm.nih.gov/compound/679
ARMS_Getxo_G1_20200624_20201103_SF40_s1_r1:Otu345,lowerLimitFilterSize,micrometer,40,http://vocab.nerc.ac.uk/collection/Q01/current/Q0100011/,https://vocab.nerc.ac.uk/collection/P06/current/UMIC/,
ARMS_Getxo_G1_20200624_20201103_SF40_s1_r1:Otu345,fieldReplicateID,,ARMS_Getxo_G_20200624_20201103,http://vocab.nerc.ac.uk/collection/P01/current/IDSPRE01,,
ARMS_Getxo_G1_20200624_20201103_SF40_s1_r1:Otu344,submergedTime,day,132,http://vocab.nerc.ac.uk/collection/P01/current/AZDRZZ01/,https://vocab.nerc.ac.uk/collection/P06/current/UTAA/,
ARMS_Getxo_G1_20200624_20201103_SF40_s1_r1:Otu344,preservativeUsed,,DMSO,http://vocab.nerc.ac.uk/collection/Q01/current/Q0100004/,,https://pubchem.ncbi.nlm.nih.gov/compound/679
ARMS_Getxo_G1_20200624_20201103_SF40_s1_r1:Otu344,lowerLimitFilterSize,micrometer,40,http://vocab.nerc.ac.uk/collection/Q01/current/Q0100011/,https://vocab.nerc.ac.uk/collection/P06/current/UMIC/,
ARMS_Getxo_G1_20200624_20201103_SF40_s1_r1:Otu344,fieldReplicateID,,ARMS_Getxo_G_20200624_20201103,http://vocab.nerc.ac.uk/collection/P01/current/IDSPRE01,,
ARMS_Getxo_G1_20200624_20201103_SF40_s1_r1:Otu151,submergedTime,day,132,http://vocab.nerc.ac.uk/collection/P01/current/AZDRZZ01/,https://vocab.nerc.ac.uk/collection/P06/current/UTAA/,
ARMS_Getxo_G1_20200624_20201103_SF40_s1_r1:Otu151,preservativeUsed,,DMSO,http://vocab.nerc.ac.uk/collection/Q01/current/Q0100004/,,https://pubchem.ncbi.nlm.nih.gov/compound/679
ARMS_Getxo_G1_20200624_20201103_SF40_s1_r1:Otu151,lowerLimitFilterSize,micrometer,40,http://vocab.nerc.ac.uk/collection/Q01/current/Q0100011/,https://vocab.nerc.ac.uk/collection/P06/current/UMIC/,
ARMS_Getxo_G1_20200624_20201103_SF40_s1_r1:Otu151,fieldReplicateID,,ARMS_Getxo_G_20200624_20201103,http://vocab.nerc.ac.uk/collection/P01/current/IDSPRE01,,
ARMS_Getxo_G1_20200624_20201103_SF40_s1_r1:Otu156,submergedTime,day,132,http://vocab.nerc.ac.uk/collection/P01/current/AZDRZZ01/,https://vocab.nerc.ac.uk/collection/P06/current/UTAA/,
ARMS_Getxo_G1_20200624_20201103_SF40_s1_r1:Otu156,preservativeUsed,,DMSO,http://vocab.nerc.ac.uk/collection/Q01/current/Q0100004/,,https://pubchem.ncbi.nlm.nih.gov/compound/679
ARMS_Getxo_G1_20200624_20201103_SF40_s1_r1:Otu156,lowerLimitFilterSize,micrometer,40,http://vocab.nerc.ac.uk/collection/Q01/current/Q0100011/,https://vocab.nerc.ac.uk/collection/P06/current/UMIC/,
ARMS_Getxo_G1_20200624_20201103_SF40_s1_r1:Otu156,fieldReplicateID,,ARMS_Getxo_G_20200624_20201103,http://vocab.nerc.ac.uk/collection/P01/current/IDSPRE01,,
ARMS_Getxo_G1_20200624_20201103_SF40_s1_r1:Otu72,submergedTime,day,132,http://vocab.nerc.ac.uk/collection/P01/current/AZDRZZ01/,https://vocab.nerc.ac.uk/collection/P06/current/UTAA/,
ARMS_Getxo_G1_20200624_20201103_SF40_s1_r1:Otu72,preservativeUsed,,DMSO,http://vocab.nerc.ac.uk/collection/Q01/current/Q0100004/,,https://pubchem.ncbi.nlm.nih.gov/compound/679
ARMS_Getxo_G1_20200624_20201103_SF40_s1_r1:Otu72,lowerLimitFilterSize,micrometer,40,http://vocab.nerc.ac.uk/collection/Q01/current/Q0100011/,https://vocab.nerc.ac.uk/collection/P06/current/UMIC/,
ARMS_Getxo_G1_20200624_20201103_SF40_s1_r1:Otu72,fieldReplicateID,,ARMS_Getxo_G_20200624_20201103,http://vocab.nerc.ac.uk/collection/P01/current/IDSPRE01,,
ARMS_Getxo_G1_20200624_20201103_SF40_s1_r1:Otu73,submergedTime,day,132,http://vocab.nerc.ac.uk/collection/P01/current/AZDRZZ01/,https://vocab.nerc.ac.uk/collection/P06/current/UTAA/,
ARMS_Getxo_G1_20200624_20201103_SF40_s1_r1:Otu73,preservativeUsed,,DMSO,http://vocab.nerc.ac.uk/collection/Q01/current/Q0100004/,,https://pubchem.ncbi.nlm.nih.gov/compound/679
ARMS_Getxo_G1_20200624_20201103_SF40_s1_r1:Otu73,lowerLimitFilterSize,micrometer,40,http://vocab.nerc.ac.uk/collection/Q01/current/Q0100011/,https://vocab.nerc.ac.uk/collection/P06/current/UMIC/,
ARMS_Getxo_G1_20200624_20201103_SF40_s1_r1:Otu73,fieldReplicateID,,ARMS_Getxo_G_20200624_20201103,http://vocab.nerc.ac.uk/collection/P01/current/IDSPRE01,,
ARMS_Getxo_G1_20200624_20201103_SF40_s1_r1:Otu78,submergedTime,day,132,http://vocab.nerc.ac.uk/collection/P01/current/AZDRZZ01/,https://vocab.nerc.ac.uk/collection/P06/current/UTAA/,
ARMS_Getxo_G1_20200624_20201103_SF40_s1_r1:Otu78,preservativeUsed,,DMSO,http://vocab.nerc.ac.uk/collection/Q01/current/Q0100004/,,https://pubchem.ncbi.nlm.nih.gov/compound/679
ARMS_Getxo_G1_20200624_20201103_SF40_s1_r1:Otu78,lowerLimitFilterSize,micrometer,40,http://vocab.nerc.ac.uk/collection/Q01/current/Q0100011/,https://vocab.nerc.ac.uk/collection/P06/current/UMIC/,
ARMS_Getxo_G1_20200624_20201103_SF40_s1_r1:Otu78,fieldReplicateID,,ARMS_Getxo_G_20200624_20201103,http://vocab.nerc.ac.uk/collection/P01/current/IDSPRE01,,
ARMS_Getxo_G1_20200624_20201103_SF40_s1_r1:Otu235,submergedTime,day,132,http://vocab.nerc.ac.uk/collection/P01/current/AZDRZZ01/,https://vocab.nerc.ac.uk/collection/P06/current/UTAA/,
ARMS_Getxo_G1_20200624_20201103_SF40_s1_r1:Otu235,preservativeUsed,,DMSO,http://vocab.nerc.ac.uk/collection/Q01/current/Q0100004/,,https://pubchem.ncbi.nlm.nih.gov/compound/679
ARMS_Getxo_G1_20200624_20201103_SF40_s1_r1:Otu235,lowerLimitFilterSize,micrometer,40,http://vocab.nerc.ac.uk/collection/Q01/current/Q0100011/,https://vocab.nerc.ac.uk/collection/P06/current/UMIC/,
ARMS_Getxo_G1_20200624_20201103_SF40_s1_r1:Otu235,fieldReplicateID,,ARMS_Getxo_G_20200624_20201103,http://vocab.nerc.ac.uk/collection/P01/current/IDSPRE01,,
ARMS_Getxo_G1_20200624_20201103_SF40_s1_r1:Otu8,submergedTime,day,132,http://vocab.nerc.ac.uk/collection/P01/current/AZDRZZ01/,https://vocab.nerc.ac.uk/collection/P06/current/UTAA/,
ARMS_Getxo_G1_20200624_20201103_SF40_s1_r1:Otu8,preservativeUsed,,DMSO,http://vocab.nerc.ac.uk/collection/Q01/current/Q0100004/,,https://pubchem.ncbi.nlm.nih.gov/compound/679
ARMS_Getxo_G1_20200624_20201103_SF40_s1_r1:Otu8,lowerLimitFilterSize,micrometer,40,http://vocab.nerc.ac.uk/collection/Q01/current/Q0100011/,https://vocab.nerc.ac.uk/collection/P06/current/UMIC/,
ARMS_Getxo_G1_20200624_20201103_SF40_s1_r1:Otu8,fieldReplicateID,,ARMS_Getxo_G_20200624_20201103,http://vocab.nerc.ac.uk/collection/P01/current/IDSPRE01,,
ARMS_Getxo_G1_20200624_20201103_SF40_s1_r1:Otu7,submergedTime,day,132,http://vocab.nerc.ac.uk/collection/P01/current/AZDRZZ01/,https://vocab.nerc.ac.uk/collection/P06/current/UTAA/,
ARMS_Getxo_G1_20200624_20201103_SF40_s1_r1:Otu7,preservativeUsed,,DMSO,http://vocab.nerc.ac.uk/collection/Q01/current/Q0100004/,,https://pubchem.ncbi.nlm.nih.gov/compound/679
ARMS_Getxo_G1_20200624_20201103_SF40_s1_r1:Otu7,lowerLimitFilterSize,micrometer,40,http://vocab.nerc.ac.uk/collection/Q01/current/Q0100011/,https://vocab.nerc.ac.uk/collection/P06/current/UMIC/,
ARMS_Getxo_G1_20200624_20201103_SF40_s1_r1:Otu7,fieldReplicateID,,ARMS_Getxo_G_20200624_20201103,http://vocab.nerc.ac.uk/collection/P01/current/IDSPRE01,,
ARMS_Getxo_G1_20200624_20201103_SF40_s1_r1:Otu5,submergedTime,day,132,http://vocab.nerc.ac.uk/collection/P01/current/AZDRZZ01/,https://vocab.nerc.ac.uk/collection/P06/current/UTAA/,
ARMS_Getxo_G1_20200624_20201103_SF40_s1_r1:Otu5,preservativeUsed,,DMSO,http://vocab.nerc.ac.uk/collection/Q01/current/Q0100004/,,https://pubchem.ncbi.nlm.nih.gov/compound/679
ARMS_Getxo_G1_20200624_20201103_SF40_s1_r1:Otu5,lowerLimitFilterSize,micrometer,40,http://vocab.nerc.ac.uk/collection/Q01/current/Q0100011/,https://vocab.nerc.ac.uk/collection/P06/current/UMIC/,
ARMS_Getxo_G1_20200624_20201103_SF40_s1_r1:Otu5,fieldReplicateID,,ARMS_Getxo_G_20200624_20201103,http://vocab.nerc.ac.uk/collection/P01/current/IDSPRE01,,
ARMS_Getxo_G1_20200624_20201103_SF40_s1_r1:Otu2,submergedTime,day,132,http://vocab.nerc.ac.uk/collection/P01/current/AZDRZZ01/,https://vocab.nerc.ac.uk/collection/P06/current/UTAA/,
ARMS_Getxo_G1_20200624_20201103_SF40_s1_r1:Otu2,preservativeUsed,,DMSO,http://vocab.nerc.ac.uk/collection/Q01/current/Q0100004/,,https://pubchem.ncbi.nlm.nih.gov/compound/679
ARMS_Getxo_G1_20200624_20201103_SF40_s1_r1:Otu2,lowerLimitFilterSize,micrometer,40,http://vocab.nerc.ac.uk/collection/Q01/current/Q0100011/,https://vocab.nerc.ac.uk/collection/P06/current/UMIC/,
ARMS_Getxo_G1_20200624_20201103_SF40_s1_r1:Otu2,fieldReplicateID,,ARMS_Getxo_G_20200624_20201103,http://vocab.nerc.ac.uk/collection/P01/current/IDSPRE01,,
ARMS_Getxo_G1_20200624_20201103_SF40_s1_r1:Otu3,submergedTime,day,132,http://vocab.nerc.ac.uk/collection/P01/current/AZDRZZ01/,https://vocab.nerc.ac.uk/collection/P06/current/UTAA/,
ARMS_Getxo_G1_20200624_20201103_SF40_s1_r1:Otu3,preservativeUsed,,DMSO,http://vocab.nerc.ac.uk/collection/Q01/current/Q0100004/,,https://pubchem.ncbi.nlm.nih.gov/compound/679
ARMS_Getxo_G1_20200624_20201103_SF40_s1_r1:Otu3,lowerLimitFilterSize,micrometer,40,http://vocab.nerc.ac.uk/collection/Q01/current/Q0100011/,https://vocab.nerc.ac.uk/collection/P06/current/UMIC/,
ARMS_Getxo_G1_20200624_20201103_SF40_s1_r1:Otu3,fieldReplicateID,,ARMS_Getxo_G_20200624_20201103,http://vocab.nerc.ac.uk/collection/P01/current/IDSPRE01,,
ARMS_Getxo_G1_20200624_20201103_SF40_s1_r1:Otu1,submergedTime,day,132,http://vocab.nerc.ac.uk/collection/P01/current/AZDRZZ01/,https://vocab.nerc.ac.uk/collection/P06/current/UTAA/,
ARMS_Getxo_G1_20200624_20201103_SF40_s1_r1:Otu1,preservativeUsed,,DMSO,http://vocab.nerc.ac.uk/collection/Q01/current/Q0100004/,,https://pubchem.ncbi.nlm.nih.gov/compound/679
ARMS_Getxo_G1_20200624_20201103_SF40_s1_r1:Otu1,lowerLimitFilterSize,micrometer,40,http://vocab.nerc.ac.uk/collection/Q01/current/Q0100011/,https://vocab.nerc.ac.uk/collection/P06/current/UMIC/,
ARMS_Getxo_G1_20200624_20201103_SF40_s1_r1:Otu1,fieldReplicateID,,ARMS_Getxo_G_20200624_20201103,http://vocab.nerc.ac.uk/collection/P01/current/IDSPRE01,,
ARMS_Getxo_G1_20200624_20201103_SF40_s1_r1:Otu52,submergedTime,day,132,http://vocab.nerc.ac.uk/collection/P01/current/AZDRZZ01/,https://vocab.nerc.ac.uk/collection/P06/current/UTAA/,
ARMS_Getxo_G1_20200624_20201103_SF40_s1_r1:Otu52,preservativeUsed,,DMSO,http://vocab.nerc.ac.uk/collection/Q01/current/Q0100004/,,https://pubchem.ncbi.nlm.nih.gov/compound/679
ARMS_Getxo_G1_20200624_20201103_SF40_s1_r1:Otu52,lowerLimitFilterSize,micrometer,40,http://vocab.nerc.ac.uk/collection/Q01/current/Q0100011/,https://vocab.nerc.ac.uk/collection/P06/current/UMIC/,
ARMS_Getxo_G1_20200624_20201103_SF40_s1_r1:Otu52,fieldReplicateID,,ARMS_Getxo_G_20200624_20201103,http://vocab.nerc.ac.uk/collection/P01/current/IDSPRE01,,
ARMS_Getxo_G1_20200624_20201103_SF40_s1_r1:Otu471,submergedTime,day,132,http://vocab.nerc.ac.uk/collection/P01/current/AZDRZZ01/,https://vocab.nerc.ac.uk/collection/P06/current/UTAA/,
ARMS_Getxo_G1_20200624_20201103_SF40_s1_r1:Otu471,preservativeUsed,,DMSO,http://vocab.nerc.ac.uk/collection/Q01/current/Q0100004/,,https://pubchem.ncbi.nlm.nih.gov/compound/679
ARMS_Getxo_G1_20200624_20201103_SF40_s1_r1:Otu471,lowerLimitFilterSize,micrometer,40,http://vocab.nerc.ac.uk/collection/Q01/current/Q0100011/,https://vocab.nerc.ac.uk/collection/P06/current/UMIC/,
ARMS_Getxo_G1_20200624_20201103_SF40_s1_r1:Otu471,fieldReplicateID,,ARMS_Getxo_G_20200624_20201103,http://vocab.nerc.ac.uk/collection/P01/current/IDSPRE01,,
ARMS_Getxo_G1_20200624_20201103_SF40_s1_r1:Otu470,submergedTime,day,132,http://vocab.nerc.ac.uk/collection/P01/current/AZDRZZ01/,https://vocab.nerc.ac.uk/collection/P06/current/UTAA/,
ARMS_Getxo_G1_20200624_20201103_SF40_s1_r1:Otu470,preservativeUsed,,DMSO,http://vocab.nerc.ac.uk/collection/Q01/current/Q0100004/,,https://pubchem.ncbi.nlm.nih.gov/compound/679
ARMS_Getxo_G1_20200624_20201103_SF40_s1_r1:Otu470,lowerLimitFilterSize,micrometer,40,http://vocab.nerc.ac.uk/collection/Q01/current/Q0100011/,https://vocab.nerc.ac.uk/collection/P06/current/UMIC/,
ARMS_Getxo_G1_20200624_20201103_SF40_s1_r1:Otu470,fieldReplicateID,,ARMS_Getxo_G_20200624_20201103,http://vocab.nerc.ac.uk/collection/P01/current/IDSPRE01,,
ARMS_Getxo_G1_20200624_20201103_SF40_s1_r1:Otu473,submergedTime,day,132,http://vocab.nerc.ac.uk/collection/P01/current/AZDRZZ01/,https://vocab.nerc.ac.uk/collection/P06/current/UTAA/,
ARMS_Getxo_G1_20200624_20201103_SF40_s1_r1:Otu473,preservativeUsed,,DMSO,http://vocab.nerc.ac.uk/collection/Q01/current/Q0100004/,,https://pubchem.ncbi.nlm.nih.gov/compound/679
ARMS_Getxo_G1_20200624_20201103_SF40_s1_r1:Otu473,lowerLimitFilterSize,micrometer,40,http://vocab.nerc.ac.uk/collection/Q01/current/Q0100011/,https://vocab.nerc.ac.uk/collection/P06/current/UMIC/,
ARMS_Getxo_G1_20200624_20201103_SF40_s1_r1:Otu473,fieldReplicateID,,ARMS_Getxo_G_20200624_20201103,http://vocab.nerc.ac.uk/collection/P01/current/IDSPRE01,,
ARMS_Getxo_G1_20200624_20201103_SF40_s1_r1:Otu472,submergedTime,day,132,http://vocab.nerc.ac.uk/collection/P01/current/AZDRZZ01/,https://vocab.nerc.ac.uk/collection/P06/current/UTAA/,
ARMS_Getxo_G1_20200624_20201103_SF40_s1_r1:Otu472,preservativeUsed,,DMSO,http://vocab.nerc.ac.uk/collection/Q01/current/Q0100004/,,https://pubchem.ncbi.nlm.nih.gov/compound/679
ARMS_Getxo_G1_20200624_20201103_SF40_s1_r1:Otu472,lowerLimitFilterSize,micrometer,40,http://vocab.nerc.ac.uk/collection/Q01/current/Q0100011/,https://vocab.nerc.ac.uk/collection/P06/current/UMIC/,
ARMS_Getxo_G1_20200624_20201103_SF40_s1_r1:Otu472,fieldReplicateID,,ARMS_Getxo_G_20200624_20201103,http://vocab.nerc.ac.uk/collection/P01/current/IDSPRE01,,
ARMS_Getxo_G1_20200624_20201103_SF40_s1_r1:Otu475,submergedTime,day,132,http://vocab.nerc.ac.uk/collection/P01/current/AZDRZZ01/,https://vocab.nerc.ac.uk/collection/P06/current/UTAA/,
ARMS_Getxo_G1_20200624_20201103_SF40_s1_r1:Otu475,preservativeUsed,,DMSO,http://vocab.nerc.ac.uk/collection/Q01/current/Q0100004/,,https://pubchem.ncbi.nlm.nih.gov/compound/679
ARMS_Getxo_G1_20200624_20201103_SF40_s1_r1:Otu475,lowerLimitFilterSize,micrometer,40,http://vocab.nerc.ac.uk/collection/Q01/current/Q0100011/,https://vocab.nerc.ac.uk/collection/P06/current/UMIC/,
ARMS_Getxo_G1_20200624_20201103_SF40_s1_r1:Otu475,fieldReplicateID,,ARMS_Getxo_G_20200624_20201103,http://vocab.nerc.ac.uk/collection/P01/current/IDSPRE01,,
ARMS_Getxo_G1_20200624_20201103_SF40_s1_r1:Otu474,submergedTime,day,132,http://vocab.nerc.ac.uk/collection/P01/current/AZDRZZ01/,https://vocab.nerc.ac.uk/collection/P06/current/UTAA/,
ARMS_Getxo_G1_20200624_20201103_SF40_s1_r1:Otu474,preservativeUsed,,DMSO,http://vocab.nerc.ac.uk/collection/Q01/current/Q0100004/,,https://pubchem.ncbi.nlm.nih.gov/compound/679
ARMS_Getxo_G1_20200624_20201103_SF40_s1_r1:Otu474,lowerLimitFilterSize,micrometer,40,http://vocab.nerc.ac.uk/collection/Q01/current/Q0100011/,https://vocab.nerc.ac.uk/collection/P06/current/UMIC/,
ARMS_Getxo_G1_20200624_20201103_SF40_s1_r1:Otu474,fieldReplicateID,,ARMS_Getxo_G_20200624_20201103,http://vocab.nerc.ac.uk/collection/P01/current/IDSPRE01,,
ARMS_Getxo_G1_20200624_20201103_SF40_s1_r1:Otu477,submergedTime,day,132,http://vocab.nerc.ac.uk/collection/P01/current/AZDRZZ01/,https://vocab.nerc.ac.uk/collection/P06/current/UTAA/,
ARMS_Getxo_G1_20200624_20201103_SF40_s1_r1:Otu477,preservativeUsed,,DMSO,http://vocab.nerc.ac.uk/collection/Q01/current/Q0100004/,,https://pubchem.ncbi.nlm.nih.gov/compound/679
ARMS_Getxo_G1_20200624_20201103_SF40_s1_r1:Otu477,lowerLimitFilterSize,micrometer,40,http://vocab.nerc.ac.uk/collection/Q01/current/Q0100011/,https://vocab.nerc.ac.uk/collection/P06/current/UMIC/,
ARMS_Getxo_G1_20200624_20201103_SF40_s1_r1:Otu477,fieldReplicateID,,ARMS_Getxo_G_20200624_20201103,http://vocab.nerc.ac.uk/collection/P01/current/IDSPRE01,,
ARMS_Getxo_G1_20200624_20201103_SF40_s1_r1:Otu476,submergedTime,day,132,http://vocab.nerc.ac.uk/collection/P01/current/AZDRZZ01/,https://vocab.nerc.ac.uk/collection/P06/current/UTAA/,
ARMS_Getxo_G1_20200624_20201103_SF40_s1_r1:Otu476,preservativeUsed,,DMSO,http://vocab.nerc.ac.uk/collection/Q01/current/Q0100004/,,https://pubchem.ncbi.nlm.nih.gov/compound/679
ARMS_Getxo_G1_20200624_20201103_SF40_s1_r1:Otu476,lowerLimitFilterSize,micrometer,40,http://vocab.nerc.ac.uk/collection/Q01/current/Q0100011/,https://vocab.nerc.ac.uk/collection/P06/current/UMIC/,
ARMS_Getxo_G1_20200624_20201103_SF40_s1_r1:Otu476,fieldReplicateID,,ARMS_Getxo_G_20200624_20201103,http://vocab.nerc.ac.uk/collection/P01/current/IDSPRE01,,
ARMS_Getxo_G1_20200624_20201103_SF40_s1_r1:Otu479,submergedTime,day,132,http://vocab.nerc.ac.uk/collection/P01/current/AZDRZZ01/,https://vocab.nerc.ac.uk/collection/P06/current/UTAA/,
ARMS_Getxo_G1_20200624_20201103_SF40_s1_r1:Otu479,preservativeUsed,,DMSO,http://vocab.nerc.ac.uk/collection/Q01/current/Q0100004/,,https://pubchem.ncbi.nlm.nih.gov/compound/679
ARMS_Getxo_G1_20200624_20201103_SF40_s1_r1:Otu479,lowerLimitFilterSize,micrometer,40,http://vocab.nerc.ac.uk/collection/Q01/current/Q0100011/,https://vocab.nerc.ac.uk/collection/P06/current/UMIC/,
ARMS_Getxo_G1_20200624_20201103_SF40_s1_r1:Otu479,fieldReplicateID,,ARMS_Getxo_G_20200624_20201103,http://vocab.nerc.ac.uk/collection/P01/current/IDSPRE01,,
ARMS_Getxo_G1_20200624_20201103_SF40_s1_r1:Otu478,submergedTime,day,132,http://vocab.nerc.ac.uk/collection/P01/current/AZDRZZ01/,https://vocab.nerc.ac.uk/collection/P06/current/UTAA/,
ARMS_Getxo_G1_20200624_20201103_SF40_s1_r1:Otu478,preservativeUsed,,DMSO,http://vocab.nerc.ac.uk/collection/Q01/current/Q0100004/,,https://pubchem.ncbi.nlm.nih.gov/compound/679
ARMS_Getxo_G1_20200624_20201103_SF40_s1_r1:Otu478,lowerLimitFilterSize,micrometer,40,http://vocab.nerc.ac.uk/collection/Q01/current/Q0100011/,https://vocab.nerc.ac.uk/collection/P06/current/UMIC/,
ARMS_Getxo_G1_20200624_20201103_SF40_s1_r1:Otu478,fieldReplicateID,,ARMS_Getxo_G_20200624_20201103,http://vocab.nerc.ac.uk/collection/P01/current/IDSPRE01,,
ARMS_Getxo_G1_20200624_20201103_SF40_s1_r1:Otu382,submergedTime,day,132,http://vocab.nerc.ac.uk/collection/P01/current/AZDRZZ01/,https://vocab.nerc.ac.uk/collection/P06/current/UTAA/,
ARMS_Getxo_G1_20200624_20201103_SF40_s1_r1:Otu382,preservativeUsed,,DMSO,http://vocab.nerc.ac.uk/collection/Q01/current/Q0100004/,,https://pubchem.ncbi.nlm.nih.gov/compound/679
ARMS_Getxo_G1_20200624_20201103_SF40_s1_r1:Otu382,lowerLimitFilterSize,micrometer,40,http://vocab.nerc.ac.uk/collection/Q01/current/Q0100011/,https://vocab.nerc.ac.uk/collection/P06/current/UMIC/,
ARMS_Getxo_G1_20200624_20201103_SF40_s1_r1:Otu382,fieldReplicateID,,ARMS_Getxo_G_20200624_20201103,http://vocab.nerc.ac.uk/collection/P01/current/IDSPRE01,,
ARMS_Getxo_G1_20200624_20201103_SF40_s1_r1:Otu209,submergedTime,day,132,http://vocab.nerc.ac.uk/collection/P01/current/AZDRZZ01/,https://vocab.nerc.ac.uk/collection/P06/current/UTAA/,
ARMS_Getxo_G1_20200624_20201103_SF40_s1_r1:Otu209,preservativeUsed,,DMSO,http://vocab.nerc.ac.uk/collection/Q01/current/Q0100004/,,https://pubchem.ncbi.nlm.nih.gov/compound/679
ARMS_Getxo_G1_20200624_20201103_SF40_s1_r1:Otu209,lowerLimitFilterSize,micrometer,40,http://vocab.nerc.ac.uk/collection/Q01/current/Q0100011/,https://vocab.nerc.ac.uk/collection/P06/current/UMIC/,
ARMS_Getxo_G1_20200624_20201103_SF40_s1_r1:Otu209,fieldReplicateID,,ARMS_Getxo_G_20200624_20201103,http://vocab.nerc.ac.uk/collection/P01/current/IDSPRE01,,
ARMS_Getxo_G1_20200624_20201103_SF40_s1_r1:Otu373,submergedTime,day,132,http://vocab.nerc.ac.uk/collection/P01/current/AZDRZZ01/,https://vocab.nerc.ac.uk/collection/P06/current/UTAA/,
ARMS_Getxo_G1_20200624_20201103_SF40_s1_r1:Otu373,preservativeUsed,,DMSO,http://vocab.nerc.ac.uk/collection/Q01/current/Q0100004/,,https://pubchem.ncbi.nlm.nih.gov/compound/679
ARMS_Getxo_G1_20200624_20201103_SF40_s1_r1:Otu373,lowerLimitFilterSize,micrometer,40,http://vocab.nerc.ac.uk/collection/Q01/current/Q0100011/,https://vocab.nerc.ac.uk/collection/P06/current/UMIC/,
ARMS_Getxo_G1_20200624_20201103_SF40_s1_r1:Otu373,fieldReplicateID,,ARMS_Getxo_G_20200624_20201103,http://vocab.nerc.ac.uk/collection/P01/current/IDSPRE01,,
ARMS_Getxo_G1_20200624_20201103_SF40_s1_r1:Otu105,submergedTime,day,132,http://vocab.nerc.ac.uk/collection/P01/current/AZDRZZ01/,https://vocab.nerc.ac.uk/collection/P06/current/UTAA/,
ARMS_Getxo_G1_20200624_20201103_SF40_s1_r1:Otu105,preservativeUsed,,DMSO,http://vocab.nerc.ac.uk/collection/Q01/current/Q0100004/,,https://pubchem.ncbi.nlm.nih.gov/compound/679
ARMS_Getxo_G1_20200624_20201103_SF40_s1_r1:Otu105,lowerLimitFilterSize,micrometer,40,http://vocab.nerc.ac.uk/collection/Q01/current/Q0100011/,https://vocab.nerc.ac.uk/collection/P06/current/UMIC/,
ARMS_Getxo_G1_20200624_20201103_SF40_s1_r1:Otu105,fieldReplicateID,,ARMS_Getxo_G_20200624_20201103,http://vocab.nerc.ac.uk/collection/P01/current/IDSPRE01,,
ARMS_Getxo_G1_20200624_20201103_SF40_s1_r1:Otu102,submergedTime,day,132,http://vocab.nerc.ac.uk/collection/P01/current/AZDRZZ01/,https://vocab.nerc.ac.uk/collection/P06/current/UTAA/,
ARMS_Getxo_G1_20200624_20201103_SF40_s1_r1:Otu102,preservativeUsed,,DMSO,http://vocab.nerc.ac.uk/collection/Q01/current/Q0100004/,,https://pubchem.ncbi.nlm.nih.gov/compound/679
ARMS_Getxo_G1_20200624_20201103_SF40_s1_r1:Otu102,lowerLimitFilterSize,micrometer,40,http://vocab.nerc.ac.uk/collection/Q01/current/Q0100011/,https://vocab.nerc.ac.uk/collection/P06/current/UMIC/,
ARMS_Getxo_G1_20200624_20201103_SF40_s1_r1:Otu102,fieldReplicateID,,ARMS_Getxo_G_20200624_20201103,http://vocab.nerc.ac.uk/collection/P01/current/IDSPRE01,,
ARMS_Getxo_G1_20200624_20201103_SF40_s1_r1:Otu294,submergedTime,day,132,http://vocab.nerc.ac.uk/collection/P01/current/AZDRZZ01/,https://vocab.nerc.ac.uk/collection/P06/current/UTAA/,
ARMS_Getxo_G1_20200624_20201103_SF40_s1_r1:Otu294,preservativeUsed,,DMSO,http://vocab.nerc.ac.uk/collection/Q01/current/Q0100004/,,https://pubchem.ncbi.nlm.nih.gov/compound/679
ARMS_Getxo_G1_20200624_20201103_SF40_s1_r1:Otu294,lowerLimitFilterSize,micrometer,40,http://vocab.nerc.ac.uk/collection/Q01/current/Q0100011/,https://vocab.nerc.ac.uk/collection/P06/current/UMIC/,
ARMS_Getxo_G1_20200624_20201103_SF40_s1_r1:Otu294,fieldReplicateID,,ARMS_Getxo_G_20200624_20201103,http://vocab.nerc.ac.uk/collection/P01/current/IDSPRE01,,
ARMS_Getxo_G1_20200624_20201103_SF40_s1_r1:Otu291,submergedTime,day,132,http://vocab.nerc.ac.uk/collection/P01/current/AZDRZZ01/,https://vocab.nerc.ac.uk/collection/P06/current/UTAA/,
ARMS_Getxo_G1_20200624_20201103_SF40_s1_r1:Otu291,preservativeUsed,,DMSO,http://vocab.nerc.ac.uk/collection/Q01/current/Q0100004/,,https://pubchem.ncbi.nlm.nih.gov/compound/679
ARMS_Getxo_G1_20200624_20201103_SF40_s1_r1:Otu291,lowerLimitFilterSize,micrometer,40,http://vocab.nerc.ac.uk/collection/Q01/current/Q0100011/,https://vocab.nerc.ac.uk/collection/P06/current/UMIC/,
ARMS_Getxo_G1_20200624_20201103_SF40_s1_r1:Otu291,fieldReplicateID,,ARMS_Getxo_G_20200624_20201103,http://vocab.nerc.ac.uk/collection/P01/current/IDSPRE01,,
ARMS_Getxo_G1_20200624_20201103_SF40_s1_r1:Otu290,submergedTime,day,132,http://vocab.nerc.ac.uk/collection/P01/current/AZDRZZ01/,https://vocab.nerc.ac.uk/collection/P06/current/UTAA/,
ARMS_Getxo_G1_20200624_20201103_SF40_s1_r1:Otu290,preservativeUsed,,DMSO,http://vocab.nerc.ac.uk/collection/Q01/current/Q0100004/,,https://pubchem.ncbi.nlm.nih.gov/compound/679
ARMS_Getxo_G1_20200624_20201103_SF40_s1_r1:Otu290,lowerLimitFilterSize,micrometer,40,http://vocab.nerc.ac.uk/collection/Q01/current/Q0100011/,https://vocab.nerc.ac.uk/collection/P06/current/UMIC/,
ARMS_Getxo_G1_20200624_20201103_SF40_s1_r1:Otu290,fieldReplicateID,,ARMS_Getxo_G_20200624_20201103,http://vocab.nerc.ac.uk/collection/P01/current/IDSPRE01,,
ARMS_Getxo_G1_20200624_20201103_SF40_s1_r1:Otu293,submergedTime,day,132,http://vocab.nerc.ac.uk/collection/P01/current/AZDRZZ01/,https://vocab.nerc.ac.uk/collection/P06/current/UTAA/,
ARMS_Getxo_G1_20200624_20201103_SF40_s1_r1:Otu293,preservativeUsed,,DMSO,http://vocab.nerc.ac.uk/collection/Q01/current/Q0100004/,,https://pubchem.ncbi.nlm.nih.gov/compound/679
ARMS_Getxo_G1_20200624_20201103_SF40_s1_r1:Otu293,lowerLimitFilterSize,micrometer,40,http://vocab.nerc.ac.uk/collection/Q01/current/Q0100011/,https://vocab.nerc.ac.uk/collection/P06/current/UMIC/,
ARMS_Getxo_G1_20200624_20201103_SF40_s1_r1:Otu293,fieldReplicateID,,ARMS_Getxo_G_20200624_20201103,http://vocab.nerc.ac.uk/collection/P01/current/IDSPRE01,,
ARMS_Getxo_G1_20200624_20201103_SF40_s1_r1:Otu292,submergedTime,day,132,http://vocab.nerc.ac.uk/collection/P01/current/AZDRZZ01/,https://vocab.nerc.ac.uk/collection/P06/current/UTAA/,
ARMS_Getxo_G1_20200624_20201103_SF40_s1_r1:Otu292,preservativeUsed,,DMSO,http://vocab.nerc.ac.uk/collection/Q01/current/Q0100004/,,https://pubchem.ncbi.nlm.nih.gov/compound/679
ARMS_Getxo_G1_20200624_20201103_SF40_s1_r1:Otu292,lowerLimitFilterSize,micrometer,40,http://vocab.nerc.ac.uk/collection/Q01/current/Q0100011/,https://vocab.nerc.ac.uk/collection/P06/current/UMIC/,
ARMS_Getxo_G1_20200624_20201103_SF40_s1_r1:Otu292,fieldReplicateID,,ARMS_Getxo_G_20200624_20201103,http://vocab.nerc.ac.uk/collection/P01/current/IDSPRE01,,
ARMS_Getxo_G1_20200624_20201103_SF40_s1_r1:Otu497,submergedTime,day,132,http://vocab.nerc.ac.uk/collection/P01/current/AZDRZZ01/,https://vocab.nerc.ac.uk/collection/P06/current/UTAA/,
ARMS_Getxo_G1_20200624_20201103_SF40_s1_r1:Otu497,preservativeUsed,,DMSO,http://vocab.nerc.ac.uk/collection/Q01/current/Q0100004/,,https://pubchem.ncbi.nlm.nih.gov/compound/679
ARMS_Getxo_G1_20200624_20201103_SF40_s1_r1:Otu497,lowerLimitFilterSize,micrometer,40,http://vocab.nerc.ac.uk/collection/Q01/current/Q0100011/,https://vocab.nerc.ac.uk/collection/P06/current/UMIC/,
ARMS_Getxo_G1_20200624_20201103_SF40_s1_r1:Otu497,fieldReplicateID,,ARMS_Getxo_G_20200624_20201103,http://vocab.nerc.ac.uk/collection/P01/current/IDSPRE01,,
ARMS_Getxo_G1_20200624_20201103_SF40_s1_r1:Otu190,submergedTime,day,132,http://vocab.nerc.ac.uk/collection/P01/current/AZDRZZ01/,https://vocab.nerc.ac.uk/collection/P06/current/UTAA/,
ARMS_Getxo_G1_20200624_20201103_SF40_s1_r1:Otu190,preservativeUsed,,DMSO,http://vocab.nerc.ac.uk/collection/Q01/current/Q0100004/,,https://pubchem.ncbi.nlm.nih.gov/compound/679
ARMS_Getxo_G1_20200624_20201103_SF40_s1_r1:Otu190,lowerLimitFilterSize,micrometer,40,http://vocab.nerc.ac.uk/collection/Q01/current/Q0100011/,https://vocab.nerc.ac.uk/collection/P06/current/UMIC/,
ARMS_Getxo_G1_20200624_20201103_SF40_s1_r1:Otu190,fieldReplicateID,,ARMS_Getxo_G_20200624_20201103,http://vocab.nerc.ac.uk/collection/P01/current/IDSPRE01,,
ARMS_Getxo_G1_20200624_20201103_SF40_s1_r1:Otu493,submergedTime,day,132,http://vocab.nerc.ac.uk/collection/P01/current/AZDRZZ01/,https://vocab.nerc.ac.uk/collection/P06/current/UTAA/,
ARMS_Getxo_G1_20200624_20201103_SF40_s1_r1:Otu493,preservativeUsed,,DMSO,http://vocab.nerc.ac.uk/collection/Q01/current/Q0100004/,,https://pubchem.ncbi.nlm.nih.gov/compound/679
ARMS_Getxo_G1_20200624_20201103_SF40_s1_r1:Otu493,lowerLimitFilterSize,micrometer,40,http://vocab.nerc.ac.uk/collection/Q01/current/Q0100011/,https://vocab.nerc.ac.uk/collection/P06/current/UMIC/,
ARMS_Getxo_G1_20200624_20201103_SF40_s1_r1:Otu493,fieldReplicateID,,ARMS_Getxo_G_20200624_20201103,http://vocab.nerc.ac.uk/collection/P01/current/IDSPRE01,,
ARMS_Getxo_G1_20200624_20201103_SF40_s1_r1:Otu491,submergedTime,day,132,http://vocab.nerc.ac.uk/collection/P01/current/AZDRZZ01/,https://vocab.nerc.ac.uk/collection/P06/current/UTAA/,
ARMS_Getxo_G1_20200624_20201103_SF40_s1_r1:Otu491,preservativeUsed,,DMSO,http://vocab.nerc.ac.uk/collection/Q01/current/Q0100004/,,https://pubchem.ncbi.nlm.nih.gov/compound/679
ARMS_Getxo_G1_20200624_20201103_SF40_s1_r1:Otu491,lowerLimitFilterSize,micrometer,40,http://vocab.nerc.ac.uk/collection/Q01/current/Q0100011/,https://vocab.nerc.ac.uk/collection/P06/current/UMIC/,
ARMS_Getxo_G1_20200624_20201103_SF40_s1_r1:Otu491,fieldReplicateID,,ARMS_Getxo_G_20200624_20201103,http://vocab.nerc.ac.uk/collection/P01/current/IDSPRE01,,
ARMS_Getxo_G1_20200624_20201103_SF40_s1_r1:Otu490,submergedTime,day,132,http://vocab.nerc.ac.uk/collection/P01/current/AZDRZZ01/,https://vocab.nerc.ac.uk/collection/P06/current/UTAA/,
ARMS_Getxo_G1_20200624_20201103_SF40_s1_r1:Otu490,preservativeUsed,,DMSO,http://vocab.nerc.ac.uk/collection/Q01/current/Q0100004/,,https://pubchem.ncbi.nlm.nih.gov/compound/679
ARMS_Getxo_G1_20200624_20201103_SF40_s1_r1:Otu490,lowerLimitFilterSize,micrometer,40,http://vocab.nerc.ac.uk/collection/Q01/current/Q0100011/,https://vocab.nerc.ac.uk/collection/P06/current/UMIC/,
ARMS_Getxo_G1_20200624_20201103_SF40_s1_r1:Otu490,fieldReplicateID,,ARMS_Getxo_G_20200624_20201103,http://vocab.nerc.ac.uk/collection/P01/current/IDSPRE01,,
ARMS_Getxo_G1_20200624_20201103_SF40_s1_r1:Otu94,submergedTime,day,132,http://vocab.nerc.ac.uk/collection/P01/current/AZDRZZ01/,https://vocab.nerc.ac.uk/collection/P06/current/UTAA/,
ARMS_Getxo_G1_20200624_20201103_SF40_s1_r1:Otu94,preservativeUsed,,DMSO,http://vocab.nerc.ac.uk/collection/Q01/current/Q0100004/,,https://pubchem.ncbi.nlm.nih.gov/compound/679
ARMS_Getxo_G1_20200624_20201103_SF40_s1_r1:Otu94,lowerLimitFilterSize,micrometer,40,http://vocab.nerc.ac.uk/collection/Q01/current/Q0100011/,https://vocab.nerc.ac.uk/collection/P06/current/UMIC/,
ARMS_Getxo_G1_20200624_20201103_SF40_s1_r1:Otu94,fieldReplicateID,,ARMS_Getxo_G_20200624_20201103,http://vocab.nerc.ac.uk/collection/P01/current/IDSPRE01,,
ARMS_Getxo_G1_20200624_20201103_SF40_s1_r1:Otu95,submergedTime,day,132,http://vocab.nerc.ac.uk/collection/P01/current/AZDRZZ01/,https://vocab.nerc.ac.uk/collection/P06/current/UTAA/,
ARMS_Getxo_G1_20200624_20201103_SF40_s1_r1:Otu95,preservativeUsed,,DMSO,http://vocab.nerc.ac.uk/collection/Q01/current/Q0100004/,,https://pubchem.ncbi.nlm.nih.gov/compound/679
ARMS_Getxo_G1_20200624_20201103_SF40_s1_r1:Otu95,lowerLimitFilterSize,micrometer,40,http://vocab.nerc.ac.uk/collection/Q01/current/Q0100011/,https://vocab.nerc.ac.uk/collection/P06/current/UMIC/,
ARMS_Getxo_G1_20200624_20201103_SF40_s1_r1:Otu95,fieldReplicateID,,ARMS_Getxo_G_20200624_20201103,http://vocab.nerc.ac.uk/collection/P01/current/IDSPRE01,,
ARMS_Getxo_G1_20200624_20201103_SF40_s1_r1:Otu92,submergedTime,day,132,http://vocab.nerc.ac.uk/collection/P01/current/AZDRZZ01/,https://vocab.nerc.ac.uk/collection/P06/current/UTAA/,
ARMS_Getxo_G1_20200624_20201103_SF40_s1_r1:Otu92,preservativeUsed,,DMSO,http://vocab.nerc.ac.uk/collection/Q01/current/Q0100004/,,https://pubchem.ncbi.nlm.nih.gov/compound/679
ARMS_Getxo_G1_20200624_20201103_SF40_s1_r1:Otu92,lowerLimitFilterSize,micrometer,40,http://vocab.nerc.ac.uk/collection/Q01/current/Q0100011/,https://vocab.nerc.ac.uk/collection/P06/current/UMIC/,
ARMS_Getxo_G1_20200624_20201103_SF40_s1_r1:Otu92,fieldReplicateID,,ARMS_Getxo_G_20200624_20201103,http://vocab.nerc.ac.uk/collection/P01/current/IDSPRE01,,
ARMS_Getxo_G1_20200624_20201103_SF40_s1_r1:Otu93,submergedTime,day,132,http://vocab.nerc.ac.uk/collection/P01/current/AZDRZZ01/,https://vocab.nerc.ac.uk/collection/P06/current/UTAA/,
ARMS_Getxo_G1_20200624_20201103_SF40_s1_r1:Otu93,preservativeUsed,,DMSO,http://vocab.nerc.ac.uk/collection/Q01/current/Q0100004/,,https://pubchem.ncbi.nlm.nih.gov/compound/679
ARMS_Getxo_G1_20200624_20201103_SF40_s1_r1:Otu93,lowerLimitFilterSize,micrometer,40,http://vocab.nerc.ac.uk/collection/Q01/current/Q0100011/,https://vocab.nerc.ac.uk/collection/P06/current/UMIC/,
ARMS_Getxo_G1_20200624_20201103_SF40_s1_r1:Otu93,fieldReplicateID,,ARMS_Getxo_G_20200624_20201103,http://vocab.nerc.ac.uk/collection/P01/current/IDSPRE01,,
ARMS_Getxo_G1_20200624_20201103_SF40_s1_r1:Otu498,submergedTime,day,132,http://vocab.nerc.ac.uk/collection/P01/current/AZDRZZ01/,https://vocab.nerc.ac.uk/collection/P06/current/UTAA/,
ARMS_Getxo_G1_20200624_20201103_SF40_s1_r1:Otu498,preservativeUsed,,DMSO,http://vocab.nerc.ac.uk/collection/Q01/current/Q0100004/,,https://pubchem.ncbi.nlm.nih.gov/compound/679
ARMS_Getxo_G1_20200624_20201103_SF40_s1_r1:Otu498,lowerLimitFilterSize,micrometer,40,http://vocab.nerc.ac.uk/collection/Q01/current/Q0100011/,https://vocab.nerc.ac.uk/collection/P06/current/UMIC/,
ARMS_Getxo_G1_20200624_20201103_SF40_s1_r1:Otu498,fieldReplicateID,,ARMS_Getxo_G_20200624_20201103,http://vocab.nerc.ac.uk/collection/P01/current/IDSPRE01,,
ARMS_Getxo_G1_20200624_20201103_SF40_s1_r1:Otu400,submergedTime,day,132,http://vocab.nerc.ac.uk/collection/P01/current/AZDRZZ01/,https://vocab.nerc.ac.uk/collection/P06/current/UTAA/,
ARMS_Getxo_G1_20200624_20201103_SF40_s1_r1:Otu400,preservativeUsed,,DMSO,http://vocab.nerc.ac.uk/collection/Q01/current/Q0100004/,,https://pubchem.ncbi.nlm.nih.gov/compound/679
ARMS_Getxo_G1_20200624_20201103_SF40_s1_r1:Otu400,lowerLimitFilterSize,micrometer,40,http://vocab.nerc.ac.uk/collection/Q01/current/Q0100011/,https://vocab.nerc.ac.uk/collection/P06/current/UMIC/,
ARMS_Getxo_G1_20200624_20201103_SF40_s1_r1:Otu400,fieldReplicateID,,ARMS_Getxo_G_20200624_20201103,http://vocab.nerc.ac.uk/collection/P01/current/IDSPRE01,,
ARMS_Getxo_G1_20200624_20201103_SF40_s1_r1:Otu401,submergedTime,day,132,http://vocab.nerc.ac.uk/collection/P01/current/AZDRZZ01/,https://vocab.nerc.ac.uk/collection/P06/current/UTAA/,
ARMS_Getxo_G1_20200624_20201103_SF40_s1_r1:Otu401,preservativeUsed,,DMSO,http://vocab.nerc.ac.uk/collection/Q01/current/Q0100004/,,https://pubchem.ncbi.nlm.nih.gov/compound/679
ARMS_Getxo_G1_20200624_20201103_SF40_s1_r1:Otu401,lowerLimitFilterSize,micrometer,40,http://vocab.nerc.ac.uk/collection/Q01/current/Q0100011/,https://vocab.nerc.ac.uk/collection/P06/current/UMIC/,
ARMS_Getxo_G1_20200624_20201103_SF40_s1_r1:Otu401,fieldReplicateID,,ARMS_Getxo_G_20200624_20201103,http://vocab.nerc.ac.uk/collection/P01/current/IDSPRE01,,
ARMS_Getxo_G1_20200624_20201103_SF40_s1_r1:Otu402,submergedTime,day,132,http://vocab.nerc.ac.uk/collection/P01/current/AZDRZZ01/,https://vocab.nerc.ac.uk/collection/P06/current/UTAA/,
ARMS_Getxo_G1_20200624_20201103_SF40_s1_r1:Otu402,preservativeUsed,,DMSO,http://vocab.nerc.ac.uk/collection/Q01/current/Q0100004/,,https://pubchem.ncbi.nlm.nih.gov/compound/679
ARMS_Getxo_G1_20200624_20201103_SF40_s1_r1:Otu402,lowerLimitFilterSize,micrometer,40,http://vocab.nerc.ac.uk/collection/Q01/current/Q0100011/,https://vocab.nerc.ac.uk/collection/P06/current/UMIC/,
ARMS_Getxo_G1_20200624_20201103_SF40_s1_r1:Otu402,fieldReplicateID,,ARMS_Getxo_G_20200624_20201103,http://vocab.nerc.ac.uk/collection/P01/current/IDSPRE01,,
ARMS_Getxo_G1_20200624_20201103_SF40_s1_r1:Otu403,submergedTime,day,132,http://vocab.nerc.ac.uk/collection/P01/current/AZDRZZ01/,https://vocab.nerc.ac.uk/collection/P06/current/UTAA/,
ARMS_Getxo_G1_20200624_20201103_SF40_s1_r1:Otu403,preservativeUsed,,DMSO,http://vocab.nerc.ac.uk/collection/Q01/current/Q0100004/,,https://pubchem.ncbi.nlm.nih.gov/compound/679
ARMS_Getxo_G1_20200624_20201103_SF40_s1_r1:Otu403,lowerLimitFilterSize,micrometer,40,http://vocab.nerc.ac.uk/collection/Q01/current/Q0100011/,https://vocab.nerc.ac.uk/collection/P06/current/UMIC/,
ARMS_Getxo_G1_20200624_20201103_SF40_s1_r1:Otu403,fieldReplicateID,,ARMS_Getxo_G_20200624_20201103,http://vocab.nerc.ac.uk/collection/P01/current/IDSPRE01,,
ARMS_Getxo_G1_20200624_20201103_SF40_s1_r1:Otu148,submergedTime,day,132,http://vocab.nerc.ac.uk/collection/P01/current/AZDRZZ01/,https://vocab.nerc.ac.uk/collection/P06/current/UTAA/,
ARMS_Getxo_G1_20200624_20201103_SF40_s1_r1:Otu148,preservativeUsed,,DMSO,http://vocab.nerc.ac.uk/collection/Q01/current/Q0100004/,,https://pubchem.ncbi.nlm.nih.gov/compound/679
ARMS_Getxo_G1_20200624_20201103_SF40_s1_r1:Otu148,lowerLimitFilterSize,micrometer,40,http://vocab.nerc.ac.uk/collection/Q01/current/Q0100011/,https://vocab.nerc.ac.uk/collection/P06/current/UMIC/,
ARMS_Getxo_G1_20200624_20201103_SF40_s1_r1:Otu148,fieldReplicateID,,ARMS_Getxo_G_20200624_20201103,http://vocab.nerc.ac.uk/collection/P01/current/IDSPRE01,,
ARMS_Getxo_G1_20200624_20201103_SF40_s1_r1:Otu147,submergedTime,day,132,http://vocab.nerc.ac.uk/collection/P01/current/AZDRZZ01/,https://vocab.nerc.ac.uk/collection/P06/current/UTAA/,
ARMS_Getxo_G1_20200624_20201103_SF40_s1_r1:Otu147,preservativeUsed,,DMSO,http://vocab.nerc.ac.uk/collection/Q01/current/Q0100004/,,https://pubchem.ncbi.nlm.nih.gov/compound/679
ARMS_Getxo_G1_20200624_20201103_SF40_s1_r1:Otu147,lowerLimitFilterSize,micrometer,40,http://vocab.nerc.ac.uk/collection/Q01/current/Q0100011/,https://vocab.nerc.ac.uk/collection/P06/current/UMIC/,
ARMS_Getxo_G1_20200624_20201103_SF40_s1_r1:Otu147,fieldReplicateID,,ARMS_Getxo_G_20200624_20201103,http://vocab.nerc.ac.uk/collection/P01/current/IDSPRE01,,
ARMS_Getxo_G1_20200624_20201103_SF40_s1_r1:Otu146,submergedTime,day,132,http://vocab.nerc.ac.uk/collection/P01/current/AZDRZZ01/,https://vocab.nerc.ac.uk/collection/P06/current/UTAA/,
ARMS_Getxo_G1_20200624_20201103_SF40_s1_r1:Otu146,preservativeUsed,,DMSO,http://vocab.nerc.ac.uk/collection/Q01/current/Q0100004/,,https://pubchem.ncbi.nlm.nih.gov/compound/679
ARMS_Getxo_G1_20200624_20201103_SF40_s1_r1:Otu146,lowerLimitFilterSize,micrometer,40,http://vocab.nerc.ac.uk/collection/Q01/current/Q0100011/,https://vocab.nerc.ac.uk/collection/P06/current/UMIC/,
ARMS_Getxo_G1_20200624_20201103_SF40_s1_r1:Otu146,fieldReplicateID,,ARMS_Getxo_G_20200624_20201103,http://vocab.nerc.ac.uk/collection/P01/current/IDSPRE01,,
ARMS_Getxo_G1_20200624_20201103_SF40_s1_r1:Otu392,submergedTime,day,132,http://vocab.nerc.ac.uk/collection/P01/current/AZDRZZ01/,https://vocab.nerc.ac.uk/collection/P06/current/UTAA/,
ARMS_Getxo_G1_20200624_20201103_SF40_s1_r1:Otu392,preservativeUsed,,DMSO,http://vocab.nerc.ac.uk/collection/Q01/current/Q0100004/,,https://pubchem.ncbi.nlm.nih.gov/compound/679
ARMS_Getxo_G1_20200624_20201103_SF40_s1_r1:Otu392,lowerLimitFilterSize,micrometer,40,http://vocab.nerc.ac.uk/collection/Q01/current/Q0100011/,https://vocab.nerc.ac.uk/collection/P06/current/UMIC/,
ARMS_Getxo_G1_20200624_20201103_SF40_s1_r1:Otu392,fieldReplicateID,,ARMS_Getxo_G_20200624_20201103,http://vocab.nerc.ac.uk/collection/P01/current/IDSPRE01,,
ARMS_Getxo_G1_20200624_20201103_SF40_s1_r1:Otu393,submergedTime,day,132,http://vocab.nerc.ac.uk/collection/P01/current/AZDRZZ01/,https://vocab.nerc.ac.uk/collection/P06/current/UTAA/,
ARMS_Getxo_G1_20200624_20201103_SF40_s1_r1:Otu393,preservativeUsed,,DMSO,http://vocab.nerc.ac.uk/collection/Q01/current/Q0100004/,,https://pubchem.ncbi.nlm.nih.gov/compound/679
ARMS_Getxo_G1_20200624_20201103_SF40_s1_r1:Otu393,lowerLimitFilterSize,micrometer,40,http://vocab.nerc.ac.uk/collection/Q01/current/Q0100011/,https://vocab.nerc.ac.uk/collection/P06/current/UMIC/,
ARMS_Getxo_G1_20200624_20201103_SF40_s1_r1:Otu393,fieldReplicateID,,ARMS_Getxo_G_20200624_20201103,http://vocab.nerc.ac.uk/collection/P01/current/IDSPRE01,,
ARMS_Getxo_G1_20200624_20201103_SF40_s1_r1:Otu394,submergedTime,day,132,http://vocab.nerc.ac.uk/collection/P01/current/AZDRZZ01/,https://vocab.nerc.ac.uk/collection/P06/current/UTAA/,
ARMS_Getxo_G1_20200624_20201103_SF40_s1_r1:Otu394,preservativeUsed,,DMSO,http://vocab.nerc.ac.uk/collection/Q01/current/Q0100004/,,https://pubchem.ncbi.nlm.nih.gov/compound/679
ARMS_Getxo_G1_20200624_20201103_SF40_s1_r1:Otu394,lowerLimitFilterSize,micrometer,40,http://vocab.nerc.ac.uk/collection/Q01/current/Q0100011/,https://vocab.nerc.ac.uk/collection/P06/current/UMIC/,
ARMS_Getxo_G1_20200624_20201103_SF40_s1_r1:Otu394,fieldReplicateID,,ARMS_Getxo_G_20200624_20201103,http://vocab.nerc.ac.uk/collection/P01/current/IDSPRE01,,
ARMS_Getxo_G1_20200624_20201103_SF40_s1_r1:Otu395,submergedTime,day,132,http://vocab.nerc.ac.uk/collection/P01/current/AZDRZZ01/,https://vocab.nerc.ac.uk/collection/P06/current/UTAA/,
ARMS_Getxo_G1_20200624_20201103_SF40_s1_r1:Otu395,preservativeUsed,,DMSO,http://vocab.nerc.ac.uk/collection/Q01/current/Q0100004/,,https://pubchem.ncbi.nlm.nih.gov/compound/679
ARMS_Getxo_G1_20200624_20201103_SF40_s1_r1:Otu395,lowerLimitFilterSize,micrometer,40,http://vocab.nerc.ac.uk/collection/Q01/current/Q0100011/,https://vocab.nerc.ac.uk/collection/P06/current/UMIC/,
ARMS_Getxo_G1_20200624_20201103_SF40_s1_r1:Otu395,fieldReplicateID,,ARMS_Getxo_G_20200624_20201103,http://vocab.nerc.ac.uk/collection/P01/current/IDSPRE01,,
ARMS_Getxo_G1_20200624_20201103_SF40_s1_r1:Otu396,submergedTime,day,132,http://vocab.nerc.ac.uk/collection/P01/current/AZDRZZ01/,https://vocab.nerc.ac.uk/collection/P06/current/UTAA/,
ARMS_Getxo_G1_20200624_20201103_SF40_s1_r1:Otu396,preservativeUsed,,DMSO,http://vocab.nerc.ac.uk/collection/Q01/current/Q0100004/,,https://pubchem.ncbi.nlm.nih.gov/compound/679
ARMS_Getxo_G1_20200624_20201103_SF40_s1_r1:Otu396,lowerLimitFilterSize,micrometer,40,http://vocab.nerc.ac.uk/collection/Q01/current/Q0100011/,https://vocab.nerc.ac.uk/collection/P06/current/UMIC/,
ARMS_Getxo_G1_20200624_20201103_SF40_s1_r1:Otu396,fieldReplicateID,,ARMS_Getxo_G_20200624_20201103,http://vocab.nerc.ac.uk/collection/P01/current/IDSPRE01,,
ARMS_Getxo_G1_20200624_20201103_SF40_s1_r1:Otu397,submergedTime,day,132,http://vocab.nerc.ac.uk/collection/P01/current/AZDRZZ01/,https://vocab.nerc.ac.uk/collection/P06/current/UTAA/,
ARMS_Getxo_G1_20200624_20201103_SF40_s1_r1:Otu397,preservativeUsed,,DMSO,http://vocab.nerc.ac.uk/collection/Q01/current/Q0100004/,,https://pubchem.ncbi.nlm.nih.gov/compound/679
ARMS_Getxo_G1_20200624_20201103_SF40_s1_r1:Otu397,lowerLimitFilterSize,micrometer,40,http://vocab.nerc.ac.uk/collection/Q01/current/Q0100011/,https://vocab.nerc.ac.uk/collection/P06/current/UMIC/,
ARMS_Getxo_G1_20200624_20201103_SF40_s1_r1:Otu397,fieldReplicateID,,ARMS_Getxo_G_20200624_20201103,http://vocab.nerc.ac.uk/collection/P01/current/IDSPRE01,,
ARMS_Getxo_G1_20200624_20201103_SF40_s1_r1:Otu399,submergedTime,day,132,http://vocab.nerc.ac.uk/collection/P01/current/AZDRZZ01/,https://vocab.nerc.ac.uk/collection/P06/current/UTAA/,
ARMS_Getxo_G1_20200624_20201103_SF40_s1_r1:Otu399,preservativeUsed,,DMSO,http://vocab.nerc.ac.uk/collection/Q01/current/Q0100004/,,https://pubchem.ncbi.nlm.nih.gov/compound/679
ARMS_Getxo_G1_20200624_20201103_SF40_s1_r1:Otu399,lowerLimitFilterSize,micrometer,40,http://vocab.nerc.ac.uk/collection/Q01/current/Q0100011/,https://vocab.nerc.ac.uk/collection/P06/current/UMIC/,
ARMS_Getxo_G1_20200624_20201103_SF40_s1_r1:Otu399,fieldReplicateID,,ARMS_Getxo_G_20200624_20201103,http://vocab.nerc.ac.uk/collection/P01/current/IDSPRE01,,
ARMS_Getxo_G1_20200624_20201103_SF40_s1_r1:Otu248,submergedTime,day,132,http://vocab.nerc.ac.uk/collection/P01/current/AZDRZZ01/,https://vocab.nerc.ac.uk/collection/P06/current/UTAA/,
ARMS_Getxo_G1_20200624_20201103_SF40_s1_r1:Otu248,preservativeUsed,,DMSO,http://vocab.nerc.ac.uk/collection/Q01/current/Q0100004/,,https://pubchem.ncbi.nlm.nih.gov/compound/679
ARMS_Getxo_G1_20200624_20201103_SF40_s1_r1:Otu248,lowerLimitFilterSize,micrometer,40,http://vocab.nerc.ac.uk/collection/Q01/current/Q0100011/,https://vocab.nerc.ac.uk/collection/P06/current/UMIC/,
ARMS_Getxo_G1_20200624_20201103_SF40_s1_r1:Otu248,fieldReplicateID,,ARMS_Getxo_G_20200624_20201103,http://vocab.nerc.ac.uk/collection/P01/current/IDSPRE01,,
ARMS_Getxo_G1_20200624_20201103_SF40_s1_r1:Otu249,submergedTime,day,132,http://vocab.nerc.ac.uk/collection/P01/current/AZDRZZ01/,https://vocab.nerc.ac.uk/collection/P06/current/UTAA/,
ARMS_Getxo_G1_20200624_20201103_SF40_s1_r1:Otu249,preservativeUsed,,DMSO,http://vocab.nerc.ac.uk/collection/Q01/current/Q0100004/,,https://pubchem.ncbi.nlm.nih.gov/compound/679
ARMS_Getxo_G1_20200624_20201103_SF40_s1_r1:Otu249,lowerLimitFilterSize,micrometer,40,http://vocab.nerc.ac.uk/collection/Q01/current/Q0100011/,https://vocab.nerc.ac.uk/collection/P06/current/UMIC/,
ARMS_Getxo_G1_20200624_20201103_SF40_s1_r1:Otu249,fieldReplicateID,,ARMS_Getxo_G_20200624_20201103,http://vocab.nerc.ac.uk/collection/P01/current/IDSPRE01,,
ARMS_Getxo_G1_20200624_20201103_SF40_s1_r1:Otu53,submergedTime,day,132,http://vocab.nerc.ac.uk/collection/P01/current/AZDRZZ01/,https://vocab.nerc.ac.uk/collection/P06/current/UTAA/,
ARMS_Getxo_G1_20200624_20201103_SF40_s1_r1:Otu53,preservativeUsed,,DMSO,http://vocab.nerc.ac.uk/collection/Q01/current/Q0100004/,,https://pubchem.ncbi.nlm.nih.gov/compound/679
ARMS_Getxo_G1_20200624_20201103_SF40_s1_r1:Otu53,lowerLimitFilterSize,micrometer,40,http://vocab.nerc.ac.uk/collection/Q01/current/Q0100011/,https://vocab.nerc.ac.uk/collection/P06/current/UMIC/,
ARMS_Getxo_G1_20200624_20201103_SF40_s1_r1:Otu53,fieldReplicateID,,ARMS_Getxo_G_20200624_20201103,http://vocab.nerc.ac.uk/collection/P01/current/IDSPRE01,,
ARMS_Getxo_G1_20200624_20201103_SF40_s1_r1:Otu361,submergedTime,day,132,http://vocab.nerc.ac.uk/collection/P01/current/AZDRZZ01/,https://vocab.nerc.ac.uk/collection/P06/current/UTAA/,
ARMS_Getxo_G1_20200624_20201103_SF40_s1_r1:Otu361,preservativeUsed,,DMSO,http://vocab.nerc.ac.uk/collection/Q01/current/Q0100004/,,https://pubchem.ncbi.nlm.nih.gov/compound/679
ARMS_Getxo_G1_20200624_20201103_SF40_s1_r1:Otu361,lowerLimitFilterSize,micrometer,40,http://vocab.nerc.ac.uk/collection/Q01/current/Q0100011/,https://vocab.nerc.ac.uk/collection/P06/current/UMIC/,
ARMS_Getxo_G1_20200624_20201103_SF40_s1_r1:Otu361,fieldReplicateID,,ARMS_Getxo_G_20200624_20201103,http://vocab.nerc.ac.uk/collection/P01/current/IDSPRE01,,
ARMS_Getxo_G1_20200624_20201103_SF40_s1_r1:Otu132,submergedTime,day,132,http://vocab.nerc.ac.uk/collection/P01/current/AZDRZZ01/,https://vocab.nerc.ac.uk/collection/P06/current/UTAA/,
ARMS_Getxo_G1_20200624_20201103_SF40_s1_r1:Otu132,preservativeUsed,,DMSO,http://vocab.nerc.ac.uk/collection/Q01/current/Q0100004/,,https://pubchem.ncbi.nlm.nih.gov/compound/679
ARMS_Getxo_G1_20200624_20201103_SF40_s1_r1:Otu132,lowerLimitFilterSize,micrometer,40,http://vocab.nerc.ac.uk/collection/Q01/current/Q0100011/,https://vocab.nerc.ac.uk/collection/P06/current/UMIC/,
ARMS_Getxo_G1_20200624_20201103_SF40_s1_r1:Otu132,fieldReplicateID,,ARMS_Getxo_G_20200624_20201103,http://vocab.nerc.ac.uk/collection/P01/current/IDSPRE01,,
ARMS_Getxo_G1_20200624_20201103_SF40_s1_r1:Otu133,submergedTime,day,132,http://vocab.nerc.ac.uk/collection/P01/current/AZDRZZ01/,https://vocab.nerc.ac.uk/collection/P06/current/UTAA/,
ARMS_Getxo_G1_20200624_20201103_SF40_s1_r1:Otu133,preservativeUsed,,DMSO,http://vocab.nerc.ac.uk/collection/Q01/current/Q0100004/,,https://pubchem.ncbi.nlm.nih.gov/compound/679
ARMS_Getxo_G1_20200624_20201103_SF40_s1_r1:Otu133,lowerLimitFilterSize,micrometer,40,http://vocab.nerc.ac.uk/collection/Q01/current/Q0100011/,https://vocab.nerc.ac.uk/collection/P06/current/UMIC/,
ARMS_Getxo_G1_20200624_20201103_SF40_s1_r1:Otu133,fieldReplicateID,,ARMS_Getxo_G_20200624_20201103,http://vocab.nerc.ac.uk/collection/P01/current/IDSPRE01,,
ARMS_Getxo_G1_20200624_20201103_SF40_s1_r1:Otu134,submergedTime,day,132,http://vocab.nerc.ac.uk/collection/P01/current/AZDRZZ01/,https://vocab.nerc.ac.uk/collection/P06/current/UTAA/,
ARMS_Getxo_G1_20200624_20201103_SF40_s1_r1:Otu134,preservativeUsed,,DMSO,http://vocab.nerc.ac.uk/collection/Q01/current/Q0100004/,,https://pubchem.ncbi.nlm.nih.gov/compound/679
ARMS_Getxo_G1_20200624_20201103_SF40_s1_r1:Otu134,lowerLimitFilterSize,micrometer,40,http://vocab.nerc.ac.uk/collection/Q01/current/Q0100011/,https://vocab.nerc.ac.uk/collection/P06/current/UMIC/,
ARMS_Getxo_G1_20200624_20201103_SF40_s1_r1:Otu134,fieldReplicateID,,ARMS_Getxo_G_20200624_20201103,http://vocab.nerc.ac.uk/collection/P01/current/IDSPRE01,,
ARMS_Getxo_G1_20200624_20201103_SF40_s1_r1:Otu16,submergedTime,day,132,http://vocab.nerc.ac.uk/collection/P01/current/AZDRZZ01/,https://vocab.nerc.ac.uk/collection/P06/current/UTAA/,
ARMS_Getxo_G1_20200624_20201103_SF40_s1_r1:Otu16,preservativeUsed,,DMSO,http://vocab.nerc.ac.uk/collection/Q01/current/Q0100004/,,https://pubchem.ncbi.nlm.nih.gov/compound/679
ARMS_Getxo_G1_20200624_20201103_SF40_s1_r1:Otu16,lowerLimitFilterSize,micrometer,40,http://vocab.nerc.ac.uk/collection/Q01/current/Q0100011/,https://vocab.nerc.ac.uk/collection/P06/current/UMIC/,
ARMS_Getxo_G1_20200624_20201103_SF40_s1_r1:Otu16,fieldReplicateID,,ARMS_Getxo_G_20200624_20201103,http://vocab.nerc.ac.uk/collection/P01/current/IDSPRE01,,
ARMS_Getxo_G1_20200624_20201103_SF40_s1_r1:Otu10,submergedTime,day,132,http://vocab.nerc.ac.uk/collection/P01/current/AZDRZZ01/,https://vocab.nerc.ac.uk/collection/P06/current/UTAA/,
ARMS_Getxo_G1_20200624_20201103_SF40_s1_r1:Otu10,preservativeUsed,,DMSO,http://vocab.nerc.ac.uk/collection/Q01/current/Q0100004/,,https://pubchem.ncbi.nlm.nih.gov/compound/679
ARMS_Getxo_G1_20200624_20201103_SF40_s1_r1:Otu10,lowerLimitFilterSize,micrometer,40,http://vocab.nerc.ac.uk/collection/Q01/current/Q0100011/,https://vocab.nerc.ac.uk/collection/P06/current/UMIC/,
ARMS_Getxo_G1_20200624_20201103_SF40_s1_r1:Otu10,fieldReplicateID,,ARMS_Getxo_G_20200624_20201103,http://vocab.nerc.ac.uk/collection/P01/current/IDSPRE01,,
ARMS_Getxo_G1_20200624_20201103_SF40_s1_r1:Otu11,submergedTime,day,132,http://vocab.nerc.ac.uk/collection/P01/current/AZDRZZ01/,https://vocab.nerc.ac.uk/collection/P06/current/UTAA/,
ARMS_Getxo_G1_20200624_20201103_SF40_s1_r1:Otu11,preservativeUsed,,DMSO,http://vocab.nerc.ac.uk/collection/Q01/current/Q0100004/,,https://pubchem.ncbi.nlm.nih.gov/compound/679
ARMS_Getxo_G1_20200624_20201103_SF40_s1_r1:Otu11,lowerLimitFilterSize,micrometer,40,http://vocab.nerc.ac.uk/collection/Q01/current/Q0100011/,https://vocab.nerc.ac.uk/collection/P06/current/UMIC/,
ARMS_Getxo_G1_20200624_20201103_SF40_s1_r1:Otu11,fieldReplicateID,,ARMS_Getxo_G_20200624_20201103,http://vocab.nerc.ac.uk/collection/P01/current/IDSPRE01,,
ARMS_Getxo_G1_20200624_20201103_SF40_s1_r1:Otu13,submergedTime,day,132,http://vocab.nerc.ac.uk/collection/P01/current/AZDRZZ01/,https://vocab.nerc.ac.uk/collection/P06/current/UTAA/,
ARMS_Getxo_G1_20200624_20201103_SF40_s1_r1:Otu13,preservativeUsed,,DMSO,http://vocab.nerc.ac.uk/collection/Q01/current/Q0100004/,,https://pubchem.ncbi.nlm.nih.gov/compound/679
ARMS_Getxo_G1_20200624_20201103_SF40_s1_r1:Otu13,lowerLimitFilterSize,micrometer,40,http://vocab.nerc.ac.uk/collection/Q01/current/Q0100011/,https://vocab.nerc.ac.uk/collection/P06/current/UMIC/,
ARMS_Getxo_G1_20200624_20201103_SF40_s1_r1:Otu13,fieldReplicateID,,ARMS_Getxo_G_20200624_20201103,http://vocab.nerc.ac.uk/collection/P01/current/IDSPRE01,,
ARMS_Getxo_G1_20200624_20201103_SF40_s1_r1:Otu18,submergedTime,day,132,http://vocab.nerc.ac.uk/collection/P01/current/AZDRZZ01/,https://vocab.nerc.ac.uk/collection/P06/current/UTAA/,
ARMS_Getxo_G1_20200624_20201103_SF40_s1_r1:Otu18,preservativeUsed,,DMSO,http://vocab.nerc.ac.uk/collection/Q01/current/Q0100004/,,https://pubchem.ncbi.nlm.nih.gov/compound/679
ARMS_Getxo_G1_20200624_20201103_SF40_s1_r1:Otu18,lowerLimitFilterSize,micrometer,40,http://vocab.nerc.ac.uk/collection/Q01/current/Q0100011/,https://vocab.nerc.ac.uk/collection/P06/current/UMIC/,
ARMS_Getxo_G1_20200624_20201103_SF40_s1_r1:Otu18,fieldReplicateID,,ARMS_Getxo_G_20200624_20201103,http://vocab.nerc.ac.uk/collection/P01/current/IDSPRE01,,
ARMS_Getxo_G1_20200624_20201103_SF40_s1_r1:Otu19,submergedTime,day,132,http://vocab.nerc.ac.uk/collection/P01/current/AZDRZZ01/,https://vocab.nerc.ac.uk/collection/P06/current/UTAA/,
ARMS_Getxo_G1_20200624_20201103_SF40_s1_r1:Otu19,preservativeUsed,,DMSO,http://vocab.nerc.ac.uk/collection/Q01/current/Q0100004/,,https://pubchem.ncbi.nlm.nih.gov/compound/679
ARMS_Getxo_G1_20200624_20201103_SF40_s1_r1:Otu19,lowerLimitFilterSize,micrometer,40,http://vocab.nerc.ac.uk/collection/Q01/current/Q0100011/,https://vocab.nerc.ac.uk/collection/P06/current/UMIC/,
ARMS_Getxo_G1_20200624_20201103_SF40_s1_r1:Otu19,fieldReplicateID,,ARMS_Getxo_G_20200624_20201103,http://vocab.nerc.ac.uk/collection/P01/current/IDSPRE01,,
ARMS_Getxo_G1_20200624_20201103_SF40_s1_r1:Otu189,submergedTime,day,132,http://vocab.nerc.ac.uk/collection/P01/current/AZDRZZ01/,https://vocab.nerc.ac.uk/collection/P06/current/UTAA/,
ARMS_Getxo_G1_20200624_20201103_SF40_s1_r1:Otu189,preservativeUsed,,DMSO,http://vocab.nerc.ac.uk/collection/Q01/current/Q0100004/,,https://pubchem.ncbi.nlm.nih.gov/compound/679
ARMS_Getxo_G1_20200624_20201103_SF40_s1_r1:Otu189,lowerLimitFilterSize,micrometer,40,http://vocab.nerc.ac.uk/collection/Q01/current/Q0100011/,https://vocab.nerc.ac.uk/collection/P06/current/UMIC/,
ARMS_Getxo_G1_20200624_20201103_SF40_s1_r1:Otu189,fieldReplicateID,,ARMS_Getxo_G_20200624_20201103,http://vocab.nerc.ac.uk/collection/P01/current/IDSPRE01,,
ARMS_Getxo_G1_20200624_20201103_SF40_s1_r1:Otu188,submergedTime,day,132,http://vocab.nerc.ac.uk/collection/P01/current/AZDRZZ01/,https://vocab.nerc.ac.uk/collection/P06/current/UTAA/,
ARMS_Getxo_G1_20200624_20201103_SF40_s1_r1:Otu188,preservativeUsed,,DMSO,http://vocab.nerc.ac.uk/collection/Q01/current/Q0100004/,,https://pubchem.ncbi.nlm.nih.gov/compound/679
ARMS_Getxo_G1_20200624_20201103_SF40_s1_r1:Otu188,lowerLimitFilterSize,micrometer,40,http://vocab.nerc.ac.uk/collection/Q01/current/Q0100011/,https://vocab.nerc.ac.uk/collection/P06/current/UMIC/,
ARMS_Getxo_G1_20200624_20201103_SF40_s1_r1:Otu188,fieldReplicateID,,ARMS_Getxo_G_20200624_20201103,http://vocab.nerc.ac.uk/collection/P01/current/IDSPRE01,,
ARMS_Getxo_G2_20200624_20201103_MF100_s1_r1:Otu29,submergedTime,day,132,http://vocab.nerc.ac.uk/collection/P01/current/AZDRZZ01/,https://vocab.nerc.ac.uk/collection/P06/current/UTAA/,
ARMS_Getxo_G2_20200624_20201103_MF100_s1_r1:Otu29,preservativeUsed,,DMSO,http://vocab.nerc.ac.uk/collection/Q01/current/Q0100004/,,https://pubchem.ncbi.nlm.nih.gov/compound/679
ARMS_Getxo_G2_20200624_20201103_MF100_s1_r1:Otu29,lowerLimitFilterSize,micrometer,100,http://vocab.nerc.ac.uk/collection/Q01/current/Q0100011/,https://vocab.nerc.ac.uk/collection/P06/current/UMIC/,
ARMS_Getxo_G2_20200624_20201103_MF100_s1_r1:Otu29,fieldReplicateID,,ARMS_Getxo_G_20200624_20201103,http://vocab.nerc.ac.uk/collection/P01/current/IDSPRE01,,
ARMS_Getxo_G2_20200624_20201103_MF100_s1_r1:Otu155,submergedTime,day,132,http://vocab.nerc.ac.uk/collection/P01/current/AZDRZZ01/,https://vocab.nerc.ac.uk/collection/P06/current/UTAA/,
ARMS_Getxo_G2_20200624_20201103_MF100_s1_r1:Otu155,preservativeUsed,,DMSO,http://vocab.nerc.ac.uk/collection/Q01/current/Q0100004/,,https://pubchem.ncbi.nlm.nih.gov/compound/679
ARMS_Getxo_G2_20200624_20201103_MF100_s1_r1:Otu155,lowerLimitFilterSize,micrometer,100,http://vocab.nerc.ac.uk/collection/Q01/current/Q0100011/,https://vocab.nerc.ac.uk/collection/P06/current/UMIC/,
ARMS_Getxo_G2_20200624_20201103_MF100_s1_r1:Otu155,fieldReplicateID,,ARMS_Getxo_G_20200624_20201103,http://vocab.nerc.ac.uk/collection/P01/current/IDSPRE01,,
ARMS_Getxo_G2_20200624_20201103_MF100_s1_r1:Otu7,submergedTime,day,132,http://vocab.nerc.ac.uk/collection/P01/current/AZDRZZ01/,https://vocab.nerc.ac.uk/collection/P06/current/UTAA/,
ARMS_Getxo_G2_20200624_20201103_MF100_s1_r1:Otu7,preservativeUsed,,DMSO,http://vocab.nerc.ac.uk/collection/Q01/current/Q0100004/,,https://pubchem.ncbi.nlm.nih.gov/compound/679
ARMS_Getxo_G2_20200624_20201103_MF100_s1_r1:Otu7,lowerLimitFilterSize,micrometer,100,http://vocab.nerc.ac.uk/collection/Q01/current/Q0100011/,https://vocab.nerc.ac.uk/collection/P06/current/UMIC/,
ARMS_Getxo_G2_20200624_20201103_MF100_s1_r1:Otu7,fieldReplicateID,,ARMS_Getxo_G_20200624_20201103,http://vocab.nerc.ac.uk/collection/P01/current/IDSPRE01,,
ARMS_Getxo_G2_20200624_20201103_SF40_s1_r1:Otu385,submergedTime,day,132,http://vocab.nerc.ac.uk/collection/P01/current/AZDRZZ01/,https://vocab.nerc.ac.uk/collection/P06/current/UTAA/,
ARMS_Getxo_G2_20200624_20201103_SF40_s1_r1:Otu385,preservativeUsed,,DMSO,http://vocab.nerc.ac.uk/collection/Q01/current/Q0100004/,,https://pubchem.ncbi.nlm.nih.gov/compound/679
ARMS_Getxo_G2_20200624_20201103_SF40_s1_r1:Otu385,lowerLimitFilterSize,micrometer,40,http://vocab.nerc.ac.uk/collection/Q01/current/Q0100011/,https://vocab.nerc.ac.uk/collection/P06/current/UMIC/,
ARMS_Getxo_G2_20200624_20201103_SF40_s1_r1:Otu385,fieldReplicateID,,ARMS_Getxo_G_20200624_20201103,http://vocab.nerc.ac.uk/collection/P01/current/IDSPRE01,,
ARMS_Getxo_G2_20200624_20201103_SF40_s1_r1:Otu251,submergedTime,day,132,http://vocab.nerc.ac.uk/collection/P01/current/AZDRZZ01/,https://vocab.nerc.ac.uk/collection/P06/current/UTAA/,
ARMS_Getxo_G2_20200624_20201103_SF40_s1_r1:Otu251,preservativeUsed,,DMSO,http://vocab.nerc.ac.uk/collection/Q01/current/Q0100004/,,https://pubchem.ncbi.nlm.nih.gov/compound/679
ARMS_Getxo_G2_20200624_20201103_SF40_s1_r1:Otu251,lowerLimitFilterSize,micrometer,40,http://vocab.nerc.ac.uk/collection/Q01/current/Q0100011/,https://vocab.nerc.ac.uk/collection/P06/current/UMIC/,
ARMS_Getxo_G2_20200624_20201103_SF40_s1_r1:Otu251,fieldReplicateID,,ARMS_Getxo_G_20200624_20201103,http://vocab.nerc.ac.uk/collection/P01/current/IDSPRE01,,
ARMS_Getxo_G2_20200624_20201103_SF40_s1_r1:Otu257,submergedTime,day,132,http://vocab.nerc.ac.uk/collection/P01/current/AZDRZZ01/,https://vocab.nerc.ac.uk/collection/P06/current/UTAA/,
ARMS_Getxo_G2_20200624_20201103_SF40_s1_r1:Otu257,preservativeUsed,,DMSO,http://vocab.nerc.ac.uk/collection/Q01/current/Q0100004/,,https://pubchem.ncbi.nlm.nih.gov/compound/679
ARMS_Getxo_G2_20200624_20201103_SF40_s1_r1:Otu257,lowerLimitFilterSize,micrometer,40,http://vocab.nerc.ac.uk/collection/Q01/current/Q0100011/,https://vocab.nerc.ac.uk/collection/P06/current/UMIC/,
ARMS_Getxo_G2_20200624_20201103_SF40_s1_r1:Otu257,fieldReplicateID,,ARMS_Getxo_G_20200624_20201103,http://vocab.nerc.ac.uk/collection/P01/current/IDSPRE01,,
ARMS_Getxo_G2_20200624_20201103_SF40_s1_r1:Otu258,submergedTime,day,132,http://vocab.nerc.ac.uk/collection/P01/current/AZDRZZ01/,https://vocab.nerc.ac.uk/collection/P06/current/UTAA/,
ARMS_Getxo_G2_20200624_20201103_SF40_s1_r1:Otu258,preservativeUsed,,DMSO,http://vocab.nerc.ac.uk/collection/Q01/current/Q0100004/,,https://pubchem.ncbi.nlm.nih.gov/compound/679
ARMS_Getxo_G2_20200624_20201103_SF40_s1_r1:Otu258,lowerLimitFilterSize,micrometer,40,http://vocab.nerc.ac.uk/collection/Q01/current/Q0100011/,https://vocab.nerc.ac.uk/collection/P06/current/UMIC/,
ARMS_Getxo_G2_20200624_20201103_SF40_s1_r1:Otu258,fieldReplicateID,,ARMS_Getxo_G_20200624_20201103,http://vocab.nerc.ac.uk/collection/P01/current/IDSPRE01,,
ARMS_Getxo_G2_20200624_20201103_SF40_s1_r1:Otu28,submergedTime,day,132,http://vocab.nerc.ac.uk/collection/P01/current/AZDRZZ01/,https://vocab.nerc.ac.uk/collection/P06/current/UTAA/,
ARMS_Getxo_G2_20200624_20201103_SF40_s1_r1:Otu28,preservativeUsed,,DMSO,http://vocab.nerc.ac.uk/collection/Q01/current/Q0100004/,,https://pubchem.ncbi.nlm.nih.gov/compound/679
ARMS_Getxo_G2_20200624_20201103_SF40_s1_r1:Otu28,lowerLimitFilterSize,micrometer,40,http://vocab.nerc.ac.uk/collection/Q01/current/Q0100011/,https://vocab.nerc.ac.uk/collection/P06/current/UMIC/,
ARMS_Getxo_G2_20200624_20201103_SF40_s1_r1:Otu28,fieldReplicateID,,ARMS_Getxo_G_20200624_20201103,http://vocab.nerc.ac.uk/collection/P01/current/IDSPRE01,,
ARMS_Getxo_G2_20200624_20201103_SF40_s1_r1:Otu176,submergedTime,day,132,http://vocab.nerc.ac.uk/collection/P01/current/AZDRZZ01/,https://vocab.nerc.ac.uk/collection/P06/current/UTAA/,
ARMS_Getxo_G2_20200624_20201103_SF40_s1_r1:Otu176,preservativeUsed,,DMSO,http://vocab.nerc.ac.uk/collection/Q01/current/Q0100004/,,https://pubchem.ncbi.nlm.nih.gov/compound/679
ARMS_Getxo_G2_20200624_20201103_SF40_s1_r1:Otu176,lowerLimitFilterSize,micrometer,40,http://vocab.nerc.ac.uk/collection/Q01/current/Q0100011/,https://vocab.nerc.ac.uk/collection/P06/current/UMIC/,
ARMS_Getxo_G2_20200624_20201103_SF40_s1_r1:Otu176,fieldReplicateID,,ARMS_Getxo_G_20200624_20201103,http://vocab.nerc.ac.uk/collection/P01/current/IDSPRE01,,
ARMS_Getxo_G2_20200624_20201103_SF40_s1_r1:Otu513,submergedTime,day,132,http://vocab.nerc.ac.uk/collection/P01/current/AZDRZZ01/,https://vocab.nerc.ac.uk/collection/P06/current/UTAA/,
ARMS_Getxo_G2_20200624_20201103_SF40_s1_r1:Otu513,preservativeUsed,,DMSO,http://vocab.nerc.ac.uk/collection/Q01/current/Q0100004/,,https://pubchem.ncbi.nlm.nih.gov/compound/679
ARMS_Getxo_G2_20200624_20201103_SF40_s1_r1:Otu513,lowerLimitFilterSize,micrometer,40,http://vocab.nerc.ac.uk/collection/Q01/current/Q0100011/,https://vocab.nerc.ac.uk/collection/P06/current/UMIC/,
ARMS_Getxo_G2_20200624_20201103_SF40_s1_r1:Otu513,fieldReplicateID,,ARMS_Getxo_G_20200624_20201103,http://vocab.nerc.ac.uk/collection/P01/current/IDSPRE01,,
ARMS_Getxo_G2_20200624_20201103_SF40_s1_r1:Otu515,submergedTime,day,132,http://vocab.nerc.ac.uk/collection/P01/current/AZDRZZ01/,https://vocab.nerc.ac.uk/collection/P06/current/UTAA/,
ARMS_Getxo_G2_20200624_20201103_SF40_s1_r1:Otu515,preservativeUsed,,DMSO,http://vocab.nerc.ac.uk/collection/Q01/current/Q0100004/,,https://pubchem.ncbi.nlm.nih.gov/compound/679
ARMS_Getxo_G2_20200624_20201103_SF40_s1_r1:Otu515,lowerLimitFilterSize,micrometer,40,http://vocab.nerc.ac.uk/collection/Q01/current/Q0100011/,https://vocab.nerc.ac.uk/collection/P06/current/UMIC/,
ARMS_Getxo_G2_20200624_20201103_SF40_s1_r1:Otu515,fieldReplicateID,,ARMS_Getxo_G_20200624_20201103,http://vocab.nerc.ac.uk/collection/P01/current/IDSPRE01,,
ARMS_Getxo_G2_20200624_20201103_SF40_s1_r1:Otu124,submergedTime,day,132,http://vocab.nerc.ac.uk/collection/P01/current/AZDRZZ01/,https://vocab.nerc.ac.uk/collection/P06/current/UTAA/,
ARMS_Getxo_G2_20200624_20201103_SF40_s1_r1:Otu124,preservativeUsed,,DMSO,http://vocab.nerc.ac.uk/collection/Q01/current/Q0100004/,,https://pubchem.ncbi.nlm.nih.gov/compound/679
ARMS_Getxo_G2_20200624_20201103_SF40_s1_r1:Otu124,lowerLimitFilterSize,micrometer,40,http://vocab.nerc.ac.uk/collection/Q01/current/Q0100011/,https://vocab.nerc.ac.uk/collection/P06/current/UMIC/,
ARMS_Getxo_G2_20200624_20201103_SF40_s1_r1:Otu124,fieldReplicateID,,ARMS_Getxo_G_20200624_20201103,http://vocab.nerc.ac.uk/collection/P01/current/IDSPRE01,,
ARMS_Getxo_G2_20200624_20201103_SF40_s1_r1:Otu61,submergedTime,day,132,http://vocab.nerc.ac.uk/collection/P01/current/AZDRZZ01/,https://vocab.nerc.ac.uk/collection/P06/current/UTAA/,
ARMS_Getxo_G2_20200624_20201103_SF40_s1_r1:Otu61,preservativeUsed,,DMSO,http://vocab.nerc.ac.uk/collection/Q01/current/Q0100004/,,https://pubchem.ncbi.nlm.nih.gov/compound/679
ARMS_Getxo_G2_20200624_20201103_SF40_s1_r1:Otu61,lowerLimitFilterSize,micrometer,40,http://vocab.nerc.ac.uk/collection/Q01/current/Q0100011/,https://vocab.nerc.ac.uk/collection/P06/current/UMIC/,
ARMS_Getxo_G2_20200624_20201103_SF40_s1_r1:Otu61,fieldReplicateID,,ARMS_Getxo_G_20200624_20201103,http://vocab.nerc.ac.uk/collection/P01/current/IDSPRE01,,
ARMS_Getxo_G2_20200624_20201103_SF40_s1_r1:Otu468,submergedTime,day,132,http://vocab.nerc.ac.uk/collection/P01/current/AZDRZZ01/,https://vocab.nerc.ac.uk/collection/P06/current/UTAA/,
ARMS_Getxo_G2_20200624_20201103_SF40_s1_r1:Otu468,preservativeUsed,,DMSO,http://vocab.nerc.ac.uk/collection/Q01/current/Q0100004/,,https://pubchem.ncbi.nlm.nih.gov/compound/679
ARMS_Getxo_G2_20200624_20201103_SF40_s1_r1:Otu468,lowerLimitFilterSize,micrometer,40,http://vocab.nerc.ac.uk/collection/Q01/current/Q0100011/,https://vocab.nerc.ac.uk/collection/P06/current/UMIC/,
ARMS_Getxo_G2_20200624_20201103_SF40_s1_r1:Otu468,fieldReplicateID,,ARMS_Getxo_G_20200624_20201103,http://vocab.nerc.ac.uk/collection/P01/current/IDSPRE01,,
ARMS_Getxo_G2_20200624_20201103_SF40_s1_r1:Otu116,submergedTime,day,132,http://vocab.nerc.ac.uk/collection/P01/current/AZDRZZ01/,https://vocab.nerc.ac.uk/collection/P06/current/UTAA/,
ARMS_Getxo_G2_20200624_20201103_SF40_s1_r1:Otu116,preservativeUsed,,DMSO,http://vocab.nerc.ac.uk/collection/Q01/current/Q0100004/,,https://pubchem.ncbi.nlm.nih.gov/compound/679
ARMS_Getxo_G2_20200624_20201103_SF40_s1_r1:Otu116,lowerLimitFilterSize,micrometer,40,http://vocab.nerc.ac.uk/collection/Q01/current/Q0100011/,https://vocab.nerc.ac.uk/collection/P06/current/UMIC/,
ARMS_Getxo_G2_20200624_20201103_SF40_s1_r1:Otu116,fieldReplicateID,,ARMS_Getxo_G_20200624_20201103,http://vocab.nerc.ac.uk/collection/P01/current/IDSPRE01,,
ARMS_Getxo_G2_20200624_20201103_SF40_s1_r1:Otu36,submergedTime,day,132,http://vocab.nerc.ac.uk/collection/P01/current/AZDRZZ01/,https://vocab.nerc.ac.uk/collection/P06/current/UTAA/,
ARMS_Getxo_G2_20200624_20201103_SF40_s1_r1:Otu36,preservativeUsed,,DMSO,http://vocab.nerc.ac.uk/collection/Q01/current/Q0100004/,,https://pubchem.ncbi.nlm.nih.gov/compound/679
ARMS_Getxo_G2_20200624_20201103_SF40_s1_r1:Otu36,lowerLimitFilterSize,micrometer,40,http://vocab.nerc.ac.uk/collection/Q01/current/Q0100011/,https://vocab.nerc.ac.uk/collection/P06/current/UMIC/,
ARMS_Getxo_G2_20200624_20201103_SF40_s1_r1:Otu36,fieldReplicateID,,ARMS_Getxo_G_20200624_20201103,http://vocab.nerc.ac.uk/collection/P01/current/IDSPRE01,,
ARMS_Getxo_G2_20200624_20201103_SF40_s1_r1:Otu33,submergedTime,day,132,http://vocab.nerc.ac.uk/collection/P01/current/AZDRZZ01/,https://vocab.nerc.ac.uk/collection/P06/current/UTAA/,
ARMS_Getxo_G2_20200624_20201103_SF40_s1_r1:Otu33,preservativeUsed,,DMSO,http://vocab.nerc.ac.uk/collection/Q01/current/Q0100004/,,https://pubchem.ncbi.nlm.nih.gov/compound/679
ARMS_Getxo_G2_20200624_20201103_SF40_s1_r1:Otu33,lowerLimitFilterSize,micrometer,40,http://vocab.nerc.ac.uk/collection/Q01/current/Q0100011/,https://vocab.nerc.ac.uk/collection/P06/current/UMIC/,
ARMS_Getxo_G2_20200624_20201103_SF40_s1_r1:Otu33,fieldReplicateID,,ARMS_Getxo_G_20200624_20201103,http://vocab.nerc.ac.uk/collection/P01/current/IDSPRE01,,
ARMS_Getxo_G2_20200624_20201103_SF40_s1_r1:Otu31,submergedTime,day,132,http://vocab.nerc.ac.uk/collection/P01/current/AZDRZZ01/,https://vocab.nerc.ac.uk/collection/P06/current/UTAA/,
ARMS_Getxo_G2_20200624_20201103_SF40_s1_r1:Otu31,preservativeUsed,,DMSO,http://vocab.nerc.ac.uk/collection/Q01/current/Q0100004/,,https://pubchem.ncbi.nlm.nih.gov/compound/679
ARMS_Getxo_G2_20200624_20201103_SF40_s1_r1:Otu31,lowerLimitFilterSize,micrometer,40,http://vocab.nerc.ac.uk/collection/Q01/current/Q0100011/,https://vocab.nerc.ac.uk/collection/P06/current/UMIC/,
ARMS_Getxo_G2_20200624_20201103_SF40_s1_r1:Otu31,fieldReplicateID,,ARMS_Getxo_G_20200624_20201103,http://vocab.nerc.ac.uk/collection/P01/current/IDSPRE01,,
ARMS_Getxo_G2_20200624_20201103_SF40_s1_r1:Otu162,submergedTime,day,132,http://vocab.nerc.ac.uk/collection/P01/current/AZDRZZ01/,https://vocab.nerc.ac.uk/collection/P06/current/UTAA/,
ARMS_Getxo_G2_20200624_20201103_SF40_s1_r1:Otu162,preservativeUsed,,DMSO,http://vocab.nerc.ac.uk/collection/Q01/current/Q0100004/,,https://pubchem.ncbi.nlm.nih.gov/compound/679
ARMS_Getxo_G2_20200624_20201103_SF40_s1_r1:Otu162,lowerLimitFilterSize,micrometer,40,http://vocab.nerc.ac.uk/collection/Q01/current/Q0100011/,https://vocab.nerc.ac.uk/collection/P06/current/UMIC/,
ARMS_Getxo_G2_20200624_20201103_SF40_s1_r1:Otu162,fieldReplicateID,,ARMS_Getxo_G_20200624_20201103,http://vocab.nerc.ac.uk/collection/P01/current/IDSPRE01,,
ARMS_Getxo_G2_20200624_20201103_SF40_s1_r1:Otu161,submergedTime,day,132,http://vocab.nerc.ac.uk/collection/P01/current/AZDRZZ01/,https://vocab.nerc.ac.uk/collection/P06/current/UTAA/,
ARMS_Getxo_G2_20200624_20201103_SF40_s1_r1:Otu161,preservativeUsed,,DMSO,http://vocab.nerc.ac.uk/collection/Q01/current/Q0100004/,,https://pubchem.ncbi.nlm.nih.gov/compound/679
ARMS_Getxo_G2_20200624_20201103_SF40_s1_r1:Otu161,lowerLimitFilterSize,micrometer,40,http://vocab.nerc.ac.uk/collection/Q01/current/Q0100011/,https://vocab.nerc.ac.uk/collection/P06/current/UMIC/,
ARMS_Getxo_G2_20200624_20201103_SF40_s1_r1:Otu161,fieldReplicateID,,ARMS_Getxo_G_20200624_20201103,http://vocab.nerc.ac.uk/collection/P01/current/IDSPRE01,,
ARMS_Getxo_G2_20200624_20201103_SF40_s1_r1:Otu500,submergedTime,day,132,http://vocab.nerc.ac.uk/collection/P01/current/AZDRZZ01/,https://vocab.nerc.ac.uk/collection/P06/current/UTAA/,
ARMS_Getxo_G2_20200624_20201103_SF40_s1_r1:Otu500,preservativeUsed,,DMSO,http://vocab.nerc.ac.uk/collection/Q01/current/Q0100004/,,https://pubchem.ncbi.nlm.nih.gov/compound/679
ARMS_Getxo_G2_20200624_20201103_SF40_s1_r1:Otu500,lowerLimitFilterSize,micrometer,40,http://vocab.nerc.ac.uk/collection/Q01/current/Q0100011/,https://vocab.nerc.ac.uk/collection/P06/current/UMIC/,
ARMS_Getxo_G2_20200624_20201103_SF40_s1_r1:Otu500,fieldReplicateID,,ARMS_Getxo_G_20200624_20201103,http://vocab.nerc.ac.uk/collection/P01/current/IDSPRE01,,
ARMS_Getxo_G2_20200624_20201103_SF40_s1_r1:Otu347,submergedTime,day,132,http://vocab.nerc.ac.uk/collection/P01/current/AZDRZZ01/,https://vocab.nerc.ac.uk/collection/P06/current/UTAA/,
ARMS_Getxo_G2_20200624_20201103_SF40_s1_r1:Otu347,preservativeUsed,,DMSO,http://vocab.nerc.ac.uk/collection/Q01/current/Q0100004/,,https://pubchem.ncbi.nlm.nih.gov/compound/679
ARMS_Getxo_G2_20200624_20201103_SF40_s1_r1:Otu347,lowerLimitFilterSize,micrometer,40,http://vocab.nerc.ac.uk/collection/Q01/current/Q0100011/,https://vocab.nerc.ac.uk/collection/P06/current/UMIC/,
ARMS_Getxo_G2_20200624_20201103_SF40_s1_r1:Otu347,fieldReplicateID,,ARMS_Getxo_G_20200624_20201103,http://vocab.nerc.ac.uk/collection/P01/current/IDSPRE01,,
ARMS_Getxo_G2_20200624_20201103_SF40_s1_r1:Otu344,submergedTime,day,132,http://vocab.nerc.ac.uk/collection/P01/current/AZDRZZ01/,https://vocab.nerc.ac.uk/collection/P06/current/UTAA/,
ARMS_Getxo_G2_20200624_20201103_SF40_s1_r1:Otu344,preservativeUsed,,DMSO,http://vocab.nerc.ac.uk/collection/Q01/current/Q0100004/,,https://pubchem.ncbi.nlm.nih.gov/compound/679
ARMS_Getxo_G2_20200624_20201103_SF40_s1_r1:Otu344,lowerLimitFilterSize,micrometer,40,http://vocab.nerc.ac.uk/collection/Q01/current/Q0100011/,https://vocab.nerc.ac.uk/collection/P06/current/UMIC/,
ARMS_Getxo_G2_20200624_20201103_SF40_s1_r1:Otu344,fieldReplicateID,,ARMS_Getxo_G_20200624_20201103,http://vocab.nerc.ac.uk/collection/P01/current/IDSPRE01,,
ARMS_Getxo_G2_20200624_20201103_SF40_s1_r1:Otu151,submergedTime,day,132,http://vocab.nerc.ac.uk/collection/P01/current/AZDRZZ01/,https://vocab.nerc.ac.uk/collection/P06/current/UTAA/,
ARMS_Getxo_G2_20200624_20201103_SF40_s1_r1:Otu151,preservativeUsed,,DMSO,http://vocab.nerc.ac.uk/collection/Q01/current/Q0100004/,,https://pubchem.ncbi.nlm.nih.gov/compound/679
ARMS_Getxo_G2_20200624_20201103_SF40_s1_r1:Otu151,lowerLimitFilterSize,micrometer,40,http://vocab.nerc.ac.uk/collection/Q01/current/Q0100011/,https://vocab.nerc.ac.uk/collection/P06/current/UMIC/,
ARMS_Getxo_G2_20200624_20201103_SF40_s1_r1:Otu151,fieldReplicateID,,ARMS_Getxo_G_20200624_20201103,http://vocab.nerc.ac.uk/collection/P01/current/IDSPRE01,,
ARMS_Getxo_G2_20200624_20201103_SF40_s1_r1:Otu72,submergedTime,day,132,http://vocab.nerc.ac.uk/collection/P01/current/AZDRZZ01/,https://vocab.nerc.ac.uk/collection/P06/current/UTAA/,
ARMS_Getxo_G2_20200624_20201103_SF40_s1_r1:Otu72,preservativeUsed,,DMSO,http://vocab.nerc.ac.uk/collection/Q01/current/Q0100004/,,https://pubchem.ncbi.nlm.nih.gov/compound/679
ARMS_Getxo_G2_20200624_20201103_SF40_s1_r1:Otu72,lowerLimitFilterSize,micrometer,40,http://vocab.nerc.ac.uk/collection/Q01/current/Q0100011/,https://vocab.nerc.ac.uk/collection/P06/current/UMIC/,
ARMS_Getxo_G2_20200624_20201103_SF40_s1_r1:Otu72,fieldReplicateID,,ARMS_Getxo_G_20200624_20201103,http://vocab.nerc.ac.uk/collection/P01/current/IDSPRE01,,
ARMS_Getxo_G2_20200624_20201103_SF40_s1_r1:Otu78,submergedTime,day,132,http://vocab.nerc.ac.uk/collection/P01/current/AZDRZZ01/,https://vocab.nerc.ac.uk/collection/P06/current/UTAA/,
ARMS_Getxo_G2_20200624_20201103_SF40_s1_r1:Otu78,preservativeUsed,,DMSO,http://vocab.nerc.ac.uk/collection/Q01/current/Q0100004/,,https://pubchem.ncbi.nlm.nih.gov/compound/679
ARMS_Getxo_G2_20200624_20201103_SF40_s1_r1:Otu78,lowerLimitFilterSize,micrometer,40,http://vocab.nerc.ac.uk/collection/Q01/current/Q0100011/,https://vocab.nerc.ac.uk/collection/P06/current/UMIC/,
ARMS_Getxo_G2_20200624_20201103_SF40_s1_r1:Otu78,fieldReplicateID,,ARMS_Getxo_G_20200624_20201103,http://vocab.nerc.ac.uk/collection/P01/current/IDSPRE01,,
ARMS_Getxo_G2_20200624_20201103_SF40_s1_r1:Otu235,submergedTime,day,132,http://vocab.nerc.ac.uk/collection/P01/current/AZDRZZ01/,https://vocab.nerc.ac.uk/collection/P06/current/UTAA/,
ARMS_Getxo_G2_20200624_20201103_SF40_s1_r1:Otu235,preservativeUsed,,DMSO,http://vocab.nerc.ac.uk/collection/Q01/current/Q0100004/,,https://pubchem.ncbi.nlm.nih.gov/compound/679
ARMS_Getxo_G2_20200624_20201103_SF40_s1_r1:Otu235,lowerLimitFilterSize,micrometer,40,http://vocab.nerc.ac.uk/collection/Q01/current/Q0100011/,https://vocab.nerc.ac.uk/collection/P06/current/UMIC/,
ARMS_Getxo_G2_20200624_20201103_SF40_s1_r1:Otu235,fieldReplicateID,,ARMS_Getxo_G_20200624_20201103,http://vocab.nerc.ac.uk/collection/P01/current/IDSPRE01,,
ARMS_Getxo_G2_20200624_20201103_SF40_s1_r1:Otu9,submergedTime,day,132,http://vocab.nerc.ac.uk/collection/P01/current/AZDRZZ01/,https://vocab.nerc.ac.uk/collection/P06/current/UTAA/,
ARMS_Getxo_G2_20200624_20201103_SF40_s1_r1:Otu9,preservativeUsed,,DMSO,http://vocab.nerc.ac.uk/collection/Q01/current/Q0100004/,,https://pubchem.ncbi.nlm.nih.gov/compound/679
ARMS_Getxo_G2_20200624_20201103_SF40_s1_r1:Otu9,lowerLimitFilterSize,micrometer,40,http://vocab.nerc.ac.uk/collection/Q01/current/Q0100011/,https://vocab.nerc.ac.uk/collection/P06/current/UMIC/,
ARMS_Getxo_G2_20200624_20201103_SF40_s1_r1:Otu9,fieldReplicateID,,ARMS_Getxo_G_20200624_20201103,http://vocab.nerc.ac.uk/collection/P01/current/IDSPRE01,,
ARMS_Getxo_G2_20200624_20201103_SF40_s1_r1:Otu7,submergedTime,day,132,http://vocab.nerc.ac.uk/collection/P01/current/AZDRZZ01/,https://vocab.nerc.ac.uk/collection/P06/current/UTAA/,
ARMS_Getxo_G2_20200624_20201103_SF40_s1_r1:Otu7,preservativeUsed,,DMSO,http://vocab.nerc.ac.uk/collection/Q01/current/Q0100004/,,https://pubchem.ncbi.nlm.nih.gov/compound/679
ARMS_Getxo_G2_20200624_20201103_SF40_s1_r1:Otu7,lowerLimitFilterSize,micrometer,40,http://vocab.nerc.ac.uk/collection/Q01/current/Q0100011/,https://vocab.nerc.ac.uk/collection/P06/current/UMIC/,
ARMS_Getxo_G2_20200624_20201103_SF40_s1_r1:Otu7,fieldReplicateID,,ARMS_Getxo_G_20200624_20201103,http://vocab.nerc.ac.uk/collection/P01/current/IDSPRE01,,
ARMS_Getxo_G2_20200624_20201103_SF40_s1_r1:Otu2,submergedTime,day,132,http://vocab.nerc.ac.uk/collection/P01/current/AZDRZZ01/,https://vocab.nerc.ac.uk/collection/P06/current/UTAA/,
ARMS_Getxo_G2_20200624_20201103_SF40_s1_r1:Otu2,preservativeUsed,,DMSO,http://vocab.nerc.ac.uk/collection/Q01/current/Q0100004/,,https://pubchem.ncbi.nlm.nih.gov/compound/679
ARMS_Getxo_G2_20200624_20201103_SF40_s1_r1:Otu2,lowerLimitFilterSize,micrometer,40,http://vocab.nerc.ac.uk/collection/Q01/current/Q0100011/,https://vocab.nerc.ac.uk/collection/P06/current/UMIC/,
ARMS_Getxo_G2_20200624_20201103_SF40_s1_r1:Otu2,fieldReplicateID,,ARMS_Getxo_G_20200624_20201103,http://vocab.nerc.ac.uk/collection/P01/current/IDSPRE01,,
ARMS_Getxo_G2_20200624_20201103_SF40_s1_r1:Otu3,submergedTime,day,132,http://vocab.nerc.ac.uk/collection/P01/current/AZDRZZ01/,https://vocab.nerc.ac.uk/collection/P06/current/UTAA/,
ARMS_Getxo_G2_20200624_20201103_SF40_s1_r1:Otu3,preservativeUsed,,DMSO,http://vocab.nerc.ac.uk/collection/Q01/current/Q0100004/,,https://pubchem.ncbi.nlm.nih.gov/compound/679
ARMS_Getxo_G2_20200624_20201103_SF40_s1_r1:Otu3,lowerLimitFilterSize,micrometer,40,http://vocab.nerc.ac.uk/collection/Q01/current/Q0100011/,https://vocab.nerc.ac.uk/collection/P06/current/UMIC/,
ARMS_Getxo_G2_20200624_20201103_SF40_s1_r1:Otu3,fieldReplicateID,,ARMS_Getxo_G_20200624_20201103,http://vocab.nerc.ac.uk/collection/P01/current/IDSPRE01,,
ARMS_Getxo_G2_20200624_20201103_SF40_s1_r1:Otu52,submergedTime,day,132,http://vocab.nerc.ac.uk/collection/P01/current/AZDRZZ01/,https://vocab.nerc.ac.uk/collection/P06/current/UTAA/,
ARMS_Getxo_G2_20200624_20201103_SF40_s1_r1:Otu52,preservativeUsed,,DMSO,http://vocab.nerc.ac.uk/collection/Q01/current/Q0100004/,,https://pubchem.ncbi.nlm.nih.gov/compound/679
ARMS_Getxo_G2_20200624_20201103_SF40_s1_r1:Otu52,lowerLimitFilterSize,micrometer,40,http://vocab.nerc.ac.uk/collection/Q01/current/Q0100011/,https://vocab.nerc.ac.uk/collection/P06/current/UMIC/,
ARMS_Getxo_G2_20200624_20201103_SF40_s1_r1:Otu52,fieldReplicateID,,ARMS_Getxo_G_20200624_20201103,http://vocab.nerc.ac.uk/collection/P01/current/IDSPRE01,,
ARMS_Getxo_G2_20200624_20201103_SF40_s1_r1:Otu209,submergedTime,day,132,http://vocab.nerc.ac.uk/collection/P01/current/AZDRZZ01/,https://vocab.nerc.ac.uk/collection/P06/current/UTAA/,
ARMS_Getxo_G2_20200624_20201103_SF40_s1_r1:Otu209,preservativeUsed,,DMSO,http://vocab.nerc.ac.uk/collection/Q01/current/Q0100004/,,https://pubchem.ncbi.nlm.nih.gov/compound/679
ARMS_Getxo_G2_20200624_20201103_SF40_s1_r1:Otu209,lowerLimitFilterSize,micrometer,40,http://vocab.nerc.ac.uk/collection/Q01/current/Q0100011/,https://vocab.nerc.ac.uk/collection/P06/current/UMIC/,
ARMS_Getxo_G2_20200624_20201103_SF40_s1_r1:Otu209,fieldReplicateID,,ARMS_Getxo_G_20200624_20201103,http://vocab.nerc.ac.uk/collection/P01/current/IDSPRE01,,
ARMS_Getxo_G2_20200624_20201103_SF40_s1_r1:Otu105,submergedTime,day,132,http://vocab.nerc.ac.uk/collection/P01/current/AZDRZZ01/,https://vocab.nerc.ac.uk/collection/P06/current/UTAA/,
ARMS_Getxo_G2_20200624_20201103_SF40_s1_r1:Otu105,preservativeUsed,,DMSO,http://vocab.nerc.ac.uk/collection/Q01/current/Q0100004/,,https://pubchem.ncbi.nlm.nih.gov/compound/679
ARMS_Getxo_G2_20200624_20201103_SF40_s1_r1:Otu105,lowerLimitFilterSize,micrometer,40,http://vocab.nerc.ac.uk/collection/Q01/current/Q0100011/,https://vocab.nerc.ac.uk/collection/P06/current/UMIC/,
ARMS_Getxo_G2_20200624_20201103_SF40_s1_r1:Otu105,fieldReplicateID,,ARMS_Getxo_G_20200624_20201103,http://vocab.nerc.ac.uk/collection/P01/current/IDSPRE01,,
ARMS_Getxo_G2_20200624_20201103_SF40_s1_r1:Otu295,submergedTime,day,132,http://vocab.nerc.ac.uk/collection/P01/current/AZDRZZ01/,https://vocab.nerc.ac.uk/collection/P06/current/UTAA/,
ARMS_Getxo_G2_20200624_20201103_SF40_s1_r1:Otu295,preservativeUsed,,DMSO,http://vocab.nerc.ac.uk/collection/Q01/current/Q0100004/,,https://pubchem.ncbi.nlm.nih.gov/compound/679
ARMS_Getxo_G2_20200624_20201103_SF40_s1_r1:Otu295,lowerLimitFilterSize,micrometer,40,http://vocab.nerc.ac.uk/collection/Q01/current/Q0100011/,https://vocab.nerc.ac.uk/collection/P06/current/UMIC/,
ARMS_Getxo_G2_20200624_20201103_SF40_s1_r1:Otu295,fieldReplicateID,,ARMS_Getxo_G_20200624_20201103,http://vocab.nerc.ac.uk/collection/P01/current/IDSPRE01,,
ARMS_Getxo_G2_20200624_20201103_SF40_s1_r1:Otu294,submergedTime,day,132,http://vocab.nerc.ac.uk/collection/P01/current/AZDRZZ01/,https://vocab.nerc.ac.uk/collection/P06/current/UTAA/,
ARMS_Getxo_G2_20200624_20201103_SF40_s1_r1:Otu294,preservativeUsed,,DMSO,http://vocab.nerc.ac.uk/collection/Q01/current/Q0100004/,,https://pubchem.ncbi.nlm.nih.gov/compound/679
ARMS_Getxo_G2_20200624_20201103_SF40_s1_r1:Otu294,lowerLimitFilterSize,micrometer,40,http://vocab.nerc.ac.uk/collection/Q01/current/Q0100011/,https://vocab.nerc.ac.uk/collection/P06/current/UMIC/,
ARMS_Getxo_G2_20200624_20201103_SF40_s1_r1:Otu294,fieldReplicateID,,ARMS_Getxo_G_20200624_20201103,http://vocab.nerc.ac.uk/collection/P01/current/IDSPRE01,,
ARMS_Getxo_G2_20200624_20201103_SF40_s1_r1:Otu296,submergedTime,day,132,http://vocab.nerc.ac.uk/collection/P01/current/AZDRZZ01/,https://vocab.nerc.ac.uk/collection/P06/current/UTAA/,
ARMS_Getxo_G2_20200624_20201103_SF40_s1_r1:Otu296,preservativeUsed,,DMSO,http://vocab.nerc.ac.uk/collection/Q01/current/Q0100004/,,https://pubchem.ncbi.nlm.nih.gov/compound/679
ARMS_Getxo_G2_20200624_20201103_SF40_s1_r1:Otu296,lowerLimitFilterSize,micrometer,40,http://vocab.nerc.ac.uk/collection/Q01/current/Q0100011/,https://vocab.nerc.ac.uk/collection/P06/current/UMIC/,
ARMS_Getxo_G2_20200624_20201103_SF40_s1_r1:Otu296,fieldReplicateID,,ARMS_Getxo_G_20200624_20201103,http://vocab.nerc.ac.uk/collection/P01/current/IDSPRE01,,
ARMS_Getxo_G2_20200624_20201103_SF40_s1_r1:Otu497,submergedTime,day,132,http://vocab.nerc.ac.uk/collection/P01/current/AZDRZZ01/,https://vocab.nerc.ac.uk/collection/P06/current/UTAA/,
ARMS_Getxo_G2_20200624_20201103_SF40_s1_r1:Otu497,preservativeUsed,,DMSO,http://vocab.nerc.ac.uk/collection/Q01/current/Q0100004/,,https://pubchem.ncbi.nlm.nih.gov/compound/679
ARMS_Getxo_G2_20200624_20201103_SF40_s1_r1:Otu497,lowerLimitFilterSize,micrometer,40,http://vocab.nerc.ac.uk/collection/Q01/current/Q0100011/,https://vocab.nerc.ac.uk/collection/P06/current/UMIC/,
ARMS_Getxo_G2_20200624_20201103_SF40_s1_r1:Otu497,fieldReplicateID,,ARMS_Getxo_G_20200624_20201103,http://vocab.nerc.ac.uk/collection/P01/current/IDSPRE01,,
ARMS_Getxo_G2_20200624_20201103_SF40_s1_r1:Otu190,submergedTime,day,132,http://vocab.nerc.ac.uk/collection/P01/current/AZDRZZ01/,https://vocab.nerc.ac.uk/collection/P06/current/UTAA/,
ARMS_Getxo_G2_20200624_20201103_SF40_s1_r1:Otu190,preservativeUsed,,DMSO,http://vocab.nerc.ac.uk/collection/Q01/current/Q0100004/,,https://pubchem.ncbi.nlm.nih.gov/compound/679
ARMS_Getxo_G2_20200624_20201103_SF40_s1_r1:Otu190,lowerLimitFilterSize,micrometer,40,http://vocab.nerc.ac.uk/collection/Q01/current/Q0100011/,https://vocab.nerc.ac.uk/collection/P06/current/UMIC/,
ARMS_Getxo_G2_20200624_20201103_SF40_s1_r1:Otu190,fieldReplicateID,,ARMS_Getxo_G_20200624_20201103,http://vocab.nerc.ac.uk/collection/P01/current/IDSPRE01,,
ARMS_Getxo_G2_20200624_20201103_SF40_s1_r1:Otu95,submergedTime,day,132,http://vocab.nerc.ac.uk/collection/P01/current/AZDRZZ01/,https://vocab.nerc.ac.uk/collection/P06/current/UTAA/,
ARMS_Getxo_G2_20200624_20201103_SF40_s1_r1:Otu95,preservativeUsed,,DMSO,http://vocab.nerc.ac.uk/collection/Q01/current/Q0100004/,,https://pubchem.ncbi.nlm.nih.gov/compound/679
ARMS_Getxo_G2_20200624_20201103_SF40_s1_r1:Otu95,lowerLimitFilterSize,micrometer,40,http://vocab.nerc.ac.uk/collection/Q01/current/Q0100011/,https://vocab.nerc.ac.uk/collection/P06/current/UMIC/,
ARMS_Getxo_G2_20200624_20201103_SF40_s1_r1:Otu95,fieldReplicateID,,ARMS_Getxo_G_20200624_20201103,http://vocab.nerc.ac.uk/collection/P01/current/IDSPRE01,,
ARMS_Getxo_G2_20200624_20201103_SF40_s1_r1:Otu93,submergedTime,day,132,http://vocab.nerc.ac.uk/collection/P01/current/AZDRZZ01/,https://vocab.nerc.ac.uk/collection/P06/current/UTAA/,
ARMS_Getxo_G2_20200624_20201103_SF40_s1_r1:Otu93,preservativeUsed,,DMSO,http://vocab.nerc.ac.uk/collection/Q01/current/Q0100004/,,https://pubchem.ncbi.nlm.nih.gov/compound/679
ARMS_Getxo_G2_20200624_20201103_SF40_s1_r1:Otu93,lowerLimitFilterSize,micrometer,40,http://vocab.nerc.ac.uk/collection/Q01/current/Q0100011/,https://vocab.nerc.ac.uk/collection/P06/current/UMIC/,
ARMS_Getxo_G2_20200624_20201103_SF40_s1_r1:Otu93,fieldReplicateID,,ARMS_Getxo_G_20200624_20201103,http://vocab.nerc.ac.uk/collection/P01/current/IDSPRE01,,
ARMS_Getxo_G2_20200624_20201103_SF40_s1_r1:Otu499,submergedTime,day,132,http://vocab.nerc.ac.uk/collection/P01/current/AZDRZZ01/,https://vocab.nerc.ac.uk/collection/P06/current/UTAA/,
ARMS_Getxo_G2_20200624_20201103_SF40_s1_r1:Otu499,preservativeUsed,,DMSO,http://vocab.nerc.ac.uk/collection/Q01/current/Q0100004/,,https://pubchem.ncbi.nlm.nih.gov/compound/679
ARMS_Getxo_G2_20200624_20201103_SF40_s1_r1:Otu499,lowerLimitFilterSize,micrometer,40,http://vocab.nerc.ac.uk/collection/Q01/current/Q0100011/,https://vocab.nerc.ac.uk/collection/P06/current/UMIC/,
ARMS_Getxo_G2_20200624_20201103_SF40_s1_r1:Otu499,fieldReplicateID,,ARMS_Getxo_G_20200624_20201103,http://vocab.nerc.ac.uk/collection/P01/current/IDSPRE01,,
ARMS_Getxo_G2_20200624_20201103_SF40_s1_r1:Otu404,submergedTime,day,132,http://vocab.nerc.ac.uk/collection/P01/current/AZDRZZ01/,https://vocab.nerc.ac.uk/collection/P06/current/UTAA/,
ARMS_Getxo_G2_20200624_20201103_SF40_s1_r1:Otu404,preservativeUsed,,DMSO,http://vocab.nerc.ac.uk/collection/Q01/current/Q0100004/,,https://pubchem.ncbi.nlm.nih.gov/compound/679
ARMS_Getxo_G2_20200624_20201103_SF40_s1_r1:Otu404,lowerLimitFilterSize,micrometer,40,http://vocab.nerc.ac.uk/collection/Q01/current/Q0100011/,https://vocab.nerc.ac.uk/collection/P06/current/UMIC/,
ARMS_Getxo_G2_20200624_20201103_SF40_s1_r1:Otu404,fieldReplicateID,,ARMS_Getxo_G_20200624_20201103,http://vocab.nerc.ac.uk/collection/P01/current/IDSPRE01,,
ARMS_Getxo_G2_20200624_20201103_SF40_s1_r1:Otu146,submergedTime,day,132,http://vocab.nerc.ac.uk/collection/P01/current/AZDRZZ01/,https://vocab.nerc.ac.uk/collection/P06/current/UTAA/,
ARMS_Getxo_G2_20200624_20201103_SF40_s1_r1:Otu146,preservativeUsed,,DMSO,http://vocab.nerc.ac.uk/collection/Q01/current/Q0100004/,,https://pubchem.ncbi.nlm.nih.gov/compound/679
ARMS_Getxo_G2_20200624_20201103_SF40_s1_r1:Otu146,lowerLimitFilterSize,micrometer,40,http://vocab.nerc.ac.uk/collection/Q01/current/Q0100011/,https://vocab.nerc.ac.uk/collection/P06/current/UMIC/,
ARMS_Getxo_G2_20200624_20201103_SF40_s1_r1:Otu146,fieldReplicateID,,ARMS_Getxo_G_20200624_20201103,http://vocab.nerc.ac.uk/collection/P01/current/IDSPRE01,,
ARMS_Getxo_G2_20200624_20201103_SF40_s1_r1:Otu394,submergedTime,day,132,http://vocab.nerc.ac.uk/collection/P01/current/AZDRZZ01/,https://vocab.nerc.ac.uk/collection/P06/current/UTAA/,
ARMS_Getxo_G2_20200624_20201103_SF40_s1_r1:Otu394,preservativeUsed,,DMSO,http://vocab.nerc.ac.uk/collection/Q01/current/Q0100004/,,https://pubchem.ncbi.nlm.nih.gov/compound/679
ARMS_Getxo_G2_20200624_20201103_SF40_s1_r1:Otu394,lowerLimitFilterSize,micrometer,40,http://vocab.nerc.ac.uk/collection/Q01/current/Q0100011/,https://vocab.nerc.ac.uk/collection/P06/current/UMIC/,
ARMS_Getxo_G2_20200624_20201103_SF40_s1_r1:Otu394,fieldReplicateID,,ARMS_Getxo_G_20200624_20201103,http://vocab.nerc.ac.uk/collection/P01/current/IDSPRE01,,
ARMS_Getxo_G2_20200624_20201103_SF40_s1_r1:Otu502,submergedTime,day,132,http://vocab.nerc.ac.uk/collection/P01/current/AZDRZZ01/,https://vocab.nerc.ac.uk/collection/P06/current/UTAA/,
ARMS_Getxo_G2_20200624_20201103_SF40_s1_r1:Otu502,preservativeUsed,,DMSO,http://vocab.nerc.ac.uk/collection/Q01/current/Q0100004/,,https://pubchem.ncbi.nlm.nih.gov/compound/679
ARMS_Getxo_G2_20200624_20201103_SF40_s1_r1:Otu502,lowerLimitFilterSize,micrometer,40,http://vocab.nerc.ac.uk/collection/Q01/current/Q0100011/,https://vocab.nerc.ac.uk/collection/P06/current/UMIC/,
ARMS_Getxo_G2_20200624_20201103_SF40_s1_r1:Otu502,fieldReplicateID,,ARMS_Getxo_G_20200624_20201103,http://vocab.nerc.ac.uk/collection/P01/current/IDSPRE01,,
ARMS_Getxo_G2_20200624_20201103_SF40_s1_r1:Otu361,submergedTime,day,132,http://vocab.nerc.ac.uk/collection/P01/current/AZDRZZ01/,https://vocab.nerc.ac.uk/collection/P06/current/UTAA/,
ARMS_Getxo_G2_20200624_20201103_SF40_s1_r1:Otu361,preservativeUsed,,DMSO,http://vocab.nerc.ac.uk/collection/Q01/current/Q0100004/,,https://pubchem.ncbi.nlm.nih.gov/compound/679
ARMS_Getxo_G2_20200624_20201103_SF40_s1_r1:Otu361,lowerLimitFilterSize,micrometer,40,http://vocab.nerc.ac.uk/collection/Q01/current/Q0100011/,https://vocab.nerc.ac.uk/collection/P06/current/UMIC/,
ARMS_Getxo_G2_20200624_20201103_SF40_s1_r1:Otu361,fieldReplicateID,,ARMS_Getxo_G_20200624_20201103,http://vocab.nerc.ac.uk/collection/P01/current/IDSPRE01,,
ARMS_Getxo_G2_20200624_20201103_SF40_s1_r1:Otu132,submergedTime,day,132,http://vocab.nerc.ac.uk/collection/P01/current/AZDRZZ01/,https://vocab.nerc.ac.uk/collection/P06/current/UTAA/,
ARMS_Getxo_G2_20200624_20201103_SF40_s1_r1:Otu132,preservativeUsed,,DMSO,http://vocab.nerc.ac.uk/collection/Q01/current/Q0100004/,,https://pubchem.ncbi.nlm.nih.gov/compound/679
ARMS_Getxo_G2_20200624_20201103_SF40_s1_r1:Otu132,lowerLimitFilterSize,micrometer,40,http://vocab.nerc.ac.uk/collection/Q01/current/Q0100011/,https://vocab.nerc.ac.uk/collection/P06/current/UMIC/,
ARMS_Getxo_G2_20200624_20201103_SF40_s1_r1:Otu132,fieldReplicateID,,ARMS_Getxo_G_20200624_20201103,http://vocab.nerc.ac.uk/collection/P01/current/IDSPRE01,,
ARMS_Getxo_G2_20200624_20201103_SF40_s1_r1:Otu16,submergedTime,day,132,http://vocab.nerc.ac.uk/collection/P01/current/AZDRZZ01/,https://vocab.nerc.ac.uk/collection/P06/current/UTAA/,
ARMS_Getxo_G2_20200624_20201103_SF40_s1_r1:Otu16,preservativeUsed,,DMSO,http://vocab.nerc.ac.uk/collection/Q01/current/Q0100004/,,https://pubchem.ncbi.nlm.nih.gov/compound/679
ARMS_Getxo_G2_20200624_20201103_SF40_s1_r1:Otu16,lowerLimitFilterSize,micrometer,40,http://vocab.nerc.ac.uk/collection/Q01/current/Q0100011/,https://vocab.nerc.ac.uk/collection/P06/current/UMIC/,
ARMS_Getxo_G2_20200624_20201103_SF40_s1_r1:Otu16,fieldReplicateID,,ARMS_Getxo_G_20200624_20201103,http://vocab.nerc.ac.uk/collection/P01/current/IDSPRE01,,
ARMS_Getxo_G2_20200624_20201103_SF40_s1_r1:Otu10,submergedTime,day,132,http://vocab.nerc.ac.uk/collection/P01/current/AZDRZZ01/,https://vocab.nerc.ac.uk/collection/P06/current/UTAA/,
ARMS_Getxo_G2_20200624_20201103_SF40_s1_r1:Otu10,preservativeUsed,,DMSO,http://vocab.nerc.ac.uk/collection/Q01/current/Q0100004/,,https://pubchem.ncbi.nlm.nih.gov/compound/679
ARMS_Getxo_G2_20200624_20201103_SF40_s1_r1:Otu10,lowerLimitFilterSize,micrometer,40,http://vocab.nerc.ac.uk/collection/Q01/current/Q0100011/,https://vocab.nerc.ac.uk/collection/P06/current/UMIC/,
ARMS_Getxo_G2_20200624_20201103_SF40_s1_r1:Otu10,fieldReplicateID,,ARMS_Getxo_G_20200624_20201103,http://vocab.nerc.ac.uk/collection/P01/current/IDSPRE01,,
ARMS_Getxo_G2_20200624_20201103_SF40_s1_r1:Otu13,submergedTime,day,132,http://vocab.nerc.ac.uk/collection/P01/current/AZDRZZ01/,https://vocab.nerc.ac.uk/collection/P06/current/UTAA/,
ARMS_Getxo_G2_20200624_20201103_SF40_s1_r1:Otu13,preservativeUsed,,DMSO,http://vocab.nerc.ac.uk/collection/Q01/current/Q0100004/,,https://pubchem.ncbi.nlm.nih.gov/compound/679
ARMS_Getxo_G2_20200624_20201103_SF40_s1_r1:Otu13,lowerLimitFilterSize,micrometer,40,http://vocab.nerc.ac.uk/collection/Q01/current/Q0100011/,https://vocab.nerc.ac.uk/collection/P06/current/UMIC/,
ARMS_Getxo_G2_20200624_20201103_SF40_s1_r1:Otu13,fieldReplicateID,,ARMS_Getxo_G_20200624_20201103,http://vocab.nerc.ac.uk/collection/P01/current/IDSPRE01,,
ARMS_Getxo_G2_20200624_20201103_SF40_s1_r1:Otu18,submergedTime,day,132,http://vocab.nerc.ac.uk/collection/P01/current/AZDRZZ01/,https://vocab.nerc.ac.uk/collection/P06/current/UTAA/,
ARMS_Getxo_G2_20200624_20201103_SF40_s1_r1:Otu18,preservativeUsed,,DMSO,http://vocab.nerc.ac.uk/collection/Q01/current/Q0100004/,,https://pubchem.ncbi.nlm.nih.gov/compound/679
ARMS_Getxo_G2_20200624_20201103_SF40_s1_r1:Otu18,lowerLimitFilterSize,micrometer,40,http://vocab.nerc.ac.uk/collection/Q01/current/Q0100011/,https://vocab.nerc.ac.uk/collection/P06/current/UMIC/,
ARMS_Getxo_G2_20200624_20201103_SF40_s1_r1:Otu18,fieldReplicateID,,ARMS_Getxo_G_20200624_20201103,http://vocab.nerc.ac.uk/collection/P01/current/IDSPRE01,,
ARMS_Getxo_G2_20200624_20201103_SF40_s1_r1:Otu19,submergedTime,day,132,http://vocab.nerc.ac.uk/collection/P01/current/AZDRZZ01/,https://vocab.nerc.ac.uk/collection/P06/current/UTAA/,
ARMS_Getxo_G2_20200624_20201103_SF40_s1_r1:Otu19,preservativeUsed,,DMSO,http://vocab.nerc.ac.uk/collection/Q01/current/Q0100004/,,https://pubchem.ncbi.nlm.nih.gov/compound/679
ARMS_Getxo_G2_20200624_20201103_SF40_s1_r1:Otu19,lowerLimitFilterSize,micrometer,40,http://vocab.nerc.ac.uk/collection/Q01/current/Q0100011/,https://vocab.nerc.ac.uk/collection/P06/current/UMIC/,
ARMS_Getxo_G2_20200624_20201103_SF40_s1_r1:Otu19,fieldReplicateID,,ARMS_Getxo_G_20200624_20201103,http://vocab.nerc.ac.uk/collection/P01/current/IDSPRE01,,
ARMS_Getxo_G3_20200624_20201103_SF40_s1_r1:Otu385,submergedTime,day,132,http://vocab.nerc.ac.uk/collection/P01/current/AZDRZZ01/,https://vocab.nerc.ac.uk/collection/P06/current/UTAA/,
ARMS_Getxo_G3_20200624_20201103_SF40_s1_r1:Otu385,preservativeUsed,,DMSO,http://vocab.nerc.ac.uk/collection/Q01/current/Q0100004/,,https://pubchem.ncbi.nlm.nih.gov/compound/679
ARMS_Getxo_G3_20200624_20201103_SF40_s1_r1:Otu385,lowerLimitFilterSize,micrometer,40,http://vocab.nerc.ac.uk/collection/Q01/current/Q0100011/,https://vocab.nerc.ac.uk/collection/P06/current/UMIC/,
ARMS_Getxo_G3_20200624_20201103_SF40_s1_r1:Otu385,fieldReplicateID,,ARMS_Getxo_G_20200624_20201103,http://vocab.nerc.ac.uk/collection/P01/current/IDSPRE01,,
ARMS_Getxo_G3_20200624_20201103_SF40_s1_r1:Otu48,submergedTime,day,132,http://vocab.nerc.ac.uk/collection/P01/current/AZDRZZ01/,https://vocab.nerc.ac.uk/collection/P06/current/UTAA/,
ARMS_Getxo_G3_20200624_20201103_SF40_s1_r1:Otu48,preservativeUsed,,DMSO,http://vocab.nerc.ac.uk/collection/Q01/current/Q0100004/,,https://pubchem.ncbi.nlm.nih.gov/compound/679
ARMS_Getxo_G3_20200624_20201103_SF40_s1_r1:Otu48,lowerLimitFilterSize,micrometer,40,http://vocab.nerc.ac.uk/collection/Q01/current/Q0100011/,https://vocab.nerc.ac.uk/collection/P06/current/UMIC/,
ARMS_Getxo_G3_20200624_20201103_SF40_s1_r1:Otu48,fieldReplicateID,,ARMS_Getxo_G_20200624_20201103,http://vocab.nerc.ac.uk/collection/P01/current/IDSPRE01,,
ARMS_Getxo_G3_20200624_20201103_SF40_s1_r1:Otu252,submergedTime,day,132,http://vocab.nerc.ac.uk/collection/P01/current/AZDRZZ01/,https://vocab.nerc.ac.uk/collection/P06/current/UTAA/,
ARMS_Getxo_G3_20200624_20201103_SF40_s1_r1:Otu252,preservativeUsed,,DMSO,http://vocab.nerc.ac.uk/collection/Q01/current/Q0100004/,,https://pubchem.ncbi.nlm.nih.gov/compound/679
ARMS_Getxo_G3_20200624_20201103_SF40_s1_r1:Otu252,lowerLimitFilterSize,micrometer,40,http://vocab.nerc.ac.uk/collection/Q01/current/Q0100011/,https://vocab.nerc.ac.uk/collection/P06/current/UMIC/,
ARMS_Getxo_G3_20200624_20201103_SF40_s1_r1:Otu252,fieldReplicateID,,ARMS_Getxo_G_20200624_20201103,http://vocab.nerc.ac.uk/collection/P01/current/IDSPRE01,,
ARMS_Getxo_G3_20200624_20201103_SF40_s1_r1:Otu257,submergedTime,day,132,http://vocab.nerc.ac.uk/collection/P01/current/AZDRZZ01/,https://vocab.nerc.ac.uk/collection/P06/current/UTAA/,
ARMS_Getxo_G3_20200624_20201103_SF40_s1_r1:Otu257,preservativeUsed,,DMSO,http://vocab.nerc.ac.uk/collection/Q01/current/Q0100004/,,https://pubchem.ncbi.nlm.nih.gov/compound/679
ARMS_Getxo_G3_20200624_20201103_SF40_s1_r1:Otu257,lowerLimitFilterSize,micrometer,40,http://vocab.nerc.ac.uk/collection/Q01/current/Q0100011/,https://vocab.nerc.ac.uk/collection/P06/current/UMIC/,
ARMS_Getxo_G3_20200624_20201103_SF40_s1_r1:Otu257,fieldReplicateID,,ARMS_Getxo_G_20200624_20201103,http://vocab.nerc.ac.uk/collection/P01/current/IDSPRE01,,
ARMS_Getxo_G3_20200624_20201103_SF40_s1_r1:Otu29,submergedTime,day,132,http://vocab.nerc.ac.uk/collection/P01/current/AZDRZZ01/,https://vocab.nerc.ac.uk/collection/P06/current/UTAA/,
ARMS_Getxo_G3_20200624_20201103_SF40_s1_r1:Otu29,preservativeUsed,,DMSO,http://vocab.nerc.ac.uk/collection/Q01/current/Q0100004/,,https://pubchem.ncbi.nlm.nih.gov/compound/679
ARMS_Getxo_G3_20200624_20201103_SF40_s1_r1:Otu29,lowerLimitFilterSize,micrometer,40,http://vocab.nerc.ac.uk/collection/Q01/current/Q0100011/,https://vocab.nerc.ac.uk/collection/P06/current/UMIC/,
ARMS_Getxo_G3_20200624_20201103_SF40_s1_r1:Otu29,fieldReplicateID,,ARMS_Getxo_G_20200624_20201103,http://vocab.nerc.ac.uk/collection/P01/current/IDSPRE01,,
ARMS_Getxo_G3_20200624_20201103_SF40_s1_r1:Otu28,submergedTime,day,132,http://vocab.nerc.ac.uk/collection/P01/current/AZDRZZ01/,https://vocab.nerc.ac.uk/collection/P06/current/UTAA/,
ARMS_Getxo_G3_20200624_20201103_SF40_s1_r1:Otu28,preservativeUsed,,DMSO,http://vocab.nerc.ac.uk/collection/Q01/current/Q0100004/,,https://pubchem.ncbi.nlm.nih.gov/compound/679
ARMS_Getxo_G3_20200624_20201103_SF40_s1_r1:Otu28,lowerLimitFilterSize,micrometer,40,http://vocab.nerc.ac.uk/collection/Q01/current/Q0100011/,https://vocab.nerc.ac.uk/collection/P06/current/UMIC/,
ARMS_Getxo_G3_20200624_20201103_SF40_s1_r1:Otu28,fieldReplicateID,,ARMS_Getxo_G_20200624_20201103,http://vocab.nerc.ac.uk/collection/P01/current/IDSPRE01,,
ARMS_Getxo_G3_20200624_20201103_SF40_s1_r1:Otu176,submergedTime,day,132,http://vocab.nerc.ac.uk/collection/P01/current/AZDRZZ01/,https://vocab.nerc.ac.uk/collection/P06/current/UTAA/,
ARMS_Getxo_G3_20200624_20201103_SF40_s1_r1:Otu176,preservativeUsed,,DMSO,http://vocab.nerc.ac.uk/collection/Q01/current/Q0100004/,,https://pubchem.ncbi.nlm.nih.gov/compound/679
ARMS_Getxo_G3_20200624_20201103_SF40_s1_r1:Otu176,lowerLimitFilterSize,micrometer,40,http://vocab.nerc.ac.uk/collection/Q01/current/Q0100011/,https://vocab.nerc.ac.uk/collection/P06/current/UMIC/,
ARMS_Getxo_G3_20200624_20201103_SF40_s1_r1:Otu176,fieldReplicateID,,ARMS_Getxo_G_20200624_20201103,http://vocab.nerc.ac.uk/collection/P01/current/IDSPRE01,,
ARMS_Getxo_G3_20200624_20201103_SF40_s1_r1:Otu177,submergedTime,day,132,http://vocab.nerc.ac.uk/collection/P01/current/AZDRZZ01/,https://vocab.nerc.ac.uk/collection/P06/current/UTAA/,
ARMS_Getxo_G3_20200624_20201103_SF40_s1_r1:Otu177,preservativeUsed,,DMSO,http://vocab.nerc.ac.uk/collection/Q01/current/Q0100004/,,https://pubchem.ncbi.nlm.nih.gov/compound/679
ARMS_Getxo_G3_20200624_20201103_SF40_s1_r1:Otu177,lowerLimitFilterSize,micrometer,40,http://vocab.nerc.ac.uk/collection/Q01/current/Q0100011/,https://vocab.nerc.ac.uk/collection/P06/current/UMIC/,
ARMS_Getxo_G3_20200624_20201103_SF40_s1_r1:Otu177,fieldReplicateID,,ARMS_Getxo_G_20200624_20201103,http://vocab.nerc.ac.uk/collection/P01/current/IDSPRE01,,
ARMS_Getxo_G3_20200624_20201103_SF40_s1_r1:Otu61,submergedTime,day,132,http://vocab.nerc.ac.uk/collection/P01/current/AZDRZZ01/,https://vocab.nerc.ac.uk/collection/P06/current/UTAA/,
ARMS_Getxo_G3_20200624_20201103_SF40_s1_r1:Otu61,preservativeUsed,,DMSO,http://vocab.nerc.ac.uk/collection/Q01/current/Q0100004/,,https://pubchem.ncbi.nlm.nih.gov/compound/679
ARMS_Getxo_G3_20200624_20201103_SF40_s1_r1:Otu61,lowerLimitFilterSize,micrometer,40,http://vocab.nerc.ac.uk/collection/Q01/current/Q0100011/,https://vocab.nerc.ac.uk/collection/P06/current/UMIC/,
ARMS_Getxo_G3_20200624_20201103_SF40_s1_r1:Otu61,fieldReplicateID,,ARMS_Getxo_G_20200624_20201103,http://vocab.nerc.ac.uk/collection/P01/current/IDSPRE01,,
ARMS_Getxo_G3_20200624_20201103_SF40_s1_r1:Otu468,submergedTime,day,132,http://vocab.nerc.ac.uk/collection/P01/current/AZDRZZ01/,https://vocab.nerc.ac.uk/collection/P06/current/UTAA/,
ARMS_Getxo_G3_20200624_20201103_SF40_s1_r1:Otu468,preservativeUsed,,DMSO,http://vocab.nerc.ac.uk/collection/Q01/current/Q0100004/,,https://pubchem.ncbi.nlm.nih.gov/compound/679
ARMS_Getxo_G3_20200624_20201103_SF40_s1_r1:Otu468,lowerLimitFilterSize,micrometer,40,http://vocab.nerc.ac.uk/collection/Q01/current/Q0100011/,https://vocab.nerc.ac.uk/collection/P06/current/UMIC/,
ARMS_Getxo_G3_20200624_20201103_SF40_s1_r1:Otu468,fieldReplicateID,,ARMS_Getxo_G_20200624_20201103,http://vocab.nerc.ac.uk/collection/P01/current/IDSPRE01,,
ARMS_Getxo_G3_20200624_20201103_SF40_s1_r1:Otu116,submergedTime,day,132,http://vocab.nerc.ac.uk/collection/P01/current/AZDRZZ01/,https://vocab.nerc.ac.uk/collection/P06/current/UTAA/,
ARMS_Getxo_G3_20200624_20201103_SF40_s1_r1:Otu116,preservativeUsed,,DMSO,http://vocab.nerc.ac.uk/collection/Q01/current/Q0100004/,,https://pubchem.ncbi.nlm.nih.gov/compound/679
ARMS_Getxo_G3_20200624_20201103_SF40_s1_r1:Otu116,lowerLimitFilterSize,micrometer,40,http://vocab.nerc.ac.uk/collection/Q01/current/Q0100011/,https://vocab.nerc.ac.uk/collection/P06/current/UMIC/,
ARMS_Getxo_G3_20200624_20201103_SF40_s1_r1:Otu116,fieldReplicateID,,ARMS_Getxo_G_20200624_20201103,http://vocab.nerc.ac.uk/collection/P01/current/IDSPRE01,,
ARMS_Getxo_G3_20200624_20201103_SF40_s1_r1:Otu112,submergedTime,day,132,http://vocab.nerc.ac.uk/collection/P01/current/AZDRZZ01/,https://vocab.nerc.ac.uk/collection/P06/current/UTAA/,
ARMS_Getxo_G3_20200624_20201103_SF40_s1_r1:Otu112,preservativeUsed,,DMSO,http://vocab.nerc.ac.uk/collection/Q01/current/Q0100004/,,https://pubchem.ncbi.nlm.nih.gov/compound/679
ARMS_Getxo_G3_20200624_20201103_SF40_s1_r1:Otu112,lowerLimitFilterSize,micrometer,40,http://vocab.nerc.ac.uk/collection/Q01/current/Q0100011/,https://vocab.nerc.ac.uk/collection/P06/current/UMIC/,
ARMS_Getxo_G3_20200624_20201103_SF40_s1_r1:Otu112,fieldReplicateID,,ARMS_Getxo_G_20200624_20201103,http://vocab.nerc.ac.uk/collection/P01/current/IDSPRE01,,
ARMS_Getxo_G3_20200624_20201103_SF40_s1_r1:Otu38,submergedTime,day,132,http://vocab.nerc.ac.uk/collection/P01/current/AZDRZZ01/,https://vocab.nerc.ac.uk/collection/P06/current/UTAA/,
ARMS_Getxo_G3_20200624_20201103_SF40_s1_r1:Otu38,preservativeUsed,,DMSO,http://vocab.nerc.ac.uk/collection/Q01/current/Q0100004/,,https://pubchem.ncbi.nlm.nih.gov/compound/679
ARMS_Getxo_G3_20200624_20201103_SF40_s1_r1:Otu38,lowerLimitFilterSize,micrometer,40,http://vocab.nerc.ac.uk/collection/Q01/current/Q0100011/,https://vocab.nerc.ac.uk/collection/P06/current/UMIC/,
ARMS_Getxo_G3_20200624_20201103_SF40_s1_r1:Otu38,fieldReplicateID,,ARMS_Getxo_G_20200624_20201103,http://vocab.nerc.ac.uk/collection/P01/current/IDSPRE01,,
ARMS_Getxo_G3_20200624_20201103_SF40_s1_r1:Otu36,submergedTime,day,132,http://vocab.nerc.ac.uk/collection/P01/current/AZDRZZ01/,https://vocab.nerc.ac.uk/collection/P06/current/UTAA/,
ARMS_Getxo_G3_20200624_20201103_SF40_s1_r1:Otu36,preservativeUsed,,DMSO,http://vocab.nerc.ac.uk/collection/Q01/current/Q0100004/,,https://pubchem.ncbi.nlm.nih.gov/compound/679
ARMS_Getxo_G3_20200624_20201103_SF40_s1_r1:Otu36,lowerLimitFilterSize,micrometer,40,http://vocab.nerc.ac.uk/collection/Q01/current/Q0100011/,https://vocab.nerc.ac.uk/collection/P06/current/UMIC/,
ARMS_Getxo_G3_20200624_20201103_SF40_s1_r1:Otu36,fieldReplicateID,,ARMS_Getxo_G_20200624_20201103,http://vocab.nerc.ac.uk/collection/P01/current/IDSPRE01,,
ARMS_Getxo_G3_20200624_20201103_SF40_s1_r1:Otu31,submergedTime,day,132,http://vocab.nerc.ac.uk/collection/P01/current/AZDRZZ01/,https://vocab.nerc.ac.uk/collection/P06/current/UTAA/,
ARMS_Getxo_G3_20200624_20201103_SF40_s1_r1:Otu31,preservativeUsed,,DMSO,http://vocab.nerc.ac.uk/collection/Q01/current/Q0100004/,,https://pubchem.ncbi.nlm.nih.gov/compound/679
ARMS_Getxo_G3_20200624_20201103_SF40_s1_r1:Otu31,lowerLimitFilterSize,micrometer,40,http://vocab.nerc.ac.uk/collection/Q01/current/Q0100011/,https://vocab.nerc.ac.uk/collection/P06/current/UMIC/,
ARMS_Getxo_G3_20200624_20201103_SF40_s1_r1:Otu31,fieldReplicateID,,ARMS_Getxo_G_20200624_20201103,http://vocab.nerc.ac.uk/collection/P01/current/IDSPRE01,,
ARMS_Getxo_G3_20200624_20201103_SF40_s1_r1:Otu162,submergedTime,day,132,http://vocab.nerc.ac.uk/collection/P01/current/AZDRZZ01/,https://vocab.nerc.ac.uk/collection/P06/current/UTAA/,
ARMS_Getxo_G3_20200624_20201103_SF40_s1_r1:Otu162,preservativeUsed,,DMSO,http://vocab.nerc.ac.uk/collection/Q01/current/Q0100004/,,https://pubchem.ncbi.nlm.nih.gov/compound/679
ARMS_Getxo_G3_20200624_20201103_SF40_s1_r1:Otu162,lowerLimitFilterSize,micrometer,40,http://vocab.nerc.ac.uk/collection/Q01/current/Q0100011/,https://vocab.nerc.ac.uk/collection/P06/current/UMIC/,
ARMS_Getxo_G3_20200624_20201103_SF40_s1_r1:Otu162,fieldReplicateID,,ARMS_Getxo_G_20200624_20201103,http://vocab.nerc.ac.uk/collection/P01/current/IDSPRE01,,
ARMS_Getxo_G3_20200624_20201103_SF40_s1_r1:Otu161,submergedTime,day,132,http://vocab.nerc.ac.uk/collection/P01/current/AZDRZZ01/,https://vocab.nerc.ac.uk/collection/P06/current/UTAA/,
ARMS_Getxo_G3_20200624_20201103_SF40_s1_r1:Otu161,preservativeUsed,,DMSO,http://vocab.nerc.ac.uk/collection/Q01/current/Q0100004/,,https://pubchem.ncbi.nlm.nih.gov/compound/679
ARMS_Getxo_G3_20200624_20201103_SF40_s1_r1:Otu161,lowerLimitFilterSize,micrometer,40,http://vocab.nerc.ac.uk/collection/Q01/current/Q0100011/,https://vocab.nerc.ac.uk/collection/P06/current/UMIC/,
ARMS_Getxo_G3_20200624_20201103_SF40_s1_r1:Otu161,fieldReplicateID,,ARMS_Getxo_G_20200624_20201103,http://vocab.nerc.ac.uk/collection/P01/current/IDSPRE01,,
ARMS_Getxo_G3_20200624_20201103_SF40_s1_r1:Otu500,submergedTime,day,132,http://vocab.nerc.ac.uk/collection/P01/current/AZDRZZ01/,https://vocab.nerc.ac.uk/collection/P06/current/UTAA/,
ARMS_Getxo_G3_20200624_20201103_SF40_s1_r1:Otu500,preservativeUsed,,DMSO,http://vocab.nerc.ac.uk/collection/Q01/current/Q0100004/,,https://pubchem.ncbi.nlm.nih.gov/compound/679
ARMS_Getxo_G3_20200624_20201103_SF40_s1_r1:Otu500,lowerLimitFilterSize,micrometer,40,http://vocab.nerc.ac.uk/collection/Q01/current/Q0100011/,https://vocab.nerc.ac.uk/collection/P06/current/UMIC/,
ARMS_Getxo_G3_20200624_20201103_SF40_s1_r1:Otu500,fieldReplicateID,,ARMS_Getxo_G_20200624_20201103,http://vocab.nerc.ac.uk/collection/P01/current/IDSPRE01,,
ARMS_Getxo_G3_20200624_20201103_SF40_s1_r1:Otu503,submergedTime,day,132,http://vocab.nerc.ac.uk/collection/P01/current/AZDRZZ01/,https://vocab.nerc.ac.uk/collection/P06/current/UTAA/,
ARMS_Getxo_G3_20200624_20201103_SF40_s1_r1:Otu503,preservativeUsed,,DMSO,http://vocab.nerc.ac.uk/collection/Q01/current/Q0100004/,,https://pubchem.ncbi.nlm.nih.gov/compound/679
ARMS_Getxo_G3_20200624_20201103_SF40_s1_r1:Otu503,lowerLimitFilterSize,micrometer,40,http://vocab.nerc.ac.uk/collection/Q01/current/Q0100011/,https://vocab.nerc.ac.uk/collection/P06/current/UMIC/,
ARMS_Getxo_G3_20200624_20201103_SF40_s1_r1:Otu503,fieldReplicateID,,ARMS_Getxo_G_20200624_20201103,http://vocab.nerc.ac.uk/collection/P01/current/IDSPRE01,,
ARMS_Getxo_G3_20200624_20201103_SF40_s1_r1:Otu505,submergedTime,day,132,http://vocab.nerc.ac.uk/collection/P01/current/AZDRZZ01/,https://vocab.nerc.ac.uk/collection/P06/current/UTAA/,
ARMS_Getxo_G3_20200624_20201103_SF40_s1_r1:Otu505,preservativeUsed,,DMSO,http://vocab.nerc.ac.uk/collection/Q01/current/Q0100004/,,https://pubchem.ncbi.nlm.nih.gov/compound/679
ARMS_Getxo_G3_20200624_20201103_SF40_s1_r1:Otu505,lowerLimitFilterSize,micrometer,40,http://vocab.nerc.ac.uk/collection/Q01/current/Q0100011/,https://vocab.nerc.ac.uk/collection/P06/current/UMIC/,
ARMS_Getxo_G3_20200624_20201103_SF40_s1_r1:Otu505,fieldReplicateID,,ARMS_Getxo_G_20200624_20201103,http://vocab.nerc.ac.uk/collection/P01/current/IDSPRE01,,
ARMS_Getxo_G3_20200624_20201103_SF40_s1_r1:Otu504,submergedTime,day,132,http://vocab.nerc.ac.uk/collection/P01/current/AZDRZZ01/,https://vocab.nerc.ac.uk/collection/P06/current/UTAA/,
ARMS_Getxo_G3_20200624_20201103_SF40_s1_r1:Otu504,preservativeUsed,,DMSO,http://vocab.nerc.ac.uk/collection/Q01/current/Q0100004/,,https://pubchem.ncbi.nlm.nih.gov/compound/679
ARMS_Getxo_G3_20200624_20201103_SF40_s1_r1:Otu504,lowerLimitFilterSize,micrometer,40,http://vocab.nerc.ac.uk/collection/Q01/current/Q0100011/,https://vocab.nerc.ac.uk/collection/P06/current/UMIC/,
ARMS_Getxo_G3_20200624_20201103_SF40_s1_r1:Otu504,fieldReplicateID,,ARMS_Getxo_G_20200624_20201103,http://vocab.nerc.ac.uk/collection/P01/current/IDSPRE01,,
ARMS_Getxo_G3_20200624_20201103_SF40_s1_r1:Otu506,submergedTime,day,132,http://vocab.nerc.ac.uk/collection/P01/current/AZDRZZ01/,https://vocab.nerc.ac.uk/collection/P06/current/UTAA/,
ARMS_Getxo_G3_20200624_20201103_SF40_s1_r1:Otu506,preservativeUsed,,DMSO,http://vocab.nerc.ac.uk/collection/Q01/current/Q0100004/,,https://pubchem.ncbi.nlm.nih.gov/compound/679
ARMS_Getxo_G3_20200624_20201103_SF40_s1_r1:Otu506,lowerLimitFilterSize,micrometer,40,http://vocab.nerc.ac.uk/collection/Q01/current/Q0100011/,https://vocab.nerc.ac.uk/collection/P06/current/UMIC/,
ARMS_Getxo_G3_20200624_20201103_SF40_s1_r1:Otu506,fieldReplicateID,,ARMS_Getxo_G_20200624_20201103,http://vocab.nerc.ac.uk/collection/P01/current/IDSPRE01,,
ARMS_Getxo_G3_20200624_20201103_SF40_s1_r1:Otu348,submergedTime,day,132,http://vocab.nerc.ac.uk/collection/P01/current/AZDRZZ01/,https://vocab.nerc.ac.uk/collection/P06/current/UTAA/,
ARMS_Getxo_G3_20200624_20201103_SF40_s1_r1:Otu348,preservativeUsed,,DMSO,http://vocab.nerc.ac.uk/collection/Q01/current/Q0100004/,,https://pubchem.ncbi.nlm.nih.gov/compound/679
ARMS_Getxo_G3_20200624_20201103_SF40_s1_r1:Otu348,lowerLimitFilterSize,micrometer,40,http://vocab.nerc.ac.uk/collection/Q01/current/Q0100011/,https://vocab.nerc.ac.uk/collection/P06/current/UMIC/,
ARMS_Getxo_G3_20200624_20201103_SF40_s1_r1:Otu348,fieldReplicateID,,ARMS_Getxo_G_20200624_20201103,http://vocab.nerc.ac.uk/collection/P01/current/IDSPRE01,,
ARMS_Getxo_G3_20200624_20201103_SF40_s1_r1:Otu8,submergedTime,day,132,http://vocab.nerc.ac.uk/collection/P01/current/AZDRZZ01/,https://vocab.nerc.ac.uk/collection/P06/current/UTAA/,
ARMS_Getxo_G3_20200624_20201103_SF40_s1_r1:Otu8,preservativeUsed,,DMSO,http://vocab.nerc.ac.uk/collection/Q01/current/Q0100004/,,https://pubchem.ncbi.nlm.nih.gov/compound/679
ARMS_Getxo_G3_20200624_20201103_SF40_s1_r1:Otu8,lowerLimitFilterSize,micrometer,40,http://vocab.nerc.ac.uk/collection/Q01/current/Q0100011/,https://vocab.nerc.ac.uk/collection/P06/current/UMIC/,
ARMS_Getxo_G3_20200624_20201103_SF40_s1_r1:Otu8,fieldReplicateID,,ARMS_Getxo_G_20200624_20201103,http://vocab.nerc.ac.uk/collection/P01/current/IDSPRE01,,
ARMS_Getxo_G3_20200624_20201103_SF40_s1_r1:Otu9,submergedTime,day,132,http://vocab.nerc.ac.uk/collection/P01/current/AZDRZZ01/,https://vocab.nerc.ac.uk/collection/P06/current/UTAA/,
ARMS_Getxo_G3_20200624_20201103_SF40_s1_r1:Otu9,preservativeUsed,,DMSO,http://vocab.nerc.ac.uk/collection/Q01/current/Q0100004/,,https://pubchem.ncbi.nlm.nih.gov/compound/679
ARMS_Getxo_G3_20200624_20201103_SF40_s1_r1:Otu9,lowerLimitFilterSize,micrometer,40,http://vocab.nerc.ac.uk/collection/Q01/current/Q0100011/,https://vocab.nerc.ac.uk/collection/P06/current/UMIC/,
ARMS_Getxo_G3_20200624_20201103_SF40_s1_r1:Otu9,fieldReplicateID,,ARMS_Getxo_G_20200624_20201103,http://vocab.nerc.ac.uk/collection/P01/current/IDSPRE01,,
ARMS_Getxo_G3_20200624_20201103_SF40_s1_r1:Otu7,submergedTime,day,132,http://vocab.nerc.ac.uk/collection/P01/current/AZDRZZ01/,https://vocab.nerc.ac.uk/collection/P06/current/UTAA/,
ARMS_Getxo_G3_20200624_20201103_SF40_s1_r1:Otu7,preservativeUsed,,DMSO,http://vocab.nerc.ac.uk/collection/Q01/current/Q0100004/,,https://pubchem.ncbi.nlm.nih.gov/compound/679
ARMS_Getxo_G3_20200624_20201103_SF40_s1_r1:Otu7,lowerLimitFilterSize,micrometer,40,http://vocab.nerc.ac.uk/collection/Q01/current/Q0100011/,https://vocab.nerc.ac.uk/collection/P06/current/UMIC/,
ARMS_Getxo_G3_20200624_20201103_SF40_s1_r1:Otu7,fieldReplicateID,,ARMS_Getxo_G_20200624_20201103,http://vocab.nerc.ac.uk/collection/P01/current/IDSPRE01,,
ARMS_Getxo_G3_20200624_20201103_SF40_s1_r1:Otu5,submergedTime,day,132,http://vocab.nerc.ac.uk/collection/P01/current/AZDRZZ01/,https://vocab.nerc.ac.uk/collection/P06/current/UTAA/,
ARMS_Getxo_G3_20200624_20201103_SF40_s1_r1:Otu5,preservativeUsed,,DMSO,http://vocab.nerc.ac.uk/collection/Q01/current/Q0100004/,,https://pubchem.ncbi.nlm.nih.gov/compound/679
ARMS_Getxo_G3_20200624_20201103_SF40_s1_r1:Otu5,lowerLimitFilterSize,micrometer,40,http://vocab.nerc.ac.uk/collection/Q01/current/Q0100011/,https://vocab.nerc.ac.uk/collection/P06/current/UMIC/,
ARMS_Getxo_G3_20200624_20201103_SF40_s1_r1:Otu5,fieldReplicateID,,ARMS_Getxo_G_20200624_20201103,http://vocab.nerc.ac.uk/collection/P01/current/IDSPRE01,,
ARMS_Getxo_G3_20200624_20201103_SF40_s1_r1:Otu2,submergedTime,day,132,http://vocab.nerc.ac.uk/collection/P01/current/AZDRZZ01/,https://vocab.nerc.ac.uk/collection/P06/current/UTAA/,
ARMS_Getxo_G3_20200624_20201103_SF40_s1_r1:Otu2,preservativeUsed,,DMSO,http://vocab.nerc.ac.uk/collection/Q01/current/Q0100004/,,https://pubchem.ncbi.nlm.nih.gov/compound/679
ARMS_Getxo_G3_20200624_20201103_SF40_s1_r1:Otu2,lowerLimitFilterSize,micrometer,40,http://vocab.nerc.ac.uk/collection/Q01/current/Q0100011/,https://vocab.nerc.ac.uk/collection/P06/current/UMIC/,
ARMS_Getxo_G3_20200624_20201103_SF40_s1_r1:Otu2,fieldReplicateID,,ARMS_Getxo_G_20200624_20201103,http://vocab.nerc.ac.uk/collection/P01/current/IDSPRE01,,
ARMS_Getxo_G3_20200624_20201103_SF40_s1_r1:Otu3,submergedTime,day,132,http://vocab.nerc.ac.uk/collection/P01/current/AZDRZZ01/,https://vocab.nerc.ac.uk/collection/P06/current/UTAA/,
ARMS_Getxo_G3_20200624_20201103_SF40_s1_r1:Otu3,preservativeUsed,,DMSO,http://vocab.nerc.ac.uk/collection/Q01/current/Q0100004/,,https://pubchem.ncbi.nlm.nih.gov/compound/679
ARMS_Getxo_G3_20200624_20201103_SF40_s1_r1:Otu3,lowerLimitFilterSize,micrometer,40,http://vocab.nerc.ac.uk/collection/Q01/current/Q0100011/,https://vocab.nerc.ac.uk/collection/P06/current/UMIC/,
ARMS_Getxo_G3_20200624_20201103_SF40_s1_r1:Otu3,fieldReplicateID,,ARMS_Getxo_G_20200624_20201103,http://vocab.nerc.ac.uk/collection/P01/current/IDSPRE01,,
ARMS_Getxo_G3_20200624_20201103_SF40_s1_r1:Otu52,submergedTime,day,132,http://vocab.nerc.ac.uk/collection/P01/current/AZDRZZ01/,https://vocab.nerc.ac.uk/collection/P06/current/UTAA/,
ARMS_Getxo_G3_20200624_20201103_SF40_s1_r1:Otu52,preservativeUsed,,DMSO,http://vocab.nerc.ac.uk/collection/Q01/current/Q0100004/,,https://pubchem.ncbi.nlm.nih.gov/compound/679
ARMS_Getxo_G3_20200624_20201103_SF40_s1_r1:Otu52,lowerLimitFilterSize,micrometer,40,http://vocab.nerc.ac.uk/collection/Q01/current/Q0100011/,https://vocab.nerc.ac.uk/collection/P06/current/UMIC/,
ARMS_Getxo_G3_20200624_20201103_SF40_s1_r1:Otu52,fieldReplicateID,,ARMS_Getxo_G_20200624_20201103,http://vocab.nerc.ac.uk/collection/P01/current/IDSPRE01,,
ARMS_Getxo_G3_20200624_20201103_SF40_s1_r1:Otu475,submergedTime,day,132,http://vocab.nerc.ac.uk/collection/P01/current/AZDRZZ01/,https://vocab.nerc.ac.uk/collection/P06/current/UTAA/,
ARMS_Getxo_G3_20200624_20201103_SF40_s1_r1:Otu475,preservativeUsed,,DMSO,http://vocab.nerc.ac.uk/collection/Q01/current/Q0100004/,,https://pubchem.ncbi.nlm.nih.gov/compound/679
ARMS_Getxo_G3_20200624_20201103_SF40_s1_r1:Otu475,lowerLimitFilterSize,micrometer,40,http://vocab.nerc.ac.uk/collection/Q01/current/Q0100011/,https://vocab.nerc.ac.uk/collection/P06/current/UMIC/,
ARMS_Getxo_G3_20200624_20201103_SF40_s1_r1:Otu475,fieldReplicateID,,ARMS_Getxo_G_20200624_20201103,http://vocab.nerc.ac.uk/collection/P01/current/IDSPRE01,,
ARMS_Getxo_G3_20200624_20201103_SF40_s1_r1:Otu297,submergedTime,day,132,http://vocab.nerc.ac.uk/collection/P01/current/AZDRZZ01/,https://vocab.nerc.ac.uk/collection/P06/current/UTAA/,
ARMS_Getxo_G3_20200624_20201103_SF40_s1_r1:Otu297,preservativeUsed,,DMSO,http://vocab.nerc.ac.uk/collection/Q01/current/Q0100004/,,https://pubchem.ncbi.nlm.nih.gov/compound/679
ARMS_Getxo_G3_20200624_20201103_SF40_s1_r1:Otu297,lowerLimitFilterSize,micrometer,40,http://vocab.nerc.ac.uk/collection/Q01/current/Q0100011/,https://vocab.nerc.ac.uk/collection/P06/current/UMIC/,
ARMS_Getxo_G3_20200624_20201103_SF40_s1_r1:Otu297,fieldReplicateID,,ARMS_Getxo_G_20200624_20201103,http://vocab.nerc.ac.uk/collection/P01/current/IDSPRE01,,
ARMS_Getxo_G3_20200624_20201103_SF40_s1_r1:Otu296,submergedTime,day,132,http://vocab.nerc.ac.uk/collection/P01/current/AZDRZZ01/,https://vocab.nerc.ac.uk/collection/P06/current/UTAA/,
ARMS_Getxo_G3_20200624_20201103_SF40_s1_r1:Otu296,preservativeUsed,,DMSO,http://vocab.nerc.ac.uk/collection/Q01/current/Q0100004/,,https://pubchem.ncbi.nlm.nih.gov/compound/679
ARMS_Getxo_G3_20200624_20201103_SF40_s1_r1:Otu296,lowerLimitFilterSize,micrometer,40,http://vocab.nerc.ac.uk/collection/Q01/current/Q0100011/,https://vocab.nerc.ac.uk/collection/P06/current/UMIC/,
ARMS_Getxo_G3_20200624_20201103_SF40_s1_r1:Otu296,fieldReplicateID,,ARMS_Getxo_G_20200624_20201103,http://vocab.nerc.ac.uk/collection/P01/current/IDSPRE01,,
ARMS_Getxo_G3_20200624_20201103_SF40_s1_r1:Otu193,submergedTime,day,132,http://vocab.nerc.ac.uk/collection/P01/current/AZDRZZ01/,https://vocab.nerc.ac.uk/collection/P06/current/UTAA/,
ARMS_Getxo_G3_20200624_20201103_SF40_s1_r1:Otu193,preservativeUsed,,DMSO,http://vocab.nerc.ac.uk/collection/Q01/current/Q0100004/,,https://pubchem.ncbi.nlm.nih.gov/compound/679
ARMS_Getxo_G3_20200624_20201103_SF40_s1_r1:Otu193,lowerLimitFilterSize,micrometer,40,http://vocab.nerc.ac.uk/collection/Q01/current/Q0100011/,https://vocab.nerc.ac.uk/collection/P06/current/UMIC/,
ARMS_Getxo_G3_20200624_20201103_SF40_s1_r1:Otu193,fieldReplicateID,,ARMS_Getxo_G_20200624_20201103,http://vocab.nerc.ac.uk/collection/P01/current/IDSPRE01,,
ARMS_Getxo_G3_20200624_20201103_SF40_s1_r1:Otu190,submergedTime,day,132,http://vocab.nerc.ac.uk/collection/P01/current/AZDRZZ01/,https://vocab.nerc.ac.uk/collection/P06/current/UTAA/,
ARMS_Getxo_G3_20200624_20201103_SF40_s1_r1:Otu190,preservativeUsed,,DMSO,http://vocab.nerc.ac.uk/collection/Q01/current/Q0100004/,,https://pubchem.ncbi.nlm.nih.gov/compound/679
ARMS_Getxo_G3_20200624_20201103_SF40_s1_r1:Otu190,lowerLimitFilterSize,micrometer,40,http://vocab.nerc.ac.uk/collection/Q01/current/Q0100011/,https://vocab.nerc.ac.uk/collection/P06/current/UMIC/,
ARMS_Getxo_G3_20200624_20201103_SF40_s1_r1:Otu190,fieldReplicateID,,ARMS_Getxo_G_20200624_20201103,http://vocab.nerc.ac.uk/collection/P01/current/IDSPRE01,,
ARMS_Getxo_G3_20200624_20201103_SF40_s1_r1:Otu95,submergedTime,day,132,http://vocab.nerc.ac.uk/collection/P01/current/AZDRZZ01/,https://vocab.nerc.ac.uk/collection/P06/current/UTAA/,
ARMS_Getxo_G3_20200624_20201103_SF40_s1_r1:Otu95,preservativeUsed,,DMSO,http://vocab.nerc.ac.uk/collection/Q01/current/Q0100004/,,https://pubchem.ncbi.nlm.nih.gov/compound/679
ARMS_Getxo_G3_20200624_20201103_SF40_s1_r1:Otu95,lowerLimitFilterSize,micrometer,40,http://vocab.nerc.ac.uk/collection/Q01/current/Q0100011/,https://vocab.nerc.ac.uk/collection/P06/current/UMIC/,
ARMS_Getxo_G3_20200624_20201103_SF40_s1_r1:Otu95,fieldReplicateID,,ARMS_Getxo_G_20200624_20201103,http://vocab.nerc.ac.uk/collection/P01/current/IDSPRE01,,
ARMS_Getxo_G3_20200624_20201103_SF40_s1_r1:Otu409,submergedTime,day,132,http://vocab.nerc.ac.uk/collection/P01/current/AZDRZZ01/,https://vocab.nerc.ac.uk/collection/P06/current/UTAA/,
ARMS_Getxo_G3_20200624_20201103_SF40_s1_r1:Otu409,preservativeUsed,,DMSO,http://vocab.nerc.ac.uk/collection/Q01/current/Q0100004/,,https://pubchem.ncbi.nlm.nih.gov/compound/679
ARMS_Getxo_G3_20200624_20201103_SF40_s1_r1:Otu409,lowerLimitFilterSize,micrometer,40,http://vocab.nerc.ac.uk/collection/Q01/current/Q0100011/,https://vocab.nerc.ac.uk/collection/P06/current/UMIC/,
ARMS_Getxo_G3_20200624_20201103_SF40_s1_r1:Otu409,fieldReplicateID,,ARMS_Getxo_G_20200624_20201103,http://vocab.nerc.ac.uk/collection/P01/current/IDSPRE01,,
ARMS_Getxo_G3_20200624_20201103_SF40_s1_r1:Otu404,submergedTime,day,132,http://vocab.nerc.ac.uk/collection/P01/current/AZDRZZ01/,https://vocab.nerc.ac.uk/collection/P06/current/UTAA/,
ARMS_Getxo_G3_20200624_20201103_SF40_s1_r1:Otu404,preservativeUsed,,DMSO,http://vocab.nerc.ac.uk/collection/Q01/current/Q0100004/,,https://pubchem.ncbi.nlm.nih.gov/compound/679
ARMS_Getxo_G3_20200624_20201103_SF40_s1_r1:Otu404,lowerLimitFilterSize,micrometer,40,http://vocab.nerc.ac.uk/collection/Q01/current/Q0100011/,https://vocab.nerc.ac.uk/collection/P06/current/UMIC/,
ARMS_Getxo_G3_20200624_20201103_SF40_s1_r1:Otu404,fieldReplicateID,,ARMS_Getxo_G_20200624_20201103,http://vocab.nerc.ac.uk/collection/P01/current/IDSPRE01,,
ARMS_Getxo_G3_20200624_20201103_SF40_s1_r1:Otu407,submergedTime,day,132,http://vocab.nerc.ac.uk/collection/P01/current/AZDRZZ01/,https://vocab.nerc.ac.uk/collection/P06/current/UTAA/,
ARMS_Getxo_G3_20200624_20201103_SF40_s1_r1:Otu407,preservativeUsed,,DMSO,http://vocab.nerc.ac.uk/collection/Q01/current/Q0100004/,,https://pubchem.ncbi.nlm.nih.gov/compound/679
ARMS_Getxo_G3_20200624_20201103_SF40_s1_r1:Otu407,lowerLimitFilterSize,micrometer,40,http://vocab.nerc.ac.uk/collection/Q01/current/Q0100011/,https://vocab.nerc.ac.uk/collection/P06/current/UMIC/,
ARMS_Getxo_G3_20200624_20201103_SF40_s1_r1:Otu407,fieldReplicateID,,ARMS_Getxo_G_20200624_20201103,http://vocab.nerc.ac.uk/collection/P01/current/IDSPRE01,,
ARMS_Getxo_G3_20200624_20201103_SF40_s1_r1:Otu146,submergedTime,day,132,http://vocab.nerc.ac.uk/collection/P01/current/AZDRZZ01/,https://vocab.nerc.ac.uk/collection/P06/current/UTAA/,
ARMS_Getxo_G3_20200624_20201103_SF40_s1_r1:Otu146,preservativeUsed,,DMSO,http://vocab.nerc.ac.uk/collection/Q01/current/Q0100004/,,https://pubchem.ncbi.nlm.nih.gov/compound/679
ARMS_Getxo_G3_20200624_20201103_SF40_s1_r1:Otu146,lowerLimitFilterSize,micrometer,40,http://vocab.nerc.ac.uk/collection/Q01/current/Q0100011/,https://vocab.nerc.ac.uk/collection/P06/current/UMIC/,
ARMS_Getxo_G3_20200624_20201103_SF40_s1_r1:Otu146,fieldReplicateID,,ARMS_Getxo_G_20200624_20201103,http://vocab.nerc.ac.uk/collection/P01/current/IDSPRE01,,
ARMS_Getxo_G3_20200624_20201103_SF40_s1_r1:Otu394,submergedTime,day,132,http://vocab.nerc.ac.uk/collection/P01/current/AZDRZZ01/,https://vocab.nerc.ac.uk/collection/P06/current/UTAA/,
ARMS_Getxo_G3_20200624_20201103_SF40_s1_r1:Otu394,preservativeUsed,,DMSO,http://vocab.nerc.ac.uk/collection/Q01/current/Q0100004/,,https://pubchem.ncbi.nlm.nih.gov/compound/679
ARMS_Getxo_G3_20200624_20201103_SF40_s1_r1:Otu394,lowerLimitFilterSize,micrometer,40,http://vocab.nerc.ac.uk/collection/Q01/current/Q0100011/,https://vocab.nerc.ac.uk/collection/P06/current/UMIC/,
ARMS_Getxo_G3_20200624_20201103_SF40_s1_r1:Otu394,fieldReplicateID,,ARMS_Getxo_G_20200624_20201103,http://vocab.nerc.ac.uk/collection/P01/current/IDSPRE01,,
ARMS_Getxo_G3_20200624_20201103_SF40_s1_r1:Otu132,submergedTime,day,132,http://vocab.nerc.ac.uk/collection/P01/current/AZDRZZ01/,https://vocab.nerc.ac.uk/collection/P06/current/UTAA/,
ARMS_Getxo_G3_20200624_20201103_SF40_s1_r1:Otu132,preservativeUsed,,DMSO,http://vocab.nerc.ac.uk/collection/Q01/current/Q0100004/,,https://pubchem.ncbi.nlm.nih.gov/compound/679
ARMS_Getxo_G3_20200624_20201103_SF40_s1_r1:Otu132,lowerLimitFilterSize,micrometer,40,http://vocab.nerc.ac.uk/collection/Q01/current/Q0100011/,https://vocab.nerc.ac.uk/collection/P06/current/UMIC/,
ARMS_Getxo_G3_20200624_20201103_SF40_s1_r1:Otu132,fieldReplicateID,,ARMS_Getxo_G_20200624_20201103,http://vocab.nerc.ac.uk/collection/P01/current/IDSPRE01,,
ARMS_Getxo_G3_20200624_20201103_SF40_s1_r1:Otu16,submergedTime,day,132,http://vocab.nerc.ac.uk/collection/P01/current/AZDRZZ01/,https://vocab.nerc.ac.uk/collection/P06/current/UTAA/,
ARMS_Getxo_G3_20200624_20201103_SF40_s1_r1:Otu16,preservativeUsed,,DMSO,http://vocab.nerc.ac.uk/collection/Q01/current/Q0100004/,,https://pubchem.ncbi.nlm.nih.gov/compound/679
ARMS_Getxo_G3_20200624_20201103_SF40_s1_r1:Otu16,lowerLimitFilterSize,micrometer,40,http://vocab.nerc.ac.uk/collection/Q01/current/Q0100011/,https://vocab.nerc.ac.uk/collection/P06/current/UMIC/,
ARMS_Getxo_G3_20200624_20201103_SF40_s1_r1:Otu16,fieldReplicateID,,ARMS_Getxo_G_20200624_20201103,http://vocab.nerc.ac.uk/collection/P01/current/IDSPRE01,,
ARMS_Getxo_G3_20200624_20201103_SF40_s1_r1:Otu10,submergedTime,day,132,http://vocab.nerc.ac.uk/collection/P01/current/AZDRZZ01/,https://vocab.nerc.ac.uk/collection/P06/current/UTAA/,
ARMS_Getxo_G3_20200624_20201103_SF40_s1_r1:Otu10,preservativeUsed,,DMSO,http://vocab.nerc.ac.uk/collection/Q01/current/Q0100004/,,https://pubchem.ncbi.nlm.nih.gov/compound/679
ARMS_Getxo_G3_20200624_20201103_SF40_s1_r1:Otu10,lowerLimitFilterSize,micrometer,40,http://vocab.nerc.ac.uk/collection/Q01/current/Q0100011/,https://vocab.nerc.ac.uk/collection/P06/current/UMIC/,
ARMS_Getxo_G3_20200624_20201103_SF40_s1_r1:Otu10,fieldReplicateID,,ARMS_Getxo_G_20200624_20201103,http://vocab.nerc.ac.uk/collection/P01/current/IDSPRE01,,
ARMS_Getxo_G3_20200624_20201103_SF40_s1_r1:Otu18,submergedTime,day,132,http://vocab.nerc.ac.uk/collection/P01/current/AZDRZZ01/,https://vocab.nerc.ac.uk/collection/P06/current/UTAA/,
ARMS_Getxo_G3_20200624_20201103_SF40_s1_r1:Otu18,preservativeUsed,,DMSO,http://vocab.nerc.ac.uk/collection/Q01/current/Q0100004/,,https://pubchem.ncbi.nlm.nih.gov/compound/679
ARMS_Getxo_G3_20200624_20201103_SF40_s1_r1:Otu18,lowerLimitFilterSize,micrometer,40,http://vocab.nerc.ac.uk/collection/Q01/current/Q0100011/,https://vocab.nerc.ac.uk/collection/P06/current/UMIC/,
ARMS_Getxo_G3_20200624_20201103_SF40_s1_r1:Otu18,fieldReplicateID,,ARMS_Getxo_G_20200624_20201103,http://vocab.nerc.ac.uk/collection/P01/current/IDSPRE01,,
ARMS_Getxo_G3_20200624_20201103_SF40_s1_r1:Otu19,submergedTime,day,132,http://vocab.nerc.ac.uk/collection/P01/current/AZDRZZ01/,https://vocab.nerc.ac.uk/collection/P06/current/UTAA/,
ARMS_Getxo_G3_20200624_20201103_SF40_s1_r1:Otu19,preservativeUsed,,DMSO,http://vocab.nerc.ac.uk/collection/Q01/current/Q0100004/,,https://pubchem.ncbi.nlm.nih.gov/compound/679
ARMS_Getxo_G3_20200624_20201103_SF40_s1_r1:Otu19,lowerLimitFilterSize,micrometer,40,http://vocab.nerc.ac.uk/collection/Q01/current/Q0100011/,https://vocab.nerc.ac.uk/collection/P06/current/UMIC/,
ARMS_Getxo_G3_20200624_20201103_SF40_s1_r1:Otu19,fieldReplicateID,,ARMS_Getxo_G_20200624_20201103,http://vocab.nerc.ac.uk/collection/P01/current/IDSPRE01,,
ARMS_TZS_Angbat_20200608_20201117_MF100_ETOH_s1_r1:Otu177,submergedTime,day,162,http://vocab.nerc.ac.uk/collection/P01/current/AZDRZZ01/,https://vocab.nerc.ac.uk/collection/P06/current/UTAA/,
ARMS_TZS_Angbat_20200608_20201117_MF100_ETOH_s1_r1:Otu177,preservativeUsed,,EtOH,http://vocab.nerc.ac.uk/collection/Q01/current/Q0100004/,,https://pubchem.ncbi.nlm.nih.gov/compound/702
ARMS_TZS_Angbat_20200608_20201117_MF100_ETOH_s1_r1:Otu177,lowerLimitFilterSize,micrometer,100,http://vocab.nerc.ac.uk/collection/Q01/current/Q0100011/,https://vocab.nerc.ac.uk/collection/P06/current/UMIC/,
ARMS_TZS_Angbat_20200608_20201117_MF100_ETOH_s1_r1:Otu177,fieldReplicateID,,no replicate,http://vocab.nerc.ac.uk/collection/P01/current/IDSPRE01,,
ARMS_TZS_Angbat_20200608_20201117_MF100_ETOH_s1_r1:Otu358,submergedTime,day,162,http://vocab.nerc.ac.uk/collection/P01/current/AZDRZZ01/,https://vocab.nerc.ac.uk/collection/P06/current/UTAA/,
ARMS_TZS_Angbat_20200608_20201117_MF100_ETOH_s1_r1:Otu358,preservativeUsed,,EtOH,http://vocab.nerc.ac.uk/collection/Q01/current/Q0100004/,,https://pubchem.ncbi.nlm.nih.gov/compound/702
ARMS_TZS_Angbat_20200608_20201117_MF100_ETOH_s1_r1:Otu358,lowerLimitFilterSize,micrometer,100,http://vocab.nerc.ac.uk/collection/Q01/current/Q0100011/,https://vocab.nerc.ac.uk/collection/P06/current/UMIC/,
ARMS_TZS_Angbat_20200608_20201117_MF100_ETOH_s1_r1:Otu358,fieldReplicateID,,no replicate,http://vocab.nerc.ac.uk/collection/P01/current/IDSPRE01,,
ARMS_TZS_Angbat_20200608_20201117_MF100_ETOH_s1_r1:Otu65,submergedTime,day,162,http://vocab.nerc.ac.uk/collection/P01/current/AZDRZZ01/,https://vocab.nerc.ac.uk/collection/P06/current/UTAA/,
ARMS_TZS_Angbat_20200608_20201117_MF100_ETOH_s1_r1:Otu65,preservativeUsed,,EtOH,http://vocab.nerc.ac.uk/collection/Q01/current/Q0100004/,,https://pubchem.ncbi.nlm.nih.gov/compound/702
ARMS_TZS_Angbat_20200608_20201117_MF100_ETOH_s1_r1:Otu65,lowerLimitFilterSize,micrometer,100,http://vocab.nerc.ac.uk/collection/Q01/current/Q0100011/,https://vocab.nerc.ac.uk/collection/P06/current/UMIC/,
ARMS_TZS_Angbat_20200608_20201117_MF100_ETOH_s1_r1:Otu65,fieldReplicateID,,no replicate,http://vocab.nerc.ac.uk/collection/P01/current/IDSPRE01,,
ARMS_TZS_Angbat_20200608_20201117_MF100_ETOH_s1_r1:Otu67,submergedTime,day,162,http://vocab.nerc.ac.uk/collection/P01/current/AZDRZZ01/,https://vocab.nerc.ac.uk/collection/P06/current/UTAA/,
ARMS_TZS_Angbat_20200608_20201117_MF100_ETOH_s1_r1:Otu67,preservativeUsed,,EtOH,http://vocab.nerc.ac.uk/collection/Q01/current/Q0100004/,,https://pubchem.ncbi.nlm.nih.gov/compound/702
ARMS_TZS_Angbat_20200608_20201117_MF100_ETOH_s1_r1:Otu67,lowerLimitFilterSize,micrometer,100,http://vocab.nerc.ac.uk/collection/Q01/current/Q0100011/,https://vocab.nerc.ac.uk/collection/P06/current/UMIC/,
ARMS_TZS_Angbat_20200608_20201117_MF100_ETOH_s1_r1:Otu67,fieldReplicateID,,no replicate,http://vocab.nerc.ac.uk/collection/P01/current/IDSPRE01,,
ARMS_TZS_Angbat_20200608_20201117_MF100_ETOH_s1_r1:Otu305,submergedTime,day,162,http://vocab.nerc.ac.uk/collection/P01/current/AZDRZZ01/,https://vocab.nerc.ac.uk/collection/P06/current/UTAA/,
ARMS_TZS_Angbat_20200608_20201117_MF100_ETOH_s1_r1:Otu305,preservativeUsed,,EtOH,http://vocab.nerc.ac.uk/collection/Q01/current/Q0100004/,,https://pubchem.ncbi.nlm.nih.gov/compound/702
ARMS_TZS_Angbat_20200608_20201117_MF100_ETOH_s1_r1:Otu305,lowerLimitFilterSize,micrometer,100,http://vocab.nerc.ac.uk/collection/Q01/current/Q0100011/,https://vocab.nerc.ac.uk/collection/P06/current/UMIC/,
ARMS_TZS_Angbat_20200608_20201117_MF100_ETOH_s1_r1:Otu305,fieldReplicateID,,no replicate,http://vocab.nerc.ac.uk/collection/P01/current/IDSPRE01,,
ARMS_TZS_Angbat_20200608_20201117_MF100_ETOH_s1_r1:Otu304,submergedTime,day,162,http://vocab.nerc.ac.uk/collection/P01/current/AZDRZZ01/,https://vocab.nerc.ac.uk/collection/P06/current/UTAA/,
ARMS_TZS_Angbat_20200608_20201117_MF100_ETOH_s1_r1:Otu304,preservativeUsed,,EtOH,http://vocab.nerc.ac.uk/collection/Q01/current/Q0100004/,,https://pubchem.ncbi.nlm.nih.gov/compound/702
ARMS_TZS_Angbat_20200608_20201117_MF100_ETOH_s1_r1:Otu304,lowerLimitFilterSize,micrometer,100,http://vocab.nerc.ac.uk/collection/Q01/current/Q0100011/,https://vocab.nerc.ac.uk/collection/P06/current/UMIC/,
ARMS_TZS_Angbat_20200608_20201117_MF100_ETOH_s1_r1:Otu304,fieldReplicateID,,no replicate,http://vocab.nerc.ac.uk/collection/P01/current/IDSPRE01,,
ARMS_TZS_Angbat_20200608_20201117_MF100_ETOH_s1_r1:Otu303,submergedTime,day,162,http://vocab.nerc.ac.uk/collection/P01/current/AZDRZZ01/,https://vocab.nerc.ac.uk/collection/P06/current/UTAA/,
ARMS_TZS_Angbat_20200608_20201117_MF100_ETOH_s1_r1:Otu303,preservativeUsed,,EtOH,http://vocab.nerc.ac.uk/collection/Q01/current/Q0100004/,,https://pubchem.ncbi.nlm.nih.gov/compound/702
ARMS_TZS_Angbat_20200608_20201117_MF100_ETOH_s1_r1:Otu303,lowerLimitFilterSize,micrometer,100,http://vocab.nerc.ac.uk/collection/Q01/current/Q0100011/,https://vocab.nerc.ac.uk/collection/P06/current/UMIC/,
ARMS_TZS_Angbat_20200608_20201117_MF100_ETOH_s1_r1:Otu303,fieldReplicateID,,no replicate,http://vocab.nerc.ac.uk/collection/P01/current/IDSPRE01,,
ARMS_TZS_Angbat_20200608_20201117_MF100_ETOH_s1_r1:Otu264,submergedTime,day,162,http://vocab.nerc.ac.uk/collection/P01/current/AZDRZZ01/,https://vocab.nerc.ac.uk/collection/P06/current/UTAA/,
ARMS_TZS_Angbat_20200608_20201117_MF100_ETOH_s1_r1:Otu264,preservativeUsed,,EtOH,http://vocab.nerc.ac.uk/collection/Q01/current/Q0100004/,,https://pubchem.ncbi.nlm.nih.gov/compound/702
ARMS_TZS_Angbat_20200608_20201117_MF100_ETOH_s1_r1:Otu264,lowerLimitFilterSize,micrometer,100,http://vocab.nerc.ac.uk/collection/Q01/current/Q0100011/,https://vocab.nerc.ac.uk/collection/P06/current/UMIC/,
ARMS_TZS_Angbat_20200608_20201117_MF100_ETOH_s1_r1:Otu264,fieldReplicateID,,no replicate,http://vocab.nerc.ac.uk/collection/P01/current/IDSPRE01,,
ARMS_TZS_Angbat_20200608_20201117_MF100_ETOH_s1_r1:Otu265,submergedTime,day,162,http://vocab.nerc.ac.uk/collection/P01/current/AZDRZZ01/,https://vocab.nerc.ac.uk/collection/P06/current/UTAA/,
ARMS_TZS_Angbat_20200608_20201117_MF100_ETOH_s1_r1:Otu265,preservativeUsed,,EtOH,http://vocab.nerc.ac.uk/collection/Q01/current/Q0100004/,,https://pubchem.ncbi.nlm.nih.gov/compound/702
ARMS_TZS_Angbat_20200608_20201117_MF100_ETOH_s1_r1:Otu265,lowerLimitFilterSize,micrometer,100,http://vocab.nerc.ac.uk/collection/Q01/current/Q0100011/,https://vocab.nerc.ac.uk/collection/P06/current/UMIC/,
ARMS_TZS_Angbat_20200608_20201117_MF100_ETOH_s1_r1:Otu265,fieldReplicateID,,no replicate,http://vocab.nerc.ac.uk/collection/P01/current/IDSPRE01,,
ARMS_TZS_Angbat_20200608_20201117_MF100_ETOH_s1_r1:Otu266,submergedTime,day,162,http://vocab.nerc.ac.uk/collection/P01/current/AZDRZZ01/,https://vocab.nerc.ac.uk/collection/P06/current/UTAA/,
ARMS_TZS_Angbat_20200608_20201117_MF100_ETOH_s1_r1:Otu266,preservativeUsed,,EtOH,http://vocab.nerc.ac.uk/collection/Q01/current/Q0100004/,,https://pubchem.ncbi.nlm.nih.gov/compound/702
ARMS_TZS_Angbat_20200608_20201117_MF100_ETOH_s1_r1:Otu266,lowerLimitFilterSize,micrometer,100,http://vocab.nerc.ac.uk/collection/Q01/current/Q0100011/,https://vocab.nerc.ac.uk/collection/P06/current/UMIC/,
ARMS_TZS_Angbat_20200608_20201117_MF100_ETOH_s1_r1:Otu266,fieldReplicateID,,no replicate,http://vocab.nerc.ac.uk/collection/P01/current/IDSPRE01,,
ARMS_TZS_Angbat_20200608_20201117_MF100_ETOH_s1_r1:Otu267,submergedTime,day,162,http://vocab.nerc.ac.uk/collection/P01/current/AZDRZZ01/,https://vocab.nerc.ac.uk/collection/P06/current/UTAA/,
ARMS_TZS_Angbat_20200608_20201117_MF100_ETOH_s1_r1:Otu267,preservativeUsed,,EtOH,http://vocab.nerc.ac.uk/collection/Q01/current/Q0100004/,,https://pubchem.ncbi.nlm.nih.gov/compound/702
ARMS_TZS_Angbat_20200608_20201117_MF100_ETOH_s1_r1:Otu267,lowerLimitFilterSize,micrometer,100,http://vocab.nerc.ac.uk/collection/Q01/current/Q0100011/,https://vocab.nerc.ac.uk/collection/P06/current/UMIC/,
ARMS_TZS_Angbat_20200608_20201117_MF100_ETOH_s1_r1:Otu267,fieldReplicateID,,no replicate,http://vocab.nerc.ac.uk/collection/P01/current/IDSPRE01,,
ARMS_TZS_Angbat_20200608_20201117_MF100_ETOH_s1_r1:Otu262,submergedTime,day,162,http://vocab.nerc.ac.uk/collection/P01/current/AZDRZZ01/,https://vocab.nerc.ac.uk/collection/P06/current/UTAA/,
ARMS_TZS_Angbat_20200608_20201117_MF100_ETOH_s1_r1:Otu262,preservativeUsed,,EtOH,http://vocab.nerc.ac.uk/collection/Q01/current/Q0100004/,,https://pubchem.ncbi.nlm.nih.gov/compound/702
ARMS_TZS_Angbat_20200608_20201117_MF100_ETOH_s1_r1:Otu262,lowerLimitFilterSize,micrometer,100,http://vocab.nerc.ac.uk/collection/Q01/current/Q0100011/,https://vocab.nerc.ac.uk/collection/P06/current/UMIC/,
ARMS_TZS_Angbat_20200608_20201117_MF100_ETOH_s1_r1:Otu262,fieldReplicateID,,no replicate,http://vocab.nerc.ac.uk/collection/P01/current/IDSPRE01,,
ARMS_TZS_Angbat_20200608_20201117_MF100_ETOH_s1_r1:Otu33,submergedTime,day,162,http://vocab.nerc.ac.uk/collection/P01/current/AZDRZZ01/,https://vocab.nerc.ac.uk/collection/P06/current/UTAA/,
ARMS_TZS_Angbat_20200608_20201117_MF100_ETOH_s1_r1:Otu33,preservativeUsed,,EtOH,http://vocab.nerc.ac.uk/collection/Q01/current/Q0100004/,,https://pubchem.ncbi.nlm.nih.gov/compound/702
ARMS_TZS_Angbat_20200608_20201117_MF100_ETOH_s1_r1:Otu33,lowerLimitFilterSize,micrometer,100,http://vocab.nerc.ac.uk/collection/Q01/current/Q0100011/,https://vocab.nerc.ac.uk/collection/P06/current/UMIC/,
ARMS_TZS_Angbat_20200608_20201117_MF100_ETOH_s1_r1:Otu33,fieldReplicateID,,no replicate,http://vocab.nerc.ac.uk/collection/P01/current/IDSPRE01,,
ARMS_TZS_Angbat_20200608_20201117_MF100_ETOH_s1_r1:Otu263,submergedTime,day,162,http://vocab.nerc.ac.uk/collection/P01/current/AZDRZZ01/,https://vocab.nerc.ac.uk/collection/P06/current/UTAA/,
ARMS_TZS_Angbat_20200608_20201117_MF100_ETOH_s1_r1:Otu263,preservativeUsed,,EtOH,http://vocab.nerc.ac.uk/collection/Q01/current/Q0100004/,,https://pubchem.ncbi.nlm.nih.gov/compound/702
ARMS_TZS_Angbat_20200608_20201117_MF100_ETOH_s1_r1:Otu263,lowerLimitFilterSize,micrometer,100,http://vocab.nerc.ac.uk/collection/Q01/current/Q0100011/,https://vocab.nerc.ac.uk/collection/P06/current/UMIC/,
ARMS_TZS_Angbat_20200608_20201117_MF100_ETOH_s1_r1:Otu263,fieldReplicateID,,no replicate,http://vocab.nerc.ac.uk/collection/P01/current/IDSPRE01,,
ARMS_TZS_Angbat_20200608_20201117_MF100_ETOH_s1_r1:Otu83,submergedTime,day,162,http://vocab.nerc.ac.uk/collection/P01/current/AZDRZZ01/,https://vocab.nerc.ac.uk/collection/P06/current/UTAA/,
ARMS_TZS_Angbat_20200608_20201117_MF100_ETOH_s1_r1:Otu83,preservativeUsed,,EtOH,http://vocab.nerc.ac.uk/collection/Q01/current/Q0100004/,,https://pubchem.ncbi.nlm.nih.gov/compound/702
ARMS_TZS_Angbat_20200608_20201117_MF100_ETOH_s1_r1:Otu83,lowerLimitFilterSize,micrometer,100,http://vocab.nerc.ac.uk/collection/Q01/current/Q0100011/,https://vocab.nerc.ac.uk/collection/P06/current/UMIC/,
ARMS_TZS_Angbat_20200608_20201117_MF100_ETOH_s1_r1:Otu83,fieldReplicateID,,no replicate,http://vocab.nerc.ac.uk/collection/P01/current/IDSPRE01,,
ARMS_TZS_Angbat_20200608_20201117_MF100_ETOH_s1_r1:Otu87,submergedTime,day,162,http://vocab.nerc.ac.uk/collection/P01/current/AZDRZZ01/,https://vocab.nerc.ac.uk/collection/P06/current/UTAA/,
ARMS_TZS_Angbat_20200608_20201117_MF100_ETOH_s1_r1:Otu87,preservativeUsed,,EtOH,http://vocab.nerc.ac.uk/collection/Q01/current/Q0100004/,,https://pubchem.ncbi.nlm.nih.gov/compound/702
ARMS_TZS_Angbat_20200608_20201117_MF100_ETOH_s1_r1:Otu87,lowerLimitFilterSize,micrometer,100,http://vocab.nerc.ac.uk/collection/Q01/current/Q0100011/,https://vocab.nerc.ac.uk/collection/P06/current/UMIC/,
ARMS_TZS_Angbat_20200608_20201117_MF100_ETOH_s1_r1:Otu87,fieldReplicateID,,no replicate,http://vocab.nerc.ac.uk/collection/P01/current/IDSPRE01,,
ARMS_TZS_Angbat_20200608_20201117_MF100_ETOH_s1_r1:Otu85,submergedTime,day,162,http://vocab.nerc.ac.uk/collection/P01/current/AZDRZZ01/,https://vocab.nerc.ac.uk/collection/P06/current/UTAA/,
ARMS_TZS_Angbat_20200608_20201117_MF100_ETOH_s1_r1:Otu85,preservativeUsed,,EtOH,http://vocab.nerc.ac.uk/collection/Q01/current/Q0100004/,,https://pubchem.ncbi.nlm.nih.gov/compound/702
ARMS_TZS_Angbat_20200608_20201117_MF100_ETOH_s1_r1:Otu85,lowerLimitFilterSize,micrometer,100,http://vocab.nerc.ac.uk/collection/Q01/current/Q0100011/,https://vocab.nerc.ac.uk/collection/P06/current/UMIC/,
ARMS_TZS_Angbat_20200608_20201117_MF100_ETOH_s1_r1:Otu85,fieldReplicateID,,no replicate,http://vocab.nerc.ac.uk/collection/P01/current/IDSPRE01,,
ARMS_TZS_Angbat_20200608_20201117_MF100_ETOH_s1_r1:Otu422,submergedTime,day,162,http://vocab.nerc.ac.uk/collection/P01/current/AZDRZZ01/,https://vocab.nerc.ac.uk/collection/P06/current/UTAA/,
ARMS_TZS_Angbat_20200608_20201117_MF100_ETOH_s1_r1:Otu422,preservativeUsed,,EtOH,http://vocab.nerc.ac.uk/collection/Q01/current/Q0100004/,,https://pubchem.ncbi.nlm.nih.gov/compound/702
ARMS_TZS_Angbat_20200608_20201117_MF100_ETOH_s1_r1:Otu422,lowerLimitFilterSize,micrometer,100,http://vocab.nerc.ac.uk/collection/Q01/current/Q0100011/,https://vocab.nerc.ac.uk/collection/P06/current/UMIC/,
ARMS_TZS_Angbat_20200608_20201117_MF100_ETOH_s1_r1:Otu422,fieldReplicateID,,no replicate,http://vocab.nerc.ac.uk/collection/P01/current/IDSPRE01,,
ARMS_TZS_Angbat_20200608_20201117_MF100_ETOH_s1_r1:Otu423,submergedTime,day,162,http://vocab.nerc.ac.uk/collection/P01/current/AZDRZZ01/,https://vocab.nerc.ac.uk/collection/P06/current/UTAA/,
ARMS_TZS_Angbat_20200608_20201117_MF100_ETOH_s1_r1:Otu423,preservativeUsed,,EtOH,http://vocab.nerc.ac.uk/collection/Q01/current/Q0100004/,,https://pubchem.ncbi.nlm.nih.gov/compound/702
ARMS_TZS_Angbat_20200608_20201117_MF100_ETOH_s1_r1:Otu423,lowerLimitFilterSize,micrometer,100,http://vocab.nerc.ac.uk/collection/Q01/current/Q0100011/,https://vocab.nerc.ac.uk/collection/P06/current/UMIC/,
ARMS_TZS_Angbat_20200608_20201117_MF100_ETOH_s1_r1:Otu423,fieldReplicateID,,no replicate,http://vocab.nerc.ac.uk/collection/P01/current/IDSPRE01,,
ARMS_TZS_Angbat_20200608_20201117_MF100_ETOH_s1_r1:Otu420,submergedTime,day,162,http://vocab.nerc.ac.uk/collection/P01/current/AZDRZZ01/,https://vocab.nerc.ac.uk/collection/P06/current/UTAA/,
ARMS_TZS_Angbat_20200608_20201117_MF100_ETOH_s1_r1:Otu420,preservativeUsed,,EtOH,http://vocab.nerc.ac.uk/collection/Q01/current/Q0100004/,,https://pubchem.ncbi.nlm.nih.gov/compound/702
ARMS_TZS_Angbat_20200608_20201117_MF100_ETOH_s1_r1:Otu420,lowerLimitFilterSize,micrometer,100,http://vocab.nerc.ac.uk/collection/Q01/current/Q0100011/,https://vocab.nerc.ac.uk/collection/P06/current/UMIC/,
ARMS_TZS_Angbat_20200608_20201117_MF100_ETOH_s1_r1:Otu420,fieldReplicateID,,no replicate,http://vocab.nerc.ac.uk/collection/P01/current/IDSPRE01,,
ARMS_TZS_Angbat_20200608_20201117_MF100_ETOH_s1_r1:Otu421,submergedTime,day,162,http://vocab.nerc.ac.uk/collection/P01/current/AZDRZZ01/,https://vocab.nerc.ac.uk/collection/P06/current/UTAA/,
ARMS_TZS_Angbat_20200608_20201117_MF100_ETOH_s1_r1:Otu421,preservativeUsed,,EtOH,http://vocab.nerc.ac.uk/collection/Q01/current/Q0100004/,,https://pubchem.ncbi.nlm.nih.gov/compound/702
ARMS_TZS_Angbat_20200608_20201117_MF100_ETOH_s1_r1:Otu421,lowerLimitFilterSize,micrometer,100,http://vocab.nerc.ac.uk/collection/Q01/current/Q0100011/,https://vocab.nerc.ac.uk/collection/P06/current/UMIC/,
ARMS_TZS_Angbat_20200608_20201117_MF100_ETOH_s1_r1:Otu421,fieldReplicateID,,no replicate,http://vocab.nerc.ac.uk/collection/P01/current/IDSPRE01,,
ARMS_TZS_Angbat_20200608_20201117_MF100_ETOH_s1_r1:Otu151,submergedTime,day,162,http://vocab.nerc.ac.uk/collection/P01/current/AZDRZZ01/,https://vocab.nerc.ac.uk/collection/P06/current/UTAA/,
ARMS_TZS_Angbat_20200608_20201117_MF100_ETOH_s1_r1:Otu151,preservativeUsed,,EtOH,http://vocab.nerc.ac.uk/collection/Q01/current/Q0100004/,,https://pubchem.ncbi.nlm.nih.gov/compound/702
ARMS_TZS_Angbat_20200608_20201117_MF100_ETOH_s1_r1:Otu151,lowerLimitFilterSize,micrometer,100,http://vocab.nerc.ac.uk/collection/Q01/current/Q0100011/,https://vocab.nerc.ac.uk/collection/P06/current/UMIC/,
ARMS_TZS_Angbat_20200608_20201117_MF100_ETOH_s1_r1:Otu151,fieldReplicateID,,no replicate,http://vocab.nerc.ac.uk/collection/P01/current/IDSPRE01,,
ARMS_TZS_Angbat_20200608_20201117_MF100_ETOH_s1_r1:Otu235,submergedTime,day,162,http://vocab.nerc.ac.uk/collection/P01/current/AZDRZZ01/,https://vocab.nerc.ac.uk/collection/P06/current/UTAA/,
ARMS_TZS_Angbat_20200608_20201117_MF100_ETOH_s1_r1:Otu235,preservativeUsed,,EtOH,http://vocab.nerc.ac.uk/collection/Q01/current/Q0100004/,,https://pubchem.ncbi.nlm.nih.gov/compound/702
ARMS_TZS_Angbat_20200608_20201117_MF100_ETOH_s1_r1:Otu235,lowerLimitFilterSize,micrometer,100,http://vocab.nerc.ac.uk/collection/Q01/current/Q0100011/,https://vocab.nerc.ac.uk/collection/P06/current/UMIC/,
ARMS_TZS_Angbat_20200608_20201117_MF100_ETOH_s1_r1:Otu235,fieldReplicateID,,no replicate,http://vocab.nerc.ac.uk/collection/P01/current/IDSPRE01,,
ARMS_TZS_Angbat_20200608_20201117_MF100_ETOH_s1_r1:Otu168,submergedTime,day,162,http://vocab.nerc.ac.uk/collection/P01/current/AZDRZZ01/,https://vocab.nerc.ac.uk/collection/P06/current/UTAA/,
ARMS_TZS_Angbat_20200608_20201117_MF100_ETOH_s1_r1:Otu168,preservativeUsed,,EtOH,http://vocab.nerc.ac.uk/collection/Q01/current/Q0100004/,,https://pubchem.ncbi.nlm.nih.gov/compound/702
ARMS_TZS_Angbat_20200608_20201117_MF100_ETOH_s1_r1:Otu168,lowerLimitFilterSize,micrometer,100,http://vocab.nerc.ac.uk/collection/Q01/current/Q0100011/,https://vocab.nerc.ac.uk/collection/P06/current/UMIC/,
ARMS_TZS_Angbat_20200608_20201117_MF100_ETOH_s1_r1:Otu168,fieldReplicateID,,no replicate,http://vocab.nerc.ac.uk/collection/P01/current/IDSPRE01,,
ARMS_TZS_Angbat_20200608_20201117_MF100_ETOH_s1_r1:Otu9,submergedTime,day,162,http://vocab.nerc.ac.uk/collection/P01/current/AZDRZZ01/,https://vocab.nerc.ac.uk/collection/P06/current/UTAA/,
ARMS_TZS_Angbat_20200608_20201117_MF100_ETOH_s1_r1:Otu9,preservativeUsed,,EtOH,http://vocab.nerc.ac.uk/collection/Q01/current/Q0100004/,,https://pubchem.ncbi.nlm.nih.gov/compound/702
ARMS_TZS_Angbat_20200608_20201117_MF100_ETOH_s1_r1:Otu9,lowerLimitFilterSize,micrometer,100,http://vocab.nerc.ac.uk/collection/Q01/current/Q0100011/,https://vocab.nerc.ac.uk/collection/P06/current/UMIC/,
ARMS_TZS_Angbat_20200608_20201117_MF100_ETOH_s1_r1:Otu9,fieldReplicateID,,no replicate,http://vocab.nerc.ac.uk/collection/P01/current/IDSPRE01,,
ARMS_TZS_Angbat_20200608_20201117_MF100_ETOH_s1_r1:Otu5,submergedTime,day,162,http://vocab.nerc.ac.uk/collection/P01/current/AZDRZZ01/,https://vocab.nerc.ac.uk/collection/P06/current/UTAA/,
ARMS_TZS_Angbat_20200608_20201117_MF100_ETOH_s1_r1:Otu5,preservativeUsed,,EtOH,http://vocab.nerc.ac.uk/collection/Q01/current/Q0100004/,,https://pubchem.ncbi.nlm.nih.gov/compound/702
ARMS_TZS_Angbat_20200608_20201117_MF100_ETOH_s1_r1:Otu5,lowerLimitFilterSize,micrometer,100,http://vocab.nerc.ac.uk/collection/Q01/current/Q0100011/,https://vocab.nerc.ac.uk/collection/P06/current/UMIC/,
ARMS_TZS_Angbat_20200608_20201117_MF100_ETOH_s1_r1:Otu5,fieldReplicateID,,no replicate,http://vocab.nerc.ac.uk/collection/P01/current/IDSPRE01,,
ARMS_TZS_Angbat_20200608_20201117_MF100_ETOH_s1_r1:Otu2,submergedTime,day,162,http://vocab.nerc.ac.uk/collection/P01/current/AZDRZZ01/,https://vocab.nerc.ac.uk/collection/P06/current/UTAA/,
ARMS_TZS_Angbat_20200608_20201117_MF100_ETOH_s1_r1:Otu2,preservativeUsed,,EtOH,http://vocab.nerc.ac.uk/collection/Q01/current/Q0100004/,,https://pubchem.ncbi.nlm.nih.gov/compound/702
ARMS_TZS_Angbat_20200608_20201117_MF100_ETOH_s1_r1:Otu2,lowerLimitFilterSize,micrometer,100,http://vocab.nerc.ac.uk/collection/Q01/current/Q0100011/,https://vocab.nerc.ac.uk/collection/P06/current/UMIC/,
ARMS_TZS_Angbat_20200608_20201117_MF100_ETOH_s1_r1:Otu2,fieldReplicateID,,no replicate,http://vocab.nerc.ac.uk/collection/P01/current/IDSPRE01,,
ARMS_TZS_Angbat_20200608_20201117_MF100_ETOH_s1_r1:Otu1,submergedTime,day,162,http://vocab.nerc.ac.uk/collection/P01/current/AZDRZZ01/,https://vocab.nerc.ac.uk/collection/P06/current/UTAA/,
ARMS_TZS_Angbat_20200608_20201117_MF100_ETOH_s1_r1:Otu1,preservativeUsed,,EtOH,http://vocab.nerc.ac.uk/collection/Q01/current/Q0100004/,,https://pubchem.ncbi.nlm.nih.gov/compound/702
ARMS_TZS_Angbat_20200608_20201117_MF100_ETOH_s1_r1:Otu1,lowerLimitFilterSize,micrometer,100,http://vocab.nerc.ac.uk/collection/Q01/current/Q0100011/,https://vocab.nerc.ac.uk/collection/P06/current/UMIC/,
ARMS_TZS_Angbat_20200608_20201117_MF100_ETOH_s1_r1:Otu1,fieldReplicateID,,no replicate,http://vocab.nerc.ac.uk/collection/P01/current/IDSPRE01,,
ARMS_TZS_Angbat_20200608_20201117_MF100_ETOH_s1_r1:Otu204,submergedTime,day,162,http://vocab.nerc.ac.uk/collection/P01/current/AZDRZZ01/,https://vocab.nerc.ac.uk/collection/P06/current/UTAA/,
ARMS_TZS_Angbat_20200608_20201117_MF100_ETOH_s1_r1:Otu204,preservativeUsed,,EtOH,http://vocab.nerc.ac.uk/collection/Q01/current/Q0100004/,,https://pubchem.ncbi.nlm.nih.gov/compound/702
ARMS_TZS_Angbat_20200608_20201117_MF100_ETOH_s1_r1:Otu204,lowerLimitFilterSize,micrometer,100,http://vocab.nerc.ac.uk/collection/Q01/current/Q0100011/,https://vocab.nerc.ac.uk/collection/P06/current/UMIC/,
ARMS_TZS_Angbat_20200608_20201117_MF100_ETOH_s1_r1:Otu204,fieldReplicateID,,no replicate,http://vocab.nerc.ac.uk/collection/P01/current/IDSPRE01,,
ARMS_TZS_Angbat_20200608_20201117_MF100_ETOH_s1_r1:Otu102,submergedTime,day,162,http://vocab.nerc.ac.uk/collection/P01/current/AZDRZZ01/,https://vocab.nerc.ac.uk/collection/P06/current/UTAA/,
ARMS_TZS_Angbat_20200608_20201117_MF100_ETOH_s1_r1:Otu102,preservativeUsed,,EtOH,http://vocab.nerc.ac.uk/collection/Q01/current/Q0100004/,,https://pubchem.ncbi.nlm.nih.gov/compound/702
ARMS_TZS_Angbat_20200608_20201117_MF100_ETOH_s1_r1:Otu102,lowerLimitFilterSize,micrometer,100,http://vocab.nerc.ac.uk/collection/Q01/current/Q0100011/,https://vocab.nerc.ac.uk/collection/P06/current/UMIC/,
ARMS_TZS_Angbat_20200608_20201117_MF100_ETOH_s1_r1:Otu102,fieldReplicateID,,no replicate,http://vocab.nerc.ac.uk/collection/P01/current/IDSPRE01,,
ARMS_TZS_Angbat_20200608_20201117_MF100_ETOH_s1_r1:Otu268,submergedTime,day,162,http://vocab.nerc.ac.uk/collection/P01/current/AZDRZZ01/,https://vocab.nerc.ac.uk/collection/P06/current/UTAA/,
ARMS_TZS_Angbat_20200608_20201117_MF100_ETOH_s1_r1:Otu268,preservativeUsed,,EtOH,http://vocab.nerc.ac.uk/collection/Q01/current/Q0100004/,,https://pubchem.ncbi.nlm.nih.gov/compound/702
ARMS_TZS_Angbat_20200608_20201117_MF100_ETOH_s1_r1:Otu268,lowerLimitFilterSize,micrometer,100,http://vocab.nerc.ac.uk/collection/Q01/current/Q0100011/,https://vocab.nerc.ac.uk/collection/P06/current/UMIC/,
ARMS_TZS_Angbat_20200608_20201117_MF100_ETOH_s1_r1:Otu268,fieldReplicateID,,no replicate,http://vocab.nerc.ac.uk/collection/P01/current/IDSPRE01,,
ARMS_TZS_Angbat_20200608_20201117_MF100_ETOH_s1_r1:Otu196,submergedTime,day,162,http://vocab.nerc.ac.uk/collection/P01/current/AZDRZZ01/,https://vocab.nerc.ac.uk/collection/P06/current/UTAA/,
ARMS_TZS_Angbat_20200608_20201117_MF100_ETOH_s1_r1:Otu196,preservativeUsed,,EtOH,http://vocab.nerc.ac.uk/collection/Q01/current/Q0100004/,,https://pubchem.ncbi.nlm.nih.gov/compound/702
ARMS_TZS_Angbat_20200608_20201117_MF100_ETOH_s1_r1:Otu196,lowerLimitFilterSize,micrometer,100,http://vocab.nerc.ac.uk/collection/Q01/current/Q0100011/,https://vocab.nerc.ac.uk/collection/P06/current/UMIC/,
ARMS_TZS_Angbat_20200608_20201117_MF100_ETOH_s1_r1:Otu196,fieldReplicateID,,no replicate,http://vocab.nerc.ac.uk/collection/P01/current/IDSPRE01,,
ARMS_TZS_Angbat_20200608_20201117_MF100_ETOH_s1_r1:Otu197,submergedTime,day,162,http://vocab.nerc.ac.uk/collection/P01/current/AZDRZZ01/,https://vocab.nerc.ac.uk/collection/P06/current/UTAA/,
ARMS_TZS_Angbat_20200608_20201117_MF100_ETOH_s1_r1:Otu197,preservativeUsed,,EtOH,http://vocab.nerc.ac.uk/collection/Q01/current/Q0100004/,,https://pubchem.ncbi.nlm.nih.gov/compound/702
ARMS_TZS_Angbat_20200608_20201117_MF100_ETOH_s1_r1:Otu197,lowerLimitFilterSize,micrometer,100,http://vocab.nerc.ac.uk/collection/Q01/current/Q0100011/,https://vocab.nerc.ac.uk/collection/P06/current/UMIC/,
ARMS_TZS_Angbat_20200608_20201117_MF100_ETOH_s1_r1:Otu197,fieldReplicateID,,no replicate,http://vocab.nerc.ac.uk/collection/P01/current/IDSPRE01,,
ARMS_TZS_Angbat_20200608_20201117_MF100_ETOH_s1_r1:Otu195,submergedTime,day,162,http://vocab.nerc.ac.uk/collection/P01/current/AZDRZZ01/,https://vocab.nerc.ac.uk/collection/P06/current/UTAA/,
ARMS_TZS_Angbat_20200608_20201117_MF100_ETOH_s1_r1:Otu195,preservativeUsed,,EtOH,http://vocab.nerc.ac.uk/collection/Q01/current/Q0100004/,,https://pubchem.ncbi.nlm.nih.gov/compound/702
ARMS_TZS_Angbat_20200608_20201117_MF100_ETOH_s1_r1:Otu195,lowerLimitFilterSize,micrometer,100,http://vocab.nerc.ac.uk/collection/Q01/current/Q0100011/,https://vocab.nerc.ac.uk/collection/P06/current/UMIC/,
ARMS_TZS_Angbat_20200608_20201117_MF100_ETOH_s1_r1:Otu195,fieldReplicateID,,no replicate,http://vocab.nerc.ac.uk/collection/P01/current/IDSPRE01,,
ARMS_TZS_Angbat_20200608_20201117_MF100_ETOH_s1_r1:Otu98,submergedTime,day,162,http://vocab.nerc.ac.uk/collection/P01/current/AZDRZZ01/,https://vocab.nerc.ac.uk/collection/P06/current/UTAA/,
ARMS_TZS_Angbat_20200608_20201117_MF100_ETOH_s1_r1:Otu98,preservativeUsed,,EtOH,http://vocab.nerc.ac.uk/collection/Q01/current/Q0100004/,,https://pubchem.ncbi.nlm.nih.gov/compound/702
ARMS_TZS_Angbat_20200608_20201117_MF100_ETOH_s1_r1:Otu98,lowerLimitFilterSize,micrometer,100,http://vocab.nerc.ac.uk/collection/Q01/current/Q0100011/,https://vocab.nerc.ac.uk/collection/P06/current/UMIC/,
ARMS_TZS_Angbat_20200608_20201117_MF100_ETOH_s1_r1:Otu98,fieldReplicateID,,no replicate,http://vocab.nerc.ac.uk/collection/P01/current/IDSPRE01,,
ARMS_TZS_Angbat_20200608_20201117_MF100_ETOH_s1_r1:Otu94,submergedTime,day,162,http://vocab.nerc.ac.uk/collection/P01/current/AZDRZZ01/,https://vocab.nerc.ac.uk/collection/P06/current/UTAA/,
ARMS_TZS_Angbat_20200608_20201117_MF100_ETOH_s1_r1:Otu94,preservativeUsed,,EtOH,http://vocab.nerc.ac.uk/collection/Q01/current/Q0100004/,,https://pubchem.ncbi.nlm.nih.gov/compound/702
ARMS_TZS_Angbat_20200608_20201117_MF100_ETOH_s1_r1:Otu94,lowerLimitFilterSize,micrometer,100,http://vocab.nerc.ac.uk/collection/Q01/current/Q0100011/,https://vocab.nerc.ac.uk/collection/P06/current/UMIC/,
ARMS_TZS_Angbat_20200608_20201117_MF100_ETOH_s1_r1:Otu94,fieldReplicateID,,no replicate,http://vocab.nerc.ac.uk/collection/P01/current/IDSPRE01,,
ARMS_TZS_Angbat_20200608_20201117_MF100_ETOH_s1_r1:Otu302,submergedTime,day,162,http://vocab.nerc.ac.uk/collection/P01/current/AZDRZZ01/,https://vocab.nerc.ac.uk/collection/P06/current/UTAA/,
ARMS_TZS_Angbat_20200608_20201117_MF100_ETOH_s1_r1:Otu302,preservativeUsed,,EtOH,http://vocab.nerc.ac.uk/collection/Q01/current/Q0100004/,,https://pubchem.ncbi.nlm.nih.gov/compound/702
ARMS_TZS_Angbat_20200608_20201117_MF100_ETOH_s1_r1:Otu302,lowerLimitFilterSize,micrometer,100,http://vocab.nerc.ac.uk/collection/Q01/current/Q0100011/,https://vocab.nerc.ac.uk/collection/P06/current/UMIC/,
ARMS_TZS_Angbat_20200608_20201117_MF100_ETOH_s1_r1:Otu302,fieldReplicateID,,no replicate,http://vocab.nerc.ac.uk/collection/P01/current/IDSPRE01,,
ARMS_TZS_Angbat_20200608_20201117_MF100_ETOH_s1_r1:Otu141,submergedTime,day,162,http://vocab.nerc.ac.uk/collection/P01/current/AZDRZZ01/,https://vocab.nerc.ac.uk/collection/P06/current/UTAA/,
ARMS_TZS_Angbat_20200608_20201117_MF100_ETOH_s1_r1:Otu141,preservativeUsed,,EtOH,http://vocab.nerc.ac.uk/collection/Q01/current/Q0100004/,,https://pubchem.ncbi.nlm.nih.gov/compound/702
ARMS_TZS_Angbat_20200608_20201117_MF100_ETOH_s1_r1:Otu141,lowerLimitFilterSize,micrometer,100,http://vocab.nerc.ac.uk/collection/Q01/current/Q0100011/,https://vocab.nerc.ac.uk/collection/P06/current/UMIC/,
ARMS_TZS_Angbat_20200608_20201117_MF100_ETOH_s1_r1:Otu141,fieldReplicateID,,no replicate,http://vocab.nerc.ac.uk/collection/P01/current/IDSPRE01,,
ARMS_TZS_Angbat_20200608_20201117_MF100_ETOH_s1_r1:Otu142,submergedTime,day,162,http://vocab.nerc.ac.uk/collection/P01/current/AZDRZZ01/,https://vocab.nerc.ac.uk/collection/P06/current/UTAA/,
ARMS_TZS_Angbat_20200608_20201117_MF100_ETOH_s1_r1:Otu142,preservativeUsed,,EtOH,http://vocab.nerc.ac.uk/collection/Q01/current/Q0100004/,,https://pubchem.ncbi.nlm.nih.gov/compound/702
ARMS_TZS_Angbat_20200608_20201117_MF100_ETOH_s1_r1:Otu142,lowerLimitFilterSize,micrometer,100,http://vocab.nerc.ac.uk/collection/Q01/current/Q0100011/,https://vocab.nerc.ac.uk/collection/P06/current/UMIC/,
ARMS_TZS_Angbat_20200608_20201117_MF100_ETOH_s1_r1:Otu142,fieldReplicateID,,no replicate,http://vocab.nerc.ac.uk/collection/P01/current/IDSPRE01,,
ARMS_TZS_Angbat_20200608_20201117_MF100_ETOH_s1_r1:Otu146,submergedTime,day,162,http://vocab.nerc.ac.uk/collection/P01/current/AZDRZZ01/,https://vocab.nerc.ac.uk/collection/P06/current/UTAA/,
ARMS_TZS_Angbat_20200608_20201117_MF100_ETOH_s1_r1:Otu146,preservativeUsed,,EtOH,http://vocab.nerc.ac.uk/collection/Q01/current/Q0100004/,,https://pubchem.ncbi.nlm.nih.gov/compound/702
ARMS_TZS_Angbat_20200608_20201117_MF100_ETOH_s1_r1:Otu146,lowerLimitFilterSize,micrometer,100,http://vocab.nerc.ac.uk/collection/Q01/current/Q0100011/,https://vocab.nerc.ac.uk/collection/P06/current/UMIC/,
ARMS_TZS_Angbat_20200608_20201117_MF100_ETOH_s1_r1:Otu146,fieldReplicateID,,no replicate,http://vocab.nerc.ac.uk/collection/P01/current/IDSPRE01,,
ARMS_TZS_Angbat_20200608_20201117_MF100_ETOH_s1_r1:Otu138,submergedTime,day,162,http://vocab.nerc.ac.uk/collection/P01/current/AZDRZZ01/,https://vocab.nerc.ac.uk/collection/P06/current/UTAA/,
ARMS_TZS_Angbat_20200608_20201117_MF100_ETOH_s1_r1:Otu138,preservativeUsed,,EtOH,http://vocab.nerc.ac.uk/collection/Q01/current/Q0100004/,,https://pubchem.ncbi.nlm.nih.gov/compound/702
ARMS_TZS_Angbat_20200608_20201117_MF100_ETOH_s1_r1:Otu138,lowerLimitFilterSize,micrometer,100,http://vocab.nerc.ac.uk/collection/Q01/current/Q0100011/,https://vocab.nerc.ac.uk/collection/P06/current/UMIC/,
ARMS_TZS_Angbat_20200608_20201117_MF100_ETOH_s1_r1:Otu138,fieldReplicateID,,no replicate,http://vocab.nerc.ac.uk/collection/P01/current/IDSPRE01,,
ARMS_TZS_Angbat_20200608_20201117_MF100_ETOH_s1_r1:Otu15,submergedTime,day,162,http://vocab.nerc.ac.uk/collection/P01/current/AZDRZZ01/,https://vocab.nerc.ac.uk/collection/P06/current/UTAA/,
ARMS_TZS_Angbat_20200608_20201117_MF100_ETOH_s1_r1:Otu15,preservativeUsed,,EtOH,http://vocab.nerc.ac.uk/collection/Q01/current/Q0100004/,,https://pubchem.ncbi.nlm.nih.gov/compound/702
ARMS_TZS_Angbat_20200608_20201117_MF100_ETOH_s1_r1:Otu15,lowerLimitFilterSize,micrometer,100,http://vocab.nerc.ac.uk/collection/Q01/current/Q0100011/,https://vocab.nerc.ac.uk/collection/P06/current/UMIC/,
ARMS_TZS_Angbat_20200608_20201117_MF100_ETOH_s1_r1:Otu15,fieldReplicateID,,no replicate,http://vocab.nerc.ac.uk/collection/P01/current/IDSPRE01,,
ARMS_TZS_Angbat_20200608_20201117_MF100_ETOH_s1_r1:Otu17,submergedTime,day,162,http://vocab.nerc.ac.uk/collection/P01/current/AZDRZZ01/,https://vocab.nerc.ac.uk/collection/P06/current/UTAA/,
ARMS_TZS_Angbat_20200608_20201117_MF100_ETOH_s1_r1:Otu17,preservativeUsed,,EtOH,http://vocab.nerc.ac.uk/collection/Q01/current/Q0100004/,,https://pubchem.ncbi.nlm.nih.gov/compound/702
ARMS_TZS_Angbat_20200608_20201117_MF100_ETOH_s1_r1:Otu17,lowerLimitFilterSize,micrometer,100,http://vocab.nerc.ac.uk/collection/Q01/current/Q0100011/,https://vocab.nerc.ac.uk/collection/P06/current/UMIC/,
ARMS_TZS_Angbat_20200608_20201117_MF100_ETOH_s1_r1:Otu17,fieldReplicateID,,no replicate,http://vocab.nerc.ac.uk/collection/P01/current/IDSPRE01,,
ARMS_TZS_Angbat_20200608_20201117_MF100_ETOH_s1_r1:Otu18,submergedTime,day,162,http://vocab.nerc.ac.uk/collection/P01/current/AZDRZZ01/,https://vocab.nerc.ac.uk/collection/P06/current/UTAA/,
ARMS_TZS_Angbat_20200608_20201117_MF100_ETOH_s1_r1:Otu18,preservativeUsed,,EtOH,http://vocab.nerc.ac.uk/collection/Q01/current/Q0100004/,,https://pubchem.ncbi.nlm.nih.gov/compound/702
ARMS_TZS_Angbat_20200608_20201117_MF100_ETOH_s1_r1:Otu18,lowerLimitFilterSize,micrometer,100,http://vocab.nerc.ac.uk/collection/Q01/current/Q0100011/,https://vocab.nerc.ac.uk/collection/P06/current/UMIC/,
ARMS_TZS_Angbat_20200608_20201117_MF100_ETOH_s1_r1:Otu18,fieldReplicateID,,no replicate,http://vocab.nerc.ac.uk/collection/P01/current/IDSPRE01,,
ARMS_TZS_Angbat_20200608_20201117_MF100_ETOH_s1_r1:Otu19,submergedTime,day,162,http://vocab.nerc.ac.uk/collection/P01/current/AZDRZZ01/,https://vocab.nerc.ac.uk/collection/P06/current/UTAA/,
ARMS_TZS_Angbat_20200608_20201117_MF100_ETOH_s1_r1:Otu19,preservativeUsed,,EtOH,http://vocab.nerc.ac.uk/collection/Q01/current/Q0100004/,,https://pubchem.ncbi.nlm.nih.gov/compound/702
ARMS_TZS_Angbat_20200608_20201117_MF100_ETOH_s1_r1:Otu19,lowerLimitFilterSize,micrometer,100,http://vocab.nerc.ac.uk/collection/Q01/current/Q0100011/,https://vocab.nerc.ac.uk/collection/P06/current/UMIC/,
ARMS_TZS_Angbat_20200608_20201117_MF100_ETOH_s1_r1:Otu19,fieldReplicateID,,no replicate,http://vocab.nerc.ac.uk/collection/P01/current/IDSPRE01,,
ARMS_TZS_Angbat_20200608_20201117_MF100_ETOH_s1_r1:Otu181,submergedTime,day,162,http://vocab.nerc.ac.uk/collection/P01/current/AZDRZZ01/,https://vocab.nerc.ac.uk/collection/P06/current/UTAA/,
ARMS_TZS_Angbat_20200608_20201117_MF100_ETOH_s1_r1:Otu181,preservativeUsed,,EtOH,http://vocab.nerc.ac.uk/collection/Q01/current/Q0100004/,,https://pubchem.ncbi.nlm.nih.gov/compound/702
ARMS_TZS_Angbat_20200608_20201117_MF100_ETOH_s1_r1:Otu181,lowerLimitFilterSize,micrometer,100,http://vocab.nerc.ac.uk/collection/Q01/current/Q0100011/,https://vocab.nerc.ac.uk/collection/P06/current/UMIC/,
ARMS_TZS_Angbat_20200608_20201117_MF100_ETOH_s1_r1:Otu181,fieldReplicateID,,no replicate,http://vocab.nerc.ac.uk/collection/P01/current/IDSPRE01,,
ARMS_TZS_Angbat_20200608_20201117_MF500_ETOH_s1_r1:Otu416,submergedTime,day,162,http://vocab.nerc.ac.uk/collection/P01/current/AZDRZZ01/,https://vocab.nerc.ac.uk/collection/P06/current/UTAA/,
ARMS_TZS_Angbat_20200608_20201117_MF500_ETOH_s1_r1:Otu416,preservativeUsed,,EtOH,http://vocab.nerc.ac.uk/collection/Q01/current/Q0100004/,,https://pubchem.ncbi.nlm.nih.gov/compound/702
ARMS_TZS_Angbat_20200608_20201117_MF500_ETOH_s1_r1:Otu416,lowerLimitFilterSize,micrometer,500,http://vocab.nerc.ac.uk/collection/Q01/current/Q0100011/,https://vocab.nerc.ac.uk/collection/P06/current/UMIC/,
ARMS_TZS_Angbat_20200608_20201117_MF500_ETOH_s1_r1:Otu416,fieldReplicateID,,no replicate,http://vocab.nerc.ac.uk/collection/P01/current/IDSPRE01,,
ARMS_TZS_Angbat_20200608_20201117_MF500_ETOH_s1_r1:Otu359,submergedTime,day,162,http://vocab.nerc.ac.uk/collection/P01/current/AZDRZZ01/,https://vocab.nerc.ac.uk/collection/P06/current/UTAA/,
ARMS_TZS_Angbat_20200608_20201117_MF500_ETOH_s1_r1:Otu359,preservativeUsed,,EtOH,http://vocab.nerc.ac.uk/collection/Q01/current/Q0100004/,,https://pubchem.ncbi.nlm.nih.gov/compound/702
ARMS_TZS_Angbat_20200608_20201117_MF500_ETOH_s1_r1:Otu359,lowerLimitFilterSize,micrometer,500,http://vocab.nerc.ac.uk/collection/Q01/current/Q0100011/,https://vocab.nerc.ac.uk/collection/P06/current/UMIC/,
ARMS_TZS_Angbat_20200608_20201117_MF500_ETOH_s1_r1:Otu359,fieldReplicateID,,no replicate,http://vocab.nerc.ac.uk/collection/P01/current/IDSPRE01,,
ARMS_TZS_Angbat_20200608_20201117_MF500_ETOH_s1_r1:Otu428,submergedTime,day,162,http://vocab.nerc.ac.uk/collection/P01/current/AZDRZZ01/,https://vocab.nerc.ac.uk/collection/P06/current/UTAA/,
ARMS_TZS_Angbat_20200608_20201117_MF500_ETOH_s1_r1:Otu428,preservativeUsed,,EtOH,http://vocab.nerc.ac.uk/collection/Q01/current/Q0100004/,,https://pubchem.ncbi.nlm.nih.gov/compound/702
ARMS_TZS_Angbat_20200608_20201117_MF500_ETOH_s1_r1:Otu428,lowerLimitFilterSize,micrometer,500,http://vocab.nerc.ac.uk/collection/Q01/current/Q0100011/,https://vocab.nerc.ac.uk/collection/P06/current/UMIC/,
ARMS_TZS_Angbat_20200608_20201117_MF500_ETOH_s1_r1:Otu428,fieldReplicateID,,no replicate,http://vocab.nerc.ac.uk/collection/P01/current/IDSPRE01,,
ARMS_TZS_Angbat_20200608_20201117_MF500_ETOH_s1_r1:Otu65,submergedTime,day,162,http://vocab.nerc.ac.uk/collection/P01/current/AZDRZZ01/,https://vocab.nerc.ac.uk/collection/P06/current/UTAA/,
ARMS_TZS_Angbat_20200608_20201117_MF500_ETOH_s1_r1:Otu65,preservativeUsed,,EtOH,http://vocab.nerc.ac.uk/collection/Q01/current/Q0100004/,,https://pubchem.ncbi.nlm.nih.gov/compound/702
ARMS_TZS_Angbat_20200608_20201117_MF500_ETOH_s1_r1:Otu65,lowerLimitFilterSize,micrometer,500,http://vocab.nerc.ac.uk/collection/Q01/current/Q0100011/,https://vocab.nerc.ac.uk/collection/P06/current/UMIC/,
ARMS_TZS_Angbat_20200608_20201117_MF500_ETOH_s1_r1:Otu65,fieldReplicateID,,no replicate,http://vocab.nerc.ac.uk/collection/P01/current/IDSPRE01,,
ARMS_TZS_Angbat_20200608_20201117_MF500_ETOH_s1_r1:Otu67,submergedTime,day,162,http://vocab.nerc.ac.uk/collection/P01/current/AZDRZZ01/,https://vocab.nerc.ac.uk/collection/P06/current/UTAA/,
ARMS_TZS_Angbat_20200608_20201117_MF500_ETOH_s1_r1:Otu67,preservativeUsed,,EtOH,http://vocab.nerc.ac.uk/collection/Q01/current/Q0100004/,,https://pubchem.ncbi.nlm.nih.gov/compound/702
ARMS_TZS_Angbat_20200608_20201117_MF500_ETOH_s1_r1:Otu67,lowerLimitFilterSize,micrometer,500,http://vocab.nerc.ac.uk/collection/Q01/current/Q0100011/,https://vocab.nerc.ac.uk/collection/P06/current/UMIC/,
ARMS_TZS_Angbat_20200608_20201117_MF500_ETOH_s1_r1:Otu67,fieldReplicateID,,no replicate,http://vocab.nerc.ac.uk/collection/P01/current/IDSPRE01,,
ARMS_TZS_Angbat_20200608_20201117_MF500_ETOH_s1_r1:Otu307,submergedTime,day,162,http://vocab.nerc.ac.uk/collection/P01/current/AZDRZZ01/,https://vocab.nerc.ac.uk/collection/P06/current/UTAA/,
ARMS_TZS_Angbat_20200608_20201117_MF500_ETOH_s1_r1:Otu307,preservativeUsed,,EtOH,http://vocab.nerc.ac.uk/collection/Q01/current/Q0100004/,,https://pubchem.ncbi.nlm.nih.gov/compound/702
ARMS_TZS_Angbat_20200608_20201117_MF500_ETOH_s1_r1:Otu307,lowerLimitFilterSize,micrometer,500,http://vocab.nerc.ac.uk/collection/Q01/current/Q0100011/,https://vocab.nerc.ac.uk/collection/P06/current/UMIC/,
ARMS_TZS_Angbat_20200608_20201117_MF500_ETOH_s1_r1:Otu307,fieldReplicateID,,no replicate,http://vocab.nerc.ac.uk/collection/P01/current/IDSPRE01,,
ARMS_TZS_Angbat_20200608_20201117_MF500_ETOH_s1_r1:Otu306,submergedTime,day,162,http://vocab.nerc.ac.uk/collection/P01/current/AZDRZZ01/,https://vocab.nerc.ac.uk/collection/P06/current/UTAA/,
ARMS_TZS_Angbat_20200608_20201117_MF500_ETOH_s1_r1:Otu306,preservativeUsed,,EtOH,http://vocab.nerc.ac.uk/collection/Q01/current/Q0100004/,,https://pubchem.ncbi.nlm.nih.gov/compound/702
ARMS_TZS_Angbat_20200608_20201117_MF500_ETOH_s1_r1:Otu306,lowerLimitFilterSize,micrometer,500,http://vocab.nerc.ac.uk/collection/Q01/current/Q0100011/,https://vocab.nerc.ac.uk/collection/P06/current/UMIC/,
ARMS_TZS_Angbat_20200608_20201117_MF500_ETOH_s1_r1:Otu306,fieldReplicateID,,no replicate,http://vocab.nerc.ac.uk/collection/P01/current/IDSPRE01,,
ARMS_TZS_Angbat_20200608_20201117_MF500_ETOH_s1_r1:Otu265,submergedTime,day,162,http://vocab.nerc.ac.uk/collection/P01/current/AZDRZZ01/,https://vocab.nerc.ac.uk/collection/P06/current/UTAA/,
ARMS_TZS_Angbat_20200608_20201117_MF500_ETOH_s1_r1:Otu265,preservativeUsed,,EtOH,http://vocab.nerc.ac.uk/collection/Q01/current/Q0100004/,,https://pubchem.ncbi.nlm.nih.gov/compound/702
ARMS_TZS_Angbat_20200608_20201117_MF500_ETOH_s1_r1:Otu265,lowerLimitFilterSize,micrometer,500,http://vocab.nerc.ac.uk/collection/Q01/current/Q0100011/,https://vocab.nerc.ac.uk/collection/P06/current/UMIC/,
ARMS_TZS_Angbat_20200608_20201117_MF500_ETOH_s1_r1:Otu265,fieldReplicateID,,no replicate,http://vocab.nerc.ac.uk/collection/P01/current/IDSPRE01,,
ARMS_TZS_Angbat_20200608_20201117_MF500_ETOH_s1_r1:Otu111,submergedTime,day,162,http://vocab.nerc.ac.uk/collection/P01/current/AZDRZZ01/,https://vocab.nerc.ac.uk/collection/P06/current/UTAA/,
ARMS_TZS_Angbat_20200608_20201117_MF500_ETOH_s1_r1:Otu111,preservativeUsed,,EtOH,http://vocab.nerc.ac.uk/collection/Q01/current/Q0100004/,,https://pubchem.ncbi.nlm.nih.gov/compound/702
ARMS_TZS_Angbat_20200608_20201117_MF500_ETOH_s1_r1:Otu111,lowerLimitFilterSize,micrometer,500,http://vocab.nerc.ac.uk/collection/Q01/current/Q0100011/,https://vocab.nerc.ac.uk/collection/P06/current/UMIC/,
ARMS_TZS_Angbat_20200608_20201117_MF500_ETOH_s1_r1:Otu111,fieldReplicateID,,no replicate,http://vocab.nerc.ac.uk/collection/P01/current/IDSPRE01,,
ARMS_TZS_Angbat_20200608_20201117_MF500_ETOH_s1_r1:Otu83,submergedTime,day,162,http://vocab.nerc.ac.uk/collection/P01/current/AZDRZZ01/,https://vocab.nerc.ac.uk/collection/P06/current/UTAA/,
ARMS_TZS_Angbat_20200608_20201117_MF500_ETOH_s1_r1:Otu83,preservativeUsed,,EtOH,http://vocab.nerc.ac.uk/collection/Q01/current/Q0100004/,,https://pubchem.ncbi.nlm.nih.gov/compound/702
ARMS_TZS_Angbat_20200608_20201117_MF500_ETOH_s1_r1:Otu83,lowerLimitFilterSize,micrometer,500,http://vocab.nerc.ac.uk/collection/Q01/current/Q0100011/,https://vocab.nerc.ac.uk/collection/P06/current/UMIC/,
ARMS_TZS_Angbat_20200608_20201117_MF500_ETOH_s1_r1:Otu83,fieldReplicateID,,no replicate,http://vocab.nerc.ac.uk/collection/P01/current/IDSPRE01,,
ARMS_TZS_Angbat_20200608_20201117_MF500_ETOH_s1_r1:Otu87,submergedTime,day,162,http://vocab.nerc.ac.uk/collection/P01/current/AZDRZZ01/,https://vocab.nerc.ac.uk/collection/P06/current/UTAA/,
ARMS_TZS_Angbat_20200608_20201117_MF500_ETOH_s1_r1:Otu87,preservativeUsed,,EtOH,http://vocab.nerc.ac.uk/collection/Q01/current/Q0100004/,,https://pubchem.ncbi.nlm.nih.gov/compound/702
ARMS_TZS_Angbat_20200608_20201117_MF500_ETOH_s1_r1:Otu87,lowerLimitFilterSize,micrometer,500,http://vocab.nerc.ac.uk/collection/Q01/current/Q0100011/,https://vocab.nerc.ac.uk/collection/P06/current/UMIC/,
ARMS_TZS_Angbat_20200608_20201117_MF500_ETOH_s1_r1:Otu87,fieldReplicateID,,no replicate,http://vocab.nerc.ac.uk/collection/P01/current/IDSPRE01,,
ARMS_TZS_Angbat_20200608_20201117_MF500_ETOH_s1_r1:Otu426,submergedTime,day,162,http://vocab.nerc.ac.uk/collection/P01/current/AZDRZZ01/,https://vocab.nerc.ac.uk/collection/P06/current/UTAA/,
ARMS_TZS_Angbat_20200608_20201117_MF500_ETOH_s1_r1:Otu426,preservativeUsed,,EtOH,http://vocab.nerc.ac.uk/collection/Q01/current/Q0100004/,,https://pubchem.ncbi.nlm.nih.gov/compound/702
ARMS_TZS_Angbat_20200608_20201117_MF500_ETOH_s1_r1:Otu426,lowerLimitFilterSize,micrometer,500,http://vocab.nerc.ac.uk/collection/Q01/current/Q0100011/,https://vocab.nerc.ac.uk/collection/P06/current/UMIC/,
ARMS_TZS_Angbat_20200608_20201117_MF500_ETOH_s1_r1:Otu426,fieldReplicateID,,no replicate,http://vocab.nerc.ac.uk/collection/P01/current/IDSPRE01,,
ARMS_TZS_Angbat_20200608_20201117_MF500_ETOH_s1_r1:Otu427,submergedTime,day,162,http://vocab.nerc.ac.uk/collection/P01/current/AZDRZZ01/,https://vocab.nerc.ac.uk/collection/P06/current/UTAA/,
ARMS_TZS_Angbat_20200608_20201117_MF500_ETOH_s1_r1:Otu427,preservativeUsed,,EtOH,http://vocab.nerc.ac.uk/collection/Q01/current/Q0100004/,,https://pubchem.ncbi.nlm.nih.gov/compound/702
ARMS_TZS_Angbat_20200608_20201117_MF500_ETOH_s1_r1:Otu427,lowerLimitFilterSize,micrometer,500,http://vocab.nerc.ac.uk/collection/Q01/current/Q0100011/,https://vocab.nerc.ac.uk/collection/P06/current/UMIC/,
ARMS_TZS_Angbat_20200608_20201117_MF500_ETOH_s1_r1:Otu427,fieldReplicateID,,no replicate,http://vocab.nerc.ac.uk/collection/P01/current/IDSPRE01,,
ARMS_TZS_Angbat_20200608_20201117_MF500_ETOH_s1_r1:Otu424,submergedTime,day,162,http://vocab.nerc.ac.uk/collection/P01/current/AZDRZZ01/,https://vocab.nerc.ac.uk/collection/P06/current/UTAA/,
ARMS_TZS_Angbat_20200608_20201117_MF500_ETOH_s1_r1:Otu424,preservativeUsed,,EtOH,http://vocab.nerc.ac.uk/collection/Q01/current/Q0100004/,,https://pubchem.ncbi.nlm.nih.gov/compound/702
ARMS_TZS_Angbat_20200608_20201117_MF500_ETOH_s1_r1:Otu424,lowerLimitFilterSize,micrometer,500,http://vocab.nerc.ac.uk/collection/Q01/current/Q0100011/,https://vocab.nerc.ac.uk/collection/P06/current/UMIC/,
ARMS_TZS_Angbat_20200608_20201117_MF500_ETOH_s1_r1:Otu424,fieldReplicateID,,no replicate,http://vocab.nerc.ac.uk/collection/P01/current/IDSPRE01,,
ARMS_TZS_Angbat_20200608_20201117_MF500_ETOH_s1_r1:Otu425,submergedTime,day,162,http://vocab.nerc.ac.uk/collection/P01/current/AZDRZZ01/,https://vocab.nerc.ac.uk/collection/P06/current/UTAA/,
ARMS_TZS_Angbat_20200608_20201117_MF500_ETOH_s1_r1:Otu425,preservativeUsed,,EtOH,http://vocab.nerc.ac.uk/collection/Q01/current/Q0100004/,,https://pubchem.ncbi.nlm.nih.gov/compound/702
ARMS_TZS_Angbat_20200608_20201117_MF500_ETOH_s1_r1:Otu425,lowerLimitFilterSize,micrometer,500,http://vocab.nerc.ac.uk/collection/Q01/current/Q0100011/,https://vocab.nerc.ac.uk/collection/P06/current/UMIC/,
ARMS_TZS_Angbat_20200608_20201117_MF500_ETOH_s1_r1:Otu425,fieldReplicateID,,no replicate,http://vocab.nerc.ac.uk/collection/P01/current/IDSPRE01,,
ARMS_TZS_Angbat_20200608_20201117_MF500_ETOH_s1_r1:Otu151,submergedTime,day,162,http://vocab.nerc.ac.uk/collection/P01/current/AZDRZZ01/,https://vocab.nerc.ac.uk/collection/P06/current/UTAA/,
ARMS_TZS_Angbat_20200608_20201117_MF500_ETOH_s1_r1:Otu151,preservativeUsed,,EtOH,http://vocab.nerc.ac.uk/collection/Q01/current/Q0100004/,,https://pubchem.ncbi.nlm.nih.gov/compound/702
ARMS_TZS_Angbat_20200608_20201117_MF500_ETOH_s1_r1:Otu151,lowerLimitFilterSize,micrometer,500,http://vocab.nerc.ac.uk/collection/Q01/current/Q0100011/,https://vocab.nerc.ac.uk/collection/P06/current/UMIC/,
ARMS_TZS_Angbat_20200608_20201117_MF500_ETOH_s1_r1:Otu151,fieldReplicateID,,no replicate,http://vocab.nerc.ac.uk/collection/P01/current/IDSPRE01,,
ARMS_TZS_Angbat_20200608_20201117_MF500_ETOH_s1_r1:Otu9,submergedTime,day,162,http://vocab.nerc.ac.uk/collection/P01/current/AZDRZZ01/,https://vocab.nerc.ac.uk/collection/P06/current/UTAA/,
ARMS_TZS_Angbat_20200608_20201117_MF500_ETOH_s1_r1:Otu9,preservativeUsed,,EtOH,http://vocab.nerc.ac.uk/collection/Q01/current/Q0100004/,,https://pubchem.ncbi.nlm.nih.gov/compound/702
ARMS_TZS_Angbat_20200608_20201117_MF500_ETOH_s1_r1:Otu9,lowerLimitFilterSize,micrometer,500,http://vocab.nerc.ac.uk/collection/Q01/current/Q0100011/,https://vocab.nerc.ac.uk/collection/P06/current/UMIC/,
ARMS_TZS_Angbat_20200608_20201117_MF500_ETOH_s1_r1:Otu9,fieldReplicateID,,no replicate,http://vocab.nerc.ac.uk/collection/P01/current/IDSPRE01,,
ARMS_TZS_Angbat_20200608_20201117_MF500_ETOH_s1_r1:Otu5,submergedTime,day,162,http://vocab.nerc.ac.uk/collection/P01/current/AZDRZZ01/,https://vocab.nerc.ac.uk/collection/P06/current/UTAA/,
ARMS_TZS_Angbat_20200608_20201117_MF500_ETOH_s1_r1:Otu5,preservativeUsed,,EtOH,http://vocab.nerc.ac.uk/collection/Q01/current/Q0100004/,,https://pubchem.ncbi.nlm.nih.gov/compound/702
ARMS_TZS_Angbat_20200608_20201117_MF500_ETOH_s1_r1:Otu5,lowerLimitFilterSize,micrometer,500,http://vocab.nerc.ac.uk/collection/Q01/current/Q0100011/,https://vocab.nerc.ac.uk/collection/P06/current/UMIC/,
ARMS_TZS_Angbat_20200608_20201117_MF500_ETOH_s1_r1:Otu5,fieldReplicateID,,no replicate,http://vocab.nerc.ac.uk/collection/P01/current/IDSPRE01,,
ARMS_TZS_Angbat_20200608_20201117_MF500_ETOH_s1_r1:Otu2,submergedTime,day,162,http://vocab.nerc.ac.uk/collection/P01/current/AZDRZZ01/,https://vocab.nerc.ac.uk/collection/P06/current/UTAA/,
ARMS_TZS_Angbat_20200608_20201117_MF500_ETOH_s1_r1:Otu2,preservativeUsed,,EtOH,http://vocab.nerc.ac.uk/collection/Q01/current/Q0100004/,,https://pubchem.ncbi.nlm.nih.gov/compound/702
ARMS_TZS_Angbat_20200608_20201117_MF500_ETOH_s1_r1:Otu2,lowerLimitFilterSize,micrometer,500,http://vocab.nerc.ac.uk/collection/Q01/current/Q0100011/,https://vocab.nerc.ac.uk/collection/P06/current/UMIC/,
ARMS_TZS_Angbat_20200608_20201117_MF500_ETOH_s1_r1:Otu2,fieldReplicateID,,no replicate,http://vocab.nerc.ac.uk/collection/P01/current/IDSPRE01,,
ARMS_TZS_Angbat_20200608_20201117_MF500_ETOH_s1_r1:Otu209,submergedTime,day,162,http://vocab.nerc.ac.uk/collection/P01/current/AZDRZZ01/,https://vocab.nerc.ac.uk/collection/P06/current/UTAA/,
ARMS_TZS_Angbat_20200608_20201117_MF500_ETOH_s1_r1:Otu209,preservativeUsed,,EtOH,http://vocab.nerc.ac.uk/collection/Q01/current/Q0100004/,,https://pubchem.ncbi.nlm.nih.gov/compound/702
ARMS_TZS_Angbat_20200608_20201117_MF500_ETOH_s1_r1:Otu209,lowerLimitFilterSize,micrometer,500,http://vocab.nerc.ac.uk/collection/Q01/current/Q0100011/,https://vocab.nerc.ac.uk/collection/P06/current/UMIC/,
ARMS_TZS_Angbat_20200608_20201117_MF500_ETOH_s1_r1:Otu209,fieldReplicateID,,no replicate,http://vocab.nerc.ac.uk/collection/P01/current/IDSPRE01,,
ARMS_TZS_Angbat_20200608_20201117_MF500_ETOH_s1_r1:Otu204,submergedTime,day,162,http://vocab.nerc.ac.uk/collection/P01/current/AZDRZZ01/,https://vocab.nerc.ac.uk/collection/P06/current/UTAA/,
ARMS_TZS_Angbat_20200608_20201117_MF500_ETOH_s1_r1:Otu204,preservativeUsed,,EtOH,http://vocab.nerc.ac.uk/collection/Q01/current/Q0100004/,,https://pubchem.ncbi.nlm.nih.gov/compound/702
ARMS_TZS_Angbat_20200608_20201117_MF500_ETOH_s1_r1:Otu204,lowerLimitFilterSize,micrometer,500,http://vocab.nerc.ac.uk/collection/Q01/current/Q0100011/,https://vocab.nerc.ac.uk/collection/P06/current/UMIC/,
ARMS_TZS_Angbat_20200608_20201117_MF500_ETOH_s1_r1:Otu204,fieldReplicateID,,no replicate,http://vocab.nerc.ac.uk/collection/P01/current/IDSPRE01,,
ARMS_TZS_Angbat_20200608_20201117_MF500_ETOH_s1_r1:Otu375,submergedTime,day,162,http://vocab.nerc.ac.uk/collection/P01/current/AZDRZZ01/,https://vocab.nerc.ac.uk/collection/P06/current/UTAA/,
ARMS_TZS_Angbat_20200608_20201117_MF500_ETOH_s1_r1:Otu375,preservativeUsed,,EtOH,http://vocab.nerc.ac.uk/collection/Q01/current/Q0100004/,,https://pubchem.ncbi.nlm.nih.gov/compound/702
ARMS_TZS_Angbat_20200608_20201117_MF500_ETOH_s1_r1:Otu375,lowerLimitFilterSize,micrometer,500,http://vocab.nerc.ac.uk/collection/Q01/current/Q0100011/,https://vocab.nerc.ac.uk/collection/P06/current/UMIC/,
ARMS_TZS_Angbat_20200608_20201117_MF500_ETOH_s1_r1:Otu375,fieldReplicateID,,no replicate,http://vocab.nerc.ac.uk/collection/P01/current/IDSPRE01,,
ARMS_TZS_Angbat_20200608_20201117_MF500_ETOH_s1_r1:Otu268,submergedTime,day,162,http://vocab.nerc.ac.uk/collection/P01/current/AZDRZZ01/,https://vocab.nerc.ac.uk/collection/P06/current/UTAA/,
ARMS_TZS_Angbat_20200608_20201117_MF500_ETOH_s1_r1:Otu268,preservativeUsed,,EtOH,http://vocab.nerc.ac.uk/collection/Q01/current/Q0100004/,,https://pubchem.ncbi.nlm.nih.gov/compound/702
ARMS_TZS_Angbat_20200608_20201117_MF500_ETOH_s1_r1:Otu268,lowerLimitFilterSize,micrometer,500,http://vocab.nerc.ac.uk/collection/Q01/current/Q0100011/,https://vocab.nerc.ac.uk/collection/P06/current/UMIC/,
ARMS_TZS_Angbat_20200608_20201117_MF500_ETOH_s1_r1:Otu268,fieldReplicateID,,no replicate,http://vocab.nerc.ac.uk/collection/P01/current/IDSPRE01,,
ARMS_TZS_Angbat_20200608_20201117_MF500_ETOH_s1_r1:Otu197,submergedTime,day,162,http://vocab.nerc.ac.uk/collection/P01/current/AZDRZZ01/,https://vocab.nerc.ac.uk/collection/P06/current/UTAA/,
ARMS_TZS_Angbat_20200608_20201117_MF500_ETOH_s1_r1:Otu197,preservativeUsed,,EtOH,http://vocab.nerc.ac.uk/collection/Q01/current/Q0100004/,,https://pubchem.ncbi.nlm.nih.gov/compound/702
ARMS_TZS_Angbat_20200608_20201117_MF500_ETOH_s1_r1:Otu197,lowerLimitFilterSize,micrometer,500,http://vocab.nerc.ac.uk/collection/Q01/current/Q0100011/,https://vocab.nerc.ac.uk/collection/P06/current/UMIC/,
ARMS_TZS_Angbat_20200608_20201117_MF500_ETOH_s1_r1:Otu197,fieldReplicateID,,no replicate,http://vocab.nerc.ac.uk/collection/P01/current/IDSPRE01,,
ARMS_TZS_Angbat_20200608_20201117_MF500_ETOH_s1_r1:Otu94,submergedTime,day,162,http://vocab.nerc.ac.uk/collection/P01/current/AZDRZZ01/,https://vocab.nerc.ac.uk/collection/P06/current/UTAA/,
ARMS_TZS_Angbat_20200608_20201117_MF500_ETOH_s1_r1:Otu94,preservativeUsed,,EtOH,http://vocab.nerc.ac.uk/collection/Q01/current/Q0100004/,,https://pubchem.ncbi.nlm.nih.gov/compound/702
ARMS_TZS_Angbat_20200608_20201117_MF500_ETOH_s1_r1:Otu94,lowerLimitFilterSize,micrometer,500,http://vocab.nerc.ac.uk/collection/Q01/current/Q0100011/,https://vocab.nerc.ac.uk/collection/P06/current/UMIC/,
ARMS_TZS_Angbat_20200608_20201117_MF500_ETOH_s1_r1:Otu94,fieldReplicateID,,no replicate,http://vocab.nerc.ac.uk/collection/P01/current/IDSPRE01,,
ARMS_TZS_Angbat_20200608_20201117_MF500_ETOH_s1_r1:Otu141,submergedTime,day,162,http://vocab.nerc.ac.uk/collection/P01/current/AZDRZZ01/,https://vocab.nerc.ac.uk/collection/P06/current/UTAA/,
ARMS_TZS_Angbat_20200608_20201117_MF500_ETOH_s1_r1:Otu141,preservativeUsed,,EtOH,http://vocab.nerc.ac.uk/collection/Q01/current/Q0100004/,,https://pubchem.ncbi.nlm.nih.gov/compound/702
ARMS_TZS_Angbat_20200608_20201117_MF500_ETOH_s1_r1:Otu141,lowerLimitFilterSize,micrometer,500,http://vocab.nerc.ac.uk/collection/Q01/current/Q0100011/,https://vocab.nerc.ac.uk/collection/P06/current/UMIC/,
ARMS_TZS_Angbat_20200608_20201117_MF500_ETOH_s1_r1:Otu141,fieldReplicateID,,no replicate,http://vocab.nerc.ac.uk/collection/P01/current/IDSPRE01,,
ARMS_TZS_Angbat_20200608_20201117_MF500_ETOH_s1_r1:Otu142,submergedTime,day,162,http://vocab.nerc.ac.uk/collection/P01/current/AZDRZZ01/,https://vocab.nerc.ac.uk/collection/P06/current/UTAA/,
ARMS_TZS_Angbat_20200608_20201117_MF500_ETOH_s1_r1:Otu142,preservativeUsed,,EtOH,http://vocab.nerc.ac.uk/collection/Q01/current/Q0100004/,,https://pubchem.ncbi.nlm.nih.gov/compound/702
ARMS_TZS_Angbat_20200608_20201117_MF500_ETOH_s1_r1:Otu142,lowerLimitFilterSize,micrometer,500,http://vocab.nerc.ac.uk/collection/Q01/current/Q0100011/,https://vocab.nerc.ac.uk/collection/P06/current/UMIC/,
ARMS_TZS_Angbat_20200608_20201117_MF500_ETOH_s1_r1:Otu142,fieldReplicateID,,no replicate,http://vocab.nerc.ac.uk/collection/P01/current/IDSPRE01,,
ARMS_TZS_Angbat_20200608_20201117_MF500_ETOH_s1_r1:Otu361,submergedTime,day,162,http://vocab.nerc.ac.uk/collection/P01/current/AZDRZZ01/,https://vocab.nerc.ac.uk/collection/P06/current/UTAA/,
ARMS_TZS_Angbat_20200608_20201117_MF500_ETOH_s1_r1:Otu361,preservativeUsed,,EtOH,http://vocab.nerc.ac.uk/collection/Q01/current/Q0100004/,,https://pubchem.ncbi.nlm.nih.gov/compound/702
ARMS_TZS_Angbat_20200608_20201117_MF500_ETOH_s1_r1:Otu361,lowerLimitFilterSize,micrometer,500,http://vocab.nerc.ac.uk/collection/Q01/current/Q0100011/,https://vocab.nerc.ac.uk/collection/P06/current/UMIC/,
ARMS_TZS_Angbat_20200608_20201117_MF500_ETOH_s1_r1:Otu361,fieldReplicateID,,no replicate,http://vocab.nerc.ac.uk/collection/P01/current/IDSPRE01,,
ARMS_TZS_Angbat_20200608_20201117_MF500_ETOH_s1_r1:Otu360,submergedTime,day,162,http://vocab.nerc.ac.uk/collection/P01/current/AZDRZZ01/,https://vocab.nerc.ac.uk/collection/P06/current/UTAA/,
ARMS_TZS_Angbat_20200608_20201117_MF500_ETOH_s1_r1:Otu360,preservativeUsed,,EtOH,http://vocab.nerc.ac.uk/collection/Q01/current/Q0100004/,,https://pubchem.ncbi.nlm.nih.gov/compound/702
ARMS_TZS_Angbat_20200608_20201117_MF500_ETOH_s1_r1:Otu360,lowerLimitFilterSize,micrometer,500,http://vocab.nerc.ac.uk/collection/Q01/current/Q0100011/,https://vocab.nerc.ac.uk/collection/P06/current/UMIC/,
ARMS_TZS_Angbat_20200608_20201117_MF500_ETOH_s1_r1:Otu360,fieldReplicateID,,no replicate,http://vocab.nerc.ac.uk/collection/P01/current/IDSPRE01,,
ARMS_TZS_Angbat_20200608_20201117_MF500_ETOH_s1_r1:Otu138,submergedTime,day,162,http://vocab.nerc.ac.uk/collection/P01/current/AZDRZZ01/,https://vocab.nerc.ac.uk/collection/P06/current/UTAA/,
ARMS_TZS_Angbat_20200608_20201117_MF500_ETOH_s1_r1:Otu138,preservativeUsed,,EtOH,http://vocab.nerc.ac.uk/collection/Q01/current/Q0100004/,,https://pubchem.ncbi.nlm.nih.gov/compound/702
ARMS_TZS_Angbat_20200608_20201117_MF500_ETOH_s1_r1:Otu138,lowerLimitFilterSize,micrometer,500,http://vocab.nerc.ac.uk/collection/Q01/current/Q0100011/,https://vocab.nerc.ac.uk/collection/P06/current/UMIC/,
ARMS_TZS_Angbat_20200608_20201117_MF500_ETOH_s1_r1:Otu138,fieldReplicateID,,no replicate,http://vocab.nerc.ac.uk/collection/P01/current/IDSPRE01,,
ARMS_TZS_Angbat_20200608_20201117_MF500_ETOH_s1_r1:Otu18,submergedTime,day,162,http://vocab.nerc.ac.uk/collection/P01/current/AZDRZZ01/,https://vocab.nerc.ac.uk/collection/P06/current/UTAA/,
ARMS_TZS_Angbat_20200608_20201117_MF500_ETOH_s1_r1:Otu18,preservativeUsed,,EtOH,http://vocab.nerc.ac.uk/collection/Q01/current/Q0100004/,,https://pubchem.ncbi.nlm.nih.gov/compound/702
ARMS_TZS_Angbat_20200608_20201117_MF500_ETOH_s1_r1:Otu18,lowerLimitFilterSize,micrometer,500,http://vocab.nerc.ac.uk/collection/Q01/current/Q0100011/,https://vocab.nerc.ac.uk/collection/P06/current/UMIC/,
ARMS_TZS_Angbat_20200608_20201117_MF500_ETOH_s1_r1:Otu18,fieldReplicateID,,no replicate,http://vocab.nerc.ac.uk/collection/P01/current/IDSPRE01,,
ARMS_TZS_Angbat_20200608_20201117_MF500_ETOH_s1_r1:Otu19,submergedTime,day,162,http://vocab.nerc.ac.uk/collection/P01/current/AZDRZZ01/,https://vocab.nerc.ac.uk/collection/P06/current/UTAA/,
ARMS_TZS_Angbat_20200608_20201117_MF500_ETOH_s1_r1:Otu19,preservativeUsed,,EtOH,http://vocab.nerc.ac.uk/collection/Q01/current/Q0100004/,,https://pubchem.ncbi.nlm.nih.gov/compound/702
ARMS_TZS_Angbat_20200608_20201117_MF500_ETOH_s1_r1:Otu19,lowerLimitFilterSize,micrometer,500,http://vocab.nerc.ac.uk/collection/Q01/current/Q0100011/,https://vocab.nerc.ac.uk/collection/P06/current/UMIC/,
ARMS_TZS_Angbat_20200608_20201117_MF500_ETOH_s1_r1:Otu19,fieldReplicateID,,no replicate,http://vocab.nerc.ac.uk/collection/P01/current/IDSPRE01,,
ARMS_TZS_Angbat_20200608_20201117_SF40_ETOH_s1_r1:Otu310,submergedTime,day,162,http://vocab.nerc.ac.uk/collection/P01/current/AZDRZZ01/,https://vocab.nerc.ac.uk/collection/P06/current/UTAA/,
ARMS_TZS_Angbat_20200608_20201117_SF40_ETOH_s1_r1:Otu310,preservativeUsed,,EtOH,http://vocab.nerc.ac.uk/collection/Q01/current/Q0100004/,,https://pubchem.ncbi.nlm.nih.gov/compound/702
ARMS_TZS_Angbat_20200608_20201117_SF40_ETOH_s1_r1:Otu310,lowerLimitFilterSize,micrometer,40,http://vocab.nerc.ac.uk/collection/Q01/current/Q0100011/,https://vocab.nerc.ac.uk/collection/P06/current/UMIC/,
ARMS_TZS_Angbat_20200608_20201117_SF40_ETOH_s1_r1:Otu310,fieldReplicateID,,no replicate,http://vocab.nerc.ac.uk/collection/P01/current/IDSPRE01,,
ARMS_TZS_Angbat_20200608_20201117_SF40_ETOH_s1_r1:Otu311,submergedTime,day,162,http://vocab.nerc.ac.uk/collection/P01/current/AZDRZZ01/,https://vocab.nerc.ac.uk/collection/P06/current/UTAA/,
ARMS_TZS_Angbat_20200608_20201117_SF40_ETOH_s1_r1:Otu311,preservativeUsed,,EtOH,http://vocab.nerc.ac.uk/collection/Q01/current/Q0100004/,,https://pubchem.ncbi.nlm.nih.gov/compound/702
ARMS_TZS_Angbat_20200608_20201117_SF40_ETOH_s1_r1:Otu311,lowerLimitFilterSize,micrometer,40,http://vocab.nerc.ac.uk/collection/Q01/current/Q0100011/,https://vocab.nerc.ac.uk/collection/P06/current/UMIC/,
ARMS_TZS_Angbat_20200608_20201117_SF40_ETOH_s1_r1:Otu311,fieldReplicateID,,no replicate,http://vocab.nerc.ac.uk/collection/P01/current/IDSPRE01,,
ARMS_TZS_Angbat_20200608_20201117_SF40_ETOH_s1_r1:Otu415,submergedTime,day,162,http://vocab.nerc.ac.uk/collection/P01/current/AZDRZZ01/,https://vocab.nerc.ac.uk/collection/P06/current/UTAA/,
ARMS_TZS_Angbat_20200608_20201117_SF40_ETOH_s1_r1:Otu415,preservativeUsed,,EtOH,http://vocab.nerc.ac.uk/collection/Q01/current/Q0100004/,,https://pubchem.ncbi.nlm.nih.gov/compound/702
ARMS_TZS_Angbat_20200608_20201117_SF40_ETOH_s1_r1:Otu415,lowerLimitFilterSize,micrometer,40,http://vocab.nerc.ac.uk/collection/Q01/current/Q0100011/,https://vocab.nerc.ac.uk/collection/P06/current/UMIC/,
ARMS_TZS_Angbat_20200608_20201117_SF40_ETOH_s1_r1:Otu415,fieldReplicateID,,no replicate,http://vocab.nerc.ac.uk/collection/P01/current/IDSPRE01,,
ARMS_TZS_Angbat_20200608_20201117_SF40_ETOH_s1_r1:Otu271,submergedTime,day,162,http://vocab.nerc.ac.uk/collection/P01/current/AZDRZZ01/,https://vocab.nerc.ac.uk/collection/P06/current/UTAA/,
ARMS_TZS_Angbat_20200608_20201117_SF40_ETOH_s1_r1:Otu271,preservativeUsed,,EtOH,http://vocab.nerc.ac.uk/collection/Q01/current/Q0100004/,,https://pubchem.ncbi.nlm.nih.gov/compound/702
ARMS_TZS_Angbat_20200608_20201117_SF40_ETOH_s1_r1:Otu271,lowerLimitFilterSize,micrometer,40,http://vocab.nerc.ac.uk/collection/Q01/current/Q0100011/,https://vocab.nerc.ac.uk/collection/P06/current/UMIC/,
ARMS_TZS_Angbat_20200608_20201117_SF40_ETOH_s1_r1:Otu271,fieldReplicateID,,no replicate,http://vocab.nerc.ac.uk/collection/P01/current/IDSPRE01,,
ARMS_TZS_Angbat_20200608_20201117_SF40_ETOH_s1_r1:Otu252,submergedTime,day,162,http://vocab.nerc.ac.uk/collection/P01/current/AZDRZZ01/,https://vocab.nerc.ac.uk/collection/P06/current/UTAA/,
ARMS_TZS_Angbat_20200608_20201117_SF40_ETOH_s1_r1:Otu252,preservativeUsed,,EtOH,http://vocab.nerc.ac.uk/collection/Q01/current/Q0100004/,,https://pubchem.ncbi.nlm.nih.gov/compound/702
ARMS_TZS_Angbat_20200608_20201117_SF40_ETOH_s1_r1:Otu252,lowerLimitFilterSize,micrometer,40,http://vocab.nerc.ac.uk/collection/Q01/current/Q0100011/,https://vocab.nerc.ac.uk/collection/P06/current/UMIC/,
ARMS_TZS_Angbat_20200608_20201117_SF40_ETOH_s1_r1:Otu252,fieldReplicateID,,no replicate,http://vocab.nerc.ac.uk/collection/P01/current/IDSPRE01,,
ARMS_TZS_Angbat_20200608_20201117_SF40_ETOH_s1_r1:Otu29,submergedTime,day,162,http://vocab.nerc.ac.uk/collection/P01/current/AZDRZZ01/,https://vocab.nerc.ac.uk/collection/P06/current/UTAA/,
ARMS_TZS_Angbat_20200608_20201117_SF40_ETOH_s1_r1:Otu29,preservativeUsed,,EtOH,http://vocab.nerc.ac.uk/collection/Q01/current/Q0100004/,,https://pubchem.ncbi.nlm.nih.gov/compound/702
ARMS_TZS_Angbat_20200608_20201117_SF40_ETOH_s1_r1:Otu29,lowerLimitFilterSize,micrometer,40,http://vocab.nerc.ac.uk/collection/Q01/current/Q0100011/,https://vocab.nerc.ac.uk/collection/P06/current/UMIC/,
ARMS_TZS_Angbat_20200608_20201117_SF40_ETOH_s1_r1:Otu29,fieldReplicateID,,no replicate,http://vocab.nerc.ac.uk/collection/P01/current/IDSPRE01,,
ARMS_TZS_Angbat_20200608_20201117_SF40_ETOH_s1_r1:Otu25,submergedTime,day,162,http://vocab.nerc.ac.uk/collection/P01/current/AZDRZZ01/,https://vocab.nerc.ac.uk/collection/P06/current/UTAA/,
ARMS_TZS_Angbat_20200608_20201117_SF40_ETOH_s1_r1:Otu25,preservativeUsed,,EtOH,http://vocab.nerc.ac.uk/collection/Q01/current/Q0100004/,,https://pubchem.ncbi.nlm.nih.gov/compound/702
ARMS_TZS_Angbat_20200608_20201117_SF40_ETOH_s1_r1:Otu25,lowerLimitFilterSize,micrometer,40,http://vocab.nerc.ac.uk/collection/Q01/current/Q0100011/,https://vocab.nerc.ac.uk/collection/P06/current/UMIC/,
ARMS_TZS_Angbat_20200608_20201117_SF40_ETOH_s1_r1:Otu25,fieldReplicateID,,no replicate,http://vocab.nerc.ac.uk/collection/P01/current/IDSPRE01,,
ARMS_TZS_Angbat_20200608_20201117_SF40_ETOH_s1_r1:Otu24,submergedTime,day,162,http://vocab.nerc.ac.uk/collection/P01/current/AZDRZZ01/,https://vocab.nerc.ac.uk/collection/P06/current/UTAA/,
ARMS_TZS_Angbat_20200608_20201117_SF40_ETOH_s1_r1:Otu24,preservativeUsed,,EtOH,http://vocab.nerc.ac.uk/collection/Q01/current/Q0100004/,,https://pubchem.ncbi.nlm.nih.gov/compound/702
ARMS_TZS_Angbat_20200608_20201117_SF40_ETOH_s1_r1:Otu24,lowerLimitFilterSize,micrometer,40,http://vocab.nerc.ac.uk/collection/Q01/current/Q0100011/,https://vocab.nerc.ac.uk/collection/P06/current/UMIC/,
ARMS_TZS_Angbat_20200608_20201117_SF40_ETOH_s1_r1:Otu24,fieldReplicateID,,no replicate,http://vocab.nerc.ac.uk/collection/P01/current/IDSPRE01,,
ARMS_TZS_Angbat_20200608_20201117_SF40_ETOH_s1_r1:Otu20,submergedTime,day,162,http://vocab.nerc.ac.uk/collection/P01/current/AZDRZZ01/,https://vocab.nerc.ac.uk/collection/P06/current/UTAA/,
ARMS_TZS_Angbat_20200608_20201117_SF40_ETOH_s1_r1:Otu20,preservativeUsed,,EtOH,http://vocab.nerc.ac.uk/collection/Q01/current/Q0100004/,,https://pubchem.ncbi.nlm.nih.gov/compound/702
ARMS_TZS_Angbat_20200608_20201117_SF40_ETOH_s1_r1:Otu20,lowerLimitFilterSize,micrometer,40,http://vocab.nerc.ac.uk/collection/Q01/current/Q0100011/,https://vocab.nerc.ac.uk/collection/P06/current/UMIC/,
ARMS_TZS_Angbat_20200608_20201117_SF40_ETOH_s1_r1:Otu20,fieldReplicateID,,no replicate,http://vocab.nerc.ac.uk/collection/P01/current/IDSPRE01,,
ARMS_TZS_Angbat_20200608_20201117_SF40_ETOH_s1_r1:Otu23,submergedTime,day,162,http://vocab.nerc.ac.uk/collection/P01/current/AZDRZZ01/,https://vocab.nerc.ac.uk/collection/P06/current/UTAA/,
ARMS_TZS_Angbat_20200608_20201117_SF40_ETOH_s1_r1:Otu23,preservativeUsed,,EtOH,http://vocab.nerc.ac.uk/collection/Q01/current/Q0100004/,,https://pubchem.ncbi.nlm.nih.gov/compound/702
ARMS_TZS_Angbat_20200608_20201117_SF40_ETOH_s1_r1:Otu23,lowerLimitFilterSize,micrometer,40,http://vocab.nerc.ac.uk/collection/Q01/current/Q0100011/,https://vocab.nerc.ac.uk/collection/P06/current/UMIC/,
ARMS_TZS_Angbat_20200608_20201117_SF40_ETOH_s1_r1:Otu23,fieldReplicateID,,no replicate,http://vocab.nerc.ac.uk/collection/P01/current/IDSPRE01,,
ARMS_TZS_Angbat_20200608_20201117_SF40_ETOH_s1_r1:Otu22,submergedTime,day,162,http://vocab.nerc.ac.uk/collection/P01/current/AZDRZZ01/,https://vocab.nerc.ac.uk/collection/P06/current/UTAA/,
ARMS_TZS_Angbat_20200608_20201117_SF40_ETOH_s1_r1:Otu22,preservativeUsed,,EtOH,http://vocab.nerc.ac.uk/collection/Q01/current/Q0100004/,,https://pubchem.ncbi.nlm.nih.gov/compound/702
ARMS_TZS_Angbat_20200608_20201117_SF40_ETOH_s1_r1:Otu22,lowerLimitFilterSize,micrometer,40,http://vocab.nerc.ac.uk/collection/Q01/current/Q0100011/,https://vocab.nerc.ac.uk/collection/P06/current/UMIC/,
ARMS_TZS_Angbat_20200608_20201117_SF40_ETOH_s1_r1:Otu22,fieldReplicateID,,no replicate,http://vocab.nerc.ac.uk/collection/P01/current/IDSPRE01,,
ARMS_TZS_Angbat_20200608_20201117_SF40_ETOH_s1_r1:Otu177,submergedTime,day,162,http://vocab.nerc.ac.uk/collection/P01/current/AZDRZZ01/,https://vocab.nerc.ac.uk/collection/P06/current/UTAA/,
ARMS_TZS_Angbat_20200608_20201117_SF40_ETOH_s1_r1:Otu177,preservativeUsed,,EtOH,http://vocab.nerc.ac.uk/collection/Q01/current/Q0100004/,,https://pubchem.ncbi.nlm.nih.gov/compound/702
ARMS_TZS_Angbat_20200608_20201117_SF40_ETOH_s1_r1:Otu177,lowerLimitFilterSize,micrometer,40,http://vocab.nerc.ac.uk/collection/Q01/current/Q0100011/,https://vocab.nerc.ac.uk/collection/P06/current/UMIC/,
ARMS_TZS_Angbat_20200608_20201117_SF40_ETOH_s1_r1:Otu177,fieldReplicateID,,no replicate,http://vocab.nerc.ac.uk/collection/P01/current/IDSPRE01,,
ARMS_TZS_Angbat_20200608_20201117_SF40_ETOH_s1_r1:Otu435,submergedTime,day,162,http://vocab.nerc.ac.uk/collection/P01/current/AZDRZZ01/,https://vocab.nerc.ac.uk/collection/P06/current/UTAA/,
ARMS_TZS_Angbat_20200608_20201117_SF40_ETOH_s1_r1:Otu435,preservativeUsed,,EtOH,http://vocab.nerc.ac.uk/collection/Q01/current/Q0100004/,,https://pubchem.ncbi.nlm.nih.gov/compound/702
ARMS_TZS_Angbat_20200608_20201117_SF40_ETOH_s1_r1:Otu435,lowerLimitFilterSize,micrometer,40,http://vocab.nerc.ac.uk/collection/Q01/current/Q0100011/,https://vocab.nerc.ac.uk/collection/P06/current/UMIC/,
ARMS_TZS_Angbat_20200608_20201117_SF40_ETOH_s1_r1:Otu435,fieldReplicateID,,no replicate,http://vocab.nerc.ac.uk/collection/P01/current/IDSPRE01,,
ARMS_TZS_Angbat_20200608_20201117_SF40_ETOH_s1_r1:Otu434,submergedTime,day,162,http://vocab.nerc.ac.uk/collection/P01/current/AZDRZZ01/,https://vocab.nerc.ac.uk/collection/P06/current/UTAA/,
ARMS_TZS_Angbat_20200608_20201117_SF40_ETOH_s1_r1:Otu434,preservativeUsed,,EtOH,http://vocab.nerc.ac.uk/collection/Q01/current/Q0100004/,,https://pubchem.ncbi.nlm.nih.gov/compound/702
ARMS_TZS_Angbat_20200608_20201117_SF40_ETOH_s1_r1:Otu434,lowerLimitFilterSize,micrometer,40,http://vocab.nerc.ac.uk/collection/Q01/current/Q0100011/,https://vocab.nerc.ac.uk/collection/P06/current/UMIC/,
ARMS_TZS_Angbat_20200608_20201117_SF40_ETOH_s1_r1:Otu434,fieldReplicateID,,no replicate,http://vocab.nerc.ac.uk/collection/P01/current/IDSPRE01,,
ARMS_TZS_Angbat_20200608_20201117_SF40_ETOH_s1_r1:Otu437,submergedTime,day,162,http://vocab.nerc.ac.uk/collection/P01/current/AZDRZZ01/,https://vocab.nerc.ac.uk/collection/P06/current/UTAA/,
ARMS_TZS_Angbat_20200608_20201117_SF40_ETOH_s1_r1:Otu437,preservativeUsed,,EtOH,http://vocab.nerc.ac.uk/collection/Q01/current/Q0100004/,,https://pubchem.ncbi.nlm.nih.gov/compound/702
ARMS_TZS_Angbat_20200608_20201117_SF40_ETOH_s1_r1:Otu437,lowerLimitFilterSize,micrometer,40,http://vocab.nerc.ac.uk/collection/Q01/current/Q0100011/,https://vocab.nerc.ac.uk/collection/P06/current/UMIC/,
ARMS_TZS_Angbat_20200608_20201117_SF40_ETOH_s1_r1:Otu437,fieldReplicateID,,no replicate,http://vocab.nerc.ac.uk/collection/P01/current/IDSPRE01,,
ARMS_TZS_Angbat_20200608_20201117_SF40_ETOH_s1_r1:Otu436,submergedTime,day,162,http://vocab.nerc.ac.uk/collection/P01/current/AZDRZZ01/,https://vocab.nerc.ac.uk/collection/P06/current/UTAA/,
ARMS_TZS_Angbat_20200608_20201117_SF40_ETOH_s1_r1:Otu436,preservativeUsed,,EtOH,http://vocab.nerc.ac.uk/collection/Q01/current/Q0100004/,,https://pubchem.ncbi.nlm.nih.gov/compound/702
ARMS_TZS_Angbat_20200608_20201117_SF40_ETOH_s1_r1:Otu436,lowerLimitFilterSize,micrometer,40,http://vocab.nerc.ac.uk/collection/Q01/current/Q0100011/,https://vocab.nerc.ac.uk/collection/P06/current/UMIC/,
ARMS_TZS_Angbat_20200608_20201117_SF40_ETOH_s1_r1:Otu436,fieldReplicateID,,no replicate,http://vocab.nerc.ac.uk/collection/P01/current/IDSPRE01,,
ARMS_TZS_Angbat_20200608_20201117_SF40_ETOH_s1_r1:Otu431,submergedTime,day,162,http://vocab.nerc.ac.uk/collection/P01/current/AZDRZZ01/,https://vocab.nerc.ac.uk/collection/P06/current/UTAA/,
ARMS_TZS_Angbat_20200608_20201117_SF40_ETOH_s1_r1:Otu431,preservativeUsed,,EtOH,http://vocab.nerc.ac.uk/collection/Q01/current/Q0100004/,,https://pubchem.ncbi.nlm.nih.gov/compound/702
ARMS_TZS_Angbat_20200608_20201117_SF40_ETOH_s1_r1:Otu431,lowerLimitFilterSize,micrometer,40,http://vocab.nerc.ac.uk/collection/Q01/current/Q0100011/,https://vocab.nerc.ac.uk/collection/P06/current/UMIC/,
ARMS_TZS_Angbat_20200608_20201117_SF40_ETOH_s1_r1:Otu431,fieldReplicateID,,no replicate,http://vocab.nerc.ac.uk/collection/P01/current/IDSPRE01,,
ARMS_TZS_Angbat_20200608_20201117_SF40_ETOH_s1_r1:Otu430,submergedTime,day,162,http://vocab.nerc.ac.uk/collection/P01/current/AZDRZZ01/,https://vocab.nerc.ac.uk/collection/P06/current/UTAA/,
ARMS_TZS_Angbat_20200608_20201117_SF40_ETOH_s1_r1:Otu430,preservativeUsed,,EtOH,http://vocab.nerc.ac.uk/collection/Q01/current/Q0100004/,,https://pubchem.ncbi.nlm.nih.gov/compound/702
ARMS_TZS_Angbat_20200608_20201117_SF40_ETOH_s1_r1:Otu430,lowerLimitFilterSize,micrometer,40,http://vocab.nerc.ac.uk/collection/Q01/current/Q0100011/,https://vocab.nerc.ac.uk/collection/P06/current/UMIC/,
ARMS_TZS_Angbat_20200608_20201117_SF40_ETOH_s1_r1:Otu430,fieldReplicateID,,no replicate,http://vocab.nerc.ac.uk/collection/P01/current/IDSPRE01,,
ARMS_TZS_Angbat_20200608_20201117_SF40_ETOH_s1_r1:Otu433,submergedTime,day,162,http://vocab.nerc.ac.uk/collection/P01/current/AZDRZZ01/,https://vocab.nerc.ac.uk/collection/P06/current/UTAA/,
ARMS_TZS_Angbat_20200608_20201117_SF40_ETOH_s1_r1:Otu433,preservativeUsed,,EtOH,http://vocab.nerc.ac.uk/collection/Q01/current/Q0100004/,,https://pubchem.ncbi.nlm.nih.gov/compound/702
ARMS_TZS_Angbat_20200608_20201117_SF40_ETOH_s1_r1:Otu433,lowerLimitFilterSize,micrometer,40,http://vocab.nerc.ac.uk/collection/Q01/current/Q0100011/,https://vocab.nerc.ac.uk/collection/P06/current/UMIC/,
ARMS_TZS_Angbat_20200608_20201117_SF40_ETOH_s1_r1:Otu433,fieldReplicateID,,no replicate,http://vocab.nerc.ac.uk/collection/P01/current/IDSPRE01,,
ARMS_TZS_Angbat_20200608_20201117_SF40_ETOH_s1_r1:Otu432,submergedTime,day,162,http://vocab.nerc.ac.uk/collection/P01/current/AZDRZZ01/,https://vocab.nerc.ac.uk/collection/P06/current/UTAA/,
ARMS_TZS_Angbat_20200608_20201117_SF40_ETOH_s1_r1:Otu432,preservativeUsed,,EtOH,http://vocab.nerc.ac.uk/collection/Q01/current/Q0100004/,,https://pubchem.ncbi.nlm.nih.gov/compound/702
ARMS_TZS_Angbat_20200608_20201117_SF40_ETOH_s1_r1:Otu432,lowerLimitFilterSize,micrometer,40,http://vocab.nerc.ac.uk/collection/Q01/current/Q0100011/,https://vocab.nerc.ac.uk/collection/P06/current/UMIC/,
ARMS_TZS_Angbat_20200608_20201117_SF40_ETOH_s1_r1:Otu432,fieldReplicateID,,no replicate,http://vocab.nerc.ac.uk/collection/P01/current/IDSPRE01,,
ARMS_TZS_Angbat_20200608_20201117_SF40_ETOH_s1_r1:Otu220,submergedTime,day,162,http://vocab.nerc.ac.uk/collection/P01/current/AZDRZZ01/,https://vocab.nerc.ac.uk/collection/P06/current/UTAA/,
ARMS_TZS_Angbat_20200608_20201117_SF40_ETOH_s1_r1:Otu220,preservativeUsed,,EtOH,http://vocab.nerc.ac.uk/collection/Q01/current/Q0100004/,,https://pubchem.ncbi.nlm.nih.gov/compound/702
ARMS_TZS_Angbat_20200608_20201117_SF40_ETOH_s1_r1:Otu220,lowerLimitFilterSize,micrometer,40,http://vocab.nerc.ac.uk/collection/Q01/current/Q0100011/,https://vocab.nerc.ac.uk/collection/P06/current/UMIC/,
ARMS_TZS_Angbat_20200608_20201117_SF40_ETOH_s1_r1:Otu220,fieldReplicateID,,no replicate,http://vocab.nerc.ac.uk/collection/P01/current/IDSPRE01,,
ARMS_TZS_Angbat_20200608_20201117_SF40_ETOH_s1_r1:Otu429,submergedTime,day,162,http://vocab.nerc.ac.uk/collection/P01/current/AZDRZZ01/,https://vocab.nerc.ac.uk/collection/P06/current/UTAA/,
ARMS_TZS_Angbat_20200608_20201117_SF40_ETOH_s1_r1:Otu429,preservativeUsed,,EtOH,http://vocab.nerc.ac.uk/collection/Q01/current/Q0100004/,,https://pubchem.ncbi.nlm.nih.gov/compound/702
ARMS_TZS_Angbat_20200608_20201117_SF40_ETOH_s1_r1:Otu429,lowerLimitFilterSize,micrometer,40,http://vocab.nerc.ac.uk/collection/Q01/current/Q0100011/,https://vocab.nerc.ac.uk/collection/P06/current/UMIC/,
ARMS_TZS_Angbat_20200608_20201117_SF40_ETOH_s1_r1:Otu429,fieldReplicateID,,no replicate,http://vocab.nerc.ac.uk/collection/P01/current/IDSPRE01,,
ARMS_TZS_Angbat_20200608_20201117_SF40_ETOH_s1_r1:Otu128,submergedTime,day,162,http://vocab.nerc.ac.uk/collection/P01/current/AZDRZZ01/,https://vocab.nerc.ac.uk/collection/P06/current/UTAA/,
ARMS_TZS_Angbat_20200608_20201117_SF40_ETOH_s1_r1:Otu128,preservativeUsed,,EtOH,http://vocab.nerc.ac.uk/collection/Q01/current/Q0100004/,,https://pubchem.ncbi.nlm.nih.gov/compound/702
ARMS_TZS_Angbat_20200608_20201117_SF40_ETOH_s1_r1:Otu128,lowerLimitFilterSize,micrometer,40,http://vocab.nerc.ac.uk/collection/Q01/current/Q0100011/,https://vocab.nerc.ac.uk/collection/P06/current/UMIC/,
ARMS_TZS_Angbat_20200608_20201117_SF40_ETOH_s1_r1:Otu128,fieldReplicateID,,no replicate,http://vocab.nerc.ac.uk/collection/P01/current/IDSPRE01,,
ARMS_TZS_Angbat_20200608_20201117_SF40_ETOH_s1_r1:Otu127,submergedTime,day,162,http://vocab.nerc.ac.uk/collection/P01/current/AZDRZZ01/,https://vocab.nerc.ac.uk/collection/P06/current/UTAA/,
ARMS_TZS_Angbat_20200608_20201117_SF40_ETOH_s1_r1:Otu127,preservativeUsed,,EtOH,http://vocab.nerc.ac.uk/collection/Q01/current/Q0100004/,,https://pubchem.ncbi.nlm.nih.gov/compound/702
ARMS_TZS_Angbat_20200608_20201117_SF40_ETOH_s1_r1:Otu127,lowerLimitFilterSize,micrometer,40,http://vocab.nerc.ac.uk/collection/Q01/current/Q0100011/,https://vocab.nerc.ac.uk/collection/P06/current/UMIC/,
ARMS_TZS_Angbat_20200608_20201117_SF40_ETOH_s1_r1:Otu127,fieldReplicateID,,no replicate,http://vocab.nerc.ac.uk/collection/P01/current/IDSPRE01,,
ARMS_TZS_Angbat_20200608_20201117_SF40_ETOH_s1_r1:Otu60,submergedTime,day,162,http://vocab.nerc.ac.uk/collection/P01/current/AZDRZZ01/,https://vocab.nerc.ac.uk/collection/P06/current/UTAA/,
ARMS_TZS_Angbat_20200608_20201117_SF40_ETOH_s1_r1:Otu60,preservativeUsed,,EtOH,http://vocab.nerc.ac.uk/collection/Q01/current/Q0100004/,,https://pubchem.ncbi.nlm.nih.gov/compound/702
ARMS_TZS_Angbat_20200608_20201117_SF40_ETOH_s1_r1:Otu60,lowerLimitFilterSize,micrometer,40,http://vocab.nerc.ac.uk/collection/Q01/current/Q0100011/,https://vocab.nerc.ac.uk/collection/P06/current/UMIC/,
ARMS_TZS_Angbat_20200608_20201117_SF40_ETOH_s1_r1:Otu60,fieldReplicateID,,no replicate,http://vocab.nerc.ac.uk/collection/P01/current/IDSPRE01,,
ARMS_TZS_Angbat_20200608_20201117_SF40_ETOH_s1_r1:Otu66,submergedTime,day,162,http://vocab.nerc.ac.uk/collection/P01/current/AZDRZZ01/,https://vocab.nerc.ac.uk/collection/P06/current/UTAA/,
ARMS_TZS_Angbat_20200608_20201117_SF40_ETOH_s1_r1:Otu66,preservativeUsed,,EtOH,http://vocab.nerc.ac.uk/collection/Q01/current/Q0100004/,,https://pubchem.ncbi.nlm.nih.gov/compound/702
ARMS_TZS_Angbat_20200608_20201117_SF40_ETOH_s1_r1:Otu66,lowerLimitFilterSize,micrometer,40,http://vocab.nerc.ac.uk/collection/Q01/current/Q0100011/,https://vocab.nerc.ac.uk/collection/P06/current/UMIC/,
ARMS_TZS_Angbat_20200608_20201117_SF40_ETOH_s1_r1:Otu66,fieldReplicateID,,no replicate,http://vocab.nerc.ac.uk/collection/P01/current/IDSPRE01,,
ARMS_TZS_Angbat_20200608_20201117_SF40_ETOH_s1_r1:Otu199,submergedTime,day,162,http://vocab.nerc.ac.uk/collection/P01/current/AZDRZZ01/,https://vocab.nerc.ac.uk/collection/P06/current/UTAA/,
ARMS_TZS_Angbat_20200608_20201117_SF40_ETOH_s1_r1:Otu199,preservativeUsed,,EtOH,http://vocab.nerc.ac.uk/collection/Q01/current/Q0100004/,,https://pubchem.ncbi.nlm.nih.gov/compound/702
ARMS_TZS_Angbat_20200608_20201117_SF40_ETOH_s1_r1:Otu199,lowerLimitFilterSize,micrometer,40,http://vocab.nerc.ac.uk/collection/Q01/current/Q0100011/,https://vocab.nerc.ac.uk/collection/P06/current/UMIC/,
ARMS_TZS_Angbat_20200608_20201117_SF40_ETOH_s1_r1:Otu199,fieldReplicateID,,no replicate,http://vocab.nerc.ac.uk/collection/P01/current/IDSPRE01,,
ARMS_TZS_Angbat_20200608_20201117_SF40_ETOH_s1_r1:Otu269,submergedTime,day,162,http://vocab.nerc.ac.uk/collection/P01/current/AZDRZZ01/,https://vocab.nerc.ac.uk/collection/P06/current/UTAA/,
ARMS_TZS_Angbat_20200608_20201117_SF40_ETOH_s1_r1:Otu269,preservativeUsed,,EtOH,http://vocab.nerc.ac.uk/collection/Q01/current/Q0100004/,,https://pubchem.ncbi.nlm.nih.gov/compound/702
ARMS_TZS_Angbat_20200608_20201117_SF40_ETOH_s1_r1:Otu269,lowerLimitFilterSize,micrometer,40,http://vocab.nerc.ac.uk/collection/Q01/current/Q0100011/,https://vocab.nerc.ac.uk/collection/P06/current/UMIC/,
ARMS_TZS_Angbat_20200608_20201117_SF40_ETOH_s1_r1:Otu269,fieldReplicateID,,no replicate,http://vocab.nerc.ac.uk/collection/P01/current/IDSPRE01,,
ARMS_TZS_Angbat_20200608_20201117_SF40_ETOH_s1_r1:Otu308,submergedTime,day,162,http://vocab.nerc.ac.uk/collection/P01/current/AZDRZZ01/,https://vocab.nerc.ac.uk/collection/P06/current/UTAA/,
ARMS_TZS_Angbat_20200608_20201117_SF40_ETOH_s1_r1:Otu308,preservativeUsed,,EtOH,http://vocab.nerc.ac.uk/collection/Q01/current/Q0100004/,,https://pubchem.ncbi.nlm.nih.gov/compound/702
ARMS_TZS_Angbat_20200608_20201117_SF40_ETOH_s1_r1:Otu308,lowerLimitFilterSize,micrometer,40,http://vocab.nerc.ac.uk/collection/Q01/current/Q0100011/,https://vocab.nerc.ac.uk/collection/P06/current/UMIC/,
ARMS_TZS_Angbat_20200608_20201117_SF40_ETOH_s1_r1:Otu308,fieldReplicateID,,no replicate,http://vocab.nerc.ac.uk/collection/P01/current/IDSPRE01,,
ARMS_TZS_Angbat_20200608_20201117_SF40_ETOH_s1_r1:Otu112,submergedTime,day,162,http://vocab.nerc.ac.uk/collection/P01/current/AZDRZZ01/,https://vocab.nerc.ac.uk/collection/P06/current/UTAA/,
ARMS_TZS_Angbat_20200608_20201117_SF40_ETOH_s1_r1:Otu112,preservativeUsed,,EtOH,http://vocab.nerc.ac.uk/collection/Q01/current/Q0100004/,,https://pubchem.ncbi.nlm.nih.gov/compound/702
ARMS_TZS_Angbat_20200608_20201117_SF40_ETOH_s1_r1:Otu112,lowerLimitFilterSize,micrometer,40,http://vocab.nerc.ac.uk/collection/Q01/current/Q0100011/,https://vocab.nerc.ac.uk/collection/P06/current/UMIC/,
ARMS_TZS_Angbat_20200608_20201117_SF40_ETOH_s1_r1:Otu112,fieldReplicateID,,no replicate,http://vocab.nerc.ac.uk/collection/P01/current/IDSPRE01,,
ARMS_TZS_Angbat_20200608_20201117_SF40_ETOH_s1_r1:Otu282,submergedTime,day,162,http://vocab.nerc.ac.uk/collection/P01/current/AZDRZZ01/,https://vocab.nerc.ac.uk/collection/P06/current/UTAA/,
ARMS_TZS_Angbat_20200608_20201117_SF40_ETOH_s1_r1:Otu282,preservativeUsed,,EtOH,http://vocab.nerc.ac.uk/collection/Q01/current/Q0100004/,,https://pubchem.ncbi.nlm.nih.gov/compound/702
ARMS_TZS_Angbat_20200608_20201117_SF40_ETOH_s1_r1:Otu282,lowerLimitFilterSize,micrometer,40,http://vocab.nerc.ac.uk/collection/Q01/current/Q0100011/,https://vocab.nerc.ac.uk/collection/P06/current/UMIC/,
ARMS_TZS_Angbat_20200608_20201117_SF40_ETOH_s1_r1:Otu282,fieldReplicateID,,no replicate,http://vocab.nerc.ac.uk/collection/P01/current/IDSPRE01,,
ARMS_TZS_Angbat_20200608_20201117_SF40_ETOH_s1_r1:Otu38,submergedTime,day,162,http://vocab.nerc.ac.uk/collection/P01/current/AZDRZZ01/,https://vocab.nerc.ac.uk/collection/P06/current/UTAA/,
ARMS_TZS_Angbat_20200608_20201117_SF40_ETOH_s1_r1:Otu38,preservativeUsed,,EtOH,http://vocab.nerc.ac.uk/collection/Q01/current/Q0100004/,,https://pubchem.ncbi.nlm.nih.gov/compound/702
ARMS_TZS_Angbat_20200608_20201117_SF40_ETOH_s1_r1:Otu38,lowerLimitFilterSize,micrometer,40,http://vocab.nerc.ac.uk/collection/Q01/current/Q0100011/,https://vocab.nerc.ac.uk/collection/P06/current/UMIC/,
ARMS_TZS_Angbat_20200608_20201117_SF40_ETOH_s1_r1:Otu38,fieldReplicateID,,no replicate,http://vocab.nerc.ac.uk/collection/P01/current/IDSPRE01,,
ARMS_TZS_Angbat_20200608_20201117_SF40_ETOH_s1_r1:Otu39,submergedTime,day,162,http://vocab.nerc.ac.uk/collection/P01/current/AZDRZZ01/,https://vocab.nerc.ac.uk/collection/P06/current/UTAA/,
ARMS_TZS_Angbat_20200608_20201117_SF40_ETOH_s1_r1:Otu39,preservativeUsed,,EtOH,http://vocab.nerc.ac.uk/collection/Q01/current/Q0100004/,,https://pubchem.ncbi.nlm.nih.gov/compound/702
ARMS_TZS_Angbat_20200608_20201117_SF40_ETOH_s1_r1:Otu39,lowerLimitFilterSize,micrometer,40,http://vocab.nerc.ac.uk/collection/Q01/current/Q0100011/,https://vocab.nerc.ac.uk/collection/P06/current/UMIC/,
ARMS_TZS_Angbat_20200608_20201117_SF40_ETOH_s1_r1:Otu39,fieldReplicateID,,no replicate,http://vocab.nerc.ac.uk/collection/P01/current/IDSPRE01,,
ARMS_TZS_Angbat_20200608_20201117_SF40_ETOH_s1_r1:Otu36,submergedTime,day,162,http://vocab.nerc.ac.uk/collection/P01/current/AZDRZZ01/,https://vocab.nerc.ac.uk/collection/P06/current/UTAA/,
ARMS_TZS_Angbat_20200608_20201117_SF40_ETOH_s1_r1:Otu36,preservativeUsed,,EtOH,http://vocab.nerc.ac.uk/collection/Q01/current/Q0100004/,,https://pubchem.ncbi.nlm.nih.gov/compound/702
ARMS_TZS_Angbat_20200608_20201117_SF40_ETOH_s1_r1:Otu36,lowerLimitFilterSize,micrometer,40,http://vocab.nerc.ac.uk/collection/Q01/current/Q0100011/,https://vocab.nerc.ac.uk/collection/P06/current/UMIC/,
ARMS_TZS_Angbat_20200608_20201117_SF40_ETOH_s1_r1:Otu36,fieldReplicateID,,no replicate,http://vocab.nerc.ac.uk/collection/P01/current/IDSPRE01,,
ARMS_TZS_Angbat_20200608_20201117_SF40_ETOH_s1_r1:Otu37,submergedTime,day,162,http://vocab.nerc.ac.uk/collection/P01/current/AZDRZZ01/,https://vocab.nerc.ac.uk/collection/P06/current/UTAA/,
ARMS_TZS_Angbat_20200608_20201117_SF40_ETOH_s1_r1:Otu37,preservativeUsed,,EtOH,http://vocab.nerc.ac.uk/collection/Q01/current/Q0100004/,,https://pubchem.ncbi.nlm.nih.gov/compound/702
ARMS_TZS_Angbat_20200608_20201117_SF40_ETOH_s1_r1:Otu37,lowerLimitFilterSize,micrometer,40,http://vocab.nerc.ac.uk/collection/Q01/current/Q0100011/,https://vocab.nerc.ac.uk/collection/P06/current/UMIC/,
ARMS_TZS_Angbat_20200608_20201117_SF40_ETOH_s1_r1:Otu37,fieldReplicateID,,no replicate,http://vocab.nerc.ac.uk/collection/P01/current/IDSPRE01,,
ARMS_TZS_Angbat_20200608_20201117_SF40_ETOH_s1_r1:Otu35,submergedTime,day,162,http://vocab.nerc.ac.uk/collection/P01/current/AZDRZZ01/,https://vocab.nerc.ac.uk/collection/P06/current/UTAA/,
ARMS_TZS_Angbat_20200608_20201117_SF40_ETOH_s1_r1:Otu35,preservativeUsed,,EtOH,http://vocab.nerc.ac.uk/collection/Q01/current/Q0100004/,,https://pubchem.ncbi.nlm.nih.gov/compound/702
ARMS_TZS_Angbat_20200608_20201117_SF40_ETOH_s1_r1:Otu35,lowerLimitFilterSize,micrometer,40,http://vocab.nerc.ac.uk/collection/Q01/current/Q0100011/,https://vocab.nerc.ac.uk/collection/P06/current/UMIC/,
ARMS_TZS_Angbat_20200608_20201117_SF40_ETOH_s1_r1:Otu35,fieldReplicateID,,no replicate,http://vocab.nerc.ac.uk/collection/P01/current/IDSPRE01,,
ARMS_TZS_Angbat_20200608_20201117_SF40_ETOH_s1_r1:Otu33,submergedTime,day,162,http://vocab.nerc.ac.uk/collection/P01/current/AZDRZZ01/,https://vocab.nerc.ac.uk/collection/P06/current/UTAA/,
ARMS_TZS_Angbat_20200608_20201117_SF40_ETOH_s1_r1:Otu33,preservativeUsed,,EtOH,http://vocab.nerc.ac.uk/collection/Q01/current/Q0100004/,,https://pubchem.ncbi.nlm.nih.gov/compound/702
ARMS_TZS_Angbat_20200608_20201117_SF40_ETOH_s1_r1:Otu33,lowerLimitFilterSize,micrometer,40,http://vocab.nerc.ac.uk/collection/Q01/current/Q0100011/,https://vocab.nerc.ac.uk/collection/P06/current/UMIC/,
ARMS_TZS_Angbat_20200608_20201117_SF40_ETOH_s1_r1:Otu33,fieldReplicateID,,no replicate,http://vocab.nerc.ac.uk/collection/P01/current/IDSPRE01,,
ARMS_TZS_Angbat_20200608_20201117_SF40_ETOH_s1_r1:Otu31,submergedTime,day,162,http://vocab.nerc.ac.uk/collection/P01/current/AZDRZZ01/,https://vocab.nerc.ac.uk/collection/P06/current/UTAA/,
ARMS_TZS_Angbat_20200608_20201117_SF40_ETOH_s1_r1:Otu31,preservativeUsed,,EtOH,http://vocab.nerc.ac.uk/collection/Q01/current/Q0100004/,,https://pubchem.ncbi.nlm.nih.gov/compound/702
ARMS_TZS_Angbat_20200608_20201117_SF40_ETOH_s1_r1:Otu31,lowerLimitFilterSize,micrometer,40,http://vocab.nerc.ac.uk/collection/Q01/current/Q0100011/,https://vocab.nerc.ac.uk/collection/P06/current/UMIC/,
ARMS_TZS_Angbat_20200608_20201117_SF40_ETOH_s1_r1:Otu31,fieldReplicateID,,no replicate,http://vocab.nerc.ac.uk/collection/P01/current/IDSPRE01,,
ARMS_TZS_Angbat_20200608_20201117_SF40_ETOH_s1_r1:Otu167,submergedTime,day,162,http://vocab.nerc.ac.uk/collection/P01/current/AZDRZZ01/,https://vocab.nerc.ac.uk/collection/P06/current/UTAA/,
ARMS_TZS_Angbat_20200608_20201117_SF40_ETOH_s1_r1:Otu167,preservativeUsed,,EtOH,http://vocab.nerc.ac.uk/collection/Q01/current/Q0100004/,,https://pubchem.ncbi.nlm.nih.gov/compound/702
ARMS_TZS_Angbat_20200608_20201117_SF40_ETOH_s1_r1:Otu167,lowerLimitFilterSize,micrometer,40,http://vocab.nerc.ac.uk/collection/Q01/current/Q0100011/,https://vocab.nerc.ac.uk/collection/P06/current/UMIC/,
ARMS_TZS_Angbat_20200608_20201117_SF40_ETOH_s1_r1:Otu167,fieldReplicateID,,no replicate,http://vocab.nerc.ac.uk/collection/P01/current/IDSPRE01,,
ARMS_TZS_Angbat_20200608_20201117_SF40_ETOH_s1_r1:Otu169,submergedTime,day,162,http://vocab.nerc.ac.uk/collection/P01/current/AZDRZZ01/,https://vocab.nerc.ac.uk/collection/P06/current/UTAA/,
ARMS_TZS_Angbat_20200608_20201117_SF40_ETOH_s1_r1:Otu169,preservativeUsed,,EtOH,http://vocab.nerc.ac.uk/collection/Q01/current/Q0100004/,,https://pubchem.ncbi.nlm.nih.gov/compound/702
ARMS_TZS_Angbat_20200608_20201117_SF40_ETOH_s1_r1:Otu169,lowerLimitFilterSize,micrometer,40,http://vocab.nerc.ac.uk/collection/Q01/current/Q0100011/,https://vocab.nerc.ac.uk/collection/P06/current/UMIC/,
ARMS_TZS_Angbat_20200608_20201117_SF40_ETOH_s1_r1:Otu169,fieldReplicateID,,no replicate,http://vocab.nerc.ac.uk/collection/P01/current/IDSPRE01,,
ARMS_TZS_Angbat_20200608_20201117_SF40_ETOH_s1_r1:Otu84,submergedTime,day,162,http://vocab.nerc.ac.uk/collection/P01/current/AZDRZZ01/,https://vocab.nerc.ac.uk/collection/P06/current/UTAA/,
ARMS_TZS_Angbat_20200608_20201117_SF40_ETOH_s1_r1:Otu84,preservativeUsed,,EtOH,http://vocab.nerc.ac.uk/collection/Q01/current/Q0100004/,,https://pubchem.ncbi.nlm.nih.gov/compound/702
ARMS_TZS_Angbat_20200608_20201117_SF40_ETOH_s1_r1:Otu84,lowerLimitFilterSize,micrometer,40,http://vocab.nerc.ac.uk/collection/Q01/current/Q0100011/,https://vocab.nerc.ac.uk/collection/P06/current/UMIC/,
ARMS_TZS_Angbat_20200608_20201117_SF40_ETOH_s1_r1:Otu84,fieldReplicateID,,no replicate,http://vocab.nerc.ac.uk/collection/P01/current/IDSPRE01,,
ARMS_TZS_Angbat_20200608_20201117_SF40_ETOH_s1_r1:Otu439,submergedTime,day,162,http://vocab.nerc.ac.uk/collection/P01/current/AZDRZZ01/,https://vocab.nerc.ac.uk/collection/P06/current/UTAA/,
ARMS_TZS_Angbat_20200608_20201117_SF40_ETOH_s1_r1:Otu439,preservativeUsed,,EtOH,http://vocab.nerc.ac.uk/collection/Q01/current/Q0100004/,,https://pubchem.ncbi.nlm.nih.gov/compound/702
ARMS_TZS_Angbat_20200608_20201117_SF40_ETOH_s1_r1:Otu439,lowerLimitFilterSize,micrometer,40,http://vocab.nerc.ac.uk/collection/Q01/current/Q0100011/,https://vocab.nerc.ac.uk/collection/P06/current/UMIC/,
ARMS_TZS_Angbat_20200608_20201117_SF40_ETOH_s1_r1:Otu439,fieldReplicateID,,no replicate,http://vocab.nerc.ac.uk/collection/P01/current/IDSPRE01,,
ARMS_TZS_Angbat_20200608_20201117_SF40_ETOH_s1_r1:Otu438,submergedTime,day,162,http://vocab.nerc.ac.uk/collection/P01/current/AZDRZZ01/,https://vocab.nerc.ac.uk/collection/P06/current/UTAA/,
ARMS_TZS_Angbat_20200608_20201117_SF40_ETOH_s1_r1:Otu438,preservativeUsed,,EtOH,http://vocab.nerc.ac.uk/collection/Q01/current/Q0100004/,,https://pubchem.ncbi.nlm.nih.gov/compound/702
ARMS_TZS_Angbat_20200608_20201117_SF40_ETOH_s1_r1:Otu438,lowerLimitFilterSize,micrometer,40,http://vocab.nerc.ac.uk/collection/Q01/current/Q0100011/,https://vocab.nerc.ac.uk/collection/P06/current/UMIC/,
ARMS_TZS_Angbat_20200608_20201117_SF40_ETOH_s1_r1:Otu438,fieldReplicateID,,no replicate,http://vocab.nerc.ac.uk/collection/P01/current/IDSPRE01,,
ARMS_TZS_Angbat_20200608_20201117_SF40_ETOH_s1_r1:Otu152,submergedTime,day,162,http://vocab.nerc.ac.uk/collection/P01/current/AZDRZZ01/,https://vocab.nerc.ac.uk/collection/P06/current/UTAA/,
ARMS_TZS_Angbat_20200608_20201117_SF40_ETOH_s1_r1:Otu152,preservativeUsed,,EtOH,http://vocab.nerc.ac.uk/collection/Q01/current/Q0100004/,,https://pubchem.ncbi.nlm.nih.gov/compound/702
ARMS_TZS_Angbat_20200608_20201117_SF40_ETOH_s1_r1:Otu152,lowerLimitFilterSize,micrometer,40,http://vocab.nerc.ac.uk/collection/Q01/current/Q0100011/,https://vocab.nerc.ac.uk/collection/P06/current/UMIC/,
ARMS_TZS_Angbat_20200608_20201117_SF40_ETOH_s1_r1:Otu152,fieldReplicateID,,no replicate,http://vocab.nerc.ac.uk/collection/P01/current/IDSPRE01,,
ARMS_TZS_Angbat_20200608_20201117_SF40_ETOH_s1_r1:Otu157,submergedTime,day,162,http://vocab.nerc.ac.uk/collection/P01/current/AZDRZZ01/,https://vocab.nerc.ac.uk/collection/P06/current/UTAA/,
ARMS_TZS_Angbat_20200608_20201117_SF40_ETOH_s1_r1:Otu157,preservativeUsed,,EtOH,http://vocab.nerc.ac.uk/collection/Q01/current/Q0100004/,,https://pubchem.ncbi.nlm.nih.gov/compound/702
ARMS_TZS_Angbat_20200608_20201117_SF40_ETOH_s1_r1:Otu157,lowerLimitFilterSize,micrometer,40,http://vocab.nerc.ac.uk/collection/Q01/current/Q0100011/,https://vocab.nerc.ac.uk/collection/P06/current/UMIC/,
ARMS_TZS_Angbat_20200608_20201117_SF40_ETOH_s1_r1:Otu157,fieldReplicateID,,no replicate,http://vocab.nerc.ac.uk/collection/P01/current/IDSPRE01,,
ARMS_TZS_Angbat_20200608_20201117_SF40_ETOH_s1_r1:Otu155,submergedTime,day,162,http://vocab.nerc.ac.uk/collection/P01/current/AZDRZZ01/,https://vocab.nerc.ac.uk/collection/P06/current/UTAA/,
ARMS_TZS_Angbat_20200608_20201117_SF40_ETOH_s1_r1:Otu155,preservativeUsed,,EtOH,http://vocab.nerc.ac.uk/collection/Q01/current/Q0100004/,,https://pubchem.ncbi.nlm.nih.gov/compound/702
ARMS_TZS_Angbat_20200608_20201117_SF40_ETOH_s1_r1:Otu155,lowerLimitFilterSize,micrometer,40,http://vocab.nerc.ac.uk/collection/Q01/current/Q0100011/,https://vocab.nerc.ac.uk/collection/P06/current/UMIC/,
ARMS_TZS_Angbat_20200608_20201117_SF40_ETOH_s1_r1:Otu155,fieldReplicateID,,no replicate,http://vocab.nerc.ac.uk/collection/P01/current/IDSPRE01,,
ARMS_TZS_Angbat_20200608_20201117_SF40_ETOH_s1_r1:Otu70,submergedTime,day,162,http://vocab.nerc.ac.uk/collection/P01/current/AZDRZZ01/,https://vocab.nerc.ac.uk/collection/P06/current/UTAA/,
ARMS_TZS_Angbat_20200608_20201117_SF40_ETOH_s1_r1:Otu70,preservativeUsed,,EtOH,http://vocab.nerc.ac.uk/collection/Q01/current/Q0100004/,,https://pubchem.ncbi.nlm.nih.gov/compound/702
ARMS_TZS_Angbat_20200608_20201117_SF40_ETOH_s1_r1:Otu70,lowerLimitFilterSize,micrometer,40,http://vocab.nerc.ac.uk/collection/Q01/current/Q0100011/,https://vocab.nerc.ac.uk/collection/P06/current/UMIC/,
ARMS_TZS_Angbat_20200608_20201117_SF40_ETOH_s1_r1:Otu70,fieldReplicateID,,no replicate,http://vocab.nerc.ac.uk/collection/P01/current/IDSPRE01,,
ARMS_TZS_Angbat_20200608_20201117_SF40_ETOH_s1_r1:Otu77,submergedTime,day,162,http://vocab.nerc.ac.uk/collection/P01/current/AZDRZZ01/,https://vocab.nerc.ac.uk/collection/P06/current/UTAA/,
ARMS_TZS_Angbat_20200608_20201117_SF40_ETOH_s1_r1:Otu77,preservativeUsed,,EtOH,http://vocab.nerc.ac.uk/collection/Q01/current/Q0100004/,,https://pubchem.ncbi.nlm.nih.gov/compound/702
ARMS_TZS_Angbat_20200608_20201117_SF40_ETOH_s1_r1:Otu77,lowerLimitFilterSize,micrometer,40,http://vocab.nerc.ac.uk/collection/Q01/current/Q0100011/,https://vocab.nerc.ac.uk/collection/P06/current/UMIC/,
ARMS_TZS_Angbat_20200608_20201117_SF40_ETOH_s1_r1:Otu77,fieldReplicateID,,no replicate,http://vocab.nerc.ac.uk/collection/P01/current/IDSPRE01,,
ARMS_TZS_Angbat_20200608_20201117_SF40_ETOH_s1_r1:Otu237,submergedTime,day,162,http://vocab.nerc.ac.uk/collection/P01/current/AZDRZZ01/,https://vocab.nerc.ac.uk/collection/P06/current/UTAA/,
ARMS_TZS_Angbat_20200608_20201117_SF40_ETOH_s1_r1:Otu237,preservativeUsed,,EtOH,http://vocab.nerc.ac.uk/collection/Q01/current/Q0100004/,,https://pubchem.ncbi.nlm.nih.gov/compound/702
ARMS_TZS_Angbat_20200608_20201117_SF40_ETOH_s1_r1:Otu237,lowerLimitFilterSize,micrometer,40,http://vocab.nerc.ac.uk/collection/Q01/current/Q0100011/,https://vocab.nerc.ac.uk/collection/P06/current/UMIC/,
ARMS_TZS_Angbat_20200608_20201117_SF40_ETOH_s1_r1:Otu237,fieldReplicateID,,no replicate,http://vocab.nerc.ac.uk/collection/P01/current/IDSPRE01,,
ARMS_TZS_Angbat_20200608_20201117_SF40_ETOH_s1_r1:Otu236,submergedTime,day,162,http://vocab.nerc.ac.uk/collection/P01/current/AZDRZZ01/,https://vocab.nerc.ac.uk/collection/P06/current/UTAA/,
ARMS_TZS_Angbat_20200608_20201117_SF40_ETOH_s1_r1:Otu236,preservativeUsed,,EtOH,http://vocab.nerc.ac.uk/collection/Q01/current/Q0100004/,,https://pubchem.ncbi.nlm.nih.gov/compound/702
ARMS_TZS_Angbat_20200608_20201117_SF40_ETOH_s1_r1:Otu236,lowerLimitFilterSize,micrometer,40,http://vocab.nerc.ac.uk/collection/Q01/current/Q0100011/,https://vocab.nerc.ac.uk/collection/P06/current/UMIC/,
ARMS_TZS_Angbat_20200608_20201117_SF40_ETOH_s1_r1:Otu236,fieldReplicateID,,no replicate,http://vocab.nerc.ac.uk/collection/P01/current/IDSPRE01,,
ARMS_TZS_Angbat_20200608_20201117_SF40_ETOH_s1_r1:Otu239,submergedTime,day,162,http://vocab.nerc.ac.uk/collection/P01/current/AZDRZZ01/,https://vocab.nerc.ac.uk/collection/P06/current/UTAA/,
ARMS_TZS_Angbat_20200608_20201117_SF40_ETOH_s1_r1:Otu239,preservativeUsed,,EtOH,http://vocab.nerc.ac.uk/collection/Q01/current/Q0100004/,,https://pubchem.ncbi.nlm.nih.gov/compound/702
ARMS_TZS_Angbat_20200608_20201117_SF40_ETOH_s1_r1:Otu239,lowerLimitFilterSize,micrometer,40,http://vocab.nerc.ac.uk/collection/Q01/current/Q0100011/,https://vocab.nerc.ac.uk/collection/P06/current/UMIC/,
ARMS_TZS_Angbat_20200608_20201117_SF40_ETOH_s1_r1:Otu239,fieldReplicateID,,no replicate,http://vocab.nerc.ac.uk/collection/P01/current/IDSPRE01,,
ARMS_TZS_Angbat_20200608_20201117_SF40_ETOH_s1_r1:Otu238,submergedTime,day,162,http://vocab.nerc.ac.uk/collection/P01/current/AZDRZZ01/,https://vocab.nerc.ac.uk/collection/P06/current/UTAA/,
ARMS_TZS_Angbat_20200608_20201117_SF40_ETOH_s1_r1:Otu238,preservativeUsed,,EtOH,http://vocab.nerc.ac.uk/collection/Q01/current/Q0100004/,,https://pubchem.ncbi.nlm.nih.gov/compound/702
ARMS_TZS_Angbat_20200608_20201117_SF40_ETOH_s1_r1:Otu238,lowerLimitFilterSize,micrometer,40,http://vocab.nerc.ac.uk/collection/Q01/current/Q0100011/,https://vocab.nerc.ac.uk/collection/P06/current/UMIC/,
ARMS_TZS_Angbat_20200608_20201117_SF40_ETOH_s1_r1:Otu238,fieldReplicateID,,no replicate,http://vocab.nerc.ac.uk/collection/P01/current/IDSPRE01,,
ARMS_TZS_Angbat_20200608_20201117_SF40_ETOH_s1_r1:Otu168,submergedTime,day,162,http://vocab.nerc.ac.uk/collection/P01/current/AZDRZZ01/,https://vocab.nerc.ac.uk/collection/P06/current/UTAA/,
ARMS_TZS_Angbat_20200608_20201117_SF40_ETOH_s1_r1:Otu168,preservativeUsed,,EtOH,http://vocab.nerc.ac.uk/collection/Q01/current/Q0100004/,,https://pubchem.ncbi.nlm.nih.gov/compound/702
ARMS_TZS_Angbat_20200608_20201117_SF40_ETOH_s1_r1:Otu168,lowerLimitFilterSize,micrometer,40,http://vocab.nerc.ac.uk/collection/Q01/current/Q0100011/,https://vocab.nerc.ac.uk/collection/P06/current/UMIC/,
ARMS_TZS_Angbat_20200608_20201117_SF40_ETOH_s1_r1:Otu168,fieldReplicateID,,no replicate,http://vocab.nerc.ac.uk/collection/P01/current/IDSPRE01,,
ARMS_TZS_Angbat_20200608_20201117_SF40_ETOH_s1_r1:Otu5,submergedTime,day,162,http://vocab.nerc.ac.uk/collection/P01/current/AZDRZZ01/,https://vocab.nerc.ac.uk/collection/P06/current/UTAA/,
ARMS_TZS_Angbat_20200608_20201117_SF40_ETOH_s1_r1:Otu5,preservativeUsed,,EtOH,http://vocab.nerc.ac.uk/collection/Q01/current/Q0100004/,,https://pubchem.ncbi.nlm.nih.gov/compound/702
ARMS_TZS_Angbat_20200608_20201117_SF40_ETOH_s1_r1:Otu5,lowerLimitFilterSize,micrometer,40,http://vocab.nerc.ac.uk/collection/Q01/current/Q0100011/,https://vocab.nerc.ac.uk/collection/P06/current/UMIC/,
ARMS_TZS_Angbat_20200608_20201117_SF40_ETOH_s1_r1:Otu5,fieldReplicateID,,no replicate,http://vocab.nerc.ac.uk/collection/P01/current/IDSPRE01,,
ARMS_TZS_Angbat_20200608_20201117_SF40_ETOH_s1_r1:Otu1,submergedTime,day,162,http://vocab.nerc.ac.uk/collection/P01/current/AZDRZZ01/,https://vocab.nerc.ac.uk/collection/P06/current/UTAA/,
ARMS_TZS_Angbat_20200608_20201117_SF40_ETOH_s1_r1:Otu1,preservativeUsed,,EtOH,http://vocab.nerc.ac.uk/collection/Q01/current/Q0100004/,,https://pubchem.ncbi.nlm.nih.gov/compound/702
ARMS_TZS_Angbat_20200608_20201117_SF40_ETOH_s1_r1:Otu1,lowerLimitFilterSize,micrometer,40,http://vocab.nerc.ac.uk/collection/Q01/current/Q0100011/,https://vocab.nerc.ac.uk/collection/P06/current/UMIC/,
ARMS_TZS_Angbat_20200608_20201117_SF40_ETOH_s1_r1:Otu1,fieldReplicateID,,no replicate,http://vocab.nerc.ac.uk/collection/P01/current/IDSPRE01,,
ARMS_TZS_Angbat_20200608_20201117_SF40_ETOH_s1_r1:Otu50,submergedTime,day,162,http://vocab.nerc.ac.uk/collection/P01/current/AZDRZZ01/,https://vocab.nerc.ac.uk/collection/P06/current/UTAA/,
ARMS_TZS_Angbat_20200608_20201117_SF40_ETOH_s1_r1:Otu50,preservativeUsed,,EtOH,http://vocab.nerc.ac.uk/collection/Q01/current/Q0100004/,,https://pubchem.ncbi.nlm.nih.gov/compound/702
ARMS_TZS_Angbat_20200608_20201117_SF40_ETOH_s1_r1:Otu50,lowerLimitFilterSize,micrometer,40,http://vocab.nerc.ac.uk/collection/Q01/current/Q0100011/,https://vocab.nerc.ac.uk/collection/P06/current/UMIC/,
ARMS_TZS_Angbat_20200608_20201117_SF40_ETOH_s1_r1:Otu50,fieldReplicateID,,no replicate,http://vocab.nerc.ac.uk/collection/P01/current/IDSPRE01,,
ARMS_TZS_Angbat_20200608_20201117_SF40_ETOH_s1_r1:Otu51,submergedTime,day,162,http://vocab.nerc.ac.uk/collection/P01/current/AZDRZZ01/,https://vocab.nerc.ac.uk/collection/P06/current/UTAA/,
ARMS_TZS_Angbat_20200608_20201117_SF40_ETOH_s1_r1:Otu51,preservativeUsed,,EtOH,http://vocab.nerc.ac.uk/collection/Q01/current/Q0100004/,,https://pubchem.ncbi.nlm.nih.gov/compound/702
ARMS_TZS_Angbat_20200608_20201117_SF40_ETOH_s1_r1:Otu51,lowerLimitFilterSize,micrometer,40,http://vocab.nerc.ac.uk/collection/Q01/current/Q0100011/,https://vocab.nerc.ac.uk/collection/P06/current/UMIC/,
ARMS_TZS_Angbat_20200608_20201117_SF40_ETOH_s1_r1:Otu51,fieldReplicateID,,no replicate,http://vocab.nerc.ac.uk/collection/P01/current/IDSPRE01,,
ARMS_TZS_Angbat_20200608_20201117_SF40_ETOH_s1_r1:Otu57,submergedTime,day,162,http://vocab.nerc.ac.uk/collection/P01/current/AZDRZZ01/,https://vocab.nerc.ac.uk/collection/P06/current/UTAA/,
ARMS_TZS_Angbat_20200608_20201117_SF40_ETOH_s1_r1:Otu57,preservativeUsed,,EtOH,http://vocab.nerc.ac.uk/collection/Q01/current/Q0100004/,,https://pubchem.ncbi.nlm.nih.gov/compound/702
ARMS_TZS_Angbat_20200608_20201117_SF40_ETOH_s1_r1:Otu57,lowerLimitFilterSize,micrometer,40,http://vocab.nerc.ac.uk/collection/Q01/current/Q0100011/,https://vocab.nerc.ac.uk/collection/P06/current/UMIC/,
ARMS_TZS_Angbat_20200608_20201117_SF40_ETOH_s1_r1:Otu57,fieldReplicateID,,no replicate,http://vocab.nerc.ac.uk/collection/P01/current/IDSPRE01,,
ARMS_TZS_Angbat_20200608_20201117_SF40_ETOH_s1_r1:Otu202,submergedTime,day,162,http://vocab.nerc.ac.uk/collection/P01/current/AZDRZZ01/,https://vocab.nerc.ac.uk/collection/P06/current/UTAA/,
ARMS_TZS_Angbat_20200608_20201117_SF40_ETOH_s1_r1:Otu202,preservativeUsed,,EtOH,http://vocab.nerc.ac.uk/collection/Q01/current/Q0100004/,,https://pubchem.ncbi.nlm.nih.gov/compound/702
ARMS_TZS_Angbat_20200608_20201117_SF40_ETOH_s1_r1:Otu202,lowerLimitFilterSize,micrometer,40,http://vocab.nerc.ac.uk/collection/Q01/current/Q0100011/,https://vocab.nerc.ac.uk/collection/P06/current/UMIC/,
ARMS_TZS_Angbat_20200608_20201117_SF40_ETOH_s1_r1:Otu202,fieldReplicateID,,no replicate,http://vocab.nerc.ac.uk/collection/P01/current/IDSPRE01,,
ARMS_TZS_Angbat_20200608_20201117_SF40_ETOH_s1_r1:Otu203,submergedTime,day,162,http://vocab.nerc.ac.uk/collection/P01/current/AZDRZZ01/,https://vocab.nerc.ac.uk/collection/P06/current/UTAA/,
ARMS_TZS_Angbat_20200608_20201117_SF40_ETOH_s1_r1:Otu203,preservativeUsed,,EtOH,http://vocab.nerc.ac.uk/collection/Q01/current/Q0100004/,,https://pubchem.ncbi.nlm.nih.gov/compound/702
ARMS_TZS_Angbat_20200608_20201117_SF40_ETOH_s1_r1:Otu203,lowerLimitFilterSize,micrometer,40,http://vocab.nerc.ac.uk/collection/Q01/current/Q0100011/,https://vocab.nerc.ac.uk/collection/P06/current/UMIC/,
ARMS_TZS_Angbat_20200608_20201117_SF40_ETOH_s1_r1:Otu203,fieldReplicateID,,no replicate,http://vocab.nerc.ac.uk/collection/P01/current/IDSPRE01,,
ARMS_TZS_Angbat_20200608_20201117_SF40_ETOH_s1_r1:Otu200,submergedTime,day,162,http://vocab.nerc.ac.uk/collection/P01/current/AZDRZZ01/,https://vocab.nerc.ac.uk/collection/P06/current/UTAA/,
ARMS_TZS_Angbat_20200608_20201117_SF40_ETOH_s1_r1:Otu200,preservativeUsed,,EtOH,http://vocab.nerc.ac.uk/collection/Q01/current/Q0100004/,,https://pubchem.ncbi.nlm.nih.gov/compound/702
ARMS_TZS_Angbat_20200608_20201117_SF40_ETOH_s1_r1:Otu200,lowerLimitFilterSize,micrometer,40,http://vocab.nerc.ac.uk/collection/Q01/current/Q0100011/,https://vocab.nerc.ac.uk/collection/P06/current/UMIC/,
ARMS_TZS_Angbat_20200608_20201117_SF40_ETOH_s1_r1:Otu200,fieldReplicateID,,no replicate,http://vocab.nerc.ac.uk/collection/P01/current/IDSPRE01,,
ARMS_TZS_Angbat_20200608_20201117_SF40_ETOH_s1_r1:Otu273,submergedTime,day,162,http://vocab.nerc.ac.uk/collection/P01/current/AZDRZZ01/,https://vocab.nerc.ac.uk/collection/P06/current/UTAA/,
ARMS_TZS_Angbat_20200608_20201117_SF40_ETOH_s1_r1:Otu273,preservativeUsed,,EtOH,http://vocab.nerc.ac.uk/collection/Q01/current/Q0100004/,,https://pubchem.ncbi.nlm.nih.gov/compound/702
ARMS_TZS_Angbat_20200608_20201117_SF40_ETOH_s1_r1:Otu273,lowerLimitFilterSize,micrometer,40,http://vocab.nerc.ac.uk/collection/Q01/current/Q0100011/,https://vocab.nerc.ac.uk/collection/P06/current/UMIC/,
ARMS_TZS_Angbat_20200608_20201117_SF40_ETOH_s1_r1:Otu273,fieldReplicateID,,no replicate,http://vocab.nerc.ac.uk/collection/P01/current/IDSPRE01,,
ARMS_TZS_Angbat_20200608_20201117_SF40_ETOH_s1_r1:Otu272,submergedTime,day,162,http://vocab.nerc.ac.uk/collection/P01/current/AZDRZZ01/,https://vocab.nerc.ac.uk/collection/P06/current/UTAA/,
ARMS_TZS_Angbat_20200608_20201117_SF40_ETOH_s1_r1:Otu272,preservativeUsed,,EtOH,http://vocab.nerc.ac.uk/collection/Q01/current/Q0100004/,,https://pubchem.ncbi.nlm.nih.gov/compound/702
ARMS_TZS_Angbat_20200608_20201117_SF40_ETOH_s1_r1:Otu272,lowerLimitFilterSize,micrometer,40,http://vocab.nerc.ac.uk/collection/Q01/current/Q0100011/,https://vocab.nerc.ac.uk/collection/P06/current/UMIC/,
ARMS_TZS_Angbat_20200608_20201117_SF40_ETOH_s1_r1:Otu272,fieldReplicateID,,no replicate,http://vocab.nerc.ac.uk/collection/P01/current/IDSPRE01,,
ARMS_TZS_Angbat_20200608_20201117_SF40_ETOH_s1_r1:Otu270,submergedTime,day,162,http://vocab.nerc.ac.uk/collection/P01/current/AZDRZZ01/,https://vocab.nerc.ac.uk/collection/P06/current/UTAA/,
ARMS_TZS_Angbat_20200608_20201117_SF40_ETOH_s1_r1:Otu270,preservativeUsed,,EtOH,http://vocab.nerc.ac.uk/collection/Q01/current/Q0100004/,,https://pubchem.ncbi.nlm.nih.gov/compound/702
ARMS_TZS_Angbat_20200608_20201117_SF40_ETOH_s1_r1:Otu270,lowerLimitFilterSize,micrometer,40,http://vocab.nerc.ac.uk/collection/Q01/current/Q0100011/,https://vocab.nerc.ac.uk/collection/P06/current/UMIC/,
ARMS_TZS_Angbat_20200608_20201117_SF40_ETOH_s1_r1:Otu270,fieldReplicateID,,no replicate,http://vocab.nerc.ac.uk/collection/P01/current/IDSPRE01,,
ARMS_TZS_Angbat_20200608_20201117_SF40_ETOH_s1_r1:Otu275,submergedTime,day,162,http://vocab.nerc.ac.uk/collection/P01/current/AZDRZZ01/,https://vocab.nerc.ac.uk/collection/P06/current/UTAA/,
ARMS_TZS_Angbat_20200608_20201117_SF40_ETOH_s1_r1:Otu275,preservativeUsed,,EtOH,http://vocab.nerc.ac.uk/collection/Q01/current/Q0100004/,,https://pubchem.ncbi.nlm.nih.gov/compound/702
ARMS_TZS_Angbat_20200608_20201117_SF40_ETOH_s1_r1:Otu275,lowerLimitFilterSize,micrometer,40,http://vocab.nerc.ac.uk/collection/Q01/current/Q0100011/,https://vocab.nerc.ac.uk/collection/P06/current/UMIC/,
ARMS_TZS_Angbat_20200608_20201117_SF40_ETOH_s1_r1:Otu275,fieldReplicateID,,no replicate,http://vocab.nerc.ac.uk/collection/P01/current/IDSPRE01,,
ARMS_TZS_Angbat_20200608_20201117_SF40_ETOH_s1_r1:Otu104,submergedTime,day,162,http://vocab.nerc.ac.uk/collection/P01/current/AZDRZZ01/,https://vocab.nerc.ac.uk/collection/P06/current/UTAA/,
ARMS_TZS_Angbat_20200608_20201117_SF40_ETOH_s1_r1:Otu104,preservativeUsed,,EtOH,http://vocab.nerc.ac.uk/collection/Q01/current/Q0100004/,,https://pubchem.ncbi.nlm.nih.gov/compound/702
ARMS_TZS_Angbat_20200608_20201117_SF40_ETOH_s1_r1:Otu104,lowerLimitFilterSize,micrometer,40,http://vocab.nerc.ac.uk/collection/Q01/current/Q0100011/,https://vocab.nerc.ac.uk/collection/P06/current/UMIC/,
ARMS_TZS_Angbat_20200608_20201117_SF40_ETOH_s1_r1:Otu104,fieldReplicateID,,no replicate,http://vocab.nerc.ac.uk/collection/P01/current/IDSPRE01,,
ARMS_TZS_Angbat_20200608_20201117_SF40_ETOH_s1_r1:Otu101,submergedTime,day,162,http://vocab.nerc.ac.uk/collection/P01/current/AZDRZZ01/,https://vocab.nerc.ac.uk/collection/P06/current/UTAA/,
ARMS_TZS_Angbat_20200608_20201117_SF40_ETOH_s1_r1:Otu101,preservativeUsed,,EtOH,http://vocab.nerc.ac.uk/collection/Q01/current/Q0100004/,,https://pubchem.ncbi.nlm.nih.gov/compound/702
ARMS_TZS_Angbat_20200608_20201117_SF40_ETOH_s1_r1:Otu101,lowerLimitFilterSize,micrometer,40,http://vocab.nerc.ac.uk/collection/Q01/current/Q0100011/,https://vocab.nerc.ac.uk/collection/P06/current/UMIC/,
ARMS_TZS_Angbat_20200608_20201117_SF40_ETOH_s1_r1:Otu101,fieldReplicateID,,no replicate,http://vocab.nerc.ac.uk/collection/P01/current/IDSPRE01,,
ARMS_TZS_Angbat_20200608_20201117_SF40_ETOH_s1_r1:Otu103,submergedTime,day,162,http://vocab.nerc.ac.uk/collection/P01/current/AZDRZZ01/,https://vocab.nerc.ac.uk/collection/P06/current/UTAA/,
ARMS_TZS_Angbat_20200608_20201117_SF40_ETOH_s1_r1:Otu103,preservativeUsed,,EtOH,http://vocab.nerc.ac.uk/collection/Q01/current/Q0100004/,,https://pubchem.ncbi.nlm.nih.gov/compound/702
ARMS_TZS_Angbat_20200608_20201117_SF40_ETOH_s1_r1:Otu103,lowerLimitFilterSize,micrometer,40,http://vocab.nerc.ac.uk/collection/Q01/current/Q0100011/,https://vocab.nerc.ac.uk/collection/P06/current/UMIC/,
ARMS_TZS_Angbat_20200608_20201117_SF40_ETOH_s1_r1:Otu103,fieldReplicateID,,no replicate,http://vocab.nerc.ac.uk/collection/P01/current/IDSPRE01,,
ARMS_TZS_Angbat_20200608_20201117_SF40_ETOH_s1_r1:Otu90,submergedTime,day,162,http://vocab.nerc.ac.uk/collection/P01/current/AZDRZZ01/,https://vocab.nerc.ac.uk/collection/P06/current/UTAA/,
ARMS_TZS_Angbat_20200608_20201117_SF40_ETOH_s1_r1:Otu90,preservativeUsed,,EtOH,http://vocab.nerc.ac.uk/collection/Q01/current/Q0100004/,,https://pubchem.ncbi.nlm.nih.gov/compound/702
ARMS_TZS_Angbat_20200608_20201117_SF40_ETOH_s1_r1:Otu90,lowerLimitFilterSize,micrometer,40,http://vocab.nerc.ac.uk/collection/Q01/current/Q0100011/,https://vocab.nerc.ac.uk/collection/P06/current/UMIC/,
ARMS_TZS_Angbat_20200608_20201117_SF40_ETOH_s1_r1:Otu90,fieldReplicateID,,no replicate,http://vocab.nerc.ac.uk/collection/P01/current/IDSPRE01,,
ARMS_TZS_Angbat_20200608_20201117_SF40_ETOH_s1_r1:Otu326,submergedTime,day,162,http://vocab.nerc.ac.uk/collection/P01/current/AZDRZZ01/,https://vocab.nerc.ac.uk/collection/P06/current/UTAA/,
ARMS_TZS_Angbat_20200608_20201117_SF40_ETOH_s1_r1:Otu326,preservativeUsed,,EtOH,http://vocab.nerc.ac.uk/collection/Q01/current/Q0100004/,,https://pubchem.ncbi.nlm.nih.gov/compound/702
ARMS_TZS_Angbat_20200608_20201117_SF40_ETOH_s1_r1:Otu326,lowerLimitFilterSize,micrometer,40,http://vocab.nerc.ac.uk/collection/Q01/current/Q0100011/,https://vocab.nerc.ac.uk/collection/P06/current/UMIC/,
ARMS_TZS_Angbat_20200608_20201117_SF40_ETOH_s1_r1:Otu326,fieldReplicateID,,no replicate,http://vocab.nerc.ac.uk/collection/P01/current/IDSPRE01,,
ARMS_TZS_Angbat_20200608_20201117_SF40_ETOH_s1_r1:Otu320,submergedTime,day,162,http://vocab.nerc.ac.uk/collection/P01/current/AZDRZZ01/,https://vocab.nerc.ac.uk/collection/P06/current/UTAA/,
ARMS_TZS_Angbat_20200608_20201117_SF40_ETOH_s1_r1:Otu320,preservativeUsed,,EtOH,http://vocab.nerc.ac.uk/collection/Q01/current/Q0100004/,,https://pubchem.ncbi.nlm.nih.gov/compound/702
ARMS_TZS_Angbat_20200608_20201117_SF40_ETOH_s1_r1:Otu320,lowerLimitFilterSize,micrometer,40,http://vocab.nerc.ac.uk/collection/Q01/current/Q0100011/,https://vocab.nerc.ac.uk/collection/P06/current/UMIC/,
ARMS_TZS_Angbat_20200608_20201117_SF40_ETOH_s1_r1:Otu320,fieldReplicateID,,no replicate,http://vocab.nerc.ac.uk/collection/P01/current/IDSPRE01,,
ARMS_TZS_Angbat_20200608_20201117_SF40_ETOH_s1_r1:Otu141,submergedTime,day,162,http://vocab.nerc.ac.uk/collection/P01/current/AZDRZZ01/,https://vocab.nerc.ac.uk/collection/P06/current/UTAA/,
ARMS_TZS_Angbat_20200608_20201117_SF40_ETOH_s1_r1:Otu141,preservativeUsed,,EtOH,http://vocab.nerc.ac.uk/collection/Q01/current/Q0100004/,,https://pubchem.ncbi.nlm.nih.gov/compound/702
ARMS_TZS_Angbat_20200608_20201117_SF40_ETOH_s1_r1:Otu141,lowerLimitFilterSize,micrometer,40,http://vocab.nerc.ac.uk/collection/Q01/current/Q0100011/,https://vocab.nerc.ac.uk/collection/P06/current/UMIC/,
ARMS_TZS_Angbat_20200608_20201117_SF40_ETOH_s1_r1:Otu141,fieldReplicateID,,no replicate,http://vocab.nerc.ac.uk/collection/P01/current/IDSPRE01,,
ARMS_TZS_Angbat_20200608_20201117_SF40_ETOH_s1_r1:Otu143,submergedTime,day,162,http://vocab.nerc.ac.uk/collection/P01/current/AZDRZZ01/,https://vocab.nerc.ac.uk/collection/P06/current/UTAA/,
ARMS_TZS_Angbat_20200608_20201117_SF40_ETOH_s1_r1:Otu143,preservativeUsed,,EtOH,http://vocab.nerc.ac.uk/collection/Q01/current/Q0100004/,,https://pubchem.ncbi.nlm.nih.gov/compound/702
ARMS_TZS_Angbat_20200608_20201117_SF40_ETOH_s1_r1:Otu143,lowerLimitFilterSize,micrometer,40,http://vocab.nerc.ac.uk/collection/Q01/current/Q0100011/,https://vocab.nerc.ac.uk/collection/P06/current/UMIC/,
ARMS_TZS_Angbat_20200608_20201117_SF40_ETOH_s1_r1:Otu143,fieldReplicateID,,no replicate,http://vocab.nerc.ac.uk/collection/P01/current/IDSPRE01,,
ARMS_TZS_Angbat_20200608_20201117_SF40_ETOH_s1_r1:Otu144,submergedTime,day,162,http://vocab.nerc.ac.uk/collection/P01/current/AZDRZZ01/,https://vocab.nerc.ac.uk/collection/P06/current/UTAA/,
ARMS_TZS_Angbat_20200608_20201117_SF40_ETOH_s1_r1:Otu144,preservativeUsed,,EtOH,http://vocab.nerc.ac.uk/collection/Q01/current/Q0100004/,,https://pubchem.ncbi.nlm.nih.gov/compound/702
ARMS_TZS_Angbat_20200608_20201117_SF40_ETOH_s1_r1:Otu144,lowerLimitFilterSize,micrometer,40,http://vocab.nerc.ac.uk/collection/Q01/current/Q0100011/,https://vocab.nerc.ac.uk/collection/P06/current/UMIC/,
ARMS_TZS_Angbat_20200608_20201117_SF40_ETOH_s1_r1:Otu144,fieldReplicateID,,no replicate,http://vocab.nerc.ac.uk/collection/P01/current/IDSPRE01,,
ARMS_TZS_Angbat_20200608_20201117_SF40_ETOH_s1_r1:Otu45,submergedTime,day,162,http://vocab.nerc.ac.uk/collection/P01/current/AZDRZZ01/,https://vocab.nerc.ac.uk/collection/P06/current/UTAA/,
ARMS_TZS_Angbat_20200608_20201117_SF40_ETOH_s1_r1:Otu45,preservativeUsed,,EtOH,http://vocab.nerc.ac.uk/collection/Q01/current/Q0100004/,,https://pubchem.ncbi.nlm.nih.gov/compound/702
ARMS_TZS_Angbat_20200608_20201117_SF40_ETOH_s1_r1:Otu45,lowerLimitFilterSize,micrometer,40,http://vocab.nerc.ac.uk/collection/Q01/current/Q0100011/,https://vocab.nerc.ac.uk/collection/P06/current/UMIC/,
ARMS_TZS_Angbat_20200608_20201117_SF40_ETOH_s1_r1:Otu45,fieldReplicateID,,no replicate,http://vocab.nerc.ac.uk/collection/P01/current/IDSPRE01,,
ARMS_TZS_Angbat_20200608_20201117_SF40_ETOH_s1_r1:Otu44,submergedTime,day,162,http://vocab.nerc.ac.uk/collection/P01/current/AZDRZZ01/,https://vocab.nerc.ac.uk/collection/P06/current/UTAA/,
ARMS_TZS_Angbat_20200608_20201117_SF40_ETOH_s1_r1:Otu44,preservativeUsed,,EtOH,http://vocab.nerc.ac.uk/collection/Q01/current/Q0100004/,,https://pubchem.ncbi.nlm.nih.gov/compound/702
ARMS_TZS_Angbat_20200608_20201117_SF40_ETOH_s1_r1:Otu44,lowerLimitFilterSize,micrometer,40,http://vocab.nerc.ac.uk/collection/Q01/current/Q0100011/,https://vocab.nerc.ac.uk/collection/P06/current/UMIC/,
ARMS_TZS_Angbat_20200608_20201117_SF40_ETOH_s1_r1:Otu44,fieldReplicateID,,no replicate,http://vocab.nerc.ac.uk/collection/P01/current/IDSPRE01,,
ARMS_TZS_Angbat_20200608_20201117_SF40_ETOH_s1_r1:Otu40,submergedTime,day,162,http://vocab.nerc.ac.uk/collection/P01/current/AZDRZZ01/,https://vocab.nerc.ac.uk/collection/P06/current/UTAA/,
ARMS_TZS_Angbat_20200608_20201117_SF40_ETOH_s1_r1:Otu40,preservativeUsed,,EtOH,http://vocab.nerc.ac.uk/collection/Q01/current/Q0100004/,,https://pubchem.ncbi.nlm.nih.gov/compound/702
ARMS_TZS_Angbat_20200608_20201117_SF40_ETOH_s1_r1:Otu40,lowerLimitFilterSize,micrometer,40,http://vocab.nerc.ac.uk/collection/Q01/current/Q0100011/,https://vocab.nerc.ac.uk/collection/P06/current/UMIC/,
ARMS_TZS_Angbat_20200608_20201117_SF40_ETOH_s1_r1:Otu40,fieldReplicateID,,no replicate,http://vocab.nerc.ac.uk/collection/P01/current/IDSPRE01,,
ARMS_TZS_Angbat_20200608_20201117_SF40_ETOH_s1_r1:Otu240,submergedTime,day,162,http://vocab.nerc.ac.uk/collection/P01/current/AZDRZZ01/,https://vocab.nerc.ac.uk/collection/P06/current/UTAA/,
ARMS_TZS_Angbat_20200608_20201117_SF40_ETOH_s1_r1:Otu240,preservativeUsed,,EtOH,http://vocab.nerc.ac.uk/collection/Q01/current/Q0100004/,,https://pubchem.ncbi.nlm.nih.gov/compound/702
ARMS_TZS_Angbat_20200608_20201117_SF40_ETOH_s1_r1:Otu240,lowerLimitFilterSize,micrometer,40,http://vocab.nerc.ac.uk/collection/Q01/current/Q0100011/,https://vocab.nerc.ac.uk/collection/P06/current/UMIC/,
ARMS_TZS_Angbat_20200608_20201117_SF40_ETOH_s1_r1:Otu240,fieldReplicateID,,no replicate,http://vocab.nerc.ac.uk/collection/P01/current/IDSPRE01,,
ARMS_TZS_Angbat_20200608_20201117_SF40_ETOH_s1_r1:Otu54,submergedTime,day,162,http://vocab.nerc.ac.uk/collection/P01/current/AZDRZZ01/,https://vocab.nerc.ac.uk/collection/P06/current/UTAA/,
ARMS_TZS_Angbat_20200608_20201117_SF40_ETOH_s1_r1:Otu54,preservativeUsed,,EtOH,http://vocab.nerc.ac.uk/collection/Q01/current/Q0100004/,,https://pubchem.ncbi.nlm.nih.gov/compound/702
ARMS_TZS_Angbat_20200608_20201117_SF40_ETOH_s1_r1:Otu54,lowerLimitFilterSize,micrometer,40,http://vocab.nerc.ac.uk/collection/Q01/current/Q0100011/,https://vocab.nerc.ac.uk/collection/P06/current/UMIC/,
ARMS_TZS_Angbat_20200608_20201117_SF40_ETOH_s1_r1:Otu54,fieldReplicateID,,no replicate,http://vocab.nerc.ac.uk/collection/P01/current/IDSPRE01,,
ARMS_TZS_Angbat_20200608_20201117_SF40_ETOH_s1_r1:Otu55,submergedTime,day,162,http://vocab.nerc.ac.uk/collection/P01/current/AZDRZZ01/,https://vocab.nerc.ac.uk/collection/P06/current/UTAA/,
ARMS_TZS_Angbat_20200608_20201117_SF40_ETOH_s1_r1:Otu55,preservativeUsed,,EtOH,http://vocab.nerc.ac.uk/collection/Q01/current/Q0100004/,,https://pubchem.ncbi.nlm.nih.gov/compound/702
ARMS_TZS_Angbat_20200608_20201117_SF40_ETOH_s1_r1:Otu55,lowerLimitFilterSize,micrometer,40,http://vocab.nerc.ac.uk/collection/Q01/current/Q0100011/,https://vocab.nerc.ac.uk/collection/P06/current/UMIC/,
ARMS_TZS_Angbat_20200608_20201117_SF40_ETOH_s1_r1:Otu55,fieldReplicateID,,no replicate,http://vocab.nerc.ac.uk/collection/P01/current/IDSPRE01,,
ARMS_TZS_Angbat_20200608_20201117_SF40_ETOH_s1_r1:Otu440,submergedTime,day,162,http://vocab.nerc.ac.uk/collection/P01/current/AZDRZZ01/,https://vocab.nerc.ac.uk/collection/P06/current/UTAA/,
ARMS_TZS_Angbat_20200608_20201117_SF40_ETOH_s1_r1:Otu440,preservativeUsed,,EtOH,http://vocab.nerc.ac.uk/collection/Q01/current/Q0100004/,,https://pubchem.ncbi.nlm.nih.gov/compound/702
ARMS_TZS_Angbat_20200608_20201117_SF40_ETOH_s1_r1:Otu440,lowerLimitFilterSize,micrometer,40,http://vocab.nerc.ac.uk/collection/Q01/current/Q0100011/,https://vocab.nerc.ac.uk/collection/P06/current/UMIC/,
ARMS_TZS_Angbat_20200608_20201117_SF40_ETOH_s1_r1:Otu440,fieldReplicateID,,no replicate,http://vocab.nerc.ac.uk/collection/P01/current/IDSPRE01,,
ARMS_TZS_Angbat_20200608_20201117_SF40_ETOH_s1_r1:Otu441,submergedTime,day,162,http://vocab.nerc.ac.uk/collection/P01/current/AZDRZZ01/,https://vocab.nerc.ac.uk/collection/P06/current/UTAA/,
ARMS_TZS_Angbat_20200608_20201117_SF40_ETOH_s1_r1:Otu441,preservativeUsed,,EtOH,http://vocab.nerc.ac.uk/collection/Q01/current/Q0100004/,,https://pubchem.ncbi.nlm.nih.gov/compound/702
ARMS_TZS_Angbat_20200608_20201117_SF40_ETOH_s1_r1:Otu441,lowerLimitFilterSize,micrometer,40,http://vocab.nerc.ac.uk/collection/Q01/current/Q0100011/,https://vocab.nerc.ac.uk/collection/P06/current/UMIC/,
ARMS_TZS_Angbat_20200608_20201117_SF40_ETOH_s1_r1:Otu441,fieldReplicateID,,no replicate,http://vocab.nerc.ac.uk/collection/P01/current/IDSPRE01,,
ARMS_TZS_Angbat_20200608_20201117_SF40_ETOH_s1_r1:Otu442,submergedTime,day,162,http://vocab.nerc.ac.uk/collection/P01/current/AZDRZZ01/,https://vocab.nerc.ac.uk/collection/P06/current/UTAA/,
ARMS_TZS_Angbat_20200608_20201117_SF40_ETOH_s1_r1:Otu442,preservativeUsed,,EtOH,http://vocab.nerc.ac.uk/collection/Q01/current/Q0100004/,,https://pubchem.ncbi.nlm.nih.gov/compound/702
ARMS_TZS_Angbat_20200608_20201117_SF40_ETOH_s1_r1:Otu442,lowerLimitFilterSize,micrometer,40,http://vocab.nerc.ac.uk/collection/Q01/current/Q0100011/,https://vocab.nerc.ac.uk/collection/P06/current/UMIC/,
ARMS_TZS_Angbat_20200608_20201117_SF40_ETOH_s1_r1:Otu442,fieldReplicateID,,no replicate,http://vocab.nerc.ac.uk/collection/P01/current/IDSPRE01,,
ARMS_TZS_Angbat_20200608_20201117_SF40_ETOH_s1_r1:Otu443,submergedTime,day,162,http://vocab.nerc.ac.uk/collection/P01/current/AZDRZZ01/,https://vocab.nerc.ac.uk/collection/P06/current/UTAA/,
ARMS_TZS_Angbat_20200608_20201117_SF40_ETOH_s1_r1:Otu443,preservativeUsed,,EtOH,http://vocab.nerc.ac.uk/collection/Q01/current/Q0100004/,,https://pubchem.ncbi.nlm.nih.gov/compound/702
ARMS_TZS_Angbat_20200608_20201117_SF40_ETOH_s1_r1:Otu443,lowerLimitFilterSize,micrometer,40,http://vocab.nerc.ac.uk/collection/Q01/current/Q0100011/,https://vocab.nerc.ac.uk/collection/P06/current/UMIC/,
ARMS_TZS_Angbat_20200608_20201117_SF40_ETOH_s1_r1:Otu443,fieldReplicateID,,no replicate,http://vocab.nerc.ac.uk/collection/P01/current/IDSPRE01,,
ARMS_TZS_Angbat_20200608_20201117_SF40_ETOH_s1_r1:Otu211,submergedTime,day,162,http://vocab.nerc.ac.uk/collection/P01/current/AZDRZZ01/,https://vocab.nerc.ac.uk/collection/P06/current/UTAA/,
ARMS_TZS_Angbat_20200608_20201117_SF40_ETOH_s1_r1:Otu211,preservativeUsed,,EtOH,http://vocab.nerc.ac.uk/collection/Q01/current/Q0100004/,,https://pubchem.ncbi.nlm.nih.gov/compound/702
ARMS_TZS_Angbat_20200608_20201117_SF40_ETOH_s1_r1:Otu211,lowerLimitFilterSize,micrometer,40,http://vocab.nerc.ac.uk/collection/Q01/current/Q0100011/,https://vocab.nerc.ac.uk/collection/P06/current/UMIC/,
ARMS_TZS_Angbat_20200608_20201117_SF40_ETOH_s1_r1:Otu211,fieldReplicateID,,no replicate,http://vocab.nerc.ac.uk/collection/P01/current/IDSPRE01,,
ARMS_TZS_Angbat_20200608_20201117_SF40_ETOH_s1_r1:Otu210,submergedTime,day,162,http://vocab.nerc.ac.uk/collection/P01/current/AZDRZZ01/,https://vocab.nerc.ac.uk/collection/P06/current/UTAA/,
ARMS_TZS_Angbat_20200608_20201117_SF40_ETOH_s1_r1:Otu210,preservativeUsed,,EtOH,http://vocab.nerc.ac.uk/collection/Q01/current/Q0100004/,,https://pubchem.ncbi.nlm.nih.gov/compound/702
ARMS_TZS_Angbat_20200608_20201117_SF40_ETOH_s1_r1:Otu210,lowerLimitFilterSize,micrometer,40,http://vocab.nerc.ac.uk/collection/Q01/current/Q0100011/,https://vocab.nerc.ac.uk/collection/P06/current/UMIC/,
ARMS_TZS_Angbat_20200608_20201117_SF40_ETOH_s1_r1:Otu210,fieldReplicateID,,no replicate,http://vocab.nerc.ac.uk/collection/P01/current/IDSPRE01,,
ARMS_TZS_Angbat_20200608_20201117_SF40_ETOH_s1_r1:Otu212,submergedTime,day,162,http://vocab.nerc.ac.uk/collection/P01/current/AZDRZZ01/,https://vocab.nerc.ac.uk/collection/P06/current/UTAA/,
ARMS_TZS_Angbat_20200608_20201117_SF40_ETOH_s1_r1:Otu212,preservativeUsed,,EtOH,http://vocab.nerc.ac.uk/collection/Q01/current/Q0100004/,,https://pubchem.ncbi.nlm.nih.gov/compound/702
ARMS_TZS_Angbat_20200608_20201117_SF40_ETOH_s1_r1:Otu212,lowerLimitFilterSize,micrometer,40,http://vocab.nerc.ac.uk/collection/Q01/current/Q0100011/,https://vocab.nerc.ac.uk/collection/P06/current/UMIC/,
ARMS_TZS_Angbat_20200608_20201117_SF40_ETOH_s1_r1:Otu212,fieldReplicateID,,no replicate,http://vocab.nerc.ac.uk/collection/P01/current/IDSPRE01,,
ARMS_TZS_Angbat_20200608_20201117_SF40_ETOH_s1_r1:Otu46,submergedTime,day,162,http://vocab.nerc.ac.uk/collection/P01/current/AZDRZZ01/,https://vocab.nerc.ac.uk/collection/P06/current/UTAA/,
ARMS_TZS_Angbat_20200608_20201117_SF40_ETOH_s1_r1:Otu46,preservativeUsed,,EtOH,http://vocab.nerc.ac.uk/collection/Q01/current/Q0100004/,,https://pubchem.ncbi.nlm.nih.gov/compound/702
ARMS_TZS_Angbat_20200608_20201117_SF40_ETOH_s1_r1:Otu46,lowerLimitFilterSize,micrometer,40,http://vocab.nerc.ac.uk/collection/Q01/current/Q0100011/,https://vocab.nerc.ac.uk/collection/P06/current/UMIC/,
ARMS_TZS_Angbat_20200608_20201117_SF40_ETOH_s1_r1:Otu46,fieldReplicateID,,no replicate,http://vocab.nerc.ac.uk/collection/P01/current/IDSPRE01,,
ARMS_TZS_Angbat_20200608_20201117_SF40_ETOH_s1_r1:Otu363,submergedTime,day,162,http://vocab.nerc.ac.uk/collection/P01/current/AZDRZZ01/,https://vocab.nerc.ac.uk/collection/P06/current/UTAA/,
ARMS_TZS_Angbat_20200608_20201117_SF40_ETOH_s1_r1:Otu363,preservativeUsed,,EtOH,http://vocab.nerc.ac.uk/collection/Q01/current/Q0100004/,,https://pubchem.ncbi.nlm.nih.gov/compound/702
ARMS_TZS_Angbat_20200608_20201117_SF40_ETOH_s1_r1:Otu363,lowerLimitFilterSize,micrometer,40,http://vocab.nerc.ac.uk/collection/Q01/current/Q0100011/,https://vocab.nerc.ac.uk/collection/P06/current/UMIC/,
ARMS_TZS_Angbat_20200608_20201117_SF40_ETOH_s1_r1:Otu363,fieldReplicateID,,no replicate,http://vocab.nerc.ac.uk/collection/P01/current/IDSPRE01,,
ARMS_TZS_Angbat_20200608_20201117_SF40_ETOH_s1_r1:Otu362,submergedTime,day,162,http://vocab.nerc.ac.uk/collection/P01/current/AZDRZZ01/,https://vocab.nerc.ac.uk/collection/P06/current/UTAA/,
ARMS_TZS_Angbat_20200608_20201117_SF40_ETOH_s1_r1:Otu362,preservativeUsed,,EtOH,http://vocab.nerc.ac.uk/collection/Q01/current/Q0100004/,,https://pubchem.ncbi.nlm.nih.gov/compound/702
ARMS_TZS_Angbat_20200608_20201117_SF40_ETOH_s1_r1:Otu362,lowerLimitFilterSize,micrometer,40,http://vocab.nerc.ac.uk/collection/Q01/current/Q0100011/,https://vocab.nerc.ac.uk/collection/P06/current/UMIC/,
ARMS_TZS_Angbat_20200608_20201117_SF40_ETOH_s1_r1:Otu362,fieldReplicateID,,no replicate,http://vocab.nerc.ac.uk/collection/P01/current/IDSPRE01,,
ARMS_TZS_Angbat_20200608_20201117_SF40_ETOH_s1_r1:Otu365,submergedTime,day,162,http://vocab.nerc.ac.uk/collection/P01/current/AZDRZZ01/,https://vocab.nerc.ac.uk/collection/P06/current/UTAA/,
ARMS_TZS_Angbat_20200608_20201117_SF40_ETOH_s1_r1:Otu365,preservativeUsed,,EtOH,http://vocab.nerc.ac.uk/collection/Q01/current/Q0100004/,,https://pubchem.ncbi.nlm.nih.gov/compound/702
ARMS_TZS_Angbat_20200608_20201117_SF40_ETOH_s1_r1:Otu365,lowerLimitFilterSize,micrometer,40,http://vocab.nerc.ac.uk/collection/Q01/current/Q0100011/,https://vocab.nerc.ac.uk/collection/P06/current/UMIC/,
ARMS_TZS_Angbat_20200608_20201117_SF40_ETOH_s1_r1:Otu365,fieldReplicateID,,no replicate,http://vocab.nerc.ac.uk/collection/P01/current/IDSPRE01,,
ARMS_TZS_Angbat_20200608_20201117_SF40_ETOH_s1_r1:Otu364,submergedTime,day,162,http://vocab.nerc.ac.uk/collection/P01/current/AZDRZZ01/,https://vocab.nerc.ac.uk/collection/P06/current/UTAA/,
ARMS_TZS_Angbat_20200608_20201117_SF40_ETOH_s1_r1:Otu364,preservativeUsed,,EtOH,http://vocab.nerc.ac.uk/collection/Q01/current/Q0100004/,,https://pubchem.ncbi.nlm.nih.gov/compound/702
ARMS_TZS_Angbat_20200608_20201117_SF40_ETOH_s1_r1:Otu364,lowerLimitFilterSize,micrometer,40,http://vocab.nerc.ac.uk/collection/Q01/current/Q0100011/,https://vocab.nerc.ac.uk/collection/P06/current/UMIC/,
ARMS_TZS_Angbat_20200608_20201117_SF40_ETOH_s1_r1:Otu364,fieldReplicateID,,no replicate,http://vocab.nerc.ac.uk/collection/P01/current/IDSPRE01,,
ARMS_TZS_Angbat_20200608_20201117_SF40_ETOH_s1_r1:Otu367,submergedTime,day,162,http://vocab.nerc.ac.uk/collection/P01/current/AZDRZZ01/,https://vocab.nerc.ac.uk/collection/P06/current/UTAA/,
ARMS_TZS_Angbat_20200608_20201117_SF40_ETOH_s1_r1:Otu367,preservativeUsed,,EtOH,http://vocab.nerc.ac.uk/collection/Q01/current/Q0100004/,,https://pubchem.ncbi.nlm.nih.gov/compound/702
ARMS_TZS_Angbat_20200608_20201117_SF40_ETOH_s1_r1:Otu367,lowerLimitFilterSize,micrometer,40,http://vocab.nerc.ac.uk/collection/Q01/current/Q0100011/,https://vocab.nerc.ac.uk/collection/P06/current/UMIC/,
ARMS_TZS_Angbat_20200608_20201117_SF40_ETOH_s1_r1:Otu367,fieldReplicateID,,no replicate,http://vocab.nerc.ac.uk/collection/P01/current/IDSPRE01,,
ARMS_TZS_Angbat_20200608_20201117_SF40_ETOH_s1_r1:Otu131,submergedTime,day,162,http://vocab.nerc.ac.uk/collection/P01/current/AZDRZZ01/,https://vocab.nerc.ac.uk/collection/P06/current/UTAA/,
ARMS_TZS_Angbat_20200608_20201117_SF40_ETOH_s1_r1:Otu131,preservativeUsed,,EtOH,http://vocab.nerc.ac.uk/collection/Q01/current/Q0100004/,,https://pubchem.ncbi.nlm.nih.gov/compound/702
ARMS_TZS_Angbat_20200608_20201117_SF40_ETOH_s1_r1:Otu131,lowerLimitFilterSize,micrometer,40,http://vocab.nerc.ac.uk/collection/Q01/current/Q0100011/,https://vocab.nerc.ac.uk/collection/P06/current/UMIC/,
ARMS_TZS_Angbat_20200608_20201117_SF40_ETOH_s1_r1:Otu131,fieldReplicateID,,no replicate,http://vocab.nerc.ac.uk/collection/P01/current/IDSPRE01,,
ARMS_TZS_Angbat_20200608_20201117_SF40_ETOH_s1_r1:Otu139,submergedTime,day,162,http://vocab.nerc.ac.uk/collection/P01/current/AZDRZZ01/,https://vocab.nerc.ac.uk/collection/P06/current/UTAA/,
ARMS_TZS_Angbat_20200608_20201117_SF40_ETOH_s1_r1:Otu139,preservativeUsed,,EtOH,http://vocab.nerc.ac.uk/collection/Q01/current/Q0100004/,,https://pubchem.ncbi.nlm.nih.gov/compound/702
ARMS_TZS_Angbat_20200608_20201117_SF40_ETOH_s1_r1:Otu139,lowerLimitFilterSize,micrometer,40,http://vocab.nerc.ac.uk/collection/Q01/current/Q0100011/,https://vocab.nerc.ac.uk/collection/P06/current/UMIC/,
ARMS_TZS_Angbat_20200608_20201117_SF40_ETOH_s1_r1:Otu139,fieldReplicateID,,no replicate,http://vocab.nerc.ac.uk/collection/P01/current/IDSPRE01,,
ARMS_TZS_Angbat_20200608_20201117_SF40_ETOH_s1_r1:Otu14,submergedTime,day,162,http://vocab.nerc.ac.uk/collection/P01/current/AZDRZZ01/,https://vocab.nerc.ac.uk/collection/P06/current/UTAA/,
ARMS_TZS_Angbat_20200608_20201117_SF40_ETOH_s1_r1:Otu14,preservativeUsed,,EtOH,http://vocab.nerc.ac.uk/collection/Q01/current/Q0100004/,,https://pubchem.ncbi.nlm.nih.gov/compound/702
ARMS_TZS_Angbat_20200608_20201117_SF40_ETOH_s1_r1:Otu14,lowerLimitFilterSize,micrometer,40,http://vocab.nerc.ac.uk/collection/Q01/current/Q0100011/,https://vocab.nerc.ac.uk/collection/P06/current/UMIC/,
ARMS_TZS_Angbat_20200608_20201117_SF40_ETOH_s1_r1:Otu14,fieldReplicateID,,no replicate,http://vocab.nerc.ac.uk/collection/P01/current/IDSPRE01,,
ARMS_TZS_Angbat_20200608_20201117_SF40_ETOH_s1_r1:Otu15,submergedTime,day,162,http://vocab.nerc.ac.uk/collection/P01/current/AZDRZZ01/,https://vocab.nerc.ac.uk/collection/P06/current/UTAA/,
ARMS_TZS_Angbat_20200608_20201117_SF40_ETOH_s1_r1:Otu15,preservativeUsed,,EtOH,http://vocab.nerc.ac.uk/collection/Q01/current/Q0100004/,,https://pubchem.ncbi.nlm.nih.gov/compound/702
ARMS_TZS_Angbat_20200608_20201117_SF40_ETOH_s1_r1:Otu15,lowerLimitFilterSize,micrometer,40,http://vocab.nerc.ac.uk/collection/Q01/current/Q0100011/,https://vocab.nerc.ac.uk/collection/P06/current/UMIC/,
ARMS_TZS_Angbat_20200608_20201117_SF40_ETOH_s1_r1:Otu15,fieldReplicateID,,no replicate,http://vocab.nerc.ac.uk/collection/P01/current/IDSPRE01,,
ARMS_TZS_Angbat_20200608_20201117_SF40_ETOH_s1_r1:Otu16,submergedTime,day,162,http://vocab.nerc.ac.uk/collection/P01/current/AZDRZZ01/,https://vocab.nerc.ac.uk/collection/P06/current/UTAA/,
ARMS_TZS_Angbat_20200608_20201117_SF40_ETOH_s1_r1:Otu16,preservativeUsed,,EtOH,http://vocab.nerc.ac.uk/collection/Q01/current/Q0100004/,,https://pubchem.ncbi.nlm.nih.gov/compound/702
ARMS_TZS_Angbat_20200608_20201117_SF40_ETOH_s1_r1:Otu16,lowerLimitFilterSize,micrometer,40,http://vocab.nerc.ac.uk/collection/Q01/current/Q0100011/,https://vocab.nerc.ac.uk/collection/P06/current/UMIC/,
ARMS_TZS_Angbat_20200608_20201117_SF40_ETOH_s1_r1:Otu16,fieldReplicateID,,no replicate,http://vocab.nerc.ac.uk/collection/P01/current/IDSPRE01,,
ARMS_TZS_Angbat_20200608_20201117_SF40_ETOH_s1_r1:Otu17,submergedTime,day,162,http://vocab.nerc.ac.uk/collection/P01/current/AZDRZZ01/,https://vocab.nerc.ac.uk/collection/P06/current/UTAA/,
ARMS_TZS_Angbat_20200608_20201117_SF40_ETOH_s1_r1:Otu17,preservativeUsed,,EtOH,http://vocab.nerc.ac.uk/collection/Q01/current/Q0100004/,,https://pubchem.ncbi.nlm.nih.gov/compound/702
ARMS_TZS_Angbat_20200608_20201117_SF40_ETOH_s1_r1:Otu17,lowerLimitFilterSize,micrometer,40,http://vocab.nerc.ac.uk/collection/Q01/current/Q0100011/,https://vocab.nerc.ac.uk/collection/P06/current/UMIC/,
ARMS_TZS_Angbat_20200608_20201117_SF40_ETOH_s1_r1:Otu17,fieldReplicateID,,no replicate,http://vocab.nerc.ac.uk/collection/P01/current/IDSPRE01,,
ARMS_TZS_Angbat_20200608_20201117_SF40_ETOH_s1_r1:Otu10,submergedTime,day,162,http://vocab.nerc.ac.uk/collection/P01/current/AZDRZZ01/,https://vocab.nerc.ac.uk/collection/P06/current/UTAA/,
ARMS_TZS_Angbat_20200608_20201117_SF40_ETOH_s1_r1:Otu10,preservativeUsed,,EtOH,http://vocab.nerc.ac.uk/collection/Q01/current/Q0100004/,,https://pubchem.ncbi.nlm.nih.gov/compound/702
ARMS_TZS_Angbat_20200608_20201117_SF40_ETOH_s1_r1:Otu10,lowerLimitFilterSize,micrometer,40,http://vocab.nerc.ac.uk/collection/Q01/current/Q0100011/,https://vocab.nerc.ac.uk/collection/P06/current/UMIC/,
ARMS_TZS_Angbat_20200608_20201117_SF40_ETOH_s1_r1:Otu10,fieldReplicateID,,no replicate,http://vocab.nerc.ac.uk/collection/P01/current/IDSPRE01,,
ARMS_TZS_Angbat_20200608_20201117_SF40_ETOH_s1_r1:Otu11,submergedTime,day,162,http://vocab.nerc.ac.uk/collection/P01/current/AZDRZZ01/,https://vocab.nerc.ac.uk/collection/P06/current/UTAA/,
ARMS_TZS_Angbat_20200608_20201117_SF40_ETOH_s1_r1:Otu11,preservativeUsed,,EtOH,http://vocab.nerc.ac.uk/collection/Q01/current/Q0100004/,,https://pubchem.ncbi.nlm.nih.gov/compound/702
ARMS_TZS_Angbat_20200608_20201117_SF40_ETOH_s1_r1:Otu11,lowerLimitFilterSize,micrometer,40,http://vocab.nerc.ac.uk/collection/Q01/current/Q0100011/,https://vocab.nerc.ac.uk/collection/P06/current/UMIC/,
ARMS_TZS_Angbat_20200608_20201117_SF40_ETOH_s1_r1:Otu11,fieldReplicateID,,no replicate,http://vocab.nerc.ac.uk/collection/P01/current/IDSPRE01,,
ARMS_TZS_Angbat_20200608_20201117_SF40_ETOH_s1_r1:Otu12,submergedTime,day,162,http://vocab.nerc.ac.uk/collection/P01/current/AZDRZZ01/,https://vocab.nerc.ac.uk/collection/P06/current/UTAA/,
ARMS_TZS_Angbat_20200608_20201117_SF40_ETOH_s1_r1:Otu12,preservativeUsed,,EtOH,http://vocab.nerc.ac.uk/collection/Q01/current/Q0100004/,,https://pubchem.ncbi.nlm.nih.gov/compound/702
ARMS_TZS_Angbat_20200608_20201117_SF40_ETOH_s1_r1:Otu12,lowerLimitFilterSize,micrometer,40,http://vocab.nerc.ac.uk/collection/Q01/current/Q0100011/,https://vocab.nerc.ac.uk/collection/P06/current/UMIC/,
ARMS_TZS_Angbat_20200608_20201117_SF40_ETOH_s1_r1:Otu12,fieldReplicateID,,no replicate,http://vocab.nerc.ac.uk/collection/P01/current/IDSPRE01,,
ARMS_TZS_Angbat_20200608_20201117_SF40_ETOH_s1_r1:Otu13,submergedTime,day,162,http://vocab.nerc.ac.uk/collection/P01/current/AZDRZZ01/,https://vocab.nerc.ac.uk/collection/P06/current/UTAA/,
ARMS_TZS_Angbat_20200608_20201117_SF40_ETOH_s1_r1:Otu13,preservativeUsed,,EtOH,http://vocab.nerc.ac.uk/collection/Q01/current/Q0100004/,,https://pubchem.ncbi.nlm.nih.gov/compound/702
ARMS_TZS_Angbat_20200608_20201117_SF40_ETOH_s1_r1:Otu13,lowerLimitFilterSize,micrometer,40,http://vocab.nerc.ac.uk/collection/Q01/current/Q0100011/,https://vocab.nerc.ac.uk/collection/P06/current/UMIC/,
ARMS_TZS_Angbat_20200608_20201117_SF40_ETOH_s1_r1:Otu13,fieldReplicateID,,no replicate,http://vocab.nerc.ac.uk/collection/P01/current/IDSPRE01,,
ARMS_TZS_Angbat_20200608_20201117_SF40_ETOH_s1_r1:Otu19,submergedTime,day,162,http://vocab.nerc.ac.uk/collection/P01/current/AZDRZZ01/,https://vocab.nerc.ac.uk/collection/P06/current/UTAA/,
ARMS_TZS_Angbat_20200608_20201117_SF40_ETOH_s1_r1:Otu19,preservativeUsed,,EtOH,http://vocab.nerc.ac.uk/collection/Q01/current/Q0100004/,,https://pubchem.ncbi.nlm.nih.gov/compound/702
ARMS_TZS_Angbat_20200608_20201117_SF40_ETOH_s1_r1:Otu19,lowerLimitFilterSize,micrometer,40,http://vocab.nerc.ac.uk/collection/Q01/current/Q0100011/,https://vocab.nerc.ac.uk/collection/P06/current/UMIC/,
ARMS_TZS_Angbat_20200608_20201117_SF40_ETOH_s1_r1:Otu19,fieldReplicateID,,no replicate,http://vocab.nerc.ac.uk/collection/P01/current/IDSPRE01,,
ARMS_TZS_Angbat_20200608_20201117_SF40_ETOH_s1_r1:Otu185,submergedTime,day,162,http://vocab.nerc.ac.uk/collection/P01/current/AZDRZZ01/,https://vocab.nerc.ac.uk/collection/P06/current/UTAA/,
ARMS_TZS_Angbat_20200608_20201117_SF40_ETOH_s1_r1:Otu185,preservativeUsed,,EtOH,http://vocab.nerc.ac.uk/collection/Q01/current/Q0100004/,,https://pubchem.ncbi.nlm.nih.gov/compound/702
ARMS_TZS_Angbat_20200608_20201117_SF40_ETOH_s1_r1:Otu185,lowerLimitFilterSize,micrometer,40,http://vocab.nerc.ac.uk/collection/Q01/current/Q0100011/,https://vocab.nerc.ac.uk/collection/P06/current/UMIC/,
ARMS_TZS_Angbat_20200608_20201117_SF40_ETOH_s1_r1:Otu185,fieldReplicateID,,no replicate,http://vocab.nerc.ac.uk/collection/P01/current/IDSPRE01,,
ARMS_TZS_Kummelkobben_20200608_20201120_MF100_ETOH_s1_r1:Otu318,submergedTime,day,165,http://vocab.nerc.ac.uk/collection/P01/current/AZDRZZ01/,https://vocab.nerc.ac.uk/collection/P06/current/UTAA/,
ARMS_TZS_Kummelkobben_20200608_20201120_MF100_ETOH_s1_r1:Otu318,preservativeUsed,,EtOH,http://vocab.nerc.ac.uk/collection/Q01/current/Q0100004/,,https://pubchem.ncbi.nlm.nih.gov/compound/702
ARMS_TZS_Kummelkobben_20200608_20201120_MF100_ETOH_s1_r1:Otu318,lowerLimitFilterSize,micrometer,100,http://vocab.nerc.ac.uk/collection/Q01/current/Q0100011/,https://vocab.nerc.ac.uk/collection/P06/current/UMIC/,
ARMS_TZS_Kummelkobben_20200608_20201120_MF100_ETOH_s1_r1:Otu318,fieldReplicateID,,no replicate,http://vocab.nerc.ac.uk/collection/P01/current/IDSPRE01,,
ARMS_TZS_Kummelkobben_20200608_20201120_MF100_ETOH_s1_r1:Otu319,submergedTime,day,165,http://vocab.nerc.ac.uk/collection/P01/current/AZDRZZ01/,https://vocab.nerc.ac.uk/collection/P06/current/UTAA/,
ARMS_TZS_Kummelkobben_20200608_20201120_MF100_ETOH_s1_r1:Otu319,preservativeUsed,,EtOH,http://vocab.nerc.ac.uk/collection/Q01/current/Q0100004/,,https://pubchem.ncbi.nlm.nih.gov/compound/702
ARMS_TZS_Kummelkobben_20200608_20201120_MF100_ETOH_s1_r1:Otu319,lowerLimitFilterSize,micrometer,100,http://vocab.nerc.ac.uk/collection/Q01/current/Q0100011/,https://vocab.nerc.ac.uk/collection/P06/current/UMIC/,
ARMS_TZS_Kummelkobben_20200608_20201120_MF100_ETOH_s1_r1:Otu319,fieldReplicateID,,no replicate,http://vocab.nerc.ac.uk/collection/P01/current/IDSPRE01,,
ARMS_TZS_Kummelkobben_20200608_20201120_MF100_ETOH_s1_r1:Otu313,submergedTime,day,165,http://vocab.nerc.ac.uk/collection/P01/current/AZDRZZ01/,https://vocab.nerc.ac.uk/collection/P06/current/UTAA/,
ARMS_TZS_Kummelkobben_20200608_20201120_MF100_ETOH_s1_r1:Otu313,preservativeUsed,,EtOH,http://vocab.nerc.ac.uk/collection/Q01/current/Q0100004/,,https://pubchem.ncbi.nlm.nih.gov/compound/702
ARMS_TZS_Kummelkobben_20200608_20201120_MF100_ETOH_s1_r1:Otu313,lowerLimitFilterSize,micrometer,100,http://vocab.nerc.ac.uk/collection/Q01/current/Q0100011/,https://vocab.nerc.ac.uk/collection/P06/current/UMIC/,
ARMS_TZS_Kummelkobben_20200608_20201120_MF100_ETOH_s1_r1:Otu313,fieldReplicateID,,no replicate,http://vocab.nerc.ac.uk/collection/P01/current/IDSPRE01,,
ARMS_TZS_Kummelkobben_20200608_20201120_MF100_ETOH_s1_r1:Otu314,submergedTime,day,165,http://vocab.nerc.ac.uk/collection/P01/current/AZDRZZ01/,https://vocab.nerc.ac.uk/collection/P06/current/UTAA/,
ARMS_TZS_Kummelkobben_20200608_20201120_MF100_ETOH_s1_r1:Otu314,preservativeUsed,,EtOH,http://vocab.nerc.ac.uk/collection/Q01/current/Q0100004/,,https://pubchem.ncbi.nlm.nih.gov/compound/702
ARMS_TZS_Kummelkobben_20200608_20201120_MF100_ETOH_s1_r1:Otu314,lowerLimitFilterSize,micrometer,100,http://vocab.nerc.ac.uk/collection/Q01/current/Q0100011/,https://vocab.nerc.ac.uk/collection/P06/current/UMIC/,
ARMS_TZS_Kummelkobben_20200608_20201120_MF100_ETOH_s1_r1:Otu314,fieldReplicateID,,no replicate,http://vocab.nerc.ac.uk/collection/P01/current/IDSPRE01,,
ARMS_TZS_Kummelkobben_20200608_20201120_MF100_ETOH_s1_r1:Otu315,submergedTime,day,165,http://vocab.nerc.ac.uk/collection/P01/current/AZDRZZ01/,https://vocab.nerc.ac.uk/collection/P06/current/UTAA/,
ARMS_TZS_Kummelkobben_20200608_20201120_MF100_ETOH_s1_r1:Otu315,preservativeUsed,,EtOH,http://vocab.nerc.ac.uk/collection/Q01/current/Q0100004/,,https://pubchem.ncbi.nlm.nih.gov/compound/702
ARMS_TZS_Kummelkobben_20200608_20201120_MF100_ETOH_s1_r1:Otu315,lowerLimitFilterSize,micrometer,100,http://vocab.nerc.ac.uk/collection/Q01/current/Q0100011/,https://vocab.nerc.ac.uk/collection/P06/current/UMIC/,
ARMS_TZS_Kummelkobben_20200608_20201120_MF100_ETOH_s1_r1:Otu315,fieldReplicateID,,no replicate,http://vocab.nerc.ac.uk/collection/P01/current/IDSPRE01,,
ARMS_TZS_Kummelkobben_20200608_20201120_MF100_ETOH_s1_r1:Otu316,submergedTime,day,165,http://vocab.nerc.ac.uk/collection/P01/current/AZDRZZ01/,https://vocab.nerc.ac.uk/collection/P06/current/UTAA/,
ARMS_TZS_Kummelkobben_20200608_20201120_MF100_ETOH_s1_r1:Otu316,preservativeUsed,,EtOH,http://vocab.nerc.ac.uk/collection/Q01/current/Q0100004/,,https://pubchem.ncbi.nlm.nih.gov/compound/702
ARMS_TZS_Kummelkobben_20200608_20201120_MF100_ETOH_s1_r1:Otu316,lowerLimitFilterSize,micrometer,100,http://vocab.nerc.ac.uk/collection/Q01/current/Q0100011/,https://vocab.nerc.ac.uk/collection/P06/current/UMIC/,
ARMS_TZS_Kummelkobben_20200608_20201120_MF100_ETOH_s1_r1:Otu316,fieldReplicateID,,no replicate,http://vocab.nerc.ac.uk/collection/P01/current/IDSPRE01,,
ARMS_TZS_Kummelkobben_20200608_20201120_MF100_ETOH_s1_r1:Otu317,submergedTime,day,165,http://vocab.nerc.ac.uk/collection/P01/current/AZDRZZ01/,https://vocab.nerc.ac.uk/collection/P06/current/UTAA/,
ARMS_TZS_Kummelkobben_20200608_20201120_MF100_ETOH_s1_r1:Otu317,preservativeUsed,,EtOH,http://vocab.nerc.ac.uk/collection/Q01/current/Q0100004/,,https://pubchem.ncbi.nlm.nih.gov/compound/702
ARMS_TZS_Kummelkobben_20200608_20201120_MF100_ETOH_s1_r1:Otu317,lowerLimitFilterSize,micrometer,100,http://vocab.nerc.ac.uk/collection/Q01/current/Q0100011/,https://vocab.nerc.ac.uk/collection/P06/current/UMIC/,
ARMS_TZS_Kummelkobben_20200608_20201120_MF100_ETOH_s1_r1:Otu317,fieldReplicateID,,no replicate,http://vocab.nerc.ac.uk/collection/P01/current/IDSPRE01,,
ARMS_TZS_Kummelkobben_20200608_20201120_MF100_ETOH_s1_r1:Otu279,submergedTime,day,165,http://vocab.nerc.ac.uk/collection/P01/current/AZDRZZ01/,https://vocab.nerc.ac.uk/collection/P06/current/UTAA/,
ARMS_TZS_Kummelkobben_20200608_20201120_MF100_ETOH_s1_r1:Otu279,preservativeUsed,,EtOH,http://vocab.nerc.ac.uk/collection/Q01/current/Q0100004/,,https://pubchem.ncbi.nlm.nih.gov/compound/702
ARMS_TZS_Kummelkobben_20200608_20201120_MF100_ETOH_s1_r1:Otu279,lowerLimitFilterSize,micrometer,100,http://vocab.nerc.ac.uk/collection/Q01/current/Q0100011/,https://vocab.nerc.ac.uk/collection/P06/current/UMIC/,
ARMS_TZS_Kummelkobben_20200608_20201120_MF100_ETOH_s1_r1:Otu279,fieldReplicateID,,no replicate,http://vocab.nerc.ac.uk/collection/P01/current/IDSPRE01,,
ARMS_TZS_Kummelkobben_20200608_20201120_MF100_ETOH_s1_r1:Otu278,submergedTime,day,165,http://vocab.nerc.ac.uk/collection/P01/current/AZDRZZ01/,https://vocab.nerc.ac.uk/collection/P06/current/UTAA/,
ARMS_TZS_Kummelkobben_20200608_20201120_MF100_ETOH_s1_r1:Otu278,preservativeUsed,,EtOH,http://vocab.nerc.ac.uk/collection/Q01/current/Q0100004/,,https://pubchem.ncbi.nlm.nih.gov/compound/702
ARMS_TZS_Kummelkobben_20200608_20201120_MF100_ETOH_s1_r1:Otu278,lowerLimitFilterSize,micrometer,100,http://vocab.nerc.ac.uk/collection/Q01/current/Q0100011/,https://vocab.nerc.ac.uk/collection/P06/current/UMIC/,
ARMS_TZS_Kummelkobben_20200608_20201120_MF100_ETOH_s1_r1:Otu278,fieldReplicateID,,no replicate,http://vocab.nerc.ac.uk/collection/P01/current/IDSPRE01,,
ARMS_TZS_Kummelkobben_20200608_20201120_MF100_ETOH_s1_r1:Otu252,submergedTime,day,165,http://vocab.nerc.ac.uk/collection/P01/current/AZDRZZ01/,https://vocab.nerc.ac.uk/collection/P06/current/UTAA/,
ARMS_TZS_Kummelkobben_20200608_20201120_MF100_ETOH_s1_r1:Otu252,preservativeUsed,,EtOH,http://vocab.nerc.ac.uk/collection/Q01/current/Q0100004/,,https://pubchem.ncbi.nlm.nih.gov/compound/702
ARMS_TZS_Kummelkobben_20200608_20201120_MF100_ETOH_s1_r1:Otu252,lowerLimitFilterSize,micrometer,100,http://vocab.nerc.ac.uk/collection/Q01/current/Q0100011/,https://vocab.nerc.ac.uk/collection/P06/current/UMIC/,
ARMS_TZS_Kummelkobben_20200608_20201120_MF100_ETOH_s1_r1:Otu252,fieldReplicateID,,no replicate,http://vocab.nerc.ac.uk/collection/P01/current/IDSPRE01,,
ARMS_TZS_Kummelkobben_20200608_20201120_MF100_ETOH_s1_r1:Otu29,submergedTime,day,165,http://vocab.nerc.ac.uk/collection/P01/current/AZDRZZ01/,https://vocab.nerc.ac.uk/collection/P06/current/UTAA/,
ARMS_TZS_Kummelkobben_20200608_20201120_MF100_ETOH_s1_r1:Otu29,preservativeUsed,,EtOH,http://vocab.nerc.ac.uk/collection/Q01/current/Q0100004/,,https://pubchem.ncbi.nlm.nih.gov/compound/702
ARMS_TZS_Kummelkobben_20200608_20201120_MF100_ETOH_s1_r1:Otu29,lowerLimitFilterSize,micrometer,100,http://vocab.nerc.ac.uk/collection/Q01/current/Q0100011/,https://vocab.nerc.ac.uk/collection/P06/current/UMIC/,
ARMS_TZS_Kummelkobben_20200608_20201120_MF100_ETOH_s1_r1:Otu29,fieldReplicateID,,no replicate,http://vocab.nerc.ac.uk/collection/P01/current/IDSPRE01,,
ARMS_TZS_Kummelkobben_20200608_20201120_MF100_ETOH_s1_r1:Otu25,submergedTime,day,165,http://vocab.nerc.ac.uk/collection/P01/current/AZDRZZ01/,https://vocab.nerc.ac.uk/collection/P06/current/UTAA/,
ARMS_TZS_Kummelkobben_20200608_20201120_MF100_ETOH_s1_r1:Otu25,preservativeUsed,,EtOH,http://vocab.nerc.ac.uk/collection/Q01/current/Q0100004/,,https://pubchem.ncbi.nlm.nih.gov/compound/702
ARMS_TZS_Kummelkobben_20200608_20201120_MF100_ETOH_s1_r1:Otu25,lowerLimitFilterSize,micrometer,100,http://vocab.nerc.ac.uk/collection/Q01/current/Q0100011/,https://vocab.nerc.ac.uk/collection/P06/current/UMIC/,
ARMS_TZS_Kummelkobben_20200608_20201120_MF100_ETOH_s1_r1:Otu25,fieldReplicateID,,no replicate,http://vocab.nerc.ac.uk/collection/P01/current/IDSPRE01,,
ARMS_TZS_Kummelkobben_20200608_20201120_MF100_ETOH_s1_r1:Otu24,submergedTime,day,165,http://vocab.nerc.ac.uk/collection/P01/current/AZDRZZ01/,https://vocab.nerc.ac.uk/collection/P06/current/UTAA/,
ARMS_TZS_Kummelkobben_20200608_20201120_MF100_ETOH_s1_r1:Otu24,preservativeUsed,,EtOH,http://vocab.nerc.ac.uk/collection/Q01/current/Q0100004/,,https://pubchem.ncbi.nlm.nih.gov/compound/702
ARMS_TZS_Kummelkobben_20200608_20201120_MF100_ETOH_s1_r1:Otu24,lowerLimitFilterSize,micrometer,100,http://vocab.nerc.ac.uk/collection/Q01/current/Q0100011/,https://vocab.nerc.ac.uk/collection/P06/current/UMIC/,
ARMS_TZS_Kummelkobben_20200608_20201120_MF100_ETOH_s1_r1:Otu24,fieldReplicateID,,no replicate,http://vocab.nerc.ac.uk/collection/P01/current/IDSPRE01,,
ARMS_TZS_Kummelkobben_20200608_20201120_MF100_ETOH_s1_r1:Otu26,submergedTime,day,165,http://vocab.nerc.ac.uk/collection/P01/current/AZDRZZ01/,https://vocab.nerc.ac.uk/collection/P06/current/UTAA/,
ARMS_TZS_Kummelkobben_20200608_20201120_MF100_ETOH_s1_r1:Otu26,preservativeUsed,,EtOH,http://vocab.nerc.ac.uk/collection/Q01/current/Q0100004/,,https://pubchem.ncbi.nlm.nih.gov/compound/702
ARMS_TZS_Kummelkobben_20200608_20201120_MF100_ETOH_s1_r1:Otu26,lowerLimitFilterSize,micrometer,100,http://vocab.nerc.ac.uk/collection/Q01/current/Q0100011/,https://vocab.nerc.ac.uk/collection/P06/current/UMIC/,
ARMS_TZS_Kummelkobben_20200608_20201120_MF100_ETOH_s1_r1:Otu26,fieldReplicateID,,no replicate,http://vocab.nerc.ac.uk/collection/P01/current/IDSPRE01,,
ARMS_TZS_Kummelkobben_20200608_20201120_MF100_ETOH_s1_r1:Otu20,submergedTime,day,165,http://vocab.nerc.ac.uk/collection/P01/current/AZDRZZ01/,https://vocab.nerc.ac.uk/collection/P06/current/UTAA/,
ARMS_TZS_Kummelkobben_20200608_20201120_MF100_ETOH_s1_r1:Otu20,preservativeUsed,,EtOH,http://vocab.nerc.ac.uk/collection/Q01/current/Q0100004/,,https://pubchem.ncbi.nlm.nih.gov/compound/702
ARMS_TZS_Kummelkobben_20200608_20201120_MF100_ETOH_s1_r1:Otu20,lowerLimitFilterSize,micrometer,100,http://vocab.nerc.ac.uk/collection/Q01/current/Q0100011/,https://vocab.nerc.ac.uk/collection/P06/current/UMIC/,
ARMS_TZS_Kummelkobben_20200608_20201120_MF100_ETOH_s1_r1:Otu20,fieldReplicateID,,no replicate,http://vocab.nerc.ac.uk/collection/P01/current/IDSPRE01,,
ARMS_TZS_Kummelkobben_20200608_20201120_MF100_ETOH_s1_r1:Otu23,submergedTime,day,165,http://vocab.nerc.ac.uk/collection/P01/current/AZDRZZ01/,https://vocab.nerc.ac.uk/collection/P06/current/UTAA/,
ARMS_TZS_Kummelkobben_20200608_20201120_MF100_ETOH_s1_r1:Otu23,preservativeUsed,,EtOH,http://vocab.nerc.ac.uk/collection/Q01/current/Q0100004/,,https://pubchem.ncbi.nlm.nih.gov/compound/702
ARMS_TZS_Kummelkobben_20200608_20201120_MF100_ETOH_s1_r1:Otu23,lowerLimitFilterSize,micrometer,100,http://vocab.nerc.ac.uk/collection/Q01/current/Q0100011/,https://vocab.nerc.ac.uk/collection/P06/current/UMIC/,
ARMS_TZS_Kummelkobben_20200608_20201120_MF100_ETOH_s1_r1:Otu23,fieldReplicateID,,no replicate,http://vocab.nerc.ac.uk/collection/P01/current/IDSPRE01,,
ARMS_TZS_Kummelkobben_20200608_20201120_MF100_ETOH_s1_r1:Otu22,submergedTime,day,165,http://vocab.nerc.ac.uk/collection/P01/current/AZDRZZ01/,https://vocab.nerc.ac.uk/collection/P06/current/UTAA/,
ARMS_TZS_Kummelkobben_20200608_20201120_MF100_ETOH_s1_r1:Otu22,preservativeUsed,,EtOH,http://vocab.nerc.ac.uk/collection/Q01/current/Q0100004/,,https://pubchem.ncbi.nlm.nih.gov/compound/702
ARMS_TZS_Kummelkobben_20200608_20201120_MF100_ETOH_s1_r1:Otu22,lowerLimitFilterSize,micrometer,100,http://vocab.nerc.ac.uk/collection/Q01/current/Q0100011/,https://vocab.nerc.ac.uk/collection/P06/current/UMIC/,
ARMS_TZS_Kummelkobben_20200608_20201120_MF100_ETOH_s1_r1:Otu22,fieldReplicateID,,no replicate,http://vocab.nerc.ac.uk/collection/P01/current/IDSPRE01,,
ARMS_TZS_Kummelkobben_20200608_20201120_MF100_ETOH_s1_r1:Otu170,submergedTime,day,165,http://vocab.nerc.ac.uk/collection/P01/current/AZDRZZ01/,https://vocab.nerc.ac.uk/collection/P06/current/UTAA/,
ARMS_TZS_Kummelkobben_20200608_20201120_MF100_ETOH_s1_r1:Otu170,preservativeUsed,,EtOH,http://vocab.nerc.ac.uk/collection/Q01/current/Q0100004/,,https://pubchem.ncbi.nlm.nih.gov/compound/702
ARMS_TZS_Kummelkobben_20200608_20201120_MF100_ETOH_s1_r1:Otu170,lowerLimitFilterSize,micrometer,100,http://vocab.nerc.ac.uk/collection/Q01/current/Q0100011/,https://vocab.nerc.ac.uk/collection/P06/current/UMIC/,
ARMS_TZS_Kummelkobben_20200608_20201120_MF100_ETOH_s1_r1:Otu170,fieldReplicateID,,no replicate,http://vocab.nerc.ac.uk/collection/P01/current/IDSPRE01,,
ARMS_TZS_Kummelkobben_20200608_20201120_MF100_ETOH_s1_r1:Otu171,submergedTime,day,165,http://vocab.nerc.ac.uk/collection/P01/current/AZDRZZ01/,https://vocab.nerc.ac.uk/collection/P06/current/UTAA/,
ARMS_TZS_Kummelkobben_20200608_20201120_MF100_ETOH_s1_r1:Otu171,preservativeUsed,,EtOH,http://vocab.nerc.ac.uk/collection/Q01/current/Q0100004/,,https://pubchem.ncbi.nlm.nih.gov/compound/702
ARMS_TZS_Kummelkobben_20200608_20201120_MF100_ETOH_s1_r1:Otu171,lowerLimitFilterSize,micrometer,100,http://vocab.nerc.ac.uk/collection/Q01/current/Q0100011/,https://vocab.nerc.ac.uk/collection/P06/current/UMIC/,
ARMS_TZS_Kummelkobben_20200608_20201120_MF100_ETOH_s1_r1:Otu171,fieldReplicateID,,no replicate,http://vocab.nerc.ac.uk/collection/P01/current/IDSPRE01,,
ARMS_TZS_Kummelkobben_20200608_20201120_MF100_ETOH_s1_r1:Otu172,submergedTime,day,165,http://vocab.nerc.ac.uk/collection/P01/current/AZDRZZ01/,https://vocab.nerc.ac.uk/collection/P06/current/UTAA/,
ARMS_TZS_Kummelkobben_20200608_20201120_MF100_ETOH_s1_r1:Otu172,preservativeUsed,,EtOH,http://vocab.nerc.ac.uk/collection/Q01/current/Q0100004/,,https://pubchem.ncbi.nlm.nih.gov/compound/702
ARMS_TZS_Kummelkobben_20200608_20201120_MF100_ETOH_s1_r1:Otu172,lowerLimitFilterSize,micrometer,100,http://vocab.nerc.ac.uk/collection/Q01/current/Q0100011/,https://vocab.nerc.ac.uk/collection/P06/current/UMIC/,
ARMS_TZS_Kummelkobben_20200608_20201120_MF100_ETOH_s1_r1:Otu172,fieldReplicateID,,no replicate,http://vocab.nerc.ac.uk/collection/P01/current/IDSPRE01,,
ARMS_TZS_Kummelkobben_20200608_20201120_MF100_ETOH_s1_r1:Otu173,submergedTime,day,165,http://vocab.nerc.ac.uk/collection/P01/current/AZDRZZ01/,https://vocab.nerc.ac.uk/collection/P06/current/UTAA/,
ARMS_TZS_Kummelkobben_20200608_20201120_MF100_ETOH_s1_r1:Otu173,preservativeUsed,,EtOH,http://vocab.nerc.ac.uk/collection/Q01/current/Q0100004/,,https://pubchem.ncbi.nlm.nih.gov/compound/702
ARMS_TZS_Kummelkobben_20200608_20201120_MF100_ETOH_s1_r1:Otu173,lowerLimitFilterSize,micrometer,100,http://vocab.nerc.ac.uk/collection/Q01/current/Q0100011/,https://vocab.nerc.ac.uk/collection/P06/current/UMIC/,
ARMS_TZS_Kummelkobben_20200608_20201120_MF100_ETOH_s1_r1:Otu173,fieldReplicateID,,no replicate,http://vocab.nerc.ac.uk/collection/P01/current/IDSPRE01,,
ARMS_TZS_Kummelkobben_20200608_20201120_MF100_ETOH_s1_r1:Otu459,submergedTime,day,165,http://vocab.nerc.ac.uk/collection/P01/current/AZDRZZ01/,https://vocab.nerc.ac.uk/collection/P06/current/UTAA/,
ARMS_TZS_Kummelkobben_20200608_20201120_MF100_ETOH_s1_r1:Otu459,preservativeUsed,,EtOH,http://vocab.nerc.ac.uk/collection/Q01/current/Q0100004/,,https://pubchem.ncbi.nlm.nih.gov/compound/702
ARMS_TZS_Kummelkobben_20200608_20201120_MF100_ETOH_s1_r1:Otu459,lowerLimitFilterSize,micrometer,100,http://vocab.nerc.ac.uk/collection/Q01/current/Q0100011/,https://vocab.nerc.ac.uk/collection/P06/current/UMIC/,
ARMS_TZS_Kummelkobben_20200608_20201120_MF100_ETOH_s1_r1:Otu459,fieldReplicateID,,no replicate,http://vocab.nerc.ac.uk/collection/P01/current/IDSPRE01,,
ARMS_TZS_Kummelkobben_20200608_20201120_MF100_ETOH_s1_r1:Otu458,submergedTime,day,165,http://vocab.nerc.ac.uk/collection/P01/current/AZDRZZ01/,https://vocab.nerc.ac.uk/collection/P06/current/UTAA/,
ARMS_TZS_Kummelkobben_20200608_20201120_MF100_ETOH_s1_r1:Otu458,preservativeUsed,,EtOH,http://vocab.nerc.ac.uk/collection/Q01/current/Q0100004/,,https://pubchem.ncbi.nlm.nih.gov/compound/702
ARMS_TZS_Kummelkobben_20200608_20201120_MF100_ETOH_s1_r1:Otu458,lowerLimitFilterSize,micrometer,100,http://vocab.nerc.ac.uk/collection/Q01/current/Q0100011/,https://vocab.nerc.ac.uk/collection/P06/current/UMIC/,
ARMS_TZS_Kummelkobben_20200608_20201120_MF100_ETOH_s1_r1:Otu458,fieldReplicateID,,no replicate,http://vocab.nerc.ac.uk/collection/P01/current/IDSPRE01,,
ARMS_TZS_Kummelkobben_20200608_20201120_MF100_ETOH_s1_r1:Otu453,submergedTime,day,165,http://vocab.nerc.ac.uk/collection/P01/current/AZDRZZ01/,https://vocab.nerc.ac.uk/collection/P06/current/UTAA/,
ARMS_TZS_Kummelkobben_20200608_20201120_MF100_ETOH_s1_r1:Otu453,preservativeUsed,,EtOH,http://vocab.nerc.ac.uk/collection/Q01/current/Q0100004/,,https://pubchem.ncbi.nlm.nih.gov/compound/702
ARMS_TZS_Kummelkobben_20200608_20201120_MF100_ETOH_s1_r1:Otu453,lowerLimitFilterSize,micrometer,100,http://vocab.nerc.ac.uk/collection/Q01/current/Q0100011/,https://vocab.nerc.ac.uk/collection/P06/current/UMIC/,
ARMS_TZS_Kummelkobben_20200608_20201120_MF100_ETOH_s1_r1:Otu453,fieldReplicateID,,no replicate,http://vocab.nerc.ac.uk/collection/P01/current/IDSPRE01,,
ARMS_TZS_Kummelkobben_20200608_20201120_MF100_ETOH_s1_r1:Otu451,submergedTime,day,165,http://vocab.nerc.ac.uk/collection/P01/current/AZDRZZ01/,https://vocab.nerc.ac.uk/collection/P06/current/UTAA/,
ARMS_TZS_Kummelkobben_20200608_20201120_MF100_ETOH_s1_r1:Otu451,preservativeUsed,,EtOH,http://vocab.nerc.ac.uk/collection/Q01/current/Q0100004/,,https://pubchem.ncbi.nlm.nih.gov/compound/702
ARMS_TZS_Kummelkobben_20200608_20201120_MF100_ETOH_s1_r1:Otu451,lowerLimitFilterSize,micrometer,100,http://vocab.nerc.ac.uk/collection/Q01/current/Q0100011/,https://vocab.nerc.ac.uk/collection/P06/current/UMIC/,
ARMS_TZS_Kummelkobben_20200608_20201120_MF100_ETOH_s1_r1:Otu451,fieldReplicateID,,no replicate,http://vocab.nerc.ac.uk/collection/P01/current/IDSPRE01,,
ARMS_TZS_Kummelkobben_20200608_20201120_MF100_ETOH_s1_r1:Otu450,submergedTime,day,165,http://vocab.nerc.ac.uk/collection/P01/current/AZDRZZ01/,https://vocab.nerc.ac.uk/collection/P06/current/UTAA/,
ARMS_TZS_Kummelkobben_20200608_20201120_MF100_ETOH_s1_r1:Otu450,preservativeUsed,,EtOH,http://vocab.nerc.ac.uk/collection/Q01/current/Q0100004/,,https://pubchem.ncbi.nlm.nih.gov/compound/702
ARMS_TZS_Kummelkobben_20200608_20201120_MF100_ETOH_s1_r1:Otu450,lowerLimitFilterSize,micrometer,100,http://vocab.nerc.ac.uk/collection/Q01/current/Q0100011/,https://vocab.nerc.ac.uk/collection/P06/current/UMIC/,
ARMS_TZS_Kummelkobben_20200608_20201120_MF100_ETOH_s1_r1:Otu450,fieldReplicateID,,no replicate,http://vocab.nerc.ac.uk/collection/P01/current/IDSPRE01,,
ARMS_TZS_Kummelkobben_20200608_20201120_MF100_ETOH_s1_r1:Otu456,submergedTime,day,165,http://vocab.nerc.ac.uk/collection/P01/current/AZDRZZ01/,https://vocab.nerc.ac.uk/collection/P06/current/UTAA/,
ARMS_TZS_Kummelkobben_20200608_20201120_MF100_ETOH_s1_r1:Otu456,preservativeUsed,,EtOH,http://vocab.nerc.ac.uk/collection/Q01/current/Q0100004/,,https://pubchem.ncbi.nlm.nih.gov/compound/702
ARMS_TZS_Kummelkobben_20200608_20201120_MF100_ETOH_s1_r1:Otu456,lowerLimitFilterSize,micrometer,100,http://vocab.nerc.ac.uk/collection/Q01/current/Q0100011/,https://vocab.nerc.ac.uk/collection/P06/current/UMIC/,
ARMS_TZS_Kummelkobben_20200608_20201120_MF100_ETOH_s1_r1:Otu456,fieldReplicateID,,no replicate,http://vocab.nerc.ac.uk/collection/P01/current/IDSPRE01,,
ARMS_TZS_Kummelkobben_20200608_20201120_MF100_ETOH_s1_r1:Otu455,submergedTime,day,165,http://vocab.nerc.ac.uk/collection/P01/current/AZDRZZ01/,https://vocab.nerc.ac.uk/collection/P06/current/UTAA/,
ARMS_TZS_Kummelkobben_20200608_20201120_MF100_ETOH_s1_r1:Otu455,preservativeUsed,,EtOH,http://vocab.nerc.ac.uk/collection/Q01/current/Q0100004/,,https://pubchem.ncbi.nlm.nih.gov/compound/702
ARMS_TZS_Kummelkobben_20200608_20201120_MF100_ETOH_s1_r1:Otu455,lowerLimitFilterSize,micrometer,100,http://vocab.nerc.ac.uk/collection/Q01/current/Q0100011/,https://vocab.nerc.ac.uk/collection/P06/current/UMIC/,
ARMS_TZS_Kummelkobben_20200608_20201120_MF100_ETOH_s1_r1:Otu455,fieldReplicateID,,no replicate,http://vocab.nerc.ac.uk/collection/P01/current/IDSPRE01,,
ARMS_TZS_Kummelkobben_20200608_20201120_MF100_ETOH_s1_r1:Otu454,submergedTime,day,165,http://vocab.nerc.ac.uk/collection/P01/current/AZDRZZ01/,https://vocab.nerc.ac.uk/collection/P06/current/UTAA/,
ARMS_TZS_Kummelkobben_20200608_20201120_MF100_ETOH_s1_r1:Otu454,preservativeUsed,,EtOH,http://vocab.nerc.ac.uk/collection/Q01/current/Q0100004/,,https://pubchem.ncbi.nlm.nih.gov/compound/702
ARMS_TZS_Kummelkobben_20200608_20201120_MF100_ETOH_s1_r1:Otu454,lowerLimitFilterSize,micrometer,100,http://vocab.nerc.ac.uk/collection/Q01/current/Q0100011/,https://vocab.nerc.ac.uk/collection/P06/current/UMIC/,
ARMS_TZS_Kummelkobben_20200608_20201120_MF100_ETOH_s1_r1:Otu454,fieldReplicateID,,no replicate,http://vocab.nerc.ac.uk/collection/P01/current/IDSPRE01,,
ARMS_TZS_Kummelkobben_20200608_20201120_MF100_ETOH_s1_r1:Otu220,submergedTime,day,165,http://vocab.nerc.ac.uk/collection/P01/current/AZDRZZ01/,https://vocab.nerc.ac.uk/collection/P06/current/UTAA/,
ARMS_TZS_Kummelkobben_20200608_20201120_MF100_ETOH_s1_r1:Otu220,preservativeUsed,,EtOH,http://vocab.nerc.ac.uk/collection/Q01/current/Q0100004/,,https://pubchem.ncbi.nlm.nih.gov/compound/702
ARMS_TZS_Kummelkobben_20200608_20201120_MF100_ETOH_s1_r1:Otu220,lowerLimitFilterSize,micrometer,100,http://vocab.nerc.ac.uk/collection/Q01/current/Q0100011/,https://vocab.nerc.ac.uk/collection/P06/current/UMIC/,
ARMS_TZS_Kummelkobben_20200608_20201120_MF100_ETOH_s1_r1:Otu220,fieldReplicateID,,no replicate,http://vocab.nerc.ac.uk/collection/P01/current/IDSPRE01,,
ARMS_TZS_Kummelkobben_20200608_20201120_MF100_ETOH_s1_r1:Otu221,submergedTime,day,165,http://vocab.nerc.ac.uk/collection/P01/current/AZDRZZ01/,https://vocab.nerc.ac.uk/collection/P06/current/UTAA/,
ARMS_TZS_Kummelkobben_20200608_20201120_MF100_ETOH_s1_r1:Otu221,preservativeUsed,,EtOH,http://vocab.nerc.ac.uk/collection/Q01/current/Q0100004/,,https://pubchem.ncbi.nlm.nih.gov/compound/702
ARMS_TZS_Kummelkobben_20200608_20201120_MF100_ETOH_s1_r1:Otu221,lowerLimitFilterSize,micrometer,100,http://vocab.nerc.ac.uk/collection/Q01/current/Q0100011/,https://vocab.nerc.ac.uk/collection/P06/current/UMIC/,
ARMS_TZS_Kummelkobben_20200608_20201120_MF100_ETOH_s1_r1:Otu221,fieldReplicateID,,no replicate,http://vocab.nerc.ac.uk/collection/P01/current/IDSPRE01,,
ARMS_TZS_Kummelkobben_20200608_20201120_MF100_ETOH_s1_r1:Otu129,submergedTime,day,165,http://vocab.nerc.ac.uk/collection/P01/current/AZDRZZ01/,https://vocab.nerc.ac.uk/collection/P06/current/UTAA/,
ARMS_TZS_Kummelkobben_20200608_20201120_MF100_ETOH_s1_r1:Otu129,preservativeUsed,,EtOH,http://vocab.nerc.ac.uk/collection/Q01/current/Q0100004/,,https://pubchem.ncbi.nlm.nih.gov/compound/702
ARMS_TZS_Kummelkobben_20200608_20201120_MF100_ETOH_s1_r1:Otu129,lowerLimitFilterSize,micrometer,100,http://vocab.nerc.ac.uk/collection/Q01/current/Q0100011/,https://vocab.nerc.ac.uk/collection/P06/current/UMIC/,
ARMS_TZS_Kummelkobben_20200608_20201120_MF100_ETOH_s1_r1:Otu129,fieldReplicateID,,no replicate,http://vocab.nerc.ac.uk/collection/P01/current/IDSPRE01,,
ARMS_TZS_Kummelkobben_20200608_20201120_MF100_ETOH_s1_r1:Otu125,submergedTime,day,165,http://vocab.nerc.ac.uk/collection/P01/current/AZDRZZ01/,https://vocab.nerc.ac.uk/collection/P06/current/UTAA/,
ARMS_TZS_Kummelkobben_20200608_20201120_MF100_ETOH_s1_r1:Otu125,preservativeUsed,,EtOH,http://vocab.nerc.ac.uk/collection/Q01/current/Q0100004/,,https://pubchem.ncbi.nlm.nih.gov/compound/702
ARMS_TZS_Kummelkobben_20200608_20201120_MF100_ETOH_s1_r1:Otu125,lowerLimitFilterSize,micrometer,100,http://vocab.nerc.ac.uk/collection/Q01/current/Q0100011/,https://vocab.nerc.ac.uk/collection/P06/current/UMIC/,
ARMS_TZS_Kummelkobben_20200608_20201120_MF100_ETOH_s1_r1:Otu125,fieldReplicateID,,no replicate,http://vocab.nerc.ac.uk/collection/P01/current/IDSPRE01,,
ARMS_TZS_Kummelkobben_20200608_20201120_MF100_ETOH_s1_r1:Otu121,submergedTime,day,165,http://vocab.nerc.ac.uk/collection/P01/current/AZDRZZ01/,https://vocab.nerc.ac.uk/collection/P06/current/UTAA/,
ARMS_TZS_Kummelkobben_20200608_20201120_MF100_ETOH_s1_r1:Otu121,preservativeUsed,,EtOH,http://vocab.nerc.ac.uk/collection/Q01/current/Q0100004/,,https://pubchem.ncbi.nlm.nih.gov/compound/702
ARMS_TZS_Kummelkobben_20200608_20201120_MF100_ETOH_s1_r1:Otu121,lowerLimitFilterSize,micrometer,100,http://vocab.nerc.ac.uk/collection/Q01/current/Q0100011/,https://vocab.nerc.ac.uk/collection/P06/current/UMIC/,
ARMS_TZS_Kummelkobben_20200608_20201120_MF100_ETOH_s1_r1:Otu121,fieldReplicateID,,no replicate,http://vocab.nerc.ac.uk/collection/P01/current/IDSPRE01,,
ARMS_TZS_Kummelkobben_20200608_20201120_MF100_ETOH_s1_r1:Otu63,submergedTime,day,165,http://vocab.nerc.ac.uk/collection/P01/current/AZDRZZ01/,https://vocab.nerc.ac.uk/collection/P06/current/UTAA/,
ARMS_TZS_Kummelkobben_20200608_20201120_MF100_ETOH_s1_r1:Otu63,preservativeUsed,,EtOH,http://vocab.nerc.ac.uk/collection/Q01/current/Q0100004/,,https://pubchem.ncbi.nlm.nih.gov/compound/702
ARMS_TZS_Kummelkobben_20200608_20201120_MF100_ETOH_s1_r1:Otu63,lowerLimitFilterSize,micrometer,100,http://vocab.nerc.ac.uk/collection/Q01/current/Q0100011/,https://vocab.nerc.ac.uk/collection/P06/current/UMIC/,
ARMS_TZS_Kummelkobben_20200608_20201120_MF100_ETOH_s1_r1:Otu63,fieldReplicateID,,no replicate,http://vocab.nerc.ac.uk/collection/P01/current/IDSPRE01,,
ARMS_TZS_Kummelkobben_20200608_20201120_MF100_ETOH_s1_r1:Otu65,submergedTime,day,165,http://vocab.nerc.ac.uk/collection/P01/current/AZDRZZ01/,https://vocab.nerc.ac.uk/collection/P06/current/UTAA/,
ARMS_TZS_Kummelkobben_20200608_20201120_MF100_ETOH_s1_r1:Otu65,preservativeUsed,,EtOH,http://vocab.nerc.ac.uk/collection/Q01/current/Q0100004/,,https://pubchem.ncbi.nlm.nih.gov/compound/702
ARMS_TZS_Kummelkobben_20200608_20201120_MF100_ETOH_s1_r1:Otu65,lowerLimitFilterSize,micrometer,100,http://vocab.nerc.ac.uk/collection/Q01/current/Q0100011/,https://vocab.nerc.ac.uk/collection/P06/current/UMIC/,
ARMS_TZS_Kummelkobben_20200608_20201120_MF100_ETOH_s1_r1:Otu65,fieldReplicateID,,no replicate,http://vocab.nerc.ac.uk/collection/P01/current/IDSPRE01,,
ARMS_TZS_Kummelkobben_20200608_20201120_MF100_ETOH_s1_r1:Otu64,submergedTime,day,165,http://vocab.nerc.ac.uk/collection/P01/current/AZDRZZ01/,https://vocab.nerc.ac.uk/collection/P06/current/UTAA/,
ARMS_TZS_Kummelkobben_20200608_20201120_MF100_ETOH_s1_r1:Otu64,preservativeUsed,,EtOH,http://vocab.nerc.ac.uk/collection/Q01/current/Q0100004/,,https://pubchem.ncbi.nlm.nih.gov/compound/702
ARMS_TZS_Kummelkobben_20200608_20201120_MF100_ETOH_s1_r1:Otu64,lowerLimitFilterSize,micrometer,100,http://vocab.nerc.ac.uk/collection/Q01/current/Q0100011/,https://vocab.nerc.ac.uk/collection/P06/current/UMIC/,
ARMS_TZS_Kummelkobben_20200608_20201120_MF100_ETOH_s1_r1:Otu64,fieldReplicateID,,no replicate,http://vocab.nerc.ac.uk/collection/P01/current/IDSPRE01,,
ARMS_TZS_Kummelkobben_20200608_20201120_MF100_ETOH_s1_r1:Otu462,submergedTime,day,165,http://vocab.nerc.ac.uk/collection/P01/current/AZDRZZ01/,https://vocab.nerc.ac.uk/collection/P06/current/UTAA/,
ARMS_TZS_Kummelkobben_20200608_20201120_MF100_ETOH_s1_r1:Otu462,preservativeUsed,,EtOH,http://vocab.nerc.ac.uk/collection/Q01/current/Q0100004/,,https://pubchem.ncbi.nlm.nih.gov/compound/702
ARMS_TZS_Kummelkobben_20200608_20201120_MF100_ETOH_s1_r1:Otu462,lowerLimitFilterSize,micrometer,100,http://vocab.nerc.ac.uk/collection/Q01/current/Q0100011/,https://vocab.nerc.ac.uk/collection/P06/current/UMIC/,
ARMS_TZS_Kummelkobben_20200608_20201120_MF100_ETOH_s1_r1:Otu462,fieldReplicateID,,no replicate,http://vocab.nerc.ac.uk/collection/P01/current/IDSPRE01,,
ARMS_TZS_Kummelkobben_20200608_20201120_MF100_ETOH_s1_r1:Otu460,submergedTime,day,165,http://vocab.nerc.ac.uk/collection/P01/current/AZDRZZ01/,https://vocab.nerc.ac.uk/collection/P06/current/UTAA/,
ARMS_TZS_Kummelkobben_20200608_20201120_MF100_ETOH_s1_r1:Otu460,preservativeUsed,,EtOH,http://vocab.nerc.ac.uk/collection/Q01/current/Q0100004/,,https://pubchem.ncbi.nlm.nih.gov/compound/702
ARMS_TZS_Kummelkobben_20200608_20201120_MF100_ETOH_s1_r1:Otu460,lowerLimitFilterSize,micrometer,100,http://vocab.nerc.ac.uk/collection/Q01/current/Q0100011/,https://vocab.nerc.ac.uk/collection/P06/current/UMIC/,
ARMS_TZS_Kummelkobben_20200608_20201120_MF100_ETOH_s1_r1:Otu460,fieldReplicateID,,no replicate,http://vocab.nerc.ac.uk/collection/P01/current/IDSPRE01,,
ARMS_TZS_Kummelkobben_20200608_20201120_MF100_ETOH_s1_r1:Otu461,submergedTime,day,165,http://vocab.nerc.ac.uk/collection/P01/current/AZDRZZ01/,https://vocab.nerc.ac.uk/collection/P06/current/UTAA/,
ARMS_TZS_Kummelkobben_20200608_20201120_MF100_ETOH_s1_r1:Otu461,preservativeUsed,,EtOH,http://vocab.nerc.ac.uk/collection/Q01/current/Q0100004/,,https://pubchem.ncbi.nlm.nih.gov/compound/702
ARMS_TZS_Kummelkobben_20200608_20201120_MF100_ETOH_s1_r1:Otu461,lowerLimitFilterSize,micrometer,100,http://vocab.nerc.ac.uk/collection/Q01/current/Q0100011/,https://vocab.nerc.ac.uk/collection/P06/current/UMIC/,
ARMS_TZS_Kummelkobben_20200608_20201120_MF100_ETOH_s1_r1:Otu461,fieldReplicateID,,no replicate,http://vocab.nerc.ac.uk/collection/P01/current/IDSPRE01,,
ARMS_TZS_Kummelkobben_20200608_20201120_MF100_ETOH_s1_r1:Otu306,submergedTime,day,165,http://vocab.nerc.ac.uk/collection/P01/current/AZDRZZ01/,https://vocab.nerc.ac.uk/collection/P06/current/UTAA/,
ARMS_TZS_Kummelkobben_20200608_20201120_MF100_ETOH_s1_r1:Otu306,preservativeUsed,,EtOH,http://vocab.nerc.ac.uk/collection/Q01/current/Q0100004/,,https://pubchem.ncbi.nlm.nih.gov/compound/702
ARMS_TZS_Kummelkobben_20200608_20201120_MF100_ETOH_s1_r1:Otu306,lowerLimitFilterSize,micrometer,100,http://vocab.nerc.ac.uk/collection/Q01/current/Q0100011/,https://vocab.nerc.ac.uk/collection/P06/current/UMIC/,
ARMS_TZS_Kummelkobben_20200608_20201120_MF100_ETOH_s1_r1:Otu306,fieldReplicateID,,no replicate,http://vocab.nerc.ac.uk/collection/P01/current/IDSPRE01,,
ARMS_TZS_Kummelkobben_20200608_20201120_MF100_ETOH_s1_r1:Otu301,submergedTime,day,165,http://vocab.nerc.ac.uk/collection/P01/current/AZDRZZ01/,https://vocab.nerc.ac.uk/collection/P06/current/UTAA/,
ARMS_TZS_Kummelkobben_20200608_20201120_MF100_ETOH_s1_r1:Otu301,preservativeUsed,,EtOH,http://vocab.nerc.ac.uk/collection/Q01/current/Q0100004/,,https://pubchem.ncbi.nlm.nih.gov/compound/702
ARMS_TZS_Kummelkobben_20200608_20201120_MF100_ETOH_s1_r1:Otu301,lowerLimitFilterSize,micrometer,100,http://vocab.nerc.ac.uk/collection/Q01/current/Q0100011/,https://vocab.nerc.ac.uk/collection/P06/current/UMIC/,
ARMS_TZS_Kummelkobben_20200608_20201120_MF100_ETOH_s1_r1:Otu301,fieldReplicateID,,no replicate,http://vocab.nerc.ac.uk/collection/P01/current/IDSPRE01,,
ARMS_TZS_Kummelkobben_20200608_20201120_MF100_ETOH_s1_r1:Otu112,submergedTime,day,165,http://vocab.nerc.ac.uk/collection/P01/current/AZDRZZ01/,https://vocab.nerc.ac.uk/collection/P06/current/UTAA/,
ARMS_TZS_Kummelkobben_20200608_20201120_MF100_ETOH_s1_r1:Otu112,preservativeUsed,,EtOH,http://vocab.nerc.ac.uk/collection/Q01/current/Q0100004/,,https://pubchem.ncbi.nlm.nih.gov/compound/702
ARMS_TZS_Kummelkobben_20200608_20201120_MF100_ETOH_s1_r1:Otu112,lowerLimitFilterSize,micrometer,100,http://vocab.nerc.ac.uk/collection/Q01/current/Q0100011/,https://vocab.nerc.ac.uk/collection/P06/current/UMIC/,
ARMS_TZS_Kummelkobben_20200608_20201120_MF100_ETOH_s1_r1:Otu112,fieldReplicateID,,no replicate,http://vocab.nerc.ac.uk/collection/P01/current/IDSPRE01,,
ARMS_TZS_Kummelkobben_20200608_20201120_MF100_ETOH_s1_r1:Otu111,submergedTime,day,165,http://vocab.nerc.ac.uk/collection/P01/current/AZDRZZ01/,https://vocab.nerc.ac.uk/collection/P06/current/UTAA/,
ARMS_TZS_Kummelkobben_20200608_20201120_MF100_ETOH_s1_r1:Otu111,preservativeUsed,,EtOH,http://vocab.nerc.ac.uk/collection/Q01/current/Q0100004/,,https://pubchem.ncbi.nlm.nih.gov/compound/702
ARMS_TZS_Kummelkobben_20200608_20201120_MF100_ETOH_s1_r1:Otu111,lowerLimitFilterSize,micrometer,100,http://vocab.nerc.ac.uk/collection/Q01/current/Q0100011/,https://vocab.nerc.ac.uk/collection/P06/current/UMIC/,
ARMS_TZS_Kummelkobben_20200608_20201120_MF100_ETOH_s1_r1:Otu111,fieldReplicateID,,no replicate,http://vocab.nerc.ac.uk/collection/P01/current/IDSPRE01,,
ARMS_TZS_Kummelkobben_20200608_20201120_MF100_ETOH_s1_r1:Otu282,submergedTime,day,165,http://vocab.nerc.ac.uk/collection/P01/current/AZDRZZ01/,https://vocab.nerc.ac.uk/collection/P06/current/UTAA/,
ARMS_TZS_Kummelkobben_20200608_20201120_MF100_ETOH_s1_r1:Otu282,preservativeUsed,,EtOH,http://vocab.nerc.ac.uk/collection/Q01/current/Q0100004/,,https://pubchem.ncbi.nlm.nih.gov/compound/702
ARMS_TZS_Kummelkobben_20200608_20201120_MF100_ETOH_s1_r1:Otu282,lowerLimitFilterSize,micrometer,100,http://vocab.nerc.ac.uk/collection/Q01/current/Q0100011/,https://vocab.nerc.ac.uk/collection/P06/current/UMIC/,
ARMS_TZS_Kummelkobben_20200608_20201120_MF100_ETOH_s1_r1:Otu282,fieldReplicateID,,no replicate,http://vocab.nerc.ac.uk/collection/P01/current/IDSPRE01,,
ARMS_TZS_Kummelkobben_20200608_20201120_MF100_ETOH_s1_r1:Otu281,submergedTime,day,165,http://vocab.nerc.ac.uk/collection/P01/current/AZDRZZ01/,https://vocab.nerc.ac.uk/collection/P06/current/UTAA/,
ARMS_TZS_Kummelkobben_20200608_20201120_MF100_ETOH_s1_r1:Otu281,preservativeUsed,,EtOH,http://vocab.nerc.ac.uk/collection/Q01/current/Q0100004/,,https://pubchem.ncbi.nlm.nih.gov/compound/702
ARMS_TZS_Kummelkobben_20200608_20201120_MF100_ETOH_s1_r1:Otu281,lowerLimitFilterSize,micrometer,100,http://vocab.nerc.ac.uk/collection/Q01/current/Q0100011/,https://vocab.nerc.ac.uk/collection/P06/current/UMIC/,
ARMS_TZS_Kummelkobben_20200608_20201120_MF100_ETOH_s1_r1:Otu281,fieldReplicateID,,no replicate,http://vocab.nerc.ac.uk/collection/P01/current/IDSPRE01,,
ARMS_TZS_Kummelkobben_20200608_20201120_MF100_ETOH_s1_r1:Otu38,submergedTime,day,165,http://vocab.nerc.ac.uk/collection/P01/current/AZDRZZ01/,https://vocab.nerc.ac.uk/collection/P06/current/UTAA/,
ARMS_TZS_Kummelkobben_20200608_20201120_MF100_ETOH_s1_r1:Otu38,preservativeUsed,,EtOH,http://vocab.nerc.ac.uk/collection/Q01/current/Q0100004/,,https://pubchem.ncbi.nlm.nih.gov/compound/702
ARMS_TZS_Kummelkobben_20200608_20201120_MF100_ETOH_s1_r1:Otu38,lowerLimitFilterSize,micrometer,100,http://vocab.nerc.ac.uk/collection/Q01/current/Q0100011/,https://vocab.nerc.ac.uk/collection/P06/current/UMIC/,
ARMS_TZS_Kummelkobben_20200608_20201120_MF100_ETOH_s1_r1:Otu38,fieldReplicateID,,no replicate,http://vocab.nerc.ac.uk/collection/P01/current/IDSPRE01,,
ARMS_TZS_Kummelkobben_20200608_20201120_MF100_ETOH_s1_r1:Otu39,submergedTime,day,165,http://vocab.nerc.ac.uk/collection/P01/current/AZDRZZ01/,https://vocab.nerc.ac.uk/collection/P06/current/UTAA/,
ARMS_TZS_Kummelkobben_20200608_20201120_MF100_ETOH_s1_r1:Otu39,preservativeUsed,,EtOH,http://vocab.nerc.ac.uk/collection/Q01/current/Q0100004/,,https://pubchem.ncbi.nlm.nih.gov/compound/702
ARMS_TZS_Kummelkobben_20200608_20201120_MF100_ETOH_s1_r1:Otu39,lowerLimitFilterSize,micrometer,100,http://vocab.nerc.ac.uk/collection/Q01/current/Q0100011/,https://vocab.nerc.ac.uk/collection/P06/current/UMIC/,
ARMS_TZS_Kummelkobben_20200608_20201120_MF100_ETOH_s1_r1:Otu39,fieldReplicateID,,no replicate,http://vocab.nerc.ac.uk/collection/P01/current/IDSPRE01,,
ARMS_TZS_Kummelkobben_20200608_20201120_MF100_ETOH_s1_r1:Otu36,submergedTime,day,165,http://vocab.nerc.ac.uk/collection/P01/current/AZDRZZ01/,https://vocab.nerc.ac.uk/collection/P06/current/UTAA/,
ARMS_TZS_Kummelkobben_20200608_20201120_MF100_ETOH_s1_r1:Otu36,preservativeUsed,,EtOH,http://vocab.nerc.ac.uk/collection/Q01/current/Q0100004/,,https://pubchem.ncbi.nlm.nih.gov/compound/702
ARMS_TZS_Kummelkobben_20200608_20201120_MF100_ETOH_s1_r1:Otu36,lowerLimitFilterSize,micrometer,100,http://vocab.nerc.ac.uk/collection/Q01/current/Q0100011/,https://vocab.nerc.ac.uk/collection/P06/current/UMIC/,
ARMS_TZS_Kummelkobben_20200608_20201120_MF100_ETOH_s1_r1:Otu36,fieldReplicateID,,no replicate,http://vocab.nerc.ac.uk/collection/P01/current/IDSPRE01,,
ARMS_TZS_Kummelkobben_20200608_20201120_MF100_ETOH_s1_r1:Otu35,submergedTime,day,165,http://vocab.nerc.ac.uk/collection/P01/current/AZDRZZ01/,https://vocab.nerc.ac.uk/collection/P06/current/UTAA/,
ARMS_TZS_Kummelkobben_20200608_20201120_MF100_ETOH_s1_r1:Otu35,preservativeUsed,,EtOH,http://vocab.nerc.ac.uk/collection/Q01/current/Q0100004/,,https://pubchem.ncbi.nlm.nih.gov/compound/702
ARMS_TZS_Kummelkobben_20200608_20201120_MF100_ETOH_s1_r1:Otu35,lowerLimitFilterSize,micrometer,100,http://vocab.nerc.ac.uk/collection/Q01/current/Q0100011/,https://vocab.nerc.ac.uk/collection/P06/current/UMIC/,
ARMS_TZS_Kummelkobben_20200608_20201120_MF100_ETOH_s1_r1:Otu35,fieldReplicateID,,no replicate,http://vocab.nerc.ac.uk/collection/P01/current/IDSPRE01,,
ARMS_TZS_Kummelkobben_20200608_20201120_MF100_ETOH_s1_r1:Otu30,submergedTime,day,165,http://vocab.nerc.ac.uk/collection/P01/current/AZDRZZ01/,https://vocab.nerc.ac.uk/collection/P06/current/UTAA/,
ARMS_TZS_Kummelkobben_20200608_20201120_MF100_ETOH_s1_r1:Otu30,preservativeUsed,,EtOH,http://vocab.nerc.ac.uk/collection/Q01/current/Q0100004/,,https://pubchem.ncbi.nlm.nih.gov/compound/702
ARMS_TZS_Kummelkobben_20200608_20201120_MF100_ETOH_s1_r1:Otu30,lowerLimitFilterSize,micrometer,100,http://vocab.nerc.ac.uk/collection/Q01/current/Q0100011/,https://vocab.nerc.ac.uk/collection/P06/current/UMIC/,
ARMS_TZS_Kummelkobben_20200608_20201120_MF100_ETOH_s1_r1:Otu30,fieldReplicateID,,no replicate,http://vocab.nerc.ac.uk/collection/P01/current/IDSPRE01,,
ARMS_TZS_Kummelkobben_20200608_20201120_MF100_ETOH_s1_r1:Otu31,submergedTime,day,165,http://vocab.nerc.ac.uk/collection/P01/current/AZDRZZ01/,https://vocab.nerc.ac.uk/collection/P06/current/UTAA/,
ARMS_TZS_Kummelkobben_20200608_20201120_MF100_ETOH_s1_r1:Otu31,preservativeUsed,,EtOH,http://vocab.nerc.ac.uk/collection/Q01/current/Q0100004/,,https://pubchem.ncbi.nlm.nih.gov/compound/702
ARMS_TZS_Kummelkobben_20200608_20201120_MF100_ETOH_s1_r1:Otu31,lowerLimitFilterSize,micrometer,100,http://vocab.nerc.ac.uk/collection/Q01/current/Q0100011/,https://vocab.nerc.ac.uk/collection/P06/current/UMIC/,
ARMS_TZS_Kummelkobben_20200608_20201120_MF100_ETOH_s1_r1:Otu31,fieldReplicateID,,no replicate,http://vocab.nerc.ac.uk/collection/P01/current/IDSPRE01,,
ARMS_TZS_Kummelkobben_20200608_20201120_MF100_ETOH_s1_r1:Otu169,submergedTime,day,165,http://vocab.nerc.ac.uk/collection/P01/current/AZDRZZ01/,https://vocab.nerc.ac.uk/collection/P06/current/UTAA/,
ARMS_TZS_Kummelkobben_20200608_20201120_MF100_ETOH_s1_r1:Otu169,preservativeUsed,,EtOH,http://vocab.nerc.ac.uk/collection/Q01/current/Q0100004/,,https://pubchem.ncbi.nlm.nih.gov/compound/702
ARMS_TZS_Kummelkobben_20200608_20201120_MF100_ETOH_s1_r1:Otu169,lowerLimitFilterSize,micrometer,100,http://vocab.nerc.ac.uk/collection/Q01/current/Q0100011/,https://vocab.nerc.ac.uk/collection/P06/current/UMIC/,
ARMS_TZS_Kummelkobben_20200608_20201120_MF100_ETOH_s1_r1:Otu169,fieldReplicateID,,no replicate,http://vocab.nerc.ac.uk/collection/P01/current/IDSPRE01,,
ARMS_TZS_Kummelkobben_20200608_20201120_MF100_ETOH_s1_r1:Otu83,submergedTime,day,165,http://vocab.nerc.ac.uk/collection/P01/current/AZDRZZ01/,https://vocab.nerc.ac.uk/collection/P06/current/UTAA/,
ARMS_TZS_Kummelkobben_20200608_20201120_MF100_ETOH_s1_r1:Otu83,preservativeUsed,,EtOH,http://vocab.nerc.ac.uk/collection/Q01/current/Q0100004/,,https://pubchem.ncbi.nlm.nih.gov/compound/702
ARMS_TZS_Kummelkobben_20200608_20201120_MF100_ETOH_s1_r1:Otu83,lowerLimitFilterSize,micrometer,100,http://vocab.nerc.ac.uk/collection/Q01/current/Q0100011/,https://vocab.nerc.ac.uk/collection/P06/current/UMIC/,
ARMS_TZS_Kummelkobben_20200608_20201120_MF100_ETOH_s1_r1:Otu83,fieldReplicateID,,no replicate,http://vocab.nerc.ac.uk/collection/P01/current/IDSPRE01,,
ARMS_TZS_Kummelkobben_20200608_20201120_MF100_ETOH_s1_r1:Otu80,submergedTime,day,165,http://vocab.nerc.ac.uk/collection/P01/current/AZDRZZ01/,https://vocab.nerc.ac.uk/collection/P06/current/UTAA/,
ARMS_TZS_Kummelkobben_20200608_20201120_MF100_ETOH_s1_r1:Otu80,preservativeUsed,,EtOH,http://vocab.nerc.ac.uk/collection/Q01/current/Q0100004/,,https://pubchem.ncbi.nlm.nih.gov/compound/702
ARMS_TZS_Kummelkobben_20200608_20201120_MF100_ETOH_s1_r1:Otu80,lowerLimitFilterSize,micrometer,100,http://vocab.nerc.ac.uk/collection/Q01/current/Q0100011/,https://vocab.nerc.ac.uk/collection/P06/current/UMIC/,
ARMS_TZS_Kummelkobben_20200608_20201120_MF100_ETOH_s1_r1:Otu80,fieldReplicateID,,no replicate,http://vocab.nerc.ac.uk/collection/P01/current/IDSPRE01,,
ARMS_TZS_Kummelkobben_20200608_20201120_MF100_ETOH_s1_r1:Otu87,submergedTime,day,165,http://vocab.nerc.ac.uk/collection/P01/current/AZDRZZ01/,https://vocab.nerc.ac.uk/collection/P06/current/UTAA/,
ARMS_TZS_Kummelkobben_20200608_20201120_MF100_ETOH_s1_r1:Otu87,preservativeUsed,,EtOH,http://vocab.nerc.ac.uk/collection/Q01/current/Q0100004/,,https://pubchem.ncbi.nlm.nih.gov/compound/702
ARMS_TZS_Kummelkobben_20200608_20201120_MF100_ETOH_s1_r1:Otu87,lowerLimitFilterSize,micrometer,100,http://vocab.nerc.ac.uk/collection/Q01/current/Q0100011/,https://vocab.nerc.ac.uk/collection/P06/current/UMIC/,
ARMS_TZS_Kummelkobben_20200608_20201120_MF100_ETOH_s1_r1:Otu87,fieldReplicateID,,no replicate,http://vocab.nerc.ac.uk/collection/P01/current/IDSPRE01,,
ARMS_TZS_Kummelkobben_20200608_20201120_MF100_ETOH_s1_r1:Otu84,submergedTime,day,165,http://vocab.nerc.ac.uk/collection/P01/current/AZDRZZ01/,https://vocab.nerc.ac.uk/collection/P06/current/UTAA/,
ARMS_TZS_Kummelkobben_20200608_20201120_MF100_ETOH_s1_r1:Otu84,preservativeUsed,,EtOH,http://vocab.nerc.ac.uk/collection/Q01/current/Q0100004/,,https://pubchem.ncbi.nlm.nih.gov/compound/702
ARMS_TZS_Kummelkobben_20200608_20201120_MF100_ETOH_s1_r1:Otu84,lowerLimitFilterSize,micrometer,100,http://vocab.nerc.ac.uk/collection/Q01/current/Q0100011/,https://vocab.nerc.ac.uk/collection/P06/current/UMIC/,
ARMS_TZS_Kummelkobben_20200608_20201120_MF100_ETOH_s1_r1:Otu84,fieldReplicateID,,no replicate,http://vocab.nerc.ac.uk/collection/P01/current/IDSPRE01,,
ARMS_TZS_Kummelkobben_20200608_20201120_MF100_ETOH_s1_r1:Otu158,submergedTime,day,165,http://vocab.nerc.ac.uk/collection/P01/current/AZDRZZ01/,https://vocab.nerc.ac.uk/collection/P06/current/UTAA/,
ARMS_TZS_Kummelkobben_20200608_20201120_MF100_ETOH_s1_r1:Otu158,preservativeUsed,,EtOH,http://vocab.nerc.ac.uk/collection/Q01/current/Q0100004/,,https://pubchem.ncbi.nlm.nih.gov/compound/702
ARMS_TZS_Kummelkobben_20200608_20201120_MF100_ETOH_s1_r1:Otu158,lowerLimitFilterSize,micrometer,100,http://vocab.nerc.ac.uk/collection/Q01/current/Q0100011/,https://vocab.nerc.ac.uk/collection/P06/current/UMIC/,
ARMS_TZS_Kummelkobben_20200608_20201120_MF100_ETOH_s1_r1:Otu158,fieldReplicateID,,no replicate,http://vocab.nerc.ac.uk/collection/P01/current/IDSPRE01,,
ARMS_TZS_Kummelkobben_20200608_20201120_MF100_ETOH_s1_r1:Otu159,submergedTime,day,165,http://vocab.nerc.ac.uk/collection/P01/current/AZDRZZ01/,https://vocab.nerc.ac.uk/collection/P06/current/UTAA/,
ARMS_TZS_Kummelkobben_20200608_20201120_MF100_ETOH_s1_r1:Otu159,preservativeUsed,,EtOH,http://vocab.nerc.ac.uk/collection/Q01/current/Q0100004/,,https://pubchem.ncbi.nlm.nih.gov/compound/702
ARMS_TZS_Kummelkobben_20200608_20201120_MF100_ETOH_s1_r1:Otu159,lowerLimitFilterSize,micrometer,100,http://vocab.nerc.ac.uk/collection/Q01/current/Q0100011/,https://vocab.nerc.ac.uk/collection/P06/current/UMIC/,
ARMS_TZS_Kummelkobben_20200608_20201120_MF100_ETOH_s1_r1:Otu159,fieldReplicateID,,no replicate,http://vocab.nerc.ac.uk/collection/P01/current/IDSPRE01,,
ARMS_TZS_Kummelkobben_20200608_20201120_MF100_ETOH_s1_r1:Otu152,submergedTime,day,165,http://vocab.nerc.ac.uk/collection/P01/current/AZDRZZ01/,https://vocab.nerc.ac.uk/collection/P06/current/UTAA/,
ARMS_TZS_Kummelkobben_20200608_20201120_MF100_ETOH_s1_r1:Otu152,preservativeUsed,,EtOH,http://vocab.nerc.ac.uk/collection/Q01/current/Q0100004/,,https://pubchem.ncbi.nlm.nih.gov/compound/702
ARMS_TZS_Kummelkobben_20200608_20201120_MF100_ETOH_s1_r1:Otu152,lowerLimitFilterSize,micrometer,100,http://vocab.nerc.ac.uk/collection/Q01/current/Q0100011/,https://vocab.nerc.ac.uk/collection/P06/current/UMIC/,
ARMS_TZS_Kummelkobben_20200608_20201120_MF100_ETOH_s1_r1:Otu152,fieldReplicateID,,no replicate,http://vocab.nerc.ac.uk/collection/P01/current/IDSPRE01,,
ARMS_TZS_Kummelkobben_20200608_20201120_MF100_ETOH_s1_r1:Otu153,submergedTime,day,165,http://vocab.nerc.ac.uk/collection/P01/current/AZDRZZ01/,https://vocab.nerc.ac.uk/collection/P06/current/UTAA/,
ARMS_TZS_Kummelkobben_20200608_20201120_MF100_ETOH_s1_r1:Otu153,preservativeUsed,,EtOH,http://vocab.nerc.ac.uk/collection/Q01/current/Q0100004/,,https://pubchem.ncbi.nlm.nih.gov/compound/702
ARMS_TZS_Kummelkobben_20200608_20201120_MF100_ETOH_s1_r1:Otu153,lowerLimitFilterSize,micrometer,100,http://vocab.nerc.ac.uk/collection/Q01/current/Q0100011/,https://vocab.nerc.ac.uk/collection/P06/current/UMIC/,
ARMS_TZS_Kummelkobben_20200608_20201120_MF100_ETOH_s1_r1:Otu153,fieldReplicateID,,no replicate,http://vocab.nerc.ac.uk/collection/P01/current/IDSPRE01,,
ARMS_TZS_Kummelkobben_20200608_20201120_MF100_ETOH_s1_r1:Otu156,submergedTime,day,165,http://vocab.nerc.ac.uk/collection/P01/current/AZDRZZ01/,https://vocab.nerc.ac.uk/collection/P06/current/UTAA/,
ARMS_TZS_Kummelkobben_20200608_20201120_MF100_ETOH_s1_r1:Otu156,preservativeUsed,,EtOH,http://vocab.nerc.ac.uk/collection/Q01/current/Q0100004/,,https://pubchem.ncbi.nlm.nih.gov/compound/702
ARMS_TZS_Kummelkobben_20200608_20201120_MF100_ETOH_s1_r1:Otu156,lowerLimitFilterSize,micrometer,100,http://vocab.nerc.ac.uk/collection/Q01/current/Q0100011/,https://vocab.nerc.ac.uk/collection/P06/current/UMIC/,
ARMS_TZS_Kummelkobben_20200608_20201120_MF100_ETOH_s1_r1:Otu156,fieldReplicateID,,no replicate,http://vocab.nerc.ac.uk/collection/P01/current/IDSPRE01,,
ARMS_TZS_Kummelkobben_20200608_20201120_MF100_ETOH_s1_r1:Otu157,submergedTime,day,165,http://vocab.nerc.ac.uk/collection/P01/current/AZDRZZ01/,https://vocab.nerc.ac.uk/collection/P06/current/UTAA/,
ARMS_TZS_Kummelkobben_20200608_20201120_MF100_ETOH_s1_r1:Otu157,preservativeUsed,,EtOH,http://vocab.nerc.ac.uk/collection/Q01/current/Q0100004/,,https://pubchem.ncbi.nlm.nih.gov/compound/702
ARMS_TZS_Kummelkobben_20200608_20201120_MF100_ETOH_s1_r1:Otu157,lowerLimitFilterSize,micrometer,100,http://vocab.nerc.ac.uk/collection/Q01/current/Q0100011/,https://vocab.nerc.ac.uk/collection/P06/current/UMIC/,
ARMS_TZS_Kummelkobben_20200608_20201120_MF100_ETOH_s1_r1:Otu157,fieldReplicateID,,no replicate,http://vocab.nerc.ac.uk/collection/P01/current/IDSPRE01,,
ARMS_TZS_Kummelkobben_20200608_20201120_MF100_ETOH_s1_r1:Otu154,submergedTime,day,165,http://vocab.nerc.ac.uk/collection/P01/current/AZDRZZ01/,https://vocab.nerc.ac.uk/collection/P06/current/UTAA/,
ARMS_TZS_Kummelkobben_20200608_20201120_MF100_ETOH_s1_r1:Otu154,preservativeUsed,,EtOH,http://vocab.nerc.ac.uk/collection/Q01/current/Q0100004/,,https://pubchem.ncbi.nlm.nih.gov/compound/702
ARMS_TZS_Kummelkobben_20200608_20201120_MF100_ETOH_s1_r1:Otu154,lowerLimitFilterSize,micrometer,100,http://vocab.nerc.ac.uk/collection/Q01/current/Q0100011/,https://vocab.nerc.ac.uk/collection/P06/current/UMIC/,
ARMS_TZS_Kummelkobben_20200608_20201120_MF100_ETOH_s1_r1:Otu154,fieldReplicateID,,no replicate,http://vocab.nerc.ac.uk/collection/P01/current/IDSPRE01,,
ARMS_TZS_Kummelkobben_20200608_20201120_MF100_ETOH_s1_r1:Otu155,submergedTime,day,165,http://vocab.nerc.ac.uk/collection/P01/current/AZDRZZ01/,https://vocab.nerc.ac.uk/collection/P06/current/UTAA/,
ARMS_TZS_Kummelkobben_20200608_20201120_MF100_ETOH_s1_r1:Otu155,preservativeUsed,,EtOH,http://vocab.nerc.ac.uk/collection/Q01/current/Q0100004/,,https://pubchem.ncbi.nlm.nih.gov/compound/702
ARMS_TZS_Kummelkobben_20200608_20201120_MF100_ETOH_s1_r1:Otu155,lowerLimitFilterSize,micrometer,100,http://vocab.nerc.ac.uk/collection/Q01/current/Q0100011/,https://vocab.nerc.ac.uk/collection/P06/current/UMIC/,
ARMS_TZS_Kummelkobben_20200608_20201120_MF100_ETOH_s1_r1:Otu155,fieldReplicateID,,no replicate,http://vocab.nerc.ac.uk/collection/P01/current/IDSPRE01,,
ARMS_TZS_Kummelkobben_20200608_20201120_MF100_ETOH_s1_r1:Otu70,submergedTime,day,165,http://vocab.nerc.ac.uk/collection/P01/current/AZDRZZ01/,https://vocab.nerc.ac.uk/collection/P06/current/UTAA/,
ARMS_TZS_Kummelkobben_20200608_20201120_MF100_ETOH_s1_r1:Otu70,preservativeUsed,,EtOH,http://vocab.nerc.ac.uk/collection/Q01/current/Q0100004/,,https://pubchem.ncbi.nlm.nih.gov/compound/702
ARMS_TZS_Kummelkobben_20200608_20201120_MF100_ETOH_s1_r1:Otu70,lowerLimitFilterSize,micrometer,100,http://vocab.nerc.ac.uk/collection/Q01/current/Q0100011/,https://vocab.nerc.ac.uk/collection/P06/current/UMIC/,
ARMS_TZS_Kummelkobben_20200608_20201120_MF100_ETOH_s1_r1:Otu70,fieldReplicateID,,no replicate,http://vocab.nerc.ac.uk/collection/P01/current/IDSPRE01,,
ARMS_TZS_Kummelkobben_20200608_20201120_MF100_ETOH_s1_r1:Otu77,submergedTime,day,165,http://vocab.nerc.ac.uk/collection/P01/current/AZDRZZ01/,https://vocab.nerc.ac.uk/collection/P06/current/UTAA/,
ARMS_TZS_Kummelkobben_20200608_20201120_MF100_ETOH_s1_r1:Otu77,preservativeUsed,,EtOH,http://vocab.nerc.ac.uk/collection/Q01/current/Q0100004/,,https://pubchem.ncbi.nlm.nih.gov/compound/702
ARMS_TZS_Kummelkobben_20200608_20201120_MF100_ETOH_s1_r1:Otu77,lowerLimitFilterSize,micrometer,100,http://vocab.nerc.ac.uk/collection/Q01/current/Q0100011/,https://vocab.nerc.ac.uk/collection/P06/current/UMIC/,
ARMS_TZS_Kummelkobben_20200608_20201120_MF100_ETOH_s1_r1:Otu77,fieldReplicateID,,no replicate,http://vocab.nerc.ac.uk/collection/P01/current/IDSPRE01,,
ARMS_TZS_Kummelkobben_20200608_20201120_MF100_ETOH_s1_r1:Otu79,submergedTime,day,165,http://vocab.nerc.ac.uk/collection/P01/current/AZDRZZ01/,https://vocab.nerc.ac.uk/collection/P06/current/UTAA/,
ARMS_TZS_Kummelkobben_20200608_20201120_MF100_ETOH_s1_r1:Otu79,preservativeUsed,,EtOH,http://vocab.nerc.ac.uk/collection/Q01/current/Q0100004/,,https://pubchem.ncbi.nlm.nih.gov/compound/702
ARMS_TZS_Kummelkobben_20200608_20201120_MF100_ETOH_s1_r1:Otu79,lowerLimitFilterSize,micrometer,100,http://vocab.nerc.ac.uk/collection/Q01/current/Q0100011/,https://vocab.nerc.ac.uk/collection/P06/current/UMIC/,
ARMS_TZS_Kummelkobben_20200608_20201120_MF100_ETOH_s1_r1:Otu79,fieldReplicateID,,no replicate,http://vocab.nerc.ac.uk/collection/P01/current/IDSPRE01,,
ARMS_TZS_Kummelkobben_20200608_20201120_MF100_ETOH_s1_r1:Otu9,submergedTime,day,165,http://vocab.nerc.ac.uk/collection/P01/current/AZDRZZ01/,https://vocab.nerc.ac.uk/collection/P06/current/UTAA/,
ARMS_TZS_Kummelkobben_20200608_20201120_MF100_ETOH_s1_r1:Otu9,preservativeUsed,,EtOH,http://vocab.nerc.ac.uk/collection/Q01/current/Q0100004/,,https://pubchem.ncbi.nlm.nih.gov/compound/702
ARMS_TZS_Kummelkobben_20200608_20201120_MF100_ETOH_s1_r1:Otu9,lowerLimitFilterSize,micrometer,100,http://vocab.nerc.ac.uk/collection/Q01/current/Q0100011/,https://vocab.nerc.ac.uk/collection/P06/current/UMIC/,
ARMS_TZS_Kummelkobben_20200608_20201120_MF100_ETOH_s1_r1:Otu9,fieldReplicateID,,no replicate,http://vocab.nerc.ac.uk/collection/P01/current/IDSPRE01,,
ARMS_TZS_Kummelkobben_20200608_20201120_MF100_ETOH_s1_r1:Otu7,submergedTime,day,165,http://vocab.nerc.ac.uk/collection/P01/current/AZDRZZ01/,https://vocab.nerc.ac.uk/collection/P06/current/UTAA/,
ARMS_TZS_Kummelkobben_20200608_20201120_MF100_ETOH_s1_r1:Otu7,preservativeUsed,,EtOH,http://vocab.nerc.ac.uk/collection/Q01/current/Q0100004/,,https://pubchem.ncbi.nlm.nih.gov/compound/702
ARMS_TZS_Kummelkobben_20200608_20201120_MF100_ETOH_s1_r1:Otu7,lowerLimitFilterSize,micrometer,100,http://vocab.nerc.ac.uk/collection/Q01/current/Q0100011/,https://vocab.nerc.ac.uk/collection/P06/current/UMIC/,
ARMS_TZS_Kummelkobben_20200608_20201120_MF100_ETOH_s1_r1:Otu7,fieldReplicateID,,no replicate,http://vocab.nerc.ac.uk/collection/P01/current/IDSPRE01,,
ARMS_TZS_Kummelkobben_20200608_20201120_MF100_ETOH_s1_r1:Otu5,submergedTime,day,165,http://vocab.nerc.ac.uk/collection/P01/current/AZDRZZ01/,https://vocab.nerc.ac.uk/collection/P06/current/UTAA/,
ARMS_TZS_Kummelkobben_20200608_20201120_MF100_ETOH_s1_r1:Otu5,preservativeUsed,,EtOH,http://vocab.nerc.ac.uk/collection/Q01/current/Q0100004/,,https://pubchem.ncbi.nlm.nih.gov/compound/702
ARMS_TZS_Kummelkobben_20200608_20201120_MF100_ETOH_s1_r1:Otu5,lowerLimitFilterSize,micrometer,100,http://vocab.nerc.ac.uk/collection/Q01/current/Q0100011/,https://vocab.nerc.ac.uk/collection/P06/current/UMIC/,
ARMS_TZS_Kummelkobben_20200608_20201120_MF100_ETOH_s1_r1:Otu5,fieldReplicateID,,no replicate,http://vocab.nerc.ac.uk/collection/P01/current/IDSPRE01,,
ARMS_TZS_Kummelkobben_20200608_20201120_MF100_ETOH_s1_r1:Otu2,submergedTime,day,165,http://vocab.nerc.ac.uk/collection/P01/current/AZDRZZ01/,https://vocab.nerc.ac.uk/collection/P06/current/UTAA/,
ARMS_TZS_Kummelkobben_20200608_20201120_MF100_ETOH_s1_r1:Otu2,preservativeUsed,,EtOH,http://vocab.nerc.ac.uk/collection/Q01/current/Q0100004/,,https://pubchem.ncbi.nlm.nih.gov/compound/702
ARMS_TZS_Kummelkobben_20200608_20201120_MF100_ETOH_s1_r1:Otu2,lowerLimitFilterSize,micrometer,100,http://vocab.nerc.ac.uk/collection/Q01/current/Q0100011/,https://vocab.nerc.ac.uk/collection/P06/current/UMIC/,
ARMS_TZS_Kummelkobben_20200608_20201120_MF100_ETOH_s1_r1:Otu2,fieldReplicateID,,no replicate,http://vocab.nerc.ac.uk/collection/P01/current/IDSPRE01,,
ARMS_TZS_Kummelkobben_20200608_20201120_MF100_ETOH_s1_r1:Otu1,submergedTime,day,165,http://vocab.nerc.ac.uk/collection/P01/current/AZDRZZ01/,https://vocab.nerc.ac.uk/collection/P06/current/UTAA/,
ARMS_TZS_Kummelkobben_20200608_20201120_MF100_ETOH_s1_r1:Otu1,preservativeUsed,,EtOH,http://vocab.nerc.ac.uk/collection/Q01/current/Q0100004/,,https://pubchem.ncbi.nlm.nih.gov/compound/702
ARMS_TZS_Kummelkobben_20200608_20201120_MF100_ETOH_s1_r1:Otu1,lowerLimitFilterSize,micrometer,100,http://vocab.nerc.ac.uk/collection/Q01/current/Q0100011/,https://vocab.nerc.ac.uk/collection/P06/current/UMIC/,
ARMS_TZS_Kummelkobben_20200608_20201120_MF100_ETOH_s1_r1:Otu1,fieldReplicateID,,no replicate,http://vocab.nerc.ac.uk/collection/P01/current/IDSPRE01,,
ARMS_TZS_Kummelkobben_20200608_20201120_MF100_ETOH_s1_r1:Otu50,submergedTime,day,165,http://vocab.nerc.ac.uk/collection/P01/current/AZDRZZ01/,https://vocab.nerc.ac.uk/collection/P06/current/UTAA/,
ARMS_TZS_Kummelkobben_20200608_20201120_MF100_ETOH_s1_r1:Otu50,preservativeUsed,,EtOH,http://vocab.nerc.ac.uk/collection/Q01/current/Q0100004/,,https://pubchem.ncbi.nlm.nih.gov/compound/702
ARMS_TZS_Kummelkobben_20200608_20201120_MF100_ETOH_s1_r1:Otu50,lowerLimitFilterSize,micrometer,100,http://vocab.nerc.ac.uk/collection/Q01/current/Q0100011/,https://vocab.nerc.ac.uk/collection/P06/current/UMIC/,
ARMS_TZS_Kummelkobben_20200608_20201120_MF100_ETOH_s1_r1:Otu50,fieldReplicateID,,no replicate,http://vocab.nerc.ac.uk/collection/P01/current/IDSPRE01,,
ARMS_TZS_Kummelkobben_20200608_20201120_MF100_ETOH_s1_r1:Otu57,submergedTime,day,165,http://vocab.nerc.ac.uk/collection/P01/current/AZDRZZ01/,https://vocab.nerc.ac.uk/collection/P06/current/UTAA/,
ARMS_TZS_Kummelkobben_20200608_20201120_MF100_ETOH_s1_r1:Otu57,preservativeUsed,,EtOH,http://vocab.nerc.ac.uk/collection/Q01/current/Q0100004/,,https://pubchem.ncbi.nlm.nih.gov/compound/702
ARMS_TZS_Kummelkobben_20200608_20201120_MF100_ETOH_s1_r1:Otu57,lowerLimitFilterSize,micrometer,100,http://vocab.nerc.ac.uk/collection/Q01/current/Q0100011/,https://vocab.nerc.ac.uk/collection/P06/current/UMIC/,
ARMS_TZS_Kummelkobben_20200608_20201120_MF100_ETOH_s1_r1:Otu57,fieldReplicateID,,no replicate,http://vocab.nerc.ac.uk/collection/P01/current/IDSPRE01,,
ARMS_TZS_Kummelkobben_20200608_20201120_MF100_ETOH_s1_r1:Otu204,submergedTime,day,165,http://vocab.nerc.ac.uk/collection/P01/current/AZDRZZ01/,https://vocab.nerc.ac.uk/collection/P06/current/UTAA/,
ARMS_TZS_Kummelkobben_20200608_20201120_MF100_ETOH_s1_r1:Otu204,preservativeUsed,,EtOH,http://vocab.nerc.ac.uk/collection/Q01/current/Q0100004/,,https://pubchem.ncbi.nlm.nih.gov/compound/702
ARMS_TZS_Kummelkobben_20200608_20201120_MF100_ETOH_s1_r1:Otu204,lowerLimitFilterSize,micrometer,100,http://vocab.nerc.ac.uk/collection/Q01/current/Q0100011/,https://vocab.nerc.ac.uk/collection/P06/current/UMIC/,
ARMS_TZS_Kummelkobben_20200608_20201120_MF100_ETOH_s1_r1:Otu204,fieldReplicateID,,no replicate,http://vocab.nerc.ac.uk/collection/P01/current/IDSPRE01,,
ARMS_TZS_Kummelkobben_20200608_20201120_MF100_ETOH_s1_r1:Otu203,submergedTime,day,165,http://vocab.nerc.ac.uk/collection/P01/current/AZDRZZ01/,https://vocab.nerc.ac.uk/collection/P06/current/UTAA/,
ARMS_TZS_Kummelkobben_20200608_20201120_MF100_ETOH_s1_r1:Otu203,preservativeUsed,,EtOH,http://vocab.nerc.ac.uk/collection/Q01/current/Q0100004/,,https://pubchem.ncbi.nlm.nih.gov/compound/702
ARMS_TZS_Kummelkobben_20200608_20201120_MF100_ETOH_s1_r1:Otu203,lowerLimitFilterSize,micrometer,100,http://vocab.nerc.ac.uk/collection/Q01/current/Q0100011/,https://vocab.nerc.ac.uk/collection/P06/current/UMIC/,
ARMS_TZS_Kummelkobben_20200608_20201120_MF100_ETOH_s1_r1:Otu203,fieldReplicateID,,no replicate,http://vocab.nerc.ac.uk/collection/P01/current/IDSPRE01,,
ARMS_TZS_Kummelkobben_20200608_20201120_MF100_ETOH_s1_r1:Otu373,submergedTime,day,165,http://vocab.nerc.ac.uk/collection/P01/current/AZDRZZ01/,https://vocab.nerc.ac.uk/collection/P06/current/UTAA/,
ARMS_TZS_Kummelkobben_20200608_20201120_MF100_ETOH_s1_r1:Otu373,preservativeUsed,,EtOH,http://vocab.nerc.ac.uk/collection/Q01/current/Q0100004/,,https://pubchem.ncbi.nlm.nih.gov/compound/702
ARMS_TZS_Kummelkobben_20200608_20201120_MF100_ETOH_s1_r1:Otu373,lowerLimitFilterSize,micrometer,100,http://vocab.nerc.ac.uk/collection/Q01/current/Q0100011/,https://vocab.nerc.ac.uk/collection/P06/current/UMIC/,
ARMS_TZS_Kummelkobben_20200608_20201120_MF100_ETOH_s1_r1:Otu373,fieldReplicateID,,no replicate,http://vocab.nerc.ac.uk/collection/P01/current/IDSPRE01,,
ARMS_TZS_Kummelkobben_20200608_20201120_MF100_ETOH_s1_r1:Otu371,submergedTime,day,165,http://vocab.nerc.ac.uk/collection/P01/current/AZDRZZ01/,https://vocab.nerc.ac.uk/collection/P06/current/UTAA/,
ARMS_TZS_Kummelkobben_20200608_20201120_MF100_ETOH_s1_r1:Otu371,preservativeUsed,,EtOH,http://vocab.nerc.ac.uk/collection/Q01/current/Q0100004/,,https://pubchem.ncbi.nlm.nih.gov/compound/702
ARMS_TZS_Kummelkobben_20200608_20201120_MF100_ETOH_s1_r1:Otu371,lowerLimitFilterSize,micrometer,100,http://vocab.nerc.ac.uk/collection/Q01/current/Q0100011/,https://vocab.nerc.ac.uk/collection/P06/current/UMIC/,
ARMS_TZS_Kummelkobben_20200608_20201120_MF100_ETOH_s1_r1:Otu371,fieldReplicateID,,no replicate,http://vocab.nerc.ac.uk/collection/P01/current/IDSPRE01,,
ARMS_TZS_Kummelkobben_20200608_20201120_MF100_ETOH_s1_r1:Otu376,submergedTime,day,165,http://vocab.nerc.ac.uk/collection/P01/current/AZDRZZ01/,https://vocab.nerc.ac.uk/collection/P06/current/UTAA/,
ARMS_TZS_Kummelkobben_20200608_20201120_MF100_ETOH_s1_r1:Otu376,preservativeUsed,,EtOH,http://vocab.nerc.ac.uk/collection/Q01/current/Q0100004/,,https://pubchem.ncbi.nlm.nih.gov/compound/702
ARMS_TZS_Kummelkobben_20200608_20201120_MF100_ETOH_s1_r1:Otu376,lowerLimitFilterSize,micrometer,100,http://vocab.nerc.ac.uk/collection/Q01/current/Q0100011/,https://vocab.nerc.ac.uk/collection/P06/current/UMIC/,
ARMS_TZS_Kummelkobben_20200608_20201120_MF100_ETOH_s1_r1:Otu376,fieldReplicateID,,no replicate,http://vocab.nerc.ac.uk/collection/P01/current/IDSPRE01,,
ARMS_TZS_Kummelkobben_20200608_20201120_MF100_ETOH_s1_r1:Otu377,submergedTime,day,165,http://vocab.nerc.ac.uk/collection/P01/current/AZDRZZ01/,https://vocab.nerc.ac.uk/collection/P06/current/UTAA/,
ARMS_TZS_Kummelkobben_20200608_20201120_MF100_ETOH_s1_r1:Otu377,preservativeUsed,,EtOH,http://vocab.nerc.ac.uk/collection/Q01/current/Q0100004/,,https://pubchem.ncbi.nlm.nih.gov/compound/702
ARMS_TZS_Kummelkobben_20200608_20201120_MF100_ETOH_s1_r1:Otu377,lowerLimitFilterSize,micrometer,100,http://vocab.nerc.ac.uk/collection/Q01/current/Q0100011/,https://vocab.nerc.ac.uk/collection/P06/current/UMIC/,
ARMS_TZS_Kummelkobben_20200608_20201120_MF100_ETOH_s1_r1:Otu377,fieldReplicateID,,no replicate,http://vocab.nerc.ac.uk/collection/P01/current/IDSPRE01,,
ARMS_TZS_Kummelkobben_20200608_20201120_MF100_ETOH_s1_r1:Otu374,submergedTime,day,165,http://vocab.nerc.ac.uk/collection/P01/current/AZDRZZ01/,https://vocab.nerc.ac.uk/collection/P06/current/UTAA/,
ARMS_TZS_Kummelkobben_20200608_20201120_MF100_ETOH_s1_r1:Otu374,preservativeUsed,,EtOH,http://vocab.nerc.ac.uk/collection/Q01/current/Q0100004/,,https://pubchem.ncbi.nlm.nih.gov/compound/702
ARMS_TZS_Kummelkobben_20200608_20201120_MF100_ETOH_s1_r1:Otu374,lowerLimitFilterSize,micrometer,100,http://vocab.nerc.ac.uk/collection/Q01/current/Q0100011/,https://vocab.nerc.ac.uk/collection/P06/current/UMIC/,
ARMS_TZS_Kummelkobben_20200608_20201120_MF100_ETOH_s1_r1:Otu374,fieldReplicateID,,no replicate,http://vocab.nerc.ac.uk/collection/P01/current/IDSPRE01,,
ARMS_TZS_Kummelkobben_20200608_20201120_MF100_ETOH_s1_r1:Otu375,submergedTime,day,165,http://vocab.nerc.ac.uk/collection/P01/current/AZDRZZ01/,https://vocab.nerc.ac.uk/collection/P06/current/UTAA/,
ARMS_TZS_Kummelkobben_20200608_20201120_MF100_ETOH_s1_r1:Otu375,preservativeUsed,,EtOH,http://vocab.nerc.ac.uk/collection/Q01/current/Q0100004/,,https://pubchem.ncbi.nlm.nih.gov/compound/702
ARMS_TZS_Kummelkobben_20200608_20201120_MF100_ETOH_s1_r1:Otu375,lowerLimitFilterSize,micrometer,100,http://vocab.nerc.ac.uk/collection/Q01/current/Q0100011/,https://vocab.nerc.ac.uk/collection/P06/current/UMIC/,
ARMS_TZS_Kummelkobben_20200608_20201120_MF100_ETOH_s1_r1:Otu375,fieldReplicateID,,no replicate,http://vocab.nerc.ac.uk/collection/P01/current/IDSPRE01,,
ARMS_TZS_Kummelkobben_20200608_20201120_MF100_ETOH_s1_r1:Otu276,submergedTime,day,165,http://vocab.nerc.ac.uk/collection/P01/current/AZDRZZ01/,https://vocab.nerc.ac.uk/collection/P06/current/UTAA/,
ARMS_TZS_Kummelkobben_20200608_20201120_MF100_ETOH_s1_r1:Otu276,preservativeUsed,,EtOH,http://vocab.nerc.ac.uk/collection/Q01/current/Q0100004/,,https://pubchem.ncbi.nlm.nih.gov/compound/702
ARMS_TZS_Kummelkobben_20200608_20201120_MF100_ETOH_s1_r1:Otu276,lowerLimitFilterSize,micrometer,100,http://vocab.nerc.ac.uk/collection/Q01/current/Q0100011/,https://vocab.nerc.ac.uk/collection/P06/current/UMIC/,
ARMS_TZS_Kummelkobben_20200608_20201120_MF100_ETOH_s1_r1:Otu276,fieldReplicateID,,no replicate,http://vocab.nerc.ac.uk/collection/P01/current/IDSPRE01,,
ARMS_TZS_Kummelkobben_20200608_20201120_MF100_ETOH_s1_r1:Otu104,submergedTime,day,165,http://vocab.nerc.ac.uk/collection/P01/current/AZDRZZ01/,https://vocab.nerc.ac.uk/collection/P06/current/UTAA/,
ARMS_TZS_Kummelkobben_20200608_20201120_MF100_ETOH_s1_r1:Otu104,preservativeUsed,,EtOH,http://vocab.nerc.ac.uk/collection/Q01/current/Q0100004/,,https://pubchem.ncbi.nlm.nih.gov/compound/702
ARMS_TZS_Kummelkobben_20200608_20201120_MF100_ETOH_s1_r1:Otu104,lowerLimitFilterSize,micrometer,100,http://vocab.nerc.ac.uk/collection/Q01/current/Q0100011/,https://vocab.nerc.ac.uk/collection/P06/current/UMIC/,
ARMS_TZS_Kummelkobben_20200608_20201120_MF100_ETOH_s1_r1:Otu104,fieldReplicateID,,no replicate,http://vocab.nerc.ac.uk/collection/P01/current/IDSPRE01,,
ARMS_TZS_Kummelkobben_20200608_20201120_MF100_ETOH_s1_r1:Otu107,submergedTime,day,165,http://vocab.nerc.ac.uk/collection/P01/current/AZDRZZ01/,https://vocab.nerc.ac.uk/collection/P06/current/UTAA/,
ARMS_TZS_Kummelkobben_20200608_20201120_MF100_ETOH_s1_r1:Otu107,preservativeUsed,,EtOH,http://vocab.nerc.ac.uk/collection/Q01/current/Q0100004/,,https://pubchem.ncbi.nlm.nih.gov/compound/702
ARMS_TZS_Kummelkobben_20200608_20201120_MF100_ETOH_s1_r1:Otu107,lowerLimitFilterSize,micrometer,100,http://vocab.nerc.ac.uk/collection/Q01/current/Q0100011/,https://vocab.nerc.ac.uk/collection/P06/current/UMIC/,
ARMS_TZS_Kummelkobben_20200608_20201120_MF100_ETOH_s1_r1:Otu107,fieldReplicateID,,no replicate,http://vocab.nerc.ac.uk/collection/P01/current/IDSPRE01,,
ARMS_TZS_Kummelkobben_20200608_20201120_MF100_ETOH_s1_r1:Otu101,submergedTime,day,165,http://vocab.nerc.ac.uk/collection/P01/current/AZDRZZ01/,https://vocab.nerc.ac.uk/collection/P06/current/UTAA/,
ARMS_TZS_Kummelkobben_20200608_20201120_MF100_ETOH_s1_r1:Otu101,preservativeUsed,,EtOH,http://vocab.nerc.ac.uk/collection/Q01/current/Q0100004/,,https://pubchem.ncbi.nlm.nih.gov/compound/702
ARMS_TZS_Kummelkobben_20200608_20201120_MF100_ETOH_s1_r1:Otu101,lowerLimitFilterSize,micrometer,100,http://vocab.nerc.ac.uk/collection/Q01/current/Q0100011/,https://vocab.nerc.ac.uk/collection/P06/current/UMIC/,
ARMS_TZS_Kummelkobben_20200608_20201120_MF100_ETOH_s1_r1:Otu101,fieldReplicateID,,no replicate,http://vocab.nerc.ac.uk/collection/P01/current/IDSPRE01,,
ARMS_TZS_Kummelkobben_20200608_20201120_MF100_ETOH_s1_r1:Otu109,submergedTime,day,165,http://vocab.nerc.ac.uk/collection/P01/current/AZDRZZ01/,https://vocab.nerc.ac.uk/collection/P06/current/UTAA/,
ARMS_TZS_Kummelkobben_20200608_20201120_MF100_ETOH_s1_r1:Otu109,preservativeUsed,,EtOH,http://vocab.nerc.ac.uk/collection/Q01/current/Q0100004/,,https://pubchem.ncbi.nlm.nih.gov/compound/702
ARMS_TZS_Kummelkobben_20200608_20201120_MF100_ETOH_s1_r1:Otu109,lowerLimitFilterSize,micrometer,100,http://vocab.nerc.ac.uk/collection/Q01/current/Q0100011/,https://vocab.nerc.ac.uk/collection/P06/current/UMIC/,
ARMS_TZS_Kummelkobben_20200608_20201120_MF100_ETOH_s1_r1:Otu109,fieldReplicateID,,no replicate,http://vocab.nerc.ac.uk/collection/P01/current/IDSPRE01,,
ARMS_TZS_Kummelkobben_20200608_20201120_MF100_ETOH_s1_r1:Otu98,submergedTime,day,165,http://vocab.nerc.ac.uk/collection/P01/current/AZDRZZ01/,https://vocab.nerc.ac.uk/collection/P06/current/UTAA/,
ARMS_TZS_Kummelkobben_20200608_20201120_MF100_ETOH_s1_r1:Otu98,preservativeUsed,,EtOH,http://vocab.nerc.ac.uk/collection/Q01/current/Q0100004/,,https://pubchem.ncbi.nlm.nih.gov/compound/702
ARMS_TZS_Kummelkobben_20200608_20201120_MF100_ETOH_s1_r1:Otu98,lowerLimitFilterSize,micrometer,100,http://vocab.nerc.ac.uk/collection/Q01/current/Q0100011/,https://vocab.nerc.ac.uk/collection/P06/current/UMIC/,
ARMS_TZS_Kummelkobben_20200608_20201120_MF100_ETOH_s1_r1:Otu98,fieldReplicateID,,no replicate,http://vocab.nerc.ac.uk/collection/P01/current/IDSPRE01,,
ARMS_TZS_Kummelkobben_20200608_20201120_MF100_ETOH_s1_r1:Otu91,submergedTime,day,165,http://vocab.nerc.ac.uk/collection/P01/current/AZDRZZ01/,https://vocab.nerc.ac.uk/collection/P06/current/UTAA/,
ARMS_TZS_Kummelkobben_20200608_20201120_MF100_ETOH_s1_r1:Otu91,preservativeUsed,,EtOH,http://vocab.nerc.ac.uk/collection/Q01/current/Q0100004/,,https://pubchem.ncbi.nlm.nih.gov/compound/702
ARMS_TZS_Kummelkobben_20200608_20201120_MF100_ETOH_s1_r1:Otu91,lowerLimitFilterSize,micrometer,100,http://vocab.nerc.ac.uk/collection/Q01/current/Q0100011/,https://vocab.nerc.ac.uk/collection/P06/current/UMIC/,
ARMS_TZS_Kummelkobben_20200608_20201120_MF100_ETOH_s1_r1:Otu91,fieldReplicateID,,no replicate,http://vocab.nerc.ac.uk/collection/P01/current/IDSPRE01,,
ARMS_TZS_Kummelkobben_20200608_20201120_MF100_ETOH_s1_r1:Otu92,submergedTime,day,165,http://vocab.nerc.ac.uk/collection/P01/current/AZDRZZ01/,https://vocab.nerc.ac.uk/collection/P06/current/UTAA/,
ARMS_TZS_Kummelkobben_20200608_20201120_MF100_ETOH_s1_r1:Otu92,preservativeUsed,,EtOH,http://vocab.nerc.ac.uk/collection/Q01/current/Q0100004/,,https://pubchem.ncbi.nlm.nih.gov/compound/702
ARMS_TZS_Kummelkobben_20200608_20201120_MF100_ETOH_s1_r1:Otu92,lowerLimitFilterSize,micrometer,100,http://vocab.nerc.ac.uk/collection/Q01/current/Q0100011/,https://vocab.nerc.ac.uk/collection/P06/current/UMIC/,
ARMS_TZS_Kummelkobben_20200608_20201120_MF100_ETOH_s1_r1:Otu92,fieldReplicateID,,no replicate,http://vocab.nerc.ac.uk/collection/P01/current/IDSPRE01,,
ARMS_TZS_Kummelkobben_20200608_20201120_MF100_ETOH_s1_r1:Otu325,submergedTime,day,165,http://vocab.nerc.ac.uk/collection/P01/current/AZDRZZ01/,https://vocab.nerc.ac.uk/collection/P06/current/UTAA/,
ARMS_TZS_Kummelkobben_20200608_20201120_MF100_ETOH_s1_r1:Otu325,preservativeUsed,,EtOH,http://vocab.nerc.ac.uk/collection/Q01/current/Q0100004/,,https://pubchem.ncbi.nlm.nih.gov/compound/702
ARMS_TZS_Kummelkobben_20200608_20201120_MF100_ETOH_s1_r1:Otu325,lowerLimitFilterSize,micrometer,100,http://vocab.nerc.ac.uk/collection/Q01/current/Q0100011/,https://vocab.nerc.ac.uk/collection/P06/current/UMIC/,
ARMS_TZS_Kummelkobben_20200608_20201120_MF100_ETOH_s1_r1:Otu325,fieldReplicateID,,no replicate,http://vocab.nerc.ac.uk/collection/P01/current/IDSPRE01,,
ARMS_TZS_Kummelkobben_20200608_20201120_MF100_ETOH_s1_r1:Otu324,submergedTime,day,165,http://vocab.nerc.ac.uk/collection/P01/current/AZDRZZ01/,https://vocab.nerc.ac.uk/collection/P06/current/UTAA/,
ARMS_TZS_Kummelkobben_20200608_20201120_MF100_ETOH_s1_r1:Otu324,preservativeUsed,,EtOH,http://vocab.nerc.ac.uk/collection/Q01/current/Q0100004/,,https://pubchem.ncbi.nlm.nih.gov/compound/702
ARMS_TZS_Kummelkobben_20200608_20201120_MF100_ETOH_s1_r1:Otu324,lowerLimitFilterSize,micrometer,100,http://vocab.nerc.ac.uk/collection/Q01/current/Q0100011/,https://vocab.nerc.ac.uk/collection/P06/current/UMIC/,
ARMS_TZS_Kummelkobben_20200608_20201120_MF100_ETOH_s1_r1:Otu324,fieldReplicateID,,no replicate,http://vocab.nerc.ac.uk/collection/P01/current/IDSPRE01,,
ARMS_TZS_Kummelkobben_20200608_20201120_MF100_ETOH_s1_r1:Otu326,submergedTime,day,165,http://vocab.nerc.ac.uk/collection/P01/current/AZDRZZ01/,https://vocab.nerc.ac.uk/collection/P06/current/UTAA/,
ARMS_TZS_Kummelkobben_20200608_20201120_MF100_ETOH_s1_r1:Otu326,preservativeUsed,,EtOH,http://vocab.nerc.ac.uk/collection/Q01/current/Q0100004/,,https://pubchem.ncbi.nlm.nih.gov/compound/702
ARMS_TZS_Kummelkobben_20200608_20201120_MF100_ETOH_s1_r1:Otu326,lowerLimitFilterSize,micrometer,100,http://vocab.nerc.ac.uk/collection/Q01/current/Q0100011/,https://vocab.nerc.ac.uk/collection/P06/current/UMIC/,
ARMS_TZS_Kummelkobben_20200608_20201120_MF100_ETOH_s1_r1:Otu326,fieldReplicateID,,no replicate,http://vocab.nerc.ac.uk/collection/P01/current/IDSPRE01,,
ARMS_TZS_Kummelkobben_20200608_20201120_MF100_ETOH_s1_r1:Otu321,submergedTime,day,165,http://vocab.nerc.ac.uk/collection/P01/current/AZDRZZ01/,https://vocab.nerc.ac.uk/collection/P06/current/UTAA/,
ARMS_TZS_Kummelkobben_20200608_20201120_MF100_ETOH_s1_r1:Otu321,preservativeUsed,,EtOH,http://vocab.nerc.ac.uk/collection/Q01/current/Q0100004/,,https://pubchem.ncbi.nlm.nih.gov/compound/702
ARMS_TZS_Kummelkobben_20200608_20201120_MF100_ETOH_s1_r1:Otu321,lowerLimitFilterSize,micrometer,100,http://vocab.nerc.ac.uk/collection/Q01/current/Q0100011/,https://vocab.nerc.ac.uk/collection/P06/current/UMIC/,
ARMS_TZS_Kummelkobben_20200608_20201120_MF100_ETOH_s1_r1:Otu321,fieldReplicateID,,no replicate,http://vocab.nerc.ac.uk/collection/P01/current/IDSPRE01,,
ARMS_TZS_Kummelkobben_20200608_20201120_MF100_ETOH_s1_r1:Otu320,submergedTime,day,165,http://vocab.nerc.ac.uk/collection/P01/current/AZDRZZ01/,https://vocab.nerc.ac.uk/collection/P06/current/UTAA/,
ARMS_TZS_Kummelkobben_20200608_20201120_MF100_ETOH_s1_r1:Otu320,preservativeUsed,,EtOH,http://vocab.nerc.ac.uk/collection/Q01/current/Q0100004/,,https://pubchem.ncbi.nlm.nih.gov/compound/702
ARMS_TZS_Kummelkobben_20200608_20201120_MF100_ETOH_s1_r1:Otu320,lowerLimitFilterSize,micrometer,100,http://vocab.nerc.ac.uk/collection/Q01/current/Q0100011/,https://vocab.nerc.ac.uk/collection/P06/current/UMIC/,
ARMS_TZS_Kummelkobben_20200608_20201120_MF100_ETOH_s1_r1:Otu320,fieldReplicateID,,no replicate,http://vocab.nerc.ac.uk/collection/P01/current/IDSPRE01,,
ARMS_TZS_Kummelkobben_20200608_20201120_MF100_ETOH_s1_r1:Otu323,submergedTime,day,165,http://vocab.nerc.ac.uk/collection/P01/current/AZDRZZ01/,https://vocab.nerc.ac.uk/collection/P06/current/UTAA/,
ARMS_TZS_Kummelkobben_20200608_20201120_MF100_ETOH_s1_r1:Otu323,preservativeUsed,,EtOH,http://vocab.nerc.ac.uk/collection/Q01/current/Q0100004/,,https://pubchem.ncbi.nlm.nih.gov/compound/702
ARMS_TZS_Kummelkobben_20200608_20201120_MF100_ETOH_s1_r1:Otu323,lowerLimitFilterSize,micrometer,100,http://vocab.nerc.ac.uk/collection/Q01/current/Q0100011/,https://vocab.nerc.ac.uk/collection/P06/current/UMIC/,
ARMS_TZS_Kummelkobben_20200608_20201120_MF100_ETOH_s1_r1:Otu323,fieldReplicateID,,no replicate,http://vocab.nerc.ac.uk/collection/P01/current/IDSPRE01,,
ARMS_TZS_Kummelkobben_20200608_20201120_MF100_ETOH_s1_r1:Otu322,submergedTime,day,165,http://vocab.nerc.ac.uk/collection/P01/current/AZDRZZ01/,https://vocab.nerc.ac.uk/collection/P06/current/UTAA/,
ARMS_TZS_Kummelkobben_20200608_20201120_MF100_ETOH_s1_r1:Otu322,preservativeUsed,,EtOH,http://vocab.nerc.ac.uk/collection/Q01/current/Q0100004/,,https://pubchem.ncbi.nlm.nih.gov/compound/702
ARMS_TZS_Kummelkobben_20200608_20201120_MF100_ETOH_s1_r1:Otu322,lowerLimitFilterSize,micrometer,100,http://vocab.nerc.ac.uk/collection/Q01/current/Q0100011/,https://vocab.nerc.ac.uk/collection/P06/current/UMIC/,
ARMS_TZS_Kummelkobben_20200608_20201120_MF100_ETOH_s1_r1:Otu322,fieldReplicateID,,no replicate,http://vocab.nerc.ac.uk/collection/P01/current/IDSPRE01,,
ARMS_TZS_Kummelkobben_20200608_20201120_MF100_ETOH_s1_r1:Otu148,submergedTime,day,165,http://vocab.nerc.ac.uk/collection/P01/current/AZDRZZ01/,https://vocab.nerc.ac.uk/collection/P06/current/UTAA/,
ARMS_TZS_Kummelkobben_20200608_20201120_MF100_ETOH_s1_r1:Otu148,preservativeUsed,,EtOH,http://vocab.nerc.ac.uk/collection/Q01/current/Q0100004/,,https://pubchem.ncbi.nlm.nih.gov/compound/702
ARMS_TZS_Kummelkobben_20200608_20201120_MF100_ETOH_s1_r1:Otu148,lowerLimitFilterSize,micrometer,100,http://vocab.nerc.ac.uk/collection/Q01/current/Q0100011/,https://vocab.nerc.ac.uk/collection/P06/current/UMIC/,
ARMS_TZS_Kummelkobben_20200608_20201120_MF100_ETOH_s1_r1:Otu148,fieldReplicateID,,no replicate,http://vocab.nerc.ac.uk/collection/P01/current/IDSPRE01,,
ARMS_TZS_Kummelkobben_20200608_20201120_MF100_ETOH_s1_r1:Otu141,submergedTime,day,165,http://vocab.nerc.ac.uk/collection/P01/current/AZDRZZ01/,https://vocab.nerc.ac.uk/collection/P06/current/UTAA/,
ARMS_TZS_Kummelkobben_20200608_20201120_MF100_ETOH_s1_r1:Otu141,preservativeUsed,,EtOH,http://vocab.nerc.ac.uk/collection/Q01/current/Q0100004/,,https://pubchem.ncbi.nlm.nih.gov/compound/702
ARMS_TZS_Kummelkobben_20200608_20201120_MF100_ETOH_s1_r1:Otu141,lowerLimitFilterSize,micrometer,100,http://vocab.nerc.ac.uk/collection/Q01/current/Q0100011/,https://vocab.nerc.ac.uk/collection/P06/current/UMIC/,
ARMS_TZS_Kummelkobben_20200608_20201120_MF100_ETOH_s1_r1:Otu141,fieldReplicateID,,no replicate,http://vocab.nerc.ac.uk/collection/P01/current/IDSPRE01,,
ARMS_TZS_Kummelkobben_20200608_20201120_MF100_ETOH_s1_r1:Otu143,submergedTime,day,165,http://vocab.nerc.ac.uk/collection/P01/current/AZDRZZ01/,https://vocab.nerc.ac.uk/collection/P06/current/UTAA/,
ARMS_TZS_Kummelkobben_20200608_20201120_MF100_ETOH_s1_r1:Otu143,preservativeUsed,,EtOH,http://vocab.nerc.ac.uk/collection/Q01/current/Q0100004/,,https://pubchem.ncbi.nlm.nih.gov/compound/702
ARMS_TZS_Kummelkobben_20200608_20201120_MF100_ETOH_s1_r1:Otu143,lowerLimitFilterSize,micrometer,100,http://vocab.nerc.ac.uk/collection/Q01/current/Q0100011/,https://vocab.nerc.ac.uk/collection/P06/current/UMIC/,
ARMS_TZS_Kummelkobben_20200608_20201120_MF100_ETOH_s1_r1:Otu143,fieldReplicateID,,no replicate,http://vocab.nerc.ac.uk/collection/P01/current/IDSPRE01,,
ARMS_TZS_Kummelkobben_20200608_20201120_MF100_ETOH_s1_r1:Otu142,submergedTime,day,165,http://vocab.nerc.ac.uk/collection/P01/current/AZDRZZ01/,https://vocab.nerc.ac.uk/collection/P06/current/UTAA/,
ARMS_TZS_Kummelkobben_20200608_20201120_MF100_ETOH_s1_r1:Otu142,preservativeUsed,,EtOH,http://vocab.nerc.ac.uk/collection/Q01/current/Q0100004/,,https://pubchem.ncbi.nlm.nih.gov/compound/702
ARMS_TZS_Kummelkobben_20200608_20201120_MF100_ETOH_s1_r1:Otu142,lowerLimitFilterSize,micrometer,100,http://vocab.nerc.ac.uk/collection/Q01/current/Q0100011/,https://vocab.nerc.ac.uk/collection/P06/current/UMIC/,
ARMS_TZS_Kummelkobben_20200608_20201120_MF100_ETOH_s1_r1:Otu142,fieldReplicateID,,no replicate,http://vocab.nerc.ac.uk/collection/P01/current/IDSPRE01,,
ARMS_TZS_Kummelkobben_20200608_20201120_MF100_ETOH_s1_r1:Otu145,submergedTime,day,165,http://vocab.nerc.ac.uk/collection/P01/current/AZDRZZ01/,https://vocab.nerc.ac.uk/collection/P06/current/UTAA/,
ARMS_TZS_Kummelkobben_20200608_20201120_MF100_ETOH_s1_r1:Otu145,preservativeUsed,,EtOH,http://vocab.nerc.ac.uk/collection/Q01/current/Q0100004/,,https://pubchem.ncbi.nlm.nih.gov/compound/702
ARMS_TZS_Kummelkobben_20200608_20201120_MF100_ETOH_s1_r1:Otu145,lowerLimitFilterSize,micrometer,100,http://vocab.nerc.ac.uk/collection/Q01/current/Q0100011/,https://vocab.nerc.ac.uk/collection/P06/current/UMIC/,
ARMS_TZS_Kummelkobben_20200608_20201120_MF100_ETOH_s1_r1:Otu145,fieldReplicateID,,no replicate,http://vocab.nerc.ac.uk/collection/P01/current/IDSPRE01,,
ARMS_TZS_Kummelkobben_20200608_20201120_MF100_ETOH_s1_r1:Otu45,submergedTime,day,165,http://vocab.nerc.ac.uk/collection/P01/current/AZDRZZ01/,https://vocab.nerc.ac.uk/collection/P06/current/UTAA/,
ARMS_TZS_Kummelkobben_20200608_20201120_MF100_ETOH_s1_r1:Otu45,preservativeUsed,,EtOH,http://vocab.nerc.ac.uk/collection/Q01/current/Q0100004/,,https://pubchem.ncbi.nlm.nih.gov/compound/702
ARMS_TZS_Kummelkobben_20200608_20201120_MF100_ETOH_s1_r1:Otu45,lowerLimitFilterSize,micrometer,100,http://vocab.nerc.ac.uk/collection/Q01/current/Q0100011/,https://vocab.nerc.ac.uk/collection/P06/current/UMIC/,
ARMS_TZS_Kummelkobben_20200608_20201120_MF100_ETOH_s1_r1:Otu45,fieldReplicateID,,no replicate,http://vocab.nerc.ac.uk/collection/P01/current/IDSPRE01,,
ARMS_TZS_Kummelkobben_20200608_20201120_MF100_ETOH_s1_r1:Otu44,submergedTime,day,165,http://vocab.nerc.ac.uk/collection/P01/current/AZDRZZ01/,https://vocab.nerc.ac.uk/collection/P06/current/UTAA/,
ARMS_TZS_Kummelkobben_20200608_20201120_MF100_ETOH_s1_r1:Otu44,preservativeUsed,,EtOH,http://vocab.nerc.ac.uk/collection/Q01/current/Q0100004/,,https://pubchem.ncbi.nlm.nih.gov/compound/702
ARMS_TZS_Kummelkobben_20200608_20201120_MF100_ETOH_s1_r1:Otu44,lowerLimitFilterSize,micrometer,100,http://vocab.nerc.ac.uk/collection/Q01/current/Q0100011/,https://vocab.nerc.ac.uk/collection/P06/current/UMIC/,
ARMS_TZS_Kummelkobben_20200608_20201120_MF100_ETOH_s1_r1:Otu44,fieldReplicateID,,no replicate,http://vocab.nerc.ac.uk/collection/P01/current/IDSPRE01,,
ARMS_TZS_Kummelkobben_20200608_20201120_MF100_ETOH_s1_r1:Otu43,submergedTime,day,165,http://vocab.nerc.ac.uk/collection/P01/current/AZDRZZ01/,https://vocab.nerc.ac.uk/collection/P06/current/UTAA/,
ARMS_TZS_Kummelkobben_20200608_20201120_MF100_ETOH_s1_r1:Otu43,preservativeUsed,,EtOH,http://vocab.nerc.ac.uk/collection/Q01/current/Q0100004/,,https://pubchem.ncbi.nlm.nih.gov/compound/702
ARMS_TZS_Kummelkobben_20200608_20201120_MF100_ETOH_s1_r1:Otu43,lowerLimitFilterSize,micrometer,100,http://vocab.nerc.ac.uk/collection/Q01/current/Q0100011/,https://vocab.nerc.ac.uk/collection/P06/current/UMIC/,
ARMS_TZS_Kummelkobben_20200608_20201120_MF100_ETOH_s1_r1:Otu43,fieldReplicateID,,no replicate,http://vocab.nerc.ac.uk/collection/P01/current/IDSPRE01,,
ARMS_TZS_Kummelkobben_20200608_20201120_MF100_ETOH_s1_r1:Otu42,submergedTime,day,165,http://vocab.nerc.ac.uk/collection/P01/current/AZDRZZ01/,https://vocab.nerc.ac.uk/collection/P06/current/UTAA/,
ARMS_TZS_Kummelkobben_20200608_20201120_MF100_ETOH_s1_r1:Otu42,preservativeUsed,,EtOH,http://vocab.nerc.ac.uk/collection/Q01/current/Q0100004/,,https://pubchem.ncbi.nlm.nih.gov/compound/702
ARMS_TZS_Kummelkobben_20200608_20201120_MF100_ETOH_s1_r1:Otu42,lowerLimitFilterSize,micrometer,100,http://vocab.nerc.ac.uk/collection/Q01/current/Q0100011/,https://vocab.nerc.ac.uk/collection/P06/current/UMIC/,
ARMS_TZS_Kummelkobben_20200608_20201120_MF100_ETOH_s1_r1:Otu42,fieldReplicateID,,no replicate,http://vocab.nerc.ac.uk/collection/P01/current/IDSPRE01,,
ARMS_TZS_Kummelkobben_20200608_20201120_MF100_ETOH_s1_r1:Otu41,submergedTime,day,165,http://vocab.nerc.ac.uk/collection/P01/current/AZDRZZ01/,https://vocab.nerc.ac.uk/collection/P06/current/UTAA/,
ARMS_TZS_Kummelkobben_20200608_20201120_MF100_ETOH_s1_r1:Otu41,preservativeUsed,,EtOH,http://vocab.nerc.ac.uk/collection/Q01/current/Q0100004/,,https://pubchem.ncbi.nlm.nih.gov/compound/702
ARMS_TZS_Kummelkobben_20200608_20201120_MF100_ETOH_s1_r1:Otu41,lowerLimitFilterSize,micrometer,100,http://vocab.nerc.ac.uk/collection/Q01/current/Q0100011/,https://vocab.nerc.ac.uk/collection/P06/current/UMIC/,
ARMS_TZS_Kummelkobben_20200608_20201120_MF100_ETOH_s1_r1:Otu41,fieldReplicateID,,no replicate,http://vocab.nerc.ac.uk/collection/P01/current/IDSPRE01,,
ARMS_TZS_Kummelkobben_20200608_20201120_MF100_ETOH_s1_r1:Otu242,submergedTime,day,165,http://vocab.nerc.ac.uk/collection/P01/current/AZDRZZ01/,https://vocab.nerc.ac.uk/collection/P06/current/UTAA/,
ARMS_TZS_Kummelkobben_20200608_20201120_MF100_ETOH_s1_r1:Otu242,preservativeUsed,,EtOH,http://vocab.nerc.ac.uk/collection/Q01/current/Q0100004/,,https://pubchem.ncbi.nlm.nih.gov/compound/702
ARMS_TZS_Kummelkobben_20200608_20201120_MF100_ETOH_s1_r1:Otu242,lowerLimitFilterSize,micrometer,100,http://vocab.nerc.ac.uk/collection/Q01/current/Q0100011/,https://vocab.nerc.ac.uk/collection/P06/current/UMIC/,
ARMS_TZS_Kummelkobben_20200608_20201120_MF100_ETOH_s1_r1:Otu242,fieldReplicateID,,no replicate,http://vocab.nerc.ac.uk/collection/P01/current/IDSPRE01,,
ARMS_TZS_Kummelkobben_20200608_20201120_MF100_ETOH_s1_r1:Otu241,submergedTime,day,165,http://vocab.nerc.ac.uk/collection/P01/current/AZDRZZ01/,https://vocab.nerc.ac.uk/collection/P06/current/UTAA/,
ARMS_TZS_Kummelkobben_20200608_20201120_MF100_ETOH_s1_r1:Otu241,preservativeUsed,,EtOH,http://vocab.nerc.ac.uk/collection/Q01/current/Q0100004/,,https://pubchem.ncbi.nlm.nih.gov/compound/702
ARMS_TZS_Kummelkobben_20200608_20201120_MF100_ETOH_s1_r1:Otu241,lowerLimitFilterSize,micrometer,100,http://vocab.nerc.ac.uk/collection/Q01/current/Q0100011/,https://vocab.nerc.ac.uk/collection/P06/current/UMIC/,
ARMS_TZS_Kummelkobben_20200608_20201120_MF100_ETOH_s1_r1:Otu241,fieldReplicateID,,no replicate,http://vocab.nerc.ac.uk/collection/P01/current/IDSPRE01,,
ARMS_TZS_Kummelkobben_20200608_20201120_MF100_ETOH_s1_r1:Otu247,submergedTime,day,165,http://vocab.nerc.ac.uk/collection/P01/current/AZDRZZ01/,https://vocab.nerc.ac.uk/collection/P06/current/UTAA/,
ARMS_TZS_Kummelkobben_20200608_20201120_MF100_ETOH_s1_r1:Otu247,preservativeUsed,,EtOH,http://vocab.nerc.ac.uk/collection/Q01/current/Q0100004/,,https://pubchem.ncbi.nlm.nih.gov/compound/702
ARMS_TZS_Kummelkobben_20200608_20201120_MF100_ETOH_s1_r1:Otu247,lowerLimitFilterSize,micrometer,100,http://vocab.nerc.ac.uk/collection/Q01/current/Q0100011/,https://vocab.nerc.ac.uk/collection/P06/current/UMIC/,
ARMS_TZS_Kummelkobben_20200608_20201120_MF100_ETOH_s1_r1:Otu247,fieldReplicateID,,no replicate,http://vocab.nerc.ac.uk/collection/P01/current/IDSPRE01,,
ARMS_TZS_Kummelkobben_20200608_20201120_MF100_ETOH_s1_r1:Otu244,submergedTime,day,165,http://vocab.nerc.ac.uk/collection/P01/current/AZDRZZ01/,https://vocab.nerc.ac.uk/collection/P06/current/UTAA/,
ARMS_TZS_Kummelkobben_20200608_20201120_MF100_ETOH_s1_r1:Otu244,preservativeUsed,,EtOH,http://vocab.nerc.ac.uk/collection/Q01/current/Q0100004/,,https://pubchem.ncbi.nlm.nih.gov/compound/702
ARMS_TZS_Kummelkobben_20200608_20201120_MF100_ETOH_s1_r1:Otu244,lowerLimitFilterSize,micrometer,100,http://vocab.nerc.ac.uk/collection/Q01/current/Q0100011/,https://vocab.nerc.ac.uk/collection/P06/current/UMIC/,
ARMS_TZS_Kummelkobben_20200608_20201120_MF100_ETOH_s1_r1:Otu244,fieldReplicateID,,no replicate,http://vocab.nerc.ac.uk/collection/P01/current/IDSPRE01,,
ARMS_TZS_Kummelkobben_20200608_20201120_MF100_ETOH_s1_r1:Otu245,submergedTime,day,165,http://vocab.nerc.ac.uk/collection/P01/current/AZDRZZ01/,https://vocab.nerc.ac.uk/collection/P06/current/UTAA/,
ARMS_TZS_Kummelkobben_20200608_20201120_MF100_ETOH_s1_r1:Otu245,preservativeUsed,,EtOH,http://vocab.nerc.ac.uk/collection/Q01/current/Q0100004/,,https://pubchem.ncbi.nlm.nih.gov/compound/702
ARMS_TZS_Kummelkobben_20200608_20201120_MF100_ETOH_s1_r1:Otu245,lowerLimitFilterSize,micrometer,100,http://vocab.nerc.ac.uk/collection/Q01/current/Q0100011/,https://vocab.nerc.ac.uk/collection/P06/current/UMIC/,
ARMS_TZS_Kummelkobben_20200608_20201120_MF100_ETOH_s1_r1:Otu245,fieldReplicateID,,no replicate,http://vocab.nerc.ac.uk/collection/P01/current/IDSPRE01,,
ARMS_TZS_Kummelkobben_20200608_20201120_MF100_ETOH_s1_r1:Otu55,submergedTime,day,165,http://vocab.nerc.ac.uk/collection/P01/current/AZDRZZ01/,https://vocab.nerc.ac.uk/collection/P06/current/UTAA/,
ARMS_TZS_Kummelkobben_20200608_20201120_MF100_ETOH_s1_r1:Otu55,preservativeUsed,,EtOH,http://vocab.nerc.ac.uk/collection/Q01/current/Q0100004/,,https://pubchem.ncbi.nlm.nih.gov/compound/702
ARMS_TZS_Kummelkobben_20200608_20201120_MF100_ETOH_s1_r1:Otu55,lowerLimitFilterSize,micrometer,100,http://vocab.nerc.ac.uk/collection/Q01/current/Q0100011/,https://vocab.nerc.ac.uk/collection/P06/current/UMIC/,
ARMS_TZS_Kummelkobben_20200608_20201120_MF100_ETOH_s1_r1:Otu55,fieldReplicateID,,no replicate,http://vocab.nerc.ac.uk/collection/P01/current/IDSPRE01,,
ARMS_TZS_Kummelkobben_20200608_20201120_MF100_ETOH_s1_r1:Otu448,submergedTime,day,165,http://vocab.nerc.ac.uk/collection/P01/current/AZDRZZ01/,https://vocab.nerc.ac.uk/collection/P06/current/UTAA/,
ARMS_TZS_Kummelkobben_20200608_20201120_MF100_ETOH_s1_r1:Otu448,preservativeUsed,,EtOH,http://vocab.nerc.ac.uk/collection/Q01/current/Q0100004/,,https://pubchem.ncbi.nlm.nih.gov/compound/702
ARMS_TZS_Kummelkobben_20200608_20201120_MF100_ETOH_s1_r1:Otu448,lowerLimitFilterSize,micrometer,100,http://vocab.nerc.ac.uk/collection/Q01/current/Q0100011/,https://vocab.nerc.ac.uk/collection/P06/current/UMIC/,
ARMS_TZS_Kummelkobben_20200608_20201120_MF100_ETOH_s1_r1:Otu448,fieldReplicateID,,no replicate,http://vocab.nerc.ac.uk/collection/P01/current/IDSPRE01,,
ARMS_TZS_Kummelkobben_20200608_20201120_MF100_ETOH_s1_r1:Otu449,submergedTime,day,165,http://vocab.nerc.ac.uk/collection/P01/current/AZDRZZ01/,https://vocab.nerc.ac.uk/collection/P06/current/UTAA/,
ARMS_TZS_Kummelkobben_20200608_20201120_MF100_ETOH_s1_r1:Otu449,preservativeUsed,,EtOH,http://vocab.nerc.ac.uk/collection/Q01/current/Q0100004/,,https://pubchem.ncbi.nlm.nih.gov/compound/702
ARMS_TZS_Kummelkobben_20200608_20201120_MF100_ETOH_s1_r1:Otu449,lowerLimitFilterSize,micrometer,100,http://vocab.nerc.ac.uk/collection/Q01/current/Q0100011/,https://vocab.nerc.ac.uk/collection/P06/current/UMIC/,
ARMS_TZS_Kummelkobben_20200608_20201120_MF100_ETOH_s1_r1:Otu449,fieldReplicateID,,no replicate,http://vocab.nerc.ac.uk/collection/P01/current/IDSPRE01,,
ARMS_TZS_Kummelkobben_20200608_20201120_MF100_ETOH_s1_r1:Otu445,submergedTime,day,165,http://vocab.nerc.ac.uk/collection/P01/current/AZDRZZ01/,https://vocab.nerc.ac.uk/collection/P06/current/UTAA/,
ARMS_TZS_Kummelkobben_20200608_20201120_MF100_ETOH_s1_r1:Otu445,preservativeUsed,,EtOH,http://vocab.nerc.ac.uk/collection/Q01/current/Q0100004/,,https://pubchem.ncbi.nlm.nih.gov/compound/702
ARMS_TZS_Kummelkobben_20200608_20201120_MF100_ETOH_s1_r1:Otu445,lowerLimitFilterSize,micrometer,100,http://vocab.nerc.ac.uk/collection/Q01/current/Q0100011/,https://vocab.nerc.ac.uk/collection/P06/current/UMIC/,
ARMS_TZS_Kummelkobben_20200608_20201120_MF100_ETOH_s1_r1:Otu445,fieldReplicateID,,no replicate,http://vocab.nerc.ac.uk/collection/P01/current/IDSPRE01,,
ARMS_TZS_Kummelkobben_20200608_20201120_MF100_ETOH_s1_r1:Otu446,submergedTime,day,165,http://vocab.nerc.ac.uk/collection/P01/current/AZDRZZ01/,https://vocab.nerc.ac.uk/collection/P06/current/UTAA/,
ARMS_TZS_Kummelkobben_20200608_20201120_MF100_ETOH_s1_r1:Otu446,preservativeUsed,,EtOH,http://vocab.nerc.ac.uk/collection/Q01/current/Q0100004/,,https://pubchem.ncbi.nlm.nih.gov/compound/702
ARMS_TZS_Kummelkobben_20200608_20201120_MF100_ETOH_s1_r1:Otu446,lowerLimitFilterSize,micrometer,100,http://vocab.nerc.ac.uk/collection/Q01/current/Q0100011/,https://vocab.nerc.ac.uk/collection/P06/current/UMIC/,
ARMS_TZS_Kummelkobben_20200608_20201120_MF100_ETOH_s1_r1:Otu446,fieldReplicateID,,no replicate,http://vocab.nerc.ac.uk/collection/P01/current/IDSPRE01,,
ARMS_TZS_Kummelkobben_20200608_20201120_MF100_ETOH_s1_r1:Otu447,submergedTime,day,165,http://vocab.nerc.ac.uk/collection/P01/current/AZDRZZ01/,https://vocab.nerc.ac.uk/collection/P06/current/UTAA/,
ARMS_TZS_Kummelkobben_20200608_20201120_MF100_ETOH_s1_r1:Otu447,preservativeUsed,,EtOH,http://vocab.nerc.ac.uk/collection/Q01/current/Q0100004/,,https://pubchem.ncbi.nlm.nih.gov/compound/702
ARMS_TZS_Kummelkobben_20200608_20201120_MF100_ETOH_s1_r1:Otu447,lowerLimitFilterSize,micrometer,100,http://vocab.nerc.ac.uk/collection/Q01/current/Q0100011/,https://vocab.nerc.ac.uk/collection/P06/current/UMIC/,
ARMS_TZS_Kummelkobben_20200608_20201120_MF100_ETOH_s1_r1:Otu447,fieldReplicateID,,no replicate,http://vocab.nerc.ac.uk/collection/P01/current/IDSPRE01,,
ARMS_TZS_Kummelkobben_20200608_20201120_MF100_ETOH_s1_r1:Otu219,submergedTime,day,165,http://vocab.nerc.ac.uk/collection/P01/current/AZDRZZ01/,https://vocab.nerc.ac.uk/collection/P06/current/UTAA/,
ARMS_TZS_Kummelkobben_20200608_20201120_MF100_ETOH_s1_r1:Otu219,preservativeUsed,,EtOH,http://vocab.nerc.ac.uk/collection/Q01/current/Q0100004/,,https://pubchem.ncbi.nlm.nih.gov/compound/702
ARMS_TZS_Kummelkobben_20200608_20201120_MF100_ETOH_s1_r1:Otu219,lowerLimitFilterSize,micrometer,100,http://vocab.nerc.ac.uk/collection/Q01/current/Q0100011/,https://vocab.nerc.ac.uk/collection/P06/current/UMIC/,
ARMS_TZS_Kummelkobben_20200608_20201120_MF100_ETOH_s1_r1:Otu219,fieldReplicateID,,no replicate,http://vocab.nerc.ac.uk/collection/P01/current/IDSPRE01,,
ARMS_TZS_Kummelkobben_20200608_20201120_MF100_ETOH_s1_r1:Otu218,submergedTime,day,165,http://vocab.nerc.ac.uk/collection/P01/current/AZDRZZ01/,https://vocab.nerc.ac.uk/collection/P06/current/UTAA/,
ARMS_TZS_Kummelkobben_20200608_20201120_MF100_ETOH_s1_r1:Otu218,preservativeUsed,,EtOH,http://vocab.nerc.ac.uk/collection/Q01/current/Q0100004/,,https://pubchem.ncbi.nlm.nih.gov/compound/702
ARMS_TZS_Kummelkobben_20200608_20201120_MF100_ETOH_s1_r1:Otu218,lowerLimitFilterSize,micrometer,100,http://vocab.nerc.ac.uk/collection/Q01/current/Q0100011/,https://vocab.nerc.ac.uk/collection/P06/current/UMIC/,
ARMS_TZS_Kummelkobben_20200608_20201120_MF100_ETOH_s1_r1:Otu218,fieldReplicateID,,no replicate,http://vocab.nerc.ac.uk/collection/P01/current/IDSPRE01,,
ARMS_TZS_Kummelkobben_20200608_20201120_MF100_ETOH_s1_r1:Otu215,submergedTime,day,165,http://vocab.nerc.ac.uk/collection/P01/current/AZDRZZ01/,https://vocab.nerc.ac.uk/collection/P06/current/UTAA/,
ARMS_TZS_Kummelkobben_20200608_20201120_MF100_ETOH_s1_r1:Otu215,preservativeUsed,,EtOH,http://vocab.nerc.ac.uk/collection/Q01/current/Q0100004/,,https://pubchem.ncbi.nlm.nih.gov/compound/702
ARMS_TZS_Kummelkobben_20200608_20201120_MF100_ETOH_s1_r1:Otu215,lowerLimitFilterSize,micrometer,100,http://vocab.nerc.ac.uk/collection/Q01/current/Q0100011/,https://vocab.nerc.ac.uk/collection/P06/current/UMIC/,
ARMS_TZS_Kummelkobben_20200608_20201120_MF100_ETOH_s1_r1:Otu215,fieldReplicateID,,no replicate,http://vocab.nerc.ac.uk/collection/P01/current/IDSPRE01,,
ARMS_TZS_Kummelkobben_20200608_20201120_MF100_ETOH_s1_r1:Otu214,submergedTime,day,165,http://vocab.nerc.ac.uk/collection/P01/current/AZDRZZ01/,https://vocab.nerc.ac.uk/collection/P06/current/UTAA/,
ARMS_TZS_Kummelkobben_20200608_20201120_MF100_ETOH_s1_r1:Otu214,preservativeUsed,,EtOH,http://vocab.nerc.ac.uk/collection/Q01/current/Q0100004/,,https://pubchem.ncbi.nlm.nih.gov/compound/702
ARMS_TZS_Kummelkobben_20200608_20201120_MF100_ETOH_s1_r1:Otu214,lowerLimitFilterSize,micrometer,100,http://vocab.nerc.ac.uk/collection/Q01/current/Q0100011/,https://vocab.nerc.ac.uk/collection/P06/current/UMIC/,
ARMS_TZS_Kummelkobben_20200608_20201120_MF100_ETOH_s1_r1:Otu214,fieldReplicateID,,no replicate,http://vocab.nerc.ac.uk/collection/P01/current/IDSPRE01,,
ARMS_TZS_Kummelkobben_20200608_20201120_MF100_ETOH_s1_r1:Otu217,submergedTime,day,165,http://vocab.nerc.ac.uk/collection/P01/current/AZDRZZ01/,https://vocab.nerc.ac.uk/collection/P06/current/UTAA/,
ARMS_TZS_Kummelkobben_20200608_20201120_MF100_ETOH_s1_r1:Otu217,preservativeUsed,,EtOH,http://vocab.nerc.ac.uk/collection/Q01/current/Q0100004/,,https://pubchem.ncbi.nlm.nih.gov/compound/702
ARMS_TZS_Kummelkobben_20200608_20201120_MF100_ETOH_s1_r1:Otu217,lowerLimitFilterSize,micrometer,100,http://vocab.nerc.ac.uk/collection/Q01/current/Q0100011/,https://vocab.nerc.ac.uk/collection/P06/current/UMIC/,
ARMS_TZS_Kummelkobben_20200608_20201120_MF100_ETOH_s1_r1:Otu217,fieldReplicateID,,no replicate,http://vocab.nerc.ac.uk/collection/P01/current/IDSPRE01,,
ARMS_TZS_Kummelkobben_20200608_20201120_MF100_ETOH_s1_r1:Otu216,submergedTime,day,165,http://vocab.nerc.ac.uk/collection/P01/current/AZDRZZ01/,https://vocab.nerc.ac.uk/collection/P06/current/UTAA/,
ARMS_TZS_Kummelkobben_20200608_20201120_MF100_ETOH_s1_r1:Otu216,preservativeUsed,,EtOH,http://vocab.nerc.ac.uk/collection/Q01/current/Q0100004/,,https://pubchem.ncbi.nlm.nih.gov/compound/702
ARMS_TZS_Kummelkobben_20200608_20201120_MF100_ETOH_s1_r1:Otu216,lowerLimitFilterSize,micrometer,100,http://vocab.nerc.ac.uk/collection/Q01/current/Q0100011/,https://vocab.nerc.ac.uk/collection/P06/current/UMIC/,
ARMS_TZS_Kummelkobben_20200608_20201120_MF100_ETOH_s1_r1:Otu216,fieldReplicateID,,no replicate,http://vocab.nerc.ac.uk/collection/P01/current/IDSPRE01,,
ARMS_TZS_Kummelkobben_20200608_20201120_MF100_ETOH_s1_r1:Otu213,submergedTime,day,165,http://vocab.nerc.ac.uk/collection/P01/current/AZDRZZ01/,https://vocab.nerc.ac.uk/collection/P06/current/UTAA/,
ARMS_TZS_Kummelkobben_20200608_20201120_MF100_ETOH_s1_r1:Otu213,preservativeUsed,,EtOH,http://vocab.nerc.ac.uk/collection/Q01/current/Q0100004/,,https://pubchem.ncbi.nlm.nih.gov/compound/702
ARMS_TZS_Kummelkobben_20200608_20201120_MF100_ETOH_s1_r1:Otu213,lowerLimitFilterSize,micrometer,100,http://vocab.nerc.ac.uk/collection/Q01/current/Q0100011/,https://vocab.nerc.ac.uk/collection/P06/current/UMIC/,
ARMS_TZS_Kummelkobben_20200608_20201120_MF100_ETOH_s1_r1:Otu213,fieldReplicateID,,no replicate,http://vocab.nerc.ac.uk/collection/P01/current/IDSPRE01,,
ARMS_TZS_Kummelkobben_20200608_20201120_MF100_ETOH_s1_r1:Otu46,submergedTime,day,165,http://vocab.nerc.ac.uk/collection/P01/current/AZDRZZ01/,https://vocab.nerc.ac.uk/collection/P06/current/UTAA/,
ARMS_TZS_Kummelkobben_20200608_20201120_MF100_ETOH_s1_r1:Otu46,preservativeUsed,,EtOH,http://vocab.nerc.ac.uk/collection/Q01/current/Q0100004/,,https://pubchem.ncbi.nlm.nih.gov/compound/702
ARMS_TZS_Kummelkobben_20200608_20201120_MF100_ETOH_s1_r1:Otu46,lowerLimitFilterSize,micrometer,100,http://vocab.nerc.ac.uk/collection/Q01/current/Q0100011/,https://vocab.nerc.ac.uk/collection/P06/current/UMIC/,
ARMS_TZS_Kummelkobben_20200608_20201120_MF100_ETOH_s1_r1:Otu46,fieldReplicateID,,no replicate,http://vocab.nerc.ac.uk/collection/P01/current/IDSPRE01,,
ARMS_TZS_Kummelkobben_20200608_20201120_MF100_ETOH_s1_r1:Otu365,submergedTime,day,165,http://vocab.nerc.ac.uk/collection/P01/current/AZDRZZ01/,https://vocab.nerc.ac.uk/collection/P06/current/UTAA/,
ARMS_TZS_Kummelkobben_20200608_20201120_MF100_ETOH_s1_r1:Otu365,preservativeUsed,,EtOH,http://vocab.nerc.ac.uk/collection/Q01/current/Q0100004/,,https://pubchem.ncbi.nlm.nih.gov/compound/702
ARMS_TZS_Kummelkobben_20200608_20201120_MF100_ETOH_s1_r1:Otu365,lowerLimitFilterSize,micrometer,100,http://vocab.nerc.ac.uk/collection/Q01/current/Q0100011/,https://vocab.nerc.ac.uk/collection/P06/current/UMIC/,
ARMS_TZS_Kummelkobben_20200608_20201120_MF100_ETOH_s1_r1:Otu365,fieldReplicateID,,no replicate,http://vocab.nerc.ac.uk/collection/P01/current/IDSPRE01,,
ARMS_TZS_Kummelkobben_20200608_20201120_MF100_ETOH_s1_r1:Otu369,submergedTime,day,165,http://vocab.nerc.ac.uk/collection/P01/current/AZDRZZ01/,https://vocab.nerc.ac.uk/collection/P06/current/UTAA/,
ARMS_TZS_Kummelkobben_20200608_20201120_MF100_ETOH_s1_r1:Otu369,preservativeUsed,,EtOH,http://vocab.nerc.ac.uk/collection/Q01/current/Q0100004/,,https://pubchem.ncbi.nlm.nih.gov/compound/702
ARMS_TZS_Kummelkobben_20200608_20201120_MF100_ETOH_s1_r1:Otu369,lowerLimitFilterSize,micrometer,100,http://vocab.nerc.ac.uk/collection/Q01/current/Q0100011/,https://vocab.nerc.ac.uk/collection/P06/current/UMIC/,
ARMS_TZS_Kummelkobben_20200608_20201120_MF100_ETOH_s1_r1:Otu369,fieldReplicateID,,no replicate,http://vocab.nerc.ac.uk/collection/P01/current/IDSPRE01,,
ARMS_TZS_Kummelkobben_20200608_20201120_MF100_ETOH_s1_r1:Otu130,submergedTime,day,165,http://vocab.nerc.ac.uk/collection/P01/current/AZDRZZ01/,https://vocab.nerc.ac.uk/collection/P06/current/UTAA/,
ARMS_TZS_Kummelkobben_20200608_20201120_MF100_ETOH_s1_r1:Otu130,preservativeUsed,,EtOH,http://vocab.nerc.ac.uk/collection/Q01/current/Q0100004/,,https://pubchem.ncbi.nlm.nih.gov/compound/702
ARMS_TZS_Kummelkobben_20200608_20201120_MF100_ETOH_s1_r1:Otu130,lowerLimitFilterSize,micrometer,100,http://vocab.nerc.ac.uk/collection/Q01/current/Q0100011/,https://vocab.nerc.ac.uk/collection/P06/current/UMIC/,
ARMS_TZS_Kummelkobben_20200608_20201120_MF100_ETOH_s1_r1:Otu130,fieldReplicateID,,no replicate,http://vocab.nerc.ac.uk/collection/P01/current/IDSPRE01,,
ARMS_TZS_Kummelkobben_20200608_20201120_MF100_ETOH_s1_r1:Otu131,submergedTime,day,165,http://vocab.nerc.ac.uk/collection/P01/current/AZDRZZ01/,https://vocab.nerc.ac.uk/collection/P06/current/UTAA/,
ARMS_TZS_Kummelkobben_20200608_20201120_MF100_ETOH_s1_r1:Otu131,preservativeUsed,,EtOH,http://vocab.nerc.ac.uk/collection/Q01/current/Q0100004/,,https://pubchem.ncbi.nlm.nih.gov/compound/702
ARMS_TZS_Kummelkobben_20200608_20201120_MF100_ETOH_s1_r1:Otu131,lowerLimitFilterSize,micrometer,100,http://vocab.nerc.ac.uk/collection/Q01/current/Q0100011/,https://vocab.nerc.ac.uk/collection/P06/current/UMIC/,
ARMS_TZS_Kummelkobben_20200608_20201120_MF100_ETOH_s1_r1:Otu131,fieldReplicateID,,no replicate,http://vocab.nerc.ac.uk/collection/P01/current/IDSPRE01,,
ARMS_TZS_Kummelkobben_20200608_20201120_MF100_ETOH_s1_r1:Otu137,submergedTime,day,165,http://vocab.nerc.ac.uk/collection/P01/current/AZDRZZ01/,https://vocab.nerc.ac.uk/collection/P06/current/UTAA/,
ARMS_TZS_Kummelkobben_20200608_20201120_MF100_ETOH_s1_r1:Otu137,preservativeUsed,,EtOH,http://vocab.nerc.ac.uk/collection/Q01/current/Q0100004/,,https://pubchem.ncbi.nlm.nih.gov/compound/702
ARMS_TZS_Kummelkobben_20200608_20201120_MF100_ETOH_s1_r1:Otu137,lowerLimitFilterSize,micrometer,100,http://vocab.nerc.ac.uk/collection/Q01/current/Q0100011/,https://vocab.nerc.ac.uk/collection/P06/current/UMIC/,
ARMS_TZS_Kummelkobben_20200608_20201120_MF100_ETOH_s1_r1:Otu137,fieldReplicateID,,no replicate,http://vocab.nerc.ac.uk/collection/P01/current/IDSPRE01,,
ARMS_TZS_Kummelkobben_20200608_20201120_MF100_ETOH_s1_r1:Otu14,submergedTime,day,165,http://vocab.nerc.ac.uk/collection/P01/current/AZDRZZ01/,https://vocab.nerc.ac.uk/collection/P06/current/UTAA/,
ARMS_TZS_Kummelkobben_20200608_20201120_MF100_ETOH_s1_r1:Otu14,preservativeUsed,,EtOH,http://vocab.nerc.ac.uk/collection/Q01/current/Q0100004/,,https://pubchem.ncbi.nlm.nih.gov/compound/702
ARMS_TZS_Kummelkobben_20200608_20201120_MF100_ETOH_s1_r1:Otu14,lowerLimitFilterSize,micrometer,100,http://vocab.nerc.ac.uk/collection/Q01/current/Q0100011/,https://vocab.nerc.ac.uk/collection/P06/current/UMIC/,
ARMS_TZS_Kummelkobben_20200608_20201120_MF100_ETOH_s1_r1:Otu14,fieldReplicateID,,no replicate,http://vocab.nerc.ac.uk/collection/P01/current/IDSPRE01,,
ARMS_TZS_Kummelkobben_20200608_20201120_MF100_ETOH_s1_r1:Otu15,submergedTime,day,165,http://vocab.nerc.ac.uk/collection/P01/current/AZDRZZ01/,https://vocab.nerc.ac.uk/collection/P06/current/UTAA/,
ARMS_TZS_Kummelkobben_20200608_20201120_MF100_ETOH_s1_r1:Otu15,preservativeUsed,,EtOH,http://vocab.nerc.ac.uk/collection/Q01/current/Q0100004/,,https://pubchem.ncbi.nlm.nih.gov/compound/702
ARMS_TZS_Kummelkobben_20200608_20201120_MF100_ETOH_s1_r1:Otu15,lowerLimitFilterSize,micrometer,100,http://vocab.nerc.ac.uk/collection/Q01/current/Q0100011/,https://vocab.nerc.ac.uk/collection/P06/current/UMIC/,
ARMS_TZS_Kummelkobben_20200608_20201120_MF100_ETOH_s1_r1:Otu15,fieldReplicateID,,no replicate,http://vocab.nerc.ac.uk/collection/P01/current/IDSPRE01,,
ARMS_TZS_Kummelkobben_20200608_20201120_MF100_ETOH_s1_r1:Otu16,submergedTime,day,165,http://vocab.nerc.ac.uk/collection/P01/current/AZDRZZ01/,https://vocab.nerc.ac.uk/collection/P06/current/UTAA/,
ARMS_TZS_Kummelkobben_20200608_20201120_MF100_ETOH_s1_r1:Otu16,preservativeUsed,,EtOH,http://vocab.nerc.ac.uk/collection/Q01/current/Q0100004/,,https://pubchem.ncbi.nlm.nih.gov/compound/702
ARMS_TZS_Kummelkobben_20200608_20201120_MF100_ETOH_s1_r1:Otu16,lowerLimitFilterSize,micrometer,100,http://vocab.nerc.ac.uk/collection/Q01/current/Q0100011/,https://vocab.nerc.ac.uk/collection/P06/current/UMIC/,
ARMS_TZS_Kummelkobben_20200608_20201120_MF100_ETOH_s1_r1:Otu16,fieldReplicateID,,no replicate,http://vocab.nerc.ac.uk/collection/P01/current/IDSPRE01,,
ARMS_TZS_Kummelkobben_20200608_20201120_MF100_ETOH_s1_r1:Otu17,submergedTime,day,165,http://vocab.nerc.ac.uk/collection/P01/current/AZDRZZ01/,https://vocab.nerc.ac.uk/collection/P06/current/UTAA/,
ARMS_TZS_Kummelkobben_20200608_20201120_MF100_ETOH_s1_r1:Otu17,preservativeUsed,,EtOH,http://vocab.nerc.ac.uk/collection/Q01/current/Q0100004/,,https://pubchem.ncbi.nlm.nih.gov/compound/702
ARMS_TZS_Kummelkobben_20200608_20201120_MF100_ETOH_s1_r1:Otu17,lowerLimitFilterSize,micrometer,100,http://vocab.nerc.ac.uk/collection/Q01/current/Q0100011/,https://vocab.nerc.ac.uk/collection/P06/current/UMIC/,
ARMS_TZS_Kummelkobben_20200608_20201120_MF100_ETOH_s1_r1:Otu17,fieldReplicateID,,no replicate,http://vocab.nerc.ac.uk/collection/P01/current/IDSPRE01,,
ARMS_TZS_Kummelkobben_20200608_20201120_MF100_ETOH_s1_r1:Otu10,submergedTime,day,165,http://vocab.nerc.ac.uk/collection/P01/current/AZDRZZ01/,https://vocab.nerc.ac.uk/collection/P06/current/UTAA/,
ARMS_TZS_Kummelkobben_20200608_20201120_MF100_ETOH_s1_r1:Otu10,preservativeUsed,,EtOH,http://vocab.nerc.ac.uk/collection/Q01/current/Q0100004/,,https://pubchem.ncbi.nlm.nih.gov/compound/702
ARMS_TZS_Kummelkobben_20200608_20201120_MF100_ETOH_s1_r1:Otu10,lowerLimitFilterSize,micrometer,100,http://vocab.nerc.ac.uk/collection/Q01/current/Q0100011/,https://vocab.nerc.ac.uk/collection/P06/current/UMIC/,
ARMS_TZS_Kummelkobben_20200608_20201120_MF100_ETOH_s1_r1:Otu10,fieldReplicateID,,no replicate,http://vocab.nerc.ac.uk/collection/P01/current/IDSPRE01,,
ARMS_TZS_Kummelkobben_20200608_20201120_MF100_ETOH_s1_r1:Otu11,submergedTime,day,165,http://vocab.nerc.ac.uk/collection/P01/current/AZDRZZ01/,https://vocab.nerc.ac.uk/collection/P06/current/UTAA/,
ARMS_TZS_Kummelkobben_20200608_20201120_MF100_ETOH_s1_r1:Otu11,preservativeUsed,,EtOH,http://vocab.nerc.ac.uk/collection/Q01/current/Q0100004/,,https://pubchem.ncbi.nlm.nih.gov/compound/702
ARMS_TZS_Kummelkobben_20200608_20201120_MF100_ETOH_s1_r1:Otu11,lowerLimitFilterSize,micrometer,100,http://vocab.nerc.ac.uk/collection/Q01/current/Q0100011/,https://vocab.nerc.ac.uk/collection/P06/current/UMIC/,
ARMS_TZS_Kummelkobben_20200608_20201120_MF100_ETOH_s1_r1:Otu11,fieldReplicateID,,no replicate,http://vocab.nerc.ac.uk/collection/P01/current/IDSPRE01,,
ARMS_TZS_Kummelkobben_20200608_20201120_MF100_ETOH_s1_r1:Otu12,submergedTime,day,165,http://vocab.nerc.ac.uk/collection/P01/current/AZDRZZ01/,https://vocab.nerc.ac.uk/collection/P06/current/UTAA/,
ARMS_TZS_Kummelkobben_20200608_20201120_MF100_ETOH_s1_r1:Otu12,preservativeUsed,,EtOH,http://vocab.nerc.ac.uk/collection/Q01/current/Q0100004/,,https://pubchem.ncbi.nlm.nih.gov/compound/702
ARMS_TZS_Kummelkobben_20200608_20201120_MF100_ETOH_s1_r1:Otu12,lowerLimitFilterSize,micrometer,100,http://vocab.nerc.ac.uk/collection/Q01/current/Q0100011/,https://vocab.nerc.ac.uk/collection/P06/current/UMIC/,
ARMS_TZS_Kummelkobben_20200608_20201120_MF100_ETOH_s1_r1:Otu12,fieldReplicateID,,no replicate,http://vocab.nerc.ac.uk/collection/P01/current/IDSPRE01,,
ARMS_TZS_Kummelkobben_20200608_20201120_MF100_ETOH_s1_r1:Otu13,submergedTime,day,165,http://vocab.nerc.ac.uk/collection/P01/current/AZDRZZ01/,https://vocab.nerc.ac.uk/collection/P06/current/UTAA/,
ARMS_TZS_Kummelkobben_20200608_20201120_MF100_ETOH_s1_r1:Otu13,preservativeUsed,,EtOH,http://vocab.nerc.ac.uk/collection/Q01/current/Q0100004/,,https://pubchem.ncbi.nlm.nih.gov/compound/702
ARMS_TZS_Kummelkobben_20200608_20201120_MF100_ETOH_s1_r1:Otu13,lowerLimitFilterSize,micrometer,100,http://vocab.nerc.ac.uk/collection/Q01/current/Q0100011/,https://vocab.nerc.ac.uk/collection/P06/current/UMIC/,
ARMS_TZS_Kummelkobben_20200608_20201120_MF100_ETOH_s1_r1:Otu13,fieldReplicateID,,no replicate,http://vocab.nerc.ac.uk/collection/P01/current/IDSPRE01,,
ARMS_TZS_Kummelkobben_20200608_20201120_MF100_ETOH_s1_r1:Otu19,submergedTime,day,165,http://vocab.nerc.ac.uk/collection/P01/current/AZDRZZ01/,https://vocab.nerc.ac.uk/collection/P06/current/UTAA/,
ARMS_TZS_Kummelkobben_20200608_20201120_MF100_ETOH_s1_r1:Otu19,preservativeUsed,,EtOH,http://vocab.nerc.ac.uk/collection/Q01/current/Q0100004/,,https://pubchem.ncbi.nlm.nih.gov/compound/702
ARMS_TZS_Kummelkobben_20200608_20201120_MF100_ETOH_s1_r1:Otu19,lowerLimitFilterSize,micrometer,100,http://vocab.nerc.ac.uk/collection/Q01/current/Q0100011/,https://vocab.nerc.ac.uk/collection/P06/current/UMIC/,
ARMS_TZS_Kummelkobben_20200608_20201120_MF100_ETOH_s1_r1:Otu19,fieldReplicateID,,no replicate,http://vocab.nerc.ac.uk/collection/P01/current/IDSPRE01,,
ARMS_TZS_Kummelkobben_20200608_20201120_MF100_ETOH_s1_r1:Otu185,submergedTime,day,165,http://vocab.nerc.ac.uk/collection/P01/current/AZDRZZ01/,https://vocab.nerc.ac.uk/collection/P06/current/UTAA/,
ARMS_TZS_Kummelkobben_20200608_20201120_MF100_ETOH_s1_r1:Otu185,preservativeUsed,,EtOH,http://vocab.nerc.ac.uk/collection/Q01/current/Q0100004/,,https://pubchem.ncbi.nlm.nih.gov/compound/702
ARMS_TZS_Kummelkobben_20200608_20201120_MF100_ETOH_s1_r1:Otu185,lowerLimitFilterSize,micrometer,100,http://vocab.nerc.ac.uk/collection/Q01/current/Q0100011/,https://vocab.nerc.ac.uk/collection/P06/current/UMIC/,
ARMS_TZS_Kummelkobben_20200608_20201120_MF100_ETOH_s1_r1:Otu185,fieldReplicateID,,no replicate,http://vocab.nerc.ac.uk/collection/P01/current/IDSPRE01,,
ARMS_TZS_Kummelkobben_20200608_20201120_MF100_ETOH_s1_r1:Otu184,submergedTime,day,165,http://vocab.nerc.ac.uk/collection/P01/current/AZDRZZ01/,https://vocab.nerc.ac.uk/collection/P06/current/UTAA/,
ARMS_TZS_Kummelkobben_20200608_20201120_MF100_ETOH_s1_r1:Otu184,preservativeUsed,,EtOH,http://vocab.nerc.ac.uk/collection/Q01/current/Q0100004/,,https://pubchem.ncbi.nlm.nih.gov/compound/702
ARMS_TZS_Kummelkobben_20200608_20201120_MF100_ETOH_s1_r1:Otu184,lowerLimitFilterSize,micrometer,100,http://vocab.nerc.ac.uk/collection/Q01/current/Q0100011/,https://vocab.nerc.ac.uk/collection/P06/current/UMIC/,
ARMS_TZS_Kummelkobben_20200608_20201120_MF100_ETOH_s1_r1:Otu184,fieldReplicateID,,no replicate,http://vocab.nerc.ac.uk/collection/P01/current/IDSPRE01,,
ARMS_TZS_Kummelkobben_20200608_20201120_MF100_ETOH_s1_r1:Otu187,submergedTime,day,165,http://vocab.nerc.ac.uk/collection/P01/current/AZDRZZ01/,https://vocab.nerc.ac.uk/collection/P06/current/UTAA/,
ARMS_TZS_Kummelkobben_20200608_20201120_MF100_ETOH_s1_r1:Otu187,preservativeUsed,,EtOH,http://vocab.nerc.ac.uk/collection/Q01/current/Q0100004/,,https://pubchem.ncbi.nlm.nih.gov/compound/702
ARMS_TZS_Kummelkobben_20200608_20201120_MF100_ETOH_s1_r1:Otu187,lowerLimitFilterSize,micrometer,100,http://vocab.nerc.ac.uk/collection/Q01/current/Q0100011/,https://vocab.nerc.ac.uk/collection/P06/current/UMIC/,
ARMS_TZS_Kummelkobben_20200608_20201120_MF100_ETOH_s1_r1:Otu187,fieldReplicateID,,no replicate,http://vocab.nerc.ac.uk/collection/P01/current/IDSPRE01,,
ARMS_TZS_Kummelkobben_20200608_20201120_MF100_ETOH_s1_r1:Otu186,submergedTime,day,165,http://vocab.nerc.ac.uk/collection/P01/current/AZDRZZ01/,https://vocab.nerc.ac.uk/collection/P06/current/UTAA/,
ARMS_TZS_Kummelkobben_20200608_20201120_MF100_ETOH_s1_r1:Otu186,preservativeUsed,,EtOH,http://vocab.nerc.ac.uk/collection/Q01/current/Q0100004/,,https://pubchem.ncbi.nlm.nih.gov/compound/702
ARMS_TZS_Kummelkobben_20200608_20201120_MF100_ETOH_s1_r1:Otu186,lowerLimitFilterSize,micrometer,100,http://vocab.nerc.ac.uk/collection/Q01/current/Q0100011/,https://vocab.nerc.ac.uk/collection/P06/current/UMIC/,
ARMS_TZS_Kummelkobben_20200608_20201120_MF100_ETOH_s1_r1:Otu186,fieldReplicateID,,no replicate,http://vocab.nerc.ac.uk/collection/P01/current/IDSPRE01,,
ARMS_TZS_Kummelkobben_20200608_20201120_MF100_ETOH_s1_r1:Otu182,submergedTime,day,165,http://vocab.nerc.ac.uk/collection/P01/current/AZDRZZ01/,https://vocab.nerc.ac.uk/collection/P06/current/UTAA/,
ARMS_TZS_Kummelkobben_20200608_20201120_MF100_ETOH_s1_r1:Otu182,preservativeUsed,,EtOH,http://vocab.nerc.ac.uk/collection/Q01/current/Q0100004/,,https://pubchem.ncbi.nlm.nih.gov/compound/702
ARMS_TZS_Kummelkobben_20200608_20201120_MF100_ETOH_s1_r1:Otu182,lowerLimitFilterSize,micrometer,100,http://vocab.nerc.ac.uk/collection/Q01/current/Q0100011/,https://vocab.nerc.ac.uk/collection/P06/current/UMIC/,
ARMS_TZS_Kummelkobben_20200608_20201120_MF100_ETOH_s1_r1:Otu182,fieldReplicateID,,no replicate,http://vocab.nerc.ac.uk/collection/P01/current/IDSPRE01,,
ARMS_TZS_Kummelkobben_20200608_20201120_SF40_ETOH_s1_r1:Otu419,submergedTime,day,165,http://vocab.nerc.ac.uk/collection/P01/current/AZDRZZ01/,https://vocab.nerc.ac.uk/collection/P06/current/UTAA/,
ARMS_TZS_Kummelkobben_20200608_20201120_SF40_ETOH_s1_r1:Otu419,preservativeUsed,,EtOH,http://vocab.nerc.ac.uk/collection/Q01/current/Q0100004/,,https://pubchem.ncbi.nlm.nih.gov/compound/702
ARMS_TZS_Kummelkobben_20200608_20201120_SF40_ETOH_s1_r1:Otu419,lowerLimitFilterSize,micrometer,40,http://vocab.nerc.ac.uk/collection/Q01/current/Q0100011/,https://vocab.nerc.ac.uk/collection/P06/current/UMIC/,
ARMS_TZS_Kummelkobben_20200608_20201120_SF40_ETOH_s1_r1:Otu419,fieldReplicateID,,no replicate,http://vocab.nerc.ac.uk/collection/P01/current/IDSPRE01,,
ARMS_TZS_Kummelkobben_20200608_20201120_SF40_ETOH_s1_r1:Otu58,submergedTime,day,165,http://vocab.nerc.ac.uk/collection/P01/current/AZDRZZ01/,https://vocab.nerc.ac.uk/collection/P06/current/UTAA/,
ARMS_TZS_Kummelkobben_20200608_20201120_SF40_ETOH_s1_r1:Otu58,preservativeUsed,,EtOH,http://vocab.nerc.ac.uk/collection/Q01/current/Q0100004/,,https://pubchem.ncbi.nlm.nih.gov/compound/702
ARMS_TZS_Kummelkobben_20200608_20201120_SF40_ETOH_s1_r1:Otu58,lowerLimitFilterSize,micrometer,40,http://vocab.nerc.ac.uk/collection/Q01/current/Q0100011/,https://vocab.nerc.ac.uk/collection/P06/current/UMIC/,
ARMS_TZS_Kummelkobben_20200608_20201120_SF40_ETOH_s1_r1:Otu58,fieldReplicateID,,no replicate,http://vocab.nerc.ac.uk/collection/P01/current/IDSPRE01,,
ARMS_TZS_Kummelkobben_20200608_20201120_SF40_ETOH_s1_r1:Otu26,submergedTime,day,165,http://vocab.nerc.ac.uk/collection/P01/current/AZDRZZ01/,https://vocab.nerc.ac.uk/collection/P06/current/UTAA/,
ARMS_TZS_Kummelkobben_20200608_20201120_SF40_ETOH_s1_r1:Otu26,preservativeUsed,,EtOH,http://vocab.nerc.ac.uk/collection/Q01/current/Q0100004/,,https://pubchem.ncbi.nlm.nih.gov/compound/702
ARMS_TZS_Kummelkobben_20200608_20201120_SF40_ETOH_s1_r1:Otu26,lowerLimitFilterSize,micrometer,40,http://vocab.nerc.ac.uk/collection/Q01/current/Q0100011/,https://vocab.nerc.ac.uk/collection/P06/current/UMIC/,
ARMS_TZS_Kummelkobben_20200608_20201120_SF40_ETOH_s1_r1:Otu26,fieldReplicateID,,no replicate,http://vocab.nerc.ac.uk/collection/P01/current/IDSPRE01,,
ARMS_TZS_Kummelkobben_20200608_20201120_SF40_ETOH_s1_r1:Otu174,submergedTime,day,165,http://vocab.nerc.ac.uk/collection/P01/current/AZDRZZ01/,https://vocab.nerc.ac.uk/collection/P06/current/UTAA/,
ARMS_TZS_Kummelkobben_20200608_20201120_SF40_ETOH_s1_r1:Otu174,preservativeUsed,,EtOH,http://vocab.nerc.ac.uk/collection/Q01/current/Q0100004/,,https://pubchem.ncbi.nlm.nih.gov/compound/702
ARMS_TZS_Kummelkobben_20200608_20201120_SF40_ETOH_s1_r1:Otu174,lowerLimitFilterSize,micrometer,40,http://vocab.nerc.ac.uk/collection/Q01/current/Q0100011/,https://vocab.nerc.ac.uk/collection/P06/current/UMIC/,
ARMS_TZS_Kummelkobben_20200608_20201120_SF40_ETOH_s1_r1:Otu174,fieldReplicateID,,no replicate,http://vocab.nerc.ac.uk/collection/P01/current/IDSPRE01,,
ARMS_TZS_Kummelkobben_20200608_20201120_SF40_ETOH_s1_r1:Otu463,submergedTime,day,165,http://vocab.nerc.ac.uk/collection/P01/current/AZDRZZ01/,https://vocab.nerc.ac.uk/collection/P06/current/UTAA/,
ARMS_TZS_Kummelkobben_20200608_20201120_SF40_ETOH_s1_r1:Otu463,preservativeUsed,,EtOH,http://vocab.nerc.ac.uk/collection/Q01/current/Q0100004/,,https://pubchem.ncbi.nlm.nih.gov/compound/702
ARMS_TZS_Kummelkobben_20200608_20201120_SF40_ETOH_s1_r1:Otu463,lowerLimitFilterSize,micrometer,40,http://vocab.nerc.ac.uk/collection/Q01/current/Q0100011/,https://vocab.nerc.ac.uk/collection/P06/current/UMIC/,
ARMS_TZS_Kummelkobben_20200608_20201120_SF40_ETOH_s1_r1:Otu463,fieldReplicateID,,no replicate,http://vocab.nerc.ac.uk/collection/P01/current/IDSPRE01,,
ARMS_TZS_Kummelkobben_20200608_20201120_SF40_ETOH_s1_r1:Otu464,submergedTime,day,165,http://vocab.nerc.ac.uk/collection/P01/current/AZDRZZ01/,https://vocab.nerc.ac.uk/collection/P06/current/UTAA/,
ARMS_TZS_Kummelkobben_20200608_20201120_SF40_ETOH_s1_r1:Otu464,preservativeUsed,,EtOH,http://vocab.nerc.ac.uk/collection/Q01/current/Q0100004/,,https://pubchem.ncbi.nlm.nih.gov/compound/702
ARMS_TZS_Kummelkobben_20200608_20201120_SF40_ETOH_s1_r1:Otu464,lowerLimitFilterSize,micrometer,40,http://vocab.nerc.ac.uk/collection/Q01/current/Q0100011/,https://vocab.nerc.ac.uk/collection/P06/current/UMIC/,
ARMS_TZS_Kummelkobben_20200608_20201120_SF40_ETOH_s1_r1:Otu464,fieldReplicateID,,no replicate,http://vocab.nerc.ac.uk/collection/P01/current/IDSPRE01,,
ARMS_TZS_Kummelkobben_20200608_20201120_SF40_ETOH_s1_r1:Otu289,submergedTime,day,165,http://vocab.nerc.ac.uk/collection/P01/current/AZDRZZ01/,https://vocab.nerc.ac.uk/collection/P06/current/UTAA/,
ARMS_TZS_Kummelkobben_20200608_20201120_SF40_ETOH_s1_r1:Otu289,preservativeUsed,,EtOH,http://vocab.nerc.ac.uk/collection/Q01/current/Q0100004/,,https://pubchem.ncbi.nlm.nih.gov/compound/702
ARMS_TZS_Kummelkobben_20200608_20201120_SF40_ETOH_s1_r1:Otu289,lowerLimitFilterSize,micrometer,40,http://vocab.nerc.ac.uk/collection/Q01/current/Q0100011/,https://vocab.nerc.ac.uk/collection/P06/current/UMIC/,
ARMS_TZS_Kummelkobben_20200608_20201120_SF40_ETOH_s1_r1:Otu289,fieldReplicateID,,no replicate,http://vocab.nerc.ac.uk/collection/P01/current/IDSPRE01,,
ARMS_TZS_Kummelkobben_20200608_20201120_SF40_ETOH_s1_r1:Otu162,submergedTime,day,165,http://vocab.nerc.ac.uk/collection/P01/current/AZDRZZ01/,https://vocab.nerc.ac.uk/collection/P06/current/UTAA/,
ARMS_TZS_Kummelkobben_20200608_20201120_SF40_ETOH_s1_r1:Otu162,preservativeUsed,,EtOH,http://vocab.nerc.ac.uk/collection/Q01/current/Q0100004/,,https://pubchem.ncbi.nlm.nih.gov/compound/702
ARMS_TZS_Kummelkobben_20200608_20201120_SF40_ETOH_s1_r1:Otu162,lowerLimitFilterSize,micrometer,40,http://vocab.nerc.ac.uk/collection/Q01/current/Q0100011/,https://vocab.nerc.ac.uk/collection/P06/current/UMIC/,
ARMS_TZS_Kummelkobben_20200608_20201120_SF40_ETOH_s1_r1:Otu162,fieldReplicateID,,no replicate,http://vocab.nerc.ac.uk/collection/P01/current/IDSPRE01,,
ARMS_TZS_Kummelkobben_20200608_20201120_SF40_ETOH_s1_r1:Otu344,submergedTime,day,165,http://vocab.nerc.ac.uk/collection/P01/current/AZDRZZ01/,https://vocab.nerc.ac.uk/collection/P06/current/UTAA/,
ARMS_TZS_Kummelkobben_20200608_20201120_SF40_ETOH_s1_r1:Otu344,preservativeUsed,,EtOH,http://vocab.nerc.ac.uk/collection/Q01/current/Q0100004/,,https://pubchem.ncbi.nlm.nih.gov/compound/702
ARMS_TZS_Kummelkobben_20200608_20201120_SF40_ETOH_s1_r1:Otu344,lowerLimitFilterSize,micrometer,40,http://vocab.nerc.ac.uk/collection/Q01/current/Q0100011/,https://vocab.nerc.ac.uk/collection/P06/current/UMIC/,
ARMS_TZS_Kummelkobben_20200608_20201120_SF40_ETOH_s1_r1:Otu344,fieldReplicateID,,no replicate,http://vocab.nerc.ac.uk/collection/P01/current/IDSPRE01,,
ARMS_TZS_Kummelkobben_20200608_20201120_SF40_ETOH_s1_r1:Otu9,submergedTime,day,165,http://vocab.nerc.ac.uk/collection/P01/current/AZDRZZ01/,https://vocab.nerc.ac.uk/collection/P06/current/UTAA/,
ARMS_TZS_Kummelkobben_20200608_20201120_SF40_ETOH_s1_r1:Otu9,preservativeUsed,,EtOH,http://vocab.nerc.ac.uk/collection/Q01/current/Q0100004/,,https://pubchem.ncbi.nlm.nih.gov/compound/702
ARMS_TZS_Kummelkobben_20200608_20201120_SF40_ETOH_s1_r1:Otu9,lowerLimitFilterSize,micrometer,40,http://vocab.nerc.ac.uk/collection/Q01/current/Q0100011/,https://vocab.nerc.ac.uk/collection/P06/current/UMIC/,
ARMS_TZS_Kummelkobben_20200608_20201120_SF40_ETOH_s1_r1:Otu9,fieldReplicateID,,no replicate,http://vocab.nerc.ac.uk/collection/P01/current/IDSPRE01,,
ARMS_TZS_Kummelkobben_20200608_20201120_SF40_ETOH_s1_r1:Otu5,submergedTime,day,165,http://vocab.nerc.ac.uk/collection/P01/current/AZDRZZ01/,https://vocab.nerc.ac.uk/collection/P06/current/UTAA/,
ARMS_TZS_Kummelkobben_20200608_20201120_SF40_ETOH_s1_r1:Otu5,preservativeUsed,,EtOH,http://vocab.nerc.ac.uk/collection/Q01/current/Q0100004/,,https://pubchem.ncbi.nlm.nih.gov/compound/702
ARMS_TZS_Kummelkobben_20200608_20201120_SF40_ETOH_s1_r1:Otu5,lowerLimitFilterSize,micrometer,40,http://vocab.nerc.ac.uk/collection/Q01/current/Q0100011/,https://vocab.nerc.ac.uk/collection/P06/current/UMIC/,
ARMS_TZS_Kummelkobben_20200608_20201120_SF40_ETOH_s1_r1:Otu5,fieldReplicateID,,no replicate,http://vocab.nerc.ac.uk/collection/P01/current/IDSPRE01,,
ARMS_TZS_Kummelkobben_20200608_20201120_SF40_ETOH_s1_r1:Otu2,submergedTime,day,165,http://vocab.nerc.ac.uk/collection/P01/current/AZDRZZ01/,https://vocab.nerc.ac.uk/collection/P06/current/UTAA/,
ARMS_TZS_Kummelkobben_20200608_20201120_SF40_ETOH_s1_r1:Otu2,preservativeUsed,,EtOH,http://vocab.nerc.ac.uk/collection/Q01/current/Q0100004/,,https://pubchem.ncbi.nlm.nih.gov/compound/702
ARMS_TZS_Kummelkobben_20200608_20201120_SF40_ETOH_s1_r1:Otu2,lowerLimitFilterSize,micrometer,40,http://vocab.nerc.ac.uk/collection/Q01/current/Q0100011/,https://vocab.nerc.ac.uk/collection/P06/current/UMIC/,
ARMS_TZS_Kummelkobben_20200608_20201120_SF40_ETOH_s1_r1:Otu2,fieldReplicateID,,no replicate,http://vocab.nerc.ac.uk/collection/P01/current/IDSPRE01,,
ARMS_TZS_Kummelkobben_20200608_20201120_SF40_ETOH_s1_r1:Otu1,submergedTime,day,165,http://vocab.nerc.ac.uk/collection/P01/current/AZDRZZ01/,https://vocab.nerc.ac.uk/collection/P06/current/UTAA/,
ARMS_TZS_Kummelkobben_20200608_20201120_SF40_ETOH_s1_r1:Otu1,preservativeUsed,,EtOH,http://vocab.nerc.ac.uk/collection/Q01/current/Q0100004/,,https://pubchem.ncbi.nlm.nih.gov/compound/702
ARMS_TZS_Kummelkobben_20200608_20201120_SF40_ETOH_s1_r1:Otu1,lowerLimitFilterSize,micrometer,40,http://vocab.nerc.ac.uk/collection/Q01/current/Q0100011/,https://vocab.nerc.ac.uk/collection/P06/current/UMIC/,
ARMS_TZS_Kummelkobben_20200608_20201120_SF40_ETOH_s1_r1:Otu1,fieldReplicateID,,no replicate,http://vocab.nerc.ac.uk/collection/P01/current/IDSPRE01,,
ARMS_TZS_Kummelkobben_20200608_20201120_SF40_ETOH_s1_r1:Otu193,submergedTime,day,165,http://vocab.nerc.ac.uk/collection/P01/current/AZDRZZ01/,https://vocab.nerc.ac.uk/collection/P06/current/UTAA/,
ARMS_TZS_Kummelkobben_20200608_20201120_SF40_ETOH_s1_r1:Otu193,preservativeUsed,,EtOH,http://vocab.nerc.ac.uk/collection/Q01/current/Q0100004/,,https://pubchem.ncbi.nlm.nih.gov/compound/702
ARMS_TZS_Kummelkobben_20200608_20201120_SF40_ETOH_s1_r1:Otu193,lowerLimitFilterSize,micrometer,40,http://vocab.nerc.ac.uk/collection/Q01/current/Q0100011/,https://vocab.nerc.ac.uk/collection/P06/current/UMIC/,
ARMS_TZS_Kummelkobben_20200608_20201120_SF40_ETOH_s1_r1:Otu193,fieldReplicateID,,no replicate,http://vocab.nerc.ac.uk/collection/P01/current/IDSPRE01,,
ARMS_TZS_Kummelkobben_20200608_20201120_SF40_ETOH_s1_r1:Otu95,submergedTime,day,165,http://vocab.nerc.ac.uk/collection/P01/current/AZDRZZ01/,https://vocab.nerc.ac.uk/collection/P06/current/UTAA/,
ARMS_TZS_Kummelkobben_20200608_20201120_SF40_ETOH_s1_r1:Otu95,preservativeUsed,,EtOH,http://vocab.nerc.ac.uk/collection/Q01/current/Q0100004/,,https://pubchem.ncbi.nlm.nih.gov/compound/702
ARMS_TZS_Kummelkobben_20200608_20201120_SF40_ETOH_s1_r1:Otu95,lowerLimitFilterSize,micrometer,40,http://vocab.nerc.ac.uk/collection/Q01/current/Q0100011/,https://vocab.nerc.ac.uk/collection/P06/current/UMIC/,
ARMS_TZS_Kummelkobben_20200608_20201120_SF40_ETOH_s1_r1:Otu95,fieldReplicateID,,no replicate,http://vocab.nerc.ac.uk/collection/P01/current/IDSPRE01,,
ARMS_TZS_Kummelkobben_20200608_20201120_SF40_ETOH_s1_r1:Otu327,submergedTime,day,165,http://vocab.nerc.ac.uk/collection/P01/current/AZDRZZ01/,https://vocab.nerc.ac.uk/collection/P06/current/UTAA/,
ARMS_TZS_Kummelkobben_20200608_20201120_SF40_ETOH_s1_r1:Otu327,preservativeUsed,,EtOH,http://vocab.nerc.ac.uk/collection/Q01/current/Q0100004/,,https://pubchem.ncbi.nlm.nih.gov/compound/702
ARMS_TZS_Kummelkobben_20200608_20201120_SF40_ETOH_s1_r1:Otu327,lowerLimitFilterSize,micrometer,40,http://vocab.nerc.ac.uk/collection/Q01/current/Q0100011/,https://vocab.nerc.ac.uk/collection/P06/current/UMIC/,
ARMS_TZS_Kummelkobben_20200608_20201120_SF40_ETOH_s1_r1:Otu327,fieldReplicateID,,no replicate,http://vocab.nerc.ac.uk/collection/P01/current/IDSPRE01,,
ARMS_TZS_Kummelkobben_20200608_20201120_SF40_ETOH_s1_r1:Otu18,submergedTime,day,165,http://vocab.nerc.ac.uk/collection/P01/current/AZDRZZ01/,https://vocab.nerc.ac.uk/collection/P06/current/UTAA/,
ARMS_TZS_Kummelkobben_20200608_20201120_SF40_ETOH_s1_r1:Otu18,preservativeUsed,,EtOH,http://vocab.nerc.ac.uk/collection/Q01/current/Q0100004/,,https://pubchem.ncbi.nlm.nih.gov/compound/702
ARMS_TZS_Kummelkobben_20200608_20201120_SF40_ETOH_s1_r1:Otu18,lowerLimitFilterSize,micrometer,40,http://vocab.nerc.ac.uk/collection/Q01/current/Q0100011/,https://vocab.nerc.ac.uk/collection/P06/current/UMIC/,
ARMS_TZS_Kummelkobben_20200608_20201120_SF40_ETOH_s1_r1:Otu18,fieldReplicateID,,no replicate,http://vocab.nerc.ac.uk/collection/P01/current/IDSPRE01,,
ARMS_TZS_Kummelkobben_20200608_20201120_SF40_ETOH_s1_r1:Otu19,submergedTime,day,165,http://vocab.nerc.ac.uk/collection/P01/current/AZDRZZ01/,https://vocab.nerc.ac.uk/collection/P06/current/UTAA/,
ARMS_TZS_Kummelkobben_20200608_20201120_SF40_ETOH_s1_r1:Otu19,preservativeUsed,,EtOH,http://vocab.nerc.ac.uk/collection/Q01/current/Q0100004/,,https://pubchem.ncbi.nlm.nih.gov/compound/702
ARMS_TZS_Kummelkobben_20200608_20201120_SF40_ETOH_s1_r1:Otu19,lowerLimitFilterSize,micrometer,40,http://vocab.nerc.ac.uk/collection/Q01/current/Q0100011/,https://vocab.nerc.ac.uk/collection/P06/current/UMIC/,
ARMS_TZS_Kummelkobben_20200608_20201120_SF40_ETOH_s1_r1:Otu19,fieldReplicateID,,no replicate,http://vocab.nerc.ac.uk/collection/P01/current/IDSPRE01,,
