occurrenceID,basisOfRecord,institutionCode,datasetName,occurrenceStatus,eventID,materialSampleID,eventDate,organismQuantity,organismQuantityType,sampleSizeValue,sampleSizeUnit,samplingProtocol,associatedSequences,identificationReferences,identificationRemarks,locationID,decimalLatitude,decimalLongitude,countryCode,fieldNumber,minimumDepthInMeters,maximumDepthInMeters,habitat,occurrenceRemarks,eventRemarks,datasetID,verbatimIdentification,scientificNameID,scientificName,taxonRank,taxonId,taxonConceptID,catalogNumber
ARMS_BelgiumCoast_AJJC81_20200506_20201012_MF100_s1_r1:Otu410,MaterialSample,ARMS-MBON,data_release_002,present,ARMS_BelgiumCoast_AJJC81_20200506_20201012,SAMEA10020970,2020-05-06/2020-10-12,2,DNA sequence reads,7339,DNA sequence reads,https://github.com/arms-mbon/documentation/tree/main/armsmbon_handbook,ERR7125480,PEMA v2.1.4 https://github.com/hariszaf/pema | https://github.com/arms-mbon/analysis_release_002/tree/main/parameter_files,CREST classifier; Minimum bit-score 155; LCA bitscore range 2% | PR2 v4.13 | VSEARCH v2.9.1; clustering similarity 97%,Belgian Part of the North Sea (http://marineregions.org/mrgid/26567),51.6533567,2.79178508,BE,BelgiumCoast_AJJC81,38.0,38.0,Wind farm; semi-industrial; 9.5 - Subtidal Sandy-Mud,,Was a crate cover used when retrieving the unit: no; Which component of the ARMS unit material was extracted: Motile,https://github.com/arms-mbon/data_release_002,Main genome;Eukaryota;Stramenopiles;Ochrophyta;Bacillariophyta;Raphid-pennate;NA;NA;NA;NA;NA,urn:lsid:marinespecies.org:taxname:148898,Bacillariophyta,Phylum,Otu410,NCBI:2836,ARMS_BelgiumCoast_AJJC81_20200506_20201012_MF100_s1_r1
ARMS_BelgiumCoast_AJJC81_20200506_20201012_MF100_s1_r1:Otu259,MaterialSample,ARMS-MBON,data_release_002,present,ARMS_BelgiumCoast_AJJC81_20200506_20201012,SAMEA10020970,2020-05-06/2020-10-12,4,DNA sequence reads,7339,DNA sequence reads,https://github.com/arms-mbon/documentation/tree/main/armsmbon_handbook,ERR7125480,PEMA v2.1.4 https://github.com/hariszaf/pema | https://github.com/arms-mbon/analysis_release_002/tree/main/parameter_files,CREST classifier; Minimum bit-score 155; LCA bitscore range 2% | PR2 v4.13 | VSEARCH v2.9.1; clustering similarity 97%,Belgian Part of the North Sea (http://marineregions.org/mrgid/26567),51.6533567,2.79178508,BE,BelgiumCoast_AJJC81,38.0,38.0,Wind farm; semi-industrial; 9.5 - Subtidal Sandy-Mud,,Was a crate cover used when retrieving the unit: no; Which component of the ARMS unit material was extracted: Motile,https://github.com/arms-mbon/data_release_002,Main genome;Eukaryota;Opisthokonta;Fungi;Ascomycota;Pezizomycotina;Dothideomycetes;Davidiella;tassiana;NA;Davidiella tassiana,urn:lsid:marinespecies.org:taxname:100511,Cladosporium herbarum,Species,Otu259,NCBI:29918,ARMS_BelgiumCoast_AJJC81_20200506_20201012_MF100_s1_r1
ARMS_BelgiumCoast_AJJC81_20200506_20201012_MF100_s1_r1:Otu25,MaterialSample,ARMS-MBON,data_release_002,present,ARMS_BelgiumCoast_AJJC81_20200506_20201012,SAMEA10020970,2020-05-06/2020-10-12,4,DNA sequence reads,7339,DNA sequence reads,https://github.com/arms-mbon/documentation/tree/main/armsmbon_handbook,ERR7125480,PEMA v2.1.4 https://github.com/hariszaf/pema | https://github.com/arms-mbon/analysis_release_002/tree/main/parameter_files,CREST classifier; Minimum bit-score 155; LCA bitscore range 2% | PR2 v4.13 | VSEARCH v2.9.1; clustering similarity 97%,Belgian Part of the North Sea (http://marineregions.org/mrgid/26567),51.6533567,2.79178508,BE,BelgiumCoast_AJJC81,38.0,38.0,Wind farm; semi-industrial; 9.5 - Subtidal Sandy-Mud,uncertain classification (not marine),Was a crate cover used when retrieving the unit: no; Which component of the ARMS unit material was extracted: Motile,https://github.com/arms-mbon/data_release_002,Main genome;Eukaryota;Stramenopiles;Sagenista;Labyrinthulomycetes;Labyrinthulida;Labyrinthulaceae;Aplanochytrium;NA;NA;NA,urn:lsid:marinespecies.org:taxname:162949,Aplanochytrium,Genus,Otu25,NCBI:87110,ARMS_BelgiumCoast_AJJC81_20200506_20201012_MF100_s1_r1
ARMS_BelgiumCoast_AJJC81_20200506_20201012_MF100_s1_r1:Otu176,MaterialSample,ARMS-MBON,data_release_002,present,ARMS_BelgiumCoast_AJJC81_20200506_20201012,SAMEA10020970,2020-05-06/2020-10-12,6,DNA sequence reads,7339,DNA sequence reads,https://github.com/arms-mbon/documentation/tree/main/armsmbon_handbook,ERR7125480,PEMA v2.1.4 https://github.com/hariszaf/pema | https://github.com/arms-mbon/analysis_release_002/tree/main/parameter_files,CREST classifier; Minimum bit-score 155; LCA bitscore range 2% | PR2 v4.13 | VSEARCH v2.9.1; clustering similarity 97%,Belgian Part of the North Sea (http://marineregions.org/mrgid/26567),51.6533567,2.79178508,BE,BelgiumCoast_AJJC81,38.0,38.0,Wind farm; semi-industrial; 9.5 - Subtidal Sandy-Mud,,Was a crate cover used when retrieving the unit: no; Which component of the ARMS unit material was extracted: Motile,https://github.com/arms-mbon/data_release_002,Main genome;Eukaryota;Opisthokonta;Metazoa;Platyhelminthes;Turbellaria;Polycladida;Stylochus;NA;NA;NA,urn:lsid:marinespecies.org:taxname:142245,Stylochus,Genus,Otu176,NCBI:31257,ARMS_BelgiumCoast_AJJC81_20200506_20201012_MF100_s1_r1
ARMS_BelgiumCoast_AJJC81_20200506_20201012_MF100_s1_r1:Otu229,MaterialSample,ARMS-MBON,data_release_002,present,ARMS_BelgiumCoast_AJJC81_20200506_20201012,SAMEA10020970,2020-05-06/2020-10-12,6,DNA sequence reads,7339,DNA sequence reads,https://github.com/arms-mbon/documentation/tree/main/armsmbon_handbook,ERR7125480,PEMA v2.1.4 https://github.com/hariszaf/pema | https://github.com/arms-mbon/analysis_release_002/tree/main/parameter_files,CREST classifier; Minimum bit-score 155; LCA bitscore range 2% | PR2 v4.13 | VSEARCH v2.9.1; clustering similarity 97%,Belgian Part of the North Sea (http://marineregions.org/mrgid/26567),51.6533567,2.79178508,BE,BelgiumCoast_AJJC81,38.0,38.0,Wind farm; semi-industrial; 9.5 - Subtidal Sandy-Mud,uncertain classification (not marine),Was a crate cover used when retrieving the unit: no; Which component of the ARMS unit material was extracted: Motile,https://github.com/arms-mbon/data_release_002,Main genome;Eukaryota;Opisthokonta;Fungi;NA;NA;NA;NA;NA;NA;NA,urn:lsid:marinespecies.org:taxname:4,Fungi,Kingdom,Otu229,NCBI:4751,ARMS_BelgiumCoast_AJJC81_20200506_20201012_MF100_s1_r1
ARMS_BelgiumCoast_AJJC81_20200506_20201012_MF100_s1_r1:Otu350,MaterialSample,ARMS-MBON,data_release_002,present,ARMS_BelgiumCoast_AJJC81_20200506_20201012,SAMEA10020970,2020-05-06/2020-10-12,3,DNA sequence reads,7339,DNA sequence reads,https://github.com/arms-mbon/documentation/tree/main/armsmbon_handbook,ERR7125480,PEMA v2.1.4 https://github.com/hariszaf/pema | https://github.com/arms-mbon/analysis_release_002/tree/main/parameter_files,CREST classifier; Minimum bit-score 155; LCA bitscore range 2% | PR2 v4.13 | VSEARCH v2.9.1; clustering similarity 97%,Belgian Part of the North Sea (http://marineregions.org/mrgid/26567),51.6533567,2.79178508,BE,BelgiumCoast_AJJC81,38.0,38.0,Wind farm; semi-industrial; 9.5 - Subtidal Sandy-Mud,,Was a crate cover used when retrieving the unit: no; Which component of the ARMS unit material was extracted: Motile,https://github.com/arms-mbon/data_release_002,Main genome;Eukaryota;Hacrobia;Picozoa;NA;NA;NA;NA;NA;NA;NA,urn:lsid:marinespecies.org:taxname:730531,Picozoa,Phylum (Division),Otu350,NCBI:419944,ARMS_BelgiumCoast_AJJC81_20200506_20201012_MF100_s1_r1
ARMS_BelgiumCoast_AJJC81_20200506_20201012_MF100_s1_r1:Otu126,MaterialSample,ARMS-MBON,data_release_002,present,ARMS_BelgiumCoast_AJJC81_20200506_20201012,SAMEA10020970,2020-05-06/2020-10-12,14,DNA sequence reads,7339,DNA sequence reads,https://github.com/arms-mbon/documentation/tree/main/armsmbon_handbook,ERR7125480,PEMA v2.1.4 https://github.com/hariszaf/pema | https://github.com/arms-mbon/analysis_release_002/tree/main/parameter_files,CREST classifier; Minimum bit-score 155; LCA bitscore range 2% | PR2 v4.13 | VSEARCH v2.9.1; clustering similarity 97%,Belgian Part of the North Sea (http://marineregions.org/mrgid/26567),51.6533567,2.79178508,BE,BelgiumCoast_AJJC81,38.0,38.0,Wind farm; semi-industrial; 9.5 - Subtidal Sandy-Mud,,Was a crate cover used when retrieving the unit: no; Which component of the ARMS unit material was extracted: Motile,https://github.com/arms-mbon/data_release_002,Main genome;Eukaryota;Opisthokonta;Mesomycetozoa;Ichthyosporea;Ichthyosphonida;Pseudoperkinsidae;NA;NA;NA;NA,urn:lsid:marinespecies.org:taxname:1476515,Ichthyophonidae,Family,Otu126,NCBI:2586436,ARMS_BelgiumCoast_AJJC81_20200506_20201012_MF100_s1_r1
ARMS_BelgiumCoast_AJJC81_20200506_20201012_MF100_s1_r1:Otu125,MaterialSample,ARMS-MBON,data_release_002,present,ARMS_BelgiumCoast_AJJC81_20200506_20201012,SAMEA10020970,2020-05-06/2020-10-12,23,DNA sequence reads,7339,DNA sequence reads,https://github.com/arms-mbon/documentation/tree/main/armsmbon_handbook,ERR7125480,PEMA v2.1.4 https://github.com/hariszaf/pema | https://github.com/arms-mbon/analysis_release_002/tree/main/parameter_files,CREST classifier; Minimum bit-score 155; LCA bitscore range 2% | PR2 v4.13 | VSEARCH v2.9.1; clustering similarity 97%,Belgian Part of the North Sea (http://marineregions.org/mrgid/26567),51.6533567,2.79178508,BE,BelgiumCoast_AJJC81,38.0,38.0,Wind farm; semi-industrial; 9.5 - Subtidal Sandy-Mud,uncertain classification (not marine),Was a crate cover used when retrieving the unit: no; Which component of the ARMS unit material was extracted: Motile,https://github.com/arms-mbon/data_release_002,Main genome;Eukaryota;Archaeplastida;Chlorophyta;Trebouxiophyceae;Chlorellales;NA;NA;NA;NA;NA,urn:lsid:marinespecies.org:taxname:160574,Chlorellales,Order,Otu125,NCBI:35460,ARMS_BelgiumCoast_AJJC81_20200506_20201012_MF100_s1_r1
ARMS_BelgiumCoast_AJJC81_20200506_20201012_MF100_s1_r1:Otu60,MaterialSample,ARMS-MBON,data_release_002,present,ARMS_BelgiumCoast_AJJC81_20200506_20201012,SAMEA10020970,2020-05-06/2020-10-12,41,DNA sequence reads,7339,DNA sequence reads,https://github.com/arms-mbon/documentation/tree/main/armsmbon_handbook,ERR7125480,PEMA v2.1.4 https://github.com/hariszaf/pema | https://github.com/arms-mbon/analysis_release_002/tree/main/parameter_files,CREST classifier; Minimum bit-score 155; LCA bitscore range 2% | PR2 v4.13 | VSEARCH v2.9.1; clustering similarity 97%,Belgian Part of the North Sea (http://marineregions.org/mrgid/26567),51.6533567,2.79178508,BE,BelgiumCoast_AJJC81,38.0,38.0,Wind farm; semi-industrial; 9.5 - Subtidal Sandy-Mud,,Was a crate cover used when retrieving the unit: no; Which component of the ARMS unit material was extracted: Motile,https://github.com/arms-mbon/data_release_002,Main genome;Eukaryota;Opisthokonta;Metazoa;Gastrotricha;Chaetonotus;NA;NA;NA;NA;NA,urn:lsid:marinespecies.org:taxname:114427,Chaetonotus,Genus,Otu60,NCBI:68038,ARMS_BelgiumCoast_AJJC81_20200506_20201012_MF100_s1_r1
ARMS_BelgiumCoast_AJJC81_20200506_20201012_MF100_s1_r1:Otu65,MaterialSample,ARMS-MBON,data_release_002,present,ARMS_BelgiumCoast_AJJC81_20200506_20201012,SAMEA10020970,2020-05-06/2020-10-12,4,DNA sequence reads,7339,DNA sequence reads,https://github.com/arms-mbon/documentation/tree/main/armsmbon_handbook,ERR7125480,PEMA v2.1.4 https://github.com/hariszaf/pema | https://github.com/arms-mbon/analysis_release_002/tree/main/parameter_files,CREST classifier; Minimum bit-score 155; LCA bitscore range 2% | PR2 v4.13 | VSEARCH v2.9.1; clustering similarity 97%,Belgian Part of the North Sea (http://marineregions.org/mrgid/26567),51.6533567,2.79178508,BE,BelgiumCoast_AJJC81,38.0,38.0,Wind farm; semi-industrial; 9.5 - Subtidal Sandy-Mud,uncertain classification (not marine),Was a crate cover used when retrieving the unit: no; Which component of the ARMS unit material was extracted: Motile,https://github.com/arms-mbon/data_release_002,Main genome;Eukaryota;Opisthokonta;Metazoa;Arthropoda;Crustacea;Maxillopoda;NA;NA;NA;NA,urn:lsid:marinespecies.org:taxname:1066,Crustacea,Subphylum,Otu65,NCBI:6657,ARMS_BelgiumCoast_AJJC81_20200506_20201012_MF100_s1_r1
ARMS_BelgiumCoast_AJJC81_20200506_20201012_MF100_s1_r1:Otu117,MaterialSample,ARMS-MBON,data_release_002,present,ARMS_BelgiumCoast_AJJC81_20200506_20201012,SAMEA10020970,2020-05-06/2020-10-12,15,DNA sequence reads,7339,DNA sequence reads,https://github.com/arms-mbon/documentation/tree/main/armsmbon_handbook,ERR7125480,PEMA v2.1.4 https://github.com/hariszaf/pema | https://github.com/arms-mbon/analysis_release_002/tree/main/parameter_files,CREST classifier; Minimum bit-score 155; LCA bitscore range 2% | PR2 v4.13 | VSEARCH v2.9.1; clustering similarity 97%,Belgian Part of the North Sea (http://marineregions.org/mrgid/26567),51.6533567,2.79178508,BE,BelgiumCoast_AJJC81,38.0,38.0,Wind farm; semi-industrial; 9.5 - Subtidal Sandy-Mud,,Was a crate cover used when retrieving the unit: no; Which component of the ARMS unit material was extracted: Motile,https://github.com/arms-mbon/data_release_002,Main genome;Eukaryota;Opisthokonta;Metazoa;Echinodermata;NA;NA;NA;NA;NA;NA,urn:lsid:marinespecies.org:taxname:1806,Echinodermata,Phylum,Otu117,NCBI:7586,ARMS_BelgiumCoast_AJJC81_20200506_20201012_MF100_s1_r1
ARMS_BelgiumCoast_AJJC81_20200506_20201012_MF100_s1_r1:Otu110,MaterialSample,ARMS-MBON,data_release_002,present,ARMS_BelgiumCoast_AJJC81_20200506_20201012,SAMEA10020970,2020-05-06/2020-10-12,16,DNA sequence reads,7339,DNA sequence reads,https://github.com/arms-mbon/documentation/tree/main/armsmbon_handbook,ERR7125480,PEMA v2.1.4 https://github.com/hariszaf/pema | https://github.com/arms-mbon/analysis_release_002/tree/main/parameter_files,CREST classifier; Minimum bit-score 155; LCA bitscore range 2% | PR2 v4.13 | VSEARCH v2.9.1; clustering similarity 97%,Belgian Part of the North Sea (http://marineregions.org/mrgid/26567),51.6533567,2.79178508,BE,BelgiumCoast_AJJC81,38.0,38.0,Wind farm; semi-industrial; 9.5 - Subtidal Sandy-Mud,uncertain classification (not marine),Was a crate cover used when retrieving the unit: no; Which component of the ARMS unit material was extracted: Motile,https://github.com/arms-mbon/data_release_002,Main genome;Eukaryota;Opisthokonta;Metazoa;Nematoda;Chromadorea;NA;NA;NA;NA;NA,urn:lsid:marinespecies.org:taxname:731848,Chromadorea,Class,Otu110,NCBI:119089,ARMS_BelgiumCoast_AJJC81_20200506_20201012_MF100_s1_r1
ARMS_BelgiumCoast_AJJC81_20200506_20201012_MF100_s1_r1:Otu111,MaterialSample,ARMS-MBON,data_release_002,present,ARMS_BelgiumCoast_AJJC81_20200506_20201012,SAMEA10020970,2020-05-06/2020-10-12,16,DNA sequence reads,7339,DNA sequence reads,https://github.com/arms-mbon/documentation/tree/main/armsmbon_handbook,ERR7125480,PEMA v2.1.4 https://github.com/hariszaf/pema | https://github.com/arms-mbon/analysis_release_002/tree/main/parameter_files,CREST classifier; Minimum bit-score 155; LCA bitscore range 2% | PR2 v4.13 | VSEARCH v2.9.1; clustering similarity 97%,Belgian Part of the North Sea (http://marineregions.org/mrgid/26567),51.6533567,2.79178508,BE,BelgiumCoast_AJJC81,38.0,38.0,Wind farm; semi-industrial; 9.5 - Subtidal Sandy-Mud,uncertain classification (not marine),Was a crate cover used when retrieving the unit: no; Which component of the ARMS unit material was extracted: Motile,https://github.com/arms-mbon/data_release_002,Main genome;Eukaryota;Archaeplastida;Streptophyta;Embryophyceae;NA;NA;NA;NA;NA;NA,urn:lsid:marinespecies.org:taxname:536191,Streptophyta,Infrakingdom,Otu111,NCBI:35493,ARMS_BelgiumCoast_AJJC81_20200506_20201012_MF100_s1_r1
ARMS_BelgiumCoast_AJJC81_20200506_20201012_MF100_s1_r1:Otu118,MaterialSample,ARMS-MBON,data_release_002,present,ARMS_BelgiumCoast_AJJC81_20200506_20201012,SAMEA10020970,2020-05-06/2020-10-12,15,DNA sequence reads,7339,DNA sequence reads,https://github.com/arms-mbon/documentation/tree/main/armsmbon_handbook,ERR7125480,PEMA v2.1.4 https://github.com/hariszaf/pema | https://github.com/arms-mbon/analysis_release_002/tree/main/parameter_files,CREST classifier; Minimum bit-score 155; LCA bitscore range 2% | PR2 v4.13 | VSEARCH v2.9.1; clustering similarity 97%,Belgian Part of the North Sea (http://marineregions.org/mrgid/26567),51.6533567,2.79178508,BE,BelgiumCoast_AJJC81,38.0,38.0,Wind farm; semi-industrial; 9.5 - Subtidal Sandy-Mud,,Was a crate cover used when retrieving the unit: no; Which component of the ARMS unit material was extracted: Motile,https://github.com/arms-mbon/data_release_002,Main genome;Eukaryota;Alveolata;Dinoflagellata;Syndiniales;Dino-Group-I;Dino-Group-I-Clade-4;NA;NA;NA;NA,urn:lsid:marinespecies.org:taxname:146213,Syndiniales,Order,Otu118,NCBI:88547,ARMS_BelgiumCoast_AJJC81_20200506_20201012_MF100_s1_r1
ARMS_BelgiumCoast_AJJC81_20200506_20201012_MF100_s1_r1:Otu119,MaterialSample,ARMS-MBON,data_release_002,present,ARMS_BelgiumCoast_AJJC81_20200506_20201012,SAMEA10020970,2020-05-06/2020-10-12,15,DNA sequence reads,7339,DNA sequence reads,https://github.com/arms-mbon/documentation/tree/main/armsmbon_handbook,ERR7125480,PEMA v2.1.4 https://github.com/hariszaf/pema | https://github.com/arms-mbon/analysis_release_002/tree/main/parameter_files,CREST classifier; Minimum bit-score 155; LCA bitscore range 2% | PR2 v4.13 | VSEARCH v2.9.1; clustering similarity 97%,Belgian Part of the North Sea (http://marineregions.org/mrgid/26567),51.6533567,2.79178508,BE,BelgiumCoast_AJJC81,38.0,38.0,Wind farm; semi-industrial; 9.5 - Subtidal Sandy-Mud,,Was a crate cover used when retrieving the unit: no; Which component of the ARMS unit material was extracted: Motile,https://github.com/arms-mbon/data_release_002,Main genome;Eukaryota;Archaeplastida;Prasinodermophyta;Prasinodermophyceae;Prasinodermales;Prasinodermaceae;Prasinoderma;NA;NA;NA,urn:lsid:marinespecies.org:taxname:370098,Prasinoderma,Genus,Otu119,NCBI:156132,ARMS_BelgiumCoast_AJJC81_20200506_20201012_MF100_s1_r1
ARMS_BelgiumCoast_AJJC81_20200506_20201012_MF100_s1_r1:Otu38,MaterialSample,ARMS-MBON,data_release_002,present,ARMS_BelgiumCoast_AJJC81_20200506_20201012,SAMEA10020970,2020-05-06/2020-10-12,106,DNA sequence reads,7339,DNA sequence reads,https://github.com/arms-mbon/documentation/tree/main/armsmbon_handbook,ERR7125480,PEMA v2.1.4 https://github.com/hariszaf/pema | https://github.com/arms-mbon/analysis_release_002/tree/main/parameter_files,CREST classifier; Minimum bit-score 155; LCA bitscore range 2% | PR2 v4.13 | VSEARCH v2.9.1; clustering similarity 97%,Belgian Part of the North Sea (http://marineregions.org/mrgid/26567),51.6533567,2.79178508,BE,BelgiumCoast_AJJC81,38.0,38.0,Wind farm; semi-industrial; 9.5 - Subtidal Sandy-Mud,,Was a crate cover used when retrieving the unit: no; Which component of the ARMS unit material was extracted: Motile,https://github.com/arms-mbon/data_release_002,Main genome;Eukaryota;Alveolata;Dinoflagellata;Dinophyceae;Gymnodiniales;Gymnodiniaceae;Gyrodinium;fusiforme;NA;Gyrodinium fusiforme,urn:lsid:marinespecies.org:taxname:109856,Gyrodinium fusiforme,Species,Otu38,NCBI:244961,ARMS_BelgiumCoast_AJJC81_20200506_20201012_MF100_s1_r1
ARMS_BelgiumCoast_AJJC81_20200506_20201012_MF100_s1_r1:Otu83,MaterialSample,ARMS-MBON,data_release_002,present,ARMS_BelgiumCoast_AJJC81_20200506_20201012,SAMEA10020970,2020-05-06/2020-10-12,18,DNA sequence reads,7339,DNA sequence reads,https://github.com/arms-mbon/documentation/tree/main/armsmbon_handbook,ERR7125480,PEMA v2.1.4 https://github.com/hariszaf/pema | https://github.com/arms-mbon/analysis_release_002/tree/main/parameter_files,CREST classifier; Minimum bit-score 155; LCA bitscore range 2% | PR2 v4.13 | VSEARCH v2.9.1; clustering similarity 97%,Belgian Part of the North Sea (http://marineregions.org/mrgid/26567),51.6533567,2.79178508,BE,BelgiumCoast_AJJC81,38.0,38.0,Wind farm; semi-industrial; 9.5 - Subtidal Sandy-Mud,uncertain classification (not marine),Was a crate cover used when retrieving the unit: no; Which component of the ARMS unit material was extracted: Motile,https://github.com/arms-mbon/data_release_002,Main genome;Eukaryota;Opisthokonta;Metazoa;Arthropoda;Crustacea;Maxillopoda;NA;NA;NA;NA,urn:lsid:marinespecies.org:taxname:1066,Crustacea,Subphylum,Otu83,NCBI:6657,ARMS_BelgiumCoast_AJJC81_20200506_20201012_MF100_s1_r1
ARMS_BelgiumCoast_AJJC81_20200506_20201012_MF100_s1_r1:Otu82,MaterialSample,ARMS-MBON,data_release_002,present,ARMS_BelgiumCoast_AJJC81_20200506_20201012,SAMEA10020970,2020-05-06/2020-10-12,47,DNA sequence reads,7339,DNA sequence reads,https://github.com/arms-mbon/documentation/tree/main/armsmbon_handbook,ERR7125480,PEMA v2.1.4 https://github.com/hariszaf/pema | https://github.com/arms-mbon/analysis_release_002/tree/main/parameter_files,CREST classifier; Minimum bit-score 155; LCA bitscore range 2% | PR2 v4.13 | VSEARCH v2.9.1; clustering similarity 97%,Belgian Part of the North Sea (http://marineregions.org/mrgid/26567),51.6533567,2.79178508,BE,BelgiumCoast_AJJC81,38.0,38.0,Wind farm; semi-industrial; 9.5 - Subtidal Sandy-Mud,,Was a crate cover used when retrieving the unit: no; Which component of the ARMS unit material was extracted: Motile,https://github.com/arms-mbon/data_release_002,Main genome;Eukaryota;Stramenopiles;Ochrophyta;Bacillariophyta;Polar-centric-Mediophyceae;NA;NA;NA;NA;NA,urn:lsid:marinespecies.org:taxname:345483,Mediophyceae,Class,Otu82,NCBI:589449,ARMS_BelgiumCoast_AJJC81_20200506_20201012_MF100_s1_r1
ARMS_BelgiumCoast_AJJC81_20200506_20201012_MF100_s1_r1:Otu87,MaterialSample,ARMS-MBON,data_release_002,present,ARMS_BelgiumCoast_AJJC81_20200506_20201012,SAMEA10020970,2020-05-06/2020-10-12,18,DNA sequence reads,7339,DNA sequence reads,https://github.com/arms-mbon/documentation/tree/main/armsmbon_handbook,ERR7125480,PEMA v2.1.4 https://github.com/hariszaf/pema | https://github.com/arms-mbon/analysis_release_002/tree/main/parameter_files,CREST classifier; Minimum bit-score 155; LCA bitscore range 2% | PR2 v4.13 | VSEARCH v2.9.1; clustering similarity 97%,Belgian Part of the North Sea (http://marineregions.org/mrgid/26567),51.6533567,2.79178508,BE,BelgiumCoast_AJJC81,38.0,38.0,Wind farm; semi-industrial; 9.5 - Subtidal Sandy-Mud,uncertain classification (not marine),Was a crate cover used when retrieving the unit: no; Which component of the ARMS unit material was extracted: Motile,https://github.com/arms-mbon/data_release_002,Main genome;Eukaryota;Opisthokonta;Fungi;Basidiomycota;Ustilaginomycotina;Exobasidiomycetes;NA;NA;NA;NA,urn:lsid:marinespecies.org:taxname:177193,Exobasidiomycetidae,Subclass,Otu87,NCBI:452283,ARMS_BelgiumCoast_AJJC81_20200506_20201012_MF100_s1_r1
ARMS_BelgiumCoast_AJJC81_20200506_20201012_MF100_s1_r1:Otu86,MaterialSample,ARMS-MBON,data_release_002,present,ARMS_BelgiumCoast_AJJC81_20200506_20201012,SAMEA10020970,2020-05-06/2020-10-12,23,DNA sequence reads,7339,DNA sequence reads,https://github.com/arms-mbon/documentation/tree/main/armsmbon_handbook,ERR7125480,PEMA v2.1.4 https://github.com/hariszaf/pema | https://github.com/arms-mbon/analysis_release_002/tree/main/parameter_files,CREST classifier; Minimum bit-score 155; LCA bitscore range 2% | PR2 v4.13 | VSEARCH v2.9.1; clustering similarity 97%,Belgian Part of the North Sea (http://marineregions.org/mrgid/26567),51.6533567,2.79178508,BE,BelgiumCoast_AJJC81,38.0,38.0,Wind farm; semi-industrial; 9.5 - Subtidal Sandy-Mud,,Was a crate cover used when retrieving the unit: no; Which component of the ARMS unit material was extracted: Motile,https://github.com/arms-mbon/data_release_002,Main genome;Eukaryota;Alveolata;Apicomplexa;Gregarinomorphea;Eugregarinorida;Porosporidae;NA;NA;NA;NA,urn:lsid:marinespecies.org:taxname:465333,Porosporidae,Family,Otu86,NCBI:947094,ARMS_BelgiumCoast_AJJC81_20200506_20201012_MF100_s1_r1
ARMS_BelgiumCoast_AJJC81_20200506_20201012_MF100_s1_r1:Otu89,MaterialSample,ARMS-MBON,data_release_002,present,ARMS_BelgiumCoast_AJJC81_20200506_20201012,SAMEA10020970,2020-05-06/2020-10-12,2,DNA sequence reads,7339,DNA sequence reads,https://github.com/arms-mbon/documentation/tree/main/armsmbon_handbook,ERR7125480,PEMA v2.1.4 https://github.com/hariszaf/pema | https://github.com/arms-mbon/analysis_release_002/tree/main/parameter_files,CREST classifier; Minimum bit-score 155; LCA bitscore range 2% | PR2 v4.13 | VSEARCH v2.9.1; clustering similarity 97%,Belgian Part of the North Sea (http://marineregions.org/mrgid/26567),51.6533567,2.79178508,BE,BelgiumCoast_AJJC81,38.0,38.0,Wind farm; semi-industrial; 9.5 - Subtidal Sandy-Mud,,Was a crate cover used when retrieving the unit: no; Which component of the ARMS unit material was extracted: Motile,https://github.com/arms-mbon/data_release_002,Main genome;Eukaryota;Opisthokonta;Fungi;Ascomycota;Saccharomycotina;Saccharomycetales;NA;NA;NA;NA,urn:lsid:marinespecies.org:taxname:147580,Endomycetales,Order,Otu89,NCBI:4892,ARMS_BelgiumCoast_AJJC81_20200506_20201012_MF100_s1_r1
ARMS_BelgiumCoast_AJJC81_20200506_20201012_MF100_s1_r1:Otu349,MaterialSample,ARMS-MBON,data_release_002,present,ARMS_BelgiumCoast_AJJC81_20200506_20201012,SAMEA10020970,2020-05-06/2020-10-12,3,DNA sequence reads,7339,DNA sequence reads,https://github.com/arms-mbon/documentation/tree/main/armsmbon_handbook,ERR7125480,PEMA v2.1.4 https://github.com/hariszaf/pema | https://github.com/arms-mbon/analysis_release_002/tree/main/parameter_files,CREST classifier; Minimum bit-score 155; LCA bitscore range 2% | PR2 v4.13 | VSEARCH v2.9.1; clustering similarity 97%,Belgian Part of the North Sea (http://marineregions.org/mrgid/26567),51.6533567,2.79178508,BE,BelgiumCoast_AJJC81,38.0,38.0,Wind farm; semi-industrial; 9.5 - Subtidal Sandy-Mud,,Was a crate cover used when retrieving the unit: no; Which component of the ARMS unit material was extracted: Motile,https://github.com/arms-mbon/data_release_002,Main genome;Eukaryota;Opisthokonta;Metazoa;Brachiopoda;NA;NA;NA;NA;NA;NA,urn:lsid:marinespecies.org:taxname:1803,Brachiopoda,Phylum,Otu349,NCBI:7568,ARMS_BelgiumCoast_AJJC81_20200506_20201012_MF100_s1_r1
ARMS_BelgiumCoast_AJJC81_20200506_20201012_MF100_s1_r1:Otu71,MaterialSample,ARMS-MBON,data_release_002,present,ARMS_BelgiumCoast_AJJC81_20200506_20201012,SAMEA10020970,2020-05-06/2020-10-12,18,DNA sequence reads,7339,DNA sequence reads,https://github.com/arms-mbon/documentation/tree/main/armsmbon_handbook,ERR7125480,PEMA v2.1.4 https://github.com/hariszaf/pema | https://github.com/arms-mbon/analysis_release_002/tree/main/parameter_files,CREST classifier; Minimum bit-score 155; LCA bitscore range 2% | PR2 v4.13 | VSEARCH v2.9.1; clustering similarity 97%,Belgian Part of the North Sea (http://marineregions.org/mrgid/26567),51.6533567,2.79178508,BE,BelgiumCoast_AJJC81,38.0,38.0,Wind farm; semi-industrial; 9.5 - Subtidal Sandy-Mud,uncertain classification (not marine),Was a crate cover used when retrieving the unit: no; Which component of the ARMS unit material was extracted: Motile,https://github.com/arms-mbon/data_release_002,Main genome;Eukaryota;Rhizaria;Cercozoa;Filosa-Sarcomonadea;Glissomonadida;Sandonidae;NA;NA;NA;NA,urn:lsid:marinespecies.org:taxname:590940,Sandonidae,Family,Otu71,NCBI:2586441,ARMS_BelgiumCoast_AJJC81_20200506_20201012_MF100_s1_r1
ARMS_BelgiumCoast_AJJC81_20200506_20201012_MF100_s1_r1:Otu76,MaterialSample,ARMS-MBON,data_release_002,present,ARMS_BelgiumCoast_AJJC81_20200506_20201012,SAMEA10020970,2020-05-06/2020-10-12,28,DNA sequence reads,7339,DNA sequence reads,https://github.com/arms-mbon/documentation/tree/main/armsmbon_handbook,ERR7125480,PEMA v2.1.4 https://github.com/hariszaf/pema | https://github.com/arms-mbon/analysis_release_002/tree/main/parameter_files,CREST classifier; Minimum bit-score 155; LCA bitscore range 2% | PR2 v4.13 | VSEARCH v2.9.1; clustering similarity 97%,Belgian Part of the North Sea (http://marineregions.org/mrgid/26567),51.6533567,2.79178508,BE,BelgiumCoast_AJJC81,38.0,38.0,Wind farm; semi-industrial; 9.5 - Subtidal Sandy-Mud,,Was a crate cover used when retrieving the unit: no; Which component of the ARMS unit material was extracted: Motile,https://github.com/arms-mbon/data_release_002,Main genome;Eukaryota;Opisthokonta;Metazoa;Arthropoda;Crustacea;Maxillopoda;Paramenophia;NA;NA;NA,urn:lsid:marinespecies.org:taxname:150175,Paramenophia,Genus,Otu76,NCBI:512235,ARMS_BelgiumCoast_AJJC81_20200506_20201012_MF100_s1_r1
ARMS_BelgiumCoast_AJJC81_20200506_20201012_MF100_s1_r1:Otu74,MaterialSample,ARMS-MBON,data_release_002,present,ARMS_BelgiumCoast_AJJC81_20200506_20201012,SAMEA10020970,2020-05-06/2020-10-12,41,DNA sequence reads,7339,DNA sequence reads,https://github.com/arms-mbon/documentation/tree/main/armsmbon_handbook,ERR7125480,PEMA v2.1.4 https://github.com/hariszaf/pema | https://github.com/arms-mbon/analysis_release_002/tree/main/parameter_files,CREST classifier; Minimum bit-score 155; LCA bitscore range 2% | PR2 v4.13 | VSEARCH v2.9.1; clustering similarity 97%,Belgian Part of the North Sea (http://marineregions.org/mrgid/26567),51.6533567,2.79178508,BE,BelgiumCoast_AJJC81,38.0,38.0,Wind farm; semi-industrial; 9.5 - Subtidal Sandy-Mud,,Was a crate cover used when retrieving the unit: no; Which component of the ARMS unit material was extracted: Motile,https://github.com/arms-mbon/data_release_002,Main genome;Eukaryota;Alveolata;Apicomplexa;Gregarinomorphea;Eugregarinorida;Porosporidae;NA;NA;NA;NA,urn:lsid:marinespecies.org:taxname:465333,Porosporidae,Family,Otu74,NCBI:947094,ARMS_BelgiumCoast_AJJC81_20200506_20201012_MF100_s1_r1
ARMS_BelgiumCoast_AJJC81_20200506_20201012_MF100_s1_r1:Otu9,MaterialSample,ARMS-MBON,data_release_002,present,ARMS_BelgiumCoast_AJJC81_20200506_20201012,SAMEA10020970,2020-05-06/2020-10-12,2613,DNA sequence reads,7339,DNA sequence reads,https://github.com/arms-mbon/documentation/tree/main/armsmbon_handbook,ERR7125480,PEMA v2.1.4 https://github.com/hariszaf/pema | https://github.com/arms-mbon/analysis_release_002/tree/main/parameter_files,CREST classifier; Minimum bit-score 155; LCA bitscore range 2% | PR2 v4.13 | VSEARCH v2.9.1; clustering similarity 97%,Belgian Part of the North Sea (http://marineregions.org/mrgid/26567),51.6533567,2.79178508,BE,BelgiumCoast_AJJC81,38.0,38.0,Wind farm; semi-industrial; 9.5 - Subtidal Sandy-Mud,,Was a crate cover used when retrieving the unit: no; Which component of the ARMS unit material was extracted: Motile,https://github.com/arms-mbon/data_release_002,Main genome;Eukaryota;Opisthokonta;Metazoa;Cnidaria;Anthozoa;NA;NA;NA;NA;NA,urn:lsid:marinespecies.org:taxname:1292,Anthozoa,Subphylum,Otu9,NCBI:6101,ARMS_BelgiumCoast_AJJC81_20200506_20201012_MF100_s1_r1
ARMS_BelgiumCoast_AJJC81_20200506_20201012_MF100_s1_r1:Otu6,MaterialSample,ARMS-MBON,data_release_002,present,ARMS_BelgiumCoast_AJJC81_20200506_20201012,SAMEA10020970,2020-05-06/2020-10-12,10,DNA sequence reads,7339,DNA sequence reads,https://github.com/arms-mbon/documentation/tree/main/armsmbon_handbook,ERR7125480,PEMA v2.1.4 https://github.com/hariszaf/pema | https://github.com/arms-mbon/analysis_release_002/tree/main/parameter_files,CREST classifier; Minimum bit-score 155; LCA bitscore range 2% | PR2 v4.13 | VSEARCH v2.9.1; clustering similarity 97%,Belgian Part of the North Sea (http://marineregions.org/mrgid/26567),51.6533567,2.79178508,BE,BelgiumCoast_AJJC81,38.0,38.0,Wind farm; semi-industrial; 9.5 - Subtidal Sandy-Mud,uncertain classification (not marine),Was a crate cover used when retrieving the unit: no; Which component of the ARMS unit material was extracted: Motile,https://github.com/arms-mbon/data_release_002,Main genome;Eukaryota;Opisthokonta;Metazoa;Arthropoda;Crustacea;NA;NA;NA;NA;NA,urn:lsid:marinespecies.org:taxname:1066,Crustacea,Subphylum,Otu6,NCBI:6657,ARMS_BelgiumCoast_AJJC81_20200506_20201012_MF100_s1_r1
ARMS_BelgiumCoast_AJJC81_20200506_20201012_MF100_s1_r1:Otu4,MaterialSample,ARMS-MBON,data_release_002,present,ARMS_BelgiumCoast_AJJC81_20200506_20201012,SAMEA10020970,2020-05-06/2020-10-12,3972,DNA sequence reads,7339,DNA sequence reads,https://github.com/arms-mbon/documentation/tree/main/armsmbon_handbook,ERR7125480,PEMA v2.1.4 https://github.com/hariszaf/pema | https://github.com/arms-mbon/analysis_release_002/tree/main/parameter_files,CREST classifier; Minimum bit-score 155; LCA bitscore range 2% | PR2 v4.13 | VSEARCH v2.9.1; clustering similarity 97%,Belgian Part of the North Sea (http://marineregions.org/mrgid/26567),51.6533567,2.79178508,BE,BelgiumCoast_AJJC81,38.0,38.0,Wind farm; semi-industrial; 9.5 - Subtidal Sandy-Mud,,Was a crate cover used when retrieving the unit: no; Which component of the ARMS unit material was extracted: Motile,https://github.com/arms-mbon/data_release_002,Main genome;Eukaryota;Opisthokonta;Metazoa;Echinodermata;NA;NA;NA;NA;NA;NA,urn:lsid:marinespecies.org:taxname:1806,Echinodermata,Phylum,Otu4,NCBI:7586,ARMS_BelgiumCoast_AJJC81_20200506_20201012_MF100_s1_r1
ARMS_BelgiumCoast_AJJC81_20200506_20201012_MF100_s1_r1:Otu3,MaterialSample,ARMS-MBON,data_release_002,present,ARMS_BelgiumCoast_AJJC81_20200506_20201012,SAMEA10020970,2020-05-06/2020-10-12,5,DNA sequence reads,7339,DNA sequence reads,https://github.com/arms-mbon/documentation/tree/main/armsmbon_handbook,ERR7125480,PEMA v2.1.4 https://github.com/hariszaf/pema | https://github.com/arms-mbon/analysis_release_002/tree/main/parameter_files,CREST classifier; Minimum bit-score 155; LCA bitscore range 2% | PR2 v4.13 | VSEARCH v2.9.1; clustering similarity 97%,Belgian Part of the North Sea (http://marineregions.org/mrgid/26567),51.6533567,2.79178508,BE,BelgiumCoast_AJJC81,38.0,38.0,Wind farm; semi-industrial; 9.5 - Subtidal Sandy-Mud,,Was a crate cover used when retrieving the unit: no; Which component of the ARMS unit material was extracted: Motile,https://github.com/arms-mbon/data_release_002,Main genome;Eukaryota;Opisthokonta;Metazoa;Mollusca;Bivalvia;Ostreoida;Crassostrea;NA;NA;NA,urn:lsid:marinespecies.org:taxname:138297,Crassostrea,Genus,Otu3,NCBI:6564,ARMS_BelgiumCoast_AJJC81_20200506_20201012_MF100_s1_r1
ARMS_BelgiumCoast_AJJC81_20200506_20201012_MF100_s1_r1:Otu206,MaterialSample,ARMS-MBON,data_release_002,present,ARMS_BelgiumCoast_AJJC81_20200506_20201012,SAMEA10020970,2020-05-06/2020-10-12,7,DNA sequence reads,7339,DNA sequence reads,https://github.com/arms-mbon/documentation/tree/main/armsmbon_handbook,ERR7125480,PEMA v2.1.4 https://github.com/hariszaf/pema | https://github.com/arms-mbon/analysis_release_002/tree/main/parameter_files,CREST classifier; Minimum bit-score 155; LCA bitscore range 2% | PR2 v4.13 | VSEARCH v2.9.1; clustering similarity 97%,Belgian Part of the North Sea (http://marineregions.org/mrgid/26567),51.6533567,2.79178508,BE,BelgiumCoast_AJJC81,38.0,38.0,Wind farm; semi-industrial; 9.5 - Subtidal Sandy-Mud,uncertain classification (not marine),Was a crate cover used when retrieving the unit: no; Which component of the ARMS unit material was extracted: Motile,https://github.com/arms-mbon/data_release_002,Main genome;Eukaryota;Alveolata;Dinoflagellata;Dinophyceae;NA;NA;NA;NA;NA;NA,urn:lsid:marinespecies.org:taxname:146203,Dinoflagellata,Infraphylum,Otu206,NCBI:2864,ARMS_BelgiumCoast_AJJC81_20200506_20201012_MF100_s1_r1
ARMS_BelgiumCoast_AJJC81_20200506_20201012_MF100_s1_r1:Otu204,MaterialSample,ARMS-MBON,data_release_002,present,ARMS_BelgiumCoast_AJJC81_20200506_20201012,SAMEA10020970,2020-05-06/2020-10-12,6,DNA sequence reads,7339,DNA sequence reads,https://github.com/arms-mbon/documentation/tree/main/armsmbon_handbook,ERR7125480,PEMA v2.1.4 https://github.com/hariszaf/pema | https://github.com/arms-mbon/analysis_release_002/tree/main/parameter_files,CREST classifier; Minimum bit-score 155; LCA bitscore range 2% | PR2 v4.13 | VSEARCH v2.9.1; clustering similarity 97%,Belgian Part of the North Sea (http://marineregions.org/mrgid/26567),51.6533567,2.79178508,BE,BelgiumCoast_AJJC81,38.0,38.0,Wind farm; semi-industrial; 9.5 - Subtidal Sandy-Mud,,Was a crate cover used when retrieving the unit: no; Which component of the ARMS unit material was extracted: Motile,https://github.com/arms-mbon/data_release_002,Main genome;Eukaryota;NA;NA;NA;NA;NA;NA;NA;NA;NA,,Eukaryota,domain,Otu204,NCBI:2759,ARMS_BelgiumCoast_AJJC81_20200506_20201012_MF100_s1_r1
ARMS_BelgiumCoast_AJJC81_20200506_20201012_MF100_s1_r1:Otu106,MaterialSample,ARMS-MBON,data_release_002,present,ARMS_BelgiumCoast_AJJC81_20200506_20201012,SAMEA10020970,2020-05-06/2020-10-12,17,DNA sequence reads,7339,DNA sequence reads,https://github.com/arms-mbon/documentation/tree/main/armsmbon_handbook,ERR7125480,PEMA v2.1.4 https://github.com/hariszaf/pema | https://github.com/arms-mbon/analysis_release_002/tree/main/parameter_files,CREST classifier; Minimum bit-score 155; LCA bitscore range 2% | PR2 v4.13 | VSEARCH v2.9.1; clustering similarity 97%,Belgian Part of the North Sea (http://marineregions.org/mrgid/26567),51.6533567,2.79178508,BE,BelgiumCoast_AJJC81,38.0,38.0,Wind farm; semi-industrial; 9.5 - Subtidal Sandy-Mud,,Was a crate cover used when retrieving the unit: no; Which component of the ARMS unit material was extracted: Motile,https://github.com/arms-mbon/data_release_002,Main genome;Eukaryota;Alveolata;Ciliophora;Spirotrichea;Euplotia;Euplotidae;Euplotes;aediculatus;NA;Euplotes aediculatus,urn:lsid:marinespecies.org:taxname:427655,Euplotes aediculatus,Species,Otu106,NCBI:5940,ARMS_BelgiumCoast_AJJC81_20200506_20201012_MF100_s1_r1
ARMS_BelgiumCoast_AJJC81_20200506_20201012_MF100_s1_r1:Otu100,MaterialSample,ARMS-MBON,data_release_002,present,ARMS_BelgiumCoast_AJJC81_20200506_20201012,SAMEA10020970,2020-05-06/2020-10-12,19,DNA sequence reads,7339,DNA sequence reads,https://github.com/arms-mbon/documentation/tree/main/armsmbon_handbook,ERR7125480,PEMA v2.1.4 https://github.com/hariszaf/pema | https://github.com/arms-mbon/analysis_release_002/tree/main/parameter_files,CREST classifier; Minimum bit-score 155; LCA bitscore range 2% | PR2 v4.13 | VSEARCH v2.9.1; clustering similarity 97%,Belgian Part of the North Sea (http://marineregions.org/mrgid/26567),51.6533567,2.79178508,BE,BelgiumCoast_AJJC81,38.0,38.0,Wind farm; semi-industrial; 9.5 - Subtidal Sandy-Mud,,Was a crate cover used when retrieving the unit: no; Which component of the ARMS unit material was extracted: Motile,https://github.com/arms-mbon/data_release_002,Main genome;Eukaryota;Archaeplastida;Prasinodermophyta;Prasinodermophyceae;Prasinodermales;Prasinodermaceae;Prasinoderma;coloniale;NA;Prasinoderma coloniale,urn:lsid:marinespecies.org:taxname:375881,Prasinoderma coloniale,Species,Otu100,NCBI:156133,ARMS_BelgiumCoast_AJJC81_20200506_20201012_MF100_s1_r1
ARMS_BelgiumCoast_AJJC81_20200506_20201012_MF100_s1_r1:Otu192,MaterialSample,ARMS-MBON,data_release_002,present,ARMS_BelgiumCoast_AJJC81_20200506_20201012,SAMEA10020970,2020-05-06/2020-10-12,8,DNA sequence reads,7339,DNA sequence reads,https://github.com/arms-mbon/documentation/tree/main/armsmbon_handbook,ERR7125480,PEMA v2.1.4 https://github.com/hariszaf/pema | https://github.com/arms-mbon/analysis_release_002/tree/main/parameter_files,CREST classifier; Minimum bit-score 155; LCA bitscore range 2% | PR2 v4.13 | VSEARCH v2.9.1; clustering similarity 97%,Belgian Part of the North Sea (http://marineregions.org/mrgid/26567),51.6533567,2.79178508,BE,BelgiumCoast_AJJC81,38.0,38.0,Wind farm; semi-industrial; 9.5 - Subtidal Sandy-Mud,uncertain classification (not marine),Was a crate cover used when retrieving the unit: no; Which component of the ARMS unit material was extracted: Motile,https://github.com/arms-mbon/data_release_002,Main genome;Eukaryota;Rhizaria;Cercozoa;Filosa-Imbricatea;Thaumatomonadida;NA;NA;NA;NA;NA,urn:lsid:marinespecies.org:taxname:591250,Thaumatomonadida,Order,Otu192,NCBI:188944,ARMS_BelgiumCoast_AJJC81_20200506_20201012_MF100_s1_r1
ARMS_BelgiumCoast_AJJC81_20200506_20201012_MF100_s1_r1:Otu191,MaterialSample,ARMS-MBON,data_release_002,present,ARMS_BelgiumCoast_AJJC81_20200506_20201012,SAMEA10020970,2020-05-06/2020-10-12,8,DNA sequence reads,7339,DNA sequence reads,https://github.com/arms-mbon/documentation/tree/main/armsmbon_handbook,ERR7125480,PEMA v2.1.4 https://github.com/hariszaf/pema | https://github.com/arms-mbon/analysis_release_002/tree/main/parameter_files,CREST classifier; Minimum bit-score 155; LCA bitscore range 2% | PR2 v4.13 | VSEARCH v2.9.1; clustering similarity 97%,Belgian Part of the North Sea (http://marineregions.org/mrgid/26567),51.6533567,2.79178508,BE,BelgiumCoast_AJJC81,38.0,38.0,Wind farm; semi-industrial; 9.5 - Subtidal Sandy-Mud,,Was a crate cover used when retrieving the unit: no; Which component of the ARMS unit material was extracted: Motile,https://github.com/arms-mbon/data_release_002,Main genome;Eukaryota;Rhizaria;Cercozoa;Endomyxa-Phytomyxea;Phagomyxida;Phagomyxidae;NA;NA;NA;NA,urn:lsid:marinespecies.org:taxname:591232,Phagomyxida,Order,Otu191,NCBI:2779610,ARMS_BelgiumCoast_AJJC81_20200506_20201012_MF100_s1_r1
ARMS_BelgiumCoast_AJJC81_20200506_20201012_MF100_s1_r1:Otu98,MaterialSample,ARMS-MBON,data_release_002,present,ARMS_BelgiumCoast_AJJC81_20200506_20201012,SAMEA10020970,2020-05-06/2020-10-12,17,DNA sequence reads,7339,DNA sequence reads,https://github.com/arms-mbon/documentation/tree/main/armsmbon_handbook,ERR7125480,PEMA v2.1.4 https://github.com/hariszaf/pema | https://github.com/arms-mbon/analysis_release_002/tree/main/parameter_files,CREST classifier; Minimum bit-score 155; LCA bitscore range 2% | PR2 v4.13 | VSEARCH v2.9.1; clustering similarity 97%,Belgian Part of the North Sea (http://marineregions.org/mrgid/26567),51.6533567,2.79178508,BE,BelgiumCoast_AJJC81,38.0,38.0,Wind farm; semi-industrial; 9.5 - Subtidal Sandy-Mud,uncertain classification (not marine),Was a crate cover used when retrieving the unit: no; Which component of the ARMS unit material was extracted: Motile,https://github.com/arms-mbon/data_release_002,Main genome;Eukaryota;Opisthokonta;Fungi;Basidiomycota;Ustilaginomycotina;Exobasidiomycetes;NA;NA;NA;NA,urn:lsid:marinespecies.org:taxname:177193,Exobasidiomycetidae,Subclass,Otu98,NCBI:452283,ARMS_BelgiumCoast_AJJC81_20200506_20201012_MF100_s1_r1
ARMS_BelgiumCoast_AJJC81_20200506_20201012_MF100_s1_r1:Otu99,MaterialSample,ARMS-MBON,data_release_002,present,ARMS_BelgiumCoast_AJJC81_20200506_20201012,SAMEA10020970,2020-05-06/2020-10-12,19,DNA sequence reads,7339,DNA sequence reads,https://github.com/arms-mbon/documentation/tree/main/armsmbon_handbook,ERR7125480,PEMA v2.1.4 https://github.com/hariszaf/pema | https://github.com/arms-mbon/analysis_release_002/tree/main/parameter_files,CREST classifier; Minimum bit-score 155; LCA bitscore range 2% | PR2 v4.13 | VSEARCH v2.9.1; clustering similarity 97%,Belgian Part of the North Sea (http://marineregions.org/mrgid/26567),51.6533567,2.79178508,BE,BelgiumCoast_AJJC81,38.0,38.0,Wind farm; semi-industrial; 9.5 - Subtidal Sandy-Mud,,Was a crate cover used when retrieving the unit: no; Which component of the ARMS unit material was extracted: Motile,https://github.com/arms-mbon/data_release_002,Main genome;Eukaryota;Stramenopiles;Ochrophyta;Bacillariophyta;Polar-centric-Mediophyceae;Thalassiosira;NA;NA;NA;NA,urn:lsid:marinespecies.org:taxname:148912,Thalassiosira,Genus,Otu99,NCBI:35127,ARMS_BelgiumCoast_AJJC81_20200506_20201012_MF100_s1_r1
ARMS_BelgiumCoast_AJJC81_20200506_20201012_MF100_s1_r1:Otu94,MaterialSample,ARMS-MBON,data_release_002,present,ARMS_BelgiumCoast_AJJC81_20200506_20201012,SAMEA10020970,2020-05-06/2020-10-12,7,DNA sequence reads,7339,DNA sequence reads,https://github.com/arms-mbon/documentation/tree/main/armsmbon_handbook,ERR7125480,PEMA v2.1.4 https://github.com/hariszaf/pema | https://github.com/arms-mbon/analysis_release_002/tree/main/parameter_files,CREST classifier; Minimum bit-score 155; LCA bitscore range 2% | PR2 v4.13 | VSEARCH v2.9.1; clustering similarity 97%,Belgian Part of the North Sea (http://marineregions.org/mrgid/26567),51.6533567,2.79178508,BE,BelgiumCoast_AJJC81,38.0,38.0,Wind farm; semi-industrial; 9.5 - Subtidal Sandy-Mud,uncertain classification (not marine),Was a crate cover used when retrieving the unit: no; Which component of the ARMS unit material was extracted: Motile,https://github.com/arms-mbon/data_release_002,Main genome;Eukaryota;Opisthokonta;Fungi;NA;NA;NA;NA;NA;NA;NA,urn:lsid:marinespecies.org:taxname:4,Fungi,Kingdom,Otu94,NCBI:4751,ARMS_BelgiumCoast_AJJC81_20200506_20201012_MF100_s1_r1
ARMS_BelgiumCoast_AJJC81_20200506_20201012_MF100_s1_r1:Otu149,MaterialSample,ARMS-MBON,data_release_002,present,ARMS_BelgiumCoast_AJJC81_20200506_20201012,SAMEA10020970,2020-05-06/2020-10-12,11,DNA sequence reads,7339,DNA sequence reads,https://github.com/arms-mbon/documentation/tree/main/armsmbon_handbook,ERR7125480,PEMA v2.1.4 https://github.com/hariszaf/pema | https://github.com/arms-mbon/analysis_release_002/tree/main/parameter_files,CREST classifier; Minimum bit-score 155; LCA bitscore range 2% | PR2 v4.13 | VSEARCH v2.9.1; clustering similarity 97%,Belgian Part of the North Sea (http://marineregions.org/mrgid/26567),51.6533567,2.79178508,BE,BelgiumCoast_AJJC81,38.0,38.0,Wind farm; semi-industrial; 9.5 - Subtidal Sandy-Mud,uncertain classification (not marine),Was a crate cover used when retrieving the unit: no; Which component of the ARMS unit material was extracted: Motile,https://github.com/arms-mbon/data_release_002,Main genome;Eukaryota;Opisthokonta;Metazoa;Arthropoda;Crustacea;Maxillopoda;NA;NA;NA;NA,urn:lsid:marinespecies.org:taxname:1066,Crustacea,Subphylum,Otu149,NCBI:6657,ARMS_BelgiumCoast_AJJC81_20200506_20201012_MF100_s1_r1
ARMS_BelgiumCoast_AJJC81_20200506_20201012_MF100_s1_r1:Otu141,MaterialSample,ARMS-MBON,data_release_002,present,ARMS_BelgiumCoast_AJJC81_20200506_20201012,SAMEA10020970,2020-05-06/2020-10-12,7,DNA sequence reads,7339,DNA sequence reads,https://github.com/arms-mbon/documentation/tree/main/armsmbon_handbook,ERR7125480,PEMA v2.1.4 https://github.com/hariszaf/pema | https://github.com/arms-mbon/analysis_release_002/tree/main/parameter_files,CREST classifier; Minimum bit-score 155; LCA bitscore range 2% | PR2 v4.13 | VSEARCH v2.9.1; clustering similarity 97%,Belgian Part of the North Sea (http://marineregions.org/mrgid/26567),51.6533567,2.79178508,BE,BelgiumCoast_AJJC81,38.0,38.0,Wind farm; semi-industrial; 9.5 - Subtidal Sandy-Mud,,Was a crate cover used when retrieving the unit: no; Which component of the ARMS unit material was extracted: Motile,https://github.com/arms-mbon/data_release_002,Main genome;Eukaryota;Opisthokonta;Metazoa;Craniata;NA;NA;NA;NA;NA;NA,urn:lsid:marinespecies.org:taxname:104019,Craniata,Class,Otu141,NCBI:89593,ARMS_BelgiumCoast_AJJC81_20200506_20201012_MF100_s1_r1
ARMS_BelgiumCoast_AJJC81_20200506_20201012_MF100_s1_r1:Otu140,MaterialSample,ARMS-MBON,data_release_002,present,ARMS_BelgiumCoast_AJJC81_20200506_20201012,SAMEA10020970,2020-05-06/2020-10-12,12,DNA sequence reads,7339,DNA sequence reads,https://github.com/arms-mbon/documentation/tree/main/armsmbon_handbook,ERR7125480,PEMA v2.1.4 https://github.com/hariszaf/pema | https://github.com/arms-mbon/analysis_release_002/tree/main/parameter_files,CREST classifier; Minimum bit-score 155; LCA bitscore range 2% | PR2 v4.13 | VSEARCH v2.9.1; clustering similarity 97%,Belgian Part of the North Sea (http://marineregions.org/mrgid/26567),51.6533567,2.79178508,BE,BelgiumCoast_AJJC81,38.0,38.0,Wind farm; semi-industrial; 9.5 - Subtidal Sandy-Mud,,Was a crate cover used when retrieving the unit: no; Which component of the ARMS unit material was extracted: Motile,https://github.com/arms-mbon/data_release_002,Main genome;Eukaryota;Alveolata;Dinoflagellata;Syndiniales;Dino-Group-I;Dino-Group-I-Clade-4;NA;NA;NA;NA,urn:lsid:marinespecies.org:taxname:146213,Syndiniales,Order,Otu140,NCBI:88547,ARMS_BelgiumCoast_AJJC81_20200506_20201012_MF100_s1_r1
ARMS_BelgiumCoast_AJJC81_20200506_20201012_MF100_s1_r1:Otu136,MaterialSample,ARMS-MBON,data_release_002,present,ARMS_BelgiumCoast_AJJC81_20200506_20201012,SAMEA10020970,2020-05-06/2020-10-12,13,DNA sequence reads,7339,DNA sequence reads,https://github.com/arms-mbon/documentation/tree/main/armsmbon_handbook,ERR7125480,PEMA v2.1.4 https://github.com/hariszaf/pema | https://github.com/arms-mbon/analysis_release_002/tree/main/parameter_files,CREST classifier; Minimum bit-score 155; LCA bitscore range 2% | PR2 v4.13 | VSEARCH v2.9.1; clustering similarity 97%,Belgian Part of the North Sea (http://marineregions.org/mrgid/26567),51.6533567,2.79178508,BE,BelgiumCoast_AJJC81,38.0,38.0,Wind farm; semi-industrial; 9.5 - Subtidal Sandy-Mud,,Was a crate cover used when retrieving the unit: no; Which component of the ARMS unit material was extracted: Motile,https://github.com/arms-mbon/data_release_002,Main genome;Eukaryota;Archaeplastida;Prasinodermophyta;Prasinodermophyceae;Prasinodermales;Prasinodermaceae;Prasinoderma;NA;NA;NA,urn:lsid:marinespecies.org:taxname:370098,Prasinoderma,Genus,Otu136,NCBI:156132,ARMS_BelgiumCoast_AJJC81_20200506_20201012_MF100_s1_r1
ARMS_BelgiumCoast_AJJC81_20200506_20201012_MF100_s1_r1:Otu17,MaterialSample,ARMS-MBON,data_release_002,present,ARMS_BelgiumCoast_AJJC81_20200506_20201012,SAMEA10020970,2020-05-06/2020-10-12,6,DNA sequence reads,7339,DNA sequence reads,https://github.com/arms-mbon/documentation/tree/main/armsmbon_handbook,ERR7125480,PEMA v2.1.4 https://github.com/hariszaf/pema | https://github.com/arms-mbon/analysis_release_002/tree/main/parameter_files,CREST classifier; Minimum bit-score 155; LCA bitscore range 2% | PR2 v4.13 | VSEARCH v2.9.1; clustering similarity 97%,Belgian Part of the North Sea (http://marineregions.org/mrgid/26567),51.6533567,2.79178508,BE,BelgiumCoast_AJJC81,38.0,38.0,Wind farm; semi-industrial; 9.5 - Subtidal Sandy-Mud,,Was a crate cover used when retrieving the unit: no; Which component of the ARMS unit material was extracted: Motile,https://github.com/arms-mbon/data_release_002,Main genome;Eukaryota;Opisthokonta;Metazoa;Mollusca;Bivalvia;Mytiloida;NA;NA;NA;NA,urn:lsid:marinespecies.org:taxname:210,Mytilida,Order,Otu17,NCBI:6546,ARMS_BelgiumCoast_AJJC81_20200506_20201012_MF100_s1_r1
ARMS_BelgiumCoast_AJJC81_20200506_20201012_MF100_s1_r1:Otu10,MaterialSample,ARMS-MBON,data_release_002,present,ARMS_BelgiumCoast_AJJC81_20200506_20201012,SAMEA10020970,2020-05-06/2020-10-12,24,DNA sequence reads,7339,DNA sequence reads,https://github.com/arms-mbon/documentation/tree/main/armsmbon_handbook,ERR7125480,PEMA v2.1.4 https://github.com/hariszaf/pema | https://github.com/arms-mbon/analysis_release_002/tree/main/parameter_files,CREST classifier; Minimum bit-score 155; LCA bitscore range 2% | PR2 v4.13 | VSEARCH v2.9.1; clustering similarity 97%,Belgian Part of the North Sea (http://marineregions.org/mrgid/26567),51.6533567,2.79178508,BE,BelgiumCoast_AJJC81,38.0,38.0,Wind farm; semi-industrial; 9.5 - Subtidal Sandy-Mud,uncertain classification (not marine),Was a crate cover used when retrieving the unit: no; Which component of the ARMS unit material was extracted: Motile,https://github.com/arms-mbon/data_release_002,Main genome;Eukaryota;Opisthokonta;Metazoa;Mollusca;Gastropoda;Neritopsina;NA;NA;NA;NA,urn:lsid:marinespecies.org:taxname:156484,Neritimorpha,Subclass,Otu10,NCBI:119397,ARMS_BelgiumCoast_AJJC81_20200506_20201012_MF100_s1_r1
ARMS_BelgiumCoast_AJJC81_20200506_20201012_MF100_s1_r1:Otu13,MaterialSample,ARMS-MBON,data_release_002,present,ARMS_BelgiumCoast_AJJC81_20200506_20201012,SAMEA10020970,2020-05-06/2020-10-12,23,DNA sequence reads,7339,DNA sequence reads,https://github.com/arms-mbon/documentation/tree/main/armsmbon_handbook,ERR7125480,PEMA v2.1.4 https://github.com/hariszaf/pema | https://github.com/arms-mbon/analysis_release_002/tree/main/parameter_files,CREST classifier; Minimum bit-score 155; LCA bitscore range 2% | PR2 v4.13 | VSEARCH v2.9.1; clustering similarity 97%,Belgian Part of the North Sea (http://marineregions.org/mrgid/26567),51.6533567,2.79178508,BE,BelgiumCoast_AJJC81,38.0,38.0,Wind farm; semi-industrial; 9.5 - Subtidal Sandy-Mud,uncertain classification (not marine),Was a crate cover used when retrieving the unit: no; Which component of the ARMS unit material was extracted: Motile,https://github.com/arms-mbon/data_release_002,Main genome;Eukaryota;Opisthokonta;Metazoa;Mollusca;Gastropoda;Caenogastropoda;NA;NA;NA;NA,urn:lsid:marinespecies.org:taxname:224570,Caenogastropoda,Subclass,Otu13,NCBI:69555,ARMS_BelgiumCoast_AJJC81_20200506_20201012_MF100_s1_r1
ARMS_BelgiumCoast_AJJC81_20200506_20201012_MF100_s1_r1:Otu18,MaterialSample,ARMS-MBON,data_release_002,present,ARMS_BelgiumCoast_AJJC81_20200506_20201012,SAMEA10020970,2020-05-06/2020-10-12,10,DNA sequence reads,7339,DNA sequence reads,https://github.com/arms-mbon/documentation/tree/main/armsmbon_handbook,ERR7125480,PEMA v2.1.4 https://github.com/hariszaf/pema | https://github.com/arms-mbon/analysis_release_002/tree/main/parameter_files,CREST classifier; Minimum bit-score 155; LCA bitscore range 2% | PR2 v4.13 | VSEARCH v2.9.1; clustering similarity 97%,Belgian Part of the North Sea (http://marineregions.org/mrgid/26567),51.6533567,2.79178508,BE,BelgiumCoast_AJJC81,38.0,38.0,Wind farm; semi-industrial; 9.5 - Subtidal Sandy-Mud,uncertain classification (not marine),Was a crate cover used when retrieving the unit: no; Which component of the ARMS unit material was extracted: Motile,https://github.com/arms-mbon/data_release_002,Main genome;Eukaryota;Opisthokonta;Metazoa;Annelida;NA;NA;NA;NA;NA;NA,urn:lsid:marinespecies.org:taxname:882,Annelida,Phylum,Otu18,NCBI:6340,ARMS_BelgiumCoast_AJJC81_20200506_20201012_MF100_s1_r1
ARMS_BelgiumCoast_AJJC81_20200506_20201012_MF100_s1_r1:Otu19,MaterialSample,ARMS-MBON,data_release_002,present,ARMS_BelgiumCoast_AJJC81_20200506_20201012,SAMEA10020970,2020-05-06/2020-10-12,37,DNA sequence reads,7339,DNA sequence reads,https://github.com/arms-mbon/documentation/tree/main/armsmbon_handbook,ERR7125480,PEMA v2.1.4 https://github.com/hariszaf/pema | https://github.com/arms-mbon/analysis_release_002/tree/main/parameter_files,CREST classifier; Minimum bit-score 155; LCA bitscore range 2% | PR2 v4.13 | VSEARCH v2.9.1; clustering similarity 97%,Belgian Part of the North Sea (http://marineregions.org/mrgid/26567),51.6533567,2.79178508,BE,BelgiumCoast_AJJC81,38.0,38.0,Wind farm; semi-industrial; 9.5 - Subtidal Sandy-Mud,,Was a crate cover used when retrieving the unit: no; Which component of the ARMS unit material was extracted: Motile,https://github.com/arms-mbon/data_release_002,Main genome;Eukaryota;Opisthokonta;Metazoa;Urochordata;Ascidiacea;Chelyosoma;NA;NA;NA;NA,urn:lsid:marinespecies.org:taxname:103494,Chelyosoma,Genus,Otu19,NCBI:71176,ARMS_BelgiumCoast_AJJC81_20200506_20201012_MF100_s1_r1
ARMS_BelgiumCoast_AJJC81_20200506_20201012_MF500_s1_r1:Otu49,MaterialSample,ARMS-MBON,data_release_002,present,ARMS_BelgiumCoast_AJJC81_20200506_20201012,SAMEA10020973,2020-05-06/2020-10-12,72,DNA sequence reads,4875,DNA sequence reads,https://github.com/arms-mbon/documentation/tree/main/armsmbon_handbook,ERR7125483,PEMA v2.1.4 https://github.com/hariszaf/pema | https://github.com/arms-mbon/analysis_release_002/tree/main/parameter_files,CREST classifier; Minimum bit-score 155; LCA bitscore range 2% | PR2 v4.13 | VSEARCH v2.9.1; clustering similarity 97%,Belgian Part of the North Sea (http://marineregions.org/mrgid/26567),51.6533567,2.79178508,BE,BelgiumCoast_AJJC81,38.0,38.0,Wind farm; semi-industrial; 9.5 - Subtidal Sandy-Mud,uncertain classification (not marine),Was a crate cover used when retrieving the unit: no; Which component of the ARMS unit material was extracted: Motile,https://github.com/arms-mbon/data_release_002,Main genome;Eukaryota;Opisthokonta;Metazoa;NA;NA;NA;NA;NA;NA;NA,urn:lsid:marinespecies.org:taxname:2,Animalia,Kingdom,Otu49,NCBI:33208,ARMS_BelgiumCoast_AJJC81_20200506_20201012_MF500_s1_r1
ARMS_BelgiumCoast_AJJC81_20200506_20201012_MF500_s1_r1:Otu58,MaterialSample,ARMS-MBON,data_release_002,present,ARMS_BelgiumCoast_AJJC81_20200506_20201012,SAMEA10020973,2020-05-06/2020-10-12,43,DNA sequence reads,4875,DNA sequence reads,https://github.com/arms-mbon/documentation/tree/main/armsmbon_handbook,ERR7125483,PEMA v2.1.4 https://github.com/hariszaf/pema | https://github.com/arms-mbon/analysis_release_002/tree/main/parameter_files,CREST classifier; Minimum bit-score 155; LCA bitscore range 2% | PR2 v4.13 | VSEARCH v2.9.1; clustering similarity 97%,Belgian Part of the North Sea (http://marineregions.org/mrgid/26567),51.6533567,2.79178508,BE,BelgiumCoast_AJJC81,38.0,38.0,Wind farm; semi-industrial; 9.5 - Subtidal Sandy-Mud,uncertain classification (not marine),Was a crate cover used when retrieving the unit: no; Which component of the ARMS unit material was extracted: Motile,https://github.com/arms-mbon/data_release_002,Main genome;Eukaryota;Opisthokonta;Metazoa;Arthropoda;Crustacea;Maxillopoda;NA;NA;NA;NA,urn:lsid:marinespecies.org:taxname:1066,Crustacea,Subphylum,Otu58,NCBI:6657,ARMS_BelgiumCoast_AJJC81_20200506_20201012_MF500_s1_r1
ARMS_BelgiumCoast_AJJC81_20200506_20201012_MF500_s1_r1:Otu26,MaterialSample,ARMS-MBON,data_release_002,present,ARMS_BelgiumCoast_AJJC81_20200506_20201012,SAMEA10020973,2020-05-06/2020-10-12,216,DNA sequence reads,4875,DNA sequence reads,https://github.com/arms-mbon/documentation/tree/main/armsmbon_handbook,ERR7125483,PEMA v2.1.4 https://github.com/hariszaf/pema | https://github.com/arms-mbon/analysis_release_002/tree/main/parameter_files,CREST classifier; Minimum bit-score 155; LCA bitscore range 2% | PR2 v4.13 | VSEARCH v2.9.1; clustering similarity 97%,Belgian Part of the North Sea (http://marineregions.org/mrgid/26567),51.6533567,2.79178508,BE,BelgiumCoast_AJJC81,38.0,38.0,Wind farm; semi-industrial; 9.5 - Subtidal Sandy-Mud,,Was a crate cover used when retrieving the unit: no; Which component of the ARMS unit material was extracted: Motile,https://github.com/arms-mbon/data_release_002,Main genome;Eukaryota;Opisthokonta;Metazoa;Arthropoda;Crustacea;Malacostraca;Scylla;NA;NA;NA,urn:lsid:marinespecies.org:taxname:205756,Scylla,Genus,Otu26,NCBI:6760,ARMS_BelgiumCoast_AJJC81_20200506_20201012_MF500_s1_r1
ARMS_BelgiumCoast_AJJC81_20200506_20201012_MF500_s1_r1:Otu351,MaterialSample,ARMS-MBON,data_release_002,present,ARMS_BelgiumCoast_AJJC81_20200506_20201012,SAMEA10020973,2020-05-06/2020-10-12,3,DNA sequence reads,4875,DNA sequence reads,https://github.com/arms-mbon/documentation/tree/main/armsmbon_handbook,ERR7125483,PEMA v2.1.4 https://github.com/hariszaf/pema | https://github.com/arms-mbon/analysis_release_002/tree/main/parameter_files,CREST classifier; Minimum bit-score 155; LCA bitscore range 2% | PR2 v4.13 | VSEARCH v2.9.1; clustering similarity 97%,Belgian Part of the North Sea (http://marineregions.org/mrgid/26567),51.6533567,2.79178508,BE,BelgiumCoast_AJJC81,38.0,38.0,Wind farm; semi-industrial; 9.5 - Subtidal Sandy-Mud,uncertain classification (not marine),Was a crate cover used when retrieving the unit: no; Which component of the ARMS unit material was extracted: Motile,https://github.com/arms-mbon/data_release_002,Main genome;Eukaryota;Opisthokonta;Metazoa;Arthropoda;Crustacea;Malacostraca;NA;NA;NA;NA,urn:lsid:marinespecies.org:taxname:1071,Malacostraca,Class,Otu351,NCBI:6681,ARMS_BelgiumCoast_AJJC81_20200506_20201012_MF500_s1_r1
ARMS_BelgiumCoast_AJJC81_20200506_20201012_MF500_s1_r1:Otu67,MaterialSample,ARMS-MBON,data_release_002,present,ARMS_BelgiumCoast_AJJC81_20200506_20201012,SAMEA10020973,2020-05-06/2020-10-12,19,DNA sequence reads,4875,DNA sequence reads,https://github.com/arms-mbon/documentation/tree/main/armsmbon_handbook,ERR7125483,PEMA v2.1.4 https://github.com/hariszaf/pema | https://github.com/arms-mbon/analysis_release_002/tree/main/parameter_files,CREST classifier; Minimum bit-score 155; LCA bitscore range 2% | PR2 v4.13 | VSEARCH v2.9.1; clustering similarity 97%,Belgian Part of the North Sea (http://marineregions.org/mrgid/26567),51.6533567,2.79178508,BE,BelgiumCoast_AJJC81,38.0,38.0,Wind farm; semi-industrial; 9.5 - Subtidal Sandy-Mud,uncertain classification (not marine),Was a crate cover used when retrieving the unit: no; Which component of the ARMS unit material was extracted: Motile,https://github.com/arms-mbon/data_release_002,Main genome;Eukaryota;Alveolata;Apicomplexa;Gregarinomorphea;Selenidium1;sensimae;NA;NA;NA;Selenidium1 sensimae,urn:lsid:marinespecies.org:taxname:22565,Apicomplexa,Subphylum,Otu67,NCBI:5794,ARMS_BelgiumCoast_AJJC81_20200506_20201012_MF500_s1_r1
ARMS_BelgiumCoast_AJJC81_20200506_20201012_MF500_s1_r1:Otu68,MaterialSample,ARMS-MBON,data_release_002,present,ARMS_BelgiumCoast_AJJC81_20200506_20201012,SAMEA10020973,2020-05-06/2020-10-12,34,DNA sequence reads,4875,DNA sequence reads,https://github.com/arms-mbon/documentation/tree/main/armsmbon_handbook,ERR7125483,PEMA v2.1.4 https://github.com/hariszaf/pema | https://github.com/arms-mbon/analysis_release_002/tree/main/parameter_files,CREST classifier; Minimum bit-score 155; LCA bitscore range 2% | PR2 v4.13 | VSEARCH v2.9.1; clustering similarity 97%,Belgian Part of the North Sea (http://marineregions.org/mrgid/26567),51.6533567,2.79178508,BE,BelgiumCoast_AJJC81,38.0,38.0,Wind farm; semi-industrial; 9.5 - Subtidal Sandy-Mud,uncertain classification (not marine),Was a crate cover used when retrieving the unit: no; Which component of the ARMS unit material was extracted: Motile,https://github.com/arms-mbon/data_release_002,Main genome;Eukaryota;Opisthokonta;Metazoa;NA;NA;NA;NA;NA;NA;NA,urn:lsid:marinespecies.org:taxname:2,Animalia,Kingdom,Otu68,NCBI:33208,ARMS_BelgiumCoast_AJJC81_20200506_20201012_MF500_s1_r1
ARMS_BelgiumCoast_AJJC81_20200506_20201012_MF500_s1_r1:Otu38,MaterialSample,ARMS-MBON,data_release_002,present,ARMS_BelgiumCoast_AJJC81_20200506_20201012,SAMEA10020973,2020-05-06/2020-10-12,21,DNA sequence reads,4875,DNA sequence reads,https://github.com/arms-mbon/documentation/tree/main/armsmbon_handbook,ERR7125483,PEMA v2.1.4 https://github.com/hariszaf/pema | https://github.com/arms-mbon/analysis_release_002/tree/main/parameter_files,CREST classifier; Minimum bit-score 155; LCA bitscore range 2% | PR2 v4.13 | VSEARCH v2.9.1; clustering similarity 97%,Belgian Part of the North Sea (http://marineregions.org/mrgid/26567),51.6533567,2.79178508,BE,BelgiumCoast_AJJC81,38.0,38.0,Wind farm; semi-industrial; 9.5 - Subtidal Sandy-Mud,,Was a crate cover used when retrieving the unit: no; Which component of the ARMS unit material was extracted: Motile,https://github.com/arms-mbon/data_release_002,Main genome;Eukaryota;Alveolata;Dinoflagellata;Dinophyceae;Gymnodiniales;Gymnodiniaceae;Gyrodinium;fusiforme;NA;Gyrodinium fusiforme,urn:lsid:marinespecies.org:taxname:109856,Gyrodinium fusiforme,Species,Otu38,NCBI:244961,ARMS_BelgiumCoast_AJJC81_20200506_20201012_MF500_s1_r1
ARMS_BelgiumCoast_AJJC81_20200506_20201012_MF500_s1_r1:Otu33,MaterialSample,ARMS-MBON,data_release_002,present,ARMS_BelgiumCoast_AJJC81_20200506_20201012,SAMEA10020973,2020-05-06/2020-10-12,16,DNA sequence reads,4875,DNA sequence reads,https://github.com/arms-mbon/documentation/tree/main/armsmbon_handbook,ERR7125483,PEMA v2.1.4 https://github.com/hariszaf/pema | https://github.com/arms-mbon/analysis_release_002/tree/main/parameter_files,CREST classifier; Minimum bit-score 155; LCA bitscore range 2% | PR2 v4.13 | VSEARCH v2.9.1; clustering similarity 97%,Belgian Part of the North Sea (http://marineregions.org/mrgid/26567),51.6533567,2.79178508,BE,BelgiumCoast_AJJC81,38.0,38.0,Wind farm; semi-industrial; 9.5 - Subtidal Sandy-Mud,uncertain classification (not marine),Was a crate cover used when retrieving the unit: no; Which component of the ARMS unit material was extracted: Motile,https://github.com/arms-mbon/data_release_002,Main genome;Eukaryota;Opisthokonta;Fungi;NA;NA;NA;NA;NA;NA;NA,urn:lsid:marinespecies.org:taxname:4,Fungi,Kingdom,Otu33,NCBI:4751,ARMS_BelgiumCoast_AJJC81_20200506_20201012_MF500_s1_r1
ARMS_BelgiumCoast_AJJC81_20200506_20201012_MF500_s1_r1:Otu163,MaterialSample,ARMS-MBON,data_release_002,present,ARMS_BelgiumCoast_AJJC81_20200506_20201012,SAMEA10020973,2020-05-06/2020-10-12,10,DNA sequence reads,4875,DNA sequence reads,https://github.com/arms-mbon/documentation/tree/main/armsmbon_handbook,ERR7125483,PEMA v2.1.4 https://github.com/hariszaf/pema | https://github.com/arms-mbon/analysis_release_002/tree/main/parameter_files,CREST classifier; Minimum bit-score 155; LCA bitscore range 2% | PR2 v4.13 | VSEARCH v2.9.1; clustering similarity 97%,Belgian Part of the North Sea (http://marineregions.org/mrgid/26567),51.6533567,2.79178508,BE,BelgiumCoast_AJJC81,38.0,38.0,Wind farm; semi-industrial; 9.5 - Subtidal Sandy-Mud,uncertain classification (not marine),Was a crate cover used when retrieving the unit: no; Which component of the ARMS unit material was extracted: Motile,https://github.com/arms-mbon/data_release_002,Main genome;Eukaryota;Stramenopiles;Sagenista;Labyrinthulomycetes;NA;NA;NA;NA;NA;NA,urn:lsid:marinespecies.org:taxname:449154,Labyrinthulea,Class,Otu163,NCBI:35131,ARMS_BelgiumCoast_AJJC81_20200506_20201012_MF500_s1_r1
ARMS_BelgiumCoast_AJJC81_20200506_20201012_MF500_s1_r1:Otu83,MaterialSample,ARMS-MBON,data_release_002,present,ARMS_BelgiumCoast_AJJC81_20200506_20201012,SAMEA10020973,2020-05-06/2020-10-12,36,DNA sequence reads,4875,DNA sequence reads,https://github.com/arms-mbon/documentation/tree/main/armsmbon_handbook,ERR7125483,PEMA v2.1.4 https://github.com/hariszaf/pema | https://github.com/arms-mbon/analysis_release_002/tree/main/parameter_files,CREST classifier; Minimum bit-score 155; LCA bitscore range 2% | PR2 v4.13 | VSEARCH v2.9.1; clustering similarity 97%,Belgian Part of the North Sea (http://marineregions.org/mrgid/26567),51.6533567,2.79178508,BE,BelgiumCoast_AJJC81,38.0,38.0,Wind farm; semi-industrial; 9.5 - Subtidal Sandy-Mud,uncertain classification (not marine),Was a crate cover used when retrieving the unit: no; Which component of the ARMS unit material was extracted: Motile,https://github.com/arms-mbon/data_release_002,Main genome;Eukaryota;Opisthokonta;Metazoa;Arthropoda;Crustacea;Maxillopoda;NA;NA;NA;NA,urn:lsid:marinespecies.org:taxname:1066,Crustacea,Subphylum,Otu83,NCBI:6657,ARMS_BelgiumCoast_AJJC81_20200506_20201012_MF500_s1_r1
ARMS_BelgiumCoast_AJJC81_20200506_20201012_MF500_s1_r1:Otu87,MaterialSample,ARMS-MBON,data_release_002,present,ARMS_BelgiumCoast_AJJC81_20200506_20201012,SAMEA10020973,2020-05-06/2020-10-12,2,DNA sequence reads,4875,DNA sequence reads,https://github.com/arms-mbon/documentation/tree/main/armsmbon_handbook,ERR7125483,PEMA v2.1.4 https://github.com/hariszaf/pema | https://github.com/arms-mbon/analysis_release_002/tree/main/parameter_files,CREST classifier; Minimum bit-score 155; LCA bitscore range 2% | PR2 v4.13 | VSEARCH v2.9.1; clustering similarity 97%,Belgian Part of the North Sea (http://marineregions.org/mrgid/26567),51.6533567,2.79178508,BE,BelgiumCoast_AJJC81,38.0,38.0,Wind farm; semi-industrial; 9.5 - Subtidal Sandy-Mud,uncertain classification (not marine),Was a crate cover used when retrieving the unit: no; Which component of the ARMS unit material was extracted: Motile,https://github.com/arms-mbon/data_release_002,Main genome;Eukaryota;Opisthokonta;Fungi;Basidiomycota;Ustilaginomycotina;Exobasidiomycetes;NA;NA;NA;NA,urn:lsid:marinespecies.org:taxname:177193,Exobasidiomycetidae,Subclass,Otu87,NCBI:452283,ARMS_BelgiumCoast_AJJC81_20200506_20201012_MF500_s1_r1
ARMS_BelgiumCoast_AJJC81_20200506_20201012_MF500_s1_r1:Otu89,MaterialSample,ARMS-MBON,data_release_002,present,ARMS_BelgiumCoast_AJJC81_20200506_20201012,SAMEA10020973,2020-05-06/2020-10-12,22,DNA sequence reads,4875,DNA sequence reads,https://github.com/arms-mbon/documentation/tree/main/armsmbon_handbook,ERR7125483,PEMA v2.1.4 https://github.com/hariszaf/pema | https://github.com/arms-mbon/analysis_release_002/tree/main/parameter_files,CREST classifier; Minimum bit-score 155; LCA bitscore range 2% | PR2 v4.13 | VSEARCH v2.9.1; clustering similarity 97%,Belgian Part of the North Sea (http://marineregions.org/mrgid/26567),51.6533567,2.79178508,BE,BelgiumCoast_AJJC81,38.0,38.0,Wind farm; semi-industrial; 9.5 - Subtidal Sandy-Mud,,Was a crate cover used when retrieving the unit: no; Which component of the ARMS unit material was extracted: Motile,https://github.com/arms-mbon/data_release_002,Main genome;Eukaryota;Opisthokonta;Fungi;Ascomycota;Saccharomycotina;Saccharomycetales;NA;NA;NA;NA,urn:lsid:marinespecies.org:taxname:147580,Endomycetales,Order,Otu89,NCBI:4892,ARMS_BelgiumCoast_AJJC81_20200506_20201012_MF500_s1_r1
ARMS_BelgiumCoast_AJJC81_20200506_20201012_MF500_s1_r1:Otu150,MaterialSample,ARMS-MBON,data_release_002,present,ARMS_BelgiumCoast_AJJC81_20200506_20201012,SAMEA10020973,2020-05-06/2020-10-12,11,DNA sequence reads,4875,DNA sequence reads,https://github.com/arms-mbon/documentation/tree/main/armsmbon_handbook,ERR7125483,PEMA v2.1.4 https://github.com/hariszaf/pema | https://github.com/arms-mbon/analysis_release_002/tree/main/parameter_files,CREST classifier; Minimum bit-score 155; LCA bitscore range 2% | PR2 v4.13 | VSEARCH v2.9.1; clustering similarity 97%,Belgian Part of the North Sea (http://marineregions.org/mrgid/26567),51.6533567,2.79178508,BE,BelgiumCoast_AJJC81,38.0,38.0,Wind farm; semi-industrial; 9.5 - Subtidal Sandy-Mud,uncertain classification (not marine),Was a crate cover used when retrieving the unit: no; Which component of the ARMS unit material was extracted: Motile,https://github.com/arms-mbon/data_release_002,Main genome;Eukaryota;Opisthokonta;Metazoa;Arthropoda;Crustacea;Malacostraca;NA;NA;NA;NA,urn:lsid:marinespecies.org:taxname:1071,Malacostraca,Class,Otu150,NCBI:6681,ARMS_BelgiumCoast_AJJC81_20200506_20201012_MF500_s1_r1
ARMS_BelgiumCoast_AJJC81_20200506_20201012_MF500_s1_r1:Otu74,MaterialSample,ARMS-MBON,data_release_002,present,ARMS_BelgiumCoast_AJJC81_20200506_20201012,SAMEA10020973,2020-05-06/2020-10-12,3,DNA sequence reads,4875,DNA sequence reads,https://github.com/arms-mbon/documentation/tree/main/armsmbon_handbook,ERR7125483,PEMA v2.1.4 https://github.com/hariszaf/pema | https://github.com/arms-mbon/analysis_release_002/tree/main/parameter_files,CREST classifier; Minimum bit-score 155; LCA bitscore range 2% | PR2 v4.13 | VSEARCH v2.9.1; clustering similarity 97%,Belgian Part of the North Sea (http://marineregions.org/mrgid/26567),51.6533567,2.79178508,BE,BelgiumCoast_AJJC81,38.0,38.0,Wind farm; semi-industrial; 9.5 - Subtidal Sandy-Mud,,Was a crate cover used when retrieving the unit: no; Which component of the ARMS unit material was extracted: Motile,https://github.com/arms-mbon/data_release_002,Main genome;Eukaryota;Alveolata;Apicomplexa;Gregarinomorphea;Eugregarinorida;Porosporidae;NA;NA;NA;NA,urn:lsid:marinespecies.org:taxname:465333,Porosporidae,Family,Otu74,NCBI:947094,ARMS_BelgiumCoast_AJJC81_20200506_20201012_MF500_s1_r1
ARMS_BelgiumCoast_AJJC81_20200506_20201012_MF500_s1_r1:Otu9,MaterialSample,ARMS-MBON,data_release_002,present,ARMS_BelgiumCoast_AJJC81_20200506_20201012,SAMEA10020973,2020-05-06/2020-10-12,289,DNA sequence reads,4875,DNA sequence reads,https://github.com/arms-mbon/documentation/tree/main/armsmbon_handbook,ERR7125483,PEMA v2.1.4 https://github.com/hariszaf/pema | https://github.com/arms-mbon/analysis_release_002/tree/main/parameter_files,CREST classifier; Minimum bit-score 155; LCA bitscore range 2% | PR2 v4.13 | VSEARCH v2.9.1; clustering similarity 97%,Belgian Part of the North Sea (http://marineregions.org/mrgid/26567),51.6533567,2.79178508,BE,BelgiumCoast_AJJC81,38.0,38.0,Wind farm; semi-industrial; 9.5 - Subtidal Sandy-Mud,,Was a crate cover used when retrieving the unit: no; Which component of the ARMS unit material was extracted: Motile,https://github.com/arms-mbon/data_release_002,Main genome;Eukaryota;Opisthokonta;Metazoa;Cnidaria;Anthozoa;NA;NA;NA;NA;NA,urn:lsid:marinespecies.org:taxname:1292,Anthozoa,Subphylum,Otu9,NCBI:6101,ARMS_BelgiumCoast_AJJC81_20200506_20201012_MF500_s1_r1
ARMS_BelgiumCoast_AJJC81_20200506_20201012_MF500_s1_r1:Otu6,MaterialSample,ARMS-MBON,data_release_002,present,ARMS_BelgiumCoast_AJJC81_20200506_20201012,SAMEA10020973,2020-05-06/2020-10-12,3693,DNA sequence reads,4875,DNA sequence reads,https://github.com/arms-mbon/documentation/tree/main/armsmbon_handbook,ERR7125483,PEMA v2.1.4 https://github.com/hariszaf/pema | https://github.com/arms-mbon/analysis_release_002/tree/main/parameter_files,CREST classifier; Minimum bit-score 155; LCA bitscore range 2% | PR2 v4.13 | VSEARCH v2.9.1; clustering similarity 97%,Belgian Part of the North Sea (http://marineregions.org/mrgid/26567),51.6533567,2.79178508,BE,BelgiumCoast_AJJC81,38.0,38.0,Wind farm; semi-industrial; 9.5 - Subtidal Sandy-Mud,uncertain classification (not marine),Was a crate cover used when retrieving the unit: no; Which component of the ARMS unit material was extracted: Motile,https://github.com/arms-mbon/data_release_002,Main genome;Eukaryota;Opisthokonta;Metazoa;Arthropoda;Crustacea;NA;NA;NA;NA;NA,urn:lsid:marinespecies.org:taxname:1066,Crustacea,Subphylum,Otu6,NCBI:6657,ARMS_BelgiumCoast_AJJC81_20200506_20201012_MF500_s1_r1
ARMS_BelgiumCoast_AJJC81_20200506_20201012_MF500_s1_r1:Otu4,MaterialSample,ARMS-MBON,data_release_002,present,ARMS_BelgiumCoast_AJJC81_20200506_20201012,SAMEA10020973,2020-05-06/2020-10-12,128,DNA sequence reads,4875,DNA sequence reads,https://github.com/arms-mbon/documentation/tree/main/armsmbon_handbook,ERR7125483,PEMA v2.1.4 https://github.com/hariszaf/pema | https://github.com/arms-mbon/analysis_release_002/tree/main/parameter_files,CREST classifier; Minimum bit-score 155; LCA bitscore range 2% | PR2 v4.13 | VSEARCH v2.9.1; clustering similarity 97%,Belgian Part of the North Sea (http://marineregions.org/mrgid/26567),51.6533567,2.79178508,BE,BelgiumCoast_AJJC81,38.0,38.0,Wind farm; semi-industrial; 9.5 - Subtidal Sandy-Mud,,Was a crate cover used when retrieving the unit: no; Which component of the ARMS unit material was extracted: Motile,https://github.com/arms-mbon/data_release_002,Main genome;Eukaryota;Opisthokonta;Metazoa;Echinodermata;NA;NA;NA;NA;NA;NA,urn:lsid:marinespecies.org:taxname:1806,Echinodermata,Phylum,Otu4,NCBI:7586,ARMS_BelgiumCoast_AJJC81_20200506_20201012_MF500_s1_r1
ARMS_BelgiumCoast_AJJC81_20200506_20201012_MF500_s1_r1:Otu5,MaterialSample,ARMS-MBON,data_release_002,present,ARMS_BelgiumCoast_AJJC81_20200506_20201012,SAMEA10020973,2020-05-06/2020-10-12,6,DNA sequence reads,4875,DNA sequence reads,https://github.com/arms-mbon/documentation/tree/main/armsmbon_handbook,ERR7125483,PEMA v2.1.4 https://github.com/hariszaf/pema | https://github.com/arms-mbon/analysis_release_002/tree/main/parameter_files,CREST classifier; Minimum bit-score 155; LCA bitscore range 2% | PR2 v4.13 | VSEARCH v2.9.1; clustering similarity 97%,Belgian Part of the North Sea (http://marineregions.org/mrgid/26567),51.6533567,2.79178508,BE,BelgiumCoast_AJJC81,38.0,38.0,Wind farm; semi-industrial; 9.5 - Subtidal Sandy-Mud,,Was a crate cover used when retrieving the unit: no; Which component of the ARMS unit material was extracted: Motile,https://github.com/arms-mbon/data_release_002,Main genome;Eukaryota;Opisthokonta;Metazoa;Craniata;Teleostei;NA;NA;NA;NA;NA,urn:lsid:marinespecies.org:taxname:293496,Teleostei,Class,Otu5,NCBI:32443,ARMS_BelgiumCoast_AJJC81_20200506_20201012_MF500_s1_r1
ARMS_BelgiumCoast_AJJC81_20200506_20201012_MF500_s1_r1:Otu2,MaterialSample,ARMS-MBON,data_release_002,present,ARMS_BelgiumCoast_AJJC81_20200506_20201012,SAMEA10020973,2020-05-06/2020-10-12,14,DNA sequence reads,4875,DNA sequence reads,https://github.com/arms-mbon/documentation/tree/main/armsmbon_handbook,ERR7125483,PEMA v2.1.4 https://github.com/hariszaf/pema | https://github.com/arms-mbon/analysis_release_002/tree/main/parameter_files,CREST classifier; Minimum bit-score 155; LCA bitscore range 2% | PR2 v4.13 | VSEARCH v2.9.1; clustering similarity 97%,Belgian Part of the North Sea (http://marineregions.org/mrgid/26567),51.6533567,2.79178508,BE,BelgiumCoast_AJJC81,38.0,38.0,Wind farm; semi-industrial; 9.5 - Subtidal Sandy-Mud,,Was a crate cover used when retrieving the unit: no; Which component of the ARMS unit material was extracted: Motile,https://github.com/arms-mbon/data_release_002,Main genome;Eukaryota;Opisthokonta;Metazoa;Urochordata;Ascidiacea;NA;NA;NA;NA;NA,urn:lsid:marinespecies.org:taxname:1839,Ascidiacea,Class,Otu2,NCBI:7713,ARMS_BelgiumCoast_AJJC81_20200506_20201012_MF500_s1_r1
ARMS_BelgiumCoast_AJJC81_20200506_20201012_MF500_s1_r1:Otu208,MaterialSample,ARMS-MBON,data_release_002,present,ARMS_BelgiumCoast_AJJC81_20200506_20201012,SAMEA10020973,2020-05-06/2020-10-12,7,DNA sequence reads,4875,DNA sequence reads,https://github.com/arms-mbon/documentation/tree/main/armsmbon_handbook,ERR7125483,PEMA v2.1.4 https://github.com/hariszaf/pema | https://github.com/arms-mbon/analysis_release_002/tree/main/parameter_files,CREST classifier; Minimum bit-score 155; LCA bitscore range 2% | PR2 v4.13 | VSEARCH v2.9.1; clustering similarity 97%,Belgian Part of the North Sea (http://marineregions.org/mrgid/26567),51.6533567,2.79178508,BE,BelgiumCoast_AJJC81,38.0,38.0,Wind farm; semi-industrial; 9.5 - Subtidal Sandy-Mud,,Was a crate cover used when retrieving the unit: no; Which component of the ARMS unit material was extracted: Motile,https://github.com/arms-mbon/data_release_002,Main genome;Eukaryota;Alveolata;Apicomplexa;Gregarinomorphea;Eugregarinorida;Ganymedidae;Heliospora1;NA;NA;NA,urn:lsid:marinespecies.org:taxname:562688,Ganymedidae,Family,Otu208,NCBI:715295,ARMS_BelgiumCoast_AJJC81_20200506_20201012_MF500_s1_r1
ARMS_BelgiumCoast_AJJC81_20200506_20201012_MF500_s1_r1:Otu207,MaterialSample,ARMS-MBON,data_release_002,present,ARMS_BelgiumCoast_AJJC81_20200506_20201012,SAMEA10020973,2020-05-06/2020-10-12,7,DNA sequence reads,4875,DNA sequence reads,https://github.com/arms-mbon/documentation/tree/main/armsmbon_handbook,ERR7125483,PEMA v2.1.4 https://github.com/hariszaf/pema | https://github.com/arms-mbon/analysis_release_002/tree/main/parameter_files,CREST classifier; Minimum bit-score 155; LCA bitscore range 2% | PR2 v4.13 | VSEARCH v2.9.1; clustering similarity 97%,Belgian Part of the North Sea (http://marineregions.org/mrgid/26567),51.6533567,2.79178508,BE,BelgiumCoast_AJJC81,38.0,38.0,Wind farm; semi-industrial; 9.5 - Subtidal Sandy-Mud,uncertain classification (not marine),Was a crate cover used when retrieving the unit: no; Which component of the ARMS unit material was extracted: Motile,https://github.com/arms-mbon/data_release_002,Main genome;Eukaryota;Opisthokonta;Fungi;Basidiomycota;Agaricomycotina;Tremellomycetes;NA;NA;NA;NA,urn:lsid:marinespecies.org:taxname:437249,Tremellomycetes,Class,Otu207,NCBI:155616,ARMS_BelgiumCoast_AJJC81_20200506_20201012_MF500_s1_r1
ARMS_BelgiumCoast_AJJC81_20200506_20201012_MF500_s1_r1:Otu102,MaterialSample,ARMS-MBON,data_release_002,present,ARMS_BelgiumCoast_AJJC81_20200506_20201012,SAMEA10020973,2020-05-06/2020-10-12,10,DNA sequence reads,4875,DNA sequence reads,https://github.com/arms-mbon/documentation/tree/main/armsmbon_handbook,ERR7125483,PEMA v2.1.4 https://github.com/hariszaf/pema | https://github.com/arms-mbon/analysis_release_002/tree/main/parameter_files,CREST classifier; Minimum bit-score 155; LCA bitscore range 2% | PR2 v4.13 | VSEARCH v2.9.1; clustering similarity 97%,Belgian Part of the North Sea (http://marineregions.org/mrgid/26567),51.6533567,2.79178508,BE,BelgiumCoast_AJJC81,38.0,38.0,Wind farm; semi-industrial; 9.5 - Subtidal Sandy-Mud,,Was a crate cover used when retrieving the unit: no; Which component of the ARMS unit material was extracted: Motile,https://github.com/arms-mbon/data_release_002,Main genome;Eukaryota;Opisthokonta;Metazoa;Arthropoda;Crustacea;Maxillopoda;Euryte;NA;NA;NA,urn:lsid:marinespecies.org:taxname:106432,Euryte,Genus,Otu102,NCBI:298417,ARMS_BelgiumCoast_AJJC81_20200506_20201012_MF500_s1_r1
ARMS_BelgiumCoast_AJJC81_20200506_20201012_MF500_s1_r1:Otu94,MaterialSample,ARMS-MBON,data_release_002,present,ARMS_BelgiumCoast_AJJC81_20200506_20201012,SAMEA10020973,2020-05-06/2020-10-12,14,DNA sequence reads,4875,DNA sequence reads,https://github.com/arms-mbon/documentation/tree/main/armsmbon_handbook,ERR7125483,PEMA v2.1.4 https://github.com/hariszaf/pema | https://github.com/arms-mbon/analysis_release_002/tree/main/parameter_files,CREST classifier; Minimum bit-score 155; LCA bitscore range 2% | PR2 v4.13 | VSEARCH v2.9.1; clustering similarity 97%,Belgian Part of the North Sea (http://marineregions.org/mrgid/26567),51.6533567,2.79178508,BE,BelgiumCoast_AJJC81,38.0,38.0,Wind farm; semi-industrial; 9.5 - Subtidal Sandy-Mud,uncertain classification (not marine),Was a crate cover used when retrieving the unit: no; Which component of the ARMS unit material was extracted: Motile,https://github.com/arms-mbon/data_release_002,Main genome;Eukaryota;Opisthokonta;Fungi;NA;NA;NA;NA;NA;NA;NA,urn:lsid:marinespecies.org:taxname:4,Fungi,Kingdom,Otu94,NCBI:4751,ARMS_BelgiumCoast_AJJC81_20200506_20201012_MF500_s1_r1
ARMS_BelgiumCoast_AJJC81_20200506_20201012_MF500_s1_r1:Otu92,MaterialSample,ARMS-MBON,data_release_002,present,ARMS_BelgiumCoast_AJJC81_20200506_20201012,SAMEA10020973,2020-05-06/2020-10-12,15,DNA sequence reads,4875,DNA sequence reads,https://github.com/arms-mbon/documentation/tree/main/armsmbon_handbook,ERR7125483,PEMA v2.1.4 https://github.com/hariszaf/pema | https://github.com/arms-mbon/analysis_release_002/tree/main/parameter_files,CREST classifier; Minimum bit-score 155; LCA bitscore range 2% | PR2 v4.13 | VSEARCH v2.9.1; clustering similarity 97%,Belgian Part of the North Sea (http://marineregions.org/mrgid/26567),51.6533567,2.79178508,BE,BelgiumCoast_AJJC81,38.0,38.0,Wind farm; semi-industrial; 9.5 - Subtidal Sandy-Mud,uncertain classification (not marine),Was a crate cover used when retrieving the unit: no; Which component of the ARMS unit material was extracted: Motile,https://github.com/arms-mbon/data_release_002,Main genome;Eukaryota;Opisthokonta;Fungi;Ascomycota;Pezizomycotina;Sordariomycetes;NA;NA;NA;NA,urn:lsid:marinespecies.org:taxname:437254,Sordariomycetes,Class,Otu92,NCBI:147550,ARMS_BelgiumCoast_AJJC81_20200506_20201012_MF500_s1_r1
ARMS_BelgiumCoast_AJJC81_20200506_20201012_MF500_s1_r1:Otu141,MaterialSample,ARMS-MBON,data_release_002,present,ARMS_BelgiumCoast_AJJC81_20200506_20201012,SAMEA10020973,2020-05-06/2020-10-12,12,DNA sequence reads,4875,DNA sequence reads,https://github.com/arms-mbon/documentation/tree/main/armsmbon_handbook,ERR7125483,PEMA v2.1.4 https://github.com/hariszaf/pema | https://github.com/arms-mbon/analysis_release_002/tree/main/parameter_files,CREST classifier; Minimum bit-score 155; LCA bitscore range 2% | PR2 v4.13 | VSEARCH v2.9.1; clustering similarity 97%,Belgian Part of the North Sea (http://marineregions.org/mrgid/26567),51.6533567,2.79178508,BE,BelgiumCoast_AJJC81,38.0,38.0,Wind farm; semi-industrial; 9.5 - Subtidal Sandy-Mud,,Was a crate cover used when retrieving the unit: no; Which component of the ARMS unit material was extracted: Motile,https://github.com/arms-mbon/data_release_002,Main genome;Eukaryota;Opisthokonta;Metazoa;Craniata;NA;NA;NA;NA;NA;NA,urn:lsid:marinespecies.org:taxname:104019,Craniata,Class,Otu141,NCBI:89593,ARMS_BelgiumCoast_AJJC81_20200506_20201012_MF500_s1_r1
ARMS_BelgiumCoast_AJJC81_20200506_20201012_MF500_s1_r1:Otu53,MaterialSample,ARMS-MBON,data_release_002,present,ARMS_BelgiumCoast_AJJC81_20200506_20201012,SAMEA10020973,2020-05-06/2020-10-12,38,DNA sequence reads,4875,DNA sequence reads,https://github.com/arms-mbon/documentation/tree/main/armsmbon_handbook,ERR7125483,PEMA v2.1.4 https://github.com/hariszaf/pema | https://github.com/arms-mbon/analysis_release_002/tree/main/parameter_files,CREST classifier; Minimum bit-score 155; LCA bitscore range 2% | PR2 v4.13 | VSEARCH v2.9.1; clustering similarity 97%,Belgian Part of the North Sea (http://marineregions.org/mrgid/26567),51.6533567,2.79178508,BE,BelgiumCoast_AJJC81,38.0,38.0,Wind farm; semi-industrial; 9.5 - Subtidal Sandy-Mud,uncertain classification (not marine),Was a crate cover used when retrieving the unit: no; Which component of the ARMS unit material was extracted: Motile,https://github.com/arms-mbon/data_release_002,Main genome;Eukaryota;Alveolata;Dinoflagellata;Dinophyceae;NA;NA;NA;NA;NA;NA,urn:lsid:marinespecies.org:taxname:146203,Dinoflagellata,Infraphylum,Otu53,NCBI:2864,ARMS_BelgiumCoast_AJJC81_20200506_20201012_MF500_s1_r1
ARMS_BelgiumCoast_AJJC81_20200506_20201012_MF500_s1_r1:Otu47,MaterialSample,ARMS-MBON,data_release_002,present,ARMS_BelgiumCoast_AJJC81_20200506_20201012,SAMEA10020973,2020-05-06/2020-10-12,64,DNA sequence reads,4875,DNA sequence reads,https://github.com/arms-mbon/documentation/tree/main/armsmbon_handbook,ERR7125483,PEMA v2.1.4 https://github.com/hariszaf/pema | https://github.com/arms-mbon/analysis_release_002/tree/main/parameter_files,CREST classifier; Minimum bit-score 155; LCA bitscore range 2% | PR2 v4.13 | VSEARCH v2.9.1; clustering similarity 97%,Belgian Part of the North Sea (http://marineregions.org/mrgid/26567),51.6533567,2.79178508,BE,BelgiumCoast_AJJC81,38.0,38.0,Wind farm; semi-industrial; 9.5 - Subtidal Sandy-Mud,,Was a crate cover used when retrieving the unit: no; Which component of the ARMS unit material was extracted: Motile,https://github.com/arms-mbon/data_release_002,Main genome;Eukaryota;Opisthokonta;Metazoa;Nemertea;Oerstedia;NA;NA;NA;NA;NA,urn:lsid:marinespecies.org:taxname:122423,Oerstedia,Genus,Otu47,NCBI:187724,ARMS_BelgiumCoast_AJJC81_20200506_20201012_MF500_s1_r1
ARMS_BelgiumCoast_AJJC81_20200506_20201012_MF500_s1_r1:Otu136,MaterialSample,ARMS-MBON,data_release_002,present,ARMS_BelgiumCoast_AJJC81_20200506_20201012,SAMEA10020973,2020-05-06/2020-10-12,10,DNA sequence reads,4875,DNA sequence reads,https://github.com/arms-mbon/documentation/tree/main/armsmbon_handbook,ERR7125483,PEMA v2.1.4 https://github.com/hariszaf/pema | https://github.com/arms-mbon/analysis_release_002/tree/main/parameter_files,CREST classifier; Minimum bit-score 155; LCA bitscore range 2% | PR2 v4.13 | VSEARCH v2.9.1; clustering similarity 97%,Belgian Part of the North Sea (http://marineregions.org/mrgid/26567),51.6533567,2.79178508,BE,BelgiumCoast_AJJC81,38.0,38.0,Wind farm; semi-industrial; 9.5 - Subtidal Sandy-Mud,,Was a crate cover used when retrieving the unit: no; Which component of the ARMS unit material was extracted: Motile,https://github.com/arms-mbon/data_release_002,Main genome;Eukaryota;Archaeplastida;Prasinodermophyta;Prasinodermophyceae;Prasinodermales;Prasinodermaceae;Prasinoderma;NA;NA;NA,urn:lsid:marinespecies.org:taxname:370098,Prasinoderma,Genus,Otu136,NCBI:156132,ARMS_BelgiumCoast_AJJC81_20200506_20201012_MF500_s1_r1
ARMS_BelgiumCoast_AJJC81_20200506_20201012_MF500_s1_r1:Otu137,MaterialSample,ARMS-MBON,data_release_002,present,ARMS_BelgiumCoast_AJJC81_20200506_20201012,SAMEA10020973,2020-05-06/2020-10-12,13,DNA sequence reads,4875,DNA sequence reads,https://github.com/arms-mbon/documentation/tree/main/armsmbon_handbook,ERR7125483,PEMA v2.1.4 https://github.com/hariszaf/pema | https://github.com/arms-mbon/analysis_release_002/tree/main/parameter_files,CREST classifier; Minimum bit-score 155; LCA bitscore range 2% | PR2 v4.13 | VSEARCH v2.9.1; clustering similarity 97%,Belgian Part of the North Sea (http://marineregions.org/mrgid/26567),51.6533567,2.79178508,BE,BelgiumCoast_AJJC81,38.0,38.0,Wind farm; semi-industrial; 9.5 - Subtidal Sandy-Mud,,Was a crate cover used when retrieving the unit: no; Which component of the ARMS unit material was extracted: Motile,https://github.com/arms-mbon/data_release_002,Main genome;Eukaryota;NA;NA;NA;NA;NA;NA;NA;NA;NA,,Eukaryota,domain,Otu137,NCBI:2759,ARMS_BelgiumCoast_AJJC81_20200506_20201012_MF500_s1_r1
ARMS_BelgiumCoast_AJJC81_20200506_20201012_MF500_s1_r1:Otu17,MaterialSample,ARMS-MBON,data_release_002,present,ARMS_BelgiumCoast_AJJC81_20200506_20201012,SAMEA10020973,2020-05-06/2020-10-12,18,DNA sequence reads,4875,DNA sequence reads,https://github.com/arms-mbon/documentation/tree/main/armsmbon_handbook,ERR7125483,PEMA v2.1.4 https://github.com/hariszaf/pema | https://github.com/arms-mbon/analysis_release_002/tree/main/parameter_files,CREST classifier; Minimum bit-score 155; LCA bitscore range 2% | PR2 v4.13 | VSEARCH v2.9.1; clustering similarity 97%,Belgian Part of the North Sea (http://marineregions.org/mrgid/26567),51.6533567,2.79178508,BE,BelgiumCoast_AJJC81,38.0,38.0,Wind farm; semi-industrial; 9.5 - Subtidal Sandy-Mud,,Was a crate cover used when retrieving the unit: no; Which component of the ARMS unit material was extracted: Motile,https://github.com/arms-mbon/data_release_002,Main genome;Eukaryota;Opisthokonta;Metazoa;Mollusca;Bivalvia;Mytiloida;NA;NA;NA;NA,urn:lsid:marinespecies.org:taxname:210,Mytilida,Order,Otu17,NCBI:6546,ARMS_BelgiumCoast_AJJC81_20200506_20201012_MF500_s1_r1
ARMS_BelgiumCoast_AJJC81_20200506_20201012_MF500_s1_r1:Otu19,MaterialSample,ARMS-MBON,data_release_002,present,ARMS_BelgiumCoast_AJJC81_20200506_20201012,SAMEA10020973,2020-05-06/2020-10-12,29,DNA sequence reads,4875,DNA sequence reads,https://github.com/arms-mbon/documentation/tree/main/armsmbon_handbook,ERR7125483,PEMA v2.1.4 https://github.com/hariszaf/pema | https://github.com/arms-mbon/analysis_release_002/tree/main/parameter_files,CREST classifier; Minimum bit-score 155; LCA bitscore range 2% | PR2 v4.13 | VSEARCH v2.9.1; clustering similarity 97%,Belgian Part of the North Sea (http://marineregions.org/mrgid/26567),51.6533567,2.79178508,BE,BelgiumCoast_AJJC81,38.0,38.0,Wind farm; semi-industrial; 9.5 - Subtidal Sandy-Mud,,Was a crate cover used when retrieving the unit: no; Which component of the ARMS unit material was extracted: Motile,https://github.com/arms-mbon/data_release_002,Main genome;Eukaryota;Opisthokonta;Metazoa;Urochordata;Ascidiacea;Chelyosoma;NA;NA;NA;NA,urn:lsid:marinespecies.org:taxname:103494,Chelyosoma,Genus,Otu19,NCBI:71176,ARMS_BelgiumCoast_AJJC81_20200506_20201012_MF500_s1_r1
ARMS_BelgiumCoast_AJJC86_20200506_20201012_MF100_s1_r1:Otu413,MaterialSample,ARMS-MBON,data_release_002,present,ARMS_BelgiumCoast_AJJC86_20200506_20201012,SAMEA10020976,2020-05-06/2020-10-12,2,DNA sequence reads,338,DNA sequence reads,https://github.com/arms-mbon/documentation/tree/main/armsmbon_handbook,ERR7125486,PEMA v2.1.4 https://github.com/hariszaf/pema | https://github.com/arms-mbon/analysis_release_002/tree/main/parameter_files,CREST classifier; Minimum bit-score 155; LCA bitscore range 2% | PR2 v4.13 | VSEARCH v2.9.1; clustering similarity 97%,Belgian Part of the North Sea (http://marineregions.org/mrgid/26567),51.65264,2.79369998,BE,BelgiumCoast_AJJC86,37.0,37.0,Wind farm; semi-industrial; 9.5 - Subtidal Sandy-Mud,uncertain classification (not marine),Was a crate cover used when retrieving the unit: no; Which component of the ARMS unit material was extracted: Motile,https://github.com/arms-mbon/data_release_002,Main genome;Eukaryota;Stramenopiles;Ochrophyta;NA;NA;NA;NA;NA;NA;NA,urn:lsid:marinespecies.org:taxname:345465,Ochrophyta,Phylum,Otu413,NCBI:2696291,ARMS_BelgiumCoast_AJJC86_20200506_20201012_MF100_s1_r1
ARMS_BelgiumCoast_AJJC86_20200506_20201012_MF100_s1_r1:Otu412,MaterialSample,ARMS-MBON,data_release_002,present,ARMS_BelgiumCoast_AJJC86_20200506_20201012,SAMEA10020976,2020-05-06/2020-10-12,2,DNA sequence reads,338,DNA sequence reads,https://github.com/arms-mbon/documentation/tree/main/armsmbon_handbook,ERR7125486,PEMA v2.1.4 https://github.com/hariszaf/pema | https://github.com/arms-mbon/analysis_release_002/tree/main/parameter_files,CREST classifier; Minimum bit-score 155; LCA bitscore range 2% | PR2 v4.13 | VSEARCH v2.9.1; clustering similarity 97%,Belgian Part of the North Sea (http://marineregions.org/mrgid/26567),51.65264,2.79369998,BE,BelgiumCoast_AJJC86,37.0,37.0,Wind farm; semi-industrial; 9.5 - Subtidal Sandy-Mud,uncertain classification (not marine),Was a crate cover used when retrieving the unit: no; Which component of the ARMS unit material was extracted: Motile,https://github.com/arms-mbon/data_release_002,Main genome;Eukaryota;Opisthokonta;Fungi;Ascomycota;Pezizomycotina;NA;NA;NA;NA;NA,urn:lsid:marinespecies.org:taxname:437297,Pezizomycotina,Subphylum (Subdivision),Otu412,NCBI:147538,ARMS_BelgiumCoast_AJJC86_20200506_20201012_MF100_s1_r1
ARMS_BelgiumCoast_AJJC86_20200506_20201012_MF100_s1_r1:Otu176,MaterialSample,ARMS-MBON,data_release_002,present,ARMS_BelgiumCoast_AJJC86_20200506_20201012,SAMEA10020976,2020-05-06/2020-10-12,7,DNA sequence reads,338,DNA sequence reads,https://github.com/arms-mbon/documentation/tree/main/armsmbon_handbook,ERR7125486,PEMA v2.1.4 https://github.com/hariszaf/pema | https://github.com/arms-mbon/analysis_release_002/tree/main/parameter_files,CREST classifier; Minimum bit-score 155; LCA bitscore range 2% | PR2 v4.13 | VSEARCH v2.9.1; clustering similarity 97%,Belgian Part of the North Sea (http://marineregions.org/mrgid/26567),51.65264,2.79369998,BE,BelgiumCoast_AJJC86,37.0,37.0,Wind farm; semi-industrial; 9.5 - Subtidal Sandy-Mud,,Was a crate cover used when retrieving the unit: no; Which component of the ARMS unit material was extracted: Motile,https://github.com/arms-mbon/data_release_002,Main genome;Eukaryota;Opisthokonta;Metazoa;Platyhelminthes;Turbellaria;Polycladida;Stylochus;NA;NA;NA,urn:lsid:marinespecies.org:taxname:142245,Stylochus,Genus,Otu176,NCBI:31257,ARMS_BelgiumCoast_AJJC86_20200506_20201012_MF100_s1_r1
ARMS_BelgiumCoast_AJJC86_20200506_20201012_MF100_s1_r1:Otu111,MaterialSample,ARMS-MBON,data_release_002,present,ARMS_BelgiumCoast_AJJC86_20200506_20201012,SAMEA10020976,2020-05-06/2020-10-12,2,DNA sequence reads,338,DNA sequence reads,https://github.com/arms-mbon/documentation/tree/main/armsmbon_handbook,ERR7125486,PEMA v2.1.4 https://github.com/hariszaf/pema | https://github.com/arms-mbon/analysis_release_002/tree/main/parameter_files,CREST classifier; Minimum bit-score 155; LCA bitscore range 2% | PR2 v4.13 | VSEARCH v2.9.1; clustering similarity 97%,Belgian Part of the North Sea (http://marineregions.org/mrgid/26567),51.65264,2.79369998,BE,BelgiumCoast_AJJC86,37.0,37.0,Wind farm; semi-industrial; 9.5 - Subtidal Sandy-Mud,uncertain classification (not marine),Was a crate cover used when retrieving the unit: no; Which component of the ARMS unit material was extracted: Motile,https://github.com/arms-mbon/data_release_002,Main genome;Eukaryota;Archaeplastida;Streptophyta;Embryophyceae;NA;NA;NA;NA;NA;NA,urn:lsid:marinespecies.org:taxname:536191,Streptophyta,Infrakingdom,Otu111,NCBI:35493,ARMS_BelgiumCoast_AJJC86_20200506_20201012_MF100_s1_r1
ARMS_BelgiumCoast_AJJC86_20200506_20201012_MF100_s1_r1:Otu31,MaterialSample,ARMS-MBON,data_release_002,present,ARMS_BelgiumCoast_AJJC86_20200506_20201012,SAMEA10020976,2020-05-06/2020-10-12,3,DNA sequence reads,338,DNA sequence reads,https://github.com/arms-mbon/documentation/tree/main/armsmbon_handbook,ERR7125486,PEMA v2.1.4 https://github.com/hariszaf/pema | https://github.com/arms-mbon/analysis_release_002/tree/main/parameter_files,CREST classifier; Minimum bit-score 155; LCA bitscore range 2% | PR2 v4.13 | VSEARCH v2.9.1; clustering similarity 97%,Belgian Part of the North Sea (http://marineregions.org/mrgid/26567),51.65264,2.79369998,BE,BelgiumCoast_AJJC86,37.0,37.0,Wind farm; semi-industrial; 9.5 - Subtidal Sandy-Mud,,Was a crate cover used when retrieving the unit: no; Which component of the ARMS unit material was extracted: Motile,https://github.com/arms-mbon/data_release_002,Main genome;Eukaryota;Opisthokonta;Metazoa;Cnidaria;Hydrozoa;NA;NA;NA;NA;NA,urn:lsid:marinespecies.org:taxname:1337,Hydrozoa,Class,Otu31,NCBI:6074,ARMS_BelgiumCoast_AJJC86_20200506_20201012_MF100_s1_r1
ARMS_BelgiumCoast_AJJC86_20200506_20201012_MF100_s1_r1:Otu87,MaterialSample,ARMS-MBON,data_release_002,present,ARMS_BelgiumCoast_AJJC86_20200506_20201012,SAMEA10020976,2020-05-06/2020-10-12,3,DNA sequence reads,338,DNA sequence reads,https://github.com/arms-mbon/documentation/tree/main/armsmbon_handbook,ERR7125486,PEMA v2.1.4 https://github.com/hariszaf/pema | https://github.com/arms-mbon/analysis_release_002/tree/main/parameter_files,CREST classifier; Minimum bit-score 155; LCA bitscore range 2% | PR2 v4.13 | VSEARCH v2.9.1; clustering similarity 97%,Belgian Part of the North Sea (http://marineregions.org/mrgid/26567),51.65264,2.79369998,BE,BelgiumCoast_AJJC86,37.0,37.0,Wind farm; semi-industrial; 9.5 - Subtidal Sandy-Mud,uncertain classification (not marine),Was a crate cover used when retrieving the unit: no; Which component of the ARMS unit material was extracted: Motile,https://github.com/arms-mbon/data_release_002,Main genome;Eukaryota;Opisthokonta;Fungi;Basidiomycota;Ustilaginomycotina;Exobasidiomycetes;NA;NA;NA;NA,urn:lsid:marinespecies.org:taxname:177193,Exobasidiomycetidae,Subclass,Otu87,NCBI:452283,ARMS_BelgiumCoast_AJJC86_20200506_20201012_MF100_s1_r1
ARMS_BelgiumCoast_AJJC86_20200506_20201012_MF100_s1_r1:Otu233,MaterialSample,ARMS-MBON,data_release_002,present,ARMS_BelgiumCoast_AJJC86_20200506_20201012,SAMEA10020976,2020-05-06/2020-10-12,3,DNA sequence reads,338,DNA sequence reads,https://github.com/arms-mbon/documentation/tree/main/armsmbon_handbook,ERR7125486,PEMA v2.1.4 https://github.com/hariszaf/pema | https://github.com/arms-mbon/analysis_release_002/tree/main/parameter_files,CREST classifier; Minimum bit-score 155; LCA bitscore range 2% | PR2 v4.13 | VSEARCH v2.9.1; clustering similarity 97%,Belgian Part of the North Sea (http://marineregions.org/mrgid/26567),51.65264,2.79369998,BE,BelgiumCoast_AJJC86,37.0,37.0,Wind farm; semi-industrial; 9.5 - Subtidal Sandy-Mud,,Was a crate cover used when retrieving the unit: no; Which component of the ARMS unit material was extracted: Motile,https://github.com/arms-mbon/data_release_002,Main genome;Eukaryota;Opisthokonta;Metazoa;Bryozoa;Favosipora;rosea;NA;NA;NA;Favosipora rosea,urn:lsid:marinespecies.org:taxname:468270,Favosipora rosea,Species,Otu233,NCBI:646314,ARMS_BelgiumCoast_AJJC86_20200506_20201012_MF100_s1_r1
ARMS_BelgiumCoast_AJJC86_20200506_20201012_MF100_s1_r1:Otu232,MaterialSample,ARMS-MBON,data_release_002,present,ARMS_BelgiumCoast_AJJC86_20200506_20201012,SAMEA10020976,2020-05-06/2020-10-12,6,DNA sequence reads,338,DNA sequence reads,https://github.com/arms-mbon/documentation/tree/main/armsmbon_handbook,ERR7125486,PEMA v2.1.4 https://github.com/hariszaf/pema | https://github.com/arms-mbon/analysis_release_002/tree/main/parameter_files,CREST classifier; Minimum bit-score 155; LCA bitscore range 2% | PR2 v4.13 | VSEARCH v2.9.1; clustering similarity 97%,Belgian Part of the North Sea (http://marineregions.org/mrgid/26567),51.65264,2.79369998,BE,BelgiumCoast_AJJC86,37.0,37.0,Wind farm; semi-industrial; 9.5 - Subtidal Sandy-Mud,,Was a crate cover used when retrieving the unit: no; Which component of the ARMS unit material was extracted: Motile,https://github.com/arms-mbon/data_release_002,Main genome;Eukaryota;Opisthokonta;Metazoa;Annelida;Autolytus;rubrolineatus;NA;NA;NA;Autolytus rubrolineatus,urn:lsid:marinespecies.org:taxname:238197,Myrianida irregularis,Species,Otu232,NCBI:884652,ARMS_BelgiumCoast_AJJC86_20200506_20201012_MF100_s1_r1
ARMS_BelgiumCoast_AJJC86_20200506_20201012_MF100_s1_r1:Otu9,MaterialSample,ARMS-MBON,data_release_002,present,ARMS_BelgiumCoast_AJJC86_20200506_20201012,SAMEA10020976,2020-05-06/2020-10-12,269,DNA sequence reads,338,DNA sequence reads,https://github.com/arms-mbon/documentation/tree/main/armsmbon_handbook,ERR7125486,PEMA v2.1.4 https://github.com/hariszaf/pema | https://github.com/arms-mbon/analysis_release_002/tree/main/parameter_files,CREST classifier; Minimum bit-score 155; LCA bitscore range 2% | PR2 v4.13 | VSEARCH v2.9.1; clustering similarity 97%,Belgian Part of the North Sea (http://marineregions.org/mrgid/26567),51.65264,2.79369998,BE,BelgiumCoast_AJJC86,37.0,37.0,Wind farm; semi-industrial; 9.5 - Subtidal Sandy-Mud,,Was a crate cover used when retrieving the unit: no; Which component of the ARMS unit material was extracted: Motile,https://github.com/arms-mbon/data_release_002,Main genome;Eukaryota;Opisthokonta;Metazoa;Cnidaria;Anthozoa;NA;NA;NA;NA;NA,urn:lsid:marinespecies.org:taxname:1292,Anthozoa,Subphylum,Otu9,NCBI:6101,ARMS_BelgiumCoast_AJJC86_20200506_20201012_MF100_s1_r1
ARMS_BelgiumCoast_AJJC86_20200506_20201012_MF100_s1_r1:Otu6,MaterialSample,ARMS-MBON,data_release_002,present,ARMS_BelgiumCoast_AJJC86_20200506_20201012,SAMEA10020976,2020-05-06/2020-10-12,3,DNA sequence reads,338,DNA sequence reads,https://github.com/arms-mbon/documentation/tree/main/armsmbon_handbook,ERR7125486,PEMA v2.1.4 https://github.com/hariszaf/pema | https://github.com/arms-mbon/analysis_release_002/tree/main/parameter_files,CREST classifier; Minimum bit-score 155; LCA bitscore range 2% | PR2 v4.13 | VSEARCH v2.9.1; clustering similarity 97%,Belgian Part of the North Sea (http://marineregions.org/mrgid/26567),51.65264,2.79369998,BE,BelgiumCoast_AJJC86,37.0,37.0,Wind farm; semi-industrial; 9.5 - Subtidal Sandy-Mud,uncertain classification (not marine),Was a crate cover used when retrieving the unit: no; Which component of the ARMS unit material was extracted: Motile,https://github.com/arms-mbon/data_release_002,Main genome;Eukaryota;Opisthokonta;Metazoa;Arthropoda;Crustacea;NA;NA;NA;NA;NA,urn:lsid:marinespecies.org:taxname:1066,Crustacea,Subphylum,Otu6,NCBI:6657,ARMS_BelgiumCoast_AJJC86_20200506_20201012_MF100_s1_r1
ARMS_BelgiumCoast_AJJC86_20200506_20201012_MF100_s1_r1:Otu4,MaterialSample,ARMS-MBON,data_release_002,present,ARMS_BelgiumCoast_AJJC86_20200506_20201012,SAMEA10020976,2020-05-06/2020-10-12,16,DNA sequence reads,338,DNA sequence reads,https://github.com/arms-mbon/documentation/tree/main/armsmbon_handbook,ERR7125486,PEMA v2.1.4 https://github.com/hariszaf/pema | https://github.com/arms-mbon/analysis_release_002/tree/main/parameter_files,CREST classifier; Minimum bit-score 155; LCA bitscore range 2% | PR2 v4.13 | VSEARCH v2.9.1; clustering similarity 97%,Belgian Part of the North Sea (http://marineregions.org/mrgid/26567),51.65264,2.79369998,BE,BelgiumCoast_AJJC86,37.0,37.0,Wind farm; semi-industrial; 9.5 - Subtidal Sandy-Mud,,Was a crate cover used when retrieving the unit: no; Which component of the ARMS unit material was extracted: Motile,https://github.com/arms-mbon/data_release_002,Main genome;Eukaryota;Opisthokonta;Metazoa;Echinodermata;NA;NA;NA;NA;NA;NA,urn:lsid:marinespecies.org:taxname:1806,Echinodermata,Phylum,Otu4,NCBI:7586,ARMS_BelgiumCoast_AJJC86_20200506_20201012_MF100_s1_r1
ARMS_BelgiumCoast_AJJC86_20200506_20201012_MF100_s1_r1:Otu5,MaterialSample,ARMS-MBON,data_release_002,present,ARMS_BelgiumCoast_AJJC86_20200506_20201012,SAMEA10020976,2020-05-06/2020-10-12,11,DNA sequence reads,338,DNA sequence reads,https://github.com/arms-mbon/documentation/tree/main/armsmbon_handbook,ERR7125486,PEMA v2.1.4 https://github.com/hariszaf/pema | https://github.com/arms-mbon/analysis_release_002/tree/main/parameter_files,CREST classifier; Minimum bit-score 155; LCA bitscore range 2% | PR2 v4.13 | VSEARCH v2.9.1; clustering similarity 97%,Belgian Part of the North Sea (http://marineregions.org/mrgid/26567),51.65264,2.79369998,BE,BelgiumCoast_AJJC86,37.0,37.0,Wind farm; semi-industrial; 9.5 - Subtidal Sandy-Mud,,Was a crate cover used when retrieving the unit: no; Which component of the ARMS unit material was extracted: Motile,https://github.com/arms-mbon/data_release_002,Main genome;Eukaryota;Opisthokonta;Metazoa;Craniata;Teleostei;NA;NA;NA;NA;NA,urn:lsid:marinespecies.org:taxname:293496,Teleostei,Class,Otu5,NCBI:32443,ARMS_BelgiumCoast_AJJC86_20200506_20201012_MF100_s1_r1
ARMS_BelgiumCoast_AJJC86_20200506_20201012_MF100_s1_r1:Otu3,MaterialSample,ARMS-MBON,data_release_002,present,ARMS_BelgiumCoast_AJJC86_20200506_20201012,SAMEA10020976,2020-05-06/2020-10-12,2,DNA sequence reads,338,DNA sequence reads,https://github.com/arms-mbon/documentation/tree/main/armsmbon_handbook,ERR7125486,PEMA v2.1.4 https://github.com/hariszaf/pema | https://github.com/arms-mbon/analysis_release_002/tree/main/parameter_files,CREST classifier; Minimum bit-score 155; LCA bitscore range 2% | PR2 v4.13 | VSEARCH v2.9.1; clustering similarity 97%,Belgian Part of the North Sea (http://marineregions.org/mrgid/26567),51.65264,2.79369998,BE,BelgiumCoast_AJJC86,37.0,37.0,Wind farm; semi-industrial; 9.5 - Subtidal Sandy-Mud,,Was a crate cover used when retrieving the unit: no; Which component of the ARMS unit material was extracted: Motile,https://github.com/arms-mbon/data_release_002,Main genome;Eukaryota;Opisthokonta;Metazoa;Mollusca;Bivalvia;Ostreoida;Crassostrea;NA;NA;NA,urn:lsid:marinespecies.org:taxname:138297,Crassostrea,Genus,Otu3,NCBI:6564,ARMS_BelgiumCoast_AJJC86_20200506_20201012_MF100_s1_r1
ARMS_BelgiumCoast_AJJC86_20200506_20201012_MF100_s1_r1:Otu10,MaterialSample,ARMS-MBON,data_release_002,present,ARMS_BelgiumCoast_AJJC86_20200506_20201012,SAMEA10020976,2020-05-06/2020-10-12,6,DNA sequence reads,338,DNA sequence reads,https://github.com/arms-mbon/documentation/tree/main/armsmbon_handbook,ERR7125486,PEMA v2.1.4 https://github.com/hariszaf/pema | https://github.com/arms-mbon/analysis_release_002/tree/main/parameter_files,CREST classifier; Minimum bit-score 155; LCA bitscore range 2% | PR2 v4.13 | VSEARCH v2.9.1; clustering similarity 97%,Belgian Part of the North Sea (http://marineregions.org/mrgid/26567),51.65264,2.79369998,BE,BelgiumCoast_AJJC86,37.0,37.0,Wind farm; semi-industrial; 9.5 - Subtidal Sandy-Mud,uncertain classification (not marine),Was a crate cover used when retrieving the unit: no; Which component of the ARMS unit material was extracted: Motile,https://github.com/arms-mbon/data_release_002,Main genome;Eukaryota;Opisthokonta;Metazoa;Mollusca;Gastropoda;Neritopsina;NA;NA;NA;NA,urn:lsid:marinespecies.org:taxname:156484,Neritimorpha,Subclass,Otu10,NCBI:119397,ARMS_BelgiumCoast_AJJC86_20200506_20201012_MF100_s1_r1
ARMS_BelgiumCoast_AJJC86_20200506_20201012_MF100_s1_r1:Otu19,MaterialSample,ARMS-MBON,data_release_002,present,ARMS_BelgiumCoast_AJJC86_20200506_20201012,SAMEA10020976,2020-05-06/2020-10-12,3,DNA sequence reads,338,DNA sequence reads,https://github.com/arms-mbon/documentation/tree/main/armsmbon_handbook,ERR7125486,PEMA v2.1.4 https://github.com/hariszaf/pema | https://github.com/arms-mbon/analysis_release_002/tree/main/parameter_files,CREST classifier; Minimum bit-score 155; LCA bitscore range 2% | PR2 v4.13 | VSEARCH v2.9.1; clustering similarity 97%,Belgian Part of the North Sea (http://marineregions.org/mrgid/26567),51.65264,2.79369998,BE,BelgiumCoast_AJJC86,37.0,37.0,Wind farm; semi-industrial; 9.5 - Subtidal Sandy-Mud,,Was a crate cover used when retrieving the unit: no; Which component of the ARMS unit material was extracted: Motile,https://github.com/arms-mbon/data_release_002,Main genome;Eukaryota;Opisthokonta;Metazoa;Urochordata;Ascidiacea;Chelyosoma;NA;NA;NA;NA,urn:lsid:marinespecies.org:taxname:103494,Chelyosoma,Genus,Otu19,NCBI:71176,ARMS_BelgiumCoast_AJJC86_20200506_20201012_MF100_s1_r1
ARMS_BelgiumCoast_AJJC86_20200506_20201012_MF500_s1_r1:Otu417,MaterialSample,ARMS-MBON,data_release_002,present,ARMS_BelgiumCoast_AJJC86_20200506_20201012,SAMEA10020979,2020-05-06/2020-10-12,2,DNA sequence reads,599,DNA sequence reads,https://github.com/arms-mbon/documentation/tree/main/armsmbon_handbook,ERR7125489,PEMA v2.1.4 https://github.com/hariszaf/pema | https://github.com/arms-mbon/analysis_release_002/tree/main/parameter_files,CREST classifier; Minimum bit-score 155; LCA bitscore range 2% | PR2 v4.13 | VSEARCH v2.9.1; clustering similarity 97%,Belgian Part of the North Sea (http://marineregions.org/mrgid/26567),51.65264,2.79369998,BE,BelgiumCoast_AJJC86,37.0,37.0,Wind farm; semi-industrial; 9.5 - Subtidal Sandy-Mud,,Was a crate cover used when retrieving the unit: no; Which component of the ARMS unit material was extracted: Motile,https://github.com/arms-mbon/data_release_002,Main genome;Eukaryota;Opisthokonta;Metazoa;Porifera;Homoscleromorpha;NA;NA;NA;NA;NA,urn:lsid:marinespecies.org:taxname:131587,Homoscleromorpha,Class,Otu417,NCBI:80999,ARMS_BelgiumCoast_AJJC86_20200506_20201012_MF500_s1_r1
ARMS_BelgiumCoast_AJJC86_20200506_20201012_MF500_s1_r1:Otu416,MaterialSample,ARMS-MBON,data_release_002,present,ARMS_BelgiumCoast_AJJC86_20200506_20201012,SAMEA10020979,2020-05-06/2020-10-12,2,DNA sequence reads,599,DNA sequence reads,https://github.com/arms-mbon/documentation/tree/main/armsmbon_handbook,ERR7125489,PEMA v2.1.4 https://github.com/hariszaf/pema | https://github.com/arms-mbon/analysis_release_002/tree/main/parameter_files,CREST classifier; Minimum bit-score 155; LCA bitscore range 2% | PR2 v4.13 | VSEARCH v2.9.1; clustering similarity 97%,Belgian Part of the North Sea (http://marineregions.org/mrgid/26567),51.65264,2.79369998,BE,BelgiumCoast_AJJC86,37.0,37.0,Wind farm; semi-industrial; 9.5 - Subtidal Sandy-Mud,uncertain classification (not marine),Was a crate cover used when retrieving the unit: no; Which component of the ARMS unit material was extracted: Motile,https://github.com/arms-mbon/data_release_002,Main genome;Eukaryota;Alveolata;Apicomplexa;Gregarinomorphea;Selenidium1;sensimae;NA;NA;NA;Selenidium1 sensimae,urn:lsid:marinespecies.org:taxname:22565,Apicomplexa,Subphylum,Otu416,NCBI:5794,ARMS_BelgiumCoast_AJJC86_20200506_20201012_MF500_s1_r1
ARMS_BelgiumCoast_AJJC86_20200506_20201012_MF500_s1_r1:Otu415,MaterialSample,ARMS-MBON,data_release_002,present,ARMS_BelgiumCoast_AJJC86_20200506_20201012,SAMEA10020979,2020-05-06/2020-10-12,2,DNA sequence reads,599,DNA sequence reads,https://github.com/arms-mbon/documentation/tree/main/armsmbon_handbook,ERR7125489,PEMA v2.1.4 https://github.com/hariszaf/pema | https://github.com/arms-mbon/analysis_release_002/tree/main/parameter_files,CREST classifier; Minimum bit-score 155; LCA bitscore range 2% | PR2 v4.13 | VSEARCH v2.9.1; clustering similarity 97%,Belgian Part of the North Sea (http://marineregions.org/mrgid/26567),51.65264,2.79369998,BE,BelgiumCoast_AJJC86,37.0,37.0,Wind farm; semi-industrial; 9.5 - Subtidal Sandy-Mud,,Was a crate cover used when retrieving the unit: no; Which component of the ARMS unit material was extracted: Motile,https://github.com/arms-mbon/data_release_002,Main genome;Eukaryota;Stramenopiles;Ochrophyta;Bacillariophyta;Raphid-pennate;NA;NA;NA;NA;NA,urn:lsid:marinespecies.org:taxname:148898,Bacillariophyta,Phylum,Otu415,NCBI:2836,ARMS_BelgiumCoast_AJJC86_20200506_20201012_MF500_s1_r1
ARMS_BelgiumCoast_AJJC86_20200506_20201012_MF500_s1_r1:Otu414,MaterialSample,ARMS-MBON,data_release_002,present,ARMS_BelgiumCoast_AJJC86_20200506_20201012,SAMEA10020979,2020-05-06/2020-10-12,2,DNA sequence reads,599,DNA sequence reads,https://github.com/arms-mbon/documentation/tree/main/armsmbon_handbook,ERR7125489,PEMA v2.1.4 https://github.com/hariszaf/pema | https://github.com/arms-mbon/analysis_release_002/tree/main/parameter_files,CREST classifier; Minimum bit-score 155; LCA bitscore range 2% | PR2 v4.13 | VSEARCH v2.9.1; clustering similarity 97%,Belgian Part of the North Sea (http://marineregions.org/mrgid/26567),51.65264,2.79369998,BE,BelgiumCoast_AJJC86,37.0,37.0,Wind farm; semi-industrial; 9.5 - Subtidal Sandy-Mud,,Was a crate cover used when retrieving the unit: no; Which component of the ARMS unit material was extracted: Motile,https://github.com/arms-mbon/data_release_002,Main genome;Eukaryota;Alveolata;Apicomplexa;Gregarinomorphea;Eugregarinorida;Cephaloidophoridae;NA;NA;NA;NA,urn:lsid:marinespecies.org:taxname:394872,Cephaloidophoridae,Family,Otu414,NCBI:947083,ARMS_BelgiumCoast_AJJC86_20200506_20201012_MF500_s1_r1
ARMS_BelgiumCoast_AJJC86_20200506_20201012_MF500_s1_r1:Otu418,MaterialSample,ARMS-MBON,data_release_002,present,ARMS_BelgiumCoast_AJJC86_20200506_20201012,SAMEA10020979,2020-05-06/2020-10-12,2,DNA sequence reads,599,DNA sequence reads,https://github.com/arms-mbon/documentation/tree/main/armsmbon_handbook,ERR7125489,PEMA v2.1.4 https://github.com/hariszaf/pema | https://github.com/arms-mbon/analysis_release_002/tree/main/parameter_files,CREST classifier; Minimum bit-score 155; LCA bitscore range 2% | PR2 v4.13 | VSEARCH v2.9.1; clustering similarity 97%,Belgian Part of the North Sea (http://marineregions.org/mrgid/26567),51.65264,2.79369998,BE,BelgiumCoast_AJJC86,37.0,37.0,Wind farm; semi-industrial; 9.5 - Subtidal Sandy-Mud,,Was a crate cover used when retrieving the unit: no; Which component of the ARMS unit material was extracted: Motile,https://github.com/arms-mbon/data_release_002,Main genome;Eukaryota;Rhizaria;Cercozoa;NA;NA;NA;NA;NA;NA;NA,urn:lsid:marinespecies.org:taxname:562852,Cercozoa,Phylum,Otu418,NCBI:136419,ARMS_BelgiumCoast_AJJC86_20200506_20201012_MF500_s1_r1
ARMS_BelgiumCoast_AJJC86_20200506_20201012_MF500_s1_r1:Otu252,MaterialSample,ARMS-MBON,data_release_002,present,ARMS_BelgiumCoast_AJJC86_20200506_20201012,SAMEA10020979,2020-05-06/2020-10-12,3,DNA sequence reads,599,DNA sequence reads,https://github.com/arms-mbon/documentation/tree/main/armsmbon_handbook,ERR7125489,PEMA v2.1.4 https://github.com/hariszaf/pema | https://github.com/arms-mbon/analysis_release_002/tree/main/parameter_files,CREST classifier; Minimum bit-score 155; LCA bitscore range 2% | PR2 v4.13 | VSEARCH v2.9.1; clustering similarity 97%,Belgian Part of the North Sea (http://marineregions.org/mrgid/26567),51.65264,2.79369998,BE,BelgiumCoast_AJJC86,37.0,37.0,Wind farm; semi-industrial; 9.5 - Subtidal Sandy-Mud,,Was a crate cover used when retrieving the unit: no; Which component of the ARMS unit material was extracted: Motile,https://github.com/arms-mbon/data_release_002,Main genome;Eukaryota;Opisthokonta;Metazoa;Urochordata;Ascidiacea;NA;NA;NA;NA;NA,urn:lsid:marinespecies.org:taxname:1839,Ascidiacea,Class,Otu252,NCBI:7713,ARMS_BelgiumCoast_AJJC86_20200506_20201012_MF500_s1_r1
ARMS_BelgiumCoast_AJJC86_20200506_20201012_MF500_s1_r1:Otu259,MaterialSample,ARMS-MBON,data_release_002,present,ARMS_BelgiumCoast_AJJC86_20200506_20201012,SAMEA10020979,2020-05-06/2020-10-12,5,DNA sequence reads,599,DNA sequence reads,https://github.com/arms-mbon/documentation/tree/main/armsmbon_handbook,ERR7125489,PEMA v2.1.4 https://github.com/hariszaf/pema | https://github.com/arms-mbon/analysis_release_002/tree/main/parameter_files,CREST classifier; Minimum bit-score 155; LCA bitscore range 2% | PR2 v4.13 | VSEARCH v2.9.1; clustering similarity 97%,Belgian Part of the North Sea (http://marineregions.org/mrgid/26567),51.65264,2.79369998,BE,BelgiumCoast_AJJC86,37.0,37.0,Wind farm; semi-industrial; 9.5 - Subtidal Sandy-Mud,,Was a crate cover used when retrieving the unit: no; Which component of the ARMS unit material was extracted: Motile,https://github.com/arms-mbon/data_release_002,Main genome;Eukaryota;Opisthokonta;Fungi;Ascomycota;Pezizomycotina;Dothideomycetes;Davidiella;tassiana;NA;Davidiella tassiana,urn:lsid:marinespecies.org:taxname:100511,Cladosporium herbarum,Species,Otu259,NCBI:29918,ARMS_BelgiumCoast_AJJC86_20200506_20201012_MF500_s1_r1
ARMS_BelgiumCoast_AJJC86_20200506_20201012_MF500_s1_r1:Otu354,MaterialSample,ARMS-MBON,data_release_002,present,ARMS_BelgiumCoast_AJJC86_20200506_20201012,SAMEA10020979,2020-05-06/2020-10-12,3,DNA sequence reads,599,DNA sequence reads,https://github.com/arms-mbon/documentation/tree/main/armsmbon_handbook,ERR7125489,PEMA v2.1.4 https://github.com/hariszaf/pema | https://github.com/arms-mbon/analysis_release_002/tree/main/parameter_files,CREST classifier; Minimum bit-score 155; LCA bitscore range 2% | PR2 v4.13 | VSEARCH v2.9.1; clustering similarity 97%,Belgian Part of the North Sea (http://marineregions.org/mrgid/26567),51.65264,2.79369998,BE,BelgiumCoast_AJJC86,37.0,37.0,Wind farm; semi-industrial; 9.5 - Subtidal Sandy-Mud,,Was a crate cover used when retrieving the unit: no; Which component of the ARMS unit material was extracted: Motile,https://github.com/arms-mbon/data_release_002,Main genome;Eukaryota;Opisthokonta;Metazoa;Mollusca;Bivalvia;Heteroconchia;Sphenia;perversa;NA;Sphenia perversa,urn:lsid:marinespecies.org:taxname:505906,Sphenia perversa,Species,Otu354,NCBI:457835,ARMS_BelgiumCoast_AJJC86_20200506_20201012_MF500_s1_r1
ARMS_BelgiumCoast_AJJC86_20200506_20201012_MF500_s1_r1:Otu355,MaterialSample,ARMS-MBON,data_release_002,present,ARMS_BelgiumCoast_AJJC86_20200506_20201012,SAMEA10020979,2020-05-06/2020-10-12,3,DNA sequence reads,599,DNA sequence reads,https://github.com/arms-mbon/documentation/tree/main/armsmbon_handbook,ERR7125489,PEMA v2.1.4 https://github.com/hariszaf/pema | https://github.com/arms-mbon/analysis_release_002/tree/main/parameter_files,CREST classifier; Minimum bit-score 155; LCA bitscore range 2% | PR2 v4.13 | VSEARCH v2.9.1; clustering similarity 97%,Belgian Part of the North Sea (http://marineregions.org/mrgid/26567),51.65264,2.79369998,BE,BelgiumCoast_AJJC86,37.0,37.0,Wind farm; semi-industrial; 9.5 - Subtidal Sandy-Mud,,Was a crate cover used when retrieving the unit: no; Which component of the ARMS unit material was extracted: Motile,https://github.com/arms-mbon/data_release_002,Main genome;Eukaryota;Alveolata;Apicomplexa;Gregarinomorphea;Eugregarinorida;Lecudinidae;NA;NA;NA;NA,urn:lsid:marinespecies.org:taxname:562693,Lecudinidae,Family,Otu355,NCBI:158377,ARMS_BelgiumCoast_AJJC86_20200506_20201012_MF500_s1_r1
ARMS_BelgiumCoast_AJJC86_20200506_20201012_MF500_s1_r1:Otu353,MaterialSample,ARMS-MBON,data_release_002,present,ARMS_BelgiumCoast_AJJC86_20200506_20201012,SAMEA10020979,2020-05-06/2020-10-12,3,DNA sequence reads,599,DNA sequence reads,https://github.com/arms-mbon/documentation/tree/main/armsmbon_handbook,ERR7125489,PEMA v2.1.4 https://github.com/hariszaf/pema | https://github.com/arms-mbon/analysis_release_002/tree/main/parameter_files,CREST classifier; Minimum bit-score 155; LCA bitscore range 2% | PR2 v4.13 | VSEARCH v2.9.1; clustering similarity 97%,Belgian Part of the North Sea (http://marineregions.org/mrgid/26567),51.65264,2.79369998,BE,BelgiumCoast_AJJC86,37.0,37.0,Wind farm; semi-industrial; 9.5 - Subtidal Sandy-Mud,,Was a crate cover used when retrieving the unit: no; Which component of the ARMS unit material was extracted: Motile,https://github.com/arms-mbon/data_release_002,Main genome;Eukaryota;Opisthokonta;Fungi;Ascomycota;Saccharomycotina;Saccharomycetales;NA;NA;NA;NA,urn:lsid:marinespecies.org:taxname:147580,Endomycetales,Order,Otu353,NCBI:4892,ARMS_BelgiumCoast_AJJC86_20200506_20201012_MF500_s1_r1
ARMS_BelgiumCoast_AJJC86_20200506_20201012_MF500_s1_r1:Otu120,MaterialSample,ARMS-MBON,data_release_002,present,ARMS_BelgiumCoast_AJJC86_20200506_20201012,SAMEA10020979,2020-05-06/2020-10-12,15,DNA sequence reads,599,DNA sequence reads,https://github.com/arms-mbon/documentation/tree/main/armsmbon_handbook,ERR7125489,PEMA v2.1.4 https://github.com/hariszaf/pema | https://github.com/arms-mbon/analysis_release_002/tree/main/parameter_files,CREST classifier; Minimum bit-score 155; LCA bitscore range 2% | PR2 v4.13 | VSEARCH v2.9.1; clustering similarity 97%,Belgian Part of the North Sea (http://marineregions.org/mrgid/26567),51.65264,2.79369998,BE,BelgiumCoast_AJJC86,37.0,37.0,Wind farm; semi-industrial; 9.5 - Subtidal Sandy-Mud,uncertain classification (not marine),Was a crate cover used when retrieving the unit: no; Which component of the ARMS unit material was extracted: Motile,https://github.com/arms-mbon/data_release_002,Main genome;Eukaryota;Opisthokonta;Fungi;Ascomycota;NA;NA;NA;NA;NA;NA,urn:lsid:marinespecies.org:taxname:21891,Ascomycota,Phylum (Division),Otu120,NCBI:4890,ARMS_BelgiumCoast_AJJC86_20200506_20201012_MF500_s1_r1
ARMS_BelgiumCoast_AJJC86_20200506_20201012_MF500_s1_r1:Otu62,MaterialSample,ARMS-MBON,data_release_002,present,ARMS_BelgiumCoast_AJJC86_20200506_20201012,SAMEA10020979,2020-05-06/2020-10-12,40,DNA sequence reads,599,DNA sequence reads,https://github.com/arms-mbon/documentation/tree/main/armsmbon_handbook,ERR7125489,PEMA v2.1.4 https://github.com/hariszaf/pema | https://github.com/arms-mbon/analysis_release_002/tree/main/parameter_files,CREST classifier; Minimum bit-score 155; LCA bitscore range 2% | PR2 v4.13 | VSEARCH v2.9.1; clustering similarity 97%,Belgian Part of the North Sea (http://marineregions.org/mrgid/26567),51.65264,2.79369998,BE,BelgiumCoast_AJJC86,37.0,37.0,Wind farm; semi-industrial; 9.5 - Subtidal Sandy-Mud,uncertain classification (not marine),Was a crate cover used when retrieving the unit: no; Which component of the ARMS unit material was extracted: Motile,https://github.com/arms-mbon/data_release_002,Main genome;Eukaryota;Opisthokonta;Metazoa;Arthropoda;Crustacea;NA;NA;NA;NA;NA,urn:lsid:marinespecies.org:taxname:1066,Crustacea,Subphylum,Otu62,NCBI:6657,ARMS_BelgiumCoast_AJJC86_20200506_20201012_MF500_s1_r1
ARMS_BelgiumCoast_AJJC86_20200506_20201012_MF500_s1_r1:Otu67,MaterialSample,ARMS-MBON,data_release_002,present,ARMS_BelgiumCoast_AJJC86_20200506_20201012,SAMEA10020979,2020-05-06/2020-10-12,23,DNA sequence reads,599,DNA sequence reads,https://github.com/arms-mbon/documentation/tree/main/armsmbon_handbook,ERR7125489,PEMA v2.1.4 https://github.com/hariszaf/pema | https://github.com/arms-mbon/analysis_release_002/tree/main/parameter_files,CREST classifier; Minimum bit-score 155; LCA bitscore range 2% | PR2 v4.13 | VSEARCH v2.9.1; clustering similarity 97%,Belgian Part of the North Sea (http://marineregions.org/mrgid/26567),51.65264,2.79369998,BE,BelgiumCoast_AJJC86,37.0,37.0,Wind farm; semi-industrial; 9.5 - Subtidal Sandy-Mud,uncertain classification (not marine),Was a crate cover used when retrieving the unit: no; Which component of the ARMS unit material was extracted: Motile,https://github.com/arms-mbon/data_release_002,Main genome;Eukaryota;Alveolata;Apicomplexa;Gregarinomorphea;Selenidium1;sensimae;NA;NA;NA;Selenidium1 sensimae,urn:lsid:marinespecies.org:taxname:22565,Apicomplexa,Subphylum,Otu67,NCBI:5794,ARMS_BelgiumCoast_AJJC86_20200506_20201012_MF500_s1_r1
ARMS_BelgiumCoast_AJJC86_20200506_20201012_MF500_s1_r1:Otu300,MaterialSample,ARMS-MBON,data_release_002,present,ARMS_BelgiumCoast_AJJC86_20200506_20201012,SAMEA10020979,2020-05-06/2020-10-12,4,DNA sequence reads,599,DNA sequence reads,https://github.com/arms-mbon/documentation/tree/main/armsmbon_handbook,ERR7125489,PEMA v2.1.4 https://github.com/hariszaf/pema | https://github.com/arms-mbon/analysis_release_002/tree/main/parameter_files,CREST classifier; Minimum bit-score 155; LCA bitscore range 2% | PR2 v4.13 | VSEARCH v2.9.1; clustering similarity 97%,Belgian Part of the North Sea (http://marineregions.org/mrgid/26567),51.65264,2.79369998,BE,BelgiumCoast_AJJC86,37.0,37.0,Wind farm; semi-industrial; 9.5 - Subtidal Sandy-Mud,,Was a crate cover used when retrieving the unit: no; Which component of the ARMS unit material was extracted: Motile,https://github.com/arms-mbon/data_release_002,Main genome;Eukaryota;Opisthokonta;Metazoa;Annelida;Typosyllis;NA;NA;NA;NA;NA,urn:lsid:marinespecies.org:taxname:147195,Typosyllis,Genus,Otu300,NCBI:199571,ARMS_BelgiumCoast_AJJC86_20200506_20201012_MF500_s1_r1
ARMS_BelgiumCoast_AJJC86_20200506_20201012_MF500_s1_r1:Otu260,MaterialSample,ARMS-MBON,data_release_002,present,ARMS_BelgiumCoast_AJJC86_20200506_20201012,SAMEA10020979,2020-05-06/2020-10-12,5,DNA sequence reads,599,DNA sequence reads,https://github.com/arms-mbon/documentation/tree/main/armsmbon_handbook,ERR7125489,PEMA v2.1.4 https://github.com/hariszaf/pema | https://github.com/arms-mbon/analysis_release_002/tree/main/parameter_files,CREST classifier; Minimum bit-score 155; LCA bitscore range 2% | PR2 v4.13 | VSEARCH v2.9.1; clustering similarity 97%,Belgian Part of the North Sea (http://marineregions.org/mrgid/26567),51.65264,2.79369998,BE,BelgiumCoast_AJJC86,37.0,37.0,Wind farm; semi-industrial; 9.5 - Subtidal Sandy-Mud,uncertain classification (not marine),Was a crate cover used when retrieving the unit: no; Which component of the ARMS unit material was extracted: Motile,https://github.com/arms-mbon/data_release_002,Main genome;Eukaryota;Opisthokonta;Metazoa;Arthropoda;Crustacea;Maxillopoda;NA;NA;NA;NA,urn:lsid:marinespecies.org:taxname:1066,Crustacea,Subphylum,Otu260,NCBI:6657,ARMS_BelgiumCoast_AJJC86_20200506_20201012_MF500_s1_r1
ARMS_BelgiumCoast_AJJC86_20200506_20201012_MF500_s1_r1:Otu261,MaterialSample,ARMS-MBON,data_release_002,present,ARMS_BelgiumCoast_AJJC86_20200506_20201012,SAMEA10020979,2020-05-06/2020-10-12,5,DNA sequence reads,599,DNA sequence reads,https://github.com/arms-mbon/documentation/tree/main/armsmbon_handbook,ERR7125489,PEMA v2.1.4 https://github.com/hariszaf/pema | https://github.com/arms-mbon/analysis_release_002/tree/main/parameter_files,CREST classifier; Minimum bit-score 155; LCA bitscore range 2% | PR2 v4.13 | VSEARCH v2.9.1; clustering similarity 97%,Belgian Part of the North Sea (http://marineregions.org/mrgid/26567),51.65264,2.79369998,BE,BelgiumCoast_AJJC86,37.0,37.0,Wind farm; semi-industrial; 9.5 - Subtidal Sandy-Mud,,Was a crate cover used when retrieving the unit: no; Which component of the ARMS unit material was extracted: Motile,https://github.com/arms-mbon/data_release_002,Main genome;Eukaryota;Opisthokonta;Metazoa;Annelida;Janua;NA;NA;NA;NA;NA,urn:lsid:marinespecies.org:taxname:129631,Janua,Genus,Otu261,NCBI:356935,ARMS_BelgiumCoast_AJJC86_20200506_20201012_MF500_s1_r1
ARMS_BelgiumCoast_AJJC86_20200506_20201012_MF500_s1_r1:Otu111,MaterialSample,ARMS-MBON,data_release_002,present,ARMS_BelgiumCoast_AJJC86_20200506_20201012,SAMEA10020979,2020-05-06/2020-10-12,14,DNA sequence reads,599,DNA sequence reads,https://github.com/arms-mbon/documentation/tree/main/armsmbon_handbook,ERR7125489,PEMA v2.1.4 https://github.com/hariszaf/pema | https://github.com/arms-mbon/analysis_release_002/tree/main/parameter_files,CREST classifier; Minimum bit-score 155; LCA bitscore range 2% | PR2 v4.13 | VSEARCH v2.9.1; clustering similarity 97%,Belgian Part of the North Sea (http://marineregions.org/mrgid/26567),51.65264,2.79369998,BE,BelgiumCoast_AJJC86,37.0,37.0,Wind farm; semi-industrial; 9.5 - Subtidal Sandy-Mud,uncertain classification (not marine),Was a crate cover used when retrieving the unit: no; Which component of the ARMS unit material was extracted: Motile,https://github.com/arms-mbon/data_release_002,Main genome;Eukaryota;Archaeplastida;Streptophyta;Embryophyceae;NA;NA;NA;NA;NA;NA,urn:lsid:marinespecies.org:taxname:536191,Streptophyta,Infrakingdom,Otu111,NCBI:35493,ARMS_BelgiumCoast_AJJC86_20200506_20201012_MF500_s1_r1
ARMS_BelgiumCoast_AJJC86_20200506_20201012_MF500_s1_r1:Otu31,MaterialSample,ARMS-MBON,data_release_002,present,ARMS_BelgiumCoast_AJJC86_20200506_20201012,SAMEA10020979,2020-05-06/2020-10-12,39,DNA sequence reads,599,DNA sequence reads,https://github.com/arms-mbon/documentation/tree/main/armsmbon_handbook,ERR7125489,PEMA v2.1.4 https://github.com/hariszaf/pema | https://github.com/arms-mbon/analysis_release_002/tree/main/parameter_files,CREST classifier; Minimum bit-score 155; LCA bitscore range 2% | PR2 v4.13 | VSEARCH v2.9.1; clustering similarity 97%,Belgian Part of the North Sea (http://marineregions.org/mrgid/26567),51.65264,2.79369998,BE,BelgiumCoast_AJJC86,37.0,37.0,Wind farm; semi-industrial; 9.5 - Subtidal Sandy-Mud,,Was a crate cover used when retrieving the unit: no; Which component of the ARMS unit material was extracted: Motile,https://github.com/arms-mbon/data_release_002,Main genome;Eukaryota;Opisthokonta;Metazoa;Cnidaria;Hydrozoa;NA;NA;NA;NA;NA,urn:lsid:marinespecies.org:taxname:1337,Hydrozoa,Class,Otu31,NCBI:6074,ARMS_BelgiumCoast_AJJC86_20200506_20201012_MF500_s1_r1
ARMS_BelgiumCoast_AJJC86_20200506_20201012_MF500_s1_r1:Otu165,MaterialSample,ARMS-MBON,data_release_002,present,ARMS_BelgiumCoast_AJJC86_20200506_20201012,SAMEA10020979,2020-05-06/2020-10-12,12,DNA sequence reads,599,DNA sequence reads,https://github.com/arms-mbon/documentation/tree/main/armsmbon_handbook,ERR7125489,PEMA v2.1.4 https://github.com/hariszaf/pema | https://github.com/arms-mbon/analysis_release_002/tree/main/parameter_files,CREST classifier; Minimum bit-score 155; LCA bitscore range 2% | PR2 v4.13 | VSEARCH v2.9.1; clustering similarity 97%,Belgian Part of the North Sea (http://marineregions.org/mrgid/26567),51.65264,2.79369998,BE,BelgiumCoast_AJJC86,37.0,37.0,Wind farm; semi-industrial; 9.5 - Subtidal Sandy-Mud,,Was a crate cover used when retrieving the unit: no; Which component of the ARMS unit material was extracted: Motile,https://github.com/arms-mbon/data_release_002,Main genome;Eukaryota;Opisthokonta;Metazoa;Annelida;Branchiomma;NA;NA;NA;NA;NA,urn:lsid:marinespecies.org:taxname:129524,Branchiomma,Genus,Otu165,NCBI:431177,ARMS_BelgiumCoast_AJJC86_20200506_20201012_MF500_s1_r1
ARMS_BelgiumCoast_AJJC86_20200506_20201012_MF500_s1_r1:Otu164,MaterialSample,ARMS-MBON,data_release_002,present,ARMS_BelgiumCoast_AJJC86_20200506_20201012,SAMEA10020979,2020-05-06/2020-10-12,15,DNA sequence reads,599,DNA sequence reads,https://github.com/arms-mbon/documentation/tree/main/armsmbon_handbook,ERR7125489,PEMA v2.1.4 https://github.com/hariszaf/pema | https://github.com/arms-mbon/analysis_release_002/tree/main/parameter_files,CREST classifier; Minimum bit-score 155; LCA bitscore range 2% | PR2 v4.13 | VSEARCH v2.9.1; clustering similarity 97%,Belgian Part of the North Sea (http://marineregions.org/mrgid/26567),51.65264,2.79369998,BE,BelgiumCoast_AJJC86,37.0,37.0,Wind farm; semi-industrial; 9.5 - Subtidal Sandy-Mud,,Was a crate cover used when retrieving the unit: no; Which component of the ARMS unit material was extracted: Motile,https://github.com/arms-mbon/data_release_002,Main genome;Eukaryota;Alveolata;Apicomplexa;Gregarinomorphea;Eugregarinorida;Lecudinidae;NA;NA;NA;NA,urn:lsid:marinespecies.org:taxname:562693,Lecudinidae,Family,Otu164,NCBI:158377,ARMS_BelgiumCoast_AJJC86_20200506_20201012_MF500_s1_r1
ARMS_BelgiumCoast_AJJC86_20200506_20201012_MF500_s1_r1:Otu83,MaterialSample,ARMS-MBON,data_release_002,present,ARMS_BelgiumCoast_AJJC86_20200506_20201012,SAMEA10020979,2020-05-06/2020-10-12,10,DNA sequence reads,599,DNA sequence reads,https://github.com/arms-mbon/documentation/tree/main/armsmbon_handbook,ERR7125489,PEMA v2.1.4 https://github.com/hariszaf/pema | https://github.com/arms-mbon/analysis_release_002/tree/main/parameter_files,CREST classifier; Minimum bit-score 155; LCA bitscore range 2% | PR2 v4.13 | VSEARCH v2.9.1; clustering similarity 97%,Belgian Part of the North Sea (http://marineregions.org/mrgid/26567),51.65264,2.79369998,BE,BelgiumCoast_AJJC86,37.0,37.0,Wind farm; semi-industrial; 9.5 - Subtidal Sandy-Mud,uncertain classification (not marine),Was a crate cover used when retrieving the unit: no; Which component of the ARMS unit material was extracted: Motile,https://github.com/arms-mbon/data_release_002,Main genome;Eukaryota;Opisthokonta;Metazoa;Arthropoda;Crustacea;Maxillopoda;NA;NA;NA;NA,urn:lsid:marinespecies.org:taxname:1066,Crustacea,Subphylum,Otu83,NCBI:6657,ARMS_BelgiumCoast_AJJC86_20200506_20201012_MF500_s1_r1
ARMS_BelgiumCoast_AJJC86_20200506_20201012_MF500_s1_r1:Otu85,MaterialSample,ARMS-MBON,data_release_002,present,ARMS_BelgiumCoast_AJJC86_20200506_20201012,SAMEA10020979,2020-05-06/2020-10-12,24,DNA sequence reads,599,DNA sequence reads,https://github.com/arms-mbon/documentation/tree/main/armsmbon_handbook,ERR7125489,PEMA v2.1.4 https://github.com/hariszaf/pema | https://github.com/arms-mbon/analysis_release_002/tree/main/parameter_files,CREST classifier; Minimum bit-score 155; LCA bitscore range 2% | PR2 v4.13 | VSEARCH v2.9.1; clustering similarity 97%,Belgian Part of the North Sea (http://marineregions.org/mrgid/26567),51.65264,2.79369998,BE,BelgiumCoast_AJJC86,37.0,37.0,Wind farm; semi-industrial; 9.5 - Subtidal Sandy-Mud,uncertain classification (not marine),Was a crate cover used when retrieving the unit: no; Which component of the ARMS unit material was extracted: Motile,https://github.com/arms-mbon/data_release_002,Main genome;Eukaryota;Stramenopiles;Pseudofungi;Oomycota;NA;NA;NA;NA;NA;NA,urn:lsid:marinespecies.org:taxname:22154,Oomycota,Phylum,Otu85,NCBI:4762,ARMS_BelgiumCoast_AJJC86_20200506_20201012_MF500_s1_r1
ARMS_BelgiumCoast_AJJC86_20200506_20201012_MF500_s1_r1:Otu336,MaterialSample,ARMS-MBON,data_release_002,present,ARMS_BelgiumCoast_AJJC86_20200506_20201012,SAMEA10020979,2020-05-06/2020-10-12,3,DNA sequence reads,599,DNA sequence reads,https://github.com/arms-mbon/documentation/tree/main/armsmbon_handbook,ERR7125489,PEMA v2.1.4 https://github.com/hariszaf/pema | https://github.com/arms-mbon/analysis_release_002/tree/main/parameter_files,CREST classifier; Minimum bit-score 155; LCA bitscore range 2% | PR2 v4.13 | VSEARCH v2.9.1; clustering similarity 97%,Belgian Part of the North Sea (http://marineregions.org/mrgid/26567),51.65264,2.79369998,BE,BelgiumCoast_AJJC86,37.0,37.0,Wind farm; semi-industrial; 9.5 - Subtidal Sandy-Mud,uncertain classification (not marine),Was a crate cover used when retrieving the unit: no; Which component of the ARMS unit material was extracted: Motile,https://github.com/arms-mbon/data_release_002,Main genome;Eukaryota;Opisthokonta;Metazoa;Arthropoda;Crustacea;Maxillopoda;NA;NA;NA;NA,urn:lsid:marinespecies.org:taxname:1066,Crustacea,Subphylum,Otu336,NCBI:6657,ARMS_BelgiumCoast_AJJC86_20200506_20201012_MF500_s1_r1
ARMS_BelgiumCoast_AJJC86_20200506_20201012_MF500_s1_r1:Otu71,MaterialSample,ARMS-MBON,data_release_002,present,ARMS_BelgiumCoast_AJJC86_20200506_20201012,SAMEA10020979,2020-05-06/2020-10-12,31,DNA sequence reads,599,DNA sequence reads,https://github.com/arms-mbon/documentation/tree/main/armsmbon_handbook,ERR7125489,PEMA v2.1.4 https://github.com/hariszaf/pema | https://github.com/arms-mbon/analysis_release_002/tree/main/parameter_files,CREST classifier; Minimum bit-score 155; LCA bitscore range 2% | PR2 v4.13 | VSEARCH v2.9.1; clustering similarity 97%,Belgian Part of the North Sea (http://marineregions.org/mrgid/26567),51.65264,2.79369998,BE,BelgiumCoast_AJJC86,37.0,37.0,Wind farm; semi-industrial; 9.5 - Subtidal Sandy-Mud,uncertain classification (not marine),Was a crate cover used when retrieving the unit: no; Which component of the ARMS unit material was extracted: Motile,https://github.com/arms-mbon/data_release_002,Main genome;Eukaryota;Rhizaria;Cercozoa;Filosa-Sarcomonadea;Glissomonadida;Sandonidae;NA;NA;NA;NA,urn:lsid:marinespecies.org:taxname:590940,Sandonidae,Family,Otu71,NCBI:2586441,ARMS_BelgiumCoast_AJJC86_20200506_20201012_MF500_s1_r1
ARMS_BelgiumCoast_AJJC86_20200506_20201012_MF500_s1_r1:Otu75,MaterialSample,ARMS-MBON,data_release_002,present,ARMS_BelgiumCoast_AJJC86_20200506_20201012,SAMEA10020979,2020-05-06/2020-10-12,37,DNA sequence reads,599,DNA sequence reads,https://github.com/arms-mbon/documentation/tree/main/armsmbon_handbook,ERR7125489,PEMA v2.1.4 https://github.com/hariszaf/pema | https://github.com/arms-mbon/analysis_release_002/tree/main/parameter_files,CREST classifier; Minimum bit-score 155; LCA bitscore range 2% | PR2 v4.13 | VSEARCH v2.9.1; clustering similarity 97%,Belgian Part of the North Sea (http://marineregions.org/mrgid/26567),51.65264,2.79369998,BE,BelgiumCoast_AJJC86,37.0,37.0,Wind farm; semi-industrial; 9.5 - Subtidal Sandy-Mud,uncertain classification (not marine),Was a crate cover used when retrieving the unit: no; Which component of the ARMS unit material was extracted: Motile,https://github.com/arms-mbon/data_release_002,Main genome;Eukaryota;Opisthokonta;Metazoa;Nematoda;Chromadorea;NA;NA;NA;NA;NA,urn:lsid:marinespecies.org:taxname:731848,Chromadorea,Class,Otu75,NCBI:119089,ARMS_BelgiumCoast_AJJC86_20200506_20201012_MF500_s1_r1
ARMS_BelgiumCoast_AJJC86_20200506_20201012_MF500_s1_r1:Otu233,MaterialSample,ARMS-MBON,data_release_002,present,ARMS_BelgiumCoast_AJJC86_20200506_20201012,SAMEA10020979,2020-05-06/2020-10-12,7,DNA sequence reads,599,DNA sequence reads,https://github.com/arms-mbon/documentation/tree/main/armsmbon_handbook,ERR7125489,PEMA v2.1.4 https://github.com/hariszaf/pema | https://github.com/arms-mbon/analysis_release_002/tree/main/parameter_files,CREST classifier; Minimum bit-score 155; LCA bitscore range 2% | PR2 v4.13 | VSEARCH v2.9.1; clustering similarity 97%,Belgian Part of the North Sea (http://marineregions.org/mrgid/26567),51.65264,2.79369998,BE,BelgiumCoast_AJJC86,37.0,37.0,Wind farm; semi-industrial; 9.5 - Subtidal Sandy-Mud,,Was a crate cover used when retrieving the unit: no; Which component of the ARMS unit material was extracted: Motile,https://github.com/arms-mbon/data_release_002,Main genome;Eukaryota;Opisthokonta;Metazoa;Bryozoa;Favosipora;rosea;NA;NA;NA;Favosipora rosea,urn:lsid:marinespecies.org:taxname:468270,Favosipora rosea,Species,Otu233,NCBI:646314,ARMS_BelgiumCoast_AJJC86_20200506_20201012_MF500_s1_r1
ARMS_BelgiumCoast_AJJC86_20200506_20201012_MF500_s1_r1:Otu9,MaterialSample,ARMS-MBON,data_release_002,present,ARMS_BelgiumCoast_AJJC86_20200506_20201012,SAMEA10020979,2020-05-06/2020-10-12,5,DNA sequence reads,599,DNA sequence reads,https://github.com/arms-mbon/documentation/tree/main/armsmbon_handbook,ERR7125489,PEMA v2.1.4 https://github.com/hariszaf/pema | https://github.com/arms-mbon/analysis_release_002/tree/main/parameter_files,CREST classifier; Minimum bit-score 155; LCA bitscore range 2% | PR2 v4.13 | VSEARCH v2.9.1; clustering similarity 97%,Belgian Part of the North Sea (http://marineregions.org/mrgid/26567),51.65264,2.79369998,BE,BelgiumCoast_AJJC86,37.0,37.0,Wind farm; semi-industrial; 9.5 - Subtidal Sandy-Mud,,Was a crate cover used when retrieving the unit: no; Which component of the ARMS unit material was extracted: Motile,https://github.com/arms-mbon/data_release_002,Main genome;Eukaryota;Opisthokonta;Metazoa;Cnidaria;Anthozoa;NA;NA;NA;NA;NA,urn:lsid:marinespecies.org:taxname:1292,Anthozoa,Subphylum,Otu9,NCBI:6101,ARMS_BelgiumCoast_AJJC86_20200506_20201012_MF500_s1_r1
ARMS_BelgiumCoast_AJJC86_20200506_20201012_MF500_s1_r1:Otu7,MaterialSample,ARMS-MBON,data_release_002,present,ARMS_BelgiumCoast_AJJC86_20200506_20201012,SAMEA10020979,2020-05-06/2020-10-12,17,DNA sequence reads,599,DNA sequence reads,https://github.com/arms-mbon/documentation/tree/main/armsmbon_handbook,ERR7125489,PEMA v2.1.4 https://github.com/hariszaf/pema | https://github.com/arms-mbon/analysis_release_002/tree/main/parameter_files,CREST classifier; Minimum bit-score 155; LCA bitscore range 2% | PR2 v4.13 | VSEARCH v2.9.1; clustering similarity 97%,Belgian Part of the North Sea (http://marineregions.org/mrgid/26567),51.65264,2.79369998,BE,BelgiumCoast_AJJC86,37.0,37.0,Wind farm; semi-industrial; 9.5 - Subtidal Sandy-Mud,,Was a crate cover used when retrieving the unit: no; Which component of the ARMS unit material was extracted: Motile,https://github.com/arms-mbon/data_release_002,Main genome;Eukaryota;Opisthokonta;Metazoa;Arthropoda;Crustacea;Maxillopoda;Megabalanus;NA;NA;NA,urn:lsid:marinespecies.org:taxname:106123,Megabalanus,Genus,Otu7,NCBI:6679,ARMS_BelgiumCoast_AJJC86_20200506_20201012_MF500_s1_r1
ARMS_BelgiumCoast_AJJC86_20200506_20201012_MF500_s1_r1:Otu2,MaterialSample,ARMS-MBON,data_release_002,present,ARMS_BelgiumCoast_AJJC86_20200506_20201012,SAMEA10020979,2020-05-06/2020-10-12,84,DNA sequence reads,599,DNA sequence reads,https://github.com/arms-mbon/documentation/tree/main/armsmbon_handbook,ERR7125489,PEMA v2.1.4 https://github.com/hariszaf/pema | https://github.com/arms-mbon/analysis_release_002/tree/main/parameter_files,CREST classifier; Minimum bit-score 155; LCA bitscore range 2% | PR2 v4.13 | VSEARCH v2.9.1; clustering similarity 97%,Belgian Part of the North Sea (http://marineregions.org/mrgid/26567),51.65264,2.79369998,BE,BelgiumCoast_AJJC86,37.0,37.0,Wind farm; semi-industrial; 9.5 - Subtidal Sandy-Mud,,Was a crate cover used when retrieving the unit: no; Which component of the ARMS unit material was extracted: Motile,https://github.com/arms-mbon/data_release_002,Main genome;Eukaryota;Opisthokonta;Metazoa;Urochordata;Ascidiacea;NA;NA;NA;NA;NA,urn:lsid:marinespecies.org:taxname:1839,Ascidiacea,Class,Otu2,NCBI:7713,ARMS_BelgiumCoast_AJJC86_20200506_20201012_MF500_s1_r1
ARMS_BelgiumCoast_AJJC86_20200506_20201012_MF500_s1_r1:Otu204,MaterialSample,ARMS-MBON,data_release_002,present,ARMS_BelgiumCoast_AJJC86_20200506_20201012,SAMEA10020979,2020-05-06/2020-10-12,4,DNA sequence reads,599,DNA sequence reads,https://github.com/arms-mbon/documentation/tree/main/armsmbon_handbook,ERR7125489,PEMA v2.1.4 https://github.com/hariszaf/pema | https://github.com/arms-mbon/analysis_release_002/tree/main/parameter_files,CREST classifier; Minimum bit-score 155; LCA bitscore range 2% | PR2 v4.13 | VSEARCH v2.9.1; clustering similarity 97%,Belgian Part of the North Sea (http://marineregions.org/mrgid/26567),51.65264,2.79369998,BE,BelgiumCoast_AJJC86,37.0,37.0,Wind farm; semi-industrial; 9.5 - Subtidal Sandy-Mud,,Was a crate cover used when retrieving the unit: no; Which component of the ARMS unit material was extracted: Motile,https://github.com/arms-mbon/data_release_002,Main genome;Eukaryota;NA;NA;NA;NA;NA;NA;NA;NA;NA,,Eukaryota,domain,Otu204,NCBI:2759,ARMS_BelgiumCoast_AJJC86_20200506_20201012_MF500_s1_r1
ARMS_BelgiumCoast_AJJC86_20200506_20201012_MF500_s1_r1:Otu107,MaterialSample,ARMS-MBON,data_release_002,present,ARMS_BelgiumCoast_AJJC86_20200506_20201012,SAMEA10020979,2020-05-06/2020-10-12,17,DNA sequence reads,599,DNA sequence reads,https://github.com/arms-mbon/documentation/tree/main/armsmbon_handbook,ERR7125489,PEMA v2.1.4 https://github.com/hariszaf/pema | https://github.com/arms-mbon/analysis_release_002/tree/main/parameter_files,CREST classifier; Minimum bit-score 155; LCA bitscore range 2% | PR2 v4.13 | VSEARCH v2.9.1; clustering similarity 97%,Belgian Part of the North Sea (http://marineregions.org/mrgid/26567),51.65264,2.79369998,BE,BelgiumCoast_AJJC86,37.0,37.0,Wind farm; semi-industrial; 9.5 - Subtidal Sandy-Mud,,Was a crate cover used when retrieving the unit: no; Which component of the ARMS unit material was extracted: Motile,https://github.com/arms-mbon/data_release_002,Main genome;Eukaryota;Stramenopiles;Ochrophyta;Bacillariophyta;Polar-centric-Mediophyceae;NA;NA;NA;NA;NA,urn:lsid:marinespecies.org:taxname:345483,Mediophyceae,Class,Otu107,NCBI:589449,ARMS_BelgiumCoast_AJJC86_20200506_20201012_MF500_s1_r1
ARMS_BelgiumCoast_AJJC86_20200506_20201012_MF500_s1_r1:Otu102,MaterialSample,ARMS-MBON,data_release_002,present,ARMS_BelgiumCoast_AJJC86_20200506_20201012,SAMEA10020979,2020-05-06/2020-10-12,7,DNA sequence reads,599,DNA sequence reads,https://github.com/arms-mbon/documentation/tree/main/armsmbon_handbook,ERR7125489,PEMA v2.1.4 https://github.com/hariszaf/pema | https://github.com/arms-mbon/analysis_release_002/tree/main/parameter_files,CREST classifier; Minimum bit-score 155; LCA bitscore range 2% | PR2 v4.13 | VSEARCH v2.9.1; clustering similarity 97%,Belgian Part of the North Sea (http://marineregions.org/mrgid/26567),51.65264,2.79369998,BE,BelgiumCoast_AJJC86,37.0,37.0,Wind farm; semi-industrial; 9.5 - Subtidal Sandy-Mud,,Was a crate cover used when retrieving the unit: no; Which component of the ARMS unit material was extracted: Motile,https://github.com/arms-mbon/data_release_002,Main genome;Eukaryota;Opisthokonta;Metazoa;Arthropoda;Crustacea;Maxillopoda;Euryte;NA;NA;NA,urn:lsid:marinespecies.org:taxname:106432,Euryte,Genus,Otu102,NCBI:298417,ARMS_BelgiumCoast_AJJC86_20200506_20201012_MF500_s1_r1
ARMS_BelgiumCoast_AJJC86_20200506_20201012_MF500_s1_r1:Otu108,MaterialSample,ARMS-MBON,data_release_002,present,ARMS_BelgiumCoast_AJJC86_20200506_20201012,SAMEA10020979,2020-05-06/2020-10-12,27,DNA sequence reads,599,DNA sequence reads,https://github.com/arms-mbon/documentation/tree/main/armsmbon_handbook,ERR7125489,PEMA v2.1.4 https://github.com/hariszaf/pema | https://github.com/arms-mbon/analysis_release_002/tree/main/parameter_files,CREST classifier; Minimum bit-score 155; LCA bitscore range 2% | PR2 v4.13 | VSEARCH v2.9.1; clustering similarity 97%,Belgian Part of the North Sea (http://marineregions.org/mrgid/26567),51.65264,2.79369998,BE,BelgiumCoast_AJJC86,37.0,37.0,Wind farm; semi-industrial; 9.5 - Subtidal Sandy-Mud,,Was a crate cover used when retrieving the unit: no; Which component of the ARMS unit material was extracted: Motile,https://github.com/arms-mbon/data_release_002,Main genome;Eukaryota;Opisthokonta;Metazoa;Annelida;Protula;NA;NA;NA;NA;NA,urn:lsid:marinespecies.org:taxname:129575,Protula,Genus,Otu108,NCBI:51281,ARMS_BelgiumCoast_AJJC86_20200506_20201012_MF500_s1_r1
ARMS_BelgiumCoast_AJJC86_20200506_20201012_MF500_s1_r1:Otu193,MaterialSample,ARMS-MBON,data_release_002,present,ARMS_BelgiumCoast_AJJC86_20200506_20201012,SAMEA10020979,2020-05-06/2020-10-12,8,DNA sequence reads,599,DNA sequence reads,https://github.com/arms-mbon/documentation/tree/main/armsmbon_handbook,ERR7125489,PEMA v2.1.4 https://github.com/hariszaf/pema | https://github.com/arms-mbon/analysis_release_002/tree/main/parameter_files,CREST classifier; Minimum bit-score 155; LCA bitscore range 2% | PR2 v4.13 | VSEARCH v2.9.1; clustering similarity 97%,Belgian Part of the North Sea (http://marineregions.org/mrgid/26567),51.65264,2.79369998,BE,BelgiumCoast_AJJC86,37.0,37.0,Wind farm; semi-industrial; 9.5 - Subtidal Sandy-Mud,,Was a crate cover used when retrieving the unit: no; Which component of the ARMS unit material was extracted: Motile,https://github.com/arms-mbon/data_release_002,Main genome;Eukaryota;Opisthokonta;Metazoa;Nemertea;Cephalothrix;NA;NA;NA;NA;NA,urn:lsid:marinespecies.org:taxname:122381,Procephalothrix,Genus,Otu193,NCBI:166041,ARMS_BelgiumCoast_AJJC86_20200506_20201012_MF500_s1_r1
ARMS_BelgiumCoast_AJJC86_20200506_20201012_MF500_s1_r1:Otu94,MaterialSample,ARMS-MBON,data_release_002,present,ARMS_BelgiumCoast_AJJC86_20200506_20201012,SAMEA10020979,2020-05-06/2020-10-12,21,DNA sequence reads,599,DNA sequence reads,https://github.com/arms-mbon/documentation/tree/main/armsmbon_handbook,ERR7125489,PEMA v2.1.4 https://github.com/hariszaf/pema | https://github.com/arms-mbon/analysis_release_002/tree/main/parameter_files,CREST classifier; Minimum bit-score 155; LCA bitscore range 2% | PR2 v4.13 | VSEARCH v2.9.1; clustering similarity 97%,Belgian Part of the North Sea (http://marineregions.org/mrgid/26567),51.65264,2.79369998,BE,BelgiumCoast_AJJC86,37.0,37.0,Wind farm; semi-industrial; 9.5 - Subtidal Sandy-Mud,uncertain classification (not marine),Was a crate cover used when retrieving the unit: no; Which component of the ARMS unit material was extracted: Motile,https://github.com/arms-mbon/data_release_002,Main genome;Eukaryota;Opisthokonta;Fungi;NA;NA;NA;NA;NA;NA;NA,urn:lsid:marinespecies.org:taxname:4,Fungi,Kingdom,Otu94,NCBI:4751,ARMS_BelgiumCoast_AJJC86_20200506_20201012_MF500_s1_r1
ARMS_BelgiumCoast_AJJC86_20200506_20201012_MF500_s1_r1:Otu141,MaterialSample,ARMS-MBON,data_release_002,present,ARMS_BelgiumCoast_AJJC86_20200506_20201012,SAMEA10020979,2020-05-06/2020-10-12,6,DNA sequence reads,599,DNA sequence reads,https://github.com/arms-mbon/documentation/tree/main/armsmbon_handbook,ERR7125489,PEMA v2.1.4 https://github.com/hariszaf/pema | https://github.com/arms-mbon/analysis_release_002/tree/main/parameter_files,CREST classifier; Minimum bit-score 155; LCA bitscore range 2% | PR2 v4.13 | VSEARCH v2.9.1; clustering similarity 97%,Belgian Part of the North Sea (http://marineregions.org/mrgid/26567),51.65264,2.79369998,BE,BelgiumCoast_AJJC86,37.0,37.0,Wind farm; semi-industrial; 9.5 - Subtidal Sandy-Mud,,Was a crate cover used when retrieving the unit: no; Which component of the ARMS unit material was extracted: Motile,https://github.com/arms-mbon/data_release_002,Main genome;Eukaryota;Opisthokonta;Metazoa;Craniata;NA;NA;NA;NA;NA;NA,urn:lsid:marinespecies.org:taxname:104019,Craniata,Class,Otu141,NCBI:89593,ARMS_BelgiumCoast_AJJC86_20200506_20201012_MF500_s1_r1
ARMS_BelgiumCoast_AJJC86_20200506_20201012_MF500_s1_r1:Otu146,MaterialSample,ARMS-MBON,data_release_002,present,ARMS_BelgiumCoast_AJJC86_20200506_20201012,SAMEA10020979,2020-05-06/2020-10-12,2,DNA sequence reads,599,DNA sequence reads,https://github.com/arms-mbon/documentation/tree/main/armsmbon_handbook,ERR7125489,PEMA v2.1.4 https://github.com/hariszaf/pema | https://github.com/arms-mbon/analysis_release_002/tree/main/parameter_files,CREST classifier; Minimum bit-score 155; LCA bitscore range 2% | PR2 v4.13 | VSEARCH v2.9.1; clustering similarity 97%,Belgian Part of the North Sea (http://marineregions.org/mrgid/26567),51.65264,2.79369998,BE,BelgiumCoast_AJJC86,37.0,37.0,Wind farm; semi-industrial; 9.5 - Subtidal Sandy-Mud,,Was a crate cover used when retrieving the unit: no; Which component of the ARMS unit material was extracted: Motile,https://github.com/arms-mbon/data_release_002,Main genome;Eukaryota;Opisthokonta;Metazoa;Mollusca;Bivalvia;Pectinoida;NA;NA;NA;NA,urn:lsid:marinespecies.org:taxname:387324,Pectinida,Order,Otu146,NCBI:106218,ARMS_BelgiumCoast_AJJC86_20200506_20201012_MF500_s1_r1
ARMS_BelgiumCoast_AJJC86_20200506_20201012_MF500_s1_r1:Otu44,MaterialSample,ARMS-MBON,data_release_002,present,ARMS_BelgiumCoast_AJJC86_20200506_20201012,SAMEA10020979,2020-05-06/2020-10-12,3,DNA sequence reads,599,DNA sequence reads,https://github.com/arms-mbon/documentation/tree/main/armsmbon_handbook,ERR7125489,PEMA v2.1.4 https://github.com/hariszaf/pema | https://github.com/arms-mbon/analysis_release_002/tree/main/parameter_files,CREST classifier; Minimum bit-score 155; LCA bitscore range 2% | PR2 v4.13 | VSEARCH v2.9.1; clustering similarity 97%,Belgian Part of the North Sea (http://marineregions.org/mrgid/26567),51.65264,2.79369998,BE,BelgiumCoast_AJJC86,37.0,37.0,Wind farm; semi-industrial; 9.5 - Subtidal Sandy-Mud,,Was a crate cover used when retrieving the unit: no; Which component of the ARMS unit material was extracted: Motile,https://github.com/arms-mbon/data_release_002,Main genome;Eukaryota;Stramenopiles;Ochrophyta;Bacillariophyta;Radial-centric-basal-Coscinodiscophyceae;NA;NA;NA;NA;NA,urn:lsid:marinespecies.org:taxname:148900,Coscinodiscophyceae,Class,Otu44,NCBI:33836,ARMS_BelgiumCoast_AJJC86_20200506_20201012_MF500_s1_r1
ARMS_BelgiumCoast_AJJC86_20200506_20201012_MF500_s1_r1:Otu53,MaterialSample,ARMS-MBON,data_release_002,present,ARMS_BelgiumCoast_AJJC86_20200506_20201012,SAMEA10020979,2020-05-06/2020-10-12,9,DNA sequence reads,599,DNA sequence reads,https://github.com/arms-mbon/documentation/tree/main/armsmbon_handbook,ERR7125489,PEMA v2.1.4 https://github.com/hariszaf/pema | https://github.com/arms-mbon/analysis_release_002/tree/main/parameter_files,CREST classifier; Minimum bit-score 155; LCA bitscore range 2% | PR2 v4.13 | VSEARCH v2.9.1; clustering similarity 97%,Belgian Part of the North Sea (http://marineregions.org/mrgid/26567),51.65264,2.79369998,BE,BelgiumCoast_AJJC86,37.0,37.0,Wind farm; semi-industrial; 9.5 - Subtidal Sandy-Mud,uncertain classification (not marine),Was a crate cover used when retrieving the unit: no; Which component of the ARMS unit material was extracted: Motile,https://github.com/arms-mbon/data_release_002,Main genome;Eukaryota;Alveolata;Dinoflagellata;Dinophyceae;NA;NA;NA;NA;NA;NA,urn:lsid:marinespecies.org:taxname:146203,Dinoflagellata,Infraphylum,Otu53,NCBI:2864,ARMS_BelgiumCoast_AJJC86_20200506_20201012_MF500_s1_r1
ARMS_BelgiumCoast_AJJC86_20200506_20201012_MF500_s1_r1:Otu138,MaterialSample,ARMS-MBON,data_release_002,present,ARMS_BelgiumCoast_AJJC86_20200506_20201012,SAMEA10020979,2020-05-06/2020-10-12,17,DNA sequence reads,599,DNA sequence reads,https://github.com/arms-mbon/documentation/tree/main/armsmbon_handbook,ERR7125489,PEMA v2.1.4 https://github.com/hariszaf/pema | https://github.com/arms-mbon/analysis_release_002/tree/main/parameter_files,CREST classifier; Minimum bit-score 155; LCA bitscore range 2% | PR2 v4.13 | VSEARCH v2.9.1; clustering similarity 97%,Belgian Part of the North Sea (http://marineregions.org/mrgid/26567),51.65264,2.79369998,BE,BelgiumCoast_AJJC86,37.0,37.0,Wind farm; semi-industrial; 9.5 - Subtidal Sandy-Mud,,Was a crate cover used when retrieving the unit: no; Which component of the ARMS unit material was extracted: Motile,https://github.com/arms-mbon/data_release_002,Main genome;Eukaryota;Opisthokonta;Metazoa;Porifera;Demospongiae;Halisarca;NA;NA;NA;NA,urn:lsid:marinespecies.org:taxname:131822,Halisarca,Genus,Otu138,NCBI:253171,ARMS_BelgiumCoast_AJJC86_20200506_20201012_MF500_s1_r1
ARMS_BelgiumCoast_AJJC86_20200506_20201012_MF500_s1_r1:Otu17,MaterialSample,ARMS-MBON,data_release_002,present,ARMS_BelgiumCoast_AJJC86_20200506_20201012,SAMEA10020979,2020-05-06/2020-10-12,31,DNA sequence reads,599,DNA sequence reads,https://github.com/arms-mbon/documentation/tree/main/armsmbon_handbook,ERR7125489,PEMA v2.1.4 https://github.com/hariszaf/pema | https://github.com/arms-mbon/analysis_release_002/tree/main/parameter_files,CREST classifier; Minimum bit-score 155; LCA bitscore range 2% | PR2 v4.13 | VSEARCH v2.9.1; clustering similarity 97%,Belgian Part of the North Sea (http://marineregions.org/mrgid/26567),51.65264,2.79369998,BE,BelgiumCoast_AJJC86,37.0,37.0,Wind farm; semi-industrial; 9.5 - Subtidal Sandy-Mud,,Was a crate cover used when retrieving the unit: no; Which component of the ARMS unit material was extracted: Motile,https://github.com/arms-mbon/data_release_002,Main genome;Eukaryota;Opisthokonta;Metazoa;Mollusca;Bivalvia;Mytiloida;NA;NA;NA;NA,urn:lsid:marinespecies.org:taxname:210,Mytilida,Order,Otu17,NCBI:6546,ARMS_BelgiumCoast_AJJC86_20200506_20201012_MF500_s1_r1
ARMS_BelgiumCoast_AJJC86_20200506_20201012_MF500_s1_r1:Otu18,MaterialSample,ARMS-MBON,data_release_002,present,ARMS_BelgiumCoast_AJJC86_20200506_20201012,SAMEA10020979,2020-05-06/2020-10-12,2,DNA sequence reads,599,DNA sequence reads,https://github.com/arms-mbon/documentation/tree/main/armsmbon_handbook,ERR7125489,PEMA v2.1.4 https://github.com/hariszaf/pema | https://github.com/arms-mbon/analysis_release_002/tree/main/parameter_files,CREST classifier; Minimum bit-score 155; LCA bitscore range 2% | PR2 v4.13 | VSEARCH v2.9.1; clustering similarity 97%,Belgian Part of the North Sea (http://marineregions.org/mrgid/26567),51.65264,2.79369998,BE,BelgiumCoast_AJJC86,37.0,37.0,Wind farm; semi-industrial; 9.5 - Subtidal Sandy-Mud,uncertain classification (not marine),Was a crate cover used when retrieving the unit: no; Which component of the ARMS unit material was extracted: Motile,https://github.com/arms-mbon/data_release_002,Main genome;Eukaryota;Opisthokonta;Metazoa;Annelida;NA;NA;NA;NA;NA;NA,urn:lsid:marinespecies.org:taxname:882,Annelida,Phylum,Otu18,NCBI:6340,ARMS_BelgiumCoast_AJJC86_20200506_20201012_MF500_s1_r1
ARMS_BelgiumCoast_AJJC86_20200506_20201012_MF500_s1_r1:Otu19,MaterialSample,ARMS-MBON,data_release_002,present,ARMS_BelgiumCoast_AJJC86_20200506_20201012,SAMEA10020979,2020-05-06/2020-10-12,28,DNA sequence reads,599,DNA sequence reads,https://github.com/arms-mbon/documentation/tree/main/armsmbon_handbook,ERR7125489,PEMA v2.1.4 https://github.com/hariszaf/pema | https://github.com/arms-mbon/analysis_release_002/tree/main/parameter_files,CREST classifier; Minimum bit-score 155; LCA bitscore range 2% | PR2 v4.13 | VSEARCH v2.9.1; clustering similarity 97%,Belgian Part of the North Sea (http://marineregions.org/mrgid/26567),51.65264,2.79369998,BE,BelgiumCoast_AJJC86,37.0,37.0,Wind farm; semi-industrial; 9.5 - Subtidal Sandy-Mud,,Was a crate cover used when retrieving the unit: no; Which component of the ARMS unit material was extracted: Motile,https://github.com/arms-mbon/data_release_002,Main genome;Eukaryota;Opisthokonta;Metazoa;Urochordata;Ascidiacea;Chelyosoma;NA;NA;NA;NA,urn:lsid:marinespecies.org:taxname:103494,Chelyosoma,Genus,Otu19,NCBI:71176,ARMS_BelgiumCoast_AJJC86_20200506_20201012_MF500_s1_r1
ARMS_BelgiumCoast_AJJCD78_20200506_20201012_MF100_s1_r1:Otu419,MaterialSample,ARMS-MBON,data_release_002,present,ARMS_BelgiumCoast_AJJCD78_20200506_20201012,SAMEA10020982,2020-05-06/2020-10-12,2,DNA sequence reads,319,DNA sequence reads,https://github.com/arms-mbon/documentation/tree/main/armsmbon_handbook,ERR7125492,PEMA v2.1.4 https://github.com/hariszaf/pema | https://github.com/arms-mbon/analysis_release_002/tree/main/parameter_files,CREST classifier; Minimum bit-score 155; LCA bitscore range 2% | PR2 v4.13 | VSEARCH v2.9.1; clustering similarity 97%,Belgian Part of the North Sea (http://marineregions.org/mrgid/26567),51.65374944,2.79602577,BE,BelgiumCoast_AJJCD78,38.0,38.0,Wind farm; semi-industrial; 9.5 - Subtidal Sandy-Mud,,Was a crate cover used when retrieving the unit: no; Which component of the ARMS unit material was extracted: Motile,https://github.com/arms-mbon/data_release_002,Main genome;Eukaryota;Opisthokonta;Metazoa;Arthropoda;Crustacea;Maxillopoda;Cyclopina;NA;NA;NA,urn:lsid:marinespecies.org:taxname:106437,Cyclopina,Genus,Otu419,NCBI:938102,ARMS_BelgiumCoast_AJJCD78_20200506_20201012_MF100_s1_r1
ARMS_BelgiumCoast_AJJCD78_20200506_20201012_MF100_s1_r1:Otu174,MaterialSample,ARMS-MBON,data_release_002,present,ARMS_BelgiumCoast_AJJCD78_20200506_20201012,SAMEA10020982,2020-05-06/2020-10-12,3,DNA sequence reads,319,DNA sequence reads,https://github.com/arms-mbon/documentation/tree/main/armsmbon_handbook,ERR7125492,PEMA v2.1.4 https://github.com/hariszaf/pema | https://github.com/arms-mbon/analysis_release_002/tree/main/parameter_files,CREST classifier; Minimum bit-score 155; LCA bitscore range 2% | PR2 v4.13 | VSEARCH v2.9.1; clustering similarity 97%,Belgian Part of the North Sea (http://marineregions.org/mrgid/26567),51.65374944,2.79602577,BE,BelgiumCoast_AJJCD78,38.0,38.0,Wind farm; semi-industrial; 9.5 - Subtidal Sandy-Mud,uncertain classification (not marine),Was a crate cover used when retrieving the unit: no; Which component of the ARMS unit material was extracted: Motile,https://github.com/arms-mbon/data_release_002,Main genome;Eukaryota;Opisthokonta;Fungi;Cryptomycota;Cryptomycotina;NA;NA;NA;NA;NA,urn:lsid:marinespecies.org:taxname:707609,Rozellida,Order,Otu174,NCBI:1031332,ARMS_BelgiumCoast_AJJCD78_20200506_20201012_MF100_s1_r1
ARMS_BelgiumCoast_AJJCD78_20200506_20201012_MF100_s1_r1:Otu356,MaterialSample,ARMS-MBON,data_release_002,present,ARMS_BelgiumCoast_AJJCD78_20200506_20201012,SAMEA10020982,2020-05-06/2020-10-12,3,DNA sequence reads,319,DNA sequence reads,https://github.com/arms-mbon/documentation/tree/main/armsmbon_handbook,ERR7125492,PEMA v2.1.4 https://github.com/hariszaf/pema | https://github.com/arms-mbon/analysis_release_002/tree/main/parameter_files,CREST classifier; Minimum bit-score 155; LCA bitscore range 2% | PR2 v4.13 | VSEARCH v2.9.1; clustering similarity 97%,Belgian Part of the North Sea (http://marineregions.org/mrgid/26567),51.65374944,2.79602577,BE,BelgiumCoast_AJJCD78,38.0,38.0,Wind farm; semi-industrial; 9.5 - Subtidal Sandy-Mud,,Was a crate cover used when retrieving the unit: no; Which component of the ARMS unit material was extracted: Motile,https://github.com/arms-mbon/data_release_002,Main genome;Eukaryota;Alveolata;Apicomplexa;Gregarinomorphea;Eugregarinorida;Lecudinidae;NA;NA;NA;NA,urn:lsid:marinespecies.org:taxname:562693,Lecudinidae,Family,Otu356,NCBI:158377,ARMS_BelgiumCoast_AJJCD78_20200506_20201012_MF100_s1_r1
ARMS_BelgiumCoast_AJJCD78_20200506_20201012_MF100_s1_r1:Otu357,MaterialSample,ARMS-MBON,data_release_002,present,ARMS_BelgiumCoast_AJJCD78_20200506_20201012,SAMEA10020982,2020-05-06/2020-10-12,3,DNA sequence reads,319,DNA sequence reads,https://github.com/arms-mbon/documentation/tree/main/armsmbon_handbook,ERR7125492,PEMA v2.1.4 https://github.com/hariszaf/pema | https://github.com/arms-mbon/analysis_release_002/tree/main/parameter_files,CREST classifier; Minimum bit-score 155; LCA bitscore range 2% | PR2 v4.13 | VSEARCH v2.9.1; clustering similarity 97%,Belgian Part of the North Sea (http://marineregions.org/mrgid/26567),51.65374944,2.79602577,BE,BelgiumCoast_AJJCD78,38.0,38.0,Wind farm; semi-industrial; 9.5 - Subtidal Sandy-Mud,uncertain classification (not marine),Was a crate cover used when retrieving the unit: no; Which component of the ARMS unit material was extracted: Motile,https://github.com/arms-mbon/data_release_002,Main genome;Eukaryota;Stramenopiles;Pseudofungi;Oomycota;Haliphthorales;NA;NA;NA;NA;NA,urn:lsid:marinespecies.org:taxname:22154,Oomycota,Phylum,Otu357,NCBI:4762,ARMS_BelgiumCoast_AJJCD78_20200506_20201012_MF100_s1_r1
ARMS_BelgiumCoast_AJJCD78_20200506_20201012_MF100_s1_r1:Otu65,MaterialSample,ARMS-MBON,data_release_002,present,ARMS_BelgiumCoast_AJJCD78_20200506_20201012,SAMEA10020982,2020-05-06/2020-10-12,37,DNA sequence reads,319,DNA sequence reads,https://github.com/arms-mbon/documentation/tree/main/armsmbon_handbook,ERR7125492,PEMA v2.1.4 https://github.com/hariszaf/pema | https://github.com/arms-mbon/analysis_release_002/tree/main/parameter_files,CREST classifier; Minimum bit-score 155; LCA bitscore range 2% | PR2 v4.13 | VSEARCH v2.9.1; clustering similarity 97%,Belgian Part of the North Sea (http://marineregions.org/mrgid/26567),51.65374944,2.79602577,BE,BelgiumCoast_AJJCD78,38.0,38.0,Wind farm; semi-industrial; 9.5 - Subtidal Sandy-Mud,uncertain classification (not marine),Was a crate cover used when retrieving the unit: no; Which component of the ARMS unit material was extracted: Motile,https://github.com/arms-mbon/data_release_002,Main genome;Eukaryota;Opisthokonta;Metazoa;Arthropoda;Crustacea;Maxillopoda;NA;NA;NA;NA,urn:lsid:marinespecies.org:taxname:1066,Crustacea,Subphylum,Otu65,NCBI:6657,ARMS_BelgiumCoast_AJJCD78_20200506_20201012_MF100_s1_r1
ARMS_BelgiumCoast_AJJCD78_20200506_20201012_MF100_s1_r1:Otu69,MaterialSample,ARMS-MBON,data_release_002,present,ARMS_BelgiumCoast_AJJCD78_20200506_20201012,SAMEA10020982,2020-05-06/2020-10-12,34,DNA sequence reads,319,DNA sequence reads,https://github.com/arms-mbon/documentation/tree/main/armsmbon_handbook,ERR7125492,PEMA v2.1.4 https://github.com/hariszaf/pema | https://github.com/arms-mbon/analysis_release_002/tree/main/parameter_files,CREST classifier; Minimum bit-score 155; LCA bitscore range 2% | PR2 v4.13 | VSEARCH v2.9.1; clustering similarity 97%,Belgian Part of the North Sea (http://marineregions.org/mrgid/26567),51.65374944,2.79602577,BE,BelgiumCoast_AJJCD78,38.0,38.0,Wind farm; semi-industrial; 9.5 - Subtidal Sandy-Mud,,Was a crate cover used when retrieving the unit: no; Which component of the ARMS unit material was extracted: Motile,https://github.com/arms-mbon/data_release_002,Main genome;Eukaryota;Alveolata;Apicomplexa;Gregarinomorphea;Eugregarinorida;Lecudinidae;Lecudina;NA;NA;NA,urn:lsid:marinespecies.org:taxname:562703,Lecudina,Genus,Otu69,NCBI:198478,ARMS_BelgiumCoast_AJJCD78_20200506_20201012_MF100_s1_r1
ARMS_BelgiumCoast_AJJCD78_20200506_20201012_MF100_s1_r1:Otu301,MaterialSample,ARMS-MBON,data_release_002,present,ARMS_BelgiumCoast_AJJCD78_20200506_20201012,SAMEA10020982,2020-05-06/2020-10-12,4,DNA sequence reads,319,DNA sequence reads,https://github.com/arms-mbon/documentation/tree/main/armsmbon_handbook,ERR7125492,PEMA v2.1.4 https://github.com/hariszaf/pema | https://github.com/arms-mbon/analysis_release_002/tree/main/parameter_files,CREST classifier; Minimum bit-score 155; LCA bitscore range 2% | PR2 v4.13 | VSEARCH v2.9.1; clustering similarity 97%,Belgian Part of the North Sea (http://marineregions.org/mrgid/26567),51.65374944,2.79602577,BE,BelgiumCoast_AJJCD78,38.0,38.0,Wind farm; semi-industrial; 9.5 - Subtidal Sandy-Mud,,Was a crate cover used when retrieving the unit: no; Which component of the ARMS unit material was extracted: Motile,https://github.com/arms-mbon/data_release_002,Main genome;Eukaryota;Stramenopiles;Pseudofungi;Pirsonia;Clade;NA;NA;NA;NA;NA,urn:lsid:marinespecies.org:taxname:118022,Pirsonia,Genus,Otu301,NCBI:230408,ARMS_BelgiumCoast_AJJCD78_20200506_20201012_MF100_s1_r1
ARMS_BelgiumCoast_AJJCD78_20200506_20201012_MF100_s1_r1:Otu114,MaterialSample,ARMS-MBON,data_release_002,present,ARMS_BelgiumCoast_AJJCD78_20200506_20201012,SAMEA10020982,2020-05-06/2020-10-12,5,DNA sequence reads,319,DNA sequence reads,https://github.com/arms-mbon/documentation/tree/main/armsmbon_handbook,ERR7125492,PEMA v2.1.4 https://github.com/hariszaf/pema | https://github.com/arms-mbon/analysis_release_002/tree/main/parameter_files,CREST classifier; Minimum bit-score 155; LCA bitscore range 2% | PR2 v4.13 | VSEARCH v2.9.1; clustering similarity 97%,Belgian Part of the North Sea (http://marineregions.org/mrgid/26567),51.65374944,2.79602577,BE,BelgiumCoast_AJJCD78,38.0,38.0,Wind farm; semi-industrial; 9.5 - Subtidal Sandy-Mud,,Was a crate cover used when retrieving the unit: no; Which component of the ARMS unit material was extracted: Motile,https://github.com/arms-mbon/data_release_002,Main genome;Eukaryota;Opisthokonta;Metazoa;Entoprocta;NA;NA;NA;NA;NA;NA,urn:lsid:marinespecies.org:taxname:1271,Entoprocta,Phylum,Otu114,NCBI:43120,ARMS_BelgiumCoast_AJJCD78_20200506_20201012_MF100_s1_r1
ARMS_BelgiumCoast_AJJCD78_20200506_20201012_MF100_s1_r1:Otu111,MaterialSample,ARMS-MBON,data_release_002,present,ARMS_BelgiumCoast_AJJCD78_20200506_20201012,SAMEA10020982,2020-05-06/2020-10-12,7,DNA sequence reads,319,DNA sequence reads,https://github.com/arms-mbon/documentation/tree/main/armsmbon_handbook,ERR7125492,PEMA v2.1.4 https://github.com/hariszaf/pema | https://github.com/arms-mbon/analysis_release_002/tree/main/parameter_files,CREST classifier; Minimum bit-score 155; LCA bitscore range 2% | PR2 v4.13 | VSEARCH v2.9.1; clustering similarity 97%,Belgian Part of the North Sea (http://marineregions.org/mrgid/26567),51.65374944,2.79602577,BE,BelgiumCoast_AJJCD78,38.0,38.0,Wind farm; semi-industrial; 9.5 - Subtidal Sandy-Mud,uncertain classification (not marine),Was a crate cover used when retrieving the unit: no; Which component of the ARMS unit material was extracted: Motile,https://github.com/arms-mbon/data_release_002,Main genome;Eukaryota;Archaeplastida;Streptophyta;Embryophyceae;NA;NA;NA;NA;NA;NA,urn:lsid:marinespecies.org:taxname:536191,Streptophyta,Infrakingdom,Otu111,NCBI:35493,ARMS_BelgiumCoast_AJJCD78_20200506_20201012_MF100_s1_r1
ARMS_BelgiumCoast_AJJCD78_20200506_20201012_MF100_s1_r1:Otu33,MaterialSample,ARMS-MBON,data_release_002,present,ARMS_BelgiumCoast_AJJCD78_20200506_20201012,SAMEA10020982,2020-05-06/2020-10-12,42,DNA sequence reads,319,DNA sequence reads,https://github.com/arms-mbon/documentation/tree/main/armsmbon_handbook,ERR7125492,PEMA v2.1.4 https://github.com/hariszaf/pema | https://github.com/arms-mbon/analysis_release_002/tree/main/parameter_files,CREST classifier; Minimum bit-score 155; LCA bitscore range 2% | PR2 v4.13 | VSEARCH v2.9.1; clustering similarity 97%,Belgian Part of the North Sea (http://marineregions.org/mrgid/26567),51.65374944,2.79602577,BE,BelgiumCoast_AJJCD78,38.0,38.0,Wind farm; semi-industrial; 9.5 - Subtidal Sandy-Mud,uncertain classification (not marine),Was a crate cover used when retrieving the unit: no; Which component of the ARMS unit material was extracted: Motile,https://github.com/arms-mbon/data_release_002,Main genome;Eukaryota;Opisthokonta;Fungi;NA;NA;NA;NA;NA;NA;NA,urn:lsid:marinespecies.org:taxname:4,Fungi,Kingdom,Otu33,NCBI:4751,ARMS_BelgiumCoast_AJJCD78_20200506_20201012_MF100_s1_r1
ARMS_BelgiumCoast_AJJCD78_20200506_20201012_MF100_s1_r1:Otu87,MaterialSample,ARMS-MBON,data_release_002,present,ARMS_BelgiumCoast_AJJCD78_20200506_20201012,SAMEA10020982,2020-05-06/2020-10-12,23,DNA sequence reads,319,DNA sequence reads,https://github.com/arms-mbon/documentation/tree/main/armsmbon_handbook,ERR7125492,PEMA v2.1.4 https://github.com/hariszaf/pema | https://github.com/arms-mbon/analysis_release_002/tree/main/parameter_files,CREST classifier; Minimum bit-score 155; LCA bitscore range 2% | PR2 v4.13 | VSEARCH v2.9.1; clustering similarity 97%,Belgian Part of the North Sea (http://marineregions.org/mrgid/26567),51.65374944,2.79602577,BE,BelgiumCoast_AJJCD78,38.0,38.0,Wind farm; semi-industrial; 9.5 - Subtidal Sandy-Mud,uncertain classification (not marine),Was a crate cover used when retrieving the unit: no; Which component of the ARMS unit material was extracted: Motile,https://github.com/arms-mbon/data_release_002,Main genome;Eukaryota;Opisthokonta;Fungi;Basidiomycota;Ustilaginomycotina;Exobasidiomycetes;NA;NA;NA;NA,urn:lsid:marinespecies.org:taxname:177193,Exobasidiomycetidae,Subclass,Otu87,NCBI:452283,ARMS_BelgiumCoast_AJJCD78_20200506_20201012_MF100_s1_r1
ARMS_BelgiumCoast_AJJCD78_20200506_20201012_MF100_s1_r1:Otu74,MaterialSample,ARMS-MBON,data_release_002,present,ARMS_BelgiumCoast_AJJCD78_20200506_20201012,SAMEA10020982,2020-05-06/2020-10-12,2,DNA sequence reads,319,DNA sequence reads,https://github.com/arms-mbon/documentation/tree/main/armsmbon_handbook,ERR7125492,PEMA v2.1.4 https://github.com/hariszaf/pema | https://github.com/arms-mbon/analysis_release_002/tree/main/parameter_files,CREST classifier; Minimum bit-score 155; LCA bitscore range 2% | PR2 v4.13 | VSEARCH v2.9.1; clustering similarity 97%,Belgian Part of the North Sea (http://marineregions.org/mrgid/26567),51.65374944,2.79602577,BE,BelgiumCoast_AJJCD78,38.0,38.0,Wind farm; semi-industrial; 9.5 - Subtidal Sandy-Mud,,Was a crate cover used when retrieving the unit: no; Which component of the ARMS unit material was extracted: Motile,https://github.com/arms-mbon/data_release_002,Main genome;Eukaryota;Alveolata;Apicomplexa;Gregarinomorphea;Eugregarinorida;Porosporidae;NA;NA;NA;NA,urn:lsid:marinespecies.org:taxname:465333,Porosporidae,Family,Otu74,NCBI:947094,ARMS_BelgiumCoast_AJJCD78_20200506_20201012_MF100_s1_r1
ARMS_BelgiumCoast_AJJCD78_20200506_20201012_MF100_s1_r1:Otu234,MaterialSample,ARMS-MBON,data_release_002,present,ARMS_BelgiumCoast_AJJCD78_20200506_20201012,SAMEA10020982,2020-05-06/2020-10-12,6,DNA sequence reads,319,DNA sequence reads,https://github.com/arms-mbon/documentation/tree/main/armsmbon_handbook,ERR7125492,PEMA v2.1.4 https://github.com/hariszaf/pema | https://github.com/arms-mbon/analysis_release_002/tree/main/parameter_files,CREST classifier; Minimum bit-score 155; LCA bitscore range 2% | PR2 v4.13 | VSEARCH v2.9.1; clustering similarity 97%,Belgian Part of the North Sea (http://marineregions.org/mrgid/26567),51.65374944,2.79602577,BE,BelgiumCoast_AJJCD78,38.0,38.0,Wind farm; semi-industrial; 9.5 - Subtidal Sandy-Mud,uncertain classification (not marine),Was a crate cover used when retrieving the unit: no; Which component of the ARMS unit material was extracted: Motile,https://github.com/arms-mbon/data_release_002,Main genome;Eukaryota;Opisthokonta;Metazoa;Arthropoda;Crustacea;Maxillopoda;NA;NA;NA;NA,urn:lsid:marinespecies.org:taxname:1066,Crustacea,Subphylum,Otu234,NCBI:6657,ARMS_BelgiumCoast_AJJCD78_20200506_20201012_MF100_s1_r1
ARMS_BelgiumCoast_AJJCD78_20200506_20201012_MF100_s1_r1:Otu9,MaterialSample,ARMS-MBON,data_release_002,present,ARMS_BelgiumCoast_AJJCD78_20200506_20201012,SAMEA10020982,2020-05-06/2020-10-12,61,DNA sequence reads,319,DNA sequence reads,https://github.com/arms-mbon/documentation/tree/main/armsmbon_handbook,ERR7125492,PEMA v2.1.4 https://github.com/hariszaf/pema | https://github.com/arms-mbon/analysis_release_002/tree/main/parameter_files,CREST classifier; Minimum bit-score 155; LCA bitscore range 2% | PR2 v4.13 | VSEARCH v2.9.1; clustering similarity 97%,Belgian Part of the North Sea (http://marineregions.org/mrgid/26567),51.65374944,2.79602577,BE,BelgiumCoast_AJJCD78,38.0,38.0,Wind farm; semi-industrial; 9.5 - Subtidal Sandy-Mud,,Was a crate cover used when retrieving the unit: no; Which component of the ARMS unit material was extracted: Motile,https://github.com/arms-mbon/data_release_002,Main genome;Eukaryota;Opisthokonta;Metazoa;Cnidaria;Anthozoa;NA;NA;NA;NA;NA,urn:lsid:marinespecies.org:taxname:1292,Anthozoa,Subphylum,Otu9,NCBI:6101,ARMS_BelgiumCoast_AJJCD78_20200506_20201012_MF100_s1_r1
ARMS_BelgiumCoast_AJJCD78_20200506_20201012_MF100_s1_r1:Otu2,MaterialSample,ARMS-MBON,data_release_002,present,ARMS_BelgiumCoast_AJJCD78_20200506_20201012,SAMEA10020982,2020-05-06/2020-10-12,10,DNA sequence reads,319,DNA sequence reads,https://github.com/arms-mbon/documentation/tree/main/armsmbon_handbook,ERR7125492,PEMA v2.1.4 https://github.com/hariszaf/pema | https://github.com/arms-mbon/analysis_release_002/tree/main/parameter_files,CREST classifier; Minimum bit-score 155; LCA bitscore range 2% | PR2 v4.13 | VSEARCH v2.9.1; clustering similarity 97%,Belgian Part of the North Sea (http://marineregions.org/mrgid/26567),51.65374944,2.79602577,BE,BelgiumCoast_AJJCD78,38.0,38.0,Wind farm; semi-industrial; 9.5 - Subtidal Sandy-Mud,,Was a crate cover used when retrieving the unit: no; Which component of the ARMS unit material was extracted: Motile,https://github.com/arms-mbon/data_release_002,Main genome;Eukaryota;Opisthokonta;Metazoa;Urochordata;Ascidiacea;NA;NA;NA;NA;NA,urn:lsid:marinespecies.org:taxname:1839,Ascidiacea,Class,Otu2,NCBI:7713,ARMS_BelgiumCoast_AJJCD78_20200506_20201012_MF100_s1_r1
ARMS_BelgiumCoast_AJJCD78_20200506_20201012_MF100_s1_r1:Otu208,MaterialSample,ARMS-MBON,data_release_002,present,ARMS_BelgiumCoast_AJJCD78_20200506_20201012,SAMEA10020982,2020-05-06/2020-10-12,3,DNA sequence reads,319,DNA sequence reads,https://github.com/arms-mbon/documentation/tree/main/armsmbon_handbook,ERR7125492,PEMA v2.1.4 https://github.com/hariszaf/pema | https://github.com/arms-mbon/analysis_release_002/tree/main/parameter_files,CREST classifier; Minimum bit-score 155; LCA bitscore range 2% | PR2 v4.13 | VSEARCH v2.9.1; clustering similarity 97%,Belgian Part of the North Sea (http://marineregions.org/mrgid/26567),51.65374944,2.79602577,BE,BelgiumCoast_AJJCD78,38.0,38.0,Wind farm; semi-industrial; 9.5 - Subtidal Sandy-Mud,,Was a crate cover used when retrieving the unit: no; Which component of the ARMS unit material was extracted: Motile,https://github.com/arms-mbon/data_release_002,Main genome;Eukaryota;Alveolata;Apicomplexa;Gregarinomorphea;Eugregarinorida;Ganymedidae;Heliospora1;NA;NA;NA,urn:lsid:marinespecies.org:taxname:562688,Ganymedidae,Family,Otu208,NCBI:715295,ARMS_BelgiumCoast_AJJCD78_20200506_20201012_MF100_s1_r1
ARMS_BelgiumCoast_AJJCD78_20200506_20201012_MF100_s1_r1:Otu102,MaterialSample,ARMS-MBON,data_release_002,present,ARMS_BelgiumCoast_AJJCD78_20200506_20201012,SAMEA10020982,2020-05-06/2020-10-12,25,DNA sequence reads,319,DNA sequence reads,https://github.com/arms-mbon/documentation/tree/main/armsmbon_handbook,ERR7125492,PEMA v2.1.4 https://github.com/hariszaf/pema | https://github.com/arms-mbon/analysis_release_002/tree/main/parameter_files,CREST classifier; Minimum bit-score 155; LCA bitscore range 2% | PR2 v4.13 | VSEARCH v2.9.1; clustering similarity 97%,Belgian Part of the North Sea (http://marineregions.org/mrgid/26567),51.65374944,2.79602577,BE,BelgiumCoast_AJJCD78,38.0,38.0,Wind farm; semi-industrial; 9.5 - Subtidal Sandy-Mud,,Was a crate cover used when retrieving the unit: no; Which component of the ARMS unit material was extracted: Motile,https://github.com/arms-mbon/data_release_002,Main genome;Eukaryota;Opisthokonta;Metazoa;Arthropoda;Crustacea;Maxillopoda;Euryte;NA;NA;NA,urn:lsid:marinespecies.org:taxname:106432,Euryte,Genus,Otu102,NCBI:298417,ARMS_BelgiumCoast_AJJCD78_20200506_20201012_MF100_s1_r1
ARMS_BelgiumCoast_AJJCD78_20200506_20201012_MF100_s1_r1:Otu194,MaterialSample,ARMS-MBON,data_release_002,present,ARMS_BelgiumCoast_AJJCD78_20200506_20201012,SAMEA10020982,2020-05-06/2020-10-12,8,DNA sequence reads,319,DNA sequence reads,https://github.com/arms-mbon/documentation/tree/main/armsmbon_handbook,ERR7125492,PEMA v2.1.4 https://github.com/hariszaf/pema | https://github.com/arms-mbon/analysis_release_002/tree/main/parameter_files,CREST classifier; Minimum bit-score 155; LCA bitscore range 2% | PR2 v4.13 | VSEARCH v2.9.1; clustering similarity 97%,Belgian Part of the North Sea (http://marineregions.org/mrgid/26567),51.65374944,2.79602577,BE,BelgiumCoast_AJJCD78,38.0,38.0,Wind farm; semi-industrial; 9.5 - Subtidal Sandy-Mud,uncertain classification (not marine),Was a crate cover used when retrieving the unit: no; Which component of the ARMS unit material was extracted: Motile,https://github.com/arms-mbon/data_release_002,Main genome;Eukaryota;Archaeplastida;Streptophyta;Embryophyceae;NA;NA;NA;NA;NA;NA,urn:lsid:marinespecies.org:taxname:536191,Streptophyta,Infrakingdom,Otu194,NCBI:35493,ARMS_BelgiumCoast_AJJCD78_20200506_20201012_MF100_s1_r1
ARMS_BelgiumCoast_AJJCD78_20200506_20201012_MF100_s1_r1:Otu94,MaterialSample,ARMS-MBON,data_release_002,present,ARMS_BelgiumCoast_AJJCD78_20200506_20201012,SAMEA10020982,2020-05-06/2020-10-12,20,DNA sequence reads,319,DNA sequence reads,https://github.com/arms-mbon/documentation/tree/main/armsmbon_handbook,ERR7125492,PEMA v2.1.4 https://github.com/hariszaf/pema | https://github.com/arms-mbon/analysis_release_002/tree/main/parameter_files,CREST classifier; Minimum bit-score 155; LCA bitscore range 2% | PR2 v4.13 | VSEARCH v2.9.1; clustering similarity 97%,Belgian Part of the North Sea (http://marineregions.org/mrgid/26567),51.65374944,2.79602577,BE,BelgiumCoast_AJJCD78,38.0,38.0,Wind farm; semi-industrial; 9.5 - Subtidal Sandy-Mud,uncertain classification (not marine),Was a crate cover used when retrieving the unit: no; Which component of the ARMS unit material was extracted: Motile,https://github.com/arms-mbon/data_release_002,Main genome;Eukaryota;Opisthokonta;Fungi;NA;NA;NA;NA;NA;NA;NA,urn:lsid:marinespecies.org:taxname:4,Fungi,Kingdom,Otu94,NCBI:4751,ARMS_BelgiumCoast_AJJCD78_20200506_20201012_MF100_s1_r1
ARMS_BelgiumCoast_AJJCD78_20200506_20201012_MF100_s1_r1:Otu92,MaterialSample,ARMS-MBON,data_release_002,present,ARMS_BelgiumCoast_AJJCD78_20200506_20201012,SAMEA10020982,2020-05-06/2020-10-12,6,DNA sequence reads,319,DNA sequence reads,https://github.com/arms-mbon/documentation/tree/main/armsmbon_handbook,ERR7125492,PEMA v2.1.4 https://github.com/hariszaf/pema | https://github.com/arms-mbon/analysis_release_002/tree/main/parameter_files,CREST classifier; Minimum bit-score 155; LCA bitscore range 2% | PR2 v4.13 | VSEARCH v2.9.1; clustering similarity 97%,Belgian Part of the North Sea (http://marineregions.org/mrgid/26567),51.65374944,2.79602577,BE,BelgiumCoast_AJJCD78,38.0,38.0,Wind farm; semi-industrial; 9.5 - Subtidal Sandy-Mud,uncertain classification (not marine),Was a crate cover used when retrieving the unit: no; Which component of the ARMS unit material was extracted: Motile,https://github.com/arms-mbon/data_release_002,Main genome;Eukaryota;Opisthokonta;Fungi;Ascomycota;Pezizomycotina;Sordariomycetes;NA;NA;NA;NA,urn:lsid:marinespecies.org:taxname:437254,Sordariomycetes,Class,Otu92,NCBI:147550,ARMS_BelgiumCoast_AJJCD78_20200506_20201012_MF100_s1_r1
ARMS_BelgiumCoast_AJJCD78_20200506_20201012_MF100_s1_r1:Otu141,MaterialSample,ARMS-MBON,data_release_002,present,ARMS_BelgiumCoast_AJJCD78_20200506_20201012,SAMEA10020982,2020-05-06/2020-10-12,2,DNA sequence reads,319,DNA sequence reads,https://github.com/arms-mbon/documentation/tree/main/armsmbon_handbook,ERR7125492,PEMA v2.1.4 https://github.com/hariszaf/pema | https://github.com/arms-mbon/analysis_release_002/tree/main/parameter_files,CREST classifier; Minimum bit-score 155; LCA bitscore range 2% | PR2 v4.13 | VSEARCH v2.9.1; clustering similarity 97%,Belgian Part of the North Sea (http://marineregions.org/mrgid/26567),51.65374944,2.79602577,BE,BelgiumCoast_AJJCD78,38.0,38.0,Wind farm; semi-industrial; 9.5 - Subtidal Sandy-Mud,,Was a crate cover used when retrieving the unit: no; Which component of the ARMS unit material was extracted: Motile,https://github.com/arms-mbon/data_release_002,Main genome;Eukaryota;Opisthokonta;Metazoa;Craniata;NA;NA;NA;NA;NA;NA,urn:lsid:marinespecies.org:taxname:104019,Craniata,Class,Otu141,NCBI:89593,ARMS_BelgiumCoast_AJJCD78_20200506_20201012_MF100_s1_r1
ARMS_BelgiumCoast_AJJCD78_20200506_20201012_MF100_s1_r1:Otu395,MaterialSample,ARMS-MBON,data_release_002,present,ARMS_BelgiumCoast_AJJCD78_20200506_20201012,SAMEA10020982,2020-05-06/2020-10-12,2,DNA sequence reads,319,DNA sequence reads,https://github.com/arms-mbon/documentation/tree/main/armsmbon_handbook,ERR7125492,PEMA v2.1.4 https://github.com/hariszaf/pema | https://github.com/arms-mbon/analysis_release_002/tree/main/parameter_files,CREST classifier; Minimum bit-score 155; LCA bitscore range 2% | PR2 v4.13 | VSEARCH v2.9.1; clustering similarity 97%,Belgian Part of the North Sea (http://marineregions.org/mrgid/26567),51.65374944,2.79602577,BE,BelgiumCoast_AJJCD78,38.0,38.0,Wind farm; semi-industrial; 9.5 - Subtidal Sandy-Mud,uncertain classification (not marine),Was a crate cover used when retrieving the unit: no; Which component of the ARMS unit material was extracted: Motile,https://github.com/arms-mbon/data_release_002,Main genome;Eukaryota;Alveolata;Dinoflagellata;NA;NA;NA;NA;NA;NA;NA,urn:lsid:marinespecies.org:taxname:146203,Dinoflagellata,Infraphylum,Otu395,NCBI:2864,ARMS_BelgiumCoast_AJJCD78_20200506_20201012_MF100_s1_r1
ARMS_BelgiumCoast_AJJCD78_20200506_20201012_MF100_s1_r1:Otu17,MaterialSample,ARMS-MBON,data_release_002,present,ARMS_BelgiumCoast_AJJCD78_20200506_20201012,SAMEA10020982,2020-05-06/2020-10-12,7,DNA sequence reads,319,DNA sequence reads,https://github.com/arms-mbon/documentation/tree/main/armsmbon_handbook,ERR7125492,PEMA v2.1.4 https://github.com/hariszaf/pema | https://github.com/arms-mbon/analysis_release_002/tree/main/parameter_files,CREST classifier; Minimum bit-score 155; LCA bitscore range 2% | PR2 v4.13 | VSEARCH v2.9.1; clustering similarity 97%,Belgian Part of the North Sea (http://marineregions.org/mrgid/26567),51.65374944,2.79602577,BE,BelgiumCoast_AJJCD78,38.0,38.0,Wind farm; semi-industrial; 9.5 - Subtidal Sandy-Mud,,Was a crate cover used when retrieving the unit: no; Which component of the ARMS unit material was extracted: Motile,https://github.com/arms-mbon/data_release_002,Main genome;Eukaryota;Opisthokonta;Metazoa;Mollusca;Bivalvia;Mytiloida;NA;NA;NA;NA,urn:lsid:marinespecies.org:taxname:210,Mytilida,Order,Otu17,NCBI:6546,ARMS_BelgiumCoast_AJJCD78_20200506_20201012_MF100_s1_r1
ARMS_BelgiumCoast_AJJCD78_20200506_20201012_MF100_s1_r1:Otu18,MaterialSample,ARMS-MBON,data_release_002,present,ARMS_BelgiumCoast_AJJCD78_20200506_20201012,SAMEA10020982,2020-05-06/2020-10-12,4,DNA sequence reads,319,DNA sequence reads,https://github.com/arms-mbon/documentation/tree/main/armsmbon_handbook,ERR7125492,PEMA v2.1.4 https://github.com/hariszaf/pema | https://github.com/arms-mbon/analysis_release_002/tree/main/parameter_files,CREST classifier; Minimum bit-score 155; LCA bitscore range 2% | PR2 v4.13 | VSEARCH v2.9.1; clustering similarity 97%,Belgian Part of the North Sea (http://marineregions.org/mrgid/26567),51.65374944,2.79602577,BE,BelgiumCoast_AJJCD78,38.0,38.0,Wind farm; semi-industrial; 9.5 - Subtidal Sandy-Mud,uncertain classification (not marine),Was a crate cover used when retrieving the unit: no; Which component of the ARMS unit material was extracted: Motile,https://github.com/arms-mbon/data_release_002,Main genome;Eukaryota;Opisthokonta;Metazoa;Annelida;NA;NA;NA;NA;NA;NA,urn:lsid:marinespecies.org:taxname:882,Annelida,Phylum,Otu18,NCBI:6340,ARMS_BelgiumCoast_AJJCD78_20200506_20201012_MF100_s1_r1
ARMS_Crete_1HERP_20200903_20210122_MF500_s1_r1:Otu419,MaterialSample,ARMS-MBON,data_release_002,present,ARMS_Crete_1HERP_20200903_20210122,SAMEA10021045,2020-09-03/2021-01-22,2,DNA sequence reads,84,DNA sequence reads,https://github.com/arms-mbon/documentation/tree/main/armsmbon_handbook,ERR7125563,PEMA v2.1.4 https://github.com/hariszaf/pema | https://github.com/arms-mbon/analysis_release_002/tree/main/parameter_files,CREST classifier; Minimum bit-score 155; LCA bitscore range 2% | PR2 v4.13 | VSEARCH v2.9.1; clustering similarity 97%,Crete Island (http://marineregions.org/mrgid/48617),35.343153,25.136605,GR,Crete_1HERP,4.0,4.0,Marina/Harbour; semi-industrial; 9.6 - Subtidal Muddy,,Was a crate cover used when retrieving the unit: Imperfectly; Which component of the ARMS unit material was extracted: Motile,https://github.com/arms-mbon/data_release_002,Main genome;Eukaryota;Opisthokonta;Metazoa;Arthropoda;Crustacea;Maxillopoda;Cyclopina;NA;NA;NA,urn:lsid:marinespecies.org:taxname:106437,Cyclopina,Genus,Otu419,NCBI:938102,ARMS_Crete_1HERP_20200903_20210122_MF500_s1_r1
ARMS_Crete_1HERP_20200903_20210122_MF500_s1_r1:Otu381,MaterialSample,ARMS-MBON,data_release_002,present,ARMS_Crete_1HERP_20200903_20210122,SAMEA10021045,2020-09-03/2021-01-22,3,DNA sequence reads,84,DNA sequence reads,https://github.com/arms-mbon/documentation/tree/main/armsmbon_handbook,ERR7125563,PEMA v2.1.4 https://github.com/hariszaf/pema | https://github.com/arms-mbon/analysis_release_002/tree/main/parameter_files,CREST classifier; Minimum bit-score 155; LCA bitscore range 2% | PR2 v4.13 | VSEARCH v2.9.1; clustering similarity 97%,Crete Island (http://marineregions.org/mrgid/48617),35.343153,25.136605,GR,Crete_1HERP,4.0,4.0,Marina/Harbour; semi-industrial; 9.6 - Subtidal Muddy,uncertain classification (not marine),Was a crate cover used when retrieving the unit: Imperfectly; Which component of the ARMS unit material was extracted: Motile,https://github.com/arms-mbon/data_release_002,Main genome;Eukaryota;Alveolata;Apicomplexa;Gregarinomorphea;Eugregarinorida;Uradiphoridae;NA;NA;NA;NA,urn:lsid:marinespecies.org:taxname:394869,Eugregarinorida,Order,Otu381,NCBI:35087,ARMS_Crete_1HERP_20200903_20210122_MF500_s1_r1
ARMS_Crete_1HERP_20200903_20210122_MF500_s1_r1:Otu379,MaterialSample,ARMS-MBON,data_release_002,present,ARMS_Crete_1HERP_20200903_20210122,SAMEA10021045,2020-09-03/2021-01-22,3,DNA sequence reads,84,DNA sequence reads,https://github.com/arms-mbon/documentation/tree/main/armsmbon_handbook,ERR7125563,PEMA v2.1.4 https://github.com/hariszaf/pema | https://github.com/arms-mbon/analysis_release_002/tree/main/parameter_files,CREST classifier; Minimum bit-score 155; LCA bitscore range 2% | PR2 v4.13 | VSEARCH v2.9.1; clustering similarity 97%,Crete Island (http://marineregions.org/mrgid/48617),35.343153,25.136605,GR,Crete_1HERP,4.0,4.0,Marina/Harbour; semi-industrial; 9.6 - Subtidal Muddy,,Was a crate cover used when retrieving the unit: Imperfectly; Which component of the ARMS unit material was extracted: Motile,https://github.com/arms-mbon/data_release_002,Main genome;Eukaryota;Opisthokonta;Metazoa;Platyhelminthes;Turbellaria;Macrostomorpha;Microstomum;NA;NA;NA,urn:lsid:marinespecies.org:taxname:142210,Microstomum,Genus,Otu379,NCBI:52056,ARMS_Crete_1HERP_20200903_20210122_MF500_s1_r1
ARMS_Crete_1HERP_20200903_20210122_MF500_s1_r1:Otu65,MaterialSample,ARMS-MBON,data_release_002,present,ARMS_Crete_1HERP_20200903_20210122,SAMEA10021045,2020-09-03/2021-01-22,5,DNA sequence reads,84,DNA sequence reads,https://github.com/arms-mbon/documentation/tree/main/armsmbon_handbook,ERR7125563,PEMA v2.1.4 https://github.com/hariszaf/pema | https://github.com/arms-mbon/analysis_release_002/tree/main/parameter_files,CREST classifier; Minimum bit-score 155; LCA bitscore range 2% | PR2 v4.13 | VSEARCH v2.9.1; clustering similarity 97%,Crete Island (http://marineregions.org/mrgid/48617),35.343153,25.136605,GR,Crete_1HERP,4.0,4.0,Marina/Harbour; semi-industrial; 9.6 - Subtidal Muddy,uncertain classification (not marine),Was a crate cover used when retrieving the unit: Imperfectly; Which component of the ARMS unit material was extracted: Motile,https://github.com/arms-mbon/data_release_002,Main genome;Eukaryota;Opisthokonta;Metazoa;Arthropoda;Crustacea;Maxillopoda;NA;NA;NA;NA,urn:lsid:marinespecies.org:taxname:1066,Crustacea,Subphylum,Otu65,NCBI:6657,ARMS_Crete_1HERP_20200903_20210122_MF500_s1_r1
ARMS_Crete_1HERP_20200903_20210122_MF500_s1_r1:Otu466,MaterialSample,ARMS-MBON,data_release_002,present,ARMS_Crete_1HERP_20200903_20210122,SAMEA10021045,2020-09-03/2021-01-22,2,DNA sequence reads,84,DNA sequence reads,https://github.com/arms-mbon/documentation/tree/main/armsmbon_handbook,ERR7125563,PEMA v2.1.4 https://github.com/hariszaf/pema | https://github.com/arms-mbon/analysis_release_002/tree/main/parameter_files,CREST classifier; Minimum bit-score 155; LCA bitscore range 2% | PR2 v4.13 | VSEARCH v2.9.1; clustering similarity 97%,Crete Island (http://marineregions.org/mrgid/48617),35.343153,25.136605,GR,Crete_1HERP,4.0,4.0,Marina/Harbour; semi-industrial; 9.6 - Subtidal Muddy,,Was a crate cover used when retrieving the unit: Imperfectly; Which component of the ARMS unit material was extracted: Motile,https://github.com/arms-mbon/data_release_002,Main genome;Eukaryota;Opisthokonta;Metazoa;Porifera;Demospongiae;NA;NA;NA;NA;NA,urn:lsid:marinespecies.org:taxname:164811,Demospongiae,Class,Otu466,NCBI:6042,ARMS_Crete_1HERP_20200903_20210122_MF500_s1_r1
ARMS_Crete_1HERP_20200903_20210122_MF500_s1_r1:Otu465,MaterialSample,ARMS-MBON,data_release_002,present,ARMS_Crete_1HERP_20200903_20210122,SAMEA10021045,2020-09-03/2021-01-22,2,DNA sequence reads,84,DNA sequence reads,https://github.com/arms-mbon/documentation/tree/main/armsmbon_handbook,ERR7125563,PEMA v2.1.4 https://github.com/hariszaf/pema | https://github.com/arms-mbon/analysis_release_002/tree/main/parameter_files,CREST classifier; Minimum bit-score 155; LCA bitscore range 2% | PR2 v4.13 | VSEARCH v2.9.1; clustering similarity 97%,Crete Island (http://marineregions.org/mrgid/48617),35.343153,25.136605,GR,Crete_1HERP,4.0,4.0,Marina/Harbour; semi-industrial; 9.6 - Subtidal Muddy,uncertain classification (not marine),Was a crate cover used when retrieving the unit: Imperfectly; Which component of the ARMS unit material was extracted: Motile,https://github.com/arms-mbon/data_release_002,Main genome;Eukaryota;Opisthokonta;Metazoa;Arthropoda;Crustacea;Ostracoda;NA;NA;NA;NA,urn:lsid:marinespecies.org:taxname:1078,Ostracoda,Class,Otu465,NCBI:6670,ARMS_Crete_1HERP_20200903_20210122_MF500_s1_r1
ARMS_Crete_1HERP_20200903_20210122_MF500_s1_r1:Otu83,MaterialSample,ARMS-MBON,data_release_002,present,ARMS_Crete_1HERP_20200903_20210122,SAMEA10021045,2020-09-03/2021-01-22,8,DNA sequence reads,84,DNA sequence reads,https://github.com/arms-mbon/documentation/tree/main/armsmbon_handbook,ERR7125563,PEMA v2.1.4 https://github.com/hariszaf/pema | https://github.com/arms-mbon/analysis_release_002/tree/main/parameter_files,CREST classifier; Minimum bit-score 155; LCA bitscore range 2% | PR2 v4.13 | VSEARCH v2.9.1; clustering similarity 97%,Crete Island (http://marineregions.org/mrgid/48617),35.343153,25.136605,GR,Crete_1HERP,4.0,4.0,Marina/Harbour; semi-industrial; 9.6 - Subtidal Muddy,uncertain classification (not marine),Was a crate cover used when retrieving the unit: Imperfectly; Which component of the ARMS unit material was extracted: Motile,https://github.com/arms-mbon/data_release_002,Main genome;Eukaryota;Opisthokonta;Metazoa;Arthropoda;Crustacea;Maxillopoda;NA;NA;NA;NA,urn:lsid:marinespecies.org:taxname:1066,Crustacea,Subphylum,Otu83,NCBI:6657,ARMS_Crete_1HERP_20200903_20210122_MF500_s1_r1
ARMS_Crete_1HERP_20200903_20210122_MF500_s1_r1:Otu9,MaterialSample,ARMS-MBON,data_release_002,present,ARMS_Crete_1HERP_20200903_20210122,SAMEA10021045,2020-09-03/2021-01-22,10,DNA sequence reads,84,DNA sequence reads,https://github.com/arms-mbon/documentation/tree/main/armsmbon_handbook,ERR7125563,PEMA v2.1.4 https://github.com/hariszaf/pema | https://github.com/arms-mbon/analysis_release_002/tree/main/parameter_files,CREST classifier; Minimum bit-score 155; LCA bitscore range 2% | PR2 v4.13 | VSEARCH v2.9.1; clustering similarity 97%,Crete Island (http://marineregions.org/mrgid/48617),35.343153,25.136605,GR,Crete_1HERP,4.0,4.0,Marina/Harbour; semi-industrial; 9.6 - Subtidal Muddy,,Was a crate cover used when retrieving the unit: Imperfectly; Which component of the ARMS unit material was extracted: Motile,https://github.com/arms-mbon/data_release_002,Main genome;Eukaryota;Opisthokonta;Metazoa;Cnidaria;Anthozoa;NA;NA;NA;NA;NA,urn:lsid:marinespecies.org:taxname:1292,Anthozoa,Subphylum,Otu9,NCBI:6101,ARMS_Crete_1HERP_20200903_20210122_MF500_s1_r1
ARMS_Crete_1HERP_20200903_20210122_MF500_s1_r1:Otu5,MaterialSample,ARMS-MBON,data_release_002,present,ARMS_Crete_1HERP_20200903_20210122,SAMEA10021045,2020-09-03/2021-01-22,5,DNA sequence reads,84,DNA sequence reads,https://github.com/arms-mbon/documentation/tree/main/armsmbon_handbook,ERR7125563,PEMA v2.1.4 https://github.com/hariszaf/pema | https://github.com/arms-mbon/analysis_release_002/tree/main/parameter_files,CREST classifier; Minimum bit-score 155; LCA bitscore range 2% | PR2 v4.13 | VSEARCH v2.9.1; clustering similarity 97%,Crete Island (http://marineregions.org/mrgid/48617),35.343153,25.136605,GR,Crete_1HERP,4.0,4.0,Marina/Harbour; semi-industrial; 9.6 - Subtidal Muddy,,Was a crate cover used when retrieving the unit: Imperfectly; Which component of the ARMS unit material was extracted: Motile,https://github.com/arms-mbon/data_release_002,Main genome;Eukaryota;Opisthokonta;Metazoa;Craniata;Teleostei;NA;NA;NA;NA;NA,urn:lsid:marinespecies.org:taxname:293496,Teleostei,Class,Otu5,NCBI:32443,ARMS_Crete_1HERP_20200903_20210122_MF500_s1_r1
ARMS_Crete_1HERP_20200903_20210122_MF500_s1_r1:Otu2,MaterialSample,ARMS-MBON,data_release_002,present,ARMS_Crete_1HERP_20200903_20210122,SAMEA10021045,2020-09-03/2021-01-22,4,DNA sequence reads,84,DNA sequence reads,https://github.com/arms-mbon/documentation/tree/main/armsmbon_handbook,ERR7125563,PEMA v2.1.4 https://github.com/hariszaf/pema | https://github.com/arms-mbon/analysis_release_002/tree/main/parameter_files,CREST classifier; Minimum bit-score 155; LCA bitscore range 2% | PR2 v4.13 | VSEARCH v2.9.1; clustering similarity 97%,Crete Island (http://marineregions.org/mrgid/48617),35.343153,25.136605,GR,Crete_1HERP,4.0,4.0,Marina/Harbour; semi-industrial; 9.6 - Subtidal Muddy,,Was a crate cover used when retrieving the unit: Imperfectly; Which component of the ARMS unit material was extracted: Motile,https://github.com/arms-mbon/data_release_002,Main genome;Eukaryota;Opisthokonta;Metazoa;Urochordata;Ascidiacea;NA;NA;NA;NA;NA,urn:lsid:marinespecies.org:taxname:1839,Ascidiacea,Class,Otu2,NCBI:7713,ARMS_Crete_1HERP_20200903_20210122_MF500_s1_r1
ARMS_Crete_1HERP_20200903_20210122_MF500_s1_r1:Otu107,MaterialSample,ARMS-MBON,data_release_002,present,ARMS_Crete_1HERP_20200903_20210122,SAMEA10021045,2020-09-03/2021-01-22,6,DNA sequence reads,84,DNA sequence reads,https://github.com/arms-mbon/documentation/tree/main/armsmbon_handbook,ERR7125563,PEMA v2.1.4 https://github.com/hariszaf/pema | https://github.com/arms-mbon/analysis_release_002/tree/main/parameter_files,CREST classifier; Minimum bit-score 155; LCA bitscore range 2% | PR2 v4.13 | VSEARCH v2.9.1; clustering similarity 97%,Crete Island (http://marineregions.org/mrgid/48617),35.343153,25.136605,GR,Crete_1HERP,4.0,4.0,Marina/Harbour; semi-industrial; 9.6 - Subtidal Muddy,,Was a crate cover used when retrieving the unit: Imperfectly; Which component of the ARMS unit material was extracted: Motile,https://github.com/arms-mbon/data_release_002,Main genome;Eukaryota;Stramenopiles;Ochrophyta;Bacillariophyta;Polar-centric-Mediophyceae;NA;NA;NA;NA;NA,urn:lsid:marinespecies.org:taxname:345483,Mediophyceae,Class,Otu107,NCBI:589449,ARMS_Crete_1HERP_20200903_20210122_MF500_s1_r1
ARMS_Crete_1HERP_20200903_20210122_MF500_s1_r1:Otu102,MaterialSample,ARMS-MBON,data_release_002,present,ARMS_Crete_1HERP_20200903_20210122,SAMEA10021045,2020-09-03/2021-01-22,2,DNA sequence reads,84,DNA sequence reads,https://github.com/arms-mbon/documentation/tree/main/armsmbon_handbook,ERR7125563,PEMA v2.1.4 https://github.com/hariszaf/pema | https://github.com/arms-mbon/analysis_release_002/tree/main/parameter_files,CREST classifier; Minimum bit-score 155; LCA bitscore range 2% | PR2 v4.13 | VSEARCH v2.9.1; clustering similarity 97%,Crete Island (http://marineregions.org/mrgid/48617),35.343153,25.136605,GR,Crete_1HERP,4.0,4.0,Marina/Harbour; semi-industrial; 9.6 - Subtidal Muddy,,Was a crate cover used when retrieving the unit: Imperfectly; Which component of the ARMS unit material was extracted: Motile,https://github.com/arms-mbon/data_release_002,Main genome;Eukaryota;Opisthokonta;Metazoa;Arthropoda;Crustacea;Maxillopoda;Euryte;NA;NA;NA,urn:lsid:marinespecies.org:taxname:106432,Euryte,Genus,Otu102,NCBI:298417,ARMS_Crete_1HERP_20200903_20210122_MF500_s1_r1
ARMS_Crete_1HERP_20200903_20210122_MF500_s1_r1:Otu108,MaterialSample,ARMS-MBON,data_release_002,present,ARMS_Crete_1HERP_20200903_20210122,SAMEA10021045,2020-09-03/2021-01-22,3,DNA sequence reads,84,DNA sequence reads,https://github.com/arms-mbon/documentation/tree/main/armsmbon_handbook,ERR7125563,PEMA v2.1.4 https://github.com/hariszaf/pema | https://github.com/arms-mbon/analysis_release_002/tree/main/parameter_files,CREST classifier; Minimum bit-score 155; LCA bitscore range 2% | PR2 v4.13 | VSEARCH v2.9.1; clustering similarity 97%,Crete Island (http://marineregions.org/mrgid/48617),35.343153,25.136605,GR,Crete_1HERP,4.0,4.0,Marina/Harbour; semi-industrial; 9.6 - Subtidal Muddy,,Was a crate cover used when retrieving the unit: Imperfectly; Which component of the ARMS unit material was extracted: Motile,https://github.com/arms-mbon/data_release_002,Main genome;Eukaryota;Opisthokonta;Metazoa;Annelida;Protula;NA;NA;NA;NA;NA,urn:lsid:marinespecies.org:taxname:129575,Protula,Genus,Otu108,NCBI:51281,ARMS_Crete_1HERP_20200903_20210122_MF500_s1_r1
ARMS_Crete_1HERP_20200903_20210122_MF500_s1_r1:Otu94,MaterialSample,ARMS-MBON,data_release_002,present,ARMS_Crete_1HERP_20200903_20210122,SAMEA10021045,2020-09-03/2021-01-22,2,DNA sequence reads,84,DNA sequence reads,https://github.com/arms-mbon/documentation/tree/main/armsmbon_handbook,ERR7125563,PEMA v2.1.4 https://github.com/hariszaf/pema | https://github.com/arms-mbon/analysis_release_002/tree/main/parameter_files,CREST classifier; Minimum bit-score 155; LCA bitscore range 2% | PR2 v4.13 | VSEARCH v2.9.1; clustering similarity 97%,Crete Island (http://marineregions.org/mrgid/48617),35.343153,25.136605,GR,Crete_1HERP,4.0,4.0,Marina/Harbour; semi-industrial; 9.6 - Subtidal Muddy,uncertain classification (not marine),Was a crate cover used when retrieving the unit: Imperfectly; Which component of the ARMS unit material was extracted: Motile,https://github.com/arms-mbon/data_release_002,Main genome;Eukaryota;Opisthokonta;Fungi;NA;NA;NA;NA;NA;NA;NA,urn:lsid:marinespecies.org:taxname:4,Fungi,Kingdom,Otu94,NCBI:4751,ARMS_Crete_1HERP_20200903_20210122_MF500_s1_r1
ARMS_Crete_1HERP_20200903_20210122_MF500_s1_r1:Otu141,MaterialSample,ARMS-MBON,data_release_002,present,ARMS_Crete_1HERP_20200903_20210122,SAMEA10021045,2020-09-03/2021-01-22,4,DNA sequence reads,84,DNA sequence reads,https://github.com/arms-mbon/documentation/tree/main/armsmbon_handbook,ERR7125563,PEMA v2.1.4 https://github.com/hariszaf/pema | https://github.com/arms-mbon/analysis_release_002/tree/main/parameter_files,CREST classifier; Minimum bit-score 155; LCA bitscore range 2% | PR2 v4.13 | VSEARCH v2.9.1; clustering similarity 97%,Crete Island (http://marineregions.org/mrgid/48617),35.343153,25.136605,GR,Crete_1HERP,4.0,4.0,Marina/Harbour; semi-industrial; 9.6 - Subtidal Muddy,,Was a crate cover used when retrieving the unit: Imperfectly; Which component of the ARMS unit material was extracted: Motile,https://github.com/arms-mbon/data_release_002,Main genome;Eukaryota;Opisthokonta;Metazoa;Craniata;NA;NA;NA;NA;NA;NA,urn:lsid:marinespecies.org:taxname:104019,Craniata,Class,Otu141,NCBI:89593,ARMS_Crete_1HERP_20200903_20210122_MF500_s1_r1
ARMS_Crete_1HERP_20200903_20210122_MF500_s1_r1:Otu142,MaterialSample,ARMS-MBON,data_release_002,present,ARMS_Crete_1HERP_20200903_20210122,SAMEA10021045,2020-09-03/2021-01-22,9,DNA sequence reads,84,DNA sequence reads,https://github.com/arms-mbon/documentation/tree/main/armsmbon_handbook,ERR7125563,PEMA v2.1.4 https://github.com/hariszaf/pema | https://github.com/arms-mbon/analysis_release_002/tree/main/parameter_files,CREST classifier; Minimum bit-score 155; LCA bitscore range 2% | PR2 v4.13 | VSEARCH v2.9.1; clustering similarity 97%,Crete Island (http://marineregions.org/mrgid/48617),35.343153,25.136605,GR,Crete_1HERP,4.0,4.0,Marina/Harbour; semi-industrial; 9.6 - Subtidal Muddy,uncertain classification (not marine),Was a crate cover used when retrieving the unit: Imperfectly; Which component of the ARMS unit material was extracted: Motile,https://github.com/arms-mbon/data_release_002,Main genome;Eukaryota;Opisthokonta;Metazoa;Annelida;NA;NA;NA;NA;NA;NA,urn:lsid:marinespecies.org:taxname:882,Annelida,Phylum,Otu142,NCBI:6340,ARMS_Crete_1HERP_20200903_20210122_MF500_s1_r1
ARMS_Crete_1HERP_20200903_20210122_MF500_s1_r1:Otu17,MaterialSample,ARMS-MBON,data_release_002,present,ARMS_Crete_1HERP_20200903_20210122,SAMEA10021045,2020-09-03/2021-01-22,4,DNA sequence reads,84,DNA sequence reads,https://github.com/arms-mbon/documentation/tree/main/armsmbon_handbook,ERR7125563,PEMA v2.1.4 https://github.com/hariszaf/pema | https://github.com/arms-mbon/analysis_release_002/tree/main/parameter_files,CREST classifier; Minimum bit-score 155; LCA bitscore range 2% | PR2 v4.13 | VSEARCH v2.9.1; clustering similarity 97%,Crete Island (http://marineregions.org/mrgid/48617),35.343153,25.136605,GR,Crete_1HERP,4.0,4.0,Marina/Harbour; semi-industrial; 9.6 - Subtidal Muddy,,Was a crate cover used when retrieving the unit: Imperfectly; Which component of the ARMS unit material was extracted: Motile,https://github.com/arms-mbon/data_release_002,Main genome;Eukaryota;Opisthokonta;Metazoa;Mollusca;Bivalvia;Mytiloida;NA;NA;NA;NA,urn:lsid:marinespecies.org:taxname:210,Mytilida,Order,Otu17,NCBI:6546,ARMS_Crete_1HERP_20200903_20210122_MF500_s1_r1
ARMS_Crete_1HERP_20200903_20210122_MF500_s1_r1:Otu18,MaterialSample,ARMS-MBON,data_release_002,present,ARMS_Crete_1HERP_20200903_20210122,SAMEA10021045,2020-09-03/2021-01-22,3,DNA sequence reads,84,DNA sequence reads,https://github.com/arms-mbon/documentation/tree/main/armsmbon_handbook,ERR7125563,PEMA v2.1.4 https://github.com/hariszaf/pema | https://github.com/arms-mbon/analysis_release_002/tree/main/parameter_files,CREST classifier; Minimum bit-score 155; LCA bitscore range 2% | PR2 v4.13 | VSEARCH v2.9.1; clustering similarity 97%,Crete Island (http://marineregions.org/mrgid/48617),35.343153,25.136605,GR,Crete_1HERP,4.0,4.0,Marina/Harbour; semi-industrial; 9.6 - Subtidal Muddy,uncertain classification (not marine),Was a crate cover used when retrieving the unit: Imperfectly; Which component of the ARMS unit material was extracted: Motile,https://github.com/arms-mbon/data_release_002,Main genome;Eukaryota;Opisthokonta;Metazoa;Annelida;NA;NA;NA;NA;NA;NA,urn:lsid:marinespecies.org:taxname:882,Annelida,Phylum,Otu18,NCBI:6340,ARMS_Crete_1HERP_20200903_20210122_MF500_s1_r1
ARMS_Crete_1HERP_20200903_20210122_MF500_s1_r1:Otu19,MaterialSample,ARMS-MBON,data_release_002,present,ARMS_Crete_1HERP_20200903_20210122,SAMEA10021045,2020-09-03/2021-01-22,7,DNA sequence reads,84,DNA sequence reads,https://github.com/arms-mbon/documentation/tree/main/armsmbon_handbook,ERR7125563,PEMA v2.1.4 https://github.com/hariszaf/pema | https://github.com/arms-mbon/analysis_release_002/tree/main/parameter_files,CREST classifier; Minimum bit-score 155; LCA bitscore range 2% | PR2 v4.13 | VSEARCH v2.9.1; clustering similarity 97%,Crete Island (http://marineregions.org/mrgid/48617),35.343153,25.136605,GR,Crete_1HERP,4.0,4.0,Marina/Harbour; semi-industrial; 9.6 - Subtidal Muddy,,Was a crate cover used when retrieving the unit: Imperfectly; Which component of the ARMS unit material was extracted: Motile,https://github.com/arms-mbon/data_release_002,Main genome;Eukaryota;Opisthokonta;Metazoa;Urochordata;Ascidiacea;Chelyosoma;NA;NA;NA;NA,urn:lsid:marinespecies.org:taxname:103494,Chelyosoma,Genus,Otu19,NCBI:71176,ARMS_Crete_1HERP_20200903_20210122_MF500_s1_r1
ARMS_Crete_1HERP_20200903_20210122_MF90_s1_r1:Otu9,MaterialSample,ARMS-MBON,data_release_002,present,ARMS_Crete_1HERP_20200903_20210122,SAMEA10021048,2020-09-03/2021-01-22,2,DNA sequence reads,5,DNA sequence reads,https://github.com/arms-mbon/documentation/tree/main/armsmbon_handbook,ERR7125566,PEMA v2.1.4 https://github.com/hariszaf/pema | https://github.com/arms-mbon/analysis_release_002/tree/main/parameter_files,CREST classifier; Minimum bit-score 155; LCA bitscore range 2% | PR2 v4.13 | VSEARCH v2.9.1; clustering similarity 97%,Crete Island (http://marineregions.org/mrgid/48617),35.343153,25.136605,GR,Crete_1HERP,4.0,4.0,Marina/Harbour; semi-industrial; 9.6 - Subtidal Muddy,,Was a crate cover used when retrieving the unit: Imperfectly; Which component of the ARMS unit material was extracted: Motile,https://github.com/arms-mbon/data_release_002,Main genome;Eukaryota;Opisthokonta;Metazoa;Cnidaria;Anthozoa;NA;NA;NA;NA;NA,urn:lsid:marinespecies.org:taxname:1292,Anthozoa,Subphylum,Otu9,NCBI:6101,ARMS_Crete_1HERP_20200903_20210122_MF90_s1_r1
ARMS_Crete_1HERP_20200903_20210122_MF90_s1_r1:Otu1,MaterialSample,ARMS-MBON,data_release_002,present,ARMS_Crete_1HERP_20200903_20210122,SAMEA10021048,2020-09-03/2021-01-22,3,DNA sequence reads,5,DNA sequence reads,https://github.com/arms-mbon/documentation/tree/main/armsmbon_handbook,ERR7125566,PEMA v2.1.4 https://github.com/hariszaf/pema | https://github.com/arms-mbon/analysis_release_002/tree/main/parameter_files,CREST classifier; Minimum bit-score 155; LCA bitscore range 2% | PR2 v4.13 | VSEARCH v2.9.1; clustering similarity 97%,Crete Island (http://marineregions.org/mrgid/48617),35.343153,25.136605,GR,Crete_1HERP,4.0,4.0,Marina/Harbour; semi-industrial; 9.6 - Subtidal Muddy,uncertain classification (not marine),Was a crate cover used when retrieving the unit: Imperfectly; Which component of the ARMS unit material was extracted: Motile,https://github.com/arms-mbon/data_release_002,Main genome;Eukaryota;Opisthokonta;Metazoa;Arthropoda;Crustacea;Maxillopoda;NA;NA;NA;NA,urn:lsid:marinespecies.org:taxname:1066,Crustacea,Subphylum,Otu1,NCBI:6657,ARMS_Crete_1HERP_20200903_20210122_MF90_s1_r1
ARMS_Crete_1HERP_20200903_20210122_SF_s1_r1:Otu174,MaterialSample,ARMS-MBON,data_release_002,present,ARMS_Crete_1HERP_20200903_20210122,SAMEA10021051,2020-09-03/2021-01-22,6,DNA sequence reads,48,DNA sequence reads,https://github.com/arms-mbon/documentation/tree/main/armsmbon_handbook,ERR7125569,PEMA v2.1.4 https://github.com/hariszaf/pema | https://github.com/arms-mbon/analysis_release_002/tree/main/parameter_files,CREST classifier; Minimum bit-score 155; LCA bitscore range 2% | PR2 v4.13 | VSEARCH v2.9.1; clustering similarity 97%,Crete Island (http://marineregions.org/mrgid/48617),35.343153,25.136605,GR,Crete_1HERP,4.0,4.0,Marina/Harbour; semi-industrial; 9.6 - Subtidal Muddy,uncertain classification (not marine),Was a crate cover used when retrieving the unit: Imperfectly; Which component of the ARMS unit material was extracted: Sessile,https://github.com/arms-mbon/data_release_002,Main genome;Eukaryota;Opisthokonta;Fungi;Cryptomycota;Cryptomycotina;NA;NA;NA;NA;NA,urn:lsid:marinespecies.org:taxname:707609,Rozellida,Order,Otu174,NCBI:1031332,ARMS_Crete_1HERP_20200903_20210122_SF_s1_r1
ARMS_Crete_1HERP_20200903_20210122_SF_s1_r1:Otu227,MaterialSample,ARMS-MBON,data_release_002,present,ARMS_Crete_1HERP_20200903_20210122,SAMEA10021051,2020-09-03/2021-01-22,2,DNA sequence reads,48,DNA sequence reads,https://github.com/arms-mbon/documentation/tree/main/armsmbon_handbook,ERR7125569,PEMA v2.1.4 https://github.com/hariszaf/pema | https://github.com/arms-mbon/analysis_release_002/tree/main/parameter_files,CREST classifier; Minimum bit-score 155; LCA bitscore range 2% | PR2 v4.13 | VSEARCH v2.9.1; clustering similarity 97%,Crete Island (http://marineregions.org/mrgid/48617),35.343153,25.136605,GR,Crete_1HERP,4.0,4.0,Marina/Harbour; semi-industrial; 9.6 - Subtidal Muddy,,Was a crate cover used when retrieving the unit: Imperfectly; Which component of the ARMS unit material was extracted: Sessile,https://github.com/arms-mbon/data_release_002,Main genome;Eukaryota;Alveolata;Dinoflagellata;Syndiniales;Dino-Group-I;Dino-Group-I-Clade-1;NA;NA;NA;NA,urn:lsid:marinespecies.org:taxname:146213,Syndiniales,Order,Otu227,NCBI:88547,ARMS_Crete_1HERP_20200903_20210122_SF_s1_r1
ARMS_Crete_1HERP_20200903_20210122_SF_s1_r1:Otu65,MaterialSample,ARMS-MBON,data_release_002,present,ARMS_Crete_1HERP_20200903_20210122,SAMEA10021051,2020-09-03/2021-01-22,3,DNA sequence reads,48,DNA sequence reads,https://github.com/arms-mbon/documentation/tree/main/armsmbon_handbook,ERR7125569,PEMA v2.1.4 https://github.com/hariszaf/pema | https://github.com/arms-mbon/analysis_release_002/tree/main/parameter_files,CREST classifier; Minimum bit-score 155; LCA bitscore range 2% | PR2 v4.13 | VSEARCH v2.9.1; clustering similarity 97%,Crete Island (http://marineregions.org/mrgid/48617),35.343153,25.136605,GR,Crete_1HERP,4.0,4.0,Marina/Harbour; semi-industrial; 9.6 - Subtidal Muddy,uncertain classification (not marine),Was a crate cover used when retrieving the unit: Imperfectly; Which component of the ARMS unit material was extracted: Sessile,https://github.com/arms-mbon/data_release_002,Main genome;Eukaryota;Opisthokonta;Metazoa;Arthropoda;Crustacea;Maxillopoda;NA;NA;NA;NA,urn:lsid:marinespecies.org:taxname:1066,Crustacea,Subphylum,Otu65,NCBI:6657,ARMS_Crete_1HERP_20200903_20210122_SF_s1_r1
ARMS_Crete_1HERP_20200903_20210122_SF_s1_r1:Otu467,MaterialSample,ARMS-MBON,data_release_002,present,ARMS_Crete_1HERP_20200903_20210122,SAMEA10021051,2020-09-03/2021-01-22,2,DNA sequence reads,48,DNA sequence reads,https://github.com/arms-mbon/documentation/tree/main/armsmbon_handbook,ERR7125569,PEMA v2.1.4 https://github.com/hariszaf/pema | https://github.com/arms-mbon/analysis_release_002/tree/main/parameter_files,CREST classifier; Minimum bit-score 155; LCA bitscore range 2% | PR2 v4.13 | VSEARCH v2.9.1; clustering similarity 97%,Crete Island (http://marineregions.org/mrgid/48617),35.343153,25.136605,GR,Crete_1HERP,4.0,4.0,Marina/Harbour; semi-industrial; 9.6 - Subtidal Muddy,uncertain classification (not marine),Was a crate cover used when retrieving the unit: Imperfectly; Which component of the ARMS unit material was extracted: Sessile,https://github.com/arms-mbon/data_release_002,Main genome;Eukaryota;Opisthokonta;Metazoa;Arthropoda;Crustacea;Maxillopoda;NA;NA;NA;NA,urn:lsid:marinespecies.org:taxname:1066,Crustacea,Subphylum,Otu467,NCBI:6657,ARMS_Crete_1HERP_20200903_20210122_SF_s1_r1
ARMS_Crete_1HERP_20200903_20210122_SF_s1_r1:Otu9,MaterialSample,ARMS-MBON,data_release_002,present,ARMS_Crete_1HERP_20200903_20210122,SAMEA10021051,2020-09-03/2021-01-22,13,DNA sequence reads,48,DNA sequence reads,https://github.com/arms-mbon/documentation/tree/main/armsmbon_handbook,ERR7125569,PEMA v2.1.4 https://github.com/hariszaf/pema | https://github.com/arms-mbon/analysis_release_002/tree/main/parameter_files,CREST classifier; Minimum bit-score 155; LCA bitscore range 2% | PR2 v4.13 | VSEARCH v2.9.1; clustering similarity 97%,Crete Island (http://marineregions.org/mrgid/48617),35.343153,25.136605,GR,Crete_1HERP,4.0,4.0,Marina/Harbour; semi-industrial; 9.6 - Subtidal Muddy,,Was a crate cover used when retrieving the unit: Imperfectly; Which component of the ARMS unit material was extracted: Sessile,https://github.com/arms-mbon/data_release_002,Main genome;Eukaryota;Opisthokonta;Metazoa;Cnidaria;Anthozoa;NA;NA;NA;NA;NA,urn:lsid:marinespecies.org:taxname:1292,Anthozoa,Subphylum,Otu9,NCBI:6101,ARMS_Crete_1HERP_20200903_20210122_SF_s1_r1
ARMS_Crete_1HERP_20200903_20210122_SF_s1_r1:Otu2,MaterialSample,ARMS-MBON,data_release_002,present,ARMS_Crete_1HERP_20200903_20210122,SAMEA10021051,2020-09-03/2021-01-22,6,DNA sequence reads,48,DNA sequence reads,https://github.com/arms-mbon/documentation/tree/main/armsmbon_handbook,ERR7125569,PEMA v2.1.4 https://github.com/hariszaf/pema | https://github.com/arms-mbon/analysis_release_002/tree/main/parameter_files,CREST classifier; Minimum bit-score 155; LCA bitscore range 2% | PR2 v4.13 | VSEARCH v2.9.1; clustering similarity 97%,Crete Island (http://marineregions.org/mrgid/48617),35.343153,25.136605,GR,Crete_1HERP,4.0,4.0,Marina/Harbour; semi-industrial; 9.6 - Subtidal Muddy,,Was a crate cover used when retrieving the unit: Imperfectly; Which component of the ARMS unit material was extracted: Sessile,https://github.com/arms-mbon/data_release_002,Main genome;Eukaryota;Opisthokonta;Metazoa;Urochordata;Ascidiacea;NA;NA;NA;NA;NA,urn:lsid:marinespecies.org:taxname:1839,Ascidiacea,Class,Otu2,NCBI:7713,ARMS_Crete_1HERP_20200903_20210122_SF_s1_r1
ARMS_Crete_1HERP_20200903_20210122_SF_s1_r1:Otu1,MaterialSample,ARMS-MBON,data_release_002,present,ARMS_Crete_1HERP_20200903_20210122,SAMEA10021051,2020-09-03/2021-01-22,4,DNA sequence reads,48,DNA sequence reads,https://github.com/arms-mbon/documentation/tree/main/armsmbon_handbook,ERR7125569,PEMA v2.1.4 https://github.com/hariszaf/pema | https://github.com/arms-mbon/analysis_release_002/tree/main/parameter_files,CREST classifier; Minimum bit-score 155; LCA bitscore range 2% | PR2 v4.13 | VSEARCH v2.9.1; clustering similarity 97%,Crete Island (http://marineregions.org/mrgid/48617),35.343153,25.136605,GR,Crete_1HERP,4.0,4.0,Marina/Harbour; semi-industrial; 9.6 - Subtidal Muddy,uncertain classification (not marine),Was a crate cover used when retrieving the unit: Imperfectly; Which component of the ARMS unit material was extracted: Sessile,https://github.com/arms-mbon/data_release_002,Main genome;Eukaryota;Opisthokonta;Metazoa;Arthropoda;Crustacea;Maxillopoda;NA;NA;NA;NA,urn:lsid:marinespecies.org:taxname:1066,Crustacea,Subphylum,Otu1,NCBI:6657,ARMS_Crete_1HERP_20200903_20210122_SF_s1_r1
ARMS_Crete_1HERP_20200903_20210122_SF_s1_r1:Otu197,MaterialSample,ARMS-MBON,data_release_002,present,ARMS_Crete_1HERP_20200903_20210122,SAMEA10021051,2020-09-03/2021-01-22,5,DNA sequence reads,48,DNA sequence reads,https://github.com/arms-mbon/documentation/tree/main/armsmbon_handbook,ERR7125569,PEMA v2.1.4 https://github.com/hariszaf/pema | https://github.com/arms-mbon/analysis_release_002/tree/main/parameter_files,CREST classifier; Minimum bit-score 155; LCA bitscore range 2% | PR2 v4.13 | VSEARCH v2.9.1; clustering similarity 97%,Crete Island (http://marineregions.org/mrgid/48617),35.343153,25.136605,GR,Crete_1HERP,4.0,4.0,Marina/Harbour; semi-industrial; 9.6 - Subtidal Muddy,,Was a crate cover used when retrieving the unit: Imperfectly; Which component of the ARMS unit material was extracted: Sessile,https://github.com/arms-mbon/data_release_002,Main genome;Eukaryota;Opisthokonta;Metazoa;Arthropoda;Crustacea;Maxillopoda;Verruca;NA;NA;NA,urn:lsid:marinespecies.org:taxname:106140,Verruca,Genus,Otu197,NCBI:66522,ARMS_Crete_1HERP_20200903_20210122_SF_s1_r1
ARMS_Crete_1HERP_20200903_20210122_SF_s1_r1:Otu92,MaterialSample,ARMS-MBON,data_release_002,present,ARMS_Crete_1HERP_20200903_20210122,SAMEA10021051,2020-09-03/2021-01-22,5,DNA sequence reads,48,DNA sequence reads,https://github.com/arms-mbon/documentation/tree/main/armsmbon_handbook,ERR7125569,PEMA v2.1.4 https://github.com/hariszaf/pema | https://github.com/arms-mbon/analysis_release_002/tree/main/parameter_files,CREST classifier; Minimum bit-score 155; LCA bitscore range 2% | PR2 v4.13 | VSEARCH v2.9.1; clustering similarity 97%,Crete Island (http://marineregions.org/mrgid/48617),35.343153,25.136605,GR,Crete_1HERP,4.0,4.0,Marina/Harbour; semi-industrial; 9.6 - Subtidal Muddy,uncertain classification (not marine),Was a crate cover used when retrieving the unit: Imperfectly; Which component of the ARMS unit material was extracted: Sessile,https://github.com/arms-mbon/data_release_002,Main genome;Eukaryota;Opisthokonta;Fungi;Ascomycota;Pezizomycotina;Sordariomycetes;NA;NA;NA;NA,urn:lsid:marinespecies.org:taxname:437254,Sordariomycetes,Class,Otu92,NCBI:147550,ARMS_Crete_1HERP_20200903_20210122_SF_s1_r1
ARMS_Crete_1HERP_20200903_20210122_SF_s1_r1:Otu141,MaterialSample,ARMS-MBON,data_release_002,present,ARMS_Crete_1HERP_20200903_20210122,SAMEA10021051,2020-09-03/2021-01-22,2,DNA sequence reads,48,DNA sequence reads,https://github.com/arms-mbon/documentation/tree/main/armsmbon_handbook,ERR7125569,PEMA v2.1.4 https://github.com/hariszaf/pema | https://github.com/arms-mbon/analysis_release_002/tree/main/parameter_files,CREST classifier; Minimum bit-score 155; LCA bitscore range 2% | PR2 v4.13 | VSEARCH v2.9.1; clustering similarity 97%,Crete Island (http://marineregions.org/mrgid/48617),35.343153,25.136605,GR,Crete_1HERP,4.0,4.0,Marina/Harbour; semi-industrial; 9.6 - Subtidal Muddy,,Was a crate cover used when retrieving the unit: Imperfectly; Which component of the ARMS unit material was extracted: Sessile,https://github.com/arms-mbon/data_release_002,Main genome;Eukaryota;Opisthokonta;Metazoa;Craniata;NA;NA;NA;NA;NA;NA,urn:lsid:marinespecies.org:taxname:104019,Craniata,Class,Otu141,NCBI:89593,ARMS_Crete_1HERP_20200903_20210122_SF_s1_r1
ARMS_Getxo_G1_20200624_20201103_MF100_s1_r1:Otu419,MaterialSample,ARMS-MBON,data_release_002,present,ARMS_Getxo_G1_20200624_20201103,SAMEA10021236,2020-06-24/2020-11-03,2,DNA sequence reads,433,DNA sequence reads,https://github.com/arms-mbon/documentation/tree/main/armsmbon_handbook,ERR7127666,PEMA v2.1.4 https://github.com/hariszaf/pema | https://github.com/arms-mbon/analysis_release_002/tree/main/parameter_files,CREST classifier; Minimum bit-score 155; LCA bitscore range 2% | PR2 v4.13 | VSEARCH v2.9.1; clustering similarity 97%,Abra de Bilbao (http://marineregions.org/mrgid/17355),43.338452,-3.014833,ES,Getxo_G1,5.0,10.0,Marina; semi-industrial; 9.6 - Subtidal Muddy,,Was a crate cover used when retrieving the unit: not provided; Which component of the ARMS unit material was extracted: Motile,https://github.com/arms-mbon/data_release_002,Main genome;Eukaryota;Opisthokonta;Metazoa;Arthropoda;Crustacea;Maxillopoda;Cyclopina;NA;NA;NA,urn:lsid:marinespecies.org:taxname:106437,Cyclopina,Genus,Otu419,NCBI:938102,ARMS_Getxo_G1_20200624_20201103_MF100_s1_r1
ARMS_Getxo_G1_20200624_20201103_MF100_s1_r1:Otu25,MaterialSample,ARMS-MBON,data_release_002,present,ARMS_Getxo_G1_20200624_20201103,SAMEA10021236,2020-06-24/2020-11-03,2,DNA sequence reads,433,DNA sequence reads,https://github.com/arms-mbon/documentation/tree/main/armsmbon_handbook,ERR7127666,PEMA v2.1.4 https://github.com/hariszaf/pema | https://github.com/arms-mbon/analysis_release_002/tree/main/parameter_files,CREST classifier; Minimum bit-score 155; LCA bitscore range 2% | PR2 v4.13 | VSEARCH v2.9.1; clustering similarity 97%,Abra de Bilbao (http://marineregions.org/mrgid/17355),43.338452,-3.014833,ES,Getxo_G1,5.0,10.0,Marina; semi-industrial; 9.6 - Subtidal Muddy,uncertain classification (not marine),Was a crate cover used when retrieving the unit: not provided; Which component of the ARMS unit material was extracted: Motile,https://github.com/arms-mbon/data_release_002,Main genome;Eukaryota;Stramenopiles;Sagenista;Labyrinthulomycetes;Labyrinthulida;Labyrinthulaceae;Aplanochytrium;NA;NA;NA,urn:lsid:marinespecies.org:taxname:162949,Aplanochytrium,Genus,Otu25,NCBI:87110,ARMS_Getxo_G1_20200624_20201103_MF100_s1_r1
ARMS_Getxo_G1_20200624_20201103_MF100_s1_r1:Otu223,MaterialSample,ARMS-MBON,data_release_002,present,ARMS_Getxo_G1_20200624_20201103,SAMEA10021236,2020-06-24/2020-11-03,5,DNA sequence reads,433,DNA sequence reads,https://github.com/arms-mbon/documentation/tree/main/armsmbon_handbook,ERR7127666,PEMA v2.1.4 https://github.com/hariszaf/pema | https://github.com/arms-mbon/analysis_release_002/tree/main/parameter_files,CREST classifier; Minimum bit-score 155; LCA bitscore range 2% | PR2 v4.13 | VSEARCH v2.9.1; clustering similarity 97%,Abra de Bilbao (http://marineregions.org/mrgid/17355),43.338452,-3.014833,ES,Getxo_G1,5.0,10.0,Marina; semi-industrial; 9.6 - Subtidal Muddy,,Was a crate cover used when retrieving the unit: not provided; Which component of the ARMS unit material was extracted: Motile,https://github.com/arms-mbon/data_release_002,Main genome;Eukaryota;Stramenopiles;Ochrophyta;Bacillariophyta;Polar-centric-Mediophyceae;NA;NA;NA;NA;NA,urn:lsid:marinespecies.org:taxname:345483,Mediophyceae,Class,Otu223,NCBI:589449,ARMS_Getxo_G1_20200624_20201103_MF100_s1_r1
ARMS_Getxo_G1_20200624_20201103_MF100_s1_r1:Otu123,MaterialSample,ARMS-MBON,data_release_002,present,ARMS_Getxo_G1_20200624_20201103,SAMEA10021236,2020-06-24/2020-11-03,2,DNA sequence reads,433,DNA sequence reads,https://github.com/arms-mbon/documentation/tree/main/armsmbon_handbook,ERR7127666,PEMA v2.1.4 https://github.com/hariszaf/pema | https://github.com/arms-mbon/analysis_release_002/tree/main/parameter_files,CREST classifier; Minimum bit-score 155; LCA bitscore range 2% | PR2 v4.13 | VSEARCH v2.9.1; clustering similarity 97%,Abra de Bilbao (http://marineregions.org/mrgid/17355),43.338452,-3.014833,ES,Getxo_G1,5.0,10.0,Marina; semi-industrial; 9.6 - Subtidal Muddy,uncertain classification (not marine),Was a crate cover used when retrieving the unit: not provided; Which component of the ARMS unit material was extracted: Motile,https://github.com/arms-mbon/data_release_002,Main genome;Eukaryota;Opisthokonta;Metazoa;Arthropoda;Crustacea;Maxillopoda;NA;NA;NA;NA,urn:lsid:marinespecies.org:taxname:1066,Crustacea,Subphylum,Otu123,NCBI:6657,ARMS_Getxo_G1_20200624_20201103_MF100_s1_r1
ARMS_Getxo_G1_20200624_20201103_MF100_s1_r1:Otu60,MaterialSample,ARMS-MBON,data_release_002,present,ARMS_Getxo_G1_20200624_20201103,SAMEA10021236,2020-06-24/2020-11-03,3,DNA sequence reads,433,DNA sequence reads,https://github.com/arms-mbon/documentation/tree/main/armsmbon_handbook,ERR7127666,PEMA v2.1.4 https://github.com/hariszaf/pema | https://github.com/arms-mbon/analysis_release_002/tree/main/parameter_files,CREST classifier; Minimum bit-score 155; LCA bitscore range 2% | PR2 v4.13 | VSEARCH v2.9.1; clustering similarity 97%,Abra de Bilbao (http://marineregions.org/mrgid/17355),43.338452,-3.014833,ES,Getxo_G1,5.0,10.0,Marina; semi-industrial; 9.6 - Subtidal Muddy,,Was a crate cover used when retrieving the unit: not provided; Which component of the ARMS unit material was extracted: Motile,https://github.com/arms-mbon/data_release_002,Main genome;Eukaryota;Opisthokonta;Metazoa;Gastrotricha;Chaetonotus;NA;NA;NA;NA;NA,urn:lsid:marinespecies.org:taxname:114427,Chaetonotus,Genus,Otu60,NCBI:68038,ARMS_Getxo_G1_20200624_20201103_MF100_s1_r1
ARMS_Getxo_G1_20200624_20201103_MF100_s1_r1:Otu468,MaterialSample,ARMS-MBON,data_release_002,present,ARMS_Getxo_G1_20200624_20201103,SAMEA10021236,2020-06-24/2020-11-03,2,DNA sequence reads,433,DNA sequence reads,https://github.com/arms-mbon/documentation/tree/main/armsmbon_handbook,ERR7127666,PEMA v2.1.4 https://github.com/hariszaf/pema | https://github.com/arms-mbon/analysis_release_002/tree/main/parameter_files,CREST classifier; Minimum bit-score 155; LCA bitscore range 2% | PR2 v4.13 | VSEARCH v2.9.1; clustering similarity 97%,Abra de Bilbao (http://marineregions.org/mrgid/17355),43.338452,-3.014833,ES,Getxo_G1,5.0,10.0,Marina; semi-industrial; 9.6 - Subtidal Muddy,,Was a crate cover used when retrieving the unit: not provided; Which component of the ARMS unit material was extracted: Motile,https://github.com/arms-mbon/data_release_002,Main genome;Eukaryota;Rhizaria;Radiolaria;NA;NA;NA;NA;NA;NA;NA,urn:lsid:marinespecies.org:taxname:586732,Acantharia,Class,Otu468,NCBI:65574,ARMS_Getxo_G1_20200624_20201103_MF100_s1_r1
ARMS_Getxo_G1_20200624_20201103_MF100_s1_r1:Otu285,MaterialSample,ARMS-MBON,data_release_002,present,ARMS_Getxo_G1_20200624_20201103,SAMEA10021236,2020-06-24/2020-11-03,5,DNA sequence reads,433,DNA sequence reads,https://github.com/arms-mbon/documentation/tree/main/armsmbon_handbook,ERR7127666,PEMA v2.1.4 https://github.com/hariszaf/pema | https://github.com/arms-mbon/analysis_release_002/tree/main/parameter_files,CREST classifier; Minimum bit-score 155; LCA bitscore range 2% | PR2 v4.13 | VSEARCH v2.9.1; clustering similarity 97%,Abra de Bilbao (http://marineregions.org/mrgid/17355),43.338452,-3.014833,ES,Getxo_G1,5.0,10.0,Marina; semi-industrial; 9.6 - Subtidal Muddy,,Was a crate cover used when retrieving the unit: not provided; Which component of the ARMS unit material was extracted: Motile,https://github.com/arms-mbon/data_release_002,Main genome;Eukaryota;Stramenopiles;Ochrophyta;Bacillariophyta;Polar-centric-Mediophyceae;NA;NA;NA;NA;NA,urn:lsid:marinespecies.org:taxname:345483,Mediophyceae,Class,Otu285,NCBI:589449,ARMS_Getxo_G1_20200624_20201103_MF100_s1_r1
ARMS_Getxo_G1_20200624_20201103_MF100_s1_r1:Otu38,MaterialSample,ARMS-MBON,data_release_002,present,ARMS_Getxo_G1_20200624_20201103,SAMEA10021236,2020-06-24/2020-11-03,10,DNA sequence reads,433,DNA sequence reads,https://github.com/arms-mbon/documentation/tree/main/armsmbon_handbook,ERR7127666,PEMA v2.1.4 https://github.com/hariszaf/pema | https://github.com/arms-mbon/analysis_release_002/tree/main/parameter_files,CREST classifier; Minimum bit-score 155; LCA bitscore range 2% | PR2 v4.13 | VSEARCH v2.9.1; clustering similarity 97%,Abra de Bilbao (http://marineregions.org/mrgid/17355),43.338452,-3.014833,ES,Getxo_G1,5.0,10.0,Marina; semi-industrial; 9.6 - Subtidal Muddy,,Was a crate cover used when retrieving the unit: not provided; Which component of the ARMS unit material was extracted: Motile,https://github.com/arms-mbon/data_release_002,Main genome;Eukaryota;Alveolata;Dinoflagellata;Dinophyceae;Gymnodiniales;Gymnodiniaceae;Gyrodinium;fusiforme;NA;Gyrodinium fusiforme,urn:lsid:marinespecies.org:taxname:109856,Gyrodinium fusiforme,Species,Otu38,NCBI:244961,ARMS_Getxo_G1_20200624_20201103_MF100_s1_r1
ARMS_Getxo_G1_20200624_20201103_MF100_s1_r1:Otu34,MaterialSample,ARMS-MBON,data_release_002,present,ARMS_Getxo_G1_20200624_20201103,SAMEA10021236,2020-06-24/2020-11-03,115,DNA sequence reads,433,DNA sequence reads,https://github.com/arms-mbon/documentation/tree/main/armsmbon_handbook,ERR7127666,PEMA v2.1.4 https://github.com/hariszaf/pema | https://github.com/arms-mbon/analysis_release_002/tree/main/parameter_files,CREST classifier; Minimum bit-score 155; LCA bitscore range 2% | PR2 v4.13 | VSEARCH v2.9.1; clustering similarity 97%,Abra de Bilbao (http://marineregions.org/mrgid/17355),43.338452,-3.014833,ES,Getxo_G1,5.0,10.0,Marina; semi-industrial; 9.6 - Subtidal Muddy,,Was a crate cover used when retrieving the unit: not provided; Which component of the ARMS unit material was extracted: Motile,https://github.com/arms-mbon/data_release_002,Main genome;Eukaryota;Opisthokonta;Metazoa;Platyhelminthes;Turbellaria;Prolecithophora;Cylindrostoma;NA;NA;NA,urn:lsid:marinespecies.org:taxname:142251,Cylindrostoma,Genus,Otu34,NCBI:79791,ARMS_Getxo_G1_20200624_20201103_MF100_s1_r1
ARMS_Getxo_G1_20200624_20201103_MF100_s1_r1:Otu31,MaterialSample,ARMS-MBON,data_release_002,present,ARMS_Getxo_G1_20200624_20201103,SAMEA10021236,2020-06-24/2020-11-03,9,DNA sequence reads,433,DNA sequence reads,https://github.com/arms-mbon/documentation/tree/main/armsmbon_handbook,ERR7127666,PEMA v2.1.4 https://github.com/hariszaf/pema | https://github.com/arms-mbon/analysis_release_002/tree/main/parameter_files,CREST classifier; Minimum bit-score 155; LCA bitscore range 2% | PR2 v4.13 | VSEARCH v2.9.1; clustering similarity 97%,Abra de Bilbao (http://marineregions.org/mrgid/17355),43.338452,-3.014833,ES,Getxo_G1,5.0,10.0,Marina; semi-industrial; 9.6 - Subtidal Muddy,,Was a crate cover used when retrieving the unit: not provided; Which component of the ARMS unit material was extracted: Motile,https://github.com/arms-mbon/data_release_002,Main genome;Eukaryota;Opisthokonta;Metazoa;Cnidaria;Hydrozoa;NA;NA;NA;NA;NA,urn:lsid:marinespecies.org:taxname:1337,Hydrozoa,Class,Otu31,NCBI:6074,ARMS_Getxo_G1_20200624_20201103_MF100_s1_r1
ARMS_Getxo_G1_20200624_20201103_MF100_s1_r1:Otu8,MaterialSample,ARMS-MBON,data_release_002,present,ARMS_Getxo_G1_20200624_20201103,SAMEA10021236,2020-06-24/2020-11-03,13,DNA sequence reads,433,DNA sequence reads,https://github.com/arms-mbon/documentation/tree/main/armsmbon_handbook,ERR7127666,PEMA v2.1.4 https://github.com/hariszaf/pema | https://github.com/arms-mbon/analysis_release_002/tree/main/parameter_files,CREST classifier; Minimum bit-score 155; LCA bitscore range 2% | PR2 v4.13 | VSEARCH v2.9.1; clustering similarity 97%,Abra de Bilbao (http://marineregions.org/mrgid/17355),43.338452,-3.014833,ES,Getxo_G1,5.0,10.0,Marina; semi-industrial; 9.6 - Subtidal Muddy,,Was a crate cover used when retrieving the unit: not provided; Which component of the ARMS unit material was extracted: Motile,https://github.com/arms-mbon/data_release_002,Main genome;Eukaryota;Stramenopiles;Sagenista;Labyrinthulomycetes;Thraustochytrida;Thraustochytriaceae;LAB17;NA;NA;NA,urn:lsid:marinespecies.org:taxname:22156,Thraustochytriaceae,Family,Otu8,NCBI:33674,ARMS_Getxo_G1_20200624_20201103_MF100_s1_r1
ARMS_Getxo_G1_20200624_20201103_MF100_s1_r1:Otu7,MaterialSample,ARMS-MBON,data_release_002,present,ARMS_Getxo_G1_20200624_20201103,SAMEA10021236,2020-06-24/2020-11-03,221,DNA sequence reads,433,DNA sequence reads,https://github.com/arms-mbon/documentation/tree/main/armsmbon_handbook,ERR7127666,PEMA v2.1.4 https://github.com/hariszaf/pema | https://github.com/arms-mbon/analysis_release_002/tree/main/parameter_files,CREST classifier; Minimum bit-score 155; LCA bitscore range 2% | PR2 v4.13 | VSEARCH v2.9.1; clustering similarity 97%,Abra de Bilbao (http://marineregions.org/mrgid/17355),43.338452,-3.014833,ES,Getxo_G1,5.0,10.0,Marina; semi-industrial; 9.6 - Subtidal Muddy,,Was a crate cover used when retrieving the unit: not provided; Which component of the ARMS unit material was extracted: Motile,https://github.com/arms-mbon/data_release_002,Main genome;Eukaryota;Opisthokonta;Metazoa;Arthropoda;Crustacea;Maxillopoda;Megabalanus;NA;NA;NA,urn:lsid:marinespecies.org:taxname:106123,Megabalanus,Genus,Otu7,NCBI:6679,ARMS_Getxo_G1_20200624_20201103_MF100_s1_r1
ARMS_Getxo_G1_20200624_20201103_MF100_s1_r1:Otu2,MaterialSample,ARMS-MBON,data_release_002,present,ARMS_Getxo_G1_20200624_20201103,SAMEA10021236,2020-06-24/2020-11-03,8,DNA sequence reads,433,DNA sequence reads,https://github.com/arms-mbon/documentation/tree/main/armsmbon_handbook,ERR7127666,PEMA v2.1.4 https://github.com/hariszaf/pema | https://github.com/arms-mbon/analysis_release_002/tree/main/parameter_files,CREST classifier; Minimum bit-score 155; LCA bitscore range 2% | PR2 v4.13 | VSEARCH v2.9.1; clustering similarity 97%,Abra de Bilbao (http://marineregions.org/mrgid/17355),43.338452,-3.014833,ES,Getxo_G1,5.0,10.0,Marina; semi-industrial; 9.6 - Subtidal Muddy,,Was a crate cover used when retrieving the unit: not provided; Which component of the ARMS unit material was extracted: Motile,https://github.com/arms-mbon/data_release_002,Main genome;Eukaryota;Opisthokonta;Metazoa;Urochordata;Ascidiacea;NA;NA;NA;NA;NA,urn:lsid:marinespecies.org:taxname:1839,Ascidiacea,Class,Otu2,NCBI:7713,ARMS_Getxo_G1_20200624_20201103_MF100_s1_r1
ARMS_Getxo_G1_20200624_20201103_MF100_s1_r1:Otu205,MaterialSample,ARMS-MBON,data_release_002,present,ARMS_Getxo_G1_20200624_20201103,SAMEA10021236,2020-06-24/2020-11-03,8,DNA sequence reads,433,DNA sequence reads,https://github.com/arms-mbon/documentation/tree/main/armsmbon_handbook,ERR7127666,PEMA v2.1.4 https://github.com/hariszaf/pema | https://github.com/arms-mbon/analysis_release_002/tree/main/parameter_files,CREST classifier; Minimum bit-score 155; LCA bitscore range 2% | PR2 v4.13 | VSEARCH v2.9.1; clustering similarity 97%,Abra de Bilbao (http://marineregions.org/mrgid/17355),43.338452,-3.014833,ES,Getxo_G1,5.0,10.0,Marina; semi-industrial; 9.6 - Subtidal Muddy,,Was a crate cover used when retrieving the unit: not provided; Which component of the ARMS unit material was extracted: Motile,https://github.com/arms-mbon/data_release_002,Main genome;Eukaryota;Stramenopiles;Ochrophyta;Bacillariophyta;Polar-centric-Mediophyceae;NA;NA;NA;NA;NA,urn:lsid:marinespecies.org:taxname:345483,Mediophyceae,Class,Otu205,NCBI:589449,ARMS_Getxo_G1_20200624_20201103_MF100_s1_r1
ARMS_Getxo_G1_20200624_20201103_MF100_s1_r1:Otu104,MaterialSample,ARMS-MBON,data_release_002,present,ARMS_Getxo_G1_20200624_20201103,SAMEA10021236,2020-06-24/2020-11-03,2,DNA sequence reads,433,DNA sequence reads,https://github.com/arms-mbon/documentation/tree/main/armsmbon_handbook,ERR7127666,PEMA v2.1.4 https://github.com/hariszaf/pema | https://github.com/arms-mbon/analysis_release_002/tree/main/parameter_files,CREST classifier; Minimum bit-score 155; LCA bitscore range 2% | PR2 v4.13 | VSEARCH v2.9.1; clustering similarity 97%,Abra de Bilbao (http://marineregions.org/mrgid/17355),43.338452,-3.014833,ES,Getxo_G1,5.0,10.0,Marina; semi-industrial; 9.6 - Subtidal Muddy,uncertain classification (not marine),Was a crate cover used when retrieving the unit: not provided; Which component of the ARMS unit material was extracted: Motile,https://github.com/arms-mbon/data_release_002,Main genome;Eukaryota;Alveolata;Ciliophora;Spirotrichea;Hypotrichia;NA;NA;NA;NA;NA,urn:lsid:marinespecies.org:taxname:425500,Hypotrichia,Subclass,Otu104,NCBI:5934,ARMS_Getxo_G1_20200624_20201103_MF100_s1_r1
ARMS_Getxo_G1_20200624_20201103_MF100_s1_r1:Otu102,MaterialSample,ARMS-MBON,data_release_002,present,ARMS_Getxo_G1_20200624_20201103,SAMEA10021236,2020-06-24/2020-11-03,5,DNA sequence reads,433,DNA sequence reads,https://github.com/arms-mbon/documentation/tree/main/armsmbon_handbook,ERR7127666,PEMA v2.1.4 https://github.com/hariszaf/pema | https://github.com/arms-mbon/analysis_release_002/tree/main/parameter_files,CREST classifier; Minimum bit-score 155; LCA bitscore range 2% | PR2 v4.13 | VSEARCH v2.9.1; clustering similarity 97%,Abra de Bilbao (http://marineregions.org/mrgid/17355),43.338452,-3.014833,ES,Getxo_G1,5.0,10.0,Marina; semi-industrial; 9.6 - Subtidal Muddy,,Was a crate cover used when retrieving the unit: not provided; Which component of the ARMS unit material was extracted: Motile,https://github.com/arms-mbon/data_release_002,Main genome;Eukaryota;Opisthokonta;Metazoa;Arthropoda;Crustacea;Maxillopoda;Euryte;NA;NA;NA,urn:lsid:marinespecies.org:taxname:106432,Euryte,Genus,Otu102,NCBI:298417,ARMS_Getxo_G1_20200624_20201103_MF100_s1_r1
ARMS_Getxo_G1_20200624_20201103_MF100_s1_r1:Otu329,MaterialSample,ARMS-MBON,data_release_002,present,ARMS_Getxo_G1_20200624_20201103,SAMEA10021236,2020-06-24/2020-11-03,4,DNA sequence reads,433,DNA sequence reads,https://github.com/arms-mbon/documentation/tree/main/armsmbon_handbook,ERR7127666,PEMA v2.1.4 https://github.com/hariszaf/pema | https://github.com/arms-mbon/analysis_release_002/tree/main/parameter_files,CREST classifier; Minimum bit-score 155; LCA bitscore range 2% | PR2 v4.13 | VSEARCH v2.9.1; clustering similarity 97%,Abra de Bilbao (http://marineregions.org/mrgid/17355),43.338452,-3.014833,ES,Getxo_G1,5.0,10.0,Marina; semi-industrial; 9.6 - Subtidal Muddy,,Was a crate cover used when retrieving the unit: not provided; Which component of the ARMS unit material was extracted: Motile,https://github.com/arms-mbon/data_release_002,Main genome;Eukaryota;Alveolata;Ciliophora;Heterotrichea;Stentoridae;Stentor;NA;NA;NA;NA,urn:lsid:marinespecies.org:taxname:416015,Stentor,Genus,Otu329,NCBI:5962,ARMS_Getxo_G1_20200624_20201103_MF100_s1_r1
ARMS_Getxo_G1_20200624_20201103_MF100_s1_r1:Otu404,MaterialSample,ARMS-MBON,data_release_002,present,ARMS_Getxo_G1_20200624_20201103,SAMEA10021236,2020-06-24/2020-11-03,2,DNA sequence reads,433,DNA sequence reads,https://github.com/arms-mbon/documentation/tree/main/armsmbon_handbook,ERR7127666,PEMA v2.1.4 https://github.com/hariszaf/pema | https://github.com/arms-mbon/analysis_release_002/tree/main/parameter_files,CREST classifier; Minimum bit-score 155; LCA bitscore range 2% | PR2 v4.13 | VSEARCH v2.9.1; clustering similarity 97%,Abra de Bilbao (http://marineregions.org/mrgid/17355),43.338452,-3.014833,ES,Getxo_G1,5.0,10.0,Marina; semi-industrial; 9.6 - Subtidal Muddy,,Was a crate cover used when retrieving the unit: not provided; Which component of the ARMS unit material was extracted: Motile,https://github.com/arms-mbon/data_release_002,Main genome;Eukaryota;Opisthokonta;Metazoa;Mollusca;Bivalvia;Mytiloida;Xenostrobus;NA;NA;NA,urn:lsid:marinespecies.org:taxname:138231,Xenostrobus,Genus,Otu404,NCBI:1819793,ARMS_Getxo_G1_20200624_20201103_MF100_s1_r1
ARMS_Getxo_G1_20200624_20201103_MF100_s1_r1:Otu241,MaterialSample,ARMS-MBON,data_release_002,present,ARMS_Getxo_G1_20200624_20201103,SAMEA10021236,2020-06-24/2020-11-03,2,DNA sequence reads,433,DNA sequence reads,https://github.com/arms-mbon/documentation/tree/main/armsmbon_handbook,ERR7127666,PEMA v2.1.4 https://github.com/hariszaf/pema | https://github.com/arms-mbon/analysis_release_002/tree/main/parameter_files,CREST classifier; Minimum bit-score 155; LCA bitscore range 2% | PR2 v4.13 | VSEARCH v2.9.1; clustering similarity 97%,Abra de Bilbao (http://marineregions.org/mrgid/17355),43.338452,-3.014833,ES,Getxo_G1,5.0,10.0,Marina; semi-industrial; 9.6 - Subtidal Muddy,,Was a crate cover used when retrieving the unit: not provided; Which component of the ARMS unit material was extracted: Motile,https://github.com/arms-mbon/data_release_002,Main genome;Eukaryota;Rhizaria;Cercozoa;Filosa-Thecofilosea;Cryomonadida;Protaspa-lineage;NA;NA;NA;NA,urn:lsid:marinespecies.org:taxname:591251,Cryomonadida,Order,Otu241,NCBI:589444,ARMS_Getxo_G1_20200624_20201103_MF100_s1_r1
ARMS_Getxo_G1_20200624_20201103_MF100_s1_r1:Otu47,MaterialSample,ARMS-MBON,data_release_002,present,ARMS_Getxo_G1_20200624_20201103,SAMEA10021236,2020-06-24/2020-11-03,2,DNA sequence reads,433,DNA sequence reads,https://github.com/arms-mbon/documentation/tree/main/armsmbon_handbook,ERR7127666,PEMA v2.1.4 https://github.com/hariszaf/pema | https://github.com/arms-mbon/analysis_release_002/tree/main/parameter_files,CREST classifier; Minimum bit-score 155; LCA bitscore range 2% | PR2 v4.13 | VSEARCH v2.9.1; clustering similarity 97%,Abra de Bilbao (http://marineregions.org/mrgid/17355),43.338452,-3.014833,ES,Getxo_G1,5.0,10.0,Marina; semi-industrial; 9.6 - Subtidal Muddy,,Was a crate cover used when retrieving the unit: not provided; Which component of the ARMS unit material was extracted: Motile,https://github.com/arms-mbon/data_release_002,Main genome;Eukaryota;Opisthokonta;Metazoa;Nemertea;Oerstedia;NA;NA;NA;NA;NA,urn:lsid:marinespecies.org:taxname:122423,Oerstedia,Genus,Otu47,NCBI:187724,ARMS_Getxo_G1_20200624_20201103_MF100_s1_r1
ARMS_Getxo_G1_20200624_20201103_MF100_s1_r1:Otu132,MaterialSample,ARMS-MBON,data_release_002,present,ARMS_Getxo_G1_20200624_20201103,SAMEA10021236,2020-06-24/2020-11-03,7,DNA sequence reads,433,DNA sequence reads,https://github.com/arms-mbon/documentation/tree/main/armsmbon_handbook,ERR7127666,PEMA v2.1.4 https://github.com/hariszaf/pema | https://github.com/arms-mbon/analysis_release_002/tree/main/parameter_files,CREST classifier; Minimum bit-score 155; LCA bitscore range 2% | PR2 v4.13 | VSEARCH v2.9.1; clustering similarity 97%,Abra de Bilbao (http://marineregions.org/mrgid/17355),43.338452,-3.014833,ES,Getxo_G1,5.0,10.0,Marina; semi-industrial; 9.6 - Subtidal Muddy,,Was a crate cover used when retrieving the unit: not provided; Which component of the ARMS unit material was extracted: Motile,https://github.com/arms-mbon/data_release_002,Main genome;Eukaryota;Opisthokonta;Metazoa;Cnidaria;Hydrozoa;NA;NA;NA;NA;NA,urn:lsid:marinespecies.org:taxname:1337,Hydrozoa,Class,Otu132,NCBI:6074,ARMS_Getxo_G1_20200624_20201103_MF100_s1_r1
ARMS_Getxo_G1_20200624_20201103_MF100_s1_r1:Otu10,MaterialSample,ARMS-MBON,data_release_002,present,ARMS_Getxo_G1_20200624_20201103,SAMEA10021236,2020-06-24/2020-11-03,2,DNA sequence reads,433,DNA sequence reads,https://github.com/arms-mbon/documentation/tree/main/armsmbon_handbook,ERR7127666,PEMA v2.1.4 https://github.com/hariszaf/pema | https://github.com/arms-mbon/analysis_release_002/tree/main/parameter_files,CREST classifier; Minimum bit-score 155; LCA bitscore range 2% | PR2 v4.13 | VSEARCH v2.9.1; clustering similarity 97%,Abra de Bilbao (http://marineregions.org/mrgid/17355),43.338452,-3.014833,ES,Getxo_G1,5.0,10.0,Marina; semi-industrial; 9.6 - Subtidal Muddy,uncertain classification (not marine),Was a crate cover used when retrieving the unit: not provided; Which component of the ARMS unit material was extracted: Motile,https://github.com/arms-mbon/data_release_002,Main genome;Eukaryota;Opisthokonta;Metazoa;Mollusca;Gastropoda;Neritopsina;NA;NA;NA;NA,urn:lsid:marinespecies.org:taxname:156484,Neritimorpha,Subclass,Otu10,NCBI:119397,ARMS_Getxo_G1_20200624_20201103_MF100_s1_r1
ARMS_Getxo_G1_20200624_20201103_MF100_s1_r1:Otu18,MaterialSample,ARMS-MBON,data_release_002,present,ARMS_Getxo_G1_20200624_20201103,SAMEA10021236,2020-06-24/2020-11-03,2,DNA sequence reads,433,DNA sequence reads,https://github.com/arms-mbon/documentation/tree/main/armsmbon_handbook,ERR7127666,PEMA v2.1.4 https://github.com/hariszaf/pema | https://github.com/arms-mbon/analysis_release_002/tree/main/parameter_files,CREST classifier; Minimum bit-score 155; LCA bitscore range 2% | PR2 v4.13 | VSEARCH v2.9.1; clustering similarity 97%,Abra de Bilbao (http://marineregions.org/mrgid/17355),43.338452,-3.014833,ES,Getxo_G1,5.0,10.0,Marina; semi-industrial; 9.6 - Subtidal Muddy,uncertain classification (not marine),Was a crate cover used when retrieving the unit: not provided; Which component of the ARMS unit material was extracted: Motile,https://github.com/arms-mbon/data_release_002,Main genome;Eukaryota;Opisthokonta;Metazoa;Annelida;NA;NA;NA;NA;NA;NA,urn:lsid:marinespecies.org:taxname:882,Annelida,Phylum,Otu18,NCBI:6340,ARMS_Getxo_G1_20200624_20201103_MF100_s1_r1
ARMS_Getxo_G1_20200624_20201103_MF500_s1_r1:Otu252,MaterialSample,ARMS-MBON,data_release_002,present,ARMS_Getxo_G1_20200624_20201103,SAMEA10021239,2020-06-24/2020-11-03,3,DNA sequence reads,8,DNA sequence reads,https://github.com/arms-mbon/documentation/tree/main/armsmbon_handbook,ERR7127669,PEMA v2.1.4 https://github.com/hariszaf/pema | https://github.com/arms-mbon/analysis_release_002/tree/main/parameter_files,CREST classifier; Minimum bit-score 155; LCA bitscore range 2% | PR2 v4.13 | VSEARCH v2.9.1; clustering similarity 97%,Abra de Bilbao (http://marineregions.org/mrgid/17355),43.338452,-3.014833,ES,Getxo_G1,5.0,10.0,Marina; semi-industrial; 9.6 - Subtidal Muddy,,Was a crate cover used when retrieving the unit: not provided; Which component of the ARMS unit material was extracted: Motile,https://github.com/arms-mbon/data_release_002,Main genome;Eukaryota;Opisthokonta;Metazoa;Urochordata;Ascidiacea;NA;NA;NA;NA;NA,urn:lsid:marinespecies.org:taxname:1839,Ascidiacea,Class,Otu252,NCBI:7713,ARMS_Getxo_G1_20200624_20201103_MF500_s1_r1
ARMS_Getxo_G1_20200624_20201103_MF500_s1_r1:Otu190,MaterialSample,ARMS-MBON,data_release_002,present,ARMS_Getxo_G1_20200624_20201103,SAMEA10021239,2020-06-24/2020-11-03,5,DNA sequence reads,8,DNA sequence reads,https://github.com/arms-mbon/documentation/tree/main/armsmbon_handbook,ERR7127669,PEMA v2.1.4 https://github.com/hariszaf/pema | https://github.com/arms-mbon/analysis_release_002/tree/main/parameter_files,CREST classifier; Minimum bit-score 155; LCA bitscore range 2% | PR2 v4.13 | VSEARCH v2.9.1; clustering similarity 97%,Abra de Bilbao (http://marineregions.org/mrgid/17355),43.338452,-3.014833,ES,Getxo_G1,5.0,10.0,Marina; semi-industrial; 9.6 - Subtidal Muddy,uncertain classification (not marine),Was a crate cover used when retrieving the unit: not provided; Which component of the ARMS unit material was extracted: Motile,https://github.com/arms-mbon/data_release_002,Main genome;Eukaryota;Opisthokonta;Metazoa;Annelida;NA;NA;NA;NA;NA;NA,urn:lsid:marinespecies.org:taxname:882,Annelida,Phylum,Otu190,NCBI:6340,ARMS_Getxo_G1_20200624_20201103_MF500_s1_r1
ARMS_Getxo_G1_20200624_20201103_SF40_s1_r1:Otu486,MaterialSample,ARMS-MBON,data_release_002,present,ARMS_Getxo_G1_20200624_20201103,SAMEA10021242,2020-06-24/2020-11-03,2,DNA sequence reads,28234,DNA sequence reads,https://github.com/arms-mbon/documentation/tree/main/armsmbon_handbook,ERR7127672,PEMA v2.1.4 https://github.com/hariszaf/pema | https://github.com/arms-mbon/analysis_release_002/tree/main/parameter_files,CREST classifier; Minimum bit-score 155; LCA bitscore range 2% | PR2 v4.13 | VSEARCH v2.9.1; clustering similarity 97%,Abra de Bilbao (http://marineregions.org/mrgid/17355),43.338452,-3.014833,ES,Getxo_G1,5.0,10.0,Marina; semi-industrial; 9.6 - Subtidal Muddy,,Was a crate cover used when retrieving the unit: not provided; Which component of the ARMS unit material was extracted: Sessile,https://github.com/arms-mbon/data_release_002,Main genome;Eukaryota;Opisthokonta;Metazoa;Bryozoa;NA;NA;NA;NA;NA;NA,urn:lsid:marinespecies.org:taxname:146142,Bryozoa,Phylum,Otu486,NCBI:10205,ARMS_Getxo_G1_20200624_20201103_SF40_s1_r1
ARMS_Getxo_G1_20200624_20201103_SF40_s1_r1:Otu487,MaterialSample,ARMS-MBON,data_release_002,present,ARMS_Getxo_G1_20200624_20201103,SAMEA10021242,2020-06-24/2020-11-03,2,DNA sequence reads,28234,DNA sequence reads,https://github.com/arms-mbon/documentation/tree/main/armsmbon_handbook,ERR7127672,PEMA v2.1.4 https://github.com/hariszaf/pema | https://github.com/arms-mbon/analysis_release_002/tree/main/parameter_files,CREST classifier; Minimum bit-score 155; LCA bitscore range 2% | PR2 v4.13 | VSEARCH v2.9.1; clustering similarity 97%,Abra de Bilbao (http://marineregions.org/mrgid/17355),43.338452,-3.014833,ES,Getxo_G1,5.0,10.0,Marina; semi-industrial; 9.6 - Subtidal Muddy,uncertain classification (not marine),Was a crate cover used when retrieving the unit: not provided; Which component of the ARMS unit material was extracted: Sessile,https://github.com/arms-mbon/data_release_002,Main genome;Eukaryota;Stramenopiles;Opalozoa;MAST-12;MAST-12A;NA;NA;NA;NA;NA,urn:lsid:marinespecies.org:taxname:582466,Opalozoa,Subphylum,Otu487,NCBI:2683629,ARMS_Getxo_G1_20200624_20201103_SF40_s1_r1
ARMS_Getxo_G1_20200624_20201103_SF40_s1_r1:Otu488,MaterialSample,ARMS-MBON,data_release_002,present,ARMS_Getxo_G1_20200624_20201103,SAMEA10021242,2020-06-24/2020-11-03,2,DNA sequence reads,28234,DNA sequence reads,https://github.com/arms-mbon/documentation/tree/main/armsmbon_handbook,ERR7127672,PEMA v2.1.4 https://github.com/hariszaf/pema | https://github.com/arms-mbon/analysis_release_002/tree/main/parameter_files,CREST classifier; Minimum bit-score 155; LCA bitscore range 2% | PR2 v4.13 | VSEARCH v2.9.1; clustering similarity 97%,Abra de Bilbao (http://marineregions.org/mrgid/17355),43.338452,-3.014833,ES,Getxo_G1,5.0,10.0,Marina; semi-industrial; 9.6 - Subtidal Muddy,uncertain classification (not marine),Was a crate cover used when retrieving the unit: not provided; Which component of the ARMS unit material was extracted: Sessile,https://github.com/arms-mbon/data_release_002,Main genome;Eukaryota;Alveolata;Dinoflagellata;Dinophyceae;NA;NA;NA;NA;NA;NA,urn:lsid:marinespecies.org:taxname:146203,Dinoflagellata,Infraphylum,Otu488,NCBI:2864,ARMS_Getxo_G1_20200624_20201103_SF40_s1_r1
ARMS_Getxo_G1_20200624_20201103_SF40_s1_r1:Otu59,MaterialSample,ARMS-MBON,data_release_002,present,ARMS_Getxo_G1_20200624_20201103,SAMEA10021242,2020-06-24/2020-11-03,47,DNA sequence reads,28234,DNA sequence reads,https://github.com/arms-mbon/documentation/tree/main/armsmbon_handbook,ERR7127672,PEMA v2.1.4 https://github.com/hariszaf/pema | https://github.com/arms-mbon/analysis_release_002/tree/main/parameter_files,CREST classifier; Minimum bit-score 155; LCA bitscore range 2% | PR2 v4.13 | VSEARCH v2.9.1; clustering similarity 97%,Abra de Bilbao (http://marineregions.org/mrgid/17355),43.338452,-3.014833,ES,Getxo_G1,5.0,10.0,Marina; semi-industrial; 9.6 - Subtidal Muddy,,Was a crate cover used when retrieving the unit: not provided; Which component of the ARMS unit material was extracted: Sessile,https://github.com/arms-mbon/data_release_002,Main genome;Eukaryota;Alveolata;Apicomplexa;Gregarinomorphea;Eugregarinorida;Lecudinidae;NA;NA;NA;NA,urn:lsid:marinespecies.org:taxname:562693,Lecudinidae,Family,Otu59,NCBI:158377,ARMS_Getxo_G1_20200624_20201103_SF40_s1_r1
ARMS_Getxo_G1_20200624_20201103_SF40_s1_r1:Otu389,MaterialSample,ARMS-MBON,data_release_002,present,ARMS_Getxo_G1_20200624_20201103,SAMEA10021242,2020-06-24/2020-11-03,5,DNA sequence reads,28234,DNA sequence reads,https://github.com/arms-mbon/documentation/tree/main/armsmbon_handbook,ERR7127672,PEMA v2.1.4 https://github.com/hariszaf/pema | https://github.com/arms-mbon/analysis_release_002/tree/main/parameter_files,CREST classifier; Minimum bit-score 155; LCA bitscore range 2% | PR2 v4.13 | VSEARCH v2.9.1; clustering similarity 97%,Abra de Bilbao (http://marineregions.org/mrgid/17355),43.338452,-3.014833,ES,Getxo_G1,5.0,10.0,Marina; semi-industrial; 9.6 - Subtidal Muddy,uncertain classification (not marine),Was a crate cover used when retrieving the unit: not provided; Which component of the ARMS unit material was extracted: Sessile,https://github.com/arms-mbon/data_release_002,Main genome;Eukaryota;Alveolata;Apicomplexa;Gregarinomorphea;Selenidium1;boccardiellae;NA;NA;NA;Selenidium1 boccardiellae,urn:lsid:marinespecies.org:taxname:22565,Apicomplexa,Subphylum,Otu389,NCBI:5794,ARMS_Getxo_G1_20200624_20201103_SF40_s1_r1
ARMS_Getxo_G1_20200624_20201103_SF40_s1_r1:Otu385,MaterialSample,ARMS-MBON,data_release_002,present,ARMS_Getxo_G1_20200624_20201103,SAMEA10021242,2020-06-24/2020-11-03,8,DNA sequence reads,28234,DNA sequence reads,https://github.com/arms-mbon/documentation/tree/main/armsmbon_handbook,ERR7127672,PEMA v2.1.4 https://github.com/hariszaf/pema | https://github.com/arms-mbon/analysis_release_002/tree/main/parameter_files,CREST classifier; Minimum bit-score 155; LCA bitscore range 2% | PR2 v4.13 | VSEARCH v2.9.1; clustering similarity 97%,Abra de Bilbao (http://marineregions.org/mrgid/17355),43.338452,-3.014833,ES,Getxo_G1,5.0,10.0,Marina; semi-industrial; 9.6 - Subtidal Muddy,uncertain classification (not marine),Was a crate cover used when retrieving the unit: not provided; Which component of the ARMS unit material was extracted: Sessile,https://github.com/arms-mbon/data_release_002,Main genome;Eukaryota;Opisthokonta;Metazoa;Annelida;NA;NA;NA;NA;NA;NA,urn:lsid:marinespecies.org:taxname:882,Annelida,Phylum,Otu385,NCBI:6340,ARMS_Getxo_G1_20200624_20201103_SF40_s1_r1
ARMS_Getxo_G1_20200624_20201103_SF40_s1_r1:Otu384,MaterialSample,ARMS-MBON,data_release_002,present,ARMS_Getxo_G1_20200624_20201103,SAMEA10021242,2020-06-24/2020-11-03,3,DNA sequence reads,28234,DNA sequence reads,https://github.com/arms-mbon/documentation/tree/main/armsmbon_handbook,ERR7127672,PEMA v2.1.4 https://github.com/hariszaf/pema | https://github.com/arms-mbon/analysis_release_002/tree/main/parameter_files,CREST classifier; Minimum bit-score 155; LCA bitscore range 2% | PR2 v4.13 | VSEARCH v2.9.1; clustering similarity 97%,Abra de Bilbao (http://marineregions.org/mrgid/17355),43.338452,-3.014833,ES,Getxo_G1,5.0,10.0,Marina; semi-industrial; 9.6 - Subtidal Muddy,uncertain classification (not marine),Was a crate cover used when retrieving the unit: not provided; Which component of the ARMS unit material was extracted: Sessile,https://github.com/arms-mbon/data_release_002,Main genome;Eukaryota;Opisthokonta;Metazoa;Nematoda;Chromadorea;NA;NA;NA;NA;NA,urn:lsid:marinespecies.org:taxname:731848,Chromadorea,Class,Otu384,NCBI:119089,ARMS_Getxo_G1_20200624_20201103_SF40_s1_r1
ARMS_Getxo_G1_20200624_20201103_SF40_s1_r1:Otu271,MaterialSample,ARMS-MBON,data_release_002,present,ARMS_Getxo_G1_20200624_20201103,SAMEA10021242,2020-06-24/2020-11-03,4,DNA sequence reads,28234,DNA sequence reads,https://github.com/arms-mbon/documentation/tree/main/armsmbon_handbook,ERR7127672,PEMA v2.1.4 https://github.com/hariszaf/pema | https://github.com/arms-mbon/analysis_release_002/tree/main/parameter_files,CREST classifier; Minimum bit-score 155; LCA bitscore range 2% | PR2 v4.13 | VSEARCH v2.9.1; clustering similarity 97%,Abra de Bilbao (http://marineregions.org/mrgid/17355),43.338452,-3.014833,ES,Getxo_G1,5.0,10.0,Marina; semi-industrial; 9.6 - Subtidal Muddy,uncertain classification (not marine),Was a crate cover used when retrieving the unit: not provided; Which component of the ARMS unit material was extracted: Sessile,https://github.com/arms-mbon/data_release_002,Main genome;Eukaryota;Stramenopiles;Ochrophyta;Bacillariophyta;Radial-centric-basal-Coscinodiscophyceae;Melosira;NA;NA;NA;NA,urn:lsid:marinespecies.org:taxname:149042,Melosira,Genus,Otu271,NCBI:35124,ARMS_Getxo_G1_20200624_20201103_SF40_s1_r1
ARMS_Getxo_G1_20200624_20201103_SF40_s1_r1:Otu48,MaterialSample,ARMS-MBON,data_release_002,present,ARMS_Getxo_G1_20200624_20201103,SAMEA10021242,2020-06-24/2020-11-03,79,DNA sequence reads,28234,DNA sequence reads,https://github.com/arms-mbon/documentation/tree/main/armsmbon_handbook,ERR7127672,PEMA v2.1.4 https://github.com/hariszaf/pema | https://github.com/arms-mbon/analysis_release_002/tree/main/parameter_files,CREST classifier; Minimum bit-score 155; LCA bitscore range 2% | PR2 v4.13 | VSEARCH v2.9.1; clustering similarity 97%,Abra de Bilbao (http://marineregions.org/mrgid/17355),43.338452,-3.014833,ES,Getxo_G1,5.0,10.0,Marina; semi-industrial; 9.6 - Subtidal Muddy,,Was a crate cover used when retrieving the unit: not provided; Which component of the ARMS unit material was extracted: Sessile,https://github.com/arms-mbon/data_release_002,Main genome;Eukaryota;Opisthokonta;Metazoa;Porifera;Calcarea;NA;NA;NA;NA;NA,urn:lsid:marinespecies.org:taxname:559,Calcarea,Class,Otu48,NCBI:27929,ARMS_Getxo_G1_20200624_20201103_SF40_s1_r1
ARMS_Getxo_G1_20200624_20201103_SF40_s1_r1:Otu251,MaterialSample,ARMS-MBON,data_release_002,present,ARMS_Getxo_G1_20200624_20201103,SAMEA10021242,2020-06-24/2020-11-03,6,DNA sequence reads,28234,DNA sequence reads,https://github.com/arms-mbon/documentation/tree/main/armsmbon_handbook,ERR7127672,PEMA v2.1.4 https://github.com/hariszaf/pema | https://github.com/arms-mbon/analysis_release_002/tree/main/parameter_files,CREST classifier; Minimum bit-score 155; LCA bitscore range 2% | PR2 v4.13 | VSEARCH v2.9.1; clustering similarity 97%,Abra de Bilbao (http://marineregions.org/mrgid/17355),43.338452,-3.014833,ES,Getxo_G1,5.0,10.0,Marina; semi-industrial; 9.6 - Subtidal Muddy,,Was a crate cover used when retrieving the unit: not provided; Which component of the ARMS unit material was extracted: Sessile,https://github.com/arms-mbon/data_release_002,Main genome;Eukaryota;Opisthokonta;Metazoa;Annelida;Ficopomatus;enigmaticus;NA;NA;NA;Ficopomatus enigmaticus,urn:lsid:marinespecies.org:taxname:130988,Ficopomatus enigmaticus,Species,Otu251,NCBI:283780,ARMS_Getxo_G1_20200624_20201103_SF40_s1_r1
ARMS_Getxo_G1_20200624_20201103_SF40_s1_r1:Otu250,MaterialSample,ARMS-MBON,data_release_002,present,ARMS_Getxo_G1_20200624_20201103,SAMEA10021242,2020-06-24/2020-11-03,6,DNA sequence reads,28234,DNA sequence reads,https://github.com/arms-mbon/documentation/tree/main/armsmbon_handbook,ERR7127672,PEMA v2.1.4 https://github.com/hariszaf/pema | https://github.com/arms-mbon/analysis_release_002/tree/main/parameter_files,CREST classifier; Minimum bit-score 155; LCA bitscore range 2% | PR2 v4.13 | VSEARCH v2.9.1; clustering similarity 97%,Abra de Bilbao (http://marineregions.org/mrgid/17355),43.338452,-3.014833,ES,Getxo_G1,5.0,10.0,Marina; semi-industrial; 9.6 - Subtidal Muddy,uncertain classification (not marine),Was a crate cover used when retrieving the unit: not provided; Which component of the ARMS unit material was extracted: Sessile,https://github.com/arms-mbon/data_release_002,Main genome;Eukaryota;Opisthokonta;Metazoa;NA;NA;NA;NA;NA;NA;NA,urn:lsid:marinespecies.org:taxname:2,Animalia,Kingdom,Otu250,NCBI:33208,ARMS_Getxo_G1_20200624_20201103_SF40_s1_r1
ARMS_Getxo_G1_20200624_20201103_SF40_s1_r1:Otu252,MaterialSample,ARMS-MBON,data_release_002,present,ARMS_Getxo_G1_20200624_20201103,SAMEA10021242,2020-06-24/2020-11-03,25,DNA sequence reads,28234,DNA sequence reads,https://github.com/arms-mbon/documentation/tree/main/armsmbon_handbook,ERR7127672,PEMA v2.1.4 https://github.com/hariszaf/pema | https://github.com/arms-mbon/analysis_release_002/tree/main/parameter_files,CREST classifier; Minimum bit-score 155; LCA bitscore range 2% | PR2 v4.13 | VSEARCH v2.9.1; clustering similarity 97%,Abra de Bilbao (http://marineregions.org/mrgid/17355),43.338452,-3.014833,ES,Getxo_G1,5.0,10.0,Marina; semi-industrial; 9.6 - Subtidal Muddy,,Was a crate cover used when retrieving the unit: not provided; Which component of the ARMS unit material was extracted: Sessile,https://github.com/arms-mbon/data_release_002,Main genome;Eukaryota;Opisthokonta;Metazoa;Urochordata;Ascidiacea;NA;NA;NA;NA;NA,urn:lsid:marinespecies.org:taxname:1839,Ascidiacea,Class,Otu252,NCBI:7713,ARMS_Getxo_G1_20200624_20201103_SF40_s1_r1
ARMS_Getxo_G1_20200624_20201103_SF40_s1_r1:Otu255,MaterialSample,ARMS-MBON,data_release_002,present,ARMS_Getxo_G1_20200624_20201103,SAMEA10021242,2020-06-24/2020-11-03,6,DNA sequence reads,28234,DNA sequence reads,https://github.com/arms-mbon/documentation/tree/main/armsmbon_handbook,ERR7127672,PEMA v2.1.4 https://github.com/hariszaf/pema | https://github.com/arms-mbon/analysis_release_002/tree/main/parameter_files,CREST classifier; Minimum bit-score 155; LCA bitscore range 2% | PR2 v4.13 | VSEARCH v2.9.1; clustering similarity 97%,Abra de Bilbao (http://marineregions.org/mrgid/17355),43.338452,-3.014833,ES,Getxo_G1,5.0,10.0,Marina; semi-industrial; 9.6 - Subtidal Muddy,uncertain classification (not marine),Was a crate cover used when retrieving the unit: not provided; Which component of the ARMS unit material was extracted: Sessile,https://github.com/arms-mbon/data_release_002,Main genome;Eukaryota;Stramenopiles;Pseudofungi;Oomycota;NA;NA;NA;NA;NA;NA,urn:lsid:marinespecies.org:taxname:22154,Oomycota,Phylum,Otu255,NCBI:4762,ARMS_Getxo_G1_20200624_20201103_SF40_s1_r1
ARMS_Getxo_G1_20200624_20201103_SF40_s1_r1:Otu254,MaterialSample,ARMS-MBON,data_release_002,present,ARMS_Getxo_G1_20200624_20201103,SAMEA10021242,2020-06-24/2020-11-03,6,DNA sequence reads,28234,DNA sequence reads,https://github.com/arms-mbon/documentation/tree/main/armsmbon_handbook,ERR7127672,PEMA v2.1.4 https://github.com/hariszaf/pema | https://github.com/arms-mbon/analysis_release_002/tree/main/parameter_files,CREST classifier; Minimum bit-score 155; LCA bitscore range 2% | PR2 v4.13 | VSEARCH v2.9.1; clustering similarity 97%,Abra de Bilbao (http://marineregions.org/mrgid/17355),43.338452,-3.014833,ES,Getxo_G1,5.0,10.0,Marina; semi-industrial; 9.6 - Subtidal Muddy,,Was a crate cover used when retrieving the unit: not provided; Which component of the ARMS unit material was extracted: Sessile,https://github.com/arms-mbon/data_release_002,Main genome;Eukaryota;Archaeplastida;Chlorophyta;Chloropicophyceae;Chloropicales;Chloropicaceae;Chloroparvula;NA;NA;NA,urn:lsid:marinespecies.org:taxname:1361157,Chloroparvula,Genus,Otu254,NCBI:2302916,ARMS_Getxo_G1_20200624_20201103_SF40_s1_r1
ARMS_Getxo_G1_20200624_20201103_SF40_s1_r1:Otu257,MaterialSample,ARMS-MBON,data_release_002,present,ARMS_Getxo_G1_20200624_20201103,SAMEA10021242,2020-06-24/2020-11-03,5,DNA sequence reads,28234,DNA sequence reads,https://github.com/arms-mbon/documentation/tree/main/armsmbon_handbook,ERR7127672,PEMA v2.1.4 https://github.com/hariszaf/pema | https://github.com/arms-mbon/analysis_release_002/tree/main/parameter_files,CREST classifier; Minimum bit-score 155; LCA bitscore range 2% | PR2 v4.13 | VSEARCH v2.9.1; clustering similarity 97%,Abra de Bilbao (http://marineregions.org/mrgid/17355),43.338452,-3.014833,ES,Getxo_G1,5.0,10.0,Marina; semi-industrial; 9.6 - Subtidal Muddy,,Was a crate cover used when retrieving the unit: not provided; Which component of the ARMS unit material was extracted: Sessile,https://github.com/arms-mbon/data_release_002,Main genome;Eukaryota;Opisthokonta;Metazoa;Mollusca;Bivalvia;Ostreoida;Ostrea;NA;NA;NA,urn:lsid:marinespecies.org:taxname:138298,Ostrea,Genus,Otu257,NCBI:37858,ARMS_Getxo_G1_20200624_20201103_SF40_s1_r1
ARMS_Getxo_G1_20200624_20201103_SF40_s1_r1:Otu256,MaterialSample,ARMS-MBON,data_release_002,present,ARMS_Getxo_G1_20200624_20201103,SAMEA10021242,2020-06-24/2020-11-03,9,DNA sequence reads,28234,DNA sequence reads,https://github.com/arms-mbon/documentation/tree/main/armsmbon_handbook,ERR7127672,PEMA v2.1.4 https://github.com/hariszaf/pema | https://github.com/arms-mbon/analysis_release_002/tree/main/parameter_files,CREST classifier; Minimum bit-score 155; LCA bitscore range 2% | PR2 v4.13 | VSEARCH v2.9.1; clustering similarity 97%,Abra de Bilbao (http://marineregions.org/mrgid/17355),43.338452,-3.014833,ES,Getxo_G1,5.0,10.0,Marina; semi-industrial; 9.6 - Subtidal Muddy,,Was a crate cover used when retrieving the unit: not provided; Which component of the ARMS unit material was extracted: Sessile,https://github.com/arms-mbon/data_release_002,Main genome;Eukaryota;Opisthokonta;Metazoa;Gastrotricha;Aspidiophorus;tentaculatus;NA;NA;NA;Aspidiophorus tentaculatus,urn:lsid:marinespecies.org:taxname:114472,Aspidiophorus tentaculatus,Species,Otu256,NCBI:1274455,ARMS_Getxo_G1_20200624_20201103_SF40_s1_r1
ARMS_Getxo_G1_20200624_20201103_SF40_s1_r1:Otu28,MaterialSample,ARMS-MBON,data_release_002,present,ARMS_Getxo_G1_20200624_20201103,SAMEA10021242,2020-06-24/2020-11-03,55,DNA sequence reads,28234,DNA sequence reads,https://github.com/arms-mbon/documentation/tree/main/armsmbon_handbook,ERR7127672,PEMA v2.1.4 https://github.com/hariszaf/pema | https://github.com/arms-mbon/analysis_release_002/tree/main/parameter_files,CREST classifier; Minimum bit-score 155; LCA bitscore range 2% | PR2 v4.13 | VSEARCH v2.9.1; clustering similarity 97%,Abra de Bilbao (http://marineregions.org/mrgid/17355),43.338452,-3.014833,ES,Getxo_G1,5.0,10.0,Marina; semi-industrial; 9.6 - Subtidal Muddy,,Was a crate cover used when retrieving the unit: not provided; Which component of the ARMS unit material was extracted: Sessile,https://github.com/arms-mbon/data_release_002,Main genome;Eukaryota;Opisthokonta;Metazoa;Mollusca;Bivalvia;Ostreoida;Ostrea;NA;NA;NA,urn:lsid:marinespecies.org:taxname:138298,Ostrea,Genus,Otu28,NCBI:37858,ARMS_Getxo_G1_20200624_20201103_SF40_s1_r1
ARMS_Getxo_G1_20200624_20201103_SF40_s1_r1:Otu25,MaterialSample,ARMS-MBON,data_release_002,present,ARMS_Getxo_G1_20200624_20201103,SAMEA10021242,2020-06-24/2020-11-03,343,DNA sequence reads,28234,DNA sequence reads,https://github.com/arms-mbon/documentation/tree/main/armsmbon_handbook,ERR7127672,PEMA v2.1.4 https://github.com/hariszaf/pema | https://github.com/arms-mbon/analysis_release_002/tree/main/parameter_files,CREST classifier; Minimum bit-score 155; LCA bitscore range 2% | PR2 v4.13 | VSEARCH v2.9.1; clustering similarity 97%,Abra de Bilbao (http://marineregions.org/mrgid/17355),43.338452,-3.014833,ES,Getxo_G1,5.0,10.0,Marina; semi-industrial; 9.6 - Subtidal Muddy,uncertain classification (not marine),Was a crate cover used when retrieving the unit: not provided; Which component of the ARMS unit material was extracted: Sessile,https://github.com/arms-mbon/data_release_002,Main genome;Eukaryota;Stramenopiles;Sagenista;Labyrinthulomycetes;Labyrinthulida;Labyrinthulaceae;Aplanochytrium;NA;NA;NA,urn:lsid:marinespecies.org:taxname:162949,Aplanochytrium,Genus,Otu25,NCBI:87110,ARMS_Getxo_G1_20200624_20201103_SF40_s1_r1
ARMS_Getxo_G1_20200624_20201103_SF40_s1_r1:Otu27,MaterialSample,ARMS-MBON,data_release_002,present,ARMS_Getxo_G1_20200624_20201103,SAMEA10021242,2020-06-24/2020-11-03,212,DNA sequence reads,28234,DNA sequence reads,https://github.com/arms-mbon/documentation/tree/main/armsmbon_handbook,ERR7127672,PEMA v2.1.4 https://github.com/hariszaf/pema | https://github.com/arms-mbon/analysis_release_002/tree/main/parameter_files,CREST classifier; Minimum bit-score 155; LCA bitscore range 2% | PR2 v4.13 | VSEARCH v2.9.1; clustering similarity 97%,Abra de Bilbao (http://marineregions.org/mrgid/17355),43.338452,-3.014833,ES,Getxo_G1,5.0,10.0,Marina; semi-industrial; 9.6 - Subtidal Muddy,,Was a crate cover used when retrieving the unit: not provided; Which component of the ARMS unit material was extracted: Sessile,https://github.com/arms-mbon/data_release_002,Main genome;Eukaryota;Alveolata;Apicomplexa;Gregarinomorphea;Eugregarinorida;Lecudinidae;NA;NA;NA;NA,urn:lsid:marinespecies.org:taxname:562693,Lecudinidae,Family,Otu27,NCBI:158377,ARMS_Getxo_G1_20200624_20201103_SF40_s1_r1
ARMS_Getxo_G1_20200624_20201103_SF40_s1_r1:Otu26,MaterialSample,ARMS-MBON,data_release_002,present,ARMS_Getxo_G1_20200624_20201103,SAMEA10021242,2020-06-24/2020-11-03,5,DNA sequence reads,28234,DNA sequence reads,https://github.com/arms-mbon/documentation/tree/main/armsmbon_handbook,ERR7127672,PEMA v2.1.4 https://github.com/hariszaf/pema | https://github.com/arms-mbon/analysis_release_002/tree/main/parameter_files,CREST classifier; Minimum bit-score 155; LCA bitscore range 2% | PR2 v4.13 | VSEARCH v2.9.1; clustering similarity 97%,Abra de Bilbao (http://marineregions.org/mrgid/17355),43.338452,-3.014833,ES,Getxo_G1,5.0,10.0,Marina; semi-industrial; 9.6 - Subtidal Muddy,,Was a crate cover used when retrieving the unit: not provided; Which component of the ARMS unit material was extracted: Sessile,https://github.com/arms-mbon/data_release_002,Main genome;Eukaryota;Opisthokonta;Metazoa;Arthropoda;Crustacea;Malacostraca;Scylla;NA;NA;NA,urn:lsid:marinespecies.org:taxname:205756,Scylla,Genus,Otu26,NCBI:6760,ARMS_Getxo_G1_20200624_20201103_SF40_s1_r1
ARMS_Getxo_G1_20200624_20201103_SF40_s1_r1:Otu175,MaterialSample,ARMS-MBON,data_release_002,present,ARMS_Getxo_G1_20200624_20201103,SAMEA10021242,2020-06-24/2020-11-03,10,DNA sequence reads,28234,DNA sequence reads,https://github.com/arms-mbon/documentation/tree/main/armsmbon_handbook,ERR7127672,PEMA v2.1.4 https://github.com/hariszaf/pema | https://github.com/arms-mbon/analysis_release_002/tree/main/parameter_files,CREST classifier; Minimum bit-score 155; LCA bitscore range 2% | PR2 v4.13 | VSEARCH v2.9.1; clustering similarity 97%,Abra de Bilbao (http://marineregions.org/mrgid/17355),43.338452,-3.014833,ES,Getxo_G1,5.0,10.0,Marina; semi-industrial; 9.6 - Subtidal Muddy,uncertain classification (not marine),Was a crate cover used when retrieving the unit: not provided; Which component of the ARMS unit material was extracted: Sessile,https://github.com/arms-mbon/data_release_002,Main genome;Eukaryota;Alveolata;Apicomplexa;Gregarinomorphea;Eugregarinorida;EUG3;NA;NA;NA;NA,urn:lsid:marinespecies.org:taxname:394869,Eugregarinorida,Order,Otu175,NCBI:35087,ARMS_Getxo_G1_20200624_20201103_SF40_s1_r1
ARMS_Getxo_G1_20200624_20201103_SF40_s1_r1:Otu176,MaterialSample,ARMS-MBON,data_release_002,present,ARMS_Getxo_G1_20200624_20201103,SAMEA10021242,2020-06-24/2020-11-03,13,DNA sequence reads,28234,DNA sequence reads,https://github.com/arms-mbon/documentation/tree/main/armsmbon_handbook,ERR7127672,PEMA v2.1.4 https://github.com/hariszaf/pema | https://github.com/arms-mbon/analysis_release_002/tree/main/parameter_files,CREST classifier; Minimum bit-score 155; LCA bitscore range 2% | PR2 v4.13 | VSEARCH v2.9.1; clustering similarity 97%,Abra de Bilbao (http://marineregions.org/mrgid/17355),43.338452,-3.014833,ES,Getxo_G1,5.0,10.0,Marina; semi-industrial; 9.6 - Subtidal Muddy,,Was a crate cover used when retrieving the unit: not provided; Which component of the ARMS unit material was extracted: Sessile,https://github.com/arms-mbon/data_release_002,Main genome;Eukaryota;Opisthokonta;Metazoa;Platyhelminthes;Turbellaria;Polycladida;Stylochus;NA;NA;NA,urn:lsid:marinespecies.org:taxname:142245,Stylochus,Genus,Otu176,NCBI:31257,ARMS_Getxo_G1_20200624_20201103_SF40_s1_r1
ARMS_Getxo_G1_20200624_20201103_SF40_s1_r1:Otu177,MaterialSample,ARMS-MBON,data_release_002,present,ARMS_Getxo_G1_20200624_20201103,SAMEA10021242,2020-06-24/2020-11-03,18,DNA sequence reads,28234,DNA sequence reads,https://github.com/arms-mbon/documentation/tree/main/armsmbon_handbook,ERR7127672,PEMA v2.1.4 https://github.com/hariszaf/pema | https://github.com/arms-mbon/analysis_release_002/tree/main/parameter_files,CREST classifier; Minimum bit-score 155; LCA bitscore range 2% | PR2 v4.13 | VSEARCH v2.9.1; clustering similarity 97%,Abra de Bilbao (http://marineregions.org/mrgid/17355),43.338452,-3.014833,ES,Getxo_G1,5.0,10.0,Marina; semi-industrial; 9.6 - Subtidal Muddy,uncertain classification (not marine),Was a crate cover used when retrieving the unit: not provided; Which component of the ARMS unit material was extracted: Sessile,https://github.com/arms-mbon/data_release_002,Main genome;Eukaryota;Opisthokonta;Metazoa;Annelida;NA;NA;NA;NA;NA;NA,urn:lsid:marinespecies.org:taxname:882,Annelida,Phylum,Otu177,NCBI:6340,ARMS_Getxo_G1_20200624_20201103_SF40_s1_r1
ARMS_Getxo_G1_20200624_20201103_SF40_s1_r1:Otu178,MaterialSample,ARMS-MBON,data_release_002,present,ARMS_Getxo_G1_20200624_20201103,SAMEA10021242,2020-06-24/2020-11-03,15,DNA sequence reads,28234,DNA sequence reads,https://github.com/arms-mbon/documentation/tree/main/armsmbon_handbook,ERR7127672,PEMA v2.1.4 https://github.com/hariszaf/pema | https://github.com/arms-mbon/analysis_release_002/tree/main/parameter_files,CREST classifier; Minimum bit-score 155; LCA bitscore range 2% | PR2 v4.13 | VSEARCH v2.9.1; clustering similarity 97%,Abra de Bilbao (http://marineregions.org/mrgid/17355),43.338452,-3.014833,ES,Getxo_G1,5.0,10.0,Marina; semi-industrial; 9.6 - Subtidal Muddy,,Was a crate cover used when retrieving the unit: not provided; Which component of the ARMS unit material was extracted: Sessile,https://github.com/arms-mbon/data_release_002,Main genome;Eukaryota;Rhizaria;Cercozoa;Filosa-Thecofilosea;Ventricleftida;Ventrifissuridae;NA;NA;NA;NA,urn:lsid:marinespecies.org:taxname:1737154,Ventrifissuridae,Family,Otu178,NCBI:1938506,ARMS_Getxo_G1_20200624_20201103_SF40_s1_r1
ARMS_Getxo_G1_20200624_20201103_SF40_s1_r1:Otu179,MaterialSample,ARMS-MBON,data_release_002,present,ARMS_Getxo_G1_20200624_20201103,SAMEA10021242,2020-06-24/2020-11-03,13,DNA sequence reads,28234,DNA sequence reads,https://github.com/arms-mbon/documentation/tree/main/armsmbon_handbook,ERR7127672,PEMA v2.1.4 https://github.com/hariszaf/pema | https://github.com/arms-mbon/analysis_release_002/tree/main/parameter_files,CREST classifier; Minimum bit-score 155; LCA bitscore range 2% | PR2 v4.13 | VSEARCH v2.9.1; clustering similarity 97%,Abra de Bilbao (http://marineregions.org/mrgid/17355),43.338452,-3.014833,ES,Getxo_G1,5.0,10.0,Marina; semi-industrial; 9.6 - Subtidal Muddy,,Was a crate cover used when retrieving the unit: not provided; Which component of the ARMS unit material was extracted: Sessile,https://github.com/arms-mbon/data_release_002,Main genome;Eukaryota;Stramenopiles;Ochrophyta;Bacillariophyta;Polar-centric-Mediophyceae;NA;NA;NA;NA;NA,urn:lsid:marinespecies.org:taxname:345483,Mediophyceae,Class,Otu179,NCBI:589449,ARMS_Getxo_G1_20200624_20201103_SF40_s1_r1
ARMS_Getxo_G1_20200624_20201103_SF40_s1_r1:Otu513,MaterialSample,ARMS-MBON,data_release_002,present,ARMS_Getxo_G1_20200624_20201103,SAMEA10021242,2020-06-24/2020-11-03,2,DNA sequence reads,28234,DNA sequence reads,https://github.com/arms-mbon/documentation/tree/main/armsmbon_handbook,ERR7127672,PEMA v2.1.4 https://github.com/hariszaf/pema | https://github.com/arms-mbon/analysis_release_002/tree/main/parameter_files,CREST classifier; Minimum bit-score 155; LCA bitscore range 2% | PR2 v4.13 | VSEARCH v2.9.1; clustering similarity 97%,Abra de Bilbao (http://marineregions.org/mrgid/17355),43.338452,-3.014833,ES,Getxo_G1,5.0,10.0,Marina; semi-industrial; 9.6 - Subtidal Muddy,uncertain classification (not marine),Was a crate cover used when retrieving the unit: not provided; Which component of the ARMS unit material was extracted: Sessile,https://github.com/arms-mbon/data_release_002,Main genome;Eukaryota;Stramenopiles;Ochrophyta;Bacillariophyta;Raphid-pennate;Sellaphora;NA;NA;NA;NA,urn:lsid:marinespecies.org:taxname:157078,Sellaphora,Genus,Otu513,NCBI:216740,ARMS_Getxo_G1_20200624_20201103_SF40_s1_r1
ARMS_Getxo_G1_20200624_20201103_SF40_s1_r1:Otu515,MaterialSample,ARMS-MBON,data_release_002,present,ARMS_Getxo_G1_20200624_20201103,SAMEA10021242,2020-06-24/2020-11-03,2,DNA sequence reads,28234,DNA sequence reads,https://github.com/arms-mbon/documentation/tree/main/armsmbon_handbook,ERR7127672,PEMA v2.1.4 https://github.com/hariszaf/pema | https://github.com/arms-mbon/analysis_release_002/tree/main/parameter_files,CREST classifier; Minimum bit-score 155; LCA bitscore range 2% | PR2 v4.13 | VSEARCH v2.9.1; clustering similarity 97%,Abra de Bilbao (http://marineregions.org/mrgid/17355),43.338452,-3.014833,ES,Getxo_G1,5.0,10.0,Marina; semi-industrial; 9.6 - Subtidal Muddy,,Was a crate cover used when retrieving the unit: not provided; Which component of the ARMS unit material was extracted: Sessile,https://github.com/arms-mbon/data_release_002,Main genome;Eukaryota;Opisthokonta;Metazoa;Mollusca;Bivalvia;Ostreoida;Crassostrea;NA;NA;NA,urn:lsid:marinespecies.org:taxname:138297,Crassostrea,Genus,Otu515,NCBI:6564,ARMS_Getxo_G1_20200624_20201103_SF40_s1_r1
ARMS_Getxo_G1_20200624_20201103_SF40_s1_r1:Otu222,MaterialSample,ARMS-MBON,data_release_002,present,ARMS_Getxo_G1_20200624_20201103,SAMEA10021242,2020-06-24/2020-11-03,7,DNA sequence reads,28234,DNA sequence reads,https://github.com/arms-mbon/documentation/tree/main/armsmbon_handbook,ERR7127672,PEMA v2.1.4 https://github.com/hariszaf/pema | https://github.com/arms-mbon/analysis_release_002/tree/main/parameter_files,CREST classifier; Minimum bit-score 155; LCA bitscore range 2% | PR2 v4.13 | VSEARCH v2.9.1; clustering similarity 97%,Abra de Bilbao (http://marineregions.org/mrgid/17355),43.338452,-3.014833,ES,Getxo_G1,5.0,10.0,Marina; semi-industrial; 9.6 - Subtidal Muddy,,Was a crate cover used when retrieving the unit: not provided; Which component of the ARMS unit material was extracted: Sessile,https://github.com/arms-mbon/data_release_002,Main genome;Eukaryota;Opisthokonta;Metazoa;Annelida;Platynereis;dumerilii;NA;NA;NA;Platynereis dumerilii,urn:lsid:marinespecies.org:taxname:130417,Platynereis dumerilii,Species,Otu222,NCBI:6359,ARMS_Getxo_G1_20200624_20201103_SF40_s1_r1
ARMS_Getxo_G1_20200624_20201103_SF40_s1_r1:Otu223,MaterialSample,ARMS-MBON,data_release_002,present,ARMS_Getxo_G1_20200624_20201103,SAMEA10021242,2020-06-24/2020-11-03,7,DNA sequence reads,28234,DNA sequence reads,https://github.com/arms-mbon/documentation/tree/main/armsmbon_handbook,ERR7127672,PEMA v2.1.4 https://github.com/hariszaf/pema | https://github.com/arms-mbon/analysis_release_002/tree/main/parameter_files,CREST classifier; Minimum bit-score 155; LCA bitscore range 2% | PR2 v4.13 | VSEARCH v2.9.1; clustering similarity 97%,Abra de Bilbao (http://marineregions.org/mrgid/17355),43.338452,-3.014833,ES,Getxo_G1,5.0,10.0,Marina; semi-industrial; 9.6 - Subtidal Muddy,,Was a crate cover used when retrieving the unit: not provided; Which component of the ARMS unit material was extracted: Sessile,https://github.com/arms-mbon/data_release_002,Main genome;Eukaryota;Stramenopiles;Ochrophyta;Bacillariophyta;Polar-centric-Mediophyceae;NA;NA;NA;NA;NA,urn:lsid:marinespecies.org:taxname:345483,Mediophyceae,Class,Otu223,NCBI:589449,ARMS_Getxo_G1_20200624_20201103_SF40_s1_r1
ARMS_Getxo_G1_20200624_20201103_SF40_s1_r1:Otu224,MaterialSample,ARMS-MBON,data_release_002,present,ARMS_Getxo_G1_20200624_20201103,SAMEA10021242,2020-06-24/2020-11-03,7,DNA sequence reads,28234,DNA sequence reads,https://github.com/arms-mbon/documentation/tree/main/armsmbon_handbook,ERR7127672,PEMA v2.1.4 https://github.com/hariszaf/pema | https://github.com/arms-mbon/analysis_release_002/tree/main/parameter_files,CREST classifier; Minimum bit-score 155; LCA bitscore range 2% | PR2 v4.13 | VSEARCH v2.9.1; clustering similarity 97%,Abra de Bilbao (http://marineregions.org/mrgid/17355),43.338452,-3.014833,ES,Getxo_G1,5.0,10.0,Marina; semi-industrial; 9.6 - Subtidal Muddy,uncertain classification (not marine),Was a crate cover used when retrieving the unit: not provided; Which component of the ARMS unit material was extracted: Sessile,https://github.com/arms-mbon/data_release_002,Main genome;Eukaryota;Rhizaria;Cercozoa;Endomyxa;Vampyrellida;Penardia-lineage;NA;NA;NA;NA,urn:lsid:marinespecies.org:taxname:1737334,Vampyrellida,Order,Otu224,NCBI:1367446,ARMS_Getxo_G1_20200624_20201103_SF40_s1_r1
ARMS_Getxo_G1_20200624_20201103_SF40_s1_r1:Otu226,MaterialSample,ARMS-MBON,data_release_002,present,ARMS_Getxo_G1_20200624_20201103,SAMEA10021242,2020-06-24/2020-11-03,7,DNA sequence reads,28234,DNA sequence reads,https://github.com/arms-mbon/documentation/tree/main/armsmbon_handbook,ERR7127672,PEMA v2.1.4 https://github.com/hariszaf/pema | https://github.com/arms-mbon/analysis_release_002/tree/main/parameter_files,CREST classifier; Minimum bit-score 155; LCA bitscore range 2% | PR2 v4.13 | VSEARCH v2.9.1; clustering similarity 97%,Abra de Bilbao (http://marineregions.org/mrgid/17355),43.338452,-3.014833,ES,Getxo_G1,5.0,10.0,Marina; semi-industrial; 9.6 - Subtidal Muddy,,Was a crate cover used when retrieving the unit: not provided; Which component of the ARMS unit material was extracted: Sessile,https://github.com/arms-mbon/data_release_002,Main genome;Eukaryota;Alveolata;Apicomplexa;Gregarinomorphea;Eugregarinorida;Porosporidae;NA;NA;NA;NA,urn:lsid:marinespecies.org:taxname:465333,Porosporidae,Family,Otu226,NCBI:947094,ARMS_Getxo_G1_20200624_20201103_SF40_s1_r1
ARMS_Getxo_G1_20200624_20201103_SF40_s1_r1:Otu227,MaterialSample,ARMS-MBON,data_release_002,present,ARMS_Getxo_G1_20200624_20201103,SAMEA10021242,2020-06-24/2020-11-03,7,DNA sequence reads,28234,DNA sequence reads,https://github.com/arms-mbon/documentation/tree/main/armsmbon_handbook,ERR7127672,PEMA v2.1.4 https://github.com/hariszaf/pema | https://github.com/arms-mbon/analysis_release_002/tree/main/parameter_files,CREST classifier; Minimum bit-score 155; LCA bitscore range 2% | PR2 v4.13 | VSEARCH v2.9.1; clustering similarity 97%,Abra de Bilbao (http://marineregions.org/mrgid/17355),43.338452,-3.014833,ES,Getxo_G1,5.0,10.0,Marina; semi-industrial; 9.6 - Subtidal Muddy,,Was a crate cover used when retrieving the unit: not provided; Which component of the ARMS unit material was extracted: Sessile,https://github.com/arms-mbon/data_release_002,Main genome;Eukaryota;Alveolata;Dinoflagellata;Syndiniales;Dino-Group-I;Dino-Group-I-Clade-1;NA;NA;NA;NA,urn:lsid:marinespecies.org:taxname:146213,Syndiniales,Order,Otu227,NCBI:88547,ARMS_Getxo_G1_20200624_20201103_SF40_s1_r1
ARMS_Getxo_G1_20200624_20201103_SF40_s1_r1:Otu124,MaterialSample,ARMS-MBON,data_release_002,present,ARMS_Getxo_G1_20200624_20201103,SAMEA10021242,2020-06-24/2020-11-03,2,DNA sequence reads,28234,DNA sequence reads,https://github.com/arms-mbon/documentation/tree/main/armsmbon_handbook,ERR7127672,PEMA v2.1.4 https://github.com/hariszaf/pema | https://github.com/arms-mbon/analysis_release_002/tree/main/parameter_files,CREST classifier; Minimum bit-score 155; LCA bitscore range 2% | PR2 v4.13 | VSEARCH v2.9.1; clustering similarity 97%,Abra de Bilbao (http://marineregions.org/mrgid/17355),43.338452,-3.014833,ES,Getxo_G1,5.0,10.0,Marina; semi-industrial; 9.6 - Subtidal Muddy,,Was a crate cover used when retrieving the unit: not provided; Which component of the ARMS unit material was extracted: Sessile,https://github.com/arms-mbon/data_release_002,Main genome;Eukaryota;Opisthokonta;Metazoa;Platyhelminthes;Turbellaria;Prolecithophora;NA;NA;NA;NA,urn:lsid:marinespecies.org:taxname:2854,Prolecithophora,Order,Otu124,NCBI:79788,ARMS_Getxo_G1_20200624_20201103_SF40_s1_r1
ARMS_Getxo_G1_20200624_20201103_SF40_s1_r1:Otu123,MaterialSample,ARMS-MBON,data_release_002,present,ARMS_Getxo_G1_20200624_20201103,SAMEA10021242,2020-06-24/2020-11-03,21,DNA sequence reads,28234,DNA sequence reads,https://github.com/arms-mbon/documentation/tree/main/armsmbon_handbook,ERR7127672,PEMA v2.1.4 https://github.com/hariszaf/pema | https://github.com/arms-mbon/analysis_release_002/tree/main/parameter_files,CREST classifier; Minimum bit-score 155; LCA bitscore range 2% | PR2 v4.13 | VSEARCH v2.9.1; clustering similarity 97%,Abra de Bilbao (http://marineregions.org/mrgid/17355),43.338452,-3.014833,ES,Getxo_G1,5.0,10.0,Marina; semi-industrial; 9.6 - Subtidal Muddy,uncertain classification (not marine),Was a crate cover used when retrieving the unit: not provided; Which component of the ARMS unit material was extracted: Sessile,https://github.com/arms-mbon/data_release_002,Main genome;Eukaryota;Opisthokonta;Metazoa;Arthropoda;Crustacea;Maxillopoda;NA;NA;NA;NA,urn:lsid:marinespecies.org:taxname:1066,Crustacea,Subphylum,Otu123,NCBI:6657,ARMS_Getxo_G1_20200624_20201103_SF40_s1_r1
ARMS_Getxo_G1_20200624_20201103_SF40_s1_r1:Otu61,MaterialSample,ARMS-MBON,data_release_002,present,ARMS_Getxo_G1_20200624_20201103,SAMEA10021242,2020-06-24/2020-11-03,61,DNA sequence reads,28234,DNA sequence reads,https://github.com/arms-mbon/documentation/tree/main/armsmbon_handbook,ERR7127672,PEMA v2.1.4 https://github.com/hariszaf/pema | https://github.com/arms-mbon/analysis_release_002/tree/main/parameter_files,CREST classifier; Minimum bit-score 155; LCA bitscore range 2% | PR2 v4.13 | VSEARCH v2.9.1; clustering similarity 97%,Abra de Bilbao (http://marineregions.org/mrgid/17355),43.338452,-3.014833,ES,Getxo_G1,5.0,10.0,Marina; semi-industrial; 9.6 - Subtidal Muddy,,Was a crate cover used when retrieving the unit: not provided; Which component of the ARMS unit material was extracted: Sessile,https://github.com/arms-mbon/data_release_002,Main genome;Eukaryota;Opisthokonta;Metazoa;Porifera;Demospongiae;NA;NA;NA;NA;NA,urn:lsid:marinespecies.org:taxname:164811,Demospongiae,Class,Otu61,NCBI:6042,ARMS_Getxo_G1_20200624_20201103_SF40_s1_r1
ARMS_Getxo_G1_20200624_20201103_SF40_s1_r1:Otu60,MaterialSample,ARMS-MBON,data_release_002,present,ARMS_Getxo_G1_20200624_20201103,SAMEA10021242,2020-06-24/2020-11-03,38,DNA sequence reads,28234,DNA sequence reads,https://github.com/arms-mbon/documentation/tree/main/armsmbon_handbook,ERR7127672,PEMA v2.1.4 https://github.com/hariszaf/pema | https://github.com/arms-mbon/analysis_release_002/tree/main/parameter_files,CREST classifier; Minimum bit-score 155; LCA bitscore range 2% | PR2 v4.13 | VSEARCH v2.9.1; clustering similarity 97%,Abra de Bilbao (http://marineregions.org/mrgid/17355),43.338452,-3.014833,ES,Getxo_G1,5.0,10.0,Marina; semi-industrial; 9.6 - Subtidal Muddy,,Was a crate cover used when retrieving the unit: not provided; Which component of the ARMS unit material was extracted: Sessile,https://github.com/arms-mbon/data_release_002,Main genome;Eukaryota;Opisthokonta;Metazoa;Gastrotricha;Chaetonotus;NA;NA;NA;NA;NA,urn:lsid:marinespecies.org:taxname:114427,Chaetonotus,Genus,Otu60,NCBI:68038,ARMS_Getxo_G1_20200624_20201103_SF40_s1_r1
ARMS_Getxo_G1_20200624_20201103_SF40_s1_r1:Otu467,MaterialSample,ARMS-MBON,data_release_002,present,ARMS_Getxo_G1_20200624_20201103,SAMEA10021242,2020-06-24/2020-11-03,2,DNA sequence reads,28234,DNA sequence reads,https://github.com/arms-mbon/documentation/tree/main/armsmbon_handbook,ERR7127672,PEMA v2.1.4 https://github.com/hariszaf/pema | https://github.com/arms-mbon/analysis_release_002/tree/main/parameter_files,CREST classifier; Minimum bit-score 155; LCA bitscore range 2% | PR2 v4.13 | VSEARCH v2.9.1; clustering similarity 97%,Abra de Bilbao (http://marineregions.org/mrgid/17355),43.338452,-3.014833,ES,Getxo_G1,5.0,10.0,Marina; semi-industrial; 9.6 - Subtidal Muddy,uncertain classification (not marine),Was a crate cover used when retrieving the unit: not provided; Which component of the ARMS unit material was extracted: Sessile,https://github.com/arms-mbon/data_release_002,Main genome;Eukaryota;Opisthokonta;Metazoa;Arthropoda;Crustacea;Maxillopoda;NA;NA;NA;NA,urn:lsid:marinespecies.org:taxname:1066,Crustacea,Subphylum,Otu467,NCBI:6657,ARMS_Getxo_G1_20200624_20201103_SF40_s1_r1
ARMS_Getxo_G1_20200624_20201103_SF40_s1_r1:Otu464,MaterialSample,ARMS-MBON,data_release_002,present,ARMS_Getxo_G1_20200624_20201103,SAMEA10021242,2020-06-24/2020-11-03,2,DNA sequence reads,28234,DNA sequence reads,https://github.com/arms-mbon/documentation/tree/main/armsmbon_handbook,ERR7127672,PEMA v2.1.4 https://github.com/hariszaf/pema | https://github.com/arms-mbon/analysis_release_002/tree/main/parameter_files,CREST classifier; Minimum bit-score 155; LCA bitscore range 2% | PR2 v4.13 | VSEARCH v2.9.1; clustering similarity 97%,Abra de Bilbao (http://marineregions.org/mrgid/17355),43.338452,-3.014833,ES,Getxo_G1,5.0,10.0,Marina; semi-industrial; 9.6 - Subtidal Muddy,uncertain classification (not marine),Was a crate cover used when retrieving the unit: not provided; Which component of the ARMS unit material was extracted: Sessile,https://github.com/arms-mbon/data_release_002,Main genome;Eukaryota;Opisthokonta;Metazoa;Annelida;NA;NA;NA;NA;NA;NA,urn:lsid:marinespecies.org:taxname:882,Annelida,Phylum,Otu464,NCBI:6340,ARMS_Getxo_G1_20200624_20201103_SF40_s1_r1
ARMS_Getxo_G1_20200624_20201103_SF40_s1_r1:Otu468,MaterialSample,ARMS-MBON,data_release_002,present,ARMS_Getxo_G1_20200624_20201103,SAMEA10021242,2020-06-24/2020-11-03,2,DNA sequence reads,28234,DNA sequence reads,https://github.com/arms-mbon/documentation/tree/main/armsmbon_handbook,ERR7127672,PEMA v2.1.4 https://github.com/hariszaf/pema | https://github.com/arms-mbon/analysis_release_002/tree/main/parameter_files,CREST classifier; Minimum bit-score 155; LCA bitscore range 2% | PR2 v4.13 | VSEARCH v2.9.1; clustering similarity 97%,Abra de Bilbao (http://marineregions.org/mrgid/17355),43.338452,-3.014833,ES,Getxo_G1,5.0,10.0,Marina; semi-industrial; 9.6 - Subtidal Muddy,,Was a crate cover used when retrieving the unit: not provided; Which component of the ARMS unit material was extracted: Sessile,https://github.com/arms-mbon/data_release_002,Main genome;Eukaryota;Rhizaria;Radiolaria;NA;NA;NA;NA;NA;NA;NA,urn:lsid:marinespecies.org:taxname:586732,Acantharia,Class,Otu468,NCBI:65574,ARMS_Getxo_G1_20200624_20201103_SF40_s1_r1
ARMS_Getxo_G1_20200624_20201103_SF40_s1_r1:Otu469,MaterialSample,ARMS-MBON,data_release_002,present,ARMS_Getxo_G1_20200624_20201103,SAMEA10021242,2020-06-24/2020-11-03,2,DNA sequence reads,28234,DNA sequence reads,https://github.com/arms-mbon/documentation/tree/main/armsmbon_handbook,ERR7127672,PEMA v2.1.4 https://github.com/hariszaf/pema | https://github.com/arms-mbon/analysis_release_002/tree/main/parameter_files,CREST classifier; Minimum bit-score 155; LCA bitscore range 2% | PR2 v4.13 | VSEARCH v2.9.1; clustering similarity 97%,Abra de Bilbao (http://marineregions.org/mrgid/17355),43.338452,-3.014833,ES,Getxo_G1,5.0,10.0,Marina; semi-industrial; 9.6 - Subtidal Muddy,,Was a crate cover used when retrieving the unit: not provided; Which component of the ARMS unit material was extracted: Sessile,https://github.com/arms-mbon/data_release_002,Main genome;Eukaryota;Opisthokonta;Metazoa;Urochordata;NA;NA;NA;NA;NA;NA,urn:lsid:marinespecies.org:taxname:146420,Tunicata,Subphylum,Otu469,NCBI:7712,ARMS_Getxo_G1_20200624_20201103_SF40_s1_r1
ARMS_Getxo_G1_20200624_20201103_SF40_s1_r1:Otu306,MaterialSample,ARMS-MBON,data_release_002,present,ARMS_Getxo_G1_20200624_20201103,SAMEA10021242,2020-06-24/2020-11-03,2,DNA sequence reads,28234,DNA sequence reads,https://github.com/arms-mbon/documentation/tree/main/armsmbon_handbook,ERR7127672,PEMA v2.1.4 https://github.com/hariszaf/pema | https://github.com/arms-mbon/analysis_release_002/tree/main/parameter_files,CREST classifier; Minimum bit-score 155; LCA bitscore range 2% | PR2 v4.13 | VSEARCH v2.9.1; clustering similarity 97%,Abra de Bilbao (http://marineregions.org/mrgid/17355),43.338452,-3.014833,ES,Getxo_G1,5.0,10.0,Marina; semi-industrial; 9.6 - Subtidal Muddy,,Was a crate cover used when retrieving the unit: not provided; Which component of the ARMS unit material was extracted: Sessile,https://github.com/arms-mbon/data_release_002,Main genome;Eukaryota;Opisthokonta;Fungi;Basidiomycota;Agaricomycotina;Agaricomycetes;Panellus;stypticus;NA;Panellus stypticus,,Panellus,genus,Otu306,NCBI:5636,ARMS_Getxo_G1_20200624_20201103_SF40_s1_r1
ARMS_Getxo_G1_20200624_20201103_SF40_s1_r1:Otu305,MaterialSample,ARMS-MBON,data_release_002,present,ARMS_Getxo_G1_20200624_20201103,SAMEA10021242,2020-06-24/2020-11-03,3,DNA sequence reads,28234,DNA sequence reads,https://github.com/arms-mbon/documentation/tree/main/armsmbon_handbook,ERR7127672,PEMA v2.1.4 https://github.com/hariszaf/pema | https://github.com/arms-mbon/analysis_release_002/tree/main/parameter_files,CREST classifier; Minimum bit-score 155; LCA bitscore range 2% | PR2 v4.13 | VSEARCH v2.9.1; clustering similarity 97%,Abra de Bilbao (http://marineregions.org/mrgid/17355),43.338452,-3.014833,ES,Getxo_G1,5.0,10.0,Marina; semi-industrial; 9.6 - Subtidal Muddy,uncertain classification (not marine),Was a crate cover used when retrieving the unit: not provided; Which component of the ARMS unit material was extracted: Sessile,https://github.com/arms-mbon/data_release_002,Main genome;Eukaryota;Opisthokonta;Metazoa;Annelida;NA;NA;NA;NA;NA;NA,urn:lsid:marinespecies.org:taxname:882,Annelida,Phylum,Otu305,NCBI:6340,ARMS_Getxo_G1_20200624_20201103_SF40_s1_r1
ARMS_Getxo_G1_20200624_20201103_SF40_s1_r1:Otu301,MaterialSample,ARMS-MBON,data_release_002,present,ARMS_Getxo_G1_20200624_20201103,SAMEA10021242,2020-06-24/2020-11-03,2,DNA sequence reads,28234,DNA sequence reads,https://github.com/arms-mbon/documentation/tree/main/armsmbon_handbook,ERR7127672,PEMA v2.1.4 https://github.com/hariszaf/pema | https://github.com/arms-mbon/analysis_release_002/tree/main/parameter_files,CREST classifier; Minimum bit-score 155; LCA bitscore range 2% | PR2 v4.13 | VSEARCH v2.9.1; clustering similarity 97%,Abra de Bilbao (http://marineregions.org/mrgid/17355),43.338452,-3.014833,ES,Getxo_G1,5.0,10.0,Marina; semi-industrial; 9.6 - Subtidal Muddy,,Was a crate cover used when retrieving the unit: not provided; Which component of the ARMS unit material was extracted: Sessile,https://github.com/arms-mbon/data_release_002,Main genome;Eukaryota;Stramenopiles;Pseudofungi;Pirsonia;Clade;NA;NA;NA;NA;NA,urn:lsid:marinespecies.org:taxname:118022,Pirsonia,Genus,Otu301,NCBI:230408,ARMS_Getxo_G1_20200624_20201103_SF40_s1_r1
ARMS_Getxo_G1_20200624_20201103_SF40_s1_r1:Otu300,MaterialSample,ARMS-MBON,data_release_002,present,ARMS_Getxo_G1_20200624_20201103,SAMEA10021242,2020-06-24/2020-11-03,3,DNA sequence reads,28234,DNA sequence reads,https://github.com/arms-mbon/documentation/tree/main/armsmbon_handbook,ERR7127672,PEMA v2.1.4 https://github.com/hariszaf/pema | https://github.com/arms-mbon/analysis_release_002/tree/main/parameter_files,CREST classifier; Minimum bit-score 155; LCA bitscore range 2% | PR2 v4.13 | VSEARCH v2.9.1; clustering similarity 97%,Abra de Bilbao (http://marineregions.org/mrgid/17355),43.338452,-3.014833,ES,Getxo_G1,5.0,10.0,Marina; semi-industrial; 9.6 - Subtidal Muddy,,Was a crate cover used when retrieving the unit: not provided; Which component of the ARMS unit material was extracted: Sessile,https://github.com/arms-mbon/data_release_002,Main genome;Eukaryota;Opisthokonta;Metazoa;Annelida;Typosyllis;NA;NA;NA;NA;NA,urn:lsid:marinespecies.org:taxname:147195,Typosyllis,Genus,Otu300,NCBI:199571,ARMS_Getxo_G1_20200624_20201103_SF40_s1_r1
ARMS_Getxo_G1_20200624_20201103_SF40_s1_r1:Otu116,MaterialSample,ARMS-MBON,data_release_002,present,ARMS_Getxo_G1_20200624_20201103,SAMEA10021242,2020-06-24/2020-11-03,28,DNA sequence reads,28234,DNA sequence reads,https://github.com/arms-mbon/documentation/tree/main/armsmbon_handbook,ERR7127672,PEMA v2.1.4 https://github.com/hariszaf/pema | https://github.com/arms-mbon/analysis_release_002/tree/main/parameter_files,CREST classifier; Minimum bit-score 155; LCA bitscore range 2% | PR2 v4.13 | VSEARCH v2.9.1; clustering similarity 97%,Abra de Bilbao (http://marineregions.org/mrgid/17355),43.338452,-3.014833,ES,Getxo_G1,5.0,10.0,Marina; semi-industrial; 9.6 - Subtidal Muddy,,Was a crate cover used when retrieving the unit: not provided; Which component of the ARMS unit material was extracted: Sessile,https://github.com/arms-mbon/data_release_002,Main genome;Eukaryota;Opisthokonta;Metazoa;Annelida;Hydroides;trivesiculosus;NA;NA;NA;Hydroides trivesiculosus,urn:lsid:marinespecies.org:taxname:882647,Hydroides trivesiculosa,Species,Otu116,NCBI:3034647,ARMS_Getxo_G1_20200624_20201103_SF40_s1_r1
ARMS_Getxo_G1_20200624_20201103_SF40_s1_r1:Otu114,MaterialSample,ARMS-MBON,data_release_002,present,ARMS_Getxo_G1_20200624_20201103,SAMEA10021242,2020-06-24/2020-11-03,17,DNA sequence reads,28234,DNA sequence reads,https://github.com/arms-mbon/documentation/tree/main/armsmbon_handbook,ERR7127672,PEMA v2.1.4 https://github.com/hariszaf/pema | https://github.com/arms-mbon/analysis_release_002/tree/main/parameter_files,CREST classifier; Minimum bit-score 155; LCA bitscore range 2% | PR2 v4.13 | VSEARCH v2.9.1; clustering similarity 97%,Abra de Bilbao (http://marineregions.org/mrgid/17355),43.338452,-3.014833,ES,Getxo_G1,5.0,10.0,Marina; semi-industrial; 9.6 - Subtidal Muddy,,Was a crate cover used when retrieving the unit: not provided; Which component of the ARMS unit material was extracted: Sessile,https://github.com/arms-mbon/data_release_002,Main genome;Eukaryota;Opisthokonta;Metazoa;Entoprocta;NA;NA;NA;NA;NA;NA,urn:lsid:marinespecies.org:taxname:1271,Entoprocta,Phylum,Otu114,NCBI:43120,ARMS_Getxo_G1_20200624_20201103_SF40_s1_r1
ARMS_Getxo_G1_20200624_20201103_SF40_s1_r1:Otu115,MaterialSample,ARMS-MBON,data_release_002,present,ARMS_Getxo_G1_20200624_20201103,SAMEA10021242,2020-06-24/2020-11-03,16,DNA sequence reads,28234,DNA sequence reads,https://github.com/arms-mbon/documentation/tree/main/armsmbon_handbook,ERR7127672,PEMA v2.1.4 https://github.com/hariszaf/pema | https://github.com/arms-mbon/analysis_release_002/tree/main/parameter_files,CREST classifier; Minimum bit-score 155; LCA bitscore range 2% | PR2 v4.13 | VSEARCH v2.9.1; clustering similarity 97%,Abra de Bilbao (http://marineregions.org/mrgid/17355),43.338452,-3.014833,ES,Getxo_G1,5.0,10.0,Marina; semi-industrial; 9.6 - Subtidal Muddy,,Was a crate cover used when retrieving the unit: not provided; Which component of the ARMS unit material was extracted: Sessile,https://github.com/arms-mbon/data_release_002,Main genome;Eukaryota;Alveolata;Apicomplexa;Gregarinomorphea;Eugregarinorida;Porosporidae;NA;NA;NA;NA,urn:lsid:marinespecies.org:taxname:465333,Porosporidae,Family,Otu115,NCBI:947094,ARMS_Getxo_G1_20200624_20201103_SF40_s1_r1
ARMS_Getxo_G1_20200624_20201103_SF40_s1_r1:Otu112,MaterialSample,ARMS-MBON,data_release_002,present,ARMS_Getxo_G1_20200624_20201103,SAMEA10021242,2020-06-24/2020-11-03,5,DNA sequence reads,28234,DNA sequence reads,https://github.com/arms-mbon/documentation/tree/main/armsmbon_handbook,ERR7127672,PEMA v2.1.4 https://github.com/hariszaf/pema | https://github.com/arms-mbon/analysis_release_002/tree/main/parameter_files,CREST classifier; Minimum bit-score 155; LCA bitscore range 2% | PR2 v4.13 | VSEARCH v2.9.1; clustering similarity 97%,Abra de Bilbao (http://marineregions.org/mrgid/17355),43.338452,-3.014833,ES,Getxo_G1,5.0,10.0,Marina; semi-industrial; 9.6 - Subtidal Muddy,,Was a crate cover used when retrieving the unit: not provided; Which component of the ARMS unit material was extracted: Sessile,https://github.com/arms-mbon/data_release_002,Main genome;Eukaryota;Alveolata;Ciliophora;Oligohymenophorea;Peritrichia;Vaginicolidae;Vaginicola;NA;NA;NA,urn:lsid:marinespecies.org:taxname:345440,Vaginicola,Genus,Otu112,NCBI:168253,ARMS_Getxo_G1_20200624_20201103_SF40_s1_r1
ARMS_Getxo_G1_20200624_20201103_SF40_s1_r1:Otu286,MaterialSample,ARMS-MBON,data_release_002,present,ARMS_Getxo_G1_20200624_20201103,SAMEA10021242,2020-06-24/2020-11-03,5,DNA sequence reads,28234,DNA sequence reads,https://github.com/arms-mbon/documentation/tree/main/armsmbon_handbook,ERR7127672,PEMA v2.1.4 https://github.com/hariszaf/pema | https://github.com/arms-mbon/analysis_release_002/tree/main/parameter_files,CREST classifier; Minimum bit-score 155; LCA bitscore range 2% | PR2 v4.13 | VSEARCH v2.9.1; clustering similarity 97%,Abra de Bilbao (http://marineregions.org/mrgid/17355),43.338452,-3.014833,ES,Getxo_G1,5.0,10.0,Marina; semi-industrial; 9.6 - Subtidal Muddy,,Was a crate cover used when retrieving the unit: not provided; Which component of the ARMS unit material was extracted: Sessile,https://github.com/arms-mbon/data_release_002,Main genome;Eukaryota;Archaeplastida;Chlorophyta;Chloropicophyceae;Chloropicales;Chloropicaceae;Chloropicon;NA;NA;NA,urn:lsid:marinespecies.org:taxname:1361150,Chloropicon,Genus,Otu286,NCBI:2302914,ARMS_Getxo_G1_20200624_20201103_SF40_s1_r1
ARMS_Getxo_G1_20200624_20201103_SF40_s1_r1:Otu287,MaterialSample,ARMS-MBON,data_release_002,present,ARMS_Getxo_G1_20200624_20201103,SAMEA10021242,2020-06-24/2020-11-03,7,DNA sequence reads,28234,DNA sequence reads,https://github.com/arms-mbon/documentation/tree/main/armsmbon_handbook,ERR7127672,PEMA v2.1.4 https://github.com/hariszaf/pema | https://github.com/arms-mbon/analysis_release_002/tree/main/parameter_files,CREST classifier; Minimum bit-score 155; LCA bitscore range 2% | PR2 v4.13 | VSEARCH v2.9.1; clustering similarity 97%,Abra de Bilbao (http://marineregions.org/mrgid/17355),43.338452,-3.014833,ES,Getxo_G1,5.0,10.0,Marina; semi-industrial; 9.6 - Subtidal Muddy,uncertain classification (not marine),Was a crate cover used when retrieving the unit: not provided; Which component of the ARMS unit material was extracted: Sessile,https://github.com/arms-mbon/data_release_002,Main genome;Eukaryota;Opisthokonta;Metazoa;Tardigrada;NA;NA;NA;NA;NA;NA,urn:lsid:marinespecies.org:taxname:1276,Tardigrada,Phylum,Otu287,NCBI:42241,ARMS_Getxo_G1_20200624_20201103_SF40_s1_r1
ARMS_Getxo_G1_20200624_20201103_SF40_s1_r1:Otu285,MaterialSample,ARMS-MBON,data_release_002,present,ARMS_Getxo_G1_20200624_20201103,SAMEA10021242,2020-06-24/2020-11-03,2,DNA sequence reads,28234,DNA sequence reads,https://github.com/arms-mbon/documentation/tree/main/armsmbon_handbook,ERR7127672,PEMA v2.1.4 https://github.com/hariszaf/pema | https://github.com/arms-mbon/analysis_release_002/tree/main/parameter_files,CREST classifier; Minimum bit-score 155; LCA bitscore range 2% | PR2 v4.13 | VSEARCH v2.9.1; clustering similarity 97%,Abra de Bilbao (http://marineregions.org/mrgid/17355),43.338452,-3.014833,ES,Getxo_G1,5.0,10.0,Marina; semi-industrial; 9.6 - Subtidal Muddy,,Was a crate cover used when retrieving the unit: not provided; Which component of the ARMS unit material was extracted: Sessile,https://github.com/arms-mbon/data_release_002,Main genome;Eukaryota;Stramenopiles;Ochrophyta;Bacillariophyta;Polar-centric-Mediophyceae;NA;NA;NA;NA;NA,urn:lsid:marinespecies.org:taxname:345483,Mediophyceae,Class,Otu285,NCBI:589449,ARMS_Getxo_G1_20200624_20201103_SF40_s1_r1
ARMS_Getxo_G1_20200624_20201103_SF40_s1_r1:Otu288,MaterialSample,ARMS-MBON,data_release_002,present,ARMS_Getxo_G1_20200624_20201103,SAMEA10021242,2020-06-24/2020-11-03,7,DNA sequence reads,28234,DNA sequence reads,https://github.com/arms-mbon/documentation/tree/main/armsmbon_handbook,ERR7127672,PEMA v2.1.4 https://github.com/hariszaf/pema | https://github.com/arms-mbon/analysis_release_002/tree/main/parameter_files,CREST classifier; Minimum bit-score 155; LCA bitscore range 2% | PR2 v4.13 | VSEARCH v2.9.1; clustering similarity 97%,Abra de Bilbao (http://marineregions.org/mrgid/17355),43.338452,-3.014833,ES,Getxo_G1,5.0,10.0,Marina; semi-industrial; 9.6 - Subtidal Muddy,uncertain classification (not marine),Was a crate cover used when retrieving the unit: not provided; Which component of the ARMS unit material was extracted: Sessile,https://github.com/arms-mbon/data_release_002,Main genome;Eukaryota;Alveolata;Ciliophora;Phyllopharyngea;Suctoria;NA;NA;NA;NA;NA,urn:lsid:marinespecies.org:taxname:162681,Suctoria,Subclass,Otu288,NCBI:39462,ARMS_Getxo_G1_20200624_20201103_SF40_s1_r1
ARMS_Getxo_G1_20200624_20201103_SF40_s1_r1:Otu289,MaterialSample,ARMS-MBON,data_release_002,present,ARMS_Getxo_G1_20200624_20201103,SAMEA10021242,2020-06-24/2020-11-03,5,DNA sequence reads,28234,DNA sequence reads,https://github.com/arms-mbon/documentation/tree/main/armsmbon_handbook,ERR7127672,PEMA v2.1.4 https://github.com/hariszaf/pema | https://github.com/arms-mbon/analysis_release_002/tree/main/parameter_files,CREST classifier; Minimum bit-score 155; LCA bitscore range 2% | PR2 v4.13 | VSEARCH v2.9.1; clustering similarity 97%,Abra de Bilbao (http://marineregions.org/mrgid/17355),43.338452,-3.014833,ES,Getxo_G1,5.0,10.0,Marina; semi-industrial; 9.6 - Subtidal Muddy,uncertain classification (not marine),Was a crate cover used when retrieving the unit: not provided; Which component of the ARMS unit material was extracted: Sessile,https://github.com/arms-mbon/data_release_002,Main genome;Eukaryota;Opisthokonta;Metazoa;Arthropoda;Crustacea;Maxillopoda;NA;NA;NA;NA,urn:lsid:marinespecies.org:taxname:1066,Crustacea,Subphylum,Otu289,NCBI:6657,ARMS_Getxo_G1_20200624_20201103_SF40_s1_r1
ARMS_Getxo_G1_20200624_20201103_SF40_s1_r1:Otu38,MaterialSample,ARMS-MBON,data_release_002,present,ARMS_Getxo_G1_20200624_20201103,SAMEA10021242,2020-06-24/2020-11-03,28,DNA sequence reads,28234,DNA sequence reads,https://github.com/arms-mbon/documentation/tree/main/armsmbon_handbook,ERR7127672,PEMA v2.1.4 https://github.com/hariszaf/pema | https://github.com/arms-mbon/analysis_release_002/tree/main/parameter_files,CREST classifier; Minimum bit-score 155; LCA bitscore range 2% | PR2 v4.13 | VSEARCH v2.9.1; clustering similarity 97%,Abra de Bilbao (http://marineregions.org/mrgid/17355),43.338452,-3.014833,ES,Getxo_G1,5.0,10.0,Marina; semi-industrial; 9.6 - Subtidal Muddy,,Was a crate cover used when retrieving the unit: not provided; Which component of the ARMS unit material was extracted: Sessile,https://github.com/arms-mbon/data_release_002,Main genome;Eukaryota;Alveolata;Dinoflagellata;Dinophyceae;Gymnodiniales;Gymnodiniaceae;Gyrodinium;fusiforme;NA;Gyrodinium fusiforme,urn:lsid:marinespecies.org:taxname:109856,Gyrodinium fusiforme,Species,Otu38,NCBI:244961,ARMS_Getxo_G1_20200624_20201103_SF40_s1_r1
ARMS_Getxo_G1_20200624_20201103_SF40_s1_r1:Otu36,MaterialSample,ARMS-MBON,data_release_002,present,ARMS_Getxo_G1_20200624_20201103,SAMEA10021242,2020-06-24/2020-11-03,8,DNA sequence reads,28234,DNA sequence reads,https://github.com/arms-mbon/documentation/tree/main/armsmbon_handbook,ERR7127672,PEMA v2.1.4 https://github.com/hariszaf/pema | https://github.com/arms-mbon/analysis_release_002/tree/main/parameter_files,CREST classifier; Minimum bit-score 155; LCA bitscore range 2% | PR2 v4.13 | VSEARCH v2.9.1; clustering similarity 97%,Abra de Bilbao (http://marineregions.org/mrgid/17355),43.338452,-3.014833,ES,Getxo_G1,5.0,10.0,Marina; semi-industrial; 9.6 - Subtidal Muddy,uncertain classification (not marine),Was a crate cover used when retrieving the unit: not provided; Which component of the ARMS unit material was extracted: Sessile,https://github.com/arms-mbon/data_release_002,Main genome;Eukaryota;Alveolata;Ciliophora;Spirotrichea;Hypotrichia;NA;NA;NA;NA;NA,urn:lsid:marinespecies.org:taxname:425500,Hypotrichia,Subclass,Otu36,NCBI:5934,ARMS_Getxo_G1_20200624_20201103_SF40_s1_r1
ARMS_Getxo_G1_20200624_20201103_SF40_s1_r1:Otu34,MaterialSample,ARMS-MBON,data_release_002,present,ARMS_Getxo_G1_20200624_20201103,SAMEA10021242,2020-06-24/2020-11-03,112,DNA sequence reads,28234,DNA sequence reads,https://github.com/arms-mbon/documentation/tree/main/armsmbon_handbook,ERR7127672,PEMA v2.1.4 https://github.com/hariszaf/pema | https://github.com/arms-mbon/analysis_release_002/tree/main/parameter_files,CREST classifier; Minimum bit-score 155; LCA bitscore range 2% | PR2 v4.13 | VSEARCH v2.9.1; clustering similarity 97%,Abra de Bilbao (http://marineregions.org/mrgid/17355),43.338452,-3.014833,ES,Getxo_G1,5.0,10.0,Marina; semi-industrial; 9.6 - Subtidal Muddy,,Was a crate cover used when retrieving the unit: not provided; Which component of the ARMS unit material was extracted: Sessile,https://github.com/arms-mbon/data_release_002,Main genome;Eukaryota;Opisthokonta;Metazoa;Platyhelminthes;Turbellaria;Prolecithophora;Cylindrostoma;NA;NA;NA,urn:lsid:marinespecies.org:taxname:142251,Cylindrostoma,Genus,Otu34,NCBI:79791,ARMS_Getxo_G1_20200624_20201103_SF40_s1_r1
ARMS_Getxo_G1_20200624_20201103_SF40_s1_r1:Otu35,MaterialSample,ARMS-MBON,data_release_002,present,ARMS_Getxo_G1_20200624_20201103,SAMEA10021242,2020-06-24/2020-11-03,5,DNA sequence reads,28234,DNA sequence reads,https://github.com/arms-mbon/documentation/tree/main/armsmbon_handbook,ERR7127672,PEMA v2.1.4 https://github.com/hariszaf/pema | https://github.com/arms-mbon/analysis_release_002/tree/main/parameter_files,CREST classifier; Minimum bit-score 155; LCA bitscore range 2% | PR2 v4.13 | VSEARCH v2.9.1; clustering similarity 97%,Abra de Bilbao (http://marineregions.org/mrgid/17355),43.338452,-3.014833,ES,Getxo_G1,5.0,10.0,Marina; semi-industrial; 9.6 - Subtidal Muddy,,Was a crate cover used when retrieving the unit: not provided; Which component of the ARMS unit material was extracted: Sessile,https://github.com/arms-mbon/data_release_002,Main genome;Eukaryota;Opisthokonta;Metazoa;Nematoda;Chromadorea;Chromadorina;NA;NA;NA;NA,,Chromadorina,genus,Otu35,NCBI:320052,ARMS_Getxo_G1_20200624_20201103_SF40_s1_r1
ARMS_Getxo_G1_20200624_20201103_SF40_s1_r1:Otu33,MaterialSample,ARMS-MBON,data_release_002,present,ARMS_Getxo_G1_20200624_20201103,SAMEA10021242,2020-06-24/2020-11-03,134,DNA sequence reads,28234,DNA sequence reads,https://github.com/arms-mbon/documentation/tree/main/armsmbon_handbook,ERR7127672,PEMA v2.1.4 https://github.com/hariszaf/pema | https://github.com/arms-mbon/analysis_release_002/tree/main/parameter_files,CREST classifier; Minimum bit-score 155; LCA bitscore range 2% | PR2 v4.13 | VSEARCH v2.9.1; clustering similarity 97%,Abra de Bilbao (http://marineregions.org/mrgid/17355),43.338452,-3.014833,ES,Getxo_G1,5.0,10.0,Marina; semi-industrial; 9.6 - Subtidal Muddy,uncertain classification (not marine),Was a crate cover used when retrieving the unit: not provided; Which component of the ARMS unit material was extracted: Sessile,https://github.com/arms-mbon/data_release_002,Main genome;Eukaryota;Opisthokonta;Fungi;NA;NA;NA;NA;NA;NA;NA,urn:lsid:marinespecies.org:taxname:4,Fungi,Kingdom,Otu33,NCBI:4751,ARMS_Getxo_G1_20200624_20201103_SF40_s1_r1
ARMS_Getxo_G1_20200624_20201103_SF40_s1_r1:Otu31,MaterialSample,ARMS-MBON,data_release_002,present,ARMS_Getxo_G1_20200624_20201103,SAMEA10021242,2020-06-24/2020-11-03,211,DNA sequence reads,28234,DNA sequence reads,https://github.com/arms-mbon/documentation/tree/main/armsmbon_handbook,ERR7127672,PEMA v2.1.4 https://github.com/hariszaf/pema | https://github.com/arms-mbon/analysis_release_002/tree/main/parameter_files,CREST classifier; Minimum bit-score 155; LCA bitscore range 2% | PR2 v4.13 | VSEARCH v2.9.1; clustering similarity 97%,Abra de Bilbao (http://marineregions.org/mrgid/17355),43.338452,-3.014833,ES,Getxo_G1,5.0,10.0,Marina; semi-industrial; 9.6 - Subtidal Muddy,,Was a crate cover used when retrieving the unit: not provided; Which component of the ARMS unit material was extracted: Sessile,https://github.com/arms-mbon/data_release_002,Main genome;Eukaryota;Opisthokonta;Metazoa;Cnidaria;Hydrozoa;NA;NA;NA;NA;NA,urn:lsid:marinespecies.org:taxname:1337,Hydrozoa,Class,Otu31,NCBI:6074,ARMS_Getxo_G1_20200624_20201103_SF40_s1_r1
ARMS_Getxo_G1_20200624_20201103_SF40_s1_r1:Otu162,MaterialSample,ARMS-MBON,data_release_002,present,ARMS_Getxo_G1_20200624_20201103,SAMEA10021242,2020-06-24/2020-11-03,9,DNA sequence reads,28234,DNA sequence reads,https://github.com/arms-mbon/documentation/tree/main/armsmbon_handbook,ERR7127672,PEMA v2.1.4 https://github.com/hariszaf/pema | https://github.com/arms-mbon/analysis_release_002/tree/main/parameter_files,CREST classifier; Minimum bit-score 155; LCA bitscore range 2% | PR2 v4.13 | VSEARCH v2.9.1; clustering similarity 97%,Abra de Bilbao (http://marineregions.org/mrgid/17355),43.338452,-3.014833,ES,Getxo_G1,5.0,10.0,Marina; semi-industrial; 9.6 - Subtidal Muddy,uncertain classification (not marine),Was a crate cover used when retrieving the unit: not provided; Which component of the ARMS unit material was extracted: Sessile,https://github.com/arms-mbon/data_release_002,Main genome;Eukaryota;Opisthokonta;Metazoa;Annelida;NA;NA;NA;NA;NA;NA,urn:lsid:marinespecies.org:taxname:882,Annelida,Phylum,Otu162,NCBI:6340,ARMS_Getxo_G1_20200624_20201103_SF40_s1_r1
ARMS_Getxo_G1_20200624_20201103_SF40_s1_r1:Otu160,MaterialSample,ARMS-MBON,data_release_002,present,ARMS_Getxo_G1_20200624_20201103,SAMEA10021242,2020-06-24/2020-11-03,15,DNA sequence reads,28234,DNA sequence reads,https://github.com/arms-mbon/documentation/tree/main/armsmbon_handbook,ERR7127672,PEMA v2.1.4 https://github.com/hariszaf/pema | https://github.com/arms-mbon/analysis_release_002/tree/main/parameter_files,CREST classifier; Minimum bit-score 155; LCA bitscore range 2% | PR2 v4.13 | VSEARCH v2.9.1; clustering similarity 97%,Abra de Bilbao (http://marineregions.org/mrgid/17355),43.338452,-3.014833,ES,Getxo_G1,5.0,10.0,Marina; semi-industrial; 9.6 - Subtidal Muddy,,Was a crate cover used when retrieving the unit: not provided; Which component of the ARMS unit material was extracted: Sessile,https://github.com/arms-mbon/data_release_002,Main genome;Eukaryota;Archaeplastida;Chlorophyta;Pyramimonadophyceae;Pseudoscourfieldiales;Pycnococcaceae;NA;NA;NA;NA,urn:lsid:marinespecies.org:taxname:22613,Pycnococcaceae,Family,Otu160,NCBI:41878,ARMS_Getxo_G1_20200624_20201103_SF40_s1_r1
ARMS_Getxo_G1_20200624_20201103_SF40_s1_r1:Otu83,MaterialSample,ARMS-MBON,data_release_002,present,ARMS_Getxo_G1_20200624_20201103,SAMEA10021242,2020-06-24/2020-11-03,12,DNA sequence reads,28234,DNA sequence reads,https://github.com/arms-mbon/documentation/tree/main/armsmbon_handbook,ERR7127672,PEMA v2.1.4 https://github.com/hariszaf/pema | https://github.com/arms-mbon/analysis_release_002/tree/main/parameter_files,CREST classifier; Minimum bit-score 155; LCA bitscore range 2% | PR2 v4.13 | VSEARCH v2.9.1; clustering similarity 97%,Abra de Bilbao (http://marineregions.org/mrgid/17355),43.338452,-3.014833,ES,Getxo_G1,5.0,10.0,Marina; semi-industrial; 9.6 - Subtidal Muddy,uncertain classification (not marine),Was a crate cover used when retrieving the unit: not provided; Which component of the ARMS unit material was extracted: Sessile,https://github.com/arms-mbon/data_release_002,Main genome;Eukaryota;Opisthokonta;Metazoa;Arthropoda;Crustacea;Maxillopoda;NA;NA;NA;NA,urn:lsid:marinespecies.org:taxname:1066,Crustacea,Subphylum,Otu83,NCBI:6657,ARMS_Getxo_G1_20200624_20201103_SF40_s1_r1
ARMS_Getxo_G1_20200624_20201103_SF40_s1_r1:Otu480,MaterialSample,ARMS-MBON,data_release_002,present,ARMS_Getxo_G1_20200624_20201103,SAMEA10021242,2020-06-24/2020-11-03,2,DNA sequence reads,28234,DNA sequence reads,https://github.com/arms-mbon/documentation/tree/main/armsmbon_handbook,ERR7127672,PEMA v2.1.4 https://github.com/hariszaf/pema | https://github.com/arms-mbon/analysis_release_002/tree/main/parameter_files,CREST classifier; Minimum bit-score 155; LCA bitscore range 2% | PR2 v4.13 | VSEARCH v2.9.1; clustering similarity 97%,Abra de Bilbao (http://marineregions.org/mrgid/17355),43.338452,-3.014833,ES,Getxo_G1,5.0,10.0,Marina; semi-industrial; 9.6 - Subtidal Muddy,uncertain classification (not marine),Was a crate cover used when retrieving the unit: not provided; Which component of the ARMS unit material was extracted: Sessile,https://github.com/arms-mbon/data_release_002,Main genome;Eukaryota;Stramenopiles;Pseudofungi;Oomycota;Haliphthorales;NA;NA;NA;NA;NA,urn:lsid:marinespecies.org:taxname:22154,Oomycota,Phylum,Otu480,NCBI:4762,ARMS_Getxo_G1_20200624_20201103_SF40_s1_r1
ARMS_Getxo_G1_20200624_20201103_SF40_s1_r1:Otu481,MaterialSample,ARMS-MBON,data_release_002,present,ARMS_Getxo_G1_20200624_20201103,SAMEA10021242,2020-06-24/2020-11-03,2,DNA sequence reads,28234,DNA sequence reads,https://github.com/arms-mbon/documentation/tree/main/armsmbon_handbook,ERR7127672,PEMA v2.1.4 https://github.com/hariszaf/pema | https://github.com/arms-mbon/analysis_release_002/tree/main/parameter_files,CREST classifier; Minimum bit-score 155; LCA bitscore range 2% | PR2 v4.13 | VSEARCH v2.9.1; clustering similarity 97%,Abra de Bilbao (http://marineregions.org/mrgid/17355),43.338452,-3.014833,ES,Getxo_G1,5.0,10.0,Marina; semi-industrial; 9.6 - Subtidal Muddy,,Was a crate cover used when retrieving the unit: not provided; Which component of the ARMS unit material was extracted: Sessile,https://github.com/arms-mbon/data_release_002,Main genome;Eukaryota;Stramenopiles;Sagenista;MAST-6;NA;NA;NA;NA;NA;NA,urn:lsid:marinespecies.org:taxname:449152,Sagenista,Subphylum,Otu481,NCBI:29322,ARMS_Getxo_G1_20200624_20201103_SF40_s1_r1
ARMS_Getxo_G1_20200624_20201103_SF40_s1_r1:Otu482,MaterialSample,ARMS-MBON,data_release_002,present,ARMS_Getxo_G1_20200624_20201103,SAMEA10021242,2020-06-24/2020-11-03,2,DNA sequence reads,28234,DNA sequence reads,https://github.com/arms-mbon/documentation/tree/main/armsmbon_handbook,ERR7127672,PEMA v2.1.4 https://github.com/hariszaf/pema | https://github.com/arms-mbon/analysis_release_002/tree/main/parameter_files,CREST classifier; Minimum bit-score 155; LCA bitscore range 2% | PR2 v4.13 | VSEARCH v2.9.1; clustering similarity 97%,Abra de Bilbao (http://marineregions.org/mrgid/17355),43.338452,-3.014833,ES,Getxo_G1,5.0,10.0,Marina; semi-industrial; 9.6 - Subtidal Muddy,uncertain classification (not marine),Was a crate cover used when retrieving the unit: not provided; Which component of the ARMS unit material was extracted: Sessile,https://github.com/arms-mbon/data_release_002,Main genome;Eukaryota;Opisthokonta;Fungi;Cryptomycota;Cryptomycotina;NA;NA;NA;NA;NA,urn:lsid:marinespecies.org:taxname:707609,Rozellida,Order,Otu482,NCBI:1031332,ARMS_Getxo_G1_20200624_20201103_SF40_s1_r1
ARMS_Getxo_G1_20200624_20201103_SF40_s1_r1:Otu483,MaterialSample,ARMS-MBON,data_release_002,present,ARMS_Getxo_G1_20200624_20201103,SAMEA10021242,2020-06-24/2020-11-03,2,DNA sequence reads,28234,DNA sequence reads,https://github.com/arms-mbon/documentation/tree/main/armsmbon_handbook,ERR7127672,PEMA v2.1.4 https://github.com/hariszaf/pema | https://github.com/arms-mbon/analysis_release_002/tree/main/parameter_files,CREST classifier; Minimum bit-score 155; LCA bitscore range 2% | PR2 v4.13 | VSEARCH v2.9.1; clustering similarity 97%,Abra de Bilbao (http://marineregions.org/mrgid/17355),43.338452,-3.014833,ES,Getxo_G1,5.0,10.0,Marina; semi-industrial; 9.6 - Subtidal Muddy,,Was a crate cover used when retrieving the unit: not provided; Which component of the ARMS unit material was extracted: Sessile,https://github.com/arms-mbon/data_release_002,Main genome;Eukaryota;Opisthokonta;Metazoa;Mollusca;Bivalvia;Heteroconchia;NA;NA;NA;NA,urn:lsid:marinespecies.org:taxname:1424949,Heteroconchia,Infraclass,Otu483,NCBI:6599,ARMS_Getxo_G1_20200624_20201103_SF40_s1_r1
ARMS_Getxo_G1_20200624_20201103_SF40_s1_r1:Otu484,MaterialSample,ARMS-MBON,data_release_002,present,ARMS_Getxo_G1_20200624_20201103,SAMEA10021242,2020-06-24/2020-11-03,2,DNA sequence reads,28234,DNA sequence reads,https://github.com/arms-mbon/documentation/tree/main/armsmbon_handbook,ERR7127672,PEMA v2.1.4 https://github.com/hariszaf/pema | https://github.com/arms-mbon/analysis_release_002/tree/main/parameter_files,CREST classifier; Minimum bit-score 155; LCA bitscore range 2% | PR2 v4.13 | VSEARCH v2.9.1; clustering similarity 97%,Abra de Bilbao (http://marineregions.org/mrgid/17355),43.338452,-3.014833,ES,Getxo_G1,5.0,10.0,Marina; semi-industrial; 9.6 - Subtidal Muddy,,Was a crate cover used when retrieving the unit: not provided; Which component of the ARMS unit material was extracted: Sessile,https://github.com/arms-mbon/data_release_002,Main genome;Eukaryota;Stramenopiles;Ochrophyta;Bacillariophyta;Raphid-pennate;Psammodictyon;NA;NA;NA;NA,urn:lsid:marinespecies.org:taxname:149216,Psammodictyon,Genus,Otu484,NCBI:265580,ARMS_Getxo_G1_20200624_20201103_SF40_s1_r1
ARMS_Getxo_G1_20200624_20201103_SF40_s1_r1:Otu339,MaterialSample,ARMS-MBON,data_release_002,present,ARMS_Getxo_G1_20200624_20201103,SAMEA10021242,2020-06-24/2020-11-03,4,DNA sequence reads,28234,DNA sequence reads,https://github.com/arms-mbon/documentation/tree/main/armsmbon_handbook,ERR7127672,PEMA v2.1.4 https://github.com/hariszaf/pema | https://github.com/arms-mbon/analysis_release_002/tree/main/parameter_files,CREST classifier; Minimum bit-score 155; LCA bitscore range 2% | PR2 v4.13 | VSEARCH v2.9.1; clustering similarity 97%,Abra de Bilbao (http://marineregions.org/mrgid/17355),43.338452,-3.014833,ES,Getxo_G1,5.0,10.0,Marina; semi-industrial; 9.6 - Subtidal Muddy,,Was a crate cover used when retrieving the unit: not provided; Which component of the ARMS unit material was extracted: Sessile,https://github.com/arms-mbon/data_release_002,Main genome;Eukaryota;Opisthokonta;Metazoa;Arthropoda;Crustacea;Maxillopoda;Paramenophia;NA;NA;NA,urn:lsid:marinespecies.org:taxname:150175,Paramenophia,Genus,Otu339,NCBI:512235,ARMS_Getxo_G1_20200624_20201103_SF40_s1_r1
ARMS_Getxo_G1_20200624_20201103_SF40_s1_r1:Otu336,MaterialSample,ARMS-MBON,data_release_002,present,ARMS_Getxo_G1_20200624_20201103,SAMEA10021242,2020-06-24/2020-11-03,4,DNA sequence reads,28234,DNA sequence reads,https://github.com/arms-mbon/documentation/tree/main/armsmbon_handbook,ERR7127672,PEMA v2.1.4 https://github.com/hariszaf/pema | https://github.com/arms-mbon/analysis_release_002/tree/main/parameter_files,CREST classifier; Minimum bit-score 155; LCA bitscore range 2% | PR2 v4.13 | VSEARCH v2.9.1; clustering similarity 97%,Abra de Bilbao (http://marineregions.org/mrgid/17355),43.338452,-3.014833,ES,Getxo_G1,5.0,10.0,Marina; semi-industrial; 9.6 - Subtidal Muddy,uncertain classification (not marine),Was a crate cover used when retrieving the unit: not provided; Which component of the ARMS unit material was extracted: Sessile,https://github.com/arms-mbon/data_release_002,Main genome;Eukaryota;Opisthokonta;Metazoa;Arthropoda;Crustacea;Maxillopoda;NA;NA;NA;NA,urn:lsid:marinespecies.org:taxname:1066,Crustacea,Subphylum,Otu336,NCBI:6657,ARMS_Getxo_G1_20200624_20201103_SF40_s1_r1
ARMS_Getxo_G1_20200624_20201103_SF40_s1_r1:Otu337,MaterialSample,ARMS-MBON,data_release_002,present,ARMS_Getxo_G1_20200624_20201103,SAMEA10021242,2020-06-24/2020-11-03,4,DNA sequence reads,28234,DNA sequence reads,https://github.com/arms-mbon/documentation/tree/main/armsmbon_handbook,ERR7127672,PEMA v2.1.4 https://github.com/hariszaf/pema | https://github.com/arms-mbon/analysis_release_002/tree/main/parameter_files,CREST classifier; Minimum bit-score 155; LCA bitscore range 2% | PR2 v4.13 | VSEARCH v2.9.1; clustering similarity 97%,Abra de Bilbao (http://marineregions.org/mrgid/17355),43.338452,-3.014833,ES,Getxo_G1,5.0,10.0,Marina; semi-industrial; 9.6 - Subtidal Muddy,,Was a crate cover used when retrieving the unit: not provided; Which component of the ARMS unit material was extracted: Sessile,https://github.com/arms-mbon/data_release_002,Main genome;Eukaryota;Opisthokonta;Fungi;Ascomycota;Saccharomycotina;Lipomycetaceae;NA;NA;NA;NA,,Lipomycetaceae,family,Otu337,NCBI:29827,ARMS_Getxo_G1_20200624_20201103_SF40_s1_r1
ARMS_Getxo_G1_20200624_20201103_SF40_s1_r1:Otu334,MaterialSample,ARMS-MBON,data_release_002,present,ARMS_Getxo_G1_20200624_20201103,SAMEA10021242,2020-06-24/2020-11-03,4,DNA sequence reads,28234,DNA sequence reads,https://github.com/arms-mbon/documentation/tree/main/armsmbon_handbook,ERR7127672,PEMA v2.1.4 https://github.com/hariszaf/pema | https://github.com/arms-mbon/analysis_release_002/tree/main/parameter_files,CREST classifier; Minimum bit-score 155; LCA bitscore range 2% | PR2 v4.13 | VSEARCH v2.9.1; clustering similarity 97%,Abra de Bilbao (http://marineregions.org/mrgid/17355),43.338452,-3.014833,ES,Getxo_G1,5.0,10.0,Marina; semi-industrial; 9.6 - Subtidal Muddy,,Was a crate cover used when retrieving the unit: not provided; Which component of the ARMS unit material was extracted: Sessile,https://github.com/arms-mbon/data_release_002,Main genome;Eukaryota;Opisthokonta;Metazoa;Urochordata;Ascidiacea;NA;NA;NA;NA;NA,urn:lsid:marinespecies.org:taxname:1839,Ascidiacea,Class,Otu334,NCBI:7713,ARMS_Getxo_G1_20200624_20201103_SF40_s1_r1
ARMS_Getxo_G1_20200624_20201103_SF40_s1_r1:Otu335,MaterialSample,ARMS-MBON,data_release_002,present,ARMS_Getxo_G1_20200624_20201103,SAMEA10021242,2020-06-24/2020-11-03,6,DNA sequence reads,28234,DNA sequence reads,https://github.com/arms-mbon/documentation/tree/main/armsmbon_handbook,ERR7127672,PEMA v2.1.4 https://github.com/hariszaf/pema | https://github.com/arms-mbon/analysis_release_002/tree/main/parameter_files,CREST classifier; Minimum bit-score 155; LCA bitscore range 2% | PR2 v4.13 | VSEARCH v2.9.1; clustering similarity 97%,Abra de Bilbao (http://marineregions.org/mrgid/17355),43.338452,-3.014833,ES,Getxo_G1,5.0,10.0,Marina; semi-industrial; 9.6 - Subtidal Muddy,,Was a crate cover used when retrieving the unit: not provided; Which component of the ARMS unit material was extracted: Sessile,https://github.com/arms-mbon/data_release_002,Main genome;Eukaryota;Stramenopiles;Ochrophyta;Bacillariophyta;Raphid-pennate;Amphora;NA;NA;NA;NA,urn:lsid:marinespecies.org:taxname:149200,Amphora,Genus,Otu335,NCBI:59796,ARMS_Getxo_G1_20200624_20201103_SF40_s1_r1
ARMS_Getxo_G1_20200624_20201103_SF40_s1_r1:Otu332,MaterialSample,ARMS-MBON,data_release_002,present,ARMS_Getxo_G1_20200624_20201103,SAMEA10021242,2020-06-24/2020-11-03,4,DNA sequence reads,28234,DNA sequence reads,https://github.com/arms-mbon/documentation/tree/main/armsmbon_handbook,ERR7127672,PEMA v2.1.4 https://github.com/hariszaf/pema | https://github.com/arms-mbon/analysis_release_002/tree/main/parameter_files,CREST classifier; Minimum bit-score 155; LCA bitscore range 2% | PR2 v4.13 | VSEARCH v2.9.1; clustering similarity 97%,Abra de Bilbao (http://marineregions.org/mrgid/17355),43.338452,-3.014833,ES,Getxo_G1,5.0,10.0,Marina; semi-industrial; 9.6 - Subtidal Muddy,,Was a crate cover used when retrieving the unit: not provided; Which component of the ARMS unit material was extracted: Sessile,https://github.com/arms-mbon/data_release_002,Main genome;Eukaryota;Amoebozoa;Breviatea;Subulatomonas-lineage;NA;NA;NA;NA;NA;NA,,Breviatea,class,Otu332,NCBI:1401294,ARMS_Getxo_G1_20200624_20201103_SF40_s1_r1
ARMS_Getxo_G1_20200624_20201103_SF40_s1_r1:Otu333,MaterialSample,ARMS-MBON,data_release_002,present,ARMS_Getxo_G1_20200624_20201103,SAMEA10021242,2020-06-24/2020-11-03,6,DNA sequence reads,28234,DNA sequence reads,https://github.com/arms-mbon/documentation/tree/main/armsmbon_handbook,ERR7127672,PEMA v2.1.4 https://github.com/hariszaf/pema | https://github.com/arms-mbon/analysis_release_002/tree/main/parameter_files,CREST classifier; Minimum bit-score 155; LCA bitscore range 2% | PR2 v4.13 | VSEARCH v2.9.1; clustering similarity 97%,Abra de Bilbao (http://marineregions.org/mrgid/17355),43.338452,-3.014833,ES,Getxo_G1,5.0,10.0,Marina; semi-industrial; 9.6 - Subtidal Muddy,uncertain classification (not marine),Was a crate cover used when retrieving the unit: not provided; Which component of the ARMS unit material was extracted: Sessile,https://github.com/arms-mbon/data_release_002,Main genome;Eukaryota;Opisthokonta;Metazoa;Arthropoda;Crustacea;Maxillopoda;NA;NA;NA;NA,urn:lsid:marinespecies.org:taxname:1066,Crustacea,Subphylum,Otu333,NCBI:6657,ARMS_Getxo_G1_20200624_20201103_SF40_s1_r1
ARMS_Getxo_G1_20200624_20201103_SF40_s1_r1:Otu330,MaterialSample,ARMS-MBON,data_release_002,present,ARMS_Getxo_G1_20200624_20201103,SAMEA10021242,2020-06-24/2020-11-03,4,DNA sequence reads,28234,DNA sequence reads,https://github.com/arms-mbon/documentation/tree/main/armsmbon_handbook,ERR7127672,PEMA v2.1.4 https://github.com/hariszaf/pema | https://github.com/arms-mbon/analysis_release_002/tree/main/parameter_files,CREST classifier; Minimum bit-score 155; LCA bitscore range 2% | PR2 v4.13 | VSEARCH v2.9.1; clustering similarity 97%,Abra de Bilbao (http://marineregions.org/mrgid/17355),43.338452,-3.014833,ES,Getxo_G1,5.0,10.0,Marina; semi-industrial; 9.6 - Subtidal Muddy,,Was a crate cover used when retrieving the unit: not provided; Which component of the ARMS unit material was extracted: Sessile,https://github.com/arms-mbon/data_release_002,Main genome;Eukaryota;Stramenopiles;Ochrophyta;Raphidophyceae;Heterosigma;akashiwo;NA;NA;NA;Heterosigma akashiwo,urn:lsid:marinespecies.org:taxname:160585,Heterosigma akashiwo,Species,Otu330,NCBI:2829,ARMS_Getxo_G1_20200624_20201103_SF40_s1_r1
ARMS_Getxo_G1_20200624_20201103_SF40_s1_r1:Otu331,MaterialSample,ARMS-MBON,data_release_002,present,ARMS_Getxo_G1_20200624_20201103,SAMEA10021242,2020-06-24/2020-11-03,4,DNA sequence reads,28234,DNA sequence reads,https://github.com/arms-mbon/documentation/tree/main/armsmbon_handbook,ERR7127672,PEMA v2.1.4 https://github.com/hariszaf/pema | https://github.com/arms-mbon/analysis_release_002/tree/main/parameter_files,CREST classifier; Minimum bit-score 155; LCA bitscore range 2% | PR2 v4.13 | VSEARCH v2.9.1; clustering similarity 97%,Abra de Bilbao (http://marineregions.org/mrgid/17355),43.338452,-3.014833,ES,Getxo_G1,5.0,10.0,Marina; semi-industrial; 9.6 - Subtidal Muddy,,Was a crate cover used when retrieving the unit: not provided; Which component of the ARMS unit material was extracted: Sessile,https://github.com/arms-mbon/data_release_002,Main genome;Eukaryota;Opisthokonta;Metazoa;Platyhelminthes;Turbellaria;NA;NA;NA;NA;NA,urn:lsid:marinespecies.org:taxname:794,Turbellaria,Class,Otu331,NCBI:166384,ARMS_Getxo_G1_20200624_20201103_SF40_s1_r1
ARMS_Getxo_G1_20200624_20201103_SF40_s1_r1:Otu343,MaterialSample,ARMS-MBON,data_release_002,present,ARMS_Getxo_G1_20200624_20201103,SAMEA10021242,2020-06-24/2020-11-03,4,DNA sequence reads,28234,DNA sequence reads,https://github.com/arms-mbon/documentation/tree/main/armsmbon_handbook,ERR7127672,PEMA v2.1.4 https://github.com/hariszaf/pema | https://github.com/arms-mbon/analysis_release_002/tree/main/parameter_files,CREST classifier; Minimum bit-score 155; LCA bitscore range 2% | PR2 v4.13 | VSEARCH v2.9.1; clustering similarity 97%,Abra de Bilbao (http://marineregions.org/mrgid/17355),43.338452,-3.014833,ES,Getxo_G1,5.0,10.0,Marina; semi-industrial; 9.6 - Subtidal Muddy,uncertain classification (not marine),Was a crate cover used when retrieving the unit: not provided; Which component of the ARMS unit material was extracted: Sessile,https://github.com/arms-mbon/data_release_002,Main genome;Eukaryota;Rhizaria;Cercozoa;Endomyxa;Vampyrellida;op14-lineage;NA;NA;NA;NA,urn:lsid:marinespecies.org:taxname:1737334,Vampyrellida,Order,Otu343,NCBI:1367446,ARMS_Getxo_G1_20200624_20201103_SF40_s1_r1
ARMS_Getxo_G1_20200624_20201103_SF40_s1_r1:Otu342,MaterialSample,ARMS-MBON,data_release_002,present,ARMS_Getxo_G1_20200624_20201103,SAMEA10021242,2020-06-24/2020-11-03,4,DNA sequence reads,28234,DNA sequence reads,https://github.com/arms-mbon/documentation/tree/main/armsmbon_handbook,ERR7127672,PEMA v2.1.4 https://github.com/hariszaf/pema | https://github.com/arms-mbon/analysis_release_002/tree/main/parameter_files,CREST classifier; Minimum bit-score 155; LCA bitscore range 2% | PR2 v4.13 | VSEARCH v2.9.1; clustering similarity 97%,Abra de Bilbao (http://marineregions.org/mrgid/17355),43.338452,-3.014833,ES,Getxo_G1,5.0,10.0,Marina; semi-industrial; 9.6 - Subtidal Muddy,uncertain classification (not marine),Was a crate cover used when retrieving the unit: not provided; Which component of the ARMS unit material was extracted: Sessile,https://github.com/arms-mbon/data_release_002,Main genome;Eukaryota;Alveolata;Ciliophora;Oligohymenophorea;Peritrichia;Zoothamniidae;NA;NA;NA;NA,urn:lsid:marinespecies.org:taxname:163067,Peritrichia,Subclass,Otu342,NCBI:6021,ARMS_Getxo_G1_20200624_20201103_SF40_s1_r1
ARMS_Getxo_G1_20200624_20201103_SF40_s1_r1:Otu341,MaterialSample,ARMS-MBON,data_release_002,present,ARMS_Getxo_G1_20200624_20201103,SAMEA10021242,2020-06-24/2020-11-03,4,DNA sequence reads,28234,DNA sequence reads,https://github.com/arms-mbon/documentation/tree/main/armsmbon_handbook,ERR7127672,PEMA v2.1.4 https://github.com/hariszaf/pema | https://github.com/arms-mbon/analysis_release_002/tree/main/parameter_files,CREST classifier; Minimum bit-score 155; LCA bitscore range 2% | PR2 v4.13 | VSEARCH v2.9.1; clustering similarity 97%,Abra de Bilbao (http://marineregions.org/mrgid/17355),43.338452,-3.014833,ES,Getxo_G1,5.0,10.0,Marina; semi-industrial; 9.6 - Subtidal Muddy,,Was a crate cover used when retrieving the unit: not provided; Which component of the ARMS unit material was extracted: Sessile,https://github.com/arms-mbon/data_release_002,Main genome;Eukaryota;Opisthokonta;Metazoa;Urochordata;Ascidiacea;NA;NA;NA;NA;NA,urn:lsid:marinespecies.org:taxname:1839,Ascidiacea,Class,Otu341,NCBI:7713,ARMS_Getxo_G1_20200624_20201103_SF40_s1_r1
ARMS_Getxo_G1_20200624_20201103_SF40_s1_r1:Otu340,MaterialSample,ARMS-MBON,data_release_002,present,ARMS_Getxo_G1_20200624_20201103,SAMEA10021242,2020-06-24/2020-11-03,8,DNA sequence reads,28234,DNA sequence reads,https://github.com/arms-mbon/documentation/tree/main/armsmbon_handbook,ERR7127672,PEMA v2.1.4 https://github.com/hariszaf/pema | https://github.com/arms-mbon/analysis_release_002/tree/main/parameter_files,CREST classifier; Minimum bit-score 155; LCA bitscore range 2% | PR2 v4.13 | VSEARCH v2.9.1; clustering similarity 97%,Abra de Bilbao (http://marineregions.org/mrgid/17355),43.338452,-3.014833,ES,Getxo_G1,5.0,10.0,Marina; semi-industrial; 9.6 - Subtidal Muddy,uncertain classification (not marine),Was a crate cover used when retrieving the unit: not provided; Which component of the ARMS unit material was extracted: Sessile,https://github.com/arms-mbon/data_release_002,Main genome;Eukaryota;Opisthokonta;Metazoa;Arthropoda;Crustacea;NA;NA;NA;NA;NA,urn:lsid:marinespecies.org:taxname:1066,Crustacea,Subphylum,Otu340,NCBI:6657,ARMS_Getxo_G1_20200624_20201103_SF40_s1_r1
ARMS_Getxo_G1_20200624_20201103_SF40_s1_r1:Otu347,MaterialSample,ARMS-MBON,data_release_002,present,ARMS_Getxo_G1_20200624_20201103,SAMEA10021242,2020-06-24/2020-11-03,4,DNA sequence reads,28234,DNA sequence reads,https://github.com/arms-mbon/documentation/tree/main/armsmbon_handbook,ERR7127672,PEMA v2.1.4 https://github.com/hariszaf/pema | https://github.com/arms-mbon/analysis_release_002/tree/main/parameter_files,CREST classifier; Minimum bit-score 155; LCA bitscore range 2% | PR2 v4.13 | VSEARCH v2.9.1; clustering similarity 97%,Abra de Bilbao (http://marineregions.org/mrgid/17355),43.338452,-3.014833,ES,Getxo_G1,5.0,10.0,Marina; semi-industrial; 9.6 - Subtidal Muddy,uncertain classification (not marine),Was a crate cover used when retrieving the unit: not provided; Which component of the ARMS unit material was extracted: Sessile,https://github.com/arms-mbon/data_release_002,Main genome;Eukaryota;Opisthokonta;Metazoa;Arthropoda;Crustacea;Maxillopoda;NA;NA;NA;NA,urn:lsid:marinespecies.org:taxname:1066,Crustacea,Subphylum,Otu347,NCBI:6657,ARMS_Getxo_G1_20200624_20201103_SF40_s1_r1
ARMS_Getxo_G1_20200624_20201103_SF40_s1_r1:Otu345,MaterialSample,ARMS-MBON,data_release_002,present,ARMS_Getxo_G1_20200624_20201103,SAMEA10021242,2020-06-24/2020-11-03,4,DNA sequence reads,28234,DNA sequence reads,https://github.com/arms-mbon/documentation/tree/main/armsmbon_handbook,ERR7127672,PEMA v2.1.4 https://github.com/hariszaf/pema | https://github.com/arms-mbon/analysis_release_002/tree/main/parameter_files,CREST classifier; Minimum bit-score 155; LCA bitscore range 2% | PR2 v4.13 | VSEARCH v2.9.1; clustering similarity 97%,Abra de Bilbao (http://marineregions.org/mrgid/17355),43.338452,-3.014833,ES,Getxo_G1,5.0,10.0,Marina; semi-industrial; 9.6 - Subtidal Muddy,uncertain classification (not marine),Was a crate cover used when retrieving the unit: not provided; Which component of the ARMS unit material was extracted: Sessile,https://github.com/arms-mbon/data_release_002,Main genome;Eukaryota;Opisthokonta;Fungi;Cryptomycota;Cryptomycotina;NA;NA;NA;NA;NA,urn:lsid:marinespecies.org:taxname:707609,Rozellida,Order,Otu345,NCBI:1031332,ARMS_Getxo_G1_20200624_20201103_SF40_s1_r1
ARMS_Getxo_G1_20200624_20201103_SF40_s1_r1:Otu344,MaterialSample,ARMS-MBON,data_release_002,present,ARMS_Getxo_G1_20200624_20201103,SAMEA10021242,2020-06-24/2020-11-03,4,DNA sequence reads,28234,DNA sequence reads,https://github.com/arms-mbon/documentation/tree/main/armsmbon_handbook,ERR7127672,PEMA v2.1.4 https://github.com/hariszaf/pema | https://github.com/arms-mbon/analysis_release_002/tree/main/parameter_files,CREST classifier; Minimum bit-score 155; LCA bitscore range 2% | PR2 v4.13 | VSEARCH v2.9.1; clustering similarity 97%,Abra de Bilbao (http://marineregions.org/mrgid/17355),43.338452,-3.014833,ES,Getxo_G1,5.0,10.0,Marina; semi-industrial; 9.6 - Subtidal Muddy,,Was a crate cover used when retrieving the unit: not provided; Which component of the ARMS unit material was extracted: Sessile,https://github.com/arms-mbon/data_release_002,Main genome;Eukaryota;Opisthokonta;Metazoa;Mollusca;Bivalvia;Heteroconchia;Hiatella;NA;NA;NA,,Hiatella,genus,Otu344,NCBI:120430,ARMS_Getxo_G1_20200624_20201103_SF40_s1_r1
ARMS_Getxo_G1_20200624_20201103_SF40_s1_r1:Otu151,MaterialSample,ARMS-MBON,data_release_002,present,ARMS_Getxo_G1_20200624_20201103,SAMEA10021242,2020-06-24/2020-11-03,2,DNA sequence reads,28234,DNA sequence reads,https://github.com/arms-mbon/documentation/tree/main/armsmbon_handbook,ERR7127672,PEMA v2.1.4 https://github.com/hariszaf/pema | https://github.com/arms-mbon/analysis_release_002/tree/main/parameter_files,CREST classifier; Minimum bit-score 155; LCA bitscore range 2% | PR2 v4.13 | VSEARCH v2.9.1; clustering similarity 97%,Abra de Bilbao (http://marineregions.org/mrgid/17355),43.338452,-3.014833,ES,Getxo_G1,5.0,10.0,Marina; semi-industrial; 9.6 - Subtidal Muddy,uncertain classification (not marine),Was a crate cover used when retrieving the unit: not provided; Which component of the ARMS unit material was extracted: Sessile,https://github.com/arms-mbon/data_release_002,Main genome;Eukaryota;Opisthokonta;Metazoa;Arthropoda;Crustacea;Maxillopoda;NA;NA;NA;NA,urn:lsid:marinespecies.org:taxname:1066,Crustacea,Subphylum,Otu151,NCBI:6657,ARMS_Getxo_G1_20200624_20201103_SF40_s1_r1
ARMS_Getxo_G1_20200624_20201103_SF40_s1_r1:Otu156,MaterialSample,ARMS-MBON,data_release_002,present,ARMS_Getxo_G1_20200624_20201103,SAMEA10021242,2020-06-24/2020-11-03,2,DNA sequence reads,28234,DNA sequence reads,https://github.com/arms-mbon/documentation/tree/main/armsmbon_handbook,ERR7127672,PEMA v2.1.4 https://github.com/hariszaf/pema | https://github.com/arms-mbon/analysis_release_002/tree/main/parameter_files,CREST classifier; Minimum bit-score 155; LCA bitscore range 2% | PR2 v4.13 | VSEARCH v2.9.1; clustering similarity 97%,Abra de Bilbao (http://marineregions.org/mrgid/17355),43.338452,-3.014833,ES,Getxo_G1,5.0,10.0,Marina; semi-industrial; 9.6 - Subtidal Muddy,,Was a crate cover used when retrieving the unit: not provided; Which component of the ARMS unit material was extracted: Sessile,https://github.com/arms-mbon/data_release_002,Main genome;Eukaryota;Opisthokonta;Mesomycetozoa;Ichthyosporea;Ichthyosphonida;NA;NA;NA;NA;NA,urn:lsid:marinespecies.org:taxname:391862,Ichthyosporea,Class,Otu156,NCBI:127916,ARMS_Getxo_G1_20200624_20201103_SF40_s1_r1
ARMS_Getxo_G1_20200624_20201103_SF40_s1_r1:Otu72,MaterialSample,ARMS-MBON,data_release_002,present,ARMS_Getxo_G1_20200624_20201103,SAMEA10021242,2020-06-24/2020-11-03,37,DNA sequence reads,28234,DNA sequence reads,https://github.com/arms-mbon/documentation/tree/main/armsmbon_handbook,ERR7127672,PEMA v2.1.4 https://github.com/hariszaf/pema | https://github.com/arms-mbon/analysis_release_002/tree/main/parameter_files,CREST classifier; Minimum bit-score 155; LCA bitscore range 2% | PR2 v4.13 | VSEARCH v2.9.1; clustering similarity 97%,Abra de Bilbao (http://marineregions.org/mrgid/17355),43.338452,-3.014833,ES,Getxo_G1,5.0,10.0,Marina; semi-industrial; 9.6 - Subtidal Muddy,uncertain classification (not marine),Was a crate cover used when retrieving the unit: not provided; Which component of the ARMS unit material was extracted: Sessile,https://github.com/arms-mbon/data_release_002,Main genome;Eukaryota;Opisthokonta;Metazoa;Annelida;NA;NA;NA;NA;NA;NA,urn:lsid:marinespecies.org:taxname:882,Annelida,Phylum,Otu72,NCBI:6340,ARMS_Getxo_G1_20200624_20201103_SF40_s1_r1
ARMS_Getxo_G1_20200624_20201103_SF40_s1_r1:Otu73,MaterialSample,ARMS-MBON,data_release_002,present,ARMS_Getxo_G1_20200624_20201103,SAMEA10021242,2020-06-24/2020-11-03,41,DNA sequence reads,28234,DNA sequence reads,https://github.com/arms-mbon/documentation/tree/main/armsmbon_handbook,ERR7127672,PEMA v2.1.4 https://github.com/hariszaf/pema | https://github.com/arms-mbon/analysis_release_002/tree/main/parameter_files,CREST classifier; Minimum bit-score 155; LCA bitscore range 2% | PR2 v4.13 | VSEARCH v2.9.1; clustering similarity 97%,Abra de Bilbao (http://marineregions.org/mrgid/17355),43.338452,-3.014833,ES,Getxo_G1,5.0,10.0,Marina; semi-industrial; 9.6 - Subtidal Muddy,,Was a crate cover used when retrieving the unit: not provided; Which component of the ARMS unit material was extracted: Sessile,https://github.com/arms-mbon/data_release_002,Main genome;Eukaryota;Alveolata;Apicomplexa;Gregarinomorphea;Eugregarinorida;Lecudinidae;NA;NA;NA;NA,urn:lsid:marinespecies.org:taxname:562693,Lecudinidae,Family,Otu73,NCBI:158377,ARMS_Getxo_G1_20200624_20201103_SF40_s1_r1
ARMS_Getxo_G1_20200624_20201103_SF40_s1_r1:Otu78,MaterialSample,ARMS-MBON,data_release_002,present,ARMS_Getxo_G1_20200624_20201103,SAMEA10021242,2020-06-24/2020-11-03,18,DNA sequence reads,28234,DNA sequence reads,https://github.com/arms-mbon/documentation/tree/main/armsmbon_handbook,ERR7127672,PEMA v2.1.4 https://github.com/hariszaf/pema | https://github.com/arms-mbon/analysis_release_002/tree/main/parameter_files,CREST classifier; Minimum bit-score 155; LCA bitscore range 2% | PR2 v4.13 | VSEARCH v2.9.1; clustering similarity 97%,Abra de Bilbao (http://marineregions.org/mrgid/17355),43.338452,-3.014833,ES,Getxo_G1,5.0,10.0,Marina; semi-industrial; 9.6 - Subtidal Muddy,,Was a crate cover used when retrieving the unit: not provided; Which component of the ARMS unit material was extracted: Sessile,https://github.com/arms-mbon/data_release_002,Main genome;Eukaryota;Opisthokonta;Metazoa;Annelida;Autolytus;langerhansi;NA;NA;NA;Autolytus langerhansi,urn:lsid:marinespecies.org:taxname:238198,Myrianida langerhansi,Species,Otu78,NCBI:884653,ARMS_Getxo_G1_20200624_20201103_SF40_s1_r1
ARMS_Getxo_G1_20200624_20201103_SF40_s1_r1:Otu235,MaterialSample,ARMS-MBON,data_release_002,present,ARMS_Getxo_G1_20200624_20201103,SAMEA10021242,2020-06-24/2020-11-03,2,DNA sequence reads,28234,DNA sequence reads,https://github.com/arms-mbon/documentation/tree/main/armsmbon_handbook,ERR7127672,PEMA v2.1.4 https://github.com/hariszaf/pema | https://github.com/arms-mbon/analysis_release_002/tree/main/parameter_files,CREST classifier; Minimum bit-score 155; LCA bitscore range 2% | PR2 v4.13 | VSEARCH v2.9.1; clustering similarity 97%,Abra de Bilbao (http://marineregions.org/mrgid/17355),43.338452,-3.014833,ES,Getxo_G1,5.0,10.0,Marina; semi-industrial; 9.6 - Subtidal Muddy,uncertain classification (not marine),Was a crate cover used when retrieving the unit: not provided; Which component of the ARMS unit material was extracted: Sessile,https://github.com/arms-mbon/data_release_002,Main genome;Eukaryota;Opisthokonta;Metazoa;Arthropoda;Crustacea;Maxillopoda;NA;NA;NA;NA,urn:lsid:marinespecies.org:taxname:1066,Crustacea,Subphylum,Otu235,NCBI:6657,ARMS_Getxo_G1_20200624_20201103_SF40_s1_r1
ARMS_Getxo_G1_20200624_20201103_SF40_s1_r1:Otu8,MaterialSample,ARMS-MBON,data_release_002,present,ARMS_Getxo_G1_20200624_20201103,SAMEA10021242,2020-06-24/2020-11-03,5881,DNA sequence reads,28234,DNA sequence reads,https://github.com/arms-mbon/documentation/tree/main/armsmbon_handbook,ERR7127672,PEMA v2.1.4 https://github.com/hariszaf/pema | https://github.com/arms-mbon/analysis_release_002/tree/main/parameter_files,CREST classifier; Minimum bit-score 155; LCA bitscore range 2% | PR2 v4.13 | VSEARCH v2.9.1; clustering similarity 97%,Abra de Bilbao (http://marineregions.org/mrgid/17355),43.338452,-3.014833,ES,Getxo_G1,5.0,10.0,Marina; semi-industrial; 9.6 - Subtidal Muddy,,Was a crate cover used when retrieving the unit: not provided; Which component of the ARMS unit material was extracted: Sessile,https://github.com/arms-mbon/data_release_002,Main genome;Eukaryota;Stramenopiles;Sagenista;Labyrinthulomycetes;Thraustochytrida;Thraustochytriaceae;LAB17;NA;NA;NA,urn:lsid:marinespecies.org:taxname:22156,Thraustochytriaceae,Family,Otu8,NCBI:33674,ARMS_Getxo_G1_20200624_20201103_SF40_s1_r1
ARMS_Getxo_G1_20200624_20201103_SF40_s1_r1:Otu7,MaterialSample,ARMS-MBON,data_release_002,present,ARMS_Getxo_G1_20200624_20201103,SAMEA10021242,2020-06-24/2020-11-03,2331,DNA sequence reads,28234,DNA sequence reads,https://github.com/arms-mbon/documentation/tree/main/armsmbon_handbook,ERR7127672,PEMA v2.1.4 https://github.com/hariszaf/pema | https://github.com/arms-mbon/analysis_release_002/tree/main/parameter_files,CREST classifier; Minimum bit-score 155; LCA bitscore range 2% | PR2 v4.13 | VSEARCH v2.9.1; clustering similarity 97%,Abra de Bilbao (http://marineregions.org/mrgid/17355),43.338452,-3.014833,ES,Getxo_G1,5.0,10.0,Marina; semi-industrial; 9.6 - Subtidal Muddy,,Was a crate cover used when retrieving the unit: not provided; Which component of the ARMS unit material was extracted: Sessile,https://github.com/arms-mbon/data_release_002,Main genome;Eukaryota;Opisthokonta;Metazoa;Arthropoda;Crustacea;Maxillopoda;Megabalanus;NA;NA;NA,urn:lsid:marinespecies.org:taxname:106123,Megabalanus,Genus,Otu7,NCBI:6679,ARMS_Getxo_G1_20200624_20201103_SF40_s1_r1
ARMS_Getxo_G1_20200624_20201103_SF40_s1_r1:Otu5,MaterialSample,ARMS-MBON,data_release_002,present,ARMS_Getxo_G1_20200624_20201103,SAMEA10021242,2020-06-24/2020-11-03,3,DNA sequence reads,28234,DNA sequence reads,https://github.com/arms-mbon/documentation/tree/main/armsmbon_handbook,ERR7127672,PEMA v2.1.4 https://github.com/hariszaf/pema | https://github.com/arms-mbon/analysis_release_002/tree/main/parameter_files,CREST classifier; Minimum bit-score 155; LCA bitscore range 2% | PR2 v4.13 | VSEARCH v2.9.1; clustering similarity 97%,Abra de Bilbao (http://marineregions.org/mrgid/17355),43.338452,-3.014833,ES,Getxo_G1,5.0,10.0,Marina; semi-industrial; 9.6 - Subtidal Muddy,,Was a crate cover used when retrieving the unit: not provided; Which component of the ARMS unit material was extracted: Sessile,https://github.com/arms-mbon/data_release_002,Main genome;Eukaryota;Opisthokonta;Metazoa;Craniata;Teleostei;NA;NA;NA;NA;NA,urn:lsid:marinespecies.org:taxname:293496,Teleostei,Class,Otu5,NCBI:32443,ARMS_Getxo_G1_20200624_20201103_SF40_s1_r1
ARMS_Getxo_G1_20200624_20201103_SF40_s1_r1:Otu2,MaterialSample,ARMS-MBON,data_release_002,present,ARMS_Getxo_G1_20200624_20201103,SAMEA10021242,2020-06-24/2020-11-03,14389,DNA sequence reads,28234,DNA sequence reads,https://github.com/arms-mbon/documentation/tree/main/armsmbon_handbook,ERR7127672,PEMA v2.1.4 https://github.com/hariszaf/pema | https://github.com/arms-mbon/analysis_release_002/tree/main/parameter_files,CREST classifier; Minimum bit-score 155; LCA bitscore range 2% | PR2 v4.13 | VSEARCH v2.9.1; clustering similarity 97%,Abra de Bilbao (http://marineregions.org/mrgid/17355),43.338452,-3.014833,ES,Getxo_G1,5.0,10.0,Marina; semi-industrial; 9.6 - Subtidal Muddy,,Was a crate cover used when retrieving the unit: not provided; Which component of the ARMS unit material was extracted: Sessile,https://github.com/arms-mbon/data_release_002,Main genome;Eukaryota;Opisthokonta;Metazoa;Urochordata;Ascidiacea;NA;NA;NA;NA;NA,urn:lsid:marinespecies.org:taxname:1839,Ascidiacea,Class,Otu2,NCBI:7713,ARMS_Getxo_G1_20200624_20201103_SF40_s1_r1
ARMS_Getxo_G1_20200624_20201103_SF40_s1_r1:Otu3,MaterialSample,ARMS-MBON,data_release_002,present,ARMS_Getxo_G1_20200624_20201103,SAMEA10021242,2020-06-24/2020-11-03,1301,DNA sequence reads,28234,DNA sequence reads,https://github.com/arms-mbon/documentation/tree/main/armsmbon_handbook,ERR7127672,PEMA v2.1.4 https://github.com/hariszaf/pema | https://github.com/arms-mbon/analysis_release_002/tree/main/parameter_files,CREST classifier; Minimum bit-score 155; LCA bitscore range 2% | PR2 v4.13 | VSEARCH v2.9.1; clustering similarity 97%,Abra de Bilbao (http://marineregions.org/mrgid/17355),43.338452,-3.014833,ES,Getxo_G1,5.0,10.0,Marina; semi-industrial; 9.6 - Subtidal Muddy,,Was a crate cover used when retrieving the unit: not provided; Which component of the ARMS unit material was extracted: Sessile,https://github.com/arms-mbon/data_release_002,Main genome;Eukaryota;Opisthokonta;Metazoa;Mollusca;Bivalvia;Ostreoida;Crassostrea;NA;NA;NA,urn:lsid:marinespecies.org:taxname:138297,Crassostrea,Genus,Otu3,NCBI:6564,ARMS_Getxo_G1_20200624_20201103_SF40_s1_r1
ARMS_Getxo_G1_20200624_20201103_SF40_s1_r1:Otu1,MaterialSample,ARMS-MBON,data_release_002,present,ARMS_Getxo_G1_20200624_20201103,SAMEA10021242,2020-06-24/2020-11-03,6,DNA sequence reads,28234,DNA sequence reads,https://github.com/arms-mbon/documentation/tree/main/armsmbon_handbook,ERR7127672,PEMA v2.1.4 https://github.com/hariszaf/pema | https://github.com/arms-mbon/analysis_release_002/tree/main/parameter_files,CREST classifier; Minimum bit-score 155; LCA bitscore range 2% | PR2 v4.13 | VSEARCH v2.9.1; clustering similarity 97%,Abra de Bilbao (http://marineregions.org/mrgid/17355),43.338452,-3.014833,ES,Getxo_G1,5.0,10.0,Marina; semi-industrial; 9.6 - Subtidal Muddy,uncertain classification (not marine),Was a crate cover used when retrieving the unit: not provided; Which component of the ARMS unit material was extracted: Sessile,https://github.com/arms-mbon/data_release_002,Main genome;Eukaryota;Opisthokonta;Metazoa;Arthropoda;Crustacea;Maxillopoda;NA;NA;NA;NA,urn:lsid:marinespecies.org:taxname:1066,Crustacea,Subphylum,Otu1,NCBI:6657,ARMS_Getxo_G1_20200624_20201103_SF40_s1_r1
ARMS_Getxo_G1_20200624_20201103_SF40_s1_r1:Otu52,MaterialSample,ARMS-MBON,data_release_002,present,ARMS_Getxo_G1_20200624_20201103,SAMEA10021242,2020-06-24/2020-11-03,98,DNA sequence reads,28234,DNA sequence reads,https://github.com/arms-mbon/documentation/tree/main/armsmbon_handbook,ERR7127672,PEMA v2.1.4 https://github.com/hariszaf/pema | https://github.com/arms-mbon/analysis_release_002/tree/main/parameter_files,CREST classifier; Minimum bit-score 155; LCA bitscore range 2% | PR2 v4.13 | VSEARCH v2.9.1; clustering similarity 97%,Abra de Bilbao (http://marineregions.org/mrgid/17355),43.338452,-3.014833,ES,Getxo_G1,5.0,10.0,Marina; semi-industrial; 9.6 - Subtidal Muddy,,Was a crate cover used when retrieving the unit: not provided; Which component of the ARMS unit material was extracted: Sessile,https://github.com/arms-mbon/data_release_002,Main genome;Eukaryota;Opisthokonta;Metazoa;Urochordata;Ascidiacea;NA;NA;NA;NA;NA,urn:lsid:marinespecies.org:taxname:1839,Ascidiacea,Class,Otu52,NCBI:7713,ARMS_Getxo_G1_20200624_20201103_SF40_s1_r1
ARMS_Getxo_G1_20200624_20201103_SF40_s1_r1:Otu471,MaterialSample,ARMS-MBON,data_release_002,present,ARMS_Getxo_G1_20200624_20201103,SAMEA10021242,2020-06-24/2020-11-03,2,DNA sequence reads,28234,DNA sequence reads,https://github.com/arms-mbon/documentation/tree/main/armsmbon_handbook,ERR7127672,PEMA v2.1.4 https://github.com/hariszaf/pema | https://github.com/arms-mbon/analysis_release_002/tree/main/parameter_files,CREST classifier; Minimum bit-score 155; LCA bitscore range 2% | PR2 v4.13 | VSEARCH v2.9.1; clustering similarity 97%,Abra de Bilbao (http://marineregions.org/mrgid/17355),43.338452,-3.014833,ES,Getxo_G1,5.0,10.0,Marina; semi-industrial; 9.6 - Subtidal Muddy,,Was a crate cover used when retrieving the unit: not provided; Which component of the ARMS unit material was extracted: Sessile,https://github.com/arms-mbon/data_release_002,Main genome;Eukaryota;Archaeplastida;Chlorophyta;Ulvophyceae;Oltmansiellopsidales;NA;NA;NA;NA;NA,,Oltmansiellopsidales,order,Otu471,NCBI:175240,ARMS_Getxo_G1_20200624_20201103_SF40_s1_r1
ARMS_Getxo_G1_20200624_20201103_SF40_s1_r1:Otu470,MaterialSample,ARMS-MBON,data_release_002,present,ARMS_Getxo_G1_20200624_20201103,SAMEA10021242,2020-06-24/2020-11-03,4,DNA sequence reads,28234,DNA sequence reads,https://github.com/arms-mbon/documentation/tree/main/armsmbon_handbook,ERR7127672,PEMA v2.1.4 https://github.com/hariszaf/pema | https://github.com/arms-mbon/analysis_release_002/tree/main/parameter_files,CREST classifier; Minimum bit-score 155; LCA bitscore range 2% | PR2 v4.13 | VSEARCH v2.9.1; clustering similarity 97%,Abra de Bilbao (http://marineregions.org/mrgid/17355),43.338452,-3.014833,ES,Getxo_G1,5.0,10.0,Marina; semi-industrial; 9.6 - Subtidal Muddy,uncertain classification (not marine),Was a crate cover used when retrieving the unit: not provided; Which component of the ARMS unit material was extracted: Sessile,https://github.com/arms-mbon/data_release_002,Main genome;Eukaryota;Opisthokonta;Fungi;Ascomycota;Pezizomycotina;NA;NA;NA;NA;NA,urn:lsid:marinespecies.org:taxname:437297,Pezizomycotina,Subphylum (Subdivision),Otu470,NCBI:147538,ARMS_Getxo_G1_20200624_20201103_SF40_s1_r1
ARMS_Getxo_G1_20200624_20201103_SF40_s1_r1:Otu473,MaterialSample,ARMS-MBON,data_release_002,present,ARMS_Getxo_G1_20200624_20201103,SAMEA10021242,2020-06-24/2020-11-03,2,DNA sequence reads,28234,DNA sequence reads,https://github.com/arms-mbon/documentation/tree/main/armsmbon_handbook,ERR7127672,PEMA v2.1.4 https://github.com/hariszaf/pema | https://github.com/arms-mbon/analysis_release_002/tree/main/parameter_files,CREST classifier; Minimum bit-score 155; LCA bitscore range 2% | PR2 v4.13 | VSEARCH v2.9.1; clustering similarity 97%,Abra de Bilbao (http://marineregions.org/mrgid/17355),43.338452,-3.014833,ES,Getxo_G1,5.0,10.0,Marina; semi-industrial; 9.6 - Subtidal Muddy,uncertain classification (not marine),Was a crate cover used when retrieving the unit: not provided; Which component of the ARMS unit material was extracted: Sessile,https://github.com/arms-mbon/data_release_002,Main genome;Eukaryota;Alveolata;Ciliophora;Phyllopharyngea;Suctoria;NA;NA;NA;NA;NA,urn:lsid:marinespecies.org:taxname:162681,Suctoria,Subclass,Otu473,NCBI:39462,ARMS_Getxo_G1_20200624_20201103_SF40_s1_r1
ARMS_Getxo_G1_20200624_20201103_SF40_s1_r1:Otu472,MaterialSample,ARMS-MBON,data_release_002,present,ARMS_Getxo_G1_20200624_20201103,SAMEA10021242,2020-06-24/2020-11-03,2,DNA sequence reads,28234,DNA sequence reads,https://github.com/arms-mbon/documentation/tree/main/armsmbon_handbook,ERR7127672,PEMA v2.1.4 https://github.com/hariszaf/pema | https://github.com/arms-mbon/analysis_release_002/tree/main/parameter_files,CREST classifier; Minimum bit-score 155; LCA bitscore range 2% | PR2 v4.13 | VSEARCH v2.9.1; clustering similarity 97%,Abra de Bilbao (http://marineregions.org/mrgid/17355),43.338452,-3.014833,ES,Getxo_G1,5.0,10.0,Marina; semi-industrial; 9.6 - Subtidal Muddy,,Was a crate cover used when retrieving the unit: not provided; Which component of the ARMS unit material was extracted: Sessile,https://github.com/arms-mbon/data_release_002,Main genome;Eukaryota;Rhizaria;Cercozoa;Filosa-Imbricatea;Marimonadida;NA;NA;NA;NA;NA,urn:lsid:marinespecies.org:taxname:591248,Marimonadida,Order,Otu472,NCBI:1736122,ARMS_Getxo_G1_20200624_20201103_SF40_s1_r1
ARMS_Getxo_G1_20200624_20201103_SF40_s1_r1:Otu475,MaterialSample,ARMS-MBON,data_release_002,present,ARMS_Getxo_G1_20200624_20201103,SAMEA10021242,2020-06-24/2020-11-03,2,DNA sequence reads,28234,DNA sequence reads,https://github.com/arms-mbon/documentation/tree/main/armsmbon_handbook,ERR7127672,PEMA v2.1.4 https://github.com/hariszaf/pema | https://github.com/arms-mbon/analysis_release_002/tree/main/parameter_files,CREST classifier; Minimum bit-score 155; LCA bitscore range 2% | PR2 v4.13 | VSEARCH v2.9.1; clustering similarity 97%,Abra de Bilbao (http://marineregions.org/mrgid/17355),43.338452,-3.014833,ES,Getxo_G1,5.0,10.0,Marina; semi-industrial; 9.6 - Subtidal Muddy,uncertain classification (not marine),Was a crate cover used when retrieving the unit: not provided; Which component of the ARMS unit material was extracted: Sessile,https://github.com/arms-mbon/data_release_002,Main genome;Eukaryota;Opisthokonta;Metazoa;Nematoda;Enoplea;NA;NA;NA;NA;NA,urn:lsid:marinespecies.org:taxname:834422,Enoplea,Class,Otu475,NCBI:119088,ARMS_Getxo_G1_20200624_20201103_SF40_s1_r1
ARMS_Getxo_G1_20200624_20201103_SF40_s1_r1:Otu474,MaterialSample,ARMS-MBON,data_release_002,present,ARMS_Getxo_G1_20200624_20201103,SAMEA10021242,2020-06-24/2020-11-03,2,DNA sequence reads,28234,DNA sequence reads,https://github.com/arms-mbon/documentation/tree/main/armsmbon_handbook,ERR7127672,PEMA v2.1.4 https://github.com/hariszaf/pema | https://github.com/arms-mbon/analysis_release_002/tree/main/parameter_files,CREST classifier; Minimum bit-score 155; LCA bitscore range 2% | PR2 v4.13 | VSEARCH v2.9.1; clustering similarity 97%,Abra de Bilbao (http://marineregions.org/mrgid/17355),43.338452,-3.014833,ES,Getxo_G1,5.0,10.0,Marina; semi-industrial; 9.6 - Subtidal Muddy,uncertain classification (not marine),Was a crate cover used when retrieving the unit: not provided; Which component of the ARMS unit material was extracted: Sessile,https://github.com/arms-mbon/data_release_002,Main genome;Eukaryota;Stramenopiles;Sagenista;Labyrinthulomycetes;LAB1;NA;NA;NA;NA;NA,urn:lsid:marinespecies.org:taxname:449154,Labyrinthulea,Class,Otu474,NCBI:35131,ARMS_Getxo_G1_20200624_20201103_SF40_s1_r1
ARMS_Getxo_G1_20200624_20201103_SF40_s1_r1:Otu477,MaterialSample,ARMS-MBON,data_release_002,present,ARMS_Getxo_G1_20200624_20201103,SAMEA10021242,2020-06-24/2020-11-03,2,DNA sequence reads,28234,DNA sequence reads,https://github.com/arms-mbon/documentation/tree/main/armsmbon_handbook,ERR7127672,PEMA v2.1.4 https://github.com/hariszaf/pema | https://github.com/arms-mbon/analysis_release_002/tree/main/parameter_files,CREST classifier; Minimum bit-score 155; LCA bitscore range 2% | PR2 v4.13 | VSEARCH v2.9.1; clustering similarity 97%,Abra de Bilbao (http://marineregions.org/mrgid/17355),43.338452,-3.014833,ES,Getxo_G1,5.0,10.0,Marina; semi-industrial; 9.6 - Subtidal Muddy,uncertain classification (not marine),Was a crate cover used when retrieving the unit: not provided; Which component of the ARMS unit material was extracted: Sessile,https://github.com/arms-mbon/data_release_002,Main genome;Eukaryota;Alveolata;Apicomplexa;Gregarinomorphea;Eugregarinorida;NA;NA;NA;NA;NA,urn:lsid:marinespecies.org:taxname:394869,Eugregarinorida,Order,Otu477,NCBI:35087,ARMS_Getxo_G1_20200624_20201103_SF40_s1_r1
ARMS_Getxo_G1_20200624_20201103_SF40_s1_r1:Otu476,MaterialSample,ARMS-MBON,data_release_002,present,ARMS_Getxo_G1_20200624_20201103,SAMEA10021242,2020-06-24/2020-11-03,2,DNA sequence reads,28234,DNA sequence reads,https://github.com/arms-mbon/documentation/tree/main/armsmbon_handbook,ERR7127672,PEMA v2.1.4 https://github.com/hariszaf/pema | https://github.com/arms-mbon/analysis_release_002/tree/main/parameter_files,CREST classifier; Minimum bit-score 155; LCA bitscore range 2% | PR2 v4.13 | VSEARCH v2.9.1; clustering similarity 97%,Abra de Bilbao (http://marineregions.org/mrgid/17355),43.338452,-3.014833,ES,Getxo_G1,5.0,10.0,Marina; semi-industrial; 9.6 - Subtidal Muddy,uncertain classification (not marine),Was a crate cover used when retrieving the unit: not provided; Which component of the ARMS unit material was extracted: Sessile,https://github.com/arms-mbon/data_release_002,Main genome;Eukaryota;Stramenopiles;Pseudofungi;MAST-1;MAST-1C;NA;NA;NA;NA;NA,urn:lsid:marinespecies.org:taxname:368898,Heterokonta,Infrakingdom,Otu476,NCBI:33634,ARMS_Getxo_G1_20200624_20201103_SF40_s1_r1
ARMS_Getxo_G1_20200624_20201103_SF40_s1_r1:Otu479,MaterialSample,ARMS-MBON,data_release_002,present,ARMS_Getxo_G1_20200624_20201103,SAMEA10021242,2020-06-24/2020-11-03,4,DNA sequence reads,28234,DNA sequence reads,https://github.com/arms-mbon/documentation/tree/main/armsmbon_handbook,ERR7127672,PEMA v2.1.4 https://github.com/hariszaf/pema | https://github.com/arms-mbon/analysis_release_002/tree/main/parameter_files,CREST classifier; Minimum bit-score 155; LCA bitscore range 2% | PR2 v4.13 | VSEARCH v2.9.1; clustering similarity 97%,Abra de Bilbao (http://marineregions.org/mrgid/17355),43.338452,-3.014833,ES,Getxo_G1,5.0,10.0,Marina; semi-industrial; 9.6 - Subtidal Muddy,,Was a crate cover used when retrieving the unit: not provided; Which component of the ARMS unit material was extracted: Sessile,https://github.com/arms-mbon/data_release_002,Main genome;Eukaryota;Opisthokonta;Metazoa;Annelida;Hydroides;trivesiculosus;NA;NA;NA;Hydroides trivesiculosus,urn:lsid:marinespecies.org:taxname:882647,Hydroides trivesiculosa,Species,Otu479,NCBI:3034647,ARMS_Getxo_G1_20200624_20201103_SF40_s1_r1
ARMS_Getxo_G1_20200624_20201103_SF40_s1_r1:Otu478,MaterialSample,ARMS-MBON,data_release_002,present,ARMS_Getxo_G1_20200624_20201103,SAMEA10021242,2020-06-24/2020-11-03,2,DNA sequence reads,28234,DNA sequence reads,https://github.com/arms-mbon/documentation/tree/main/armsmbon_handbook,ERR7127672,PEMA v2.1.4 https://github.com/hariszaf/pema | https://github.com/arms-mbon/analysis_release_002/tree/main/parameter_files,CREST classifier; Minimum bit-score 155; LCA bitscore range 2% | PR2 v4.13 | VSEARCH v2.9.1; clustering similarity 97%,Abra de Bilbao (http://marineregions.org/mrgid/17355),43.338452,-3.014833,ES,Getxo_G1,5.0,10.0,Marina; semi-industrial; 9.6 - Subtidal Muddy,,Was a crate cover used when retrieving the unit: not provided; Which component of the ARMS unit material was extracted: Sessile,https://github.com/arms-mbon/data_release_002,Main genome;Eukaryota;Opisthokonta;Fungi;Basidiomycota;Agaricomycotina;Agaricomycetes;Rhizopogon;NA;NA;NA,,Rhizopogon,genus,Otu478,NCBI:5375,ARMS_Getxo_G1_20200624_20201103_SF40_s1_r1
ARMS_Getxo_G1_20200624_20201103_SF40_s1_r1:Otu382,MaterialSample,ARMS-MBON,data_release_002,present,ARMS_Getxo_G1_20200624_20201103,SAMEA10021242,2020-06-24/2020-11-03,3,DNA sequence reads,28234,DNA sequence reads,https://github.com/arms-mbon/documentation/tree/main/armsmbon_handbook,ERR7127672,PEMA v2.1.4 https://github.com/hariszaf/pema | https://github.com/arms-mbon/analysis_release_002/tree/main/parameter_files,CREST classifier; Minimum bit-score 155; LCA bitscore range 2% | PR2 v4.13 | VSEARCH v2.9.1; clustering similarity 97%,Abra de Bilbao (http://marineregions.org/mrgid/17355),43.338452,-3.014833,ES,Getxo_G1,5.0,10.0,Marina; semi-industrial; 9.6 - Subtidal Muddy,uncertain classification (not marine),Was a crate cover used when retrieving the unit: not provided; Which component of the ARMS unit material was extracted: Sessile,https://github.com/arms-mbon/data_release_002,Main genome;Eukaryota;Opisthokonta;Fungi;NA;NA;NA;NA;NA;NA;NA,urn:lsid:marinespecies.org:taxname:4,Fungi,Kingdom,Otu382,NCBI:4751,ARMS_Getxo_G1_20200624_20201103_SF40_s1_r1
ARMS_Getxo_G1_20200624_20201103_SF40_s1_r1:Otu209,MaterialSample,ARMS-MBON,data_release_002,present,ARMS_Getxo_G1_20200624_20201103,SAMEA10021242,2020-06-24/2020-11-03,12,DNA sequence reads,28234,DNA sequence reads,https://github.com/arms-mbon/documentation/tree/main/armsmbon_handbook,ERR7127672,PEMA v2.1.4 https://github.com/hariszaf/pema | https://github.com/arms-mbon/analysis_release_002/tree/main/parameter_files,CREST classifier; Minimum bit-score 155; LCA bitscore range 2% | PR2 v4.13 | VSEARCH v2.9.1; clustering similarity 97%,Abra de Bilbao (http://marineregions.org/mrgid/17355),43.338452,-3.014833,ES,Getxo_G1,5.0,10.0,Marina; semi-industrial; 9.6 - Subtidal Muddy,uncertain classification (not marine),Was a crate cover used when retrieving the unit: not provided; Which component of the ARMS unit material was extracted: Sessile,https://github.com/arms-mbon/data_release_002,Main genome;Eukaryota;Opisthokonta;Metazoa;Arthropoda;Crustacea;Maxillopoda;NA;NA;NA;NA,urn:lsid:marinespecies.org:taxname:1066,Crustacea,Subphylum,Otu209,NCBI:6657,ARMS_Getxo_G1_20200624_20201103_SF40_s1_r1
ARMS_Getxo_G1_20200624_20201103_SF40_s1_r1:Otu373,MaterialSample,ARMS-MBON,data_release_002,present,ARMS_Getxo_G1_20200624_20201103,SAMEA10021242,2020-06-24/2020-11-03,2,DNA sequence reads,28234,DNA sequence reads,https://github.com/arms-mbon/documentation/tree/main/armsmbon_handbook,ERR7127672,PEMA v2.1.4 https://github.com/hariszaf/pema | https://github.com/arms-mbon/analysis_release_002/tree/main/parameter_files,CREST classifier; Minimum bit-score 155; LCA bitscore range 2% | PR2 v4.13 | VSEARCH v2.9.1; clustering similarity 97%,Abra de Bilbao (http://marineregions.org/mrgid/17355),43.338452,-3.014833,ES,Getxo_G1,5.0,10.0,Marina; semi-industrial; 9.6 - Subtidal Muddy,,Was a crate cover used when retrieving the unit: not provided; Which component of the ARMS unit material was extracted: Sessile,https://github.com/arms-mbon/data_release_002,Main genome;Eukaryota;Stramenopiles;Ochrophyta;Bacillariophyta;Raphid-pennate;NA;NA;NA;NA;NA,urn:lsid:marinespecies.org:taxname:148898,Bacillariophyta,Phylum,Otu373,NCBI:2836,ARMS_Getxo_G1_20200624_20201103_SF40_s1_r1
ARMS_Getxo_G1_20200624_20201103_SF40_s1_r1:Otu105,MaterialSample,ARMS-MBON,data_release_002,present,ARMS_Getxo_G1_20200624_20201103,SAMEA10021242,2020-06-24/2020-11-03,21,DNA sequence reads,28234,DNA sequence reads,https://github.com/arms-mbon/documentation/tree/main/armsmbon_handbook,ERR7127672,PEMA v2.1.4 https://github.com/hariszaf/pema | https://github.com/arms-mbon/analysis_release_002/tree/main/parameter_files,CREST classifier; Minimum bit-score 155; LCA bitscore range 2% | PR2 v4.13 | VSEARCH v2.9.1; clustering similarity 97%,Abra de Bilbao (http://marineregions.org/mrgid/17355),43.338452,-3.014833,ES,Getxo_G1,5.0,10.0,Marina; semi-industrial; 9.6 - Subtidal Muddy,,Was a crate cover used when retrieving the unit: not provided; Which component of the ARMS unit material was extracted: Sessile,https://github.com/arms-mbon/data_release_002,Main genome;Eukaryota;Alveolata;Ciliophora;Oligohymenophorea;Peritrichia;Zoothamniidae;Zoothamnium;NA;NA;NA,urn:lsid:marinespecies.org:taxname:162403,Zoothamnium,Genus,Otu105,NCBI:168256,ARMS_Getxo_G1_20200624_20201103_SF40_s1_r1
ARMS_Getxo_G1_20200624_20201103_SF40_s1_r1:Otu102,MaterialSample,ARMS-MBON,data_release_002,present,ARMS_Getxo_G1_20200624_20201103,SAMEA10021242,2020-06-24/2020-11-03,19,DNA sequence reads,28234,DNA sequence reads,https://github.com/arms-mbon/documentation/tree/main/armsmbon_handbook,ERR7127672,PEMA v2.1.4 https://github.com/hariszaf/pema | https://github.com/arms-mbon/analysis_release_002/tree/main/parameter_files,CREST classifier; Minimum bit-score 155; LCA bitscore range 2% | PR2 v4.13 | VSEARCH v2.9.1; clustering similarity 97%,Abra de Bilbao (http://marineregions.org/mrgid/17355),43.338452,-3.014833,ES,Getxo_G1,5.0,10.0,Marina; semi-industrial; 9.6 - Subtidal Muddy,,Was a crate cover used when retrieving the unit: not provided; Which component of the ARMS unit material was extracted: Sessile,https://github.com/arms-mbon/data_release_002,Main genome;Eukaryota;Opisthokonta;Metazoa;Arthropoda;Crustacea;Maxillopoda;Euryte;NA;NA;NA,urn:lsid:marinespecies.org:taxname:106432,Euryte,Genus,Otu102,NCBI:298417,ARMS_Getxo_G1_20200624_20201103_SF40_s1_r1
ARMS_Getxo_G1_20200624_20201103_SF40_s1_r1:Otu294,MaterialSample,ARMS-MBON,data_release_002,present,ARMS_Getxo_G1_20200624_20201103,SAMEA10021242,2020-06-24/2020-11-03,9,DNA sequence reads,28234,DNA sequence reads,https://github.com/arms-mbon/documentation/tree/main/armsmbon_handbook,ERR7127672,PEMA v2.1.4 https://github.com/hariszaf/pema | https://github.com/arms-mbon/analysis_release_002/tree/main/parameter_files,CREST classifier; Minimum bit-score 155; LCA bitscore range 2% | PR2 v4.13 | VSEARCH v2.9.1; clustering similarity 97%,Abra de Bilbao (http://marineregions.org/mrgid/17355),43.338452,-3.014833,ES,Getxo_G1,5.0,10.0,Marina; semi-industrial; 9.6 - Subtidal Muddy,,Was a crate cover used when retrieving the unit: not provided; Which component of the ARMS unit material was extracted: Sessile,https://github.com/arms-mbon/data_release_002,Main genome;Eukaryota;Alveolata;Ciliophora;Oligohymenophorea;Peritrichia;Zoothamniidae;Zoothamnium;NA;NA;NA,urn:lsid:marinespecies.org:taxname:162403,Zoothamnium,Genus,Otu294,NCBI:168256,ARMS_Getxo_G1_20200624_20201103_SF40_s1_r1
ARMS_Getxo_G1_20200624_20201103_SF40_s1_r1:Otu291,MaterialSample,ARMS-MBON,data_release_002,present,ARMS_Getxo_G1_20200624_20201103,SAMEA10021242,2020-06-24/2020-11-03,5,DNA sequence reads,28234,DNA sequence reads,https://github.com/arms-mbon/documentation/tree/main/armsmbon_handbook,ERR7127672,PEMA v2.1.4 https://github.com/hariszaf/pema | https://github.com/arms-mbon/analysis_release_002/tree/main/parameter_files,CREST classifier; Minimum bit-score 155; LCA bitscore range 2% | PR2 v4.13 | VSEARCH v2.9.1; clustering similarity 97%,Abra de Bilbao (http://marineregions.org/mrgid/17355),43.338452,-3.014833,ES,Getxo_G1,5.0,10.0,Marina; semi-industrial; 9.6 - Subtidal Muddy,,Was a crate cover used when retrieving the unit: not provided; Which component of the ARMS unit material was extracted: Sessile,https://github.com/arms-mbon/data_release_002,Main genome;Eukaryota;Alveolata;Apicomplexa;Gregarinomorphea;Eugregarinorida;Porosporidae;NA;NA;NA;NA,urn:lsid:marinespecies.org:taxname:465333,Porosporidae,Family,Otu291,NCBI:947094,ARMS_Getxo_G1_20200624_20201103_SF40_s1_r1
ARMS_Getxo_G1_20200624_20201103_SF40_s1_r1:Otu290,MaterialSample,ARMS-MBON,data_release_002,present,ARMS_Getxo_G1_20200624_20201103,SAMEA10021242,2020-06-24/2020-11-03,5,DNA sequence reads,28234,DNA sequence reads,https://github.com/arms-mbon/documentation/tree/main/armsmbon_handbook,ERR7127672,PEMA v2.1.4 https://github.com/hariszaf/pema | https://github.com/arms-mbon/analysis_release_002/tree/main/parameter_files,CREST classifier; Minimum bit-score 155; LCA bitscore range 2% | PR2 v4.13 | VSEARCH v2.9.1; clustering similarity 97%,Abra de Bilbao (http://marineregions.org/mrgid/17355),43.338452,-3.014833,ES,Getxo_G1,5.0,10.0,Marina; semi-industrial; 9.6 - Subtidal Muddy,uncertain classification (not marine),Was a crate cover used when retrieving the unit: not provided; Which component of the ARMS unit material was extracted: Sessile,https://github.com/arms-mbon/data_release_002,Main genome;Eukaryota;Opisthokonta;Fungi;Chytridiomycota;Chytridiomycotina;NA;NA;NA;NA;NA,urn:lsid:marinespecies.org:taxname:162971,Chytridiomycota,Phylum (Division),Otu290,NCBI:4761,ARMS_Getxo_G1_20200624_20201103_SF40_s1_r1
ARMS_Getxo_G1_20200624_20201103_SF40_s1_r1:Otu293,MaterialSample,ARMS-MBON,data_release_002,present,ARMS_Getxo_G1_20200624_20201103,SAMEA10021242,2020-06-24/2020-11-03,8,DNA sequence reads,28234,DNA sequence reads,https://github.com/arms-mbon/documentation/tree/main/armsmbon_handbook,ERR7127672,PEMA v2.1.4 https://github.com/hariszaf/pema | https://github.com/arms-mbon/analysis_release_002/tree/main/parameter_files,CREST classifier; Minimum bit-score 155; LCA bitscore range 2% | PR2 v4.13 | VSEARCH v2.9.1; clustering similarity 97%,Abra de Bilbao (http://marineregions.org/mrgid/17355),43.338452,-3.014833,ES,Getxo_G1,5.0,10.0,Marina; semi-industrial; 9.6 - Subtidal Muddy,,Was a crate cover used when retrieving the unit: not provided; Which component of the ARMS unit material was extracted: Sessile,https://github.com/arms-mbon/data_release_002,Main genome;Eukaryota;Alveolata;Chrompodellids;Colpodellidea;Colpodellida;Alphamonaceae;Alphamonadea;ALPH1;NA;NA,,Alphamonaceae,family,Otu293,NCBI:2605703,ARMS_Getxo_G1_20200624_20201103_SF40_s1_r1
ARMS_Getxo_G1_20200624_20201103_SF40_s1_r1:Otu292,MaterialSample,ARMS-MBON,data_release_002,present,ARMS_Getxo_G1_20200624_20201103,SAMEA10021242,2020-06-24/2020-11-03,7,DNA sequence reads,28234,DNA sequence reads,https://github.com/arms-mbon/documentation/tree/main/armsmbon_handbook,ERR7127672,PEMA v2.1.4 https://github.com/hariszaf/pema | https://github.com/arms-mbon/analysis_release_002/tree/main/parameter_files,CREST classifier; Minimum bit-score 155; LCA bitscore range 2% | PR2 v4.13 | VSEARCH v2.9.1; clustering similarity 97%,Abra de Bilbao (http://marineregions.org/mrgid/17355),43.338452,-3.014833,ES,Getxo_G1,5.0,10.0,Marina; semi-industrial; 9.6 - Subtidal Muddy,uncertain classification (not marine),Was a crate cover used when retrieving the unit: not provided; Which component of the ARMS unit material was extracted: Sessile,https://github.com/arms-mbon/data_release_002,Main genome;Eukaryota;Rhizaria;Cercozoa;Filosa-Thecofilosea;Mataza-lineage;NA;NA;NA;NA;NA,urn:lsid:marinespecies.org:taxname:590699,Thecofilosea,Class,Otu292,NCBI:1004930,ARMS_Getxo_G1_20200624_20201103_SF40_s1_r1
ARMS_Getxo_G1_20200624_20201103_SF40_s1_r1:Otu497,MaterialSample,ARMS-MBON,data_release_002,present,ARMS_Getxo_G1_20200624_20201103,SAMEA10021242,2020-06-24/2020-11-03,2,DNA sequence reads,28234,DNA sequence reads,https://github.com/arms-mbon/documentation/tree/main/armsmbon_handbook,ERR7127672,PEMA v2.1.4 https://github.com/hariszaf/pema | https://github.com/arms-mbon/analysis_release_002/tree/main/parameter_files,CREST classifier; Minimum bit-score 155; LCA bitscore range 2% | PR2 v4.13 | VSEARCH v2.9.1; clustering similarity 97%,Abra de Bilbao (http://marineregions.org/mrgid/17355),43.338452,-3.014833,ES,Getxo_G1,5.0,10.0,Marina; semi-industrial; 9.6 - Subtidal Muddy,,Was a crate cover used when retrieving the unit: not provided; Which component of the ARMS unit material was extracted: Sessile,https://github.com/arms-mbon/data_release_002,Main genome;Eukaryota;Alveolata;Ciliophora;Oligohymenophorea;Peritrichia;Vaginicolidae;NA;NA;NA;NA,urn:lsid:marinespecies.org:taxname:163171,Vaginicolidae,Family,Otu497,NCBI:168252,ARMS_Getxo_G1_20200624_20201103_SF40_s1_r1
ARMS_Getxo_G1_20200624_20201103_SF40_s1_r1:Otu190,MaterialSample,ARMS-MBON,data_release_002,present,ARMS_Getxo_G1_20200624_20201103,SAMEA10021242,2020-06-24/2020-11-03,9,DNA sequence reads,28234,DNA sequence reads,https://github.com/arms-mbon/documentation/tree/main/armsmbon_handbook,ERR7127672,PEMA v2.1.4 https://github.com/hariszaf/pema | https://github.com/arms-mbon/analysis_release_002/tree/main/parameter_files,CREST classifier; Minimum bit-score 155; LCA bitscore range 2% | PR2 v4.13 | VSEARCH v2.9.1; clustering similarity 97%,Abra de Bilbao (http://marineregions.org/mrgid/17355),43.338452,-3.014833,ES,Getxo_G1,5.0,10.0,Marina; semi-industrial; 9.6 - Subtidal Muddy,uncertain classification (not marine),Was a crate cover used when retrieving the unit: not provided; Which component of the ARMS unit material was extracted: Sessile,https://github.com/arms-mbon/data_release_002,Main genome;Eukaryota;Opisthokonta;Metazoa;Annelida;NA;NA;NA;NA;NA;NA,urn:lsid:marinespecies.org:taxname:882,Annelida,Phylum,Otu190,NCBI:6340,ARMS_Getxo_G1_20200624_20201103_SF40_s1_r1
ARMS_Getxo_G1_20200624_20201103_SF40_s1_r1:Otu493,MaterialSample,ARMS-MBON,data_release_002,present,ARMS_Getxo_G1_20200624_20201103,SAMEA10021242,2020-06-24/2020-11-03,2,DNA sequence reads,28234,DNA sequence reads,https://github.com/arms-mbon/documentation/tree/main/armsmbon_handbook,ERR7127672,PEMA v2.1.4 https://github.com/hariszaf/pema | https://github.com/arms-mbon/analysis_release_002/tree/main/parameter_files,CREST classifier; Minimum bit-score 155; LCA bitscore range 2% | PR2 v4.13 | VSEARCH v2.9.1; clustering similarity 97%,Abra de Bilbao (http://marineregions.org/mrgid/17355),43.338452,-3.014833,ES,Getxo_G1,5.0,10.0,Marina; semi-industrial; 9.6 - Subtidal Muddy,,Was a crate cover used when retrieving the unit: not provided; Which component of the ARMS unit material was extracted: Sessile,https://github.com/arms-mbon/data_release_002,Main genome;Eukaryota;Alveolata;Dinoflagellata;Syndiniales;NA;NA;NA;NA;NA;NA,urn:lsid:marinespecies.org:taxname:146213,Syndiniales,Order,Otu493,NCBI:88547,ARMS_Getxo_G1_20200624_20201103_SF40_s1_r1
ARMS_Getxo_G1_20200624_20201103_SF40_s1_r1:Otu491,MaterialSample,ARMS-MBON,data_release_002,present,ARMS_Getxo_G1_20200624_20201103,SAMEA10021242,2020-06-24/2020-11-03,2,DNA sequence reads,28234,DNA sequence reads,https://github.com/arms-mbon/documentation/tree/main/armsmbon_handbook,ERR7127672,PEMA v2.1.4 https://github.com/hariszaf/pema | https://github.com/arms-mbon/analysis_release_002/tree/main/parameter_files,CREST classifier; Minimum bit-score 155; LCA bitscore range 2% | PR2 v4.13 | VSEARCH v2.9.1; clustering similarity 97%,Abra de Bilbao (http://marineregions.org/mrgid/17355),43.338452,-3.014833,ES,Getxo_G1,5.0,10.0,Marina; semi-industrial; 9.6 - Subtidal Muddy,,Was a crate cover used when retrieving the unit: not provided; Which component of the ARMS unit material was extracted: Sessile,https://github.com/arms-mbon/data_release_002,Main genome;Eukaryota;Stramenopiles;Sagenista;MAST-6;NA;NA;NA;NA;NA;NA,urn:lsid:marinespecies.org:taxname:449152,Sagenista,Subphylum,Otu491,NCBI:29322,ARMS_Getxo_G1_20200624_20201103_SF40_s1_r1
ARMS_Getxo_G1_20200624_20201103_SF40_s1_r1:Otu490,MaterialSample,ARMS-MBON,data_release_002,present,ARMS_Getxo_G1_20200624_20201103,SAMEA10021242,2020-06-24/2020-11-03,2,DNA sequence reads,28234,DNA sequence reads,https://github.com/arms-mbon/documentation/tree/main/armsmbon_handbook,ERR7127672,PEMA v2.1.4 https://github.com/hariszaf/pema | https://github.com/arms-mbon/analysis_release_002/tree/main/parameter_files,CREST classifier; Minimum bit-score 155; LCA bitscore range 2% | PR2 v4.13 | VSEARCH v2.9.1; clustering similarity 97%,Abra de Bilbao (http://marineregions.org/mrgid/17355),43.338452,-3.014833,ES,Getxo_G1,5.0,10.0,Marina; semi-industrial; 9.6 - Subtidal Muddy,,Was a crate cover used when retrieving the unit: not provided; Which component of the ARMS unit material was extracted: Sessile,https://github.com/arms-mbon/data_release_002,Main genome;Eukaryota;Opisthokonta;Mesomycetozoa;Ichthyosporea;Ichthyosphonida;Pseudoperkinsidae;NA;NA;NA;NA,urn:lsid:marinespecies.org:taxname:1476515,Ichthyophonidae,Family,Otu490,NCBI:2586436,ARMS_Getxo_G1_20200624_20201103_SF40_s1_r1
ARMS_Getxo_G1_20200624_20201103_SF40_s1_r1:Otu94,MaterialSample,ARMS-MBON,data_release_002,present,ARMS_Getxo_G1_20200624_20201103,SAMEA10021242,2020-06-24/2020-11-03,13,DNA sequence reads,28234,DNA sequence reads,https://github.com/arms-mbon/documentation/tree/main/armsmbon_handbook,ERR7127672,PEMA v2.1.4 https://github.com/hariszaf/pema | https://github.com/arms-mbon/analysis_release_002/tree/main/parameter_files,CREST classifier; Minimum bit-score 155; LCA bitscore range 2% | PR2 v4.13 | VSEARCH v2.9.1; clustering similarity 97%,Abra de Bilbao (http://marineregions.org/mrgid/17355),43.338452,-3.014833,ES,Getxo_G1,5.0,10.0,Marina; semi-industrial; 9.6 - Subtidal Muddy,uncertain classification (not marine),Was a crate cover used when retrieving the unit: not provided; Which component of the ARMS unit material was extracted: Sessile,https://github.com/arms-mbon/data_release_002,Main genome;Eukaryota;Opisthokonta;Fungi;NA;NA;NA;NA;NA;NA;NA,urn:lsid:marinespecies.org:taxname:4,Fungi,Kingdom,Otu94,NCBI:4751,ARMS_Getxo_G1_20200624_20201103_SF40_s1_r1
ARMS_Getxo_G1_20200624_20201103_SF40_s1_r1:Otu95,MaterialSample,ARMS-MBON,data_release_002,present,ARMS_Getxo_G1_20200624_20201103,SAMEA10021242,2020-06-24/2020-11-03,19,DNA sequence reads,28234,DNA sequence reads,https://github.com/arms-mbon/documentation/tree/main/armsmbon_handbook,ERR7127672,PEMA v2.1.4 https://github.com/hariszaf/pema | https://github.com/arms-mbon/analysis_release_002/tree/main/parameter_files,CREST classifier; Minimum bit-score 155; LCA bitscore range 2% | PR2 v4.13 | VSEARCH v2.9.1; clustering similarity 97%,Abra de Bilbao (http://marineregions.org/mrgid/17355),43.338452,-3.014833,ES,Getxo_G1,5.0,10.0,Marina; semi-industrial; 9.6 - Subtidal Muddy,uncertain classification (not marine),Was a crate cover used when retrieving the unit: not provided; Which component of the ARMS unit material was extracted: Sessile,https://github.com/arms-mbon/data_release_002,Main genome;Eukaryota;Opisthokonta;Metazoa;Annelida;NA;NA;NA;NA;NA;NA,urn:lsid:marinespecies.org:taxname:882,Annelida,Phylum,Otu95,NCBI:6340,ARMS_Getxo_G1_20200624_20201103_SF40_s1_r1
ARMS_Getxo_G1_20200624_20201103_SF40_s1_r1:Otu92,MaterialSample,ARMS-MBON,data_release_002,present,ARMS_Getxo_G1_20200624_20201103,SAMEA10021242,2020-06-24/2020-11-03,5,DNA sequence reads,28234,DNA sequence reads,https://github.com/arms-mbon/documentation/tree/main/armsmbon_handbook,ERR7127672,PEMA v2.1.4 https://github.com/hariszaf/pema | https://github.com/arms-mbon/analysis_release_002/tree/main/parameter_files,CREST classifier; Minimum bit-score 155; LCA bitscore range 2% | PR2 v4.13 | VSEARCH v2.9.1; clustering similarity 97%,Abra de Bilbao (http://marineregions.org/mrgid/17355),43.338452,-3.014833,ES,Getxo_G1,5.0,10.0,Marina; semi-industrial; 9.6 - Subtidal Muddy,uncertain classification (not marine),Was a crate cover used when retrieving the unit: not provided; Which component of the ARMS unit material was extracted: Sessile,https://github.com/arms-mbon/data_release_002,Main genome;Eukaryota;Opisthokonta;Fungi;Ascomycota;Pezizomycotina;Sordariomycetes;NA;NA;NA;NA,urn:lsid:marinespecies.org:taxname:437254,Sordariomycetes,Class,Otu92,NCBI:147550,ARMS_Getxo_G1_20200624_20201103_SF40_s1_r1
ARMS_Getxo_G1_20200624_20201103_SF40_s1_r1:Otu93,MaterialSample,ARMS-MBON,data_release_002,present,ARMS_Getxo_G1_20200624_20201103,SAMEA10021242,2020-06-24/2020-11-03,31,DNA sequence reads,28234,DNA sequence reads,https://github.com/arms-mbon/documentation/tree/main/armsmbon_handbook,ERR7127672,PEMA v2.1.4 https://github.com/hariszaf/pema | https://github.com/arms-mbon/analysis_release_002/tree/main/parameter_files,CREST classifier; Minimum bit-score 155; LCA bitscore range 2% | PR2 v4.13 | VSEARCH v2.9.1; clustering similarity 97%,Abra de Bilbao (http://marineregions.org/mrgid/17355),43.338452,-3.014833,ES,Getxo_G1,5.0,10.0,Marina; semi-industrial; 9.6 - Subtidal Muddy,,Was a crate cover used when retrieving the unit: not provided; Which component of the ARMS unit material was extracted: Sessile,https://github.com/arms-mbon/data_release_002,Main genome;Eukaryota;Opisthokonta;Metazoa;Gastrotricha;NA;NA;NA;NA;NA;NA,urn:lsid:marinespecies.org:taxname:2078,Gastrotricha,Phylum,Otu93,NCBI:33313,ARMS_Getxo_G1_20200624_20201103_SF40_s1_r1
ARMS_Getxo_G1_20200624_20201103_SF40_s1_r1:Otu498,MaterialSample,ARMS-MBON,data_release_002,present,ARMS_Getxo_G1_20200624_20201103,SAMEA10021242,2020-06-24/2020-11-03,2,DNA sequence reads,28234,DNA sequence reads,https://github.com/arms-mbon/documentation/tree/main/armsmbon_handbook,ERR7127672,PEMA v2.1.4 https://github.com/hariszaf/pema | https://github.com/arms-mbon/analysis_release_002/tree/main/parameter_files,CREST classifier; Minimum bit-score 155; LCA bitscore range 2% | PR2 v4.13 | VSEARCH v2.9.1; clustering similarity 97%,Abra de Bilbao (http://marineregions.org/mrgid/17355),43.338452,-3.014833,ES,Getxo_G1,5.0,10.0,Marina; semi-industrial; 9.6 - Subtidal Muddy,uncertain classification (not marine),Was a crate cover used when retrieving the unit: not provided; Which component of the ARMS unit material was extracted: Sessile,https://github.com/arms-mbon/data_release_002,Main genome;Eukaryota;Opisthokonta;Metazoa;Arthropoda;Crustacea;Maxillopoda;NA;NA;NA;NA,urn:lsid:marinespecies.org:taxname:1066,Crustacea,Subphylum,Otu498,NCBI:6657,ARMS_Getxo_G1_20200624_20201103_SF40_s1_r1
ARMS_Getxo_G1_20200624_20201103_SF40_s1_r1:Otu400,MaterialSample,ARMS-MBON,data_release_002,present,ARMS_Getxo_G1_20200624_20201103,SAMEA10021242,2020-06-24/2020-11-03,3,DNA sequence reads,28234,DNA sequence reads,https://github.com/arms-mbon/documentation/tree/main/armsmbon_handbook,ERR7127672,PEMA v2.1.4 https://github.com/hariszaf/pema | https://github.com/arms-mbon/analysis_release_002/tree/main/parameter_files,CREST classifier; Minimum bit-score 155; LCA bitscore range 2% | PR2 v4.13 | VSEARCH v2.9.1; clustering similarity 97%,Abra de Bilbao (http://marineregions.org/mrgid/17355),43.338452,-3.014833,ES,Getxo_G1,5.0,10.0,Marina; semi-industrial; 9.6 - Subtidal Muddy,,Was a crate cover used when retrieving the unit: not provided; Which component of the ARMS unit material was extracted: Sessile,https://github.com/arms-mbon/data_release_002,Main genome;Eukaryota;Stramenopiles;Ochrophyta;Bacillariophyta;Polar-centric-Mediophyceae;NA;NA;NA;NA;NA,urn:lsid:marinespecies.org:taxname:345483,Mediophyceae,Class,Otu400,NCBI:589449,ARMS_Getxo_G1_20200624_20201103_SF40_s1_r1
ARMS_Getxo_G1_20200624_20201103_SF40_s1_r1:Otu401,MaterialSample,ARMS-MBON,data_release_002,present,ARMS_Getxo_G1_20200624_20201103,SAMEA10021242,2020-06-24/2020-11-03,3,DNA sequence reads,28234,DNA sequence reads,https://github.com/arms-mbon/documentation/tree/main/armsmbon_handbook,ERR7127672,PEMA v2.1.4 https://github.com/hariszaf/pema | https://github.com/arms-mbon/analysis_release_002/tree/main/parameter_files,CREST classifier; Minimum bit-score 155; LCA bitscore range 2% | PR2 v4.13 | VSEARCH v2.9.1; clustering similarity 97%,Abra de Bilbao (http://marineregions.org/mrgid/17355),43.338452,-3.014833,ES,Getxo_G1,5.0,10.0,Marina; semi-industrial; 9.6 - Subtidal Muddy,,Was a crate cover used when retrieving the unit: not provided; Which component of the ARMS unit material was extracted: Sessile,https://github.com/arms-mbon/data_release_002,Main genome;Eukaryota;Opisthokonta;Metazoa;Annelida;Cirratulus;NA;NA;NA;NA;NA,urn:lsid:marinespecies.org:taxname:129243,Cirratulus,Genus,Otu401,NCBI:104698,ARMS_Getxo_G1_20200624_20201103_SF40_s1_r1
ARMS_Getxo_G1_20200624_20201103_SF40_s1_r1:Otu402,MaterialSample,ARMS-MBON,data_release_002,present,ARMS_Getxo_G1_20200624_20201103,SAMEA10021242,2020-06-24/2020-11-03,3,DNA sequence reads,28234,DNA sequence reads,https://github.com/arms-mbon/documentation/tree/main/armsmbon_handbook,ERR7127672,PEMA v2.1.4 https://github.com/hariszaf/pema | https://github.com/arms-mbon/analysis_release_002/tree/main/parameter_files,CREST classifier; Minimum bit-score 155; LCA bitscore range 2% | PR2 v4.13 | VSEARCH v2.9.1; clustering similarity 97%,Abra de Bilbao (http://marineregions.org/mrgid/17355),43.338452,-3.014833,ES,Getxo_G1,5.0,10.0,Marina; semi-industrial; 9.6 - Subtidal Muddy,,Was a crate cover used when retrieving the unit: not provided; Which component of the ARMS unit material was extracted: Sessile,https://github.com/arms-mbon/data_release_002,Main genome;Eukaryota;Opisthokonta;Metazoa;Porifera;Demospongiae;NA;NA;NA;NA;NA,urn:lsid:marinespecies.org:taxname:164811,Demospongiae,Class,Otu402,NCBI:6042,ARMS_Getxo_G1_20200624_20201103_SF40_s1_r1
ARMS_Getxo_G1_20200624_20201103_SF40_s1_r1:Otu403,MaterialSample,ARMS-MBON,data_release_002,present,ARMS_Getxo_G1_20200624_20201103,SAMEA10021242,2020-06-24/2020-11-03,3,DNA sequence reads,28234,DNA sequence reads,https://github.com/arms-mbon/documentation/tree/main/armsmbon_handbook,ERR7127672,PEMA v2.1.4 https://github.com/hariszaf/pema | https://github.com/arms-mbon/analysis_release_002/tree/main/parameter_files,CREST classifier; Minimum bit-score 155; LCA bitscore range 2% | PR2 v4.13 | VSEARCH v2.9.1; clustering similarity 97%,Abra de Bilbao (http://marineregions.org/mrgid/17355),43.338452,-3.014833,ES,Getxo_G1,5.0,10.0,Marina; semi-industrial; 9.6 - Subtidal Muddy,,Was a crate cover used when retrieving the unit: not provided; Which component of the ARMS unit material was extracted: Sessile,https://github.com/arms-mbon/data_release_002,Main genome;Eukaryota;Opisthokonta;Metazoa;Platyhelminthes;Turbellaria;Polycladida;Stylochus;NA;NA;NA,urn:lsid:marinespecies.org:taxname:142245,Stylochus,Genus,Otu403,NCBI:31257,ARMS_Getxo_G1_20200624_20201103_SF40_s1_r1
ARMS_Getxo_G1_20200624_20201103_SF40_s1_r1:Otu148,MaterialSample,ARMS-MBON,data_release_002,present,ARMS_Getxo_G1_20200624_20201103,SAMEA10021242,2020-06-24/2020-11-03,12,DNA sequence reads,28234,DNA sequence reads,https://github.com/arms-mbon/documentation/tree/main/armsmbon_handbook,ERR7127672,PEMA v2.1.4 https://github.com/hariszaf/pema | https://github.com/arms-mbon/analysis_release_002/tree/main/parameter_files,CREST classifier; Minimum bit-score 155; LCA bitscore range 2% | PR2 v4.13 | VSEARCH v2.9.1; clustering similarity 97%,Abra de Bilbao (http://marineregions.org/mrgid/17355),43.338452,-3.014833,ES,Getxo_G1,5.0,10.0,Marina; semi-industrial; 9.6 - Subtidal Muddy,uncertain classification (not marine),Was a crate cover used when retrieving the unit: not provided; Which component of the ARMS unit material was extracted: Sessile,https://github.com/arms-mbon/data_release_002,Main genome;Eukaryota;Alveolata;Dinoflagellata;Dinophyceae;NA;NA;NA;NA;NA;NA,urn:lsid:marinespecies.org:taxname:146203,Dinoflagellata,Infraphylum,Otu148,NCBI:2864,ARMS_Getxo_G1_20200624_20201103_SF40_s1_r1
ARMS_Getxo_G1_20200624_20201103_SF40_s1_r1:Otu147,MaterialSample,ARMS-MBON,data_release_002,present,ARMS_Getxo_G1_20200624_20201103,SAMEA10021242,2020-06-24/2020-11-03,12,DNA sequence reads,28234,DNA sequence reads,https://github.com/arms-mbon/documentation/tree/main/armsmbon_handbook,ERR7127672,PEMA v2.1.4 https://github.com/hariszaf/pema | https://github.com/arms-mbon/analysis_release_002/tree/main/parameter_files,CREST classifier; Minimum bit-score 155; LCA bitscore range 2% | PR2 v4.13 | VSEARCH v2.9.1; clustering similarity 97%,Abra de Bilbao (http://marineregions.org/mrgid/17355),43.338452,-3.014833,ES,Getxo_G1,5.0,10.0,Marina; semi-industrial; 9.6 - Subtidal Muddy,uncertain classification (not marine),Was a crate cover used when retrieving the unit: not provided; Which component of the ARMS unit material was extracted: Sessile,https://github.com/arms-mbon/data_release_002,Main genome;Eukaryota;Alveolata;Apicomplexa;Gregarinomorphea;Selenidium1;NA;NA;NA;NA;NA,urn:lsid:marinespecies.org:taxname:22565,Apicomplexa,Subphylum,Otu147,NCBI:5794,ARMS_Getxo_G1_20200624_20201103_SF40_s1_r1
ARMS_Getxo_G1_20200624_20201103_SF40_s1_r1:Otu146,MaterialSample,ARMS-MBON,data_release_002,present,ARMS_Getxo_G1_20200624_20201103,SAMEA10021242,2020-06-24/2020-11-03,28,DNA sequence reads,28234,DNA sequence reads,https://github.com/arms-mbon/documentation/tree/main/armsmbon_handbook,ERR7127672,PEMA v2.1.4 https://github.com/hariszaf/pema | https://github.com/arms-mbon/analysis_release_002/tree/main/parameter_files,CREST classifier; Minimum bit-score 155; LCA bitscore range 2% | PR2 v4.13 | VSEARCH v2.9.1; clustering similarity 97%,Abra de Bilbao (http://marineregions.org/mrgid/17355),43.338452,-3.014833,ES,Getxo_G1,5.0,10.0,Marina; semi-industrial; 9.6 - Subtidal Muddy,,Was a crate cover used when retrieving the unit: not provided; Which component of the ARMS unit material was extracted: Sessile,https://github.com/arms-mbon/data_release_002,Main genome;Eukaryota;Opisthokonta;Metazoa;Mollusca;Bivalvia;Pectinoida;NA;NA;NA;NA,urn:lsid:marinespecies.org:taxname:387324,Pectinida,Order,Otu146,NCBI:106218,ARMS_Getxo_G1_20200624_20201103_SF40_s1_r1
ARMS_Getxo_G1_20200624_20201103_SF40_s1_r1:Otu392,MaterialSample,ARMS-MBON,data_release_002,present,ARMS_Getxo_G1_20200624_20201103,SAMEA10021242,2020-06-24/2020-11-03,3,DNA sequence reads,28234,DNA sequence reads,https://github.com/arms-mbon/documentation/tree/main/armsmbon_handbook,ERR7127672,PEMA v2.1.4 https://github.com/hariszaf/pema | https://github.com/arms-mbon/analysis_release_002/tree/main/parameter_files,CREST classifier; Minimum bit-score 155; LCA bitscore range 2% | PR2 v4.13 | VSEARCH v2.9.1; clustering similarity 97%,Abra de Bilbao (http://marineregions.org/mrgid/17355),43.338452,-3.014833,ES,Getxo_G1,5.0,10.0,Marina; semi-industrial; 9.6 - Subtidal Muddy,uncertain classification (not marine),Was a crate cover used when retrieving the unit: not provided; Which component of the ARMS unit material was extracted: Sessile,https://github.com/arms-mbon/data_release_002,Main genome;Eukaryota;Alveolata;Dinoflagellata;NA;NA;NA;NA;NA;NA;NA,urn:lsid:marinespecies.org:taxname:146203,Dinoflagellata,Infraphylum,Otu392,NCBI:2864,ARMS_Getxo_G1_20200624_20201103_SF40_s1_r1
ARMS_Getxo_G1_20200624_20201103_SF40_s1_r1:Otu393,MaterialSample,ARMS-MBON,data_release_002,present,ARMS_Getxo_G1_20200624_20201103,SAMEA10021242,2020-06-24/2020-11-03,3,DNA sequence reads,28234,DNA sequence reads,https://github.com/arms-mbon/documentation/tree/main/armsmbon_handbook,ERR7127672,PEMA v2.1.4 https://github.com/hariszaf/pema | https://github.com/arms-mbon/analysis_release_002/tree/main/parameter_files,CREST classifier; Minimum bit-score 155; LCA bitscore range 2% | PR2 v4.13 | VSEARCH v2.9.1; clustering similarity 97%,Abra de Bilbao (http://marineregions.org/mrgid/17355),43.338452,-3.014833,ES,Getxo_G1,5.0,10.0,Marina; semi-industrial; 9.6 - Subtidal Muddy,uncertain classification (not marine),Was a crate cover used when retrieving the unit: not provided; Which component of the ARMS unit material was extracted: Sessile,https://github.com/arms-mbon/data_release_002,Main genome;Eukaryota;Stramenopiles;Ochrophyta;Chrysophyceae;Clade-H;NA;NA;NA;NA;NA,urn:lsid:marinespecies.org:taxname:146230,Chrysophyceae,Class,Otu393,NCBI:2825,ARMS_Getxo_G1_20200624_20201103_SF40_s1_r1
ARMS_Getxo_G1_20200624_20201103_SF40_s1_r1:Otu394,MaterialSample,ARMS-MBON,data_release_002,present,ARMS_Getxo_G1_20200624_20201103,SAMEA10021242,2020-06-24/2020-11-03,3,DNA sequence reads,28234,DNA sequence reads,https://github.com/arms-mbon/documentation/tree/main/armsmbon_handbook,ERR7127672,PEMA v2.1.4 https://github.com/hariszaf/pema | https://github.com/arms-mbon/analysis_release_002/tree/main/parameter_files,CREST classifier; Minimum bit-score 155; LCA bitscore range 2% | PR2 v4.13 | VSEARCH v2.9.1; clustering similarity 97%,Abra de Bilbao (http://marineregions.org/mrgid/17355),43.338452,-3.014833,ES,Getxo_G1,5.0,10.0,Marina; semi-industrial; 9.6 - Subtidal Muddy,uncertain classification (not marine),Was a crate cover used when retrieving the unit: not provided; Which component of the ARMS unit material was extracted: Sessile,https://github.com/arms-mbon/data_release_002,Main genome;Eukaryota;Opisthokonta;Metazoa;Arthropoda;Crustacea;Maxillopoda;NA;NA;NA;NA,urn:lsid:marinespecies.org:taxname:1066,Crustacea,Subphylum,Otu394,NCBI:6657,ARMS_Getxo_G1_20200624_20201103_SF40_s1_r1
ARMS_Getxo_G1_20200624_20201103_SF40_s1_r1:Otu395,MaterialSample,ARMS-MBON,data_release_002,present,ARMS_Getxo_G1_20200624_20201103,SAMEA10021242,2020-06-24/2020-11-03,3,DNA sequence reads,28234,DNA sequence reads,https://github.com/arms-mbon/documentation/tree/main/armsmbon_handbook,ERR7127672,PEMA v2.1.4 https://github.com/hariszaf/pema | https://github.com/arms-mbon/analysis_release_002/tree/main/parameter_files,CREST classifier; Minimum bit-score 155; LCA bitscore range 2% | PR2 v4.13 | VSEARCH v2.9.1; clustering similarity 97%,Abra de Bilbao (http://marineregions.org/mrgid/17355),43.338452,-3.014833,ES,Getxo_G1,5.0,10.0,Marina; semi-industrial; 9.6 - Subtidal Muddy,uncertain classification (not marine),Was a crate cover used when retrieving the unit: not provided; Which component of the ARMS unit material was extracted: Sessile,https://github.com/arms-mbon/data_release_002,Main genome;Eukaryota;Alveolata;Dinoflagellata;NA;NA;NA;NA;NA;NA;NA,urn:lsid:marinespecies.org:taxname:146203,Dinoflagellata,Infraphylum,Otu395,NCBI:2864,ARMS_Getxo_G1_20200624_20201103_SF40_s1_r1
ARMS_Getxo_G1_20200624_20201103_SF40_s1_r1:Otu396,MaterialSample,ARMS-MBON,data_release_002,present,ARMS_Getxo_G1_20200624_20201103,SAMEA10021242,2020-06-24/2020-11-03,3,DNA sequence reads,28234,DNA sequence reads,https://github.com/arms-mbon/documentation/tree/main/armsmbon_handbook,ERR7127672,PEMA v2.1.4 https://github.com/hariszaf/pema | https://github.com/arms-mbon/analysis_release_002/tree/main/parameter_files,CREST classifier; Minimum bit-score 155; LCA bitscore range 2% | PR2 v4.13 | VSEARCH v2.9.1; clustering similarity 97%,Abra de Bilbao (http://marineregions.org/mrgid/17355),43.338452,-3.014833,ES,Getxo_G1,5.0,10.0,Marina; semi-industrial; 9.6 - Subtidal Muddy,uncertain classification (not marine),Was a crate cover used when retrieving the unit: not provided; Which component of the ARMS unit material was extracted: Sessile,https://github.com/arms-mbon/data_release_002,Main genome;Eukaryota;Stramenopiles;Pseudofungi;Oomycota;NA;NA;NA;NA;NA;NA,urn:lsid:marinespecies.org:taxname:22154,Oomycota,Phylum,Otu396,NCBI:4762,ARMS_Getxo_G1_20200624_20201103_SF40_s1_r1
ARMS_Getxo_G1_20200624_20201103_SF40_s1_r1:Otu397,MaterialSample,ARMS-MBON,data_release_002,present,ARMS_Getxo_G1_20200624_20201103,SAMEA10021242,2020-06-24/2020-11-03,5,DNA sequence reads,28234,DNA sequence reads,https://github.com/arms-mbon/documentation/tree/main/armsmbon_handbook,ERR7127672,PEMA v2.1.4 https://github.com/hariszaf/pema | https://github.com/arms-mbon/analysis_release_002/tree/main/parameter_files,CREST classifier; Minimum bit-score 155; LCA bitscore range 2% | PR2 v4.13 | VSEARCH v2.9.1; clustering similarity 97%,Abra de Bilbao (http://marineregions.org/mrgid/17355),43.338452,-3.014833,ES,Getxo_G1,5.0,10.0,Marina; semi-industrial; 9.6 - Subtidal Muddy,uncertain classification (not marine),Was a crate cover used when retrieving the unit: not provided; Which component of the ARMS unit material was extracted: Sessile,https://github.com/arms-mbon/data_release_002,Main genome;Eukaryota;Opisthokonta;Metazoa;Arthropoda;Crustacea;Maxillopoda;NA;NA;NA;NA,urn:lsid:marinespecies.org:taxname:1066,Crustacea,Subphylum,Otu397,NCBI:6657,ARMS_Getxo_G1_20200624_20201103_SF40_s1_r1
ARMS_Getxo_G1_20200624_20201103_SF40_s1_r1:Otu399,MaterialSample,ARMS-MBON,data_release_002,present,ARMS_Getxo_G1_20200624_20201103,SAMEA10021242,2020-06-24/2020-11-03,3,DNA sequence reads,28234,DNA sequence reads,https://github.com/arms-mbon/documentation/tree/main/armsmbon_handbook,ERR7127672,PEMA v2.1.4 https://github.com/hariszaf/pema | https://github.com/arms-mbon/analysis_release_002/tree/main/parameter_files,CREST classifier; Minimum bit-score 155; LCA bitscore range 2% | PR2 v4.13 | VSEARCH v2.9.1; clustering similarity 97%,Abra de Bilbao (http://marineregions.org/mrgid/17355),43.338452,-3.014833,ES,Getxo_G1,5.0,10.0,Marina; semi-industrial; 9.6 - Subtidal Muddy,,Was a crate cover used when retrieving the unit: not provided; Which component of the ARMS unit material was extracted: Sessile,https://github.com/arms-mbon/data_release_002,Main genome;Eukaryota;Opisthokonta;Metazoa;Bryozoa;Cryptosula;pallasiana;NA;NA;NA;Cryptosula pallasiana,urn:lsid:marinespecies.org:taxname:111343,Cryptosula pallasiana,Species,Otu399,NCBI:558755,ARMS_Getxo_G1_20200624_20201103_SF40_s1_r1
ARMS_Getxo_G1_20200624_20201103_SF40_s1_r1:Otu248,MaterialSample,ARMS-MBON,data_release_002,present,ARMS_Getxo_G1_20200624_20201103,SAMEA10021242,2020-06-24/2020-11-03,9,DNA sequence reads,28234,DNA sequence reads,https://github.com/arms-mbon/documentation/tree/main/armsmbon_handbook,ERR7127672,PEMA v2.1.4 https://github.com/hariszaf/pema | https://github.com/arms-mbon/analysis_release_002/tree/main/parameter_files,CREST classifier; Minimum bit-score 155; LCA bitscore range 2% | PR2 v4.13 | VSEARCH v2.9.1; clustering similarity 97%,Abra de Bilbao (http://marineregions.org/mrgid/17355),43.338452,-3.014833,ES,Getxo_G1,5.0,10.0,Marina; semi-industrial; 9.6 - Subtidal Muddy,,Was a crate cover used when retrieving the unit: not provided; Which component of the ARMS unit material was extracted: Sessile,https://github.com/arms-mbon/data_release_002,Main genome;Eukaryota;Archaeplastida;Chlorophyta;Chloropicophyceae;Chloropicales;Chloropicaceae;Chloroparvula;B3;NA;NA,urn:lsid:marinespecies.org:taxname:1361157,Chloroparvula,Genus,Otu248,NCBI:1330081,ARMS_Getxo_G1_20200624_20201103_SF40_s1_r1
ARMS_Getxo_G1_20200624_20201103_SF40_s1_r1:Otu249,MaterialSample,ARMS-MBON,data_release_002,present,ARMS_Getxo_G1_20200624_20201103,SAMEA10021242,2020-06-24/2020-11-03,6,DNA sequence reads,28234,DNA sequence reads,https://github.com/arms-mbon/documentation/tree/main/armsmbon_handbook,ERR7127672,PEMA v2.1.4 https://github.com/hariszaf/pema | https://github.com/arms-mbon/analysis_release_002/tree/main/parameter_files,CREST classifier; Minimum bit-score 155; LCA bitscore range 2% | PR2 v4.13 | VSEARCH v2.9.1; clustering similarity 97%,Abra de Bilbao (http://marineregions.org/mrgid/17355),43.338452,-3.014833,ES,Getxo_G1,5.0,10.0,Marina; semi-industrial; 9.6 - Subtidal Muddy,uncertain classification (not marine),Was a crate cover used when retrieving the unit: not provided; Which component of the ARMS unit material was extracted: Sessile,https://github.com/arms-mbon/data_release_002,Main genome;Eukaryota;Opisthokonta;Metazoa;Annelida;NA;NA;NA;NA;NA;NA,urn:lsid:marinespecies.org:taxname:882,Annelida,Phylum,Otu249,NCBI:6340,ARMS_Getxo_G1_20200624_20201103_SF40_s1_r1
ARMS_Getxo_G1_20200624_20201103_SF40_s1_r1:Otu53,MaterialSample,ARMS-MBON,data_release_002,present,ARMS_Getxo_G1_20200624_20201103,SAMEA10021242,2020-06-24/2020-11-03,93,DNA sequence reads,28234,DNA sequence reads,https://github.com/arms-mbon/documentation/tree/main/armsmbon_handbook,ERR7127672,PEMA v2.1.4 https://github.com/hariszaf/pema | https://github.com/arms-mbon/analysis_release_002/tree/main/parameter_files,CREST classifier; Minimum bit-score 155; LCA bitscore range 2% | PR2 v4.13 | VSEARCH v2.9.1; clustering similarity 97%,Abra de Bilbao (http://marineregions.org/mrgid/17355),43.338452,-3.014833,ES,Getxo_G1,5.0,10.0,Marina; semi-industrial; 9.6 - Subtidal Muddy,uncertain classification (not marine),Was a crate cover used when retrieving the unit: not provided; Which component of the ARMS unit material was extracted: Sessile,https://github.com/arms-mbon/data_release_002,Main genome;Eukaryota;Alveolata;Dinoflagellata;Dinophyceae;NA;NA;NA;NA;NA;NA,urn:lsid:marinespecies.org:taxname:146203,Dinoflagellata,Infraphylum,Otu53,NCBI:2864,ARMS_Getxo_G1_20200624_20201103_SF40_s1_r1
ARMS_Getxo_G1_20200624_20201103_SF40_s1_r1:Otu361,MaterialSample,ARMS-MBON,data_release_002,present,ARMS_Getxo_G1_20200624_20201103,SAMEA10021242,2020-06-24/2020-11-03,2,DNA sequence reads,28234,DNA sequence reads,https://github.com/arms-mbon/documentation/tree/main/armsmbon_handbook,ERR7127672,PEMA v2.1.4 https://github.com/hariszaf/pema | https://github.com/arms-mbon/analysis_release_002/tree/main/parameter_files,CREST classifier; Minimum bit-score 155; LCA bitscore range 2% | PR2 v4.13 | VSEARCH v2.9.1; clustering similarity 97%,Abra de Bilbao (http://marineregions.org/mrgid/17355),43.338452,-3.014833,ES,Getxo_G1,5.0,10.0,Marina; semi-industrial; 9.6 - Subtidal Muddy,,Was a crate cover used when retrieving the unit: not provided; Which component of the ARMS unit material was extracted: Sessile,https://github.com/arms-mbon/data_release_002,Main genome;Eukaryota;Opisthokonta;Metazoa;Mollusca;Bivalvia;Pectinoida;NA;NA;NA;NA,urn:lsid:marinespecies.org:taxname:387324,Pectinida,Order,Otu361,NCBI:106218,ARMS_Getxo_G1_20200624_20201103_SF40_s1_r1
ARMS_Getxo_G1_20200624_20201103_SF40_s1_r1:Otu132,MaterialSample,ARMS-MBON,data_release_002,present,ARMS_Getxo_G1_20200624_20201103,SAMEA10021242,2020-06-24/2020-11-03,17,DNA sequence reads,28234,DNA sequence reads,https://github.com/arms-mbon/documentation/tree/main/armsmbon_handbook,ERR7127672,PEMA v2.1.4 https://github.com/hariszaf/pema | https://github.com/arms-mbon/analysis_release_002/tree/main/parameter_files,CREST classifier; Minimum bit-score 155; LCA bitscore range 2% | PR2 v4.13 | VSEARCH v2.9.1; clustering similarity 97%,Abra de Bilbao (http://marineregions.org/mrgid/17355),43.338452,-3.014833,ES,Getxo_G1,5.0,10.0,Marina; semi-industrial; 9.6 - Subtidal Muddy,,Was a crate cover used when retrieving the unit: not provided; Which component of the ARMS unit material was extracted: Sessile,https://github.com/arms-mbon/data_release_002,Main genome;Eukaryota;Opisthokonta;Metazoa;Cnidaria;Hydrozoa;NA;NA;NA;NA;NA,urn:lsid:marinespecies.org:taxname:1337,Hydrozoa,Class,Otu132,NCBI:6074,ARMS_Getxo_G1_20200624_20201103_SF40_s1_r1
ARMS_Getxo_G1_20200624_20201103_SF40_s1_r1:Otu133,MaterialSample,ARMS-MBON,data_release_002,present,ARMS_Getxo_G1_20200624_20201103,SAMEA10021242,2020-06-24/2020-11-03,14,DNA sequence reads,28234,DNA sequence reads,https://github.com/arms-mbon/documentation/tree/main/armsmbon_handbook,ERR7127672,PEMA v2.1.4 https://github.com/hariszaf/pema | https://github.com/arms-mbon/analysis_release_002/tree/main/parameter_files,CREST classifier; Minimum bit-score 155; LCA bitscore range 2% | PR2 v4.13 | VSEARCH v2.9.1; clustering similarity 97%,Abra de Bilbao (http://marineregions.org/mrgid/17355),43.338452,-3.014833,ES,Getxo_G1,5.0,10.0,Marina; semi-industrial; 9.6 - Subtidal Muddy,uncertain classification (not marine),Was a crate cover used when retrieving the unit: not provided; Which component of the ARMS unit material was extracted: Sessile,https://github.com/arms-mbon/data_release_002,Main genome;Eukaryota;Alveolata;Apicomplexa;Gregarinomorphea;Eugregarinorida;NA;NA;NA;NA;NA,urn:lsid:marinespecies.org:taxname:394869,Eugregarinorida,Order,Otu133,NCBI:35087,ARMS_Getxo_G1_20200624_20201103_SF40_s1_r1
ARMS_Getxo_G1_20200624_20201103_SF40_s1_r1:Otu134,MaterialSample,ARMS-MBON,data_release_002,present,ARMS_Getxo_G1_20200624_20201103,SAMEA10021242,2020-06-24/2020-11-03,20,DNA sequence reads,28234,DNA sequence reads,https://github.com/arms-mbon/documentation/tree/main/armsmbon_handbook,ERR7127672,PEMA v2.1.4 https://github.com/hariszaf/pema | https://github.com/arms-mbon/analysis_release_002/tree/main/parameter_files,CREST classifier; Minimum bit-score 155; LCA bitscore range 2% | PR2 v4.13 | VSEARCH v2.9.1; clustering similarity 97%,Abra de Bilbao (http://marineregions.org/mrgid/17355),43.338452,-3.014833,ES,Getxo_G1,5.0,10.0,Marina; semi-industrial; 9.6 - Subtidal Muddy,,Was a crate cover used when retrieving the unit: not provided; Which component of the ARMS unit material was extracted: Sessile,https://github.com/arms-mbon/data_release_002,Main genome;Eukaryota;NA;NA;NA;NA;NA;NA;NA;NA;NA,,Eukaryota,domain,Otu134,NCBI:2759,ARMS_Getxo_G1_20200624_20201103_SF40_s1_r1
ARMS_Getxo_G1_20200624_20201103_SF40_s1_r1:Otu16,MaterialSample,ARMS-MBON,data_release_002,present,ARMS_Getxo_G1_20200624_20201103,SAMEA10021242,2020-06-24/2020-11-03,7,DNA sequence reads,28234,DNA sequence reads,https://github.com/arms-mbon/documentation/tree/main/armsmbon_handbook,ERR7127672,PEMA v2.1.4 https://github.com/hariszaf/pema | https://github.com/arms-mbon/analysis_release_002/tree/main/parameter_files,CREST classifier; Minimum bit-score 155; LCA bitscore range 2% | PR2 v4.13 | VSEARCH v2.9.1; clustering similarity 97%,Abra de Bilbao (http://marineregions.org/mrgid/17355),43.338452,-3.014833,ES,Getxo_G1,5.0,10.0,Marina; semi-industrial; 9.6 - Subtidal Muddy,,Was a crate cover used when retrieving the unit: not provided; Which component of the ARMS unit material was extracted: Sessile,https://github.com/arms-mbon/data_release_002,Main genome;Eukaryota;Alveolata;Ciliophora;Heterotrichea;Folliculinidae;NA;NA;NA;NA;NA,urn:lsid:marinespecies.org:taxname:1692,Folliculinidae,Family,Otu16,NCBI:219170,ARMS_Getxo_G1_20200624_20201103_SF40_s1_r1
ARMS_Getxo_G1_20200624_20201103_SF40_s1_r1:Otu10,MaterialSample,ARMS-MBON,data_release_002,present,ARMS_Getxo_G1_20200624_20201103,SAMEA10021242,2020-06-24/2020-11-03,522,DNA sequence reads,28234,DNA sequence reads,https://github.com/arms-mbon/documentation/tree/main/armsmbon_handbook,ERR7127672,PEMA v2.1.4 https://github.com/hariszaf/pema | https://github.com/arms-mbon/analysis_release_002/tree/main/parameter_files,CREST classifier; Minimum bit-score 155; LCA bitscore range 2% | PR2 v4.13 | VSEARCH v2.9.1; clustering similarity 97%,Abra de Bilbao (http://marineregions.org/mrgid/17355),43.338452,-3.014833,ES,Getxo_G1,5.0,10.0,Marina; semi-industrial; 9.6 - Subtidal Muddy,uncertain classification (not marine),Was a crate cover used when retrieving the unit: not provided; Which component of the ARMS unit material was extracted: Sessile,https://github.com/arms-mbon/data_release_002,Main genome;Eukaryota;Opisthokonta;Metazoa;Mollusca;Gastropoda;Neritopsina;NA;NA;NA;NA,urn:lsid:marinespecies.org:taxname:156484,Neritimorpha,Subclass,Otu10,NCBI:119397,ARMS_Getxo_G1_20200624_20201103_SF40_s1_r1
ARMS_Getxo_G1_20200624_20201103_SF40_s1_r1:Otu11,MaterialSample,ARMS-MBON,data_release_002,present,ARMS_Getxo_G1_20200624_20201103,SAMEA10021242,2020-06-24/2020-11-03,6,DNA sequence reads,28234,DNA sequence reads,https://github.com/arms-mbon/documentation/tree/main/armsmbon_handbook,ERR7127672,PEMA v2.1.4 https://github.com/hariszaf/pema | https://github.com/arms-mbon/analysis_release_002/tree/main/parameter_files,CREST classifier; Minimum bit-score 155; LCA bitscore range 2% | PR2 v4.13 | VSEARCH v2.9.1; clustering similarity 97%,Abra de Bilbao (http://marineregions.org/mrgid/17355),43.338452,-3.014833,ES,Getxo_G1,5.0,10.0,Marina; semi-industrial; 9.6 - Subtidal Muddy,,Was a crate cover used when retrieving the unit: not provided; Which component of the ARMS unit material was extracted: Sessile,https://github.com/arms-mbon/data_release_002,Main genome;Eukaryota;Opisthokonta;Metazoa;Arthropoda;Crustacea;Maxillopoda;Paramenophia;NA;NA;NA,urn:lsid:marinespecies.org:taxname:150175,Paramenophia,Genus,Otu11,NCBI:512235,ARMS_Getxo_G1_20200624_20201103_SF40_s1_r1
ARMS_Getxo_G1_20200624_20201103_SF40_s1_r1:Otu13,MaterialSample,ARMS-MBON,data_release_002,present,ARMS_Getxo_G1_20200624_20201103,SAMEA10021242,2020-06-24/2020-11-03,2,DNA sequence reads,28234,DNA sequence reads,https://github.com/arms-mbon/documentation/tree/main/armsmbon_handbook,ERR7127672,PEMA v2.1.4 https://github.com/hariszaf/pema | https://github.com/arms-mbon/analysis_release_002/tree/main/parameter_files,CREST classifier; Minimum bit-score 155; LCA bitscore range 2% | PR2 v4.13 | VSEARCH v2.9.1; clustering similarity 97%,Abra de Bilbao (http://marineregions.org/mrgid/17355),43.338452,-3.014833,ES,Getxo_G1,5.0,10.0,Marina; semi-industrial; 9.6 - Subtidal Muddy,uncertain classification (not marine),Was a crate cover used when retrieving the unit: not provided; Which component of the ARMS unit material was extracted: Sessile,https://github.com/arms-mbon/data_release_002,Main genome;Eukaryota;Opisthokonta;Metazoa;Mollusca;Gastropoda;Caenogastropoda;NA;NA;NA;NA,urn:lsid:marinespecies.org:taxname:224570,Caenogastropoda,Subclass,Otu13,NCBI:69555,ARMS_Getxo_G1_20200624_20201103_SF40_s1_r1
ARMS_Getxo_G1_20200624_20201103_SF40_s1_r1:Otu18,MaterialSample,ARMS-MBON,data_release_002,present,ARMS_Getxo_G1_20200624_20201103,SAMEA10021242,2020-06-24/2020-11-03,730,DNA sequence reads,28234,DNA sequence reads,https://github.com/arms-mbon/documentation/tree/main/armsmbon_handbook,ERR7127672,PEMA v2.1.4 https://github.com/hariszaf/pema | https://github.com/arms-mbon/analysis_release_002/tree/main/parameter_files,CREST classifier; Minimum bit-score 155; LCA bitscore range 2% | PR2 v4.13 | VSEARCH v2.9.1; clustering similarity 97%,Abra de Bilbao (http://marineregions.org/mrgid/17355),43.338452,-3.014833,ES,Getxo_G1,5.0,10.0,Marina; semi-industrial; 9.6 - Subtidal Muddy,uncertain classification (not marine),Was a crate cover used when retrieving the unit: not provided; Which component of the ARMS unit material was extracted: Sessile,https://github.com/arms-mbon/data_release_002,Main genome;Eukaryota;Opisthokonta;Metazoa;Annelida;NA;NA;NA;NA;NA;NA,urn:lsid:marinespecies.org:taxname:882,Annelida,Phylum,Otu18,NCBI:6340,ARMS_Getxo_G1_20200624_20201103_SF40_s1_r1
ARMS_Getxo_G1_20200624_20201103_SF40_s1_r1:Otu19,MaterialSample,ARMS-MBON,data_release_002,present,ARMS_Getxo_G1_20200624_20201103,SAMEA10021242,2020-06-24/2020-11-03,600,DNA sequence reads,28234,DNA sequence reads,https://github.com/arms-mbon/documentation/tree/main/armsmbon_handbook,ERR7127672,PEMA v2.1.4 https://github.com/hariszaf/pema | https://github.com/arms-mbon/analysis_release_002/tree/main/parameter_files,CREST classifier; Minimum bit-score 155; LCA bitscore range 2% | PR2 v4.13 | VSEARCH v2.9.1; clustering similarity 97%,Abra de Bilbao (http://marineregions.org/mrgid/17355),43.338452,-3.014833,ES,Getxo_G1,5.0,10.0,Marina; semi-industrial; 9.6 - Subtidal Muddy,,Was a crate cover used when retrieving the unit: not provided; Which component of the ARMS unit material was extracted: Sessile,https://github.com/arms-mbon/data_release_002,Main genome;Eukaryota;Opisthokonta;Metazoa;Urochordata;Ascidiacea;Chelyosoma;NA;NA;NA;NA,urn:lsid:marinespecies.org:taxname:103494,Chelyosoma,Genus,Otu19,NCBI:71176,ARMS_Getxo_G1_20200624_20201103_SF40_s1_r1
ARMS_Getxo_G1_20200624_20201103_SF40_s1_r1:Otu189,MaterialSample,ARMS-MBON,data_release_002,present,ARMS_Getxo_G1_20200624_20201103,SAMEA10021242,2020-06-24/2020-11-03,9,DNA sequence reads,28234,DNA sequence reads,https://github.com/arms-mbon/documentation/tree/main/armsmbon_handbook,ERR7127672,PEMA v2.1.4 https://github.com/hariszaf/pema | https://github.com/arms-mbon/analysis_release_002/tree/main/parameter_files,CREST classifier; Minimum bit-score 155; LCA bitscore range 2% | PR2 v4.13 | VSEARCH v2.9.1; clustering similarity 97%,Abra de Bilbao (http://marineregions.org/mrgid/17355),43.338452,-3.014833,ES,Getxo_G1,5.0,10.0,Marina; semi-industrial; 9.6 - Subtidal Muddy,,Was a crate cover used when retrieving the unit: not provided; Which component of the ARMS unit material was extracted: Sessile,https://github.com/arms-mbon/data_release_002,Main genome;Eukaryota;Rhizaria;Cercozoa;Endomyxa-Phytomyxea;Plasmodiophorida;Polymyxa-lineage;Polymyxa;NA;NA;NA,,Polymyxa,genus,Otu189,NCBI:41455,ARMS_Getxo_G1_20200624_20201103_SF40_s1_r1
ARMS_Getxo_G1_20200624_20201103_SF40_s1_r1:Otu188,MaterialSample,ARMS-MBON,data_release_002,present,ARMS_Getxo_G1_20200624_20201103,SAMEA10021242,2020-06-24/2020-11-03,11,DNA sequence reads,28234,DNA sequence reads,https://github.com/arms-mbon/documentation/tree/main/armsmbon_handbook,ERR7127672,PEMA v2.1.4 https://github.com/hariszaf/pema | https://github.com/arms-mbon/analysis_release_002/tree/main/parameter_files,CREST classifier; Minimum bit-score 155; LCA bitscore range 2% | PR2 v4.13 | VSEARCH v2.9.1; clustering similarity 97%,Abra de Bilbao (http://marineregions.org/mrgid/17355),43.338452,-3.014833,ES,Getxo_G1,5.0,10.0,Marina; semi-industrial; 9.6 - Subtidal Muddy,uncertain classification (not marine),Was a crate cover used when retrieving the unit: not provided; Which component of the ARMS unit material was extracted: Sessile,https://github.com/arms-mbon/data_release_002,Main genome;Eukaryota;Opisthokonta;Fungi;Chytridiomycota;Chytridiomycotina;Chytridiomycetes;NA;NA;NA;NA,urn:lsid:marinespecies.org:taxname:172237,Chytridiomycetes,Class,Otu188,NCBI:451435,ARMS_Getxo_G1_20200624_20201103_SF40_s1_r1
ARMS_Getxo_G2_20200624_20201103_MF100_s1_r1:Otu29,MaterialSample,ARMS-MBON,data_release_002,present,ARMS_Getxo_G2_20200624_20201103,SAMEA10021248,2020-06-24/2020-11-03,2,DNA sequence reads,6,DNA sequence reads,https://github.com/arms-mbon/documentation/tree/main/armsmbon_handbook,ERR7127678,PEMA v2.1.4 https://github.com/hariszaf/pema | https://github.com/arms-mbon/analysis_release_002/tree/main/parameter_files,CREST classifier; Minimum bit-score 155; LCA bitscore range 2% | PR2 v4.13 | VSEARCH v2.9.1; clustering similarity 97%,Abra de Bilbao (http://marineregions.org/mrgid/17355),43.3385,-3.01491,ES,Getxo_G2,5.0,10.0,Marina; semi-industrial; 9.6 - Subtidal Muddy,,Was a crate cover used when retrieving the unit: not provided; Which component of the ARMS unit material was extracted: Motile,https://github.com/arms-mbon/data_release_002,Main genome;Eukaryota;Stramenopiles;Ochrophyta;Bacillariophyta;Raphid-pennate;NA;NA;NA;NA;NA,urn:lsid:marinespecies.org:taxname:148898,Bacillariophyta,Phylum,Otu29,NCBI:2836,ARMS_Getxo_G2_20200624_20201103_MF100_s1_r1
ARMS_Getxo_G2_20200624_20201103_MF100_s1_r1:Otu155,MaterialSample,ARMS-MBON,data_release_002,present,ARMS_Getxo_G2_20200624_20201103,SAMEA10021248,2020-06-24/2020-11-03,2,DNA sequence reads,6,DNA sequence reads,https://github.com/arms-mbon/documentation/tree/main/armsmbon_handbook,ERR7127678,PEMA v2.1.4 https://github.com/hariszaf/pema | https://github.com/arms-mbon/analysis_release_002/tree/main/parameter_files,CREST classifier; Minimum bit-score 155; LCA bitscore range 2% | PR2 v4.13 | VSEARCH v2.9.1; clustering similarity 97%,Abra de Bilbao (http://marineregions.org/mrgid/17355),43.3385,-3.01491,ES,Getxo_G2,5.0,10.0,Marina; semi-industrial; 9.6 - Subtidal Muddy,,Was a crate cover used when retrieving the unit: not provided; Which component of the ARMS unit material was extracted: Motile,https://github.com/arms-mbon/data_release_002,Main genome;Eukaryota;Stramenopiles;Ochrophyta;Bacillariophyta;Polar-centric-Mediophyceae;NA;NA;NA;NA;NA,urn:lsid:marinespecies.org:taxname:345483,Mediophyceae,Class,Otu155,NCBI:589449,ARMS_Getxo_G2_20200624_20201103_MF100_s1_r1
ARMS_Getxo_G2_20200624_20201103_MF100_s1_r1:Otu7,MaterialSample,ARMS-MBON,data_release_002,present,ARMS_Getxo_G2_20200624_20201103,SAMEA10021248,2020-06-24/2020-11-03,2,DNA sequence reads,6,DNA sequence reads,https://github.com/arms-mbon/documentation/tree/main/armsmbon_handbook,ERR7127678,PEMA v2.1.4 https://github.com/hariszaf/pema | https://github.com/arms-mbon/analysis_release_002/tree/main/parameter_files,CREST classifier; Minimum bit-score 155; LCA bitscore range 2% | PR2 v4.13 | VSEARCH v2.9.1; clustering similarity 97%,Abra de Bilbao (http://marineregions.org/mrgid/17355),43.3385,-3.01491,ES,Getxo_G2,5.0,10.0,Marina; semi-industrial; 9.6 - Subtidal Muddy,,Was a crate cover used when retrieving the unit: not provided; Which component of the ARMS unit material was extracted: Motile,https://github.com/arms-mbon/data_release_002,Main genome;Eukaryota;Opisthokonta;Metazoa;Arthropoda;Crustacea;Maxillopoda;Megabalanus;NA;NA;NA,urn:lsid:marinespecies.org:taxname:106123,Megabalanus,Genus,Otu7,NCBI:6679,ARMS_Getxo_G2_20200624_20201103_MF100_s1_r1
ARMS_Getxo_G2_20200624_20201103_SF40_s1_r1:Otu385,MaterialSample,ARMS-MBON,data_release_002,present,ARMS_Getxo_G2_20200624_20201103,SAMEA10021251,2020-06-24/2020-11-03,2,DNA sequence reads,13839,DNA sequence reads,https://github.com/arms-mbon/documentation/tree/main/armsmbon_handbook,ERR7127681,PEMA v2.1.4 https://github.com/hariszaf/pema | https://github.com/arms-mbon/analysis_release_002/tree/main/parameter_files,CREST classifier; Minimum bit-score 155; LCA bitscore range 2% | PR2 v4.13 | VSEARCH v2.9.1; clustering similarity 97%,Abra de Bilbao (http://marineregions.org/mrgid/17355),43.3385,-3.01491,ES,Getxo_G2,5.0,10.0,Marina; semi-industrial; 9.6 - Subtidal Muddy,uncertain classification (not marine),Was a crate cover used when retrieving the unit: not provided; Which component of the ARMS unit material was extracted: Sessile,https://github.com/arms-mbon/data_release_002,Main genome;Eukaryota;Opisthokonta;Metazoa;Annelida;NA;NA;NA;NA;NA;NA,urn:lsid:marinespecies.org:taxname:882,Annelida,Phylum,Otu385,NCBI:6340,ARMS_Getxo_G2_20200624_20201103_SF40_s1_r1
ARMS_Getxo_G2_20200624_20201103_SF40_s1_r1:Otu251,MaterialSample,ARMS-MBON,data_release_002,present,ARMS_Getxo_G2_20200624_20201103,SAMEA10021251,2020-06-24/2020-11-03,5,DNA sequence reads,13839,DNA sequence reads,https://github.com/arms-mbon/documentation/tree/main/armsmbon_handbook,ERR7127681,PEMA v2.1.4 https://github.com/hariszaf/pema | https://github.com/arms-mbon/analysis_release_002/tree/main/parameter_files,CREST classifier; Minimum bit-score 155; LCA bitscore range 2% | PR2 v4.13 | VSEARCH v2.9.1; clustering similarity 97%,Abra de Bilbao (http://marineregions.org/mrgid/17355),43.3385,-3.01491,ES,Getxo_G2,5.0,10.0,Marina; semi-industrial; 9.6 - Subtidal Muddy,,Was a crate cover used when retrieving the unit: not provided; Which component of the ARMS unit material was extracted: Sessile,https://github.com/arms-mbon/data_release_002,Main genome;Eukaryota;Opisthokonta;Metazoa;Annelida;Ficopomatus;enigmaticus;NA;NA;NA;Ficopomatus enigmaticus,urn:lsid:marinespecies.org:taxname:130988,Ficopomatus enigmaticus,Species,Otu251,NCBI:283780,ARMS_Getxo_G2_20200624_20201103_SF40_s1_r1
ARMS_Getxo_G2_20200624_20201103_SF40_s1_r1:Otu257,MaterialSample,ARMS-MBON,data_release_002,present,ARMS_Getxo_G2_20200624_20201103,SAMEA10021251,2020-06-24/2020-11-03,10,DNA sequence reads,13839,DNA sequence reads,https://github.com/arms-mbon/documentation/tree/main/armsmbon_handbook,ERR7127681,PEMA v2.1.4 https://github.com/hariszaf/pema | https://github.com/arms-mbon/analysis_release_002/tree/main/parameter_files,CREST classifier; Minimum bit-score 155; LCA bitscore range 2% | PR2 v4.13 | VSEARCH v2.9.1; clustering similarity 97%,Abra de Bilbao (http://marineregions.org/mrgid/17355),43.3385,-3.01491,ES,Getxo_G2,5.0,10.0,Marina; semi-industrial; 9.6 - Subtidal Muddy,,Was a crate cover used when retrieving the unit: not provided; Which component of the ARMS unit material was extracted: Sessile,https://github.com/arms-mbon/data_release_002,Main genome;Eukaryota;Opisthokonta;Metazoa;Mollusca;Bivalvia;Ostreoida;Ostrea;NA;NA;NA,urn:lsid:marinespecies.org:taxname:138298,Ostrea,Genus,Otu257,NCBI:37858,ARMS_Getxo_G2_20200624_20201103_SF40_s1_r1
ARMS_Getxo_G2_20200624_20201103_SF40_s1_r1:Otu258,MaterialSample,ARMS-MBON,data_release_002,present,ARMS_Getxo_G2_20200624_20201103,SAMEA10021251,2020-06-24/2020-11-03,6,DNA sequence reads,13839,DNA sequence reads,https://github.com/arms-mbon/documentation/tree/main/armsmbon_handbook,ERR7127681,PEMA v2.1.4 https://github.com/hariszaf/pema | https://github.com/arms-mbon/analysis_release_002/tree/main/parameter_files,CREST classifier; Minimum bit-score 155; LCA bitscore range 2% | PR2 v4.13 | VSEARCH v2.9.1; clustering similarity 97%,Abra de Bilbao (http://marineregions.org/mrgid/17355),43.3385,-3.01491,ES,Getxo_G2,5.0,10.0,Marina; semi-industrial; 9.6 - Subtidal Muddy,,Was a crate cover used when retrieving the unit: not provided; Which component of the ARMS unit material was extracted: Sessile,https://github.com/arms-mbon/data_release_002,Main genome;Eukaryota;Opisthokonta;Metazoa;Urochordata;Ascidiacea;Ciona;NA;NA;NA;NA,urn:lsid:marinespecies.org:taxname:103488,Ciona,Genus,Otu258,NCBI:7718,ARMS_Getxo_G2_20200624_20201103_SF40_s1_r1
ARMS_Getxo_G2_20200624_20201103_SF40_s1_r1:Otu28,MaterialSample,ARMS-MBON,data_release_002,present,ARMS_Getxo_G2_20200624_20201103,SAMEA10021251,2020-06-24/2020-11-03,212,DNA sequence reads,13839,DNA sequence reads,https://github.com/arms-mbon/documentation/tree/main/armsmbon_handbook,ERR7127681,PEMA v2.1.4 https://github.com/hariszaf/pema | https://github.com/arms-mbon/analysis_release_002/tree/main/parameter_files,CREST classifier; Minimum bit-score 155; LCA bitscore range 2% | PR2 v4.13 | VSEARCH v2.9.1; clustering similarity 97%,Abra de Bilbao (http://marineregions.org/mrgid/17355),43.3385,-3.01491,ES,Getxo_G2,5.0,10.0,Marina; semi-industrial; 9.6 - Subtidal Muddy,,Was a crate cover used when retrieving the unit: not provided; Which component of the ARMS unit material was extracted: Sessile,https://github.com/arms-mbon/data_release_002,Main genome;Eukaryota;Opisthokonta;Metazoa;Mollusca;Bivalvia;Ostreoida;Ostrea;NA;NA;NA,urn:lsid:marinespecies.org:taxname:138298,Ostrea,Genus,Otu28,NCBI:37858,ARMS_Getxo_G2_20200624_20201103_SF40_s1_r1
ARMS_Getxo_G2_20200624_20201103_SF40_s1_r1:Otu176,MaterialSample,ARMS-MBON,data_release_002,present,ARMS_Getxo_G2_20200624_20201103,SAMEA10021251,2020-06-24/2020-11-03,2,DNA sequence reads,13839,DNA sequence reads,https://github.com/arms-mbon/documentation/tree/main/armsmbon_handbook,ERR7127681,PEMA v2.1.4 https://github.com/hariszaf/pema | https://github.com/arms-mbon/analysis_release_002/tree/main/parameter_files,CREST classifier; Minimum bit-score 155; LCA bitscore range 2% | PR2 v4.13 | VSEARCH v2.9.1; clustering similarity 97%,Abra de Bilbao (http://marineregions.org/mrgid/17355),43.3385,-3.01491,ES,Getxo_G2,5.0,10.0,Marina; semi-industrial; 9.6 - Subtidal Muddy,,Was a crate cover used when retrieving the unit: not provided; Which component of the ARMS unit material was extracted: Sessile,https://github.com/arms-mbon/data_release_002,Main genome;Eukaryota;Opisthokonta;Metazoa;Platyhelminthes;Turbellaria;Polycladida;Stylochus;NA;NA;NA,urn:lsid:marinespecies.org:taxname:142245,Stylochus,Genus,Otu176,NCBI:31257,ARMS_Getxo_G2_20200624_20201103_SF40_s1_r1
ARMS_Getxo_G2_20200624_20201103_SF40_s1_r1:Otu513,MaterialSample,ARMS-MBON,data_release_002,present,ARMS_Getxo_G2_20200624_20201103,SAMEA10021251,2020-06-24/2020-11-03,2,DNA sequence reads,13839,DNA sequence reads,https://github.com/arms-mbon/documentation/tree/main/armsmbon_handbook,ERR7127681,PEMA v2.1.4 https://github.com/hariszaf/pema | https://github.com/arms-mbon/analysis_release_002/tree/main/parameter_files,CREST classifier; Minimum bit-score 155; LCA bitscore range 2% | PR2 v4.13 | VSEARCH v2.9.1; clustering similarity 97%,Abra de Bilbao (http://marineregions.org/mrgid/17355),43.3385,-3.01491,ES,Getxo_G2,5.0,10.0,Marina; semi-industrial; 9.6 - Subtidal Muddy,uncertain classification (not marine),Was a crate cover used when retrieving the unit: not provided; Which component of the ARMS unit material was extracted: Sessile,https://github.com/arms-mbon/data_release_002,Main genome;Eukaryota;Stramenopiles;Ochrophyta;Bacillariophyta;Raphid-pennate;Sellaphora;NA;NA;NA;NA,urn:lsid:marinespecies.org:taxname:157078,Sellaphora,Genus,Otu513,NCBI:216740,ARMS_Getxo_G2_20200624_20201103_SF40_s1_r1
ARMS_Getxo_G2_20200624_20201103_SF40_s1_r1:Otu515,MaterialSample,ARMS-MBON,data_release_002,present,ARMS_Getxo_G2_20200624_20201103,SAMEA10021251,2020-06-24/2020-11-03,2,DNA sequence reads,13839,DNA sequence reads,https://github.com/arms-mbon/documentation/tree/main/armsmbon_handbook,ERR7127681,PEMA v2.1.4 https://github.com/hariszaf/pema | https://github.com/arms-mbon/analysis_release_002/tree/main/parameter_files,CREST classifier; Minimum bit-score 155; LCA bitscore range 2% | PR2 v4.13 | VSEARCH v2.9.1; clustering similarity 97%,Abra de Bilbao (http://marineregions.org/mrgid/17355),43.3385,-3.01491,ES,Getxo_G2,5.0,10.0,Marina; semi-industrial; 9.6 - Subtidal Muddy,,Was a crate cover used when retrieving the unit: not provided; Which component of the ARMS unit material was extracted: Sessile,https://github.com/arms-mbon/data_release_002,Main genome;Eukaryota;Opisthokonta;Metazoa;Mollusca;Bivalvia;Ostreoida;Crassostrea;NA;NA;NA,urn:lsid:marinespecies.org:taxname:138297,Crassostrea,Genus,Otu515,NCBI:6564,ARMS_Getxo_G2_20200624_20201103_SF40_s1_r1
ARMS_Getxo_G2_20200624_20201103_SF40_s1_r1:Otu124,MaterialSample,ARMS-MBON,data_release_002,present,ARMS_Getxo_G2_20200624_20201103,SAMEA10021251,2020-06-24/2020-11-03,15,DNA sequence reads,13839,DNA sequence reads,https://github.com/arms-mbon/documentation/tree/main/armsmbon_handbook,ERR7127681,PEMA v2.1.4 https://github.com/hariszaf/pema | https://github.com/arms-mbon/analysis_release_002/tree/main/parameter_files,CREST classifier; Minimum bit-score 155; LCA bitscore range 2% | PR2 v4.13 | VSEARCH v2.9.1; clustering similarity 97%,Abra de Bilbao (http://marineregions.org/mrgid/17355),43.3385,-3.01491,ES,Getxo_G2,5.0,10.0,Marina; semi-industrial; 9.6 - Subtidal Muddy,,Was a crate cover used when retrieving the unit: not provided; Which component of the ARMS unit material was extracted: Sessile,https://github.com/arms-mbon/data_release_002,Main genome;Eukaryota;Opisthokonta;Metazoa;Platyhelminthes;Turbellaria;Prolecithophora;NA;NA;NA;NA,urn:lsid:marinespecies.org:taxname:2854,Prolecithophora,Order,Otu124,NCBI:79788,ARMS_Getxo_G2_20200624_20201103_SF40_s1_r1
ARMS_Getxo_G2_20200624_20201103_SF40_s1_r1:Otu61,MaterialSample,ARMS-MBON,data_release_002,present,ARMS_Getxo_G2_20200624_20201103,SAMEA10021251,2020-06-24/2020-11-03,29,DNA sequence reads,13839,DNA sequence reads,https://github.com/arms-mbon/documentation/tree/main/armsmbon_handbook,ERR7127681,PEMA v2.1.4 https://github.com/hariszaf/pema | https://github.com/arms-mbon/analysis_release_002/tree/main/parameter_files,CREST classifier; Minimum bit-score 155; LCA bitscore range 2% | PR2 v4.13 | VSEARCH v2.9.1; clustering similarity 97%,Abra de Bilbao (http://marineregions.org/mrgid/17355),43.3385,-3.01491,ES,Getxo_G2,5.0,10.0,Marina; semi-industrial; 9.6 - Subtidal Muddy,,Was a crate cover used when retrieving the unit: not provided; Which component of the ARMS unit material was extracted: Sessile,https://github.com/arms-mbon/data_release_002,Main genome;Eukaryota;Opisthokonta;Metazoa;Porifera;Demospongiae;NA;NA;NA;NA;NA,urn:lsid:marinespecies.org:taxname:164811,Demospongiae,Class,Otu61,NCBI:6042,ARMS_Getxo_G2_20200624_20201103_SF40_s1_r1
ARMS_Getxo_G2_20200624_20201103_SF40_s1_r1:Otu468,MaterialSample,ARMS-MBON,data_release_002,present,ARMS_Getxo_G2_20200624_20201103,SAMEA10021251,2020-06-24/2020-11-03,3,DNA sequence reads,13839,DNA sequence reads,https://github.com/arms-mbon/documentation/tree/main/armsmbon_handbook,ERR7127681,PEMA v2.1.4 https://github.com/hariszaf/pema | https://github.com/arms-mbon/analysis_release_002/tree/main/parameter_files,CREST classifier; Minimum bit-score 155; LCA bitscore range 2% | PR2 v4.13 | VSEARCH v2.9.1; clustering similarity 97%,Abra de Bilbao (http://marineregions.org/mrgid/17355),43.3385,-3.01491,ES,Getxo_G2,5.0,10.0,Marina; semi-industrial; 9.6 - Subtidal Muddy,,Was a crate cover used when retrieving the unit: not provided; Which component of the ARMS unit material was extracted: Sessile,https://github.com/arms-mbon/data_release_002,Main genome;Eukaryota;Rhizaria;Radiolaria;NA;NA;NA;NA;NA;NA;NA,urn:lsid:marinespecies.org:taxname:586732,Acantharia,Class,Otu468,NCBI:65574,ARMS_Getxo_G2_20200624_20201103_SF40_s1_r1
ARMS_Getxo_G2_20200624_20201103_SF40_s1_r1:Otu116,MaterialSample,ARMS-MBON,data_release_002,present,ARMS_Getxo_G2_20200624_20201103,SAMEA10021251,2020-06-24/2020-11-03,7,DNA sequence reads,13839,DNA sequence reads,https://github.com/arms-mbon/documentation/tree/main/armsmbon_handbook,ERR7127681,PEMA v2.1.4 https://github.com/hariszaf/pema | https://github.com/arms-mbon/analysis_release_002/tree/main/parameter_files,CREST classifier; Minimum bit-score 155; LCA bitscore range 2% | PR2 v4.13 | VSEARCH v2.9.1; clustering similarity 97%,Abra de Bilbao (http://marineregions.org/mrgid/17355),43.3385,-3.01491,ES,Getxo_G2,5.0,10.0,Marina; semi-industrial; 9.6 - Subtidal Muddy,,Was a crate cover used when retrieving the unit: not provided; Which component of the ARMS unit material was extracted: Sessile,https://github.com/arms-mbon/data_release_002,Main genome;Eukaryota;Opisthokonta;Metazoa;Annelida;Hydroides;trivesiculosus;NA;NA;NA;Hydroides trivesiculosus,urn:lsid:marinespecies.org:taxname:882647,Hydroides trivesiculosa,Species,Otu116,NCBI:3034647,ARMS_Getxo_G2_20200624_20201103_SF40_s1_r1
ARMS_Getxo_G2_20200624_20201103_SF40_s1_r1:Otu36,MaterialSample,ARMS-MBON,data_release_002,present,ARMS_Getxo_G2_20200624_20201103,SAMEA10021251,2020-06-24/2020-11-03,2,DNA sequence reads,13839,DNA sequence reads,https://github.com/arms-mbon/documentation/tree/main/armsmbon_handbook,ERR7127681,PEMA v2.1.4 https://github.com/hariszaf/pema | https://github.com/arms-mbon/analysis_release_002/tree/main/parameter_files,CREST classifier; Minimum bit-score 155; LCA bitscore range 2% | PR2 v4.13 | VSEARCH v2.9.1; clustering similarity 97%,Abra de Bilbao (http://marineregions.org/mrgid/17355),43.3385,-3.01491,ES,Getxo_G2,5.0,10.0,Marina; semi-industrial; 9.6 - Subtidal Muddy,uncertain classification (not marine),Was a crate cover used when retrieving the unit: not provided; Which component of the ARMS unit material was extracted: Sessile,https://github.com/arms-mbon/data_release_002,Main genome;Eukaryota;Alveolata;Ciliophora;Spirotrichea;Hypotrichia;NA;NA;NA;NA;NA,urn:lsid:marinespecies.org:taxname:425500,Hypotrichia,Subclass,Otu36,NCBI:5934,ARMS_Getxo_G2_20200624_20201103_SF40_s1_r1
ARMS_Getxo_G2_20200624_20201103_SF40_s1_r1:Otu33,MaterialSample,ARMS-MBON,data_release_002,present,ARMS_Getxo_G2_20200624_20201103,SAMEA10021251,2020-06-24/2020-11-03,2,DNA sequence reads,13839,DNA sequence reads,https://github.com/arms-mbon/documentation/tree/main/armsmbon_handbook,ERR7127681,PEMA v2.1.4 https://github.com/hariszaf/pema | https://github.com/arms-mbon/analysis_release_002/tree/main/parameter_files,CREST classifier; Minimum bit-score 155; LCA bitscore range 2% | PR2 v4.13 | VSEARCH v2.9.1; clustering similarity 97%,Abra de Bilbao (http://marineregions.org/mrgid/17355),43.3385,-3.01491,ES,Getxo_G2,5.0,10.0,Marina; semi-industrial; 9.6 - Subtidal Muddy,uncertain classification (not marine),Was a crate cover used when retrieving the unit: not provided; Which component of the ARMS unit material was extracted: Sessile,https://github.com/arms-mbon/data_release_002,Main genome;Eukaryota;Opisthokonta;Fungi;NA;NA;NA;NA;NA;NA;NA,urn:lsid:marinespecies.org:taxname:4,Fungi,Kingdom,Otu33,NCBI:4751,ARMS_Getxo_G2_20200624_20201103_SF40_s1_r1
ARMS_Getxo_G2_20200624_20201103_SF40_s1_r1:Otu31,MaterialSample,ARMS-MBON,data_release_002,present,ARMS_Getxo_G2_20200624_20201103,SAMEA10021251,2020-06-24/2020-11-03,17,DNA sequence reads,13839,DNA sequence reads,https://github.com/arms-mbon/documentation/tree/main/armsmbon_handbook,ERR7127681,PEMA v2.1.4 https://github.com/hariszaf/pema | https://github.com/arms-mbon/analysis_release_002/tree/main/parameter_files,CREST classifier; Minimum bit-score 155; LCA bitscore range 2% | PR2 v4.13 | VSEARCH v2.9.1; clustering similarity 97%,Abra de Bilbao (http://marineregions.org/mrgid/17355),43.3385,-3.01491,ES,Getxo_G2,5.0,10.0,Marina; semi-industrial; 9.6 - Subtidal Muddy,,Was a crate cover used when retrieving the unit: not provided; Which component of the ARMS unit material was extracted: Sessile,https://github.com/arms-mbon/data_release_002,Main genome;Eukaryota;Opisthokonta;Metazoa;Cnidaria;Hydrozoa;NA;NA;NA;NA;NA,urn:lsid:marinespecies.org:taxname:1337,Hydrozoa,Class,Otu31,NCBI:6074,ARMS_Getxo_G2_20200624_20201103_SF40_s1_r1
ARMS_Getxo_G2_20200624_20201103_SF40_s1_r1:Otu162,MaterialSample,ARMS-MBON,data_release_002,present,ARMS_Getxo_G2_20200624_20201103,SAMEA10021251,2020-06-24/2020-11-03,12,DNA sequence reads,13839,DNA sequence reads,https://github.com/arms-mbon/documentation/tree/main/armsmbon_handbook,ERR7127681,PEMA v2.1.4 https://github.com/hariszaf/pema | https://github.com/arms-mbon/analysis_release_002/tree/main/parameter_files,CREST classifier; Minimum bit-score 155; LCA bitscore range 2% | PR2 v4.13 | VSEARCH v2.9.1; clustering similarity 97%,Abra de Bilbao (http://marineregions.org/mrgid/17355),43.3385,-3.01491,ES,Getxo_G2,5.0,10.0,Marina; semi-industrial; 9.6 - Subtidal Muddy,uncertain classification (not marine),Was a crate cover used when retrieving the unit: not provided; Which component of the ARMS unit material was extracted: Sessile,https://github.com/arms-mbon/data_release_002,Main genome;Eukaryota;Opisthokonta;Metazoa;Annelida;NA;NA;NA;NA;NA;NA,urn:lsid:marinespecies.org:taxname:882,Annelida,Phylum,Otu162,NCBI:6340,ARMS_Getxo_G2_20200624_20201103_SF40_s1_r1
ARMS_Getxo_G2_20200624_20201103_SF40_s1_r1:Otu161,MaterialSample,ARMS-MBON,data_release_002,present,ARMS_Getxo_G2_20200624_20201103,SAMEA10021251,2020-06-24/2020-11-03,18,DNA sequence reads,13839,DNA sequence reads,https://github.com/arms-mbon/documentation/tree/main/armsmbon_handbook,ERR7127681,PEMA v2.1.4 https://github.com/hariszaf/pema | https://github.com/arms-mbon/analysis_release_002/tree/main/parameter_files,CREST classifier; Minimum bit-score 155; LCA bitscore range 2% | PR2 v4.13 | VSEARCH v2.9.1; clustering similarity 97%,Abra de Bilbao (http://marineregions.org/mrgid/17355),43.3385,-3.01491,ES,Getxo_G2,5.0,10.0,Marina; semi-industrial; 9.6 - Subtidal Muddy,uncertain classification (not marine),Was a crate cover used when retrieving the unit: not provided; Which component of the ARMS unit material was extracted: Sessile,https://github.com/arms-mbon/data_release_002,Main genome;Eukaryota;Opisthokonta;Metazoa;NA;NA;NA;NA;NA;NA;NA,urn:lsid:marinespecies.org:taxname:2,Animalia,Kingdom,Otu161,NCBI:33208,ARMS_Getxo_G2_20200624_20201103_SF40_s1_r1
ARMS_Getxo_G2_20200624_20201103_SF40_s1_r1:Otu500,MaterialSample,ARMS-MBON,data_release_002,present,ARMS_Getxo_G2_20200624_20201103,SAMEA10021251,2020-06-24/2020-11-03,2,DNA sequence reads,13839,DNA sequence reads,https://github.com/arms-mbon/documentation/tree/main/armsmbon_handbook,ERR7127681,PEMA v2.1.4 https://github.com/hariszaf/pema | https://github.com/arms-mbon/analysis_release_002/tree/main/parameter_files,CREST classifier; Minimum bit-score 155; LCA bitscore range 2% | PR2 v4.13 | VSEARCH v2.9.1; clustering similarity 97%,Abra de Bilbao (http://marineregions.org/mrgid/17355),43.3385,-3.01491,ES,Getxo_G2,5.0,10.0,Marina; semi-industrial; 9.6 - Subtidal Muddy,uncertain classification (not marine),Was a crate cover used when retrieving the unit: not provided; Which component of the ARMS unit material was extracted: Sessile,https://github.com/arms-mbon/data_release_002,Main genome;Eukaryota;Opisthokonta;Metazoa;Arthropoda;Crustacea;Maxillopoda;NA;NA;NA;NA,urn:lsid:marinespecies.org:taxname:1066,Crustacea,Subphylum,Otu500,NCBI:6657,ARMS_Getxo_G2_20200624_20201103_SF40_s1_r1
ARMS_Getxo_G2_20200624_20201103_SF40_s1_r1:Otu347,MaterialSample,ARMS-MBON,data_release_002,present,ARMS_Getxo_G2_20200624_20201103,SAMEA10021251,2020-06-24/2020-11-03,7,DNA sequence reads,13839,DNA sequence reads,https://github.com/arms-mbon/documentation/tree/main/armsmbon_handbook,ERR7127681,PEMA v2.1.4 https://github.com/hariszaf/pema | https://github.com/arms-mbon/analysis_release_002/tree/main/parameter_files,CREST classifier; Minimum bit-score 155; LCA bitscore range 2% | PR2 v4.13 | VSEARCH v2.9.1; clustering similarity 97%,Abra de Bilbao (http://marineregions.org/mrgid/17355),43.3385,-3.01491,ES,Getxo_G2,5.0,10.0,Marina; semi-industrial; 9.6 - Subtidal Muddy,uncertain classification (not marine),Was a crate cover used when retrieving the unit: not provided; Which component of the ARMS unit material was extracted: Sessile,https://github.com/arms-mbon/data_release_002,Main genome;Eukaryota;Opisthokonta;Metazoa;Arthropoda;Crustacea;Maxillopoda;NA;NA;NA;NA,urn:lsid:marinespecies.org:taxname:1066,Crustacea,Subphylum,Otu347,NCBI:6657,ARMS_Getxo_G2_20200624_20201103_SF40_s1_r1
ARMS_Getxo_G2_20200624_20201103_SF40_s1_r1:Otu344,MaterialSample,ARMS-MBON,data_release_002,present,ARMS_Getxo_G2_20200624_20201103,SAMEA10021251,2020-06-24/2020-11-03,3,DNA sequence reads,13839,DNA sequence reads,https://github.com/arms-mbon/documentation/tree/main/armsmbon_handbook,ERR7127681,PEMA v2.1.4 https://github.com/hariszaf/pema | https://github.com/arms-mbon/analysis_release_002/tree/main/parameter_files,CREST classifier; Minimum bit-score 155; LCA bitscore range 2% | PR2 v4.13 | VSEARCH v2.9.1; clustering similarity 97%,Abra de Bilbao (http://marineregions.org/mrgid/17355),43.3385,-3.01491,ES,Getxo_G2,5.0,10.0,Marina; semi-industrial; 9.6 - Subtidal Muddy,,Was a crate cover used when retrieving the unit: not provided; Which component of the ARMS unit material was extracted: Sessile,https://github.com/arms-mbon/data_release_002,Main genome;Eukaryota;Opisthokonta;Metazoa;Mollusca;Bivalvia;Heteroconchia;Hiatella;NA;NA;NA,,Hiatella,genus,Otu344,NCBI:120430,ARMS_Getxo_G2_20200624_20201103_SF40_s1_r1
ARMS_Getxo_G2_20200624_20201103_SF40_s1_r1:Otu151,MaterialSample,ARMS-MBON,data_release_002,present,ARMS_Getxo_G2_20200624_20201103,SAMEA10021251,2020-06-24/2020-11-03,2,DNA sequence reads,13839,DNA sequence reads,https://github.com/arms-mbon/documentation/tree/main/armsmbon_handbook,ERR7127681,PEMA v2.1.4 https://github.com/hariszaf/pema | https://github.com/arms-mbon/analysis_release_002/tree/main/parameter_files,CREST classifier; Minimum bit-score 155; LCA bitscore range 2% | PR2 v4.13 | VSEARCH v2.9.1; clustering similarity 97%,Abra de Bilbao (http://marineregions.org/mrgid/17355),43.3385,-3.01491,ES,Getxo_G2,5.0,10.0,Marina; semi-industrial; 9.6 - Subtidal Muddy,uncertain classification (not marine),Was a crate cover used when retrieving the unit: not provided; Which component of the ARMS unit material was extracted: Sessile,https://github.com/arms-mbon/data_release_002,Main genome;Eukaryota;Opisthokonta;Metazoa;Arthropoda;Crustacea;Maxillopoda;NA;NA;NA;NA,urn:lsid:marinespecies.org:taxname:1066,Crustacea,Subphylum,Otu151,NCBI:6657,ARMS_Getxo_G2_20200624_20201103_SF40_s1_r1
ARMS_Getxo_G2_20200624_20201103_SF40_s1_r1:Otu72,MaterialSample,ARMS-MBON,data_release_002,present,ARMS_Getxo_G2_20200624_20201103,SAMEA10021251,2020-06-24/2020-11-03,4,DNA sequence reads,13839,DNA sequence reads,https://github.com/arms-mbon/documentation/tree/main/armsmbon_handbook,ERR7127681,PEMA v2.1.4 https://github.com/hariszaf/pema | https://github.com/arms-mbon/analysis_release_002/tree/main/parameter_files,CREST classifier; Minimum bit-score 155; LCA bitscore range 2% | PR2 v4.13 | VSEARCH v2.9.1; clustering similarity 97%,Abra de Bilbao (http://marineregions.org/mrgid/17355),43.3385,-3.01491,ES,Getxo_G2,5.0,10.0,Marina; semi-industrial; 9.6 - Subtidal Muddy,uncertain classification (not marine),Was a crate cover used when retrieving the unit: not provided; Which component of the ARMS unit material was extracted: Sessile,https://github.com/arms-mbon/data_release_002,Main genome;Eukaryota;Opisthokonta;Metazoa;Annelida;NA;NA;NA;NA;NA;NA,urn:lsid:marinespecies.org:taxname:882,Annelida,Phylum,Otu72,NCBI:6340,ARMS_Getxo_G2_20200624_20201103_SF40_s1_r1
ARMS_Getxo_G2_20200624_20201103_SF40_s1_r1:Otu78,MaterialSample,ARMS-MBON,data_release_002,present,ARMS_Getxo_G2_20200624_20201103,SAMEA10021251,2020-06-24/2020-11-03,30,DNA sequence reads,13839,DNA sequence reads,https://github.com/arms-mbon/documentation/tree/main/armsmbon_handbook,ERR7127681,PEMA v2.1.4 https://github.com/hariszaf/pema | https://github.com/arms-mbon/analysis_release_002/tree/main/parameter_files,CREST classifier; Minimum bit-score 155; LCA bitscore range 2% | PR2 v4.13 | VSEARCH v2.9.1; clustering similarity 97%,Abra de Bilbao (http://marineregions.org/mrgid/17355),43.3385,-3.01491,ES,Getxo_G2,5.0,10.0,Marina; semi-industrial; 9.6 - Subtidal Muddy,,Was a crate cover used when retrieving the unit: not provided; Which component of the ARMS unit material was extracted: Sessile,https://github.com/arms-mbon/data_release_002,Main genome;Eukaryota;Opisthokonta;Metazoa;Annelida;Autolytus;langerhansi;NA;NA;NA;Autolytus langerhansi,urn:lsid:marinespecies.org:taxname:238198,Myrianida langerhansi,Species,Otu78,NCBI:884653,ARMS_Getxo_G2_20200624_20201103_SF40_s1_r1
ARMS_Getxo_G2_20200624_20201103_SF40_s1_r1:Otu235,MaterialSample,ARMS-MBON,data_release_002,present,ARMS_Getxo_G2_20200624_20201103,SAMEA10021251,2020-06-24/2020-11-03,2,DNA sequence reads,13839,DNA sequence reads,https://github.com/arms-mbon/documentation/tree/main/armsmbon_handbook,ERR7127681,PEMA v2.1.4 https://github.com/hariszaf/pema | https://github.com/arms-mbon/analysis_release_002/tree/main/parameter_files,CREST classifier; Minimum bit-score 155; LCA bitscore range 2% | PR2 v4.13 | VSEARCH v2.9.1; clustering similarity 97%,Abra de Bilbao (http://marineregions.org/mrgid/17355),43.3385,-3.01491,ES,Getxo_G2,5.0,10.0,Marina; semi-industrial; 9.6 - Subtidal Muddy,uncertain classification (not marine),Was a crate cover used when retrieving the unit: not provided; Which component of the ARMS unit material was extracted: Sessile,https://github.com/arms-mbon/data_release_002,Main genome;Eukaryota;Opisthokonta;Metazoa;Arthropoda;Crustacea;Maxillopoda;NA;NA;NA;NA,urn:lsid:marinespecies.org:taxname:1066,Crustacea,Subphylum,Otu235,NCBI:6657,ARMS_Getxo_G2_20200624_20201103_SF40_s1_r1
ARMS_Getxo_G2_20200624_20201103_SF40_s1_r1:Otu9,MaterialSample,ARMS-MBON,data_release_002,present,ARMS_Getxo_G2_20200624_20201103,SAMEA10021251,2020-06-24/2020-11-03,7,DNA sequence reads,13839,DNA sequence reads,https://github.com/arms-mbon/documentation/tree/main/armsmbon_handbook,ERR7127681,PEMA v2.1.4 https://github.com/hariszaf/pema | https://github.com/arms-mbon/analysis_release_002/tree/main/parameter_files,CREST classifier; Minimum bit-score 155; LCA bitscore range 2% | PR2 v4.13 | VSEARCH v2.9.1; clustering similarity 97%,Abra de Bilbao (http://marineregions.org/mrgid/17355),43.3385,-3.01491,ES,Getxo_G2,5.0,10.0,Marina; semi-industrial; 9.6 - Subtidal Muddy,,Was a crate cover used when retrieving the unit: not provided; Which component of the ARMS unit material was extracted: Sessile,https://github.com/arms-mbon/data_release_002,Main genome;Eukaryota;Opisthokonta;Metazoa;Cnidaria;Anthozoa;NA;NA;NA;NA;NA,urn:lsid:marinespecies.org:taxname:1292,Anthozoa,Subphylum,Otu9,NCBI:6101,ARMS_Getxo_G2_20200624_20201103_SF40_s1_r1
ARMS_Getxo_G2_20200624_20201103_SF40_s1_r1:Otu7,MaterialSample,ARMS-MBON,data_release_002,present,ARMS_Getxo_G2_20200624_20201103,SAMEA10021251,2020-06-24/2020-11-03,1079,DNA sequence reads,13839,DNA sequence reads,https://github.com/arms-mbon/documentation/tree/main/armsmbon_handbook,ERR7127681,PEMA v2.1.4 https://github.com/hariszaf/pema | https://github.com/arms-mbon/analysis_release_002/tree/main/parameter_files,CREST classifier; Minimum bit-score 155; LCA bitscore range 2% | PR2 v4.13 | VSEARCH v2.9.1; clustering similarity 97%,Abra de Bilbao (http://marineregions.org/mrgid/17355),43.3385,-3.01491,ES,Getxo_G2,5.0,10.0,Marina; semi-industrial; 9.6 - Subtidal Muddy,,Was a crate cover used when retrieving the unit: not provided; Which component of the ARMS unit material was extracted: Sessile,https://github.com/arms-mbon/data_release_002,Main genome;Eukaryota;Opisthokonta;Metazoa;Arthropoda;Crustacea;Maxillopoda;Megabalanus;NA;NA;NA,urn:lsid:marinespecies.org:taxname:106123,Megabalanus,Genus,Otu7,NCBI:6679,ARMS_Getxo_G2_20200624_20201103_SF40_s1_r1
ARMS_Getxo_G2_20200624_20201103_SF40_s1_r1:Otu2,MaterialSample,ARMS-MBON,data_release_002,present,ARMS_Getxo_G2_20200624_20201103,SAMEA10021251,2020-06-24/2020-11-03,6,DNA sequence reads,13839,DNA sequence reads,https://github.com/arms-mbon/documentation/tree/main/armsmbon_handbook,ERR7127681,PEMA v2.1.4 https://github.com/hariszaf/pema | https://github.com/arms-mbon/analysis_release_002/tree/main/parameter_files,CREST classifier; Minimum bit-score 155; LCA bitscore range 2% | PR2 v4.13 | VSEARCH v2.9.1; clustering similarity 97%,Abra de Bilbao (http://marineregions.org/mrgid/17355),43.3385,-3.01491,ES,Getxo_G2,5.0,10.0,Marina; semi-industrial; 9.6 - Subtidal Muddy,,Was a crate cover used when retrieving the unit: not provided; Which component of the ARMS unit material was extracted: Sessile,https://github.com/arms-mbon/data_release_002,Main genome;Eukaryota;Opisthokonta;Metazoa;Urochordata;Ascidiacea;NA;NA;NA;NA;NA,urn:lsid:marinespecies.org:taxname:1839,Ascidiacea,Class,Otu2,NCBI:7713,ARMS_Getxo_G2_20200624_20201103_SF40_s1_r1
ARMS_Getxo_G2_20200624_20201103_SF40_s1_r1:Otu3,MaterialSample,ARMS-MBON,data_release_002,present,ARMS_Getxo_G2_20200624_20201103,SAMEA10021251,2020-06-24/2020-11-03,11115,DNA sequence reads,13839,DNA sequence reads,https://github.com/arms-mbon/documentation/tree/main/armsmbon_handbook,ERR7127681,PEMA v2.1.4 https://github.com/hariszaf/pema | https://github.com/arms-mbon/analysis_release_002/tree/main/parameter_files,CREST classifier; Minimum bit-score 155; LCA bitscore range 2% | PR2 v4.13 | VSEARCH v2.9.1; clustering similarity 97%,Abra de Bilbao (http://marineregions.org/mrgid/17355),43.3385,-3.01491,ES,Getxo_G2,5.0,10.0,Marina; semi-industrial; 9.6 - Subtidal Muddy,,Was a crate cover used when retrieving the unit: not provided; Which component of the ARMS unit material was extracted: Sessile,https://github.com/arms-mbon/data_release_002,Main genome;Eukaryota;Opisthokonta;Metazoa;Mollusca;Bivalvia;Ostreoida;Crassostrea;NA;NA;NA,urn:lsid:marinespecies.org:taxname:138297,Crassostrea,Genus,Otu3,NCBI:6564,ARMS_Getxo_G2_20200624_20201103_SF40_s1_r1
ARMS_Getxo_G2_20200624_20201103_SF40_s1_r1:Otu52,MaterialSample,ARMS-MBON,data_release_002,present,ARMS_Getxo_G2_20200624_20201103,SAMEA10021251,2020-06-24/2020-11-03,4,DNA sequence reads,13839,DNA sequence reads,https://github.com/arms-mbon/documentation/tree/main/armsmbon_handbook,ERR7127681,PEMA v2.1.4 https://github.com/hariszaf/pema | https://github.com/arms-mbon/analysis_release_002/tree/main/parameter_files,CREST classifier; Minimum bit-score 155; LCA bitscore range 2% | PR2 v4.13 | VSEARCH v2.9.1; clustering similarity 97%,Abra de Bilbao (http://marineregions.org/mrgid/17355),43.3385,-3.01491,ES,Getxo_G2,5.0,10.0,Marina; semi-industrial; 9.6 - Subtidal Muddy,,Was a crate cover used when retrieving the unit: not provided; Which component of the ARMS unit material was extracted: Sessile,https://github.com/arms-mbon/data_release_002,Main genome;Eukaryota;Opisthokonta;Metazoa;Urochordata;Ascidiacea;NA;NA;NA;NA;NA,urn:lsid:marinespecies.org:taxname:1839,Ascidiacea,Class,Otu52,NCBI:7713,ARMS_Getxo_G2_20200624_20201103_SF40_s1_r1
ARMS_Getxo_G2_20200624_20201103_SF40_s1_r1:Otu209,MaterialSample,ARMS-MBON,data_release_002,present,ARMS_Getxo_G2_20200624_20201103,SAMEA10021251,2020-06-24/2020-11-03,3,DNA sequence reads,13839,DNA sequence reads,https://github.com/arms-mbon/documentation/tree/main/armsmbon_handbook,ERR7127681,PEMA v2.1.4 https://github.com/hariszaf/pema | https://github.com/arms-mbon/analysis_release_002/tree/main/parameter_files,CREST classifier; Minimum bit-score 155; LCA bitscore range 2% | PR2 v4.13 | VSEARCH v2.9.1; clustering similarity 97%,Abra de Bilbao (http://marineregions.org/mrgid/17355),43.3385,-3.01491,ES,Getxo_G2,5.0,10.0,Marina; semi-industrial; 9.6 - Subtidal Muddy,uncertain classification (not marine),Was a crate cover used when retrieving the unit: not provided; Which component of the ARMS unit material was extracted: Sessile,https://github.com/arms-mbon/data_release_002,Main genome;Eukaryota;Opisthokonta;Metazoa;Arthropoda;Crustacea;Maxillopoda;NA;NA;NA;NA,urn:lsid:marinespecies.org:taxname:1066,Crustacea,Subphylum,Otu209,NCBI:6657,ARMS_Getxo_G2_20200624_20201103_SF40_s1_r1
ARMS_Getxo_G2_20200624_20201103_SF40_s1_r1:Otu105,MaterialSample,ARMS-MBON,data_release_002,present,ARMS_Getxo_G2_20200624_20201103,SAMEA10021251,2020-06-24/2020-11-03,8,DNA sequence reads,13839,DNA sequence reads,https://github.com/arms-mbon/documentation/tree/main/armsmbon_handbook,ERR7127681,PEMA v2.1.4 https://github.com/hariszaf/pema | https://github.com/arms-mbon/analysis_release_002/tree/main/parameter_files,CREST classifier; Minimum bit-score 155; LCA bitscore range 2% | PR2 v4.13 | VSEARCH v2.9.1; clustering similarity 97%,Abra de Bilbao (http://marineregions.org/mrgid/17355),43.3385,-3.01491,ES,Getxo_G2,5.0,10.0,Marina; semi-industrial; 9.6 - Subtidal Muddy,,Was a crate cover used when retrieving the unit: not provided; Which component of the ARMS unit material was extracted: Sessile,https://github.com/arms-mbon/data_release_002,Main genome;Eukaryota;Alveolata;Ciliophora;Oligohymenophorea;Peritrichia;Zoothamniidae;Zoothamnium;NA;NA;NA,urn:lsid:marinespecies.org:taxname:162403,Zoothamnium,Genus,Otu105,NCBI:168256,ARMS_Getxo_G2_20200624_20201103_SF40_s1_r1
ARMS_Getxo_G2_20200624_20201103_SF40_s1_r1:Otu295,MaterialSample,ARMS-MBON,data_release_002,present,ARMS_Getxo_G2_20200624_20201103,SAMEA10021251,2020-06-24/2020-11-03,5,DNA sequence reads,13839,DNA sequence reads,https://github.com/arms-mbon/documentation/tree/main/armsmbon_handbook,ERR7127681,PEMA v2.1.4 https://github.com/hariszaf/pema | https://github.com/arms-mbon/analysis_release_002/tree/main/parameter_files,CREST classifier; Minimum bit-score 155; LCA bitscore range 2% | PR2 v4.13 | VSEARCH v2.9.1; clustering similarity 97%,Abra de Bilbao (http://marineregions.org/mrgid/17355),43.3385,-3.01491,ES,Getxo_G2,5.0,10.0,Marina; semi-industrial; 9.6 - Subtidal Muddy,,Was a crate cover used when retrieving the unit: not provided; Which component of the ARMS unit material was extracted: Sessile,https://github.com/arms-mbon/data_release_002,Main genome;Eukaryota;Stramenopiles;Ochrophyta;Bacillariophyta;Raphid-pennate;NA;NA;NA;NA;NA,urn:lsid:marinespecies.org:taxname:148898,Bacillariophyta,Phylum,Otu295,NCBI:2836,ARMS_Getxo_G2_20200624_20201103_SF40_s1_r1
ARMS_Getxo_G2_20200624_20201103_SF40_s1_r1:Otu294,MaterialSample,ARMS-MBON,data_release_002,present,ARMS_Getxo_G2_20200624_20201103,SAMEA10021251,2020-06-24/2020-11-03,6,DNA sequence reads,13839,DNA sequence reads,https://github.com/arms-mbon/documentation/tree/main/armsmbon_handbook,ERR7127681,PEMA v2.1.4 https://github.com/hariszaf/pema | https://github.com/arms-mbon/analysis_release_002/tree/main/parameter_files,CREST classifier; Minimum bit-score 155; LCA bitscore range 2% | PR2 v4.13 | VSEARCH v2.9.1; clustering similarity 97%,Abra de Bilbao (http://marineregions.org/mrgid/17355),43.3385,-3.01491,ES,Getxo_G2,5.0,10.0,Marina; semi-industrial; 9.6 - Subtidal Muddy,,Was a crate cover used when retrieving the unit: not provided; Which component of the ARMS unit material was extracted: Sessile,https://github.com/arms-mbon/data_release_002,Main genome;Eukaryota;Alveolata;Ciliophora;Oligohymenophorea;Peritrichia;Zoothamniidae;Zoothamnium;NA;NA;NA,urn:lsid:marinespecies.org:taxname:162403,Zoothamnium,Genus,Otu294,NCBI:168256,ARMS_Getxo_G2_20200624_20201103_SF40_s1_r1
ARMS_Getxo_G2_20200624_20201103_SF40_s1_r1:Otu296,MaterialSample,ARMS-MBON,data_release_002,present,ARMS_Getxo_G2_20200624_20201103,SAMEA10021251,2020-06-24/2020-11-03,2,DNA sequence reads,13839,DNA sequence reads,https://github.com/arms-mbon/documentation/tree/main/armsmbon_handbook,ERR7127681,PEMA v2.1.4 https://github.com/hariszaf/pema | https://github.com/arms-mbon/analysis_release_002/tree/main/parameter_files,CREST classifier; Minimum bit-score 155; LCA bitscore range 2% | PR2 v4.13 | VSEARCH v2.9.1; clustering similarity 97%,Abra de Bilbao (http://marineregions.org/mrgid/17355),43.3385,-3.01491,ES,Getxo_G2,5.0,10.0,Marina; semi-industrial; 9.6 - Subtidal Muddy,,Was a crate cover used when retrieving the unit: not provided; Which component of the ARMS unit material was extracted: Sessile,https://github.com/arms-mbon/data_release_002,Main genome;Eukaryota;Opisthokonta;Metazoa;Porifera;Demospongiae;Hymeniacidon;NA;NA;NA;NA,urn:lsid:marinespecies.org:taxname:131808,Hymeniacidon,Genus,Otu296,NCBI:6065,ARMS_Getxo_G2_20200624_20201103_SF40_s1_r1
ARMS_Getxo_G2_20200624_20201103_SF40_s1_r1:Otu497,MaterialSample,ARMS-MBON,data_release_002,present,ARMS_Getxo_G2_20200624_20201103,SAMEA10021251,2020-06-24/2020-11-03,2,DNA sequence reads,13839,DNA sequence reads,https://github.com/arms-mbon/documentation/tree/main/armsmbon_handbook,ERR7127681,PEMA v2.1.4 https://github.com/hariszaf/pema | https://github.com/arms-mbon/analysis_release_002/tree/main/parameter_files,CREST classifier; Minimum bit-score 155; LCA bitscore range 2% | PR2 v4.13 | VSEARCH v2.9.1; clustering similarity 97%,Abra de Bilbao (http://marineregions.org/mrgid/17355),43.3385,-3.01491,ES,Getxo_G2,5.0,10.0,Marina; semi-industrial; 9.6 - Subtidal Muddy,,Was a crate cover used when retrieving the unit: not provided; Which component of the ARMS unit material was extracted: Sessile,https://github.com/arms-mbon/data_release_002,Main genome;Eukaryota;Alveolata;Ciliophora;Oligohymenophorea;Peritrichia;Vaginicolidae;NA;NA;NA;NA,urn:lsid:marinespecies.org:taxname:163171,Vaginicolidae,Family,Otu497,NCBI:168252,ARMS_Getxo_G2_20200624_20201103_SF40_s1_r1
ARMS_Getxo_G2_20200624_20201103_SF40_s1_r1:Otu190,MaterialSample,ARMS-MBON,data_release_002,present,ARMS_Getxo_G2_20200624_20201103,SAMEA10021251,2020-06-24/2020-11-03,4,DNA sequence reads,13839,DNA sequence reads,https://github.com/arms-mbon/documentation/tree/main/armsmbon_handbook,ERR7127681,PEMA v2.1.4 https://github.com/hariszaf/pema | https://github.com/arms-mbon/analysis_release_002/tree/main/parameter_files,CREST classifier; Minimum bit-score 155; LCA bitscore range 2% | PR2 v4.13 | VSEARCH v2.9.1; clustering similarity 97%,Abra de Bilbao (http://marineregions.org/mrgid/17355),43.3385,-3.01491,ES,Getxo_G2,5.0,10.0,Marina; semi-industrial; 9.6 - Subtidal Muddy,uncertain classification (not marine),Was a crate cover used when retrieving the unit: not provided; Which component of the ARMS unit material was extracted: Sessile,https://github.com/arms-mbon/data_release_002,Main genome;Eukaryota;Opisthokonta;Metazoa;Annelida;NA;NA;NA;NA;NA;NA,urn:lsid:marinespecies.org:taxname:882,Annelida,Phylum,Otu190,NCBI:6340,ARMS_Getxo_G2_20200624_20201103_SF40_s1_r1
ARMS_Getxo_G2_20200624_20201103_SF40_s1_r1:Otu95,MaterialSample,ARMS-MBON,data_release_002,present,ARMS_Getxo_G2_20200624_20201103,SAMEA10021251,2020-06-24/2020-11-03,15,DNA sequence reads,13839,DNA sequence reads,https://github.com/arms-mbon/documentation/tree/main/armsmbon_handbook,ERR7127681,PEMA v2.1.4 https://github.com/hariszaf/pema | https://github.com/arms-mbon/analysis_release_002/tree/main/parameter_files,CREST classifier; Minimum bit-score 155; LCA bitscore range 2% | PR2 v4.13 | VSEARCH v2.9.1; clustering similarity 97%,Abra de Bilbao (http://marineregions.org/mrgid/17355),43.3385,-3.01491,ES,Getxo_G2,5.0,10.0,Marina; semi-industrial; 9.6 - Subtidal Muddy,uncertain classification (not marine),Was a crate cover used when retrieving the unit: not provided; Which component of the ARMS unit material was extracted: Sessile,https://github.com/arms-mbon/data_release_002,Main genome;Eukaryota;Opisthokonta;Metazoa;Annelida;NA;NA;NA;NA;NA;NA,urn:lsid:marinespecies.org:taxname:882,Annelida,Phylum,Otu95,NCBI:6340,ARMS_Getxo_G2_20200624_20201103_SF40_s1_r1
ARMS_Getxo_G2_20200624_20201103_SF40_s1_r1:Otu93,MaterialSample,ARMS-MBON,data_release_002,present,ARMS_Getxo_G2_20200624_20201103,SAMEA10021251,2020-06-24/2020-11-03,2,DNA sequence reads,13839,DNA sequence reads,https://github.com/arms-mbon/documentation/tree/main/armsmbon_handbook,ERR7127681,PEMA v2.1.4 https://github.com/hariszaf/pema | https://github.com/arms-mbon/analysis_release_002/tree/main/parameter_files,CREST classifier; Minimum bit-score 155; LCA bitscore range 2% | PR2 v4.13 | VSEARCH v2.9.1; clustering similarity 97%,Abra de Bilbao (http://marineregions.org/mrgid/17355),43.3385,-3.01491,ES,Getxo_G2,5.0,10.0,Marina; semi-industrial; 9.6 - Subtidal Muddy,,Was a crate cover used when retrieving the unit: not provided; Which component of the ARMS unit material was extracted: Sessile,https://github.com/arms-mbon/data_release_002,Main genome;Eukaryota;Opisthokonta;Metazoa;Gastrotricha;NA;NA;NA;NA;NA;NA,urn:lsid:marinespecies.org:taxname:2078,Gastrotricha,Phylum,Otu93,NCBI:33313,ARMS_Getxo_G2_20200624_20201103_SF40_s1_r1
ARMS_Getxo_G2_20200624_20201103_SF40_s1_r1:Otu499,MaterialSample,ARMS-MBON,data_release_002,present,ARMS_Getxo_G2_20200624_20201103,SAMEA10021251,2020-06-24/2020-11-03,2,DNA sequence reads,13839,DNA sequence reads,https://github.com/arms-mbon/documentation/tree/main/armsmbon_handbook,ERR7127681,PEMA v2.1.4 https://github.com/hariszaf/pema | https://github.com/arms-mbon/analysis_release_002/tree/main/parameter_files,CREST classifier; Minimum bit-score 155; LCA bitscore range 2% | PR2 v4.13 | VSEARCH v2.9.1; clustering similarity 97%,Abra de Bilbao (http://marineregions.org/mrgid/17355),43.3385,-3.01491,ES,Getxo_G2,5.0,10.0,Marina; semi-industrial; 9.6 - Subtidal Muddy,uncertain classification (not marine),Was a crate cover used when retrieving the unit: not provided; Which component of the ARMS unit material was extracted: Sessile,https://github.com/arms-mbon/data_release_002,Main genome;Eukaryota;Opisthokonta;Metazoa;Cnidaria;NA;NA;NA;NA;NA;NA,urn:lsid:marinespecies.org:taxname:1267,Cnidaria,Phylum,Otu499,NCBI:6073,ARMS_Getxo_G2_20200624_20201103_SF40_s1_r1
ARMS_Getxo_G2_20200624_20201103_SF40_s1_r1:Otu404,MaterialSample,ARMS-MBON,data_release_002,present,ARMS_Getxo_G2_20200624_20201103,SAMEA10021251,2020-06-24/2020-11-03,3,DNA sequence reads,13839,DNA sequence reads,https://github.com/arms-mbon/documentation/tree/main/armsmbon_handbook,ERR7127681,PEMA v2.1.4 https://github.com/hariszaf/pema | https://github.com/arms-mbon/analysis_release_002/tree/main/parameter_files,CREST classifier; Minimum bit-score 155; LCA bitscore range 2% | PR2 v4.13 | VSEARCH v2.9.1; clustering similarity 97%,Abra de Bilbao (http://marineregions.org/mrgid/17355),43.3385,-3.01491,ES,Getxo_G2,5.0,10.0,Marina; semi-industrial; 9.6 - Subtidal Muddy,,Was a crate cover used when retrieving the unit: not provided; Which component of the ARMS unit material was extracted: Sessile,https://github.com/arms-mbon/data_release_002,Main genome;Eukaryota;Opisthokonta;Metazoa;Mollusca;Bivalvia;Mytiloida;Xenostrobus;NA;NA;NA,urn:lsid:marinespecies.org:taxname:138231,Xenostrobus,Genus,Otu404,NCBI:1819793,ARMS_Getxo_G2_20200624_20201103_SF40_s1_r1
ARMS_Getxo_G2_20200624_20201103_SF40_s1_r1:Otu146,MaterialSample,ARMS-MBON,data_release_002,present,ARMS_Getxo_G2_20200624_20201103,SAMEA10021251,2020-06-24/2020-11-03,22,DNA sequence reads,13839,DNA sequence reads,https://github.com/arms-mbon/documentation/tree/main/armsmbon_handbook,ERR7127681,PEMA v2.1.4 https://github.com/hariszaf/pema | https://github.com/arms-mbon/analysis_release_002/tree/main/parameter_files,CREST classifier; Minimum bit-score 155; LCA bitscore range 2% | PR2 v4.13 | VSEARCH v2.9.1; clustering similarity 97%,Abra de Bilbao (http://marineregions.org/mrgid/17355),43.3385,-3.01491,ES,Getxo_G2,5.0,10.0,Marina; semi-industrial; 9.6 - Subtidal Muddy,,Was a crate cover used when retrieving the unit: not provided; Which component of the ARMS unit material was extracted: Sessile,https://github.com/arms-mbon/data_release_002,Main genome;Eukaryota;Opisthokonta;Metazoa;Mollusca;Bivalvia;Pectinoida;NA;NA;NA;NA,urn:lsid:marinespecies.org:taxname:387324,Pectinida,Order,Otu146,NCBI:106218,ARMS_Getxo_G2_20200624_20201103_SF40_s1_r1
ARMS_Getxo_G2_20200624_20201103_SF40_s1_r1:Otu394,MaterialSample,ARMS-MBON,data_release_002,present,ARMS_Getxo_G2_20200624_20201103,SAMEA10021251,2020-06-24/2020-11-03,3,DNA sequence reads,13839,DNA sequence reads,https://github.com/arms-mbon/documentation/tree/main/armsmbon_handbook,ERR7127681,PEMA v2.1.4 https://github.com/hariszaf/pema | https://github.com/arms-mbon/analysis_release_002/tree/main/parameter_files,CREST classifier; Minimum bit-score 155; LCA bitscore range 2% | PR2 v4.13 | VSEARCH v2.9.1; clustering similarity 97%,Abra de Bilbao (http://marineregions.org/mrgid/17355),43.3385,-3.01491,ES,Getxo_G2,5.0,10.0,Marina; semi-industrial; 9.6 - Subtidal Muddy,uncertain classification (not marine),Was a crate cover used when retrieving the unit: not provided; Which component of the ARMS unit material was extracted: Sessile,https://github.com/arms-mbon/data_release_002,Main genome;Eukaryota;Opisthokonta;Metazoa;Arthropoda;Crustacea;Maxillopoda;NA;NA;NA;NA,urn:lsid:marinespecies.org:taxname:1066,Crustacea,Subphylum,Otu394,NCBI:6657,ARMS_Getxo_G2_20200624_20201103_SF40_s1_r1
ARMS_Getxo_G2_20200624_20201103_SF40_s1_r1:Otu502,MaterialSample,ARMS-MBON,data_release_002,present,ARMS_Getxo_G2_20200624_20201103,SAMEA10021251,2020-06-24/2020-11-03,3,DNA sequence reads,13839,DNA sequence reads,https://github.com/arms-mbon/documentation/tree/main/armsmbon_handbook,ERR7127681,PEMA v2.1.4 https://github.com/hariszaf/pema | https://github.com/arms-mbon/analysis_release_002/tree/main/parameter_files,CREST classifier; Minimum bit-score 155; LCA bitscore range 2% | PR2 v4.13 | VSEARCH v2.9.1; clustering similarity 97%,Abra de Bilbao (http://marineregions.org/mrgid/17355),43.3385,-3.01491,ES,Getxo_G2,5.0,10.0,Marina; semi-industrial; 9.6 - Subtidal Muddy,uncertain classification (not marine),Was a crate cover used when retrieving the unit: not provided; Which component of the ARMS unit material was extracted: Sessile,https://github.com/arms-mbon/data_release_002,Main genome;Eukaryota;Opisthokonta;Metazoa;Annelida;NA;NA;NA;NA;NA;NA,urn:lsid:marinespecies.org:taxname:882,Annelida,Phylum,Otu502,NCBI:6340,ARMS_Getxo_G2_20200624_20201103_SF40_s1_r1
ARMS_Getxo_G2_20200624_20201103_SF40_s1_r1:Otu361,MaterialSample,ARMS-MBON,data_release_002,present,ARMS_Getxo_G2_20200624_20201103,SAMEA10021251,2020-06-24/2020-11-03,3,DNA sequence reads,13839,DNA sequence reads,https://github.com/arms-mbon/documentation/tree/main/armsmbon_handbook,ERR7127681,PEMA v2.1.4 https://github.com/hariszaf/pema | https://github.com/arms-mbon/analysis_release_002/tree/main/parameter_files,CREST classifier; Minimum bit-score 155; LCA bitscore range 2% | PR2 v4.13 | VSEARCH v2.9.1; clustering similarity 97%,Abra de Bilbao (http://marineregions.org/mrgid/17355),43.3385,-3.01491,ES,Getxo_G2,5.0,10.0,Marina; semi-industrial; 9.6 - Subtidal Muddy,,Was a crate cover used when retrieving the unit: not provided; Which component of the ARMS unit material was extracted: Sessile,https://github.com/arms-mbon/data_release_002,Main genome;Eukaryota;Opisthokonta;Metazoa;Mollusca;Bivalvia;Pectinoida;NA;NA;NA;NA,urn:lsid:marinespecies.org:taxname:387324,Pectinida,Order,Otu361,NCBI:106218,ARMS_Getxo_G2_20200624_20201103_SF40_s1_r1
ARMS_Getxo_G2_20200624_20201103_SF40_s1_r1:Otu132,MaterialSample,ARMS-MBON,data_release_002,present,ARMS_Getxo_G2_20200624_20201103,SAMEA10021251,2020-06-24/2020-11-03,11,DNA sequence reads,13839,DNA sequence reads,https://github.com/arms-mbon/documentation/tree/main/armsmbon_handbook,ERR7127681,PEMA v2.1.4 https://github.com/hariszaf/pema | https://github.com/arms-mbon/analysis_release_002/tree/main/parameter_files,CREST classifier; Minimum bit-score 155; LCA bitscore range 2% | PR2 v4.13 | VSEARCH v2.9.1; clustering similarity 97%,Abra de Bilbao (http://marineregions.org/mrgid/17355),43.3385,-3.01491,ES,Getxo_G2,5.0,10.0,Marina; semi-industrial; 9.6 - Subtidal Muddy,,Was a crate cover used when retrieving the unit: not provided; Which component of the ARMS unit material was extracted: Sessile,https://github.com/arms-mbon/data_release_002,Main genome;Eukaryota;Opisthokonta;Metazoa;Cnidaria;Hydrozoa;NA;NA;NA;NA;NA,urn:lsid:marinespecies.org:taxname:1337,Hydrozoa,Class,Otu132,NCBI:6074,ARMS_Getxo_G2_20200624_20201103_SF40_s1_r1
ARMS_Getxo_G2_20200624_20201103_SF40_s1_r1:Otu16,MaterialSample,ARMS-MBON,data_release_002,present,ARMS_Getxo_G2_20200624_20201103,SAMEA10021251,2020-06-24/2020-11-03,2,DNA sequence reads,13839,DNA sequence reads,https://github.com/arms-mbon/documentation/tree/main/armsmbon_handbook,ERR7127681,PEMA v2.1.4 https://github.com/hariszaf/pema | https://github.com/arms-mbon/analysis_release_002/tree/main/parameter_files,CREST classifier; Minimum bit-score 155; LCA bitscore range 2% | PR2 v4.13 | VSEARCH v2.9.1; clustering similarity 97%,Abra de Bilbao (http://marineregions.org/mrgid/17355),43.3385,-3.01491,ES,Getxo_G2,5.0,10.0,Marina; semi-industrial; 9.6 - Subtidal Muddy,,Was a crate cover used when retrieving the unit: not provided; Which component of the ARMS unit material was extracted: Sessile,https://github.com/arms-mbon/data_release_002,Main genome;Eukaryota;Alveolata;Ciliophora;Heterotrichea;Folliculinidae;NA;NA;NA;NA;NA,urn:lsid:marinespecies.org:taxname:1692,Folliculinidae,Family,Otu16,NCBI:219170,ARMS_Getxo_G2_20200624_20201103_SF40_s1_r1
ARMS_Getxo_G2_20200624_20201103_SF40_s1_r1:Otu10,MaterialSample,ARMS-MBON,data_release_002,present,ARMS_Getxo_G2_20200624_20201103,SAMEA10021251,2020-06-24/2020-11-03,529,DNA sequence reads,13839,DNA sequence reads,https://github.com/arms-mbon/documentation/tree/main/armsmbon_handbook,ERR7127681,PEMA v2.1.4 https://github.com/hariszaf/pema | https://github.com/arms-mbon/analysis_release_002/tree/main/parameter_files,CREST classifier; Minimum bit-score 155; LCA bitscore range 2% | PR2 v4.13 | VSEARCH v2.9.1; clustering similarity 97%,Abra de Bilbao (http://marineregions.org/mrgid/17355),43.3385,-3.01491,ES,Getxo_G2,5.0,10.0,Marina; semi-industrial; 9.6 - Subtidal Muddy,uncertain classification (not marine),Was a crate cover used when retrieving the unit: not provided; Which component of the ARMS unit material was extracted: Sessile,https://github.com/arms-mbon/data_release_002,Main genome;Eukaryota;Opisthokonta;Metazoa;Mollusca;Gastropoda;Neritopsina;NA;NA;NA;NA,urn:lsid:marinespecies.org:taxname:156484,Neritimorpha,Subclass,Otu10,NCBI:119397,ARMS_Getxo_G2_20200624_20201103_SF40_s1_r1
ARMS_Getxo_G2_20200624_20201103_SF40_s1_r1:Otu13,MaterialSample,ARMS-MBON,data_release_002,present,ARMS_Getxo_G2_20200624_20201103,SAMEA10021251,2020-06-24/2020-11-03,28,DNA sequence reads,13839,DNA sequence reads,https://github.com/arms-mbon/documentation/tree/main/armsmbon_handbook,ERR7127681,PEMA v2.1.4 https://github.com/hariszaf/pema | https://github.com/arms-mbon/analysis_release_002/tree/main/parameter_files,CREST classifier; Minimum bit-score 155; LCA bitscore range 2% | PR2 v4.13 | VSEARCH v2.9.1; clustering similarity 97%,Abra de Bilbao (http://marineregions.org/mrgid/17355),43.3385,-3.01491,ES,Getxo_G2,5.0,10.0,Marina; semi-industrial; 9.6 - Subtidal Muddy,uncertain classification (not marine),Was a crate cover used when retrieving the unit: not provided; Which component of the ARMS unit material was extracted: Sessile,https://github.com/arms-mbon/data_release_002,Main genome;Eukaryota;Opisthokonta;Metazoa;Mollusca;Gastropoda;Caenogastropoda;NA;NA;NA;NA,urn:lsid:marinespecies.org:taxname:224570,Caenogastropoda,Subclass,Otu13,NCBI:69555,ARMS_Getxo_G2_20200624_20201103_SF40_s1_r1
ARMS_Getxo_G2_20200624_20201103_SF40_s1_r1:Otu18,MaterialSample,ARMS-MBON,data_release_002,present,ARMS_Getxo_G2_20200624_20201103,SAMEA10021251,2020-06-24/2020-11-03,196,DNA sequence reads,13839,DNA sequence reads,https://github.com/arms-mbon/documentation/tree/main/armsmbon_handbook,ERR7127681,PEMA v2.1.4 https://github.com/hariszaf/pema | https://github.com/arms-mbon/analysis_release_002/tree/main/parameter_files,CREST classifier; Minimum bit-score 155; LCA bitscore range 2% | PR2 v4.13 | VSEARCH v2.9.1; clustering similarity 97%,Abra de Bilbao (http://marineregions.org/mrgid/17355),43.3385,-3.01491,ES,Getxo_G2,5.0,10.0,Marina; semi-industrial; 9.6 - Subtidal Muddy,uncertain classification (not marine),Was a crate cover used when retrieving the unit: not provided; Which component of the ARMS unit material was extracted: Sessile,https://github.com/arms-mbon/data_release_002,Main genome;Eukaryota;Opisthokonta;Metazoa;Annelida;NA;NA;NA;NA;NA;NA,urn:lsid:marinespecies.org:taxname:882,Annelida,Phylum,Otu18,NCBI:6340,ARMS_Getxo_G2_20200624_20201103_SF40_s1_r1
ARMS_Getxo_G2_20200624_20201103_SF40_s1_r1:Otu19,MaterialSample,ARMS-MBON,data_release_002,present,ARMS_Getxo_G2_20200624_20201103,SAMEA10021251,2020-06-24/2020-11-03,383,DNA sequence reads,13839,DNA sequence reads,https://github.com/arms-mbon/documentation/tree/main/armsmbon_handbook,ERR7127681,PEMA v2.1.4 https://github.com/hariszaf/pema | https://github.com/arms-mbon/analysis_release_002/tree/main/parameter_files,CREST classifier; Minimum bit-score 155; LCA bitscore range 2% | PR2 v4.13 | VSEARCH v2.9.1; clustering similarity 97%,Abra de Bilbao (http://marineregions.org/mrgid/17355),43.3385,-3.01491,ES,Getxo_G2,5.0,10.0,Marina; semi-industrial; 9.6 - Subtidal Muddy,,Was a crate cover used when retrieving the unit: not provided; Which component of the ARMS unit material was extracted: Sessile,https://github.com/arms-mbon/data_release_002,Main genome;Eukaryota;Opisthokonta;Metazoa;Urochordata;Ascidiacea;Chelyosoma;NA;NA;NA;NA,urn:lsid:marinespecies.org:taxname:103494,Chelyosoma,Genus,Otu19,NCBI:71176,ARMS_Getxo_G2_20200624_20201103_SF40_s1_r1
ARMS_Getxo_G3_20200624_20201103_SF40_s1_r1:Otu385,MaterialSample,ARMS-MBON,data_release_002,present,ARMS_Getxo_G3_20200624_20201103,SAMEA10021257,2020-06-24/2020-11-03,3,DNA sequence reads,11611,DNA sequence reads,https://github.com/arms-mbon/documentation/tree/main/armsmbon_handbook,ERR7127687,PEMA v2.1.4 https://github.com/hariszaf/pema | https://github.com/arms-mbon/analysis_release_002/tree/main/parameter_files,CREST classifier; Minimum bit-score 155; LCA bitscore range 2% | PR2 v4.13 | VSEARCH v2.9.1; clustering similarity 97%,Abra de Bilbao (http://marineregions.org/mrgid/17355),43.33843,-3.01483,ES,Getxo_G3,5.0,10.0,Marina; semi-industrial; 9.6 - Subtidal Muddy,uncertain classification (not marine),Was a crate cover used when retrieving the unit: not provided; Which component of the ARMS unit material was extracted: Sessile,https://github.com/arms-mbon/data_release_002,Main genome;Eukaryota;Opisthokonta;Metazoa;Annelida;NA;NA;NA;NA;NA;NA,urn:lsid:marinespecies.org:taxname:882,Annelida,Phylum,Otu385,NCBI:6340,ARMS_Getxo_G3_20200624_20201103_SF40_s1_r1
ARMS_Getxo_G3_20200624_20201103_SF40_s1_r1:Otu48,MaterialSample,ARMS-MBON,data_release_002,present,ARMS_Getxo_G3_20200624_20201103,SAMEA10021257,2020-06-24/2020-11-03,3,DNA sequence reads,11611,DNA sequence reads,https://github.com/arms-mbon/documentation/tree/main/armsmbon_handbook,ERR7127687,PEMA v2.1.4 https://github.com/hariszaf/pema | https://github.com/arms-mbon/analysis_release_002/tree/main/parameter_files,CREST classifier; Minimum bit-score 155; LCA bitscore range 2% | PR2 v4.13 | VSEARCH v2.9.1; clustering similarity 97%,Abra de Bilbao (http://marineregions.org/mrgid/17355),43.33843,-3.01483,ES,Getxo_G3,5.0,10.0,Marina; semi-industrial; 9.6 - Subtidal Muddy,,Was a crate cover used when retrieving the unit: not provided; Which component of the ARMS unit material was extracted: Sessile,https://github.com/arms-mbon/data_release_002,Main genome;Eukaryota;Opisthokonta;Metazoa;Porifera;Calcarea;NA;NA;NA;NA;NA,urn:lsid:marinespecies.org:taxname:559,Calcarea,Class,Otu48,NCBI:27929,ARMS_Getxo_G3_20200624_20201103_SF40_s1_r1
ARMS_Getxo_G3_20200624_20201103_SF40_s1_r1:Otu252,MaterialSample,ARMS-MBON,data_release_002,present,ARMS_Getxo_G3_20200624_20201103,SAMEA10021257,2020-06-24/2020-11-03,18,DNA sequence reads,11611,DNA sequence reads,https://github.com/arms-mbon/documentation/tree/main/armsmbon_handbook,ERR7127687,PEMA v2.1.4 https://github.com/hariszaf/pema | https://github.com/arms-mbon/analysis_release_002/tree/main/parameter_files,CREST classifier; Minimum bit-score 155; LCA bitscore range 2% | PR2 v4.13 | VSEARCH v2.9.1; clustering similarity 97%,Abra de Bilbao (http://marineregions.org/mrgid/17355),43.33843,-3.01483,ES,Getxo_G3,5.0,10.0,Marina; semi-industrial; 9.6 - Subtidal Muddy,,Was a crate cover used when retrieving the unit: not provided; Which component of the ARMS unit material was extracted: Sessile,https://github.com/arms-mbon/data_release_002,Main genome;Eukaryota;Opisthokonta;Metazoa;Urochordata;Ascidiacea;NA;NA;NA;NA;NA,urn:lsid:marinespecies.org:taxname:1839,Ascidiacea,Class,Otu252,NCBI:7713,ARMS_Getxo_G3_20200624_20201103_SF40_s1_r1
ARMS_Getxo_G3_20200624_20201103_SF40_s1_r1:Otu257,MaterialSample,ARMS-MBON,data_release_002,present,ARMS_Getxo_G3_20200624_20201103,SAMEA10021257,2020-06-24/2020-11-03,10,DNA sequence reads,11611,DNA sequence reads,https://github.com/arms-mbon/documentation/tree/main/armsmbon_handbook,ERR7127687,PEMA v2.1.4 https://github.com/hariszaf/pema | https://github.com/arms-mbon/analysis_release_002/tree/main/parameter_files,CREST classifier; Minimum bit-score 155; LCA bitscore range 2% | PR2 v4.13 | VSEARCH v2.9.1; clustering similarity 97%,Abra de Bilbao (http://marineregions.org/mrgid/17355),43.33843,-3.01483,ES,Getxo_G3,5.0,10.0,Marina; semi-industrial; 9.6 - Subtidal Muddy,,Was a crate cover used when retrieving the unit: not provided; Which component of the ARMS unit material was extracted: Sessile,https://github.com/arms-mbon/data_release_002,Main genome;Eukaryota;Opisthokonta;Metazoa;Mollusca;Bivalvia;Ostreoida;Ostrea;NA;NA;NA,urn:lsid:marinespecies.org:taxname:138298,Ostrea,Genus,Otu257,NCBI:37858,ARMS_Getxo_G3_20200624_20201103_SF40_s1_r1
ARMS_Getxo_G3_20200624_20201103_SF40_s1_r1:Otu29,MaterialSample,ARMS-MBON,data_release_002,present,ARMS_Getxo_G3_20200624_20201103,SAMEA10021257,2020-06-24/2020-11-03,2,DNA sequence reads,11611,DNA sequence reads,https://github.com/arms-mbon/documentation/tree/main/armsmbon_handbook,ERR7127687,PEMA v2.1.4 https://github.com/hariszaf/pema | https://github.com/arms-mbon/analysis_release_002/tree/main/parameter_files,CREST classifier; Minimum bit-score 155; LCA bitscore range 2% | PR2 v4.13 | VSEARCH v2.9.1; clustering similarity 97%,Abra de Bilbao (http://marineregions.org/mrgid/17355),43.33843,-3.01483,ES,Getxo_G3,5.0,10.0,Marina; semi-industrial; 9.6 - Subtidal Muddy,,Was a crate cover used when retrieving the unit: not provided; Which component of the ARMS unit material was extracted: Sessile,https://github.com/arms-mbon/data_release_002,Main genome;Eukaryota;Stramenopiles;Ochrophyta;Bacillariophyta;Raphid-pennate;NA;NA;NA;NA;NA,urn:lsid:marinespecies.org:taxname:148898,Bacillariophyta,Phylum,Otu29,NCBI:2836,ARMS_Getxo_G3_20200624_20201103_SF40_s1_r1
ARMS_Getxo_G3_20200624_20201103_SF40_s1_r1:Otu28,MaterialSample,ARMS-MBON,data_release_002,present,ARMS_Getxo_G3_20200624_20201103,SAMEA10021257,2020-06-24/2020-11-03,214,DNA sequence reads,11611,DNA sequence reads,https://github.com/arms-mbon/documentation/tree/main/armsmbon_handbook,ERR7127687,PEMA v2.1.4 https://github.com/hariszaf/pema | https://github.com/arms-mbon/analysis_release_002/tree/main/parameter_files,CREST classifier; Minimum bit-score 155; LCA bitscore range 2% | PR2 v4.13 | VSEARCH v2.9.1; clustering similarity 97%,Abra de Bilbao (http://marineregions.org/mrgid/17355),43.33843,-3.01483,ES,Getxo_G3,5.0,10.0,Marina; semi-industrial; 9.6 - Subtidal Muddy,,Was a crate cover used when retrieving the unit: not provided; Which component of the ARMS unit material was extracted: Sessile,https://github.com/arms-mbon/data_release_002,Main genome;Eukaryota;Opisthokonta;Metazoa;Mollusca;Bivalvia;Ostreoida;Ostrea;NA;NA;NA,urn:lsid:marinespecies.org:taxname:138298,Ostrea,Genus,Otu28,NCBI:37858,ARMS_Getxo_G3_20200624_20201103_SF40_s1_r1
ARMS_Getxo_G3_20200624_20201103_SF40_s1_r1:Otu176,MaterialSample,ARMS-MBON,data_release_002,present,ARMS_Getxo_G3_20200624_20201103,SAMEA10021257,2020-06-24/2020-11-03,6,DNA sequence reads,11611,DNA sequence reads,https://github.com/arms-mbon/documentation/tree/main/armsmbon_handbook,ERR7127687,PEMA v2.1.4 https://github.com/hariszaf/pema | https://github.com/arms-mbon/analysis_release_002/tree/main/parameter_files,CREST classifier; Minimum bit-score 155; LCA bitscore range 2% | PR2 v4.13 | VSEARCH v2.9.1; clustering similarity 97%,Abra de Bilbao (http://marineregions.org/mrgid/17355),43.33843,-3.01483,ES,Getxo_G3,5.0,10.0,Marina; semi-industrial; 9.6 - Subtidal Muddy,,Was a crate cover used when retrieving the unit: not provided; Which component of the ARMS unit material was extracted: Sessile,https://github.com/arms-mbon/data_release_002,Main genome;Eukaryota;Opisthokonta;Metazoa;Platyhelminthes;Turbellaria;Polycladida;Stylochus;NA;NA;NA,urn:lsid:marinespecies.org:taxname:142245,Stylochus,Genus,Otu176,NCBI:31257,ARMS_Getxo_G3_20200624_20201103_SF40_s1_r1
ARMS_Getxo_G3_20200624_20201103_SF40_s1_r1:Otu177,MaterialSample,ARMS-MBON,data_release_002,present,ARMS_Getxo_G3_20200624_20201103,SAMEA10021257,2020-06-24/2020-11-03,3,DNA sequence reads,11611,DNA sequence reads,https://github.com/arms-mbon/documentation/tree/main/armsmbon_handbook,ERR7127687,PEMA v2.1.4 https://github.com/hariszaf/pema | https://github.com/arms-mbon/analysis_release_002/tree/main/parameter_files,CREST classifier; Minimum bit-score 155; LCA bitscore range 2% | PR2 v4.13 | VSEARCH v2.9.1; clustering similarity 97%,Abra de Bilbao (http://marineregions.org/mrgid/17355),43.33843,-3.01483,ES,Getxo_G3,5.0,10.0,Marina; semi-industrial; 9.6 - Subtidal Muddy,uncertain classification (not marine),Was a crate cover used when retrieving the unit: not provided; Which component of the ARMS unit material was extracted: Sessile,https://github.com/arms-mbon/data_release_002,Main genome;Eukaryota;Opisthokonta;Metazoa;Annelida;NA;NA;NA;NA;NA;NA,urn:lsid:marinespecies.org:taxname:882,Annelida,Phylum,Otu177,NCBI:6340,ARMS_Getxo_G3_20200624_20201103_SF40_s1_r1
ARMS_Getxo_G3_20200624_20201103_SF40_s1_r1:Otu61,MaterialSample,ARMS-MBON,data_release_002,present,ARMS_Getxo_G3_20200624_20201103,SAMEA10021257,2020-06-24/2020-11-03,8,DNA sequence reads,11611,DNA sequence reads,https://github.com/arms-mbon/documentation/tree/main/armsmbon_handbook,ERR7127687,PEMA v2.1.4 https://github.com/hariszaf/pema | https://github.com/arms-mbon/analysis_release_002/tree/main/parameter_files,CREST classifier; Minimum bit-score 155; LCA bitscore range 2% | PR2 v4.13 | VSEARCH v2.9.1; clustering similarity 97%,Abra de Bilbao (http://marineregions.org/mrgid/17355),43.33843,-3.01483,ES,Getxo_G3,5.0,10.0,Marina; semi-industrial; 9.6 - Subtidal Muddy,,Was a crate cover used when retrieving the unit: not provided; Which component of the ARMS unit material was extracted: Sessile,https://github.com/arms-mbon/data_release_002,Main genome;Eukaryota;Opisthokonta;Metazoa;Porifera;Demospongiae;NA;NA;NA;NA;NA,urn:lsid:marinespecies.org:taxname:164811,Demospongiae,Class,Otu61,NCBI:6042,ARMS_Getxo_G3_20200624_20201103_SF40_s1_r1
ARMS_Getxo_G3_20200624_20201103_SF40_s1_r1:Otu468,MaterialSample,ARMS-MBON,data_release_002,present,ARMS_Getxo_G3_20200624_20201103,SAMEA10021257,2020-06-24/2020-11-03,2,DNA sequence reads,11611,DNA sequence reads,https://github.com/arms-mbon/documentation/tree/main/armsmbon_handbook,ERR7127687,PEMA v2.1.4 https://github.com/hariszaf/pema | https://github.com/arms-mbon/analysis_release_002/tree/main/parameter_files,CREST classifier; Minimum bit-score 155; LCA bitscore range 2% | PR2 v4.13 | VSEARCH v2.9.1; clustering similarity 97%,Abra de Bilbao (http://marineregions.org/mrgid/17355),43.33843,-3.01483,ES,Getxo_G3,5.0,10.0,Marina; semi-industrial; 9.6 - Subtidal Muddy,,Was a crate cover used when retrieving the unit: not provided; Which component of the ARMS unit material was extracted: Sessile,https://github.com/arms-mbon/data_release_002,Main genome;Eukaryota;Rhizaria;Radiolaria;NA;NA;NA;NA;NA;NA;NA,urn:lsid:marinespecies.org:taxname:586732,Acantharia,Class,Otu468,NCBI:65574,ARMS_Getxo_G3_20200624_20201103_SF40_s1_r1
ARMS_Getxo_G3_20200624_20201103_SF40_s1_r1:Otu116,MaterialSample,ARMS-MBON,data_release_002,present,ARMS_Getxo_G3_20200624_20201103,SAMEA10021257,2020-06-24/2020-11-03,3,DNA sequence reads,11611,DNA sequence reads,https://github.com/arms-mbon/documentation/tree/main/armsmbon_handbook,ERR7127687,PEMA v2.1.4 https://github.com/hariszaf/pema | https://github.com/arms-mbon/analysis_release_002/tree/main/parameter_files,CREST classifier; Minimum bit-score 155; LCA bitscore range 2% | PR2 v4.13 | VSEARCH v2.9.1; clustering similarity 97%,Abra de Bilbao (http://marineregions.org/mrgid/17355),43.33843,-3.01483,ES,Getxo_G3,5.0,10.0,Marina; semi-industrial; 9.6 - Subtidal Muddy,,Was a crate cover used when retrieving the unit: not provided; Which component of the ARMS unit material was extracted: Sessile,https://github.com/arms-mbon/data_release_002,Main genome;Eukaryota;Opisthokonta;Metazoa;Annelida;Hydroides;trivesiculosus;NA;NA;NA;Hydroides trivesiculosus,urn:lsid:marinespecies.org:taxname:882647,Hydroides trivesiculosa,Species,Otu116,NCBI:3034647,ARMS_Getxo_G3_20200624_20201103_SF40_s1_r1
ARMS_Getxo_G3_20200624_20201103_SF40_s1_r1:Otu112,MaterialSample,ARMS-MBON,data_release_002,present,ARMS_Getxo_G3_20200624_20201103,SAMEA10021257,2020-06-24/2020-11-03,2,DNA sequence reads,11611,DNA sequence reads,https://github.com/arms-mbon/documentation/tree/main/armsmbon_handbook,ERR7127687,PEMA v2.1.4 https://github.com/hariszaf/pema | https://github.com/arms-mbon/analysis_release_002/tree/main/parameter_files,CREST classifier; Minimum bit-score 155; LCA bitscore range 2% | PR2 v4.13 | VSEARCH v2.9.1; clustering similarity 97%,Abra de Bilbao (http://marineregions.org/mrgid/17355),43.33843,-3.01483,ES,Getxo_G3,5.0,10.0,Marina; semi-industrial; 9.6 - Subtidal Muddy,,Was a crate cover used when retrieving the unit: not provided; Which component of the ARMS unit material was extracted: Sessile,https://github.com/arms-mbon/data_release_002,Main genome;Eukaryota;Alveolata;Ciliophora;Oligohymenophorea;Peritrichia;Vaginicolidae;Vaginicola;NA;NA;NA,urn:lsid:marinespecies.org:taxname:345440,Vaginicola,Genus,Otu112,NCBI:168253,ARMS_Getxo_G3_20200624_20201103_SF40_s1_r1
ARMS_Getxo_G3_20200624_20201103_SF40_s1_r1:Otu38,MaterialSample,ARMS-MBON,data_release_002,present,ARMS_Getxo_G3_20200624_20201103,SAMEA10021257,2020-06-24/2020-11-03,2,DNA sequence reads,11611,DNA sequence reads,https://github.com/arms-mbon/documentation/tree/main/armsmbon_handbook,ERR7127687,PEMA v2.1.4 https://github.com/hariszaf/pema | https://github.com/arms-mbon/analysis_release_002/tree/main/parameter_files,CREST classifier; Minimum bit-score 155; LCA bitscore range 2% | PR2 v4.13 | VSEARCH v2.9.1; clustering similarity 97%,Abra de Bilbao (http://marineregions.org/mrgid/17355),43.33843,-3.01483,ES,Getxo_G3,5.0,10.0,Marina; semi-industrial; 9.6 - Subtidal Muddy,,Was a crate cover used when retrieving the unit: not provided; Which component of the ARMS unit material was extracted: Sessile,https://github.com/arms-mbon/data_release_002,Main genome;Eukaryota;Alveolata;Dinoflagellata;Dinophyceae;Gymnodiniales;Gymnodiniaceae;Gyrodinium;fusiforme;NA;Gyrodinium fusiforme,urn:lsid:marinespecies.org:taxname:109856,Gyrodinium fusiforme,Species,Otu38,NCBI:244961,ARMS_Getxo_G3_20200624_20201103_SF40_s1_r1
ARMS_Getxo_G3_20200624_20201103_SF40_s1_r1:Otu36,MaterialSample,ARMS-MBON,data_release_002,present,ARMS_Getxo_G3_20200624_20201103,SAMEA10021257,2020-06-24/2020-11-03,3,DNA sequence reads,11611,DNA sequence reads,https://github.com/arms-mbon/documentation/tree/main/armsmbon_handbook,ERR7127687,PEMA v2.1.4 https://github.com/hariszaf/pema | https://github.com/arms-mbon/analysis_release_002/tree/main/parameter_files,CREST classifier; Minimum bit-score 155; LCA bitscore range 2% | PR2 v4.13 | VSEARCH v2.9.1; clustering similarity 97%,Abra de Bilbao (http://marineregions.org/mrgid/17355),43.33843,-3.01483,ES,Getxo_G3,5.0,10.0,Marina; semi-industrial; 9.6 - Subtidal Muddy,uncertain classification (not marine),Was a crate cover used when retrieving the unit: not provided; Which component of the ARMS unit material was extracted: Sessile,https://github.com/arms-mbon/data_release_002,Main genome;Eukaryota;Alveolata;Ciliophora;Spirotrichea;Hypotrichia;NA;NA;NA;NA;NA,urn:lsid:marinespecies.org:taxname:425500,Hypotrichia,Subclass,Otu36,NCBI:5934,ARMS_Getxo_G3_20200624_20201103_SF40_s1_r1
ARMS_Getxo_G3_20200624_20201103_SF40_s1_r1:Otu31,MaterialSample,ARMS-MBON,data_release_002,present,ARMS_Getxo_G3_20200624_20201103,SAMEA10021257,2020-06-24/2020-11-03,23,DNA sequence reads,11611,DNA sequence reads,https://github.com/arms-mbon/documentation/tree/main/armsmbon_handbook,ERR7127687,PEMA v2.1.4 https://github.com/hariszaf/pema | https://github.com/arms-mbon/analysis_release_002/tree/main/parameter_files,CREST classifier; Minimum bit-score 155; LCA bitscore range 2% | PR2 v4.13 | VSEARCH v2.9.1; clustering similarity 97%,Abra de Bilbao (http://marineregions.org/mrgid/17355),43.33843,-3.01483,ES,Getxo_G3,5.0,10.0,Marina; semi-industrial; 9.6 - Subtidal Muddy,,Was a crate cover used when retrieving the unit: not provided; Which component of the ARMS unit material was extracted: Sessile,https://github.com/arms-mbon/data_release_002,Main genome;Eukaryota;Opisthokonta;Metazoa;Cnidaria;Hydrozoa;NA;NA;NA;NA;NA,urn:lsid:marinespecies.org:taxname:1337,Hydrozoa,Class,Otu31,NCBI:6074,ARMS_Getxo_G3_20200624_20201103_SF40_s1_r1
ARMS_Getxo_G3_20200624_20201103_SF40_s1_r1:Otu162,MaterialSample,ARMS-MBON,data_release_002,present,ARMS_Getxo_G3_20200624_20201103,SAMEA10021257,2020-06-24/2020-11-03,15,DNA sequence reads,11611,DNA sequence reads,https://github.com/arms-mbon/documentation/tree/main/armsmbon_handbook,ERR7127687,PEMA v2.1.4 https://github.com/hariszaf/pema | https://github.com/arms-mbon/analysis_release_002/tree/main/parameter_files,CREST classifier; Minimum bit-score 155; LCA bitscore range 2% | PR2 v4.13 | VSEARCH v2.9.1; clustering similarity 97%,Abra de Bilbao (http://marineregions.org/mrgid/17355),43.33843,-3.01483,ES,Getxo_G3,5.0,10.0,Marina; semi-industrial; 9.6 - Subtidal Muddy,uncertain classification (not marine),Was a crate cover used when retrieving the unit: not provided; Which component of the ARMS unit material was extracted: Sessile,https://github.com/arms-mbon/data_release_002,Main genome;Eukaryota;Opisthokonta;Metazoa;Annelida;NA;NA;NA;NA;NA;NA,urn:lsid:marinespecies.org:taxname:882,Annelida,Phylum,Otu162,NCBI:6340,ARMS_Getxo_G3_20200624_20201103_SF40_s1_r1
ARMS_Getxo_G3_20200624_20201103_SF40_s1_r1:Otu161,MaterialSample,ARMS-MBON,data_release_002,present,ARMS_Getxo_G3_20200624_20201103,SAMEA10021257,2020-06-24/2020-11-03,15,DNA sequence reads,11611,DNA sequence reads,https://github.com/arms-mbon/documentation/tree/main/armsmbon_handbook,ERR7127687,PEMA v2.1.4 https://github.com/hariszaf/pema | https://github.com/arms-mbon/analysis_release_002/tree/main/parameter_files,CREST classifier; Minimum bit-score 155; LCA bitscore range 2% | PR2 v4.13 | VSEARCH v2.9.1; clustering similarity 97%,Abra de Bilbao (http://marineregions.org/mrgid/17355),43.33843,-3.01483,ES,Getxo_G3,5.0,10.0,Marina; semi-industrial; 9.6 - Subtidal Muddy,uncertain classification (not marine),Was a crate cover used when retrieving the unit: not provided; Which component of the ARMS unit material was extracted: Sessile,https://github.com/arms-mbon/data_release_002,Main genome;Eukaryota;Opisthokonta;Metazoa;NA;NA;NA;NA;NA;NA;NA,urn:lsid:marinespecies.org:taxname:2,Animalia,Kingdom,Otu161,NCBI:33208,ARMS_Getxo_G3_20200624_20201103_SF40_s1_r1
ARMS_Getxo_G3_20200624_20201103_SF40_s1_r1:Otu500,MaterialSample,ARMS-MBON,data_release_002,present,ARMS_Getxo_G3_20200624_20201103,SAMEA10021257,2020-06-24/2020-11-03,2,DNA sequence reads,11611,DNA sequence reads,https://github.com/arms-mbon/documentation/tree/main/armsmbon_handbook,ERR7127687,PEMA v2.1.4 https://github.com/hariszaf/pema | https://github.com/arms-mbon/analysis_release_002/tree/main/parameter_files,CREST classifier; Minimum bit-score 155; LCA bitscore range 2% | PR2 v4.13 | VSEARCH v2.9.1; clustering similarity 97%,Abra de Bilbao (http://marineregions.org/mrgid/17355),43.33843,-3.01483,ES,Getxo_G3,5.0,10.0,Marina; semi-industrial; 9.6 - Subtidal Muddy,uncertain classification (not marine),Was a crate cover used when retrieving the unit: not provided; Which component of the ARMS unit material was extracted: Sessile,https://github.com/arms-mbon/data_release_002,Main genome;Eukaryota;Opisthokonta;Metazoa;Arthropoda;Crustacea;Maxillopoda;NA;NA;NA;NA,urn:lsid:marinespecies.org:taxname:1066,Crustacea,Subphylum,Otu500,NCBI:6657,ARMS_Getxo_G3_20200624_20201103_SF40_s1_r1
ARMS_Getxo_G3_20200624_20201103_SF40_s1_r1:Otu503,MaterialSample,ARMS-MBON,data_release_002,present,ARMS_Getxo_G3_20200624_20201103,SAMEA10021257,2020-06-24/2020-11-03,2,DNA sequence reads,11611,DNA sequence reads,https://github.com/arms-mbon/documentation/tree/main/armsmbon_handbook,ERR7127687,PEMA v2.1.4 https://github.com/hariszaf/pema | https://github.com/arms-mbon/analysis_release_002/tree/main/parameter_files,CREST classifier; Minimum bit-score 155; LCA bitscore range 2% | PR2 v4.13 | VSEARCH v2.9.1; clustering similarity 97%,Abra de Bilbao (http://marineregions.org/mrgid/17355),43.33843,-3.01483,ES,Getxo_G3,5.0,10.0,Marina; semi-industrial; 9.6 - Subtidal Muddy,,Was a crate cover used when retrieving the unit: not provided; Which component of the ARMS unit material was extracted: Sessile,https://github.com/arms-mbon/data_release_002,Main genome;Eukaryota;Opisthokonta;Metazoa;Platyhelminthes;Turbellaria;Prolecithophora;NA;NA;NA;NA,urn:lsid:marinespecies.org:taxname:2854,Prolecithophora,Order,Otu503,NCBI:79788,ARMS_Getxo_G3_20200624_20201103_SF40_s1_r1
ARMS_Getxo_G3_20200624_20201103_SF40_s1_r1:Otu505,MaterialSample,ARMS-MBON,data_release_002,present,ARMS_Getxo_G3_20200624_20201103,SAMEA10021257,2020-06-24/2020-11-03,2,DNA sequence reads,11611,DNA sequence reads,https://github.com/arms-mbon/documentation/tree/main/armsmbon_handbook,ERR7127687,PEMA v2.1.4 https://github.com/hariszaf/pema | https://github.com/arms-mbon/analysis_release_002/tree/main/parameter_files,CREST classifier; Minimum bit-score 155; LCA bitscore range 2% | PR2 v4.13 | VSEARCH v2.9.1; clustering similarity 97%,Abra de Bilbao (http://marineregions.org/mrgid/17355),43.33843,-3.01483,ES,Getxo_G3,5.0,10.0,Marina; semi-industrial; 9.6 - Subtidal Muddy,,Was a crate cover used when retrieving the unit: not provided; Which component of the ARMS unit material was extracted: Sessile,https://github.com/arms-mbon/data_release_002,Main genome;Eukaryota;Opisthokonta;Metazoa;Entoprocta;Loxosomella;NA;NA;NA;NA;NA,urn:lsid:marinespecies.org:taxname:111799,Loxosomella,Genus,Otu505,NCBI:231595,ARMS_Getxo_G3_20200624_20201103_SF40_s1_r1
ARMS_Getxo_G3_20200624_20201103_SF40_s1_r1:Otu504,MaterialSample,ARMS-MBON,data_release_002,present,ARMS_Getxo_G3_20200624_20201103,SAMEA10021257,2020-06-24/2020-11-03,2,DNA sequence reads,11611,DNA sequence reads,https://github.com/arms-mbon/documentation/tree/main/armsmbon_handbook,ERR7127687,PEMA v2.1.4 https://github.com/hariszaf/pema | https://github.com/arms-mbon/analysis_release_002/tree/main/parameter_files,CREST classifier; Minimum bit-score 155; LCA bitscore range 2% | PR2 v4.13 | VSEARCH v2.9.1; clustering similarity 97%,Abra de Bilbao (http://marineregions.org/mrgid/17355),43.33843,-3.01483,ES,Getxo_G3,5.0,10.0,Marina; semi-industrial; 9.6 - Subtidal Muddy,,Was a crate cover used when retrieving the unit: not provided; Which component of the ARMS unit material was extracted: Sessile,https://github.com/arms-mbon/data_release_002,Main genome;Eukaryota;Opisthokonta;Choanoflagellida;Choanoflagellatea;Acanthoecida;Acanthoecidae;G;Acanthoeca;NA;NA,urn:lsid:marinespecies.org:taxname:105502,Acanthoeca,Genus,Otu504,NCBI:81532,ARMS_Getxo_G3_20200624_20201103_SF40_s1_r1
ARMS_Getxo_G3_20200624_20201103_SF40_s1_r1:Otu506,MaterialSample,ARMS-MBON,data_release_002,present,ARMS_Getxo_G3_20200624_20201103,SAMEA10021257,2020-06-24/2020-11-03,2,DNA sequence reads,11611,DNA sequence reads,https://github.com/arms-mbon/documentation/tree/main/armsmbon_handbook,ERR7127687,PEMA v2.1.4 https://github.com/hariszaf/pema | https://github.com/arms-mbon/analysis_release_002/tree/main/parameter_files,CREST classifier; Minimum bit-score 155; LCA bitscore range 2% | PR2 v4.13 | VSEARCH v2.9.1; clustering similarity 97%,Abra de Bilbao (http://marineregions.org/mrgid/17355),43.33843,-3.01483,ES,Getxo_G3,5.0,10.0,Marina; semi-industrial; 9.6 - Subtidal Muddy,,Was a crate cover used when retrieving the unit: not provided; Which component of the ARMS unit material was extracted: Sessile,https://github.com/arms-mbon/data_release_002,Main genome;Eukaryota;Opisthokonta;Metazoa;Platyhelminthes;Turbellaria;Mediofusata;NA;NA;NA;NA,,Mediofusata,clade,Otu506,NCBI:166233,ARMS_Getxo_G3_20200624_20201103_SF40_s1_r1
ARMS_Getxo_G3_20200624_20201103_SF40_s1_r1:Otu348,MaterialSample,ARMS-MBON,data_release_002,present,ARMS_Getxo_G3_20200624_20201103,SAMEA10021257,2020-06-24/2020-11-03,4,DNA sequence reads,11611,DNA sequence reads,https://github.com/arms-mbon/documentation/tree/main/armsmbon_handbook,ERR7127687,PEMA v2.1.4 https://github.com/hariszaf/pema | https://github.com/arms-mbon/analysis_release_002/tree/main/parameter_files,CREST classifier; Minimum bit-score 155; LCA bitscore range 2% | PR2 v4.13 | VSEARCH v2.9.1; clustering similarity 97%,Abra de Bilbao (http://marineregions.org/mrgid/17355),43.33843,-3.01483,ES,Getxo_G3,5.0,10.0,Marina; semi-industrial; 9.6 - Subtidal Muddy,,Was a crate cover used when retrieving the unit: not provided; Which component of the ARMS unit material was extracted: Sessile,https://github.com/arms-mbon/data_release_002,Main genome;Eukaryota;Opisthokonta;Metazoa;Annelida;Polydora;NA;NA;NA;NA;NA,,Polydora,genus,Otu348,NCBI:46600,ARMS_Getxo_G3_20200624_20201103_SF40_s1_r1
ARMS_Getxo_G3_20200624_20201103_SF40_s1_r1:Otu8,MaterialSample,ARMS-MBON,data_release_002,present,ARMS_Getxo_G3_20200624_20201103,SAMEA10021257,2020-06-24/2020-11-03,5,DNA sequence reads,11611,DNA sequence reads,https://github.com/arms-mbon/documentation/tree/main/armsmbon_handbook,ERR7127687,PEMA v2.1.4 https://github.com/hariszaf/pema | https://github.com/arms-mbon/analysis_release_002/tree/main/parameter_files,CREST classifier; Minimum bit-score 155; LCA bitscore range 2% | PR2 v4.13 | VSEARCH v2.9.1; clustering similarity 97%,Abra de Bilbao (http://marineregions.org/mrgid/17355),43.33843,-3.01483,ES,Getxo_G3,5.0,10.0,Marina; semi-industrial; 9.6 - Subtidal Muddy,,Was a crate cover used when retrieving the unit: not provided; Which component of the ARMS unit material was extracted: Sessile,https://github.com/arms-mbon/data_release_002,Main genome;Eukaryota;Stramenopiles;Sagenista;Labyrinthulomycetes;Thraustochytrida;Thraustochytriaceae;LAB17;NA;NA;NA,urn:lsid:marinespecies.org:taxname:22156,Thraustochytriaceae,Family,Otu8,NCBI:33674,ARMS_Getxo_G3_20200624_20201103_SF40_s1_r1
ARMS_Getxo_G3_20200624_20201103_SF40_s1_r1:Otu9,MaterialSample,ARMS-MBON,data_release_002,present,ARMS_Getxo_G3_20200624_20201103,SAMEA10021257,2020-06-24/2020-11-03,13,DNA sequence reads,11611,DNA sequence reads,https://github.com/arms-mbon/documentation/tree/main/armsmbon_handbook,ERR7127687,PEMA v2.1.4 https://github.com/hariszaf/pema | https://github.com/arms-mbon/analysis_release_002/tree/main/parameter_files,CREST classifier; Minimum bit-score 155; LCA bitscore range 2% | PR2 v4.13 | VSEARCH v2.9.1; clustering similarity 97%,Abra de Bilbao (http://marineregions.org/mrgid/17355),43.33843,-3.01483,ES,Getxo_G3,5.0,10.0,Marina; semi-industrial; 9.6 - Subtidal Muddy,,Was a crate cover used when retrieving the unit: not provided; Which component of the ARMS unit material was extracted: Sessile,https://github.com/arms-mbon/data_release_002,Main genome;Eukaryota;Opisthokonta;Metazoa;Cnidaria;Anthozoa;NA;NA;NA;NA;NA,urn:lsid:marinespecies.org:taxname:1292,Anthozoa,Subphylum,Otu9,NCBI:6101,ARMS_Getxo_G3_20200624_20201103_SF40_s1_r1
ARMS_Getxo_G3_20200624_20201103_SF40_s1_r1:Otu7,MaterialSample,ARMS-MBON,data_release_002,present,ARMS_Getxo_G3_20200624_20201103,SAMEA10021257,2020-06-24/2020-11-03,3471,DNA sequence reads,11611,DNA sequence reads,https://github.com/arms-mbon/documentation/tree/main/armsmbon_handbook,ERR7127687,PEMA v2.1.4 https://github.com/hariszaf/pema | https://github.com/arms-mbon/analysis_release_002/tree/main/parameter_files,CREST classifier; Minimum bit-score 155; LCA bitscore range 2% | PR2 v4.13 | VSEARCH v2.9.1; clustering similarity 97%,Abra de Bilbao (http://marineregions.org/mrgid/17355),43.33843,-3.01483,ES,Getxo_G3,5.0,10.0,Marina; semi-industrial; 9.6 - Subtidal Muddy,,Was a crate cover used when retrieving the unit: not provided; Which component of the ARMS unit material was extracted: Sessile,https://github.com/arms-mbon/data_release_002,Main genome;Eukaryota;Opisthokonta;Metazoa;Arthropoda;Crustacea;Maxillopoda;Megabalanus;NA;NA;NA,urn:lsid:marinespecies.org:taxname:106123,Megabalanus,Genus,Otu7,NCBI:6679,ARMS_Getxo_G3_20200624_20201103_SF40_s1_r1
ARMS_Getxo_G3_20200624_20201103_SF40_s1_r1:Otu5,MaterialSample,ARMS-MBON,data_release_002,present,ARMS_Getxo_G3_20200624_20201103,SAMEA10021257,2020-06-24/2020-11-03,2,DNA sequence reads,11611,DNA sequence reads,https://github.com/arms-mbon/documentation/tree/main/armsmbon_handbook,ERR7127687,PEMA v2.1.4 https://github.com/hariszaf/pema | https://github.com/arms-mbon/analysis_release_002/tree/main/parameter_files,CREST classifier; Minimum bit-score 155; LCA bitscore range 2% | PR2 v4.13 | VSEARCH v2.9.1; clustering similarity 97%,Abra de Bilbao (http://marineregions.org/mrgid/17355),43.33843,-3.01483,ES,Getxo_G3,5.0,10.0,Marina; semi-industrial; 9.6 - Subtidal Muddy,,Was a crate cover used when retrieving the unit: not provided; Which component of the ARMS unit material was extracted: Sessile,https://github.com/arms-mbon/data_release_002,Main genome;Eukaryota;Opisthokonta;Metazoa;Craniata;Teleostei;NA;NA;NA;NA;NA,urn:lsid:marinespecies.org:taxname:293496,Teleostei,Class,Otu5,NCBI:32443,ARMS_Getxo_G3_20200624_20201103_SF40_s1_r1
ARMS_Getxo_G3_20200624_20201103_SF40_s1_r1:Otu2,MaterialSample,ARMS-MBON,data_release_002,present,ARMS_Getxo_G3_20200624_20201103,SAMEA10021257,2020-06-24/2020-11-03,2978,DNA sequence reads,11611,DNA sequence reads,https://github.com/arms-mbon/documentation/tree/main/armsmbon_handbook,ERR7127687,PEMA v2.1.4 https://github.com/hariszaf/pema | https://github.com/arms-mbon/analysis_release_002/tree/main/parameter_files,CREST classifier; Minimum bit-score 155; LCA bitscore range 2% | PR2 v4.13 | VSEARCH v2.9.1; clustering similarity 97%,Abra de Bilbao (http://marineregions.org/mrgid/17355),43.33843,-3.01483,ES,Getxo_G3,5.0,10.0,Marina; semi-industrial; 9.6 - Subtidal Muddy,,Was a crate cover used when retrieving the unit: not provided; Which component of the ARMS unit material was extracted: Sessile,https://github.com/arms-mbon/data_release_002,Main genome;Eukaryota;Opisthokonta;Metazoa;Urochordata;Ascidiacea;NA;NA;NA;NA;NA,urn:lsid:marinespecies.org:taxname:1839,Ascidiacea,Class,Otu2,NCBI:7713,ARMS_Getxo_G3_20200624_20201103_SF40_s1_r1
ARMS_Getxo_G3_20200624_20201103_SF40_s1_r1:Otu3,MaterialSample,ARMS-MBON,data_release_002,present,ARMS_Getxo_G3_20200624_20201103,SAMEA10021257,2020-06-24/2020-11-03,4342,DNA sequence reads,11611,DNA sequence reads,https://github.com/arms-mbon/documentation/tree/main/armsmbon_handbook,ERR7127687,PEMA v2.1.4 https://github.com/hariszaf/pema | https://github.com/arms-mbon/analysis_release_002/tree/main/parameter_files,CREST classifier; Minimum bit-score 155; LCA bitscore range 2% | PR2 v4.13 | VSEARCH v2.9.1; clustering similarity 97%,Abra de Bilbao (http://marineregions.org/mrgid/17355),43.33843,-3.01483,ES,Getxo_G3,5.0,10.0,Marina; semi-industrial; 9.6 - Subtidal Muddy,,Was a crate cover used when retrieving the unit: not provided; Which component of the ARMS unit material was extracted: Sessile,https://github.com/arms-mbon/data_release_002,Main genome;Eukaryota;Opisthokonta;Metazoa;Mollusca;Bivalvia;Ostreoida;Crassostrea;NA;NA;NA,urn:lsid:marinespecies.org:taxname:138297,Crassostrea,Genus,Otu3,NCBI:6564,ARMS_Getxo_G3_20200624_20201103_SF40_s1_r1
ARMS_Getxo_G3_20200624_20201103_SF40_s1_r1:Otu52,MaterialSample,ARMS-MBON,data_release_002,present,ARMS_Getxo_G3_20200624_20201103,SAMEA10021257,2020-06-24/2020-11-03,11,DNA sequence reads,11611,DNA sequence reads,https://github.com/arms-mbon/documentation/tree/main/armsmbon_handbook,ERR7127687,PEMA v2.1.4 https://github.com/hariszaf/pema | https://github.com/arms-mbon/analysis_release_002/tree/main/parameter_files,CREST classifier; Minimum bit-score 155; LCA bitscore range 2% | PR2 v4.13 | VSEARCH v2.9.1; clustering similarity 97%,Abra de Bilbao (http://marineregions.org/mrgid/17355),43.33843,-3.01483,ES,Getxo_G3,5.0,10.0,Marina; semi-industrial; 9.6 - Subtidal Muddy,,Was a crate cover used when retrieving the unit: not provided; Which component of the ARMS unit material was extracted: Sessile,https://github.com/arms-mbon/data_release_002,Main genome;Eukaryota;Opisthokonta;Metazoa;Urochordata;Ascidiacea;NA;NA;NA;NA;NA,urn:lsid:marinespecies.org:taxname:1839,Ascidiacea,Class,Otu52,NCBI:7713,ARMS_Getxo_G3_20200624_20201103_SF40_s1_r1
ARMS_Getxo_G3_20200624_20201103_SF40_s1_r1:Otu475,MaterialSample,ARMS-MBON,data_release_002,present,ARMS_Getxo_G3_20200624_20201103,SAMEA10021257,2020-06-24/2020-11-03,2,DNA sequence reads,11611,DNA sequence reads,https://github.com/arms-mbon/documentation/tree/main/armsmbon_handbook,ERR7127687,PEMA v2.1.4 https://github.com/hariszaf/pema | https://github.com/arms-mbon/analysis_release_002/tree/main/parameter_files,CREST classifier; Minimum bit-score 155; LCA bitscore range 2% | PR2 v4.13 | VSEARCH v2.9.1; clustering similarity 97%,Abra de Bilbao (http://marineregions.org/mrgid/17355),43.33843,-3.01483,ES,Getxo_G3,5.0,10.0,Marina; semi-industrial; 9.6 - Subtidal Muddy,uncertain classification (not marine),Was a crate cover used when retrieving the unit: not provided; Which component of the ARMS unit material was extracted: Sessile,https://github.com/arms-mbon/data_release_002,Main genome;Eukaryota;Opisthokonta;Metazoa;Nematoda;Enoplea;NA;NA;NA;NA;NA,urn:lsid:marinespecies.org:taxname:834422,Enoplea,Class,Otu475,NCBI:119088,ARMS_Getxo_G3_20200624_20201103_SF40_s1_r1
ARMS_Getxo_G3_20200624_20201103_SF40_s1_r1:Otu297,MaterialSample,ARMS-MBON,data_release_002,present,ARMS_Getxo_G3_20200624_20201103,SAMEA10021257,2020-06-24/2020-11-03,9,DNA sequence reads,11611,DNA sequence reads,https://github.com/arms-mbon/documentation/tree/main/armsmbon_handbook,ERR7127687,PEMA v2.1.4 https://github.com/hariszaf/pema | https://github.com/arms-mbon/analysis_release_002/tree/main/parameter_files,CREST classifier; Minimum bit-score 155; LCA bitscore range 2% | PR2 v4.13 | VSEARCH v2.9.1; clustering similarity 97%,Abra de Bilbao (http://marineregions.org/mrgid/17355),43.33843,-3.01483,ES,Getxo_G3,5.0,10.0,Marina; semi-industrial; 9.6 - Subtidal Muddy,,Was a crate cover used when retrieving the unit: not provided; Which component of the ARMS unit material was extracted: Sessile,https://github.com/arms-mbon/data_release_002,Main genome;Eukaryota;Stramenopiles;Sagenista;Labyrinthulomycetes;Oblongichytrida;Oblongichytridiaceae;NA;NA;NA;NA,,Oblongichytrida,order,Otu297,NCBI:2699530,ARMS_Getxo_G3_20200624_20201103_SF40_s1_r1
ARMS_Getxo_G3_20200624_20201103_SF40_s1_r1:Otu296,MaterialSample,ARMS-MBON,data_release_002,present,ARMS_Getxo_G3_20200624_20201103,SAMEA10021257,2020-06-24/2020-11-03,10,DNA sequence reads,11611,DNA sequence reads,https://github.com/arms-mbon/documentation/tree/main/armsmbon_handbook,ERR7127687,PEMA v2.1.4 https://github.com/hariszaf/pema | https://github.com/arms-mbon/analysis_release_002/tree/main/parameter_files,CREST classifier; Minimum bit-score 155; LCA bitscore range 2% | PR2 v4.13 | VSEARCH v2.9.1; clustering similarity 97%,Abra de Bilbao (http://marineregions.org/mrgid/17355),43.33843,-3.01483,ES,Getxo_G3,5.0,10.0,Marina; semi-industrial; 9.6 - Subtidal Muddy,,Was a crate cover used when retrieving the unit: not provided; Which component of the ARMS unit material was extracted: Sessile,https://github.com/arms-mbon/data_release_002,Main genome;Eukaryota;Opisthokonta;Metazoa;Porifera;Demospongiae;Hymeniacidon;NA;NA;NA;NA,urn:lsid:marinespecies.org:taxname:131808,Hymeniacidon,Genus,Otu296,NCBI:6065,ARMS_Getxo_G3_20200624_20201103_SF40_s1_r1
ARMS_Getxo_G3_20200624_20201103_SF40_s1_r1:Otu193,MaterialSample,ARMS-MBON,data_release_002,present,ARMS_Getxo_G3_20200624_20201103,SAMEA10021257,2020-06-24/2020-11-03,4,DNA sequence reads,11611,DNA sequence reads,https://github.com/arms-mbon/documentation/tree/main/armsmbon_handbook,ERR7127687,PEMA v2.1.4 https://github.com/hariszaf/pema | https://github.com/arms-mbon/analysis_release_002/tree/main/parameter_files,CREST classifier; Minimum bit-score 155; LCA bitscore range 2% | PR2 v4.13 | VSEARCH v2.9.1; clustering similarity 97%,Abra de Bilbao (http://marineregions.org/mrgid/17355),43.33843,-3.01483,ES,Getxo_G3,5.0,10.0,Marina; semi-industrial; 9.6 - Subtidal Muddy,,Was a crate cover used when retrieving the unit: not provided; Which component of the ARMS unit material was extracted: Sessile,https://github.com/arms-mbon/data_release_002,Main genome;Eukaryota;Opisthokonta;Metazoa;Nemertea;Cephalothrix;NA;NA;NA;NA;NA,urn:lsid:marinespecies.org:taxname:122381,Procephalothrix,Genus,Otu193,NCBI:166041,ARMS_Getxo_G3_20200624_20201103_SF40_s1_r1
ARMS_Getxo_G3_20200624_20201103_SF40_s1_r1:Otu190,MaterialSample,ARMS-MBON,data_release_002,present,ARMS_Getxo_G3_20200624_20201103,SAMEA10021257,2020-06-24/2020-11-03,9,DNA sequence reads,11611,DNA sequence reads,https://github.com/arms-mbon/documentation/tree/main/armsmbon_handbook,ERR7127687,PEMA v2.1.4 https://github.com/hariszaf/pema | https://github.com/arms-mbon/analysis_release_002/tree/main/parameter_files,CREST classifier; Minimum bit-score 155; LCA bitscore range 2% | PR2 v4.13 | VSEARCH v2.9.1; clustering similarity 97%,Abra de Bilbao (http://marineregions.org/mrgid/17355),43.33843,-3.01483,ES,Getxo_G3,5.0,10.0,Marina; semi-industrial; 9.6 - Subtidal Muddy,uncertain classification (not marine),Was a crate cover used when retrieving the unit: not provided; Which component of the ARMS unit material was extracted: Sessile,https://github.com/arms-mbon/data_release_002,Main genome;Eukaryota;Opisthokonta;Metazoa;Annelida;NA;NA;NA;NA;NA;NA,urn:lsid:marinespecies.org:taxname:882,Annelida,Phylum,Otu190,NCBI:6340,ARMS_Getxo_G3_20200624_20201103_SF40_s1_r1
ARMS_Getxo_G3_20200624_20201103_SF40_s1_r1:Otu95,MaterialSample,ARMS-MBON,data_release_002,present,ARMS_Getxo_G3_20200624_20201103,SAMEA10021257,2020-06-24/2020-11-03,16,DNA sequence reads,11611,DNA sequence reads,https://github.com/arms-mbon/documentation/tree/main/armsmbon_handbook,ERR7127687,PEMA v2.1.4 https://github.com/hariszaf/pema | https://github.com/arms-mbon/analysis_release_002/tree/main/parameter_files,CREST classifier; Minimum bit-score 155; LCA bitscore range 2% | PR2 v4.13 | VSEARCH v2.9.1; clustering similarity 97%,Abra de Bilbao (http://marineregions.org/mrgid/17355),43.33843,-3.01483,ES,Getxo_G3,5.0,10.0,Marina; semi-industrial; 9.6 - Subtidal Muddy,uncertain classification (not marine),Was a crate cover used when retrieving the unit: not provided; Which component of the ARMS unit material was extracted: Sessile,https://github.com/arms-mbon/data_release_002,Main genome;Eukaryota;Opisthokonta;Metazoa;Annelida;NA;NA;NA;NA;NA;NA,urn:lsid:marinespecies.org:taxname:882,Annelida,Phylum,Otu95,NCBI:6340,ARMS_Getxo_G3_20200624_20201103_SF40_s1_r1
ARMS_Getxo_G3_20200624_20201103_SF40_s1_r1:Otu409,MaterialSample,ARMS-MBON,data_release_002,present,ARMS_Getxo_G3_20200624_20201103,SAMEA10021257,2020-06-24/2020-11-03,3,DNA sequence reads,11611,DNA sequence reads,https://github.com/arms-mbon/documentation/tree/main/armsmbon_handbook,ERR7127687,PEMA v2.1.4 https://github.com/hariszaf/pema | https://github.com/arms-mbon/analysis_release_002/tree/main/parameter_files,CREST classifier; Minimum bit-score 155; LCA bitscore range 2% | PR2 v4.13 | VSEARCH v2.9.1; clustering similarity 97%,Abra de Bilbao (http://marineregions.org/mrgid/17355),43.33843,-3.01483,ES,Getxo_G3,5.0,10.0,Marina; semi-industrial; 9.6 - Subtidal Muddy,uncertain classification (not marine),Was a crate cover used when retrieving the unit: not provided; Which component of the ARMS unit material was extracted: Sessile,https://github.com/arms-mbon/data_release_002,Main genome;Eukaryota;Opisthokonta;Metazoa;Nematoda;Chromadorea;NA;NA;NA;NA;NA,urn:lsid:marinespecies.org:taxname:731848,Chromadorea,Class,Otu409,NCBI:119089,ARMS_Getxo_G3_20200624_20201103_SF40_s1_r1
ARMS_Getxo_G3_20200624_20201103_SF40_s1_r1:Otu404,MaterialSample,ARMS-MBON,data_release_002,present,ARMS_Getxo_G3_20200624_20201103,SAMEA10021257,2020-06-24/2020-11-03,5,DNA sequence reads,11611,DNA sequence reads,https://github.com/arms-mbon/documentation/tree/main/armsmbon_handbook,ERR7127687,PEMA v2.1.4 https://github.com/hariszaf/pema | https://github.com/arms-mbon/analysis_release_002/tree/main/parameter_files,CREST classifier; Minimum bit-score 155; LCA bitscore range 2% | PR2 v4.13 | VSEARCH v2.9.1; clustering similarity 97%,Abra de Bilbao (http://marineregions.org/mrgid/17355),43.33843,-3.01483,ES,Getxo_G3,5.0,10.0,Marina; semi-industrial; 9.6 - Subtidal Muddy,,Was a crate cover used when retrieving the unit: not provided; Which component of the ARMS unit material was extracted: Sessile,https://github.com/arms-mbon/data_release_002,Main genome;Eukaryota;Opisthokonta;Metazoa;Mollusca;Bivalvia;Mytiloida;Xenostrobus;NA;NA;NA,urn:lsid:marinespecies.org:taxname:138231,Xenostrobus,Genus,Otu404,NCBI:1819793,ARMS_Getxo_G3_20200624_20201103_SF40_s1_r1
ARMS_Getxo_G3_20200624_20201103_SF40_s1_r1:Otu407,MaterialSample,ARMS-MBON,data_release_002,present,ARMS_Getxo_G3_20200624_20201103,SAMEA10021257,2020-06-24/2020-11-03,3,DNA sequence reads,11611,DNA sequence reads,https://github.com/arms-mbon/documentation/tree/main/armsmbon_handbook,ERR7127687,PEMA v2.1.4 https://github.com/hariszaf/pema | https://github.com/arms-mbon/analysis_release_002/tree/main/parameter_files,CREST classifier; Minimum bit-score 155; LCA bitscore range 2% | PR2 v4.13 | VSEARCH v2.9.1; clustering similarity 97%,Abra de Bilbao (http://marineregions.org/mrgid/17355),43.33843,-3.01483,ES,Getxo_G3,5.0,10.0,Marina; semi-industrial; 9.6 - Subtidal Muddy,,Was a crate cover used when retrieving the unit: not provided; Which component of the ARMS unit material was extracted: Sessile,https://github.com/arms-mbon/data_release_002,Main genome;Eukaryota;Opisthokonta;Metazoa;Entoprocta;Loxosomella;stomatophora;NA;NA;NA;Loxosomella stomatophora,urn:lsid:marinespecies.org:taxname:388059,Loxosomella stomatophora,Species,Otu407,NCBI:768834,ARMS_Getxo_G3_20200624_20201103_SF40_s1_r1
ARMS_Getxo_G3_20200624_20201103_SF40_s1_r1:Otu146,MaterialSample,ARMS-MBON,data_release_002,present,ARMS_Getxo_G3_20200624_20201103,SAMEA10021257,2020-06-24/2020-11-03,12,DNA sequence reads,11611,DNA sequence reads,https://github.com/arms-mbon/documentation/tree/main/armsmbon_handbook,ERR7127687,PEMA v2.1.4 https://github.com/hariszaf/pema | https://github.com/arms-mbon/analysis_release_002/tree/main/parameter_files,CREST classifier; Minimum bit-score 155; LCA bitscore range 2% | PR2 v4.13 | VSEARCH v2.9.1; clustering similarity 97%,Abra de Bilbao (http://marineregions.org/mrgid/17355),43.33843,-3.01483,ES,Getxo_G3,5.0,10.0,Marina; semi-industrial; 9.6 - Subtidal Muddy,,Was a crate cover used when retrieving the unit: not provided; Which component of the ARMS unit material was extracted: Sessile,https://github.com/arms-mbon/data_release_002,Main genome;Eukaryota;Opisthokonta;Metazoa;Mollusca;Bivalvia;Pectinoida;NA;NA;NA;NA,urn:lsid:marinespecies.org:taxname:387324,Pectinida,Order,Otu146,NCBI:106218,ARMS_Getxo_G3_20200624_20201103_SF40_s1_r1
ARMS_Getxo_G3_20200624_20201103_SF40_s1_r1:Otu394,MaterialSample,ARMS-MBON,data_release_002,present,ARMS_Getxo_G3_20200624_20201103,SAMEA10021257,2020-06-24/2020-11-03,2,DNA sequence reads,11611,DNA sequence reads,https://github.com/arms-mbon/documentation/tree/main/armsmbon_handbook,ERR7127687,PEMA v2.1.4 https://github.com/hariszaf/pema | https://github.com/arms-mbon/analysis_release_002/tree/main/parameter_files,CREST classifier; Minimum bit-score 155; LCA bitscore range 2% | PR2 v4.13 | VSEARCH v2.9.1; clustering similarity 97%,Abra de Bilbao (http://marineregions.org/mrgid/17355),43.33843,-3.01483,ES,Getxo_G3,5.0,10.0,Marina; semi-industrial; 9.6 - Subtidal Muddy,uncertain classification (not marine),Was a crate cover used when retrieving the unit: not provided; Which component of the ARMS unit material was extracted: Sessile,https://github.com/arms-mbon/data_release_002,Main genome;Eukaryota;Opisthokonta;Metazoa;Arthropoda;Crustacea;Maxillopoda;NA;NA;NA;NA,urn:lsid:marinespecies.org:taxname:1066,Crustacea,Subphylum,Otu394,NCBI:6657,ARMS_Getxo_G3_20200624_20201103_SF40_s1_r1
ARMS_Getxo_G3_20200624_20201103_SF40_s1_r1:Otu132,MaterialSample,ARMS-MBON,data_release_002,present,ARMS_Getxo_G3_20200624_20201103,SAMEA10021257,2020-06-24/2020-11-03,3,DNA sequence reads,11611,DNA sequence reads,https://github.com/arms-mbon/documentation/tree/main/armsmbon_handbook,ERR7127687,PEMA v2.1.4 https://github.com/hariszaf/pema | https://github.com/arms-mbon/analysis_release_002/tree/main/parameter_files,CREST classifier; Minimum bit-score 155; LCA bitscore range 2% | PR2 v4.13 | VSEARCH v2.9.1; clustering similarity 97%,Abra de Bilbao (http://marineregions.org/mrgid/17355),43.33843,-3.01483,ES,Getxo_G3,5.0,10.0,Marina; semi-industrial; 9.6 - Subtidal Muddy,,Was a crate cover used when retrieving the unit: not provided; Which component of the ARMS unit material was extracted: Sessile,https://github.com/arms-mbon/data_release_002,Main genome;Eukaryota;Opisthokonta;Metazoa;Cnidaria;Hydrozoa;NA;NA;NA;NA;NA,urn:lsid:marinespecies.org:taxname:1337,Hydrozoa,Class,Otu132,NCBI:6074,ARMS_Getxo_G3_20200624_20201103_SF40_s1_r1
ARMS_Getxo_G3_20200624_20201103_SF40_s1_r1:Otu16,MaterialSample,ARMS-MBON,data_release_002,present,ARMS_Getxo_G3_20200624_20201103,SAMEA10021257,2020-06-24/2020-11-03,2,DNA sequence reads,11611,DNA sequence reads,https://github.com/arms-mbon/documentation/tree/main/armsmbon_handbook,ERR7127687,PEMA v2.1.4 https://github.com/hariszaf/pema | https://github.com/arms-mbon/analysis_release_002/tree/main/parameter_files,CREST classifier; Minimum bit-score 155; LCA bitscore range 2% | PR2 v4.13 | VSEARCH v2.9.1; clustering similarity 97%,Abra de Bilbao (http://marineregions.org/mrgid/17355),43.33843,-3.01483,ES,Getxo_G3,5.0,10.0,Marina; semi-industrial; 9.6 - Subtidal Muddy,,Was a crate cover used when retrieving the unit: not provided; Which component of the ARMS unit material was extracted: Sessile,https://github.com/arms-mbon/data_release_002,Main genome;Eukaryota;Alveolata;Ciliophora;Heterotrichea;Folliculinidae;NA;NA;NA;NA;NA,urn:lsid:marinespecies.org:taxname:1692,Folliculinidae,Family,Otu16,NCBI:219170,ARMS_Getxo_G3_20200624_20201103_SF40_s1_r1
ARMS_Getxo_G3_20200624_20201103_SF40_s1_r1:Otu10,MaterialSample,ARMS-MBON,data_release_002,present,ARMS_Getxo_G3_20200624_20201103,SAMEA10021257,2020-06-24/2020-11-03,107,DNA sequence reads,11611,DNA sequence reads,https://github.com/arms-mbon/documentation/tree/main/armsmbon_handbook,ERR7127687,PEMA v2.1.4 https://github.com/hariszaf/pema | https://github.com/arms-mbon/analysis_release_002/tree/main/parameter_files,CREST classifier; Minimum bit-score 155; LCA bitscore range 2% | PR2 v4.13 | VSEARCH v2.9.1; clustering similarity 97%,Abra de Bilbao (http://marineregions.org/mrgid/17355),43.33843,-3.01483,ES,Getxo_G3,5.0,10.0,Marina; semi-industrial; 9.6 - Subtidal Muddy,uncertain classification (not marine),Was a crate cover used when retrieving the unit: not provided; Which component of the ARMS unit material was extracted: Sessile,https://github.com/arms-mbon/data_release_002,Main genome;Eukaryota;Opisthokonta;Metazoa;Mollusca;Gastropoda;Neritopsina;NA;NA;NA;NA,urn:lsid:marinespecies.org:taxname:156484,Neritimorpha,Subclass,Otu10,NCBI:119397,ARMS_Getxo_G3_20200624_20201103_SF40_s1_r1
ARMS_Getxo_G3_20200624_20201103_SF40_s1_r1:Otu18,MaterialSample,ARMS-MBON,data_release_002,present,ARMS_Getxo_G3_20200624_20201103,SAMEA10021257,2020-06-24/2020-11-03,26,DNA sequence reads,11611,DNA sequence reads,https://github.com/arms-mbon/documentation/tree/main/armsmbon_handbook,ERR7127687,PEMA v2.1.4 https://github.com/hariszaf/pema | https://github.com/arms-mbon/analysis_release_002/tree/main/parameter_files,CREST classifier; Minimum bit-score 155; LCA bitscore range 2% | PR2 v4.13 | VSEARCH v2.9.1; clustering similarity 97%,Abra de Bilbao (http://marineregions.org/mrgid/17355),43.33843,-3.01483,ES,Getxo_G3,5.0,10.0,Marina; semi-industrial; 9.6 - Subtidal Muddy,uncertain classification (not marine),Was a crate cover used when retrieving the unit: not provided; Which component of the ARMS unit material was extracted: Sessile,https://github.com/arms-mbon/data_release_002,Main genome;Eukaryota;Opisthokonta;Metazoa;Annelida;NA;NA;NA;NA;NA;NA,urn:lsid:marinespecies.org:taxname:882,Annelida,Phylum,Otu18,NCBI:6340,ARMS_Getxo_G3_20200624_20201103_SF40_s1_r1
ARMS_Getxo_G3_20200624_20201103_SF40_s1_r1:Otu19,MaterialSample,ARMS-MBON,data_release_002,present,ARMS_Getxo_G3_20200624_20201103,SAMEA10021257,2020-06-24/2020-11-03,230,DNA sequence reads,11611,DNA sequence reads,https://github.com/arms-mbon/documentation/tree/main/armsmbon_handbook,ERR7127687,PEMA v2.1.4 https://github.com/hariszaf/pema | https://github.com/arms-mbon/analysis_release_002/tree/main/parameter_files,CREST classifier; Minimum bit-score 155; LCA bitscore range 2% | PR2 v4.13 | VSEARCH v2.9.1; clustering similarity 97%,Abra de Bilbao (http://marineregions.org/mrgid/17355),43.33843,-3.01483,ES,Getxo_G3,5.0,10.0,Marina; semi-industrial; 9.6 - Subtidal Muddy,,Was a crate cover used when retrieving the unit: not provided; Which component of the ARMS unit material was extracted: Sessile,https://github.com/arms-mbon/data_release_002,Main genome;Eukaryota;Opisthokonta;Metazoa;Urochordata;Ascidiacea;Chelyosoma;NA;NA;NA;NA,urn:lsid:marinespecies.org:taxname:103494,Chelyosoma,Genus,Otu19,NCBI:71176,ARMS_Getxo_G3_20200624_20201103_SF40_s1_r1
ARMS_TZS_Angbat_20200608_20201117_MF100_ETOH_s1_r1:Otu177,MaterialSample,ARMS-MBON,data_release_002,present,ARMS_TZS_Angbat_20200608_20201117,SAMEA10020989,2020-06-08/2020-11-17,9,DNA sequence reads,382,DNA sequence reads,https://github.com/arms-mbon/documentation/tree/main/armsmbon_handbook,ERR7125500,PEMA v2.1.4 https://github.com/hariszaf/pema | https://github.com/arms-mbon/analysis_release_002/tree/main/parameter_files,CREST classifier; Minimum bit-score 155; LCA bitscore range 2% | PR2 v4.13 | VSEARCH v2.9.1; clustering similarity 97%,Tammisaaren Ja Hangon Saariston Ja Pohjanpitäjänlahden Merensuojelualue (http://marineregions.org/mrgid/27436),59.841505,23.248879,FI,TZS_Angbat,4.0,4.0,Marine Protected Area; Long-Term Ecological Research Site; continuous hydrographic monitoring; protected; 9.4 - Subtidal Sandy,uncertain classification (not marine),Was a crate cover used when retrieving the unit: not provided; Which component of the ARMS unit material was extracted: Motile,https://github.com/arms-mbon/data_release_002,Main genome;Eukaryota;Opisthokonta;Metazoa;Annelida;NA;NA;NA;NA;NA;NA,urn:lsid:marinespecies.org:taxname:882,Annelida,Phylum,Otu177,NCBI:6340,ARMS_TZS_Angbat_20200608_20201117_MF100_ETOH_s1_r1
ARMS_TZS_Angbat_20200608_20201117_MF100_ETOH_s1_r1:Otu358,MaterialSample,ARMS-MBON,data_release_002,present,ARMS_TZS_Angbat_20200608_20201117,SAMEA10020989,2020-06-08/2020-11-17,3,DNA sequence reads,382,DNA sequence reads,https://github.com/arms-mbon/documentation/tree/main/armsmbon_handbook,ERR7125500,PEMA v2.1.4 https://github.com/hariszaf/pema | https://github.com/arms-mbon/analysis_release_002/tree/main/parameter_files,CREST classifier; Minimum bit-score 155; LCA bitscore range 2% | PR2 v4.13 | VSEARCH v2.9.1; clustering similarity 97%,Tammisaaren Ja Hangon Saariston Ja Pohjanpitäjänlahden Merensuojelualue (http://marineregions.org/mrgid/27436),59.841505,23.248879,FI,TZS_Angbat,4.0,4.0,Marine Protected Area; Long-Term Ecological Research Site; continuous hydrographic monitoring; protected; 9.4 - Subtidal Sandy,,Was a crate cover used when retrieving the unit: not provided; Which component of the ARMS unit material was extracted: Motile,https://github.com/arms-mbon/data_release_002,Main genome;Eukaryota;Opisthokonta;Metazoa;Mollusca;Bivalvia;Heteroconchia;Ensis;NA;NA;NA,urn:lsid:marinespecies.org:taxname:138333,Ensis,Genus,Otu358,NCBI:6586,ARMS_TZS_Angbat_20200608_20201117_MF100_ETOH_s1_r1
ARMS_TZS_Angbat_20200608_20201117_MF100_ETOH_s1_r1:Otu65,MaterialSample,ARMS-MBON,data_release_002,present,ARMS_TZS_Angbat_20200608_20201117,SAMEA10020989,2020-06-08/2020-11-17,16,DNA sequence reads,382,DNA sequence reads,https://github.com/arms-mbon/documentation/tree/main/armsmbon_handbook,ERR7125500,PEMA v2.1.4 https://github.com/hariszaf/pema | https://github.com/arms-mbon/analysis_release_002/tree/main/parameter_files,CREST classifier; Minimum bit-score 155; LCA bitscore range 2% | PR2 v4.13 | VSEARCH v2.9.1; clustering similarity 97%,Tammisaaren Ja Hangon Saariston Ja Pohjanpitäjänlahden Merensuojelualue (http://marineregions.org/mrgid/27436),59.841505,23.248879,FI,TZS_Angbat,4.0,4.0,Marine Protected Area; Long-Term Ecological Research Site; continuous hydrographic monitoring; protected; 9.4 - Subtidal Sandy,uncertain classification (not marine),Was a crate cover used when retrieving the unit: not provided; Which component of the ARMS unit material was extracted: Motile,https://github.com/arms-mbon/data_release_002,Main genome;Eukaryota;Opisthokonta;Metazoa;Arthropoda;Crustacea;Maxillopoda;NA;NA;NA;NA,urn:lsid:marinespecies.org:taxname:1066,Crustacea,Subphylum,Otu65,NCBI:6657,ARMS_TZS_Angbat_20200608_20201117_MF100_ETOH_s1_r1
ARMS_TZS_Angbat_20200608_20201117_MF100_ETOH_s1_r1:Otu67,MaterialSample,ARMS-MBON,data_release_002,present,ARMS_TZS_Angbat_20200608_20201117,SAMEA10020989,2020-06-08/2020-11-17,7,DNA sequence reads,382,DNA sequence reads,https://github.com/arms-mbon/documentation/tree/main/armsmbon_handbook,ERR7125500,PEMA v2.1.4 https://github.com/hariszaf/pema | https://github.com/arms-mbon/analysis_release_002/tree/main/parameter_files,CREST classifier; Minimum bit-score 155; LCA bitscore range 2% | PR2 v4.13 | VSEARCH v2.9.1; clustering similarity 97%,Tammisaaren Ja Hangon Saariston Ja Pohjanpitäjänlahden Merensuojelualue (http://marineregions.org/mrgid/27436),59.841505,23.248879,FI,TZS_Angbat,4.0,4.0,Marine Protected Area; Long-Term Ecological Research Site; continuous hydrographic monitoring; protected; 9.4 - Subtidal Sandy,uncertain classification (not marine),Was a crate cover used when retrieving the unit: not provided; Which component of the ARMS unit material was extracted: Motile,https://github.com/arms-mbon/data_release_002,Main genome;Eukaryota;Alveolata;Apicomplexa;Gregarinomorphea;Selenidium1;sensimae;NA;NA;NA;Selenidium1 sensimae,urn:lsid:marinespecies.org:taxname:22565,Apicomplexa,Subphylum,Otu67,NCBI:5794,ARMS_TZS_Angbat_20200608_20201117_MF100_ETOH_s1_r1
ARMS_TZS_Angbat_20200608_20201117_MF100_ETOH_s1_r1:Otu305,MaterialSample,ARMS-MBON,data_release_002,present,ARMS_TZS_Angbat_20200608_20201117,SAMEA10020989,2020-06-08/2020-11-17,4,DNA sequence reads,382,DNA sequence reads,https://github.com/arms-mbon/documentation/tree/main/armsmbon_handbook,ERR7125500,PEMA v2.1.4 https://github.com/hariszaf/pema | https://github.com/arms-mbon/analysis_release_002/tree/main/parameter_files,CREST classifier; Minimum bit-score 155; LCA bitscore range 2% | PR2 v4.13 | VSEARCH v2.9.1; clustering similarity 97%,Tammisaaren Ja Hangon Saariston Ja Pohjanpitäjänlahden Merensuojelualue (http://marineregions.org/mrgid/27436),59.841505,23.248879,FI,TZS_Angbat,4.0,4.0,Marine Protected Area; Long-Term Ecological Research Site; continuous hydrographic monitoring; protected; 9.4 - Subtidal Sandy,uncertain classification (not marine),Was a crate cover used when retrieving the unit: not provided; Which component of the ARMS unit material was extracted: Motile,https://github.com/arms-mbon/data_release_002,Main genome;Eukaryota;Opisthokonta;Metazoa;Annelida;NA;NA;NA;NA;NA;NA,urn:lsid:marinespecies.org:taxname:882,Annelida,Phylum,Otu305,NCBI:6340,ARMS_TZS_Angbat_20200608_20201117_MF100_ETOH_s1_r1
ARMS_TZS_Angbat_20200608_20201117_MF100_ETOH_s1_r1:Otu304,MaterialSample,ARMS-MBON,data_release_002,present,ARMS_TZS_Angbat_20200608_20201117,SAMEA10020989,2020-06-08/2020-11-17,4,DNA sequence reads,382,DNA sequence reads,https://github.com/arms-mbon/documentation/tree/main/armsmbon_handbook,ERR7125500,PEMA v2.1.4 https://github.com/hariszaf/pema | https://github.com/arms-mbon/analysis_release_002/tree/main/parameter_files,CREST classifier; Minimum bit-score 155; LCA bitscore range 2% | PR2 v4.13 | VSEARCH v2.9.1; clustering similarity 97%,Tammisaaren Ja Hangon Saariston Ja Pohjanpitäjänlahden Merensuojelualue (http://marineregions.org/mrgid/27436),59.841505,23.248879,FI,TZS_Angbat,4.0,4.0,Marine Protected Area; Long-Term Ecological Research Site; continuous hydrographic monitoring; protected; 9.4 - Subtidal Sandy,,Was a crate cover used when retrieving the unit: not provided; Which component of the ARMS unit material was extracted: Motile,https://github.com/arms-mbon/data_release_002,Main genome;Eukaryota;Archaeplastida;Chlorophyta;Mamiellophyceae;Mamiellales;Mamiellaceae;Mamiella;NA;NA;NA,urn:lsid:marinespecies.org:taxname:134531,Mamiella,Genus,Otu304,NCBI:41876,ARMS_TZS_Angbat_20200608_20201117_MF100_ETOH_s1_r1
ARMS_TZS_Angbat_20200608_20201117_MF100_ETOH_s1_r1:Otu303,MaterialSample,ARMS-MBON,data_release_002,present,ARMS_TZS_Angbat_20200608_20201117,SAMEA10020989,2020-06-08/2020-11-17,4,DNA sequence reads,382,DNA sequence reads,https://github.com/arms-mbon/documentation/tree/main/armsmbon_handbook,ERR7125500,PEMA v2.1.4 https://github.com/hariszaf/pema | https://github.com/arms-mbon/analysis_release_002/tree/main/parameter_files,CREST classifier; Minimum bit-score 155; LCA bitscore range 2% | PR2 v4.13 | VSEARCH v2.9.1; clustering similarity 97%,Tammisaaren Ja Hangon Saariston Ja Pohjanpitäjänlahden Merensuojelualue (http://marineregions.org/mrgid/27436),59.841505,23.248879,FI,TZS_Angbat,4.0,4.0,Marine Protected Area; Long-Term Ecological Research Site; continuous hydrographic monitoring; protected; 9.4 - Subtidal Sandy,,Was a crate cover used when retrieving the unit: not provided; Which component of the ARMS unit material was extracted: Motile,https://github.com/arms-mbon/data_release_002,Main genome;Eukaryota;Alveolata;Apicomplexa;Gregarinomorphea;Eugregarinorida;Porosporidae;NA;NA;NA;NA,urn:lsid:marinespecies.org:taxname:465333,Porosporidae,Family,Otu303,NCBI:947094,ARMS_TZS_Angbat_20200608_20201117_MF100_ETOH_s1_r1
ARMS_TZS_Angbat_20200608_20201117_MF100_ETOH_s1_r1:Otu264,MaterialSample,ARMS-MBON,data_release_002,present,ARMS_TZS_Angbat_20200608_20201117,SAMEA10020989,2020-06-08/2020-11-17,5,DNA sequence reads,382,DNA sequence reads,https://github.com/arms-mbon/documentation/tree/main/armsmbon_handbook,ERR7125500,PEMA v2.1.4 https://github.com/hariszaf/pema | https://github.com/arms-mbon/analysis_release_002/tree/main/parameter_files,CREST classifier; Minimum bit-score 155; LCA bitscore range 2% | PR2 v4.13 | VSEARCH v2.9.1; clustering similarity 97%,Tammisaaren Ja Hangon Saariston Ja Pohjanpitäjänlahden Merensuojelualue (http://marineregions.org/mrgid/27436),59.841505,23.248879,FI,TZS_Angbat,4.0,4.0,Marine Protected Area; Long-Term Ecological Research Site; continuous hydrographic monitoring; protected; 9.4 - Subtidal Sandy,uncertain classification (not marine),Was a crate cover used when retrieving the unit: not provided; Which component of the ARMS unit material was extracted: Motile,https://github.com/arms-mbon/data_release_002,Main genome;Eukaryota;Opisthokonta;Fungi;Ascomycota;Saccharomycotina;Saccharomycetales;Candida;NA;NA;NA,urn:lsid:marinespecies.org:taxname:437947,Candida,Genus,Otu264,NCBI:5475,ARMS_TZS_Angbat_20200608_20201117_MF100_ETOH_s1_r1
ARMS_TZS_Angbat_20200608_20201117_MF100_ETOH_s1_r1:Otu265,MaterialSample,ARMS-MBON,data_release_002,present,ARMS_TZS_Angbat_20200608_20201117,SAMEA10020989,2020-06-08/2020-11-17,5,DNA sequence reads,382,DNA sequence reads,https://github.com/arms-mbon/documentation/tree/main/armsmbon_handbook,ERR7125500,PEMA v2.1.4 https://github.com/hariszaf/pema | https://github.com/arms-mbon/analysis_release_002/tree/main/parameter_files,CREST classifier; Minimum bit-score 155; LCA bitscore range 2% | PR2 v4.13 | VSEARCH v2.9.1; clustering similarity 97%,Tammisaaren Ja Hangon Saariston Ja Pohjanpitäjänlahden Merensuojelualue (http://marineregions.org/mrgid/27436),59.841505,23.248879,FI,TZS_Angbat,4.0,4.0,Marine Protected Area; Long-Term Ecological Research Site; continuous hydrographic monitoring; protected; 9.4 - Subtidal Sandy,uncertain classification (not marine),Was a crate cover used when retrieving the unit: not provided; Which component of the ARMS unit material was extracted: Motile,https://github.com/arms-mbon/data_release_002,Main genome;Eukaryota;Stramenopiles;Ochrophyta;Chrysophyceae;Clade-C;NA;NA;NA;NA;NA,urn:lsid:marinespecies.org:taxname:1664811,Petrachloros mirabilis,Species,Otu265,NCBI:2918835,ARMS_TZS_Angbat_20200608_20201117_MF100_ETOH_s1_r1
ARMS_TZS_Angbat_20200608_20201117_MF100_ETOH_s1_r1:Otu266,MaterialSample,ARMS-MBON,data_release_002,present,ARMS_TZS_Angbat_20200608_20201117,SAMEA10020989,2020-06-08/2020-11-17,5,DNA sequence reads,382,DNA sequence reads,https://github.com/arms-mbon/documentation/tree/main/armsmbon_handbook,ERR7125500,PEMA v2.1.4 https://github.com/hariszaf/pema | https://github.com/arms-mbon/analysis_release_002/tree/main/parameter_files,CREST classifier; Minimum bit-score 155; LCA bitscore range 2% | PR2 v4.13 | VSEARCH v2.9.1; clustering similarity 97%,Tammisaaren Ja Hangon Saariston Ja Pohjanpitäjänlahden Merensuojelualue (http://marineregions.org/mrgid/27436),59.841505,23.248879,FI,TZS_Angbat,4.0,4.0,Marine Protected Area; Long-Term Ecological Research Site; continuous hydrographic monitoring; protected; 9.4 - Subtidal Sandy,uncertain classification (not marine),Was a crate cover used when retrieving the unit: not provided; Which component of the ARMS unit material was extracted: Motile,https://github.com/arms-mbon/data_release_002,Main genome;Eukaryota;Opisthokonta;Metazoa;Arthropoda;Crustacea;Maxillopoda;NA;NA;NA;NA,urn:lsid:marinespecies.org:taxname:1066,Crustacea,Subphylum,Otu266,NCBI:6657,ARMS_TZS_Angbat_20200608_20201117_MF100_ETOH_s1_r1
ARMS_TZS_Angbat_20200608_20201117_MF100_ETOH_s1_r1:Otu267,MaterialSample,ARMS-MBON,data_release_002,present,ARMS_TZS_Angbat_20200608_20201117,SAMEA10020989,2020-06-08/2020-11-17,5,DNA sequence reads,382,DNA sequence reads,https://github.com/arms-mbon/documentation/tree/main/armsmbon_handbook,ERR7125500,PEMA v2.1.4 https://github.com/hariszaf/pema | https://github.com/arms-mbon/analysis_release_002/tree/main/parameter_files,CREST classifier; Minimum bit-score 155; LCA bitscore range 2% | PR2 v4.13 | VSEARCH v2.9.1; clustering similarity 97%,Tammisaaren Ja Hangon Saariston Ja Pohjanpitäjänlahden Merensuojelualue (http://marineregions.org/mrgid/27436),59.841505,23.248879,FI,TZS_Angbat,4.0,4.0,Marine Protected Area; Long-Term Ecological Research Site; continuous hydrographic monitoring; protected; 9.4 - Subtidal Sandy,uncertain classification (not marine),Was a crate cover used when retrieving the unit: not provided; Which component of the ARMS unit material was extracted: Motile,https://github.com/arms-mbon/data_release_002,Main genome;Eukaryota;Archaeplastida;Streptophyta;Embryophyceae;NA;NA;NA;NA;NA;NA,urn:lsid:marinespecies.org:taxname:536191,Streptophyta,Infrakingdom,Otu267,NCBI:35493,ARMS_TZS_Angbat_20200608_20201117_MF100_ETOH_s1_r1
ARMS_TZS_Angbat_20200608_20201117_MF100_ETOH_s1_r1:Otu262,MaterialSample,ARMS-MBON,data_release_002,present,ARMS_TZS_Angbat_20200608_20201117,SAMEA10020989,2020-06-08/2020-11-17,5,DNA sequence reads,382,DNA sequence reads,https://github.com/arms-mbon/documentation/tree/main/armsmbon_handbook,ERR7125500,PEMA v2.1.4 https://github.com/hariszaf/pema | https://github.com/arms-mbon/analysis_release_002/tree/main/parameter_files,CREST classifier; Minimum bit-score 155; LCA bitscore range 2% | PR2 v4.13 | VSEARCH v2.9.1; clustering similarity 97%,Tammisaaren Ja Hangon Saariston Ja Pohjanpitäjänlahden Merensuojelualue (http://marineregions.org/mrgid/27436),59.841505,23.248879,FI,TZS_Angbat,4.0,4.0,Marine Protected Area; Long-Term Ecological Research Site; continuous hydrographic monitoring; protected; 9.4 - Subtidal Sandy,uncertain classification (not marine),Was a crate cover used when retrieving the unit: not provided; Which component of the ARMS unit material was extracted: Motile,https://github.com/arms-mbon/data_release_002,Main genome;Eukaryota;Rhizaria;Cercozoa;Filosa-Sarcomonadea;Glissomonadida;Clade-Y;NA;NA;NA;NA,urn:lsid:marinespecies.org:taxname:590939,Glissomonadida,Order,Otu262,NCBI:1238681,ARMS_TZS_Angbat_20200608_20201117_MF100_ETOH_s1_r1
ARMS_TZS_Angbat_20200608_20201117_MF100_ETOH_s1_r1:Otu33,MaterialSample,ARMS-MBON,data_release_002,present,ARMS_TZS_Angbat_20200608_20201117,SAMEA10020989,2020-06-08/2020-11-17,2,DNA sequence reads,382,DNA sequence reads,https://github.com/arms-mbon/documentation/tree/main/armsmbon_handbook,ERR7125500,PEMA v2.1.4 https://github.com/hariszaf/pema | https://github.com/arms-mbon/analysis_release_002/tree/main/parameter_files,CREST classifier; Minimum bit-score 155; LCA bitscore range 2% | PR2 v4.13 | VSEARCH v2.9.1; clustering similarity 97%,Tammisaaren Ja Hangon Saariston Ja Pohjanpitäjänlahden Merensuojelualue (http://marineregions.org/mrgid/27436),59.841505,23.248879,FI,TZS_Angbat,4.0,4.0,Marine Protected Area; Long-Term Ecological Research Site; continuous hydrographic monitoring; protected; 9.4 - Subtidal Sandy,uncertain classification (not marine),Was a crate cover used when retrieving the unit: not provided; Which component of the ARMS unit material was extracted: Motile,https://github.com/arms-mbon/data_release_002,Main genome;Eukaryota;Opisthokonta;Fungi;NA;NA;NA;NA;NA;NA;NA,urn:lsid:marinespecies.org:taxname:4,Fungi,Kingdom,Otu33,NCBI:4751,ARMS_TZS_Angbat_20200608_20201117_MF100_ETOH_s1_r1
ARMS_TZS_Angbat_20200608_20201117_MF100_ETOH_s1_r1:Otu263,MaterialSample,ARMS-MBON,data_release_002,present,ARMS_TZS_Angbat_20200608_20201117,SAMEA10020989,2020-06-08/2020-11-17,5,DNA sequence reads,382,DNA sequence reads,https://github.com/arms-mbon/documentation/tree/main/armsmbon_handbook,ERR7125500,PEMA v2.1.4 https://github.com/hariszaf/pema | https://github.com/arms-mbon/analysis_release_002/tree/main/parameter_files,CREST classifier; Minimum bit-score 155; LCA bitscore range 2% | PR2 v4.13 | VSEARCH v2.9.1; clustering similarity 97%,Tammisaaren Ja Hangon Saariston Ja Pohjanpitäjänlahden Merensuojelualue (http://marineregions.org/mrgid/27436),59.841505,23.248879,FI,TZS_Angbat,4.0,4.0,Marine Protected Area; Long-Term Ecological Research Site; continuous hydrographic monitoring; protected; 9.4 - Subtidal Sandy,uncertain classification (not marine),Was a crate cover used when retrieving the unit: not provided; Which component of the ARMS unit material was extracted: Motile,https://github.com/arms-mbon/data_release_002,Main genome;Eukaryota;Opisthokonta;Metazoa;Arthropoda;Crustacea;Maxillopoda;NA;NA;NA;NA,urn:lsid:marinespecies.org:taxname:1066,Crustacea,Subphylum,Otu263,NCBI:6657,ARMS_TZS_Angbat_20200608_20201117_MF100_ETOH_s1_r1
ARMS_TZS_Angbat_20200608_20201117_MF100_ETOH_s1_r1:Otu83,MaterialSample,ARMS-MBON,data_release_002,present,ARMS_TZS_Angbat_20200608_20201117,SAMEA10020989,2020-06-08/2020-11-17,7,DNA sequence reads,382,DNA sequence reads,https://github.com/arms-mbon/documentation/tree/main/armsmbon_handbook,ERR7125500,PEMA v2.1.4 https://github.com/hariszaf/pema | https://github.com/arms-mbon/analysis_release_002/tree/main/parameter_files,CREST classifier; Minimum bit-score 155; LCA bitscore range 2% | PR2 v4.13 | VSEARCH v2.9.1; clustering similarity 97%,Tammisaaren Ja Hangon Saariston Ja Pohjanpitäjänlahden Merensuojelualue (http://marineregions.org/mrgid/27436),59.841505,23.248879,FI,TZS_Angbat,4.0,4.0,Marine Protected Area; Long-Term Ecological Research Site; continuous hydrographic monitoring; protected; 9.4 - Subtidal Sandy,uncertain classification (not marine),Was a crate cover used when retrieving the unit: not provided; Which component of the ARMS unit material was extracted: Motile,https://github.com/arms-mbon/data_release_002,Main genome;Eukaryota;Opisthokonta;Metazoa;Arthropoda;Crustacea;Maxillopoda;NA;NA;NA;NA,urn:lsid:marinespecies.org:taxname:1066,Crustacea,Subphylum,Otu83,NCBI:6657,ARMS_TZS_Angbat_20200608_20201117_MF100_ETOH_s1_r1
ARMS_TZS_Angbat_20200608_20201117_MF100_ETOH_s1_r1:Otu87,MaterialSample,ARMS-MBON,data_release_002,present,ARMS_TZS_Angbat_20200608_20201117,SAMEA10020989,2020-06-08/2020-11-17,20,DNA sequence reads,382,DNA sequence reads,https://github.com/arms-mbon/documentation/tree/main/armsmbon_handbook,ERR7125500,PEMA v2.1.4 https://github.com/hariszaf/pema | https://github.com/arms-mbon/analysis_release_002/tree/main/parameter_files,CREST classifier; Minimum bit-score 155; LCA bitscore range 2% | PR2 v4.13 | VSEARCH v2.9.1; clustering similarity 97%,Tammisaaren Ja Hangon Saariston Ja Pohjanpitäjänlahden Merensuojelualue (http://marineregions.org/mrgid/27436),59.841505,23.248879,FI,TZS_Angbat,4.0,4.0,Marine Protected Area; Long-Term Ecological Research Site; continuous hydrographic monitoring; protected; 9.4 - Subtidal Sandy,uncertain classification (not marine),Was a crate cover used when retrieving the unit: not provided; Which component of the ARMS unit material was extracted: Motile,https://github.com/arms-mbon/data_release_002,Main genome;Eukaryota;Opisthokonta;Fungi;Basidiomycota;Ustilaginomycotina;Exobasidiomycetes;NA;NA;NA;NA,urn:lsid:marinespecies.org:taxname:177193,Exobasidiomycetidae,Subclass,Otu87,NCBI:452283,ARMS_TZS_Angbat_20200608_20201117_MF100_ETOH_s1_r1
ARMS_TZS_Angbat_20200608_20201117_MF100_ETOH_s1_r1:Otu85,MaterialSample,ARMS-MBON,data_release_002,present,ARMS_TZS_Angbat_20200608_20201117,SAMEA10020989,2020-06-08/2020-11-17,3,DNA sequence reads,382,DNA sequence reads,https://github.com/arms-mbon/documentation/tree/main/armsmbon_handbook,ERR7125500,PEMA v2.1.4 https://github.com/hariszaf/pema | https://github.com/arms-mbon/analysis_release_002/tree/main/parameter_files,CREST classifier; Minimum bit-score 155; LCA bitscore range 2% | PR2 v4.13 | VSEARCH v2.9.1; clustering similarity 97%,Tammisaaren Ja Hangon Saariston Ja Pohjanpitäjänlahden Merensuojelualue (http://marineregions.org/mrgid/27436),59.841505,23.248879,FI,TZS_Angbat,4.0,4.0,Marine Protected Area; Long-Term Ecological Research Site; continuous hydrographic monitoring; protected; 9.4 - Subtidal Sandy,uncertain classification (not marine),Was a crate cover used when retrieving the unit: not provided; Which component of the ARMS unit material was extracted: Motile,https://github.com/arms-mbon/data_release_002,Main genome;Eukaryota;Stramenopiles;Pseudofungi;Oomycota;NA;NA;NA;NA;NA;NA,urn:lsid:marinespecies.org:taxname:22154,Oomycota,Phylum,Otu85,NCBI:4762,ARMS_TZS_Angbat_20200608_20201117_MF100_ETOH_s1_r1
ARMS_TZS_Angbat_20200608_20201117_MF100_ETOH_s1_r1:Otu422,MaterialSample,ARMS-MBON,data_release_002,present,ARMS_TZS_Angbat_20200608_20201117,SAMEA10020989,2020-06-08/2020-11-17,2,DNA sequence reads,382,DNA sequence reads,https://github.com/arms-mbon/documentation/tree/main/armsmbon_handbook,ERR7125500,PEMA v2.1.4 https://github.com/hariszaf/pema | https://github.com/arms-mbon/analysis_release_002/tree/main/parameter_files,CREST classifier; Minimum bit-score 155; LCA bitscore range 2% | PR2 v4.13 | VSEARCH v2.9.1; clustering similarity 97%,Tammisaaren Ja Hangon Saariston Ja Pohjanpitäjänlahden Merensuojelualue (http://marineregions.org/mrgid/27436),59.841505,23.248879,FI,TZS_Angbat,4.0,4.0,Marine Protected Area; Long-Term Ecological Research Site; continuous hydrographic monitoring; protected; 9.4 - Subtidal Sandy,,Was a crate cover used when retrieving the unit: not provided; Which component of the ARMS unit material was extracted: Motile,https://github.com/arms-mbon/data_release_002,Main genome;Eukaryota;Stramenopiles;Ochrophyta;Bacillariophyta;Radial-centric-basal-Coscinodiscophyceae;NA;NA;NA;NA;NA,urn:lsid:marinespecies.org:taxname:148900,Coscinodiscophyceae,Class,Otu422,NCBI:33836,ARMS_TZS_Angbat_20200608_20201117_MF100_ETOH_s1_r1
ARMS_TZS_Angbat_20200608_20201117_MF100_ETOH_s1_r1:Otu423,MaterialSample,ARMS-MBON,data_release_002,present,ARMS_TZS_Angbat_20200608_20201117,SAMEA10020989,2020-06-08/2020-11-17,2,DNA sequence reads,382,DNA sequence reads,https://github.com/arms-mbon/documentation/tree/main/armsmbon_handbook,ERR7125500,PEMA v2.1.4 https://github.com/hariszaf/pema | https://github.com/arms-mbon/analysis_release_002/tree/main/parameter_files,CREST classifier; Minimum bit-score 155; LCA bitscore range 2% | PR2 v4.13 | VSEARCH v2.9.1; clustering similarity 97%,Tammisaaren Ja Hangon Saariston Ja Pohjanpitäjänlahden Merensuojelualue (http://marineregions.org/mrgid/27436),59.841505,23.248879,FI,TZS_Angbat,4.0,4.0,Marine Protected Area; Long-Term Ecological Research Site; continuous hydrographic monitoring; protected; 9.4 - Subtidal Sandy,,Was a crate cover used when retrieving the unit: not provided; Which component of the ARMS unit material was extracted: Motile,https://github.com/arms-mbon/data_release_002,Main genome;Eukaryota;Stramenopiles;Ochrophyta;Bacillariophyta;Radial-centric-basal-Coscinodiscophyceae;NA;NA;NA;NA;NA,urn:lsid:marinespecies.org:taxname:148900,Coscinodiscophyceae,Class,Otu423,NCBI:33836,ARMS_TZS_Angbat_20200608_20201117_MF100_ETOH_s1_r1
ARMS_TZS_Angbat_20200608_20201117_MF100_ETOH_s1_r1:Otu420,MaterialSample,ARMS-MBON,data_release_002,present,ARMS_TZS_Angbat_20200608_20201117,SAMEA10020989,2020-06-08/2020-11-17,2,DNA sequence reads,382,DNA sequence reads,https://github.com/arms-mbon/documentation/tree/main/armsmbon_handbook,ERR7125500,PEMA v2.1.4 https://github.com/hariszaf/pema | https://github.com/arms-mbon/analysis_release_002/tree/main/parameter_files,CREST classifier; Minimum bit-score 155; LCA bitscore range 2% | PR2 v4.13 | VSEARCH v2.9.1; clustering similarity 97%,Tammisaaren Ja Hangon Saariston Ja Pohjanpitäjänlahden Merensuojelualue (http://marineregions.org/mrgid/27436),59.841505,23.248879,FI,TZS_Angbat,4.0,4.0,Marine Protected Area; Long-Term Ecological Research Site; continuous hydrographic monitoring; protected; 9.4 - Subtidal Sandy,,Was a crate cover used when retrieving the unit: not provided; Which component of the ARMS unit material was extracted: Motile,https://github.com/arms-mbon/data_release_002,Main genome;Eukaryota;Opisthokonta;Metazoa;Arthropoda;Crustacea;Maxillopoda;Itunella;NA;NA;NA,urn:lsid:marinespecies.org:taxname:115240,Itunella,Genus,Otu420,NCBI:512229,ARMS_TZS_Angbat_20200608_20201117_MF100_ETOH_s1_r1
ARMS_TZS_Angbat_20200608_20201117_MF100_ETOH_s1_r1:Otu421,MaterialSample,ARMS-MBON,data_release_002,present,ARMS_TZS_Angbat_20200608_20201117,SAMEA10020989,2020-06-08/2020-11-17,2,DNA sequence reads,382,DNA sequence reads,https://github.com/arms-mbon/documentation/tree/main/armsmbon_handbook,ERR7125500,PEMA v2.1.4 https://github.com/hariszaf/pema | https://github.com/arms-mbon/analysis_release_002/tree/main/parameter_files,CREST classifier; Minimum bit-score 155; LCA bitscore range 2% | PR2 v4.13 | VSEARCH v2.9.1; clustering similarity 97%,Tammisaaren Ja Hangon Saariston Ja Pohjanpitäjänlahden Merensuojelualue (http://marineregions.org/mrgid/27436),59.841505,23.248879,FI,TZS_Angbat,4.0,4.0,Marine Protected Area; Long-Term Ecological Research Site; continuous hydrographic monitoring; protected; 9.4 - Subtidal Sandy,,Was a crate cover used when retrieving the unit: not provided; Which component of the ARMS unit material was extracted: Motile,https://github.com/arms-mbon/data_release_002,Main genome;Eukaryota;Stramenopiles;Ochrophyta;Bacillariophyta;Polar-centric-Mediophyceae;Chaetoceros;NA;NA;NA;NA,urn:lsid:marinespecies.org:taxname:148985,Chaetoceros,Genus,Otu421,NCBI:49237,ARMS_TZS_Angbat_20200608_20201117_MF100_ETOH_s1_r1
ARMS_TZS_Angbat_20200608_20201117_MF100_ETOH_s1_r1:Otu151,MaterialSample,ARMS-MBON,data_release_002,present,ARMS_TZS_Angbat_20200608_20201117,SAMEA10020989,2020-06-08/2020-11-17,11,DNA sequence reads,382,DNA sequence reads,https://github.com/arms-mbon/documentation/tree/main/armsmbon_handbook,ERR7125500,PEMA v2.1.4 https://github.com/hariszaf/pema | https://github.com/arms-mbon/analysis_release_002/tree/main/parameter_files,CREST classifier; Minimum bit-score 155; LCA bitscore range 2% | PR2 v4.13 | VSEARCH v2.9.1; clustering similarity 97%,Tammisaaren Ja Hangon Saariston Ja Pohjanpitäjänlahden Merensuojelualue (http://marineregions.org/mrgid/27436),59.841505,23.248879,FI,TZS_Angbat,4.0,4.0,Marine Protected Area; Long-Term Ecological Research Site; continuous hydrographic monitoring; protected; 9.4 - Subtidal Sandy,uncertain classification (not marine),Was a crate cover used when retrieving the unit: not provided; Which component of the ARMS unit material was extracted: Motile,https://github.com/arms-mbon/data_release_002,Main genome;Eukaryota;Opisthokonta;Metazoa;Arthropoda;Crustacea;Maxillopoda;NA;NA;NA;NA,urn:lsid:marinespecies.org:taxname:1066,Crustacea,Subphylum,Otu151,NCBI:6657,ARMS_TZS_Angbat_20200608_20201117_MF100_ETOH_s1_r1
ARMS_TZS_Angbat_20200608_20201117_MF100_ETOH_s1_r1:Otu235,MaterialSample,ARMS-MBON,data_release_002,present,ARMS_TZS_Angbat_20200608_20201117,SAMEA10020989,2020-06-08/2020-11-17,6,DNA sequence reads,382,DNA sequence reads,https://github.com/arms-mbon/documentation/tree/main/armsmbon_handbook,ERR7125500,PEMA v2.1.4 https://github.com/hariszaf/pema | https://github.com/arms-mbon/analysis_release_002/tree/main/parameter_files,CREST classifier; Minimum bit-score 155; LCA bitscore range 2% | PR2 v4.13 | VSEARCH v2.9.1; clustering similarity 97%,Tammisaaren Ja Hangon Saariston Ja Pohjanpitäjänlahden Merensuojelualue (http://marineregions.org/mrgid/27436),59.841505,23.248879,FI,TZS_Angbat,4.0,4.0,Marine Protected Area; Long-Term Ecological Research Site; continuous hydrographic monitoring; protected; 9.4 - Subtidal Sandy,uncertain classification (not marine),Was a crate cover used when retrieving the unit: not provided; Which component of the ARMS unit material was extracted: Motile,https://github.com/arms-mbon/data_release_002,Main genome;Eukaryota;Opisthokonta;Metazoa;Arthropoda;Crustacea;Maxillopoda;NA;NA;NA;NA,urn:lsid:marinespecies.org:taxname:1066,Crustacea,Subphylum,Otu235,NCBI:6657,ARMS_TZS_Angbat_20200608_20201117_MF100_ETOH_s1_r1
ARMS_TZS_Angbat_20200608_20201117_MF100_ETOH_s1_r1:Otu168,MaterialSample,ARMS-MBON,data_release_002,present,ARMS_TZS_Angbat_20200608_20201117,SAMEA10020989,2020-06-08/2020-11-17,2,DNA sequence reads,382,DNA sequence reads,https://github.com/arms-mbon/documentation/tree/main/armsmbon_handbook,ERR7125500,PEMA v2.1.4 https://github.com/hariszaf/pema | https://github.com/arms-mbon/analysis_release_002/tree/main/parameter_files,CREST classifier; Minimum bit-score 155; LCA bitscore range 2% | PR2 v4.13 | VSEARCH v2.9.1; clustering similarity 97%,Tammisaaren Ja Hangon Saariston Ja Pohjanpitäjänlahden Merensuojelualue (http://marineregions.org/mrgid/27436),59.841505,23.248879,FI,TZS_Angbat,4.0,4.0,Marine Protected Area; Long-Term Ecological Research Site; continuous hydrographic monitoring; protected; 9.4 - Subtidal Sandy,,Was a crate cover used when retrieving the unit: not provided; Which component of the ARMS unit material was extracted: Motile,https://github.com/arms-mbon/data_release_002,Main genome;Eukaryota;Stramenopiles;Ochrophyta;Bacillariophyta;Raphid-pennate;NA;NA;NA;NA;NA,urn:lsid:marinespecies.org:taxname:148898,Bacillariophyta,Phylum,Otu168,NCBI:2836,ARMS_TZS_Angbat_20200608_20201117_MF100_ETOH_s1_r1
ARMS_TZS_Angbat_20200608_20201117_MF100_ETOH_s1_r1:Otu9,MaterialSample,ARMS-MBON,data_release_002,present,ARMS_TZS_Angbat_20200608_20201117,SAMEA10020989,2020-06-08/2020-11-17,19,DNA sequence reads,382,DNA sequence reads,https://github.com/arms-mbon/documentation/tree/main/armsmbon_handbook,ERR7125500,PEMA v2.1.4 https://github.com/hariszaf/pema | https://github.com/arms-mbon/analysis_release_002/tree/main/parameter_files,CREST classifier; Minimum bit-score 155; LCA bitscore range 2% | PR2 v4.13 | VSEARCH v2.9.1; clustering similarity 97%,Tammisaaren Ja Hangon Saariston Ja Pohjanpitäjänlahden Merensuojelualue (http://marineregions.org/mrgid/27436),59.841505,23.248879,FI,TZS_Angbat,4.0,4.0,Marine Protected Area; Long-Term Ecological Research Site; continuous hydrographic monitoring; protected; 9.4 - Subtidal Sandy,,Was a crate cover used when retrieving the unit: not provided; Which component of the ARMS unit material was extracted: Motile,https://github.com/arms-mbon/data_release_002,Main genome;Eukaryota;Opisthokonta;Metazoa;Cnidaria;Anthozoa;NA;NA;NA;NA;NA,urn:lsid:marinespecies.org:taxname:1292,Anthozoa,Subphylum,Otu9,NCBI:6101,ARMS_TZS_Angbat_20200608_20201117_MF100_ETOH_s1_r1
ARMS_TZS_Angbat_20200608_20201117_MF100_ETOH_s1_r1:Otu5,MaterialSample,ARMS-MBON,data_release_002,present,ARMS_TZS_Angbat_20200608_20201117,SAMEA10020989,2020-06-08/2020-11-17,6,DNA sequence reads,382,DNA sequence reads,https://github.com/arms-mbon/documentation/tree/main/armsmbon_handbook,ERR7125500,PEMA v2.1.4 https://github.com/hariszaf/pema | https://github.com/arms-mbon/analysis_release_002/tree/main/parameter_files,CREST classifier; Minimum bit-score 155; LCA bitscore range 2% | PR2 v4.13 | VSEARCH v2.9.1; clustering similarity 97%,Tammisaaren Ja Hangon Saariston Ja Pohjanpitäjänlahden Merensuojelualue (http://marineregions.org/mrgid/27436),59.841505,23.248879,FI,TZS_Angbat,4.0,4.0,Marine Protected Area; Long-Term Ecological Research Site; continuous hydrographic monitoring; protected; 9.4 - Subtidal Sandy,,Was a crate cover used when retrieving the unit: not provided; Which component of the ARMS unit material was extracted: Motile,https://github.com/arms-mbon/data_release_002,Main genome;Eukaryota;Opisthokonta;Metazoa;Craniata;Teleostei;NA;NA;NA;NA;NA,urn:lsid:marinespecies.org:taxname:293496,Teleostei,Class,Otu5,NCBI:32443,ARMS_TZS_Angbat_20200608_20201117_MF100_ETOH_s1_r1
ARMS_TZS_Angbat_20200608_20201117_MF100_ETOH_s1_r1:Otu2,MaterialSample,ARMS-MBON,data_release_002,present,ARMS_TZS_Angbat_20200608_20201117,SAMEA10020989,2020-06-08/2020-11-17,59,DNA sequence reads,382,DNA sequence reads,https://github.com/arms-mbon/documentation/tree/main/armsmbon_handbook,ERR7125500,PEMA v2.1.4 https://github.com/hariszaf/pema | https://github.com/arms-mbon/analysis_release_002/tree/main/parameter_files,CREST classifier; Minimum bit-score 155; LCA bitscore range 2% | PR2 v4.13 | VSEARCH v2.9.1; clustering similarity 97%,Tammisaaren Ja Hangon Saariston Ja Pohjanpitäjänlahden Merensuojelualue (http://marineregions.org/mrgid/27436),59.841505,23.248879,FI,TZS_Angbat,4.0,4.0,Marine Protected Area; Long-Term Ecological Research Site; continuous hydrographic monitoring; protected; 9.4 - Subtidal Sandy,,Was a crate cover used when retrieving the unit: not provided; Which component of the ARMS unit material was extracted: Motile,https://github.com/arms-mbon/data_release_002,Main genome;Eukaryota;Opisthokonta;Metazoa;Urochordata;Ascidiacea;NA;NA;NA;NA;NA,urn:lsid:marinespecies.org:taxname:1839,Ascidiacea,Class,Otu2,NCBI:7713,ARMS_TZS_Angbat_20200608_20201117_MF100_ETOH_s1_r1
ARMS_TZS_Angbat_20200608_20201117_MF100_ETOH_s1_r1:Otu1,MaterialSample,ARMS-MBON,data_release_002,present,ARMS_TZS_Angbat_20200608_20201117,SAMEA10020989,2020-06-08/2020-11-17,2,DNA sequence reads,382,DNA sequence reads,https://github.com/arms-mbon/documentation/tree/main/armsmbon_handbook,ERR7125500,PEMA v2.1.4 https://github.com/hariszaf/pema | https://github.com/arms-mbon/analysis_release_002/tree/main/parameter_files,CREST classifier; Minimum bit-score 155; LCA bitscore range 2% | PR2 v4.13 | VSEARCH v2.9.1; clustering similarity 97%,Tammisaaren Ja Hangon Saariston Ja Pohjanpitäjänlahden Merensuojelualue (http://marineregions.org/mrgid/27436),59.841505,23.248879,FI,TZS_Angbat,4.0,4.0,Marine Protected Area; Long-Term Ecological Research Site; continuous hydrographic monitoring; protected; 9.4 - Subtidal Sandy,uncertain classification (not marine),Was a crate cover used when retrieving the unit: not provided; Which component of the ARMS unit material was extracted: Motile,https://github.com/arms-mbon/data_release_002,Main genome;Eukaryota;Opisthokonta;Metazoa;Arthropoda;Crustacea;Maxillopoda;NA;NA;NA;NA,urn:lsid:marinespecies.org:taxname:1066,Crustacea,Subphylum,Otu1,NCBI:6657,ARMS_TZS_Angbat_20200608_20201117_MF100_ETOH_s1_r1
ARMS_TZS_Angbat_20200608_20201117_MF100_ETOH_s1_r1:Otu204,MaterialSample,ARMS-MBON,data_release_002,present,ARMS_TZS_Angbat_20200608_20201117,SAMEA10020989,2020-06-08/2020-11-17,9,DNA sequence reads,382,DNA sequence reads,https://github.com/arms-mbon/documentation/tree/main/armsmbon_handbook,ERR7125500,PEMA v2.1.4 https://github.com/hariszaf/pema | https://github.com/arms-mbon/analysis_release_002/tree/main/parameter_files,CREST classifier; Minimum bit-score 155; LCA bitscore range 2% | PR2 v4.13 | VSEARCH v2.9.1; clustering similarity 97%,Tammisaaren Ja Hangon Saariston Ja Pohjanpitäjänlahden Merensuojelualue (http://marineregions.org/mrgid/27436),59.841505,23.248879,FI,TZS_Angbat,4.0,4.0,Marine Protected Area; Long-Term Ecological Research Site; continuous hydrographic monitoring; protected; 9.4 - Subtidal Sandy,,Was a crate cover used when retrieving the unit: not provided; Which component of the ARMS unit material was extracted: Motile,https://github.com/arms-mbon/data_release_002,Main genome;Eukaryota;NA;NA;NA;NA;NA;NA;NA;NA;NA,,Eukaryota,domain,Otu204,NCBI:2759,ARMS_TZS_Angbat_20200608_20201117_MF100_ETOH_s1_r1
ARMS_TZS_Angbat_20200608_20201117_MF100_ETOH_s1_r1:Otu102,MaterialSample,ARMS-MBON,data_release_002,present,ARMS_TZS_Angbat_20200608_20201117,SAMEA10020989,2020-06-08/2020-11-17,6,DNA sequence reads,382,DNA sequence reads,https://github.com/arms-mbon/documentation/tree/main/armsmbon_handbook,ERR7125500,PEMA v2.1.4 https://github.com/hariszaf/pema | https://github.com/arms-mbon/analysis_release_002/tree/main/parameter_files,CREST classifier; Minimum bit-score 155; LCA bitscore range 2% | PR2 v4.13 | VSEARCH v2.9.1; clustering similarity 97%,Tammisaaren Ja Hangon Saariston Ja Pohjanpitäjänlahden Merensuojelualue (http://marineregions.org/mrgid/27436),59.841505,23.248879,FI,TZS_Angbat,4.0,4.0,Marine Protected Area; Long-Term Ecological Research Site; continuous hydrographic monitoring; protected; 9.4 - Subtidal Sandy,,Was a crate cover used when retrieving the unit: not provided; Which component of the ARMS unit material was extracted: Motile,https://github.com/arms-mbon/data_release_002,Main genome;Eukaryota;Opisthokonta;Metazoa;Arthropoda;Crustacea;Maxillopoda;Euryte;NA;NA;NA,urn:lsid:marinespecies.org:taxname:106432,Euryte,Genus,Otu102,NCBI:298417,ARMS_TZS_Angbat_20200608_20201117_MF100_ETOH_s1_r1
ARMS_TZS_Angbat_20200608_20201117_MF100_ETOH_s1_r1:Otu268,MaterialSample,ARMS-MBON,data_release_002,present,ARMS_TZS_Angbat_20200608_20201117,SAMEA10020989,2020-06-08/2020-11-17,2,DNA sequence reads,382,DNA sequence reads,https://github.com/arms-mbon/documentation/tree/main/armsmbon_handbook,ERR7125500,PEMA v2.1.4 https://github.com/hariszaf/pema | https://github.com/arms-mbon/analysis_release_002/tree/main/parameter_files,CREST classifier; Minimum bit-score 155; LCA bitscore range 2% | PR2 v4.13 | VSEARCH v2.9.1; clustering similarity 97%,Tammisaaren Ja Hangon Saariston Ja Pohjanpitäjänlahden Merensuojelualue (http://marineregions.org/mrgid/27436),59.841505,23.248879,FI,TZS_Angbat,4.0,4.0,Marine Protected Area; Long-Term Ecological Research Site; continuous hydrographic monitoring; protected; 9.4 - Subtidal Sandy,,Was a crate cover used when retrieving the unit: not provided; Which component of the ARMS unit material was extracted: Motile,https://github.com/arms-mbon/data_release_002,Main genome;Eukaryota;Alveolata;Apicomplexa;Gregarinomorphea;Eugregarinorida;Porosporidae;NA;NA;NA;NA,urn:lsid:marinespecies.org:taxname:465333,Porosporidae,Family,Otu268,NCBI:947094,ARMS_TZS_Angbat_20200608_20201117_MF100_ETOH_s1_r1
ARMS_TZS_Angbat_20200608_20201117_MF100_ETOH_s1_r1:Otu196,MaterialSample,ARMS-MBON,data_release_002,present,ARMS_TZS_Angbat_20200608_20201117,SAMEA10020989,2020-06-08/2020-11-17,8,DNA sequence reads,382,DNA sequence reads,https://github.com/arms-mbon/documentation/tree/main/armsmbon_handbook,ERR7125500,PEMA v2.1.4 https://github.com/hariszaf/pema | https://github.com/arms-mbon/analysis_release_002/tree/main/parameter_files,CREST classifier; Minimum bit-score 155; LCA bitscore range 2% | PR2 v4.13 | VSEARCH v2.9.1; clustering similarity 97%,Tammisaaren Ja Hangon Saariston Ja Pohjanpitäjänlahden Merensuojelualue (http://marineregions.org/mrgid/27436),59.841505,23.248879,FI,TZS_Angbat,4.0,4.0,Marine Protected Area; Long-Term Ecological Research Site; continuous hydrographic monitoring; protected; 9.4 - Subtidal Sandy,uncertain classification (not marine),Was a crate cover used when retrieving the unit: not provided; Which component of the ARMS unit material was extracted: Motile,https://github.com/arms-mbon/data_release_002,Main genome;Eukaryota;Opisthokonta;Metazoa;Arthropoda;Crustacea;Maxillopoda;NA;NA;NA;NA,urn:lsid:marinespecies.org:taxname:1066,Crustacea,Subphylum,Otu196,NCBI:6657,ARMS_TZS_Angbat_20200608_20201117_MF100_ETOH_s1_r1
ARMS_TZS_Angbat_20200608_20201117_MF100_ETOH_s1_r1:Otu197,MaterialSample,ARMS-MBON,data_release_002,present,ARMS_TZS_Angbat_20200608_20201117,SAMEA10020989,2020-06-08/2020-11-17,8,DNA sequence reads,382,DNA sequence reads,https://github.com/arms-mbon/documentation/tree/main/armsmbon_handbook,ERR7125500,PEMA v2.1.4 https://github.com/hariszaf/pema | https://github.com/arms-mbon/analysis_release_002/tree/main/parameter_files,CREST classifier; Minimum bit-score 155; LCA bitscore range 2% | PR2 v4.13 | VSEARCH v2.9.1; clustering similarity 97%,Tammisaaren Ja Hangon Saariston Ja Pohjanpitäjänlahden Merensuojelualue (http://marineregions.org/mrgid/27436),59.841505,23.248879,FI,TZS_Angbat,4.0,4.0,Marine Protected Area; Long-Term Ecological Research Site; continuous hydrographic monitoring; protected; 9.4 - Subtidal Sandy,,Was a crate cover used when retrieving the unit: not provided; Which component of the ARMS unit material was extracted: Motile,https://github.com/arms-mbon/data_release_002,Main genome;Eukaryota;Opisthokonta;Metazoa;Arthropoda;Crustacea;Maxillopoda;Verruca;NA;NA;NA,urn:lsid:marinespecies.org:taxname:106140,Verruca,Genus,Otu197,NCBI:66522,ARMS_TZS_Angbat_20200608_20201117_MF100_ETOH_s1_r1
ARMS_TZS_Angbat_20200608_20201117_MF100_ETOH_s1_r1:Otu195,MaterialSample,ARMS-MBON,data_release_002,present,ARMS_TZS_Angbat_20200608_20201117,SAMEA10020989,2020-06-08/2020-11-17,8,DNA sequence reads,382,DNA sequence reads,https://github.com/arms-mbon/documentation/tree/main/armsmbon_handbook,ERR7125500,PEMA v2.1.4 https://github.com/hariszaf/pema | https://github.com/arms-mbon/analysis_release_002/tree/main/parameter_files,CREST classifier; Minimum bit-score 155; LCA bitscore range 2% | PR2 v4.13 | VSEARCH v2.9.1; clustering similarity 97%,Tammisaaren Ja Hangon Saariston Ja Pohjanpitäjänlahden Merensuojelualue (http://marineregions.org/mrgid/27436),59.841505,23.248879,FI,TZS_Angbat,4.0,4.0,Marine Protected Area; Long-Term Ecological Research Site; continuous hydrographic monitoring; protected; 9.4 - Subtidal Sandy,,Was a crate cover used when retrieving the unit: not provided; Which component of the ARMS unit material was extracted: Motile,https://github.com/arms-mbon/data_release_002,Main genome;Eukaryota;Opisthokonta;Choanoflagellida;Choanoflagellatea;Acanthoecida;Acanthoecidae;G;Savillea;micropora;Savillea micropora,urn:lsid:marinespecies.org:taxname:105612,Savillea micropora,Species,Otu195,NCBI:473817,ARMS_TZS_Angbat_20200608_20201117_MF100_ETOH_s1_r1
ARMS_TZS_Angbat_20200608_20201117_MF100_ETOH_s1_r1:Otu98,MaterialSample,ARMS-MBON,data_release_002,present,ARMS_TZS_Angbat_20200608_20201117,SAMEA10020989,2020-06-08/2020-11-17,20,DNA sequence reads,382,DNA sequence reads,https://github.com/arms-mbon/documentation/tree/main/armsmbon_handbook,ERR7125500,PEMA v2.1.4 https://github.com/hariszaf/pema | https://github.com/arms-mbon/analysis_release_002/tree/main/parameter_files,CREST classifier; Minimum bit-score 155; LCA bitscore range 2% | PR2 v4.13 | VSEARCH v2.9.1; clustering similarity 97%,Tammisaaren Ja Hangon Saariston Ja Pohjanpitäjänlahden Merensuojelualue (http://marineregions.org/mrgid/27436),59.841505,23.248879,FI,TZS_Angbat,4.0,4.0,Marine Protected Area; Long-Term Ecological Research Site; continuous hydrographic monitoring; protected; 9.4 - Subtidal Sandy,uncertain classification (not marine),Was a crate cover used when retrieving the unit: not provided; Which component of the ARMS unit material was extracted: Motile,https://github.com/arms-mbon/data_release_002,Main genome;Eukaryota;Opisthokonta;Fungi;Basidiomycota;Ustilaginomycotina;Exobasidiomycetes;NA;NA;NA;NA,urn:lsid:marinespecies.org:taxname:177193,Exobasidiomycetidae,Subclass,Otu98,NCBI:452283,ARMS_TZS_Angbat_20200608_20201117_MF100_ETOH_s1_r1
ARMS_TZS_Angbat_20200608_20201117_MF100_ETOH_s1_r1:Otu94,MaterialSample,ARMS-MBON,data_release_002,present,ARMS_TZS_Angbat_20200608_20201117,SAMEA10020989,2020-06-08/2020-11-17,7,DNA sequence reads,382,DNA sequence reads,https://github.com/arms-mbon/documentation/tree/main/armsmbon_handbook,ERR7125500,PEMA v2.1.4 https://github.com/hariszaf/pema | https://github.com/arms-mbon/analysis_release_002/tree/main/parameter_files,CREST classifier; Minimum bit-score 155; LCA bitscore range 2% | PR2 v4.13 | VSEARCH v2.9.1; clustering similarity 97%,Tammisaaren Ja Hangon Saariston Ja Pohjanpitäjänlahden Merensuojelualue (http://marineregions.org/mrgid/27436),59.841505,23.248879,FI,TZS_Angbat,4.0,4.0,Marine Protected Area; Long-Term Ecological Research Site; continuous hydrographic monitoring; protected; 9.4 - Subtidal Sandy,uncertain classification (not marine),Was a crate cover used when retrieving the unit: not provided; Which component of the ARMS unit material was extracted: Motile,https://github.com/arms-mbon/data_release_002,Main genome;Eukaryota;Opisthokonta;Fungi;NA;NA;NA;NA;NA;NA;NA,urn:lsid:marinespecies.org:taxname:4,Fungi,Kingdom,Otu94,NCBI:4751,ARMS_TZS_Angbat_20200608_20201117_MF100_ETOH_s1_r1
ARMS_TZS_Angbat_20200608_20201117_MF100_ETOH_s1_r1:Otu302,MaterialSample,ARMS-MBON,data_release_002,present,ARMS_TZS_Angbat_20200608_20201117,SAMEA10020989,2020-06-08/2020-11-17,4,DNA sequence reads,382,DNA sequence reads,https://github.com/arms-mbon/documentation/tree/main/armsmbon_handbook,ERR7125500,PEMA v2.1.4 https://github.com/hariszaf/pema | https://github.com/arms-mbon/analysis_release_002/tree/main/parameter_files,CREST classifier; Minimum bit-score 155; LCA bitscore range 2% | PR2 v4.13 | VSEARCH v2.9.1; clustering similarity 97%,Tammisaaren Ja Hangon Saariston Ja Pohjanpitäjänlahden Merensuojelualue (http://marineregions.org/mrgid/27436),59.841505,23.248879,FI,TZS_Angbat,4.0,4.0,Marine Protected Area; Long-Term Ecological Research Site; continuous hydrographic monitoring; protected; 9.4 - Subtidal Sandy,uncertain classification (not marine),Was a crate cover used when retrieving the unit: not provided; Which component of the ARMS unit material was extracted: Motile,https://github.com/arms-mbon/data_release_002,Main genome;Eukaryota;Stramenopiles;Ochrophyta;NA;NA;NA;NA;NA;NA;NA,urn:lsid:marinespecies.org:taxname:345465,Ochrophyta,Phylum,Otu302,NCBI:2696291,ARMS_TZS_Angbat_20200608_20201117_MF100_ETOH_s1_r1
ARMS_TZS_Angbat_20200608_20201117_MF100_ETOH_s1_r1:Otu141,MaterialSample,ARMS-MBON,data_release_002,present,ARMS_TZS_Angbat_20200608_20201117,SAMEA10020989,2020-06-08/2020-11-17,2,DNA sequence reads,382,DNA sequence reads,https://github.com/arms-mbon/documentation/tree/main/armsmbon_handbook,ERR7125500,PEMA v2.1.4 https://github.com/hariszaf/pema | https://github.com/arms-mbon/analysis_release_002/tree/main/parameter_files,CREST classifier; Minimum bit-score 155; LCA bitscore range 2% | PR2 v4.13 | VSEARCH v2.9.1; clustering similarity 97%,Tammisaaren Ja Hangon Saariston Ja Pohjanpitäjänlahden Merensuojelualue (http://marineregions.org/mrgid/27436),59.841505,23.248879,FI,TZS_Angbat,4.0,4.0,Marine Protected Area; Long-Term Ecological Research Site; continuous hydrographic monitoring; protected; 9.4 - Subtidal Sandy,,Was a crate cover used when retrieving the unit: not provided; Which component of the ARMS unit material was extracted: Motile,https://github.com/arms-mbon/data_release_002,Main genome;Eukaryota;Opisthokonta;Metazoa;Craniata;NA;NA;NA;NA;NA;NA,urn:lsid:marinespecies.org:taxname:104019,Craniata,Class,Otu141,NCBI:89593,ARMS_TZS_Angbat_20200608_20201117_MF100_ETOH_s1_r1
ARMS_TZS_Angbat_20200608_20201117_MF100_ETOH_s1_r1:Otu142,MaterialSample,ARMS-MBON,data_release_002,present,ARMS_TZS_Angbat_20200608_20201117,SAMEA10020989,2020-06-08/2020-11-17,20,DNA sequence reads,382,DNA sequence reads,https://github.com/arms-mbon/documentation/tree/main/armsmbon_handbook,ERR7125500,PEMA v2.1.4 https://github.com/hariszaf/pema | https://github.com/arms-mbon/analysis_release_002/tree/main/parameter_files,CREST classifier; Minimum bit-score 155; LCA bitscore range 2% | PR2 v4.13 | VSEARCH v2.9.1; clustering similarity 97%,Tammisaaren Ja Hangon Saariston Ja Pohjanpitäjänlahden Merensuojelualue (http://marineregions.org/mrgid/27436),59.841505,23.248879,FI,TZS_Angbat,4.0,4.0,Marine Protected Area; Long-Term Ecological Research Site; continuous hydrographic monitoring; protected; 9.4 - Subtidal Sandy,uncertain classification (not marine),Was a crate cover used when retrieving the unit: not provided; Which component of the ARMS unit material was extracted: Motile,https://github.com/arms-mbon/data_release_002,Main genome;Eukaryota;Opisthokonta;Metazoa;Annelida;NA;NA;NA;NA;NA;NA,urn:lsid:marinespecies.org:taxname:882,Annelida,Phylum,Otu142,NCBI:6340,ARMS_TZS_Angbat_20200608_20201117_MF100_ETOH_s1_r1
ARMS_TZS_Angbat_20200608_20201117_MF100_ETOH_s1_r1:Otu146,MaterialSample,ARMS-MBON,data_release_002,present,ARMS_TZS_Angbat_20200608_20201117,SAMEA10020989,2020-06-08/2020-11-17,7,DNA sequence reads,382,DNA sequence reads,https://github.com/arms-mbon/documentation/tree/main/armsmbon_handbook,ERR7125500,PEMA v2.1.4 https://github.com/hariszaf/pema | https://github.com/arms-mbon/analysis_release_002/tree/main/parameter_files,CREST classifier; Minimum bit-score 155; LCA bitscore range 2% | PR2 v4.13 | VSEARCH v2.9.1; clustering similarity 97%,Tammisaaren Ja Hangon Saariston Ja Pohjanpitäjänlahden Merensuojelualue (http://marineregions.org/mrgid/27436),59.841505,23.248879,FI,TZS_Angbat,4.0,4.0,Marine Protected Area; Long-Term Ecological Research Site; continuous hydrographic monitoring; protected; 9.4 - Subtidal Sandy,,Was a crate cover used when retrieving the unit: not provided; Which component of the ARMS unit material was extracted: Motile,https://github.com/arms-mbon/data_release_002,Main genome;Eukaryota;Opisthokonta;Metazoa;Mollusca;Bivalvia;Pectinoida;NA;NA;NA;NA,urn:lsid:marinespecies.org:taxname:387324,Pectinida,Order,Otu146,NCBI:106218,ARMS_TZS_Angbat_20200608_20201117_MF100_ETOH_s1_r1
ARMS_TZS_Angbat_20200608_20201117_MF100_ETOH_s1_r1:Otu138,MaterialSample,ARMS-MBON,data_release_002,present,ARMS_TZS_Angbat_20200608_20201117,SAMEA10020989,2020-06-08/2020-11-17,23,DNA sequence reads,382,DNA sequence reads,https://github.com/arms-mbon/documentation/tree/main/armsmbon_handbook,ERR7125500,PEMA v2.1.4 https://github.com/hariszaf/pema | https://github.com/arms-mbon/analysis_release_002/tree/main/parameter_files,CREST classifier; Minimum bit-score 155; LCA bitscore range 2% | PR2 v4.13 | VSEARCH v2.9.1; clustering similarity 97%,Tammisaaren Ja Hangon Saariston Ja Pohjanpitäjänlahden Merensuojelualue (http://marineregions.org/mrgid/27436),59.841505,23.248879,FI,TZS_Angbat,4.0,4.0,Marine Protected Area; Long-Term Ecological Research Site; continuous hydrographic monitoring; protected; 9.4 - Subtidal Sandy,,Was a crate cover used when retrieving the unit: not provided; Which component of the ARMS unit material was extracted: Motile,https://github.com/arms-mbon/data_release_002,Main genome;Eukaryota;Opisthokonta;Metazoa;Porifera;Demospongiae;Halisarca;NA;NA;NA;NA,urn:lsid:marinespecies.org:taxname:131822,Halisarca,Genus,Otu138,NCBI:253171,ARMS_TZS_Angbat_20200608_20201117_MF100_ETOH_s1_r1
ARMS_TZS_Angbat_20200608_20201117_MF100_ETOH_s1_r1:Otu15,MaterialSample,ARMS-MBON,data_release_002,present,ARMS_TZS_Angbat_20200608_20201117,SAMEA10020989,2020-06-08/2020-11-17,2,DNA sequence reads,382,DNA sequence reads,https://github.com/arms-mbon/documentation/tree/main/armsmbon_handbook,ERR7125500,PEMA v2.1.4 https://github.com/hariszaf/pema | https://github.com/arms-mbon/analysis_release_002/tree/main/parameter_files,CREST classifier; Minimum bit-score 155; LCA bitscore range 2% | PR2 v4.13 | VSEARCH v2.9.1; clustering similarity 97%,Tammisaaren Ja Hangon Saariston Ja Pohjanpitäjänlahden Merensuojelualue (http://marineregions.org/mrgid/27436),59.841505,23.248879,FI,TZS_Angbat,4.0,4.0,Marine Protected Area; Long-Term Ecological Research Site; continuous hydrographic monitoring; protected; 9.4 - Subtidal Sandy,,Was a crate cover used when retrieving the unit: not provided; Which component of the ARMS unit material was extracted: Motile,https://github.com/arms-mbon/data_release_002,Main genome;Eukaryota;Alveolata;Ciliophora;Oligohymenophorea;Peritrichia;Sessilida;NA;NA;NA;NA,urn:lsid:marinespecies.org:taxname:414711,Sessilida,Order,Otu15,NCBI:1974272,ARMS_TZS_Angbat_20200608_20201117_MF100_ETOH_s1_r1
ARMS_TZS_Angbat_20200608_20201117_MF100_ETOH_s1_r1:Otu17,MaterialSample,ARMS-MBON,data_release_002,present,ARMS_TZS_Angbat_20200608_20201117,SAMEA10020989,2020-06-08/2020-11-17,7,DNA sequence reads,382,DNA sequence reads,https://github.com/arms-mbon/documentation/tree/main/armsmbon_handbook,ERR7125500,PEMA v2.1.4 https://github.com/hariszaf/pema | https://github.com/arms-mbon/analysis_release_002/tree/main/parameter_files,CREST classifier; Minimum bit-score 155; LCA bitscore range 2% | PR2 v4.13 | VSEARCH v2.9.1; clustering similarity 97%,Tammisaaren Ja Hangon Saariston Ja Pohjanpitäjänlahden Merensuojelualue (http://marineregions.org/mrgid/27436),59.841505,23.248879,FI,TZS_Angbat,4.0,4.0,Marine Protected Area; Long-Term Ecological Research Site; continuous hydrographic monitoring; protected; 9.4 - Subtidal Sandy,,Was a crate cover used when retrieving the unit: not provided; Which component of the ARMS unit material was extracted: Motile,https://github.com/arms-mbon/data_release_002,Main genome;Eukaryota;Opisthokonta;Metazoa;Mollusca;Bivalvia;Mytiloida;NA;NA;NA;NA,urn:lsid:marinespecies.org:taxname:210,Mytilida,Order,Otu17,NCBI:6546,ARMS_TZS_Angbat_20200608_20201117_MF100_ETOH_s1_r1
ARMS_TZS_Angbat_20200608_20201117_MF100_ETOH_s1_r1:Otu18,MaterialSample,ARMS-MBON,data_release_002,present,ARMS_TZS_Angbat_20200608_20201117,SAMEA10020989,2020-06-08/2020-11-17,16,DNA sequence reads,382,DNA sequence reads,https://github.com/arms-mbon/documentation/tree/main/armsmbon_handbook,ERR7125500,PEMA v2.1.4 https://github.com/hariszaf/pema | https://github.com/arms-mbon/analysis_release_002/tree/main/parameter_files,CREST classifier; Minimum bit-score 155; LCA bitscore range 2% | PR2 v4.13 | VSEARCH v2.9.1; clustering similarity 97%,Tammisaaren Ja Hangon Saariston Ja Pohjanpitäjänlahden Merensuojelualue (http://marineregions.org/mrgid/27436),59.841505,23.248879,FI,TZS_Angbat,4.0,4.0,Marine Protected Area; Long-Term Ecological Research Site; continuous hydrographic monitoring; protected; 9.4 - Subtidal Sandy,uncertain classification (not marine),Was a crate cover used when retrieving the unit: not provided; Which component of the ARMS unit material was extracted: Motile,https://github.com/arms-mbon/data_release_002,Main genome;Eukaryota;Opisthokonta;Metazoa;Annelida;NA;NA;NA;NA;NA;NA,urn:lsid:marinespecies.org:taxname:882,Annelida,Phylum,Otu18,NCBI:6340,ARMS_TZS_Angbat_20200608_20201117_MF100_ETOH_s1_r1
ARMS_TZS_Angbat_20200608_20201117_MF100_ETOH_s1_r1:Otu19,MaterialSample,ARMS-MBON,data_release_002,present,ARMS_TZS_Angbat_20200608_20201117,SAMEA10020989,2020-06-08/2020-11-17,2,DNA sequence reads,382,DNA sequence reads,https://github.com/arms-mbon/documentation/tree/main/armsmbon_handbook,ERR7125500,PEMA v2.1.4 https://github.com/hariszaf/pema | https://github.com/arms-mbon/analysis_release_002/tree/main/parameter_files,CREST classifier; Minimum bit-score 155; LCA bitscore range 2% | PR2 v4.13 | VSEARCH v2.9.1; clustering similarity 97%,Tammisaaren Ja Hangon Saariston Ja Pohjanpitäjänlahden Merensuojelualue (http://marineregions.org/mrgid/27436),59.841505,23.248879,FI,TZS_Angbat,4.0,4.0,Marine Protected Area; Long-Term Ecological Research Site; continuous hydrographic monitoring; protected; 9.4 - Subtidal Sandy,,Was a crate cover used when retrieving the unit: not provided; Which component of the ARMS unit material was extracted: Motile,https://github.com/arms-mbon/data_release_002,Main genome;Eukaryota;Opisthokonta;Metazoa;Urochordata;Ascidiacea;Chelyosoma;NA;NA;NA;NA,urn:lsid:marinespecies.org:taxname:103494,Chelyosoma,Genus,Otu19,NCBI:71176,ARMS_TZS_Angbat_20200608_20201117_MF100_ETOH_s1_r1
ARMS_TZS_Angbat_20200608_20201117_MF100_ETOH_s1_r1:Otu181,MaterialSample,ARMS-MBON,data_release_002,present,ARMS_TZS_Angbat_20200608_20201117,SAMEA10020989,2020-06-08/2020-11-17,9,DNA sequence reads,382,DNA sequence reads,https://github.com/arms-mbon/documentation/tree/main/armsmbon_handbook,ERR7125500,PEMA v2.1.4 https://github.com/hariszaf/pema | https://github.com/arms-mbon/analysis_release_002/tree/main/parameter_files,CREST classifier; Minimum bit-score 155; LCA bitscore range 2% | PR2 v4.13 | VSEARCH v2.9.1; clustering similarity 97%,Tammisaaren Ja Hangon Saariston Ja Pohjanpitäjänlahden Merensuojelualue (http://marineregions.org/mrgid/27436),59.841505,23.248879,FI,TZS_Angbat,4.0,4.0,Marine Protected Area; Long-Term Ecological Research Site; continuous hydrographic monitoring; protected; 9.4 - Subtidal Sandy,,Was a crate cover used when retrieving the unit: not provided; Which component of the ARMS unit material was extracted: Motile,https://github.com/arms-mbon/data_release_002,Main genome;Eukaryota;Opisthokonta;Metazoa;Arthropoda;Crustacea;Maxillopoda;Cyclopina;NA;NA;NA,urn:lsid:marinespecies.org:taxname:106437,Cyclopina,Genus,Otu181,NCBI:938102,ARMS_TZS_Angbat_20200608_20201117_MF100_ETOH_s1_r1
ARMS_TZS_Angbat_20200608_20201117_MF500_ETOH_s1_r1:Otu416,MaterialSample,ARMS-MBON,data_release_002,present,ARMS_TZS_Angbat_20200608_20201117,SAMEA10020992,2020-06-08/2020-11-17,2,DNA sequence reads,184,DNA sequence reads,https://github.com/arms-mbon/documentation/tree/main/armsmbon_handbook,ERR7125503,PEMA v2.1.4 https://github.com/hariszaf/pema | https://github.com/arms-mbon/analysis_release_002/tree/main/parameter_files,CREST classifier; Minimum bit-score 155; LCA bitscore range 2% | PR2 v4.13 | VSEARCH v2.9.1; clustering similarity 97%,Tammisaaren Ja Hangon Saariston Ja Pohjanpitäjänlahden Merensuojelualue (http://marineregions.org/mrgid/27436),59.841505,23.248879,FI,TZS_Angbat,4.0,4.0,Marine Protected Area; Long-Term Ecological Research Site; continuous hydrographic monitoring; protected; 9.4 - Subtidal Sandy,uncertain classification (not marine),Was a crate cover used when retrieving the unit: not provided; Which component of the ARMS unit material was extracted: Motile,https://github.com/arms-mbon/data_release_002,Main genome;Eukaryota;Alveolata;Apicomplexa;Gregarinomorphea;Selenidium1;sensimae;NA;NA;NA;Selenidium1 sensimae,urn:lsid:marinespecies.org:taxname:22565,Apicomplexa,Subphylum,Otu416,NCBI:5794,ARMS_TZS_Angbat_20200608_20201117_MF500_ETOH_s1_r1
ARMS_TZS_Angbat_20200608_20201117_MF500_ETOH_s1_r1:Otu359,MaterialSample,ARMS-MBON,data_release_002,present,ARMS_TZS_Angbat_20200608_20201117,SAMEA10020992,2020-06-08/2020-11-17,3,DNA sequence reads,184,DNA sequence reads,https://github.com/arms-mbon/documentation/tree/main/armsmbon_handbook,ERR7125503,PEMA v2.1.4 https://github.com/hariszaf/pema | https://github.com/arms-mbon/analysis_release_002/tree/main/parameter_files,CREST classifier; Minimum bit-score 155; LCA bitscore range 2% | PR2 v4.13 | VSEARCH v2.9.1; clustering similarity 97%,Tammisaaren Ja Hangon Saariston Ja Pohjanpitäjänlahden Merensuojelualue (http://marineregions.org/mrgid/27436),59.841505,23.248879,FI,TZS_Angbat,4.0,4.0,Marine Protected Area; Long-Term Ecological Research Site; continuous hydrographic monitoring; protected; 9.4 - Subtidal Sandy,,Was a crate cover used when retrieving the unit: not provided; Which component of the ARMS unit material was extracted: Motile,https://github.com/arms-mbon/data_release_002,Main genome;Eukaryota;Archaeplastida;Rhodophyta;Florideophyceae;Ceramiales;Ceramiaceae;Pterothamnion;plumula;NA;Pterothamnion plumula,urn:lsid:marinespecies.org:taxname:144683,Pterothamnion plumula,Species,Otu359,NCBI:173462,ARMS_TZS_Angbat_20200608_20201117_MF500_ETOH_s1_r1
ARMS_TZS_Angbat_20200608_20201117_MF500_ETOH_s1_r1:Otu428,MaterialSample,ARMS-MBON,data_release_002,present,ARMS_TZS_Angbat_20200608_20201117,SAMEA10020992,2020-06-08/2020-11-17,2,DNA sequence reads,184,DNA sequence reads,https://github.com/arms-mbon/documentation/tree/main/armsmbon_handbook,ERR7125503,PEMA v2.1.4 https://github.com/hariszaf/pema | https://github.com/arms-mbon/analysis_release_002/tree/main/parameter_files,CREST classifier; Minimum bit-score 155; LCA bitscore range 2% | PR2 v4.13 | VSEARCH v2.9.1; clustering similarity 97%,Tammisaaren Ja Hangon Saariston Ja Pohjanpitäjänlahden Merensuojelualue (http://marineregions.org/mrgid/27436),59.841505,23.248879,FI,TZS_Angbat,4.0,4.0,Marine Protected Area; Long-Term Ecological Research Site; continuous hydrographic monitoring; protected; 9.4 - Subtidal Sandy,uncertain classification (not marine),Was a crate cover used when retrieving the unit: not provided; Which component of the ARMS unit material was extracted: Motile,https://github.com/arms-mbon/data_release_002,Main genome;Eukaryota;Opisthokonta;Metazoa;Annelida;NA;NA;NA;NA;NA;NA,urn:lsid:marinespecies.org:taxname:882,Annelida,Phylum,Otu428,NCBI:6340,ARMS_TZS_Angbat_20200608_20201117_MF500_ETOH_s1_r1
ARMS_TZS_Angbat_20200608_20201117_MF500_ETOH_s1_r1:Otu65,MaterialSample,ARMS-MBON,data_release_002,present,ARMS_TZS_Angbat_20200608_20201117,SAMEA10020992,2020-06-08/2020-11-17,8,DNA sequence reads,184,DNA sequence reads,https://github.com/arms-mbon/documentation/tree/main/armsmbon_handbook,ERR7125503,PEMA v2.1.4 https://github.com/hariszaf/pema | https://github.com/arms-mbon/analysis_release_002/tree/main/parameter_files,CREST classifier; Minimum bit-score 155; LCA bitscore range 2% | PR2 v4.13 | VSEARCH v2.9.1; clustering similarity 97%,Tammisaaren Ja Hangon Saariston Ja Pohjanpitäjänlahden Merensuojelualue (http://marineregions.org/mrgid/27436),59.841505,23.248879,FI,TZS_Angbat,4.0,4.0,Marine Protected Area; Long-Term Ecological Research Site; continuous hydrographic monitoring; protected; 9.4 - Subtidal Sandy,uncertain classification (not marine),Was a crate cover used when retrieving the unit: not provided; Which component of the ARMS unit material was extracted: Motile,https://github.com/arms-mbon/data_release_002,Main genome;Eukaryota;Opisthokonta;Metazoa;Arthropoda;Crustacea;Maxillopoda;NA;NA;NA;NA,urn:lsid:marinespecies.org:taxname:1066,Crustacea,Subphylum,Otu65,NCBI:6657,ARMS_TZS_Angbat_20200608_20201117_MF500_ETOH_s1_r1
ARMS_TZS_Angbat_20200608_20201117_MF500_ETOH_s1_r1:Otu67,MaterialSample,ARMS-MBON,data_release_002,present,ARMS_TZS_Angbat_20200608_20201117,SAMEA10020992,2020-06-08/2020-11-17,10,DNA sequence reads,184,DNA sequence reads,https://github.com/arms-mbon/documentation/tree/main/armsmbon_handbook,ERR7125503,PEMA v2.1.4 https://github.com/hariszaf/pema | https://github.com/arms-mbon/analysis_release_002/tree/main/parameter_files,CREST classifier; Minimum bit-score 155; LCA bitscore range 2% | PR2 v4.13 | VSEARCH v2.9.1; clustering similarity 97%,Tammisaaren Ja Hangon Saariston Ja Pohjanpitäjänlahden Merensuojelualue (http://marineregions.org/mrgid/27436),59.841505,23.248879,FI,TZS_Angbat,4.0,4.0,Marine Protected Area; Long-Term Ecological Research Site; continuous hydrographic monitoring; protected; 9.4 - Subtidal Sandy,uncertain classification (not marine),Was a crate cover used when retrieving the unit: not provided; Which component of the ARMS unit material was extracted: Motile,https://github.com/arms-mbon/data_release_002,Main genome;Eukaryota;Alveolata;Apicomplexa;Gregarinomorphea;Selenidium1;sensimae;NA;NA;NA;Selenidium1 sensimae,urn:lsid:marinespecies.org:taxname:22565,Apicomplexa,Subphylum,Otu67,NCBI:5794,ARMS_TZS_Angbat_20200608_20201117_MF500_ETOH_s1_r1
ARMS_TZS_Angbat_20200608_20201117_MF500_ETOH_s1_r1:Otu307,MaterialSample,ARMS-MBON,data_release_002,present,ARMS_TZS_Angbat_20200608_20201117,SAMEA10020992,2020-06-08/2020-11-17,4,DNA sequence reads,184,DNA sequence reads,https://github.com/arms-mbon/documentation/tree/main/armsmbon_handbook,ERR7125503,PEMA v2.1.4 https://github.com/hariszaf/pema | https://github.com/arms-mbon/analysis_release_002/tree/main/parameter_files,CREST classifier; Minimum bit-score 155; LCA bitscore range 2% | PR2 v4.13 | VSEARCH v2.9.1; clustering similarity 97%,Tammisaaren Ja Hangon Saariston Ja Pohjanpitäjänlahden Merensuojelualue (http://marineregions.org/mrgid/27436),59.841505,23.248879,FI,TZS_Angbat,4.0,4.0,Marine Protected Area; Long-Term Ecological Research Site; continuous hydrographic monitoring; protected; 9.4 - Subtidal Sandy,,Was a crate cover used when retrieving the unit: not provided; Which component of the ARMS unit material was extracted: Motile,https://github.com/arms-mbon/data_release_002,Main genome;Eukaryota;Archaeplastida;NA;NA;NA;NA;NA;NA;NA;NA,,Eukaryota,domain,Otu307,NCBI:2759,ARMS_TZS_Angbat_20200608_20201117_MF500_ETOH_s1_r1
ARMS_TZS_Angbat_20200608_20201117_MF500_ETOH_s1_r1:Otu306,MaterialSample,ARMS-MBON,data_release_002,present,ARMS_TZS_Angbat_20200608_20201117,SAMEA10020992,2020-06-08/2020-11-17,4,DNA sequence reads,184,DNA sequence reads,https://github.com/arms-mbon/documentation/tree/main/armsmbon_handbook,ERR7125503,PEMA v2.1.4 https://github.com/hariszaf/pema | https://github.com/arms-mbon/analysis_release_002/tree/main/parameter_files,CREST classifier; Minimum bit-score 155; LCA bitscore range 2% | PR2 v4.13 | VSEARCH v2.9.1; clustering similarity 97%,Tammisaaren Ja Hangon Saariston Ja Pohjanpitäjänlahden Merensuojelualue (http://marineregions.org/mrgid/27436),59.841505,23.248879,FI,TZS_Angbat,4.0,4.0,Marine Protected Area; Long-Term Ecological Research Site; continuous hydrographic monitoring; protected; 9.4 - Subtidal Sandy,,Was a crate cover used when retrieving the unit: not provided; Which component of the ARMS unit material was extracted: Motile,https://github.com/arms-mbon/data_release_002,Main genome;Eukaryota;Opisthokonta;Fungi;Basidiomycota;Agaricomycotina;Agaricomycetes;Panellus;stypticus;NA;Panellus stypticus,,Panellus,genus,Otu306,NCBI:5636,ARMS_TZS_Angbat_20200608_20201117_MF500_ETOH_s1_r1
ARMS_TZS_Angbat_20200608_20201117_MF500_ETOH_s1_r1:Otu265,MaterialSample,ARMS-MBON,data_release_002,present,ARMS_TZS_Angbat_20200608_20201117,SAMEA10020992,2020-06-08/2020-11-17,3,DNA sequence reads,184,DNA sequence reads,https://github.com/arms-mbon/documentation/tree/main/armsmbon_handbook,ERR7125503,PEMA v2.1.4 https://github.com/hariszaf/pema | https://github.com/arms-mbon/analysis_release_002/tree/main/parameter_files,CREST classifier; Minimum bit-score 155; LCA bitscore range 2% | PR2 v4.13 | VSEARCH v2.9.1; clustering similarity 97%,Tammisaaren Ja Hangon Saariston Ja Pohjanpitäjänlahden Merensuojelualue (http://marineregions.org/mrgid/27436),59.841505,23.248879,FI,TZS_Angbat,4.0,4.0,Marine Protected Area; Long-Term Ecological Research Site; continuous hydrographic monitoring; protected; 9.4 - Subtidal Sandy,uncertain classification (not marine),Was a crate cover used when retrieving the unit: not provided; Which component of the ARMS unit material was extracted: Motile,https://github.com/arms-mbon/data_release_002,Main genome;Eukaryota;Stramenopiles;Ochrophyta;Chrysophyceae;Clade-C;NA;NA;NA;NA;NA,urn:lsid:marinespecies.org:taxname:1664811,Petrachloros mirabilis,Species,Otu265,NCBI:2918835,ARMS_TZS_Angbat_20200608_20201117_MF500_ETOH_s1_r1
ARMS_TZS_Angbat_20200608_20201117_MF500_ETOH_s1_r1:Otu111,MaterialSample,ARMS-MBON,data_release_002,present,ARMS_TZS_Angbat_20200608_20201117,SAMEA10020992,2020-06-08/2020-11-17,5,DNA sequence reads,184,DNA sequence reads,https://github.com/arms-mbon/documentation/tree/main/armsmbon_handbook,ERR7125503,PEMA v2.1.4 https://github.com/hariszaf/pema | https://github.com/arms-mbon/analysis_release_002/tree/main/parameter_files,CREST classifier; Minimum bit-score 155; LCA bitscore range 2% | PR2 v4.13 | VSEARCH v2.9.1; clustering similarity 97%,Tammisaaren Ja Hangon Saariston Ja Pohjanpitäjänlahden Merensuojelualue (http://marineregions.org/mrgid/27436),59.841505,23.248879,FI,TZS_Angbat,4.0,4.0,Marine Protected Area; Long-Term Ecological Research Site; continuous hydrographic monitoring; protected; 9.4 - Subtidal Sandy,uncertain classification (not marine),Was a crate cover used when retrieving the unit: not provided; Which component of the ARMS unit material was extracted: Motile,https://github.com/arms-mbon/data_release_002,Main genome;Eukaryota;Archaeplastida;Streptophyta;Embryophyceae;NA;NA;NA;NA;NA;NA,urn:lsid:marinespecies.org:taxname:536191,Streptophyta,Infrakingdom,Otu111,NCBI:35493,ARMS_TZS_Angbat_20200608_20201117_MF500_ETOH_s1_r1
ARMS_TZS_Angbat_20200608_20201117_MF500_ETOH_s1_r1:Otu83,MaterialSample,ARMS-MBON,data_release_002,present,ARMS_TZS_Angbat_20200608_20201117,SAMEA10020992,2020-06-08/2020-11-17,2,DNA sequence reads,184,DNA sequence reads,https://github.com/arms-mbon/documentation/tree/main/armsmbon_handbook,ERR7125503,PEMA v2.1.4 https://github.com/hariszaf/pema | https://github.com/arms-mbon/analysis_release_002/tree/main/parameter_files,CREST classifier; Minimum bit-score 155; LCA bitscore range 2% | PR2 v4.13 | VSEARCH v2.9.1; clustering similarity 97%,Tammisaaren Ja Hangon Saariston Ja Pohjanpitäjänlahden Merensuojelualue (http://marineregions.org/mrgid/27436),59.841505,23.248879,FI,TZS_Angbat,4.0,4.0,Marine Protected Area; Long-Term Ecological Research Site; continuous hydrographic monitoring; protected; 9.4 - Subtidal Sandy,uncertain classification (not marine),Was a crate cover used when retrieving the unit: not provided; Which component of the ARMS unit material was extracted: Motile,https://github.com/arms-mbon/data_release_002,Main genome;Eukaryota;Opisthokonta;Metazoa;Arthropoda;Crustacea;Maxillopoda;NA;NA;NA;NA,urn:lsid:marinespecies.org:taxname:1066,Crustacea,Subphylum,Otu83,NCBI:6657,ARMS_TZS_Angbat_20200608_20201117_MF500_ETOH_s1_r1
ARMS_TZS_Angbat_20200608_20201117_MF500_ETOH_s1_r1:Otu87,MaterialSample,ARMS-MBON,data_release_002,present,ARMS_TZS_Angbat_20200608_20201117,SAMEA10020992,2020-06-08/2020-11-17,8,DNA sequence reads,184,DNA sequence reads,https://github.com/arms-mbon/documentation/tree/main/armsmbon_handbook,ERR7125503,PEMA v2.1.4 https://github.com/hariszaf/pema | https://github.com/arms-mbon/analysis_release_002/tree/main/parameter_files,CREST classifier; Minimum bit-score 155; LCA bitscore range 2% | PR2 v4.13 | VSEARCH v2.9.1; clustering similarity 97%,Tammisaaren Ja Hangon Saariston Ja Pohjanpitäjänlahden Merensuojelualue (http://marineregions.org/mrgid/27436),59.841505,23.248879,FI,TZS_Angbat,4.0,4.0,Marine Protected Area; Long-Term Ecological Research Site; continuous hydrographic monitoring; protected; 9.4 - Subtidal Sandy,uncertain classification (not marine),Was a crate cover used when retrieving the unit: not provided; Which component of the ARMS unit material was extracted: Motile,https://github.com/arms-mbon/data_release_002,Main genome;Eukaryota;Opisthokonta;Fungi;Basidiomycota;Ustilaginomycotina;Exobasidiomycetes;NA;NA;NA;NA,urn:lsid:marinespecies.org:taxname:177193,Exobasidiomycetidae,Subclass,Otu87,NCBI:452283,ARMS_TZS_Angbat_20200608_20201117_MF500_ETOH_s1_r1
ARMS_TZS_Angbat_20200608_20201117_MF500_ETOH_s1_r1:Otu426,MaterialSample,ARMS-MBON,data_release_002,present,ARMS_TZS_Angbat_20200608_20201117,SAMEA10020992,2020-06-08/2020-11-17,2,DNA sequence reads,184,DNA sequence reads,https://github.com/arms-mbon/documentation/tree/main/armsmbon_handbook,ERR7125503,PEMA v2.1.4 https://github.com/hariszaf/pema | https://github.com/arms-mbon/analysis_release_002/tree/main/parameter_files,CREST classifier; Minimum bit-score 155; LCA bitscore range 2% | PR2 v4.13 | VSEARCH v2.9.1; clustering similarity 97%,Tammisaaren Ja Hangon Saariston Ja Pohjanpitäjänlahden Merensuojelualue (http://marineregions.org/mrgid/27436),59.841505,23.248879,FI,TZS_Angbat,4.0,4.0,Marine Protected Area; Long-Term Ecological Research Site; continuous hydrographic monitoring; protected; 9.4 - Subtidal Sandy,uncertain classification (not marine),Was a crate cover used when retrieving the unit: not provided; Which component of the ARMS unit material was extracted: Motile,https://github.com/arms-mbon/data_release_002,Main genome;Eukaryota;Opisthokonta;Metazoa;Arthropoda;Crustacea;Maxillopoda;NA;NA;NA;NA,urn:lsid:marinespecies.org:taxname:1066,Crustacea,Subphylum,Otu426,NCBI:6657,ARMS_TZS_Angbat_20200608_20201117_MF500_ETOH_s1_r1
ARMS_TZS_Angbat_20200608_20201117_MF500_ETOH_s1_r1:Otu427,MaterialSample,ARMS-MBON,data_release_002,present,ARMS_TZS_Angbat_20200608_20201117,SAMEA10020992,2020-06-08/2020-11-17,2,DNA sequence reads,184,DNA sequence reads,https://github.com/arms-mbon/documentation/tree/main/armsmbon_handbook,ERR7125503,PEMA v2.1.4 https://github.com/hariszaf/pema | https://github.com/arms-mbon/analysis_release_002/tree/main/parameter_files,CREST classifier; Minimum bit-score 155; LCA bitscore range 2% | PR2 v4.13 | VSEARCH v2.9.1; clustering similarity 97%,Tammisaaren Ja Hangon Saariston Ja Pohjanpitäjänlahden Merensuojelualue (http://marineregions.org/mrgid/27436),59.841505,23.248879,FI,TZS_Angbat,4.0,4.0,Marine Protected Area; Long-Term Ecological Research Site; continuous hydrographic monitoring; protected; 9.4 - Subtidal Sandy,,Was a crate cover used when retrieving the unit: not provided; Which component of the ARMS unit material was extracted: Motile,https://github.com/arms-mbon/data_release_002,Main genome;Eukaryota;Alveolata;Apicomplexa;Gregarinomorphea;Eugregarinorida;Porosporidae;NA;NA;NA;NA,urn:lsid:marinespecies.org:taxname:465333,Porosporidae,Family,Otu427,NCBI:947094,ARMS_TZS_Angbat_20200608_20201117_MF500_ETOH_s1_r1
ARMS_TZS_Angbat_20200608_20201117_MF500_ETOH_s1_r1:Otu424,MaterialSample,ARMS-MBON,data_release_002,present,ARMS_TZS_Angbat_20200608_20201117,SAMEA10020992,2020-06-08/2020-11-17,2,DNA sequence reads,184,DNA sequence reads,https://github.com/arms-mbon/documentation/tree/main/armsmbon_handbook,ERR7125503,PEMA v2.1.4 https://github.com/hariszaf/pema | https://github.com/arms-mbon/analysis_release_002/tree/main/parameter_files,CREST classifier; Minimum bit-score 155; LCA bitscore range 2% | PR2 v4.13 | VSEARCH v2.9.1; clustering similarity 97%,Tammisaaren Ja Hangon Saariston Ja Pohjanpitäjänlahden Merensuojelualue (http://marineregions.org/mrgid/27436),59.841505,23.248879,FI,TZS_Angbat,4.0,4.0,Marine Protected Area; Long-Term Ecological Research Site; continuous hydrographic monitoring; protected; 9.4 - Subtidal Sandy,,Was a crate cover used when retrieving the unit: not provided; Which component of the ARMS unit material was extracted: Motile,https://github.com/arms-mbon/data_release_002,Main genome;Eukaryota;Rhizaria;Cercozoa;Endomyxa-Phytomyxea;Phagomyxida;Phagomyxidae;NA;NA;NA;NA,urn:lsid:marinespecies.org:taxname:591232,Phagomyxida,Order,Otu424,NCBI:2779610,ARMS_TZS_Angbat_20200608_20201117_MF500_ETOH_s1_r1
ARMS_TZS_Angbat_20200608_20201117_MF500_ETOH_s1_r1:Otu425,MaterialSample,ARMS-MBON,data_release_002,present,ARMS_TZS_Angbat_20200608_20201117,SAMEA10020992,2020-06-08/2020-11-17,2,DNA sequence reads,184,DNA sequence reads,https://github.com/arms-mbon/documentation/tree/main/armsmbon_handbook,ERR7125503,PEMA v2.1.4 https://github.com/hariszaf/pema | https://github.com/arms-mbon/analysis_release_002/tree/main/parameter_files,CREST classifier; Minimum bit-score 155; LCA bitscore range 2% | PR2 v4.13 | VSEARCH v2.9.1; clustering similarity 97%,Tammisaaren Ja Hangon Saariston Ja Pohjanpitäjänlahden Merensuojelualue (http://marineregions.org/mrgid/27436),59.841505,23.248879,FI,TZS_Angbat,4.0,4.0,Marine Protected Area; Long-Term Ecological Research Site; continuous hydrographic monitoring; protected; 9.4 - Subtidal Sandy,uncertain classification (not marine),Was a crate cover used when retrieving the unit: not provided; Which component of the ARMS unit material was extracted: Motile,https://github.com/arms-mbon/data_release_002,Main genome;Eukaryota;Opisthokonta;Metazoa;Annelida;NA;NA;NA;NA;NA;NA,urn:lsid:marinespecies.org:taxname:882,Annelida,Phylum,Otu425,NCBI:6340,ARMS_TZS_Angbat_20200608_20201117_MF500_ETOH_s1_r1
ARMS_TZS_Angbat_20200608_20201117_MF500_ETOH_s1_r1:Otu151,MaterialSample,ARMS-MBON,data_release_002,present,ARMS_TZS_Angbat_20200608_20201117,SAMEA10020992,2020-06-08/2020-11-17,6,DNA sequence reads,184,DNA sequence reads,https://github.com/arms-mbon/documentation/tree/main/armsmbon_handbook,ERR7125503,PEMA v2.1.4 https://github.com/hariszaf/pema | https://github.com/arms-mbon/analysis_release_002/tree/main/parameter_files,CREST classifier; Minimum bit-score 155; LCA bitscore range 2% | PR2 v4.13 | VSEARCH v2.9.1; clustering similarity 97%,Tammisaaren Ja Hangon Saariston Ja Pohjanpitäjänlahden Merensuojelualue (http://marineregions.org/mrgid/27436),59.841505,23.248879,FI,TZS_Angbat,4.0,4.0,Marine Protected Area; Long-Term Ecological Research Site; continuous hydrographic monitoring; protected; 9.4 - Subtidal Sandy,uncertain classification (not marine),Was a crate cover used when retrieving the unit: not provided; Which component of the ARMS unit material was extracted: Motile,https://github.com/arms-mbon/data_release_002,Main genome;Eukaryota;Opisthokonta;Metazoa;Arthropoda;Crustacea;Maxillopoda;NA;NA;NA;NA,urn:lsid:marinespecies.org:taxname:1066,Crustacea,Subphylum,Otu151,NCBI:6657,ARMS_TZS_Angbat_20200608_20201117_MF500_ETOH_s1_r1
ARMS_TZS_Angbat_20200608_20201117_MF500_ETOH_s1_r1:Otu9,MaterialSample,ARMS-MBON,data_release_002,present,ARMS_TZS_Angbat_20200608_20201117,SAMEA10020992,2020-06-08/2020-11-17,8,DNA sequence reads,184,DNA sequence reads,https://github.com/arms-mbon/documentation/tree/main/armsmbon_handbook,ERR7125503,PEMA v2.1.4 https://github.com/hariszaf/pema | https://github.com/arms-mbon/analysis_release_002/tree/main/parameter_files,CREST classifier; Minimum bit-score 155; LCA bitscore range 2% | PR2 v4.13 | VSEARCH v2.9.1; clustering similarity 97%,Tammisaaren Ja Hangon Saariston Ja Pohjanpitäjänlahden Merensuojelualue (http://marineregions.org/mrgid/27436),59.841505,23.248879,FI,TZS_Angbat,4.0,4.0,Marine Protected Area; Long-Term Ecological Research Site; continuous hydrographic monitoring; protected; 9.4 - Subtidal Sandy,,Was a crate cover used when retrieving the unit: not provided; Which component of the ARMS unit material was extracted: Motile,https://github.com/arms-mbon/data_release_002,Main genome;Eukaryota;Opisthokonta;Metazoa;Cnidaria;Anthozoa;NA;NA;NA;NA;NA,urn:lsid:marinespecies.org:taxname:1292,Anthozoa,Subphylum,Otu9,NCBI:6101,ARMS_TZS_Angbat_20200608_20201117_MF500_ETOH_s1_r1
ARMS_TZS_Angbat_20200608_20201117_MF500_ETOH_s1_r1:Otu5,MaterialSample,ARMS-MBON,data_release_002,present,ARMS_TZS_Angbat_20200608_20201117,SAMEA10020992,2020-06-08/2020-11-17,6,DNA sequence reads,184,DNA sequence reads,https://github.com/arms-mbon/documentation/tree/main/armsmbon_handbook,ERR7125503,PEMA v2.1.4 https://github.com/hariszaf/pema | https://github.com/arms-mbon/analysis_release_002/tree/main/parameter_files,CREST classifier; Minimum bit-score 155; LCA bitscore range 2% | PR2 v4.13 | VSEARCH v2.9.1; clustering similarity 97%,Tammisaaren Ja Hangon Saariston Ja Pohjanpitäjänlahden Merensuojelualue (http://marineregions.org/mrgid/27436),59.841505,23.248879,FI,TZS_Angbat,4.0,4.0,Marine Protected Area; Long-Term Ecological Research Site; continuous hydrographic monitoring; protected; 9.4 - Subtidal Sandy,,Was a crate cover used when retrieving the unit: not provided; Which component of the ARMS unit material was extracted: Motile,https://github.com/arms-mbon/data_release_002,Main genome;Eukaryota;Opisthokonta;Metazoa;Craniata;Teleostei;NA;NA;NA;NA;NA,urn:lsid:marinespecies.org:taxname:293496,Teleostei,Class,Otu5,NCBI:32443,ARMS_TZS_Angbat_20200608_20201117_MF500_ETOH_s1_r1
ARMS_TZS_Angbat_20200608_20201117_MF500_ETOH_s1_r1:Otu2,MaterialSample,ARMS-MBON,data_release_002,present,ARMS_TZS_Angbat_20200608_20201117,SAMEA10020992,2020-06-08/2020-11-17,38,DNA sequence reads,184,DNA sequence reads,https://github.com/arms-mbon/documentation/tree/main/armsmbon_handbook,ERR7125503,PEMA v2.1.4 https://github.com/hariszaf/pema | https://github.com/arms-mbon/analysis_release_002/tree/main/parameter_files,CREST classifier; Minimum bit-score 155; LCA bitscore range 2% | PR2 v4.13 | VSEARCH v2.9.1; clustering similarity 97%,Tammisaaren Ja Hangon Saariston Ja Pohjanpitäjänlahden Merensuojelualue (http://marineregions.org/mrgid/27436),59.841505,23.248879,FI,TZS_Angbat,4.0,4.0,Marine Protected Area; Long-Term Ecological Research Site; continuous hydrographic monitoring; protected; 9.4 - Subtidal Sandy,,Was a crate cover used when retrieving the unit: not provided; Which component of the ARMS unit material was extracted: Motile,https://github.com/arms-mbon/data_release_002,Main genome;Eukaryota;Opisthokonta;Metazoa;Urochordata;Ascidiacea;NA;NA;NA;NA;NA,urn:lsid:marinespecies.org:taxname:1839,Ascidiacea,Class,Otu2,NCBI:7713,ARMS_TZS_Angbat_20200608_20201117_MF500_ETOH_s1_r1
ARMS_TZS_Angbat_20200608_20201117_MF500_ETOH_s1_r1:Otu209,MaterialSample,ARMS-MBON,data_release_002,present,ARMS_TZS_Angbat_20200608_20201117,SAMEA10020992,2020-06-08/2020-11-17,7,DNA sequence reads,184,DNA sequence reads,https://github.com/arms-mbon/documentation/tree/main/armsmbon_handbook,ERR7125503,PEMA v2.1.4 https://github.com/hariszaf/pema | https://github.com/arms-mbon/analysis_release_002/tree/main/parameter_files,CREST classifier; Minimum bit-score 155; LCA bitscore range 2% | PR2 v4.13 | VSEARCH v2.9.1; clustering similarity 97%,Tammisaaren Ja Hangon Saariston Ja Pohjanpitäjänlahden Merensuojelualue (http://marineregions.org/mrgid/27436),59.841505,23.248879,FI,TZS_Angbat,4.0,4.0,Marine Protected Area; Long-Term Ecological Research Site; continuous hydrographic monitoring; protected; 9.4 - Subtidal Sandy,uncertain classification (not marine),Was a crate cover used when retrieving the unit: not provided; Which component of the ARMS unit material was extracted: Motile,https://github.com/arms-mbon/data_release_002,Main genome;Eukaryota;Opisthokonta;Metazoa;Arthropoda;Crustacea;Maxillopoda;NA;NA;NA;NA,urn:lsid:marinespecies.org:taxname:1066,Crustacea,Subphylum,Otu209,NCBI:6657,ARMS_TZS_Angbat_20200608_20201117_MF500_ETOH_s1_r1
ARMS_TZS_Angbat_20200608_20201117_MF500_ETOH_s1_r1:Otu204,MaterialSample,ARMS-MBON,data_release_002,present,ARMS_TZS_Angbat_20200608_20201117,SAMEA10020992,2020-06-08/2020-11-17,3,DNA sequence reads,184,DNA sequence reads,https://github.com/arms-mbon/documentation/tree/main/armsmbon_handbook,ERR7125503,PEMA v2.1.4 https://github.com/hariszaf/pema | https://github.com/arms-mbon/analysis_release_002/tree/main/parameter_files,CREST classifier; Minimum bit-score 155; LCA bitscore range 2% | PR2 v4.13 | VSEARCH v2.9.1; clustering similarity 97%,Tammisaaren Ja Hangon Saariston Ja Pohjanpitäjänlahden Merensuojelualue (http://marineregions.org/mrgid/27436),59.841505,23.248879,FI,TZS_Angbat,4.0,4.0,Marine Protected Area; Long-Term Ecological Research Site; continuous hydrographic monitoring; protected; 9.4 - Subtidal Sandy,,Was a crate cover used when retrieving the unit: not provided; Which component of the ARMS unit material was extracted: Motile,https://github.com/arms-mbon/data_release_002,Main genome;Eukaryota;NA;NA;NA;NA;NA;NA;NA;NA;NA,,Eukaryota,domain,Otu204,NCBI:2759,ARMS_TZS_Angbat_20200608_20201117_MF500_ETOH_s1_r1
ARMS_TZS_Angbat_20200608_20201117_MF500_ETOH_s1_r1:Otu375,MaterialSample,ARMS-MBON,data_release_002,present,ARMS_TZS_Angbat_20200608_20201117,SAMEA10020992,2020-06-08/2020-11-17,2,DNA sequence reads,184,DNA sequence reads,https://github.com/arms-mbon/documentation/tree/main/armsmbon_handbook,ERR7125503,PEMA v2.1.4 https://github.com/hariszaf/pema | https://github.com/arms-mbon/analysis_release_002/tree/main/parameter_files,CREST classifier; Minimum bit-score 155; LCA bitscore range 2% | PR2 v4.13 | VSEARCH v2.9.1; clustering similarity 97%,Tammisaaren Ja Hangon Saariston Ja Pohjanpitäjänlahden Merensuojelualue (http://marineregions.org/mrgid/27436),59.841505,23.248879,FI,TZS_Angbat,4.0,4.0,Marine Protected Area; Long-Term Ecological Research Site; continuous hydrographic monitoring; protected; 9.4 - Subtidal Sandy,,Was a crate cover used when retrieving the unit: not provided; Which component of the ARMS unit material was extracted: Motile,https://github.com/arms-mbon/data_release_002,Main genome;Eukaryota;Opisthokonta;Metazoa;Arthropoda;Crustacea;Maxillopoda;Pseudanthessius;NA;NA;NA,urn:lsid:marinespecies.org:taxname:128711,Pseudanthessius,Genus,Otu375,NCBI:298443,ARMS_TZS_Angbat_20200608_20201117_MF500_ETOH_s1_r1
ARMS_TZS_Angbat_20200608_20201117_MF500_ETOH_s1_r1:Otu268,MaterialSample,ARMS-MBON,data_release_002,present,ARMS_TZS_Angbat_20200608_20201117,SAMEA10020992,2020-06-08/2020-11-17,5,DNA sequence reads,184,DNA sequence reads,https://github.com/arms-mbon/documentation/tree/main/armsmbon_handbook,ERR7125503,PEMA v2.1.4 https://github.com/hariszaf/pema | https://github.com/arms-mbon/analysis_release_002/tree/main/parameter_files,CREST classifier; Minimum bit-score 155; LCA bitscore range 2% | PR2 v4.13 | VSEARCH v2.9.1; clustering similarity 97%,Tammisaaren Ja Hangon Saariston Ja Pohjanpitäjänlahden Merensuojelualue (http://marineregions.org/mrgid/27436),59.841505,23.248879,FI,TZS_Angbat,4.0,4.0,Marine Protected Area; Long-Term Ecological Research Site; continuous hydrographic monitoring; protected; 9.4 - Subtidal Sandy,,Was a crate cover used when retrieving the unit: not provided; Which component of the ARMS unit material was extracted: Motile,https://github.com/arms-mbon/data_release_002,Main genome;Eukaryota;Alveolata;Apicomplexa;Gregarinomorphea;Eugregarinorida;Porosporidae;NA;NA;NA;NA,urn:lsid:marinespecies.org:taxname:465333,Porosporidae,Family,Otu268,NCBI:947094,ARMS_TZS_Angbat_20200608_20201117_MF500_ETOH_s1_r1
ARMS_TZS_Angbat_20200608_20201117_MF500_ETOH_s1_r1:Otu197,MaterialSample,ARMS-MBON,data_release_002,present,ARMS_TZS_Angbat_20200608_20201117,SAMEA10020992,2020-06-08/2020-11-17,4,DNA sequence reads,184,DNA sequence reads,https://github.com/arms-mbon/documentation/tree/main/armsmbon_handbook,ERR7125503,PEMA v2.1.4 https://github.com/hariszaf/pema | https://github.com/arms-mbon/analysis_release_002/tree/main/parameter_files,CREST classifier; Minimum bit-score 155; LCA bitscore range 2% | PR2 v4.13 | VSEARCH v2.9.1; clustering similarity 97%,Tammisaaren Ja Hangon Saariston Ja Pohjanpitäjänlahden Merensuojelualue (http://marineregions.org/mrgid/27436),59.841505,23.248879,FI,TZS_Angbat,4.0,4.0,Marine Protected Area; Long-Term Ecological Research Site; continuous hydrographic monitoring; protected; 9.4 - Subtidal Sandy,,Was a crate cover used when retrieving the unit: not provided; Which component of the ARMS unit material was extracted: Motile,https://github.com/arms-mbon/data_release_002,Main genome;Eukaryota;Opisthokonta;Metazoa;Arthropoda;Crustacea;Maxillopoda;Verruca;NA;NA;NA,urn:lsid:marinespecies.org:taxname:106140,Verruca,Genus,Otu197,NCBI:66522,ARMS_TZS_Angbat_20200608_20201117_MF500_ETOH_s1_r1
ARMS_TZS_Angbat_20200608_20201117_MF500_ETOH_s1_r1:Otu94,MaterialSample,ARMS-MBON,data_release_002,present,ARMS_TZS_Angbat_20200608_20201117,SAMEA10020992,2020-06-08/2020-11-17,5,DNA sequence reads,184,DNA sequence reads,https://github.com/arms-mbon/documentation/tree/main/armsmbon_handbook,ERR7125503,PEMA v2.1.4 https://github.com/hariszaf/pema | https://github.com/arms-mbon/analysis_release_002/tree/main/parameter_files,CREST classifier; Minimum bit-score 155; LCA bitscore range 2% | PR2 v4.13 | VSEARCH v2.9.1; clustering similarity 97%,Tammisaaren Ja Hangon Saariston Ja Pohjanpitäjänlahden Merensuojelualue (http://marineregions.org/mrgid/27436),59.841505,23.248879,FI,TZS_Angbat,4.0,4.0,Marine Protected Area; Long-Term Ecological Research Site; continuous hydrographic monitoring; protected; 9.4 - Subtidal Sandy,uncertain classification (not marine),Was a crate cover used when retrieving the unit: not provided; Which component of the ARMS unit material was extracted: Motile,https://github.com/arms-mbon/data_release_002,Main genome;Eukaryota;Opisthokonta;Fungi;NA;NA;NA;NA;NA;NA;NA,urn:lsid:marinespecies.org:taxname:4,Fungi,Kingdom,Otu94,NCBI:4751,ARMS_TZS_Angbat_20200608_20201117_MF500_ETOH_s1_r1
ARMS_TZS_Angbat_20200608_20201117_MF500_ETOH_s1_r1:Otu141,MaterialSample,ARMS-MBON,data_release_002,present,ARMS_TZS_Angbat_20200608_20201117,SAMEA10020992,2020-06-08/2020-11-17,11,DNA sequence reads,184,DNA sequence reads,https://github.com/arms-mbon/documentation/tree/main/armsmbon_handbook,ERR7125503,PEMA v2.1.4 https://github.com/hariszaf/pema | https://github.com/arms-mbon/analysis_release_002/tree/main/parameter_files,CREST classifier; Minimum bit-score 155; LCA bitscore range 2% | PR2 v4.13 | VSEARCH v2.9.1; clustering similarity 97%,Tammisaaren Ja Hangon Saariston Ja Pohjanpitäjänlahden Merensuojelualue (http://marineregions.org/mrgid/27436),59.841505,23.248879,FI,TZS_Angbat,4.0,4.0,Marine Protected Area; Long-Term Ecological Research Site; continuous hydrographic monitoring; protected; 9.4 - Subtidal Sandy,,Was a crate cover used when retrieving the unit: not provided; Which component of the ARMS unit material was extracted: Motile,https://github.com/arms-mbon/data_release_002,Main genome;Eukaryota;Opisthokonta;Metazoa;Craniata;NA;NA;NA;NA;NA;NA,urn:lsid:marinespecies.org:taxname:104019,Craniata,Class,Otu141,NCBI:89593,ARMS_TZS_Angbat_20200608_20201117_MF500_ETOH_s1_r1
ARMS_TZS_Angbat_20200608_20201117_MF500_ETOH_s1_r1:Otu142,MaterialSample,ARMS-MBON,data_release_002,present,ARMS_TZS_Angbat_20200608_20201117,SAMEA10020992,2020-06-08/2020-11-17,5,DNA sequence reads,184,DNA sequence reads,https://github.com/arms-mbon/documentation/tree/main/armsmbon_handbook,ERR7125503,PEMA v2.1.4 https://github.com/hariszaf/pema | https://github.com/arms-mbon/analysis_release_002/tree/main/parameter_files,CREST classifier; Minimum bit-score 155; LCA bitscore range 2% | PR2 v4.13 | VSEARCH v2.9.1; clustering similarity 97%,Tammisaaren Ja Hangon Saariston Ja Pohjanpitäjänlahden Merensuojelualue (http://marineregions.org/mrgid/27436),59.841505,23.248879,FI,TZS_Angbat,4.0,4.0,Marine Protected Area; Long-Term Ecological Research Site; continuous hydrographic monitoring; protected; 9.4 - Subtidal Sandy,uncertain classification (not marine),Was a crate cover used when retrieving the unit: not provided; Which component of the ARMS unit material was extracted: Motile,https://github.com/arms-mbon/data_release_002,Main genome;Eukaryota;Opisthokonta;Metazoa;Annelida;NA;NA;NA;NA;NA;NA,urn:lsid:marinespecies.org:taxname:882,Annelida,Phylum,Otu142,NCBI:6340,ARMS_TZS_Angbat_20200608_20201117_MF500_ETOH_s1_r1
ARMS_TZS_Angbat_20200608_20201117_MF500_ETOH_s1_r1:Otu361,MaterialSample,ARMS-MBON,data_release_002,present,ARMS_TZS_Angbat_20200608_20201117,SAMEA10020992,2020-06-08/2020-11-17,4,DNA sequence reads,184,DNA sequence reads,https://github.com/arms-mbon/documentation/tree/main/armsmbon_handbook,ERR7125503,PEMA v2.1.4 https://github.com/hariszaf/pema | https://github.com/arms-mbon/analysis_release_002/tree/main/parameter_files,CREST classifier; Minimum bit-score 155; LCA bitscore range 2% | PR2 v4.13 | VSEARCH v2.9.1; clustering similarity 97%,Tammisaaren Ja Hangon Saariston Ja Pohjanpitäjänlahden Merensuojelualue (http://marineregions.org/mrgid/27436),59.841505,23.248879,FI,TZS_Angbat,4.0,4.0,Marine Protected Area; Long-Term Ecological Research Site; continuous hydrographic monitoring; protected; 9.4 - Subtidal Sandy,,Was a crate cover used when retrieving the unit: not provided; Which component of the ARMS unit material was extracted: Motile,https://github.com/arms-mbon/data_release_002,Main genome;Eukaryota;Opisthokonta;Metazoa;Mollusca;Bivalvia;Pectinoida;NA;NA;NA;NA,urn:lsid:marinespecies.org:taxname:387324,Pectinida,Order,Otu361,NCBI:106218,ARMS_TZS_Angbat_20200608_20201117_MF500_ETOH_s1_r1
ARMS_TZS_Angbat_20200608_20201117_MF500_ETOH_s1_r1:Otu360,MaterialSample,ARMS-MBON,data_release_002,present,ARMS_TZS_Angbat_20200608_20201117,SAMEA10020992,2020-06-08/2020-11-17,3,DNA sequence reads,184,DNA sequence reads,https://github.com/arms-mbon/documentation/tree/main/armsmbon_handbook,ERR7125503,PEMA v2.1.4 https://github.com/hariszaf/pema | https://github.com/arms-mbon/analysis_release_002/tree/main/parameter_files,CREST classifier; Minimum bit-score 155; LCA bitscore range 2% | PR2 v4.13 | VSEARCH v2.9.1; clustering similarity 97%,Tammisaaren Ja Hangon Saariston Ja Pohjanpitäjänlahden Merensuojelualue (http://marineregions.org/mrgid/27436),59.841505,23.248879,FI,TZS_Angbat,4.0,4.0,Marine Protected Area; Long-Term Ecological Research Site; continuous hydrographic monitoring; protected; 9.4 - Subtidal Sandy,,Was a crate cover used when retrieving the unit: not provided; Which component of the ARMS unit material was extracted: Motile,https://github.com/arms-mbon/data_release_002,Main genome;Eukaryota;Opisthokonta;Metazoa;Annelida;Eusyllis;blomstrandi;NA;NA;NA;Eusyllis blomstrandi,urn:lsid:marinespecies.org:taxname:131290,Eusyllis blomstrandi,Species,Otu360,NCBI:199554,ARMS_TZS_Angbat_20200608_20201117_MF500_ETOH_s1_r1
ARMS_TZS_Angbat_20200608_20201117_MF500_ETOH_s1_r1:Otu138,MaterialSample,ARMS-MBON,data_release_002,present,ARMS_TZS_Angbat_20200608_20201117,SAMEA10020992,2020-06-08/2020-11-17,5,DNA sequence reads,184,DNA sequence reads,https://github.com/arms-mbon/documentation/tree/main/armsmbon_handbook,ERR7125503,PEMA v2.1.4 https://github.com/hariszaf/pema | https://github.com/arms-mbon/analysis_release_002/tree/main/parameter_files,CREST classifier; Minimum bit-score 155; LCA bitscore range 2% | PR2 v4.13 | VSEARCH v2.9.1; clustering similarity 97%,Tammisaaren Ja Hangon Saariston Ja Pohjanpitäjänlahden Merensuojelualue (http://marineregions.org/mrgid/27436),59.841505,23.248879,FI,TZS_Angbat,4.0,4.0,Marine Protected Area; Long-Term Ecological Research Site; continuous hydrographic monitoring; protected; 9.4 - Subtidal Sandy,,Was a crate cover used when retrieving the unit: not provided; Which component of the ARMS unit material was extracted: Motile,https://github.com/arms-mbon/data_release_002,Main genome;Eukaryota;Opisthokonta;Metazoa;Porifera;Demospongiae;Halisarca;NA;NA;NA;NA,urn:lsid:marinespecies.org:taxname:131822,Halisarca,Genus,Otu138,NCBI:253171,ARMS_TZS_Angbat_20200608_20201117_MF500_ETOH_s1_r1
ARMS_TZS_Angbat_20200608_20201117_MF500_ETOH_s1_r1:Otu18,MaterialSample,ARMS-MBON,data_release_002,present,ARMS_TZS_Angbat_20200608_20201117,SAMEA10020992,2020-06-08/2020-11-17,9,DNA sequence reads,184,DNA sequence reads,https://github.com/arms-mbon/documentation/tree/main/armsmbon_handbook,ERR7125503,PEMA v2.1.4 https://github.com/hariszaf/pema | https://github.com/arms-mbon/analysis_release_002/tree/main/parameter_files,CREST classifier; Minimum bit-score 155; LCA bitscore range 2% | PR2 v4.13 | VSEARCH v2.9.1; clustering similarity 97%,Tammisaaren Ja Hangon Saariston Ja Pohjanpitäjänlahden Merensuojelualue (http://marineregions.org/mrgid/27436),59.841505,23.248879,FI,TZS_Angbat,4.0,4.0,Marine Protected Area; Long-Term Ecological Research Site; continuous hydrographic monitoring; protected; 9.4 - Subtidal Sandy,uncertain classification (not marine),Was a crate cover used when retrieving the unit: not provided; Which component of the ARMS unit material was extracted: Motile,https://github.com/arms-mbon/data_release_002,Main genome;Eukaryota;Opisthokonta;Metazoa;Annelida;NA;NA;NA;NA;NA;NA,urn:lsid:marinespecies.org:taxname:882,Annelida,Phylum,Otu18,NCBI:6340,ARMS_TZS_Angbat_20200608_20201117_MF500_ETOH_s1_r1
ARMS_TZS_Angbat_20200608_20201117_MF500_ETOH_s1_r1:Otu19,MaterialSample,ARMS-MBON,data_release_002,present,ARMS_TZS_Angbat_20200608_20201117,SAMEA10020992,2020-06-08/2020-11-17,4,DNA sequence reads,184,DNA sequence reads,https://github.com/arms-mbon/documentation/tree/main/armsmbon_handbook,ERR7125503,PEMA v2.1.4 https://github.com/hariszaf/pema | https://github.com/arms-mbon/analysis_release_002/tree/main/parameter_files,CREST classifier; Minimum bit-score 155; LCA bitscore range 2% | PR2 v4.13 | VSEARCH v2.9.1; clustering similarity 97%,Tammisaaren Ja Hangon Saariston Ja Pohjanpitäjänlahden Merensuojelualue (http://marineregions.org/mrgid/27436),59.841505,23.248879,FI,TZS_Angbat,4.0,4.0,Marine Protected Area; Long-Term Ecological Research Site; continuous hydrographic monitoring; protected; 9.4 - Subtidal Sandy,,Was a crate cover used when retrieving the unit: not provided; Which component of the ARMS unit material was extracted: Motile,https://github.com/arms-mbon/data_release_002,Main genome;Eukaryota;Opisthokonta;Metazoa;Urochordata;Ascidiacea;Chelyosoma;NA;NA;NA;NA,urn:lsid:marinespecies.org:taxname:103494,Chelyosoma,Genus,Otu19,NCBI:71176,ARMS_TZS_Angbat_20200608_20201117_MF500_ETOH_s1_r1
ARMS_TZS_Angbat_20200608_20201117_SF40_ETOH_s1_r1:Otu310,MaterialSample,ARMS-MBON,data_release_002,present,ARMS_TZS_Angbat_20200608_20201117,SAMEA10020995,2020-06-08/2020-11-17,4,DNA sequence reads,21967,DNA sequence reads,https://github.com/arms-mbon/documentation/tree/main/armsmbon_handbook,ERR7125506,PEMA v2.1.4 https://github.com/hariszaf/pema | https://github.com/arms-mbon/analysis_release_002/tree/main/parameter_files,CREST classifier; Minimum bit-score 155; LCA bitscore range 2% | PR2 v4.13 | VSEARCH v2.9.1; clustering similarity 97%,Tammisaaren Ja Hangon Saariston Ja Pohjanpitäjänlahden Merensuojelualue (http://marineregions.org/mrgid/27436),59.841505,23.248879,FI,TZS_Angbat,4.0,4.0,Marine Protected Area; Long-Term Ecological Research Site; continuous hydrographic monitoring; protected; 9.4 - Subtidal Sandy,,Was a crate cover used when retrieving the unit: not provided; Which component of the ARMS unit material was extracted: Sessile,https://github.com/arms-mbon/data_release_002,Main genome;Eukaryota;Alveolata;Ciliophora;Oligohymenophorea;Peritrichia;Vaginicolidae;NA;NA;NA;NA,urn:lsid:marinespecies.org:taxname:163171,Vaginicolidae,Family,Otu310,NCBI:168252,ARMS_TZS_Angbat_20200608_20201117_SF40_ETOH_s1_r1
ARMS_TZS_Angbat_20200608_20201117_SF40_ETOH_s1_r1:Otu311,MaterialSample,ARMS-MBON,data_release_002,present,ARMS_TZS_Angbat_20200608_20201117,SAMEA10020995,2020-06-08/2020-11-17,4,DNA sequence reads,21967,DNA sequence reads,https://github.com/arms-mbon/documentation/tree/main/armsmbon_handbook,ERR7125506,PEMA v2.1.4 https://github.com/hariszaf/pema | https://github.com/arms-mbon/analysis_release_002/tree/main/parameter_files,CREST classifier; Minimum bit-score 155; LCA bitscore range 2% | PR2 v4.13 | VSEARCH v2.9.1; clustering similarity 97%,Tammisaaren Ja Hangon Saariston Ja Pohjanpitäjänlahden Merensuojelualue (http://marineregions.org/mrgid/27436),59.841505,23.248879,FI,TZS_Angbat,4.0,4.0,Marine Protected Area; Long-Term Ecological Research Site; continuous hydrographic monitoring; protected; 9.4 - Subtidal Sandy,uncertain classification (not marine),Was a crate cover used when retrieving the unit: not provided; Which component of the ARMS unit material was extracted: Sessile,https://github.com/arms-mbon/data_release_002,Main genome;Eukaryota;Opisthokonta;Metazoa;Rotifera;NA;NA;NA;NA;NA;NA,urn:lsid:marinespecies.org:taxname:2,Animalia,Kingdom,Otu311,NCBI:33208,ARMS_TZS_Angbat_20200608_20201117_SF40_ETOH_s1_r1
ARMS_TZS_Angbat_20200608_20201117_SF40_ETOH_s1_r1:Otu415,MaterialSample,ARMS-MBON,data_release_002,present,ARMS_TZS_Angbat_20200608_20201117,SAMEA10020995,2020-06-08/2020-11-17,2,DNA sequence reads,21967,DNA sequence reads,https://github.com/arms-mbon/documentation/tree/main/armsmbon_handbook,ERR7125506,PEMA v2.1.4 https://github.com/hariszaf/pema | https://github.com/arms-mbon/analysis_release_002/tree/main/parameter_files,CREST classifier; Minimum bit-score 155; LCA bitscore range 2% | PR2 v4.13 | VSEARCH v2.9.1; clustering similarity 97%,Tammisaaren Ja Hangon Saariston Ja Pohjanpitäjänlahden Merensuojelualue (http://marineregions.org/mrgid/27436),59.841505,23.248879,FI,TZS_Angbat,4.0,4.0,Marine Protected Area; Long-Term Ecological Research Site; continuous hydrographic monitoring; protected; 9.4 - Subtidal Sandy,,Was a crate cover used when retrieving the unit: not provided; Which component of the ARMS unit material was extracted: Sessile,https://github.com/arms-mbon/data_release_002,Main genome;Eukaryota;Stramenopiles;Ochrophyta;Bacillariophyta;Raphid-pennate;NA;NA;NA;NA;NA,urn:lsid:marinespecies.org:taxname:148898,Bacillariophyta,Phylum,Otu415,NCBI:2836,ARMS_TZS_Angbat_20200608_20201117_SF40_ETOH_s1_r1
ARMS_TZS_Angbat_20200608_20201117_SF40_ETOH_s1_r1:Otu271,MaterialSample,ARMS-MBON,data_release_002,present,ARMS_TZS_Angbat_20200608_20201117,SAMEA10020995,2020-06-08/2020-11-17,5,DNA sequence reads,21967,DNA sequence reads,https://github.com/arms-mbon/documentation/tree/main/armsmbon_handbook,ERR7125506,PEMA v2.1.4 https://github.com/hariszaf/pema | https://github.com/arms-mbon/analysis_release_002/tree/main/parameter_files,CREST classifier; Minimum bit-score 155; LCA bitscore range 2% | PR2 v4.13 | VSEARCH v2.9.1; clustering similarity 97%,Tammisaaren Ja Hangon Saariston Ja Pohjanpitäjänlahden Merensuojelualue (http://marineregions.org/mrgid/27436),59.841505,23.248879,FI,TZS_Angbat,4.0,4.0,Marine Protected Area; Long-Term Ecological Research Site; continuous hydrographic monitoring; protected; 9.4 - Subtidal Sandy,uncertain classification (not marine),Was a crate cover used when retrieving the unit: not provided; Which component of the ARMS unit material was extracted: Sessile,https://github.com/arms-mbon/data_release_002,Main genome;Eukaryota;Stramenopiles;Ochrophyta;Bacillariophyta;Radial-centric-basal-Coscinodiscophyceae;Melosira;NA;NA;NA;NA,urn:lsid:marinespecies.org:taxname:149042,Melosira,Genus,Otu271,NCBI:35124,ARMS_TZS_Angbat_20200608_20201117_SF40_ETOH_s1_r1
ARMS_TZS_Angbat_20200608_20201117_SF40_ETOH_s1_r1:Otu252,MaterialSample,ARMS-MBON,data_release_002,present,ARMS_TZS_Angbat_20200608_20201117,SAMEA10020995,2020-06-08/2020-11-17,2,DNA sequence reads,21967,DNA sequence reads,https://github.com/arms-mbon/documentation/tree/main/armsmbon_handbook,ERR7125506,PEMA v2.1.4 https://github.com/hariszaf/pema | https://github.com/arms-mbon/analysis_release_002/tree/main/parameter_files,CREST classifier; Minimum bit-score 155; LCA bitscore range 2% | PR2 v4.13 | VSEARCH v2.9.1; clustering similarity 97%,Tammisaaren Ja Hangon Saariston Ja Pohjanpitäjänlahden Merensuojelualue (http://marineregions.org/mrgid/27436),59.841505,23.248879,FI,TZS_Angbat,4.0,4.0,Marine Protected Area; Long-Term Ecological Research Site; continuous hydrographic monitoring; protected; 9.4 - Subtidal Sandy,,Was a crate cover used when retrieving the unit: not provided; Which component of the ARMS unit material was extracted: Sessile,https://github.com/arms-mbon/data_release_002,Main genome;Eukaryota;Opisthokonta;Metazoa;Urochordata;Ascidiacea;NA;NA;NA;NA;NA,urn:lsid:marinespecies.org:taxname:1839,Ascidiacea,Class,Otu252,NCBI:7713,ARMS_TZS_Angbat_20200608_20201117_SF40_ETOH_s1_r1
ARMS_TZS_Angbat_20200608_20201117_SF40_ETOH_s1_r1:Otu29,MaterialSample,ARMS-MBON,data_release_002,present,ARMS_TZS_Angbat_20200608_20201117,SAMEA10020995,2020-06-08/2020-11-17,28,DNA sequence reads,21967,DNA sequence reads,https://github.com/arms-mbon/documentation/tree/main/armsmbon_handbook,ERR7125506,PEMA v2.1.4 https://github.com/hariszaf/pema | https://github.com/arms-mbon/analysis_release_002/tree/main/parameter_files,CREST classifier; Minimum bit-score 155; LCA bitscore range 2% | PR2 v4.13 | VSEARCH v2.9.1; clustering similarity 97%,Tammisaaren Ja Hangon Saariston Ja Pohjanpitäjänlahden Merensuojelualue (http://marineregions.org/mrgid/27436),59.841505,23.248879,FI,TZS_Angbat,4.0,4.0,Marine Protected Area; Long-Term Ecological Research Site; continuous hydrographic monitoring; protected; 9.4 - Subtidal Sandy,,Was a crate cover used when retrieving the unit: not provided; Which component of the ARMS unit material was extracted: Sessile,https://github.com/arms-mbon/data_release_002,Main genome;Eukaryota;Stramenopiles;Ochrophyta;Bacillariophyta;Raphid-pennate;NA;NA;NA;NA;NA,urn:lsid:marinespecies.org:taxname:148898,Bacillariophyta,Phylum,Otu29,NCBI:2836,ARMS_TZS_Angbat_20200608_20201117_SF40_ETOH_s1_r1
ARMS_TZS_Angbat_20200608_20201117_SF40_ETOH_s1_r1:Otu25,MaterialSample,ARMS-MBON,data_release_002,present,ARMS_TZS_Angbat_20200608_20201117,SAMEA10020995,2020-06-08/2020-11-17,7,DNA sequence reads,21967,DNA sequence reads,https://github.com/arms-mbon/documentation/tree/main/armsmbon_handbook,ERR7125506,PEMA v2.1.4 https://github.com/hariszaf/pema | https://github.com/arms-mbon/analysis_release_002/tree/main/parameter_files,CREST classifier; Minimum bit-score 155; LCA bitscore range 2% | PR2 v4.13 | VSEARCH v2.9.1; clustering similarity 97%,Tammisaaren Ja Hangon Saariston Ja Pohjanpitäjänlahden Merensuojelualue (http://marineregions.org/mrgid/27436),59.841505,23.248879,FI,TZS_Angbat,4.0,4.0,Marine Protected Area; Long-Term Ecological Research Site; continuous hydrographic monitoring; protected; 9.4 - Subtidal Sandy,uncertain classification (not marine),Was a crate cover used when retrieving the unit: not provided; Which component of the ARMS unit material was extracted: Sessile,https://github.com/arms-mbon/data_release_002,Main genome;Eukaryota;Stramenopiles;Sagenista;Labyrinthulomycetes;Labyrinthulida;Labyrinthulaceae;Aplanochytrium;NA;NA;NA,urn:lsid:marinespecies.org:taxname:162949,Aplanochytrium,Genus,Otu25,NCBI:87110,ARMS_TZS_Angbat_20200608_20201117_SF40_ETOH_s1_r1
ARMS_TZS_Angbat_20200608_20201117_SF40_ETOH_s1_r1:Otu24,MaterialSample,ARMS-MBON,data_release_002,present,ARMS_TZS_Angbat_20200608_20201117,SAMEA10020995,2020-06-08/2020-11-17,218,DNA sequence reads,21967,DNA sequence reads,https://github.com/arms-mbon/documentation/tree/main/armsmbon_handbook,ERR7125506,PEMA v2.1.4 https://github.com/hariszaf/pema | https://github.com/arms-mbon/analysis_release_002/tree/main/parameter_files,CREST classifier; Minimum bit-score 155; LCA bitscore range 2% | PR2 v4.13 | VSEARCH v2.9.1; clustering similarity 97%,Tammisaaren Ja Hangon Saariston Ja Pohjanpitäjänlahden Merensuojelualue (http://marineregions.org/mrgid/27436),59.841505,23.248879,FI,TZS_Angbat,4.0,4.0,Marine Protected Area; Long-Term Ecological Research Site; continuous hydrographic monitoring; protected; 9.4 - Subtidal Sandy,,Was a crate cover used when retrieving the unit: not provided; Which component of the ARMS unit material was extracted: Sessile,https://github.com/arms-mbon/data_release_002,Main genome;Eukaryota;Alveolata;Ciliophora;Oligohymenophorea;Peritrichia;Sessilida;NA;NA;NA;NA,urn:lsid:marinespecies.org:taxname:414711,Sessilida,Order,Otu24,NCBI:1974272,ARMS_TZS_Angbat_20200608_20201117_SF40_ETOH_s1_r1
ARMS_TZS_Angbat_20200608_20201117_SF40_ETOH_s1_r1:Otu20,MaterialSample,ARMS-MBON,data_release_002,present,ARMS_TZS_Angbat_20200608_20201117,SAMEA10020995,2020-06-08/2020-11-17,299,DNA sequence reads,21967,DNA sequence reads,https://github.com/arms-mbon/documentation/tree/main/armsmbon_handbook,ERR7125506,PEMA v2.1.4 https://github.com/hariszaf/pema | https://github.com/arms-mbon/analysis_release_002/tree/main/parameter_files,CREST classifier; Minimum bit-score 155; LCA bitscore range 2% | PR2 v4.13 | VSEARCH v2.9.1; clustering similarity 97%,Tammisaaren Ja Hangon Saariston Ja Pohjanpitäjänlahden Merensuojelualue (http://marineregions.org/mrgid/27436),59.841505,23.248879,FI,TZS_Angbat,4.0,4.0,Marine Protected Area; Long-Term Ecological Research Site; continuous hydrographic monitoring; protected; 9.4 - Subtidal Sandy,uncertain classification (not marine),Was a crate cover used when retrieving the unit: not provided; Which component of the ARMS unit material was extracted: Sessile,https://github.com/arms-mbon/data_release_002,Main genome;Eukaryota;Opisthokonta;Metazoa;Mollusca;Gastropoda;Heterobranchia;NA;NA;NA;NA,urn:lsid:marinespecies.org:taxname:14712,Heterobranchia,Subclass,Otu20,NCBI:216305,ARMS_TZS_Angbat_20200608_20201117_SF40_ETOH_s1_r1
ARMS_TZS_Angbat_20200608_20201117_SF40_ETOH_s1_r1:Otu23,MaterialSample,ARMS-MBON,data_release_002,present,ARMS_TZS_Angbat_20200608_20201117,SAMEA10020995,2020-06-08/2020-11-17,67,DNA sequence reads,21967,DNA sequence reads,https://github.com/arms-mbon/documentation/tree/main/armsmbon_handbook,ERR7125506,PEMA v2.1.4 https://github.com/hariszaf/pema | https://github.com/arms-mbon/analysis_release_002/tree/main/parameter_files,CREST classifier; Minimum bit-score 155; LCA bitscore range 2% | PR2 v4.13 | VSEARCH v2.9.1; clustering similarity 97%,Tammisaaren Ja Hangon Saariston Ja Pohjanpitäjänlahden Merensuojelualue (http://marineregions.org/mrgid/27436),59.841505,23.248879,FI,TZS_Angbat,4.0,4.0,Marine Protected Area; Long-Term Ecological Research Site; continuous hydrographic monitoring; protected; 9.4 - Subtidal Sandy,uncertain classification (not marine),Was a crate cover used when retrieving the unit: not provided; Which component of the ARMS unit material was extracted: Sessile,https://github.com/arms-mbon/data_release_002,Main genome;Eukaryota;Alveolata;Ciliophora;Litostomatea;Haptoria;Lacrymariidae;NA;NA;NA;NA,urn:lsid:marinespecies.org:taxname:425420,Lacrymariidae,Family,Otu23,NCBI:375590,ARMS_TZS_Angbat_20200608_20201117_SF40_ETOH_s1_r1
ARMS_TZS_Angbat_20200608_20201117_SF40_ETOH_s1_r1:Otu22,MaterialSample,ARMS-MBON,data_release_002,present,ARMS_TZS_Angbat_20200608_20201117,SAMEA10020995,2020-06-08/2020-11-17,50,DNA sequence reads,21967,DNA sequence reads,https://github.com/arms-mbon/documentation/tree/main/armsmbon_handbook,ERR7125506,PEMA v2.1.4 https://github.com/hariszaf/pema | https://github.com/arms-mbon/analysis_release_002/tree/main/parameter_files,CREST classifier; Minimum bit-score 155; LCA bitscore range 2% | PR2 v4.13 | VSEARCH v2.9.1; clustering similarity 97%,Tammisaaren Ja Hangon Saariston Ja Pohjanpitäjänlahden Merensuojelualue (http://marineregions.org/mrgid/27436),59.841505,23.248879,FI,TZS_Angbat,4.0,4.0,Marine Protected Area; Long-Term Ecological Research Site; continuous hydrographic monitoring; protected; 9.4 - Subtidal Sandy,,Was a crate cover used when retrieving the unit: not provided; Which component of the ARMS unit material was extracted: Sessile,https://github.com/arms-mbon/data_release_002,Main genome;Eukaryota;Opisthokonta;Metazoa;Platyhelminthes;Turbellaria;Seriata;Monocelis;NA;NA;NA,urn:lsid:marinespecies.org:taxname:142474,Monocelis,Genus,Otu22,NCBI:44226,ARMS_TZS_Angbat_20200608_20201117_SF40_ETOH_s1_r1
ARMS_TZS_Angbat_20200608_20201117_SF40_ETOH_s1_r1:Otu177,MaterialSample,ARMS-MBON,data_release_002,present,ARMS_TZS_Angbat_20200608_20201117,SAMEA10020995,2020-06-08/2020-11-17,2,DNA sequence reads,21967,DNA sequence reads,https://github.com/arms-mbon/documentation/tree/main/armsmbon_handbook,ERR7125506,PEMA v2.1.4 https://github.com/hariszaf/pema | https://github.com/arms-mbon/analysis_release_002/tree/main/parameter_files,CREST classifier; Minimum bit-score 155; LCA bitscore range 2% | PR2 v4.13 | VSEARCH v2.9.1; clustering similarity 97%,Tammisaaren Ja Hangon Saariston Ja Pohjanpitäjänlahden Merensuojelualue (http://marineregions.org/mrgid/27436),59.841505,23.248879,FI,TZS_Angbat,4.0,4.0,Marine Protected Area; Long-Term Ecological Research Site; continuous hydrographic monitoring; protected; 9.4 - Subtidal Sandy,uncertain classification (not marine),Was a crate cover used when retrieving the unit: not provided; Which component of the ARMS unit material was extracted: Sessile,https://github.com/arms-mbon/data_release_002,Main genome;Eukaryota;Opisthokonta;Metazoa;Annelida;NA;NA;NA;NA;NA;NA,urn:lsid:marinespecies.org:taxname:882,Annelida,Phylum,Otu177,NCBI:6340,ARMS_TZS_Angbat_20200608_20201117_SF40_ETOH_s1_r1
ARMS_TZS_Angbat_20200608_20201117_SF40_ETOH_s1_r1:Otu435,MaterialSample,ARMS-MBON,data_release_002,present,ARMS_TZS_Angbat_20200608_20201117,SAMEA10020995,2020-06-08/2020-11-17,2,DNA sequence reads,21967,DNA sequence reads,https://github.com/arms-mbon/documentation/tree/main/armsmbon_handbook,ERR7125506,PEMA v2.1.4 https://github.com/hariszaf/pema | https://github.com/arms-mbon/analysis_release_002/tree/main/parameter_files,CREST classifier; Minimum bit-score 155; LCA bitscore range 2% | PR2 v4.13 | VSEARCH v2.9.1; clustering similarity 97%,Tammisaaren Ja Hangon Saariston Ja Pohjanpitäjänlahden Merensuojelualue (http://marineregions.org/mrgid/27436),59.841505,23.248879,FI,TZS_Angbat,4.0,4.0,Marine Protected Area; Long-Term Ecological Research Site; continuous hydrographic monitoring; protected; 9.4 - Subtidal Sandy,uncertain classification (not marine),Was a crate cover used when retrieving the unit: not provided; Which component of the ARMS unit material was extracted: Sessile,https://github.com/arms-mbon/data_release_002,Main genome;Eukaryota;Opisthokonta;Metazoa;Arthropoda;Crustacea;Maxillopoda;NA;NA;NA;NA,urn:lsid:marinespecies.org:taxname:1066,Crustacea,Subphylum,Otu435,NCBI:6657,ARMS_TZS_Angbat_20200608_20201117_SF40_ETOH_s1_r1
ARMS_TZS_Angbat_20200608_20201117_SF40_ETOH_s1_r1:Otu434,MaterialSample,ARMS-MBON,data_release_002,present,ARMS_TZS_Angbat_20200608_20201117,SAMEA10020995,2020-06-08/2020-11-17,2,DNA sequence reads,21967,DNA sequence reads,https://github.com/arms-mbon/documentation/tree/main/armsmbon_handbook,ERR7125506,PEMA v2.1.4 https://github.com/hariszaf/pema | https://github.com/arms-mbon/analysis_release_002/tree/main/parameter_files,CREST classifier; Minimum bit-score 155; LCA bitscore range 2% | PR2 v4.13 | VSEARCH v2.9.1; clustering similarity 97%,Tammisaaren Ja Hangon Saariston Ja Pohjanpitäjänlahden Merensuojelualue (http://marineregions.org/mrgid/27436),59.841505,23.248879,FI,TZS_Angbat,4.0,4.0,Marine Protected Area; Long-Term Ecological Research Site; continuous hydrographic monitoring; protected; 9.4 - Subtidal Sandy,uncertain classification (not marine),Was a crate cover used when retrieving the unit: not provided; Which component of the ARMS unit material was extracted: Sessile,https://github.com/arms-mbon/data_release_002,Main genome;Eukaryota;Opisthokonta;Metazoa;Rotifera;Notholca;NA;NA;NA;NA;NA,urn:lsid:marinespecies.org:taxname:134944,Notholca,Genus,Otu434,NCBI:231617,ARMS_TZS_Angbat_20200608_20201117_SF40_ETOH_s1_r1
ARMS_TZS_Angbat_20200608_20201117_SF40_ETOH_s1_r1:Otu437,MaterialSample,ARMS-MBON,data_release_002,present,ARMS_TZS_Angbat_20200608_20201117,SAMEA10020995,2020-06-08/2020-11-17,2,DNA sequence reads,21967,DNA sequence reads,https://github.com/arms-mbon/documentation/tree/main/armsmbon_handbook,ERR7125506,PEMA v2.1.4 https://github.com/hariszaf/pema | https://github.com/arms-mbon/analysis_release_002/tree/main/parameter_files,CREST classifier; Minimum bit-score 155; LCA bitscore range 2% | PR2 v4.13 | VSEARCH v2.9.1; clustering similarity 97%,Tammisaaren Ja Hangon Saariston Ja Pohjanpitäjänlahden Merensuojelualue (http://marineregions.org/mrgid/27436),59.841505,23.248879,FI,TZS_Angbat,4.0,4.0,Marine Protected Area; Long-Term Ecological Research Site; continuous hydrographic monitoring; protected; 9.4 - Subtidal Sandy,uncertain classification (not marine),Was a crate cover used when retrieving the unit: not provided; Which component of the ARMS unit material was extracted: Sessile,https://github.com/arms-mbon/data_release_002,Main genome;Eukaryota;Stramenopiles;Pseudofungi;Oomycota;NA;NA;NA;NA;NA;NA,urn:lsid:marinespecies.org:taxname:22154,Oomycota,Phylum,Otu437,NCBI:4762,ARMS_TZS_Angbat_20200608_20201117_SF40_ETOH_s1_r1
ARMS_TZS_Angbat_20200608_20201117_SF40_ETOH_s1_r1:Otu436,MaterialSample,ARMS-MBON,data_release_002,present,ARMS_TZS_Angbat_20200608_20201117,SAMEA10020995,2020-06-08/2020-11-17,2,DNA sequence reads,21967,DNA sequence reads,https://github.com/arms-mbon/documentation/tree/main/armsmbon_handbook,ERR7125506,PEMA v2.1.4 https://github.com/hariszaf/pema | https://github.com/arms-mbon/analysis_release_002/tree/main/parameter_files,CREST classifier; Minimum bit-score 155; LCA bitscore range 2% | PR2 v4.13 | VSEARCH v2.9.1; clustering similarity 97%,Tammisaaren Ja Hangon Saariston Ja Pohjanpitäjänlahden Merensuojelualue (http://marineregions.org/mrgid/27436),59.841505,23.248879,FI,TZS_Angbat,4.0,4.0,Marine Protected Area; Long-Term Ecological Research Site; continuous hydrographic monitoring; protected; 9.4 - Subtidal Sandy,,Was a crate cover used when retrieving the unit: not provided; Which component of the ARMS unit material was extracted: Sessile,https://github.com/arms-mbon/data_release_002,Main genome;Eukaryota;Hacrobia;Centroheliozoa;NA;NA;NA;NA;NA;NA;NA,urn:lsid:marinespecies.org:taxname:341275,Centrohelida,Order,Otu436,NCBI:193537,ARMS_TZS_Angbat_20200608_20201117_SF40_ETOH_s1_r1
ARMS_TZS_Angbat_20200608_20201117_SF40_ETOH_s1_r1:Otu431,MaterialSample,ARMS-MBON,data_release_002,present,ARMS_TZS_Angbat_20200608_20201117,SAMEA10020995,2020-06-08/2020-11-17,2,DNA sequence reads,21967,DNA sequence reads,https://github.com/arms-mbon/documentation/tree/main/armsmbon_handbook,ERR7125506,PEMA v2.1.4 https://github.com/hariszaf/pema | https://github.com/arms-mbon/analysis_release_002/tree/main/parameter_files,CREST classifier; Minimum bit-score 155; LCA bitscore range 2% | PR2 v4.13 | VSEARCH v2.9.1; clustering similarity 97%,Tammisaaren Ja Hangon Saariston Ja Pohjanpitäjänlahden Merensuojelualue (http://marineregions.org/mrgid/27436),59.841505,23.248879,FI,TZS_Angbat,4.0,4.0,Marine Protected Area; Long-Term Ecological Research Site; continuous hydrographic monitoring; protected; 9.4 - Subtidal Sandy,,Was a crate cover used when retrieving the unit: not provided; Which component of the ARMS unit material was extracted: Sessile,https://github.com/arms-mbon/data_release_002,Main genome;Eukaryota;NA;NA;NA;NA;NA;NA;NA;NA;NA,,Eukaryota,domain,Otu431,NCBI:2759,ARMS_TZS_Angbat_20200608_20201117_SF40_ETOH_s1_r1
ARMS_TZS_Angbat_20200608_20201117_SF40_ETOH_s1_r1:Otu430,MaterialSample,ARMS-MBON,data_release_002,present,ARMS_TZS_Angbat_20200608_20201117,SAMEA10020995,2020-06-08/2020-11-17,2,DNA sequence reads,21967,DNA sequence reads,https://github.com/arms-mbon/documentation/tree/main/armsmbon_handbook,ERR7125506,PEMA v2.1.4 https://github.com/hariszaf/pema | https://github.com/arms-mbon/analysis_release_002/tree/main/parameter_files,CREST classifier; Minimum bit-score 155; LCA bitscore range 2% | PR2 v4.13 | VSEARCH v2.9.1; clustering similarity 97%,Tammisaaren Ja Hangon Saariston Ja Pohjanpitäjänlahden Merensuojelualue (http://marineregions.org/mrgid/27436),59.841505,23.248879,FI,TZS_Angbat,4.0,4.0,Marine Protected Area; Long-Term Ecological Research Site; continuous hydrographic monitoring; protected; 9.4 - Subtidal Sandy,,Was a crate cover used when retrieving the unit: not provided; Which component of the ARMS unit material was extracted: Sessile,https://github.com/arms-mbon/data_release_002,Main genome;Eukaryota;Stramenopiles;Sagenista;Labyrinthulomycetes;Oblongichytrida;Oblongichytridiaceae;Oblongichytrium;NA;NA;NA,urn:lsid:marinespecies.org:taxname:590572,Oblongichytrium,Genus,Otu430,NCBI:420539,ARMS_TZS_Angbat_20200608_20201117_SF40_ETOH_s1_r1
ARMS_TZS_Angbat_20200608_20201117_SF40_ETOH_s1_r1:Otu433,MaterialSample,ARMS-MBON,data_release_002,present,ARMS_TZS_Angbat_20200608_20201117,SAMEA10020995,2020-06-08/2020-11-17,2,DNA sequence reads,21967,DNA sequence reads,https://github.com/arms-mbon/documentation/tree/main/armsmbon_handbook,ERR7125506,PEMA v2.1.4 https://github.com/hariszaf/pema | https://github.com/arms-mbon/analysis_release_002/tree/main/parameter_files,CREST classifier; Minimum bit-score 155; LCA bitscore range 2% | PR2 v4.13 | VSEARCH v2.9.1; clustering similarity 97%,Tammisaaren Ja Hangon Saariston Ja Pohjanpitäjänlahden Merensuojelualue (http://marineregions.org/mrgid/27436),59.841505,23.248879,FI,TZS_Angbat,4.0,4.0,Marine Protected Area; Long-Term Ecological Research Site; continuous hydrographic monitoring; protected; 9.4 - Subtidal Sandy,uncertain classification (not marine),Was a crate cover used when retrieving the unit: not provided; Which component of the ARMS unit material was extracted: Sessile,https://github.com/arms-mbon/data_release_002,Main genome;Eukaryota;Opisthokonta;Metazoa;Nematoda;Chromadorea;Pellioditis;NA;NA;NA;NA,urn:lsid:marinespecies.org:taxname:153397,Pellioditis,Genus,Otu433,NCBI:35555,ARMS_TZS_Angbat_20200608_20201117_SF40_ETOH_s1_r1
ARMS_TZS_Angbat_20200608_20201117_SF40_ETOH_s1_r1:Otu432,MaterialSample,ARMS-MBON,data_release_002,present,ARMS_TZS_Angbat_20200608_20201117,SAMEA10020995,2020-06-08/2020-11-17,2,DNA sequence reads,21967,DNA sequence reads,https://github.com/arms-mbon/documentation/tree/main/armsmbon_handbook,ERR7125506,PEMA v2.1.4 https://github.com/hariszaf/pema | https://github.com/arms-mbon/analysis_release_002/tree/main/parameter_files,CREST classifier; Minimum bit-score 155; LCA bitscore range 2% | PR2 v4.13 | VSEARCH v2.9.1; clustering similarity 97%,Tammisaaren Ja Hangon Saariston Ja Pohjanpitäjänlahden Merensuojelualue (http://marineregions.org/mrgid/27436),59.841505,23.248879,FI,TZS_Angbat,4.0,4.0,Marine Protected Area; Long-Term Ecological Research Site; continuous hydrographic monitoring; protected; 9.4 - Subtidal Sandy,,Was a crate cover used when retrieving the unit: not provided; Which component of the ARMS unit material was extracted: Sessile,https://github.com/arms-mbon/data_release_002,Main genome;Eukaryota;Alveolata;Ciliophora;Litostomatea;Haptoria;Didiniidae;NA;NA;NA;NA,urn:lsid:marinespecies.org:taxname:163617,Didiniidae,Family,Otu432,NCBI:197898,ARMS_TZS_Angbat_20200608_20201117_SF40_ETOH_s1_r1
ARMS_TZS_Angbat_20200608_20201117_SF40_ETOH_s1_r1:Otu220,MaterialSample,ARMS-MBON,data_release_002,present,ARMS_TZS_Angbat_20200608_20201117,SAMEA10020995,2020-06-08/2020-11-17,4,DNA sequence reads,21967,DNA sequence reads,https://github.com/arms-mbon/documentation/tree/main/armsmbon_handbook,ERR7125506,PEMA v2.1.4 https://github.com/hariszaf/pema | https://github.com/arms-mbon/analysis_release_002/tree/main/parameter_files,CREST classifier; Minimum bit-score 155; LCA bitscore range 2% | PR2 v4.13 | VSEARCH v2.9.1; clustering similarity 97%,Tammisaaren Ja Hangon Saariston Ja Pohjanpitäjänlahden Merensuojelualue (http://marineregions.org/mrgid/27436),59.841505,23.248879,FI,TZS_Angbat,4.0,4.0,Marine Protected Area; Long-Term Ecological Research Site; continuous hydrographic monitoring; protected; 9.4 - Subtidal Sandy,,Was a crate cover used when retrieving the unit: not provided; Which component of the ARMS unit material was extracted: Sessile,https://github.com/arms-mbon/data_release_002,Main genome;Eukaryota;Stramenopiles;Ochrophyta;Bacillariophyta;Raphid-pennate;Cocconeis;NA;NA;NA;NA,urn:lsid:marinespecies.org:taxname:148989,Cocconeis,Genus,Otu220,NCBI:216715,ARMS_TZS_Angbat_20200608_20201117_SF40_ETOH_s1_r1
ARMS_TZS_Angbat_20200608_20201117_SF40_ETOH_s1_r1:Otu429,MaterialSample,ARMS-MBON,data_release_002,present,ARMS_TZS_Angbat_20200608_20201117,SAMEA10020995,2020-06-08/2020-11-17,2,DNA sequence reads,21967,DNA sequence reads,https://github.com/arms-mbon/documentation/tree/main/armsmbon_handbook,ERR7125506,PEMA v2.1.4 https://github.com/hariszaf/pema | https://github.com/arms-mbon/analysis_release_002/tree/main/parameter_files,CREST classifier; Minimum bit-score 155; LCA bitscore range 2% | PR2 v4.13 | VSEARCH v2.9.1; clustering similarity 97%,Tammisaaren Ja Hangon Saariston Ja Pohjanpitäjänlahden Merensuojelualue (http://marineregions.org/mrgid/27436),59.841505,23.248879,FI,TZS_Angbat,4.0,4.0,Marine Protected Area; Long-Term Ecological Research Site; continuous hydrographic monitoring; protected; 9.4 - Subtidal Sandy,uncertain classification (not marine),Was a crate cover used when retrieving the unit: not provided; Which component of the ARMS unit material was extracted: Sessile,https://github.com/arms-mbon/data_release_002,Main genome;Eukaryota;Opisthokonta;Fungi;Cryptomycota;Cryptomycotina;NA;NA;NA;NA;NA,urn:lsid:marinespecies.org:taxname:707609,Rozellida,Order,Otu429,NCBI:1031332,ARMS_TZS_Angbat_20200608_20201117_SF40_ETOH_s1_r1
ARMS_TZS_Angbat_20200608_20201117_SF40_ETOH_s1_r1:Otu128,MaterialSample,ARMS-MBON,data_release_002,present,ARMS_TZS_Angbat_20200608_20201117,SAMEA10020995,2020-06-08/2020-11-17,16,DNA sequence reads,21967,DNA sequence reads,https://github.com/arms-mbon/documentation/tree/main/armsmbon_handbook,ERR7125506,PEMA v2.1.4 https://github.com/hariszaf/pema | https://github.com/arms-mbon/analysis_release_002/tree/main/parameter_files,CREST classifier; Minimum bit-score 155; LCA bitscore range 2% | PR2 v4.13 | VSEARCH v2.9.1; clustering similarity 97%,Tammisaaren Ja Hangon Saariston Ja Pohjanpitäjänlahden Merensuojelualue (http://marineregions.org/mrgid/27436),59.841505,23.248879,FI,TZS_Angbat,4.0,4.0,Marine Protected Area; Long-Term Ecological Research Site; continuous hydrographic monitoring; protected; 9.4 - Subtidal Sandy,,Was a crate cover used when retrieving the unit: not provided; Which component of the ARMS unit material was extracted: Sessile,https://github.com/arms-mbon/data_release_002,Main genome;Eukaryota;Opisthokonta;Metazoa;Platyhelminthes;Turbellaria;Macrostomorpha;Macrostomum;NA;NA;NA,urn:lsid:marinespecies.org:taxname:390960,Archimacrostomum,Genus,Otu128,NCBI:39217,ARMS_TZS_Angbat_20200608_20201117_SF40_ETOH_s1_r1
ARMS_TZS_Angbat_20200608_20201117_SF40_ETOH_s1_r1:Otu127,MaterialSample,ARMS-MBON,data_release_002,present,ARMS_TZS_Angbat_20200608_20201117,SAMEA10020995,2020-06-08/2020-11-17,14,DNA sequence reads,21967,DNA sequence reads,https://github.com/arms-mbon/documentation/tree/main/armsmbon_handbook,ERR7125506,PEMA v2.1.4 https://github.com/hariszaf/pema | https://github.com/arms-mbon/analysis_release_002/tree/main/parameter_files,CREST classifier; Minimum bit-score 155; LCA bitscore range 2% | PR2 v4.13 | VSEARCH v2.9.1; clustering similarity 97%,Tammisaaren Ja Hangon Saariston Ja Pohjanpitäjänlahden Merensuojelualue (http://marineregions.org/mrgid/27436),59.841505,23.248879,FI,TZS_Angbat,4.0,4.0,Marine Protected Area; Long-Term Ecological Research Site; continuous hydrographic monitoring; protected; 9.4 - Subtidal Sandy,,Was a crate cover used when retrieving the unit: not provided; Which component of the ARMS unit material was extracted: Sessile,https://github.com/arms-mbon/data_release_002,Main genome;Eukaryota;Opisthokonta;Metazoa;Platyhelminthes;Turbellaria;NA;NA;NA;NA;NA,urn:lsid:marinespecies.org:taxname:794,Turbellaria,Class,Otu127,NCBI:166384,ARMS_TZS_Angbat_20200608_20201117_SF40_ETOH_s1_r1
ARMS_TZS_Angbat_20200608_20201117_SF40_ETOH_s1_r1:Otu60,MaterialSample,ARMS-MBON,data_release_002,present,ARMS_TZS_Angbat_20200608_20201117,SAMEA10020995,2020-06-08/2020-11-17,7,DNA sequence reads,21967,DNA sequence reads,https://github.com/arms-mbon/documentation/tree/main/armsmbon_handbook,ERR7125506,PEMA v2.1.4 https://github.com/hariszaf/pema | https://github.com/arms-mbon/analysis_release_002/tree/main/parameter_files,CREST classifier; Minimum bit-score 155; LCA bitscore range 2% | PR2 v4.13 | VSEARCH v2.9.1; clustering similarity 97%,Tammisaaren Ja Hangon Saariston Ja Pohjanpitäjänlahden Merensuojelualue (http://marineregions.org/mrgid/27436),59.841505,23.248879,FI,TZS_Angbat,4.0,4.0,Marine Protected Area; Long-Term Ecological Research Site; continuous hydrographic monitoring; protected; 9.4 - Subtidal Sandy,,Was a crate cover used when retrieving the unit: not provided; Which component of the ARMS unit material was extracted: Sessile,https://github.com/arms-mbon/data_release_002,Main genome;Eukaryota;Opisthokonta;Metazoa;Gastrotricha;Chaetonotus;NA;NA;NA;NA;NA,urn:lsid:marinespecies.org:taxname:114427,Chaetonotus,Genus,Otu60,NCBI:68038,ARMS_TZS_Angbat_20200608_20201117_SF40_ETOH_s1_r1
ARMS_TZS_Angbat_20200608_20201117_SF40_ETOH_s1_r1:Otu66,MaterialSample,ARMS-MBON,data_release_002,present,ARMS_TZS_Angbat_20200608_20201117,SAMEA10020995,2020-06-08/2020-11-17,37,DNA sequence reads,21967,DNA sequence reads,https://github.com/arms-mbon/documentation/tree/main/armsmbon_handbook,ERR7125506,PEMA v2.1.4 https://github.com/hariszaf/pema | https://github.com/arms-mbon/analysis_release_002/tree/main/parameter_files,CREST classifier; Minimum bit-score 155; LCA bitscore range 2% | PR2 v4.13 | VSEARCH v2.9.1; clustering similarity 97%,Tammisaaren Ja Hangon Saariston Ja Pohjanpitäjänlahden Merensuojelualue (http://marineregions.org/mrgid/27436),59.841505,23.248879,FI,TZS_Angbat,4.0,4.0,Marine Protected Area; Long-Term Ecological Research Site; continuous hydrographic monitoring; protected; 9.4 - Subtidal Sandy,,Was a crate cover used when retrieving the unit: not provided; Which component of the ARMS unit material was extracted: Sessile,https://github.com/arms-mbon/data_release_002,Main genome;Eukaryota;Opisthokonta;Metazoa;Platyhelminthes;Turbellaria;Acoelomorpha;Praeconvoluta;tigrina;NA;Praeconvoluta tigrina,urn:lsid:marinespecies.org:taxname:158314,Praeconvoluta tigrina,Species,Otu66,NCBI:188030,ARMS_TZS_Angbat_20200608_20201117_SF40_ETOH_s1_r1
ARMS_TZS_Angbat_20200608_20201117_SF40_ETOH_s1_r1:Otu199,MaterialSample,ARMS-MBON,data_release_002,present,ARMS_TZS_Angbat_20200608_20201117,SAMEA10020995,2020-06-08/2020-11-17,8,DNA sequence reads,21967,DNA sequence reads,https://github.com/arms-mbon/documentation/tree/main/armsmbon_handbook,ERR7125506,PEMA v2.1.4 https://github.com/hariszaf/pema | https://github.com/arms-mbon/analysis_release_002/tree/main/parameter_files,CREST classifier; Minimum bit-score 155; LCA bitscore range 2% | PR2 v4.13 | VSEARCH v2.9.1; clustering similarity 97%,Tammisaaren Ja Hangon Saariston Ja Pohjanpitäjänlahden Merensuojelualue (http://marineregions.org/mrgid/27436),59.841505,23.248879,FI,TZS_Angbat,4.0,4.0,Marine Protected Area; Long-Term Ecological Research Site; continuous hydrographic monitoring; protected; 9.4 - Subtidal Sandy,,Was a crate cover used when retrieving the unit: not provided; Which component of the ARMS unit material was extracted: Sessile,https://github.com/arms-mbon/data_release_002,Main genome;Eukaryota;Archaeplastida;Chlorophyta;Ulvophyceae;Cladophorales;Chaetomorpha;ligustica;NA;NA;Chaetomorpha ligustica,urn:lsid:marinespecies.org:taxname:145026,Chaetomorpha ligustica,Species,Otu199,NCBI:1304946,ARMS_TZS_Angbat_20200608_20201117_SF40_ETOH_s1_r1
ARMS_TZS_Angbat_20200608_20201117_SF40_ETOH_s1_r1:Otu269,MaterialSample,ARMS-MBON,data_release_002,present,ARMS_TZS_Angbat_20200608_20201117,SAMEA10020995,2020-06-08/2020-11-17,5,DNA sequence reads,21967,DNA sequence reads,https://github.com/arms-mbon/documentation/tree/main/armsmbon_handbook,ERR7125506,PEMA v2.1.4 https://github.com/hariszaf/pema | https://github.com/arms-mbon/analysis_release_002/tree/main/parameter_files,CREST classifier; Minimum bit-score 155; LCA bitscore range 2% | PR2 v4.13 | VSEARCH v2.9.1; clustering similarity 97%,Tammisaaren Ja Hangon Saariston Ja Pohjanpitäjänlahden Merensuojelualue (http://marineregions.org/mrgid/27436),59.841505,23.248879,FI,TZS_Angbat,4.0,4.0,Marine Protected Area; Long-Term Ecological Research Site; continuous hydrographic monitoring; protected; 9.4 - Subtidal Sandy,,Was a crate cover used when retrieving the unit: not provided; Which component of the ARMS unit material was extracted: Sessile,https://github.com/arms-mbon/data_release_002,Main genome;Eukaryota;Opisthokonta;Metazoa;Nematoda;Enoplea;Anoplostoma;NA;NA;NA;NA,urn:lsid:marinespecies.org:taxname:2498,Anoplostoma,Genus,Otu269,NCBI:151347,ARMS_TZS_Angbat_20200608_20201117_SF40_ETOH_s1_r1
ARMS_TZS_Angbat_20200608_20201117_SF40_ETOH_s1_r1:Otu308,MaterialSample,ARMS-MBON,data_release_002,present,ARMS_TZS_Angbat_20200608_20201117,SAMEA10020995,2020-06-08/2020-11-17,4,DNA sequence reads,21967,DNA sequence reads,https://github.com/arms-mbon/documentation/tree/main/armsmbon_handbook,ERR7125506,PEMA v2.1.4 https://github.com/hariszaf/pema | https://github.com/arms-mbon/analysis_release_002/tree/main/parameter_files,CREST classifier; Minimum bit-score 155; LCA bitscore range 2% | PR2 v4.13 | VSEARCH v2.9.1; clustering similarity 97%,Tammisaaren Ja Hangon Saariston Ja Pohjanpitäjänlahden Merensuojelualue (http://marineregions.org/mrgid/27436),59.841505,23.248879,FI,TZS_Angbat,4.0,4.0,Marine Protected Area; Long-Term Ecological Research Site; continuous hydrographic monitoring; protected; 9.4 - Subtidal Sandy,,Was a crate cover used when retrieving the unit: not provided; Which component of the ARMS unit material was extracted: Sessile,https://github.com/arms-mbon/data_release_002,Main genome;Eukaryota;Archaeplastida;Chlorophyta;Ulvophyceae;Cladophorales;Cladophora;NA;NA;NA;NA,urn:lsid:marinespecies.org:taxname:143996,Cladophora,Genus,Otu308,NCBI:34125,ARMS_TZS_Angbat_20200608_20201117_SF40_ETOH_s1_r1
ARMS_TZS_Angbat_20200608_20201117_SF40_ETOH_s1_r1:Otu112,MaterialSample,ARMS-MBON,data_release_002,present,ARMS_TZS_Angbat_20200608_20201117,SAMEA10020995,2020-06-08/2020-11-17,21,DNA sequence reads,21967,DNA sequence reads,https://github.com/arms-mbon/documentation/tree/main/armsmbon_handbook,ERR7125506,PEMA v2.1.4 https://github.com/hariszaf/pema | https://github.com/arms-mbon/analysis_release_002/tree/main/parameter_files,CREST classifier; Minimum bit-score 155; LCA bitscore range 2% | PR2 v4.13 | VSEARCH v2.9.1; clustering similarity 97%,Tammisaaren Ja Hangon Saariston Ja Pohjanpitäjänlahden Merensuojelualue (http://marineregions.org/mrgid/27436),59.841505,23.248879,FI,TZS_Angbat,4.0,4.0,Marine Protected Area; Long-Term Ecological Research Site; continuous hydrographic monitoring; protected; 9.4 - Subtidal Sandy,,Was a crate cover used when retrieving the unit: not provided; Which component of the ARMS unit material was extracted: Sessile,https://github.com/arms-mbon/data_release_002,Main genome;Eukaryota;Alveolata;Ciliophora;Oligohymenophorea;Peritrichia;Vaginicolidae;Vaginicola;NA;NA;NA,urn:lsid:marinespecies.org:taxname:345440,Vaginicola,Genus,Otu112,NCBI:168253,ARMS_TZS_Angbat_20200608_20201117_SF40_ETOH_s1_r1
ARMS_TZS_Angbat_20200608_20201117_SF40_ETOH_s1_r1:Otu282,MaterialSample,ARMS-MBON,data_release_002,present,ARMS_TZS_Angbat_20200608_20201117,SAMEA10020995,2020-06-08/2020-11-17,8,DNA sequence reads,21967,DNA sequence reads,https://github.com/arms-mbon/documentation/tree/main/armsmbon_handbook,ERR7125506,PEMA v2.1.4 https://github.com/hariszaf/pema | https://github.com/arms-mbon/analysis_release_002/tree/main/parameter_files,CREST classifier; Minimum bit-score 155; LCA bitscore range 2% | PR2 v4.13 | VSEARCH v2.9.1; clustering similarity 97%,Tammisaaren Ja Hangon Saariston Ja Pohjanpitäjänlahden Merensuojelualue (http://marineregions.org/mrgid/27436),59.841505,23.248879,FI,TZS_Angbat,4.0,4.0,Marine Protected Area; Long-Term Ecological Research Site; continuous hydrographic monitoring; protected; 9.4 - Subtidal Sandy,,Was a crate cover used when retrieving the unit: not provided; Which component of the ARMS unit material was extracted: Sessile,https://github.com/arms-mbon/data_release_002,Main genome;Eukaryota;Stramenopiles;Ochrophyta;Bacillariophyta;Raphid-pennate;Lemnicola;NA;NA;NA;NA,urn:lsid:marinespecies.org:taxname:447726,Lemnicola,Genus,Otu282,NCBI:1003070,ARMS_TZS_Angbat_20200608_20201117_SF40_ETOH_s1_r1
ARMS_TZS_Angbat_20200608_20201117_SF40_ETOH_s1_r1:Otu38,MaterialSample,ARMS-MBON,data_release_002,present,ARMS_TZS_Angbat_20200608_20201117,SAMEA10020995,2020-06-08/2020-11-17,15,DNA sequence reads,21967,DNA sequence reads,https://github.com/arms-mbon/documentation/tree/main/armsmbon_handbook,ERR7125506,PEMA v2.1.4 https://github.com/hariszaf/pema | https://github.com/arms-mbon/analysis_release_002/tree/main/parameter_files,CREST classifier; Minimum bit-score 155; LCA bitscore range 2% | PR2 v4.13 | VSEARCH v2.9.1; clustering similarity 97%,Tammisaaren Ja Hangon Saariston Ja Pohjanpitäjänlahden Merensuojelualue (http://marineregions.org/mrgid/27436),59.841505,23.248879,FI,TZS_Angbat,4.0,4.0,Marine Protected Area; Long-Term Ecological Research Site; continuous hydrographic monitoring; protected; 9.4 - Subtidal Sandy,,Was a crate cover used when retrieving the unit: not provided; Which component of the ARMS unit material was extracted: Sessile,https://github.com/arms-mbon/data_release_002,Main genome;Eukaryota;Alveolata;Dinoflagellata;Dinophyceae;Gymnodiniales;Gymnodiniaceae;Gyrodinium;fusiforme;NA;Gyrodinium fusiforme,urn:lsid:marinespecies.org:taxname:109856,Gyrodinium fusiforme,Species,Otu38,NCBI:244961,ARMS_TZS_Angbat_20200608_20201117_SF40_ETOH_s1_r1
ARMS_TZS_Angbat_20200608_20201117_SF40_ETOH_s1_r1:Otu39,MaterialSample,ARMS-MBON,data_release_002,present,ARMS_TZS_Angbat_20200608_20201117,SAMEA10020995,2020-06-08/2020-11-17,89,DNA sequence reads,21967,DNA sequence reads,https://github.com/arms-mbon/documentation/tree/main/armsmbon_handbook,ERR7125506,PEMA v2.1.4 https://github.com/hariszaf/pema | https://github.com/arms-mbon/analysis_release_002/tree/main/parameter_files,CREST classifier; Minimum bit-score 155; LCA bitscore range 2% | PR2 v4.13 | VSEARCH v2.9.1; clustering similarity 97%,Tammisaaren Ja Hangon Saariston Ja Pohjanpitäjänlahden Merensuojelualue (http://marineregions.org/mrgid/27436),59.841505,23.248879,FI,TZS_Angbat,4.0,4.0,Marine Protected Area; Long-Term Ecological Research Site; continuous hydrographic monitoring; protected; 9.4 - Subtidal Sandy,,Was a crate cover used when retrieving the unit: not provided; Which component of the ARMS unit material was extracted: Sessile,https://github.com/arms-mbon/data_release_002,Main genome;Eukaryota;Opisthokonta;Metazoa;Bryozoa;NA;NA;NA;NA;NA;NA,urn:lsid:marinespecies.org:taxname:146142,Bryozoa,Phylum,Otu39,NCBI:10205,ARMS_TZS_Angbat_20200608_20201117_SF40_ETOH_s1_r1
ARMS_TZS_Angbat_20200608_20201117_SF40_ETOH_s1_r1:Otu36,MaterialSample,ARMS-MBON,data_release_002,present,ARMS_TZS_Angbat_20200608_20201117,SAMEA10020995,2020-06-08/2020-11-17,102,DNA sequence reads,21967,DNA sequence reads,https://github.com/arms-mbon/documentation/tree/main/armsmbon_handbook,ERR7125506,PEMA v2.1.4 https://github.com/hariszaf/pema | https://github.com/arms-mbon/analysis_release_002/tree/main/parameter_files,CREST classifier; Minimum bit-score 155; LCA bitscore range 2% | PR2 v4.13 | VSEARCH v2.9.1; clustering similarity 97%,Tammisaaren Ja Hangon Saariston Ja Pohjanpitäjänlahden Merensuojelualue (http://marineregions.org/mrgid/27436),59.841505,23.248879,FI,TZS_Angbat,4.0,4.0,Marine Protected Area; Long-Term Ecological Research Site; continuous hydrographic monitoring; protected; 9.4 - Subtidal Sandy,uncertain classification (not marine),Was a crate cover used when retrieving the unit: not provided; Which component of the ARMS unit material was extracted: Sessile,https://github.com/arms-mbon/data_release_002,Main genome;Eukaryota;Alveolata;Ciliophora;Spirotrichea;Hypotrichia;NA;NA;NA;NA;NA,urn:lsid:marinespecies.org:taxname:425500,Hypotrichia,Subclass,Otu36,NCBI:5934,ARMS_TZS_Angbat_20200608_20201117_SF40_ETOH_s1_r1
ARMS_TZS_Angbat_20200608_20201117_SF40_ETOH_s1_r1:Otu37,MaterialSample,ARMS-MBON,data_release_002,present,ARMS_TZS_Angbat_20200608_20201117,SAMEA10020995,2020-06-08/2020-11-17,97,DNA sequence reads,21967,DNA sequence reads,https://github.com/arms-mbon/documentation/tree/main/armsmbon_handbook,ERR7125506,PEMA v2.1.4 https://github.com/hariszaf/pema | https://github.com/arms-mbon/analysis_release_002/tree/main/parameter_files,CREST classifier; Minimum bit-score 155; LCA bitscore range 2% | PR2 v4.13 | VSEARCH v2.9.1; clustering similarity 97%,Tammisaaren Ja Hangon Saariston Ja Pohjanpitäjänlahden Merensuojelualue (http://marineregions.org/mrgid/27436),59.841505,23.248879,FI,TZS_Angbat,4.0,4.0,Marine Protected Area; Long-Term Ecological Research Site; continuous hydrographic monitoring; protected; 9.4 - Subtidal Sandy,,Was a crate cover used when retrieving the unit: not provided; Which component of the ARMS unit material was extracted: Sessile,https://github.com/arms-mbon/data_release_002,Main genome;Eukaryota;Opisthokonta;Metazoa;Annelida;Aeolosoma;NA;NA;NA;NA;NA,urn:lsid:marinespecies.org:taxname:558774,Aeolosoma,Genus,Otu37,NCBI:55816,ARMS_TZS_Angbat_20200608_20201117_SF40_ETOH_s1_r1
ARMS_TZS_Angbat_20200608_20201117_SF40_ETOH_s1_r1:Otu35,MaterialSample,ARMS-MBON,data_release_002,present,ARMS_TZS_Angbat_20200608_20201117,SAMEA10020995,2020-06-08/2020-11-17,4,DNA sequence reads,21967,DNA sequence reads,https://github.com/arms-mbon/documentation/tree/main/armsmbon_handbook,ERR7125506,PEMA v2.1.4 https://github.com/hariszaf/pema | https://github.com/arms-mbon/analysis_release_002/tree/main/parameter_files,CREST classifier; Minimum bit-score 155; LCA bitscore range 2% | PR2 v4.13 | VSEARCH v2.9.1; clustering similarity 97%,Tammisaaren Ja Hangon Saariston Ja Pohjanpitäjänlahden Merensuojelualue (http://marineregions.org/mrgid/27436),59.841505,23.248879,FI,TZS_Angbat,4.0,4.0,Marine Protected Area; Long-Term Ecological Research Site; continuous hydrographic monitoring; protected; 9.4 - Subtidal Sandy,,Was a crate cover used when retrieving the unit: not provided; Which component of the ARMS unit material was extracted: Sessile,https://github.com/arms-mbon/data_release_002,Main genome;Eukaryota;Opisthokonta;Metazoa;Nematoda;Chromadorea;Chromadorina;NA;NA;NA;NA,,Chromadorina,genus,Otu35,NCBI:320052,ARMS_TZS_Angbat_20200608_20201117_SF40_ETOH_s1_r1
ARMS_TZS_Angbat_20200608_20201117_SF40_ETOH_s1_r1:Otu33,MaterialSample,ARMS-MBON,data_release_002,present,ARMS_TZS_Angbat_20200608_20201117,SAMEA10020995,2020-06-08/2020-11-17,3,DNA sequence reads,21967,DNA sequence reads,https://github.com/arms-mbon/documentation/tree/main/armsmbon_handbook,ERR7125506,PEMA v2.1.4 https://github.com/hariszaf/pema | https://github.com/arms-mbon/analysis_release_002/tree/main/parameter_files,CREST classifier; Minimum bit-score 155; LCA bitscore range 2% | PR2 v4.13 | VSEARCH v2.9.1; clustering similarity 97%,Tammisaaren Ja Hangon Saariston Ja Pohjanpitäjänlahden Merensuojelualue (http://marineregions.org/mrgid/27436),59.841505,23.248879,FI,TZS_Angbat,4.0,4.0,Marine Protected Area; Long-Term Ecological Research Site; continuous hydrographic monitoring; protected; 9.4 - Subtidal Sandy,uncertain classification (not marine),Was a crate cover used when retrieving the unit: not provided; Which component of the ARMS unit material was extracted: Sessile,https://github.com/arms-mbon/data_release_002,Main genome;Eukaryota;Opisthokonta;Fungi;NA;NA;NA;NA;NA;NA;NA,urn:lsid:marinespecies.org:taxname:4,Fungi,Kingdom,Otu33,NCBI:4751,ARMS_TZS_Angbat_20200608_20201117_SF40_ETOH_s1_r1
ARMS_TZS_Angbat_20200608_20201117_SF40_ETOH_s1_r1:Otu31,MaterialSample,ARMS-MBON,data_release_002,present,ARMS_TZS_Angbat_20200608_20201117,SAMEA10020995,2020-06-08/2020-11-17,5,DNA sequence reads,21967,DNA sequence reads,https://github.com/arms-mbon/documentation/tree/main/armsmbon_handbook,ERR7125506,PEMA v2.1.4 https://github.com/hariszaf/pema | https://github.com/arms-mbon/analysis_release_002/tree/main/parameter_files,CREST classifier; Minimum bit-score 155; LCA bitscore range 2% | PR2 v4.13 | VSEARCH v2.9.1; clustering similarity 97%,Tammisaaren Ja Hangon Saariston Ja Pohjanpitäjänlahden Merensuojelualue (http://marineregions.org/mrgid/27436),59.841505,23.248879,FI,TZS_Angbat,4.0,4.0,Marine Protected Area; Long-Term Ecological Research Site; continuous hydrographic monitoring; protected; 9.4 - Subtidal Sandy,,Was a crate cover used when retrieving the unit: not provided; Which component of the ARMS unit material was extracted: Sessile,https://github.com/arms-mbon/data_release_002,Main genome;Eukaryota;Opisthokonta;Metazoa;Cnidaria;Hydrozoa;NA;NA;NA;NA;NA,urn:lsid:marinespecies.org:taxname:1337,Hydrozoa,Class,Otu31,NCBI:6074,ARMS_TZS_Angbat_20200608_20201117_SF40_ETOH_s1_r1
ARMS_TZS_Angbat_20200608_20201117_SF40_ETOH_s1_r1:Otu167,MaterialSample,ARMS-MBON,data_release_002,present,ARMS_TZS_Angbat_20200608_20201117,SAMEA10020995,2020-06-08/2020-11-17,10,DNA sequence reads,21967,DNA sequence reads,https://github.com/arms-mbon/documentation/tree/main/armsmbon_handbook,ERR7125506,PEMA v2.1.4 https://github.com/hariszaf/pema | https://github.com/arms-mbon/analysis_release_002/tree/main/parameter_files,CREST classifier; Minimum bit-score 155; LCA bitscore range 2% | PR2 v4.13 | VSEARCH v2.9.1; clustering similarity 97%,Tammisaaren Ja Hangon Saariston Ja Pohjanpitäjänlahden Merensuojelualue (http://marineregions.org/mrgid/27436),59.841505,23.248879,FI,TZS_Angbat,4.0,4.0,Marine Protected Area; Long-Term Ecological Research Site; continuous hydrographic monitoring; protected; 9.4 - Subtidal Sandy,,Was a crate cover used when retrieving the unit: not provided; Which component of the ARMS unit material was extracted: Sessile,https://github.com/arms-mbon/data_release_002,Main genome;Eukaryota;Alveolata;Ciliophora;Oligohymenophorea;Peritrichia;Sessilida;NA;NA;NA;NA,urn:lsid:marinespecies.org:taxname:414711,Sessilida,Order,Otu167,NCBI:1974272,ARMS_TZS_Angbat_20200608_20201117_SF40_ETOH_s1_r1
ARMS_TZS_Angbat_20200608_20201117_SF40_ETOH_s1_r1:Otu169,MaterialSample,ARMS-MBON,data_release_002,present,ARMS_TZS_Angbat_20200608_20201117,SAMEA10020995,2020-06-08/2020-11-17,10,DNA sequence reads,21967,DNA sequence reads,https://github.com/arms-mbon/documentation/tree/main/armsmbon_handbook,ERR7125506,PEMA v2.1.4 https://github.com/hariszaf/pema | https://github.com/arms-mbon/analysis_release_002/tree/main/parameter_files,CREST classifier; Minimum bit-score 155; LCA bitscore range 2% | PR2 v4.13 | VSEARCH v2.9.1; clustering similarity 97%,Tammisaaren Ja Hangon Saariston Ja Pohjanpitäjänlahden Merensuojelualue (http://marineregions.org/mrgid/27436),59.841505,23.248879,FI,TZS_Angbat,4.0,4.0,Marine Protected Area; Long-Term Ecological Research Site; continuous hydrographic monitoring; protected; 9.4 - Subtidal Sandy,,Was a crate cover used when retrieving the unit: not provided; Which component of the ARMS unit material was extracted: Sessile,https://github.com/arms-mbon/data_release_002,Main genome;Eukaryota;Alveolata;Ciliophora;Spirotrichea;Hypotrichia;Urostylidae;Uroleptus;NA;NA;NA,urn:lsid:marinespecies.org:taxname:425683,Uroleptus,Genus,Otu169,NCBI:57512,ARMS_TZS_Angbat_20200608_20201117_SF40_ETOH_s1_r1
ARMS_TZS_Angbat_20200608_20201117_SF40_ETOH_s1_r1:Otu84,MaterialSample,ARMS-MBON,data_release_002,present,ARMS_TZS_Angbat_20200608_20201117,SAMEA10020995,2020-06-08/2020-11-17,3,DNA sequence reads,21967,DNA sequence reads,https://github.com/arms-mbon/documentation/tree/main/armsmbon_handbook,ERR7125506,PEMA v2.1.4 https://github.com/hariszaf/pema | https://github.com/arms-mbon/analysis_release_002/tree/main/parameter_files,CREST classifier; Minimum bit-score 155; LCA bitscore range 2% | PR2 v4.13 | VSEARCH v2.9.1; clustering similarity 97%,Tammisaaren Ja Hangon Saariston Ja Pohjanpitäjänlahden Merensuojelualue (http://marineregions.org/mrgid/27436),59.841505,23.248879,FI,TZS_Angbat,4.0,4.0,Marine Protected Area; Long-Term Ecological Research Site; continuous hydrographic monitoring; protected; 9.4 - Subtidal Sandy,uncertain classification (not marine),Was a crate cover used when retrieving the unit: not provided; Which component of the ARMS unit material was extracted: Sessile,https://github.com/arms-mbon/data_release_002,Main genome;Eukaryota;Alveolata;Apicomplexa;Coccidiomorphea;Eimeriida;NA;NA;NA;NA;NA,urn:lsid:marinespecies.org:taxname:22565,Apicomplexa,Subphylum,Otu84,NCBI:5794,ARMS_TZS_Angbat_20200608_20201117_SF40_ETOH_s1_r1
ARMS_TZS_Angbat_20200608_20201117_SF40_ETOH_s1_r1:Otu439,MaterialSample,ARMS-MBON,data_release_002,present,ARMS_TZS_Angbat_20200608_20201117,SAMEA10020995,2020-06-08/2020-11-17,2,DNA sequence reads,21967,DNA sequence reads,https://github.com/arms-mbon/documentation/tree/main/armsmbon_handbook,ERR7125506,PEMA v2.1.4 https://github.com/hariszaf/pema | https://github.com/arms-mbon/analysis_release_002/tree/main/parameter_files,CREST classifier; Minimum bit-score 155; LCA bitscore range 2% | PR2 v4.13 | VSEARCH v2.9.1; clustering similarity 97%,Tammisaaren Ja Hangon Saariston Ja Pohjanpitäjänlahden Merensuojelualue (http://marineregions.org/mrgid/27436),59.841505,23.248879,FI,TZS_Angbat,4.0,4.0,Marine Protected Area; Long-Term Ecological Research Site; continuous hydrographic monitoring; protected; 9.4 - Subtidal Sandy,,Was a crate cover used when retrieving the unit: not provided; Which component of the ARMS unit material was extracted: Sessile,https://github.com/arms-mbon/data_release_002,Main genome;Eukaryota;Opisthokonta;Metazoa;Platyhelminthes;Turbellaria;NA;NA;NA;NA;NA,urn:lsid:marinespecies.org:taxname:794,Turbellaria,Class,Otu439,NCBI:166384,ARMS_TZS_Angbat_20200608_20201117_SF40_ETOH_s1_r1
ARMS_TZS_Angbat_20200608_20201117_SF40_ETOH_s1_r1:Otu438,MaterialSample,ARMS-MBON,data_release_002,present,ARMS_TZS_Angbat_20200608_20201117,SAMEA10020995,2020-06-08/2020-11-17,2,DNA sequence reads,21967,DNA sequence reads,https://github.com/arms-mbon/documentation/tree/main/armsmbon_handbook,ERR7125506,PEMA v2.1.4 https://github.com/hariszaf/pema | https://github.com/arms-mbon/analysis_release_002/tree/main/parameter_files,CREST classifier; Minimum bit-score 155; LCA bitscore range 2% | PR2 v4.13 | VSEARCH v2.9.1; clustering similarity 97%,Tammisaaren Ja Hangon Saariston Ja Pohjanpitäjänlahden Merensuojelualue (http://marineregions.org/mrgid/27436),59.841505,23.248879,FI,TZS_Angbat,4.0,4.0,Marine Protected Area; Long-Term Ecological Research Site; continuous hydrographic monitoring; protected; 9.4 - Subtidal Sandy,uncertain classification (not marine),Was a crate cover used when retrieving the unit: not provided; Which component of the ARMS unit material was extracted: Sessile,https://github.com/arms-mbon/data_release_002,Main genome;Eukaryota;Opisthokonta;Fungi;Cryptomycota;Cryptomycotina;NA;NA;NA;NA;NA,urn:lsid:marinespecies.org:taxname:707609,Rozellida,Order,Otu438,NCBI:1031332,ARMS_TZS_Angbat_20200608_20201117_SF40_ETOH_s1_r1
ARMS_TZS_Angbat_20200608_20201117_SF40_ETOH_s1_r1:Otu152,MaterialSample,ARMS-MBON,data_release_002,present,ARMS_TZS_Angbat_20200608_20201117,SAMEA10020995,2020-06-08/2020-11-17,13,DNA sequence reads,21967,DNA sequence reads,https://github.com/arms-mbon/documentation/tree/main/armsmbon_handbook,ERR7125506,PEMA v2.1.4 https://github.com/hariszaf/pema | https://github.com/arms-mbon/analysis_release_002/tree/main/parameter_files,CREST classifier; Minimum bit-score 155; LCA bitscore range 2% | PR2 v4.13 | VSEARCH v2.9.1; clustering similarity 97%,Tammisaaren Ja Hangon Saariston Ja Pohjanpitäjänlahden Merensuojelualue (http://marineregions.org/mrgid/27436),59.841505,23.248879,FI,TZS_Angbat,4.0,4.0,Marine Protected Area; Long-Term Ecological Research Site; continuous hydrographic monitoring; protected; 9.4 - Subtidal Sandy,,Was a crate cover used when retrieving the unit: not provided; Which component of the ARMS unit material was extracted: Sessile,https://github.com/arms-mbon/data_release_002,Main genome;Eukaryota;Stramenopiles;Pseudofungi;Oomycota;Saprolegniales;Aphanomyces;NA;NA;NA;NA,urn:lsid:marinespecies.org:taxname:394836,Aphanomyces,Genus,Otu152,NCBI:100860,ARMS_TZS_Angbat_20200608_20201117_SF40_ETOH_s1_r1
ARMS_TZS_Angbat_20200608_20201117_SF40_ETOH_s1_r1:Otu157,MaterialSample,ARMS-MBON,data_release_002,present,ARMS_TZS_Angbat_20200608_20201117,SAMEA10020995,2020-06-08/2020-11-17,2,DNA sequence reads,21967,DNA sequence reads,https://github.com/arms-mbon/documentation/tree/main/armsmbon_handbook,ERR7125506,PEMA v2.1.4 https://github.com/hariszaf/pema | https://github.com/arms-mbon/analysis_release_002/tree/main/parameter_files,CREST classifier; Minimum bit-score 155; LCA bitscore range 2% | PR2 v4.13 | VSEARCH v2.9.1; clustering similarity 97%,Tammisaaren Ja Hangon Saariston Ja Pohjanpitäjänlahden Merensuojelualue (http://marineregions.org/mrgid/27436),59.841505,23.248879,FI,TZS_Angbat,4.0,4.0,Marine Protected Area; Long-Term Ecological Research Site; continuous hydrographic monitoring; protected; 9.4 - Subtidal Sandy,,Was a crate cover used when retrieving the unit: not provided; Which component of the ARMS unit material was extracted: Sessile,https://github.com/arms-mbon/data_release_002,Main genome;Eukaryota;Archaeplastida;Chlorophyta;Trebouxiophyceae;Chlorellales;Picochlorum;NA;NA;NA;NA,urn:lsid:marinespecies.org:taxname:603429,Picochlorum,Genus,Otu157,NCBI:249344,ARMS_TZS_Angbat_20200608_20201117_SF40_ETOH_s1_r1
ARMS_TZS_Angbat_20200608_20201117_SF40_ETOH_s1_r1:Otu155,MaterialSample,ARMS-MBON,data_release_002,present,ARMS_TZS_Angbat_20200608_20201117,SAMEA10020995,2020-06-08/2020-11-17,2,DNA sequence reads,21967,DNA sequence reads,https://github.com/arms-mbon/documentation/tree/main/armsmbon_handbook,ERR7125506,PEMA v2.1.4 https://github.com/hariszaf/pema | https://github.com/arms-mbon/analysis_release_002/tree/main/parameter_files,CREST classifier; Minimum bit-score 155; LCA bitscore range 2% | PR2 v4.13 | VSEARCH v2.9.1; clustering similarity 97%,Tammisaaren Ja Hangon Saariston Ja Pohjanpitäjänlahden Merensuojelualue (http://marineregions.org/mrgid/27436),59.841505,23.248879,FI,TZS_Angbat,4.0,4.0,Marine Protected Area; Long-Term Ecological Research Site; continuous hydrographic monitoring; protected; 9.4 - Subtidal Sandy,,Was a crate cover used when retrieving the unit: not provided; Which component of the ARMS unit material was extracted: Sessile,https://github.com/arms-mbon/data_release_002,Main genome;Eukaryota;Stramenopiles;Ochrophyta;Bacillariophyta;Polar-centric-Mediophyceae;NA;NA;NA;NA;NA,urn:lsid:marinespecies.org:taxname:345483,Mediophyceae,Class,Otu155,NCBI:589449,ARMS_TZS_Angbat_20200608_20201117_SF40_ETOH_s1_r1
ARMS_TZS_Angbat_20200608_20201117_SF40_ETOH_s1_r1:Otu70,MaterialSample,ARMS-MBON,data_release_002,present,ARMS_TZS_Angbat_20200608_20201117,SAMEA10020995,2020-06-08/2020-11-17,2,DNA sequence reads,21967,DNA sequence reads,https://github.com/arms-mbon/documentation/tree/main/armsmbon_handbook,ERR7125506,PEMA v2.1.4 https://github.com/hariszaf/pema | https://github.com/arms-mbon/analysis_release_002/tree/main/parameter_files,CREST classifier; Minimum bit-score 155; LCA bitscore range 2% | PR2 v4.13 | VSEARCH v2.9.1; clustering similarity 97%,Tammisaaren Ja Hangon Saariston Ja Pohjanpitäjänlahden Merensuojelualue (http://marineregions.org/mrgid/27436),59.841505,23.248879,FI,TZS_Angbat,4.0,4.0,Marine Protected Area; Long-Term Ecological Research Site; continuous hydrographic monitoring; protected; 9.4 - Subtidal Sandy,,Was a crate cover used when retrieving the unit: not provided; Which component of the ARMS unit material was extracted: Sessile,https://github.com/arms-mbon/data_release_002,Main genome;Eukaryota;Rhizaria;Cercozoa;Filosa-Imbricatea;Euglyphida;Cyphoderiidae;NA;NA;NA;NA,urn:lsid:marinespecies.org:taxname:136743,Cyphoderiidae,Family,Otu70,NCBI:178373,ARMS_TZS_Angbat_20200608_20201117_SF40_ETOH_s1_r1
ARMS_TZS_Angbat_20200608_20201117_SF40_ETOH_s1_r1:Otu77,MaterialSample,ARMS-MBON,data_release_002,present,ARMS_TZS_Angbat_20200608_20201117,SAMEA10020995,2020-06-08/2020-11-17,16,DNA sequence reads,21967,DNA sequence reads,https://github.com/arms-mbon/documentation/tree/main/armsmbon_handbook,ERR7125506,PEMA v2.1.4 https://github.com/hariszaf/pema | https://github.com/arms-mbon/analysis_release_002/tree/main/parameter_files,CREST classifier; Minimum bit-score 155; LCA bitscore range 2% | PR2 v4.13 | VSEARCH v2.9.1; clustering similarity 97%,Tammisaaren Ja Hangon Saariston Ja Pohjanpitäjänlahden Merensuojelualue (http://marineregions.org/mrgid/27436),59.841505,23.248879,FI,TZS_Angbat,4.0,4.0,Marine Protected Area; Long-Term Ecological Research Site; continuous hydrographic monitoring; protected; 9.4 - Subtidal Sandy,,Was a crate cover used when retrieving the unit: not provided; Which component of the ARMS unit material was extracted: Sessile,https://github.com/arms-mbon/data_release_002,Main genome;Eukaryota;Alveolata;Ciliophora;Oligohymenophorea;Peritrichia;Sessilida;NA;NA;NA;NA,urn:lsid:marinespecies.org:taxname:414711,Sessilida,Order,Otu77,NCBI:1974272,ARMS_TZS_Angbat_20200608_20201117_SF40_ETOH_s1_r1
ARMS_TZS_Angbat_20200608_20201117_SF40_ETOH_s1_r1:Otu237,MaterialSample,ARMS-MBON,data_release_002,present,ARMS_TZS_Angbat_20200608_20201117,SAMEA10020995,2020-06-08/2020-11-17,6,DNA sequence reads,21967,DNA sequence reads,https://github.com/arms-mbon/documentation/tree/main/armsmbon_handbook,ERR7125506,PEMA v2.1.4 https://github.com/hariszaf/pema | https://github.com/arms-mbon/analysis_release_002/tree/main/parameter_files,CREST classifier; Minimum bit-score 155; LCA bitscore range 2% | PR2 v4.13 | VSEARCH v2.9.1; clustering similarity 97%,Tammisaaren Ja Hangon Saariston Ja Pohjanpitäjänlahden Merensuojelualue (http://marineregions.org/mrgid/27436),59.841505,23.248879,FI,TZS_Angbat,4.0,4.0,Marine Protected Area; Long-Term Ecological Research Site; continuous hydrographic monitoring; protected; 9.4 - Subtidal Sandy,,Was a crate cover used when retrieving the unit: not provided; Which component of the ARMS unit material was extracted: Sessile,https://github.com/arms-mbon/data_release_002,Main genome;Eukaryota;Stramenopiles;Ochrophyta;Bacillariophyta;Raphid-pennate;Epithemia;NA;NA;NA;NA,urn:lsid:marinespecies.org:taxname:149026,Epithemia,Genus,Otu237,NCBI:420972,ARMS_TZS_Angbat_20200608_20201117_SF40_ETOH_s1_r1
ARMS_TZS_Angbat_20200608_20201117_SF40_ETOH_s1_r1:Otu236,MaterialSample,ARMS-MBON,data_release_002,present,ARMS_TZS_Angbat_20200608_20201117,SAMEA10020995,2020-06-08/2020-11-17,16,DNA sequence reads,21967,DNA sequence reads,https://github.com/arms-mbon/documentation/tree/main/armsmbon_handbook,ERR7125506,PEMA v2.1.4 https://github.com/hariszaf/pema | https://github.com/arms-mbon/analysis_release_002/tree/main/parameter_files,CREST classifier; Minimum bit-score 155; LCA bitscore range 2% | PR2 v4.13 | VSEARCH v2.9.1; clustering similarity 97%,Tammisaaren Ja Hangon Saariston Ja Pohjanpitäjänlahden Merensuojelualue (http://marineregions.org/mrgid/27436),59.841505,23.248879,FI,TZS_Angbat,4.0,4.0,Marine Protected Area; Long-Term Ecological Research Site; continuous hydrographic monitoring; protected; 9.4 - Subtidal Sandy,,Was a crate cover used when retrieving the unit: not provided; Which component of the ARMS unit material was extracted: Sessile,https://github.com/arms-mbon/data_release_002,Main genome;Eukaryota;Alveolata;Ciliophora;Oligohymenophorea;Peritrichia;Sessilida;NA;NA;NA;NA,urn:lsid:marinespecies.org:taxname:414711,Sessilida,Order,Otu236,NCBI:1974272,ARMS_TZS_Angbat_20200608_20201117_SF40_ETOH_s1_r1
ARMS_TZS_Angbat_20200608_20201117_SF40_ETOH_s1_r1:Otu239,MaterialSample,ARMS-MBON,data_release_002,present,ARMS_TZS_Angbat_20200608_20201117,SAMEA10020995,2020-06-08/2020-11-17,6,DNA sequence reads,21967,DNA sequence reads,https://github.com/arms-mbon/documentation/tree/main/armsmbon_handbook,ERR7125506,PEMA v2.1.4 https://github.com/hariszaf/pema | https://github.com/arms-mbon/analysis_release_002/tree/main/parameter_files,CREST classifier; Minimum bit-score 155; LCA bitscore range 2% | PR2 v4.13 | VSEARCH v2.9.1; clustering similarity 97%,Tammisaaren Ja Hangon Saariston Ja Pohjanpitäjänlahden Merensuojelualue (http://marineregions.org/mrgid/27436),59.841505,23.248879,FI,TZS_Angbat,4.0,4.0,Marine Protected Area; Long-Term Ecological Research Site; continuous hydrographic monitoring; protected; 9.4 - Subtidal Sandy,uncertain classification (not marine),Was a crate cover used when retrieving the unit: not provided; Which component of the ARMS unit material was extracted: Sessile,https://github.com/arms-mbon/data_release_002,Main genome;Eukaryota;Alveolata;Ciliophora;Oligohymenophorea;NA;NA;NA;NA;NA;NA,urn:lsid:marinespecies.org:taxname:162991,Oligohymenophorea,Class,Otu239,NCBI:6020,ARMS_TZS_Angbat_20200608_20201117_SF40_ETOH_s1_r1
ARMS_TZS_Angbat_20200608_20201117_SF40_ETOH_s1_r1:Otu238,MaterialSample,ARMS-MBON,data_release_002,present,ARMS_TZS_Angbat_20200608_20201117,SAMEA10020995,2020-06-08/2020-11-17,8,DNA sequence reads,21967,DNA sequence reads,https://github.com/arms-mbon/documentation/tree/main/armsmbon_handbook,ERR7125506,PEMA v2.1.4 https://github.com/hariszaf/pema | https://github.com/arms-mbon/analysis_release_002/tree/main/parameter_files,CREST classifier; Minimum bit-score 155; LCA bitscore range 2% | PR2 v4.13 | VSEARCH v2.9.1; clustering similarity 97%,Tammisaaren Ja Hangon Saariston Ja Pohjanpitäjänlahden Merensuojelualue (http://marineregions.org/mrgid/27436),59.841505,23.248879,FI,TZS_Angbat,4.0,4.0,Marine Protected Area; Long-Term Ecological Research Site; continuous hydrographic monitoring; protected; 9.4 - Subtidal Sandy,,Was a crate cover used when retrieving the unit: not provided; Which component of the ARMS unit material was extracted: Sessile,https://github.com/arms-mbon/data_release_002,Main genome;Eukaryota;Alveolata;Ciliophora;Oligohymenophorea;Peritrichia;Vaginicolidae;NA;NA;NA;NA,urn:lsid:marinespecies.org:taxname:163171,Vaginicolidae,Family,Otu238,NCBI:168252,ARMS_TZS_Angbat_20200608_20201117_SF40_ETOH_s1_r1
ARMS_TZS_Angbat_20200608_20201117_SF40_ETOH_s1_r1:Otu168,MaterialSample,ARMS-MBON,data_release_002,present,ARMS_TZS_Angbat_20200608_20201117,SAMEA10020995,2020-06-08/2020-11-17,11,DNA sequence reads,21967,DNA sequence reads,https://github.com/arms-mbon/documentation/tree/main/armsmbon_handbook,ERR7125506,PEMA v2.1.4 https://github.com/hariszaf/pema | https://github.com/arms-mbon/analysis_release_002/tree/main/parameter_files,CREST classifier; Minimum bit-score 155; LCA bitscore range 2% | PR2 v4.13 | VSEARCH v2.9.1; clustering similarity 97%,Tammisaaren Ja Hangon Saariston Ja Pohjanpitäjänlahden Merensuojelualue (http://marineregions.org/mrgid/27436),59.841505,23.248879,FI,TZS_Angbat,4.0,4.0,Marine Protected Area; Long-Term Ecological Research Site; continuous hydrographic monitoring; protected; 9.4 - Subtidal Sandy,,Was a crate cover used when retrieving the unit: not provided; Which component of the ARMS unit material was extracted: Sessile,https://github.com/arms-mbon/data_release_002,Main genome;Eukaryota;Stramenopiles;Ochrophyta;Bacillariophyta;Raphid-pennate;NA;NA;NA;NA;NA,urn:lsid:marinespecies.org:taxname:148898,Bacillariophyta,Phylum,Otu168,NCBI:2836,ARMS_TZS_Angbat_20200608_20201117_SF40_ETOH_s1_r1
ARMS_TZS_Angbat_20200608_20201117_SF40_ETOH_s1_r1:Otu5,MaterialSample,ARMS-MBON,data_release_002,present,ARMS_TZS_Angbat_20200608_20201117,SAMEA10020995,2020-06-08/2020-11-17,8,DNA sequence reads,21967,DNA sequence reads,https://github.com/arms-mbon/documentation/tree/main/armsmbon_handbook,ERR7125506,PEMA v2.1.4 https://github.com/hariszaf/pema | https://github.com/arms-mbon/analysis_release_002/tree/main/parameter_files,CREST classifier; Minimum bit-score 155; LCA bitscore range 2% | PR2 v4.13 | VSEARCH v2.9.1; clustering similarity 97%,Tammisaaren Ja Hangon Saariston Ja Pohjanpitäjänlahden Merensuojelualue (http://marineregions.org/mrgid/27436),59.841505,23.248879,FI,TZS_Angbat,4.0,4.0,Marine Protected Area; Long-Term Ecological Research Site; continuous hydrographic monitoring; protected; 9.4 - Subtidal Sandy,,Was a crate cover used when retrieving the unit: not provided; Which component of the ARMS unit material was extracted: Sessile,https://github.com/arms-mbon/data_release_002,Main genome;Eukaryota;Opisthokonta;Metazoa;Craniata;Teleostei;NA;NA;NA;NA;NA,urn:lsid:marinespecies.org:taxname:293496,Teleostei,Class,Otu5,NCBI:32443,ARMS_TZS_Angbat_20200608_20201117_SF40_ETOH_s1_r1
ARMS_TZS_Angbat_20200608_20201117_SF40_ETOH_s1_r1:Otu1,MaterialSample,ARMS-MBON,data_release_002,present,ARMS_TZS_Angbat_20200608_20201117,SAMEA10020995,2020-06-08/2020-11-17,19068,DNA sequence reads,21967,DNA sequence reads,https://github.com/arms-mbon/documentation/tree/main/armsmbon_handbook,ERR7125506,PEMA v2.1.4 https://github.com/hariszaf/pema | https://github.com/arms-mbon/analysis_release_002/tree/main/parameter_files,CREST classifier; Minimum bit-score 155; LCA bitscore range 2% | PR2 v4.13 | VSEARCH v2.9.1; clustering similarity 97%,Tammisaaren Ja Hangon Saariston Ja Pohjanpitäjänlahden Merensuojelualue (http://marineregions.org/mrgid/27436),59.841505,23.248879,FI,TZS_Angbat,4.0,4.0,Marine Protected Area; Long-Term Ecological Research Site; continuous hydrographic monitoring; protected; 9.4 - Subtidal Sandy,uncertain classification (not marine),Was a crate cover used when retrieving the unit: not provided; Which component of the ARMS unit material was extracted: Sessile,https://github.com/arms-mbon/data_release_002,Main genome;Eukaryota;Opisthokonta;Metazoa;Arthropoda;Crustacea;Maxillopoda;NA;NA;NA;NA,urn:lsid:marinespecies.org:taxname:1066,Crustacea,Subphylum,Otu1,NCBI:6657,ARMS_TZS_Angbat_20200608_20201117_SF40_ETOH_s1_r1
ARMS_TZS_Angbat_20200608_20201117_SF40_ETOH_s1_r1:Otu50,MaterialSample,ARMS-MBON,data_release_002,present,ARMS_TZS_Angbat_20200608_20201117,SAMEA10020995,2020-06-08/2020-11-17,36,DNA sequence reads,21967,DNA sequence reads,https://github.com/arms-mbon/documentation/tree/main/armsmbon_handbook,ERR7125506,PEMA v2.1.4 https://github.com/hariszaf/pema | https://github.com/arms-mbon/analysis_release_002/tree/main/parameter_files,CREST classifier; Minimum bit-score 155; LCA bitscore range 2% | PR2 v4.13 | VSEARCH v2.9.1; clustering similarity 97%,Tammisaaren Ja Hangon Saariston Ja Pohjanpitäjänlahden Merensuojelualue (http://marineregions.org/mrgid/27436),59.841505,23.248879,FI,TZS_Angbat,4.0,4.0,Marine Protected Area; Long-Term Ecological Research Site; continuous hydrographic monitoring; protected; 9.4 - Subtidal Sandy,uncertain classification (not marine),Was a crate cover used when retrieving the unit: not provided; Which component of the ARMS unit material was extracted: Sessile,https://github.com/arms-mbon/data_release_002,Main genome;Eukaryota;Archaeplastida;Rhodophyta;Florideophyceae;NA;NA;NA;NA;NA;NA,urn:lsid:marinespecies.org:taxname:368670,Florideophyceae,Class,Otu50,NCBI:2806,ARMS_TZS_Angbat_20200608_20201117_SF40_ETOH_s1_r1
ARMS_TZS_Angbat_20200608_20201117_SF40_ETOH_s1_r1:Otu51,MaterialSample,ARMS-MBON,data_release_002,present,ARMS_TZS_Angbat_20200608_20201117,SAMEA10020995,2020-06-08/2020-11-17,54,DNA sequence reads,21967,DNA sequence reads,https://github.com/arms-mbon/documentation/tree/main/armsmbon_handbook,ERR7125506,PEMA v2.1.4 https://github.com/hariszaf/pema | https://github.com/arms-mbon/analysis_release_002/tree/main/parameter_files,CREST classifier; Minimum bit-score 155; LCA bitscore range 2% | PR2 v4.13 | VSEARCH v2.9.1; clustering similarity 97%,Tammisaaren Ja Hangon Saariston Ja Pohjanpitäjänlahden Merensuojelualue (http://marineregions.org/mrgid/27436),59.841505,23.248879,FI,TZS_Angbat,4.0,4.0,Marine Protected Area; Long-Term Ecological Research Site; continuous hydrographic monitoring; protected; 9.4 - Subtidal Sandy,,Was a crate cover used when retrieving the unit: not provided; Which component of the ARMS unit material was extracted: Sessile,https://github.com/arms-mbon/data_release_002,Main genome;Eukaryota;Opisthokonta;Metazoa;Nematoda;Chromadorea;Chromadoridae;Punctodora;NA;NA;NA,urn:lsid:marinespecies.org:taxname:2282,Punctodora,Genus,Otu51,NCBI:647164,ARMS_TZS_Angbat_20200608_20201117_SF40_ETOH_s1_r1
ARMS_TZS_Angbat_20200608_20201117_SF40_ETOH_s1_r1:Otu57,MaterialSample,ARMS-MBON,data_release_002,present,ARMS_TZS_Angbat_20200608_20201117,SAMEA10020995,2020-06-08/2020-11-17,24,DNA sequence reads,21967,DNA sequence reads,https://github.com/arms-mbon/documentation/tree/main/armsmbon_handbook,ERR7125506,PEMA v2.1.4 https://github.com/hariszaf/pema | https://github.com/arms-mbon/analysis_release_002/tree/main/parameter_files,CREST classifier; Minimum bit-score 155; LCA bitscore range 2% | PR2 v4.13 | VSEARCH v2.9.1; clustering similarity 97%,Tammisaaren Ja Hangon Saariston Ja Pohjanpitäjänlahden Merensuojelualue (http://marineregions.org/mrgid/27436),59.841505,23.248879,FI,TZS_Angbat,4.0,4.0,Marine Protected Area; Long-Term Ecological Research Site; continuous hydrographic monitoring; protected; 9.4 - Subtidal Sandy,,Was a crate cover used when retrieving the unit: not provided; Which component of the ARMS unit material was extracted: Sessile,https://github.com/arms-mbon/data_release_002,Main genome;Eukaryota;Opisthokonta;Metazoa;Cnidaria;Scyphozoa;Aurelia;NA;NA;NA;NA,,Aurelia,genus,Otu57,NCBI:6144,ARMS_TZS_Angbat_20200608_20201117_SF40_ETOH_s1_r1
ARMS_TZS_Angbat_20200608_20201117_SF40_ETOH_s1_r1:Otu202,MaterialSample,ARMS-MBON,data_release_002,present,ARMS_TZS_Angbat_20200608_20201117,SAMEA10020995,2020-06-08/2020-11-17,8,DNA sequence reads,21967,DNA sequence reads,https://github.com/arms-mbon/documentation/tree/main/armsmbon_handbook,ERR7125506,PEMA v2.1.4 https://github.com/hariszaf/pema | https://github.com/arms-mbon/analysis_release_002/tree/main/parameter_files,CREST classifier; Minimum bit-score 155; LCA bitscore range 2% | PR2 v4.13 | VSEARCH v2.9.1; clustering similarity 97%,Tammisaaren Ja Hangon Saariston Ja Pohjanpitäjänlahden Merensuojelualue (http://marineregions.org/mrgid/27436),59.841505,23.248879,FI,TZS_Angbat,4.0,4.0,Marine Protected Area; Long-Term Ecological Research Site; continuous hydrographic monitoring; protected; 9.4 - Subtidal Sandy,uncertain classification (not marine),Was a crate cover used when retrieving the unit: not provided; Which component of the ARMS unit material was extracted: Sessile,https://github.com/arms-mbon/data_release_002,Main genome;Eukaryota;Opisthokonta;Metazoa;Arthropoda;Crustacea;Maxillopoda;NA;NA;NA;NA,urn:lsid:marinespecies.org:taxname:1066,Crustacea,Subphylum,Otu202,NCBI:6657,ARMS_TZS_Angbat_20200608_20201117_SF40_ETOH_s1_r1
ARMS_TZS_Angbat_20200608_20201117_SF40_ETOH_s1_r1:Otu203,MaterialSample,ARMS-MBON,data_release_002,present,ARMS_TZS_Angbat_20200608_20201117,SAMEA10020995,2020-06-08/2020-11-17,8,DNA sequence reads,21967,DNA sequence reads,https://github.com/arms-mbon/documentation/tree/main/armsmbon_handbook,ERR7125506,PEMA v2.1.4 https://github.com/hariszaf/pema | https://github.com/arms-mbon/analysis_release_002/tree/main/parameter_files,CREST classifier; Minimum bit-score 155; LCA bitscore range 2% | PR2 v4.13 | VSEARCH v2.9.1; clustering similarity 97%,Tammisaaren Ja Hangon Saariston Ja Pohjanpitäjänlahden Merensuojelualue (http://marineregions.org/mrgid/27436),59.841505,23.248879,FI,TZS_Angbat,4.0,4.0,Marine Protected Area; Long-Term Ecological Research Site; continuous hydrographic monitoring; protected; 9.4 - Subtidal Sandy,uncertain classification (not marine),Was a crate cover used when retrieving the unit: not provided; Which component of the ARMS unit material was extracted: Sessile,https://github.com/arms-mbon/data_release_002,Main genome;Eukaryota;Alveolata;Ciliophora;Oligohymenophorea;NA;NA;NA;NA;NA;NA,urn:lsid:marinespecies.org:taxname:162991,Oligohymenophorea,Class,Otu203,NCBI:6020,ARMS_TZS_Angbat_20200608_20201117_SF40_ETOH_s1_r1
ARMS_TZS_Angbat_20200608_20201117_SF40_ETOH_s1_r1:Otu200,MaterialSample,ARMS-MBON,data_release_002,present,ARMS_TZS_Angbat_20200608_20201117,SAMEA10020995,2020-06-08/2020-11-17,12,DNA sequence reads,21967,DNA sequence reads,https://github.com/arms-mbon/documentation/tree/main/armsmbon_handbook,ERR7125506,PEMA v2.1.4 https://github.com/hariszaf/pema | https://github.com/arms-mbon/analysis_release_002/tree/main/parameter_files,CREST classifier; Minimum bit-score 155; LCA bitscore range 2% | PR2 v4.13 | VSEARCH v2.9.1; clustering similarity 97%,Tammisaaren Ja Hangon Saariston Ja Pohjanpitäjänlahden Merensuojelualue (http://marineregions.org/mrgid/27436),59.841505,23.248879,FI,TZS_Angbat,4.0,4.0,Marine Protected Area; Long-Term Ecological Research Site; continuous hydrographic monitoring; protected; 9.4 - Subtidal Sandy,,Was a crate cover used when retrieving the unit: not provided; Which component of the ARMS unit material was extracted: Sessile,https://github.com/arms-mbon/data_release_002,Main genome;Eukaryota;Alveolata;Ciliophora;Oligohymenophorea;Peritrichia;Vaginicolidae;NA;NA;NA;NA,urn:lsid:marinespecies.org:taxname:163171,Vaginicolidae,Family,Otu200,NCBI:168252,ARMS_TZS_Angbat_20200608_20201117_SF40_ETOH_s1_r1
ARMS_TZS_Angbat_20200608_20201117_SF40_ETOH_s1_r1:Otu273,MaterialSample,ARMS-MBON,data_release_002,present,ARMS_TZS_Angbat_20200608_20201117,SAMEA10020995,2020-06-08/2020-11-17,5,DNA sequence reads,21967,DNA sequence reads,https://github.com/arms-mbon/documentation/tree/main/armsmbon_handbook,ERR7125506,PEMA v2.1.4 https://github.com/hariszaf/pema | https://github.com/arms-mbon/analysis_release_002/tree/main/parameter_files,CREST classifier; Minimum bit-score 155; LCA bitscore range 2% | PR2 v4.13 | VSEARCH v2.9.1; clustering similarity 97%,Tammisaaren Ja Hangon Saariston Ja Pohjanpitäjänlahden Merensuojelualue (http://marineregions.org/mrgid/27436),59.841505,23.248879,FI,TZS_Angbat,4.0,4.0,Marine Protected Area; Long-Term Ecological Research Site; continuous hydrographic monitoring; protected; 9.4 - Subtidal Sandy,,Was a crate cover used when retrieving the unit: not provided; Which component of the ARMS unit material was extracted: Sessile,https://github.com/arms-mbon/data_release_002,Main genome;Eukaryota;Opisthokonta;Metazoa;Gastrotricha;NA;NA;NA;NA;NA;NA,urn:lsid:marinespecies.org:taxname:2078,Gastrotricha,Phylum,Otu273,NCBI:33313,ARMS_TZS_Angbat_20200608_20201117_SF40_ETOH_s1_r1
ARMS_TZS_Angbat_20200608_20201117_SF40_ETOH_s1_r1:Otu272,MaterialSample,ARMS-MBON,data_release_002,present,ARMS_TZS_Angbat_20200608_20201117,SAMEA10020995,2020-06-08/2020-11-17,5,DNA sequence reads,21967,DNA sequence reads,https://github.com/arms-mbon/documentation/tree/main/armsmbon_handbook,ERR7125506,PEMA v2.1.4 https://github.com/hariszaf/pema | https://github.com/arms-mbon/analysis_release_002/tree/main/parameter_files,CREST classifier; Minimum bit-score 155; LCA bitscore range 2% | PR2 v4.13 | VSEARCH v2.9.1; clustering similarity 97%,Tammisaaren Ja Hangon Saariston Ja Pohjanpitäjänlahden Merensuojelualue (http://marineregions.org/mrgid/27436),59.841505,23.248879,FI,TZS_Angbat,4.0,4.0,Marine Protected Area; Long-Term Ecological Research Site; continuous hydrographic monitoring; protected; 9.4 - Subtidal Sandy,uncertain classification (not marine),Was a crate cover used when retrieving the unit: not provided; Which component of the ARMS unit material was extracted: Sessile,https://github.com/arms-mbon/data_release_002,Main genome;Eukaryota;Opisthokonta;Fungi;Zoopagomycota;Zoopagomycotina;NA;NA;NA;NA;NA,urn:lsid:marinespecies.org:taxname:988533,Zoopagomycotina,Subphylum (Subdivision),Otu272,NCBI:451827,ARMS_TZS_Angbat_20200608_20201117_SF40_ETOH_s1_r1
ARMS_TZS_Angbat_20200608_20201117_SF40_ETOH_s1_r1:Otu270,MaterialSample,ARMS-MBON,data_release_002,present,ARMS_TZS_Angbat_20200608_20201117,SAMEA10020995,2020-06-08/2020-11-17,5,DNA sequence reads,21967,DNA sequence reads,https://github.com/arms-mbon/documentation/tree/main/armsmbon_handbook,ERR7125506,PEMA v2.1.4 https://github.com/hariszaf/pema | https://github.com/arms-mbon/analysis_release_002/tree/main/parameter_files,CREST classifier; Minimum bit-score 155; LCA bitscore range 2% | PR2 v4.13 | VSEARCH v2.9.1; clustering similarity 97%,Tammisaaren Ja Hangon Saariston Ja Pohjanpitäjänlahden Merensuojelualue (http://marineregions.org/mrgid/27436),59.841505,23.248879,FI,TZS_Angbat,4.0,4.0,Marine Protected Area; Long-Term Ecological Research Site; continuous hydrographic monitoring; protected; 9.4 - Subtidal Sandy,uncertain classification (not marine),Was a crate cover used when retrieving the unit: not provided; Which component of the ARMS unit material was extracted: Sessile,https://github.com/arms-mbon/data_release_002,Main genome;Eukaryota;Opisthokonta;Metazoa;Platyhelminthes;Turbellaria;Rhabdocoela;NA;NA;NA;NA,urn:lsid:marinespecies.org:taxname:16236,Rhabdocoela,Order,Otu270,NCBI:27901,ARMS_TZS_Angbat_20200608_20201117_SF40_ETOH_s1_r1
ARMS_TZS_Angbat_20200608_20201117_SF40_ETOH_s1_r1:Otu275,MaterialSample,ARMS-MBON,data_release_002,present,ARMS_TZS_Angbat_20200608_20201117,SAMEA10020995,2020-06-08/2020-11-17,5,DNA sequence reads,21967,DNA sequence reads,https://github.com/arms-mbon/documentation/tree/main/armsmbon_handbook,ERR7125506,PEMA v2.1.4 https://github.com/hariszaf/pema | https://github.com/arms-mbon/analysis_release_002/tree/main/parameter_files,CREST classifier; Minimum bit-score 155; LCA bitscore range 2% | PR2 v4.13 | VSEARCH v2.9.1; clustering similarity 97%,Tammisaaren Ja Hangon Saariston Ja Pohjanpitäjänlahden Merensuojelualue (http://marineregions.org/mrgid/27436),59.841505,23.248879,FI,TZS_Angbat,4.0,4.0,Marine Protected Area; Long-Term Ecological Research Site; continuous hydrographic monitoring; protected; 9.4 - Subtidal Sandy,,Was a crate cover used when retrieving the unit: not provided; Which component of the ARMS unit material was extracted: Sessile,https://github.com/arms-mbon/data_release_002,Main genome;Eukaryota;Stramenopiles;Ochrophyta;Bacillariophyta;Polar-centric-Mediophyceae;Skeletonema;NA;NA;NA;NA,urn:lsid:marinespecies.org:taxname:149073,Skeletonema,Genus,Otu275,NCBI:2842,ARMS_TZS_Angbat_20200608_20201117_SF40_ETOH_s1_r1
ARMS_TZS_Angbat_20200608_20201117_SF40_ETOH_s1_r1:Otu104,MaterialSample,ARMS-MBON,data_release_002,present,ARMS_TZS_Angbat_20200608_20201117,SAMEA10020995,2020-06-08/2020-11-17,18,DNA sequence reads,21967,DNA sequence reads,https://github.com/arms-mbon/documentation/tree/main/armsmbon_handbook,ERR7125506,PEMA v2.1.4 https://github.com/hariszaf/pema | https://github.com/arms-mbon/analysis_release_002/tree/main/parameter_files,CREST classifier; Minimum bit-score 155; LCA bitscore range 2% | PR2 v4.13 | VSEARCH v2.9.1; clustering similarity 97%,Tammisaaren Ja Hangon Saariston Ja Pohjanpitäjänlahden Merensuojelualue (http://marineregions.org/mrgid/27436),59.841505,23.248879,FI,TZS_Angbat,4.0,4.0,Marine Protected Area; Long-Term Ecological Research Site; continuous hydrographic monitoring; protected; 9.4 - Subtidal Sandy,uncertain classification (not marine),Was a crate cover used when retrieving the unit: not provided; Which component of the ARMS unit material was extracted: Sessile,https://github.com/arms-mbon/data_release_002,Main genome;Eukaryota;Alveolata;Ciliophora;Spirotrichea;Hypotrichia;NA;NA;NA;NA;NA,urn:lsid:marinespecies.org:taxname:425500,Hypotrichia,Subclass,Otu104,NCBI:5934,ARMS_TZS_Angbat_20200608_20201117_SF40_ETOH_s1_r1
ARMS_TZS_Angbat_20200608_20201117_SF40_ETOH_s1_r1:Otu101,MaterialSample,ARMS-MBON,data_release_002,present,ARMS_TZS_Angbat_20200608_20201117,SAMEA10020995,2020-06-08/2020-11-17,18,DNA sequence reads,21967,DNA sequence reads,https://github.com/arms-mbon/documentation/tree/main/armsmbon_handbook,ERR7125506,PEMA v2.1.4 https://github.com/hariszaf/pema | https://github.com/arms-mbon/analysis_release_002/tree/main/parameter_files,CREST classifier; Minimum bit-score 155; LCA bitscore range 2% | PR2 v4.13 | VSEARCH v2.9.1; clustering similarity 97%,Tammisaaren Ja Hangon Saariston Ja Pohjanpitäjänlahden Merensuojelualue (http://marineregions.org/mrgid/27436),59.841505,23.248879,FI,TZS_Angbat,4.0,4.0,Marine Protected Area; Long-Term Ecological Research Site; continuous hydrographic monitoring; protected; 9.4 - Subtidal Sandy,,Was a crate cover used when retrieving the unit: not provided; Which component of the ARMS unit material was extracted: Sessile,https://github.com/arms-mbon/data_release_002,Main genome;Eukaryota;Alveolata;Ciliophora;Oligohymenophorea;Peritrichia;Sessilida;NA;NA;NA;NA,urn:lsid:marinespecies.org:taxname:414711,Sessilida,Order,Otu101,NCBI:1974272,ARMS_TZS_Angbat_20200608_20201117_SF40_ETOH_s1_r1
ARMS_TZS_Angbat_20200608_20201117_SF40_ETOH_s1_r1:Otu103,MaterialSample,ARMS-MBON,data_release_002,present,ARMS_TZS_Angbat_20200608_20201117,SAMEA10020995,2020-06-08/2020-11-17,18,DNA sequence reads,21967,DNA sequence reads,https://github.com/arms-mbon/documentation/tree/main/armsmbon_handbook,ERR7125506,PEMA v2.1.4 https://github.com/hariszaf/pema | https://github.com/arms-mbon/analysis_release_002/tree/main/parameter_files,CREST classifier; Minimum bit-score 155; LCA bitscore range 2% | PR2 v4.13 | VSEARCH v2.9.1; clustering similarity 97%,Tammisaaren Ja Hangon Saariston Ja Pohjanpitäjänlahden Merensuojelualue (http://marineregions.org/mrgid/27436),59.841505,23.248879,FI,TZS_Angbat,4.0,4.0,Marine Protected Area; Long-Term Ecological Research Site; continuous hydrographic monitoring; protected; 9.4 - Subtidal Sandy,,Was a crate cover used when retrieving the unit: not provided; Which component of the ARMS unit material was extracted: Sessile,https://github.com/arms-mbon/data_release_002,Main genome;Eukaryota;Opisthokonta;Metazoa;Platyhelminthes;Turbellaria;Acoelomorpha;Philocelis;NA;NA;NA,urn:lsid:marinespecies.org:taxname:142183,Philocelis,Genus,Otu103,NCBI:188045,ARMS_TZS_Angbat_20200608_20201117_SF40_ETOH_s1_r1
ARMS_TZS_Angbat_20200608_20201117_SF40_ETOH_s1_r1:Otu90,MaterialSample,ARMS-MBON,data_release_002,present,ARMS_TZS_Angbat_20200608_20201117,SAMEA10020995,2020-06-08/2020-11-17,22,DNA sequence reads,21967,DNA sequence reads,https://github.com/arms-mbon/documentation/tree/main/armsmbon_handbook,ERR7125506,PEMA v2.1.4 https://github.com/hariszaf/pema | https://github.com/arms-mbon/analysis_release_002/tree/main/parameter_files,CREST classifier; Minimum bit-score 155; LCA bitscore range 2% | PR2 v4.13 | VSEARCH v2.9.1; clustering similarity 97%,Tammisaaren Ja Hangon Saariston Ja Pohjanpitäjänlahden Merensuojelualue (http://marineregions.org/mrgid/27436),59.841505,23.248879,FI,TZS_Angbat,4.0,4.0,Marine Protected Area; Long-Term Ecological Research Site; continuous hydrographic monitoring; protected; 9.4 - Subtidal Sandy,,Was a crate cover used when retrieving the unit: not provided; Which component of the ARMS unit material was extracted: Sessile,https://github.com/arms-mbon/data_release_002,Main genome;Eukaryota;Opisthokonta;Metazoa;Platyhelminthes;Turbellaria;Acoelomorpha;Postmecynostomum;pictum;NA;Postmecynostomum pictum,urn:lsid:marinespecies.org:taxname:142690,Postmecynostomum pictum,Species,Otu90,NCBI:90926,ARMS_TZS_Angbat_20200608_20201117_SF40_ETOH_s1_r1
ARMS_TZS_Angbat_20200608_20201117_SF40_ETOH_s1_r1:Otu326,MaterialSample,ARMS-MBON,data_release_002,present,ARMS_TZS_Angbat_20200608_20201117,SAMEA10020995,2020-06-08/2020-11-17,2,DNA sequence reads,21967,DNA sequence reads,https://github.com/arms-mbon/documentation/tree/main/armsmbon_handbook,ERR7125506,PEMA v2.1.4 https://github.com/hariszaf/pema | https://github.com/arms-mbon/analysis_release_002/tree/main/parameter_files,CREST classifier; Minimum bit-score 155; LCA bitscore range 2% | PR2 v4.13 | VSEARCH v2.9.1; clustering similarity 97%,Tammisaaren Ja Hangon Saariston Ja Pohjanpitäjänlahden Merensuojelualue (http://marineregions.org/mrgid/27436),59.841505,23.248879,FI,TZS_Angbat,4.0,4.0,Marine Protected Area; Long-Term Ecological Research Site; continuous hydrographic monitoring; protected; 9.4 - Subtidal Sandy,,Was a crate cover used when retrieving the unit: not provided; Which component of the ARMS unit material was extracted: Sessile,https://github.com/arms-mbon/data_release_002,Main genome;Eukaryota;Opisthokonta;Metazoa;Arthropoda;Crustacea;Ostracoda;Howeina;NA;NA;NA,urn:lsid:marinespecies.org:taxname:422842,Howeina,Genus,Otu326,NCBI:182551,ARMS_TZS_Angbat_20200608_20201117_SF40_ETOH_s1_r1
ARMS_TZS_Angbat_20200608_20201117_SF40_ETOH_s1_r1:Otu320,MaterialSample,ARMS-MBON,data_release_002,present,ARMS_TZS_Angbat_20200608_20201117,SAMEA10020995,2020-06-08/2020-11-17,2,DNA sequence reads,21967,DNA sequence reads,https://github.com/arms-mbon/documentation/tree/main/armsmbon_handbook,ERR7125506,PEMA v2.1.4 https://github.com/hariszaf/pema | https://github.com/arms-mbon/analysis_release_002/tree/main/parameter_files,CREST classifier; Minimum bit-score 155; LCA bitscore range 2% | PR2 v4.13 | VSEARCH v2.9.1; clustering similarity 97%,Tammisaaren Ja Hangon Saariston Ja Pohjanpitäjänlahden Merensuojelualue (http://marineregions.org/mrgid/27436),59.841505,23.248879,FI,TZS_Angbat,4.0,4.0,Marine Protected Area; Long-Term Ecological Research Site; continuous hydrographic monitoring; protected; 9.4 - Subtidal Sandy,,Was a crate cover used when retrieving the unit: not provided; Which component of the ARMS unit material was extracted: Sessile,https://github.com/arms-mbon/data_release_002,Main genome;Eukaryota;Alveolata;Ciliophora;Heterotrichea;Stentoridae;Stentor;NA;NA;NA;NA,urn:lsid:marinespecies.org:taxname:416015,Stentor,Genus,Otu320,NCBI:5962,ARMS_TZS_Angbat_20200608_20201117_SF40_ETOH_s1_r1
ARMS_TZS_Angbat_20200608_20201117_SF40_ETOH_s1_r1:Otu141,MaterialSample,ARMS-MBON,data_release_002,present,ARMS_TZS_Angbat_20200608_20201117,SAMEA10020995,2020-06-08/2020-11-17,2,DNA sequence reads,21967,DNA sequence reads,https://github.com/arms-mbon/documentation/tree/main/armsmbon_handbook,ERR7125506,PEMA v2.1.4 https://github.com/hariszaf/pema | https://github.com/arms-mbon/analysis_release_002/tree/main/parameter_files,CREST classifier; Minimum bit-score 155; LCA bitscore range 2% | PR2 v4.13 | VSEARCH v2.9.1; clustering similarity 97%,Tammisaaren Ja Hangon Saariston Ja Pohjanpitäjänlahden Merensuojelualue (http://marineregions.org/mrgid/27436),59.841505,23.248879,FI,TZS_Angbat,4.0,4.0,Marine Protected Area; Long-Term Ecological Research Site; continuous hydrographic monitoring; protected; 9.4 - Subtidal Sandy,,Was a crate cover used when retrieving the unit: not provided; Which component of the ARMS unit material was extracted: Sessile,https://github.com/arms-mbon/data_release_002,Main genome;Eukaryota;Opisthokonta;Metazoa;Craniata;NA;NA;NA;NA;NA;NA,urn:lsid:marinespecies.org:taxname:104019,Craniata,Class,Otu141,NCBI:89593,ARMS_TZS_Angbat_20200608_20201117_SF40_ETOH_s1_r1
ARMS_TZS_Angbat_20200608_20201117_SF40_ETOH_s1_r1:Otu143,MaterialSample,ARMS-MBON,data_release_002,present,ARMS_TZS_Angbat_20200608_20201117,SAMEA10020995,2020-06-08/2020-11-17,14,DNA sequence reads,21967,DNA sequence reads,https://github.com/arms-mbon/documentation/tree/main/armsmbon_handbook,ERR7125506,PEMA v2.1.4 https://github.com/hariszaf/pema | https://github.com/arms-mbon/analysis_release_002/tree/main/parameter_files,CREST classifier; Minimum bit-score 155; LCA bitscore range 2% | PR2 v4.13 | VSEARCH v2.9.1; clustering similarity 97%,Tammisaaren Ja Hangon Saariston Ja Pohjanpitäjänlahden Merensuojelualue (http://marineregions.org/mrgid/27436),59.841505,23.248879,FI,TZS_Angbat,4.0,4.0,Marine Protected Area; Long-Term Ecological Research Site; continuous hydrographic monitoring; protected; 9.4 - Subtidal Sandy,uncertain classification (not marine),Was a crate cover used when retrieving the unit: not provided; Which component of the ARMS unit material was extracted: Sessile,https://github.com/arms-mbon/data_release_002,Main genome;Eukaryota;Opisthokonta;Metazoa;Arthropoda;Chelicerata;Arachnida;NA;NA;NA;NA,urn:lsid:marinespecies.org:taxname:1300,Arachnida,Class,Otu143,NCBI:6854,ARMS_TZS_Angbat_20200608_20201117_SF40_ETOH_s1_r1
ARMS_TZS_Angbat_20200608_20201117_SF40_ETOH_s1_r1:Otu144,MaterialSample,ARMS-MBON,data_release_002,present,ARMS_TZS_Angbat_20200608_20201117,SAMEA10020995,2020-06-08/2020-11-17,12,DNA sequence reads,21967,DNA sequence reads,https://github.com/arms-mbon/documentation/tree/main/armsmbon_handbook,ERR7125506,PEMA v2.1.4 https://github.com/hariszaf/pema | https://github.com/arms-mbon/analysis_release_002/tree/main/parameter_files,CREST classifier; Minimum bit-score 155; LCA bitscore range 2% | PR2 v4.13 | VSEARCH v2.9.1; clustering similarity 97%,Tammisaaren Ja Hangon Saariston Ja Pohjanpitäjänlahden Merensuojelualue (http://marineregions.org/mrgid/27436),59.841505,23.248879,FI,TZS_Angbat,4.0,4.0,Marine Protected Area; Long-Term Ecological Research Site; continuous hydrographic monitoring; protected; 9.4 - Subtidal Sandy,,Was a crate cover used when retrieving the unit: not provided; Which component of the ARMS unit material was extracted: Sessile,https://github.com/arms-mbon/data_release_002,Main genome;Eukaryota;Opisthokonta;Metazoa;Porifera;Demospongiae;Spongilla;NA;NA;NA;NA,urn:lsid:marinespecies.org:taxname:167224,Spongilla,Genus,Otu144,NCBI:6054,ARMS_TZS_Angbat_20200608_20201117_SF40_ETOH_s1_r1
ARMS_TZS_Angbat_20200608_20201117_SF40_ETOH_s1_r1:Otu45,MaterialSample,ARMS-MBON,data_release_002,present,ARMS_TZS_Angbat_20200608_20201117,SAMEA10020995,2020-06-08/2020-11-17,2,DNA sequence reads,21967,DNA sequence reads,https://github.com/arms-mbon/documentation/tree/main/armsmbon_handbook,ERR7125506,PEMA v2.1.4 https://github.com/hariszaf/pema | https://github.com/arms-mbon/analysis_release_002/tree/main/parameter_files,CREST classifier; Minimum bit-score 155; LCA bitscore range 2% | PR2 v4.13 | VSEARCH v2.9.1; clustering similarity 97%,Tammisaaren Ja Hangon Saariston Ja Pohjanpitäjänlahden Merensuojelualue (http://marineregions.org/mrgid/27436),59.841505,23.248879,FI,TZS_Angbat,4.0,4.0,Marine Protected Area; Long-Term Ecological Research Site; continuous hydrographic monitoring; protected; 9.4 - Subtidal Sandy,uncertain classification (not marine),Was a crate cover used when retrieving the unit: not provided; Which component of the ARMS unit material was extracted: Sessile,https://github.com/arms-mbon/data_release_002,Main genome;Eukaryota;Opisthokonta;Metazoa;Platyhelminthes;Turbellaria;Rhabdocoela;NA;NA;NA;NA,urn:lsid:marinespecies.org:taxname:16236,Rhabdocoela,Order,Otu45,NCBI:27901,ARMS_TZS_Angbat_20200608_20201117_SF40_ETOH_s1_r1
ARMS_TZS_Angbat_20200608_20201117_SF40_ETOH_s1_r1:Otu44,MaterialSample,ARMS-MBON,data_release_002,present,ARMS_TZS_Angbat_20200608_20201117,SAMEA10020995,2020-06-08/2020-11-17,23,DNA sequence reads,21967,DNA sequence reads,https://github.com/arms-mbon/documentation/tree/main/armsmbon_handbook,ERR7125506,PEMA v2.1.4 https://github.com/hariszaf/pema | https://github.com/arms-mbon/analysis_release_002/tree/main/parameter_files,CREST classifier; Minimum bit-score 155; LCA bitscore range 2% | PR2 v4.13 | VSEARCH v2.9.1; clustering similarity 97%,Tammisaaren Ja Hangon Saariston Ja Pohjanpitäjänlahden Merensuojelualue (http://marineregions.org/mrgid/27436),59.841505,23.248879,FI,TZS_Angbat,4.0,4.0,Marine Protected Area; Long-Term Ecological Research Site; continuous hydrographic monitoring; protected; 9.4 - Subtidal Sandy,,Was a crate cover used when retrieving the unit: not provided; Which component of the ARMS unit material was extracted: Sessile,https://github.com/arms-mbon/data_release_002,Main genome;Eukaryota;Stramenopiles;Ochrophyta;Bacillariophyta;Radial-centric-basal-Coscinodiscophyceae;NA;NA;NA;NA;NA,urn:lsid:marinespecies.org:taxname:148900,Coscinodiscophyceae,Class,Otu44,NCBI:33836,ARMS_TZS_Angbat_20200608_20201117_SF40_ETOH_s1_r1
ARMS_TZS_Angbat_20200608_20201117_SF40_ETOH_s1_r1:Otu40,MaterialSample,ARMS-MBON,data_release_002,present,ARMS_TZS_Angbat_20200608_20201117,SAMEA10020995,2020-06-08/2020-11-17,72,DNA sequence reads,21967,DNA sequence reads,https://github.com/arms-mbon/documentation/tree/main/armsmbon_handbook,ERR7125506,PEMA v2.1.4 https://github.com/hariszaf/pema | https://github.com/arms-mbon/analysis_release_002/tree/main/parameter_files,CREST classifier; Minimum bit-score 155; LCA bitscore range 2% | PR2 v4.13 | VSEARCH v2.9.1; clustering similarity 97%,Tammisaaren Ja Hangon Saariston Ja Pohjanpitäjänlahden Merensuojelualue (http://marineregions.org/mrgid/27436),59.841505,23.248879,FI,TZS_Angbat,4.0,4.0,Marine Protected Area; Long-Term Ecological Research Site; continuous hydrographic monitoring; protected; 9.4 - Subtidal Sandy,,Was a crate cover used when retrieving the unit: not provided; Which component of the ARMS unit material was extracted: Sessile,https://github.com/arms-mbon/data_release_002,Main genome;Eukaryota;Archaeplastida;Rhodophyta;Florideophyceae;Ceramiales;Rhodomelaceae;NA;NA;NA;NA,urn:lsid:marinespecies.org:taxname:143674,Rhodomelaceae,Family,Otu40,NCBI:2803,ARMS_TZS_Angbat_20200608_20201117_SF40_ETOH_s1_r1
ARMS_TZS_Angbat_20200608_20201117_SF40_ETOH_s1_r1:Otu240,MaterialSample,ARMS-MBON,data_release_002,present,ARMS_TZS_Angbat_20200608_20201117,SAMEA10020995,2020-06-08/2020-11-17,6,DNA sequence reads,21967,DNA sequence reads,https://github.com/arms-mbon/documentation/tree/main/armsmbon_handbook,ERR7125506,PEMA v2.1.4 https://github.com/hariszaf/pema | https://github.com/arms-mbon/analysis_release_002/tree/main/parameter_files,CREST classifier; Minimum bit-score 155; LCA bitscore range 2% | PR2 v4.13 | VSEARCH v2.9.1; clustering similarity 97%,Tammisaaren Ja Hangon Saariston Ja Pohjanpitäjänlahden Merensuojelualue (http://marineregions.org/mrgid/27436),59.841505,23.248879,FI,TZS_Angbat,4.0,4.0,Marine Protected Area; Long-Term Ecological Research Site; continuous hydrographic monitoring; protected; 9.4 - Subtidal Sandy,,Was a crate cover used when retrieving the unit: not provided; Which component of the ARMS unit material was extracted: Sessile,https://github.com/arms-mbon/data_release_002,Main genome;Eukaryota;Stramenopiles;Ochrophyta;Bacillariophyta;Raphid-pennate;NA;NA;NA;NA;NA,urn:lsid:marinespecies.org:taxname:148898,Bacillariophyta,Phylum,Otu240,NCBI:2836,ARMS_TZS_Angbat_20200608_20201117_SF40_ETOH_s1_r1
ARMS_TZS_Angbat_20200608_20201117_SF40_ETOH_s1_r1:Otu54,MaterialSample,ARMS-MBON,data_release_002,present,ARMS_TZS_Angbat_20200608_20201117,SAMEA10020995,2020-06-08/2020-11-17,71,DNA sequence reads,21967,DNA sequence reads,https://github.com/arms-mbon/documentation/tree/main/armsmbon_handbook,ERR7125506,PEMA v2.1.4 https://github.com/hariszaf/pema | https://github.com/arms-mbon/analysis_release_002/tree/main/parameter_files,CREST classifier; Minimum bit-score 155; LCA bitscore range 2% | PR2 v4.13 | VSEARCH v2.9.1; clustering similarity 97%,Tammisaaren Ja Hangon Saariston Ja Pohjanpitäjänlahden Merensuojelualue (http://marineregions.org/mrgid/27436),59.841505,23.248879,FI,TZS_Angbat,4.0,4.0,Marine Protected Area; Long-Term Ecological Research Site; continuous hydrographic monitoring; protected; 9.4 - Subtidal Sandy,,Was a crate cover used when retrieving the unit: not provided; Which component of the ARMS unit material was extracted: Sessile,https://github.com/arms-mbon/data_release_002,Main genome;Eukaryota;Opisthokonta;Metazoa;Mollusca;Bivalvia;Heteroconchia;NA;NA;NA;NA,urn:lsid:marinespecies.org:taxname:1424949,Heteroconchia,Infraclass,Otu54,NCBI:6599,ARMS_TZS_Angbat_20200608_20201117_SF40_ETOH_s1_r1
ARMS_TZS_Angbat_20200608_20201117_SF40_ETOH_s1_r1:Otu55,MaterialSample,ARMS-MBON,data_release_002,present,ARMS_TZS_Angbat_20200608_20201117,SAMEA10020995,2020-06-08/2020-11-17,49,DNA sequence reads,21967,DNA sequence reads,https://github.com/arms-mbon/documentation/tree/main/armsmbon_handbook,ERR7125506,PEMA v2.1.4 https://github.com/hariszaf/pema | https://github.com/arms-mbon/analysis_release_002/tree/main/parameter_files,CREST classifier; Minimum bit-score 155; LCA bitscore range 2% | PR2 v4.13 | VSEARCH v2.9.1; clustering similarity 97%,Tammisaaren Ja Hangon Saariston Ja Pohjanpitäjänlahden Merensuojelualue (http://marineregions.org/mrgid/27436),59.841505,23.248879,FI,TZS_Angbat,4.0,4.0,Marine Protected Area; Long-Term Ecological Research Site; continuous hydrographic monitoring; protected; 9.4 - Subtidal Sandy,uncertain classification (not marine),Was a crate cover used when retrieving the unit: not provided; Which component of the ARMS unit material was extracted: Sessile,https://github.com/arms-mbon/data_release_002,Main genome;Eukaryota;Opisthokonta;Metazoa;Platyhelminthes;Turbellaria;Rhabdocoela;NA;NA;NA;NA,urn:lsid:marinespecies.org:taxname:16236,Rhabdocoela,Order,Otu55,NCBI:27901,ARMS_TZS_Angbat_20200608_20201117_SF40_ETOH_s1_r1
ARMS_TZS_Angbat_20200608_20201117_SF40_ETOH_s1_r1:Otu440,MaterialSample,ARMS-MBON,data_release_002,present,ARMS_TZS_Angbat_20200608_20201117,SAMEA10020995,2020-06-08/2020-11-17,2,DNA sequence reads,21967,DNA sequence reads,https://github.com/arms-mbon/documentation/tree/main/armsmbon_handbook,ERR7125506,PEMA v2.1.4 https://github.com/hariszaf/pema | https://github.com/arms-mbon/analysis_release_002/tree/main/parameter_files,CREST classifier; Minimum bit-score 155; LCA bitscore range 2% | PR2 v4.13 | VSEARCH v2.9.1; clustering similarity 97%,Tammisaaren Ja Hangon Saariston Ja Pohjanpitäjänlahden Merensuojelualue (http://marineregions.org/mrgid/27436),59.841505,23.248879,FI,TZS_Angbat,4.0,4.0,Marine Protected Area; Long-Term Ecological Research Site; continuous hydrographic monitoring; protected; 9.4 - Subtidal Sandy,,Was a crate cover used when retrieving the unit: not provided; Which component of the ARMS unit material was extracted: Sessile,https://github.com/arms-mbon/data_release_002,Main genome;Eukaryota;Opisthokonta;Metazoa;Arthropoda;Crustacea;Maxillopoda;Argulus;NA;NA;NA,urn:lsid:marinespecies.org:taxname:104071,Argulus,Genus,Otu440,NCBI:179104,ARMS_TZS_Angbat_20200608_20201117_SF40_ETOH_s1_r1
ARMS_TZS_Angbat_20200608_20201117_SF40_ETOH_s1_r1:Otu441,MaterialSample,ARMS-MBON,data_release_002,present,ARMS_TZS_Angbat_20200608_20201117,SAMEA10020995,2020-06-08/2020-11-17,2,DNA sequence reads,21967,DNA sequence reads,https://github.com/arms-mbon/documentation/tree/main/armsmbon_handbook,ERR7125506,PEMA v2.1.4 https://github.com/hariszaf/pema | https://github.com/arms-mbon/analysis_release_002/tree/main/parameter_files,CREST classifier; Minimum bit-score 155; LCA bitscore range 2% | PR2 v4.13 | VSEARCH v2.9.1; clustering similarity 97%,Tammisaaren Ja Hangon Saariston Ja Pohjanpitäjänlahden Merensuojelualue (http://marineregions.org/mrgid/27436),59.841505,23.248879,FI,TZS_Angbat,4.0,4.0,Marine Protected Area; Long-Term Ecological Research Site; continuous hydrographic monitoring; protected; 9.4 - Subtidal Sandy,,Was a crate cover used when retrieving the unit: not provided; Which component of the ARMS unit material was extracted: Sessile,https://github.com/arms-mbon/data_release_002,Main genome;Eukaryota;Stramenopiles;Ochrophyta;Bacillariophyta;Araphid-pennate;Tabularia;NA;NA;NA;NA,,Tabularia,genus,Otu441,NCBI:232513,ARMS_TZS_Angbat_20200608_20201117_SF40_ETOH_s1_r1
ARMS_TZS_Angbat_20200608_20201117_SF40_ETOH_s1_r1:Otu442,MaterialSample,ARMS-MBON,data_release_002,present,ARMS_TZS_Angbat_20200608_20201117,SAMEA10020995,2020-06-08/2020-11-17,2,DNA sequence reads,21967,DNA sequence reads,https://github.com/arms-mbon/documentation/tree/main/armsmbon_handbook,ERR7125506,PEMA v2.1.4 https://github.com/hariszaf/pema | https://github.com/arms-mbon/analysis_release_002/tree/main/parameter_files,CREST classifier; Minimum bit-score 155; LCA bitscore range 2% | PR2 v4.13 | VSEARCH v2.9.1; clustering similarity 97%,Tammisaaren Ja Hangon Saariston Ja Pohjanpitäjänlahden Merensuojelualue (http://marineregions.org/mrgid/27436),59.841505,23.248879,FI,TZS_Angbat,4.0,4.0,Marine Protected Area; Long-Term Ecological Research Site; continuous hydrographic monitoring; protected; 9.4 - Subtidal Sandy,uncertain classification (not marine),Was a crate cover used when retrieving the unit: not provided; Which component of the ARMS unit material was extracted: Sessile,https://github.com/arms-mbon/data_release_002,Main genome;Eukaryota;Apusozoa;Apusomonadidae;Group-1;NA;NA;NA;NA;NA;NA,urn:lsid:marinespecies.org:taxname:103424,Apusomonadidae,Family,Otu442,NCBI:172820,ARMS_TZS_Angbat_20200608_20201117_SF40_ETOH_s1_r1
ARMS_TZS_Angbat_20200608_20201117_SF40_ETOH_s1_r1:Otu443,MaterialSample,ARMS-MBON,data_release_002,present,ARMS_TZS_Angbat_20200608_20201117,SAMEA10020995,2020-06-08/2020-11-17,2,DNA sequence reads,21967,DNA sequence reads,https://github.com/arms-mbon/documentation/tree/main/armsmbon_handbook,ERR7125506,PEMA v2.1.4 https://github.com/hariszaf/pema | https://github.com/arms-mbon/analysis_release_002/tree/main/parameter_files,CREST classifier; Minimum bit-score 155; LCA bitscore range 2% | PR2 v4.13 | VSEARCH v2.9.1; clustering similarity 97%,Tammisaaren Ja Hangon Saariston Ja Pohjanpitäjänlahden Merensuojelualue (http://marineregions.org/mrgid/27436),59.841505,23.248879,FI,TZS_Angbat,4.0,4.0,Marine Protected Area; Long-Term Ecological Research Site; continuous hydrographic monitoring; protected; 9.4 - Subtidal Sandy,,Was a crate cover used when retrieving the unit: not provided; Which component of the ARMS unit material was extracted: Sessile,https://github.com/arms-mbon/data_release_002,Main genome;Eukaryota;Hacrobia;Centroheliozoa;Pterocystida;NA;NA;NA;NA;NA;NA,urn:lsid:marinespecies.org:taxname:1748107,Pterocystida,Order,Otu443,NCBI:2607628,ARMS_TZS_Angbat_20200608_20201117_SF40_ETOH_s1_r1
ARMS_TZS_Angbat_20200608_20201117_SF40_ETOH_s1_r1:Otu211,MaterialSample,ARMS-MBON,data_release_002,present,ARMS_TZS_Angbat_20200608_20201117,SAMEA10020995,2020-06-08/2020-11-17,7,DNA sequence reads,21967,DNA sequence reads,https://github.com/arms-mbon/documentation/tree/main/armsmbon_handbook,ERR7125506,PEMA v2.1.4 https://github.com/hariszaf/pema | https://github.com/arms-mbon/analysis_release_002/tree/main/parameter_files,CREST classifier; Minimum bit-score 155; LCA bitscore range 2% | PR2 v4.13 | VSEARCH v2.9.1; clustering similarity 97%,Tammisaaren Ja Hangon Saariston Ja Pohjanpitäjänlahden Merensuojelualue (http://marineregions.org/mrgid/27436),59.841505,23.248879,FI,TZS_Angbat,4.0,4.0,Marine Protected Area; Long-Term Ecological Research Site; continuous hydrographic monitoring; protected; 9.4 - Subtidal Sandy,,Was a crate cover used when retrieving the unit: not provided; Which component of the ARMS unit material was extracted: Sessile,https://github.com/arms-mbon/data_release_002,Main genome;Eukaryota;Opisthokonta;Metazoa;Platyhelminthes;Turbellaria;Rhabdocoela;Acrorhynchides;NA;NA;NA,urn:lsid:marinespecies.org:taxname:142361,Acrorhynchides,Genus,Otu211,NCBI:84149,ARMS_TZS_Angbat_20200608_20201117_SF40_ETOH_s1_r1
ARMS_TZS_Angbat_20200608_20201117_SF40_ETOH_s1_r1:Otu210,MaterialSample,ARMS-MBON,data_release_002,present,ARMS_TZS_Angbat_20200608_20201117,SAMEA10020995,2020-06-08/2020-11-17,7,DNA sequence reads,21967,DNA sequence reads,https://github.com/arms-mbon/documentation/tree/main/armsmbon_handbook,ERR7125506,PEMA v2.1.4 https://github.com/hariszaf/pema | https://github.com/arms-mbon/analysis_release_002/tree/main/parameter_files,CREST classifier; Minimum bit-score 155; LCA bitscore range 2% | PR2 v4.13 | VSEARCH v2.9.1; clustering similarity 97%,Tammisaaren Ja Hangon Saariston Ja Pohjanpitäjänlahden Merensuojelualue (http://marineregions.org/mrgid/27436),59.841505,23.248879,FI,TZS_Angbat,4.0,4.0,Marine Protected Area; Long-Term Ecological Research Site; continuous hydrographic monitoring; protected; 9.4 - Subtidal Sandy,uncertain classification (not marine),Was a crate cover used when retrieving the unit: not provided; Which component of the ARMS unit material was extracted: Sessile,https://github.com/arms-mbon/data_release_002,Main genome;Eukaryota;Opisthokonta;Metazoa;Arthropoda;Crustacea;Maxillopoda;NA;NA;NA;NA,urn:lsid:marinespecies.org:taxname:1066,Crustacea,Subphylum,Otu210,NCBI:6657,ARMS_TZS_Angbat_20200608_20201117_SF40_ETOH_s1_r1
ARMS_TZS_Angbat_20200608_20201117_SF40_ETOH_s1_r1:Otu212,MaterialSample,ARMS-MBON,data_release_002,present,ARMS_TZS_Angbat_20200608_20201117,SAMEA10020995,2020-06-08/2020-11-17,7,DNA sequence reads,21967,DNA sequence reads,https://github.com/arms-mbon/documentation/tree/main/armsmbon_handbook,ERR7125506,PEMA v2.1.4 https://github.com/hariszaf/pema | https://github.com/arms-mbon/analysis_release_002/tree/main/parameter_files,CREST classifier; Minimum bit-score 155; LCA bitscore range 2% | PR2 v4.13 | VSEARCH v2.9.1; clustering similarity 97%,Tammisaaren Ja Hangon Saariston Ja Pohjanpitäjänlahden Merensuojelualue (http://marineregions.org/mrgid/27436),59.841505,23.248879,FI,TZS_Angbat,4.0,4.0,Marine Protected Area; Long-Term Ecological Research Site; continuous hydrographic monitoring; protected; 9.4 - Subtidal Sandy,,Was a crate cover used when retrieving the unit: not provided; Which component of the ARMS unit material was extracted: Sessile,https://github.com/arms-mbon/data_release_002,Main genome;Eukaryota;Rhizaria;Cercozoa;Filosa-Imbricatea;Euglyphida;Cyphoderiidae;Cyphoderia;NA;NA;NA,urn:lsid:marinespecies.org:taxname:136772,Cyphoderia,Genus,Otu212,NCBI:178374,ARMS_TZS_Angbat_20200608_20201117_SF40_ETOH_s1_r1
ARMS_TZS_Angbat_20200608_20201117_SF40_ETOH_s1_r1:Otu46,MaterialSample,ARMS-MBON,data_release_002,present,ARMS_TZS_Angbat_20200608_20201117,SAMEA10020995,2020-06-08/2020-11-17,6,DNA sequence reads,21967,DNA sequence reads,https://github.com/arms-mbon/documentation/tree/main/armsmbon_handbook,ERR7125506,PEMA v2.1.4 https://github.com/hariszaf/pema | https://github.com/arms-mbon/analysis_release_002/tree/main/parameter_files,CREST classifier; Minimum bit-score 155; LCA bitscore range 2% | PR2 v4.13 | VSEARCH v2.9.1; clustering similarity 97%,Tammisaaren Ja Hangon Saariston Ja Pohjanpitäjänlahden Merensuojelualue (http://marineregions.org/mrgid/27436),59.841505,23.248879,FI,TZS_Angbat,4.0,4.0,Marine Protected Area; Long-Term Ecological Research Site; continuous hydrographic monitoring; protected; 9.4 - Subtidal Sandy,,Was a crate cover used when retrieving the unit: not provided; Which component of the ARMS unit material was extracted: Sessile,https://github.com/arms-mbon/data_release_002,Main genome;Eukaryota;Opisthokonta;Metazoa;Mollusca;Gastropoda;Caenogastropoda;Hydrobia;ulvae;NA;Hydrobia ulvae,urn:lsid:marinespecies.org:taxname:151628,Peringia ulvae,Species,Otu46,NCBI:179961,ARMS_TZS_Angbat_20200608_20201117_SF40_ETOH_s1_r1
ARMS_TZS_Angbat_20200608_20201117_SF40_ETOH_s1_r1:Otu363,MaterialSample,ARMS-MBON,data_release_002,present,ARMS_TZS_Angbat_20200608_20201117,SAMEA10020995,2020-06-08/2020-11-17,3,DNA sequence reads,21967,DNA sequence reads,https://github.com/arms-mbon/documentation/tree/main/armsmbon_handbook,ERR7125506,PEMA v2.1.4 https://github.com/hariszaf/pema | https://github.com/arms-mbon/analysis_release_002/tree/main/parameter_files,CREST classifier; Minimum bit-score 155; LCA bitscore range 2% | PR2 v4.13 | VSEARCH v2.9.1; clustering similarity 97%,Tammisaaren Ja Hangon Saariston Ja Pohjanpitäjänlahden Merensuojelualue (http://marineregions.org/mrgid/27436),59.841505,23.248879,FI,TZS_Angbat,4.0,4.0,Marine Protected Area; Long-Term Ecological Research Site; continuous hydrographic monitoring; protected; 9.4 - Subtidal Sandy,,Was a crate cover used when retrieving the unit: not provided; Which component of the ARMS unit material was extracted: Sessile,https://github.com/arms-mbon/data_release_002,Main genome;Eukaryota;Opisthokonta;Metazoa;Bryozoa;NA;NA;NA;NA;NA;NA,urn:lsid:marinespecies.org:taxname:146142,Bryozoa,Phylum,Otu363,NCBI:10205,ARMS_TZS_Angbat_20200608_20201117_SF40_ETOH_s1_r1
ARMS_TZS_Angbat_20200608_20201117_SF40_ETOH_s1_r1:Otu362,MaterialSample,ARMS-MBON,data_release_002,present,ARMS_TZS_Angbat_20200608_20201117,SAMEA10020995,2020-06-08/2020-11-17,3,DNA sequence reads,21967,DNA sequence reads,https://github.com/arms-mbon/documentation/tree/main/armsmbon_handbook,ERR7125506,PEMA v2.1.4 https://github.com/hariszaf/pema | https://github.com/arms-mbon/analysis_release_002/tree/main/parameter_files,CREST classifier; Minimum bit-score 155; LCA bitscore range 2% | PR2 v4.13 | VSEARCH v2.9.1; clustering similarity 97%,Tammisaaren Ja Hangon Saariston Ja Pohjanpitäjänlahden Merensuojelualue (http://marineregions.org/mrgid/27436),59.841505,23.248879,FI,TZS_Angbat,4.0,4.0,Marine Protected Area; Long-Term Ecological Research Site; continuous hydrographic monitoring; protected; 9.4 - Subtidal Sandy,,Was a crate cover used when retrieving the unit: not provided; Which component of the ARMS unit material was extracted: Sessile,https://github.com/arms-mbon/data_release_002,Main genome;Eukaryota;Opisthokonta;Metazoa;Nematoda;Chromadorea;Calomicrolaimus;NA;NA;NA;NA,urn:lsid:marinespecies.org:taxname:153207,Calomicrolaimus,Genus,Otu362,NCBI:320063,ARMS_TZS_Angbat_20200608_20201117_SF40_ETOH_s1_r1
ARMS_TZS_Angbat_20200608_20201117_SF40_ETOH_s1_r1:Otu365,MaterialSample,ARMS-MBON,data_release_002,present,ARMS_TZS_Angbat_20200608_20201117,SAMEA10020995,2020-06-08/2020-11-17,6,DNA sequence reads,21967,DNA sequence reads,https://github.com/arms-mbon/documentation/tree/main/armsmbon_handbook,ERR7125506,PEMA v2.1.4 https://github.com/hariszaf/pema | https://github.com/arms-mbon/analysis_release_002/tree/main/parameter_files,CREST classifier; Minimum bit-score 155; LCA bitscore range 2% | PR2 v4.13 | VSEARCH v2.9.1; clustering similarity 97%,Tammisaaren Ja Hangon Saariston Ja Pohjanpitäjänlahden Merensuojelualue (http://marineregions.org/mrgid/27436),59.841505,23.248879,FI,TZS_Angbat,4.0,4.0,Marine Protected Area; Long-Term Ecological Research Site; continuous hydrographic monitoring; protected; 9.4 - Subtidal Sandy,uncertain classification (not marine),Was a crate cover used when retrieving the unit: not provided; Which component of the ARMS unit material was extracted: Sessile,https://github.com/arms-mbon/data_release_002,Main genome;Eukaryota;Archaeplastida;Chlorophyta;Ulvophyceae;Ulvales-relatives;NA;NA;NA;NA;NA,urn:lsid:marinespecies.org:taxname:146216,Ulvophyceae,Class,Otu365,NCBI:33103,ARMS_TZS_Angbat_20200608_20201117_SF40_ETOH_s1_r1
ARMS_TZS_Angbat_20200608_20201117_SF40_ETOH_s1_r1:Otu364,MaterialSample,ARMS-MBON,data_release_002,present,ARMS_TZS_Angbat_20200608_20201117,SAMEA10020995,2020-06-08/2020-11-17,5,DNA sequence reads,21967,DNA sequence reads,https://github.com/arms-mbon/documentation/tree/main/armsmbon_handbook,ERR7125506,PEMA v2.1.4 https://github.com/hariszaf/pema | https://github.com/arms-mbon/analysis_release_002/tree/main/parameter_files,CREST classifier; Minimum bit-score 155; LCA bitscore range 2% | PR2 v4.13 | VSEARCH v2.9.1; clustering similarity 97%,Tammisaaren Ja Hangon Saariston Ja Pohjanpitäjänlahden Merensuojelualue (http://marineregions.org/mrgid/27436),59.841505,23.248879,FI,TZS_Angbat,4.0,4.0,Marine Protected Area; Long-Term Ecological Research Site; continuous hydrographic monitoring; protected; 9.4 - Subtidal Sandy,,Was a crate cover used when retrieving the unit: not provided; Which component of the ARMS unit material was extracted: Sessile,https://github.com/arms-mbon/data_release_002,Main genome;Eukaryota;Alveolata;Ciliophora;Oligohymenophorea;Peritrichia;Sessilida;NA;NA;NA;NA,urn:lsid:marinespecies.org:taxname:414711,Sessilida,Order,Otu364,NCBI:1974272,ARMS_TZS_Angbat_20200608_20201117_SF40_ETOH_s1_r1
ARMS_TZS_Angbat_20200608_20201117_SF40_ETOH_s1_r1:Otu367,MaterialSample,ARMS-MBON,data_release_002,present,ARMS_TZS_Angbat_20200608_20201117,SAMEA10020995,2020-06-08/2020-11-17,3,DNA sequence reads,21967,DNA sequence reads,https://github.com/arms-mbon/documentation/tree/main/armsmbon_handbook,ERR7125506,PEMA v2.1.4 https://github.com/hariszaf/pema | https://github.com/arms-mbon/analysis_release_002/tree/main/parameter_files,CREST classifier; Minimum bit-score 155; LCA bitscore range 2% | PR2 v4.13 | VSEARCH v2.9.1; clustering similarity 97%,Tammisaaren Ja Hangon Saariston Ja Pohjanpitäjänlahden Merensuojelualue (http://marineregions.org/mrgid/27436),59.841505,23.248879,FI,TZS_Angbat,4.0,4.0,Marine Protected Area; Long-Term Ecological Research Site; continuous hydrographic monitoring; protected; 9.4 - Subtidal Sandy,uncertain classification (not marine),Was a crate cover used when retrieving the unit: not provided; Which component of the ARMS unit material was extracted: Sessile,https://github.com/arms-mbon/data_release_002,Main genome;Eukaryota;Alveolata;Ciliophora;Spirotrichea;Hypotrichia;Oxytrichidae;NA;NA;NA;NA,urn:lsid:marinespecies.org:taxname:390772,Oxytrichidae,Family,Otu367,NCBI:57506,ARMS_TZS_Angbat_20200608_20201117_SF40_ETOH_s1_r1
ARMS_TZS_Angbat_20200608_20201117_SF40_ETOH_s1_r1:Otu131,MaterialSample,ARMS-MBON,data_release_002,present,ARMS_TZS_Angbat_20200608_20201117,SAMEA10020995,2020-06-08/2020-11-17,4,DNA sequence reads,21967,DNA sequence reads,https://github.com/arms-mbon/documentation/tree/main/armsmbon_handbook,ERR7125506,PEMA v2.1.4 https://github.com/hariszaf/pema | https://github.com/arms-mbon/analysis_release_002/tree/main/parameter_files,CREST classifier; Minimum bit-score 155; LCA bitscore range 2% | PR2 v4.13 | VSEARCH v2.9.1; clustering similarity 97%,Tammisaaren Ja Hangon Saariston Ja Pohjanpitäjänlahden Merensuojelualue (http://marineregions.org/mrgid/27436),59.841505,23.248879,FI,TZS_Angbat,4.0,4.0,Marine Protected Area; Long-Term Ecological Research Site; continuous hydrographic monitoring; protected; 9.4 - Subtidal Sandy,,Was a crate cover used when retrieving the unit: not provided; Which component of the ARMS unit material was extracted: Sessile,https://github.com/arms-mbon/data_release_002,Main genome;Eukaryota;Rhizaria;Cercozoa;NA;NA;NA;NA;NA;NA;NA,urn:lsid:marinespecies.org:taxname:562852,Cercozoa,Phylum,Otu131,NCBI:136419,ARMS_TZS_Angbat_20200608_20201117_SF40_ETOH_s1_r1
ARMS_TZS_Angbat_20200608_20201117_SF40_ETOH_s1_r1:Otu139,MaterialSample,ARMS-MBON,data_release_002,present,ARMS_TZS_Angbat_20200608_20201117,SAMEA10020995,2020-06-08/2020-11-17,13,DNA sequence reads,21967,DNA sequence reads,https://github.com/arms-mbon/documentation/tree/main/armsmbon_handbook,ERR7125506,PEMA v2.1.4 https://github.com/hariszaf/pema | https://github.com/arms-mbon/analysis_release_002/tree/main/parameter_files,CREST classifier; Minimum bit-score 155; LCA bitscore range 2% | PR2 v4.13 | VSEARCH v2.9.1; clustering similarity 97%,Tammisaaren Ja Hangon Saariston Ja Pohjanpitäjänlahden Merensuojelualue (http://marineregions.org/mrgid/27436),59.841505,23.248879,FI,TZS_Angbat,4.0,4.0,Marine Protected Area; Long-Term Ecological Research Site; continuous hydrographic monitoring; protected; 9.4 - Subtidal Sandy,,Was a crate cover used when retrieving the unit: not provided; Which component of the ARMS unit material was extracted: Sessile,https://github.com/arms-mbon/data_release_002,Main genome;Eukaryota;Opisthokonta;Metazoa;Arthropoda;Crustacea;Maxillopoda;Mesochra;NA;NA;NA,urn:lsid:marinespecies.org:taxname:115241,Mesochra,Genus,Otu139,NCBI:512231,ARMS_TZS_Angbat_20200608_20201117_SF40_ETOH_s1_r1
ARMS_TZS_Angbat_20200608_20201117_SF40_ETOH_s1_r1:Otu14,MaterialSample,ARMS-MBON,data_release_002,present,ARMS_TZS_Angbat_20200608_20201117,SAMEA10020995,2020-06-08/2020-11-17,48,DNA sequence reads,21967,DNA sequence reads,https://github.com/arms-mbon/documentation/tree/main/armsmbon_handbook,ERR7125506,PEMA v2.1.4 https://github.com/hariszaf/pema | https://github.com/arms-mbon/analysis_release_002/tree/main/parameter_files,CREST classifier; Minimum bit-score 155; LCA bitscore range 2% | PR2 v4.13 | VSEARCH v2.9.1; clustering similarity 97%,Tammisaaren Ja Hangon Saariston Ja Pohjanpitäjänlahden Merensuojelualue (http://marineregions.org/mrgid/27436),59.841505,23.248879,FI,TZS_Angbat,4.0,4.0,Marine Protected Area; Long-Term Ecological Research Site; continuous hydrographic monitoring; protected; 9.4 - Subtidal Sandy,,Was a crate cover used when retrieving the unit: not provided; Which component of the ARMS unit material was extracted: Sessile,https://github.com/arms-mbon/data_release_002,Main genome;Eukaryota;Opisthokonta;Metazoa;Platyhelminthes;Turbellaria;Seriata;Pentacoelum;NA;NA;NA,urn:lsid:marinespecies.org:taxname:142510,Pentacoelum,Genus,Otu14,NCBI:1070817,ARMS_TZS_Angbat_20200608_20201117_SF40_ETOH_s1_r1
ARMS_TZS_Angbat_20200608_20201117_SF40_ETOH_s1_r1:Otu15,MaterialSample,ARMS-MBON,data_release_002,present,ARMS_TZS_Angbat_20200608_20201117,SAMEA10020995,2020-06-08/2020-11-17,97,DNA sequence reads,21967,DNA sequence reads,https://github.com/arms-mbon/documentation/tree/main/armsmbon_handbook,ERR7125506,PEMA v2.1.4 https://github.com/hariszaf/pema | https://github.com/arms-mbon/analysis_release_002/tree/main/parameter_files,CREST classifier; Minimum bit-score 155; LCA bitscore range 2% | PR2 v4.13 | VSEARCH v2.9.1; clustering similarity 97%,Tammisaaren Ja Hangon Saariston Ja Pohjanpitäjänlahden Merensuojelualue (http://marineregions.org/mrgid/27436),59.841505,23.248879,FI,TZS_Angbat,4.0,4.0,Marine Protected Area; Long-Term Ecological Research Site; continuous hydrographic monitoring; protected; 9.4 - Subtidal Sandy,,Was a crate cover used when retrieving the unit: not provided; Which component of the ARMS unit material was extracted: Sessile,https://github.com/arms-mbon/data_release_002,Main genome;Eukaryota;Alveolata;Ciliophora;Oligohymenophorea;Peritrichia;Sessilida;NA;NA;NA;NA,urn:lsid:marinespecies.org:taxname:414711,Sessilida,Order,Otu15,NCBI:1974272,ARMS_TZS_Angbat_20200608_20201117_SF40_ETOH_s1_r1
ARMS_TZS_Angbat_20200608_20201117_SF40_ETOH_s1_r1:Otu16,MaterialSample,ARMS-MBON,data_release_002,present,ARMS_TZS_Angbat_20200608_20201117,SAMEA10020995,2020-06-08/2020-11-17,9,DNA sequence reads,21967,DNA sequence reads,https://github.com/arms-mbon/documentation/tree/main/armsmbon_handbook,ERR7125506,PEMA v2.1.4 https://github.com/hariszaf/pema | https://github.com/arms-mbon/analysis_release_002/tree/main/parameter_files,CREST classifier; Minimum bit-score 155; LCA bitscore range 2% | PR2 v4.13 | VSEARCH v2.9.1; clustering similarity 97%,Tammisaaren Ja Hangon Saariston Ja Pohjanpitäjänlahden Merensuojelualue (http://marineregions.org/mrgid/27436),59.841505,23.248879,FI,TZS_Angbat,4.0,4.0,Marine Protected Area; Long-Term Ecological Research Site; continuous hydrographic monitoring; protected; 9.4 - Subtidal Sandy,,Was a crate cover used when retrieving the unit: not provided; Which component of the ARMS unit material was extracted: Sessile,https://github.com/arms-mbon/data_release_002,Main genome;Eukaryota;Alveolata;Ciliophora;Heterotrichea;Folliculinidae;NA;NA;NA;NA;NA,urn:lsid:marinespecies.org:taxname:1692,Folliculinidae,Family,Otu16,NCBI:219170,ARMS_TZS_Angbat_20200608_20201117_SF40_ETOH_s1_r1
ARMS_TZS_Angbat_20200608_20201117_SF40_ETOH_s1_r1:Otu17,MaterialSample,ARMS-MBON,data_release_002,present,ARMS_TZS_Angbat_20200608_20201117,SAMEA10020995,2020-06-08/2020-11-17,514,DNA sequence reads,21967,DNA sequence reads,https://github.com/arms-mbon/documentation/tree/main/armsmbon_handbook,ERR7125506,PEMA v2.1.4 https://github.com/hariszaf/pema | https://github.com/arms-mbon/analysis_release_002/tree/main/parameter_files,CREST classifier; Minimum bit-score 155; LCA bitscore range 2% | PR2 v4.13 | VSEARCH v2.9.1; clustering similarity 97%,Tammisaaren Ja Hangon Saariston Ja Pohjanpitäjänlahden Merensuojelualue (http://marineregions.org/mrgid/27436),59.841505,23.248879,FI,TZS_Angbat,4.0,4.0,Marine Protected Area; Long-Term Ecological Research Site; continuous hydrographic monitoring; protected; 9.4 - Subtidal Sandy,,Was a crate cover used when retrieving the unit: not provided; Which component of the ARMS unit material was extracted: Sessile,https://github.com/arms-mbon/data_release_002,Main genome;Eukaryota;Opisthokonta;Metazoa;Mollusca;Bivalvia;Mytiloida;NA;NA;NA;NA,urn:lsid:marinespecies.org:taxname:210,Mytilida,Order,Otu17,NCBI:6546,ARMS_TZS_Angbat_20200608_20201117_SF40_ETOH_s1_r1
ARMS_TZS_Angbat_20200608_20201117_SF40_ETOH_s1_r1:Otu10,MaterialSample,ARMS-MBON,data_release_002,present,ARMS_TZS_Angbat_20200608_20201117,SAMEA10020995,2020-06-08/2020-11-17,66,DNA sequence reads,21967,DNA sequence reads,https://github.com/arms-mbon/documentation/tree/main/armsmbon_handbook,ERR7125506,PEMA v2.1.4 https://github.com/hariszaf/pema | https://github.com/arms-mbon/analysis_release_002/tree/main/parameter_files,CREST classifier; Minimum bit-score 155; LCA bitscore range 2% | PR2 v4.13 | VSEARCH v2.9.1; clustering similarity 97%,Tammisaaren Ja Hangon Saariston Ja Pohjanpitäjänlahden Merensuojelualue (http://marineregions.org/mrgid/27436),59.841505,23.248879,FI,TZS_Angbat,4.0,4.0,Marine Protected Area; Long-Term Ecological Research Site; continuous hydrographic monitoring; protected; 9.4 - Subtidal Sandy,uncertain classification (not marine),Was a crate cover used when retrieving the unit: not provided; Which component of the ARMS unit material was extracted: Sessile,https://github.com/arms-mbon/data_release_002,Main genome;Eukaryota;Opisthokonta;Metazoa;Mollusca;Gastropoda;Neritopsina;NA;NA;NA;NA,urn:lsid:marinespecies.org:taxname:156484,Neritimorpha,Subclass,Otu10,NCBI:119397,ARMS_TZS_Angbat_20200608_20201117_SF40_ETOH_s1_r1
ARMS_TZS_Angbat_20200608_20201117_SF40_ETOH_s1_r1:Otu11,MaterialSample,ARMS-MBON,data_release_002,present,ARMS_TZS_Angbat_20200608_20201117,SAMEA10020995,2020-06-08/2020-11-17,46,DNA sequence reads,21967,DNA sequence reads,https://github.com/arms-mbon/documentation/tree/main/armsmbon_handbook,ERR7125506,PEMA v2.1.4 https://github.com/hariszaf/pema | https://github.com/arms-mbon/analysis_release_002/tree/main/parameter_files,CREST classifier; Minimum bit-score 155; LCA bitscore range 2% | PR2 v4.13 | VSEARCH v2.9.1; clustering similarity 97%,Tammisaaren Ja Hangon Saariston Ja Pohjanpitäjänlahden Merensuojelualue (http://marineregions.org/mrgid/27436),59.841505,23.248879,FI,TZS_Angbat,4.0,4.0,Marine Protected Area; Long-Term Ecological Research Site; continuous hydrographic monitoring; protected; 9.4 - Subtidal Sandy,,Was a crate cover used when retrieving the unit: not provided; Which component of the ARMS unit material was extracted: Sessile,https://github.com/arms-mbon/data_release_002,Main genome;Eukaryota;Opisthokonta;Metazoa;Arthropoda;Crustacea;Maxillopoda;Paramenophia;NA;NA;NA,urn:lsid:marinespecies.org:taxname:150175,Paramenophia,Genus,Otu11,NCBI:512235,ARMS_TZS_Angbat_20200608_20201117_SF40_ETOH_s1_r1
ARMS_TZS_Angbat_20200608_20201117_SF40_ETOH_s1_r1:Otu12,MaterialSample,ARMS-MBON,data_release_002,present,ARMS_TZS_Angbat_20200608_20201117,SAMEA10020995,2020-06-08/2020-11-17,277,DNA sequence reads,21967,DNA sequence reads,https://github.com/arms-mbon/documentation/tree/main/armsmbon_handbook,ERR7125506,PEMA v2.1.4 https://github.com/hariszaf/pema | https://github.com/arms-mbon/analysis_release_002/tree/main/parameter_files,CREST classifier; Minimum bit-score 155; LCA bitscore range 2% | PR2 v4.13 | VSEARCH v2.9.1; clustering similarity 97%,Tammisaaren Ja Hangon Saariston Ja Pohjanpitäjänlahden Merensuojelualue (http://marineregions.org/mrgid/27436),59.841505,23.248879,FI,TZS_Angbat,4.0,4.0,Marine Protected Area; Long-Term Ecological Research Site; continuous hydrographic monitoring; protected; 9.4 - Subtidal Sandy,uncertain classification (not marine),Was a crate cover used when retrieving the unit: not provided; Which component of the ARMS unit material was extracted: Sessile,https://github.com/arms-mbon/data_release_002,Main genome;Eukaryota;Opisthokonta;Metazoa;Annelida;NA;NA;NA;NA;NA;NA,urn:lsid:marinespecies.org:taxname:882,Annelida,Phylum,Otu12,NCBI:6340,ARMS_TZS_Angbat_20200608_20201117_SF40_ETOH_s1_r1
ARMS_TZS_Angbat_20200608_20201117_SF40_ETOH_s1_r1:Otu13,MaterialSample,ARMS-MBON,data_release_002,present,ARMS_TZS_Angbat_20200608_20201117,SAMEA10020995,2020-06-08/2020-11-17,5,DNA sequence reads,21967,DNA sequence reads,https://github.com/arms-mbon/documentation/tree/main/armsmbon_handbook,ERR7125506,PEMA v2.1.4 https://github.com/hariszaf/pema | https://github.com/arms-mbon/analysis_release_002/tree/main/parameter_files,CREST classifier; Minimum bit-score 155; LCA bitscore range 2% | PR2 v4.13 | VSEARCH v2.9.1; clustering similarity 97%,Tammisaaren Ja Hangon Saariston Ja Pohjanpitäjänlahden Merensuojelualue (http://marineregions.org/mrgid/27436),59.841505,23.248879,FI,TZS_Angbat,4.0,4.0,Marine Protected Area; Long-Term Ecological Research Site; continuous hydrographic monitoring; protected; 9.4 - Subtidal Sandy,uncertain classification (not marine),Was a crate cover used when retrieving the unit: not provided; Which component of the ARMS unit material was extracted: Sessile,https://github.com/arms-mbon/data_release_002,Main genome;Eukaryota;Opisthokonta;Metazoa;Mollusca;Gastropoda;Caenogastropoda;NA;NA;NA;NA,urn:lsid:marinespecies.org:taxname:224570,Caenogastropoda,Subclass,Otu13,NCBI:69555,ARMS_TZS_Angbat_20200608_20201117_SF40_ETOH_s1_r1
ARMS_TZS_Angbat_20200608_20201117_SF40_ETOH_s1_r1:Otu19,MaterialSample,ARMS-MBON,data_release_002,present,ARMS_TZS_Angbat_20200608_20201117,SAMEA10020995,2020-06-08/2020-11-17,3,DNA sequence reads,21967,DNA sequence reads,https://github.com/arms-mbon/documentation/tree/main/armsmbon_handbook,ERR7125506,PEMA v2.1.4 https://github.com/hariszaf/pema | https://github.com/arms-mbon/analysis_release_002/tree/main/parameter_files,CREST classifier; Minimum bit-score 155; LCA bitscore range 2% | PR2 v4.13 | VSEARCH v2.9.1; clustering similarity 97%,Tammisaaren Ja Hangon Saariston Ja Pohjanpitäjänlahden Merensuojelualue (http://marineregions.org/mrgid/27436),59.841505,23.248879,FI,TZS_Angbat,4.0,4.0,Marine Protected Area; Long-Term Ecological Research Site; continuous hydrographic monitoring; protected; 9.4 - Subtidal Sandy,,Was a crate cover used when retrieving the unit: not provided; Which component of the ARMS unit material was extracted: Sessile,https://github.com/arms-mbon/data_release_002,Main genome;Eukaryota;Opisthokonta;Metazoa;Urochordata;Ascidiacea;Chelyosoma;NA;NA;NA;NA,urn:lsid:marinespecies.org:taxname:103494,Chelyosoma,Genus,Otu19,NCBI:71176,ARMS_TZS_Angbat_20200608_20201117_SF40_ETOH_s1_r1
ARMS_TZS_Angbat_20200608_20201117_SF40_ETOH_s1_r1:Otu185,MaterialSample,ARMS-MBON,data_release_002,present,ARMS_TZS_Angbat_20200608_20201117,SAMEA10020995,2020-06-08/2020-11-17,7,DNA sequence reads,21967,DNA sequence reads,https://github.com/arms-mbon/documentation/tree/main/armsmbon_handbook,ERR7125506,PEMA v2.1.4 https://github.com/hariszaf/pema | https://github.com/arms-mbon/analysis_release_002/tree/main/parameter_files,CREST classifier; Minimum bit-score 155; LCA bitscore range 2% | PR2 v4.13 | VSEARCH v2.9.1; clustering similarity 97%,Tammisaaren Ja Hangon Saariston Ja Pohjanpitäjänlahden Merensuojelualue (http://marineregions.org/mrgid/27436),59.841505,23.248879,FI,TZS_Angbat,4.0,4.0,Marine Protected Area; Long-Term Ecological Research Site; continuous hydrographic monitoring; protected; 9.4 - Subtidal Sandy,,Was a crate cover used when retrieving the unit: not provided; Which component of the ARMS unit material was extracted: Sessile,https://github.com/arms-mbon/data_release_002,Main genome;Eukaryota;Archaeplastida;Chlorophyta;Ulvophyceae;Ulvales-relatives;Ulva;NA;NA;NA;NA,urn:lsid:marinespecies.org:taxname:144294,Enteromorpha,Genus,Otu185,NCBI:3118,ARMS_TZS_Angbat_20200608_20201117_SF40_ETOH_s1_r1
ARMS_TZS_Kummelkobben_20200608_20201120_MF100_ETOH_s1_r1:Otu318,MaterialSample,ARMS-MBON,data_release_002,present,ARMS_TZS_Kummelkobben_20200608_20201120,SAMEA10020998,2020-06-08/2020-11-20,4,DNA sequence reads,13505,DNA sequence reads,https://github.com/arms-mbon/documentation/tree/main/armsmbon_handbook,ERR7125509,PEMA v2.1.4 https://github.com/hariszaf/pema | https://github.com/arms-mbon/analysis_release_002/tree/main/parameter_files,CREST classifier; Minimum bit-score 155; LCA bitscore range 2% | PR2 v4.13 | VSEARCH v2.9.1; clustering similarity 97%,Tammisaaren Ja Hangon Saariston Ja Pohjanpitäjänlahden Merensuojelualue (http://marineregions.org/mrgid/27436),59.86442,23.265084,FI,TZS_Kummelkobben,3.0,6.0,Long-Term Ecological Research Site; close to industrial port; continuous hydrographic monitoring; LHI (Low human influence); 9.7 - Macroalgal/kelp,,Was a crate cover used when retrieving the unit: not provided; Which component of the ARMS unit material was extracted: Motile,https://github.com/arms-mbon/data_release_002,Main genome;Eukaryota;Stramenopiles;Ochrophyta;Bacillariophyta;Araphid-pennate;NA;NA;NA;NA;NA,urn:lsid:marinespecies.org:taxname:148898,Bacillariophyta,Phylum,Otu318,NCBI:2836,ARMS_TZS_Kummelkobben_20200608_20201120_MF100_ETOH_s1_r1
ARMS_TZS_Kummelkobben_20200608_20201120_MF100_ETOH_s1_r1:Otu319,MaterialSample,ARMS-MBON,data_release_002,present,ARMS_TZS_Kummelkobben_20200608_20201120,SAMEA10020998,2020-06-08/2020-11-20,4,DNA sequence reads,13505,DNA sequence reads,https://github.com/arms-mbon/documentation/tree/main/armsmbon_handbook,ERR7125509,PEMA v2.1.4 https://github.com/hariszaf/pema | https://github.com/arms-mbon/analysis_release_002/tree/main/parameter_files,CREST classifier; Minimum bit-score 155; LCA bitscore range 2% | PR2 v4.13 | VSEARCH v2.9.1; clustering similarity 97%,Tammisaaren Ja Hangon Saariston Ja Pohjanpitäjänlahden Merensuojelualue (http://marineregions.org/mrgid/27436),59.86442,23.265084,FI,TZS_Kummelkobben,3.0,6.0,Long-Term Ecological Research Site; close to industrial port; continuous hydrographic monitoring; LHI (Low human influence); 9.7 - Macroalgal/kelp,,Was a crate cover used when retrieving the unit: not provided; Which component of the ARMS unit material was extracted: Motile,https://github.com/arms-mbon/data_release_002,Main genome;Eukaryota;NA;NA;NA;NA;NA;NA;NA;NA;NA,,Eukaryota,domain,Otu319,NCBI:2759,ARMS_TZS_Kummelkobben_20200608_20201120_MF100_ETOH_s1_r1
ARMS_TZS_Kummelkobben_20200608_20201120_MF100_ETOH_s1_r1:Otu313,MaterialSample,ARMS-MBON,data_release_002,present,ARMS_TZS_Kummelkobben_20200608_20201120,SAMEA10020998,2020-06-08/2020-11-20,4,DNA sequence reads,13505,DNA sequence reads,https://github.com/arms-mbon/documentation/tree/main/armsmbon_handbook,ERR7125509,PEMA v2.1.4 https://github.com/hariszaf/pema | https://github.com/arms-mbon/analysis_release_002/tree/main/parameter_files,CREST classifier; Minimum bit-score 155; LCA bitscore range 2% | PR2 v4.13 | VSEARCH v2.9.1; clustering similarity 97%,Tammisaaren Ja Hangon Saariston Ja Pohjanpitäjänlahden Merensuojelualue (http://marineregions.org/mrgid/27436),59.86442,23.265084,FI,TZS_Kummelkobben,3.0,6.0,Long-Term Ecological Research Site; close to industrial port; continuous hydrographic monitoring; LHI (Low human influence); 9.7 - Macroalgal/kelp,,Was a crate cover used when retrieving the unit: not provided; Which component of the ARMS unit material was extracted: Motile,https://github.com/arms-mbon/data_release_002,Main genome;Eukaryota;Amoebozoa;Lobosa;Discosea-Flabellinia;Vannellida;Vannellidae;NA;NA;NA;NA,urn:lsid:marinespecies.org:taxname:22724,Vannellidae,Family,Otu313,NCBI:95227,ARMS_TZS_Kummelkobben_20200608_20201120_MF100_ETOH_s1_r1
ARMS_TZS_Kummelkobben_20200608_20201120_MF100_ETOH_s1_r1:Otu314,MaterialSample,ARMS-MBON,data_release_002,present,ARMS_TZS_Kummelkobben_20200608_20201120,SAMEA10020998,2020-06-08/2020-11-20,4,DNA sequence reads,13505,DNA sequence reads,https://github.com/arms-mbon/documentation/tree/main/armsmbon_handbook,ERR7125509,PEMA v2.1.4 https://github.com/hariszaf/pema | https://github.com/arms-mbon/analysis_release_002/tree/main/parameter_files,CREST classifier; Minimum bit-score 155; LCA bitscore range 2% | PR2 v4.13 | VSEARCH v2.9.1; clustering similarity 97%,Tammisaaren Ja Hangon Saariston Ja Pohjanpitäjänlahden Merensuojelualue (http://marineregions.org/mrgid/27436),59.86442,23.265084,FI,TZS_Kummelkobben,3.0,6.0,Long-Term Ecological Research Site; close to industrial port; continuous hydrographic monitoring; LHI (Low human influence); 9.7 - Macroalgal/kelp,,Was a crate cover used when retrieving the unit: not provided; Which component of the ARMS unit material was extracted: Motile,https://github.com/arms-mbon/data_release_002,Main genome;Eukaryota;Stramenopiles;Ochrophyta;Bacillariophyta;Radial-centric-basal-Coscinodiscophyceae;NA;NA;NA;NA;NA,urn:lsid:marinespecies.org:taxname:148900,Coscinodiscophyceae,Class,Otu314,NCBI:33836,ARMS_TZS_Kummelkobben_20200608_20201120_MF100_ETOH_s1_r1
ARMS_TZS_Kummelkobben_20200608_20201120_MF100_ETOH_s1_r1:Otu315,MaterialSample,ARMS-MBON,data_release_002,present,ARMS_TZS_Kummelkobben_20200608_20201120,SAMEA10020998,2020-06-08/2020-11-20,4,DNA sequence reads,13505,DNA sequence reads,https://github.com/arms-mbon/documentation/tree/main/armsmbon_handbook,ERR7125509,PEMA v2.1.4 https://github.com/hariszaf/pema | https://github.com/arms-mbon/analysis_release_002/tree/main/parameter_files,CREST classifier; Minimum bit-score 155; LCA bitscore range 2% | PR2 v4.13 | VSEARCH v2.9.1; clustering similarity 97%,Tammisaaren Ja Hangon Saariston Ja Pohjanpitäjänlahden Merensuojelualue (http://marineregions.org/mrgid/27436),59.86442,23.265084,FI,TZS_Kummelkobben,3.0,6.0,Long-Term Ecological Research Site; close to industrial port; continuous hydrographic monitoring; LHI (Low human influence); 9.7 - Macroalgal/kelp,uncertain classification (not marine),Was a crate cover used when retrieving the unit: not provided; Which component of the ARMS unit material was extracted: Motile,https://github.com/arms-mbon/data_release_002,Main genome;Eukaryota;Stramenopiles;Pseudofungi;NA;NA;NA;NA;NA;NA;NA,urn:lsid:marinespecies.org:taxname:368898,Heterokonta,Infrakingdom,Otu315,NCBI:33634,ARMS_TZS_Kummelkobben_20200608_20201120_MF100_ETOH_s1_r1
ARMS_TZS_Kummelkobben_20200608_20201120_MF100_ETOH_s1_r1:Otu316,MaterialSample,ARMS-MBON,data_release_002,present,ARMS_TZS_Kummelkobben_20200608_20201120,SAMEA10020998,2020-06-08/2020-11-20,4,DNA sequence reads,13505,DNA sequence reads,https://github.com/arms-mbon/documentation/tree/main/armsmbon_handbook,ERR7125509,PEMA v2.1.4 https://github.com/hariszaf/pema | https://github.com/arms-mbon/analysis_release_002/tree/main/parameter_files,CREST classifier; Minimum bit-score 155; LCA bitscore range 2% | PR2 v4.13 | VSEARCH v2.9.1; clustering similarity 97%,Tammisaaren Ja Hangon Saariston Ja Pohjanpitäjänlahden Merensuojelualue (http://marineregions.org/mrgid/27436),59.86442,23.265084,FI,TZS_Kummelkobben,3.0,6.0,Long-Term Ecological Research Site; close to industrial port; continuous hydrographic monitoring; LHI (Low human influence); 9.7 - Macroalgal/kelp,uncertain classification (not marine),Was a crate cover used when retrieving the unit: not provided; Which component of the ARMS unit material was extracted: Motile,https://github.com/arms-mbon/data_release_002,Main genome;Eukaryota;Stramenopiles;Ochrophyta;Chrysophyceae;NA;NA;NA;NA;NA;NA,urn:lsid:marinespecies.org:taxname:146230,Chrysophyceae,Class,Otu316,NCBI:2825,ARMS_TZS_Kummelkobben_20200608_20201120_MF100_ETOH_s1_r1
ARMS_TZS_Kummelkobben_20200608_20201120_MF100_ETOH_s1_r1:Otu317,MaterialSample,ARMS-MBON,data_release_002,present,ARMS_TZS_Kummelkobben_20200608_20201120,SAMEA10020998,2020-06-08/2020-11-20,4,DNA sequence reads,13505,DNA sequence reads,https://github.com/arms-mbon/documentation/tree/main/armsmbon_handbook,ERR7125509,PEMA v2.1.4 https://github.com/hariszaf/pema | https://github.com/arms-mbon/analysis_release_002/tree/main/parameter_files,CREST classifier; Minimum bit-score 155; LCA bitscore range 2% | PR2 v4.13 | VSEARCH v2.9.1; clustering similarity 97%,Tammisaaren Ja Hangon Saariston Ja Pohjanpitäjänlahden Merensuojelualue (http://marineregions.org/mrgid/27436),59.86442,23.265084,FI,TZS_Kummelkobben,3.0,6.0,Long-Term Ecological Research Site; close to industrial port; continuous hydrographic monitoring; LHI (Low human influence); 9.7 - Macroalgal/kelp,uncertain classification (not marine),Was a crate cover used when retrieving the unit: not provided; Which component of the ARMS unit material was extracted: Motile,https://github.com/arms-mbon/data_release_002,Main genome;Eukaryota;Rhizaria;Cercozoa;Filosa-Imbricatea;Novel-Clade-2;NA;NA;NA;NA;NA,urn:lsid:marinespecies.org:taxname:591238,Imbricatea,Class,Otu317,NCBI:1736114,ARMS_TZS_Kummelkobben_20200608_20201120_MF100_ETOH_s1_r1
ARMS_TZS_Kummelkobben_20200608_20201120_MF100_ETOH_s1_r1:Otu279,MaterialSample,ARMS-MBON,data_release_002,present,ARMS_TZS_Kummelkobben_20200608_20201120,SAMEA10020998,2020-06-08/2020-11-20,5,DNA sequence reads,13505,DNA sequence reads,https://github.com/arms-mbon/documentation/tree/main/armsmbon_handbook,ERR7125509,PEMA v2.1.4 https://github.com/hariszaf/pema | https://github.com/arms-mbon/analysis_release_002/tree/main/parameter_files,CREST classifier; Minimum bit-score 155; LCA bitscore range 2% | PR2 v4.13 | VSEARCH v2.9.1; clustering similarity 97%,Tammisaaren Ja Hangon Saariston Ja Pohjanpitäjänlahden Merensuojelualue (http://marineregions.org/mrgid/27436),59.86442,23.265084,FI,TZS_Kummelkobben,3.0,6.0,Long-Term Ecological Research Site; close to industrial port; continuous hydrographic monitoring; LHI (Low human influence); 9.7 - Macroalgal/kelp,,Was a crate cover used when retrieving the unit: not provided; Which component of the ARMS unit material was extracted: Motile,https://github.com/arms-mbon/data_release_002,Main genome;Eukaryota;Rhizaria;Cercozoa;NA;NA;NA;NA;NA;NA;NA,urn:lsid:marinespecies.org:taxname:562852,Cercozoa,Phylum,Otu279,NCBI:136419,ARMS_TZS_Kummelkobben_20200608_20201120_MF100_ETOH_s1_r1
ARMS_TZS_Kummelkobben_20200608_20201120_MF100_ETOH_s1_r1:Otu278,MaterialSample,ARMS-MBON,data_release_002,present,ARMS_TZS_Kummelkobben_20200608_20201120,SAMEA10020998,2020-06-08/2020-11-20,5,DNA sequence reads,13505,DNA sequence reads,https://github.com/arms-mbon/documentation/tree/main/armsmbon_handbook,ERR7125509,PEMA v2.1.4 https://github.com/hariszaf/pema | https://github.com/arms-mbon/analysis_release_002/tree/main/parameter_files,CREST classifier; Minimum bit-score 155; LCA bitscore range 2% | PR2 v4.13 | VSEARCH v2.9.1; clustering similarity 97%,Tammisaaren Ja Hangon Saariston Ja Pohjanpitäjänlahden Merensuojelualue (http://marineregions.org/mrgid/27436),59.86442,23.265084,FI,TZS_Kummelkobben,3.0,6.0,Long-Term Ecological Research Site; close to industrial port; continuous hydrographic monitoring; LHI (Low human influence); 9.7 - Macroalgal/kelp,,Was a crate cover used when retrieving the unit: not provided; Which component of the ARMS unit material was extracted: Motile,https://github.com/arms-mbon/data_release_002,Main genome;Eukaryota;Opisthokonta;Metazoa;Craniata;Teleostei;Clupea;harengus;NA;NA;Clupea harengus,urn:lsid:marinespecies.org:taxname:126417,Clupea harengus,Species,Otu278,NCBI:7950,ARMS_TZS_Kummelkobben_20200608_20201120_MF100_ETOH_s1_r1
ARMS_TZS_Kummelkobben_20200608_20201120_MF100_ETOH_s1_r1:Otu252,MaterialSample,ARMS-MBON,data_release_002,present,ARMS_TZS_Kummelkobben_20200608_20201120,SAMEA10020998,2020-06-08/2020-11-20,3,DNA sequence reads,13505,DNA sequence reads,https://github.com/arms-mbon/documentation/tree/main/armsmbon_handbook,ERR7125509,PEMA v2.1.4 https://github.com/hariszaf/pema | https://github.com/arms-mbon/analysis_release_002/tree/main/parameter_files,CREST classifier; Minimum bit-score 155; LCA bitscore range 2% | PR2 v4.13 | VSEARCH v2.9.1; clustering similarity 97%,Tammisaaren Ja Hangon Saariston Ja Pohjanpitäjänlahden Merensuojelualue (http://marineregions.org/mrgid/27436),59.86442,23.265084,FI,TZS_Kummelkobben,3.0,6.0,Long-Term Ecological Research Site; close to industrial port; continuous hydrographic monitoring; LHI (Low human influence); 9.7 - Macroalgal/kelp,,Was a crate cover used when retrieving the unit: not provided; Which component of the ARMS unit material was extracted: Motile,https://github.com/arms-mbon/data_release_002,Main genome;Eukaryota;Opisthokonta;Metazoa;Urochordata;Ascidiacea;NA;NA;NA;NA;NA,urn:lsid:marinespecies.org:taxname:1839,Ascidiacea,Class,Otu252,NCBI:7713,ARMS_TZS_Kummelkobben_20200608_20201120_MF100_ETOH_s1_r1
ARMS_TZS_Kummelkobben_20200608_20201120_MF100_ETOH_s1_r1:Otu29,MaterialSample,ARMS-MBON,data_release_002,present,ARMS_TZS_Kummelkobben_20200608_20201120,SAMEA10020998,2020-06-08/2020-11-20,237,DNA sequence reads,13505,DNA sequence reads,https://github.com/arms-mbon/documentation/tree/main/armsmbon_handbook,ERR7125509,PEMA v2.1.4 https://github.com/hariszaf/pema | https://github.com/arms-mbon/analysis_release_002/tree/main/parameter_files,CREST classifier; Minimum bit-score 155; LCA bitscore range 2% | PR2 v4.13 | VSEARCH v2.9.1; clustering similarity 97%,Tammisaaren Ja Hangon Saariston Ja Pohjanpitäjänlahden Merensuojelualue (http://marineregions.org/mrgid/27436),59.86442,23.265084,FI,TZS_Kummelkobben,3.0,6.0,Long-Term Ecological Research Site; close to industrial port; continuous hydrographic monitoring; LHI (Low human influence); 9.7 - Macroalgal/kelp,,Was a crate cover used when retrieving the unit: not provided; Which component of the ARMS unit material was extracted: Motile,https://github.com/arms-mbon/data_release_002,Main genome;Eukaryota;Stramenopiles;Ochrophyta;Bacillariophyta;Raphid-pennate;NA;NA;NA;NA;NA,urn:lsid:marinespecies.org:taxname:148898,Bacillariophyta,Phylum,Otu29,NCBI:2836,ARMS_TZS_Kummelkobben_20200608_20201120_MF100_ETOH_s1_r1
ARMS_TZS_Kummelkobben_20200608_20201120_MF100_ETOH_s1_r1:Otu25,MaterialSample,ARMS-MBON,data_release_002,present,ARMS_TZS_Kummelkobben_20200608_20201120,SAMEA10020998,2020-06-08/2020-11-20,4,DNA sequence reads,13505,DNA sequence reads,https://github.com/arms-mbon/documentation/tree/main/armsmbon_handbook,ERR7125509,PEMA v2.1.4 https://github.com/hariszaf/pema | https://github.com/arms-mbon/analysis_release_002/tree/main/parameter_files,CREST classifier; Minimum bit-score 155; LCA bitscore range 2% | PR2 v4.13 | VSEARCH v2.9.1; clustering similarity 97%,Tammisaaren Ja Hangon Saariston Ja Pohjanpitäjänlahden Merensuojelualue (http://marineregions.org/mrgid/27436),59.86442,23.265084,FI,TZS_Kummelkobben,3.0,6.0,Long-Term Ecological Research Site; close to industrial port; continuous hydrographic monitoring; LHI (Low human influence); 9.7 - Macroalgal/kelp,uncertain classification (not marine),Was a crate cover used when retrieving the unit: not provided; Which component of the ARMS unit material was extracted: Motile,https://github.com/arms-mbon/data_release_002,Main genome;Eukaryota;Stramenopiles;Sagenista;Labyrinthulomycetes;Labyrinthulida;Labyrinthulaceae;Aplanochytrium;NA;NA;NA,urn:lsid:marinespecies.org:taxname:162949,Aplanochytrium,Genus,Otu25,NCBI:87110,ARMS_TZS_Kummelkobben_20200608_20201120_MF100_ETOH_s1_r1
ARMS_TZS_Kummelkobben_20200608_20201120_MF100_ETOH_s1_r1:Otu24,MaterialSample,ARMS-MBON,data_release_002,present,ARMS_TZS_Kummelkobben_20200608_20201120,SAMEA10020998,2020-06-08/2020-11-20,117,DNA sequence reads,13505,DNA sequence reads,https://github.com/arms-mbon/documentation/tree/main/armsmbon_handbook,ERR7125509,PEMA v2.1.4 https://github.com/hariszaf/pema | https://github.com/arms-mbon/analysis_release_002/tree/main/parameter_files,CREST classifier; Minimum bit-score 155; LCA bitscore range 2% | PR2 v4.13 | VSEARCH v2.9.1; clustering similarity 97%,Tammisaaren Ja Hangon Saariston Ja Pohjanpitäjänlahden Merensuojelualue (http://marineregions.org/mrgid/27436),59.86442,23.265084,FI,TZS_Kummelkobben,3.0,6.0,Long-Term Ecological Research Site; close to industrial port; continuous hydrographic monitoring; LHI (Low human influence); 9.7 - Macroalgal/kelp,,Was a crate cover used when retrieving the unit: not provided; Which component of the ARMS unit material was extracted: Motile,https://github.com/arms-mbon/data_release_002,Main genome;Eukaryota;Alveolata;Ciliophora;Oligohymenophorea;Peritrichia;Sessilida;NA;NA;NA;NA,urn:lsid:marinespecies.org:taxname:414711,Sessilida,Order,Otu24,NCBI:1974272,ARMS_TZS_Kummelkobben_20200608_20201120_MF100_ETOH_s1_r1
ARMS_TZS_Kummelkobben_20200608_20201120_MF100_ETOH_s1_r1:Otu26,MaterialSample,ARMS-MBON,data_release_002,present,ARMS_TZS_Kummelkobben_20200608_20201120,SAMEA10020998,2020-06-08/2020-11-20,3,DNA sequence reads,13505,DNA sequence reads,https://github.com/arms-mbon/documentation/tree/main/armsmbon_handbook,ERR7125509,PEMA v2.1.4 https://github.com/hariszaf/pema | https://github.com/arms-mbon/analysis_release_002/tree/main/parameter_files,CREST classifier; Minimum bit-score 155; LCA bitscore range 2% | PR2 v4.13 | VSEARCH v2.9.1; clustering similarity 97%,Tammisaaren Ja Hangon Saariston Ja Pohjanpitäjänlahden Merensuojelualue (http://marineregions.org/mrgid/27436),59.86442,23.265084,FI,TZS_Kummelkobben,3.0,6.0,Long-Term Ecological Research Site; close to industrial port; continuous hydrographic monitoring; LHI (Low human influence); 9.7 - Macroalgal/kelp,,Was a crate cover used when retrieving the unit: not provided; Which component of the ARMS unit material was extracted: Motile,https://github.com/arms-mbon/data_release_002,Main genome;Eukaryota;Opisthokonta;Metazoa;Arthropoda;Crustacea;Malacostraca;Scylla;NA;NA;NA,urn:lsid:marinespecies.org:taxname:205756,Scylla,Genus,Otu26,NCBI:6760,ARMS_TZS_Kummelkobben_20200608_20201120_MF100_ETOH_s1_r1
ARMS_TZS_Kummelkobben_20200608_20201120_MF100_ETOH_s1_r1:Otu20,MaterialSample,ARMS-MBON,data_release_002,present,ARMS_TZS_Kummelkobben_20200608_20201120,SAMEA10020998,2020-06-08/2020-11-20,314,DNA sequence reads,13505,DNA sequence reads,https://github.com/arms-mbon/documentation/tree/main/armsmbon_handbook,ERR7125509,PEMA v2.1.4 https://github.com/hariszaf/pema | https://github.com/arms-mbon/analysis_release_002/tree/main/parameter_files,CREST classifier; Minimum bit-score 155; LCA bitscore range 2% | PR2 v4.13 | VSEARCH v2.9.1; clustering similarity 97%,Tammisaaren Ja Hangon Saariston Ja Pohjanpitäjänlahden Merensuojelualue (http://marineregions.org/mrgid/27436),59.86442,23.265084,FI,TZS_Kummelkobben,3.0,6.0,Long-Term Ecological Research Site; close to industrial port; continuous hydrographic monitoring; LHI (Low human influence); 9.7 - Macroalgal/kelp,uncertain classification (not marine),Was a crate cover used when retrieving the unit: not provided; Which component of the ARMS unit material was extracted: Motile,https://github.com/arms-mbon/data_release_002,Main genome;Eukaryota;Opisthokonta;Metazoa;Mollusca;Gastropoda;Heterobranchia;NA;NA;NA;NA,urn:lsid:marinespecies.org:taxname:14712,Heterobranchia,Subclass,Otu20,NCBI:216305,ARMS_TZS_Kummelkobben_20200608_20201120_MF100_ETOH_s1_r1
ARMS_TZS_Kummelkobben_20200608_20201120_MF100_ETOH_s1_r1:Otu23,MaterialSample,ARMS-MBON,data_release_002,present,ARMS_TZS_Kummelkobben_20200608_20201120,SAMEA10020998,2020-06-08/2020-11-20,252,DNA sequence reads,13505,DNA sequence reads,https://github.com/arms-mbon/documentation/tree/main/armsmbon_handbook,ERR7125509,PEMA v2.1.4 https://github.com/hariszaf/pema | https://github.com/arms-mbon/analysis_release_002/tree/main/parameter_files,CREST classifier; Minimum bit-score 155; LCA bitscore range 2% | PR2 v4.13 | VSEARCH v2.9.1; clustering similarity 97%,Tammisaaren Ja Hangon Saariston Ja Pohjanpitäjänlahden Merensuojelualue (http://marineregions.org/mrgid/27436),59.86442,23.265084,FI,TZS_Kummelkobben,3.0,6.0,Long-Term Ecological Research Site; close to industrial port; continuous hydrographic monitoring; LHI (Low human influence); 9.7 - Macroalgal/kelp,uncertain classification (not marine),Was a crate cover used when retrieving the unit: not provided; Which component of the ARMS unit material was extracted: Motile,https://github.com/arms-mbon/data_release_002,Main genome;Eukaryota;Alveolata;Ciliophora;Litostomatea;Haptoria;Lacrymariidae;NA;NA;NA;NA,urn:lsid:marinespecies.org:taxname:425420,Lacrymariidae,Family,Otu23,NCBI:375590,ARMS_TZS_Kummelkobben_20200608_20201120_MF100_ETOH_s1_r1
ARMS_TZS_Kummelkobben_20200608_20201120_MF100_ETOH_s1_r1:Otu22,MaterialSample,ARMS-MBON,data_release_002,present,ARMS_TZS_Kummelkobben_20200608_20201120,SAMEA10020998,2020-06-08/2020-11-20,249,DNA sequence reads,13505,DNA sequence reads,https://github.com/arms-mbon/documentation/tree/main/armsmbon_handbook,ERR7125509,PEMA v2.1.4 https://github.com/hariszaf/pema | https://github.com/arms-mbon/analysis_release_002/tree/main/parameter_files,CREST classifier; Minimum bit-score 155; LCA bitscore range 2% | PR2 v4.13 | VSEARCH v2.9.1; clustering similarity 97%,Tammisaaren Ja Hangon Saariston Ja Pohjanpitäjänlahden Merensuojelualue (http://marineregions.org/mrgid/27436),59.86442,23.265084,FI,TZS_Kummelkobben,3.0,6.0,Long-Term Ecological Research Site; close to industrial port; continuous hydrographic monitoring; LHI (Low human influence); 9.7 - Macroalgal/kelp,,Was a crate cover used when retrieving the unit: not provided; Which component of the ARMS unit material was extracted: Motile,https://github.com/arms-mbon/data_release_002,Main genome;Eukaryota;Opisthokonta;Metazoa;Platyhelminthes;Turbellaria;Seriata;Monocelis;NA;NA;NA,urn:lsid:marinespecies.org:taxname:142474,Monocelis,Genus,Otu22,NCBI:44226,ARMS_TZS_Kummelkobben_20200608_20201120_MF100_ETOH_s1_r1
ARMS_TZS_Kummelkobben_20200608_20201120_MF100_ETOH_s1_r1:Otu170,MaterialSample,ARMS-MBON,data_release_002,present,ARMS_TZS_Kummelkobben_20200608_20201120,SAMEA10020998,2020-06-08/2020-11-20,10,DNA sequence reads,13505,DNA sequence reads,https://github.com/arms-mbon/documentation/tree/main/armsmbon_handbook,ERR7125509,PEMA v2.1.4 https://github.com/hariszaf/pema | https://github.com/arms-mbon/analysis_release_002/tree/main/parameter_files,CREST classifier; Minimum bit-score 155; LCA bitscore range 2% | PR2 v4.13 | VSEARCH v2.9.1; clustering similarity 97%,Tammisaaren Ja Hangon Saariston Ja Pohjanpitäjänlahden Merensuojelualue (http://marineregions.org/mrgid/27436),59.86442,23.265084,FI,TZS_Kummelkobben,3.0,6.0,Long-Term Ecological Research Site; close to industrial port; continuous hydrographic monitoring; LHI (Low human influence); 9.7 - Macroalgal/kelp,,Was a crate cover used when retrieving the unit: not provided; Which component of the ARMS unit material was extracted: Motile,https://github.com/arms-mbon/data_release_002,Main genome;Eukaryota;Rhizaria;Cercozoa;Filosa-Thecofilosea;Ventricleftida;NA;NA;NA;NA;NA,urn:lsid:marinespecies.org:taxname:591254,Ventricleftida,Order,Otu170,NCBI:1938500,ARMS_TZS_Kummelkobben_20200608_20201120_MF100_ETOH_s1_r1
ARMS_TZS_Kummelkobben_20200608_20201120_MF100_ETOH_s1_r1:Otu171,MaterialSample,ARMS-MBON,data_release_002,present,ARMS_TZS_Kummelkobben_20200608_20201120,SAMEA10020998,2020-06-08/2020-11-20,10,DNA sequence reads,13505,DNA sequence reads,https://github.com/arms-mbon/documentation/tree/main/armsmbon_handbook,ERR7125509,PEMA v2.1.4 https://github.com/hariszaf/pema | https://github.com/arms-mbon/analysis_release_002/tree/main/parameter_files,CREST classifier; Minimum bit-score 155; LCA bitscore range 2% | PR2 v4.13 | VSEARCH v2.9.1; clustering similarity 97%,Tammisaaren Ja Hangon Saariston Ja Pohjanpitäjänlahden Merensuojelualue (http://marineregions.org/mrgid/27436),59.86442,23.265084,FI,TZS_Kummelkobben,3.0,6.0,Long-Term Ecological Research Site; close to industrial port; continuous hydrographic monitoring; LHI (Low human influence); 9.7 - Macroalgal/kelp,,Was a crate cover used when retrieving the unit: not provided; Which component of the ARMS unit material was extracted: Motile,https://github.com/arms-mbon/data_release_002,Main genome;Eukaryota;Stramenopiles;Ochrophyta;Bacillariophyta;Raphid-pennate;NA;NA;NA;NA;NA,urn:lsid:marinespecies.org:taxname:148898,Bacillariophyta,Phylum,Otu171,NCBI:2836,ARMS_TZS_Kummelkobben_20200608_20201120_MF100_ETOH_s1_r1
ARMS_TZS_Kummelkobben_20200608_20201120_MF100_ETOH_s1_r1:Otu172,MaterialSample,ARMS-MBON,data_release_002,present,ARMS_TZS_Kummelkobben_20200608_20201120,SAMEA10020998,2020-06-08/2020-11-20,14,DNA sequence reads,13505,DNA sequence reads,https://github.com/arms-mbon/documentation/tree/main/armsmbon_handbook,ERR7125509,PEMA v2.1.4 https://github.com/hariszaf/pema | https://github.com/arms-mbon/analysis_release_002/tree/main/parameter_files,CREST classifier; Minimum bit-score 155; LCA bitscore range 2% | PR2 v4.13 | VSEARCH v2.9.1; clustering similarity 97%,Tammisaaren Ja Hangon Saariston Ja Pohjanpitäjänlahden Merensuojelualue (http://marineregions.org/mrgid/27436),59.86442,23.265084,FI,TZS_Kummelkobben,3.0,6.0,Long-Term Ecological Research Site; close to industrial port; continuous hydrographic monitoring; LHI (Low human influence); 9.7 - Macroalgal/kelp,,Was a crate cover used when retrieving the unit: not provided; Which component of the ARMS unit material was extracted: Motile,https://github.com/arms-mbon/data_release_002,Main genome;Eukaryota;Stramenopiles;Ochrophyta;Bacillariophyta;Raphid-pennate;NA;NA;NA;NA;NA,urn:lsid:marinespecies.org:taxname:148898,Bacillariophyta,Phylum,Otu172,NCBI:2836,ARMS_TZS_Kummelkobben_20200608_20201120_MF100_ETOH_s1_r1
ARMS_TZS_Kummelkobben_20200608_20201120_MF100_ETOH_s1_r1:Otu173,MaterialSample,ARMS-MBON,data_release_002,present,ARMS_TZS_Kummelkobben_20200608_20201120,SAMEA10020998,2020-06-08/2020-11-20,10,DNA sequence reads,13505,DNA sequence reads,https://github.com/arms-mbon/documentation/tree/main/armsmbon_handbook,ERR7125509,PEMA v2.1.4 https://github.com/hariszaf/pema | https://github.com/arms-mbon/analysis_release_002/tree/main/parameter_files,CREST classifier; Minimum bit-score 155; LCA bitscore range 2% | PR2 v4.13 | VSEARCH v2.9.1; clustering similarity 97%,Tammisaaren Ja Hangon Saariston Ja Pohjanpitäjänlahden Merensuojelualue (http://marineregions.org/mrgid/27436),59.86442,23.265084,FI,TZS_Kummelkobben,3.0,6.0,Long-Term Ecological Research Site; close to industrial port; continuous hydrographic monitoring; LHI (Low human influence); 9.7 - Macroalgal/kelp,uncertain classification (not marine),Was a crate cover used when retrieving the unit: not provided; Which component of the ARMS unit material was extracted: Motile,https://github.com/arms-mbon/data_release_002,Main genome;Eukaryota;Rhizaria;Cercozoa;Filosa-Granofilosea;Novel-Gran-234;NA;NA;NA;NA;NA,urn:lsid:marinespecies.org:taxname:590925,Granofilosea,Class,Otu173,NCBI:1938466,ARMS_TZS_Kummelkobben_20200608_20201120_MF100_ETOH_s1_r1
ARMS_TZS_Kummelkobben_20200608_20201120_MF100_ETOH_s1_r1:Otu459,MaterialSample,ARMS-MBON,data_release_002,present,ARMS_TZS_Kummelkobben_20200608_20201120,SAMEA10020998,2020-06-08/2020-11-20,2,DNA sequence reads,13505,DNA sequence reads,https://github.com/arms-mbon/documentation/tree/main/armsmbon_handbook,ERR7125509,PEMA v2.1.4 https://github.com/hariszaf/pema | https://github.com/arms-mbon/analysis_release_002/tree/main/parameter_files,CREST classifier; Minimum bit-score 155; LCA bitscore range 2% | PR2 v4.13 | VSEARCH v2.9.1; clustering similarity 97%,Tammisaaren Ja Hangon Saariston Ja Pohjanpitäjänlahden Merensuojelualue (http://marineregions.org/mrgid/27436),59.86442,23.265084,FI,TZS_Kummelkobben,3.0,6.0,Long-Term Ecological Research Site; close to industrial port; continuous hydrographic monitoring; LHI (Low human influence); 9.7 - Macroalgal/kelp,,Was a crate cover used when retrieving the unit: not provided; Which component of the ARMS unit material was extracted: Motile,https://github.com/arms-mbon/data_release_002,Main genome;Eukaryota;Stramenopiles;Ochrophyta;Bacillariophyta;Polar-centric-Mediophyceae;Chaetoceros;NA;NA;NA;NA,urn:lsid:marinespecies.org:taxname:148985,Chaetoceros,Genus,Otu459,NCBI:49237,ARMS_TZS_Kummelkobben_20200608_20201120_MF100_ETOH_s1_r1
ARMS_TZS_Kummelkobben_20200608_20201120_MF100_ETOH_s1_r1:Otu458,MaterialSample,ARMS-MBON,data_release_002,present,ARMS_TZS_Kummelkobben_20200608_20201120,SAMEA10020998,2020-06-08/2020-11-20,2,DNA sequence reads,13505,DNA sequence reads,https://github.com/arms-mbon/documentation/tree/main/armsmbon_handbook,ERR7125509,PEMA v2.1.4 https://github.com/hariszaf/pema | https://github.com/arms-mbon/analysis_release_002/tree/main/parameter_files,CREST classifier; Minimum bit-score 155; LCA bitscore range 2% | PR2 v4.13 | VSEARCH v2.9.1; clustering similarity 97%,Tammisaaren Ja Hangon Saariston Ja Pohjanpitäjänlahden Merensuojelualue (http://marineregions.org/mrgid/27436),59.86442,23.265084,FI,TZS_Kummelkobben,3.0,6.0,Long-Term Ecological Research Site; close to industrial port; continuous hydrographic monitoring; LHI (Low human influence); 9.7 - Macroalgal/kelp,uncertain classification (not marine),Was a crate cover used when retrieving the unit: not provided; Which component of the ARMS unit material was extracted: Motile,https://github.com/arms-mbon/data_release_002,Main genome;Eukaryota;Alveolata;Ciliophora;Colpodea;Colpodida;NA;NA;NA;NA;NA,urn:lsid:marinespecies.org:taxname:414709,Colpodida,Order,Otu458,NCBI:88566,ARMS_TZS_Kummelkobben_20200608_20201120_MF100_ETOH_s1_r1
ARMS_TZS_Kummelkobben_20200608_20201120_MF100_ETOH_s1_r1:Otu453,MaterialSample,ARMS-MBON,data_release_002,present,ARMS_TZS_Kummelkobben_20200608_20201120,SAMEA10020998,2020-06-08/2020-11-20,2,DNA sequence reads,13505,DNA sequence reads,https://github.com/arms-mbon/documentation/tree/main/armsmbon_handbook,ERR7125509,PEMA v2.1.4 https://github.com/hariszaf/pema | https://github.com/arms-mbon/analysis_release_002/tree/main/parameter_files,CREST classifier; Minimum bit-score 155; LCA bitscore range 2% | PR2 v4.13 | VSEARCH v2.9.1; clustering similarity 97%,Tammisaaren Ja Hangon Saariston Ja Pohjanpitäjänlahden Merensuojelualue (http://marineregions.org/mrgid/27436),59.86442,23.265084,FI,TZS_Kummelkobben,3.0,6.0,Long-Term Ecological Research Site; close to industrial port; continuous hydrographic monitoring; LHI (Low human influence); 9.7 - Macroalgal/kelp,,Was a crate cover used when retrieving the unit: not provided; Which component of the ARMS unit material was extracted: Motile,https://github.com/arms-mbon/data_release_002,Main genome;Eukaryota;Stramenopiles;Ochrophyta;Bacillariophyta;Raphid-pennate;Nitzschia;NA;NA;NA;NA,,Nitzschia,genus,Otu453,NCBI:2857,ARMS_TZS_Kummelkobben_20200608_20201120_MF100_ETOH_s1_r1
ARMS_TZS_Kummelkobben_20200608_20201120_MF100_ETOH_s1_r1:Otu451,MaterialSample,ARMS-MBON,data_release_002,present,ARMS_TZS_Kummelkobben_20200608_20201120,SAMEA10020998,2020-06-08/2020-11-20,2,DNA sequence reads,13505,DNA sequence reads,https://github.com/arms-mbon/documentation/tree/main/armsmbon_handbook,ERR7125509,PEMA v2.1.4 https://github.com/hariszaf/pema | https://github.com/arms-mbon/analysis_release_002/tree/main/parameter_files,CREST classifier; Minimum bit-score 155; LCA bitscore range 2% | PR2 v4.13 | VSEARCH v2.9.1; clustering similarity 97%,Tammisaaren Ja Hangon Saariston Ja Pohjanpitäjänlahden Merensuojelualue (http://marineregions.org/mrgid/27436),59.86442,23.265084,FI,TZS_Kummelkobben,3.0,6.0,Long-Term Ecological Research Site; close to industrial port; continuous hydrographic monitoring; LHI (Low human influence); 9.7 - Macroalgal/kelp,uncertain classification (not marine),Was a crate cover used when retrieving the unit: not provided; Which component of the ARMS unit material was extracted: Motile,https://github.com/arms-mbon/data_release_002,Main genome;Eukaryota;Alveolata;Ciliophora;Oligohymenophorea;NA;NA;NA;NA;NA;NA,urn:lsid:marinespecies.org:taxname:162991,Oligohymenophorea,Class,Otu451,NCBI:6020,ARMS_TZS_Kummelkobben_20200608_20201120_MF100_ETOH_s1_r1
ARMS_TZS_Kummelkobben_20200608_20201120_MF100_ETOH_s1_r1:Otu450,MaterialSample,ARMS-MBON,data_release_002,present,ARMS_TZS_Kummelkobben_20200608_20201120,SAMEA10020998,2020-06-08/2020-11-20,2,DNA sequence reads,13505,DNA sequence reads,https://github.com/arms-mbon/documentation/tree/main/armsmbon_handbook,ERR7125509,PEMA v2.1.4 https://github.com/hariszaf/pema | https://github.com/arms-mbon/analysis_release_002/tree/main/parameter_files,CREST classifier; Minimum bit-score 155; LCA bitscore range 2% | PR2 v4.13 | VSEARCH v2.9.1; clustering similarity 97%,Tammisaaren Ja Hangon Saariston Ja Pohjanpitäjänlahden Merensuojelualue (http://marineregions.org/mrgid/27436),59.86442,23.265084,FI,TZS_Kummelkobben,3.0,6.0,Long-Term Ecological Research Site; close to industrial port; continuous hydrographic monitoring; LHI (Low human influence); 9.7 - Macroalgal/kelp,,Was a crate cover used when retrieving the unit: not provided; Which component of the ARMS unit material was extracted: Motile,https://github.com/arms-mbon/data_release_002,Main genome;Eukaryota;Rhizaria;Cercozoa;Filosa-Thecofilosea;Ebriida;TAGIRI1-lineage;NA;NA;NA;NA,urn:lsid:marinespecies.org:taxname:591252,Ebriida,Order,Otu450,NCBI:361424,ARMS_TZS_Kummelkobben_20200608_20201120_MF100_ETOH_s1_r1
ARMS_TZS_Kummelkobben_20200608_20201120_MF100_ETOH_s1_r1:Otu456,MaterialSample,ARMS-MBON,data_release_002,present,ARMS_TZS_Kummelkobben_20200608_20201120,SAMEA10020998,2020-06-08/2020-11-20,2,DNA sequence reads,13505,DNA sequence reads,https://github.com/arms-mbon/documentation/tree/main/armsmbon_handbook,ERR7125509,PEMA v2.1.4 https://github.com/hariszaf/pema | https://github.com/arms-mbon/analysis_release_002/tree/main/parameter_files,CREST classifier; Minimum bit-score 155; LCA bitscore range 2% | PR2 v4.13 | VSEARCH v2.9.1; clustering similarity 97%,Tammisaaren Ja Hangon Saariston Ja Pohjanpitäjänlahden Merensuojelualue (http://marineregions.org/mrgid/27436),59.86442,23.265084,FI,TZS_Kummelkobben,3.0,6.0,Long-Term Ecological Research Site; close to industrial port; continuous hydrographic monitoring; LHI (Low human influence); 9.7 - Macroalgal/kelp,uncertain classification (not marine),Was a crate cover used when retrieving the unit: not provided; Which component of the ARMS unit material was extracted: Motile,https://github.com/arms-mbon/data_release_002,Main genome;Eukaryota;Opisthokonta;Fungi;NA;NA;NA;NA;NA;NA;NA,urn:lsid:marinespecies.org:taxname:4,Fungi,Kingdom,Otu456,NCBI:4751,ARMS_TZS_Kummelkobben_20200608_20201120_MF100_ETOH_s1_r1
ARMS_TZS_Kummelkobben_20200608_20201120_MF100_ETOH_s1_r1:Otu455,MaterialSample,ARMS-MBON,data_release_002,present,ARMS_TZS_Kummelkobben_20200608_20201120,SAMEA10020998,2020-06-08/2020-11-20,2,DNA sequence reads,13505,DNA sequence reads,https://github.com/arms-mbon/documentation/tree/main/armsmbon_handbook,ERR7125509,PEMA v2.1.4 https://github.com/hariszaf/pema | https://github.com/arms-mbon/analysis_release_002/tree/main/parameter_files,CREST classifier; Minimum bit-score 155; LCA bitscore range 2% | PR2 v4.13 | VSEARCH v2.9.1; clustering similarity 97%,Tammisaaren Ja Hangon Saariston Ja Pohjanpitäjänlahden Merensuojelualue (http://marineregions.org/mrgid/27436),59.86442,23.265084,FI,TZS_Kummelkobben,3.0,6.0,Long-Term Ecological Research Site; close to industrial port; continuous hydrographic monitoring; LHI (Low human influence); 9.7 - Macroalgal/kelp,uncertain classification (not marine),Was a crate cover used when retrieving the unit: not provided; Which component of the ARMS unit material was extracted: Motile,https://github.com/arms-mbon/data_release_002,Main genome;Eukaryota;Rhizaria;Cercozoa;Endomyxa;Vampyrellida;op14-lineage;NA;NA;NA;NA,urn:lsid:marinespecies.org:taxname:1737334,Vampyrellida,Order,Otu455,NCBI:1367446,ARMS_TZS_Kummelkobben_20200608_20201120_MF100_ETOH_s1_r1
ARMS_TZS_Kummelkobben_20200608_20201120_MF100_ETOH_s1_r1:Otu454,MaterialSample,ARMS-MBON,data_release_002,present,ARMS_TZS_Kummelkobben_20200608_20201120,SAMEA10020998,2020-06-08/2020-11-20,2,DNA sequence reads,13505,DNA sequence reads,https://github.com/arms-mbon/documentation/tree/main/armsmbon_handbook,ERR7125509,PEMA v2.1.4 https://github.com/hariszaf/pema | https://github.com/arms-mbon/analysis_release_002/tree/main/parameter_files,CREST classifier; Minimum bit-score 155; LCA bitscore range 2% | PR2 v4.13 | VSEARCH v2.9.1; clustering similarity 97%,Tammisaaren Ja Hangon Saariston Ja Pohjanpitäjänlahden Merensuojelualue (http://marineregions.org/mrgid/27436),59.86442,23.265084,FI,TZS_Kummelkobben,3.0,6.0,Long-Term Ecological Research Site; close to industrial port; continuous hydrographic monitoring; LHI (Low human influence); 9.7 - Macroalgal/kelp,uncertain classification (not marine),Was a crate cover used when retrieving the unit: not provided; Which component of the ARMS unit material was extracted: Motile,https://github.com/arms-mbon/data_release_002,Main genome;Eukaryota;Opisthokonta;Fungi;Chytridiomycota;Chytridiomycotina;Chytridiomycetes;NA;NA;NA;NA,urn:lsid:marinespecies.org:taxname:172237,Chytridiomycetes,Class,Otu454,NCBI:451435,ARMS_TZS_Kummelkobben_20200608_20201120_MF100_ETOH_s1_r1
ARMS_TZS_Kummelkobben_20200608_20201120_MF100_ETOH_s1_r1:Otu220,MaterialSample,ARMS-MBON,data_release_002,present,ARMS_TZS_Kummelkobben_20200608_20201120,SAMEA10020998,2020-06-08/2020-11-20,11,DNA sequence reads,13505,DNA sequence reads,https://github.com/arms-mbon/documentation/tree/main/armsmbon_handbook,ERR7125509,PEMA v2.1.4 https://github.com/hariszaf/pema | https://github.com/arms-mbon/analysis_release_002/tree/main/parameter_files,CREST classifier; Minimum bit-score 155; LCA bitscore range 2% | PR2 v4.13 | VSEARCH v2.9.1; clustering similarity 97%,Tammisaaren Ja Hangon Saariston Ja Pohjanpitäjänlahden Merensuojelualue (http://marineregions.org/mrgid/27436),59.86442,23.265084,FI,TZS_Kummelkobben,3.0,6.0,Long-Term Ecological Research Site; close to industrial port; continuous hydrographic monitoring; LHI (Low human influence); 9.7 - Macroalgal/kelp,,Was a crate cover used when retrieving the unit: not provided; Which component of the ARMS unit material was extracted: Motile,https://github.com/arms-mbon/data_release_002,Main genome;Eukaryota;Stramenopiles;Ochrophyta;Bacillariophyta;Raphid-pennate;Cocconeis;NA;NA;NA;NA,urn:lsid:marinespecies.org:taxname:148989,Cocconeis,Genus,Otu220,NCBI:216715,ARMS_TZS_Kummelkobben_20200608_20201120_MF100_ETOH_s1_r1
ARMS_TZS_Kummelkobben_20200608_20201120_MF100_ETOH_s1_r1:Otu221,MaterialSample,ARMS-MBON,data_release_002,present,ARMS_TZS_Kummelkobben_20200608_20201120,SAMEA10020998,2020-06-08/2020-11-20,7,DNA sequence reads,13505,DNA sequence reads,https://github.com/arms-mbon/documentation/tree/main/armsmbon_handbook,ERR7125509,PEMA v2.1.4 https://github.com/hariszaf/pema | https://github.com/arms-mbon/analysis_release_002/tree/main/parameter_files,CREST classifier; Minimum bit-score 155; LCA bitscore range 2% | PR2 v4.13 | VSEARCH v2.9.1; clustering similarity 97%,Tammisaaren Ja Hangon Saariston Ja Pohjanpitäjänlahden Merensuojelualue (http://marineregions.org/mrgid/27436),59.86442,23.265084,FI,TZS_Kummelkobben,3.0,6.0,Long-Term Ecological Research Site; close to industrial port; continuous hydrographic monitoring; LHI (Low human influence); 9.7 - Macroalgal/kelp,,Was a crate cover used when retrieving the unit: not provided; Which component of the ARMS unit material was extracted: Motile,https://github.com/arms-mbon/data_release_002,Main genome;Eukaryota;Hacrobia;Telonemia;Telonemia-Group-1;NA;NA;NA;NA;NA;NA,,Telonemia,phylum,Otu221,NCBI:660925,ARMS_TZS_Kummelkobben_20200608_20201120_MF100_ETOH_s1_r1
ARMS_TZS_Kummelkobben_20200608_20201120_MF100_ETOH_s1_r1:Otu129,MaterialSample,ARMS-MBON,data_release_002,present,ARMS_TZS_Kummelkobben_20200608_20201120,SAMEA10020998,2020-06-08/2020-11-20,14,DNA sequence reads,13505,DNA sequence reads,https://github.com/arms-mbon/documentation/tree/main/armsmbon_handbook,ERR7125509,PEMA v2.1.4 https://github.com/hariszaf/pema | https://github.com/arms-mbon/analysis_release_002/tree/main/parameter_files,CREST classifier; Minimum bit-score 155; LCA bitscore range 2% | PR2 v4.13 | VSEARCH v2.9.1; clustering similarity 97%,Tammisaaren Ja Hangon Saariston Ja Pohjanpitäjänlahden Merensuojelualue (http://marineregions.org/mrgid/27436),59.86442,23.265084,FI,TZS_Kummelkobben,3.0,6.0,Long-Term Ecological Research Site; close to industrial port; continuous hydrographic monitoring; LHI (Low human influence); 9.7 - Macroalgal/kelp,,Was a crate cover used when retrieving the unit: not provided; Which component of the ARMS unit material was extracted: Motile,https://github.com/arms-mbon/data_release_002,Main genome;Eukaryota;Hacrobia;NA;NA;NA;NA;NA;NA;NA;NA,,Eukaryota,domain,Otu129,NCBI:2759,ARMS_TZS_Kummelkobben_20200608_20201120_MF100_ETOH_s1_r1
ARMS_TZS_Kummelkobben_20200608_20201120_MF100_ETOH_s1_r1:Otu125,MaterialSample,ARMS-MBON,data_release_002,present,ARMS_TZS_Kummelkobben_20200608_20201120,SAMEA10020998,2020-06-08/2020-11-20,5,DNA sequence reads,13505,DNA sequence reads,https://github.com/arms-mbon/documentation/tree/main/armsmbon_handbook,ERR7125509,PEMA v2.1.4 https://github.com/hariszaf/pema | https://github.com/arms-mbon/analysis_release_002/tree/main/parameter_files,CREST classifier; Minimum bit-score 155; LCA bitscore range 2% | PR2 v4.13 | VSEARCH v2.9.1; clustering similarity 97%,Tammisaaren Ja Hangon Saariston Ja Pohjanpitäjänlahden Merensuojelualue (http://marineregions.org/mrgid/27436),59.86442,23.265084,FI,TZS_Kummelkobben,3.0,6.0,Long-Term Ecological Research Site; close to industrial port; continuous hydrographic monitoring; LHI (Low human influence); 9.7 - Macroalgal/kelp,uncertain classification (not marine),Was a crate cover used when retrieving the unit: not provided; Which component of the ARMS unit material was extracted: Motile,https://github.com/arms-mbon/data_release_002,Main genome;Eukaryota;Archaeplastida;Chlorophyta;Trebouxiophyceae;Chlorellales;NA;NA;NA;NA;NA,urn:lsid:marinespecies.org:taxname:160574,Chlorellales,Order,Otu125,NCBI:35460,ARMS_TZS_Kummelkobben_20200608_20201120_MF100_ETOH_s1_r1
ARMS_TZS_Kummelkobben_20200608_20201120_MF100_ETOH_s1_r1:Otu121,MaterialSample,ARMS-MBON,data_release_002,present,ARMS_TZS_Kummelkobben_20200608_20201120,SAMEA10020998,2020-06-08/2020-11-20,15,DNA sequence reads,13505,DNA sequence reads,https://github.com/arms-mbon/documentation/tree/main/armsmbon_handbook,ERR7125509,PEMA v2.1.4 https://github.com/hariszaf/pema | https://github.com/arms-mbon/analysis_release_002/tree/main/parameter_files,CREST classifier; Minimum bit-score 155; LCA bitscore range 2% | PR2 v4.13 | VSEARCH v2.9.1; clustering similarity 97%,Tammisaaren Ja Hangon Saariston Ja Pohjanpitäjänlahden Merensuojelualue (http://marineregions.org/mrgid/27436),59.86442,23.265084,FI,TZS_Kummelkobben,3.0,6.0,Long-Term Ecological Research Site; close to industrial port; continuous hydrographic monitoring; LHI (Low human influence); 9.7 - Macroalgal/kelp,,Was a crate cover used when retrieving the unit: not provided; Which component of the ARMS unit material was extracted: Motile,https://github.com/arms-mbon/data_release_002,Main genome;Eukaryota;Opisthokonta;Metazoa;Mollusca;Bivalvia;Heteroconchia;NA;NA;NA;NA,urn:lsid:marinespecies.org:taxname:1424949,Heteroconchia,Infraclass,Otu121,NCBI:6599,ARMS_TZS_Kummelkobben_20200608_20201120_MF100_ETOH_s1_r1
ARMS_TZS_Kummelkobben_20200608_20201120_MF100_ETOH_s1_r1:Otu63,MaterialSample,ARMS-MBON,data_release_002,present,ARMS_TZS_Kummelkobben_20200608_20201120,SAMEA10020998,2020-06-08/2020-11-20,38,DNA sequence reads,13505,DNA sequence reads,https://github.com/arms-mbon/documentation/tree/main/armsmbon_handbook,ERR7125509,PEMA v2.1.4 https://github.com/hariszaf/pema | https://github.com/arms-mbon/analysis_release_002/tree/main/parameter_files,CREST classifier; Minimum bit-score 155; LCA bitscore range 2% | PR2 v4.13 | VSEARCH v2.9.1; clustering similarity 97%,Tammisaaren Ja Hangon Saariston Ja Pohjanpitäjänlahden Merensuojelualue (http://marineregions.org/mrgid/27436),59.86442,23.265084,FI,TZS_Kummelkobben,3.0,6.0,Long-Term Ecological Research Site; close to industrial port; continuous hydrographic monitoring; LHI (Low human influence); 9.7 - Macroalgal/kelp,,Was a crate cover used when retrieving the unit: not provided; Which component of the ARMS unit material was extracted: Motile,https://github.com/arms-mbon/data_release_002,Main genome;Eukaryota;Opisthokonta;Metazoa;Platyhelminthes;Turbellaria;Seriata;Phagocata;NA;NA;NA,urn:lsid:marinespecies.org:taxname:414959,Phagocata,Genus,Otu63,NCBI:27899,ARMS_TZS_Kummelkobben_20200608_20201120_MF100_ETOH_s1_r1
ARMS_TZS_Kummelkobben_20200608_20201120_MF100_ETOH_s1_r1:Otu65,MaterialSample,ARMS-MBON,data_release_002,present,ARMS_TZS_Kummelkobben_20200608_20201120,SAMEA10020998,2020-06-08/2020-11-20,7,DNA sequence reads,13505,DNA sequence reads,https://github.com/arms-mbon/documentation/tree/main/armsmbon_handbook,ERR7125509,PEMA v2.1.4 https://github.com/hariszaf/pema | https://github.com/arms-mbon/analysis_release_002/tree/main/parameter_files,CREST classifier; Minimum bit-score 155; LCA bitscore range 2% | PR2 v4.13 | VSEARCH v2.9.1; clustering similarity 97%,Tammisaaren Ja Hangon Saariston Ja Pohjanpitäjänlahden Merensuojelualue (http://marineregions.org/mrgid/27436),59.86442,23.265084,FI,TZS_Kummelkobben,3.0,6.0,Long-Term Ecological Research Site; close to industrial port; continuous hydrographic monitoring; LHI (Low human influence); 9.7 - Macroalgal/kelp,uncertain classification (not marine),Was a crate cover used when retrieving the unit: not provided; Which component of the ARMS unit material was extracted: Motile,https://github.com/arms-mbon/data_release_002,Main genome;Eukaryota;Opisthokonta;Metazoa;Arthropoda;Crustacea;Maxillopoda;NA;NA;NA;NA,urn:lsid:marinespecies.org:taxname:1066,Crustacea,Subphylum,Otu65,NCBI:6657,ARMS_TZS_Kummelkobben_20200608_20201120_MF100_ETOH_s1_r1
ARMS_TZS_Kummelkobben_20200608_20201120_MF100_ETOH_s1_r1:Otu64,MaterialSample,ARMS-MBON,data_release_002,present,ARMS_TZS_Kummelkobben_20200608_20201120,SAMEA10020998,2020-06-08/2020-11-20,38,DNA sequence reads,13505,DNA sequence reads,https://github.com/arms-mbon/documentation/tree/main/armsmbon_handbook,ERR7125509,PEMA v2.1.4 https://github.com/hariszaf/pema | https://github.com/arms-mbon/analysis_release_002/tree/main/parameter_files,CREST classifier; Minimum bit-score 155; LCA bitscore range 2% | PR2 v4.13 | VSEARCH v2.9.1; clustering similarity 97%,Tammisaaren Ja Hangon Saariston Ja Pohjanpitäjänlahden Merensuojelualue (http://marineregions.org/mrgid/27436),59.86442,23.265084,FI,TZS_Kummelkobben,3.0,6.0,Long-Term Ecological Research Site; close to industrial port; continuous hydrographic monitoring; LHI (Low human influence); 9.7 - Macroalgal/kelp,,Was a crate cover used when retrieving the unit: not provided; Which component of the ARMS unit material was extracted: Motile,https://github.com/arms-mbon/data_release_002,Main genome;Eukaryota;Stramenopiles;Ochrophyta;Bacillariophyta;NA;NA;NA;NA;NA;NA,urn:lsid:marinespecies.org:taxname:148898,Bacillariophyta,Phylum,Otu64,NCBI:2836,ARMS_TZS_Kummelkobben_20200608_20201120_MF100_ETOH_s1_r1
ARMS_TZS_Kummelkobben_20200608_20201120_MF100_ETOH_s1_r1:Otu462,MaterialSample,ARMS-MBON,data_release_002,present,ARMS_TZS_Kummelkobben_20200608_20201120,SAMEA10020998,2020-06-08/2020-11-20,2,DNA sequence reads,13505,DNA sequence reads,https://github.com/arms-mbon/documentation/tree/main/armsmbon_handbook,ERR7125509,PEMA v2.1.4 https://github.com/hariszaf/pema | https://github.com/arms-mbon/analysis_release_002/tree/main/parameter_files,CREST classifier; Minimum bit-score 155; LCA bitscore range 2% | PR2 v4.13 | VSEARCH v2.9.1; clustering similarity 97%,Tammisaaren Ja Hangon Saariston Ja Pohjanpitäjänlahden Merensuojelualue (http://marineregions.org/mrgid/27436),59.86442,23.265084,FI,TZS_Kummelkobben,3.0,6.0,Long-Term Ecological Research Site; close to industrial port; continuous hydrographic monitoring; LHI (Low human influence); 9.7 - Macroalgal/kelp,uncertain classification (not marine),Was a crate cover used when retrieving the unit: not provided; Which component of the ARMS unit material was extracted: Motile,https://github.com/arms-mbon/data_release_002,Main genome;Eukaryota;Archaeplastida;Streptophyta;Embryophyceae;Beta;NA;NA;NA;NA;NA,urn:lsid:marinespecies.org:taxname:426022,Beta,Genus,Otu462,NCBI:3554,ARMS_TZS_Kummelkobben_20200608_20201120_MF100_ETOH_s1_r1
ARMS_TZS_Kummelkobben_20200608_20201120_MF100_ETOH_s1_r1:Otu460,MaterialSample,ARMS-MBON,data_release_002,present,ARMS_TZS_Kummelkobben_20200608_20201120,SAMEA10020998,2020-06-08/2020-11-20,2,DNA sequence reads,13505,DNA sequence reads,https://github.com/arms-mbon/documentation/tree/main/armsmbon_handbook,ERR7125509,PEMA v2.1.4 https://github.com/hariszaf/pema | https://github.com/arms-mbon/analysis_release_002/tree/main/parameter_files,CREST classifier; Minimum bit-score 155; LCA bitscore range 2% | PR2 v4.13 | VSEARCH v2.9.1; clustering similarity 97%,Tammisaaren Ja Hangon Saariston Ja Pohjanpitäjänlahden Merensuojelualue (http://marineregions.org/mrgid/27436),59.86442,23.265084,FI,TZS_Kummelkobben,3.0,6.0,Long-Term Ecological Research Site; close to industrial port; continuous hydrographic monitoring; LHI (Low human influence); 9.7 - Macroalgal/kelp,,Was a crate cover used when retrieving the unit: not provided; Which component of the ARMS unit material was extracted: Motile,https://github.com/arms-mbon/data_release_002,Main genome;Eukaryota;Stramenopiles;Sagenista;Labyrinthulomycetes;Amphifilida;Amphifilaceae;Fibrophrys;NA;NA;NA,,Amphifilaceae,family,Otu460,NCBI:1678346,ARMS_TZS_Kummelkobben_20200608_20201120_MF100_ETOH_s1_r1
ARMS_TZS_Kummelkobben_20200608_20201120_MF100_ETOH_s1_r1:Otu461,MaterialSample,ARMS-MBON,data_release_002,present,ARMS_TZS_Kummelkobben_20200608_20201120,SAMEA10020998,2020-06-08/2020-11-20,2,DNA sequence reads,13505,DNA sequence reads,https://github.com/arms-mbon/documentation/tree/main/armsmbon_handbook,ERR7125509,PEMA v2.1.4 https://github.com/hariszaf/pema | https://github.com/arms-mbon/analysis_release_002/tree/main/parameter_files,CREST classifier; Minimum bit-score 155; LCA bitscore range 2% | PR2 v4.13 | VSEARCH v2.9.1; clustering similarity 97%,Tammisaaren Ja Hangon Saariston Ja Pohjanpitäjänlahden Merensuojelualue (http://marineregions.org/mrgid/27436),59.86442,23.265084,FI,TZS_Kummelkobben,3.0,6.0,Long-Term Ecological Research Site; close to industrial port; continuous hydrographic monitoring; LHI (Low human influence); 9.7 - Macroalgal/kelp,,Was a crate cover used when retrieving the unit: not provided; Which component of the ARMS unit material was extracted: Motile,https://github.com/arms-mbon/data_release_002,Main genome;Eukaryota;Rhizaria;Cercozoa;Filosa-Thecofilosea;Ebriida;Botuliformidae;Botuliforma;NA;NA;NA,urn:lsid:marinespecies.org:taxname:1737152,Botuliforma,Genus,Otu461,NCBI:2566138,ARMS_TZS_Kummelkobben_20200608_20201120_MF100_ETOH_s1_r1
ARMS_TZS_Kummelkobben_20200608_20201120_MF100_ETOH_s1_r1:Otu306,MaterialSample,ARMS-MBON,data_release_002,present,ARMS_TZS_Kummelkobben_20200608_20201120,SAMEA10020998,2020-06-08/2020-11-20,2,DNA sequence reads,13505,DNA sequence reads,https://github.com/arms-mbon/documentation/tree/main/armsmbon_handbook,ERR7125509,PEMA v2.1.4 https://github.com/hariszaf/pema | https://github.com/arms-mbon/analysis_release_002/tree/main/parameter_files,CREST classifier; Minimum bit-score 155; LCA bitscore range 2% | PR2 v4.13 | VSEARCH v2.9.1; clustering similarity 97%,Tammisaaren Ja Hangon Saariston Ja Pohjanpitäjänlahden Merensuojelualue (http://marineregions.org/mrgid/27436),59.86442,23.265084,FI,TZS_Kummelkobben,3.0,6.0,Long-Term Ecological Research Site; close to industrial port; continuous hydrographic monitoring; LHI (Low human influence); 9.7 - Macroalgal/kelp,,Was a crate cover used when retrieving the unit: not provided; Which component of the ARMS unit material was extracted: Motile,https://github.com/arms-mbon/data_release_002,Main genome;Eukaryota;Opisthokonta;Fungi;Basidiomycota;Agaricomycotina;Agaricomycetes;Panellus;stypticus;NA;Panellus stypticus,,Panellus,genus,Otu306,NCBI:5636,ARMS_TZS_Kummelkobben_20200608_20201120_MF100_ETOH_s1_r1
ARMS_TZS_Kummelkobben_20200608_20201120_MF100_ETOH_s1_r1:Otu301,MaterialSample,ARMS-MBON,data_release_002,present,ARMS_TZS_Kummelkobben_20200608_20201120,SAMEA10020998,2020-06-08/2020-11-20,2,DNA sequence reads,13505,DNA sequence reads,https://github.com/arms-mbon/documentation/tree/main/armsmbon_handbook,ERR7125509,PEMA v2.1.4 https://github.com/hariszaf/pema | https://github.com/arms-mbon/analysis_release_002/tree/main/parameter_files,CREST classifier; Minimum bit-score 155; LCA bitscore range 2% | PR2 v4.13 | VSEARCH v2.9.1; clustering similarity 97%,Tammisaaren Ja Hangon Saariston Ja Pohjanpitäjänlahden Merensuojelualue (http://marineregions.org/mrgid/27436),59.86442,23.265084,FI,TZS_Kummelkobben,3.0,6.0,Long-Term Ecological Research Site; close to industrial port; continuous hydrographic monitoring; LHI (Low human influence); 9.7 - Macroalgal/kelp,,Was a crate cover used when retrieving the unit: not provided; Which component of the ARMS unit material was extracted: Motile,https://github.com/arms-mbon/data_release_002,Main genome;Eukaryota;Stramenopiles;Pseudofungi;Pirsonia;Clade;NA;NA;NA;NA;NA,urn:lsid:marinespecies.org:taxname:118022,Pirsonia,Genus,Otu301,NCBI:230408,ARMS_TZS_Kummelkobben_20200608_20201120_MF100_ETOH_s1_r1
ARMS_TZS_Kummelkobben_20200608_20201120_MF100_ETOH_s1_r1:Otu112,MaterialSample,ARMS-MBON,data_release_002,present,ARMS_TZS_Kummelkobben_20200608_20201120,SAMEA10020998,2020-06-08/2020-11-20,18,DNA sequence reads,13505,DNA sequence reads,https://github.com/arms-mbon/documentation/tree/main/armsmbon_handbook,ERR7125509,PEMA v2.1.4 https://github.com/hariszaf/pema | https://github.com/arms-mbon/analysis_release_002/tree/main/parameter_files,CREST classifier; Minimum bit-score 155; LCA bitscore range 2% | PR2 v4.13 | VSEARCH v2.9.1; clustering similarity 97%,Tammisaaren Ja Hangon Saariston Ja Pohjanpitäjänlahden Merensuojelualue (http://marineregions.org/mrgid/27436),59.86442,23.265084,FI,TZS_Kummelkobben,3.0,6.0,Long-Term Ecological Research Site; close to industrial port; continuous hydrographic monitoring; LHI (Low human influence); 9.7 - Macroalgal/kelp,,Was a crate cover used when retrieving the unit: not provided; Which component of the ARMS unit material was extracted: Motile,https://github.com/arms-mbon/data_release_002,Main genome;Eukaryota;Alveolata;Ciliophora;Oligohymenophorea;Peritrichia;Vaginicolidae;Vaginicola;NA;NA;NA,urn:lsid:marinespecies.org:taxname:345440,Vaginicola,Genus,Otu112,NCBI:168253,ARMS_TZS_Kummelkobben_20200608_20201120_MF100_ETOH_s1_r1
ARMS_TZS_Kummelkobben_20200608_20201120_MF100_ETOH_s1_r1:Otu111,MaterialSample,ARMS-MBON,data_release_002,present,ARMS_TZS_Kummelkobben_20200608_20201120,SAMEA10020998,2020-06-08/2020-11-20,12,DNA sequence reads,13505,DNA sequence reads,https://github.com/arms-mbon/documentation/tree/main/armsmbon_handbook,ERR7125509,PEMA v2.1.4 https://github.com/hariszaf/pema | https://github.com/arms-mbon/analysis_release_002/tree/main/parameter_files,CREST classifier; Minimum bit-score 155; LCA bitscore range 2% | PR2 v4.13 | VSEARCH v2.9.1; clustering similarity 97%,Tammisaaren Ja Hangon Saariston Ja Pohjanpitäjänlahden Merensuojelualue (http://marineregions.org/mrgid/27436),59.86442,23.265084,FI,TZS_Kummelkobben,3.0,6.0,Long-Term Ecological Research Site; close to industrial port; continuous hydrographic monitoring; LHI (Low human influence); 9.7 - Macroalgal/kelp,uncertain classification (not marine),Was a crate cover used when retrieving the unit: not provided; Which component of the ARMS unit material was extracted: Motile,https://github.com/arms-mbon/data_release_002,Main genome;Eukaryota;Archaeplastida;Streptophyta;Embryophyceae;NA;NA;NA;NA;NA;NA,urn:lsid:marinespecies.org:taxname:536191,Streptophyta,Infrakingdom,Otu111,NCBI:35493,ARMS_TZS_Kummelkobben_20200608_20201120_MF100_ETOH_s1_r1
ARMS_TZS_Kummelkobben_20200608_20201120_MF100_ETOH_s1_r1:Otu282,MaterialSample,ARMS-MBON,data_release_002,present,ARMS_TZS_Kummelkobben_20200608_20201120,SAMEA10020998,2020-06-08/2020-11-20,9,DNA sequence reads,13505,DNA sequence reads,https://github.com/arms-mbon/documentation/tree/main/armsmbon_handbook,ERR7125509,PEMA v2.1.4 https://github.com/hariszaf/pema | https://github.com/arms-mbon/analysis_release_002/tree/main/parameter_files,CREST classifier; Minimum bit-score 155; LCA bitscore range 2% | PR2 v4.13 | VSEARCH v2.9.1; clustering similarity 97%,Tammisaaren Ja Hangon Saariston Ja Pohjanpitäjänlahden Merensuojelualue (http://marineregions.org/mrgid/27436),59.86442,23.265084,FI,TZS_Kummelkobben,3.0,6.0,Long-Term Ecological Research Site; close to industrial port; continuous hydrographic monitoring; LHI (Low human influence); 9.7 - Macroalgal/kelp,,Was a crate cover used when retrieving the unit: not provided; Which component of the ARMS unit material was extracted: Motile,https://github.com/arms-mbon/data_release_002,Main genome;Eukaryota;Stramenopiles;Ochrophyta;Bacillariophyta;Raphid-pennate;Lemnicola;NA;NA;NA;NA,urn:lsid:marinespecies.org:taxname:447726,Lemnicola,Genus,Otu282,NCBI:1003070,ARMS_TZS_Kummelkobben_20200608_20201120_MF100_ETOH_s1_r1
ARMS_TZS_Kummelkobben_20200608_20201120_MF100_ETOH_s1_r1:Otu281,MaterialSample,ARMS-MBON,data_release_002,present,ARMS_TZS_Kummelkobben_20200608_20201120,SAMEA10020998,2020-06-08/2020-11-20,5,DNA sequence reads,13505,DNA sequence reads,https://github.com/arms-mbon/documentation/tree/main/armsmbon_handbook,ERR7125509,PEMA v2.1.4 https://github.com/hariszaf/pema | https://github.com/arms-mbon/analysis_release_002/tree/main/parameter_files,CREST classifier; Minimum bit-score 155; LCA bitscore range 2% | PR2 v4.13 | VSEARCH v2.9.1; clustering similarity 97%,Tammisaaren Ja Hangon Saariston Ja Pohjanpitäjänlahden Merensuojelualue (http://marineregions.org/mrgid/27436),59.86442,23.265084,FI,TZS_Kummelkobben,3.0,6.0,Long-Term Ecological Research Site; close to industrial port; continuous hydrographic monitoring; LHI (Low human influence); 9.7 - Macroalgal/kelp,uncertain classification (not marine),Was a crate cover used when retrieving the unit: not provided; Which component of the ARMS unit material was extracted: Motile,https://github.com/arms-mbon/data_release_002,Main genome;Eukaryota;Stramenopiles;Ochrophyta;Chrysophyceae;Clade-C;NA;NA;NA;NA;NA,urn:lsid:marinespecies.org:taxname:1664811,Petrachloros mirabilis,Species,Otu281,NCBI:2918835,ARMS_TZS_Kummelkobben_20200608_20201120_MF100_ETOH_s1_r1
ARMS_TZS_Kummelkobben_20200608_20201120_MF100_ETOH_s1_r1:Otu38,MaterialSample,ARMS-MBON,data_release_002,present,ARMS_TZS_Kummelkobben_20200608_20201120,SAMEA10020998,2020-06-08/2020-11-20,60,DNA sequence reads,13505,DNA sequence reads,https://github.com/arms-mbon/documentation/tree/main/armsmbon_handbook,ERR7125509,PEMA v2.1.4 https://github.com/hariszaf/pema | https://github.com/arms-mbon/analysis_release_002/tree/main/parameter_files,CREST classifier; Minimum bit-score 155; LCA bitscore range 2% | PR2 v4.13 | VSEARCH v2.9.1; clustering similarity 97%,Tammisaaren Ja Hangon Saariston Ja Pohjanpitäjänlahden Merensuojelualue (http://marineregions.org/mrgid/27436),59.86442,23.265084,FI,TZS_Kummelkobben,3.0,6.0,Long-Term Ecological Research Site; close to industrial port; continuous hydrographic monitoring; LHI (Low human influence); 9.7 - Macroalgal/kelp,,Was a crate cover used when retrieving the unit: not provided; Which component of the ARMS unit material was extracted: Motile,https://github.com/arms-mbon/data_release_002,Main genome;Eukaryota;Alveolata;Dinoflagellata;Dinophyceae;Gymnodiniales;Gymnodiniaceae;Gyrodinium;fusiforme;NA;Gyrodinium fusiforme,urn:lsid:marinespecies.org:taxname:109856,Gyrodinium fusiforme,Species,Otu38,NCBI:244961,ARMS_TZS_Kummelkobben_20200608_20201120_MF100_ETOH_s1_r1
ARMS_TZS_Kummelkobben_20200608_20201120_MF100_ETOH_s1_r1:Otu39,MaterialSample,ARMS-MBON,data_release_002,present,ARMS_TZS_Kummelkobben_20200608_20201120,SAMEA10020998,2020-06-08/2020-11-20,40,DNA sequence reads,13505,DNA sequence reads,https://github.com/arms-mbon/documentation/tree/main/armsmbon_handbook,ERR7125509,PEMA v2.1.4 https://github.com/hariszaf/pema | https://github.com/arms-mbon/analysis_release_002/tree/main/parameter_files,CREST classifier; Minimum bit-score 155; LCA bitscore range 2% | PR2 v4.13 | VSEARCH v2.9.1; clustering similarity 97%,Tammisaaren Ja Hangon Saariston Ja Pohjanpitäjänlahden Merensuojelualue (http://marineregions.org/mrgid/27436),59.86442,23.265084,FI,TZS_Kummelkobben,3.0,6.0,Long-Term Ecological Research Site; close to industrial port; continuous hydrographic monitoring; LHI (Low human influence); 9.7 - Macroalgal/kelp,,Was a crate cover used when retrieving the unit: not provided; Which component of the ARMS unit material was extracted: Motile,https://github.com/arms-mbon/data_release_002,Main genome;Eukaryota;Opisthokonta;Metazoa;Bryozoa;NA;NA;NA;NA;NA;NA,urn:lsid:marinespecies.org:taxname:146142,Bryozoa,Phylum,Otu39,NCBI:10205,ARMS_TZS_Kummelkobben_20200608_20201120_MF100_ETOH_s1_r1
ARMS_TZS_Kummelkobben_20200608_20201120_MF100_ETOH_s1_r1:Otu36,MaterialSample,ARMS-MBON,data_release_002,present,ARMS_TZS_Kummelkobben_20200608_20201120,SAMEA10020998,2020-06-08/2020-11-20,27,DNA sequence reads,13505,DNA sequence reads,https://github.com/arms-mbon/documentation/tree/main/armsmbon_handbook,ERR7125509,PEMA v2.1.4 https://github.com/hariszaf/pema | https://github.com/arms-mbon/analysis_release_002/tree/main/parameter_files,CREST classifier; Minimum bit-score 155; LCA bitscore range 2% | PR2 v4.13 | VSEARCH v2.9.1; clustering similarity 97%,Tammisaaren Ja Hangon Saariston Ja Pohjanpitäjänlahden Merensuojelualue (http://marineregions.org/mrgid/27436),59.86442,23.265084,FI,TZS_Kummelkobben,3.0,6.0,Long-Term Ecological Research Site; close to industrial port; continuous hydrographic monitoring; LHI (Low human influence); 9.7 - Macroalgal/kelp,uncertain classification (not marine),Was a crate cover used when retrieving the unit: not provided; Which component of the ARMS unit material was extracted: Motile,https://github.com/arms-mbon/data_release_002,Main genome;Eukaryota;Alveolata;Ciliophora;Spirotrichea;Hypotrichia;NA;NA;NA;NA;NA,urn:lsid:marinespecies.org:taxname:425500,Hypotrichia,Subclass,Otu36,NCBI:5934,ARMS_TZS_Kummelkobben_20200608_20201120_MF100_ETOH_s1_r1
ARMS_TZS_Kummelkobben_20200608_20201120_MF100_ETOH_s1_r1:Otu35,MaterialSample,ARMS-MBON,data_release_002,present,ARMS_TZS_Kummelkobben_20200608_20201120,SAMEA10020998,2020-06-08/2020-11-20,109,DNA sequence reads,13505,DNA sequence reads,https://github.com/arms-mbon/documentation/tree/main/armsmbon_handbook,ERR7125509,PEMA v2.1.4 https://github.com/hariszaf/pema | https://github.com/arms-mbon/analysis_release_002/tree/main/parameter_files,CREST classifier; Minimum bit-score 155; LCA bitscore range 2% | PR2 v4.13 | VSEARCH v2.9.1; clustering similarity 97%,Tammisaaren Ja Hangon Saariston Ja Pohjanpitäjänlahden Merensuojelualue (http://marineregions.org/mrgid/27436),59.86442,23.265084,FI,TZS_Kummelkobben,3.0,6.0,Long-Term Ecological Research Site; close to industrial port; continuous hydrographic monitoring; LHI (Low human influence); 9.7 - Macroalgal/kelp,,Was a crate cover used when retrieving the unit: not provided; Which component of the ARMS unit material was extracted: Motile,https://github.com/arms-mbon/data_release_002,Main genome;Eukaryota;Opisthokonta;Metazoa;Nematoda;Chromadorea;Chromadorina;NA;NA;NA;NA,,Chromadorina,genus,Otu35,NCBI:320052,ARMS_TZS_Kummelkobben_20200608_20201120_MF100_ETOH_s1_r1
ARMS_TZS_Kummelkobben_20200608_20201120_MF100_ETOH_s1_r1:Otu30,MaterialSample,ARMS-MBON,data_release_002,present,ARMS_TZS_Kummelkobben_20200608_20201120,SAMEA10020998,2020-06-08/2020-11-20,151,DNA sequence reads,13505,DNA sequence reads,https://github.com/arms-mbon/documentation/tree/main/armsmbon_handbook,ERR7125509,PEMA v2.1.4 https://github.com/hariszaf/pema | https://github.com/arms-mbon/analysis_release_002/tree/main/parameter_files,CREST classifier; Minimum bit-score 155; LCA bitscore range 2% | PR2 v4.13 | VSEARCH v2.9.1; clustering similarity 97%,Tammisaaren Ja Hangon Saariston Ja Pohjanpitäjänlahden Merensuojelualue (http://marineregions.org/mrgid/27436),59.86442,23.265084,FI,TZS_Kummelkobben,3.0,6.0,Long-Term Ecological Research Site; close to industrial port; continuous hydrographic monitoring; LHI (Low human influence); 9.7 - Macroalgal/kelp,uncertain classification (not marine),Was a crate cover used when retrieving the unit: not provided; Which component of the ARMS unit material was extracted: Motile,https://github.com/arms-mbon/data_release_002,Main genome;Eukaryota;Opisthokonta;Metazoa;Arthropoda;Crustacea;Malacostraca;NA;NA;NA;NA,urn:lsid:marinespecies.org:taxname:1071,Malacostraca,Class,Otu30,NCBI:6681,ARMS_TZS_Kummelkobben_20200608_20201120_MF100_ETOH_s1_r1
ARMS_TZS_Kummelkobben_20200608_20201120_MF100_ETOH_s1_r1:Otu31,MaterialSample,ARMS-MBON,data_release_002,present,ARMS_TZS_Kummelkobben_20200608_20201120,SAMEA10020998,2020-06-08/2020-11-20,45,DNA sequence reads,13505,DNA sequence reads,https://github.com/arms-mbon/documentation/tree/main/armsmbon_handbook,ERR7125509,PEMA v2.1.4 https://github.com/hariszaf/pema | https://github.com/arms-mbon/analysis_release_002/tree/main/parameter_files,CREST classifier; Minimum bit-score 155; LCA bitscore range 2% | PR2 v4.13 | VSEARCH v2.9.1; clustering similarity 97%,Tammisaaren Ja Hangon Saariston Ja Pohjanpitäjänlahden Merensuojelualue (http://marineregions.org/mrgid/27436),59.86442,23.265084,FI,TZS_Kummelkobben,3.0,6.0,Long-Term Ecological Research Site; close to industrial port; continuous hydrographic monitoring; LHI (Low human influence); 9.7 - Macroalgal/kelp,,Was a crate cover used when retrieving the unit: not provided; Which component of the ARMS unit material was extracted: Motile,https://github.com/arms-mbon/data_release_002,Main genome;Eukaryota;Opisthokonta;Metazoa;Cnidaria;Hydrozoa;NA;NA;NA;NA;NA,urn:lsid:marinespecies.org:taxname:1337,Hydrozoa,Class,Otu31,NCBI:6074,ARMS_TZS_Kummelkobben_20200608_20201120_MF100_ETOH_s1_r1
ARMS_TZS_Kummelkobben_20200608_20201120_MF100_ETOH_s1_r1:Otu169,MaterialSample,ARMS-MBON,data_release_002,present,ARMS_TZS_Kummelkobben_20200608_20201120,SAMEA10020998,2020-06-08/2020-11-20,5,DNA sequence reads,13505,DNA sequence reads,https://github.com/arms-mbon/documentation/tree/main/armsmbon_handbook,ERR7125509,PEMA v2.1.4 https://github.com/hariszaf/pema | https://github.com/arms-mbon/analysis_release_002/tree/main/parameter_files,CREST classifier; Minimum bit-score 155; LCA bitscore range 2% | PR2 v4.13 | VSEARCH v2.9.1; clustering similarity 97%,Tammisaaren Ja Hangon Saariston Ja Pohjanpitäjänlahden Merensuojelualue (http://marineregions.org/mrgid/27436),59.86442,23.265084,FI,TZS_Kummelkobben,3.0,6.0,Long-Term Ecological Research Site; close to industrial port; continuous hydrographic monitoring; LHI (Low human influence); 9.7 - Macroalgal/kelp,,Was a crate cover used when retrieving the unit: not provided; Which component of the ARMS unit material was extracted: Motile,https://github.com/arms-mbon/data_release_002,Main genome;Eukaryota;Alveolata;Ciliophora;Spirotrichea;Hypotrichia;Urostylidae;Uroleptus;NA;NA;NA,urn:lsid:marinespecies.org:taxname:425683,Uroleptus,Genus,Otu169,NCBI:57512,ARMS_TZS_Kummelkobben_20200608_20201120_MF100_ETOH_s1_r1
ARMS_TZS_Kummelkobben_20200608_20201120_MF100_ETOH_s1_r1:Otu83,MaterialSample,ARMS-MBON,data_release_002,present,ARMS_TZS_Kummelkobben_20200608_20201120,SAMEA10020998,2020-06-08/2020-11-20,2,DNA sequence reads,13505,DNA sequence reads,https://github.com/arms-mbon/documentation/tree/main/armsmbon_handbook,ERR7125509,PEMA v2.1.4 https://github.com/hariszaf/pema | https://github.com/arms-mbon/analysis_release_002/tree/main/parameter_files,CREST classifier; Minimum bit-score 155; LCA bitscore range 2% | PR2 v4.13 | VSEARCH v2.9.1; clustering similarity 97%,Tammisaaren Ja Hangon Saariston Ja Pohjanpitäjänlahden Merensuojelualue (http://marineregions.org/mrgid/27436),59.86442,23.265084,FI,TZS_Kummelkobben,3.0,6.0,Long-Term Ecological Research Site; close to industrial port; continuous hydrographic monitoring; LHI (Low human influence); 9.7 - Macroalgal/kelp,uncertain classification (not marine),Was a crate cover used when retrieving the unit: not provided; Which component of the ARMS unit material was extracted: Motile,https://github.com/arms-mbon/data_release_002,Main genome;Eukaryota;Opisthokonta;Metazoa;Arthropoda;Crustacea;Maxillopoda;NA;NA;NA;NA,urn:lsid:marinespecies.org:taxname:1066,Crustacea,Subphylum,Otu83,NCBI:6657,ARMS_TZS_Kummelkobben_20200608_20201120_MF100_ETOH_s1_r1
ARMS_TZS_Kummelkobben_20200608_20201120_MF100_ETOH_s1_r1:Otu80,MaterialSample,ARMS-MBON,data_release_002,present,ARMS_TZS_Kummelkobben_20200608_20201120,SAMEA10020998,2020-06-08/2020-11-20,32,DNA sequence reads,13505,DNA sequence reads,https://github.com/arms-mbon/documentation/tree/main/armsmbon_handbook,ERR7125509,PEMA v2.1.4 https://github.com/hariszaf/pema | https://github.com/arms-mbon/analysis_release_002/tree/main/parameter_files,CREST classifier; Minimum bit-score 155; LCA bitscore range 2% | PR2 v4.13 | VSEARCH v2.9.1; clustering similarity 97%,Tammisaaren Ja Hangon Saariston Ja Pohjanpitäjänlahden Merensuojelualue (http://marineregions.org/mrgid/27436),59.86442,23.265084,FI,TZS_Kummelkobben,3.0,6.0,Long-Term Ecological Research Site; close to industrial port; continuous hydrographic monitoring; LHI (Low human influence); 9.7 - Macroalgal/kelp,uncertain classification (not marine),Was a crate cover used when retrieving the unit: not provided; Which component of the ARMS unit material was extracted: Motile,https://github.com/arms-mbon/data_release_002,Main genome;Eukaryota;Opisthokonta;Fungi;Cryptomycota;Cryptomycotina;NA;NA;NA;NA;NA,urn:lsid:marinespecies.org:taxname:707609,Rozellida,Order,Otu80,NCBI:1031332,ARMS_TZS_Kummelkobben_20200608_20201120_MF100_ETOH_s1_r1
ARMS_TZS_Kummelkobben_20200608_20201120_MF100_ETOH_s1_r1:Otu87,MaterialSample,ARMS-MBON,data_release_002,present,ARMS_TZS_Kummelkobben_20200608_20201120,SAMEA10020998,2020-06-08/2020-11-20,7,DNA sequence reads,13505,DNA sequence reads,https://github.com/arms-mbon/documentation/tree/main/armsmbon_handbook,ERR7125509,PEMA v2.1.4 https://github.com/hariszaf/pema | https://github.com/arms-mbon/analysis_release_002/tree/main/parameter_files,CREST classifier; Minimum bit-score 155; LCA bitscore range 2% | PR2 v4.13 | VSEARCH v2.9.1; clustering similarity 97%,Tammisaaren Ja Hangon Saariston Ja Pohjanpitäjänlahden Merensuojelualue (http://marineregions.org/mrgid/27436),59.86442,23.265084,FI,TZS_Kummelkobben,3.0,6.0,Long-Term Ecological Research Site; close to industrial port; continuous hydrographic monitoring; LHI (Low human influence); 9.7 - Macroalgal/kelp,uncertain classification (not marine),Was a crate cover used when retrieving the unit: not provided; Which component of the ARMS unit material was extracted: Motile,https://github.com/arms-mbon/data_release_002,Main genome;Eukaryota;Opisthokonta;Fungi;Basidiomycota;Ustilaginomycotina;Exobasidiomycetes;NA;NA;NA;NA,urn:lsid:marinespecies.org:taxname:177193,Exobasidiomycetidae,Subclass,Otu87,NCBI:452283,ARMS_TZS_Kummelkobben_20200608_20201120_MF100_ETOH_s1_r1
ARMS_TZS_Kummelkobben_20200608_20201120_MF100_ETOH_s1_r1:Otu84,MaterialSample,ARMS-MBON,data_release_002,present,ARMS_TZS_Kummelkobben_20200608_20201120,SAMEA10020998,2020-06-08/2020-11-20,25,DNA sequence reads,13505,DNA sequence reads,https://github.com/arms-mbon/documentation/tree/main/armsmbon_handbook,ERR7125509,PEMA v2.1.4 https://github.com/hariszaf/pema | https://github.com/arms-mbon/analysis_release_002/tree/main/parameter_files,CREST classifier; Minimum bit-score 155; LCA bitscore range 2% | PR2 v4.13 | VSEARCH v2.9.1; clustering similarity 97%,Tammisaaren Ja Hangon Saariston Ja Pohjanpitäjänlahden Merensuojelualue (http://marineregions.org/mrgid/27436),59.86442,23.265084,FI,TZS_Kummelkobben,3.0,6.0,Long-Term Ecological Research Site; close to industrial port; continuous hydrographic monitoring; LHI (Low human influence); 9.7 - Macroalgal/kelp,uncertain classification (not marine),Was a crate cover used when retrieving the unit: not provided; Which component of the ARMS unit material was extracted: Motile,https://github.com/arms-mbon/data_release_002,Main genome;Eukaryota;Alveolata;Apicomplexa;Coccidiomorphea;Eimeriida;NA;NA;NA;NA;NA,urn:lsid:marinespecies.org:taxname:22565,Apicomplexa,Subphylum,Otu84,NCBI:5794,ARMS_TZS_Kummelkobben_20200608_20201120_MF100_ETOH_s1_r1
ARMS_TZS_Kummelkobben_20200608_20201120_MF100_ETOH_s1_r1:Otu158,MaterialSample,ARMS-MBON,data_release_002,present,ARMS_TZS_Kummelkobben_20200608_20201120,SAMEA10020998,2020-06-08/2020-11-20,11,DNA sequence reads,13505,DNA sequence reads,https://github.com/arms-mbon/documentation/tree/main/armsmbon_handbook,ERR7125509,PEMA v2.1.4 https://github.com/hariszaf/pema | https://github.com/arms-mbon/analysis_release_002/tree/main/parameter_files,CREST classifier; Minimum bit-score 155; LCA bitscore range 2% | PR2 v4.13 | VSEARCH v2.9.1; clustering similarity 97%,Tammisaaren Ja Hangon Saariston Ja Pohjanpitäjänlahden Merensuojelualue (http://marineregions.org/mrgid/27436),59.86442,23.265084,FI,TZS_Kummelkobben,3.0,6.0,Long-Term Ecological Research Site; close to industrial port; continuous hydrographic monitoring; LHI (Low human influence); 9.7 - Macroalgal/kelp,uncertain classification (not marine),Was a crate cover used when retrieving the unit: not provided; Which component of the ARMS unit material was extracted: Motile,https://github.com/arms-mbon/data_release_002,Main genome;Eukaryota;Opisthokonta;Metazoa;Arthropoda;Crustacea;Maxillopoda;NA;NA;NA;NA,urn:lsid:marinespecies.org:taxname:1066,Crustacea,Subphylum,Otu158,NCBI:6657,ARMS_TZS_Kummelkobben_20200608_20201120_MF100_ETOH_s1_r1
ARMS_TZS_Kummelkobben_20200608_20201120_MF100_ETOH_s1_r1:Otu159,MaterialSample,ARMS-MBON,data_release_002,present,ARMS_TZS_Kummelkobben_20200608_20201120,SAMEA10020998,2020-06-08/2020-11-20,11,DNA sequence reads,13505,DNA sequence reads,https://github.com/arms-mbon/documentation/tree/main/armsmbon_handbook,ERR7125509,PEMA v2.1.4 https://github.com/hariszaf/pema | https://github.com/arms-mbon/analysis_release_002/tree/main/parameter_files,CREST classifier; Minimum bit-score 155; LCA bitscore range 2% | PR2 v4.13 | VSEARCH v2.9.1; clustering similarity 97%,Tammisaaren Ja Hangon Saariston Ja Pohjanpitäjänlahden Merensuojelualue (http://marineregions.org/mrgid/27436),59.86442,23.265084,FI,TZS_Kummelkobben,3.0,6.0,Long-Term Ecological Research Site; close to industrial port; continuous hydrographic monitoring; LHI (Low human influence); 9.7 - Macroalgal/kelp,uncertain classification (not marine),Was a crate cover used when retrieving the unit: not provided; Which component of the ARMS unit material was extracted: Motile,https://github.com/arms-mbon/data_release_002,Main genome;Eukaryota;Alveolata;Dinoflagellata;Dinophyceae;NA;NA;NA;NA;NA;NA,urn:lsid:marinespecies.org:taxname:146203,Dinoflagellata,Infraphylum,Otu159,NCBI:2864,ARMS_TZS_Kummelkobben_20200608_20201120_MF100_ETOH_s1_r1
ARMS_TZS_Kummelkobben_20200608_20201120_MF100_ETOH_s1_r1:Otu152,MaterialSample,ARMS-MBON,data_release_002,present,ARMS_TZS_Kummelkobben_20200608_20201120,SAMEA10020998,2020-06-08/2020-11-20,11,DNA sequence reads,13505,DNA sequence reads,https://github.com/arms-mbon/documentation/tree/main/armsmbon_handbook,ERR7125509,PEMA v2.1.4 https://github.com/hariszaf/pema | https://github.com/arms-mbon/analysis_release_002/tree/main/parameter_files,CREST classifier; Minimum bit-score 155; LCA bitscore range 2% | PR2 v4.13 | VSEARCH v2.9.1; clustering similarity 97%,Tammisaaren Ja Hangon Saariston Ja Pohjanpitäjänlahden Merensuojelualue (http://marineregions.org/mrgid/27436),59.86442,23.265084,FI,TZS_Kummelkobben,3.0,6.0,Long-Term Ecological Research Site; close to industrial port; continuous hydrographic monitoring; LHI (Low human influence); 9.7 - Macroalgal/kelp,,Was a crate cover used when retrieving the unit: not provided; Which component of the ARMS unit material was extracted: Motile,https://github.com/arms-mbon/data_release_002,Main genome;Eukaryota;Stramenopiles;Pseudofungi;Oomycota;Saprolegniales;Aphanomyces;NA;NA;NA;NA,urn:lsid:marinespecies.org:taxname:394836,Aphanomyces,Genus,Otu152,NCBI:100860,ARMS_TZS_Kummelkobben_20200608_20201120_MF100_ETOH_s1_r1
ARMS_TZS_Kummelkobben_20200608_20201120_MF100_ETOH_s1_r1:Otu153,MaterialSample,ARMS-MBON,data_release_002,present,ARMS_TZS_Kummelkobben_20200608_20201120,SAMEA10020998,2020-06-08/2020-11-20,11,DNA sequence reads,13505,DNA sequence reads,https://github.com/arms-mbon/documentation/tree/main/armsmbon_handbook,ERR7125509,PEMA v2.1.4 https://github.com/hariszaf/pema | https://github.com/arms-mbon/analysis_release_002/tree/main/parameter_files,CREST classifier; Minimum bit-score 155; LCA bitscore range 2% | PR2 v4.13 | VSEARCH v2.9.1; clustering similarity 97%,Tammisaaren Ja Hangon Saariston Ja Pohjanpitäjänlahden Merensuojelualue (http://marineregions.org/mrgid/27436),59.86442,23.265084,FI,TZS_Kummelkobben,3.0,6.0,Long-Term Ecological Research Site; close to industrial port; continuous hydrographic monitoring; LHI (Low human influence); 9.7 - Macroalgal/kelp,uncertain classification (not marine),Was a crate cover used when retrieving the unit: not provided; Which component of the ARMS unit material was extracted: Motile,https://github.com/arms-mbon/data_release_002,Main genome;Eukaryota;Alveolata;Ciliophora;Oligohymenophorea;Hymenostomatia;Tetrahymenida;NA;NA;NA;NA,urn:lsid:marinespecies.org:taxname:162991,Oligohymenophorea,Class,Otu153,NCBI:6020,ARMS_TZS_Kummelkobben_20200608_20201120_MF100_ETOH_s1_r1
ARMS_TZS_Kummelkobben_20200608_20201120_MF100_ETOH_s1_r1:Otu156,MaterialSample,ARMS-MBON,data_release_002,present,ARMS_TZS_Kummelkobben_20200608_20201120,SAMEA10020998,2020-06-08/2020-11-20,11,DNA sequence reads,13505,DNA sequence reads,https://github.com/arms-mbon/documentation/tree/main/armsmbon_handbook,ERR7125509,PEMA v2.1.4 https://github.com/hariszaf/pema | https://github.com/arms-mbon/analysis_release_002/tree/main/parameter_files,CREST classifier; Minimum bit-score 155; LCA bitscore range 2% | PR2 v4.13 | VSEARCH v2.9.1; clustering similarity 97%,Tammisaaren Ja Hangon Saariston Ja Pohjanpitäjänlahden Merensuojelualue (http://marineregions.org/mrgid/27436),59.86442,23.265084,FI,TZS_Kummelkobben,3.0,6.0,Long-Term Ecological Research Site; close to industrial port; continuous hydrographic monitoring; LHI (Low human influence); 9.7 - Macroalgal/kelp,,Was a crate cover used when retrieving the unit: not provided; Which component of the ARMS unit material was extracted: Motile,https://github.com/arms-mbon/data_release_002,Main genome;Eukaryota;Opisthokonta;Mesomycetozoa;Ichthyosporea;Ichthyosphonida;NA;NA;NA;NA;NA,urn:lsid:marinespecies.org:taxname:391862,Ichthyosporea,Class,Otu156,NCBI:127916,ARMS_TZS_Kummelkobben_20200608_20201120_MF100_ETOH_s1_r1
ARMS_TZS_Kummelkobben_20200608_20201120_MF100_ETOH_s1_r1:Otu157,MaterialSample,ARMS-MBON,data_release_002,present,ARMS_TZS_Kummelkobben_20200608_20201120,SAMEA10020998,2020-06-08/2020-11-20,16,DNA sequence reads,13505,DNA sequence reads,https://github.com/arms-mbon/documentation/tree/main/armsmbon_handbook,ERR7125509,PEMA v2.1.4 https://github.com/hariszaf/pema | https://github.com/arms-mbon/analysis_release_002/tree/main/parameter_files,CREST classifier; Minimum bit-score 155; LCA bitscore range 2% | PR2 v4.13 | VSEARCH v2.9.1; clustering similarity 97%,Tammisaaren Ja Hangon Saariston Ja Pohjanpitäjänlahden Merensuojelualue (http://marineregions.org/mrgid/27436),59.86442,23.265084,FI,TZS_Kummelkobben,3.0,6.0,Long-Term Ecological Research Site; close to industrial port; continuous hydrographic monitoring; LHI (Low human influence); 9.7 - Macroalgal/kelp,,Was a crate cover used when retrieving the unit: not provided; Which component of the ARMS unit material was extracted: Motile,https://github.com/arms-mbon/data_release_002,Main genome;Eukaryota;Archaeplastida;Chlorophyta;Trebouxiophyceae;Chlorellales;Picochlorum;NA;NA;NA;NA,urn:lsid:marinespecies.org:taxname:603429,Picochlorum,Genus,Otu157,NCBI:249344,ARMS_TZS_Kummelkobben_20200608_20201120_MF100_ETOH_s1_r1
ARMS_TZS_Kummelkobben_20200608_20201120_MF100_ETOH_s1_r1:Otu154,MaterialSample,ARMS-MBON,data_release_002,present,ARMS_TZS_Kummelkobben_20200608_20201120,SAMEA10020998,2020-06-08/2020-11-20,11,DNA sequence reads,13505,DNA sequence reads,https://github.com/arms-mbon/documentation/tree/main/armsmbon_handbook,ERR7125509,PEMA v2.1.4 https://github.com/hariszaf/pema | https://github.com/arms-mbon/analysis_release_002/tree/main/parameter_files,CREST classifier; Minimum bit-score 155; LCA bitscore range 2% | PR2 v4.13 | VSEARCH v2.9.1; clustering similarity 97%,Tammisaaren Ja Hangon Saariston Ja Pohjanpitäjänlahden Merensuojelualue (http://marineregions.org/mrgid/27436),59.86442,23.265084,FI,TZS_Kummelkobben,3.0,6.0,Long-Term Ecological Research Site; close to industrial port; continuous hydrographic monitoring; LHI (Low human influence); 9.7 - Macroalgal/kelp,,Was a crate cover used when retrieving the unit: not provided; Which component of the ARMS unit material was extracted: Motile,https://github.com/arms-mbon/data_release_002,Main genome;Eukaryota;Alveolata;Perkinsea;Perkinsida;Perkinsus;qugwadi;NA;NA;NA;Perkinsus qugwadi,urn:lsid:marinespecies.org:taxname:562958,Perkinsus qugwadi,Species,Otu154,NCBI:95749,ARMS_TZS_Kummelkobben_20200608_20201120_MF100_ETOH_s1_r1
ARMS_TZS_Kummelkobben_20200608_20201120_MF100_ETOH_s1_r1:Otu155,MaterialSample,ARMS-MBON,data_release_002,present,ARMS_TZS_Kummelkobben_20200608_20201120,SAMEA10020998,2020-06-08/2020-11-20,11,DNA sequence reads,13505,DNA sequence reads,https://github.com/arms-mbon/documentation/tree/main/armsmbon_handbook,ERR7125509,PEMA v2.1.4 https://github.com/hariszaf/pema | https://github.com/arms-mbon/analysis_release_002/tree/main/parameter_files,CREST classifier; Minimum bit-score 155; LCA bitscore range 2% | PR2 v4.13 | VSEARCH v2.9.1; clustering similarity 97%,Tammisaaren Ja Hangon Saariston Ja Pohjanpitäjänlahden Merensuojelualue (http://marineregions.org/mrgid/27436),59.86442,23.265084,FI,TZS_Kummelkobben,3.0,6.0,Long-Term Ecological Research Site; close to industrial port; continuous hydrographic monitoring; LHI (Low human influence); 9.7 - Macroalgal/kelp,,Was a crate cover used when retrieving the unit: not provided; Which component of the ARMS unit material was extracted: Motile,https://github.com/arms-mbon/data_release_002,Main genome;Eukaryota;Stramenopiles;Ochrophyta;Bacillariophyta;Polar-centric-Mediophyceae;NA;NA;NA;NA;NA,urn:lsid:marinespecies.org:taxname:345483,Mediophyceae,Class,Otu155,NCBI:589449,ARMS_TZS_Kummelkobben_20200608_20201120_MF100_ETOH_s1_r1
ARMS_TZS_Kummelkobben_20200608_20201120_MF100_ETOH_s1_r1:Otu70,MaterialSample,ARMS-MBON,data_release_002,present,ARMS_TZS_Kummelkobben_20200608_20201120,SAMEA10020998,2020-06-08/2020-11-20,95,DNA sequence reads,13505,DNA sequence reads,https://github.com/arms-mbon/documentation/tree/main/armsmbon_handbook,ERR7125509,PEMA v2.1.4 https://github.com/hariszaf/pema | https://github.com/arms-mbon/analysis_release_002/tree/main/parameter_files,CREST classifier; Minimum bit-score 155; LCA bitscore range 2% | PR2 v4.13 | VSEARCH v2.9.1; clustering similarity 97%,Tammisaaren Ja Hangon Saariston Ja Pohjanpitäjänlahden Merensuojelualue (http://marineregions.org/mrgid/27436),59.86442,23.265084,FI,TZS_Kummelkobben,3.0,6.0,Long-Term Ecological Research Site; close to industrial port; continuous hydrographic monitoring; LHI (Low human influence); 9.7 - Macroalgal/kelp,,Was a crate cover used when retrieving the unit: not provided; Which component of the ARMS unit material was extracted: Motile,https://github.com/arms-mbon/data_release_002,Main genome;Eukaryota;Rhizaria;Cercozoa;Filosa-Imbricatea;Euglyphida;Cyphoderiidae;NA;NA;NA;NA,urn:lsid:marinespecies.org:taxname:136743,Cyphoderiidae,Family,Otu70,NCBI:178373,ARMS_TZS_Kummelkobben_20200608_20201120_MF100_ETOH_s1_r1
ARMS_TZS_Kummelkobben_20200608_20201120_MF100_ETOH_s1_r1:Otu77,MaterialSample,ARMS-MBON,data_release_002,present,ARMS_TZS_Kummelkobben_20200608_20201120,SAMEA10020998,2020-06-08/2020-11-20,36,DNA sequence reads,13505,DNA sequence reads,https://github.com/arms-mbon/documentation/tree/main/armsmbon_handbook,ERR7125509,PEMA v2.1.4 https://github.com/hariszaf/pema | https://github.com/arms-mbon/analysis_release_002/tree/main/parameter_files,CREST classifier; Minimum bit-score 155; LCA bitscore range 2% | PR2 v4.13 | VSEARCH v2.9.1; clustering similarity 97%,Tammisaaren Ja Hangon Saariston Ja Pohjanpitäjänlahden Merensuojelualue (http://marineregions.org/mrgid/27436),59.86442,23.265084,FI,TZS_Kummelkobben,3.0,6.0,Long-Term Ecological Research Site; close to industrial port; continuous hydrographic monitoring; LHI (Low human influence); 9.7 - Macroalgal/kelp,,Was a crate cover used when retrieving the unit: not provided; Which component of the ARMS unit material was extracted: Motile,https://github.com/arms-mbon/data_release_002,Main genome;Eukaryota;Alveolata;Ciliophora;Oligohymenophorea;Peritrichia;Sessilida;NA;NA;NA;NA,urn:lsid:marinespecies.org:taxname:414711,Sessilida,Order,Otu77,NCBI:1974272,ARMS_TZS_Kummelkobben_20200608_20201120_MF100_ETOH_s1_r1
ARMS_TZS_Kummelkobben_20200608_20201120_MF100_ETOH_s1_r1:Otu79,MaterialSample,ARMS-MBON,data_release_002,present,ARMS_TZS_Kummelkobben_20200608_20201120,SAMEA10020998,2020-06-08/2020-11-20,27,DNA sequence reads,13505,DNA sequence reads,https://github.com/arms-mbon/documentation/tree/main/armsmbon_handbook,ERR7125509,PEMA v2.1.4 https://github.com/hariszaf/pema | https://github.com/arms-mbon/analysis_release_002/tree/main/parameter_files,CREST classifier; Minimum bit-score 155; LCA bitscore range 2% | PR2 v4.13 | VSEARCH v2.9.1; clustering similarity 97%,Tammisaaren Ja Hangon Saariston Ja Pohjanpitäjänlahden Merensuojelualue (http://marineregions.org/mrgid/27436),59.86442,23.265084,FI,TZS_Kummelkobben,3.0,6.0,Long-Term Ecological Research Site; close to industrial port; continuous hydrographic monitoring; LHI (Low human influence); 9.7 - Macroalgal/kelp,,Was a crate cover used when retrieving the unit: not provided; Which component of the ARMS unit material was extracted: Motile,https://github.com/arms-mbon/data_release_002,Main genome;Eukaryota;Opisthokonta;Metazoa;Platyhelminthes;Turbellaria;Rhabdocoela;Zonorhynchus;NA;NA;NA,urn:lsid:marinespecies.org:taxname:142321,Zonorhynchus,Genus,Otu79,NCBI:297399,ARMS_TZS_Kummelkobben_20200608_20201120_MF100_ETOH_s1_r1
ARMS_TZS_Kummelkobben_20200608_20201120_MF100_ETOH_s1_r1:Otu9,MaterialSample,ARMS-MBON,data_release_002,present,ARMS_TZS_Kummelkobben_20200608_20201120,SAMEA10020998,2020-06-08/2020-11-20,2,DNA sequence reads,13505,DNA sequence reads,https://github.com/arms-mbon/documentation/tree/main/armsmbon_handbook,ERR7125509,PEMA v2.1.4 https://github.com/hariszaf/pema | https://github.com/arms-mbon/analysis_release_002/tree/main/parameter_files,CREST classifier; Minimum bit-score 155; LCA bitscore range 2% | PR2 v4.13 | VSEARCH v2.9.1; clustering similarity 97%,Tammisaaren Ja Hangon Saariston Ja Pohjanpitäjänlahden Merensuojelualue (http://marineregions.org/mrgid/27436),59.86442,23.265084,FI,TZS_Kummelkobben,3.0,6.0,Long-Term Ecological Research Site; close to industrial port; continuous hydrographic monitoring; LHI (Low human influence); 9.7 - Macroalgal/kelp,,Was a crate cover used when retrieving the unit: not provided; Which component of the ARMS unit material was extracted: Motile,https://github.com/arms-mbon/data_release_002,Main genome;Eukaryota;Opisthokonta;Metazoa;Cnidaria;Anthozoa;NA;NA;NA;NA;NA,urn:lsid:marinespecies.org:taxname:1292,Anthozoa,Subphylum,Otu9,NCBI:6101,ARMS_TZS_Kummelkobben_20200608_20201120_MF100_ETOH_s1_r1
ARMS_TZS_Kummelkobben_20200608_20201120_MF100_ETOH_s1_r1:Otu7,MaterialSample,ARMS-MBON,data_release_002,present,ARMS_TZS_Kummelkobben_20200608_20201120,SAMEA10020998,2020-06-08/2020-11-20,6,DNA sequence reads,13505,DNA sequence reads,https://github.com/arms-mbon/documentation/tree/main/armsmbon_handbook,ERR7125509,PEMA v2.1.4 https://github.com/hariszaf/pema | https://github.com/arms-mbon/analysis_release_002/tree/main/parameter_files,CREST classifier; Minimum bit-score 155; LCA bitscore range 2% | PR2 v4.13 | VSEARCH v2.9.1; clustering similarity 97%,Tammisaaren Ja Hangon Saariston Ja Pohjanpitäjänlahden Merensuojelualue (http://marineregions.org/mrgid/27436),59.86442,23.265084,FI,TZS_Kummelkobben,3.0,6.0,Long-Term Ecological Research Site; close to industrial port; continuous hydrographic monitoring; LHI (Low human influence); 9.7 - Macroalgal/kelp,,Was a crate cover used when retrieving the unit: not provided; Which component of the ARMS unit material was extracted: Motile,https://github.com/arms-mbon/data_release_002,Main genome;Eukaryota;Opisthokonta;Metazoa;Arthropoda;Crustacea;Maxillopoda;Megabalanus;NA;NA;NA,urn:lsid:marinespecies.org:taxname:106123,Megabalanus,Genus,Otu7,NCBI:6679,ARMS_TZS_Kummelkobben_20200608_20201120_MF100_ETOH_s1_r1
ARMS_TZS_Kummelkobben_20200608_20201120_MF100_ETOH_s1_r1:Otu5,MaterialSample,ARMS-MBON,data_release_002,present,ARMS_TZS_Kummelkobben_20200608_20201120,SAMEA10020998,2020-06-08/2020-11-20,3716,DNA sequence reads,13505,DNA sequence reads,https://github.com/arms-mbon/documentation/tree/main/armsmbon_handbook,ERR7125509,PEMA v2.1.4 https://github.com/hariszaf/pema | https://github.com/arms-mbon/analysis_release_002/tree/main/parameter_files,CREST classifier; Minimum bit-score 155; LCA bitscore range 2% | PR2 v4.13 | VSEARCH v2.9.1; clustering similarity 97%,Tammisaaren Ja Hangon Saariston Ja Pohjanpitäjänlahden Merensuojelualue (http://marineregions.org/mrgid/27436),59.86442,23.265084,FI,TZS_Kummelkobben,3.0,6.0,Long-Term Ecological Research Site; close to industrial port; continuous hydrographic monitoring; LHI (Low human influence); 9.7 - Macroalgal/kelp,,Was a crate cover used when retrieving the unit: not provided; Which component of the ARMS unit material was extracted: Motile,https://github.com/arms-mbon/data_release_002,Main genome;Eukaryota;Opisthokonta;Metazoa;Craniata;Teleostei;NA;NA;NA;NA;NA,urn:lsid:marinespecies.org:taxname:293496,Teleostei,Class,Otu5,NCBI:32443,ARMS_TZS_Kummelkobben_20200608_20201120_MF100_ETOH_s1_r1
ARMS_TZS_Kummelkobben_20200608_20201120_MF100_ETOH_s1_r1:Otu2,MaterialSample,ARMS-MBON,data_release_002,present,ARMS_TZS_Kummelkobben_20200608_20201120,SAMEA10020998,2020-06-08/2020-11-20,20,DNA sequence reads,13505,DNA sequence reads,https://github.com/arms-mbon/documentation/tree/main/armsmbon_handbook,ERR7125509,PEMA v2.1.4 https://github.com/hariszaf/pema | https://github.com/arms-mbon/analysis_release_002/tree/main/parameter_files,CREST classifier; Minimum bit-score 155; LCA bitscore range 2% | PR2 v4.13 | VSEARCH v2.9.1; clustering similarity 97%,Tammisaaren Ja Hangon Saariston Ja Pohjanpitäjänlahden Merensuojelualue (http://marineregions.org/mrgid/27436),59.86442,23.265084,FI,TZS_Kummelkobben,3.0,6.0,Long-Term Ecological Research Site; close to industrial port; continuous hydrographic monitoring; LHI (Low human influence); 9.7 - Macroalgal/kelp,,Was a crate cover used when retrieving the unit: not provided; Which component of the ARMS unit material was extracted: Motile,https://github.com/arms-mbon/data_release_002,Main genome;Eukaryota;Opisthokonta;Metazoa;Urochordata;Ascidiacea;NA;NA;NA;NA;NA,urn:lsid:marinespecies.org:taxname:1839,Ascidiacea,Class,Otu2,NCBI:7713,ARMS_TZS_Kummelkobben_20200608_20201120_MF100_ETOH_s1_r1
ARMS_TZS_Kummelkobben_20200608_20201120_MF100_ETOH_s1_r1:Otu1,MaterialSample,ARMS-MBON,data_release_002,present,ARMS_TZS_Kummelkobben_20200608_20201120,SAMEA10020998,2020-06-08/2020-11-20,1061,DNA sequence reads,13505,DNA sequence reads,https://github.com/arms-mbon/documentation/tree/main/armsmbon_handbook,ERR7125509,PEMA v2.1.4 https://github.com/hariszaf/pema | https://github.com/arms-mbon/analysis_release_002/tree/main/parameter_files,CREST classifier; Minimum bit-score 155; LCA bitscore range 2% | PR2 v4.13 | VSEARCH v2.9.1; clustering similarity 97%,Tammisaaren Ja Hangon Saariston Ja Pohjanpitäjänlahden Merensuojelualue (http://marineregions.org/mrgid/27436),59.86442,23.265084,FI,TZS_Kummelkobben,3.0,6.0,Long-Term Ecological Research Site; close to industrial port; continuous hydrographic monitoring; LHI (Low human influence); 9.7 - Macroalgal/kelp,uncertain classification (not marine),Was a crate cover used when retrieving the unit: not provided; Which component of the ARMS unit material was extracted: Motile,https://github.com/arms-mbon/data_release_002,Main genome;Eukaryota;Opisthokonta;Metazoa;Arthropoda;Crustacea;Maxillopoda;NA;NA;NA;NA,urn:lsid:marinespecies.org:taxname:1066,Crustacea,Subphylum,Otu1,NCBI:6657,ARMS_TZS_Kummelkobben_20200608_20201120_MF100_ETOH_s1_r1
ARMS_TZS_Kummelkobben_20200608_20201120_MF100_ETOH_s1_r1:Otu50,MaterialSample,ARMS-MBON,data_release_002,present,ARMS_TZS_Kummelkobben_20200608_20201120,SAMEA10020998,2020-06-08/2020-11-20,54,DNA sequence reads,13505,DNA sequence reads,https://github.com/arms-mbon/documentation/tree/main/armsmbon_handbook,ERR7125509,PEMA v2.1.4 https://github.com/hariszaf/pema | https://github.com/arms-mbon/analysis_release_002/tree/main/parameter_files,CREST classifier; Minimum bit-score 155; LCA bitscore range 2% | PR2 v4.13 | VSEARCH v2.9.1; clustering similarity 97%,Tammisaaren Ja Hangon Saariston Ja Pohjanpitäjänlahden Merensuojelualue (http://marineregions.org/mrgid/27436),59.86442,23.265084,FI,TZS_Kummelkobben,3.0,6.0,Long-Term Ecological Research Site; close to industrial port; continuous hydrographic monitoring; LHI (Low human influence); 9.7 - Macroalgal/kelp,uncertain classification (not marine),Was a crate cover used when retrieving the unit: not provided; Which component of the ARMS unit material was extracted: Motile,https://github.com/arms-mbon/data_release_002,Main genome;Eukaryota;Archaeplastida;Rhodophyta;Florideophyceae;NA;NA;NA;NA;NA;NA,urn:lsid:marinespecies.org:taxname:368670,Florideophyceae,Class,Otu50,NCBI:2806,ARMS_TZS_Kummelkobben_20200608_20201120_MF100_ETOH_s1_r1
ARMS_TZS_Kummelkobben_20200608_20201120_MF100_ETOH_s1_r1:Otu57,MaterialSample,ARMS-MBON,data_release_002,present,ARMS_TZS_Kummelkobben_20200608_20201120,SAMEA10020998,2020-06-08/2020-11-20,48,DNA sequence reads,13505,DNA sequence reads,https://github.com/arms-mbon/documentation/tree/main/armsmbon_handbook,ERR7125509,PEMA v2.1.4 https://github.com/hariszaf/pema | https://github.com/arms-mbon/analysis_release_002/tree/main/parameter_files,CREST classifier; Minimum bit-score 155; LCA bitscore range 2% | PR2 v4.13 | VSEARCH v2.9.1; clustering similarity 97%,Tammisaaren Ja Hangon Saariston Ja Pohjanpitäjänlahden Merensuojelualue (http://marineregions.org/mrgid/27436),59.86442,23.265084,FI,TZS_Kummelkobben,3.0,6.0,Long-Term Ecological Research Site; close to industrial port; continuous hydrographic monitoring; LHI (Low human influence); 9.7 - Macroalgal/kelp,,Was a crate cover used when retrieving the unit: not provided; Which component of the ARMS unit material was extracted: Motile,https://github.com/arms-mbon/data_release_002,Main genome;Eukaryota;Opisthokonta;Metazoa;Cnidaria;Scyphozoa;Aurelia;NA;NA;NA;NA,,Aurelia,genus,Otu57,NCBI:6144,ARMS_TZS_Kummelkobben_20200608_20201120_MF100_ETOH_s1_r1
ARMS_TZS_Kummelkobben_20200608_20201120_MF100_ETOH_s1_r1:Otu204,MaterialSample,ARMS-MBON,data_release_002,present,ARMS_TZS_Kummelkobben_20200608_20201120,SAMEA10020998,2020-06-08/2020-11-20,15,DNA sequence reads,13505,DNA sequence reads,https://github.com/arms-mbon/documentation/tree/main/armsmbon_handbook,ERR7125509,PEMA v2.1.4 https://github.com/hariszaf/pema | https://github.com/arms-mbon/analysis_release_002/tree/main/parameter_files,CREST classifier; Minimum bit-score 155; LCA bitscore range 2% | PR2 v4.13 | VSEARCH v2.9.1; clustering similarity 97%,Tammisaaren Ja Hangon Saariston Ja Pohjanpitäjänlahden Merensuojelualue (http://marineregions.org/mrgid/27436),59.86442,23.265084,FI,TZS_Kummelkobben,3.0,6.0,Long-Term Ecological Research Site; close to industrial port; continuous hydrographic monitoring; LHI (Low human influence); 9.7 - Macroalgal/kelp,,Was a crate cover used when retrieving the unit: not provided; Which component of the ARMS unit material was extracted: Motile,https://github.com/arms-mbon/data_release_002,Main genome;Eukaryota;NA;NA;NA;NA;NA;NA;NA;NA;NA,,Eukaryota,domain,Otu204,NCBI:2759,ARMS_TZS_Kummelkobben_20200608_20201120_MF100_ETOH_s1_r1
ARMS_TZS_Kummelkobben_20200608_20201120_MF100_ETOH_s1_r1:Otu203,MaterialSample,ARMS-MBON,data_release_002,present,ARMS_TZS_Kummelkobben_20200608_20201120,SAMEA10020998,2020-06-08/2020-11-20,3,DNA sequence reads,13505,DNA sequence reads,https://github.com/arms-mbon/documentation/tree/main/armsmbon_handbook,ERR7125509,PEMA v2.1.4 https://github.com/hariszaf/pema | https://github.com/arms-mbon/analysis_release_002/tree/main/parameter_files,CREST classifier; Minimum bit-score 155; LCA bitscore range 2% | PR2 v4.13 | VSEARCH v2.9.1; clustering similarity 97%,Tammisaaren Ja Hangon Saariston Ja Pohjanpitäjänlahden Merensuojelualue (http://marineregions.org/mrgid/27436),59.86442,23.265084,FI,TZS_Kummelkobben,3.0,6.0,Long-Term Ecological Research Site; close to industrial port; continuous hydrographic monitoring; LHI (Low human influence); 9.7 - Macroalgal/kelp,uncertain classification (not marine),Was a crate cover used when retrieving the unit: not provided; Which component of the ARMS unit material was extracted: Motile,https://github.com/arms-mbon/data_release_002,Main genome;Eukaryota;Alveolata;Ciliophora;Oligohymenophorea;NA;NA;NA;NA;NA;NA,urn:lsid:marinespecies.org:taxname:162991,Oligohymenophorea,Class,Otu203,NCBI:6020,ARMS_TZS_Kummelkobben_20200608_20201120_MF100_ETOH_s1_r1
ARMS_TZS_Kummelkobben_20200608_20201120_MF100_ETOH_s1_r1:Otu373,MaterialSample,ARMS-MBON,data_release_002,present,ARMS_TZS_Kummelkobben_20200608_20201120,SAMEA10020998,2020-06-08/2020-11-20,3,DNA sequence reads,13505,DNA sequence reads,https://github.com/arms-mbon/documentation/tree/main/armsmbon_handbook,ERR7125509,PEMA v2.1.4 https://github.com/hariszaf/pema | https://github.com/arms-mbon/analysis_release_002/tree/main/parameter_files,CREST classifier; Minimum bit-score 155; LCA bitscore range 2% | PR2 v4.13 | VSEARCH v2.9.1; clustering similarity 97%,Tammisaaren Ja Hangon Saariston Ja Pohjanpitäjänlahden Merensuojelualue (http://marineregions.org/mrgid/27436),59.86442,23.265084,FI,TZS_Kummelkobben,3.0,6.0,Long-Term Ecological Research Site; close to industrial port; continuous hydrographic monitoring; LHI (Low human influence); 9.7 - Macroalgal/kelp,,Was a crate cover used when retrieving the unit: not provided; Which component of the ARMS unit material was extracted: Motile,https://github.com/arms-mbon/data_release_002,Main genome;Eukaryota;Stramenopiles;Ochrophyta;Bacillariophyta;Raphid-pennate;NA;NA;NA;NA;NA,urn:lsid:marinespecies.org:taxname:148898,Bacillariophyta,Phylum,Otu373,NCBI:2836,ARMS_TZS_Kummelkobben_20200608_20201120_MF100_ETOH_s1_r1
ARMS_TZS_Kummelkobben_20200608_20201120_MF100_ETOH_s1_r1:Otu371,MaterialSample,ARMS-MBON,data_release_002,present,ARMS_TZS_Kummelkobben_20200608_20201120,SAMEA10020998,2020-06-08/2020-11-20,3,DNA sequence reads,13505,DNA sequence reads,https://github.com/arms-mbon/documentation/tree/main/armsmbon_handbook,ERR7125509,PEMA v2.1.4 https://github.com/hariszaf/pema | https://github.com/arms-mbon/analysis_release_002/tree/main/parameter_files,CREST classifier; Minimum bit-score 155; LCA bitscore range 2% | PR2 v4.13 | VSEARCH v2.9.1; clustering similarity 97%,Tammisaaren Ja Hangon Saariston Ja Pohjanpitäjänlahden Merensuojelualue (http://marineregions.org/mrgid/27436),59.86442,23.265084,FI,TZS_Kummelkobben,3.0,6.0,Long-Term Ecological Research Site; close to industrial port; continuous hydrographic monitoring; LHI (Low human influence); 9.7 - Macroalgal/kelp,uncertain classification (not marine),Was a crate cover used when retrieving the unit: not provided; Which component of the ARMS unit material was extracted: Motile,https://github.com/arms-mbon/data_release_002,Main genome;Eukaryota;Stramenopiles;Sagenista;Labyrinthulomycetes;LAB1;LAB8;NA;NA;NA;NA,urn:lsid:marinespecies.org:taxname:449154,Labyrinthulea,Class,Otu371,NCBI:35131,ARMS_TZS_Kummelkobben_20200608_20201120_MF100_ETOH_s1_r1
ARMS_TZS_Kummelkobben_20200608_20201120_MF100_ETOH_s1_r1:Otu376,MaterialSample,ARMS-MBON,data_release_002,present,ARMS_TZS_Kummelkobben_20200608_20201120,SAMEA10020998,2020-06-08/2020-11-20,3,DNA sequence reads,13505,DNA sequence reads,https://github.com/arms-mbon/documentation/tree/main/armsmbon_handbook,ERR7125509,PEMA v2.1.4 https://github.com/hariszaf/pema | https://github.com/arms-mbon/analysis_release_002/tree/main/parameter_files,CREST classifier; Minimum bit-score 155; LCA bitscore range 2% | PR2 v4.13 | VSEARCH v2.9.1; clustering similarity 97%,Tammisaaren Ja Hangon Saariston Ja Pohjanpitäjänlahden Merensuojelualue (http://marineregions.org/mrgid/27436),59.86442,23.265084,FI,TZS_Kummelkobben,3.0,6.0,Long-Term Ecological Research Site; close to industrial port; continuous hydrographic monitoring; LHI (Low human influence); 9.7 - Macroalgal/kelp,,Was a crate cover used when retrieving the unit: not provided; Which component of the ARMS unit material was extracted: Motile,https://github.com/arms-mbon/data_release_002,Main genome;Eukaryota;Hacrobia;Centroheliozoa;Pterocystida;NA;NA;NA;NA;NA;NA,urn:lsid:marinespecies.org:taxname:1748107,Pterocystida,Order,Otu376,NCBI:2607628,ARMS_TZS_Kummelkobben_20200608_20201120_MF100_ETOH_s1_r1
ARMS_TZS_Kummelkobben_20200608_20201120_MF100_ETOH_s1_r1:Otu377,MaterialSample,ARMS-MBON,data_release_002,present,ARMS_TZS_Kummelkobben_20200608_20201120,SAMEA10020998,2020-06-08/2020-11-20,3,DNA sequence reads,13505,DNA sequence reads,https://github.com/arms-mbon/documentation/tree/main/armsmbon_handbook,ERR7125509,PEMA v2.1.4 https://github.com/hariszaf/pema | https://github.com/arms-mbon/analysis_release_002/tree/main/parameter_files,CREST classifier; Minimum bit-score 155; LCA bitscore range 2% | PR2 v4.13 | VSEARCH v2.9.1; clustering similarity 97%,Tammisaaren Ja Hangon Saariston Ja Pohjanpitäjänlahden Merensuojelualue (http://marineregions.org/mrgid/27436),59.86442,23.265084,FI,TZS_Kummelkobben,3.0,6.0,Long-Term Ecological Research Site; close to industrial port; continuous hydrographic monitoring; LHI (Low human influence); 9.7 - Macroalgal/kelp,uncertain classification (not marine),Was a crate cover used when retrieving the unit: not provided; Which component of the ARMS unit material was extracted: Motile,https://github.com/arms-mbon/data_release_002,Main genome;Eukaryota;Archaeplastida;Streptophyta;Embryophyceae;NA;NA;NA;NA;NA;NA,urn:lsid:marinespecies.org:taxname:536191,Streptophyta,Infrakingdom,Otu377,NCBI:35493,ARMS_TZS_Kummelkobben_20200608_20201120_MF100_ETOH_s1_r1
ARMS_TZS_Kummelkobben_20200608_20201120_MF100_ETOH_s1_r1:Otu374,MaterialSample,ARMS-MBON,data_release_002,present,ARMS_TZS_Kummelkobben_20200608_20201120,SAMEA10020998,2020-06-08/2020-11-20,3,DNA sequence reads,13505,DNA sequence reads,https://github.com/arms-mbon/documentation/tree/main/armsmbon_handbook,ERR7125509,PEMA v2.1.4 https://github.com/hariszaf/pema | https://github.com/arms-mbon/analysis_release_002/tree/main/parameter_files,CREST classifier; Minimum bit-score 155; LCA bitscore range 2% | PR2 v4.13 | VSEARCH v2.9.1; clustering similarity 97%,Tammisaaren Ja Hangon Saariston Ja Pohjanpitäjänlahden Merensuojelualue (http://marineregions.org/mrgid/27436),59.86442,23.265084,FI,TZS_Kummelkobben,3.0,6.0,Long-Term Ecological Research Site; close to industrial port; continuous hydrographic monitoring; LHI (Low human influence); 9.7 - Macroalgal/kelp,,Was a crate cover used when retrieving the unit: not provided; Which component of the ARMS unit material was extracted: Motile,https://github.com/arms-mbon/data_release_002,Main genome;Eukaryota;NA;NA;NA;NA;NA;NA;NA;NA;NA,,Eukaryota,domain,Otu374,NCBI:2759,ARMS_TZS_Kummelkobben_20200608_20201120_MF100_ETOH_s1_r1
ARMS_TZS_Kummelkobben_20200608_20201120_MF100_ETOH_s1_r1:Otu375,MaterialSample,ARMS-MBON,data_release_002,present,ARMS_TZS_Kummelkobben_20200608_20201120,SAMEA10020998,2020-06-08/2020-11-20,3,DNA sequence reads,13505,DNA sequence reads,https://github.com/arms-mbon/documentation/tree/main/armsmbon_handbook,ERR7125509,PEMA v2.1.4 https://github.com/hariszaf/pema | https://github.com/arms-mbon/analysis_release_002/tree/main/parameter_files,CREST classifier; Minimum bit-score 155; LCA bitscore range 2% | PR2 v4.13 | VSEARCH v2.9.1; clustering similarity 97%,Tammisaaren Ja Hangon Saariston Ja Pohjanpitäjänlahden Merensuojelualue (http://marineregions.org/mrgid/27436),59.86442,23.265084,FI,TZS_Kummelkobben,3.0,6.0,Long-Term Ecological Research Site; close to industrial port; continuous hydrographic monitoring; LHI (Low human influence); 9.7 - Macroalgal/kelp,,Was a crate cover used when retrieving the unit: not provided; Which component of the ARMS unit material was extracted: Motile,https://github.com/arms-mbon/data_release_002,Main genome;Eukaryota;Opisthokonta;Metazoa;Arthropoda;Crustacea;Maxillopoda;Pseudanthessius;NA;NA;NA,urn:lsid:marinespecies.org:taxname:128711,Pseudanthessius,Genus,Otu375,NCBI:298443,ARMS_TZS_Kummelkobben_20200608_20201120_MF100_ETOH_s1_r1
ARMS_TZS_Kummelkobben_20200608_20201120_MF100_ETOH_s1_r1:Otu276,MaterialSample,ARMS-MBON,data_release_002,present,ARMS_TZS_Kummelkobben_20200608_20201120,SAMEA10020998,2020-06-08/2020-11-20,5,DNA sequence reads,13505,DNA sequence reads,https://github.com/arms-mbon/documentation/tree/main/armsmbon_handbook,ERR7125509,PEMA v2.1.4 https://github.com/hariszaf/pema | https://github.com/arms-mbon/analysis_release_002/tree/main/parameter_files,CREST classifier; Minimum bit-score 155; LCA bitscore range 2% | PR2 v4.13 | VSEARCH v2.9.1; clustering similarity 97%,Tammisaaren Ja Hangon Saariston Ja Pohjanpitäjänlahden Merensuojelualue (http://marineregions.org/mrgid/27436),59.86442,23.265084,FI,TZS_Kummelkobben,3.0,6.0,Long-Term Ecological Research Site; close to industrial port; continuous hydrographic monitoring; LHI (Low human influence); 9.7 - Macroalgal/kelp,uncertain classification (not marine),Was a crate cover used when retrieving the unit: not provided; Which component of the ARMS unit material was extracted: Motile,https://github.com/arms-mbon/data_release_002,Main genome;Eukaryota;Stramenopiles;Ochrophyta;Chrysophyceae;NA;NA;NA;NA;NA;NA,urn:lsid:marinespecies.org:taxname:146230,Chrysophyceae,Class,Otu276,NCBI:2825,ARMS_TZS_Kummelkobben_20200608_20201120_MF100_ETOH_s1_r1
ARMS_TZS_Kummelkobben_20200608_20201120_MF100_ETOH_s1_r1:Otu104,MaterialSample,ARMS-MBON,data_release_002,present,ARMS_TZS_Kummelkobben_20200608_20201120,SAMEA10020998,2020-06-08/2020-11-20,6,DNA sequence reads,13505,DNA sequence reads,https://github.com/arms-mbon/documentation/tree/main/armsmbon_handbook,ERR7125509,PEMA v2.1.4 https://github.com/hariszaf/pema | https://github.com/arms-mbon/analysis_release_002/tree/main/parameter_files,CREST classifier; Minimum bit-score 155; LCA bitscore range 2% | PR2 v4.13 | VSEARCH v2.9.1; clustering similarity 97%,Tammisaaren Ja Hangon Saariston Ja Pohjanpitäjänlahden Merensuojelualue (http://marineregions.org/mrgid/27436),59.86442,23.265084,FI,TZS_Kummelkobben,3.0,6.0,Long-Term Ecological Research Site; close to industrial port; continuous hydrographic monitoring; LHI (Low human influence); 9.7 - Macroalgal/kelp,uncertain classification (not marine),Was a crate cover used when retrieving the unit: not provided; Which component of the ARMS unit material was extracted: Motile,https://github.com/arms-mbon/data_release_002,Main genome;Eukaryota;Alveolata;Ciliophora;Spirotrichea;Hypotrichia;NA;NA;NA;NA;NA,urn:lsid:marinespecies.org:taxname:425500,Hypotrichia,Subclass,Otu104,NCBI:5934,ARMS_TZS_Kummelkobben_20200608_20201120_MF100_ETOH_s1_r1
ARMS_TZS_Kummelkobben_20200608_20201120_MF100_ETOH_s1_r1:Otu107,MaterialSample,ARMS-MBON,data_release_002,present,ARMS_TZS_Kummelkobben_20200608_20201120,SAMEA10020998,2020-06-08/2020-11-20,9,DNA sequence reads,13505,DNA sequence reads,https://github.com/arms-mbon/documentation/tree/main/armsmbon_handbook,ERR7125509,PEMA v2.1.4 https://github.com/hariszaf/pema | https://github.com/arms-mbon/analysis_release_002/tree/main/parameter_files,CREST classifier; Minimum bit-score 155; LCA bitscore range 2% | PR2 v4.13 | VSEARCH v2.9.1; clustering similarity 97%,Tammisaaren Ja Hangon Saariston Ja Pohjanpitäjänlahden Merensuojelualue (http://marineregions.org/mrgid/27436),59.86442,23.265084,FI,TZS_Kummelkobben,3.0,6.0,Long-Term Ecological Research Site; close to industrial port; continuous hydrographic monitoring; LHI (Low human influence); 9.7 - Macroalgal/kelp,,Was a crate cover used when retrieving the unit: not provided; Which component of the ARMS unit material was extracted: Motile,https://github.com/arms-mbon/data_release_002,Main genome;Eukaryota;Stramenopiles;Ochrophyta;Bacillariophyta;Polar-centric-Mediophyceae;NA;NA;NA;NA;NA,urn:lsid:marinespecies.org:taxname:345483,Mediophyceae,Class,Otu107,NCBI:589449,ARMS_TZS_Kummelkobben_20200608_20201120_MF100_ETOH_s1_r1
ARMS_TZS_Kummelkobben_20200608_20201120_MF100_ETOH_s1_r1:Otu101,MaterialSample,ARMS-MBON,data_release_002,present,ARMS_TZS_Kummelkobben_20200608_20201120,SAMEA10020998,2020-06-08/2020-11-20,19,DNA sequence reads,13505,DNA sequence reads,https://github.com/arms-mbon/documentation/tree/main/armsmbon_handbook,ERR7125509,PEMA v2.1.4 https://github.com/hariszaf/pema | https://github.com/arms-mbon/analysis_release_002/tree/main/parameter_files,CREST classifier; Minimum bit-score 155; LCA bitscore range 2% | PR2 v4.13 | VSEARCH v2.9.1; clustering similarity 97%,Tammisaaren Ja Hangon Saariston Ja Pohjanpitäjänlahden Merensuojelualue (http://marineregions.org/mrgid/27436),59.86442,23.265084,FI,TZS_Kummelkobben,3.0,6.0,Long-Term Ecological Research Site; close to industrial port; continuous hydrographic monitoring; LHI (Low human influence); 9.7 - Macroalgal/kelp,,Was a crate cover used when retrieving the unit: not provided; Which component of the ARMS unit material was extracted: Motile,https://github.com/arms-mbon/data_release_002,Main genome;Eukaryota;Alveolata;Ciliophora;Oligohymenophorea;Peritrichia;Sessilida;NA;NA;NA;NA,urn:lsid:marinespecies.org:taxname:414711,Sessilida,Order,Otu101,NCBI:1974272,ARMS_TZS_Kummelkobben_20200608_20201120_MF100_ETOH_s1_r1
ARMS_TZS_Kummelkobben_20200608_20201120_MF100_ETOH_s1_r1:Otu109,MaterialSample,ARMS-MBON,data_release_002,present,ARMS_TZS_Kummelkobben_20200608_20201120,SAMEA10020998,2020-06-08/2020-11-20,17,DNA sequence reads,13505,DNA sequence reads,https://github.com/arms-mbon/documentation/tree/main/armsmbon_handbook,ERR7125509,PEMA v2.1.4 https://github.com/hariszaf/pema | https://github.com/arms-mbon/analysis_release_002/tree/main/parameter_files,CREST classifier; Minimum bit-score 155; LCA bitscore range 2% | PR2 v4.13 | VSEARCH v2.9.1; clustering similarity 97%,Tammisaaren Ja Hangon Saariston Ja Pohjanpitäjänlahden Merensuojelualue (http://marineregions.org/mrgid/27436),59.86442,23.265084,FI,TZS_Kummelkobben,3.0,6.0,Long-Term Ecological Research Site; close to industrial port; continuous hydrographic monitoring; LHI (Low human influence); 9.7 - Macroalgal/kelp,uncertain classification (not marine),Was a crate cover used when retrieving the unit: not provided; Which component of the ARMS unit material was extracted: Motile,https://github.com/arms-mbon/data_release_002,Main genome;Eukaryota;Rhizaria;Cercozoa;Endomyxa;Vampyrellida;Penardia-lineage;NA;NA;NA;NA,urn:lsid:marinespecies.org:taxname:1737334,Vampyrellida,Order,Otu109,NCBI:1367446,ARMS_TZS_Kummelkobben_20200608_20201120_MF100_ETOH_s1_r1
ARMS_TZS_Kummelkobben_20200608_20201120_MF100_ETOH_s1_r1:Otu98,MaterialSample,ARMS-MBON,data_release_002,present,ARMS_TZS_Kummelkobben_20200608_20201120,SAMEA10020998,2020-06-08/2020-11-20,7,DNA sequence reads,13505,DNA sequence reads,https://github.com/arms-mbon/documentation/tree/main/armsmbon_handbook,ERR7125509,PEMA v2.1.4 https://github.com/hariszaf/pema | https://github.com/arms-mbon/analysis_release_002/tree/main/parameter_files,CREST classifier; Minimum bit-score 155; LCA bitscore range 2% | PR2 v4.13 | VSEARCH v2.9.1; clustering similarity 97%,Tammisaaren Ja Hangon Saariston Ja Pohjanpitäjänlahden Merensuojelualue (http://marineregions.org/mrgid/27436),59.86442,23.265084,FI,TZS_Kummelkobben,3.0,6.0,Long-Term Ecological Research Site; close to industrial port; continuous hydrographic monitoring; LHI (Low human influence); 9.7 - Macroalgal/kelp,uncertain classification (not marine),Was a crate cover used when retrieving the unit: not provided; Which component of the ARMS unit material was extracted: Motile,https://github.com/arms-mbon/data_release_002,Main genome;Eukaryota;Opisthokonta;Fungi;Basidiomycota;Ustilaginomycotina;Exobasidiomycetes;NA;NA;NA;NA,urn:lsid:marinespecies.org:taxname:177193,Exobasidiomycetidae,Subclass,Otu98,NCBI:452283,ARMS_TZS_Kummelkobben_20200608_20201120_MF100_ETOH_s1_r1
ARMS_TZS_Kummelkobben_20200608_20201120_MF100_ETOH_s1_r1:Otu91,MaterialSample,ARMS-MBON,data_release_002,present,ARMS_TZS_Kummelkobben_20200608_20201120,SAMEA10020998,2020-06-08/2020-11-20,22,DNA sequence reads,13505,DNA sequence reads,https://github.com/arms-mbon/documentation/tree/main/armsmbon_handbook,ERR7125509,PEMA v2.1.4 https://github.com/hariszaf/pema | https://github.com/arms-mbon/analysis_release_002/tree/main/parameter_files,CREST classifier; Minimum bit-score 155; LCA bitscore range 2% | PR2 v4.13 | VSEARCH v2.9.1; clustering similarity 97%,Tammisaaren Ja Hangon Saariston Ja Pohjanpitäjänlahden Merensuojelualue (http://marineregions.org/mrgid/27436),59.86442,23.265084,FI,TZS_Kummelkobben,3.0,6.0,Long-Term Ecological Research Site; close to industrial port; continuous hydrographic monitoring; LHI (Low human influence); 9.7 - Macroalgal/kelp,uncertain classification (not marine),Was a crate cover used when retrieving the unit: not provided; Which component of the ARMS unit material was extracted: Motile,https://github.com/arms-mbon/data_release_002,Main genome;Eukaryota;Alveolata;Apicomplexa;Gregarinomorphea;GRE1;NA;NA;NA;NA;NA,urn:lsid:marinespecies.org:taxname:22565,Apicomplexa,Subphylum,Otu91,NCBI:5794,ARMS_TZS_Kummelkobben_20200608_20201120_MF100_ETOH_s1_r1
ARMS_TZS_Kummelkobben_20200608_20201120_MF100_ETOH_s1_r1:Otu92,MaterialSample,ARMS-MBON,data_release_002,present,ARMS_TZS_Kummelkobben_20200608_20201120,SAMEA10020998,2020-06-08/2020-11-20,8,DNA sequence reads,13505,DNA sequence reads,https://github.com/arms-mbon/documentation/tree/main/armsmbon_handbook,ERR7125509,PEMA v2.1.4 https://github.com/hariszaf/pema | https://github.com/arms-mbon/analysis_release_002/tree/main/parameter_files,CREST classifier; Minimum bit-score 155; LCA bitscore range 2% | PR2 v4.13 | VSEARCH v2.9.1; clustering similarity 97%,Tammisaaren Ja Hangon Saariston Ja Pohjanpitäjänlahden Merensuojelualue (http://marineregions.org/mrgid/27436),59.86442,23.265084,FI,TZS_Kummelkobben,3.0,6.0,Long-Term Ecological Research Site; close to industrial port; continuous hydrographic monitoring; LHI (Low human influence); 9.7 - Macroalgal/kelp,uncertain classification (not marine),Was a crate cover used when retrieving the unit: not provided; Which component of the ARMS unit material was extracted: Motile,https://github.com/arms-mbon/data_release_002,Main genome;Eukaryota;Opisthokonta;Fungi;Ascomycota;Pezizomycotina;Sordariomycetes;NA;NA;NA;NA,urn:lsid:marinespecies.org:taxname:437254,Sordariomycetes,Class,Otu92,NCBI:147550,ARMS_TZS_Kummelkobben_20200608_20201120_MF100_ETOH_s1_r1
ARMS_TZS_Kummelkobben_20200608_20201120_MF100_ETOH_s1_r1:Otu325,MaterialSample,ARMS-MBON,data_release_002,present,ARMS_TZS_Kummelkobben_20200608_20201120,SAMEA10020998,2020-06-08/2020-11-20,4,DNA sequence reads,13505,DNA sequence reads,https://github.com/arms-mbon/documentation/tree/main/armsmbon_handbook,ERR7125509,PEMA v2.1.4 https://github.com/hariszaf/pema | https://github.com/arms-mbon/analysis_release_002/tree/main/parameter_files,CREST classifier; Minimum bit-score 155; LCA bitscore range 2% | PR2 v4.13 | VSEARCH v2.9.1; clustering similarity 97%,Tammisaaren Ja Hangon Saariston Ja Pohjanpitäjänlahden Merensuojelualue (http://marineregions.org/mrgid/27436),59.86442,23.265084,FI,TZS_Kummelkobben,3.0,6.0,Long-Term Ecological Research Site; close to industrial port; continuous hydrographic monitoring; LHI (Low human influence); 9.7 - Macroalgal/kelp,,Was a crate cover used when retrieving the unit: not provided; Which component of the ARMS unit material was extracted: Motile,https://github.com/arms-mbon/data_release_002,Main genome;Eukaryota;Rhizaria;Cercozoa;NA;NA;NA;NA;NA;NA;NA,urn:lsid:marinespecies.org:taxname:562852,Cercozoa,Phylum,Otu325,NCBI:136419,ARMS_TZS_Kummelkobben_20200608_20201120_MF100_ETOH_s1_r1
ARMS_TZS_Kummelkobben_20200608_20201120_MF100_ETOH_s1_r1:Otu324,MaterialSample,ARMS-MBON,data_release_002,present,ARMS_TZS_Kummelkobben_20200608_20201120,SAMEA10020998,2020-06-08/2020-11-20,4,DNA sequence reads,13505,DNA sequence reads,https://github.com/arms-mbon/documentation/tree/main/armsmbon_handbook,ERR7125509,PEMA v2.1.4 https://github.com/hariszaf/pema | https://github.com/arms-mbon/analysis_release_002/tree/main/parameter_files,CREST classifier; Minimum bit-score 155; LCA bitscore range 2% | PR2 v4.13 | VSEARCH v2.9.1; clustering similarity 97%,Tammisaaren Ja Hangon Saariston Ja Pohjanpitäjänlahden Merensuojelualue (http://marineregions.org/mrgid/27436),59.86442,23.265084,FI,TZS_Kummelkobben,3.0,6.0,Long-Term Ecological Research Site; close to industrial port; continuous hydrographic monitoring; LHI (Low human influence); 9.7 - Macroalgal/kelp,,Was a crate cover used when retrieving the unit: not provided; Which component of the ARMS unit material was extracted: Motile,https://github.com/arms-mbon/data_release_002,Main genome;Eukaryota;Stramenopiles;Pseudofungi;Oomycota;Saprolegniales;NA;NA;NA;NA;NA,urn:lsid:marinespecies.org:taxname:22155,Saprolegniales,Order,Otu324,NCBI:4763,ARMS_TZS_Kummelkobben_20200608_20201120_MF100_ETOH_s1_r1
ARMS_TZS_Kummelkobben_20200608_20201120_MF100_ETOH_s1_r1:Otu326,MaterialSample,ARMS-MBON,data_release_002,present,ARMS_TZS_Kummelkobben_20200608_20201120,SAMEA10020998,2020-06-08/2020-11-20,4,DNA sequence reads,13505,DNA sequence reads,https://github.com/arms-mbon/documentation/tree/main/armsmbon_handbook,ERR7125509,PEMA v2.1.4 https://github.com/hariszaf/pema | https://github.com/arms-mbon/analysis_release_002/tree/main/parameter_files,CREST classifier; Minimum bit-score 155; LCA bitscore range 2% | PR2 v4.13 | VSEARCH v2.9.1; clustering similarity 97%,Tammisaaren Ja Hangon Saariston Ja Pohjanpitäjänlahden Merensuojelualue (http://marineregions.org/mrgid/27436),59.86442,23.265084,FI,TZS_Kummelkobben,3.0,6.0,Long-Term Ecological Research Site; close to industrial port; continuous hydrographic monitoring; LHI (Low human influence); 9.7 - Macroalgal/kelp,,Was a crate cover used when retrieving the unit: not provided; Which component of the ARMS unit material was extracted: Motile,https://github.com/arms-mbon/data_release_002,Main genome;Eukaryota;Opisthokonta;Metazoa;Arthropoda;Crustacea;Ostracoda;Howeina;NA;NA;NA,urn:lsid:marinespecies.org:taxname:422842,Howeina,Genus,Otu326,NCBI:182551,ARMS_TZS_Kummelkobben_20200608_20201120_MF100_ETOH_s1_r1
ARMS_TZS_Kummelkobben_20200608_20201120_MF100_ETOH_s1_r1:Otu321,MaterialSample,ARMS-MBON,data_release_002,present,ARMS_TZS_Kummelkobben_20200608_20201120,SAMEA10020998,2020-06-08/2020-11-20,4,DNA sequence reads,13505,DNA sequence reads,https://github.com/arms-mbon/documentation/tree/main/armsmbon_handbook,ERR7125509,PEMA v2.1.4 https://github.com/hariszaf/pema | https://github.com/arms-mbon/analysis_release_002/tree/main/parameter_files,CREST classifier; Minimum bit-score 155; LCA bitscore range 2% | PR2 v4.13 | VSEARCH v2.9.1; clustering similarity 97%,Tammisaaren Ja Hangon Saariston Ja Pohjanpitäjänlahden Merensuojelualue (http://marineregions.org/mrgid/27436),59.86442,23.265084,FI,TZS_Kummelkobben,3.0,6.0,Long-Term Ecological Research Site; close to industrial port; continuous hydrographic monitoring; LHI (Low human influence); 9.7 - Macroalgal/kelp,,Was a crate cover used when retrieving the unit: not provided; Which component of the ARMS unit material was extracted: Motile,https://github.com/arms-mbon/data_release_002,Main genome;Eukaryota;Rhizaria;Cercozoa;Filosa-Thecofilosea;Cryomonadida;Protaspa-lineage;NA;NA;NA;NA,urn:lsid:marinespecies.org:taxname:591251,Cryomonadida,Order,Otu321,NCBI:589444,ARMS_TZS_Kummelkobben_20200608_20201120_MF100_ETOH_s1_r1
ARMS_TZS_Kummelkobben_20200608_20201120_MF100_ETOH_s1_r1:Otu320,MaterialSample,ARMS-MBON,data_release_002,present,ARMS_TZS_Kummelkobben_20200608_20201120,SAMEA10020998,2020-06-08/2020-11-20,4,DNA sequence reads,13505,DNA sequence reads,https://github.com/arms-mbon/documentation/tree/main/armsmbon_handbook,ERR7125509,PEMA v2.1.4 https://github.com/hariszaf/pema | https://github.com/arms-mbon/analysis_release_002/tree/main/parameter_files,CREST classifier; Minimum bit-score 155; LCA bitscore range 2% | PR2 v4.13 | VSEARCH v2.9.1; clustering similarity 97%,Tammisaaren Ja Hangon Saariston Ja Pohjanpitäjänlahden Merensuojelualue (http://marineregions.org/mrgid/27436),59.86442,23.265084,FI,TZS_Kummelkobben,3.0,6.0,Long-Term Ecological Research Site; close to industrial port; continuous hydrographic monitoring; LHI (Low human influence); 9.7 - Macroalgal/kelp,,Was a crate cover used when retrieving the unit: not provided; Which component of the ARMS unit material was extracted: Motile,https://github.com/arms-mbon/data_release_002,Main genome;Eukaryota;Alveolata;Ciliophora;Heterotrichea;Stentoridae;Stentor;NA;NA;NA;NA,urn:lsid:marinespecies.org:taxname:416015,Stentor,Genus,Otu320,NCBI:5962,ARMS_TZS_Kummelkobben_20200608_20201120_MF100_ETOH_s1_r1
ARMS_TZS_Kummelkobben_20200608_20201120_MF100_ETOH_s1_r1:Otu323,MaterialSample,ARMS-MBON,data_release_002,present,ARMS_TZS_Kummelkobben_20200608_20201120,SAMEA10020998,2020-06-08/2020-11-20,4,DNA sequence reads,13505,DNA sequence reads,https://github.com/arms-mbon/documentation/tree/main/armsmbon_handbook,ERR7125509,PEMA v2.1.4 https://github.com/hariszaf/pema | https://github.com/arms-mbon/analysis_release_002/tree/main/parameter_files,CREST classifier; Minimum bit-score 155; LCA bitscore range 2% | PR2 v4.13 | VSEARCH v2.9.1; clustering similarity 97%,Tammisaaren Ja Hangon Saariston Ja Pohjanpitäjänlahden Merensuojelualue (http://marineregions.org/mrgid/27436),59.86442,23.265084,FI,TZS_Kummelkobben,3.0,6.0,Long-Term Ecological Research Site; close to industrial port; continuous hydrographic monitoring; LHI (Low human influence); 9.7 - Macroalgal/kelp,,Was a crate cover used when retrieving the unit: not provided; Which component of the ARMS unit material was extracted: Motile,https://github.com/arms-mbon/data_release_002,Main genome;Eukaryota;Stramenopiles;Ochrophyta;Bacillariophyta;Raphid-pennate;NA;NA;NA;NA;NA,urn:lsid:marinespecies.org:taxname:148898,Bacillariophyta,Phylum,Otu323,NCBI:2836,ARMS_TZS_Kummelkobben_20200608_20201120_MF100_ETOH_s1_r1
ARMS_TZS_Kummelkobben_20200608_20201120_MF100_ETOH_s1_r1:Otu322,MaterialSample,ARMS-MBON,data_release_002,present,ARMS_TZS_Kummelkobben_20200608_20201120,SAMEA10020998,2020-06-08/2020-11-20,4,DNA sequence reads,13505,DNA sequence reads,https://github.com/arms-mbon/documentation/tree/main/armsmbon_handbook,ERR7125509,PEMA v2.1.4 https://github.com/hariszaf/pema | https://github.com/arms-mbon/analysis_release_002/tree/main/parameter_files,CREST classifier; Minimum bit-score 155; LCA bitscore range 2% | PR2 v4.13 | VSEARCH v2.9.1; clustering similarity 97%,Tammisaaren Ja Hangon Saariston Ja Pohjanpitäjänlahden Merensuojelualue (http://marineregions.org/mrgid/27436),59.86442,23.265084,FI,TZS_Kummelkobben,3.0,6.0,Long-Term Ecological Research Site; close to industrial port; continuous hydrographic monitoring; LHI (Low human influence); 9.7 - Macroalgal/kelp,,Was a crate cover used when retrieving the unit: not provided; Which component of the ARMS unit material was extracted: Motile,https://github.com/arms-mbon/data_release_002,Main genome;Eukaryota;Hacrobia;Centroheliozoa;Pterocystida;NA;NA;NA;NA;NA;NA,urn:lsid:marinespecies.org:taxname:1748107,Pterocystida,Order,Otu322,NCBI:2607628,ARMS_TZS_Kummelkobben_20200608_20201120_MF100_ETOH_s1_r1
ARMS_TZS_Kummelkobben_20200608_20201120_MF100_ETOH_s1_r1:Otu148,MaterialSample,ARMS-MBON,data_release_002,present,ARMS_TZS_Kummelkobben_20200608_20201120,SAMEA10020998,2020-06-08/2020-11-20,2,DNA sequence reads,13505,DNA sequence reads,https://github.com/arms-mbon/documentation/tree/main/armsmbon_handbook,ERR7125509,PEMA v2.1.4 https://github.com/hariszaf/pema | https://github.com/arms-mbon/analysis_release_002/tree/main/parameter_files,CREST classifier; Minimum bit-score 155; LCA bitscore range 2% | PR2 v4.13 | VSEARCH v2.9.1; clustering similarity 97%,Tammisaaren Ja Hangon Saariston Ja Pohjanpitäjänlahden Merensuojelualue (http://marineregions.org/mrgid/27436),59.86442,23.265084,FI,TZS_Kummelkobben,3.0,6.0,Long-Term Ecological Research Site; close to industrial port; continuous hydrographic monitoring; LHI (Low human influence); 9.7 - Macroalgal/kelp,uncertain classification (not marine),Was a crate cover used when retrieving the unit: not provided; Which component of the ARMS unit material was extracted: Motile,https://github.com/arms-mbon/data_release_002,Main genome;Eukaryota;Alveolata;Dinoflagellata;Dinophyceae;NA;NA;NA;NA;NA;NA,urn:lsid:marinespecies.org:taxname:146203,Dinoflagellata,Infraphylum,Otu148,NCBI:2864,ARMS_TZS_Kummelkobben_20200608_20201120_MF100_ETOH_s1_r1
ARMS_TZS_Kummelkobben_20200608_20201120_MF100_ETOH_s1_r1:Otu141,MaterialSample,ARMS-MBON,data_release_002,present,ARMS_TZS_Kummelkobben_20200608_20201120,SAMEA10020998,2020-06-08/2020-11-20,6,DNA sequence reads,13505,DNA sequence reads,https://github.com/arms-mbon/documentation/tree/main/armsmbon_handbook,ERR7125509,PEMA v2.1.4 https://github.com/hariszaf/pema | https://github.com/arms-mbon/analysis_release_002/tree/main/parameter_files,CREST classifier; Minimum bit-score 155; LCA bitscore range 2% | PR2 v4.13 | VSEARCH v2.9.1; clustering similarity 97%,Tammisaaren Ja Hangon Saariston Ja Pohjanpitäjänlahden Merensuojelualue (http://marineregions.org/mrgid/27436),59.86442,23.265084,FI,TZS_Kummelkobben,3.0,6.0,Long-Term Ecological Research Site; close to industrial port; continuous hydrographic monitoring; LHI (Low human influence); 9.7 - Macroalgal/kelp,,Was a crate cover used when retrieving the unit: not provided; Which component of the ARMS unit material was extracted: Motile,https://github.com/arms-mbon/data_release_002,Main genome;Eukaryota;Opisthokonta;Metazoa;Craniata;NA;NA;NA;NA;NA;NA,urn:lsid:marinespecies.org:taxname:104019,Craniata,Class,Otu141,NCBI:89593,ARMS_TZS_Kummelkobben_20200608_20201120_MF100_ETOH_s1_r1
ARMS_TZS_Kummelkobben_20200608_20201120_MF100_ETOH_s1_r1:Otu143,MaterialSample,ARMS-MBON,data_release_002,present,ARMS_TZS_Kummelkobben_20200608_20201120,SAMEA10020998,2020-06-08/2020-11-20,8,DNA sequence reads,13505,DNA sequence reads,https://github.com/arms-mbon/documentation/tree/main/armsmbon_handbook,ERR7125509,PEMA v2.1.4 https://github.com/hariszaf/pema | https://github.com/arms-mbon/analysis_release_002/tree/main/parameter_files,CREST classifier; Minimum bit-score 155; LCA bitscore range 2% | PR2 v4.13 | VSEARCH v2.9.1; clustering similarity 97%,Tammisaaren Ja Hangon Saariston Ja Pohjanpitäjänlahden Merensuojelualue (http://marineregions.org/mrgid/27436),59.86442,23.265084,FI,TZS_Kummelkobben,3.0,6.0,Long-Term Ecological Research Site; close to industrial port; continuous hydrographic monitoring; LHI (Low human influence); 9.7 - Macroalgal/kelp,uncertain classification (not marine),Was a crate cover used when retrieving the unit: not provided; Which component of the ARMS unit material was extracted: Motile,https://github.com/arms-mbon/data_release_002,Main genome;Eukaryota;Opisthokonta;Metazoa;Arthropoda;Chelicerata;Arachnida;NA;NA;NA;NA,urn:lsid:marinespecies.org:taxname:1300,Arachnida,Class,Otu143,NCBI:6854,ARMS_TZS_Kummelkobben_20200608_20201120_MF100_ETOH_s1_r1
ARMS_TZS_Kummelkobben_20200608_20201120_MF100_ETOH_s1_r1:Otu142,MaterialSample,ARMS-MBON,data_release_002,present,ARMS_TZS_Kummelkobben_20200608_20201120,SAMEA10020998,2020-06-08/2020-11-20,3,DNA sequence reads,13505,DNA sequence reads,https://github.com/arms-mbon/documentation/tree/main/armsmbon_handbook,ERR7125509,PEMA v2.1.4 https://github.com/hariszaf/pema | https://github.com/arms-mbon/analysis_release_002/tree/main/parameter_files,CREST classifier; Minimum bit-score 155; LCA bitscore range 2% | PR2 v4.13 | VSEARCH v2.9.1; clustering similarity 97%,Tammisaaren Ja Hangon Saariston Ja Pohjanpitäjänlahden Merensuojelualue (http://marineregions.org/mrgid/27436),59.86442,23.265084,FI,TZS_Kummelkobben,3.0,6.0,Long-Term Ecological Research Site; close to industrial port; continuous hydrographic monitoring; LHI (Low human influence); 9.7 - Macroalgal/kelp,uncertain classification (not marine),Was a crate cover used when retrieving the unit: not provided; Which component of the ARMS unit material was extracted: Motile,https://github.com/arms-mbon/data_release_002,Main genome;Eukaryota;Opisthokonta;Metazoa;Annelida;NA;NA;NA;NA;NA;NA,urn:lsid:marinespecies.org:taxname:882,Annelida,Phylum,Otu142,NCBI:6340,ARMS_TZS_Kummelkobben_20200608_20201120_MF100_ETOH_s1_r1
ARMS_TZS_Kummelkobben_20200608_20201120_MF100_ETOH_s1_r1:Otu145,MaterialSample,ARMS-MBON,data_release_002,present,ARMS_TZS_Kummelkobben_20200608_20201120,SAMEA10020998,2020-06-08/2020-11-20,12,DNA sequence reads,13505,DNA sequence reads,https://github.com/arms-mbon/documentation/tree/main/armsmbon_handbook,ERR7125509,PEMA v2.1.4 https://github.com/hariszaf/pema | https://github.com/arms-mbon/analysis_release_002/tree/main/parameter_files,CREST classifier; Minimum bit-score 155; LCA bitscore range 2% | PR2 v4.13 | VSEARCH v2.9.1; clustering similarity 97%,Tammisaaren Ja Hangon Saariston Ja Pohjanpitäjänlahden Merensuojelualue (http://marineregions.org/mrgid/27436),59.86442,23.265084,FI,TZS_Kummelkobben,3.0,6.0,Long-Term Ecological Research Site; close to industrial port; continuous hydrographic monitoring; LHI (Low human influence); 9.7 - Macroalgal/kelp,uncertain classification (not marine),Was a crate cover used when retrieving the unit: not provided; Which component of the ARMS unit material was extracted: Motile,https://github.com/arms-mbon/data_release_002,Main genome;Eukaryota;Alveolata;Ciliophora;Spirotrichea;Hypotrichia;NA;NA;NA;NA;NA,urn:lsid:marinespecies.org:taxname:425500,Hypotrichia,Subclass,Otu145,NCBI:5934,ARMS_TZS_Kummelkobben_20200608_20201120_MF100_ETOH_s1_r1
ARMS_TZS_Kummelkobben_20200608_20201120_MF100_ETOH_s1_r1:Otu45,MaterialSample,ARMS-MBON,data_release_002,present,ARMS_TZS_Kummelkobben_20200608_20201120,SAMEA10020998,2020-06-08/2020-11-20,68,DNA sequence reads,13505,DNA sequence reads,https://github.com/arms-mbon/documentation/tree/main/armsmbon_handbook,ERR7125509,PEMA v2.1.4 https://github.com/hariszaf/pema | https://github.com/arms-mbon/analysis_release_002/tree/main/parameter_files,CREST classifier; Minimum bit-score 155; LCA bitscore range 2% | PR2 v4.13 | VSEARCH v2.9.1; clustering similarity 97%,Tammisaaren Ja Hangon Saariston Ja Pohjanpitäjänlahden Merensuojelualue (http://marineregions.org/mrgid/27436),59.86442,23.265084,FI,TZS_Kummelkobben,3.0,6.0,Long-Term Ecological Research Site; close to industrial port; continuous hydrographic monitoring; LHI (Low human influence); 9.7 - Macroalgal/kelp,uncertain classification (not marine),Was a crate cover used when retrieving the unit: not provided; Which component of the ARMS unit material was extracted: Motile,https://github.com/arms-mbon/data_release_002,Main genome;Eukaryota;Opisthokonta;Metazoa;Platyhelminthes;Turbellaria;Rhabdocoela;NA;NA;NA;NA,urn:lsid:marinespecies.org:taxname:16236,Rhabdocoela,Order,Otu45,NCBI:27901,ARMS_TZS_Kummelkobben_20200608_20201120_MF100_ETOH_s1_r1
ARMS_TZS_Kummelkobben_20200608_20201120_MF100_ETOH_s1_r1:Otu44,MaterialSample,ARMS-MBON,data_release_002,present,ARMS_TZS_Kummelkobben_20200608_20201120,SAMEA10020998,2020-06-08/2020-11-20,83,DNA sequence reads,13505,DNA sequence reads,https://github.com/arms-mbon/documentation/tree/main/armsmbon_handbook,ERR7125509,PEMA v2.1.4 https://github.com/hariszaf/pema | https://github.com/arms-mbon/analysis_release_002/tree/main/parameter_files,CREST classifier; Minimum bit-score 155; LCA bitscore range 2% | PR2 v4.13 | VSEARCH v2.9.1; clustering similarity 97%,Tammisaaren Ja Hangon Saariston Ja Pohjanpitäjänlahden Merensuojelualue (http://marineregions.org/mrgid/27436),59.86442,23.265084,FI,TZS_Kummelkobben,3.0,6.0,Long-Term Ecological Research Site; close to industrial port; continuous hydrographic monitoring; LHI (Low human influence); 9.7 - Macroalgal/kelp,,Was a crate cover used when retrieving the unit: not provided; Which component of the ARMS unit material was extracted: Motile,https://github.com/arms-mbon/data_release_002,Main genome;Eukaryota;Stramenopiles;Ochrophyta;Bacillariophyta;Radial-centric-basal-Coscinodiscophyceae;NA;NA;NA;NA;NA,urn:lsid:marinespecies.org:taxname:148900,Coscinodiscophyceae,Class,Otu44,NCBI:33836,ARMS_TZS_Kummelkobben_20200608_20201120_MF100_ETOH_s1_r1
ARMS_TZS_Kummelkobben_20200608_20201120_MF100_ETOH_s1_r1:Otu43,MaterialSample,ARMS-MBON,data_release_002,present,ARMS_TZS_Kummelkobben_20200608_20201120,SAMEA10020998,2020-06-08/2020-11-20,85,DNA sequence reads,13505,DNA sequence reads,https://github.com/arms-mbon/documentation/tree/main/armsmbon_handbook,ERR7125509,PEMA v2.1.4 https://github.com/hariszaf/pema | https://github.com/arms-mbon/analysis_release_002/tree/main/parameter_files,CREST classifier; Minimum bit-score 155; LCA bitscore range 2% | PR2 v4.13 | VSEARCH v2.9.1; clustering similarity 97%,Tammisaaren Ja Hangon Saariston Ja Pohjanpitäjänlahden Merensuojelualue (http://marineregions.org/mrgid/27436),59.86442,23.265084,FI,TZS_Kummelkobben,3.0,6.0,Long-Term Ecological Research Site; close to industrial port; continuous hydrographic monitoring; LHI (Low human influence); 9.7 - Macroalgal/kelp,uncertain classification (not marine),Was a crate cover used when retrieving the unit: not provided; Which component of the ARMS unit material was extracted: Motile,https://github.com/arms-mbon/data_release_002,Main genome;Eukaryota;Alveolata;Ciliophora;Phyllopharyngea;Suctoria;NA;NA;NA;NA;NA,urn:lsid:marinespecies.org:taxname:162681,Suctoria,Subclass,Otu43,NCBI:39462,ARMS_TZS_Kummelkobben_20200608_20201120_MF100_ETOH_s1_r1
ARMS_TZS_Kummelkobben_20200608_20201120_MF100_ETOH_s1_r1:Otu42,MaterialSample,ARMS-MBON,data_release_002,present,ARMS_TZS_Kummelkobben_20200608_20201120,SAMEA10020998,2020-06-08/2020-11-20,72,DNA sequence reads,13505,DNA sequence reads,https://github.com/arms-mbon/documentation/tree/main/armsmbon_handbook,ERR7125509,PEMA v2.1.4 https://github.com/hariszaf/pema | https://github.com/arms-mbon/analysis_release_002/tree/main/parameter_files,CREST classifier; Minimum bit-score 155; LCA bitscore range 2% | PR2 v4.13 | VSEARCH v2.9.1; clustering similarity 97%,Tammisaaren Ja Hangon Saariston Ja Pohjanpitäjänlahden Merensuojelualue (http://marineregions.org/mrgid/27436),59.86442,23.265084,FI,TZS_Kummelkobben,3.0,6.0,Long-Term Ecological Research Site; close to industrial port; continuous hydrographic monitoring; LHI (Low human influence); 9.7 - Macroalgal/kelp,uncertain classification (not marine),Was a crate cover used when retrieving the unit: not provided; Which component of the ARMS unit material was extracted: Motile,https://github.com/arms-mbon/data_release_002,Main genome;Eukaryota;Opisthokonta;Metazoa;Mollusca;Gastropoda;Heterobranchia;NA;NA;NA;NA,urn:lsid:marinespecies.org:taxname:14712,Heterobranchia,Subclass,Otu42,NCBI:216305,ARMS_TZS_Kummelkobben_20200608_20201120_MF100_ETOH_s1_r1
ARMS_TZS_Kummelkobben_20200608_20201120_MF100_ETOH_s1_r1:Otu41,MaterialSample,ARMS-MBON,data_release_002,present,ARMS_TZS_Kummelkobben_20200608_20201120,SAMEA10020998,2020-06-08/2020-11-20,72,DNA sequence reads,13505,DNA sequence reads,https://github.com/arms-mbon/documentation/tree/main/armsmbon_handbook,ERR7125509,PEMA v2.1.4 https://github.com/hariszaf/pema | https://github.com/arms-mbon/analysis_release_002/tree/main/parameter_files,CREST classifier; Minimum bit-score 155; LCA bitscore range 2% | PR2 v4.13 | VSEARCH v2.9.1; clustering similarity 97%,Tammisaaren Ja Hangon Saariston Ja Pohjanpitäjänlahden Merensuojelualue (http://marineregions.org/mrgid/27436),59.86442,23.265084,FI,TZS_Kummelkobben,3.0,6.0,Long-Term Ecological Research Site; close to industrial port; continuous hydrographic monitoring; LHI (Low human influence); 9.7 - Macroalgal/kelp,,Was a crate cover used when retrieving the unit: not provided; Which component of the ARMS unit material was extracted: Motile,https://github.com/arms-mbon/data_release_002,Main genome;Eukaryota;Hacrobia;Picozoa;NA;NA;NA;NA;NA;NA;NA,urn:lsid:marinespecies.org:taxname:730531,Picozoa,Phylum (Division),Otu41,NCBI:419944,ARMS_TZS_Kummelkobben_20200608_20201120_MF100_ETOH_s1_r1
ARMS_TZS_Kummelkobben_20200608_20201120_MF100_ETOH_s1_r1:Otu242,MaterialSample,ARMS-MBON,data_release_002,present,ARMS_TZS_Kummelkobben_20200608_20201120,SAMEA10020998,2020-06-08/2020-11-20,6,DNA sequence reads,13505,DNA sequence reads,https://github.com/arms-mbon/documentation/tree/main/armsmbon_handbook,ERR7125509,PEMA v2.1.4 https://github.com/hariszaf/pema | https://github.com/arms-mbon/analysis_release_002/tree/main/parameter_files,CREST classifier; Minimum bit-score 155; LCA bitscore range 2% | PR2 v4.13 | VSEARCH v2.9.1; clustering similarity 97%,Tammisaaren Ja Hangon Saariston Ja Pohjanpitäjänlahden Merensuojelualue (http://marineregions.org/mrgid/27436),59.86442,23.265084,FI,TZS_Kummelkobben,3.0,6.0,Long-Term Ecological Research Site; close to industrial port; continuous hydrographic monitoring; LHI (Low human influence); 9.7 - Macroalgal/kelp,uncertain classification (not marine),Was a crate cover used when retrieving the unit: not provided; Which component of the ARMS unit material was extracted: Motile,https://github.com/arms-mbon/data_release_002,Main genome;Eukaryota;Alveolata;Dinoflagellata;Dinophyceae;NA;NA;NA;NA;NA;NA,urn:lsid:marinespecies.org:taxname:146203,Dinoflagellata,Infraphylum,Otu242,NCBI:2864,ARMS_TZS_Kummelkobben_20200608_20201120_MF100_ETOH_s1_r1
ARMS_TZS_Kummelkobben_20200608_20201120_MF100_ETOH_s1_r1:Otu241,MaterialSample,ARMS-MBON,data_release_002,present,ARMS_TZS_Kummelkobben_20200608_20201120,SAMEA10020998,2020-06-08/2020-11-20,6,DNA sequence reads,13505,DNA sequence reads,https://github.com/arms-mbon/documentation/tree/main/armsmbon_handbook,ERR7125509,PEMA v2.1.4 https://github.com/hariszaf/pema | https://github.com/arms-mbon/analysis_release_002/tree/main/parameter_files,CREST classifier; Minimum bit-score 155; LCA bitscore range 2% | PR2 v4.13 | VSEARCH v2.9.1; clustering similarity 97%,Tammisaaren Ja Hangon Saariston Ja Pohjanpitäjänlahden Merensuojelualue (http://marineregions.org/mrgid/27436),59.86442,23.265084,FI,TZS_Kummelkobben,3.0,6.0,Long-Term Ecological Research Site; close to industrial port; continuous hydrographic monitoring; LHI (Low human influence); 9.7 - Macroalgal/kelp,,Was a crate cover used when retrieving the unit: not provided; Which component of the ARMS unit material was extracted: Motile,https://github.com/arms-mbon/data_release_002,Main genome;Eukaryota;Rhizaria;Cercozoa;Filosa-Thecofilosea;Cryomonadida;Protaspa-lineage;NA;NA;NA;NA,urn:lsid:marinespecies.org:taxname:591251,Cryomonadida,Order,Otu241,NCBI:589444,ARMS_TZS_Kummelkobben_20200608_20201120_MF100_ETOH_s1_r1
ARMS_TZS_Kummelkobben_20200608_20201120_MF100_ETOH_s1_r1:Otu247,MaterialSample,ARMS-MBON,data_release_002,present,ARMS_TZS_Kummelkobben_20200608_20201120,SAMEA10020998,2020-06-08/2020-11-20,6,DNA sequence reads,13505,DNA sequence reads,https://github.com/arms-mbon/documentation/tree/main/armsmbon_handbook,ERR7125509,PEMA v2.1.4 https://github.com/hariszaf/pema | https://github.com/arms-mbon/analysis_release_002/tree/main/parameter_files,CREST classifier; Minimum bit-score 155; LCA bitscore range 2% | PR2 v4.13 | VSEARCH v2.9.1; clustering similarity 97%,Tammisaaren Ja Hangon Saariston Ja Pohjanpitäjänlahden Merensuojelualue (http://marineregions.org/mrgid/27436),59.86442,23.265084,FI,TZS_Kummelkobben,3.0,6.0,Long-Term Ecological Research Site; close to industrial port; continuous hydrographic monitoring; LHI (Low human influence); 9.7 - Macroalgal/kelp,,Was a crate cover used when retrieving the unit: not provided; Which component of the ARMS unit material was extracted: Motile,https://github.com/arms-mbon/data_release_002,Main genome;Eukaryota;Alveolata;Ciliophora;Oligohymenophorea;Apostomatia;Pseudocolliniidae;NA;NA;NA;NA,urn:lsid:marinespecies.org:taxname:1258825,Pseudocolliniidae,Family,Otu247,NCBI:1416935,ARMS_TZS_Kummelkobben_20200608_20201120_MF100_ETOH_s1_r1
ARMS_TZS_Kummelkobben_20200608_20201120_MF100_ETOH_s1_r1:Otu244,MaterialSample,ARMS-MBON,data_release_002,present,ARMS_TZS_Kummelkobben_20200608_20201120,SAMEA10020998,2020-06-08/2020-11-20,6,DNA sequence reads,13505,DNA sequence reads,https://github.com/arms-mbon/documentation/tree/main/armsmbon_handbook,ERR7125509,PEMA v2.1.4 https://github.com/hariszaf/pema | https://github.com/arms-mbon/analysis_release_002/tree/main/parameter_files,CREST classifier; Minimum bit-score 155; LCA bitscore range 2% | PR2 v4.13 | VSEARCH v2.9.1; clustering similarity 97%,Tammisaaren Ja Hangon Saariston Ja Pohjanpitäjänlahden Merensuojelualue (http://marineregions.org/mrgid/27436),59.86442,23.265084,FI,TZS_Kummelkobben,3.0,6.0,Long-Term Ecological Research Site; close to industrial port; continuous hydrographic monitoring; LHI (Low human influence); 9.7 - Macroalgal/kelp,,Was a crate cover used when retrieving the unit: not provided; Which component of the ARMS unit material was extracted: Motile,https://github.com/arms-mbon/data_release_002,Main genome;Eukaryota;Opisthokonta;Metazoa;Nematoda;Chromadorea;Sabatieria;NA;NA;NA;NA,urn:lsid:marinespecies.org:taxname:2433,Sabatieria,Genus,Otu244,NCBI:129901,ARMS_TZS_Kummelkobben_20200608_20201120_MF100_ETOH_s1_r1
ARMS_TZS_Kummelkobben_20200608_20201120_MF100_ETOH_s1_r1:Otu245,MaterialSample,ARMS-MBON,data_release_002,present,ARMS_TZS_Kummelkobben_20200608_20201120,SAMEA10020998,2020-06-08/2020-11-20,6,DNA sequence reads,13505,DNA sequence reads,https://github.com/arms-mbon/documentation/tree/main/armsmbon_handbook,ERR7125509,PEMA v2.1.4 https://github.com/hariszaf/pema | https://github.com/arms-mbon/analysis_release_002/tree/main/parameter_files,CREST classifier; Minimum bit-score 155; LCA bitscore range 2% | PR2 v4.13 | VSEARCH v2.9.1; clustering similarity 97%,Tammisaaren Ja Hangon Saariston Ja Pohjanpitäjänlahden Merensuojelualue (http://marineregions.org/mrgid/27436),59.86442,23.265084,FI,TZS_Kummelkobben,3.0,6.0,Long-Term Ecological Research Site; close to industrial port; continuous hydrographic monitoring; LHI (Low human influence); 9.7 - Macroalgal/kelp,uncertain classification (not marine),Was a crate cover used when retrieving the unit: not provided; Which component of the ARMS unit material was extracted: Motile,https://github.com/arms-mbon/data_release_002,Main genome;Eukaryota;Stramenopiles;Ochrophyta;Phaeophyceae;NA;NA;NA;NA;NA;NA,urn:lsid:marinespecies.org:taxname:830,Phaeophyceae,Class,Otu245,NCBI:2870,ARMS_TZS_Kummelkobben_20200608_20201120_MF100_ETOH_s1_r1
ARMS_TZS_Kummelkobben_20200608_20201120_MF100_ETOH_s1_r1:Otu55,MaterialSample,ARMS-MBON,data_release_002,present,ARMS_TZS_Kummelkobben_20200608_20201120,SAMEA10020998,2020-06-08/2020-11-20,7,DNA sequence reads,13505,DNA sequence reads,https://github.com/arms-mbon/documentation/tree/main/armsmbon_handbook,ERR7125509,PEMA v2.1.4 https://github.com/hariszaf/pema | https://github.com/arms-mbon/analysis_release_002/tree/main/parameter_files,CREST classifier; Minimum bit-score 155; LCA bitscore range 2% | PR2 v4.13 | VSEARCH v2.9.1; clustering similarity 97%,Tammisaaren Ja Hangon Saariston Ja Pohjanpitäjänlahden Merensuojelualue (http://marineregions.org/mrgid/27436),59.86442,23.265084,FI,TZS_Kummelkobben,3.0,6.0,Long-Term Ecological Research Site; close to industrial port; continuous hydrographic monitoring; LHI (Low human influence); 9.7 - Macroalgal/kelp,uncertain classification (not marine),Was a crate cover used when retrieving the unit: not provided; Which component of the ARMS unit material was extracted: Motile,https://github.com/arms-mbon/data_release_002,Main genome;Eukaryota;Opisthokonta;Metazoa;Platyhelminthes;Turbellaria;Rhabdocoela;NA;NA;NA;NA,urn:lsid:marinespecies.org:taxname:16236,Rhabdocoela,Order,Otu55,NCBI:27901,ARMS_TZS_Kummelkobben_20200608_20201120_MF100_ETOH_s1_r1
ARMS_TZS_Kummelkobben_20200608_20201120_MF100_ETOH_s1_r1:Otu448,MaterialSample,ARMS-MBON,data_release_002,present,ARMS_TZS_Kummelkobben_20200608_20201120,SAMEA10020998,2020-06-08/2020-11-20,2,DNA sequence reads,13505,DNA sequence reads,https://github.com/arms-mbon/documentation/tree/main/armsmbon_handbook,ERR7125509,PEMA v2.1.4 https://github.com/hariszaf/pema | https://github.com/arms-mbon/analysis_release_002/tree/main/parameter_files,CREST classifier; Minimum bit-score 155; LCA bitscore range 2% | PR2 v4.13 | VSEARCH v2.9.1; clustering similarity 97%,Tammisaaren Ja Hangon Saariston Ja Pohjanpitäjänlahden Merensuojelualue (http://marineregions.org/mrgid/27436),59.86442,23.265084,FI,TZS_Kummelkobben,3.0,6.0,Long-Term Ecological Research Site; close to industrial port; continuous hydrographic monitoring; LHI (Low human influence); 9.7 - Macroalgal/kelp,,Was a crate cover used when retrieving the unit: not provided; Which component of the ARMS unit material was extracted: Motile,https://github.com/arms-mbon/data_release_002,Main genome;Eukaryota;Rhizaria;Cercozoa;NA;NA;NA;NA;NA;NA;NA,urn:lsid:marinespecies.org:taxname:562852,Cercozoa,Phylum,Otu448,NCBI:136419,ARMS_TZS_Kummelkobben_20200608_20201120_MF100_ETOH_s1_r1
ARMS_TZS_Kummelkobben_20200608_20201120_MF100_ETOH_s1_r1:Otu449,MaterialSample,ARMS-MBON,data_release_002,present,ARMS_TZS_Kummelkobben_20200608_20201120,SAMEA10020998,2020-06-08/2020-11-20,2,DNA sequence reads,13505,DNA sequence reads,https://github.com/arms-mbon/documentation/tree/main/armsmbon_handbook,ERR7125509,PEMA v2.1.4 https://github.com/hariszaf/pema | https://github.com/arms-mbon/analysis_release_002/tree/main/parameter_files,CREST classifier; Minimum bit-score 155; LCA bitscore range 2% | PR2 v4.13 | VSEARCH v2.9.1; clustering similarity 97%,Tammisaaren Ja Hangon Saariston Ja Pohjanpitäjänlahden Merensuojelualue (http://marineregions.org/mrgid/27436),59.86442,23.265084,FI,TZS_Kummelkobben,3.0,6.0,Long-Term Ecological Research Site; close to industrial port; continuous hydrographic monitoring; LHI (Low human influence); 9.7 - Macroalgal/kelp,uncertain classification (not marine),Was a crate cover used when retrieving the unit: not provided; Which component of the ARMS unit material was extracted: Motile,https://github.com/arms-mbon/data_release_002,Main genome;Eukaryota;Rhizaria;Cercozoa;Filosa-Thecofilosea;NA;NA;NA;NA;NA;NA,urn:lsid:marinespecies.org:taxname:590699,Thecofilosea,Class,Otu449,NCBI:1004930,ARMS_TZS_Kummelkobben_20200608_20201120_MF100_ETOH_s1_r1
ARMS_TZS_Kummelkobben_20200608_20201120_MF100_ETOH_s1_r1:Otu445,MaterialSample,ARMS-MBON,data_release_002,present,ARMS_TZS_Kummelkobben_20200608_20201120,SAMEA10020998,2020-06-08/2020-11-20,2,DNA sequence reads,13505,DNA sequence reads,https://github.com/arms-mbon/documentation/tree/main/armsmbon_handbook,ERR7125509,PEMA v2.1.4 https://github.com/hariszaf/pema | https://github.com/arms-mbon/analysis_release_002/tree/main/parameter_files,CREST classifier; Minimum bit-score 155; LCA bitscore range 2% | PR2 v4.13 | VSEARCH v2.9.1; clustering similarity 97%,Tammisaaren Ja Hangon Saariston Ja Pohjanpitäjänlahden Merensuojelualue (http://marineregions.org/mrgid/27436),59.86442,23.265084,FI,TZS_Kummelkobben,3.0,6.0,Long-Term Ecological Research Site; close to industrial port; continuous hydrographic monitoring; LHI (Low human influence); 9.7 - Macroalgal/kelp,uncertain classification (not marine),Was a crate cover used when retrieving the unit: not provided; Which component of the ARMS unit material was extracted: Motile,https://github.com/arms-mbon/data_release_002,Main genome;Eukaryota;Opisthokonta;Metazoa;Rotifera;NA;NA;NA;NA;NA;NA,urn:lsid:marinespecies.org:taxname:14260,Rotifera,Phylum,Otu445,NCBI:10190,ARMS_TZS_Kummelkobben_20200608_20201120_MF100_ETOH_s1_r1
ARMS_TZS_Kummelkobben_20200608_20201120_MF100_ETOH_s1_r1:Otu446,MaterialSample,ARMS-MBON,data_release_002,present,ARMS_TZS_Kummelkobben_20200608_20201120,SAMEA10020998,2020-06-08/2020-11-20,2,DNA sequence reads,13505,DNA sequence reads,https://github.com/arms-mbon/documentation/tree/main/armsmbon_handbook,ERR7125509,PEMA v2.1.4 https://github.com/hariszaf/pema | https://github.com/arms-mbon/analysis_release_002/tree/main/parameter_files,CREST classifier; Minimum bit-score 155; LCA bitscore range 2% | PR2 v4.13 | VSEARCH v2.9.1; clustering similarity 97%,Tammisaaren Ja Hangon Saariston Ja Pohjanpitäjänlahden Merensuojelualue (http://marineregions.org/mrgid/27436),59.86442,23.265084,FI,TZS_Kummelkobben,3.0,6.0,Long-Term Ecological Research Site; close to industrial port; continuous hydrographic monitoring; LHI (Low human influence); 9.7 - Macroalgal/kelp,,Was a crate cover used when retrieving the unit: not provided; Which component of the ARMS unit material was extracted: Motile,https://github.com/arms-mbon/data_release_002,Main genome;Eukaryota;Rhizaria;Cercozoa;Filosa-Thecofilosea;Cryomonadida;Protaspa-lineage;NA;NA;NA;NA,urn:lsid:marinespecies.org:taxname:591251,Cryomonadida,Order,Otu446,NCBI:589444,ARMS_TZS_Kummelkobben_20200608_20201120_MF100_ETOH_s1_r1
ARMS_TZS_Kummelkobben_20200608_20201120_MF100_ETOH_s1_r1:Otu447,MaterialSample,ARMS-MBON,data_release_002,present,ARMS_TZS_Kummelkobben_20200608_20201120,SAMEA10020998,2020-06-08/2020-11-20,2,DNA sequence reads,13505,DNA sequence reads,https://github.com/arms-mbon/documentation/tree/main/armsmbon_handbook,ERR7125509,PEMA v2.1.4 https://github.com/hariszaf/pema | https://github.com/arms-mbon/analysis_release_002/tree/main/parameter_files,CREST classifier; Minimum bit-score 155; LCA bitscore range 2% | PR2 v4.13 | VSEARCH v2.9.1; clustering similarity 97%,Tammisaaren Ja Hangon Saariston Ja Pohjanpitäjänlahden Merensuojelualue (http://marineregions.org/mrgid/27436),59.86442,23.265084,FI,TZS_Kummelkobben,3.0,6.0,Long-Term Ecological Research Site; close to industrial port; continuous hydrographic monitoring; LHI (Low human influence); 9.7 - Macroalgal/kelp,,Was a crate cover used when retrieving the unit: not provided; Which component of the ARMS unit material was extracted: Motile,https://github.com/arms-mbon/data_release_002,Main genome;Eukaryota;Opisthokonta;Metazoa;Mollusca;Bivalvia;Heteroconchia;Parvicardium;NA;NA;NA,urn:lsid:marinespecies.org:taxname:137739,Parvicardium,Genus,Otu447,NCBI:120447,ARMS_TZS_Kummelkobben_20200608_20201120_MF100_ETOH_s1_r1
ARMS_TZS_Kummelkobben_20200608_20201120_MF100_ETOH_s1_r1:Otu219,MaterialSample,ARMS-MBON,data_release_002,present,ARMS_TZS_Kummelkobben_20200608_20201120,SAMEA10020998,2020-06-08/2020-11-20,7,DNA sequence reads,13505,DNA sequence reads,https://github.com/arms-mbon/documentation/tree/main/armsmbon_handbook,ERR7125509,PEMA v2.1.4 https://github.com/hariszaf/pema | https://github.com/arms-mbon/analysis_release_002/tree/main/parameter_files,CREST classifier; Minimum bit-score 155; LCA bitscore range 2% | PR2 v4.13 | VSEARCH v2.9.1; clustering similarity 97%,Tammisaaren Ja Hangon Saariston Ja Pohjanpitäjänlahden Merensuojelualue (http://marineregions.org/mrgid/27436),59.86442,23.265084,FI,TZS_Kummelkobben,3.0,6.0,Long-Term Ecological Research Site; close to industrial port; continuous hydrographic monitoring; LHI (Low human influence); 9.7 - Macroalgal/kelp,,Was a crate cover used when retrieving the unit: not provided; Which component of the ARMS unit material was extracted: Motile,https://github.com/arms-mbon/data_release_002,Main genome;Eukaryota;Alveolata;Ciliophora;Heterotrichea;Folliculinidae;NA;NA;NA;NA;NA,urn:lsid:marinespecies.org:taxname:1692,Folliculinidae,Family,Otu219,NCBI:219170,ARMS_TZS_Kummelkobben_20200608_20201120_MF100_ETOH_s1_r1
ARMS_TZS_Kummelkobben_20200608_20201120_MF100_ETOH_s1_r1:Otu218,MaterialSample,ARMS-MBON,data_release_002,present,ARMS_TZS_Kummelkobben_20200608_20201120,SAMEA10020998,2020-06-08/2020-11-20,7,DNA sequence reads,13505,DNA sequence reads,https://github.com/arms-mbon/documentation/tree/main/armsmbon_handbook,ERR7125509,PEMA v2.1.4 https://github.com/hariszaf/pema | https://github.com/arms-mbon/analysis_release_002/tree/main/parameter_files,CREST classifier; Minimum bit-score 155; LCA bitscore range 2% | PR2 v4.13 | VSEARCH v2.9.1; clustering similarity 97%,Tammisaaren Ja Hangon Saariston Ja Pohjanpitäjänlahden Merensuojelualue (http://marineregions.org/mrgid/27436),59.86442,23.265084,FI,TZS_Kummelkobben,3.0,6.0,Long-Term Ecological Research Site; close to industrial port; continuous hydrographic monitoring; LHI (Low human influence); 9.7 - Macroalgal/kelp,uncertain classification (not marine),Was a crate cover used when retrieving the unit: not provided; Which component of the ARMS unit material was extracted: Motile,https://github.com/arms-mbon/data_release_002,Main genome;Eukaryota;Opisthokonta;Metazoa;Arthropoda;Crustacea;Maxillopoda;NA;NA;NA;NA,urn:lsid:marinespecies.org:taxname:1066,Crustacea,Subphylum,Otu218,NCBI:6657,ARMS_TZS_Kummelkobben_20200608_20201120_MF100_ETOH_s1_r1
ARMS_TZS_Kummelkobben_20200608_20201120_MF100_ETOH_s1_r1:Otu215,MaterialSample,ARMS-MBON,data_release_002,present,ARMS_TZS_Kummelkobben_20200608_20201120,SAMEA10020998,2020-06-08/2020-11-20,7,DNA sequence reads,13505,DNA sequence reads,https://github.com/arms-mbon/documentation/tree/main/armsmbon_handbook,ERR7125509,PEMA v2.1.4 https://github.com/hariszaf/pema | https://github.com/arms-mbon/analysis_release_002/tree/main/parameter_files,CREST classifier; Minimum bit-score 155; LCA bitscore range 2% | PR2 v4.13 | VSEARCH v2.9.1; clustering similarity 97%,Tammisaaren Ja Hangon Saariston Ja Pohjanpitäjänlahden Merensuojelualue (http://marineregions.org/mrgid/27436),59.86442,23.265084,FI,TZS_Kummelkobben,3.0,6.0,Long-Term Ecological Research Site; close to industrial port; continuous hydrographic monitoring; LHI (Low human influence); 9.7 - Macroalgal/kelp,uncertain classification (not marine),Was a crate cover used when retrieving the unit: not provided; Which component of the ARMS unit material was extracted: Motile,https://github.com/arms-mbon/data_release_002,Main genome;Eukaryota;Alveolata;Ciliophora;Litostomatea;NA;NA;NA;NA;NA;NA,urn:lsid:marinespecies.org:taxname:292892,Litostomatea,Class,Otu215,NCBI:5988,ARMS_TZS_Kummelkobben_20200608_20201120_MF100_ETOH_s1_r1
ARMS_TZS_Kummelkobben_20200608_20201120_MF100_ETOH_s1_r1:Otu214,MaterialSample,ARMS-MBON,data_release_002,present,ARMS_TZS_Kummelkobben_20200608_20201120,SAMEA10020998,2020-06-08/2020-11-20,7,DNA sequence reads,13505,DNA sequence reads,https://github.com/arms-mbon/documentation/tree/main/armsmbon_handbook,ERR7125509,PEMA v2.1.4 https://github.com/hariszaf/pema | https://github.com/arms-mbon/analysis_release_002/tree/main/parameter_files,CREST classifier; Minimum bit-score 155; LCA bitscore range 2% | PR2 v4.13 | VSEARCH v2.9.1; clustering similarity 97%,Tammisaaren Ja Hangon Saariston Ja Pohjanpitäjänlahden Merensuojelualue (http://marineregions.org/mrgid/27436),59.86442,23.265084,FI,TZS_Kummelkobben,3.0,6.0,Long-Term Ecological Research Site; close to industrial port; continuous hydrographic monitoring; LHI (Low human influence); 9.7 - Macroalgal/kelp,,Was a crate cover used when retrieving the unit: not provided; Which component of the ARMS unit material was extracted: Motile,https://github.com/arms-mbon/data_release_002,Main genome;Eukaryota;Rhizaria;Cercozoa;NA;NA;NA;NA;NA;NA;NA,urn:lsid:marinespecies.org:taxname:562852,Cercozoa,Phylum,Otu214,NCBI:136419,ARMS_TZS_Kummelkobben_20200608_20201120_MF100_ETOH_s1_r1
ARMS_TZS_Kummelkobben_20200608_20201120_MF100_ETOH_s1_r1:Otu217,MaterialSample,ARMS-MBON,data_release_002,present,ARMS_TZS_Kummelkobben_20200608_20201120,SAMEA10020998,2020-06-08/2020-11-20,7,DNA sequence reads,13505,DNA sequence reads,https://github.com/arms-mbon/documentation/tree/main/armsmbon_handbook,ERR7125509,PEMA v2.1.4 https://github.com/hariszaf/pema | https://github.com/arms-mbon/analysis_release_002/tree/main/parameter_files,CREST classifier; Minimum bit-score 155; LCA bitscore range 2% | PR2 v4.13 | VSEARCH v2.9.1; clustering similarity 97%,Tammisaaren Ja Hangon Saariston Ja Pohjanpitäjänlahden Merensuojelualue (http://marineregions.org/mrgid/27436),59.86442,23.265084,FI,TZS_Kummelkobben,3.0,6.0,Long-Term Ecological Research Site; close to industrial port; continuous hydrographic monitoring; LHI (Low human influence); 9.7 - Macroalgal/kelp,uncertain classification (not marine),Was a crate cover used when retrieving the unit: not provided; Which component of the ARMS unit material was extracted: Motile,https://github.com/arms-mbon/data_release_002,Main genome;Eukaryota;Alveolata;Ciliophora;Litostomatea;Haptoria;Lacrymariidae;NA;NA;NA;NA,urn:lsid:marinespecies.org:taxname:425420,Lacrymariidae,Family,Otu217,NCBI:375590,ARMS_TZS_Kummelkobben_20200608_20201120_MF100_ETOH_s1_r1
ARMS_TZS_Kummelkobben_20200608_20201120_MF100_ETOH_s1_r1:Otu216,MaterialSample,ARMS-MBON,data_release_002,present,ARMS_TZS_Kummelkobben_20200608_20201120,SAMEA10020998,2020-06-08/2020-11-20,7,DNA sequence reads,13505,DNA sequence reads,https://github.com/arms-mbon/documentation/tree/main/armsmbon_handbook,ERR7125509,PEMA v2.1.4 https://github.com/hariszaf/pema | https://github.com/arms-mbon/analysis_release_002/tree/main/parameter_files,CREST classifier; Minimum bit-score 155; LCA bitscore range 2% | PR2 v4.13 | VSEARCH v2.9.1; clustering similarity 97%,Tammisaaren Ja Hangon Saariston Ja Pohjanpitäjänlahden Merensuojelualue (http://marineregions.org/mrgid/27436),59.86442,23.265084,FI,TZS_Kummelkobben,3.0,6.0,Long-Term Ecological Research Site; close to industrial port; continuous hydrographic monitoring; LHI (Low human influence); 9.7 - Macroalgal/kelp,uncertain classification (not marine),Was a crate cover used when retrieving the unit: not provided; Which component of the ARMS unit material was extracted: Motile,https://github.com/arms-mbon/data_release_002,Main genome;Eukaryota;Alveolata;Apicomplexa;Gregarinomorphea;Eugregarinorida;EUG3;NA;NA;NA;NA,urn:lsid:marinespecies.org:taxname:394869,Eugregarinorida,Order,Otu216,NCBI:35087,ARMS_TZS_Kummelkobben_20200608_20201120_MF100_ETOH_s1_r1
ARMS_TZS_Kummelkobben_20200608_20201120_MF100_ETOH_s1_r1:Otu213,MaterialSample,ARMS-MBON,data_release_002,present,ARMS_TZS_Kummelkobben_20200608_20201120,SAMEA10020998,2020-06-08/2020-11-20,7,DNA sequence reads,13505,DNA sequence reads,https://github.com/arms-mbon/documentation/tree/main/armsmbon_handbook,ERR7125509,PEMA v2.1.4 https://github.com/hariszaf/pema | https://github.com/arms-mbon/analysis_release_002/tree/main/parameter_files,CREST classifier; Minimum bit-score 155; LCA bitscore range 2% | PR2 v4.13 | VSEARCH v2.9.1; clustering similarity 97%,Tammisaaren Ja Hangon Saariston Ja Pohjanpitäjänlahden Merensuojelualue (http://marineregions.org/mrgid/27436),59.86442,23.265084,FI,TZS_Kummelkobben,3.0,6.0,Long-Term Ecological Research Site; close to industrial port; continuous hydrographic monitoring; LHI (Low human influence); 9.7 - Macroalgal/kelp,uncertain classification (not marine),Was a crate cover used when retrieving the unit: not provided; Which component of the ARMS unit material was extracted: Motile,https://github.com/arms-mbon/data_release_002,Main genome;Eukaryota;Opisthokonta;Fungi;Cryptomycota;Cryptomycotina;NA;NA;NA;NA;NA,urn:lsid:marinespecies.org:taxname:707609,Rozellida,Order,Otu213,NCBI:1031332,ARMS_TZS_Kummelkobben_20200608_20201120_MF100_ETOH_s1_r1
ARMS_TZS_Kummelkobben_20200608_20201120_MF100_ETOH_s1_r1:Otu46,MaterialSample,ARMS-MBON,data_release_002,present,ARMS_TZS_Kummelkobben_20200608_20201120,SAMEA10020998,2020-06-08/2020-11-20,114,DNA sequence reads,13505,DNA sequence reads,https://github.com/arms-mbon/documentation/tree/main/armsmbon_handbook,ERR7125509,PEMA v2.1.4 https://github.com/hariszaf/pema | https://github.com/arms-mbon/analysis_release_002/tree/main/parameter_files,CREST classifier; Minimum bit-score 155; LCA bitscore range 2% | PR2 v4.13 | VSEARCH v2.9.1; clustering similarity 97%,Tammisaaren Ja Hangon Saariston Ja Pohjanpitäjänlahden Merensuojelualue (http://marineregions.org/mrgid/27436),59.86442,23.265084,FI,TZS_Kummelkobben,3.0,6.0,Long-Term Ecological Research Site; close to industrial port; continuous hydrographic monitoring; LHI (Low human influence); 9.7 - Macroalgal/kelp,,Was a crate cover used when retrieving the unit: not provided; Which component of the ARMS unit material was extracted: Motile,https://github.com/arms-mbon/data_release_002,Main genome;Eukaryota;Opisthokonta;Metazoa;Mollusca;Gastropoda;Caenogastropoda;Hydrobia;ulvae;NA;Hydrobia ulvae,urn:lsid:marinespecies.org:taxname:151628,Peringia ulvae,Species,Otu46,NCBI:179961,ARMS_TZS_Kummelkobben_20200608_20201120_MF100_ETOH_s1_r1
ARMS_TZS_Kummelkobben_20200608_20201120_MF100_ETOH_s1_r1:Otu365,MaterialSample,ARMS-MBON,data_release_002,present,ARMS_TZS_Kummelkobben_20200608_20201120,SAMEA10020998,2020-06-08/2020-11-20,2,DNA sequence reads,13505,DNA sequence reads,https://github.com/arms-mbon/documentation/tree/main/armsmbon_handbook,ERR7125509,PEMA v2.1.4 https://github.com/hariszaf/pema | https://github.com/arms-mbon/analysis_release_002/tree/main/parameter_files,CREST classifier; Minimum bit-score 155; LCA bitscore range 2% | PR2 v4.13 | VSEARCH v2.9.1; clustering similarity 97%,Tammisaaren Ja Hangon Saariston Ja Pohjanpitäjänlahden Merensuojelualue (http://marineregions.org/mrgid/27436),59.86442,23.265084,FI,TZS_Kummelkobben,3.0,6.0,Long-Term Ecological Research Site; close to industrial port; continuous hydrographic monitoring; LHI (Low human influence); 9.7 - Macroalgal/kelp,uncertain classification (not marine),Was a crate cover used when retrieving the unit: not provided; Which component of the ARMS unit material was extracted: Motile,https://github.com/arms-mbon/data_release_002,Main genome;Eukaryota;Archaeplastida;Chlorophyta;Ulvophyceae;Ulvales-relatives;NA;NA;NA;NA;NA,urn:lsid:marinespecies.org:taxname:146216,Ulvophyceae,Class,Otu365,NCBI:33103,ARMS_TZS_Kummelkobben_20200608_20201120_MF100_ETOH_s1_r1
ARMS_TZS_Kummelkobben_20200608_20201120_MF100_ETOH_s1_r1:Otu369,MaterialSample,ARMS-MBON,data_release_002,present,ARMS_TZS_Kummelkobben_20200608_20201120,SAMEA10020998,2020-06-08/2020-11-20,3,DNA sequence reads,13505,DNA sequence reads,https://github.com/arms-mbon/documentation/tree/main/armsmbon_handbook,ERR7125509,PEMA v2.1.4 https://github.com/hariszaf/pema | https://github.com/arms-mbon/analysis_release_002/tree/main/parameter_files,CREST classifier; Minimum bit-score 155; LCA bitscore range 2% | PR2 v4.13 | VSEARCH v2.9.1; clustering similarity 97%,Tammisaaren Ja Hangon Saariston Ja Pohjanpitäjänlahden Merensuojelualue (http://marineregions.org/mrgid/27436),59.86442,23.265084,FI,TZS_Kummelkobben,3.0,6.0,Long-Term Ecological Research Site; close to industrial port; continuous hydrographic monitoring; LHI (Low human influence); 9.7 - Macroalgal/kelp,,Was a crate cover used when retrieving the unit: not provided; Which component of the ARMS unit material was extracted: Motile,https://github.com/arms-mbon/data_release_002,Main genome;Eukaryota;Opisthokonta;Choanoflagellida;Choanoflagellatea;Acanthoecida;Stephanoecidae;Group;NA;NA;NA,urn:lsid:marinespecies.org:taxname:707553,Stephanoecidae,Family,Otu369,NCBI:1158810,ARMS_TZS_Kummelkobben_20200608_20201120_MF100_ETOH_s1_r1
ARMS_TZS_Kummelkobben_20200608_20201120_MF100_ETOH_s1_r1:Otu130,MaterialSample,ARMS-MBON,data_release_002,present,ARMS_TZS_Kummelkobben_20200608_20201120,SAMEA10020998,2020-06-08/2020-11-20,14,DNA sequence reads,13505,DNA sequence reads,https://github.com/arms-mbon/documentation/tree/main/armsmbon_handbook,ERR7125509,PEMA v2.1.4 https://github.com/hariszaf/pema | https://github.com/arms-mbon/analysis_release_002/tree/main/parameter_files,CREST classifier; Minimum bit-score 155; LCA bitscore range 2% | PR2 v4.13 | VSEARCH v2.9.1; clustering similarity 97%,Tammisaaren Ja Hangon Saariston Ja Pohjanpitäjänlahden Merensuojelualue (http://marineregions.org/mrgid/27436),59.86442,23.265084,FI,TZS_Kummelkobben,3.0,6.0,Long-Term Ecological Research Site; close to industrial port; continuous hydrographic monitoring; LHI (Low human influence); 9.7 - Macroalgal/kelp,uncertain classification (not marine),Was a crate cover used when retrieving the unit: not provided; Which component of the ARMS unit material was extracted: Motile,https://github.com/arms-mbon/data_release_002,Main genome;Eukaryota;Opisthokonta;Metazoa;Annelida;NA;NA;NA;NA;NA;NA,urn:lsid:marinespecies.org:taxname:882,Annelida,Phylum,Otu130,NCBI:6340,ARMS_TZS_Kummelkobben_20200608_20201120_MF100_ETOH_s1_r1
ARMS_TZS_Kummelkobben_20200608_20201120_MF100_ETOH_s1_r1:Otu131,MaterialSample,ARMS-MBON,data_release_002,present,ARMS_TZS_Kummelkobben_20200608_20201120,SAMEA10020998,2020-06-08/2020-11-20,14,DNA sequence reads,13505,DNA sequence reads,https://github.com/arms-mbon/documentation/tree/main/armsmbon_handbook,ERR7125509,PEMA v2.1.4 https://github.com/hariszaf/pema | https://github.com/arms-mbon/analysis_release_002/tree/main/parameter_files,CREST classifier; Minimum bit-score 155; LCA bitscore range 2% | PR2 v4.13 | VSEARCH v2.9.1; clustering similarity 97%,Tammisaaren Ja Hangon Saariston Ja Pohjanpitäjänlahden Merensuojelualue (http://marineregions.org/mrgid/27436),59.86442,23.265084,FI,TZS_Kummelkobben,3.0,6.0,Long-Term Ecological Research Site; close to industrial port; continuous hydrographic monitoring; LHI (Low human influence); 9.7 - Macroalgal/kelp,,Was a crate cover used when retrieving the unit: not provided; Which component of the ARMS unit material was extracted: Motile,https://github.com/arms-mbon/data_release_002,Main genome;Eukaryota;Rhizaria;Cercozoa;NA;NA;NA;NA;NA;NA;NA,urn:lsid:marinespecies.org:taxname:562852,Cercozoa,Phylum,Otu131,NCBI:136419,ARMS_TZS_Kummelkobben_20200608_20201120_MF100_ETOH_s1_r1
ARMS_TZS_Kummelkobben_20200608_20201120_MF100_ETOH_s1_r1:Otu137,MaterialSample,ARMS-MBON,data_release_002,present,ARMS_TZS_Kummelkobben_20200608_20201120,SAMEA10020998,2020-06-08/2020-11-20,9,DNA sequence reads,13505,DNA sequence reads,https://github.com/arms-mbon/documentation/tree/main/armsmbon_handbook,ERR7125509,PEMA v2.1.4 https://github.com/hariszaf/pema | https://github.com/arms-mbon/analysis_release_002/tree/main/parameter_files,CREST classifier; Minimum bit-score 155; LCA bitscore range 2% | PR2 v4.13 | VSEARCH v2.9.1; clustering similarity 97%,Tammisaaren Ja Hangon Saariston Ja Pohjanpitäjänlahden Merensuojelualue (http://marineregions.org/mrgid/27436),59.86442,23.265084,FI,TZS_Kummelkobben,3.0,6.0,Long-Term Ecological Research Site; close to industrial port; continuous hydrographic monitoring; LHI (Low human influence); 9.7 - Macroalgal/kelp,,Was a crate cover used when retrieving the unit: not provided; Which component of the ARMS unit material was extracted: Motile,https://github.com/arms-mbon/data_release_002,Main genome;Eukaryota;NA;NA;NA;NA;NA;NA;NA;NA;NA,,Eukaryota,domain,Otu137,NCBI:2759,ARMS_TZS_Kummelkobben_20200608_20201120_MF100_ETOH_s1_r1
ARMS_TZS_Kummelkobben_20200608_20201120_MF100_ETOH_s1_r1:Otu14,MaterialSample,ARMS-MBON,data_release_002,present,ARMS_TZS_Kummelkobben_20200608_20201120,SAMEA10020998,2020-06-08/2020-11-20,596,DNA sequence reads,13505,DNA sequence reads,https://github.com/arms-mbon/documentation/tree/main/armsmbon_handbook,ERR7125509,PEMA v2.1.4 https://github.com/hariszaf/pema | https://github.com/arms-mbon/analysis_release_002/tree/main/parameter_files,CREST classifier; Minimum bit-score 155; LCA bitscore range 2% | PR2 v4.13 | VSEARCH v2.9.1; clustering similarity 97%,Tammisaaren Ja Hangon Saariston Ja Pohjanpitäjänlahden Merensuojelualue (http://marineregions.org/mrgid/27436),59.86442,23.265084,FI,TZS_Kummelkobben,3.0,6.0,Long-Term Ecological Research Site; close to industrial port; continuous hydrographic monitoring; LHI (Low human influence); 9.7 - Macroalgal/kelp,,Was a crate cover used when retrieving the unit: not provided; Which component of the ARMS unit material was extracted: Motile,https://github.com/arms-mbon/data_release_002,Main genome;Eukaryota;Opisthokonta;Metazoa;Platyhelminthes;Turbellaria;Seriata;Pentacoelum;NA;NA;NA,urn:lsid:marinespecies.org:taxname:142510,Pentacoelum,Genus,Otu14,NCBI:1070817,ARMS_TZS_Kummelkobben_20200608_20201120_MF100_ETOH_s1_r1
ARMS_TZS_Kummelkobben_20200608_20201120_MF100_ETOH_s1_r1:Otu15,MaterialSample,ARMS-MBON,data_release_002,present,ARMS_TZS_Kummelkobben_20200608_20201120,SAMEA10020998,2020-06-08/2020-11-20,827,DNA sequence reads,13505,DNA sequence reads,https://github.com/arms-mbon/documentation/tree/main/armsmbon_handbook,ERR7125509,PEMA v2.1.4 https://github.com/hariszaf/pema | https://github.com/arms-mbon/analysis_release_002/tree/main/parameter_files,CREST classifier; Minimum bit-score 155; LCA bitscore range 2% | PR2 v4.13 | VSEARCH v2.9.1; clustering similarity 97%,Tammisaaren Ja Hangon Saariston Ja Pohjanpitäjänlahden Merensuojelualue (http://marineregions.org/mrgid/27436),59.86442,23.265084,FI,TZS_Kummelkobben,3.0,6.0,Long-Term Ecological Research Site; close to industrial port; continuous hydrographic monitoring; LHI (Low human influence); 9.7 - Macroalgal/kelp,,Was a crate cover used when retrieving the unit: not provided; Which component of the ARMS unit material was extracted: Motile,https://github.com/arms-mbon/data_release_002,Main genome;Eukaryota;Alveolata;Ciliophora;Oligohymenophorea;Peritrichia;Sessilida;NA;NA;NA;NA,urn:lsid:marinespecies.org:taxname:414711,Sessilida,Order,Otu15,NCBI:1974272,ARMS_TZS_Kummelkobben_20200608_20201120_MF100_ETOH_s1_r1
ARMS_TZS_Kummelkobben_20200608_20201120_MF100_ETOH_s1_r1:Otu16,MaterialSample,ARMS-MBON,data_release_002,present,ARMS_TZS_Kummelkobben_20200608_20201120,SAMEA10020998,2020-06-08/2020-11-20,656,DNA sequence reads,13505,DNA sequence reads,https://github.com/arms-mbon/documentation/tree/main/armsmbon_handbook,ERR7125509,PEMA v2.1.4 https://github.com/hariszaf/pema | https://github.com/arms-mbon/analysis_release_002/tree/main/parameter_files,CREST classifier; Minimum bit-score 155; LCA bitscore range 2% | PR2 v4.13 | VSEARCH v2.9.1; clustering similarity 97%,Tammisaaren Ja Hangon Saariston Ja Pohjanpitäjänlahden Merensuojelualue (http://marineregions.org/mrgid/27436),59.86442,23.265084,FI,TZS_Kummelkobben,3.0,6.0,Long-Term Ecological Research Site; close to industrial port; continuous hydrographic monitoring; LHI (Low human influence); 9.7 - Macroalgal/kelp,,Was a crate cover used when retrieving the unit: not provided; Which component of the ARMS unit material was extracted: Motile,https://github.com/arms-mbon/data_release_002,Main genome;Eukaryota;Alveolata;Ciliophora;Heterotrichea;Folliculinidae;NA;NA;NA;NA;NA,urn:lsid:marinespecies.org:taxname:1692,Folliculinidae,Family,Otu16,NCBI:219170,ARMS_TZS_Kummelkobben_20200608_20201120_MF100_ETOH_s1_r1
ARMS_TZS_Kummelkobben_20200608_20201120_MF100_ETOH_s1_r1:Otu17,MaterialSample,ARMS-MBON,data_release_002,present,ARMS_TZS_Kummelkobben_20200608_20201120,SAMEA10020998,2020-06-08/2020-11-20,163,DNA sequence reads,13505,DNA sequence reads,https://github.com/arms-mbon/documentation/tree/main/armsmbon_handbook,ERR7125509,PEMA v2.1.4 https://github.com/hariszaf/pema | https://github.com/arms-mbon/analysis_release_002/tree/main/parameter_files,CREST classifier; Minimum bit-score 155; LCA bitscore range 2% | PR2 v4.13 | VSEARCH v2.9.1; clustering similarity 97%,Tammisaaren Ja Hangon Saariston Ja Pohjanpitäjänlahden Merensuojelualue (http://marineregions.org/mrgid/27436),59.86442,23.265084,FI,TZS_Kummelkobben,3.0,6.0,Long-Term Ecological Research Site; close to industrial port; continuous hydrographic monitoring; LHI (Low human influence); 9.7 - Macroalgal/kelp,,Was a crate cover used when retrieving the unit: not provided; Which component of the ARMS unit material was extracted: Motile,https://github.com/arms-mbon/data_release_002,Main genome;Eukaryota;Opisthokonta;Metazoa;Mollusca;Bivalvia;Mytiloida;NA;NA;NA;NA,urn:lsid:marinespecies.org:taxname:210,Mytilida,Order,Otu17,NCBI:6546,ARMS_TZS_Kummelkobben_20200608_20201120_MF100_ETOH_s1_r1
ARMS_TZS_Kummelkobben_20200608_20201120_MF100_ETOH_s1_r1:Otu10,MaterialSample,ARMS-MBON,data_release_002,present,ARMS_TZS_Kummelkobben_20200608_20201120,SAMEA10020998,2020-06-08/2020-11-20,919,DNA sequence reads,13505,DNA sequence reads,https://github.com/arms-mbon/documentation/tree/main/armsmbon_handbook,ERR7125509,PEMA v2.1.4 https://github.com/hariszaf/pema | https://github.com/arms-mbon/analysis_release_002/tree/main/parameter_files,CREST classifier; Minimum bit-score 155; LCA bitscore range 2% | PR2 v4.13 | VSEARCH v2.9.1; clustering similarity 97%,Tammisaaren Ja Hangon Saariston Ja Pohjanpitäjänlahden Merensuojelualue (http://marineregions.org/mrgid/27436),59.86442,23.265084,FI,TZS_Kummelkobben,3.0,6.0,Long-Term Ecological Research Site; close to industrial port; continuous hydrographic monitoring; LHI (Low human influence); 9.7 - Macroalgal/kelp,uncertain classification (not marine),Was a crate cover used when retrieving the unit: not provided; Which component of the ARMS unit material was extracted: Motile,https://github.com/arms-mbon/data_release_002,Main genome;Eukaryota;Opisthokonta;Metazoa;Mollusca;Gastropoda;Neritopsina;NA;NA;NA;NA,urn:lsid:marinespecies.org:taxname:156484,Neritimorpha,Subclass,Otu10,NCBI:119397,ARMS_TZS_Kummelkobben_20200608_20201120_MF100_ETOH_s1_r1
ARMS_TZS_Kummelkobben_20200608_20201120_MF100_ETOH_s1_r1:Otu11,MaterialSample,ARMS-MBON,data_release_002,present,ARMS_TZS_Kummelkobben_20200608_20201120,SAMEA10020998,2020-06-08/2020-11-20,919,DNA sequence reads,13505,DNA sequence reads,https://github.com/arms-mbon/documentation/tree/main/armsmbon_handbook,ERR7125509,PEMA v2.1.4 https://github.com/hariszaf/pema | https://github.com/arms-mbon/analysis_release_002/tree/main/parameter_files,CREST classifier; Minimum bit-score 155; LCA bitscore range 2% | PR2 v4.13 | VSEARCH v2.9.1; clustering similarity 97%,Tammisaaren Ja Hangon Saariston Ja Pohjanpitäjänlahden Merensuojelualue (http://marineregions.org/mrgid/27436),59.86442,23.265084,FI,TZS_Kummelkobben,3.0,6.0,Long-Term Ecological Research Site; close to industrial port; continuous hydrographic monitoring; LHI (Low human influence); 9.7 - Macroalgal/kelp,,Was a crate cover used when retrieving the unit: not provided; Which component of the ARMS unit material was extracted: Motile,https://github.com/arms-mbon/data_release_002,Main genome;Eukaryota;Opisthokonta;Metazoa;Arthropoda;Crustacea;Maxillopoda;Paramenophia;NA;NA;NA,urn:lsid:marinespecies.org:taxname:150175,Paramenophia,Genus,Otu11,NCBI:512235,ARMS_TZS_Kummelkobben_20200608_20201120_MF100_ETOH_s1_r1
ARMS_TZS_Kummelkobben_20200608_20201120_MF100_ETOH_s1_r1:Otu12,MaterialSample,ARMS-MBON,data_release_002,present,ARMS_TZS_Kummelkobben_20200608_20201120,SAMEA10020998,2020-06-08/2020-11-20,715,DNA sequence reads,13505,DNA sequence reads,https://github.com/arms-mbon/documentation/tree/main/armsmbon_handbook,ERR7125509,PEMA v2.1.4 https://github.com/hariszaf/pema | https://github.com/arms-mbon/analysis_release_002/tree/main/parameter_files,CREST classifier; Minimum bit-score 155; LCA bitscore range 2% | PR2 v4.13 | VSEARCH v2.9.1; clustering similarity 97%,Tammisaaren Ja Hangon Saariston Ja Pohjanpitäjänlahden Merensuojelualue (http://marineregions.org/mrgid/27436),59.86442,23.265084,FI,TZS_Kummelkobben,3.0,6.0,Long-Term Ecological Research Site; close to industrial port; continuous hydrographic monitoring; LHI (Low human influence); 9.7 - Macroalgal/kelp,uncertain classification (not marine),Was a crate cover used when retrieving the unit: not provided; Which component of the ARMS unit material was extracted: Motile,https://github.com/arms-mbon/data_release_002,Main genome;Eukaryota;Opisthokonta;Metazoa;Annelida;NA;NA;NA;NA;NA;NA,urn:lsid:marinespecies.org:taxname:882,Annelida,Phylum,Otu12,NCBI:6340,ARMS_TZS_Kummelkobben_20200608_20201120_MF100_ETOH_s1_r1
ARMS_TZS_Kummelkobben_20200608_20201120_MF100_ETOH_s1_r1:Otu13,MaterialSample,ARMS-MBON,data_release_002,present,ARMS_TZS_Kummelkobben_20200608_20201120,SAMEA10020998,2020-06-08/2020-11-20,673,DNA sequence reads,13505,DNA sequence reads,https://github.com/arms-mbon/documentation/tree/main/armsmbon_handbook,ERR7125509,PEMA v2.1.4 https://github.com/hariszaf/pema | https://github.com/arms-mbon/analysis_release_002/tree/main/parameter_files,CREST classifier; Minimum bit-score 155; LCA bitscore range 2% | PR2 v4.13 | VSEARCH v2.9.1; clustering similarity 97%,Tammisaaren Ja Hangon Saariston Ja Pohjanpitäjänlahden Merensuojelualue (http://marineregions.org/mrgid/27436),59.86442,23.265084,FI,TZS_Kummelkobben,3.0,6.0,Long-Term Ecological Research Site; close to industrial port; continuous hydrographic monitoring; LHI (Low human influence); 9.7 - Macroalgal/kelp,uncertain classification (not marine),Was a crate cover used when retrieving the unit: not provided; Which component of the ARMS unit material was extracted: Motile,https://github.com/arms-mbon/data_release_002,Main genome;Eukaryota;Opisthokonta;Metazoa;Mollusca;Gastropoda;Caenogastropoda;NA;NA;NA;NA,urn:lsid:marinespecies.org:taxname:224570,Caenogastropoda,Subclass,Otu13,NCBI:69555,ARMS_TZS_Kummelkobben_20200608_20201120_MF100_ETOH_s1_r1
ARMS_TZS_Kummelkobben_20200608_20201120_MF100_ETOH_s1_r1:Otu19,MaterialSample,ARMS-MBON,data_release_002,present,ARMS_TZS_Kummelkobben_20200608_20201120,SAMEA10020998,2020-06-08/2020-11-20,45,DNA sequence reads,13505,DNA sequence reads,https://github.com/arms-mbon/documentation/tree/main/armsmbon_handbook,ERR7125509,PEMA v2.1.4 https://github.com/hariszaf/pema | https://github.com/arms-mbon/analysis_release_002/tree/main/parameter_files,CREST classifier; Minimum bit-score 155; LCA bitscore range 2% | PR2 v4.13 | VSEARCH v2.9.1; clustering similarity 97%,Tammisaaren Ja Hangon Saariston Ja Pohjanpitäjänlahden Merensuojelualue (http://marineregions.org/mrgid/27436),59.86442,23.265084,FI,TZS_Kummelkobben,3.0,6.0,Long-Term Ecological Research Site; close to industrial port; continuous hydrographic monitoring; LHI (Low human influence); 9.7 - Macroalgal/kelp,,Was a crate cover used when retrieving the unit: not provided; Which component of the ARMS unit material was extracted: Motile,https://github.com/arms-mbon/data_release_002,Main genome;Eukaryota;Opisthokonta;Metazoa;Urochordata;Ascidiacea;Chelyosoma;NA;NA;NA;NA,urn:lsid:marinespecies.org:taxname:103494,Chelyosoma,Genus,Otu19,NCBI:71176,ARMS_TZS_Kummelkobben_20200608_20201120_MF100_ETOH_s1_r1
ARMS_TZS_Kummelkobben_20200608_20201120_MF100_ETOH_s1_r1:Otu185,MaterialSample,ARMS-MBON,data_release_002,present,ARMS_TZS_Kummelkobben_20200608_20201120,SAMEA10020998,2020-06-08/2020-11-20,9,DNA sequence reads,13505,DNA sequence reads,https://github.com/arms-mbon/documentation/tree/main/armsmbon_handbook,ERR7125509,PEMA v2.1.4 https://github.com/hariszaf/pema | https://github.com/arms-mbon/analysis_release_002/tree/main/parameter_files,CREST classifier; Minimum bit-score 155; LCA bitscore range 2% | PR2 v4.13 | VSEARCH v2.9.1; clustering similarity 97%,Tammisaaren Ja Hangon Saariston Ja Pohjanpitäjänlahden Merensuojelualue (http://marineregions.org/mrgid/27436),59.86442,23.265084,FI,TZS_Kummelkobben,3.0,6.0,Long-Term Ecological Research Site; close to industrial port; continuous hydrographic monitoring; LHI (Low human influence); 9.7 - Macroalgal/kelp,,Was a crate cover used when retrieving the unit: not provided; Which component of the ARMS unit material was extracted: Motile,https://github.com/arms-mbon/data_release_002,Main genome;Eukaryota;Archaeplastida;Chlorophyta;Ulvophyceae;Ulvales-relatives;Ulva;NA;NA;NA;NA,urn:lsid:marinespecies.org:taxname:144294,Enteromorpha,Genus,Otu185,NCBI:3118,ARMS_TZS_Kummelkobben_20200608_20201120_MF100_ETOH_s1_r1
ARMS_TZS_Kummelkobben_20200608_20201120_MF100_ETOH_s1_r1:Otu184,MaterialSample,ARMS-MBON,data_release_002,present,ARMS_TZS_Kummelkobben_20200608_20201120,SAMEA10020998,2020-06-08/2020-11-20,9,DNA sequence reads,13505,DNA sequence reads,https://github.com/arms-mbon/documentation/tree/main/armsmbon_handbook,ERR7125509,PEMA v2.1.4 https://github.com/hariszaf/pema | https://github.com/arms-mbon/analysis_release_002/tree/main/parameter_files,CREST classifier; Minimum bit-score 155; LCA bitscore range 2% | PR2 v4.13 | VSEARCH v2.9.1; clustering similarity 97%,Tammisaaren Ja Hangon Saariston Ja Pohjanpitäjänlahden Merensuojelualue (http://marineregions.org/mrgid/27436),59.86442,23.265084,FI,TZS_Kummelkobben,3.0,6.0,Long-Term Ecological Research Site; close to industrial port; continuous hydrographic monitoring; LHI (Low human influence); 9.7 - Macroalgal/kelp,uncertain classification (not marine),Was a crate cover used when retrieving the unit: not provided; Which component of the ARMS unit material was extracted: Motile,https://github.com/arms-mbon/data_release_002,Main genome;Eukaryota;Opisthokonta;Metazoa;Arthropoda;Crustacea;Ostracoda;NA;NA;NA;NA,urn:lsid:marinespecies.org:taxname:1078,Ostracoda,Class,Otu184,NCBI:6670,ARMS_TZS_Kummelkobben_20200608_20201120_MF100_ETOH_s1_r1
ARMS_TZS_Kummelkobben_20200608_20201120_MF100_ETOH_s1_r1:Otu187,MaterialSample,ARMS-MBON,data_release_002,present,ARMS_TZS_Kummelkobben_20200608_20201120,SAMEA10020998,2020-06-08/2020-11-20,9,DNA sequence reads,13505,DNA sequence reads,https://github.com/arms-mbon/documentation/tree/main/armsmbon_handbook,ERR7125509,PEMA v2.1.4 https://github.com/hariszaf/pema | https://github.com/arms-mbon/analysis_release_002/tree/main/parameter_files,CREST classifier; Minimum bit-score 155; LCA bitscore range 2% | PR2 v4.13 | VSEARCH v2.9.1; clustering similarity 97%,Tammisaaren Ja Hangon Saariston Ja Pohjanpitäjänlahden Merensuojelualue (http://marineregions.org/mrgid/27436),59.86442,23.265084,FI,TZS_Kummelkobben,3.0,6.0,Long-Term Ecological Research Site; close to industrial port; continuous hydrographic monitoring; LHI (Low human influence); 9.7 - Macroalgal/kelp,uncertain classification (not marine),Was a crate cover used when retrieving the unit: not provided; Which component of the ARMS unit material was extracted: Motile,https://github.com/arms-mbon/data_release_002,Main genome;Eukaryota;Stramenopiles;Ochrophyta;Chrysophyceae;NA;NA;NA;NA;NA;NA,urn:lsid:marinespecies.org:taxname:146230,Chrysophyceae,Class,Otu187,NCBI:2825,ARMS_TZS_Kummelkobben_20200608_20201120_MF100_ETOH_s1_r1
ARMS_TZS_Kummelkobben_20200608_20201120_MF100_ETOH_s1_r1:Otu186,MaterialSample,ARMS-MBON,data_release_002,present,ARMS_TZS_Kummelkobben_20200608_20201120,SAMEA10020998,2020-06-08/2020-11-20,9,DNA sequence reads,13505,DNA sequence reads,https://github.com/arms-mbon/documentation/tree/main/armsmbon_handbook,ERR7125509,PEMA v2.1.4 https://github.com/hariszaf/pema | https://github.com/arms-mbon/analysis_release_002/tree/main/parameter_files,CREST classifier; Minimum bit-score 155; LCA bitscore range 2% | PR2 v4.13 | VSEARCH v2.9.1; clustering similarity 97%,Tammisaaren Ja Hangon Saariston Ja Pohjanpitäjänlahden Merensuojelualue (http://marineregions.org/mrgid/27436),59.86442,23.265084,FI,TZS_Kummelkobben,3.0,6.0,Long-Term Ecological Research Site; close to industrial port; continuous hydrographic monitoring; LHI (Low human influence); 9.7 - Macroalgal/kelp,uncertain classification (not marine),Was a crate cover used when retrieving the unit: not provided; Which component of the ARMS unit material was extracted: Motile,https://github.com/arms-mbon/data_release_002,Main genome;Eukaryota;Apusozoa;Apusomonadidae;Group-1;NA;NA;NA;NA;NA;NA,urn:lsid:marinespecies.org:taxname:103424,Apusomonadidae,Family,Otu186,NCBI:172820,ARMS_TZS_Kummelkobben_20200608_20201120_MF100_ETOH_s1_r1
ARMS_TZS_Kummelkobben_20200608_20201120_MF100_ETOH_s1_r1:Otu182,MaterialSample,ARMS-MBON,data_release_002,present,ARMS_TZS_Kummelkobben_20200608_20201120,SAMEA10020998,2020-06-08/2020-11-20,9,DNA sequence reads,13505,DNA sequence reads,https://github.com/arms-mbon/documentation/tree/main/armsmbon_handbook,ERR7125509,PEMA v2.1.4 https://github.com/hariszaf/pema | https://github.com/arms-mbon/analysis_release_002/tree/main/parameter_files,CREST classifier; Minimum bit-score 155; LCA bitscore range 2% | PR2 v4.13 | VSEARCH v2.9.1; clustering similarity 97%,Tammisaaren Ja Hangon Saariston Ja Pohjanpitäjänlahden Merensuojelualue (http://marineregions.org/mrgid/27436),59.86442,23.265084,FI,TZS_Kummelkobben,3.0,6.0,Long-Term Ecological Research Site; close to industrial port; continuous hydrographic monitoring; LHI (Low human influence); 9.7 - Macroalgal/kelp,uncertain classification (not marine),Was a crate cover used when retrieving the unit: not provided; Which component of the ARMS unit material was extracted: Motile,https://github.com/arms-mbon/data_release_002,Main genome;Eukaryota;Alveolata;Ciliophora;Litostomatea;NA;NA;NA;NA;NA;NA,urn:lsid:marinespecies.org:taxname:292892,Litostomatea,Class,Otu182,NCBI:5988,ARMS_TZS_Kummelkobben_20200608_20201120_MF100_ETOH_s1_r1
ARMS_TZS_Kummelkobben_20200608_20201120_SF40_ETOH_s1_r1:Otu419,MaterialSample,ARMS-MBON,data_release_002,present,ARMS_TZS_Kummelkobben_20200608_20201120,SAMEA10021004,2020-06-08/2020-11-20,2,DNA sequence reads,136,DNA sequence reads,https://github.com/arms-mbon/documentation/tree/main/armsmbon_handbook,ERR7125515,PEMA v2.1.4 https://github.com/hariszaf/pema | https://github.com/arms-mbon/analysis_release_002/tree/main/parameter_files,CREST classifier; Minimum bit-score 155; LCA bitscore range 2% | PR2 v4.13 | VSEARCH v2.9.1; clustering similarity 97%,Tammisaaren Ja Hangon Saariston Ja Pohjanpitäjänlahden Merensuojelualue (http://marineregions.org/mrgid/27436),59.86442,23.265084,FI,TZS_Kummelkobben,3.0,6.0,Long-Term Ecological Research Site; close to industrial port; continuous hydrographic monitoring; LHI (Low human influence); 9.7 - Macroalgal/kelp,,Was a crate cover used when retrieving the unit: not provided; Which component of the ARMS unit material was extracted: Sessile,https://github.com/arms-mbon/data_release_002,Main genome;Eukaryota;Opisthokonta;Metazoa;Arthropoda;Crustacea;Maxillopoda;Cyclopina;NA;NA;NA,urn:lsid:marinespecies.org:taxname:106437,Cyclopina,Genus,Otu419,NCBI:938102,ARMS_TZS_Kummelkobben_20200608_20201120_SF40_ETOH_s1_r1
ARMS_TZS_Kummelkobben_20200608_20201120_SF40_ETOH_s1_r1:Otu58,MaterialSample,ARMS-MBON,data_release_002,present,ARMS_TZS_Kummelkobben_20200608_20201120,SAMEA10021004,2020-06-08/2020-11-20,5,DNA sequence reads,136,DNA sequence reads,https://github.com/arms-mbon/documentation/tree/main/armsmbon_handbook,ERR7125515,PEMA v2.1.4 https://github.com/hariszaf/pema | https://github.com/arms-mbon/analysis_release_002/tree/main/parameter_files,CREST classifier; Minimum bit-score 155; LCA bitscore range 2% | PR2 v4.13 | VSEARCH v2.9.1; clustering similarity 97%,Tammisaaren Ja Hangon Saariston Ja Pohjanpitäjänlahden Merensuojelualue (http://marineregions.org/mrgid/27436),59.86442,23.265084,FI,TZS_Kummelkobben,3.0,6.0,Long-Term Ecological Research Site; close to industrial port; continuous hydrographic monitoring; LHI (Low human influence); 9.7 - Macroalgal/kelp,uncertain classification (not marine),Was a crate cover used when retrieving the unit: not provided; Which component of the ARMS unit material was extracted: Sessile,https://github.com/arms-mbon/data_release_002,Main genome;Eukaryota;Opisthokonta;Metazoa;Arthropoda;Crustacea;Maxillopoda;NA;NA;NA;NA,urn:lsid:marinespecies.org:taxname:1066,Crustacea,Subphylum,Otu58,NCBI:6657,ARMS_TZS_Kummelkobben_20200608_20201120_SF40_ETOH_s1_r1
ARMS_TZS_Kummelkobben_20200608_20201120_SF40_ETOH_s1_r1:Otu26,MaterialSample,ARMS-MBON,data_release_002,present,ARMS_TZS_Kummelkobben_20200608_20201120,SAMEA10021004,2020-06-08/2020-11-20,14,DNA sequence reads,136,DNA sequence reads,https://github.com/arms-mbon/documentation/tree/main/armsmbon_handbook,ERR7125515,PEMA v2.1.4 https://github.com/hariszaf/pema | https://github.com/arms-mbon/analysis_release_002/tree/main/parameter_files,CREST classifier; Minimum bit-score 155; LCA bitscore range 2% | PR2 v4.13 | VSEARCH v2.9.1; clustering similarity 97%,Tammisaaren Ja Hangon Saariston Ja Pohjanpitäjänlahden Merensuojelualue (http://marineregions.org/mrgid/27436),59.86442,23.265084,FI,TZS_Kummelkobben,3.0,6.0,Long-Term Ecological Research Site; close to industrial port; continuous hydrographic monitoring; LHI (Low human influence); 9.7 - Macroalgal/kelp,,Was a crate cover used when retrieving the unit: not provided; Which component of the ARMS unit material was extracted: Sessile,https://github.com/arms-mbon/data_release_002,Main genome;Eukaryota;Opisthokonta;Metazoa;Arthropoda;Crustacea;Malacostraca;Scylla;NA;NA;NA,urn:lsid:marinespecies.org:taxname:205756,Scylla,Genus,Otu26,NCBI:6760,ARMS_TZS_Kummelkobben_20200608_20201120_SF40_ETOH_s1_r1
ARMS_TZS_Kummelkobben_20200608_20201120_SF40_ETOH_s1_r1:Otu174,MaterialSample,ARMS-MBON,data_release_002,present,ARMS_TZS_Kummelkobben_20200608_20201120,SAMEA10021004,2020-06-08/2020-11-20,10,DNA sequence reads,136,DNA sequence reads,https://github.com/arms-mbon/documentation/tree/main/armsmbon_handbook,ERR7125515,PEMA v2.1.4 https://github.com/hariszaf/pema | https://github.com/arms-mbon/analysis_release_002/tree/main/parameter_files,CREST classifier; Minimum bit-score 155; LCA bitscore range 2% | PR2 v4.13 | VSEARCH v2.9.1; clustering similarity 97%,Tammisaaren Ja Hangon Saariston Ja Pohjanpitäjänlahden Merensuojelualue (http://marineregions.org/mrgid/27436),59.86442,23.265084,FI,TZS_Kummelkobben,3.0,6.0,Long-Term Ecological Research Site; close to industrial port; continuous hydrographic monitoring; LHI (Low human influence); 9.7 - Macroalgal/kelp,uncertain classification (not marine),Was a crate cover used when retrieving the unit: not provided; Which component of the ARMS unit material was extracted: Sessile,https://github.com/arms-mbon/data_release_002,Main genome;Eukaryota;Opisthokonta;Fungi;Cryptomycota;Cryptomycotina;NA;NA;NA;NA;NA,urn:lsid:marinespecies.org:taxname:707609,Rozellida,Order,Otu174,NCBI:1031332,ARMS_TZS_Kummelkobben_20200608_20201120_SF40_ETOH_s1_r1
ARMS_TZS_Kummelkobben_20200608_20201120_SF40_ETOH_s1_r1:Otu463,MaterialSample,ARMS-MBON,data_release_002,present,ARMS_TZS_Kummelkobben_20200608_20201120,SAMEA10021004,2020-06-08/2020-11-20,4,DNA sequence reads,136,DNA sequence reads,https://github.com/arms-mbon/documentation/tree/main/armsmbon_handbook,ERR7125515,PEMA v2.1.4 https://github.com/hariszaf/pema | https://github.com/arms-mbon/analysis_release_002/tree/main/parameter_files,CREST classifier; Minimum bit-score 155; LCA bitscore range 2% | PR2 v4.13 | VSEARCH v2.9.1; clustering similarity 97%,Tammisaaren Ja Hangon Saariston Ja Pohjanpitäjänlahden Merensuojelualue (http://marineregions.org/mrgid/27436),59.86442,23.265084,FI,TZS_Kummelkobben,3.0,6.0,Long-Term Ecological Research Site; close to industrial port; continuous hydrographic monitoring; LHI (Low human influence); 9.7 - Macroalgal/kelp,,Was a crate cover used when retrieving the unit: not provided; Which component of the ARMS unit material was extracted: Sessile,https://github.com/arms-mbon/data_release_002,Main genome;Eukaryota;Opisthokonta;Metazoa;Arthropoda;Crustacea;Maxillopoda;Diarthrodes;NA;NA;NA,urn:lsid:marinespecies.org:taxname:115460,Diarthrodes,Genus,Otu463,NCBI:512218,ARMS_TZS_Kummelkobben_20200608_20201120_SF40_ETOH_s1_r1
ARMS_TZS_Kummelkobben_20200608_20201120_SF40_ETOH_s1_r1:Otu464,MaterialSample,ARMS-MBON,data_release_002,present,ARMS_TZS_Kummelkobben_20200608_20201120,SAMEA10021004,2020-06-08/2020-11-20,2,DNA sequence reads,136,DNA sequence reads,https://github.com/arms-mbon/documentation/tree/main/armsmbon_handbook,ERR7125515,PEMA v2.1.4 https://github.com/hariszaf/pema | https://github.com/arms-mbon/analysis_release_002/tree/main/parameter_files,CREST classifier; Minimum bit-score 155; LCA bitscore range 2% | PR2 v4.13 | VSEARCH v2.9.1; clustering similarity 97%,Tammisaaren Ja Hangon Saariston Ja Pohjanpitäjänlahden Merensuojelualue (http://marineregions.org/mrgid/27436),59.86442,23.265084,FI,TZS_Kummelkobben,3.0,6.0,Long-Term Ecological Research Site; close to industrial port; continuous hydrographic monitoring; LHI (Low human influence); 9.7 - Macroalgal/kelp,uncertain classification (not marine),Was a crate cover used when retrieving the unit: not provided; Which component of the ARMS unit material was extracted: Sessile,https://github.com/arms-mbon/data_release_002,Main genome;Eukaryota;Opisthokonta;Metazoa;Annelida;NA;NA;NA;NA;NA;NA,urn:lsid:marinespecies.org:taxname:882,Annelida,Phylum,Otu464,NCBI:6340,ARMS_TZS_Kummelkobben_20200608_20201120_SF40_ETOH_s1_r1
ARMS_TZS_Kummelkobben_20200608_20201120_SF40_ETOH_s1_r1:Otu289,MaterialSample,ARMS-MBON,data_release_002,present,ARMS_TZS_Kummelkobben_20200608_20201120,SAMEA10021004,2020-06-08/2020-11-20,5,DNA sequence reads,136,DNA sequence reads,https://github.com/arms-mbon/documentation/tree/main/armsmbon_handbook,ERR7125515,PEMA v2.1.4 https://github.com/hariszaf/pema | https://github.com/arms-mbon/analysis_release_002/tree/main/parameter_files,CREST classifier; Minimum bit-score 155; LCA bitscore range 2% | PR2 v4.13 | VSEARCH v2.9.1; clustering similarity 97%,Tammisaaren Ja Hangon Saariston Ja Pohjanpitäjänlahden Merensuojelualue (http://marineregions.org/mrgid/27436),59.86442,23.265084,FI,TZS_Kummelkobben,3.0,6.0,Long-Term Ecological Research Site; close to industrial port; continuous hydrographic monitoring; LHI (Low human influence); 9.7 - Macroalgal/kelp,uncertain classification (not marine),Was a crate cover used when retrieving the unit: not provided; Which component of the ARMS unit material was extracted: Sessile,https://github.com/arms-mbon/data_release_002,Main genome;Eukaryota;Opisthokonta;Metazoa;Arthropoda;Crustacea;Maxillopoda;NA;NA;NA;NA,urn:lsid:marinespecies.org:taxname:1066,Crustacea,Subphylum,Otu289,NCBI:6657,ARMS_TZS_Kummelkobben_20200608_20201120_SF40_ETOH_s1_r1
ARMS_TZS_Kummelkobben_20200608_20201120_SF40_ETOH_s1_r1:Otu162,MaterialSample,ARMS-MBON,data_release_002,present,ARMS_TZS_Kummelkobben_20200608_20201120,SAMEA10021004,2020-06-08/2020-11-20,3,DNA sequence reads,136,DNA sequence reads,https://github.com/arms-mbon/documentation/tree/main/armsmbon_handbook,ERR7125515,PEMA v2.1.4 https://github.com/hariszaf/pema | https://github.com/arms-mbon/analysis_release_002/tree/main/parameter_files,CREST classifier; Minimum bit-score 155; LCA bitscore range 2% | PR2 v4.13 | VSEARCH v2.9.1; clustering similarity 97%,Tammisaaren Ja Hangon Saariston Ja Pohjanpitäjänlahden Merensuojelualue (http://marineregions.org/mrgid/27436),59.86442,23.265084,FI,TZS_Kummelkobben,3.0,6.0,Long-Term Ecological Research Site; close to industrial port; continuous hydrographic monitoring; LHI (Low human influence); 9.7 - Macroalgal/kelp,uncertain classification (not marine),Was a crate cover used when retrieving the unit: not provided; Which component of the ARMS unit material was extracted: Sessile,https://github.com/arms-mbon/data_release_002,Main genome;Eukaryota;Opisthokonta;Metazoa;Annelida;NA;NA;NA;NA;NA;NA,urn:lsid:marinespecies.org:taxname:882,Annelida,Phylum,Otu162,NCBI:6340,ARMS_TZS_Kummelkobben_20200608_20201120_SF40_ETOH_s1_r1
ARMS_TZS_Kummelkobben_20200608_20201120_SF40_ETOH_s1_r1:Otu344,MaterialSample,ARMS-MBON,data_release_002,present,ARMS_TZS_Kummelkobben_20200608_20201120,SAMEA10021004,2020-06-08/2020-11-20,3,DNA sequence reads,136,DNA sequence reads,https://github.com/arms-mbon/documentation/tree/main/armsmbon_handbook,ERR7125515,PEMA v2.1.4 https://github.com/hariszaf/pema | https://github.com/arms-mbon/analysis_release_002/tree/main/parameter_files,CREST classifier; Minimum bit-score 155; LCA bitscore range 2% | PR2 v4.13 | VSEARCH v2.9.1; clustering similarity 97%,Tammisaaren Ja Hangon Saariston Ja Pohjanpitäjänlahden Merensuojelualue (http://marineregions.org/mrgid/27436),59.86442,23.265084,FI,TZS_Kummelkobben,3.0,6.0,Long-Term Ecological Research Site; close to industrial port; continuous hydrographic monitoring; LHI (Low human influence); 9.7 - Macroalgal/kelp,,Was a crate cover used when retrieving the unit: not provided; Which component of the ARMS unit material was extracted: Sessile,https://github.com/arms-mbon/data_release_002,Main genome;Eukaryota;Opisthokonta;Metazoa;Mollusca;Bivalvia;Heteroconchia;Hiatella;NA;NA;NA,,Hiatella,genus,Otu344,NCBI:120430,ARMS_TZS_Kummelkobben_20200608_20201120_SF40_ETOH_s1_r1
ARMS_TZS_Kummelkobben_20200608_20201120_SF40_ETOH_s1_r1:Otu9,MaterialSample,ARMS-MBON,data_release_002,present,ARMS_TZS_Kummelkobben_20200608_20201120,SAMEA10021004,2020-06-08/2020-11-20,2,DNA sequence reads,136,DNA sequence reads,https://github.com/arms-mbon/documentation/tree/main/armsmbon_handbook,ERR7125515,PEMA v2.1.4 https://github.com/hariszaf/pema | https://github.com/arms-mbon/analysis_release_002/tree/main/parameter_files,CREST classifier; Minimum bit-score 155; LCA bitscore range 2% | PR2 v4.13 | VSEARCH v2.9.1; clustering similarity 97%,Tammisaaren Ja Hangon Saariston Ja Pohjanpitäjänlahden Merensuojelualue (http://marineregions.org/mrgid/27436),59.86442,23.265084,FI,TZS_Kummelkobben,3.0,6.0,Long-Term Ecological Research Site; close to industrial port; continuous hydrographic monitoring; LHI (Low human influence); 9.7 - Macroalgal/kelp,,Was a crate cover used when retrieving the unit: not provided; Which component of the ARMS unit material was extracted: Sessile,https://github.com/arms-mbon/data_release_002,Main genome;Eukaryota;Opisthokonta;Metazoa;Cnidaria;Anthozoa;NA;NA;NA;NA;NA,urn:lsid:marinespecies.org:taxname:1292,Anthozoa,Subphylum,Otu9,NCBI:6101,ARMS_TZS_Kummelkobben_20200608_20201120_SF40_ETOH_s1_r1
ARMS_TZS_Kummelkobben_20200608_20201120_SF40_ETOH_s1_r1:Otu5,MaterialSample,ARMS-MBON,data_release_002,present,ARMS_TZS_Kummelkobben_20200608_20201120,SAMEA10021004,2020-06-08/2020-11-20,16,DNA sequence reads,136,DNA sequence reads,https://github.com/arms-mbon/documentation/tree/main/armsmbon_handbook,ERR7125515,PEMA v2.1.4 https://github.com/hariszaf/pema | https://github.com/arms-mbon/analysis_release_002/tree/main/parameter_files,CREST classifier; Minimum bit-score 155; LCA bitscore range 2% | PR2 v4.13 | VSEARCH v2.9.1; clustering similarity 97%,Tammisaaren Ja Hangon Saariston Ja Pohjanpitäjänlahden Merensuojelualue (http://marineregions.org/mrgid/27436),59.86442,23.265084,FI,TZS_Kummelkobben,3.0,6.0,Long-Term Ecological Research Site; close to industrial port; continuous hydrographic monitoring; LHI (Low human influence); 9.7 - Macroalgal/kelp,,Was a crate cover used when retrieving the unit: not provided; Which component of the ARMS unit material was extracted: Sessile,https://github.com/arms-mbon/data_release_002,Main genome;Eukaryota;Opisthokonta;Metazoa;Craniata;Teleostei;NA;NA;NA;NA;NA,urn:lsid:marinespecies.org:taxname:293496,Teleostei,Class,Otu5,NCBI:32443,ARMS_TZS_Kummelkobben_20200608_20201120_SF40_ETOH_s1_r1
ARMS_TZS_Kummelkobben_20200608_20201120_SF40_ETOH_s1_r1:Otu2,MaterialSample,ARMS-MBON,data_release_002,present,ARMS_TZS_Kummelkobben_20200608_20201120,SAMEA10021004,2020-06-08/2020-11-20,24,DNA sequence reads,136,DNA sequence reads,https://github.com/arms-mbon/documentation/tree/main/armsmbon_handbook,ERR7125515,PEMA v2.1.4 https://github.com/hariszaf/pema | https://github.com/arms-mbon/analysis_release_002/tree/main/parameter_files,CREST classifier; Minimum bit-score 155; LCA bitscore range 2% | PR2 v4.13 | VSEARCH v2.9.1; clustering similarity 97%,Tammisaaren Ja Hangon Saariston Ja Pohjanpitäjänlahden Merensuojelualue (http://marineregions.org/mrgid/27436),59.86442,23.265084,FI,TZS_Kummelkobben,3.0,6.0,Long-Term Ecological Research Site; close to industrial port; continuous hydrographic monitoring; LHI (Low human influence); 9.7 - Macroalgal/kelp,,Was a crate cover used when retrieving the unit: not provided; Which component of the ARMS unit material was extracted: Sessile,https://github.com/arms-mbon/data_release_002,Main genome;Eukaryota;Opisthokonta;Metazoa;Urochordata;Ascidiacea;NA;NA;NA;NA;NA,urn:lsid:marinespecies.org:taxname:1839,Ascidiacea,Class,Otu2,NCBI:7713,ARMS_TZS_Kummelkobben_20200608_20201120_SF40_ETOH_s1_r1
ARMS_TZS_Kummelkobben_20200608_20201120_SF40_ETOH_s1_r1:Otu1,MaterialSample,ARMS-MBON,data_release_002,present,ARMS_TZS_Kummelkobben_20200608_20201120,SAMEA10021004,2020-06-08/2020-11-20,3,DNA sequence reads,136,DNA sequence reads,https://github.com/arms-mbon/documentation/tree/main/armsmbon_handbook,ERR7125515,PEMA v2.1.4 https://github.com/hariszaf/pema | https://github.com/arms-mbon/analysis_release_002/tree/main/parameter_files,CREST classifier; Minimum bit-score 155; LCA bitscore range 2% | PR2 v4.13 | VSEARCH v2.9.1; clustering similarity 97%,Tammisaaren Ja Hangon Saariston Ja Pohjanpitäjänlahden Merensuojelualue (http://marineregions.org/mrgid/27436),59.86442,23.265084,FI,TZS_Kummelkobben,3.0,6.0,Long-Term Ecological Research Site; close to industrial port; continuous hydrographic monitoring; LHI (Low human influence); 9.7 - Macroalgal/kelp,uncertain classification (not marine),Was a crate cover used when retrieving the unit: not provided; Which component of the ARMS unit material was extracted: Sessile,https://github.com/arms-mbon/data_release_002,Main genome;Eukaryota;Opisthokonta;Metazoa;Arthropoda;Crustacea;Maxillopoda;NA;NA;NA;NA,urn:lsid:marinespecies.org:taxname:1066,Crustacea,Subphylum,Otu1,NCBI:6657,ARMS_TZS_Kummelkobben_20200608_20201120_SF40_ETOH_s1_r1
ARMS_TZS_Kummelkobben_20200608_20201120_SF40_ETOH_s1_r1:Otu193,MaterialSample,ARMS-MBON,data_release_002,present,ARMS_TZS_Kummelkobben_20200608_20201120,SAMEA10021004,2020-06-08/2020-11-20,3,DNA sequence reads,136,DNA sequence reads,https://github.com/arms-mbon/documentation/tree/main/armsmbon_handbook,ERR7125515,PEMA v2.1.4 https://github.com/hariszaf/pema | https://github.com/arms-mbon/analysis_release_002/tree/main/parameter_files,CREST classifier; Minimum bit-score 155; LCA bitscore range 2% | PR2 v4.13 | VSEARCH v2.9.1; clustering similarity 97%,Tammisaaren Ja Hangon Saariston Ja Pohjanpitäjänlahden Merensuojelualue (http://marineregions.org/mrgid/27436),59.86442,23.265084,FI,TZS_Kummelkobben,3.0,6.0,Long-Term Ecological Research Site; close to industrial port; continuous hydrographic monitoring; LHI (Low human influence); 9.7 - Macroalgal/kelp,,Was a crate cover used when retrieving the unit: not provided; Which component of the ARMS unit material was extracted: Sessile,https://github.com/arms-mbon/data_release_002,Main genome;Eukaryota;Opisthokonta;Metazoa;Nemertea;Cephalothrix;NA;NA;NA;NA;NA,urn:lsid:marinespecies.org:taxname:122381,Procephalothrix,Genus,Otu193,NCBI:166041,ARMS_TZS_Kummelkobben_20200608_20201120_SF40_ETOH_s1_r1
ARMS_TZS_Kummelkobben_20200608_20201120_SF40_ETOH_s1_r1:Otu95,MaterialSample,ARMS-MBON,data_release_002,present,ARMS_TZS_Kummelkobben_20200608_20201120,SAMEA10021004,2020-06-08/2020-11-20,24,DNA sequence reads,136,DNA sequence reads,https://github.com/arms-mbon/documentation/tree/main/armsmbon_handbook,ERR7125515,PEMA v2.1.4 https://github.com/hariszaf/pema | https://github.com/arms-mbon/analysis_release_002/tree/main/parameter_files,CREST classifier; Minimum bit-score 155; LCA bitscore range 2% | PR2 v4.13 | VSEARCH v2.9.1; clustering similarity 97%,Tammisaaren Ja Hangon Saariston Ja Pohjanpitäjänlahden Merensuojelualue (http://marineregions.org/mrgid/27436),59.86442,23.265084,FI,TZS_Kummelkobben,3.0,6.0,Long-Term Ecological Research Site; close to industrial port; continuous hydrographic monitoring; LHI (Low human influence); 9.7 - Macroalgal/kelp,uncertain classification (not marine),Was a crate cover used when retrieving the unit: not provided; Which component of the ARMS unit material was extracted: Sessile,https://github.com/arms-mbon/data_release_002,Main genome;Eukaryota;Opisthokonta;Metazoa;Annelida;NA;NA;NA;NA;NA;NA,urn:lsid:marinespecies.org:taxname:882,Annelida,Phylum,Otu95,NCBI:6340,ARMS_TZS_Kummelkobben_20200608_20201120_SF40_ETOH_s1_r1
ARMS_TZS_Kummelkobben_20200608_20201120_SF40_ETOH_s1_r1:Otu327,MaterialSample,ARMS-MBON,data_release_002,present,ARMS_TZS_Kummelkobben_20200608_20201120,SAMEA10021004,2020-06-08/2020-11-20,4,DNA sequence reads,136,DNA sequence reads,https://github.com/arms-mbon/documentation/tree/main/armsmbon_handbook,ERR7125515,PEMA v2.1.4 https://github.com/hariszaf/pema | https://github.com/arms-mbon/analysis_release_002/tree/main/parameter_files,CREST classifier; Minimum bit-score 155; LCA bitscore range 2% | PR2 v4.13 | VSEARCH v2.9.1; clustering similarity 97%,Tammisaaren Ja Hangon Saariston Ja Pohjanpitäjänlahden Merensuojelualue (http://marineregions.org/mrgid/27436),59.86442,23.265084,FI,TZS_Kummelkobben,3.0,6.0,Long-Term Ecological Research Site; close to industrial port; continuous hydrographic monitoring; LHI (Low human influence); 9.7 - Macroalgal/kelp,,Was a crate cover used when retrieving the unit: not provided; Which component of the ARMS unit material was extracted: Sessile,https://github.com/arms-mbon/data_release_002,Main genome;Eukaryota;Opisthokonta;Metazoa;Arthropoda;Crustacea;Malacostraca;Thoralus;NA;NA;NA,urn:lsid:marinespecies.org:taxname:106996,Thoralus,Genus,Otu327,NCBI:576235,ARMS_TZS_Kummelkobben_20200608_20201120_SF40_ETOH_s1_r1
ARMS_TZS_Kummelkobben_20200608_20201120_SF40_ETOH_s1_r1:Otu18,MaterialSample,ARMS-MBON,data_release_002,present,ARMS_TZS_Kummelkobben_20200608_20201120,SAMEA10021004,2020-06-08/2020-11-20,2,DNA sequence reads,136,DNA sequence reads,https://github.com/arms-mbon/documentation/tree/main/armsmbon_handbook,ERR7125515,PEMA v2.1.4 https://github.com/hariszaf/pema | https://github.com/arms-mbon/analysis_release_002/tree/main/parameter_files,CREST classifier; Minimum bit-score 155; LCA bitscore range 2% | PR2 v4.13 | VSEARCH v2.9.1; clustering similarity 97%,Tammisaaren Ja Hangon Saariston Ja Pohjanpitäjänlahden Merensuojelualue (http://marineregions.org/mrgid/27436),59.86442,23.265084,FI,TZS_Kummelkobben,3.0,6.0,Long-Term Ecological Research Site; close to industrial port; continuous hydrographic monitoring; LHI (Low human influence); 9.7 - Macroalgal/kelp,uncertain classification (not marine),Was a crate cover used when retrieving the unit: not provided; Which component of the ARMS unit material was extracted: Sessile,https://github.com/arms-mbon/data_release_002,Main genome;Eukaryota;Opisthokonta;Metazoa;Annelida;NA;NA;NA;NA;NA;NA,urn:lsid:marinespecies.org:taxname:882,Annelida,Phylum,Otu18,NCBI:6340,ARMS_TZS_Kummelkobben_20200608_20201120_SF40_ETOH_s1_r1
ARMS_TZS_Kummelkobben_20200608_20201120_SF40_ETOH_s1_r1:Otu19,MaterialSample,ARMS-MBON,data_release_002,present,ARMS_TZS_Kummelkobben_20200608_20201120,SAMEA10021004,2020-06-08/2020-11-20,10,DNA sequence reads,136,DNA sequence reads,https://github.com/arms-mbon/documentation/tree/main/armsmbon_handbook,ERR7125515,PEMA v2.1.4 https://github.com/hariszaf/pema | https://github.com/arms-mbon/analysis_release_002/tree/main/parameter_files,CREST classifier; Minimum bit-score 155; LCA bitscore range 2% | PR2 v4.13 | VSEARCH v2.9.1; clustering similarity 97%,Tammisaaren Ja Hangon Saariston Ja Pohjanpitäjänlahden Merensuojelualue (http://marineregions.org/mrgid/27436),59.86442,23.265084,FI,TZS_Kummelkobben,3.0,6.0,Long-Term Ecological Research Site; close to industrial port; continuous hydrographic monitoring; LHI (Low human influence); 9.7 - Macroalgal/kelp,,Was a crate cover used when retrieving the unit: not provided; Which component of the ARMS unit material was extracted: Sessile,https://github.com/arms-mbon/data_release_002,Main genome;Eukaryota;Opisthokonta;Metazoa;Urochordata;Ascidiacea;Chelyosoma;NA;NA;NA;NA,urn:lsid:marinespecies.org:taxname:103494,Chelyosoma,Genus,Otu19,NCBI:71176,ARMS_TZS_Kummelkobben_20200608_20201120_SF40_ETOH_s1_r1
