occurrenceID,measurementType,measurementUnit,measurementValue,measurementTypeID,measurementUnitID,measurementValueID
ARMS_BelgiumCoast_AJJC86_20200506_20201012_MF100_s1_r1:Otu567,submergedTime,day,159,http://vocab.nerc.ac.uk/collection/P01/current/AZDRZZ01/,https://vocab.nerc.ac.uk/collection/P06/current/UTAA/,
ARMS_BelgiumCoast_AJJC86_20200506_20201012_MF100_s1_r1:Otu567,preservativeUsed,,DMSO,http://vocab.nerc.ac.uk/collection/Q01/current/Q0100004/,,https://pubchem.ncbi.nlm.nih.gov/compound/679
ARMS_BelgiumCoast_AJJC86_20200506_20201012_MF100_s1_r1:Otu567,lowerLimitFilterSize,micrometer,100,http://vocab.nerc.ac.uk/collection/Q01/current/Q0100011/,https://vocab.nerc.ac.uk/collection/P06/current/UMIC/,
ARMS_BelgiumCoast_AJJC86_20200506_20201012_MF100_s1_r1:Otu567,sampleAccessionNumber,,SAMEA10020978,,,
ARMS_BelgiumCoast_AJJC86_20200506_20201012_MF100_s1_r1:Otu567,NCBIID,,45543,,,
ARMS_BelgiumCoast_AJJC86_20200506_20201012_MF100_s1_r1:Otu567,NCBIScientificName,,Candida diddensiae,,,
ARMS_BelgiumCoast_AJJC86_20200506_20201012_MF100_s1_r1:Otu567,NCBITaxonRank,,species,,,
ARMS_BelgiumCoast_AJJC86_20200506_20201012_MF100_s1_r1:Otu567,fieldReplicateID,,no replicate,http://vocab.nerc.ac.uk/collection/P01/current/IDSPRE01,,
ARMS_BelgiumCoast_AJJC86_20200506_20201012_MF100_s1_r1:Otu567,technicalReplicateID,,,http://vocab.nerc.ac.uk/collection/P01/current/IDTCRE01,,
ARMS_BelgiumCoast_AJJC86_20200506_20201012_MF100_s1_r1:Otu50,submergedTime,day,159,http://vocab.nerc.ac.uk/collection/P01/current/AZDRZZ01/,https://vocab.nerc.ac.uk/collection/P06/current/UTAA/,
ARMS_BelgiumCoast_AJJC86_20200506_20201012_MF100_s1_r1:Otu50,preservativeUsed,,DMSO,http://vocab.nerc.ac.uk/collection/Q01/current/Q0100004/,,https://pubchem.ncbi.nlm.nih.gov/compound/679
ARMS_BelgiumCoast_AJJC86_20200506_20201012_MF100_s1_r1:Otu50,lowerLimitFilterSize,micrometer,100,http://vocab.nerc.ac.uk/collection/Q01/current/Q0100011/,https://vocab.nerc.ac.uk/collection/P06/current/UMIC/,
ARMS_BelgiumCoast_AJJC86_20200506_20201012_MF100_s1_r1:Otu50,sampleAccessionNumber,,SAMEA10020978,,,
ARMS_BelgiumCoast_AJJC86_20200506_20201012_MF100_s1_r1:Otu50,NCBIID,,29918,,,
ARMS_BelgiumCoast_AJJC86_20200506_20201012_MF100_s1_r1:Otu50,NCBIScientificName,,Mycosphaerella tassiana,,,
ARMS_BelgiumCoast_AJJC86_20200506_20201012_MF100_s1_r1:Otu50,NCBITaxonRank,,species,,,
ARMS_BelgiumCoast_AJJC86_20200506_20201012_MF100_s1_r1:Otu50,fieldReplicateID,,no replicate,http://vocab.nerc.ac.uk/collection/P01/current/IDSPRE01,,
ARMS_BelgiumCoast_AJJC86_20200506_20201012_MF100_s1_r1:Otu50,technicalReplicateID,,,http://vocab.nerc.ac.uk/collection/P01/current/IDTCRE01,,
ARMS_BelgiumCoast_AJJC86_20200506_20201012_MF100_s1_r1:Otu403,submergedTime,day,159,http://vocab.nerc.ac.uk/collection/P01/current/AZDRZZ01/,https://vocab.nerc.ac.uk/collection/P06/current/UTAA/,
ARMS_BelgiumCoast_AJJC86_20200506_20201012_MF100_s1_r1:Otu403,preservativeUsed,,DMSO,http://vocab.nerc.ac.uk/collection/Q01/current/Q0100004/,,https://pubchem.ncbi.nlm.nih.gov/compound/679
ARMS_BelgiumCoast_AJJC86_20200506_20201012_MF100_s1_r1:Otu403,lowerLimitFilterSize,micrometer,100,http://vocab.nerc.ac.uk/collection/Q01/current/Q0100011/,https://vocab.nerc.ac.uk/collection/P06/current/UMIC/,
ARMS_BelgiumCoast_AJJC86_20200506_20201012_MF100_s1_r1:Otu403,sampleAccessionNumber,,SAMEA10020978,,,
ARMS_BelgiumCoast_AJJC86_20200506_20201012_MF100_s1_r1:Otu403,NCBIID,,5125,,,
ARMS_BelgiumCoast_AJJC86_20200506_20201012_MF100_s1_r1:Otu403,NCBIScientificName,,Hypocreales,,,
ARMS_BelgiumCoast_AJJC86_20200506_20201012_MF100_s1_r1:Otu403,NCBITaxonRank,,order,,,
ARMS_BelgiumCoast_AJJC86_20200506_20201012_MF100_s1_r1:Otu403,fieldReplicateID,,no replicate,http://vocab.nerc.ac.uk/collection/P01/current/IDSPRE01,,
ARMS_BelgiumCoast_AJJC86_20200506_20201012_MF100_s1_r1:Otu403,technicalReplicateID,,,http://vocab.nerc.ac.uk/collection/P01/current/IDTCRE01,,
ARMS_BelgiumCoast_AJJC86_20200506_20201012_MF100_s1_r1:Otu490,submergedTime,day,159,http://vocab.nerc.ac.uk/collection/P01/current/AZDRZZ01/,https://vocab.nerc.ac.uk/collection/P06/current/UTAA/,
ARMS_BelgiumCoast_AJJC86_20200506_20201012_MF100_s1_r1:Otu490,preservativeUsed,,DMSO,http://vocab.nerc.ac.uk/collection/Q01/current/Q0100004/,,https://pubchem.ncbi.nlm.nih.gov/compound/679
ARMS_BelgiumCoast_AJJC86_20200506_20201012_MF100_s1_r1:Otu490,lowerLimitFilterSize,micrometer,100,http://vocab.nerc.ac.uk/collection/Q01/current/Q0100011/,https://vocab.nerc.ac.uk/collection/P06/current/UMIC/,
ARMS_BelgiumCoast_AJJC86_20200506_20201012_MF100_s1_r1:Otu490,sampleAccessionNumber,,SAMEA10020978,,,
ARMS_BelgiumCoast_AJJC86_20200506_20201012_MF100_s1_r1:Otu490,NCBIID,,4751,,,
ARMS_BelgiumCoast_AJJC86_20200506_20201012_MF100_s1_r1:Otu490,NCBIScientificName,,Fungi,,,
ARMS_BelgiumCoast_AJJC86_20200506_20201012_MF100_s1_r1:Otu490,NCBITaxonRank,,kingdom,,,
ARMS_BelgiumCoast_AJJC86_20200506_20201012_MF100_s1_r1:Otu490,fieldReplicateID,,no replicate,http://vocab.nerc.ac.uk/collection/P01/current/IDSPRE01,,
ARMS_BelgiumCoast_AJJC86_20200506_20201012_MF100_s1_r1:Otu490,technicalReplicateID,,,http://vocab.nerc.ac.uk/collection/P01/current/IDTCRE01,,
ARMS_Getxo_G1_20200624_20201103_MF100_s1_r1:Otu238,submergedTime,day,132,http://vocab.nerc.ac.uk/collection/P01/current/AZDRZZ01/,https://vocab.nerc.ac.uk/collection/P06/current/UTAA/,
ARMS_Getxo_G1_20200624_20201103_MF100_s1_r1:Otu238,preservativeUsed,,DMSO,http://vocab.nerc.ac.uk/collection/Q01/current/Q0100004/,,https://pubchem.ncbi.nlm.nih.gov/compound/679
ARMS_Getxo_G1_20200624_20201103_MF100_s1_r1:Otu238,lowerLimitFilterSize,micrometer,100,http://vocab.nerc.ac.uk/collection/Q01/current/Q0100011/,https://vocab.nerc.ac.uk/collection/P06/current/UMIC/,
ARMS_Getxo_G1_20200624_20201103_MF100_s1_r1:Otu238,sampleAccessionNumber,,SAMEA10021238,,,
ARMS_Getxo_G1_20200624_20201103_MF100_s1_r1:Otu238,NCBIID,,55193,,,
ARMS_Getxo_G1_20200624_20201103_MF100_s1_r1:Otu238,NCBIScientificName,,Malassezia,,,
ARMS_Getxo_G1_20200624_20201103_MF100_s1_r1:Otu238,NCBITaxonRank,,genus,,,
ARMS_Getxo_G1_20200624_20201103_MF100_s1_r1:Otu238,fieldReplicateID,,ARMS_Getxo_G_20200624_20201103,http://vocab.nerc.ac.uk/collection/P01/current/IDSPRE01,,
ARMS_Getxo_G1_20200624_20201103_MF100_s1_r1:Otu238,technicalReplicateID,,,http://vocab.nerc.ac.uk/collection/P01/current/IDTCRE01,,
ARMS_Getxo_G1_20200624_20201103_MF100_s1_r1:Otu63,submergedTime,day,132,http://vocab.nerc.ac.uk/collection/P01/current/AZDRZZ01/,https://vocab.nerc.ac.uk/collection/P06/current/UTAA/,
ARMS_Getxo_G1_20200624_20201103_MF100_s1_r1:Otu63,preservativeUsed,,DMSO,http://vocab.nerc.ac.uk/collection/Q01/current/Q0100004/,,https://pubchem.ncbi.nlm.nih.gov/compound/679
ARMS_Getxo_G1_20200624_20201103_MF100_s1_r1:Otu63,lowerLimitFilterSize,micrometer,100,http://vocab.nerc.ac.uk/collection/Q01/current/Q0100011/,https://vocab.nerc.ac.uk/collection/P06/current/UMIC/,
ARMS_Getxo_G1_20200624_20201103_MF100_s1_r1:Otu63,sampleAccessionNumber,,SAMEA10021238,,,
ARMS_Getxo_G1_20200624_20201103_MF100_s1_r1:Otu63,NCBIID,,5598,,,
ARMS_Getxo_G1_20200624_20201103_MF100_s1_r1:Otu63,NCBIScientificName,,Alternaria,,,
ARMS_Getxo_G1_20200624_20201103_MF100_s1_r1:Otu63,NCBITaxonRank,,genus,,,
ARMS_Getxo_G1_20200624_20201103_MF100_s1_r1:Otu63,fieldReplicateID,,ARMS_Getxo_G_20200624_20201103,http://vocab.nerc.ac.uk/collection/P01/current/IDSPRE01,,
ARMS_Getxo_G1_20200624_20201103_MF100_s1_r1:Otu63,technicalReplicateID,,,http://vocab.nerc.ac.uk/collection/P01/current/IDTCRE01,,
ARMS_Getxo_G1_20200624_20201103_MF100_s1_r1:Otu545,submergedTime,day,132,http://vocab.nerc.ac.uk/collection/P01/current/AZDRZZ01/,https://vocab.nerc.ac.uk/collection/P06/current/UTAA/,
ARMS_Getxo_G1_20200624_20201103_MF100_s1_r1:Otu545,preservativeUsed,,DMSO,http://vocab.nerc.ac.uk/collection/Q01/current/Q0100004/,,https://pubchem.ncbi.nlm.nih.gov/compound/679
ARMS_Getxo_G1_20200624_20201103_MF100_s1_r1:Otu545,lowerLimitFilterSize,micrometer,100,http://vocab.nerc.ac.uk/collection/Q01/current/Q0100011/,https://vocab.nerc.ac.uk/collection/P06/current/UMIC/,
ARMS_Getxo_G1_20200624_20201103_MF100_s1_r1:Otu545,sampleAccessionNumber,,SAMEA10021238,,,
ARMS_Getxo_G1_20200624_20201103_MF100_s1_r1:Otu545,NCBIID,,4890,,,
ARMS_Getxo_G1_20200624_20201103_MF100_s1_r1:Otu545,NCBIScientificName,,Ascomycota,,,
ARMS_Getxo_G1_20200624_20201103_MF100_s1_r1:Otu545,NCBITaxonRank,,phylum,,,
ARMS_Getxo_G1_20200624_20201103_MF100_s1_r1:Otu545,fieldReplicateID,,ARMS_Getxo_G_20200624_20201103,http://vocab.nerc.ac.uk/collection/P01/current/IDSPRE01,,
ARMS_Getxo_G1_20200624_20201103_MF100_s1_r1:Otu545,technicalReplicateID,,,http://vocab.nerc.ac.uk/collection/P01/current/IDTCRE01,,
ARMS_Getxo_G1_20200624_20201103_MF100_s1_r1:Otu307,submergedTime,day,132,http://vocab.nerc.ac.uk/collection/P01/current/AZDRZZ01/,https://vocab.nerc.ac.uk/collection/P06/current/UTAA/,
ARMS_Getxo_G1_20200624_20201103_MF100_s1_r1:Otu307,preservativeUsed,,DMSO,http://vocab.nerc.ac.uk/collection/Q01/current/Q0100004/,,https://pubchem.ncbi.nlm.nih.gov/compound/679
ARMS_Getxo_G1_20200624_20201103_MF100_s1_r1:Otu307,lowerLimitFilterSize,micrometer,100,http://vocab.nerc.ac.uk/collection/Q01/current/Q0100011/,https://vocab.nerc.ac.uk/collection/P06/current/UMIC/,
ARMS_Getxo_G1_20200624_20201103_MF100_s1_r1:Otu307,sampleAccessionNumber,,SAMEA10021238,,,
ARMS_Getxo_G1_20200624_20201103_MF100_s1_r1:Otu307,NCBIID,,147541,,,
ARMS_Getxo_G1_20200624_20201103_MF100_s1_r1:Otu307,NCBIScientificName,,Dothideomycetes,,,
ARMS_Getxo_G1_20200624_20201103_MF100_s1_r1:Otu307,NCBITaxonRank,,class,,,
ARMS_Getxo_G1_20200624_20201103_MF100_s1_r1:Otu307,fieldReplicateID,,ARMS_Getxo_G_20200624_20201103,http://vocab.nerc.ac.uk/collection/P01/current/IDSPRE01,,
ARMS_Getxo_G1_20200624_20201103_MF100_s1_r1:Otu307,technicalReplicateID,,,http://vocab.nerc.ac.uk/collection/P01/current/IDTCRE01,,
ARMS_Getxo_G1_20200624_20201103_MF100_s1_r1:Otu374,submergedTime,day,132,http://vocab.nerc.ac.uk/collection/P01/current/AZDRZZ01/,https://vocab.nerc.ac.uk/collection/P06/current/UTAA/,
ARMS_Getxo_G1_20200624_20201103_MF100_s1_r1:Otu374,preservativeUsed,,DMSO,http://vocab.nerc.ac.uk/collection/Q01/current/Q0100004/,,https://pubchem.ncbi.nlm.nih.gov/compound/679
ARMS_Getxo_G1_20200624_20201103_MF100_s1_r1:Otu374,lowerLimitFilterSize,micrometer,100,http://vocab.nerc.ac.uk/collection/Q01/current/Q0100011/,https://vocab.nerc.ac.uk/collection/P06/current/UMIC/,
ARMS_Getxo_G1_20200624_20201103_MF100_s1_r1:Otu374,sampleAccessionNumber,,SAMEA10021238,,,
ARMS_Getxo_G1_20200624_20201103_MF100_s1_r1:Otu374,NCBIID,,45154,,,
ARMS_Getxo_G1_20200624_20201103_MF100_s1_r1:Otu374,NCBIScientificName,,Westerdykella dispersa,,,
ARMS_Getxo_G1_20200624_20201103_MF100_s1_r1:Otu374,NCBITaxonRank,,species,,,
ARMS_Getxo_G1_20200624_20201103_MF100_s1_r1:Otu374,fieldReplicateID,,ARMS_Getxo_G_20200624_20201103,http://vocab.nerc.ac.uk/collection/P01/current/IDSPRE01,,
ARMS_Getxo_G1_20200624_20201103_MF100_s1_r1:Otu374,technicalReplicateID,,,http://vocab.nerc.ac.uk/collection/P01/current/IDTCRE01,,
ARMS_Getxo_G1_20200624_20201103_MF100_s1_r1:Otu192,submergedTime,day,132,http://vocab.nerc.ac.uk/collection/P01/current/AZDRZZ01/,https://vocab.nerc.ac.uk/collection/P06/current/UTAA/,
ARMS_Getxo_G1_20200624_20201103_MF100_s1_r1:Otu192,preservativeUsed,,DMSO,http://vocab.nerc.ac.uk/collection/Q01/current/Q0100004/,,https://pubchem.ncbi.nlm.nih.gov/compound/679
ARMS_Getxo_G1_20200624_20201103_MF100_s1_r1:Otu192,lowerLimitFilterSize,micrometer,100,http://vocab.nerc.ac.uk/collection/Q01/current/Q0100011/,https://vocab.nerc.ac.uk/collection/P06/current/UMIC/,
ARMS_Getxo_G1_20200624_20201103_MF100_s1_r1:Otu192,sampleAccessionNumber,,SAMEA10021238,,,
ARMS_Getxo_G1_20200624_20201103_MF100_s1_r1:Otu192,NCBIID,,1031332,,,
ARMS_Getxo_G1_20200624_20201103_MF100_s1_r1:Otu192,NCBIScientificName,,Rozellomycota,,,
ARMS_Getxo_G1_20200624_20201103_MF100_s1_r1:Otu192,NCBITaxonRank,,phylum,,,
ARMS_Getxo_G1_20200624_20201103_MF100_s1_r1:Otu192,fieldReplicateID,,ARMS_Getxo_G_20200624_20201103,http://vocab.nerc.ac.uk/collection/P01/current/IDSPRE01,,
ARMS_Getxo_G1_20200624_20201103_MF100_s1_r1:Otu192,technicalReplicateID,,,http://vocab.nerc.ac.uk/collection/P01/current/IDTCRE01,,
ARMS_Getxo_G1_20200624_20201103_MF100_s1_r1:Otu46,submergedTime,day,132,http://vocab.nerc.ac.uk/collection/P01/current/AZDRZZ01/,https://vocab.nerc.ac.uk/collection/P06/current/UTAA/,
ARMS_Getxo_G1_20200624_20201103_MF100_s1_r1:Otu46,preservativeUsed,,DMSO,http://vocab.nerc.ac.uk/collection/Q01/current/Q0100004/,,https://pubchem.ncbi.nlm.nih.gov/compound/679
ARMS_Getxo_G1_20200624_20201103_MF100_s1_r1:Otu46,lowerLimitFilterSize,micrometer,100,http://vocab.nerc.ac.uk/collection/Q01/current/Q0100011/,https://vocab.nerc.ac.uk/collection/P06/current/UMIC/,
ARMS_Getxo_G1_20200624_20201103_MF100_s1_r1:Otu46,sampleAccessionNumber,,SAMEA10021238,,,
ARMS_Getxo_G1_20200624_20201103_MF100_s1_r1:Otu46,NCBIID,,155616,,,
ARMS_Getxo_G1_20200624_20201103_MF100_s1_r1:Otu46,NCBIScientificName,,Tremellomycetes,,,
ARMS_Getxo_G1_20200624_20201103_MF100_s1_r1:Otu46,NCBITaxonRank,,class,,,
ARMS_Getxo_G1_20200624_20201103_MF100_s1_r1:Otu46,fieldReplicateID,,ARMS_Getxo_G_20200624_20201103,http://vocab.nerc.ac.uk/collection/P01/current/IDSPRE01,,
ARMS_Getxo_G1_20200624_20201103_MF100_s1_r1:Otu46,technicalReplicateID,,,http://vocab.nerc.ac.uk/collection/P01/current/IDTCRE01,,
ARMS_Getxo_G1_20200624_20201103_MF100_s1_r1:Otu44,submergedTime,day,132,http://vocab.nerc.ac.uk/collection/P01/current/AZDRZZ01/,https://vocab.nerc.ac.uk/collection/P06/current/UTAA/,
ARMS_Getxo_G1_20200624_20201103_MF100_s1_r1:Otu44,preservativeUsed,,DMSO,http://vocab.nerc.ac.uk/collection/Q01/current/Q0100004/,,https://pubchem.ncbi.nlm.nih.gov/compound/679
ARMS_Getxo_G1_20200624_20201103_MF100_s1_r1:Otu44,lowerLimitFilterSize,micrometer,100,http://vocab.nerc.ac.uk/collection/Q01/current/Q0100011/,https://vocab.nerc.ac.uk/collection/P06/current/UMIC/,
ARMS_Getxo_G1_20200624_20201103_MF100_s1_r1:Otu44,sampleAccessionNumber,,SAMEA10021238,,,
ARMS_Getxo_G1_20200624_20201103_MF100_s1_r1:Otu44,NCBIID,,82520,,,
ARMS_Getxo_G1_20200624_20201103_MF100_s1_r1:Otu44,NCBIScientificName,,Apiotrichum laibachii,,,
ARMS_Getxo_G1_20200624_20201103_MF100_s1_r1:Otu44,NCBITaxonRank,,species,,,
ARMS_Getxo_G1_20200624_20201103_MF100_s1_r1:Otu44,fieldReplicateID,,ARMS_Getxo_G_20200624_20201103,http://vocab.nerc.ac.uk/collection/P01/current/IDSPRE01,,
ARMS_Getxo_G1_20200624_20201103_MF100_s1_r1:Otu44,technicalReplicateID,,,http://vocab.nerc.ac.uk/collection/P01/current/IDTCRE01,,
ARMS_Getxo_G1_20200624_20201103_MF100_s1_r1:Otu43,submergedTime,day,132,http://vocab.nerc.ac.uk/collection/P01/current/AZDRZZ01/,https://vocab.nerc.ac.uk/collection/P06/current/UTAA/,
ARMS_Getxo_G1_20200624_20201103_MF100_s1_r1:Otu43,preservativeUsed,,DMSO,http://vocab.nerc.ac.uk/collection/Q01/current/Q0100004/,,https://pubchem.ncbi.nlm.nih.gov/compound/679
ARMS_Getxo_G1_20200624_20201103_MF100_s1_r1:Otu43,lowerLimitFilterSize,micrometer,100,http://vocab.nerc.ac.uk/collection/Q01/current/Q0100011/,https://vocab.nerc.ac.uk/collection/P06/current/UMIC/,
ARMS_Getxo_G1_20200624_20201103_MF100_s1_r1:Otu43,sampleAccessionNumber,,SAMEA10021238,,,
ARMS_Getxo_G1_20200624_20201103_MF100_s1_r1:Otu43,NCBIID,,146780,,,
ARMS_Getxo_G1_20200624_20201103_MF100_s1_r1:Otu43,NCBIScientificName,,Phallus,,,
ARMS_Getxo_G1_20200624_20201103_MF100_s1_r1:Otu43,NCBITaxonRank,,genus,,,
ARMS_Getxo_G1_20200624_20201103_MF100_s1_r1:Otu43,fieldReplicateID,,ARMS_Getxo_G_20200624_20201103,http://vocab.nerc.ac.uk/collection/P01/current/IDSPRE01,,
ARMS_Getxo_G1_20200624_20201103_MF100_s1_r1:Otu43,technicalReplicateID,,,http://vocab.nerc.ac.uk/collection/P01/current/IDTCRE01,,
ARMS_Getxo_G1_20200624_20201103_MF100_s1_r1:Otu560,submergedTime,day,132,http://vocab.nerc.ac.uk/collection/P01/current/AZDRZZ01/,https://vocab.nerc.ac.uk/collection/P06/current/UTAA/,
ARMS_Getxo_G1_20200624_20201103_MF100_s1_r1:Otu560,preservativeUsed,,DMSO,http://vocab.nerc.ac.uk/collection/Q01/current/Q0100004/,,https://pubchem.ncbi.nlm.nih.gov/compound/679
ARMS_Getxo_G1_20200624_20201103_MF100_s1_r1:Otu560,lowerLimitFilterSize,micrometer,100,http://vocab.nerc.ac.uk/collection/Q01/current/Q0100011/,https://vocab.nerc.ac.uk/collection/P06/current/UMIC/,
ARMS_Getxo_G1_20200624_20201103_MF100_s1_r1:Otu560,sampleAccessionNumber,,SAMEA10021238,,,
ARMS_Getxo_G1_20200624_20201103_MF100_s1_r1:Otu560,NCBIID,,5042,,,
ARMS_Getxo_G1_20200624_20201103_MF100_s1_r1:Otu560,NCBIScientificName,,Eurotiales,,,
ARMS_Getxo_G1_20200624_20201103_MF100_s1_r1:Otu560,NCBITaxonRank,,order,,,
ARMS_Getxo_G1_20200624_20201103_MF100_s1_r1:Otu560,fieldReplicateID,,ARMS_Getxo_G_20200624_20201103,http://vocab.nerc.ac.uk/collection/P01/current/IDSPRE01,,
ARMS_Getxo_G1_20200624_20201103_MF100_s1_r1:Otu560,technicalReplicateID,,,http://vocab.nerc.ac.uk/collection/P01/current/IDTCRE01,,
ARMS_Getxo_G1_20200624_20201103_MF100_s1_r1:Otu362,submergedTime,day,132,http://vocab.nerc.ac.uk/collection/P01/current/AZDRZZ01/,https://vocab.nerc.ac.uk/collection/P06/current/UTAA/,
ARMS_Getxo_G1_20200624_20201103_MF100_s1_r1:Otu362,preservativeUsed,,DMSO,http://vocab.nerc.ac.uk/collection/Q01/current/Q0100004/,,https://pubchem.ncbi.nlm.nih.gov/compound/679
ARMS_Getxo_G1_20200624_20201103_MF100_s1_r1:Otu362,lowerLimitFilterSize,micrometer,100,http://vocab.nerc.ac.uk/collection/Q01/current/Q0100011/,https://vocab.nerc.ac.uk/collection/P06/current/UMIC/,
ARMS_Getxo_G1_20200624_20201103_MF100_s1_r1:Otu362,sampleAccessionNumber,,SAMEA10021238,,,
ARMS_Getxo_G1_20200624_20201103_MF100_s1_r1:Otu362,NCBIID,,4751,,,
ARMS_Getxo_G1_20200624_20201103_MF100_s1_r1:Otu362,NCBIScientificName,,Fungi,,,
ARMS_Getxo_G1_20200624_20201103_MF100_s1_r1:Otu362,NCBITaxonRank,,kingdom,,,
ARMS_Getxo_G1_20200624_20201103_MF100_s1_r1:Otu362,fieldReplicateID,,ARMS_Getxo_G_20200624_20201103,http://vocab.nerc.ac.uk/collection/P01/current/IDSPRE01,,
ARMS_Getxo_G1_20200624_20201103_MF100_s1_r1:Otu362,technicalReplicateID,,,http://vocab.nerc.ac.uk/collection/P01/current/IDTCRE01,,
ARMS_Getxo_G1_20200624_20201103_MF100_s1_r1:Otu184,submergedTime,day,132,http://vocab.nerc.ac.uk/collection/P01/current/AZDRZZ01/,https://vocab.nerc.ac.uk/collection/P06/current/UTAA/,
ARMS_Getxo_G1_20200624_20201103_MF100_s1_r1:Otu184,preservativeUsed,,DMSO,http://vocab.nerc.ac.uk/collection/Q01/current/Q0100004/,,https://pubchem.ncbi.nlm.nih.gov/compound/679
ARMS_Getxo_G1_20200624_20201103_MF100_s1_r1:Otu184,lowerLimitFilterSize,micrometer,100,http://vocab.nerc.ac.uk/collection/Q01/current/Q0100011/,https://vocab.nerc.ac.uk/collection/P06/current/UMIC/,
ARMS_Getxo_G1_20200624_20201103_MF100_s1_r1:Otu184,sampleAccessionNumber,,SAMEA10021238,,,
ARMS_Getxo_G1_20200624_20201103_MF100_s1_r1:Otu184,NCBIID,,1871389,,,
ARMS_Getxo_G1_20200624_20201103_MF100_s1_r1:Otu184,NCBIScientificName,,Roussoella solani,,,
ARMS_Getxo_G1_20200624_20201103_MF100_s1_r1:Otu184,NCBITaxonRank,,species,,,
ARMS_Getxo_G1_20200624_20201103_MF100_s1_r1:Otu184,fieldReplicateID,,ARMS_Getxo_G_20200624_20201103,http://vocab.nerc.ac.uk/collection/P01/current/IDSPRE01,,
ARMS_Getxo_G1_20200624_20201103_MF100_s1_r1:Otu184,technicalReplicateID,,,http://vocab.nerc.ac.uk/collection/P01/current/IDTCRE01,,
ARMS_Getxo_G1_20200624_20201103_MF100_s1_r1:Otu180,submergedTime,day,132,http://vocab.nerc.ac.uk/collection/P01/current/AZDRZZ01/,https://vocab.nerc.ac.uk/collection/P06/current/UTAA/,
ARMS_Getxo_G1_20200624_20201103_MF100_s1_r1:Otu180,preservativeUsed,,DMSO,http://vocab.nerc.ac.uk/collection/Q01/current/Q0100004/,,https://pubchem.ncbi.nlm.nih.gov/compound/679
ARMS_Getxo_G1_20200624_20201103_MF100_s1_r1:Otu180,lowerLimitFilterSize,micrometer,100,http://vocab.nerc.ac.uk/collection/Q01/current/Q0100011/,https://vocab.nerc.ac.uk/collection/P06/current/UMIC/,
ARMS_Getxo_G1_20200624_20201103_MF100_s1_r1:Otu180,sampleAccessionNumber,,SAMEA10021238,,,
ARMS_Getxo_G1_20200624_20201103_MF100_s1_r1:Otu180,NCBIID,,110564,,,
ARMS_Getxo_G1_20200624_20201103_MF100_s1_r1:Otu180,NCBIScientificName,,Clonostachys,,,
ARMS_Getxo_G1_20200624_20201103_MF100_s1_r1:Otu180,NCBITaxonRank,,genus,,,
ARMS_Getxo_G1_20200624_20201103_MF100_s1_r1:Otu180,fieldReplicateID,,ARMS_Getxo_G_20200624_20201103,http://vocab.nerc.ac.uk/collection/P01/current/IDSPRE01,,
ARMS_Getxo_G1_20200624_20201103_MF100_s1_r1:Otu180,technicalReplicateID,,,http://vocab.nerc.ac.uk/collection/P01/current/IDTCRE01,,
ARMS_Getxo_G1_20200624_20201103_MF100_s1_r1:Otu337,submergedTime,day,132,http://vocab.nerc.ac.uk/collection/P01/current/AZDRZZ01/,https://vocab.nerc.ac.uk/collection/P06/current/UTAA/,
ARMS_Getxo_G1_20200624_20201103_MF100_s1_r1:Otu337,preservativeUsed,,DMSO,http://vocab.nerc.ac.uk/collection/Q01/current/Q0100004/,,https://pubchem.ncbi.nlm.nih.gov/compound/679
ARMS_Getxo_G1_20200624_20201103_MF100_s1_r1:Otu337,lowerLimitFilterSize,micrometer,100,http://vocab.nerc.ac.uk/collection/Q01/current/Q0100011/,https://vocab.nerc.ac.uk/collection/P06/current/UMIC/,
ARMS_Getxo_G1_20200624_20201103_MF100_s1_r1:Otu337,sampleAccessionNumber,,SAMEA10021238,,,
ARMS_Getxo_G1_20200624_20201103_MF100_s1_r1:Otu337,NCBIID,,29909,,,
ARMS_Getxo_G1_20200624_20201103_MF100_s1_r1:Otu337,NCBIScientificName,,Tolypocladium,,,
ARMS_Getxo_G1_20200624_20201103_MF100_s1_r1:Otu337,NCBITaxonRank,,genus,,,
ARMS_Getxo_G1_20200624_20201103_MF100_s1_r1:Otu337,fieldReplicateID,,ARMS_Getxo_G_20200624_20201103,http://vocab.nerc.ac.uk/collection/P01/current/IDSPRE01,,
ARMS_Getxo_G1_20200624_20201103_MF100_s1_r1:Otu337,technicalReplicateID,,,http://vocab.nerc.ac.uk/collection/P01/current/IDTCRE01,,
ARMS_Getxo_G1_20200624_20201103_MF100_s1_r1:Otu50,submergedTime,day,132,http://vocab.nerc.ac.uk/collection/P01/current/AZDRZZ01/,https://vocab.nerc.ac.uk/collection/P06/current/UTAA/,
ARMS_Getxo_G1_20200624_20201103_MF100_s1_r1:Otu50,preservativeUsed,,DMSO,http://vocab.nerc.ac.uk/collection/Q01/current/Q0100004/,,https://pubchem.ncbi.nlm.nih.gov/compound/679
ARMS_Getxo_G1_20200624_20201103_MF100_s1_r1:Otu50,lowerLimitFilterSize,micrometer,100,http://vocab.nerc.ac.uk/collection/Q01/current/Q0100011/,https://vocab.nerc.ac.uk/collection/P06/current/UMIC/,
ARMS_Getxo_G1_20200624_20201103_MF100_s1_r1:Otu50,sampleAccessionNumber,,SAMEA10021238,,,
ARMS_Getxo_G1_20200624_20201103_MF100_s1_r1:Otu50,NCBIID,,29918,,,
ARMS_Getxo_G1_20200624_20201103_MF100_s1_r1:Otu50,NCBIScientificName,,Mycosphaerella tassiana,,,
ARMS_Getxo_G1_20200624_20201103_MF100_s1_r1:Otu50,NCBITaxonRank,,species,,,
ARMS_Getxo_G1_20200624_20201103_MF100_s1_r1:Otu50,fieldReplicateID,,ARMS_Getxo_G_20200624_20201103,http://vocab.nerc.ac.uk/collection/P01/current/IDSPRE01,,
ARMS_Getxo_G1_20200624_20201103_MF100_s1_r1:Otu50,technicalReplicateID,,,http://vocab.nerc.ac.uk/collection/P01/current/IDTCRE01,,
ARMS_Getxo_G1_20200624_20201103_MF100_s1_r1:Otu349,submergedTime,day,132,http://vocab.nerc.ac.uk/collection/P01/current/AZDRZZ01/,https://vocab.nerc.ac.uk/collection/P06/current/UTAA/,
ARMS_Getxo_G1_20200624_20201103_MF100_s1_r1:Otu349,preservativeUsed,,DMSO,http://vocab.nerc.ac.uk/collection/Q01/current/Q0100004/,,https://pubchem.ncbi.nlm.nih.gov/compound/679
ARMS_Getxo_G1_20200624_20201103_MF100_s1_r1:Otu349,lowerLimitFilterSize,micrometer,100,http://vocab.nerc.ac.uk/collection/Q01/current/Q0100011/,https://vocab.nerc.ac.uk/collection/P06/current/UMIC/,
ARMS_Getxo_G1_20200624_20201103_MF100_s1_r1:Otu349,sampleAccessionNumber,,SAMEA10021238,,,
ARMS_Getxo_G1_20200624_20201103_MF100_s1_r1:Otu349,NCBIID,,767359,,,
ARMS_Getxo_G1_20200624_20201103_MF100_s1_r1:Otu349,NCBIScientificName,,Hansfordia pulvinata,,,
ARMS_Getxo_G1_20200624_20201103_MF100_s1_r1:Otu349,NCBITaxonRank,,species,,,
ARMS_Getxo_G1_20200624_20201103_MF100_s1_r1:Otu349,fieldReplicateID,,ARMS_Getxo_G_20200624_20201103,http://vocab.nerc.ac.uk/collection/P01/current/IDSPRE01,,
ARMS_Getxo_G1_20200624_20201103_MF100_s1_r1:Otu349,technicalReplicateID,,,http://vocab.nerc.ac.uk/collection/P01/current/IDTCRE01,,
ARMS_Getxo_G1_20200624_20201103_MF100_s1_r1:Otu347,submergedTime,day,132,http://vocab.nerc.ac.uk/collection/P01/current/AZDRZZ01/,https://vocab.nerc.ac.uk/collection/P06/current/UTAA/,
ARMS_Getxo_G1_20200624_20201103_MF100_s1_r1:Otu347,preservativeUsed,,DMSO,http://vocab.nerc.ac.uk/collection/Q01/current/Q0100004/,,https://pubchem.ncbi.nlm.nih.gov/compound/679
ARMS_Getxo_G1_20200624_20201103_MF100_s1_r1:Otu347,lowerLimitFilterSize,micrometer,100,http://vocab.nerc.ac.uk/collection/Q01/current/Q0100011/,https://vocab.nerc.ac.uk/collection/P06/current/UMIC/,
ARMS_Getxo_G1_20200624_20201103_MF100_s1_r1:Otu347,sampleAccessionNumber,,SAMEA10021238,,,
ARMS_Getxo_G1_20200624_20201103_MF100_s1_r1:Otu347,NCBIID,,5434,,,
ARMS_Getxo_G1_20200624_20201103_MF100_s1_r1:Otu347,NCBIScientificName,,Symmetrospora foliicola,,,
ARMS_Getxo_G1_20200624_20201103_MF100_s1_r1:Otu347,NCBITaxonRank,,species,,,
ARMS_Getxo_G1_20200624_20201103_MF100_s1_r1:Otu347,fieldReplicateID,,ARMS_Getxo_G_20200624_20201103,http://vocab.nerc.ac.uk/collection/P01/current/IDSPRE01,,
ARMS_Getxo_G1_20200624_20201103_MF100_s1_r1:Otu347,technicalReplicateID,,,http://vocab.nerc.ac.uk/collection/P01/current/IDTCRE01,,
ARMS_Getxo_G1_20200624_20201103_MF100_s1_r1:Otu513,submergedTime,day,132,http://vocab.nerc.ac.uk/collection/P01/current/AZDRZZ01/,https://vocab.nerc.ac.uk/collection/P06/current/UTAA/,
ARMS_Getxo_G1_20200624_20201103_MF100_s1_r1:Otu513,preservativeUsed,,DMSO,http://vocab.nerc.ac.uk/collection/Q01/current/Q0100004/,,https://pubchem.ncbi.nlm.nih.gov/compound/679
ARMS_Getxo_G1_20200624_20201103_MF100_s1_r1:Otu513,lowerLimitFilterSize,micrometer,100,http://vocab.nerc.ac.uk/collection/Q01/current/Q0100011/,https://vocab.nerc.ac.uk/collection/P06/current/UMIC/,
ARMS_Getxo_G1_20200624_20201103_MF100_s1_r1:Otu513,sampleAccessionNumber,,SAMEA10021238,,,
ARMS_Getxo_G1_20200624_20201103_MF100_s1_r1:Otu513,NCBIID,,1798813,,,
ARMS_Getxo_G1_20200624_20201103_MF100_s1_r1:Otu513,NCBIScientificName,,Buckleyzyma,,,
ARMS_Getxo_G1_20200624_20201103_MF100_s1_r1:Otu513,NCBITaxonRank,,genus,,,
ARMS_Getxo_G1_20200624_20201103_MF100_s1_r1:Otu513,fieldReplicateID,,ARMS_Getxo_G_20200624_20201103,http://vocab.nerc.ac.uk/collection/P01/current/IDSPRE01,,
ARMS_Getxo_G1_20200624_20201103_MF100_s1_r1:Otu513,technicalReplicateID,,,http://vocab.nerc.ac.uk/collection/P01/current/IDTCRE01,,
ARMS_Getxo_G1_20200624_20201103_MF100_s1_r1:Otu738,submergedTime,day,132,http://vocab.nerc.ac.uk/collection/P01/current/AZDRZZ01/,https://vocab.nerc.ac.uk/collection/P06/current/UTAA/,
ARMS_Getxo_G1_20200624_20201103_MF100_s1_r1:Otu738,preservativeUsed,,DMSO,http://vocab.nerc.ac.uk/collection/Q01/current/Q0100004/,,https://pubchem.ncbi.nlm.nih.gov/compound/679
ARMS_Getxo_G1_20200624_20201103_MF100_s1_r1:Otu738,lowerLimitFilterSize,micrometer,100,http://vocab.nerc.ac.uk/collection/Q01/current/Q0100011/,https://vocab.nerc.ac.uk/collection/P06/current/UMIC/,
ARMS_Getxo_G1_20200624_20201103_MF100_s1_r1:Otu738,sampleAccessionNumber,,SAMEA10021238,,,
ARMS_Getxo_G1_20200624_20201103_MF100_s1_r1:Otu738,NCBIID,,300251,,,
ARMS_Getxo_G1_20200624_20201103_MF100_s1_r1:Otu738,NCBIScientificName,,Paraconiothyrium,,,
ARMS_Getxo_G1_20200624_20201103_MF100_s1_r1:Otu738,NCBITaxonRank,,genus,,,
ARMS_Getxo_G1_20200624_20201103_MF100_s1_r1:Otu738,fieldReplicateID,,ARMS_Getxo_G_20200624_20201103,http://vocab.nerc.ac.uk/collection/P01/current/IDSPRE01,,
ARMS_Getxo_G1_20200624_20201103_MF100_s1_r1:Otu738,technicalReplicateID,,,http://vocab.nerc.ac.uk/collection/P01/current/IDTCRE01,,
ARMS_Getxo_G1_20200624_20201103_MF100_s1_r1:Otu226,submergedTime,day,132,http://vocab.nerc.ac.uk/collection/P01/current/AZDRZZ01/,https://vocab.nerc.ac.uk/collection/P06/current/UTAA/,
ARMS_Getxo_G1_20200624_20201103_MF100_s1_r1:Otu226,preservativeUsed,,DMSO,http://vocab.nerc.ac.uk/collection/Q01/current/Q0100004/,,https://pubchem.ncbi.nlm.nih.gov/compound/679
ARMS_Getxo_G1_20200624_20201103_MF100_s1_r1:Otu226,lowerLimitFilterSize,micrometer,100,http://vocab.nerc.ac.uk/collection/Q01/current/Q0100011/,https://vocab.nerc.ac.uk/collection/P06/current/UMIC/,
ARMS_Getxo_G1_20200624_20201103_MF100_s1_r1:Otu226,sampleAccessionNumber,,SAMEA10021238,,,
ARMS_Getxo_G1_20200624_20201103_MF100_s1_r1:Otu226,NCBIID,,5338,,,
ARMS_Getxo_G1_20200624_20201103_MF100_s1_r1:Otu226,NCBIScientificName,,Agaricales,,,
ARMS_Getxo_G1_20200624_20201103_MF100_s1_r1:Otu226,NCBITaxonRank,,order,,,
ARMS_Getxo_G1_20200624_20201103_MF100_s1_r1:Otu226,fieldReplicateID,,ARMS_Getxo_G_20200624_20201103,http://vocab.nerc.ac.uk/collection/P01/current/IDSPRE01,,
ARMS_Getxo_G1_20200624_20201103_MF100_s1_r1:Otu226,technicalReplicateID,,,http://vocab.nerc.ac.uk/collection/P01/current/IDTCRE01,,
ARMS_Getxo_G1_20200624_20201103_MF100_s1_r1:Otu431,submergedTime,day,132,http://vocab.nerc.ac.uk/collection/P01/current/AZDRZZ01/,https://vocab.nerc.ac.uk/collection/P06/current/UTAA/,
ARMS_Getxo_G1_20200624_20201103_MF100_s1_r1:Otu431,preservativeUsed,,DMSO,http://vocab.nerc.ac.uk/collection/Q01/current/Q0100004/,,https://pubchem.ncbi.nlm.nih.gov/compound/679
ARMS_Getxo_G1_20200624_20201103_MF100_s1_r1:Otu431,lowerLimitFilterSize,micrometer,100,http://vocab.nerc.ac.uk/collection/Q01/current/Q0100011/,https://vocab.nerc.ac.uk/collection/P06/current/UMIC/,
ARMS_Getxo_G1_20200624_20201103_MF100_s1_r1:Otu431,sampleAccessionNumber,,SAMEA10021238,,,
ARMS_Getxo_G1_20200624_20201103_MF100_s1_r1:Otu431,NCBIID,,125369,,,
ARMS_Getxo_G1_20200624_20201103_MF100_s1_r1:Otu431,NCBIScientificName,,Paraphaeosphaeria,,,
ARMS_Getxo_G1_20200624_20201103_MF100_s1_r1:Otu431,NCBITaxonRank,,genus,,,
ARMS_Getxo_G1_20200624_20201103_MF100_s1_r1:Otu431,fieldReplicateID,,ARMS_Getxo_G_20200624_20201103,http://vocab.nerc.ac.uk/collection/P01/current/IDSPRE01,,
ARMS_Getxo_G1_20200624_20201103_MF100_s1_r1:Otu431,technicalReplicateID,,,http://vocab.nerc.ac.uk/collection/P01/current/IDTCRE01,,
ARMS_Getxo_G1_20200624_20201103_MF100_s1_r1:Otu448,submergedTime,day,132,http://vocab.nerc.ac.uk/collection/P01/current/AZDRZZ01/,https://vocab.nerc.ac.uk/collection/P06/current/UTAA/,
ARMS_Getxo_G1_20200624_20201103_MF100_s1_r1:Otu448,preservativeUsed,,DMSO,http://vocab.nerc.ac.uk/collection/Q01/current/Q0100004/,,https://pubchem.ncbi.nlm.nih.gov/compound/679
ARMS_Getxo_G1_20200624_20201103_MF100_s1_r1:Otu448,lowerLimitFilterSize,micrometer,100,http://vocab.nerc.ac.uk/collection/Q01/current/Q0100011/,https://vocab.nerc.ac.uk/collection/P06/current/UMIC/,
ARMS_Getxo_G1_20200624_20201103_MF100_s1_r1:Otu448,sampleAccessionNumber,,SAMEA10021238,,,
ARMS_Getxo_G1_20200624_20201103_MF100_s1_r1:Otu448,NCBIID,,82108,,,
ARMS_Getxo_G1_20200624_20201103_MF100_s1_r1:Otu448,NCBIScientificName,,Cladophialophora arxii,,,
ARMS_Getxo_G1_20200624_20201103_MF100_s1_r1:Otu448,NCBITaxonRank,,species,,,
ARMS_Getxo_G1_20200624_20201103_MF100_s1_r1:Otu448,fieldReplicateID,,ARMS_Getxo_G_20200624_20201103,http://vocab.nerc.ac.uk/collection/P01/current/IDSPRE01,,
ARMS_Getxo_G1_20200624_20201103_MF100_s1_r1:Otu448,technicalReplicateID,,,http://vocab.nerc.ac.uk/collection/P01/current/IDTCRE01,,
ARMS_Getxo_G1_20200624_20201103_MF100_s1_r1:Otu99,submergedTime,day,132,http://vocab.nerc.ac.uk/collection/P01/current/AZDRZZ01/,https://vocab.nerc.ac.uk/collection/P06/current/UTAA/,
ARMS_Getxo_G1_20200624_20201103_MF100_s1_r1:Otu99,preservativeUsed,,DMSO,http://vocab.nerc.ac.uk/collection/Q01/current/Q0100004/,,https://pubchem.ncbi.nlm.nih.gov/compound/679
ARMS_Getxo_G1_20200624_20201103_MF100_s1_r1:Otu99,lowerLimitFilterSize,micrometer,100,http://vocab.nerc.ac.uk/collection/Q01/current/Q0100011/,https://vocab.nerc.ac.uk/collection/P06/current/UMIC/,
ARMS_Getxo_G1_20200624_20201103_MF100_s1_r1:Otu99,sampleAccessionNumber,,SAMEA10021238,,,
ARMS_Getxo_G1_20200624_20201103_MF100_s1_r1:Otu99,NCBIID,,147548,,,
ARMS_Getxo_G1_20200624_20201103_MF100_s1_r1:Otu99,NCBIScientificName,,Leotiomycetes,,,
ARMS_Getxo_G1_20200624_20201103_MF100_s1_r1:Otu99,NCBITaxonRank,,class,,,
ARMS_Getxo_G1_20200624_20201103_MF100_s1_r1:Otu99,fieldReplicateID,,ARMS_Getxo_G_20200624_20201103,http://vocab.nerc.ac.uk/collection/P01/current/IDSPRE01,,
ARMS_Getxo_G1_20200624_20201103_MF100_s1_r1:Otu99,technicalReplicateID,,,http://vocab.nerc.ac.uk/collection/P01/current/IDTCRE01,,
ARMS_Getxo_G1_20200624_20201103_MF100_s1_r1:Otu95,submergedTime,day,132,http://vocab.nerc.ac.uk/collection/P01/current/AZDRZZ01/,https://vocab.nerc.ac.uk/collection/P06/current/UTAA/,
ARMS_Getxo_G1_20200624_20201103_MF100_s1_r1:Otu95,preservativeUsed,,DMSO,http://vocab.nerc.ac.uk/collection/Q01/current/Q0100004/,,https://pubchem.ncbi.nlm.nih.gov/compound/679
ARMS_Getxo_G1_20200624_20201103_MF100_s1_r1:Otu95,lowerLimitFilterSize,micrometer,100,http://vocab.nerc.ac.uk/collection/Q01/current/Q0100011/,https://vocab.nerc.ac.uk/collection/P06/current/UMIC/,
ARMS_Getxo_G1_20200624_20201103_MF100_s1_r1:Otu95,sampleAccessionNumber,,SAMEA10021238,,,
ARMS_Getxo_G1_20200624_20201103_MF100_s1_r1:Otu95,NCBIID,,293381,,,
ARMS_Getxo_G1_20200624_20201103_MF100_s1_r1:Otu95,NCBIScientificName,,Penicillium bialowiezense,,,
ARMS_Getxo_G1_20200624_20201103_MF100_s1_r1:Otu95,NCBITaxonRank,,species,,,
ARMS_Getxo_G1_20200624_20201103_MF100_s1_r1:Otu95,fieldReplicateID,,ARMS_Getxo_G_20200624_20201103,http://vocab.nerc.ac.uk/collection/P01/current/IDSPRE01,,
ARMS_Getxo_G1_20200624_20201103_MF100_s1_r1:Otu95,technicalReplicateID,,,http://vocab.nerc.ac.uk/collection/P01/current/IDTCRE01,,
ARMS_Getxo_G1_20200624_20201103_MF100_s1_r1:Otu409,submergedTime,day,132,http://vocab.nerc.ac.uk/collection/P01/current/AZDRZZ01/,https://vocab.nerc.ac.uk/collection/P06/current/UTAA/,
ARMS_Getxo_G1_20200624_20201103_MF100_s1_r1:Otu409,preservativeUsed,,DMSO,http://vocab.nerc.ac.uk/collection/Q01/current/Q0100004/,,https://pubchem.ncbi.nlm.nih.gov/compound/679
ARMS_Getxo_G1_20200624_20201103_MF100_s1_r1:Otu409,lowerLimitFilterSize,micrometer,100,http://vocab.nerc.ac.uk/collection/Q01/current/Q0100011/,https://vocab.nerc.ac.uk/collection/P06/current/UMIC/,
ARMS_Getxo_G1_20200624_20201103_MF100_s1_r1:Otu409,sampleAccessionNumber,,SAMEA10021238,,,
ARMS_Getxo_G1_20200624_20201103_MF100_s1_r1:Otu409,NCBIID,,147550,,,
ARMS_Getxo_G1_20200624_20201103_MF100_s1_r1:Otu409,NCBIScientificName,,Sordariomycetes,,,
ARMS_Getxo_G1_20200624_20201103_MF100_s1_r1:Otu409,NCBITaxonRank,,class,,,
ARMS_Getxo_G1_20200624_20201103_MF100_s1_r1:Otu409,fieldReplicateID,,ARMS_Getxo_G_20200624_20201103,http://vocab.nerc.ac.uk/collection/P01/current/IDSPRE01,,
ARMS_Getxo_G1_20200624_20201103_MF100_s1_r1:Otu409,technicalReplicateID,,,http://vocab.nerc.ac.uk/collection/P01/current/IDTCRE01,,
ARMS_Getxo_G1_20200624_20201103_MF100_s1_r1:Otu405,submergedTime,day,132,http://vocab.nerc.ac.uk/collection/P01/current/AZDRZZ01/,https://vocab.nerc.ac.uk/collection/P06/current/UTAA/,
ARMS_Getxo_G1_20200624_20201103_MF100_s1_r1:Otu405,preservativeUsed,,DMSO,http://vocab.nerc.ac.uk/collection/Q01/current/Q0100004/,,https://pubchem.ncbi.nlm.nih.gov/compound/679
ARMS_Getxo_G1_20200624_20201103_MF100_s1_r1:Otu405,lowerLimitFilterSize,micrometer,100,http://vocab.nerc.ac.uk/collection/Q01/current/Q0100011/,https://vocab.nerc.ac.uk/collection/P06/current/UMIC/,
ARMS_Getxo_G1_20200624_20201103_MF100_s1_r1:Otu405,sampleAccessionNumber,,SAMEA10021238,,,
ARMS_Getxo_G1_20200624_20201103_MF100_s1_r1:Otu405,NCBIID,,55170,,,
ARMS_Getxo_G1_20200624_20201103_MF100_s1_r1:Otu405,NCBIScientificName,,Didymella,,,
ARMS_Getxo_G1_20200624_20201103_MF100_s1_r1:Otu405,NCBITaxonRank,,genus,,,
ARMS_Getxo_G1_20200624_20201103_MF100_s1_r1:Otu405,fieldReplicateID,,ARMS_Getxo_G_20200624_20201103,http://vocab.nerc.ac.uk/collection/P01/current/IDSPRE01,,
ARMS_Getxo_G1_20200624_20201103_MF100_s1_r1:Otu405,technicalReplicateID,,,http://vocab.nerc.ac.uk/collection/P01/current/IDTCRE01,,
ARMS_Getxo_G1_20200624_20201103_MF100_s1_r1:Otu865,submergedTime,day,132,http://vocab.nerc.ac.uk/collection/P01/current/AZDRZZ01/,https://vocab.nerc.ac.uk/collection/P06/current/UTAA/,
ARMS_Getxo_G1_20200624_20201103_MF100_s1_r1:Otu865,preservativeUsed,,DMSO,http://vocab.nerc.ac.uk/collection/Q01/current/Q0100004/,,https://pubchem.ncbi.nlm.nih.gov/compound/679
ARMS_Getxo_G1_20200624_20201103_MF100_s1_r1:Otu865,lowerLimitFilterSize,micrometer,100,http://vocab.nerc.ac.uk/collection/Q01/current/Q0100011/,https://vocab.nerc.ac.uk/collection/P06/current/UMIC/,
ARMS_Getxo_G1_20200624_20201103_MF100_s1_r1:Otu865,sampleAccessionNumber,,SAMEA10021238,,,
ARMS_Getxo_G1_20200624_20201103_MF100_s1_r1:Otu865,NCBIID,,155619,,,
ARMS_Getxo_G1_20200624_20201103_MF100_s1_r1:Otu865,NCBIScientificName,,Agaricomycetes,,,
ARMS_Getxo_G1_20200624_20201103_MF100_s1_r1:Otu865,NCBITaxonRank,,class,,,
ARMS_Getxo_G1_20200624_20201103_MF100_s1_r1:Otu865,fieldReplicateID,,ARMS_Getxo_G_20200624_20201103,http://vocab.nerc.ac.uk/collection/P01/current/IDSPRE01,,
ARMS_Getxo_G1_20200624_20201103_MF100_s1_r1:Otu865,technicalReplicateID,,,http://vocab.nerc.ac.uk/collection/P01/current/IDTCRE01,,
ARMS_Getxo_G1_20200624_20201103_MF100_s1_r1:Otu418,submergedTime,day,132,http://vocab.nerc.ac.uk/collection/P01/current/AZDRZZ01/,https://vocab.nerc.ac.uk/collection/P06/current/UTAA/,
ARMS_Getxo_G1_20200624_20201103_MF100_s1_r1:Otu418,preservativeUsed,,DMSO,http://vocab.nerc.ac.uk/collection/Q01/current/Q0100004/,,https://pubchem.ncbi.nlm.nih.gov/compound/679
ARMS_Getxo_G1_20200624_20201103_MF100_s1_r1:Otu418,lowerLimitFilterSize,micrometer,100,http://vocab.nerc.ac.uk/collection/Q01/current/Q0100011/,https://vocab.nerc.ac.uk/collection/P06/current/UMIC/,
ARMS_Getxo_G1_20200624_20201103_MF100_s1_r1:Otu418,sampleAccessionNumber,,SAMEA10021238,,,
ARMS_Getxo_G1_20200624_20201103_MF100_s1_r1:Otu418,NCBIID,,47424,,,
ARMS_Getxo_G1_20200624_20201103_MF100_s1_r1:Otu418,NCBIScientificName,,Armillaria,,,
ARMS_Getxo_G1_20200624_20201103_MF100_s1_r1:Otu418,NCBITaxonRank,,genus,,,
ARMS_Getxo_G1_20200624_20201103_MF100_s1_r1:Otu418,fieldReplicateID,,ARMS_Getxo_G_20200624_20201103,http://vocab.nerc.ac.uk/collection/P01/current/IDSPRE01,,
ARMS_Getxo_G1_20200624_20201103_MF100_s1_r1:Otu418,technicalReplicateID,,,http://vocab.nerc.ac.uk/collection/P01/current/IDTCRE01,,
ARMS_Getxo_G1_20200624_20201103_MF100_s1_r1:Otu384,submergedTime,day,132,http://vocab.nerc.ac.uk/collection/P01/current/AZDRZZ01/,https://vocab.nerc.ac.uk/collection/P06/current/UTAA/,
ARMS_Getxo_G1_20200624_20201103_MF100_s1_r1:Otu384,preservativeUsed,,DMSO,http://vocab.nerc.ac.uk/collection/Q01/current/Q0100004/,,https://pubchem.ncbi.nlm.nih.gov/compound/679
ARMS_Getxo_G1_20200624_20201103_MF100_s1_r1:Otu384,lowerLimitFilterSize,micrometer,100,http://vocab.nerc.ac.uk/collection/Q01/current/Q0100011/,https://vocab.nerc.ac.uk/collection/P06/current/UMIC/,
ARMS_Getxo_G1_20200624_20201103_MF100_s1_r1:Otu384,sampleAccessionNumber,,SAMEA10021238,,,
ARMS_Getxo_G1_20200624_20201103_MF100_s1_r1:Otu384,NCBIID,,4855,,,
ARMS_Getxo_G1_20200624_20201103_MF100_s1_r1:Otu384,NCBIScientificName,,Mortierella,,,
ARMS_Getxo_G1_20200624_20201103_MF100_s1_r1:Otu384,NCBITaxonRank,,genus,,,
ARMS_Getxo_G1_20200624_20201103_MF100_s1_r1:Otu384,fieldReplicateID,,ARMS_Getxo_G_20200624_20201103,http://vocab.nerc.ac.uk/collection/P01/current/IDSPRE01,,
ARMS_Getxo_G1_20200624_20201103_MF100_s1_r1:Otu384,technicalReplicateID,,,http://vocab.nerc.ac.uk/collection/P01/current/IDTCRE01,,
ARMS_Getxo_G1_20200624_20201103_MF100_s1_r1:Otu258,submergedTime,day,132,http://vocab.nerc.ac.uk/collection/P01/current/AZDRZZ01/,https://vocab.nerc.ac.uk/collection/P06/current/UTAA/,
ARMS_Getxo_G1_20200624_20201103_MF100_s1_r1:Otu258,preservativeUsed,,DMSO,http://vocab.nerc.ac.uk/collection/Q01/current/Q0100004/,,https://pubchem.ncbi.nlm.nih.gov/compound/679
ARMS_Getxo_G1_20200624_20201103_MF100_s1_r1:Otu258,lowerLimitFilterSize,micrometer,100,http://vocab.nerc.ac.uk/collection/Q01/current/Q0100011/,https://vocab.nerc.ac.uk/collection/P06/current/UMIC/,
ARMS_Getxo_G1_20200624_20201103_MF100_s1_r1:Otu258,sampleAccessionNumber,,SAMEA10021238,,,
ARMS_Getxo_G1_20200624_20201103_MF100_s1_r1:Otu258,NCBIID,,134362,,,
ARMS_Getxo_G1_20200624_20201103_MF100_s1_r1:Otu258,NCBIScientificName,,Capnodiales,,,
ARMS_Getxo_G1_20200624_20201103_MF100_s1_r1:Otu258,NCBITaxonRank,,order,,,
ARMS_Getxo_G1_20200624_20201103_MF100_s1_r1:Otu258,fieldReplicateID,,ARMS_Getxo_G_20200624_20201103,http://vocab.nerc.ac.uk/collection/P01/current/IDSPRE01,,
ARMS_Getxo_G1_20200624_20201103_MF100_s1_r1:Otu258,technicalReplicateID,,,http://vocab.nerc.ac.uk/collection/P01/current/IDTCRE01,,
ARMS_Getxo_G1_20200624_20201103_MF100_s1_r1:Otu116,submergedTime,day,132,http://vocab.nerc.ac.uk/collection/P01/current/AZDRZZ01/,https://vocab.nerc.ac.uk/collection/P06/current/UTAA/,
ARMS_Getxo_G1_20200624_20201103_MF100_s1_r1:Otu116,preservativeUsed,,DMSO,http://vocab.nerc.ac.uk/collection/Q01/current/Q0100004/,,https://pubchem.ncbi.nlm.nih.gov/compound/679
ARMS_Getxo_G1_20200624_20201103_MF100_s1_r1:Otu116,lowerLimitFilterSize,micrometer,100,http://vocab.nerc.ac.uk/collection/Q01/current/Q0100011/,https://vocab.nerc.ac.uk/collection/P06/current/UMIC/,
ARMS_Getxo_G1_20200624_20201103_MF100_s1_r1:Otu116,sampleAccessionNumber,,SAMEA10021238,,,
ARMS_Getxo_G1_20200624_20201103_MF100_s1_r1:Otu116,NCBIID,,6073,,,
ARMS_Getxo_G1_20200624_20201103_MF100_s1_r1:Otu116,NCBIScientificName,,Cnidaria,,,
ARMS_Getxo_G1_20200624_20201103_MF100_s1_r1:Otu116,NCBITaxonRank,,phylum,,,
ARMS_Getxo_G1_20200624_20201103_MF100_s1_r1:Otu116,fieldReplicateID,,ARMS_Getxo_G_20200624_20201103,http://vocab.nerc.ac.uk/collection/P01/current/IDSPRE01,,
ARMS_Getxo_G1_20200624_20201103_MF100_s1_r1:Otu116,technicalReplicateID,,,http://vocab.nerc.ac.uk/collection/P01/current/IDTCRE01,,
ARMS_Getxo_G1_20200624_20201103_MF100_s1_r1:Otu619,submergedTime,day,132,http://vocab.nerc.ac.uk/collection/P01/current/AZDRZZ01/,https://vocab.nerc.ac.uk/collection/P06/current/UTAA/,
ARMS_Getxo_G1_20200624_20201103_MF100_s1_r1:Otu619,preservativeUsed,,DMSO,http://vocab.nerc.ac.uk/collection/Q01/current/Q0100004/,,https://pubchem.ncbi.nlm.nih.gov/compound/679
ARMS_Getxo_G1_20200624_20201103_MF100_s1_r1:Otu619,lowerLimitFilterSize,micrometer,100,http://vocab.nerc.ac.uk/collection/Q01/current/Q0100011/,https://vocab.nerc.ac.uk/collection/P06/current/UMIC/,
ARMS_Getxo_G1_20200624_20201103_MF100_s1_r1:Otu619,sampleAccessionNumber,,SAMEA10021238,,,
ARMS_Getxo_G1_20200624_20201103_MF100_s1_r1:Otu619,NCBIID,,155619,,,
ARMS_Getxo_G1_20200624_20201103_MF100_s1_r1:Otu619,NCBIScientificName,,Agaricomycetes,,,
ARMS_Getxo_G1_20200624_20201103_MF100_s1_r1:Otu619,NCBITaxonRank,,class,,,
ARMS_Getxo_G1_20200624_20201103_MF100_s1_r1:Otu619,fieldReplicateID,,ARMS_Getxo_G_20200624_20201103,http://vocab.nerc.ac.uk/collection/P01/current/IDSPRE01,,
ARMS_Getxo_G1_20200624_20201103_MF100_s1_r1:Otu619,technicalReplicateID,,,http://vocab.nerc.ac.uk/collection/P01/current/IDTCRE01,,
ARMS_Getxo_G1_20200624_20201103_MF100_s1_r1:Otu279,submergedTime,day,132,http://vocab.nerc.ac.uk/collection/P01/current/AZDRZZ01/,https://vocab.nerc.ac.uk/collection/P06/current/UTAA/,
ARMS_Getxo_G1_20200624_20201103_MF100_s1_r1:Otu279,preservativeUsed,,DMSO,http://vocab.nerc.ac.uk/collection/Q01/current/Q0100004/,,https://pubchem.ncbi.nlm.nih.gov/compound/679
ARMS_Getxo_G1_20200624_20201103_MF100_s1_r1:Otu279,lowerLimitFilterSize,micrometer,100,http://vocab.nerc.ac.uk/collection/Q01/current/Q0100011/,https://vocab.nerc.ac.uk/collection/P06/current/UMIC/,
ARMS_Getxo_G1_20200624_20201103_MF100_s1_r1:Otu279,sampleAccessionNumber,,SAMEA10021238,,,
ARMS_Getxo_G1_20200624_20201103_MF100_s1_r1:Otu279,NCBIID,,278010,,,
ARMS_Getxo_G1_20200624_20201103_MF100_s1_r1:Otu279,NCBIScientificName,,Arthopyrenia salicis,,,
ARMS_Getxo_G1_20200624_20201103_MF100_s1_r1:Otu279,NCBITaxonRank,,species,,,
ARMS_Getxo_G1_20200624_20201103_MF100_s1_r1:Otu279,fieldReplicateID,,ARMS_Getxo_G_20200624_20201103,http://vocab.nerc.ac.uk/collection/P01/current/IDSPRE01,,
ARMS_Getxo_G1_20200624_20201103_MF100_s1_r1:Otu279,technicalReplicateID,,,http://vocab.nerc.ac.uk/collection/P01/current/IDTCRE01,,
ARMS_Getxo_G1_20200624_20201103_MF100_s1_r1:Otu292,submergedTime,day,132,http://vocab.nerc.ac.uk/collection/P01/current/AZDRZZ01/,https://vocab.nerc.ac.uk/collection/P06/current/UTAA/,
ARMS_Getxo_G1_20200624_20201103_MF100_s1_r1:Otu292,preservativeUsed,,DMSO,http://vocab.nerc.ac.uk/collection/Q01/current/Q0100004/,,https://pubchem.ncbi.nlm.nih.gov/compound/679
ARMS_Getxo_G1_20200624_20201103_MF100_s1_r1:Otu292,lowerLimitFilterSize,micrometer,100,http://vocab.nerc.ac.uk/collection/Q01/current/Q0100011/,https://vocab.nerc.ac.uk/collection/P06/current/UMIC/,
ARMS_Getxo_G1_20200624_20201103_MF100_s1_r1:Otu292,sampleAccessionNumber,,SAMEA10021238,,,
ARMS_Getxo_G1_20200624_20201103_MF100_s1_r1:Otu292,NCBIID,,64561,,,
ARMS_Getxo_G1_20200624_20201103_MF100_s1_r1:Otu292,NCBIScientificName,,Umbelopsis,,,
ARMS_Getxo_G1_20200624_20201103_MF100_s1_r1:Otu292,NCBITaxonRank,,genus,,,
ARMS_Getxo_G1_20200624_20201103_MF100_s1_r1:Otu292,fieldReplicateID,,ARMS_Getxo_G_20200624_20201103,http://vocab.nerc.ac.uk/collection/P01/current/IDSPRE01,,
ARMS_Getxo_G1_20200624_20201103_MF100_s1_r1:Otu292,technicalReplicateID,,,http://vocab.nerc.ac.uk/collection/P01/current/IDTCRE01,,
ARMS_Getxo_G1_20200624_20201103_MF100_s1_r1:Otu327,submergedTime,day,132,http://vocab.nerc.ac.uk/collection/P01/current/AZDRZZ01/,https://vocab.nerc.ac.uk/collection/P06/current/UTAA/,
ARMS_Getxo_G1_20200624_20201103_MF100_s1_r1:Otu327,preservativeUsed,,DMSO,http://vocab.nerc.ac.uk/collection/Q01/current/Q0100004/,,https://pubchem.ncbi.nlm.nih.gov/compound/679
ARMS_Getxo_G1_20200624_20201103_MF100_s1_r1:Otu327,lowerLimitFilterSize,micrometer,100,http://vocab.nerc.ac.uk/collection/Q01/current/Q0100011/,https://vocab.nerc.ac.uk/collection/P06/current/UMIC/,
ARMS_Getxo_G1_20200624_20201103_MF100_s1_r1:Otu327,sampleAccessionNumber,,SAMEA10021238,,,
ARMS_Getxo_G1_20200624_20201103_MF100_s1_r1:Otu327,NCBIID,,147541,,,
ARMS_Getxo_G1_20200624_20201103_MF100_s1_r1:Otu327,NCBIScientificName,,Dothideomycetes,,,
ARMS_Getxo_G1_20200624_20201103_MF100_s1_r1:Otu327,NCBITaxonRank,,class,,,
ARMS_Getxo_G1_20200624_20201103_MF100_s1_r1:Otu327,fieldReplicateID,,ARMS_Getxo_G_20200624_20201103,http://vocab.nerc.ac.uk/collection/P01/current/IDSPRE01,,
ARMS_Getxo_G1_20200624_20201103_MF100_s1_r1:Otu327,technicalReplicateID,,,http://vocab.nerc.ac.uk/collection/P01/current/IDTCRE01,,
ARMS_Getxo_G1_20200624_20201103_MF100_s1_r1:Otu401,submergedTime,day,132,http://vocab.nerc.ac.uk/collection/P01/current/AZDRZZ01/,https://vocab.nerc.ac.uk/collection/P06/current/UTAA/,
ARMS_Getxo_G1_20200624_20201103_MF100_s1_r1:Otu401,preservativeUsed,,DMSO,http://vocab.nerc.ac.uk/collection/Q01/current/Q0100004/,,https://pubchem.ncbi.nlm.nih.gov/compound/679
ARMS_Getxo_G1_20200624_20201103_MF100_s1_r1:Otu401,lowerLimitFilterSize,micrometer,100,http://vocab.nerc.ac.uk/collection/Q01/current/Q0100011/,https://vocab.nerc.ac.uk/collection/P06/current/UMIC/,
ARMS_Getxo_G1_20200624_20201103_MF100_s1_r1:Otu401,sampleAccessionNumber,,SAMEA10021238,,,
ARMS_Getxo_G1_20200624_20201103_MF100_s1_r1:Otu401,NCBIID,,931006,,,
ARMS_Getxo_G1_20200624_20201103_MF100_s1_r1:Otu401,NCBIScientificName,,Beauveria pseudobassiana,,,
ARMS_Getxo_G1_20200624_20201103_MF100_s1_r1:Otu401,NCBITaxonRank,,species,,,
ARMS_Getxo_G1_20200624_20201103_MF100_s1_r1:Otu401,fieldReplicateID,,ARMS_Getxo_G_20200624_20201103,http://vocab.nerc.ac.uk/collection/P01/current/IDSPRE01,,
ARMS_Getxo_G1_20200624_20201103_MF100_s1_r1:Otu401,technicalReplicateID,,,http://vocab.nerc.ac.uk/collection/P01/current/IDTCRE01,,
ARMS_Getxo_G1_20200624_20201103_MF100_s1_r1:Otu146,submergedTime,day,132,http://vocab.nerc.ac.uk/collection/P01/current/AZDRZZ01/,https://vocab.nerc.ac.uk/collection/P06/current/UTAA/,
ARMS_Getxo_G1_20200624_20201103_MF100_s1_r1:Otu146,preservativeUsed,,DMSO,http://vocab.nerc.ac.uk/collection/Q01/current/Q0100004/,,https://pubchem.ncbi.nlm.nih.gov/compound/679
ARMS_Getxo_G1_20200624_20201103_MF100_s1_r1:Otu146,lowerLimitFilterSize,micrometer,100,http://vocab.nerc.ac.uk/collection/Q01/current/Q0100011/,https://vocab.nerc.ac.uk/collection/P06/current/UMIC/,
ARMS_Getxo_G1_20200624_20201103_MF100_s1_r1:Otu146,sampleAccessionNumber,,SAMEA10021238,,,
ARMS_Getxo_G1_20200624_20201103_MF100_s1_r1:Otu146,NCBIID,,4890,,,
ARMS_Getxo_G1_20200624_20201103_MF100_s1_r1:Otu146,NCBIScientificName,,Ascomycota,,,
ARMS_Getxo_G1_20200624_20201103_MF100_s1_r1:Otu146,NCBITaxonRank,,phylum,,,
ARMS_Getxo_G1_20200624_20201103_MF100_s1_r1:Otu146,fieldReplicateID,,ARMS_Getxo_G_20200624_20201103,http://vocab.nerc.ac.uk/collection/P01/current/IDSPRE01,,
ARMS_Getxo_G1_20200624_20201103_MF100_s1_r1:Otu146,technicalReplicateID,,,http://vocab.nerc.ac.uk/collection/P01/current/IDTCRE01,,
ARMS_Getxo_G1_20200624_20201103_MF100_s1_r1:Otu1364,submergedTime,day,132,http://vocab.nerc.ac.uk/collection/P01/current/AZDRZZ01/,https://vocab.nerc.ac.uk/collection/P06/current/UTAA/,
ARMS_Getxo_G1_20200624_20201103_MF100_s1_r1:Otu1364,preservativeUsed,,DMSO,http://vocab.nerc.ac.uk/collection/Q01/current/Q0100004/,,https://pubchem.ncbi.nlm.nih.gov/compound/679
ARMS_Getxo_G1_20200624_20201103_MF100_s1_r1:Otu1364,lowerLimitFilterSize,micrometer,100,http://vocab.nerc.ac.uk/collection/Q01/current/Q0100011/,https://vocab.nerc.ac.uk/collection/P06/current/UMIC/,
ARMS_Getxo_G1_20200624_20201103_MF100_s1_r1:Otu1364,sampleAccessionNumber,,SAMEA10021238,,,
ARMS_Getxo_G1_20200624_20201103_MF100_s1_r1:Otu1364,NCBIID,,5178,,,
ARMS_Getxo_G1_20200624_20201103_MF100_s1_r1:Otu1364,NCBIScientificName,,Helotiales,,,
ARMS_Getxo_G1_20200624_20201103_MF100_s1_r1:Otu1364,NCBITaxonRank,,order,,,
ARMS_Getxo_G1_20200624_20201103_MF100_s1_r1:Otu1364,fieldReplicateID,,ARMS_Getxo_G_20200624_20201103,http://vocab.nerc.ac.uk/collection/P01/current/IDSPRE01,,
ARMS_Getxo_G1_20200624_20201103_MF100_s1_r1:Otu1364,technicalReplicateID,,,http://vocab.nerc.ac.uk/collection/P01/current/IDTCRE01,,
ARMS_Getxo_G1_20200624_20201103_MF100_s1_r1:Otu242,submergedTime,day,132,http://vocab.nerc.ac.uk/collection/P01/current/AZDRZZ01/,https://vocab.nerc.ac.uk/collection/P06/current/UTAA/,
ARMS_Getxo_G1_20200624_20201103_MF100_s1_r1:Otu242,preservativeUsed,,DMSO,http://vocab.nerc.ac.uk/collection/Q01/current/Q0100004/,,https://pubchem.ncbi.nlm.nih.gov/compound/679
ARMS_Getxo_G1_20200624_20201103_MF100_s1_r1:Otu242,lowerLimitFilterSize,micrometer,100,http://vocab.nerc.ac.uk/collection/Q01/current/Q0100011/,https://vocab.nerc.ac.uk/collection/P06/current/UMIC/,
ARMS_Getxo_G1_20200624_20201103_MF100_s1_r1:Otu242,sampleAccessionNumber,,SAMEA10021238,,,
ARMS_Getxo_G1_20200624_20201103_MF100_s1_r1:Otu242,NCBIID,,147541,,,
ARMS_Getxo_G1_20200624_20201103_MF100_s1_r1:Otu242,NCBIScientificName,,Dothideomycetes,,,
ARMS_Getxo_G1_20200624_20201103_MF100_s1_r1:Otu242,NCBITaxonRank,,class,,,
ARMS_Getxo_G1_20200624_20201103_MF100_s1_r1:Otu242,fieldReplicateID,,ARMS_Getxo_G_20200624_20201103,http://vocab.nerc.ac.uk/collection/P01/current/IDSPRE01,,
ARMS_Getxo_G1_20200624_20201103_MF100_s1_r1:Otu242,technicalReplicateID,,,http://vocab.nerc.ac.uk/collection/P01/current/IDTCRE01,,
ARMS_Getxo_G1_20200624_20201103_MF100_s1_r1:Otu29,submergedTime,day,132,http://vocab.nerc.ac.uk/collection/P01/current/AZDRZZ01/,https://vocab.nerc.ac.uk/collection/P06/current/UTAA/,
ARMS_Getxo_G1_20200624_20201103_MF100_s1_r1:Otu29,preservativeUsed,,DMSO,http://vocab.nerc.ac.uk/collection/Q01/current/Q0100004/,,https://pubchem.ncbi.nlm.nih.gov/compound/679
ARMS_Getxo_G1_20200624_20201103_MF100_s1_r1:Otu29,lowerLimitFilterSize,micrometer,100,http://vocab.nerc.ac.uk/collection/Q01/current/Q0100011/,https://vocab.nerc.ac.uk/collection/P06/current/UMIC/,
ARMS_Getxo_G1_20200624_20201103_MF100_s1_r1:Otu29,sampleAccessionNumber,,SAMEA10021238,,,
ARMS_Getxo_G1_20200624_20201103_MF100_s1_r1:Otu29,NCBIID,,5543,,,
ARMS_Getxo_G1_20200624_20201103_MF100_s1_r1:Otu29,NCBIScientificName,,Trichoderma,,,
ARMS_Getxo_G1_20200624_20201103_MF100_s1_r1:Otu29,NCBITaxonRank,,genus,,,
ARMS_Getxo_G1_20200624_20201103_MF100_s1_r1:Otu29,fieldReplicateID,,ARMS_Getxo_G_20200624_20201103,http://vocab.nerc.ac.uk/collection/P01/current/IDSPRE01,,
ARMS_Getxo_G1_20200624_20201103_MF100_s1_r1:Otu29,technicalReplicateID,,,http://vocab.nerc.ac.uk/collection/P01/current/IDTCRE01,,
ARMS_Getxo_G1_20200624_20201103_MF100_s1_r1:Otu26,submergedTime,day,132,http://vocab.nerc.ac.uk/collection/P01/current/AZDRZZ01/,https://vocab.nerc.ac.uk/collection/P06/current/UTAA/,
ARMS_Getxo_G1_20200624_20201103_MF100_s1_r1:Otu26,preservativeUsed,,DMSO,http://vocab.nerc.ac.uk/collection/Q01/current/Q0100004/,,https://pubchem.ncbi.nlm.nih.gov/compound/679
ARMS_Getxo_G1_20200624_20201103_MF100_s1_r1:Otu26,lowerLimitFilterSize,micrometer,100,http://vocab.nerc.ac.uk/collection/Q01/current/Q0100011/,https://vocab.nerc.ac.uk/collection/P06/current/UMIC/,
ARMS_Getxo_G1_20200624_20201103_MF100_s1_r1:Otu26,sampleAccessionNumber,,SAMEA10021238,,,
ARMS_Getxo_G1_20200624_20201103_MF100_s1_r1:Otu26,NCBIID,,798152,,,
ARMS_Getxo_G1_20200624_20201103_MF100_s1_r1:Otu26,NCBIScientificName,,Pyrenochaetopsis leptospora,,,
ARMS_Getxo_G1_20200624_20201103_MF100_s1_r1:Otu26,NCBITaxonRank,,species,,,
ARMS_Getxo_G1_20200624_20201103_MF100_s1_r1:Otu26,fieldReplicateID,,ARMS_Getxo_G_20200624_20201103,http://vocab.nerc.ac.uk/collection/P01/current/IDSPRE01,,
ARMS_Getxo_G1_20200624_20201103_MF100_s1_r1:Otu26,technicalReplicateID,,,http://vocab.nerc.ac.uk/collection/P01/current/IDTCRE01,,
ARMS_Getxo_G1_20200624_20201103_MF100_s1_r1:Otu585,submergedTime,day,132,http://vocab.nerc.ac.uk/collection/P01/current/AZDRZZ01/,https://vocab.nerc.ac.uk/collection/P06/current/UTAA/,
ARMS_Getxo_G1_20200624_20201103_MF100_s1_r1:Otu585,preservativeUsed,,DMSO,http://vocab.nerc.ac.uk/collection/Q01/current/Q0100004/,,https://pubchem.ncbi.nlm.nih.gov/compound/679
ARMS_Getxo_G1_20200624_20201103_MF100_s1_r1:Otu585,lowerLimitFilterSize,micrometer,100,http://vocab.nerc.ac.uk/collection/Q01/current/Q0100011/,https://vocab.nerc.ac.uk/collection/P06/current/UMIC/,
ARMS_Getxo_G1_20200624_20201103_MF100_s1_r1:Otu585,sampleAccessionNumber,,SAMEA10021238,,,
ARMS_Getxo_G1_20200624_20201103_MF100_s1_r1:Otu585,NCBIID,,4751,,,
ARMS_Getxo_G1_20200624_20201103_MF100_s1_r1:Otu585,NCBIScientificName,,Fungi,,,
ARMS_Getxo_G1_20200624_20201103_MF100_s1_r1:Otu585,NCBITaxonRank,,kingdom,,,
ARMS_Getxo_G1_20200624_20201103_MF100_s1_r1:Otu585,fieldReplicateID,,ARMS_Getxo_G_20200624_20201103,http://vocab.nerc.ac.uk/collection/P01/current/IDSPRE01,,
ARMS_Getxo_G1_20200624_20201103_MF100_s1_r1:Otu585,technicalReplicateID,,,http://vocab.nerc.ac.uk/collection/P01/current/IDTCRE01,,
ARMS_Getxo_G1_20200624_20201103_MF100_s1_r1:Otu458,submergedTime,day,132,http://vocab.nerc.ac.uk/collection/P01/current/AZDRZZ01/,https://vocab.nerc.ac.uk/collection/P06/current/UTAA/,
ARMS_Getxo_G1_20200624_20201103_MF100_s1_r1:Otu458,preservativeUsed,,DMSO,http://vocab.nerc.ac.uk/collection/Q01/current/Q0100004/,,https://pubchem.ncbi.nlm.nih.gov/compound/679
ARMS_Getxo_G1_20200624_20201103_MF100_s1_r1:Otu458,lowerLimitFilterSize,micrometer,100,http://vocab.nerc.ac.uk/collection/Q01/current/Q0100011/,https://vocab.nerc.ac.uk/collection/P06/current/UMIC/,
ARMS_Getxo_G1_20200624_20201103_MF100_s1_r1:Otu458,sampleAccessionNumber,,SAMEA10021238,,,
ARMS_Getxo_G1_20200624_20201103_MF100_s1_r1:Otu458,NCBIID,,92860,,,
ARMS_Getxo_G1_20200624_20201103_MF100_s1_r1:Otu458,NCBIScientificName,,Pleosporales,,,
ARMS_Getxo_G1_20200624_20201103_MF100_s1_r1:Otu458,NCBITaxonRank,,order,,,
ARMS_Getxo_G1_20200624_20201103_MF100_s1_r1:Otu458,fieldReplicateID,,ARMS_Getxo_G_20200624_20201103,http://vocab.nerc.ac.uk/collection/P01/current/IDSPRE01,,
ARMS_Getxo_G1_20200624_20201103_MF100_s1_r1:Otu458,technicalReplicateID,,,http://vocab.nerc.ac.uk/collection/P01/current/IDTCRE01,,
ARMS_Getxo_G1_20200624_20201103_MF100_s1_r1:Otu452,submergedTime,day,132,http://vocab.nerc.ac.uk/collection/P01/current/AZDRZZ01/,https://vocab.nerc.ac.uk/collection/P06/current/UTAA/,
ARMS_Getxo_G1_20200624_20201103_MF100_s1_r1:Otu452,preservativeUsed,,DMSO,http://vocab.nerc.ac.uk/collection/Q01/current/Q0100004/,,https://pubchem.ncbi.nlm.nih.gov/compound/679
ARMS_Getxo_G1_20200624_20201103_MF100_s1_r1:Otu452,lowerLimitFilterSize,micrometer,100,http://vocab.nerc.ac.uk/collection/Q01/current/Q0100011/,https://vocab.nerc.ac.uk/collection/P06/current/UMIC/,
ARMS_Getxo_G1_20200624_20201103_MF100_s1_r1:Otu452,sampleAccessionNumber,,SAMEA10021238,,,
ARMS_Getxo_G1_20200624_20201103_MF100_s1_r1:Otu452,NCBIID,,4890,,,
ARMS_Getxo_G1_20200624_20201103_MF100_s1_r1:Otu452,NCBIScientificName,,Ascomycota,,,
ARMS_Getxo_G1_20200624_20201103_MF100_s1_r1:Otu452,NCBITaxonRank,,phylum,,,
ARMS_Getxo_G1_20200624_20201103_MF100_s1_r1:Otu452,fieldReplicateID,,ARMS_Getxo_G_20200624_20201103,http://vocab.nerc.ac.uk/collection/P01/current/IDSPRE01,,
ARMS_Getxo_G1_20200624_20201103_MF100_s1_r1:Otu452,technicalReplicateID,,,http://vocab.nerc.ac.uk/collection/P01/current/IDTCRE01,,
ARMS_Getxo_G1_20200624_20201103_MF100_s1_r1:Otu451,submergedTime,day,132,http://vocab.nerc.ac.uk/collection/P01/current/AZDRZZ01/,https://vocab.nerc.ac.uk/collection/P06/current/UTAA/,
ARMS_Getxo_G1_20200624_20201103_MF100_s1_r1:Otu451,preservativeUsed,,DMSO,http://vocab.nerc.ac.uk/collection/Q01/current/Q0100004/,,https://pubchem.ncbi.nlm.nih.gov/compound/679
ARMS_Getxo_G1_20200624_20201103_MF100_s1_r1:Otu451,lowerLimitFilterSize,micrometer,100,http://vocab.nerc.ac.uk/collection/Q01/current/Q0100011/,https://vocab.nerc.ac.uk/collection/P06/current/UMIC/,
ARMS_Getxo_G1_20200624_20201103_MF100_s1_r1:Otu451,sampleAccessionNumber,,SAMEA10021238,,,
ARMS_Getxo_G1_20200624_20201103_MF100_s1_r1:Otu451,NCBIID,,159075,,,
ARMS_Getxo_G1_20200624_20201103_MF100_s1_r1:Otu451,NCBIScientificName,,Acremonium,,,
ARMS_Getxo_G1_20200624_20201103_MF100_s1_r1:Otu451,NCBITaxonRank,,genus,,,
ARMS_Getxo_G1_20200624_20201103_MF100_s1_r1:Otu451,fieldReplicateID,,ARMS_Getxo_G_20200624_20201103,http://vocab.nerc.ac.uk/collection/P01/current/IDSPRE01,,
ARMS_Getxo_G1_20200624_20201103_MF100_s1_r1:Otu451,technicalReplicateID,,,http://vocab.nerc.ac.uk/collection/P01/current/IDTCRE01,,
ARMS_Getxo_G1_20200624_20201103_MF100_s1_r1:Otu450,submergedTime,day,132,http://vocab.nerc.ac.uk/collection/P01/current/AZDRZZ01/,https://vocab.nerc.ac.uk/collection/P06/current/UTAA/,
ARMS_Getxo_G1_20200624_20201103_MF100_s1_r1:Otu450,preservativeUsed,,DMSO,http://vocab.nerc.ac.uk/collection/Q01/current/Q0100004/,,https://pubchem.ncbi.nlm.nih.gov/compound/679
ARMS_Getxo_G1_20200624_20201103_MF100_s1_r1:Otu450,lowerLimitFilterSize,micrometer,100,http://vocab.nerc.ac.uk/collection/Q01/current/Q0100011/,https://vocab.nerc.ac.uk/collection/P06/current/UMIC/,
ARMS_Getxo_G1_20200624_20201103_MF100_s1_r1:Otu450,sampleAccessionNumber,,SAMEA10021238,,,
ARMS_Getxo_G1_20200624_20201103_MF100_s1_r1:Otu450,NCBIID,,4890,,,
ARMS_Getxo_G1_20200624_20201103_MF100_s1_r1:Otu450,NCBIScientificName,,Ascomycota,,,
ARMS_Getxo_G1_20200624_20201103_MF100_s1_r1:Otu450,NCBITaxonRank,,phylum,,,
ARMS_Getxo_G1_20200624_20201103_MF100_s1_r1:Otu450,fieldReplicateID,,ARMS_Getxo_G_20200624_20201103,http://vocab.nerc.ac.uk/collection/P01/current/IDSPRE01,,
ARMS_Getxo_G1_20200624_20201103_MF100_s1_r1:Otu450,technicalReplicateID,,,http://vocab.nerc.ac.uk/collection/P01/current/IDTCRE01,,
ARMS_Getxo_G1_20200624_20201103_MF100_s1_r1:Otu423,submergedTime,day,132,http://vocab.nerc.ac.uk/collection/P01/current/AZDRZZ01/,https://vocab.nerc.ac.uk/collection/P06/current/UTAA/,
ARMS_Getxo_G1_20200624_20201103_MF100_s1_r1:Otu423,preservativeUsed,,DMSO,http://vocab.nerc.ac.uk/collection/Q01/current/Q0100004/,,https://pubchem.ncbi.nlm.nih.gov/compound/679
ARMS_Getxo_G1_20200624_20201103_MF100_s1_r1:Otu423,lowerLimitFilterSize,micrometer,100,http://vocab.nerc.ac.uk/collection/Q01/current/Q0100011/,https://vocab.nerc.ac.uk/collection/P06/current/UMIC/,
ARMS_Getxo_G1_20200624_20201103_MF100_s1_r1:Otu423,sampleAccessionNumber,,SAMEA10021238,,,
ARMS_Getxo_G1_20200624_20201103_MF100_s1_r1:Otu423,NCBIID,,147550,,,
ARMS_Getxo_G1_20200624_20201103_MF100_s1_r1:Otu423,NCBIScientificName,,Sordariomycetes,,,
ARMS_Getxo_G1_20200624_20201103_MF100_s1_r1:Otu423,NCBITaxonRank,,class,,,
ARMS_Getxo_G1_20200624_20201103_MF100_s1_r1:Otu423,fieldReplicateID,,ARMS_Getxo_G_20200624_20201103,http://vocab.nerc.ac.uk/collection/P01/current/IDSPRE01,,
ARMS_Getxo_G1_20200624_20201103_MF100_s1_r1:Otu423,technicalReplicateID,,,http://vocab.nerc.ac.uk/collection/P01/current/IDTCRE01,,
ARMS_Getxo_G1_20200624_20201103_MF100_s1_r1:Otu153,submergedTime,day,132,http://vocab.nerc.ac.uk/collection/P01/current/AZDRZZ01/,https://vocab.nerc.ac.uk/collection/P06/current/UTAA/,
ARMS_Getxo_G1_20200624_20201103_MF100_s1_r1:Otu153,preservativeUsed,,DMSO,http://vocab.nerc.ac.uk/collection/Q01/current/Q0100004/,,https://pubchem.ncbi.nlm.nih.gov/compound/679
ARMS_Getxo_G1_20200624_20201103_MF100_s1_r1:Otu153,lowerLimitFilterSize,micrometer,100,http://vocab.nerc.ac.uk/collection/Q01/current/Q0100011/,https://vocab.nerc.ac.uk/collection/P06/current/UMIC/,
ARMS_Getxo_G1_20200624_20201103_MF100_s1_r1:Otu153,sampleAccessionNumber,,SAMEA10021238,,,
ARMS_Getxo_G1_20200624_20201103_MF100_s1_r1:Otu153,NCBIID,,4751,,,
ARMS_Getxo_G1_20200624_20201103_MF100_s1_r1:Otu153,NCBIScientificName,,Fungi,,,
ARMS_Getxo_G1_20200624_20201103_MF100_s1_r1:Otu153,NCBITaxonRank,,kingdom,,,
ARMS_Getxo_G1_20200624_20201103_MF100_s1_r1:Otu153,fieldReplicateID,,ARMS_Getxo_G_20200624_20201103,http://vocab.nerc.ac.uk/collection/P01/current/IDSPRE01,,
ARMS_Getxo_G1_20200624_20201103_MF100_s1_r1:Otu153,technicalReplicateID,,,http://vocab.nerc.ac.uk/collection/P01/current/IDTCRE01,,
ARMS_Getxo_G1_20200624_20201103_MF100_s1_r1:Otu328,submergedTime,day,132,http://vocab.nerc.ac.uk/collection/P01/current/AZDRZZ01/,https://vocab.nerc.ac.uk/collection/P06/current/UTAA/,
ARMS_Getxo_G1_20200624_20201103_MF100_s1_r1:Otu328,preservativeUsed,,DMSO,http://vocab.nerc.ac.uk/collection/Q01/current/Q0100004/,,https://pubchem.ncbi.nlm.nih.gov/compound/679
ARMS_Getxo_G1_20200624_20201103_MF100_s1_r1:Otu328,lowerLimitFilterSize,micrometer,100,http://vocab.nerc.ac.uk/collection/Q01/current/Q0100011/,https://vocab.nerc.ac.uk/collection/P06/current/UMIC/,
ARMS_Getxo_G1_20200624_20201103_MF100_s1_r1:Otu328,sampleAccessionNumber,,SAMEA10021238,,,
ARMS_Getxo_G1_20200624_20201103_MF100_s1_r1:Otu328,NCBIID,,1809179,,,
ARMS_Getxo_G1_20200624_20201103_MF100_s1_r1:Otu328,NCBIScientificName,,Conioscyphales,,,
ARMS_Getxo_G1_20200624_20201103_MF100_s1_r1:Otu328,NCBITaxonRank,,order,,,
ARMS_Getxo_G1_20200624_20201103_MF100_s1_r1:Otu328,fieldReplicateID,,ARMS_Getxo_G_20200624_20201103,http://vocab.nerc.ac.uk/collection/P01/current/IDSPRE01,,
ARMS_Getxo_G1_20200624_20201103_MF100_s1_r1:Otu328,technicalReplicateID,,,http://vocab.nerc.ac.uk/collection/P01/current/IDTCRE01,,
ARMS_Getxo_G1_20200624_20201103_MF500_s1_r1:Otu301,submergedTime,day,132,http://vocab.nerc.ac.uk/collection/P01/current/AZDRZZ01/,https://vocab.nerc.ac.uk/collection/P06/current/UTAA/,
ARMS_Getxo_G1_20200624_20201103_MF500_s1_r1:Otu301,preservativeUsed,,DMSO,http://vocab.nerc.ac.uk/collection/Q01/current/Q0100004/,,https://pubchem.ncbi.nlm.nih.gov/compound/679
ARMS_Getxo_G1_20200624_20201103_MF500_s1_r1:Otu301,lowerLimitFilterSize,micrometer,500,http://vocab.nerc.ac.uk/collection/Q01/current/Q0100011/,https://vocab.nerc.ac.uk/collection/P06/current/UMIC/,
ARMS_Getxo_G1_20200624_20201103_MF500_s1_r1:Otu301,sampleAccessionNumber,,SAMEA10021241,,,
ARMS_Getxo_G1_20200624_20201103_MF500_s1_r1:Otu301,NCBIID,,159075,,,
ARMS_Getxo_G1_20200624_20201103_MF500_s1_r1:Otu301,NCBIScientificName,,Acremonium,,,
ARMS_Getxo_G1_20200624_20201103_MF500_s1_r1:Otu301,NCBITaxonRank,,genus,,,
ARMS_Getxo_G1_20200624_20201103_MF500_s1_r1:Otu301,fieldReplicateID,,ARMS_Getxo_G_20200624_20201103,http://vocab.nerc.ac.uk/collection/P01/current/IDSPRE01,,
ARMS_Getxo_G1_20200624_20201103_MF500_s1_r1:Otu301,technicalReplicateID,,,http://vocab.nerc.ac.uk/collection/P01/current/IDTCRE01,,
ARMS_Getxo_G1_20200624_20201103_MF500_s1_r1:Otu74,submergedTime,day,132,http://vocab.nerc.ac.uk/collection/P01/current/AZDRZZ01/,https://vocab.nerc.ac.uk/collection/P06/current/UTAA/,
ARMS_Getxo_G1_20200624_20201103_MF500_s1_r1:Otu74,preservativeUsed,,DMSO,http://vocab.nerc.ac.uk/collection/Q01/current/Q0100004/,,https://pubchem.ncbi.nlm.nih.gov/compound/679
ARMS_Getxo_G1_20200624_20201103_MF500_s1_r1:Otu74,lowerLimitFilterSize,micrometer,500,http://vocab.nerc.ac.uk/collection/Q01/current/Q0100011/,https://vocab.nerc.ac.uk/collection/P06/current/UMIC/,
ARMS_Getxo_G1_20200624_20201103_MF500_s1_r1:Otu74,sampleAccessionNumber,,SAMEA10021241,,,
ARMS_Getxo_G1_20200624_20201103_MF500_s1_r1:Otu74,NCBIID,,79213,,,
ARMS_Getxo_G1_20200624_20201103_MF500_s1_r1:Otu74,NCBIScientificName,,Cryptococcus,,,
ARMS_Getxo_G1_20200624_20201103_MF500_s1_r1:Otu74,NCBITaxonRank,,genus,,,
ARMS_Getxo_G1_20200624_20201103_MF500_s1_r1:Otu74,fieldReplicateID,,ARMS_Getxo_G_20200624_20201103,http://vocab.nerc.ac.uk/collection/P01/current/IDSPRE01,,
ARMS_Getxo_G1_20200624_20201103_MF500_s1_r1:Otu74,technicalReplicateID,,,http://vocab.nerc.ac.uk/collection/P01/current/IDTCRE01,,
ARMS_Getxo_G1_20200624_20201103_MF500_s1_r1:Otu363,submergedTime,day,132,http://vocab.nerc.ac.uk/collection/P01/current/AZDRZZ01/,https://vocab.nerc.ac.uk/collection/P06/current/UTAA/,
ARMS_Getxo_G1_20200624_20201103_MF500_s1_r1:Otu363,preservativeUsed,,DMSO,http://vocab.nerc.ac.uk/collection/Q01/current/Q0100004/,,https://pubchem.ncbi.nlm.nih.gov/compound/679
ARMS_Getxo_G1_20200624_20201103_MF500_s1_r1:Otu363,lowerLimitFilterSize,micrometer,500,http://vocab.nerc.ac.uk/collection/Q01/current/Q0100011/,https://vocab.nerc.ac.uk/collection/P06/current/UMIC/,
ARMS_Getxo_G1_20200624_20201103_MF500_s1_r1:Otu363,sampleAccessionNumber,,SAMEA10021241,,,
ARMS_Getxo_G1_20200624_20201103_MF500_s1_r1:Otu363,NCBIID,,1835339,,,
ARMS_Getxo_G1_20200624_20201103_MF500_s1_r1:Otu363,NCBIScientificName,,Nectria pseudopeziza,,,
ARMS_Getxo_G1_20200624_20201103_MF500_s1_r1:Otu363,NCBITaxonRank,,species,,,
ARMS_Getxo_G1_20200624_20201103_MF500_s1_r1:Otu363,fieldReplicateID,,ARMS_Getxo_G_20200624_20201103,http://vocab.nerc.ac.uk/collection/P01/current/IDSPRE01,,
ARMS_Getxo_G1_20200624_20201103_MF500_s1_r1:Otu363,technicalReplicateID,,,http://vocab.nerc.ac.uk/collection/P01/current/IDTCRE01,,
ARMS_Getxo_G1_20200624_20201103_MF500_s1_r1:Otu189,submergedTime,day,132,http://vocab.nerc.ac.uk/collection/P01/current/AZDRZZ01/,https://vocab.nerc.ac.uk/collection/P06/current/UTAA/,
ARMS_Getxo_G1_20200624_20201103_MF500_s1_r1:Otu189,preservativeUsed,,DMSO,http://vocab.nerc.ac.uk/collection/Q01/current/Q0100004/,,https://pubchem.ncbi.nlm.nih.gov/compound/679
ARMS_Getxo_G1_20200624_20201103_MF500_s1_r1:Otu189,lowerLimitFilterSize,micrometer,500,http://vocab.nerc.ac.uk/collection/Q01/current/Q0100011/,https://vocab.nerc.ac.uk/collection/P06/current/UMIC/,
ARMS_Getxo_G1_20200624_20201103_MF500_s1_r1:Otu189,sampleAccessionNumber,,SAMEA10021241,,,
ARMS_Getxo_G1_20200624_20201103_MF500_s1_r1:Otu189,NCBIID,,1031332,,,
ARMS_Getxo_G1_20200624_20201103_MF500_s1_r1:Otu189,NCBIScientificName,,Rozellomycota,,,
ARMS_Getxo_G1_20200624_20201103_MF500_s1_r1:Otu189,NCBITaxonRank,,phylum,,,
ARMS_Getxo_G1_20200624_20201103_MF500_s1_r1:Otu189,fieldReplicateID,,ARMS_Getxo_G_20200624_20201103,http://vocab.nerc.ac.uk/collection/P01/current/IDSPRE01,,
ARMS_Getxo_G1_20200624_20201103_MF500_s1_r1:Otu189,technicalReplicateID,,,http://vocab.nerc.ac.uk/collection/P01/current/IDTCRE01,,
ARMS_Getxo_G1_20200624_20201103_MF500_s1_r1:Otu235,submergedTime,day,132,http://vocab.nerc.ac.uk/collection/P01/current/AZDRZZ01/,https://vocab.nerc.ac.uk/collection/P06/current/UTAA/,
ARMS_Getxo_G1_20200624_20201103_MF500_s1_r1:Otu235,preservativeUsed,,DMSO,http://vocab.nerc.ac.uk/collection/Q01/current/Q0100004/,,https://pubchem.ncbi.nlm.nih.gov/compound/679
ARMS_Getxo_G1_20200624_20201103_MF500_s1_r1:Otu235,lowerLimitFilterSize,micrometer,500,http://vocab.nerc.ac.uk/collection/Q01/current/Q0100011/,https://vocab.nerc.ac.uk/collection/P06/current/UMIC/,
ARMS_Getxo_G1_20200624_20201103_MF500_s1_r1:Otu235,sampleAccessionNumber,,SAMEA10021241,,,
ARMS_Getxo_G1_20200624_20201103_MF500_s1_r1:Otu235,NCBIID,,50966,,,
ARMS_Getxo_G1_20200624_20201103_MF500_s1_r1:Otu235,NCBIScientificName,,Clitocybe,,,
ARMS_Getxo_G1_20200624_20201103_MF500_s1_r1:Otu235,NCBITaxonRank,,genus,,,
ARMS_Getxo_G1_20200624_20201103_MF500_s1_r1:Otu235,fieldReplicateID,,ARMS_Getxo_G_20200624_20201103,http://vocab.nerc.ac.uk/collection/P01/current/IDSPRE01,,
ARMS_Getxo_G1_20200624_20201103_MF500_s1_r1:Otu235,technicalReplicateID,,,http://vocab.nerc.ac.uk/collection/P01/current/IDTCRE01,,
ARMS_Getxo_G1_20200624_20201103_MF500_s1_r1:Otu266,submergedTime,day,132,http://vocab.nerc.ac.uk/collection/P01/current/AZDRZZ01/,https://vocab.nerc.ac.uk/collection/P06/current/UTAA/,
ARMS_Getxo_G1_20200624_20201103_MF500_s1_r1:Otu266,preservativeUsed,,DMSO,http://vocab.nerc.ac.uk/collection/Q01/current/Q0100004/,,https://pubchem.ncbi.nlm.nih.gov/compound/679
ARMS_Getxo_G1_20200624_20201103_MF500_s1_r1:Otu266,lowerLimitFilterSize,micrometer,500,http://vocab.nerc.ac.uk/collection/Q01/current/Q0100011/,https://vocab.nerc.ac.uk/collection/P06/current/UMIC/,
ARMS_Getxo_G1_20200624_20201103_MF500_s1_r1:Otu266,sampleAccessionNumber,,SAMEA10021241,,,
ARMS_Getxo_G1_20200624_20201103_MF500_s1_r1:Otu266,NCBIID,,5543,,,
ARMS_Getxo_G1_20200624_20201103_MF500_s1_r1:Otu266,NCBIScientificName,,Trichoderma,,,
ARMS_Getxo_G1_20200624_20201103_MF500_s1_r1:Otu266,NCBITaxonRank,,genus,,,
ARMS_Getxo_G1_20200624_20201103_MF500_s1_r1:Otu266,fieldReplicateID,,ARMS_Getxo_G_20200624_20201103,http://vocab.nerc.ac.uk/collection/P01/current/IDSPRE01,,
ARMS_Getxo_G1_20200624_20201103_MF500_s1_r1:Otu266,technicalReplicateID,,,http://vocab.nerc.ac.uk/collection/P01/current/IDTCRE01,,
ARMS_Getxo_G1_20200624_20201103_MF500_s1_r1:Otu116,submergedTime,day,132,http://vocab.nerc.ac.uk/collection/P01/current/AZDRZZ01/,https://vocab.nerc.ac.uk/collection/P06/current/UTAA/,
ARMS_Getxo_G1_20200624_20201103_MF500_s1_r1:Otu116,preservativeUsed,,DMSO,http://vocab.nerc.ac.uk/collection/Q01/current/Q0100004/,,https://pubchem.ncbi.nlm.nih.gov/compound/679
ARMS_Getxo_G1_20200624_20201103_MF500_s1_r1:Otu116,lowerLimitFilterSize,micrometer,500,http://vocab.nerc.ac.uk/collection/Q01/current/Q0100011/,https://vocab.nerc.ac.uk/collection/P06/current/UMIC/,
ARMS_Getxo_G1_20200624_20201103_MF500_s1_r1:Otu116,sampleAccessionNumber,,SAMEA10021241,,,
ARMS_Getxo_G1_20200624_20201103_MF500_s1_r1:Otu116,NCBIID,,6073,,,
ARMS_Getxo_G1_20200624_20201103_MF500_s1_r1:Otu116,NCBIScientificName,,Cnidaria,,,
ARMS_Getxo_G1_20200624_20201103_MF500_s1_r1:Otu116,NCBITaxonRank,,phylum,,,
ARMS_Getxo_G1_20200624_20201103_MF500_s1_r1:Otu116,fieldReplicateID,,ARMS_Getxo_G_20200624_20201103,http://vocab.nerc.ac.uk/collection/P01/current/IDSPRE01,,
ARMS_Getxo_G1_20200624_20201103_MF500_s1_r1:Otu116,technicalReplicateID,,,http://vocab.nerc.ac.uk/collection/P01/current/IDTCRE01,,
ARMS_Getxo_G1_20200624_20201103_MF500_s1_r1:Otu29,submergedTime,day,132,http://vocab.nerc.ac.uk/collection/P01/current/AZDRZZ01/,https://vocab.nerc.ac.uk/collection/P06/current/UTAA/,
ARMS_Getxo_G1_20200624_20201103_MF500_s1_r1:Otu29,preservativeUsed,,DMSO,http://vocab.nerc.ac.uk/collection/Q01/current/Q0100004/,,https://pubchem.ncbi.nlm.nih.gov/compound/679
ARMS_Getxo_G1_20200624_20201103_MF500_s1_r1:Otu29,lowerLimitFilterSize,micrometer,500,http://vocab.nerc.ac.uk/collection/Q01/current/Q0100011/,https://vocab.nerc.ac.uk/collection/P06/current/UMIC/,
ARMS_Getxo_G1_20200624_20201103_MF500_s1_r1:Otu29,sampleAccessionNumber,,SAMEA10021241,,,
ARMS_Getxo_G1_20200624_20201103_MF500_s1_r1:Otu29,NCBIID,,5543,,,
ARMS_Getxo_G1_20200624_20201103_MF500_s1_r1:Otu29,NCBIScientificName,,Trichoderma,,,
ARMS_Getxo_G1_20200624_20201103_MF500_s1_r1:Otu29,NCBITaxonRank,,genus,,,
ARMS_Getxo_G1_20200624_20201103_MF500_s1_r1:Otu29,fieldReplicateID,,ARMS_Getxo_G_20200624_20201103,http://vocab.nerc.ac.uk/collection/P01/current/IDSPRE01,,
ARMS_Getxo_G1_20200624_20201103_MF500_s1_r1:Otu29,technicalReplicateID,,,http://vocab.nerc.ac.uk/collection/P01/current/IDTCRE01,,
ARMS_Getxo_G1_20200624_20201103_MF500_s1_r1:Otu26,submergedTime,day,132,http://vocab.nerc.ac.uk/collection/P01/current/AZDRZZ01/,https://vocab.nerc.ac.uk/collection/P06/current/UTAA/,
ARMS_Getxo_G1_20200624_20201103_MF500_s1_r1:Otu26,preservativeUsed,,DMSO,http://vocab.nerc.ac.uk/collection/Q01/current/Q0100004/,,https://pubchem.ncbi.nlm.nih.gov/compound/679
ARMS_Getxo_G1_20200624_20201103_MF500_s1_r1:Otu26,lowerLimitFilterSize,micrometer,500,http://vocab.nerc.ac.uk/collection/Q01/current/Q0100011/,https://vocab.nerc.ac.uk/collection/P06/current/UMIC/,
ARMS_Getxo_G1_20200624_20201103_MF500_s1_r1:Otu26,sampleAccessionNumber,,SAMEA10021241,,,
ARMS_Getxo_G1_20200624_20201103_MF500_s1_r1:Otu26,NCBIID,,798152,,,
ARMS_Getxo_G1_20200624_20201103_MF500_s1_r1:Otu26,NCBIScientificName,,Pyrenochaetopsis leptospora,,,
ARMS_Getxo_G1_20200624_20201103_MF500_s1_r1:Otu26,NCBITaxonRank,,species,,,
ARMS_Getxo_G1_20200624_20201103_MF500_s1_r1:Otu26,fieldReplicateID,,ARMS_Getxo_G_20200624_20201103,http://vocab.nerc.ac.uk/collection/P01/current/IDSPRE01,,
ARMS_Getxo_G1_20200624_20201103_MF500_s1_r1:Otu26,technicalReplicateID,,,http://vocab.nerc.ac.uk/collection/P01/current/IDTCRE01,,
ARMS_Getxo_G1_20200624_20201103_MF500_s1_r1:Otu212,submergedTime,day,132,http://vocab.nerc.ac.uk/collection/P01/current/AZDRZZ01/,https://vocab.nerc.ac.uk/collection/P06/current/UTAA/,
ARMS_Getxo_G1_20200624_20201103_MF500_s1_r1:Otu212,preservativeUsed,,DMSO,http://vocab.nerc.ac.uk/collection/Q01/current/Q0100004/,,https://pubchem.ncbi.nlm.nih.gov/compound/679
ARMS_Getxo_G1_20200624_20201103_MF500_s1_r1:Otu212,lowerLimitFilterSize,micrometer,500,http://vocab.nerc.ac.uk/collection/Q01/current/Q0100011/,https://vocab.nerc.ac.uk/collection/P06/current/UMIC/,
ARMS_Getxo_G1_20200624_20201103_MF500_s1_r1:Otu212,sampleAccessionNumber,,SAMEA10021241,,,
ARMS_Getxo_G1_20200624_20201103_MF500_s1_r1:Otu212,NCBIID,,36911,,,
ARMS_Getxo_G1_20200624_20201103_MF500_s1_r1:Otu212,NCBIScientificName,,Clavispora lusitaniae,,,
ARMS_Getxo_G1_20200624_20201103_MF500_s1_r1:Otu212,NCBITaxonRank,,species,,,
ARMS_Getxo_G1_20200624_20201103_MF500_s1_r1:Otu212,fieldReplicateID,,ARMS_Getxo_G_20200624_20201103,http://vocab.nerc.ac.uk/collection/P01/current/IDSPRE01,,
ARMS_Getxo_G1_20200624_20201103_MF500_s1_r1:Otu212,technicalReplicateID,,,http://vocab.nerc.ac.uk/collection/P01/current/IDTCRE01,,
ARMS_Getxo_G1_20200624_20201103_SF40_s1_r1:Otu317,submergedTime,day,132,http://vocab.nerc.ac.uk/collection/P01/current/AZDRZZ01/,https://vocab.nerc.ac.uk/collection/P06/current/UTAA/,
ARMS_Getxo_G1_20200624_20201103_SF40_s1_r1:Otu317,preservativeUsed,,DMSO,http://vocab.nerc.ac.uk/collection/Q01/current/Q0100004/,,https://pubchem.ncbi.nlm.nih.gov/compound/679
ARMS_Getxo_G1_20200624_20201103_SF40_s1_r1:Otu317,lowerLimitFilterSize,micrometer,40,http://vocab.nerc.ac.uk/collection/Q01/current/Q0100011/,https://vocab.nerc.ac.uk/collection/P06/current/UMIC/,
ARMS_Getxo_G1_20200624_20201103_SF40_s1_r1:Otu317,sampleAccessionNumber,,SAMEA10021244,,,
ARMS_Getxo_G1_20200624_20201103_SF40_s1_r1:Otu317,NCBIID,,147550,,,
ARMS_Getxo_G1_20200624_20201103_SF40_s1_r1:Otu317,NCBIScientificName,,Sordariomycetes,,,
ARMS_Getxo_G1_20200624_20201103_SF40_s1_r1:Otu317,NCBITaxonRank,,class,,,
ARMS_Getxo_G1_20200624_20201103_SF40_s1_r1:Otu317,fieldReplicateID,,ARMS_Getxo_G_20200624_20201103,http://vocab.nerc.ac.uk/collection/P01/current/IDSPRE01,,
ARMS_Getxo_G1_20200624_20201103_SF40_s1_r1:Otu317,technicalReplicateID,,,http://vocab.nerc.ac.uk/collection/P01/current/IDTCRE01,,
ARMS_Getxo_G1_20200624_20201103_SF40_s1_r1:Otu955,submergedTime,day,132,http://vocab.nerc.ac.uk/collection/P01/current/AZDRZZ01/,https://vocab.nerc.ac.uk/collection/P06/current/UTAA/,
ARMS_Getxo_G1_20200624_20201103_SF40_s1_r1:Otu955,preservativeUsed,,DMSO,http://vocab.nerc.ac.uk/collection/Q01/current/Q0100004/,,https://pubchem.ncbi.nlm.nih.gov/compound/679
ARMS_Getxo_G1_20200624_20201103_SF40_s1_r1:Otu955,lowerLimitFilterSize,micrometer,40,http://vocab.nerc.ac.uk/collection/Q01/current/Q0100011/,https://vocab.nerc.ac.uk/collection/P06/current/UMIC/,
ARMS_Getxo_G1_20200624_20201103_SF40_s1_r1:Otu955,sampleAccessionNumber,,SAMEA10021244,,,
ARMS_Getxo_G1_20200624_20201103_SF40_s1_r1:Otu955,NCBIID,,261460,,,
ARMS_Getxo_G1_20200624_20201103_SF40_s1_r1:Otu955,NCBIScientificName,,Chaetosphaeriales,,,
ARMS_Getxo_G1_20200624_20201103_SF40_s1_r1:Otu955,NCBITaxonRank,,order,,,
ARMS_Getxo_G1_20200624_20201103_SF40_s1_r1:Otu955,fieldReplicateID,,ARMS_Getxo_G_20200624_20201103,http://vocab.nerc.ac.uk/collection/P01/current/IDSPRE01,,
ARMS_Getxo_G1_20200624_20201103_SF40_s1_r1:Otu955,technicalReplicateID,,,http://vocab.nerc.ac.uk/collection/P01/current/IDTCRE01,,
ARMS_Getxo_G1_20200624_20201103_SF40_s1_r1:Otu178,submergedTime,day,132,http://vocab.nerc.ac.uk/collection/P01/current/AZDRZZ01/,https://vocab.nerc.ac.uk/collection/P06/current/UTAA/,
ARMS_Getxo_G1_20200624_20201103_SF40_s1_r1:Otu178,preservativeUsed,,DMSO,http://vocab.nerc.ac.uk/collection/Q01/current/Q0100004/,,https://pubchem.ncbi.nlm.nih.gov/compound/679
ARMS_Getxo_G1_20200624_20201103_SF40_s1_r1:Otu178,lowerLimitFilterSize,micrometer,40,http://vocab.nerc.ac.uk/collection/Q01/current/Q0100011/,https://vocab.nerc.ac.uk/collection/P06/current/UMIC/,
ARMS_Getxo_G1_20200624_20201103_SF40_s1_r1:Otu178,sampleAccessionNumber,,SAMEA10021244,,,
ARMS_Getxo_G1_20200624_20201103_SF40_s1_r1:Otu178,NCBIID,,231972,,,
ARMS_Getxo_G1_20200624_20201103_SF40_s1_r1:Otu178,NCBIScientificName,,Taphrina inositophila,,,
ARMS_Getxo_G1_20200624_20201103_SF40_s1_r1:Otu178,NCBITaxonRank,,species,,,
ARMS_Getxo_G1_20200624_20201103_SF40_s1_r1:Otu178,fieldReplicateID,,ARMS_Getxo_G_20200624_20201103,http://vocab.nerc.ac.uk/collection/P01/current/IDSPRE01,,
ARMS_Getxo_G1_20200624_20201103_SF40_s1_r1:Otu178,technicalReplicateID,,,http://vocab.nerc.ac.uk/collection/P01/current/IDTCRE01,,
ARMS_Getxo_G1_20200624_20201103_SF40_s1_r1:Otu64,submergedTime,day,132,http://vocab.nerc.ac.uk/collection/P01/current/AZDRZZ01/,https://vocab.nerc.ac.uk/collection/P06/current/UTAA/,
ARMS_Getxo_G1_20200624_20201103_SF40_s1_r1:Otu64,preservativeUsed,,DMSO,http://vocab.nerc.ac.uk/collection/Q01/current/Q0100004/,,https://pubchem.ncbi.nlm.nih.gov/compound/679
ARMS_Getxo_G1_20200624_20201103_SF40_s1_r1:Otu64,lowerLimitFilterSize,micrometer,40,http://vocab.nerc.ac.uk/collection/Q01/current/Q0100011/,https://vocab.nerc.ac.uk/collection/P06/current/UMIC/,
ARMS_Getxo_G1_20200624_20201103_SF40_s1_r1:Otu64,sampleAccessionNumber,,SAMEA10021244,,,
ARMS_Getxo_G1_20200624_20201103_SF40_s1_r1:Otu64,NCBIID,,5543,,,
ARMS_Getxo_G1_20200624_20201103_SF40_s1_r1:Otu64,NCBIScientificName,,Trichoderma,,,
ARMS_Getxo_G1_20200624_20201103_SF40_s1_r1:Otu64,NCBITaxonRank,,genus,,,
ARMS_Getxo_G1_20200624_20201103_SF40_s1_r1:Otu64,fieldReplicateID,,ARMS_Getxo_G_20200624_20201103,http://vocab.nerc.ac.uk/collection/P01/current/IDSPRE01,,
ARMS_Getxo_G1_20200624_20201103_SF40_s1_r1:Otu64,technicalReplicateID,,,http://vocab.nerc.ac.uk/collection/P01/current/IDTCRE01,,
ARMS_Getxo_G1_20200624_20201103_SF40_s1_r1:Otu197,submergedTime,day,132,http://vocab.nerc.ac.uk/collection/P01/current/AZDRZZ01/,https://vocab.nerc.ac.uk/collection/P06/current/UTAA/,
ARMS_Getxo_G1_20200624_20201103_SF40_s1_r1:Otu197,preservativeUsed,,DMSO,http://vocab.nerc.ac.uk/collection/Q01/current/Q0100004/,,https://pubchem.ncbi.nlm.nih.gov/compound/679
ARMS_Getxo_G1_20200624_20201103_SF40_s1_r1:Otu197,lowerLimitFilterSize,micrometer,40,http://vocab.nerc.ac.uk/collection/Q01/current/Q0100011/,https://vocab.nerc.ac.uk/collection/P06/current/UMIC/,
ARMS_Getxo_G1_20200624_20201103_SF40_s1_r1:Otu197,sampleAccessionNumber,,SAMEA10021244,,,
ARMS_Getxo_G1_20200624_20201103_SF40_s1_r1:Otu197,NCBIID,,5125,,,
ARMS_Getxo_G1_20200624_20201103_SF40_s1_r1:Otu197,NCBIScientificName,,Hypocreales,,,
ARMS_Getxo_G1_20200624_20201103_SF40_s1_r1:Otu197,NCBITaxonRank,,order,,,
ARMS_Getxo_G1_20200624_20201103_SF40_s1_r1:Otu197,fieldReplicateID,,ARMS_Getxo_G_20200624_20201103,http://vocab.nerc.ac.uk/collection/P01/current/IDSPRE01,,
ARMS_Getxo_G1_20200624_20201103_SF40_s1_r1:Otu197,technicalReplicateID,,,http://vocab.nerc.ac.uk/collection/P01/current/IDTCRE01,,
ARMS_Getxo_G1_20200624_20201103_SF40_s1_r1:Otu302,submergedTime,day,132,http://vocab.nerc.ac.uk/collection/P01/current/AZDRZZ01/,https://vocab.nerc.ac.uk/collection/P06/current/UTAA/,
ARMS_Getxo_G1_20200624_20201103_SF40_s1_r1:Otu302,preservativeUsed,,DMSO,http://vocab.nerc.ac.uk/collection/Q01/current/Q0100004/,,https://pubchem.ncbi.nlm.nih.gov/compound/679
ARMS_Getxo_G1_20200624_20201103_SF40_s1_r1:Otu302,lowerLimitFilterSize,micrometer,40,http://vocab.nerc.ac.uk/collection/Q01/current/Q0100011/,https://vocab.nerc.ac.uk/collection/P06/current/UMIC/,
ARMS_Getxo_G1_20200624_20201103_SF40_s1_r1:Otu302,sampleAccessionNumber,,SAMEA10021244,,,
ARMS_Getxo_G1_20200624_20201103_SF40_s1_r1:Otu302,NCBIID,,33183,,,
ARMS_Getxo_G1_20200624_20201103_SF40_s1_r1:Otu302,NCBIScientificName,,Onygenales,,,
ARMS_Getxo_G1_20200624_20201103_SF40_s1_r1:Otu302,NCBITaxonRank,,order,,,
ARMS_Getxo_G1_20200624_20201103_SF40_s1_r1:Otu302,fieldReplicateID,,ARMS_Getxo_G_20200624_20201103,http://vocab.nerc.ac.uk/collection/P01/current/IDSPRE01,,
ARMS_Getxo_G1_20200624_20201103_SF40_s1_r1:Otu302,technicalReplicateID,,,http://vocab.nerc.ac.uk/collection/P01/current/IDTCRE01,,
ARMS_Getxo_G1_20200624_20201103_SF40_s1_r1:Otu164,submergedTime,day,132,http://vocab.nerc.ac.uk/collection/P01/current/AZDRZZ01/,https://vocab.nerc.ac.uk/collection/P06/current/UTAA/,
ARMS_Getxo_G1_20200624_20201103_SF40_s1_r1:Otu164,preservativeUsed,,DMSO,http://vocab.nerc.ac.uk/collection/Q01/current/Q0100004/,,https://pubchem.ncbi.nlm.nih.gov/compound/679
ARMS_Getxo_G1_20200624_20201103_SF40_s1_r1:Otu164,lowerLimitFilterSize,micrometer,40,http://vocab.nerc.ac.uk/collection/Q01/current/Q0100011/,https://vocab.nerc.ac.uk/collection/P06/current/UMIC/,
ARMS_Getxo_G1_20200624_20201103_SF40_s1_r1:Otu164,sampleAccessionNumber,,SAMEA10021244,,,
ARMS_Getxo_G1_20200624_20201103_SF40_s1_r1:Otu164,NCBIID,,139961,,,
ARMS_Getxo_G1_20200624_20201103_SF40_s1_r1:Otu164,NCBIScientificName,,Chloridium,,,
ARMS_Getxo_G1_20200624_20201103_SF40_s1_r1:Otu164,NCBITaxonRank,,genus,,,
ARMS_Getxo_G1_20200624_20201103_SF40_s1_r1:Otu164,fieldReplicateID,,ARMS_Getxo_G_20200624_20201103,http://vocab.nerc.ac.uk/collection/P01/current/IDSPRE01,,
ARMS_Getxo_G1_20200624_20201103_SF40_s1_r1:Otu164,technicalReplicateID,,,http://vocab.nerc.ac.uk/collection/P01/current/IDTCRE01,,
ARMS_Getxo_G1_20200624_20201103_SF40_s1_r1:Otu168,submergedTime,day,132,http://vocab.nerc.ac.uk/collection/P01/current/AZDRZZ01/,https://vocab.nerc.ac.uk/collection/P06/current/UTAA/,
ARMS_Getxo_G1_20200624_20201103_SF40_s1_r1:Otu168,preservativeUsed,,DMSO,http://vocab.nerc.ac.uk/collection/Q01/current/Q0100004/,,https://pubchem.ncbi.nlm.nih.gov/compound/679
ARMS_Getxo_G1_20200624_20201103_SF40_s1_r1:Otu168,lowerLimitFilterSize,micrometer,40,http://vocab.nerc.ac.uk/collection/Q01/current/Q0100011/,https://vocab.nerc.ac.uk/collection/P06/current/UMIC/,
ARMS_Getxo_G1_20200624_20201103_SF40_s1_r1:Otu168,sampleAccessionNumber,,SAMEA10021244,,,
ARMS_Getxo_G1_20200624_20201103_SF40_s1_r1:Otu168,NCBIID,,1031332,,,
ARMS_Getxo_G1_20200624_20201103_SF40_s1_r1:Otu168,NCBIScientificName,,Rozellomycota,,,
ARMS_Getxo_G1_20200624_20201103_SF40_s1_r1:Otu168,NCBITaxonRank,,phylum,,,
ARMS_Getxo_G1_20200624_20201103_SF40_s1_r1:Otu168,fieldReplicateID,,ARMS_Getxo_G_20200624_20201103,http://vocab.nerc.ac.uk/collection/P01/current/IDSPRE01,,
ARMS_Getxo_G1_20200624_20201103_SF40_s1_r1:Otu168,technicalReplicateID,,,http://vocab.nerc.ac.uk/collection/P01/current/IDTCRE01,,
ARMS_Getxo_G1_20200624_20201103_SF40_s1_r1:Otu74,submergedTime,day,132,http://vocab.nerc.ac.uk/collection/P01/current/AZDRZZ01/,https://vocab.nerc.ac.uk/collection/P06/current/UTAA/,
ARMS_Getxo_G1_20200624_20201103_SF40_s1_r1:Otu74,preservativeUsed,,DMSO,http://vocab.nerc.ac.uk/collection/Q01/current/Q0100004/,,https://pubchem.ncbi.nlm.nih.gov/compound/679
ARMS_Getxo_G1_20200624_20201103_SF40_s1_r1:Otu74,lowerLimitFilterSize,micrometer,40,http://vocab.nerc.ac.uk/collection/Q01/current/Q0100011/,https://vocab.nerc.ac.uk/collection/P06/current/UMIC/,
ARMS_Getxo_G1_20200624_20201103_SF40_s1_r1:Otu74,sampleAccessionNumber,,SAMEA10021244,,,
ARMS_Getxo_G1_20200624_20201103_SF40_s1_r1:Otu74,NCBIID,,79213,,,
ARMS_Getxo_G1_20200624_20201103_SF40_s1_r1:Otu74,NCBIScientificName,,Cryptococcus,,,
ARMS_Getxo_G1_20200624_20201103_SF40_s1_r1:Otu74,NCBITaxonRank,,genus,,,
ARMS_Getxo_G1_20200624_20201103_SF40_s1_r1:Otu74,fieldReplicateID,,ARMS_Getxo_G_20200624_20201103,http://vocab.nerc.ac.uk/collection/P01/current/IDSPRE01,,
ARMS_Getxo_G1_20200624_20201103_SF40_s1_r1:Otu74,technicalReplicateID,,,http://vocab.nerc.ac.uk/collection/P01/current/IDTCRE01,,
ARMS_Getxo_G1_20200624_20201103_SF40_s1_r1:Otu195,submergedTime,day,132,http://vocab.nerc.ac.uk/collection/P01/current/AZDRZZ01/,https://vocab.nerc.ac.uk/collection/P06/current/UTAA/,
ARMS_Getxo_G1_20200624_20201103_SF40_s1_r1:Otu195,preservativeUsed,,DMSO,http://vocab.nerc.ac.uk/collection/Q01/current/Q0100004/,,https://pubchem.ncbi.nlm.nih.gov/compound/679
ARMS_Getxo_G1_20200624_20201103_SF40_s1_r1:Otu195,lowerLimitFilterSize,micrometer,40,http://vocab.nerc.ac.uk/collection/Q01/current/Q0100011/,https://vocab.nerc.ac.uk/collection/P06/current/UMIC/,
ARMS_Getxo_G1_20200624_20201103_SF40_s1_r1:Otu195,sampleAccessionNumber,,SAMEA10021244,,,
ARMS_Getxo_G1_20200624_20201103_SF40_s1_r1:Otu195,NCBIID,,1031332,,,
ARMS_Getxo_G1_20200624_20201103_SF40_s1_r1:Otu195,NCBIScientificName,,Rozellomycota,,,
ARMS_Getxo_G1_20200624_20201103_SF40_s1_r1:Otu195,NCBITaxonRank,,phylum,,,
ARMS_Getxo_G1_20200624_20201103_SF40_s1_r1:Otu195,fieldReplicateID,,ARMS_Getxo_G_20200624_20201103,http://vocab.nerc.ac.uk/collection/P01/current/IDSPRE01,,
ARMS_Getxo_G1_20200624_20201103_SF40_s1_r1:Otu195,technicalReplicateID,,,http://vocab.nerc.ac.uk/collection/P01/current/IDTCRE01,,
ARMS_Getxo_G1_20200624_20201103_SF40_s1_r1:Otu190,submergedTime,day,132,http://vocab.nerc.ac.uk/collection/P01/current/AZDRZZ01/,https://vocab.nerc.ac.uk/collection/P06/current/UTAA/,
ARMS_Getxo_G1_20200624_20201103_SF40_s1_r1:Otu190,preservativeUsed,,DMSO,http://vocab.nerc.ac.uk/collection/Q01/current/Q0100004/,,https://pubchem.ncbi.nlm.nih.gov/compound/679
ARMS_Getxo_G1_20200624_20201103_SF40_s1_r1:Otu190,lowerLimitFilterSize,micrometer,40,http://vocab.nerc.ac.uk/collection/Q01/current/Q0100011/,https://vocab.nerc.ac.uk/collection/P06/current/UMIC/,
ARMS_Getxo_G1_20200624_20201103_SF40_s1_r1:Otu190,sampleAccessionNumber,,SAMEA10021244,,,
ARMS_Getxo_G1_20200624_20201103_SF40_s1_r1:Otu190,NCBIID,,5506,,,
ARMS_Getxo_G1_20200624_20201103_SF40_s1_r1:Otu190,NCBIScientificName,,Fusarium,,,
ARMS_Getxo_G1_20200624_20201103_SF40_s1_r1:Otu190,NCBITaxonRank,,genus,,,
ARMS_Getxo_G1_20200624_20201103_SF40_s1_r1:Otu190,fieldReplicateID,,ARMS_Getxo_G_20200624_20201103,http://vocab.nerc.ac.uk/collection/P01/current/IDSPRE01,,
ARMS_Getxo_G1_20200624_20201103_SF40_s1_r1:Otu190,technicalReplicateID,,,http://vocab.nerc.ac.uk/collection/P01/current/IDTCRE01,,
ARMS_Getxo_G1_20200624_20201103_SF40_s1_r1:Otu46,submergedTime,day,132,http://vocab.nerc.ac.uk/collection/P01/current/AZDRZZ01/,https://vocab.nerc.ac.uk/collection/P06/current/UTAA/,
ARMS_Getxo_G1_20200624_20201103_SF40_s1_r1:Otu46,preservativeUsed,,DMSO,http://vocab.nerc.ac.uk/collection/Q01/current/Q0100004/,,https://pubchem.ncbi.nlm.nih.gov/compound/679
ARMS_Getxo_G1_20200624_20201103_SF40_s1_r1:Otu46,lowerLimitFilterSize,micrometer,40,http://vocab.nerc.ac.uk/collection/Q01/current/Q0100011/,https://vocab.nerc.ac.uk/collection/P06/current/UMIC/,
ARMS_Getxo_G1_20200624_20201103_SF40_s1_r1:Otu46,sampleAccessionNumber,,SAMEA10021244,,,
ARMS_Getxo_G1_20200624_20201103_SF40_s1_r1:Otu46,NCBIID,,155616,,,
ARMS_Getxo_G1_20200624_20201103_SF40_s1_r1:Otu46,NCBIScientificName,,Tremellomycetes,,,
ARMS_Getxo_G1_20200624_20201103_SF40_s1_r1:Otu46,NCBITaxonRank,,class,,,
ARMS_Getxo_G1_20200624_20201103_SF40_s1_r1:Otu46,fieldReplicateID,,ARMS_Getxo_G_20200624_20201103,http://vocab.nerc.ac.uk/collection/P01/current/IDSPRE01,,
ARMS_Getxo_G1_20200624_20201103_SF40_s1_r1:Otu46,technicalReplicateID,,,http://vocab.nerc.ac.uk/collection/P01/current/IDTCRE01,,
ARMS_Getxo_G1_20200624_20201103_SF40_s1_r1:Otu43,submergedTime,day,132,http://vocab.nerc.ac.uk/collection/P01/current/AZDRZZ01/,https://vocab.nerc.ac.uk/collection/P06/current/UTAA/,
ARMS_Getxo_G1_20200624_20201103_SF40_s1_r1:Otu43,preservativeUsed,,DMSO,http://vocab.nerc.ac.uk/collection/Q01/current/Q0100004/,,https://pubchem.ncbi.nlm.nih.gov/compound/679
ARMS_Getxo_G1_20200624_20201103_SF40_s1_r1:Otu43,lowerLimitFilterSize,micrometer,40,http://vocab.nerc.ac.uk/collection/Q01/current/Q0100011/,https://vocab.nerc.ac.uk/collection/P06/current/UMIC/,
ARMS_Getxo_G1_20200624_20201103_SF40_s1_r1:Otu43,sampleAccessionNumber,,SAMEA10021244,,,
ARMS_Getxo_G1_20200624_20201103_SF40_s1_r1:Otu43,NCBIID,,146780,,,
ARMS_Getxo_G1_20200624_20201103_SF40_s1_r1:Otu43,NCBIScientificName,,Phallus,,,
ARMS_Getxo_G1_20200624_20201103_SF40_s1_r1:Otu43,NCBITaxonRank,,genus,,,
ARMS_Getxo_G1_20200624_20201103_SF40_s1_r1:Otu43,fieldReplicateID,,ARMS_Getxo_G_20200624_20201103,http://vocab.nerc.ac.uk/collection/P01/current/IDSPRE01,,
ARMS_Getxo_G1_20200624_20201103_SF40_s1_r1:Otu43,technicalReplicateID,,,http://vocab.nerc.ac.uk/collection/P01/current/IDTCRE01,,
ARMS_Getxo_G1_20200624_20201103_SF40_s1_r1:Otu42,submergedTime,day,132,http://vocab.nerc.ac.uk/collection/P01/current/AZDRZZ01/,https://vocab.nerc.ac.uk/collection/P06/current/UTAA/,
ARMS_Getxo_G1_20200624_20201103_SF40_s1_r1:Otu42,preservativeUsed,,DMSO,http://vocab.nerc.ac.uk/collection/Q01/current/Q0100004/,,https://pubchem.ncbi.nlm.nih.gov/compound/679
ARMS_Getxo_G1_20200624_20201103_SF40_s1_r1:Otu42,lowerLimitFilterSize,micrometer,40,http://vocab.nerc.ac.uk/collection/Q01/current/Q0100011/,https://vocab.nerc.ac.uk/collection/P06/current/UMIC/,
ARMS_Getxo_G1_20200624_20201103_SF40_s1_r1:Otu42,sampleAccessionNumber,,SAMEA10021244,,,
ARMS_Getxo_G1_20200624_20201103_SF40_s1_r1:Otu42,NCBIID,,47743,,,
ARMS_Getxo_G1_20200624_20201103_SF40_s1_r1:Otu42,NCBIScientificName,,Hyaloscyphaceae,,,
ARMS_Getxo_G1_20200624_20201103_SF40_s1_r1:Otu42,NCBITaxonRank,,family,,,
ARMS_Getxo_G1_20200624_20201103_SF40_s1_r1:Otu42,fieldReplicateID,,ARMS_Getxo_G_20200624_20201103,http://vocab.nerc.ac.uk/collection/P01/current/IDSPRE01,,
ARMS_Getxo_G1_20200624_20201103_SF40_s1_r1:Otu42,technicalReplicateID,,,http://vocab.nerc.ac.uk/collection/P01/current/IDTCRE01,,
ARMS_Getxo_G1_20200624_20201103_SF40_s1_r1:Otu185,submergedTime,day,132,http://vocab.nerc.ac.uk/collection/P01/current/AZDRZZ01/,https://vocab.nerc.ac.uk/collection/P06/current/UTAA/,
ARMS_Getxo_G1_20200624_20201103_SF40_s1_r1:Otu185,preservativeUsed,,DMSO,http://vocab.nerc.ac.uk/collection/Q01/current/Q0100004/,,https://pubchem.ncbi.nlm.nih.gov/compound/679
ARMS_Getxo_G1_20200624_20201103_SF40_s1_r1:Otu185,lowerLimitFilterSize,micrometer,40,http://vocab.nerc.ac.uk/collection/Q01/current/Q0100011/,https://vocab.nerc.ac.uk/collection/P06/current/UMIC/,
ARMS_Getxo_G1_20200624_20201103_SF40_s1_r1:Otu185,sampleAccessionNumber,,SAMEA10021244,,,
ARMS_Getxo_G1_20200624_20201103_SF40_s1_r1:Otu185,NCBIID,,64639,,,
ARMS_Getxo_G1_20200624_20201103_SF40_s1_r1:Otu185,NCBIScientificName,,Pholiota adiposa,,,
ARMS_Getxo_G1_20200624_20201103_SF40_s1_r1:Otu185,NCBITaxonRank,,species,,,
ARMS_Getxo_G1_20200624_20201103_SF40_s1_r1:Otu185,fieldReplicateID,,ARMS_Getxo_G_20200624_20201103,http://vocab.nerc.ac.uk/collection/P01/current/IDSPRE01,,
ARMS_Getxo_G1_20200624_20201103_SF40_s1_r1:Otu185,technicalReplicateID,,,http://vocab.nerc.ac.uk/collection/P01/current/IDTCRE01,,
ARMS_Getxo_G1_20200624_20201103_SF40_s1_r1:Otu181,submergedTime,day,132,http://vocab.nerc.ac.uk/collection/P01/current/AZDRZZ01/,https://vocab.nerc.ac.uk/collection/P06/current/UTAA/,
ARMS_Getxo_G1_20200624_20201103_SF40_s1_r1:Otu181,preservativeUsed,,DMSO,http://vocab.nerc.ac.uk/collection/Q01/current/Q0100004/,,https://pubchem.ncbi.nlm.nih.gov/compound/679
ARMS_Getxo_G1_20200624_20201103_SF40_s1_r1:Otu181,lowerLimitFilterSize,micrometer,40,http://vocab.nerc.ac.uk/collection/Q01/current/Q0100011/,https://vocab.nerc.ac.uk/collection/P06/current/UMIC/,
ARMS_Getxo_G1_20200624_20201103_SF40_s1_r1:Otu181,sampleAccessionNumber,,SAMEA10021244,,,
ARMS_Getxo_G1_20200624_20201103_SF40_s1_r1:Otu181,NCBIID,,92860,,,
ARMS_Getxo_G1_20200624_20201103_SF40_s1_r1:Otu181,NCBIScientificName,,Pleosporales,,,
ARMS_Getxo_G1_20200624_20201103_SF40_s1_r1:Otu181,NCBITaxonRank,,order,,,
ARMS_Getxo_G1_20200624_20201103_SF40_s1_r1:Otu181,fieldReplicateID,,ARMS_Getxo_G_20200624_20201103,http://vocab.nerc.ac.uk/collection/P01/current/IDSPRE01,,
ARMS_Getxo_G1_20200624_20201103_SF40_s1_r1:Otu181,technicalReplicateID,,,http://vocab.nerc.ac.uk/collection/P01/current/IDTCRE01,,
ARMS_Getxo_G1_20200624_20201103_SF40_s1_r1:Otu180,submergedTime,day,132,http://vocab.nerc.ac.uk/collection/P01/current/AZDRZZ01/,https://vocab.nerc.ac.uk/collection/P06/current/UTAA/,
ARMS_Getxo_G1_20200624_20201103_SF40_s1_r1:Otu180,preservativeUsed,,DMSO,http://vocab.nerc.ac.uk/collection/Q01/current/Q0100004/,,https://pubchem.ncbi.nlm.nih.gov/compound/679
ARMS_Getxo_G1_20200624_20201103_SF40_s1_r1:Otu180,lowerLimitFilterSize,micrometer,40,http://vocab.nerc.ac.uk/collection/Q01/current/Q0100011/,https://vocab.nerc.ac.uk/collection/P06/current/UMIC/,
ARMS_Getxo_G1_20200624_20201103_SF40_s1_r1:Otu180,sampleAccessionNumber,,SAMEA10021244,,,
ARMS_Getxo_G1_20200624_20201103_SF40_s1_r1:Otu180,NCBIID,,110564,,,
ARMS_Getxo_G1_20200624_20201103_SF40_s1_r1:Otu180,NCBIScientificName,,Clonostachys,,,
ARMS_Getxo_G1_20200624_20201103_SF40_s1_r1:Otu180,NCBITaxonRank,,genus,,,
ARMS_Getxo_G1_20200624_20201103_SF40_s1_r1:Otu180,fieldReplicateID,,ARMS_Getxo_G_20200624_20201103,http://vocab.nerc.ac.uk/collection/P01/current/IDSPRE01,,
ARMS_Getxo_G1_20200624_20201103_SF40_s1_r1:Otu180,technicalReplicateID,,,http://vocab.nerc.ac.uk/collection/P01/current/IDTCRE01,,
ARMS_Getxo_G1_20200624_20201103_SF40_s1_r1:Otu58,submergedTime,day,132,http://vocab.nerc.ac.uk/collection/P01/current/AZDRZZ01/,https://vocab.nerc.ac.uk/collection/P06/current/UTAA/,
ARMS_Getxo_G1_20200624_20201103_SF40_s1_r1:Otu58,preservativeUsed,,DMSO,http://vocab.nerc.ac.uk/collection/Q01/current/Q0100004/,,https://pubchem.ncbi.nlm.nih.gov/compound/679
ARMS_Getxo_G1_20200624_20201103_SF40_s1_r1:Otu58,lowerLimitFilterSize,micrometer,40,http://vocab.nerc.ac.uk/collection/Q01/current/Q0100011/,https://vocab.nerc.ac.uk/collection/P06/current/UMIC/,
ARMS_Getxo_G1_20200624_20201103_SF40_s1_r1:Otu58,sampleAccessionNumber,,SAMEA10021244,,,
ARMS_Getxo_G1_20200624_20201103_SF40_s1_r1:Otu58,NCBIID,,4751,,,
ARMS_Getxo_G1_20200624_20201103_SF40_s1_r1:Otu58,NCBIScientificName,,Fungi,,,
ARMS_Getxo_G1_20200624_20201103_SF40_s1_r1:Otu58,NCBITaxonRank,,kingdom,,,
ARMS_Getxo_G1_20200624_20201103_SF40_s1_r1:Otu58,fieldReplicateID,,ARMS_Getxo_G_20200624_20201103,http://vocab.nerc.ac.uk/collection/P01/current/IDSPRE01,,
ARMS_Getxo_G1_20200624_20201103_SF40_s1_r1:Otu58,technicalReplicateID,,,http://vocab.nerc.ac.uk/collection/P01/current/IDTCRE01,,
ARMS_Getxo_G1_20200624_20201103_SF40_s1_r1:Otu50,submergedTime,day,132,http://vocab.nerc.ac.uk/collection/P01/current/AZDRZZ01/,https://vocab.nerc.ac.uk/collection/P06/current/UTAA/,
ARMS_Getxo_G1_20200624_20201103_SF40_s1_r1:Otu50,preservativeUsed,,DMSO,http://vocab.nerc.ac.uk/collection/Q01/current/Q0100004/,,https://pubchem.ncbi.nlm.nih.gov/compound/679
ARMS_Getxo_G1_20200624_20201103_SF40_s1_r1:Otu50,lowerLimitFilterSize,micrometer,40,http://vocab.nerc.ac.uk/collection/Q01/current/Q0100011/,https://vocab.nerc.ac.uk/collection/P06/current/UMIC/,
ARMS_Getxo_G1_20200624_20201103_SF40_s1_r1:Otu50,sampleAccessionNumber,,SAMEA10021244,,,
ARMS_Getxo_G1_20200624_20201103_SF40_s1_r1:Otu50,NCBIID,,29918,,,
ARMS_Getxo_G1_20200624_20201103_SF40_s1_r1:Otu50,NCBIScientificName,,Mycosphaerella tassiana,,,
ARMS_Getxo_G1_20200624_20201103_SF40_s1_r1:Otu50,NCBITaxonRank,,species,,,
ARMS_Getxo_G1_20200624_20201103_SF40_s1_r1:Otu50,fieldReplicateID,,ARMS_Getxo_G_20200624_20201103,http://vocab.nerc.ac.uk/collection/P01/current/IDSPRE01,,
ARMS_Getxo_G1_20200624_20201103_SF40_s1_r1:Otu50,technicalReplicateID,,,http://vocab.nerc.ac.uk/collection/P01/current/IDTCRE01,,
ARMS_Getxo_G1_20200624_20201103_SF40_s1_r1:Otu51,submergedTime,day,132,http://vocab.nerc.ac.uk/collection/P01/current/AZDRZZ01/,https://vocab.nerc.ac.uk/collection/P06/current/UTAA/,
ARMS_Getxo_G1_20200624_20201103_SF40_s1_r1:Otu51,preservativeUsed,,DMSO,http://vocab.nerc.ac.uk/collection/Q01/current/Q0100004/,,https://pubchem.ncbi.nlm.nih.gov/compound/679
ARMS_Getxo_G1_20200624_20201103_SF40_s1_r1:Otu51,lowerLimitFilterSize,micrometer,40,http://vocab.nerc.ac.uk/collection/Q01/current/Q0100011/,https://vocab.nerc.ac.uk/collection/P06/current/UMIC/,
ARMS_Getxo_G1_20200624_20201103_SF40_s1_r1:Otu51,sampleAccessionNumber,,SAMEA10021244,,,
ARMS_Getxo_G1_20200624_20201103_SF40_s1_r1:Otu51,NCBIID,,887075,,,
ARMS_Getxo_G1_20200624_20201103_SF40_s1_r1:Otu51,NCBIScientificName,,Cladosporium delicatulum,,,
ARMS_Getxo_G1_20200624_20201103_SF40_s1_r1:Otu51,NCBITaxonRank,,species,,,
ARMS_Getxo_G1_20200624_20201103_SF40_s1_r1:Otu51,fieldReplicateID,,ARMS_Getxo_G_20200624_20201103,http://vocab.nerc.ac.uk/collection/P01/current/IDSPRE01,,
ARMS_Getxo_G1_20200624_20201103_SF40_s1_r1:Otu51,technicalReplicateID,,,http://vocab.nerc.ac.uk/collection/P01/current/IDTCRE01,,
ARMS_Getxo_G1_20200624_20201103_SF40_s1_r1:Otu738,submergedTime,day,132,http://vocab.nerc.ac.uk/collection/P01/current/AZDRZZ01/,https://vocab.nerc.ac.uk/collection/P06/current/UTAA/,
ARMS_Getxo_G1_20200624_20201103_SF40_s1_r1:Otu738,preservativeUsed,,DMSO,http://vocab.nerc.ac.uk/collection/Q01/current/Q0100004/,,https://pubchem.ncbi.nlm.nih.gov/compound/679
ARMS_Getxo_G1_20200624_20201103_SF40_s1_r1:Otu738,lowerLimitFilterSize,micrometer,40,http://vocab.nerc.ac.uk/collection/Q01/current/Q0100011/,https://vocab.nerc.ac.uk/collection/P06/current/UMIC/,
ARMS_Getxo_G1_20200624_20201103_SF40_s1_r1:Otu738,sampleAccessionNumber,,SAMEA10021244,,,
ARMS_Getxo_G1_20200624_20201103_SF40_s1_r1:Otu738,NCBIID,,300251,,,
ARMS_Getxo_G1_20200624_20201103_SF40_s1_r1:Otu738,NCBIScientificName,,Paraconiothyrium,,,
ARMS_Getxo_G1_20200624_20201103_SF40_s1_r1:Otu738,NCBITaxonRank,,genus,,,
ARMS_Getxo_G1_20200624_20201103_SF40_s1_r1:Otu738,fieldReplicateID,,ARMS_Getxo_G_20200624_20201103,http://vocab.nerc.ac.uk/collection/P01/current/IDSPRE01,,
ARMS_Getxo_G1_20200624_20201103_SF40_s1_r1:Otu738,technicalReplicateID,,,http://vocab.nerc.ac.uk/collection/P01/current/IDTCRE01,,
ARMS_Getxo_G1_20200624_20201103_SF40_s1_r1:Otu80,submergedTime,day,132,http://vocab.nerc.ac.uk/collection/P01/current/AZDRZZ01/,https://vocab.nerc.ac.uk/collection/P06/current/UTAA/,
ARMS_Getxo_G1_20200624_20201103_SF40_s1_r1:Otu80,preservativeUsed,,DMSO,http://vocab.nerc.ac.uk/collection/Q01/current/Q0100004/,,https://pubchem.ncbi.nlm.nih.gov/compound/679
ARMS_Getxo_G1_20200624_20201103_SF40_s1_r1:Otu80,lowerLimitFilterSize,micrometer,40,http://vocab.nerc.ac.uk/collection/Q01/current/Q0100011/,https://vocab.nerc.ac.uk/collection/P06/current/UMIC/,
ARMS_Getxo_G1_20200624_20201103_SF40_s1_r1:Otu80,sampleAccessionNumber,,SAMEA10021244,,,
ARMS_Getxo_G1_20200624_20201103_SF40_s1_r1:Otu80,NCBIID,,147550,,,
ARMS_Getxo_G1_20200624_20201103_SF40_s1_r1:Otu80,NCBIScientificName,,Sordariomycetes,,,
ARMS_Getxo_G1_20200624_20201103_SF40_s1_r1:Otu80,NCBITaxonRank,,class,,,
ARMS_Getxo_G1_20200624_20201103_SF40_s1_r1:Otu80,fieldReplicateID,,ARMS_Getxo_G_20200624_20201103,http://vocab.nerc.ac.uk/collection/P01/current/IDSPRE01,,
ARMS_Getxo_G1_20200624_20201103_SF40_s1_r1:Otu80,technicalReplicateID,,,http://vocab.nerc.ac.uk/collection/P01/current/IDTCRE01,,
ARMS_Getxo_G1_20200624_20201103_SF40_s1_r1:Otu236,submergedTime,day,132,http://vocab.nerc.ac.uk/collection/P01/current/AZDRZZ01/,https://vocab.nerc.ac.uk/collection/P06/current/UTAA/,
ARMS_Getxo_G1_20200624_20201103_SF40_s1_r1:Otu236,preservativeUsed,,DMSO,http://vocab.nerc.ac.uk/collection/Q01/current/Q0100004/,,https://pubchem.ncbi.nlm.nih.gov/compound/679
ARMS_Getxo_G1_20200624_20201103_SF40_s1_r1:Otu236,lowerLimitFilterSize,micrometer,40,http://vocab.nerc.ac.uk/collection/Q01/current/Q0100011/,https://vocab.nerc.ac.uk/collection/P06/current/UMIC/,
ARMS_Getxo_G1_20200624_20201103_SF40_s1_r1:Otu236,sampleAccessionNumber,,SAMEA10021244,,,
ARMS_Getxo_G1_20200624_20201103_SF40_s1_r1:Otu236,NCBIID,,5129,,,
ARMS_Getxo_G1_20200624_20201103_SF40_s1_r1:Otu236,NCBIScientificName,,Hypocreaceae,,,
ARMS_Getxo_G1_20200624_20201103_SF40_s1_r1:Otu236,NCBITaxonRank,,family,,,
ARMS_Getxo_G1_20200624_20201103_SF40_s1_r1:Otu236,fieldReplicateID,,ARMS_Getxo_G_20200624_20201103,http://vocab.nerc.ac.uk/collection/P01/current/IDSPRE01,,
ARMS_Getxo_G1_20200624_20201103_SF40_s1_r1:Otu236,technicalReplicateID,,,http://vocab.nerc.ac.uk/collection/P01/current/IDTCRE01,,
ARMS_Getxo_G1_20200624_20201103_SF40_s1_r1:Otu230,submergedTime,day,132,http://vocab.nerc.ac.uk/collection/P01/current/AZDRZZ01/,https://vocab.nerc.ac.uk/collection/P06/current/UTAA/,
ARMS_Getxo_G1_20200624_20201103_SF40_s1_r1:Otu230,preservativeUsed,,DMSO,http://vocab.nerc.ac.uk/collection/Q01/current/Q0100004/,,https://pubchem.ncbi.nlm.nih.gov/compound/679
ARMS_Getxo_G1_20200624_20201103_SF40_s1_r1:Otu230,lowerLimitFilterSize,micrometer,40,http://vocab.nerc.ac.uk/collection/Q01/current/Q0100011/,https://vocab.nerc.ac.uk/collection/P06/current/UMIC/,
ARMS_Getxo_G1_20200624_20201103_SF40_s1_r1:Otu230,sampleAccessionNumber,,SAMEA10021244,,,
ARMS_Getxo_G1_20200624_20201103_SF40_s1_r1:Otu230,NCBIID,,5094,,,
ARMS_Getxo_G1_20200624_20201103_SF40_s1_r1:Otu230,NCBIScientificName,,Talaromyces,,,
ARMS_Getxo_G1_20200624_20201103_SF40_s1_r1:Otu230,NCBITaxonRank,,genus,,,
ARMS_Getxo_G1_20200624_20201103_SF40_s1_r1:Otu230,fieldReplicateID,,ARMS_Getxo_G_20200624_20201103,http://vocab.nerc.ac.uk/collection/P01/current/IDSPRE01,,
ARMS_Getxo_G1_20200624_20201103_SF40_s1_r1:Otu230,technicalReplicateID,,,http://vocab.nerc.ac.uk/collection/P01/current/IDTCRE01,,
ARMS_Getxo_G1_20200624_20201103_SF40_s1_r1:Otu4,submergedTime,day,132,http://vocab.nerc.ac.uk/collection/P01/current/AZDRZZ01/,https://vocab.nerc.ac.uk/collection/P06/current/UTAA/,
ARMS_Getxo_G1_20200624_20201103_SF40_s1_r1:Otu4,preservativeUsed,,DMSO,http://vocab.nerc.ac.uk/collection/Q01/current/Q0100004/,,https://pubchem.ncbi.nlm.nih.gov/compound/679
ARMS_Getxo_G1_20200624_20201103_SF40_s1_r1:Otu4,lowerLimitFilterSize,micrometer,40,http://vocab.nerc.ac.uk/collection/Q01/current/Q0100011/,https://vocab.nerc.ac.uk/collection/P06/current/UMIC/,
ARMS_Getxo_G1_20200624_20201103_SF40_s1_r1:Otu4,sampleAccessionNumber,,SAMEA10021244,,,
ARMS_Getxo_G1_20200624_20201103_SF40_s1_r1:Otu4,NCBIID,,4959,,,
ARMS_Getxo_G1_20200624_20201103_SF40_s1_r1:Otu4,NCBIScientificName,,Debaryomyces hansenii,,,
ARMS_Getxo_G1_20200624_20201103_SF40_s1_r1:Otu4,NCBITaxonRank,,species,,,
ARMS_Getxo_G1_20200624_20201103_SF40_s1_r1:Otu4,fieldReplicateID,,ARMS_Getxo_G_20200624_20201103,http://vocab.nerc.ac.uk/collection/P01/current/IDSPRE01,,
ARMS_Getxo_G1_20200624_20201103_SF40_s1_r1:Otu4,technicalReplicateID,,,http://vocab.nerc.ac.uk/collection/P01/current/IDTCRE01,,
ARMS_Getxo_G1_20200624_20201103_SF40_s1_r1:Otu99,submergedTime,day,132,http://vocab.nerc.ac.uk/collection/P01/current/AZDRZZ01/,https://vocab.nerc.ac.uk/collection/P06/current/UTAA/,
ARMS_Getxo_G1_20200624_20201103_SF40_s1_r1:Otu99,preservativeUsed,,DMSO,http://vocab.nerc.ac.uk/collection/Q01/current/Q0100004/,,https://pubchem.ncbi.nlm.nih.gov/compound/679
ARMS_Getxo_G1_20200624_20201103_SF40_s1_r1:Otu99,lowerLimitFilterSize,micrometer,40,http://vocab.nerc.ac.uk/collection/Q01/current/Q0100011/,https://vocab.nerc.ac.uk/collection/P06/current/UMIC/,
ARMS_Getxo_G1_20200624_20201103_SF40_s1_r1:Otu99,sampleAccessionNumber,,SAMEA10021244,,,
ARMS_Getxo_G1_20200624_20201103_SF40_s1_r1:Otu99,NCBIID,,147548,,,
ARMS_Getxo_G1_20200624_20201103_SF40_s1_r1:Otu99,NCBIScientificName,,Leotiomycetes,,,
ARMS_Getxo_G1_20200624_20201103_SF40_s1_r1:Otu99,NCBITaxonRank,,class,,,
ARMS_Getxo_G1_20200624_20201103_SF40_s1_r1:Otu99,fieldReplicateID,,ARMS_Getxo_G_20200624_20201103,http://vocab.nerc.ac.uk/collection/P01/current/IDSPRE01,,
ARMS_Getxo_G1_20200624_20201103_SF40_s1_r1:Otu99,technicalReplicateID,,,http://vocab.nerc.ac.uk/collection/P01/current/IDTCRE01,,
ARMS_Getxo_G1_20200624_20201103_SF40_s1_r1:Otu95,submergedTime,day,132,http://vocab.nerc.ac.uk/collection/P01/current/AZDRZZ01/,https://vocab.nerc.ac.uk/collection/P06/current/UTAA/,
ARMS_Getxo_G1_20200624_20201103_SF40_s1_r1:Otu95,preservativeUsed,,DMSO,http://vocab.nerc.ac.uk/collection/Q01/current/Q0100004/,,https://pubchem.ncbi.nlm.nih.gov/compound/679
ARMS_Getxo_G1_20200624_20201103_SF40_s1_r1:Otu95,lowerLimitFilterSize,micrometer,40,http://vocab.nerc.ac.uk/collection/Q01/current/Q0100011/,https://vocab.nerc.ac.uk/collection/P06/current/UMIC/,
ARMS_Getxo_G1_20200624_20201103_SF40_s1_r1:Otu95,sampleAccessionNumber,,SAMEA10021244,,,
ARMS_Getxo_G1_20200624_20201103_SF40_s1_r1:Otu95,NCBIID,,293381,,,
ARMS_Getxo_G1_20200624_20201103_SF40_s1_r1:Otu95,NCBIScientificName,,Penicillium bialowiezense,,,
ARMS_Getxo_G1_20200624_20201103_SF40_s1_r1:Otu95,NCBITaxonRank,,species,,,
ARMS_Getxo_G1_20200624_20201103_SF40_s1_r1:Otu95,fieldReplicateID,,ARMS_Getxo_G_20200624_20201103,http://vocab.nerc.ac.uk/collection/P01/current/IDSPRE01,,
ARMS_Getxo_G1_20200624_20201103_SF40_s1_r1:Otu95,technicalReplicateID,,,http://vocab.nerc.ac.uk/collection/P01/current/IDTCRE01,,
ARMS_Getxo_G1_20200624_20201103_SF40_s1_r1:Otu392,submergedTime,day,132,http://vocab.nerc.ac.uk/collection/P01/current/AZDRZZ01/,https://vocab.nerc.ac.uk/collection/P06/current/UTAA/,
ARMS_Getxo_G1_20200624_20201103_SF40_s1_r1:Otu392,preservativeUsed,,DMSO,http://vocab.nerc.ac.uk/collection/Q01/current/Q0100004/,,https://pubchem.ncbi.nlm.nih.gov/compound/679
ARMS_Getxo_G1_20200624_20201103_SF40_s1_r1:Otu392,lowerLimitFilterSize,micrometer,40,http://vocab.nerc.ac.uk/collection/Q01/current/Q0100011/,https://vocab.nerc.ac.uk/collection/P06/current/UMIC/,
ARMS_Getxo_G1_20200624_20201103_SF40_s1_r1:Otu392,sampleAccessionNumber,,SAMEA10021244,,,
ARMS_Getxo_G1_20200624_20201103_SF40_s1_r1:Otu392,NCBIID,,5073,,,
ARMS_Getxo_G1_20200624_20201103_SF40_s1_r1:Otu392,NCBIScientificName,,Penicillium,,,
ARMS_Getxo_G1_20200624_20201103_SF40_s1_r1:Otu392,NCBITaxonRank,,genus,,,
ARMS_Getxo_G1_20200624_20201103_SF40_s1_r1:Otu392,fieldReplicateID,,ARMS_Getxo_G_20200624_20201103,http://vocab.nerc.ac.uk/collection/P01/current/IDSPRE01,,
ARMS_Getxo_G1_20200624_20201103_SF40_s1_r1:Otu392,technicalReplicateID,,,http://vocab.nerc.ac.uk/collection/P01/current/IDTCRE01,,
ARMS_Getxo_G1_20200624_20201103_SF40_s1_r1:Otu394,submergedTime,day,132,http://vocab.nerc.ac.uk/collection/P01/current/AZDRZZ01/,https://vocab.nerc.ac.uk/collection/P06/current/UTAA/,
ARMS_Getxo_G1_20200624_20201103_SF40_s1_r1:Otu394,preservativeUsed,,DMSO,http://vocab.nerc.ac.uk/collection/Q01/current/Q0100004/,,https://pubchem.ncbi.nlm.nih.gov/compound/679
ARMS_Getxo_G1_20200624_20201103_SF40_s1_r1:Otu394,lowerLimitFilterSize,micrometer,40,http://vocab.nerc.ac.uk/collection/Q01/current/Q0100011/,https://vocab.nerc.ac.uk/collection/P06/current/UMIC/,
ARMS_Getxo_G1_20200624_20201103_SF40_s1_r1:Otu394,sampleAccessionNumber,,SAMEA10021244,,,
ARMS_Getxo_G1_20200624_20201103_SF40_s1_r1:Otu394,NCBIID,,5042,,,
ARMS_Getxo_G1_20200624_20201103_SF40_s1_r1:Otu394,NCBIScientificName,,Eurotiales,,,
ARMS_Getxo_G1_20200624_20201103_SF40_s1_r1:Otu394,NCBITaxonRank,,order,,,
ARMS_Getxo_G1_20200624_20201103_SF40_s1_r1:Otu394,fieldReplicateID,,ARMS_Getxo_G_20200624_20201103,http://vocab.nerc.ac.uk/collection/P01/current/IDSPRE01,,
ARMS_Getxo_G1_20200624_20201103_SF40_s1_r1:Otu394,technicalReplicateID,,,http://vocab.nerc.ac.uk/collection/P01/current/IDTCRE01,,
ARMS_Getxo_G1_20200624_20201103_SF40_s1_r1:Otu712,submergedTime,day,132,http://vocab.nerc.ac.uk/collection/P01/current/AZDRZZ01/,https://vocab.nerc.ac.uk/collection/P06/current/UTAA/,
ARMS_Getxo_G1_20200624_20201103_SF40_s1_r1:Otu712,preservativeUsed,,DMSO,http://vocab.nerc.ac.uk/collection/Q01/current/Q0100004/,,https://pubchem.ncbi.nlm.nih.gov/compound/679
ARMS_Getxo_G1_20200624_20201103_SF40_s1_r1:Otu712,lowerLimitFilterSize,micrometer,40,http://vocab.nerc.ac.uk/collection/Q01/current/Q0100011/,https://vocab.nerc.ac.uk/collection/P06/current/UMIC/,
ARMS_Getxo_G1_20200624_20201103_SF40_s1_r1:Otu712,sampleAccessionNumber,,SAMEA10021244,,,
ARMS_Getxo_G1_20200624_20201103_SF40_s1_r1:Otu712,NCBIID,,5339,,,
ARMS_Getxo_G1_20200624_20201103_SF40_s1_r1:Otu712,NCBIScientificName,,Agaricaceae,,,
ARMS_Getxo_G1_20200624_20201103_SF40_s1_r1:Otu712,NCBITaxonRank,,family,,,
ARMS_Getxo_G1_20200624_20201103_SF40_s1_r1:Otu712,fieldReplicateID,,ARMS_Getxo_G_20200624_20201103,http://vocab.nerc.ac.uk/collection/P01/current/IDSPRE01,,
ARMS_Getxo_G1_20200624_20201103_SF40_s1_r1:Otu712,technicalReplicateID,,,http://vocab.nerc.ac.uk/collection/P01/current/IDTCRE01,,
ARMS_Getxo_G1_20200624_20201103_SF40_s1_r1:Otu249,submergedTime,day,132,http://vocab.nerc.ac.uk/collection/P01/current/AZDRZZ01/,https://vocab.nerc.ac.uk/collection/P06/current/UTAA/,
ARMS_Getxo_G1_20200624_20201103_SF40_s1_r1:Otu249,preservativeUsed,,DMSO,http://vocab.nerc.ac.uk/collection/Q01/current/Q0100004/,,https://pubchem.ncbi.nlm.nih.gov/compound/679
ARMS_Getxo_G1_20200624_20201103_SF40_s1_r1:Otu249,lowerLimitFilterSize,micrometer,40,http://vocab.nerc.ac.uk/collection/Q01/current/Q0100011/,https://vocab.nerc.ac.uk/collection/P06/current/UMIC/,
ARMS_Getxo_G1_20200624_20201103_SF40_s1_r1:Otu249,sampleAccessionNumber,,SAMEA10021244,,,
ARMS_Getxo_G1_20200624_20201103_SF40_s1_r1:Otu249,NCBIID,,147550,,,
ARMS_Getxo_G1_20200624_20201103_SF40_s1_r1:Otu249,NCBIScientificName,,Sordariomycetes,,,
ARMS_Getxo_G1_20200624_20201103_SF40_s1_r1:Otu249,NCBITaxonRank,,class,,,
ARMS_Getxo_G1_20200624_20201103_SF40_s1_r1:Otu249,fieldReplicateID,,ARMS_Getxo_G_20200624_20201103,http://vocab.nerc.ac.uk/collection/P01/current/IDSPRE01,,
ARMS_Getxo_G1_20200624_20201103_SF40_s1_r1:Otu249,technicalReplicateID,,,http://vocab.nerc.ac.uk/collection/P01/current/IDTCRE01,,
ARMS_Getxo_G1_20200624_20201103_SF40_s1_r1:Otu527,submergedTime,day,132,http://vocab.nerc.ac.uk/collection/P01/current/AZDRZZ01/,https://vocab.nerc.ac.uk/collection/P06/current/UTAA/,
ARMS_Getxo_G1_20200624_20201103_SF40_s1_r1:Otu527,preservativeUsed,,DMSO,http://vocab.nerc.ac.uk/collection/Q01/current/Q0100004/,,https://pubchem.ncbi.nlm.nih.gov/compound/679
ARMS_Getxo_G1_20200624_20201103_SF40_s1_r1:Otu527,lowerLimitFilterSize,micrometer,40,http://vocab.nerc.ac.uk/collection/Q01/current/Q0100011/,https://vocab.nerc.ac.uk/collection/P06/current/UMIC/,
ARMS_Getxo_G1_20200624_20201103_SF40_s1_r1:Otu527,sampleAccessionNumber,,SAMEA10021244,,,
ARMS_Getxo_G1_20200624_20201103_SF40_s1_r1:Otu527,NCBIID,,92950,,,
ARMS_Getxo_G1_20200624_20201103_SF40_s1_r1:Otu527,NCBIScientificName,,Cladosporium sphaerospermum,,,
ARMS_Getxo_G1_20200624_20201103_SF40_s1_r1:Otu527,NCBITaxonRank,,species,,,
ARMS_Getxo_G1_20200624_20201103_SF40_s1_r1:Otu527,fieldReplicateID,,ARMS_Getxo_G_20200624_20201103,http://vocab.nerc.ac.uk/collection/P01/current/IDSPRE01,,
ARMS_Getxo_G1_20200624_20201103_SF40_s1_r1:Otu527,technicalReplicateID,,,http://vocab.nerc.ac.uk/collection/P01/current/IDTCRE01,,
ARMS_Getxo_G1_20200624_20201103_SF40_s1_r1:Otu254,submergedTime,day,132,http://vocab.nerc.ac.uk/collection/P01/current/AZDRZZ01/,https://vocab.nerc.ac.uk/collection/P06/current/UTAA/,
ARMS_Getxo_G1_20200624_20201103_SF40_s1_r1:Otu254,preservativeUsed,,DMSO,http://vocab.nerc.ac.uk/collection/Q01/current/Q0100004/,,https://pubchem.ncbi.nlm.nih.gov/compound/679
ARMS_Getxo_G1_20200624_20201103_SF40_s1_r1:Otu254,lowerLimitFilterSize,micrometer,40,http://vocab.nerc.ac.uk/collection/Q01/current/Q0100011/,https://vocab.nerc.ac.uk/collection/P06/current/UMIC/,
ARMS_Getxo_G1_20200624_20201103_SF40_s1_r1:Otu254,sampleAccessionNumber,,SAMEA10021244,,,
ARMS_Getxo_G1_20200624_20201103_SF40_s1_r1:Otu254,NCBIID,,45515,,,
ARMS_Getxo_G1_20200624_20201103_SF40_s1_r1:Otu254,NCBIScientificName,,Yamadazyma triangularis,,,
ARMS_Getxo_G1_20200624_20201103_SF40_s1_r1:Otu254,NCBITaxonRank,,species,,,
ARMS_Getxo_G1_20200624_20201103_SF40_s1_r1:Otu254,fieldReplicateID,,ARMS_Getxo_G_20200624_20201103,http://vocab.nerc.ac.uk/collection/P01/current/IDSPRE01,,
ARMS_Getxo_G1_20200624_20201103_SF40_s1_r1:Otu254,technicalReplicateID,,,http://vocab.nerc.ac.uk/collection/P01/current/IDTCRE01,,
ARMS_Getxo_G1_20200624_20201103_SF40_s1_r1:Otu256,submergedTime,day,132,http://vocab.nerc.ac.uk/collection/P01/current/AZDRZZ01/,https://vocab.nerc.ac.uk/collection/P06/current/UTAA/,
ARMS_Getxo_G1_20200624_20201103_SF40_s1_r1:Otu256,preservativeUsed,,DMSO,http://vocab.nerc.ac.uk/collection/Q01/current/Q0100004/,,https://pubchem.ncbi.nlm.nih.gov/compound/679
ARMS_Getxo_G1_20200624_20201103_SF40_s1_r1:Otu256,lowerLimitFilterSize,micrometer,40,http://vocab.nerc.ac.uk/collection/Q01/current/Q0100011/,https://vocab.nerc.ac.uk/collection/P06/current/UMIC/,
ARMS_Getxo_G1_20200624_20201103_SF40_s1_r1:Otu256,sampleAccessionNumber,,SAMEA10021244,,,
ARMS_Getxo_G1_20200624_20201103_SF40_s1_r1:Otu256,NCBIID,,147545,,,
ARMS_Getxo_G1_20200624_20201103_SF40_s1_r1:Otu256,NCBIScientificName,,Eurotiomycetes,,,
ARMS_Getxo_G1_20200624_20201103_SF40_s1_r1:Otu256,NCBITaxonRank,,class,,,
ARMS_Getxo_G1_20200624_20201103_SF40_s1_r1:Otu256,fieldReplicateID,,ARMS_Getxo_G_20200624_20201103,http://vocab.nerc.ac.uk/collection/P01/current/IDSPRE01,,
ARMS_Getxo_G1_20200624_20201103_SF40_s1_r1:Otu256,technicalReplicateID,,,http://vocab.nerc.ac.uk/collection/P01/current/IDTCRE01,,
ARMS_Getxo_G1_20200624_20201103_SF40_s1_r1:Otu259,submergedTime,day,132,http://vocab.nerc.ac.uk/collection/P01/current/AZDRZZ01/,https://vocab.nerc.ac.uk/collection/P06/current/UTAA/,
ARMS_Getxo_G1_20200624_20201103_SF40_s1_r1:Otu259,preservativeUsed,,DMSO,http://vocab.nerc.ac.uk/collection/Q01/current/Q0100004/,,https://pubchem.ncbi.nlm.nih.gov/compound/679
ARMS_Getxo_G1_20200624_20201103_SF40_s1_r1:Otu259,lowerLimitFilterSize,micrometer,40,http://vocab.nerc.ac.uk/collection/Q01/current/Q0100011/,https://vocab.nerc.ac.uk/collection/P06/current/UMIC/,
ARMS_Getxo_G1_20200624_20201103_SF40_s1_r1:Otu259,sampleAccessionNumber,,SAMEA10021244,,,
ARMS_Getxo_G1_20200624_20201103_SF40_s1_r1:Otu259,NCBIID,,452342,,,
ARMS_Getxo_G1_20200624_20201103_SF40_s1_r1:Otu259,NCBIScientificName,,Russulales,,,
ARMS_Getxo_G1_20200624_20201103_SF40_s1_r1:Otu259,NCBITaxonRank,,order,,,
ARMS_Getxo_G1_20200624_20201103_SF40_s1_r1:Otu259,fieldReplicateID,,ARMS_Getxo_G_20200624_20201103,http://vocab.nerc.ac.uk/collection/P01/current/IDSPRE01,,
ARMS_Getxo_G1_20200624_20201103_SF40_s1_r1:Otu259,technicalReplicateID,,,http://vocab.nerc.ac.uk/collection/P01/current/IDTCRE01,,
ARMS_Getxo_G1_20200624_20201103_SF40_s1_r1:Otu463,submergedTime,day,132,http://vocab.nerc.ac.uk/collection/P01/current/AZDRZZ01/,https://vocab.nerc.ac.uk/collection/P06/current/UTAA/,
ARMS_Getxo_G1_20200624_20201103_SF40_s1_r1:Otu463,preservativeUsed,,DMSO,http://vocab.nerc.ac.uk/collection/Q01/current/Q0100004/,,https://pubchem.ncbi.nlm.nih.gov/compound/679
ARMS_Getxo_G1_20200624_20201103_SF40_s1_r1:Otu463,lowerLimitFilterSize,micrometer,40,http://vocab.nerc.ac.uk/collection/Q01/current/Q0100011/,https://vocab.nerc.ac.uk/collection/P06/current/UMIC/,
ARMS_Getxo_G1_20200624_20201103_SF40_s1_r1:Otu463,sampleAccessionNumber,,SAMEA10021244,,,
ARMS_Getxo_G1_20200624_20201103_SF40_s1_r1:Otu463,NCBIID,,5529,,,
ARMS_Getxo_G1_20200624_20201103_SF40_s1_r1:Otu463,NCBIScientificName,,Metarhizium,,,
ARMS_Getxo_G1_20200624_20201103_SF40_s1_r1:Otu463,NCBITaxonRank,,genus,,,
ARMS_Getxo_G1_20200624_20201103_SF40_s1_r1:Otu463,fieldReplicateID,,ARMS_Getxo_G_20200624_20201103,http://vocab.nerc.ac.uk/collection/P01/current/IDSPRE01,,
ARMS_Getxo_G1_20200624_20201103_SF40_s1_r1:Otu463,technicalReplicateID,,,http://vocab.nerc.ac.uk/collection/P01/current/IDTCRE01,,
ARMS_Getxo_G1_20200624_20201103_SF40_s1_r1:Otu601,submergedTime,day,132,http://vocab.nerc.ac.uk/collection/P01/current/AZDRZZ01/,https://vocab.nerc.ac.uk/collection/P06/current/UTAA/,
ARMS_Getxo_G1_20200624_20201103_SF40_s1_r1:Otu601,preservativeUsed,,DMSO,http://vocab.nerc.ac.uk/collection/Q01/current/Q0100004/,,https://pubchem.ncbi.nlm.nih.gov/compound/679
ARMS_Getxo_G1_20200624_20201103_SF40_s1_r1:Otu601,lowerLimitFilterSize,micrometer,40,http://vocab.nerc.ac.uk/collection/Q01/current/Q0100011/,https://vocab.nerc.ac.uk/collection/P06/current/UMIC/,
ARMS_Getxo_G1_20200624_20201103_SF40_s1_r1:Otu601,sampleAccessionNumber,,SAMEA10021244,,,
ARMS_Getxo_G1_20200624_20201103_SF40_s1_r1:Otu601,NCBIID,,147545,,,
ARMS_Getxo_G1_20200624_20201103_SF40_s1_r1:Otu601,NCBIScientificName,,Eurotiomycetes,,,
ARMS_Getxo_G1_20200624_20201103_SF40_s1_r1:Otu601,NCBITaxonRank,,class,,,
ARMS_Getxo_G1_20200624_20201103_SF40_s1_r1:Otu601,fieldReplicateID,,ARMS_Getxo_G_20200624_20201103,http://vocab.nerc.ac.uk/collection/P01/current/IDSPRE01,,
ARMS_Getxo_G1_20200624_20201103_SF40_s1_r1:Otu601,technicalReplicateID,,,http://vocab.nerc.ac.uk/collection/P01/current/IDTCRE01,,
ARMS_Getxo_G1_20200624_20201103_SF40_s1_r1:Otu269,submergedTime,day,132,http://vocab.nerc.ac.uk/collection/P01/current/AZDRZZ01/,https://vocab.nerc.ac.uk/collection/P06/current/UTAA/,
ARMS_Getxo_G1_20200624_20201103_SF40_s1_r1:Otu269,preservativeUsed,,DMSO,http://vocab.nerc.ac.uk/collection/Q01/current/Q0100004/,,https://pubchem.ncbi.nlm.nih.gov/compound/679
ARMS_Getxo_G1_20200624_20201103_SF40_s1_r1:Otu269,lowerLimitFilterSize,micrometer,40,http://vocab.nerc.ac.uk/collection/Q01/current/Q0100011/,https://vocab.nerc.ac.uk/collection/P06/current/UMIC/,
ARMS_Getxo_G1_20200624_20201103_SF40_s1_r1:Otu269,sampleAccessionNumber,,SAMEA10021244,,,
ARMS_Getxo_G1_20200624_20201103_SF40_s1_r1:Otu269,NCBIID,,5073,,,
ARMS_Getxo_G1_20200624_20201103_SF40_s1_r1:Otu269,NCBIScientificName,,Penicillium,,,
ARMS_Getxo_G1_20200624_20201103_SF40_s1_r1:Otu269,NCBITaxonRank,,genus,,,
ARMS_Getxo_G1_20200624_20201103_SF40_s1_r1:Otu269,fieldReplicateID,,ARMS_Getxo_G_20200624_20201103,http://vocab.nerc.ac.uk/collection/P01/current/IDSPRE01,,
ARMS_Getxo_G1_20200624_20201103_SF40_s1_r1:Otu269,technicalReplicateID,,,http://vocab.nerc.ac.uk/collection/P01/current/IDTCRE01,,
ARMS_Getxo_G1_20200624_20201103_SF40_s1_r1:Otu266,submergedTime,day,132,http://vocab.nerc.ac.uk/collection/P01/current/AZDRZZ01/,https://vocab.nerc.ac.uk/collection/P06/current/UTAA/,
ARMS_Getxo_G1_20200624_20201103_SF40_s1_r1:Otu266,preservativeUsed,,DMSO,http://vocab.nerc.ac.uk/collection/Q01/current/Q0100004/,,https://pubchem.ncbi.nlm.nih.gov/compound/679
ARMS_Getxo_G1_20200624_20201103_SF40_s1_r1:Otu266,lowerLimitFilterSize,micrometer,40,http://vocab.nerc.ac.uk/collection/Q01/current/Q0100011/,https://vocab.nerc.ac.uk/collection/P06/current/UMIC/,
ARMS_Getxo_G1_20200624_20201103_SF40_s1_r1:Otu266,sampleAccessionNumber,,SAMEA10021244,,,
ARMS_Getxo_G1_20200624_20201103_SF40_s1_r1:Otu266,NCBIID,,5543,,,
ARMS_Getxo_G1_20200624_20201103_SF40_s1_r1:Otu266,NCBIScientificName,,Trichoderma,,,
ARMS_Getxo_G1_20200624_20201103_SF40_s1_r1:Otu266,NCBITaxonRank,,genus,,,
ARMS_Getxo_G1_20200624_20201103_SF40_s1_r1:Otu266,fieldReplicateID,,ARMS_Getxo_G_20200624_20201103,http://vocab.nerc.ac.uk/collection/P01/current/IDSPRE01,,
ARMS_Getxo_G1_20200624_20201103_SF40_s1_r1:Otu266,technicalReplicateID,,,http://vocab.nerc.ac.uk/collection/P01/current/IDTCRE01,,
ARMS_Getxo_G1_20200624_20201103_SF40_s1_r1:Otu263,submergedTime,day,132,http://vocab.nerc.ac.uk/collection/P01/current/AZDRZZ01/,https://vocab.nerc.ac.uk/collection/P06/current/UTAA/,
ARMS_Getxo_G1_20200624_20201103_SF40_s1_r1:Otu263,preservativeUsed,,DMSO,http://vocab.nerc.ac.uk/collection/Q01/current/Q0100004/,,https://pubchem.ncbi.nlm.nih.gov/compound/679
ARMS_Getxo_G1_20200624_20201103_SF40_s1_r1:Otu263,lowerLimitFilterSize,micrometer,40,http://vocab.nerc.ac.uk/collection/Q01/current/Q0100011/,https://vocab.nerc.ac.uk/collection/P06/current/UMIC/,
ARMS_Getxo_G1_20200624_20201103_SF40_s1_r1:Otu263,sampleAccessionNumber,,SAMEA10021244,,,
ARMS_Getxo_G1_20200624_20201103_SF40_s1_r1:Otu263,NCBIID,,4892,,,
ARMS_Getxo_G1_20200624_20201103_SF40_s1_r1:Otu263,NCBIScientificName,,Saccharomycetales,,,
ARMS_Getxo_G1_20200624_20201103_SF40_s1_r1:Otu263,NCBITaxonRank,,order,,,
ARMS_Getxo_G1_20200624_20201103_SF40_s1_r1:Otu263,fieldReplicateID,,ARMS_Getxo_G_20200624_20201103,http://vocab.nerc.ac.uk/collection/P01/current/IDSPRE01,,
ARMS_Getxo_G1_20200624_20201103_SF40_s1_r1:Otu263,technicalReplicateID,,,http://vocab.nerc.ac.uk/collection/P01/current/IDTCRE01,,
ARMS_Getxo_G1_20200624_20201103_SF40_s1_r1:Otu110,submergedTime,day,132,http://vocab.nerc.ac.uk/collection/P01/current/AZDRZZ01/,https://vocab.nerc.ac.uk/collection/P06/current/UTAA/,
ARMS_Getxo_G1_20200624_20201103_SF40_s1_r1:Otu110,preservativeUsed,,DMSO,http://vocab.nerc.ac.uk/collection/Q01/current/Q0100004/,,https://pubchem.ncbi.nlm.nih.gov/compound/679
ARMS_Getxo_G1_20200624_20201103_SF40_s1_r1:Otu110,lowerLimitFilterSize,micrometer,40,http://vocab.nerc.ac.uk/collection/Q01/current/Q0100011/,https://vocab.nerc.ac.uk/collection/P06/current/UMIC/,
ARMS_Getxo_G1_20200624_20201103_SF40_s1_r1:Otu110,sampleAccessionNumber,,SAMEA10021244,,,
ARMS_Getxo_G1_20200624_20201103_SF40_s1_r1:Otu110,NCBIID,,230796,,,
ARMS_Getxo_G1_20200624_20201103_SF40_s1_r1:Otu110,NCBIScientificName,,Lacrymaria lacrymabunda,,,
ARMS_Getxo_G1_20200624_20201103_SF40_s1_r1:Otu110,NCBITaxonRank,,species,,,
ARMS_Getxo_G1_20200624_20201103_SF40_s1_r1:Otu110,fieldReplicateID,,ARMS_Getxo_G_20200624_20201103,http://vocab.nerc.ac.uk/collection/P01/current/IDSPRE01,,
ARMS_Getxo_G1_20200624_20201103_SF40_s1_r1:Otu110,technicalReplicateID,,,http://vocab.nerc.ac.uk/collection/P01/current/IDTCRE01,,
ARMS_Getxo_G1_20200624_20201103_SF40_s1_r1:Otu283,submergedTime,day,132,http://vocab.nerc.ac.uk/collection/P01/current/AZDRZZ01/,https://vocab.nerc.ac.uk/collection/P06/current/UTAA/,
ARMS_Getxo_G1_20200624_20201103_SF40_s1_r1:Otu283,preservativeUsed,,DMSO,http://vocab.nerc.ac.uk/collection/Q01/current/Q0100004/,,https://pubchem.ncbi.nlm.nih.gov/compound/679
ARMS_Getxo_G1_20200624_20201103_SF40_s1_r1:Otu283,lowerLimitFilterSize,micrometer,40,http://vocab.nerc.ac.uk/collection/Q01/current/Q0100011/,https://vocab.nerc.ac.uk/collection/P06/current/UMIC/,
ARMS_Getxo_G1_20200624_20201103_SF40_s1_r1:Otu283,sampleAccessionNumber,,SAMEA10021244,,,
ARMS_Getxo_G1_20200624_20201103_SF40_s1_r1:Otu283,NCBIID,,34457,,,
ARMS_Getxo_G1_20200624_20201103_SF40_s1_r1:Otu283,NCBIScientificName,,Ganoderma australe,,,
ARMS_Getxo_G1_20200624_20201103_SF40_s1_r1:Otu283,NCBITaxonRank,,species,,,
ARMS_Getxo_G1_20200624_20201103_SF40_s1_r1:Otu283,fieldReplicateID,,ARMS_Getxo_G_20200624_20201103,http://vocab.nerc.ac.uk/collection/P01/current/IDSPRE01,,
ARMS_Getxo_G1_20200624_20201103_SF40_s1_r1:Otu283,technicalReplicateID,,,http://vocab.nerc.ac.uk/collection/P01/current/IDTCRE01,,
ARMS_Getxo_G1_20200624_20201103_SF40_s1_r1:Otu298,submergedTime,day,132,http://vocab.nerc.ac.uk/collection/P01/current/AZDRZZ01/,https://vocab.nerc.ac.uk/collection/P06/current/UTAA/,
ARMS_Getxo_G1_20200624_20201103_SF40_s1_r1:Otu298,preservativeUsed,,DMSO,http://vocab.nerc.ac.uk/collection/Q01/current/Q0100004/,,https://pubchem.ncbi.nlm.nih.gov/compound/679
ARMS_Getxo_G1_20200624_20201103_SF40_s1_r1:Otu298,lowerLimitFilterSize,micrometer,40,http://vocab.nerc.ac.uk/collection/Q01/current/Q0100011/,https://vocab.nerc.ac.uk/collection/P06/current/UMIC/,
ARMS_Getxo_G1_20200624_20201103_SF40_s1_r1:Otu298,sampleAccessionNumber,,SAMEA10021244,,,
ARMS_Getxo_G1_20200624_20201103_SF40_s1_r1:Otu298,NCBIID,,5178,,,
ARMS_Getxo_G1_20200624_20201103_SF40_s1_r1:Otu298,NCBIScientificName,,Helotiales,,,
ARMS_Getxo_G1_20200624_20201103_SF40_s1_r1:Otu298,NCBITaxonRank,,order,,,
ARMS_Getxo_G1_20200624_20201103_SF40_s1_r1:Otu298,fieldReplicateID,,ARMS_Getxo_G_20200624_20201103,http://vocab.nerc.ac.uk/collection/P01/current/IDSPRE01,,
ARMS_Getxo_G1_20200624_20201103_SF40_s1_r1:Otu298,technicalReplicateID,,,http://vocab.nerc.ac.uk/collection/P01/current/IDTCRE01,,
ARMS_Getxo_G1_20200624_20201103_SF40_s1_r1:Otu322,submergedTime,day,132,http://vocab.nerc.ac.uk/collection/P01/current/AZDRZZ01/,https://vocab.nerc.ac.uk/collection/P06/current/UTAA/,
ARMS_Getxo_G1_20200624_20201103_SF40_s1_r1:Otu322,preservativeUsed,,DMSO,http://vocab.nerc.ac.uk/collection/Q01/current/Q0100004/,,https://pubchem.ncbi.nlm.nih.gov/compound/679
ARMS_Getxo_G1_20200624_20201103_SF40_s1_r1:Otu322,lowerLimitFilterSize,micrometer,40,http://vocab.nerc.ac.uk/collection/Q01/current/Q0100011/,https://vocab.nerc.ac.uk/collection/P06/current/UMIC/,
ARMS_Getxo_G1_20200624_20201103_SF40_s1_r1:Otu322,sampleAccessionNumber,,SAMEA10021244,,,
ARMS_Getxo_G1_20200624_20201103_SF40_s1_r1:Otu322,NCBIID,,92860,,,
ARMS_Getxo_G1_20200624_20201103_SF40_s1_r1:Otu322,NCBIScientificName,,Pleosporales,,,
ARMS_Getxo_G1_20200624_20201103_SF40_s1_r1:Otu322,NCBITaxonRank,,order,,,
ARMS_Getxo_G1_20200624_20201103_SF40_s1_r1:Otu322,fieldReplicateID,,ARMS_Getxo_G_20200624_20201103,http://vocab.nerc.ac.uk/collection/P01/current/IDSPRE01,,
ARMS_Getxo_G1_20200624_20201103_SF40_s1_r1:Otu322,technicalReplicateID,,,http://vocab.nerc.ac.uk/collection/P01/current/IDTCRE01,,
ARMS_Getxo_G1_20200624_20201103_SF40_s1_r1:Otu1381,submergedTime,day,132,http://vocab.nerc.ac.uk/collection/P01/current/AZDRZZ01/,https://vocab.nerc.ac.uk/collection/P06/current/UTAA/,
ARMS_Getxo_G1_20200624_20201103_SF40_s1_r1:Otu1381,preservativeUsed,,DMSO,http://vocab.nerc.ac.uk/collection/Q01/current/Q0100004/,,https://pubchem.ncbi.nlm.nih.gov/compound/679
ARMS_Getxo_G1_20200624_20201103_SF40_s1_r1:Otu1381,lowerLimitFilterSize,micrometer,40,http://vocab.nerc.ac.uk/collection/Q01/current/Q0100011/,https://vocab.nerc.ac.uk/collection/P06/current/UMIC/,
ARMS_Getxo_G1_20200624_20201103_SF40_s1_r1:Otu1381,sampleAccessionNumber,,SAMEA10021244,,,
ARMS_Getxo_G1_20200624_20201103_SF40_s1_r1:Otu1381,NCBIID,,147550,,,
ARMS_Getxo_G1_20200624_20201103_SF40_s1_r1:Otu1381,NCBIScientificName,,Sordariomycetes,,,
ARMS_Getxo_G1_20200624_20201103_SF40_s1_r1:Otu1381,NCBITaxonRank,,class,,,
ARMS_Getxo_G1_20200624_20201103_SF40_s1_r1:Otu1381,fieldReplicateID,,ARMS_Getxo_G_20200624_20201103,http://vocab.nerc.ac.uk/collection/P01/current/IDSPRE01,,
ARMS_Getxo_G1_20200624_20201103_SF40_s1_r1:Otu1381,technicalReplicateID,,,http://vocab.nerc.ac.uk/collection/P01/current/IDTCRE01,,
ARMS_Getxo_G1_20200624_20201103_SF40_s1_r1:Otu148,submergedTime,day,132,http://vocab.nerc.ac.uk/collection/P01/current/AZDRZZ01/,https://vocab.nerc.ac.uk/collection/P06/current/UTAA/,
ARMS_Getxo_G1_20200624_20201103_SF40_s1_r1:Otu148,preservativeUsed,,DMSO,http://vocab.nerc.ac.uk/collection/Q01/current/Q0100004/,,https://pubchem.ncbi.nlm.nih.gov/compound/679
ARMS_Getxo_G1_20200624_20201103_SF40_s1_r1:Otu148,lowerLimitFilterSize,micrometer,40,http://vocab.nerc.ac.uk/collection/Q01/current/Q0100011/,https://vocab.nerc.ac.uk/collection/P06/current/UMIC/,
ARMS_Getxo_G1_20200624_20201103_SF40_s1_r1:Otu148,sampleAccessionNumber,,SAMEA10021244,,,
ARMS_Getxo_G1_20200624_20201103_SF40_s1_r1:Otu148,NCBIID,,5338,,,
ARMS_Getxo_G1_20200624_20201103_SF40_s1_r1:Otu148,NCBIScientificName,,Agaricales,,,
ARMS_Getxo_G1_20200624_20201103_SF40_s1_r1:Otu148,NCBITaxonRank,,order,,,
ARMS_Getxo_G1_20200624_20201103_SF40_s1_r1:Otu148,fieldReplicateID,,ARMS_Getxo_G_20200624_20201103,http://vocab.nerc.ac.uk/collection/P01/current/IDSPRE01,,
ARMS_Getxo_G1_20200624_20201103_SF40_s1_r1:Otu148,technicalReplicateID,,,http://vocab.nerc.ac.uk/collection/P01/current/IDTCRE01,,
ARMS_Getxo_G1_20200624_20201103_SF40_s1_r1:Otu597,submergedTime,day,132,http://vocab.nerc.ac.uk/collection/P01/current/AZDRZZ01/,https://vocab.nerc.ac.uk/collection/P06/current/UTAA/,
ARMS_Getxo_G1_20200624_20201103_SF40_s1_r1:Otu597,preservativeUsed,,DMSO,http://vocab.nerc.ac.uk/collection/Q01/current/Q0100004/,,https://pubchem.ncbi.nlm.nih.gov/compound/679
ARMS_Getxo_G1_20200624_20201103_SF40_s1_r1:Otu597,lowerLimitFilterSize,micrometer,40,http://vocab.nerc.ac.uk/collection/Q01/current/Q0100011/,https://vocab.nerc.ac.uk/collection/P06/current/UMIC/,
ARMS_Getxo_G1_20200624_20201103_SF40_s1_r1:Otu597,sampleAccessionNumber,,SAMEA10021244,,,
ARMS_Getxo_G1_20200624_20201103_SF40_s1_r1:Otu597,NCBIID,,28568,,,
ARMS_Getxo_G1_20200624_20201103_SF40_s1_r1:Otu597,NCBIScientificName,,Trichocomaceae,,,
ARMS_Getxo_G1_20200624_20201103_SF40_s1_r1:Otu597,NCBITaxonRank,,family,,,
ARMS_Getxo_G1_20200624_20201103_SF40_s1_r1:Otu597,fieldReplicateID,,ARMS_Getxo_G_20200624_20201103,http://vocab.nerc.ac.uk/collection/P01/current/IDSPRE01,,
ARMS_Getxo_G1_20200624_20201103_SF40_s1_r1:Otu597,technicalReplicateID,,,http://vocab.nerc.ac.uk/collection/P01/current/IDTCRE01,,
ARMS_Getxo_G1_20200624_20201103_SF40_s1_r1:Otu244,submergedTime,day,132,http://vocab.nerc.ac.uk/collection/P01/current/AZDRZZ01/,https://vocab.nerc.ac.uk/collection/P06/current/UTAA/,
ARMS_Getxo_G1_20200624_20201103_SF40_s1_r1:Otu244,preservativeUsed,,DMSO,http://vocab.nerc.ac.uk/collection/Q01/current/Q0100004/,,https://pubchem.ncbi.nlm.nih.gov/compound/679
ARMS_Getxo_G1_20200624_20201103_SF40_s1_r1:Otu244,lowerLimitFilterSize,micrometer,40,http://vocab.nerc.ac.uk/collection/Q01/current/Q0100011/,https://vocab.nerc.ac.uk/collection/P06/current/UMIC/,
ARMS_Getxo_G1_20200624_20201103_SF40_s1_r1:Otu244,sampleAccessionNumber,,SAMEA10021244,,,
ARMS_Getxo_G1_20200624_20201103_SF40_s1_r1:Otu244,NCBIID,,5139,,,
ARMS_Getxo_G1_20200624_20201103_SF40_s1_r1:Otu244,NCBIScientificName,,Sordariales,,,
ARMS_Getxo_G1_20200624_20201103_SF40_s1_r1:Otu244,NCBITaxonRank,,order,,,
ARMS_Getxo_G1_20200624_20201103_SF40_s1_r1:Otu244,fieldReplicateID,,ARMS_Getxo_G_20200624_20201103,http://vocab.nerc.ac.uk/collection/P01/current/IDSPRE01,,
ARMS_Getxo_G1_20200624_20201103_SF40_s1_r1:Otu244,technicalReplicateID,,,http://vocab.nerc.ac.uk/collection/P01/current/IDTCRE01,,
ARMS_Getxo_G1_20200624_20201103_SF40_s1_r1:Otu245,submergedTime,day,132,http://vocab.nerc.ac.uk/collection/P01/current/AZDRZZ01/,https://vocab.nerc.ac.uk/collection/P06/current/UTAA/,
ARMS_Getxo_G1_20200624_20201103_SF40_s1_r1:Otu245,preservativeUsed,,DMSO,http://vocab.nerc.ac.uk/collection/Q01/current/Q0100004/,,https://pubchem.ncbi.nlm.nih.gov/compound/679
ARMS_Getxo_G1_20200624_20201103_SF40_s1_r1:Otu245,lowerLimitFilterSize,micrometer,40,http://vocab.nerc.ac.uk/collection/Q01/current/Q0100011/,https://vocab.nerc.ac.uk/collection/P06/current/UMIC/,
ARMS_Getxo_G1_20200624_20201103_SF40_s1_r1:Otu245,sampleAccessionNumber,,SAMEA10021244,,,
ARMS_Getxo_G1_20200624_20201103_SF40_s1_r1:Otu245,NCBIID,,103887,,,
ARMS_Getxo_G1_20200624_20201103_SF40_s1_r1:Otu245,NCBIScientificName,,Bionectriaceae,,,
ARMS_Getxo_G1_20200624_20201103_SF40_s1_r1:Otu245,NCBITaxonRank,,family,,,
ARMS_Getxo_G1_20200624_20201103_SF40_s1_r1:Otu245,fieldReplicateID,,ARMS_Getxo_G_20200624_20201103,http://vocab.nerc.ac.uk/collection/P01/current/IDSPRE01,,
ARMS_Getxo_G1_20200624_20201103_SF40_s1_r1:Otu245,technicalReplicateID,,,http://vocab.nerc.ac.uk/collection/P01/current/IDTCRE01,,
ARMS_Getxo_G1_20200624_20201103_SF40_s1_r1:Otu29,submergedTime,day,132,http://vocab.nerc.ac.uk/collection/P01/current/AZDRZZ01/,https://vocab.nerc.ac.uk/collection/P06/current/UTAA/,
ARMS_Getxo_G1_20200624_20201103_SF40_s1_r1:Otu29,preservativeUsed,,DMSO,http://vocab.nerc.ac.uk/collection/Q01/current/Q0100004/,,https://pubchem.ncbi.nlm.nih.gov/compound/679
ARMS_Getxo_G1_20200624_20201103_SF40_s1_r1:Otu29,lowerLimitFilterSize,micrometer,40,http://vocab.nerc.ac.uk/collection/Q01/current/Q0100011/,https://vocab.nerc.ac.uk/collection/P06/current/UMIC/,
ARMS_Getxo_G1_20200624_20201103_SF40_s1_r1:Otu29,sampleAccessionNumber,,SAMEA10021244,,,
ARMS_Getxo_G1_20200624_20201103_SF40_s1_r1:Otu29,NCBIID,,5543,,,
ARMS_Getxo_G1_20200624_20201103_SF40_s1_r1:Otu29,NCBIScientificName,,Trichoderma,,,
ARMS_Getxo_G1_20200624_20201103_SF40_s1_r1:Otu29,NCBITaxonRank,,genus,,,
ARMS_Getxo_G1_20200624_20201103_SF40_s1_r1:Otu29,fieldReplicateID,,ARMS_Getxo_G_20200624_20201103,http://vocab.nerc.ac.uk/collection/P01/current/IDSPRE01,,
ARMS_Getxo_G1_20200624_20201103_SF40_s1_r1:Otu29,technicalReplicateID,,,http://vocab.nerc.ac.uk/collection/P01/current/IDTCRE01,,
ARMS_Getxo_G1_20200624_20201103_SF40_s1_r1:Otu28,submergedTime,day,132,http://vocab.nerc.ac.uk/collection/P01/current/AZDRZZ01/,https://vocab.nerc.ac.uk/collection/P06/current/UTAA/,
ARMS_Getxo_G1_20200624_20201103_SF40_s1_r1:Otu28,preservativeUsed,,DMSO,http://vocab.nerc.ac.uk/collection/Q01/current/Q0100004/,,https://pubchem.ncbi.nlm.nih.gov/compound/679
ARMS_Getxo_G1_20200624_20201103_SF40_s1_r1:Otu28,lowerLimitFilterSize,micrometer,40,http://vocab.nerc.ac.uk/collection/Q01/current/Q0100011/,https://vocab.nerc.ac.uk/collection/P06/current/UMIC/,
ARMS_Getxo_G1_20200624_20201103_SF40_s1_r1:Otu28,sampleAccessionNumber,,SAMEA10021244,,,
ARMS_Getxo_G1_20200624_20201103_SF40_s1_r1:Otu28,NCBIID,,4892,,,
ARMS_Getxo_G1_20200624_20201103_SF40_s1_r1:Otu28,NCBIScientificName,,Saccharomycetales,,,
ARMS_Getxo_G1_20200624_20201103_SF40_s1_r1:Otu28,NCBITaxonRank,,order,,,
ARMS_Getxo_G1_20200624_20201103_SF40_s1_r1:Otu28,fieldReplicateID,,ARMS_Getxo_G_20200624_20201103,http://vocab.nerc.ac.uk/collection/P01/current/IDSPRE01,,
ARMS_Getxo_G1_20200624_20201103_SF40_s1_r1:Otu28,technicalReplicateID,,,http://vocab.nerc.ac.uk/collection/P01/current/IDTCRE01,,
ARMS_Getxo_G1_20200624_20201103_SF40_s1_r1:Otu26,submergedTime,day,132,http://vocab.nerc.ac.uk/collection/P01/current/AZDRZZ01/,https://vocab.nerc.ac.uk/collection/P06/current/UTAA/,
ARMS_Getxo_G1_20200624_20201103_SF40_s1_r1:Otu26,preservativeUsed,,DMSO,http://vocab.nerc.ac.uk/collection/Q01/current/Q0100004/,,https://pubchem.ncbi.nlm.nih.gov/compound/679
ARMS_Getxo_G1_20200624_20201103_SF40_s1_r1:Otu26,lowerLimitFilterSize,micrometer,40,http://vocab.nerc.ac.uk/collection/Q01/current/Q0100011/,https://vocab.nerc.ac.uk/collection/P06/current/UMIC/,
ARMS_Getxo_G1_20200624_20201103_SF40_s1_r1:Otu26,sampleAccessionNumber,,SAMEA10021244,,,
ARMS_Getxo_G1_20200624_20201103_SF40_s1_r1:Otu26,NCBIID,,798152,,,
ARMS_Getxo_G1_20200624_20201103_SF40_s1_r1:Otu26,NCBIScientificName,,Pyrenochaetopsis leptospora,,,
ARMS_Getxo_G1_20200624_20201103_SF40_s1_r1:Otu26,NCBITaxonRank,,species,,,
ARMS_Getxo_G1_20200624_20201103_SF40_s1_r1:Otu26,fieldReplicateID,,ARMS_Getxo_G_20200624_20201103,http://vocab.nerc.ac.uk/collection/P01/current/IDSPRE01,,
ARMS_Getxo_G1_20200624_20201103_SF40_s1_r1:Otu26,technicalReplicateID,,,http://vocab.nerc.ac.uk/collection/P01/current/IDTCRE01,,
ARMS_Getxo_G1_20200624_20201103_SF40_s1_r1:Otu152,submergedTime,day,132,http://vocab.nerc.ac.uk/collection/P01/current/AZDRZZ01/,https://vocab.nerc.ac.uk/collection/P06/current/UTAA/,
ARMS_Getxo_G1_20200624_20201103_SF40_s1_r1:Otu152,preservativeUsed,,DMSO,http://vocab.nerc.ac.uk/collection/Q01/current/Q0100004/,,https://pubchem.ncbi.nlm.nih.gov/compound/679
ARMS_Getxo_G1_20200624_20201103_SF40_s1_r1:Otu152,lowerLimitFilterSize,micrometer,40,http://vocab.nerc.ac.uk/collection/Q01/current/Q0100011/,https://vocab.nerc.ac.uk/collection/P06/current/UMIC/,
ARMS_Getxo_G1_20200624_20201103_SF40_s1_r1:Otu152,sampleAccessionNumber,,SAMEA10021244,,,
ARMS_Getxo_G1_20200624_20201103_SF40_s1_r1:Otu152,NCBIID,,147550,,,
ARMS_Getxo_G1_20200624_20201103_SF40_s1_r1:Otu152,NCBIScientificName,,Sordariomycetes,,,
ARMS_Getxo_G1_20200624_20201103_SF40_s1_r1:Otu152,NCBITaxonRank,,class,,,
ARMS_Getxo_G1_20200624_20201103_SF40_s1_r1:Otu152,fieldReplicateID,,ARMS_Getxo_G_20200624_20201103,http://vocab.nerc.ac.uk/collection/P01/current/IDSPRE01,,
ARMS_Getxo_G1_20200624_20201103_SF40_s1_r1:Otu152,technicalReplicateID,,,http://vocab.nerc.ac.uk/collection/P01/current/IDTCRE01,,
ARMS_Getxo_G1_20200624_20201103_SF40_s1_r1:Otu154,submergedTime,day,132,http://vocab.nerc.ac.uk/collection/P01/current/AZDRZZ01/,https://vocab.nerc.ac.uk/collection/P06/current/UTAA/,
ARMS_Getxo_G1_20200624_20201103_SF40_s1_r1:Otu154,preservativeUsed,,DMSO,http://vocab.nerc.ac.uk/collection/Q01/current/Q0100004/,,https://pubchem.ncbi.nlm.nih.gov/compound/679
ARMS_Getxo_G1_20200624_20201103_SF40_s1_r1:Otu154,lowerLimitFilterSize,micrometer,40,http://vocab.nerc.ac.uk/collection/Q01/current/Q0100011/,https://vocab.nerc.ac.uk/collection/P06/current/UMIC/,
ARMS_Getxo_G1_20200624_20201103_SF40_s1_r1:Otu154,sampleAccessionNumber,,SAMEA10021244,,,
ARMS_Getxo_G1_20200624_20201103_SF40_s1_r1:Otu154,NCBIID,,1540118,,,
ARMS_Getxo_G1_20200624_20201103_SF40_s1_r1:Otu154,NCBIScientificName,,Thyridariaceae,,,
ARMS_Getxo_G1_20200624_20201103_SF40_s1_r1:Otu154,NCBITaxonRank,,family,,,
ARMS_Getxo_G1_20200624_20201103_SF40_s1_r1:Otu154,fieldReplicateID,,ARMS_Getxo_G_20200624_20201103,http://vocab.nerc.ac.uk/collection/P01/current/IDSPRE01,,
ARMS_Getxo_G1_20200624_20201103_SF40_s1_r1:Otu154,technicalReplicateID,,,http://vocab.nerc.ac.uk/collection/P01/current/IDTCRE01,,
ARMS_Getxo_G1_20200624_20201103_SF40_s1_r1:Otu216,submergedTime,day,132,http://vocab.nerc.ac.uk/collection/P01/current/AZDRZZ01/,https://vocab.nerc.ac.uk/collection/P06/current/UTAA/,
ARMS_Getxo_G1_20200624_20201103_SF40_s1_r1:Otu216,preservativeUsed,,DMSO,http://vocab.nerc.ac.uk/collection/Q01/current/Q0100004/,,https://pubchem.ncbi.nlm.nih.gov/compound/679
ARMS_Getxo_G1_20200624_20201103_SF40_s1_r1:Otu216,lowerLimitFilterSize,micrometer,40,http://vocab.nerc.ac.uk/collection/Q01/current/Q0100011/,https://vocab.nerc.ac.uk/collection/P06/current/UMIC/,
ARMS_Getxo_G1_20200624_20201103_SF40_s1_r1:Otu216,sampleAccessionNumber,,SAMEA10021244,,,
ARMS_Getxo_G1_20200624_20201103_SF40_s1_r1:Otu216,NCBIID,,5125,,,
ARMS_Getxo_G1_20200624_20201103_SF40_s1_r1:Otu216,NCBIScientificName,,Hypocreales,,,
ARMS_Getxo_G1_20200624_20201103_SF40_s1_r1:Otu216,NCBITaxonRank,,order,,,
ARMS_Getxo_G1_20200624_20201103_SF40_s1_r1:Otu216,fieldReplicateID,,ARMS_Getxo_G_20200624_20201103,http://vocab.nerc.ac.uk/collection/P01/current/IDSPRE01,,
ARMS_Getxo_G1_20200624_20201103_SF40_s1_r1:Otu216,technicalReplicateID,,,http://vocab.nerc.ac.uk/collection/P01/current/IDTCRE01,,
ARMS_Getxo_G1_20200624_20201103_SF40_s1_r1:Otu213,submergedTime,day,132,http://vocab.nerc.ac.uk/collection/P01/current/AZDRZZ01/,https://vocab.nerc.ac.uk/collection/P06/current/UTAA/,
ARMS_Getxo_G1_20200624_20201103_SF40_s1_r1:Otu213,preservativeUsed,,DMSO,http://vocab.nerc.ac.uk/collection/Q01/current/Q0100004/,,https://pubchem.ncbi.nlm.nih.gov/compound/679
ARMS_Getxo_G1_20200624_20201103_SF40_s1_r1:Otu213,lowerLimitFilterSize,micrometer,40,http://vocab.nerc.ac.uk/collection/Q01/current/Q0100011/,https://vocab.nerc.ac.uk/collection/P06/current/UMIC/,
ARMS_Getxo_G1_20200624_20201103_SF40_s1_r1:Otu213,sampleAccessionNumber,,SAMEA10021244,,,
ARMS_Getxo_G1_20200624_20201103_SF40_s1_r1:Otu213,NCBIID,,345181,,,
ARMS_Getxo_G1_20200624_20201103_SF40_s1_r1:Otu213,NCBIScientificName,,Rhizopogon verii,,,
ARMS_Getxo_G1_20200624_20201103_SF40_s1_r1:Otu213,NCBITaxonRank,,species,,,
ARMS_Getxo_G1_20200624_20201103_SF40_s1_r1:Otu213,fieldReplicateID,,ARMS_Getxo_G_20200624_20201103,http://vocab.nerc.ac.uk/collection/P01/current/IDSPRE01,,
ARMS_Getxo_G1_20200624_20201103_SF40_s1_r1:Otu213,technicalReplicateID,,,http://vocab.nerc.ac.uk/collection/P01/current/IDTCRE01,,
ARMS_Getxo_G1_20200624_20201103_SF40_s1_r1:Otu329,submergedTime,day,132,http://vocab.nerc.ac.uk/collection/P01/current/AZDRZZ01/,https://vocab.nerc.ac.uk/collection/P06/current/UTAA/,
ARMS_Getxo_G1_20200624_20201103_SF40_s1_r1:Otu329,preservativeUsed,,DMSO,http://vocab.nerc.ac.uk/collection/Q01/current/Q0100004/,,https://pubchem.ncbi.nlm.nih.gov/compound/679
ARMS_Getxo_G1_20200624_20201103_SF40_s1_r1:Otu329,lowerLimitFilterSize,micrometer,40,http://vocab.nerc.ac.uk/collection/Q01/current/Q0100011/,https://vocab.nerc.ac.uk/collection/P06/current/UMIC/,
ARMS_Getxo_G1_20200624_20201103_SF40_s1_r1:Otu329,sampleAccessionNumber,,SAMEA10021244,,,
ARMS_Getxo_G1_20200624_20201103_SF40_s1_r1:Otu329,NCBIID,,5125,,,
ARMS_Getxo_G1_20200624_20201103_SF40_s1_r1:Otu329,NCBIScientificName,,Hypocreales,,,
ARMS_Getxo_G1_20200624_20201103_SF40_s1_r1:Otu329,NCBITaxonRank,,order,,,
ARMS_Getxo_G1_20200624_20201103_SF40_s1_r1:Otu329,fieldReplicateID,,ARMS_Getxo_G_20200624_20201103,http://vocab.nerc.ac.uk/collection/P01/current/IDSPRE01,,
ARMS_Getxo_G1_20200624_20201103_SF40_s1_r1:Otu329,technicalReplicateID,,,http://vocab.nerc.ac.uk/collection/P01/current/IDTCRE01,,
ARMS_Getxo_G1_20200624_20201103_SF40_s1_r1:Otu145,submergedTime,day,132,http://vocab.nerc.ac.uk/collection/P01/current/AZDRZZ01/,https://vocab.nerc.ac.uk/collection/P06/current/UTAA/,
ARMS_Getxo_G1_20200624_20201103_SF40_s1_r1:Otu145,preservativeUsed,,DMSO,http://vocab.nerc.ac.uk/collection/Q01/current/Q0100004/,,https://pubchem.ncbi.nlm.nih.gov/compound/679
ARMS_Getxo_G1_20200624_20201103_SF40_s1_r1:Otu145,lowerLimitFilterSize,micrometer,40,http://vocab.nerc.ac.uk/collection/Q01/current/Q0100011/,https://vocab.nerc.ac.uk/collection/P06/current/UMIC/,
ARMS_Getxo_G1_20200624_20201103_SF40_s1_r1:Otu145,sampleAccessionNumber,,SAMEA10021244,,,
ARMS_Getxo_G1_20200624_20201103_SF40_s1_r1:Otu145,NCBIID,,5375,,,
ARMS_Getxo_G1_20200624_20201103_SF40_s1_r1:Otu145,NCBIScientificName,,Rhizopogon,,,
ARMS_Getxo_G1_20200624_20201103_SF40_s1_r1:Otu145,NCBITaxonRank,,genus,,,
ARMS_Getxo_G1_20200624_20201103_SF40_s1_r1:Otu145,fieldReplicateID,,ARMS_Getxo_G_20200624_20201103,http://vocab.nerc.ac.uk/collection/P01/current/IDSPRE01,,
ARMS_Getxo_G1_20200624_20201103_SF40_s1_r1:Otu145,technicalReplicateID,,,http://vocab.nerc.ac.uk/collection/P01/current/IDTCRE01,,
ARMS_Getxo_G1_20200624_20201103_SF40_s1_r1:Otu10,submergedTime,day,132,http://vocab.nerc.ac.uk/collection/P01/current/AZDRZZ01/,https://vocab.nerc.ac.uk/collection/P06/current/UTAA/,
ARMS_Getxo_G1_20200624_20201103_SF40_s1_r1:Otu10,preservativeUsed,,DMSO,http://vocab.nerc.ac.uk/collection/Q01/current/Q0100004/,,https://pubchem.ncbi.nlm.nih.gov/compound/679
ARMS_Getxo_G1_20200624_20201103_SF40_s1_r1:Otu10,lowerLimitFilterSize,micrometer,40,http://vocab.nerc.ac.uk/collection/Q01/current/Q0100011/,https://vocab.nerc.ac.uk/collection/P06/current/UMIC/,
ARMS_Getxo_G1_20200624_20201103_SF40_s1_r1:Otu10,sampleAccessionNumber,,SAMEA10021244,,,
ARMS_Getxo_G1_20200624_20201103_SF40_s1_r1:Otu10,NCBIID,,5073,,,
ARMS_Getxo_G1_20200624_20201103_SF40_s1_r1:Otu10,NCBIScientificName,,Penicillium,,,
ARMS_Getxo_G1_20200624_20201103_SF40_s1_r1:Otu10,NCBITaxonRank,,genus,,,
ARMS_Getxo_G1_20200624_20201103_SF40_s1_r1:Otu10,fieldReplicateID,,ARMS_Getxo_G_20200624_20201103,http://vocab.nerc.ac.uk/collection/P01/current/IDSPRE01,,
ARMS_Getxo_G1_20200624_20201103_SF40_s1_r1:Otu10,technicalReplicateID,,,http://vocab.nerc.ac.uk/collection/P01/current/IDTCRE01,,
ARMS_Getxo_G2_20200624_20201103_MF100_s1_r1:Otu66,submergedTime,day,132,http://vocab.nerc.ac.uk/collection/P01/current/AZDRZZ01/,https://vocab.nerc.ac.uk/collection/P06/current/UTAA/,
ARMS_Getxo_G2_20200624_20201103_MF100_s1_r1:Otu66,preservativeUsed,,DMSO,http://vocab.nerc.ac.uk/collection/Q01/current/Q0100004/,,https://pubchem.ncbi.nlm.nih.gov/compound/679
ARMS_Getxo_G2_20200624_20201103_MF100_s1_r1:Otu66,lowerLimitFilterSize,micrometer,100,http://vocab.nerc.ac.uk/collection/Q01/current/Q0100011/,https://vocab.nerc.ac.uk/collection/P06/current/UMIC/,
ARMS_Getxo_G2_20200624_20201103_MF100_s1_r1:Otu66,sampleAccessionNumber,,SAMEA10021250,,,
ARMS_Getxo_G2_20200624_20201103_MF100_s1_r1:Otu66,NCBIID,,300251,,,
ARMS_Getxo_G2_20200624_20201103_MF100_s1_r1:Otu66,NCBIScientificName,,Paraconiothyrium,,,
ARMS_Getxo_G2_20200624_20201103_MF100_s1_r1:Otu66,NCBITaxonRank,,genus,,,
ARMS_Getxo_G2_20200624_20201103_MF100_s1_r1:Otu66,fieldReplicateID,,ARMS_Getxo_G_20200624_20201103,http://vocab.nerc.ac.uk/collection/P01/current/IDSPRE01,,
ARMS_Getxo_G2_20200624_20201103_MF100_s1_r1:Otu66,technicalReplicateID,,,http://vocab.nerc.ac.uk/collection/P01/current/IDTCRE01,,
ARMS_Getxo_G2_20200624_20201103_MF100_s1_r1:Otu544,submergedTime,day,132,http://vocab.nerc.ac.uk/collection/P01/current/AZDRZZ01/,https://vocab.nerc.ac.uk/collection/P06/current/UTAA/,
ARMS_Getxo_G2_20200624_20201103_MF100_s1_r1:Otu544,preservativeUsed,,DMSO,http://vocab.nerc.ac.uk/collection/Q01/current/Q0100004/,,https://pubchem.ncbi.nlm.nih.gov/compound/679
ARMS_Getxo_G2_20200624_20201103_MF100_s1_r1:Otu544,lowerLimitFilterSize,micrometer,100,http://vocab.nerc.ac.uk/collection/Q01/current/Q0100011/,https://vocab.nerc.ac.uk/collection/P06/current/UMIC/,
ARMS_Getxo_G2_20200624_20201103_MF100_s1_r1:Otu544,sampleAccessionNumber,,SAMEA10021250,,,
ARMS_Getxo_G2_20200624_20201103_MF100_s1_r1:Otu544,NCBIID,,798152,,,
ARMS_Getxo_G2_20200624_20201103_MF100_s1_r1:Otu544,NCBIScientificName,,Pyrenochaetopsis leptospora,,,
ARMS_Getxo_G2_20200624_20201103_MF100_s1_r1:Otu544,NCBITaxonRank,,species,,,
ARMS_Getxo_G2_20200624_20201103_MF100_s1_r1:Otu544,fieldReplicateID,,ARMS_Getxo_G_20200624_20201103,http://vocab.nerc.ac.uk/collection/P01/current/IDSPRE01,,
ARMS_Getxo_G2_20200624_20201103_MF100_s1_r1:Otu544,technicalReplicateID,,,http://vocab.nerc.ac.uk/collection/P01/current/IDTCRE01,,
ARMS_Getxo_G2_20200624_20201103_MF100_s1_r1:Otu42,submergedTime,day,132,http://vocab.nerc.ac.uk/collection/P01/current/AZDRZZ01/,https://vocab.nerc.ac.uk/collection/P06/current/UTAA/,
ARMS_Getxo_G2_20200624_20201103_MF100_s1_r1:Otu42,preservativeUsed,,DMSO,http://vocab.nerc.ac.uk/collection/Q01/current/Q0100004/,,https://pubchem.ncbi.nlm.nih.gov/compound/679
ARMS_Getxo_G2_20200624_20201103_MF100_s1_r1:Otu42,lowerLimitFilterSize,micrometer,100,http://vocab.nerc.ac.uk/collection/Q01/current/Q0100011/,https://vocab.nerc.ac.uk/collection/P06/current/UMIC/,
ARMS_Getxo_G2_20200624_20201103_MF100_s1_r1:Otu42,sampleAccessionNumber,,SAMEA10021250,,,
ARMS_Getxo_G2_20200624_20201103_MF100_s1_r1:Otu42,NCBIID,,47743,,,
ARMS_Getxo_G2_20200624_20201103_MF100_s1_r1:Otu42,NCBIScientificName,,Hyaloscyphaceae,,,
ARMS_Getxo_G2_20200624_20201103_MF100_s1_r1:Otu42,NCBITaxonRank,,family,,,
ARMS_Getxo_G2_20200624_20201103_MF100_s1_r1:Otu42,fieldReplicateID,,ARMS_Getxo_G_20200624_20201103,http://vocab.nerc.ac.uk/collection/P01/current/IDSPRE01,,
ARMS_Getxo_G2_20200624_20201103_MF100_s1_r1:Otu42,technicalReplicateID,,,http://vocab.nerc.ac.uk/collection/P01/current/IDTCRE01,,
ARMS_Getxo_G2_20200624_20201103_MF100_s1_r1:Otu183,submergedTime,day,132,http://vocab.nerc.ac.uk/collection/P01/current/AZDRZZ01/,https://vocab.nerc.ac.uk/collection/P06/current/UTAA/,
ARMS_Getxo_G2_20200624_20201103_MF100_s1_r1:Otu183,preservativeUsed,,DMSO,http://vocab.nerc.ac.uk/collection/Q01/current/Q0100004/,,https://pubchem.ncbi.nlm.nih.gov/compound/679
ARMS_Getxo_G2_20200624_20201103_MF100_s1_r1:Otu183,lowerLimitFilterSize,micrometer,100,http://vocab.nerc.ac.uk/collection/Q01/current/Q0100011/,https://vocab.nerc.ac.uk/collection/P06/current/UMIC/,
ARMS_Getxo_G2_20200624_20201103_MF100_s1_r1:Otu183,sampleAccessionNumber,,SAMEA10021250,,,
ARMS_Getxo_G2_20200624_20201103_MF100_s1_r1:Otu183,NCBIID,,147541,,,
ARMS_Getxo_G2_20200624_20201103_MF100_s1_r1:Otu183,NCBIScientificName,,Dothideomycetes,,,
ARMS_Getxo_G2_20200624_20201103_MF100_s1_r1:Otu183,NCBITaxonRank,,class,,,
ARMS_Getxo_G2_20200624_20201103_MF100_s1_r1:Otu183,fieldReplicateID,,ARMS_Getxo_G_20200624_20201103,http://vocab.nerc.ac.uk/collection/P01/current/IDSPRE01,,
ARMS_Getxo_G2_20200624_20201103_MF100_s1_r1:Otu183,technicalReplicateID,,,http://vocab.nerc.ac.uk/collection/P01/current/IDTCRE01,,
ARMS_Getxo_G2_20200624_20201103_MF100_s1_r1:Otu50,submergedTime,day,132,http://vocab.nerc.ac.uk/collection/P01/current/AZDRZZ01/,https://vocab.nerc.ac.uk/collection/P06/current/UTAA/,
ARMS_Getxo_G2_20200624_20201103_MF100_s1_r1:Otu50,preservativeUsed,,DMSO,http://vocab.nerc.ac.uk/collection/Q01/current/Q0100004/,,https://pubchem.ncbi.nlm.nih.gov/compound/679
ARMS_Getxo_G2_20200624_20201103_MF100_s1_r1:Otu50,lowerLimitFilterSize,micrometer,100,http://vocab.nerc.ac.uk/collection/Q01/current/Q0100011/,https://vocab.nerc.ac.uk/collection/P06/current/UMIC/,
ARMS_Getxo_G2_20200624_20201103_MF100_s1_r1:Otu50,sampleAccessionNumber,,SAMEA10021250,,,
ARMS_Getxo_G2_20200624_20201103_MF100_s1_r1:Otu50,NCBIID,,29918,,,
ARMS_Getxo_G2_20200624_20201103_MF100_s1_r1:Otu50,NCBIScientificName,,Mycosphaerella tassiana,,,
ARMS_Getxo_G2_20200624_20201103_MF100_s1_r1:Otu50,NCBITaxonRank,,species,,,
ARMS_Getxo_G2_20200624_20201103_MF100_s1_r1:Otu50,fieldReplicateID,,ARMS_Getxo_G_20200624_20201103,http://vocab.nerc.ac.uk/collection/P01/current/IDSPRE01,,
ARMS_Getxo_G2_20200624_20201103_MF100_s1_r1:Otu50,technicalReplicateID,,,http://vocab.nerc.ac.uk/collection/P01/current/IDTCRE01,,
ARMS_Getxo_G2_20200624_20201103_MF100_s1_r1:Otu51,submergedTime,day,132,http://vocab.nerc.ac.uk/collection/P01/current/AZDRZZ01/,https://vocab.nerc.ac.uk/collection/P06/current/UTAA/,
ARMS_Getxo_G2_20200624_20201103_MF100_s1_r1:Otu51,preservativeUsed,,DMSO,http://vocab.nerc.ac.uk/collection/Q01/current/Q0100004/,,https://pubchem.ncbi.nlm.nih.gov/compound/679
ARMS_Getxo_G2_20200624_20201103_MF100_s1_r1:Otu51,lowerLimitFilterSize,micrometer,100,http://vocab.nerc.ac.uk/collection/Q01/current/Q0100011/,https://vocab.nerc.ac.uk/collection/P06/current/UMIC/,
ARMS_Getxo_G2_20200624_20201103_MF100_s1_r1:Otu51,sampleAccessionNumber,,SAMEA10021250,,,
ARMS_Getxo_G2_20200624_20201103_MF100_s1_r1:Otu51,NCBIID,,887075,,,
ARMS_Getxo_G2_20200624_20201103_MF100_s1_r1:Otu51,NCBIScientificName,,Cladosporium delicatulum,,,
ARMS_Getxo_G2_20200624_20201103_MF100_s1_r1:Otu51,NCBITaxonRank,,species,,,
ARMS_Getxo_G2_20200624_20201103_MF100_s1_r1:Otu51,fieldReplicateID,,ARMS_Getxo_G_20200624_20201103,http://vocab.nerc.ac.uk/collection/P01/current/IDSPRE01,,
ARMS_Getxo_G2_20200624_20201103_MF100_s1_r1:Otu51,technicalReplicateID,,,http://vocab.nerc.ac.uk/collection/P01/current/IDTCRE01,,
ARMS_Getxo_G2_20200624_20201103_MF100_s1_r1:Otu4,submergedTime,day,132,http://vocab.nerc.ac.uk/collection/P01/current/AZDRZZ01/,https://vocab.nerc.ac.uk/collection/P06/current/UTAA/,
ARMS_Getxo_G2_20200624_20201103_MF100_s1_r1:Otu4,preservativeUsed,,DMSO,http://vocab.nerc.ac.uk/collection/Q01/current/Q0100004/,,https://pubchem.ncbi.nlm.nih.gov/compound/679
ARMS_Getxo_G2_20200624_20201103_MF100_s1_r1:Otu4,lowerLimitFilterSize,micrometer,100,http://vocab.nerc.ac.uk/collection/Q01/current/Q0100011/,https://vocab.nerc.ac.uk/collection/P06/current/UMIC/,
ARMS_Getxo_G2_20200624_20201103_MF100_s1_r1:Otu4,sampleAccessionNumber,,SAMEA10021250,,,
ARMS_Getxo_G2_20200624_20201103_MF100_s1_r1:Otu4,NCBIID,,4959,,,
ARMS_Getxo_G2_20200624_20201103_MF100_s1_r1:Otu4,NCBIScientificName,,Debaryomyces hansenii,,,
ARMS_Getxo_G2_20200624_20201103_MF100_s1_r1:Otu4,NCBITaxonRank,,species,,,
ARMS_Getxo_G2_20200624_20201103_MF100_s1_r1:Otu4,fieldReplicateID,,ARMS_Getxo_G_20200624_20201103,http://vocab.nerc.ac.uk/collection/P01/current/IDSPRE01,,
ARMS_Getxo_G2_20200624_20201103_MF100_s1_r1:Otu4,technicalReplicateID,,,http://vocab.nerc.ac.uk/collection/P01/current/IDTCRE01,,
ARMS_Getxo_G2_20200624_20201103_MF100_s1_r1:Otu99,submergedTime,day,132,http://vocab.nerc.ac.uk/collection/P01/current/AZDRZZ01/,https://vocab.nerc.ac.uk/collection/P06/current/UTAA/,
ARMS_Getxo_G2_20200624_20201103_MF100_s1_r1:Otu99,preservativeUsed,,DMSO,http://vocab.nerc.ac.uk/collection/Q01/current/Q0100004/,,https://pubchem.ncbi.nlm.nih.gov/compound/679
ARMS_Getxo_G2_20200624_20201103_MF100_s1_r1:Otu99,lowerLimitFilterSize,micrometer,100,http://vocab.nerc.ac.uk/collection/Q01/current/Q0100011/,https://vocab.nerc.ac.uk/collection/P06/current/UMIC/,
ARMS_Getxo_G2_20200624_20201103_MF100_s1_r1:Otu99,sampleAccessionNumber,,SAMEA10021250,,,
ARMS_Getxo_G2_20200624_20201103_MF100_s1_r1:Otu99,NCBIID,,147548,,,
ARMS_Getxo_G2_20200624_20201103_MF100_s1_r1:Otu99,NCBIScientificName,,Leotiomycetes,,,
ARMS_Getxo_G2_20200624_20201103_MF100_s1_r1:Otu99,NCBITaxonRank,,class,,,
ARMS_Getxo_G2_20200624_20201103_MF100_s1_r1:Otu99,fieldReplicateID,,ARMS_Getxo_G_20200624_20201103,http://vocab.nerc.ac.uk/collection/P01/current/IDSPRE01,,
ARMS_Getxo_G2_20200624_20201103_MF100_s1_r1:Otu99,technicalReplicateID,,,http://vocab.nerc.ac.uk/collection/P01/current/IDTCRE01,,
ARMS_Getxo_G2_20200624_20201103_MF100_s1_r1:Otu95,submergedTime,day,132,http://vocab.nerc.ac.uk/collection/P01/current/AZDRZZ01/,https://vocab.nerc.ac.uk/collection/P06/current/UTAA/,
ARMS_Getxo_G2_20200624_20201103_MF100_s1_r1:Otu95,preservativeUsed,,DMSO,http://vocab.nerc.ac.uk/collection/Q01/current/Q0100004/,,https://pubchem.ncbi.nlm.nih.gov/compound/679
ARMS_Getxo_G2_20200624_20201103_MF100_s1_r1:Otu95,lowerLimitFilterSize,micrometer,100,http://vocab.nerc.ac.uk/collection/Q01/current/Q0100011/,https://vocab.nerc.ac.uk/collection/P06/current/UMIC/,
ARMS_Getxo_G2_20200624_20201103_MF100_s1_r1:Otu95,sampleAccessionNumber,,SAMEA10021250,,,
ARMS_Getxo_G2_20200624_20201103_MF100_s1_r1:Otu95,NCBIID,,293381,,,
ARMS_Getxo_G2_20200624_20201103_MF100_s1_r1:Otu95,NCBIScientificName,,Penicillium bialowiezense,,,
ARMS_Getxo_G2_20200624_20201103_MF100_s1_r1:Otu95,NCBITaxonRank,,species,,,
ARMS_Getxo_G2_20200624_20201103_MF100_s1_r1:Otu95,fieldReplicateID,,ARMS_Getxo_G_20200624_20201103,http://vocab.nerc.ac.uk/collection/P01/current/IDSPRE01,,
ARMS_Getxo_G2_20200624_20201103_MF100_s1_r1:Otu95,technicalReplicateID,,,http://vocab.nerc.ac.uk/collection/P01/current/IDTCRE01,,
ARMS_Getxo_G2_20200624_20201103_MF100_s1_r1:Otu117,submergedTime,day,132,http://vocab.nerc.ac.uk/collection/P01/current/AZDRZZ01/,https://vocab.nerc.ac.uk/collection/P06/current/UTAA/,
ARMS_Getxo_G2_20200624_20201103_MF100_s1_r1:Otu117,preservativeUsed,,DMSO,http://vocab.nerc.ac.uk/collection/Q01/current/Q0100004/,,https://pubchem.ncbi.nlm.nih.gov/compound/679
ARMS_Getxo_G2_20200624_20201103_MF100_s1_r1:Otu117,lowerLimitFilterSize,micrometer,100,http://vocab.nerc.ac.uk/collection/Q01/current/Q0100011/,https://vocab.nerc.ac.uk/collection/P06/current/UMIC/,
ARMS_Getxo_G2_20200624_20201103_MF100_s1_r1:Otu117,sampleAccessionNumber,,SAMEA10021250,,,
ARMS_Getxo_G2_20200624_20201103_MF100_s1_r1:Otu117,NCBIID,,5024,,,
ARMS_Getxo_G2_20200624_20201103_MF100_s1_r1:Otu117,NCBIScientificName,,Venturia,,,
ARMS_Getxo_G2_20200624_20201103_MF100_s1_r1:Otu117,NCBITaxonRank,,genus,,,
ARMS_Getxo_G2_20200624_20201103_MF100_s1_r1:Otu117,fieldReplicateID,,ARMS_Getxo_G_20200624_20201103,http://vocab.nerc.ac.uk/collection/P01/current/IDSPRE01,,
ARMS_Getxo_G2_20200624_20201103_MF100_s1_r1:Otu117,technicalReplicateID,,,http://vocab.nerc.ac.uk/collection/P01/current/IDTCRE01,,
ARMS_Getxo_G2_20200624_20201103_MF100_s1_r1:Otu149,submergedTime,day,132,http://vocab.nerc.ac.uk/collection/P01/current/AZDRZZ01/,https://vocab.nerc.ac.uk/collection/P06/current/UTAA/,
ARMS_Getxo_G2_20200624_20201103_MF100_s1_r1:Otu149,preservativeUsed,,DMSO,http://vocab.nerc.ac.uk/collection/Q01/current/Q0100004/,,https://pubchem.ncbi.nlm.nih.gov/compound/679
ARMS_Getxo_G2_20200624_20201103_MF100_s1_r1:Otu149,lowerLimitFilterSize,micrometer,100,http://vocab.nerc.ac.uk/collection/Q01/current/Q0100011/,https://vocab.nerc.ac.uk/collection/P06/current/UMIC/,
ARMS_Getxo_G2_20200624_20201103_MF100_s1_r1:Otu149,sampleAccessionNumber,,SAMEA10021250,,,
ARMS_Getxo_G2_20200624_20201103_MF100_s1_r1:Otu149,NCBIID,,78141,,,
ARMS_Getxo_G2_20200624_20201103_MF100_s1_r1:Otu149,NCBIScientificName,,Oidiodendron,,,
ARMS_Getxo_G2_20200624_20201103_MF100_s1_r1:Otu149,NCBITaxonRank,,genus,,,
ARMS_Getxo_G2_20200624_20201103_MF100_s1_r1:Otu149,fieldReplicateID,,ARMS_Getxo_G_20200624_20201103,http://vocab.nerc.ac.uk/collection/P01/current/IDSPRE01,,
ARMS_Getxo_G2_20200624_20201103_MF100_s1_r1:Otu149,technicalReplicateID,,,http://vocab.nerc.ac.uk/collection/P01/current/IDTCRE01,,
ARMS_Getxo_G2_20200624_20201103_MF100_s1_r1:Otu29,submergedTime,day,132,http://vocab.nerc.ac.uk/collection/P01/current/AZDRZZ01/,https://vocab.nerc.ac.uk/collection/P06/current/UTAA/,
ARMS_Getxo_G2_20200624_20201103_MF100_s1_r1:Otu29,preservativeUsed,,DMSO,http://vocab.nerc.ac.uk/collection/Q01/current/Q0100004/,,https://pubchem.ncbi.nlm.nih.gov/compound/679
ARMS_Getxo_G2_20200624_20201103_MF100_s1_r1:Otu29,lowerLimitFilterSize,micrometer,100,http://vocab.nerc.ac.uk/collection/Q01/current/Q0100011/,https://vocab.nerc.ac.uk/collection/P06/current/UMIC/,
ARMS_Getxo_G2_20200624_20201103_MF100_s1_r1:Otu29,sampleAccessionNumber,,SAMEA10021250,,,
ARMS_Getxo_G2_20200624_20201103_MF100_s1_r1:Otu29,NCBIID,,5543,,,
ARMS_Getxo_G2_20200624_20201103_MF100_s1_r1:Otu29,NCBIScientificName,,Trichoderma,,,
ARMS_Getxo_G2_20200624_20201103_MF100_s1_r1:Otu29,NCBITaxonRank,,genus,,,
ARMS_Getxo_G2_20200624_20201103_MF100_s1_r1:Otu29,fieldReplicateID,,ARMS_Getxo_G_20200624_20201103,http://vocab.nerc.ac.uk/collection/P01/current/IDSPRE01,,
ARMS_Getxo_G2_20200624_20201103_MF100_s1_r1:Otu29,technicalReplicateID,,,http://vocab.nerc.ac.uk/collection/P01/current/IDTCRE01,,
ARMS_Getxo_G2_20200624_20201103_MF100_s1_r1:Otu26,submergedTime,day,132,http://vocab.nerc.ac.uk/collection/P01/current/AZDRZZ01/,https://vocab.nerc.ac.uk/collection/P06/current/UTAA/,
ARMS_Getxo_G2_20200624_20201103_MF100_s1_r1:Otu26,preservativeUsed,,DMSO,http://vocab.nerc.ac.uk/collection/Q01/current/Q0100004/,,https://pubchem.ncbi.nlm.nih.gov/compound/679
ARMS_Getxo_G2_20200624_20201103_MF100_s1_r1:Otu26,lowerLimitFilterSize,micrometer,100,http://vocab.nerc.ac.uk/collection/Q01/current/Q0100011/,https://vocab.nerc.ac.uk/collection/P06/current/UMIC/,
ARMS_Getxo_G2_20200624_20201103_MF100_s1_r1:Otu26,sampleAccessionNumber,,SAMEA10021250,,,
ARMS_Getxo_G2_20200624_20201103_MF100_s1_r1:Otu26,NCBIID,,798152,,,
ARMS_Getxo_G2_20200624_20201103_MF100_s1_r1:Otu26,NCBIScientificName,,Pyrenochaetopsis leptospora,,,
ARMS_Getxo_G2_20200624_20201103_MF100_s1_r1:Otu26,NCBITaxonRank,,species,,,
ARMS_Getxo_G2_20200624_20201103_MF100_s1_r1:Otu26,fieldReplicateID,,ARMS_Getxo_G_20200624_20201103,http://vocab.nerc.ac.uk/collection/P01/current/IDSPRE01,,
ARMS_Getxo_G2_20200624_20201103_MF100_s1_r1:Otu26,technicalReplicateID,,,http://vocab.nerc.ac.uk/collection/P01/current/IDTCRE01,,
ARMS_Getxo_G2_20200624_20201103_MF100_s1_r1:Otu37,submergedTime,day,132,http://vocab.nerc.ac.uk/collection/P01/current/AZDRZZ01/,https://vocab.nerc.ac.uk/collection/P06/current/UTAA/,
ARMS_Getxo_G2_20200624_20201103_MF100_s1_r1:Otu37,preservativeUsed,,DMSO,http://vocab.nerc.ac.uk/collection/Q01/current/Q0100004/,,https://pubchem.ncbi.nlm.nih.gov/compound/679
ARMS_Getxo_G2_20200624_20201103_MF100_s1_r1:Otu37,lowerLimitFilterSize,micrometer,100,http://vocab.nerc.ac.uk/collection/Q01/current/Q0100011/,https://vocab.nerc.ac.uk/collection/P06/current/UMIC/,
ARMS_Getxo_G2_20200624_20201103_MF100_s1_r1:Otu37,sampleAccessionNumber,,SAMEA10021250,,,
ARMS_Getxo_G2_20200624_20201103_MF100_s1_r1:Otu37,NCBIID,,92860,,,
ARMS_Getxo_G2_20200624_20201103_MF100_s1_r1:Otu37,NCBIScientificName,,Pleosporales,,,
ARMS_Getxo_G2_20200624_20201103_MF100_s1_r1:Otu37,NCBITaxonRank,,order,,,
ARMS_Getxo_G2_20200624_20201103_MF100_s1_r1:Otu37,fieldReplicateID,,ARMS_Getxo_G_20200624_20201103,http://vocab.nerc.ac.uk/collection/P01/current/IDSPRE01,,
ARMS_Getxo_G2_20200624_20201103_MF100_s1_r1:Otu37,technicalReplicateID,,,http://vocab.nerc.ac.uk/collection/P01/current/IDTCRE01,,
ARMS_Getxo_G2_20200624_20201103_MF100_s1_r1:Otu15,submergedTime,day,132,http://vocab.nerc.ac.uk/collection/P01/current/AZDRZZ01/,https://vocab.nerc.ac.uk/collection/P06/current/UTAA/,
ARMS_Getxo_G2_20200624_20201103_MF100_s1_r1:Otu15,preservativeUsed,,DMSO,http://vocab.nerc.ac.uk/collection/Q01/current/Q0100004/,,https://pubchem.ncbi.nlm.nih.gov/compound/679
ARMS_Getxo_G2_20200624_20201103_MF100_s1_r1:Otu15,lowerLimitFilterSize,micrometer,100,http://vocab.nerc.ac.uk/collection/Q01/current/Q0100011/,https://vocab.nerc.ac.uk/collection/P06/current/UMIC/,
ARMS_Getxo_G2_20200624_20201103_MF100_s1_r1:Otu15,sampleAccessionNumber,,SAMEA10021250,,,
ARMS_Getxo_G2_20200624_20201103_MF100_s1_r1:Otu15,NCBIID,,28983,,,
ARMS_Getxo_G2_20200624_20201103_MF100_s1_r1:Otu15,NCBIScientificName,,Sclerotiniaceae,,,
ARMS_Getxo_G2_20200624_20201103_MF100_s1_r1:Otu15,NCBITaxonRank,,family,,,
ARMS_Getxo_G2_20200624_20201103_MF100_s1_r1:Otu15,fieldReplicateID,,ARMS_Getxo_G_20200624_20201103,http://vocab.nerc.ac.uk/collection/P01/current/IDSPRE01,,
ARMS_Getxo_G2_20200624_20201103_MF100_s1_r1:Otu15,technicalReplicateID,,,http://vocab.nerc.ac.uk/collection/P01/current/IDTCRE01,,
ARMS_Getxo_G2_20200624_20201103_SF40_s1_r1:Otu238,submergedTime,day,132,http://vocab.nerc.ac.uk/collection/P01/current/AZDRZZ01/,https://vocab.nerc.ac.uk/collection/P06/current/UTAA/,
ARMS_Getxo_G2_20200624_20201103_SF40_s1_r1:Otu238,preservativeUsed,,DMSO,http://vocab.nerc.ac.uk/collection/Q01/current/Q0100004/,,https://pubchem.ncbi.nlm.nih.gov/compound/679
ARMS_Getxo_G2_20200624_20201103_SF40_s1_r1:Otu238,lowerLimitFilterSize,micrometer,40,http://vocab.nerc.ac.uk/collection/Q01/current/Q0100011/,https://vocab.nerc.ac.uk/collection/P06/current/UMIC/,
ARMS_Getxo_G2_20200624_20201103_SF40_s1_r1:Otu238,sampleAccessionNumber,,SAMEA10021253,,,
ARMS_Getxo_G2_20200624_20201103_SF40_s1_r1:Otu238,NCBIID,,55193,,,
ARMS_Getxo_G2_20200624_20201103_SF40_s1_r1:Otu238,NCBIScientificName,,Malassezia,,,
ARMS_Getxo_G2_20200624_20201103_SF40_s1_r1:Otu238,NCBITaxonRank,,genus,,,
ARMS_Getxo_G2_20200624_20201103_SF40_s1_r1:Otu238,fieldReplicateID,,ARMS_Getxo_G_20200624_20201103,http://vocab.nerc.ac.uk/collection/P01/current/IDSPRE01,,
ARMS_Getxo_G2_20200624_20201103_SF40_s1_r1:Otu238,technicalReplicateID,,,http://vocab.nerc.ac.uk/collection/P01/current/IDTCRE01,,
ARMS_Getxo_G2_20200624_20201103_SF40_s1_r1:Otu64,submergedTime,day,132,http://vocab.nerc.ac.uk/collection/P01/current/AZDRZZ01/,https://vocab.nerc.ac.uk/collection/P06/current/UTAA/,
ARMS_Getxo_G2_20200624_20201103_SF40_s1_r1:Otu64,preservativeUsed,,DMSO,http://vocab.nerc.ac.uk/collection/Q01/current/Q0100004/,,https://pubchem.ncbi.nlm.nih.gov/compound/679
ARMS_Getxo_G2_20200624_20201103_SF40_s1_r1:Otu64,lowerLimitFilterSize,micrometer,40,http://vocab.nerc.ac.uk/collection/Q01/current/Q0100011/,https://vocab.nerc.ac.uk/collection/P06/current/UMIC/,
ARMS_Getxo_G2_20200624_20201103_SF40_s1_r1:Otu64,sampleAccessionNumber,,SAMEA10021253,,,
ARMS_Getxo_G2_20200624_20201103_SF40_s1_r1:Otu64,NCBIID,,5543,,,
ARMS_Getxo_G2_20200624_20201103_SF40_s1_r1:Otu64,NCBIScientificName,,Trichoderma,,,
ARMS_Getxo_G2_20200624_20201103_SF40_s1_r1:Otu64,NCBITaxonRank,,genus,,,
ARMS_Getxo_G2_20200624_20201103_SF40_s1_r1:Otu64,fieldReplicateID,,ARMS_Getxo_G_20200624_20201103,http://vocab.nerc.ac.uk/collection/P01/current/IDSPRE01,,
ARMS_Getxo_G2_20200624_20201103_SF40_s1_r1:Otu64,technicalReplicateID,,,http://vocab.nerc.ac.uk/collection/P01/current/IDTCRE01,,
ARMS_Getxo_G2_20200624_20201103_SF40_s1_r1:Otu197,submergedTime,day,132,http://vocab.nerc.ac.uk/collection/P01/current/AZDRZZ01/,https://vocab.nerc.ac.uk/collection/P06/current/UTAA/,
ARMS_Getxo_G2_20200624_20201103_SF40_s1_r1:Otu197,preservativeUsed,,DMSO,http://vocab.nerc.ac.uk/collection/Q01/current/Q0100004/,,https://pubchem.ncbi.nlm.nih.gov/compound/679
ARMS_Getxo_G2_20200624_20201103_SF40_s1_r1:Otu197,lowerLimitFilterSize,micrometer,40,http://vocab.nerc.ac.uk/collection/Q01/current/Q0100011/,https://vocab.nerc.ac.uk/collection/P06/current/UMIC/,
ARMS_Getxo_G2_20200624_20201103_SF40_s1_r1:Otu197,sampleAccessionNumber,,SAMEA10021253,,,
ARMS_Getxo_G2_20200624_20201103_SF40_s1_r1:Otu197,NCBIID,,5125,,,
ARMS_Getxo_G2_20200624_20201103_SF40_s1_r1:Otu197,NCBIScientificName,,Hypocreales,,,
ARMS_Getxo_G2_20200624_20201103_SF40_s1_r1:Otu197,NCBITaxonRank,,order,,,
ARMS_Getxo_G2_20200624_20201103_SF40_s1_r1:Otu197,fieldReplicateID,,ARMS_Getxo_G_20200624_20201103,http://vocab.nerc.ac.uk/collection/P01/current/IDSPRE01,,
ARMS_Getxo_G2_20200624_20201103_SF40_s1_r1:Otu197,technicalReplicateID,,,http://vocab.nerc.ac.uk/collection/P01/current/IDTCRE01,,
ARMS_Getxo_G2_20200624_20201103_SF40_s1_r1:Otu1029,submergedTime,day,132,http://vocab.nerc.ac.uk/collection/P01/current/AZDRZZ01/,https://vocab.nerc.ac.uk/collection/P06/current/UTAA/,
ARMS_Getxo_G2_20200624_20201103_SF40_s1_r1:Otu1029,preservativeUsed,,DMSO,http://vocab.nerc.ac.uk/collection/Q01/current/Q0100004/,,https://pubchem.ncbi.nlm.nih.gov/compound/679
ARMS_Getxo_G2_20200624_20201103_SF40_s1_r1:Otu1029,lowerLimitFilterSize,micrometer,40,http://vocab.nerc.ac.uk/collection/Q01/current/Q0100011/,https://vocab.nerc.ac.uk/collection/P06/current/UMIC/,
ARMS_Getxo_G2_20200624_20201103_SF40_s1_r1:Otu1029,sampleAccessionNumber,,SAMEA10021253,,,
ARMS_Getxo_G2_20200624_20201103_SF40_s1_r1:Otu1029,NCBIID,,4892,,,
ARMS_Getxo_G2_20200624_20201103_SF40_s1_r1:Otu1029,NCBIScientificName,,Saccharomycetales,,,
ARMS_Getxo_G2_20200624_20201103_SF40_s1_r1:Otu1029,NCBITaxonRank,,order,,,
ARMS_Getxo_G2_20200624_20201103_SF40_s1_r1:Otu1029,fieldReplicateID,,ARMS_Getxo_G_20200624_20201103,http://vocab.nerc.ac.uk/collection/P01/current/IDSPRE01,,
ARMS_Getxo_G2_20200624_20201103_SF40_s1_r1:Otu1029,technicalReplicateID,,,http://vocab.nerc.ac.uk/collection/P01/current/IDTCRE01,,
ARMS_Getxo_G2_20200624_20201103_SF40_s1_r1:Otu301,submergedTime,day,132,http://vocab.nerc.ac.uk/collection/P01/current/AZDRZZ01/,https://vocab.nerc.ac.uk/collection/P06/current/UTAA/,
ARMS_Getxo_G2_20200624_20201103_SF40_s1_r1:Otu301,preservativeUsed,,DMSO,http://vocab.nerc.ac.uk/collection/Q01/current/Q0100004/,,https://pubchem.ncbi.nlm.nih.gov/compound/679
ARMS_Getxo_G2_20200624_20201103_SF40_s1_r1:Otu301,lowerLimitFilterSize,micrometer,40,http://vocab.nerc.ac.uk/collection/Q01/current/Q0100011/,https://vocab.nerc.ac.uk/collection/P06/current/UMIC/,
ARMS_Getxo_G2_20200624_20201103_SF40_s1_r1:Otu301,sampleAccessionNumber,,SAMEA10021253,,,
ARMS_Getxo_G2_20200624_20201103_SF40_s1_r1:Otu301,NCBIID,,159075,,,
ARMS_Getxo_G2_20200624_20201103_SF40_s1_r1:Otu301,NCBIScientificName,,Acremonium,,,
ARMS_Getxo_G2_20200624_20201103_SF40_s1_r1:Otu301,NCBITaxonRank,,genus,,,
ARMS_Getxo_G2_20200624_20201103_SF40_s1_r1:Otu301,fieldReplicateID,,ARMS_Getxo_G_20200624_20201103,http://vocab.nerc.ac.uk/collection/P01/current/IDSPRE01,,
ARMS_Getxo_G2_20200624_20201103_SF40_s1_r1:Otu301,technicalReplicateID,,,http://vocab.nerc.ac.uk/collection/P01/current/IDTCRE01,,
ARMS_Getxo_G2_20200624_20201103_SF40_s1_r1:Otu191,submergedTime,day,132,http://vocab.nerc.ac.uk/collection/P01/current/AZDRZZ01/,https://vocab.nerc.ac.uk/collection/P06/current/UTAA/,
ARMS_Getxo_G2_20200624_20201103_SF40_s1_r1:Otu191,preservativeUsed,,DMSO,http://vocab.nerc.ac.uk/collection/Q01/current/Q0100004/,,https://pubchem.ncbi.nlm.nih.gov/compound/679
ARMS_Getxo_G2_20200624_20201103_SF40_s1_r1:Otu191,lowerLimitFilterSize,micrometer,40,http://vocab.nerc.ac.uk/collection/Q01/current/Q0100011/,https://vocab.nerc.ac.uk/collection/P06/current/UMIC/,
ARMS_Getxo_G2_20200624_20201103_SF40_s1_r1:Otu191,sampleAccessionNumber,,SAMEA10021253,,,
ARMS_Getxo_G2_20200624_20201103_SF40_s1_r1:Otu191,NCBIID,,1838142,,,
ARMS_Getxo_G2_20200624_20201103_SF40_s1_r1:Otu191,NCBIScientificName,,Cutaneotrichosporon,,,
ARMS_Getxo_G2_20200624_20201103_SF40_s1_r1:Otu191,NCBITaxonRank,,genus,,,
ARMS_Getxo_G2_20200624_20201103_SF40_s1_r1:Otu191,fieldReplicateID,,ARMS_Getxo_G_20200624_20201103,http://vocab.nerc.ac.uk/collection/P01/current/IDSPRE01,,
ARMS_Getxo_G2_20200624_20201103_SF40_s1_r1:Otu191,technicalReplicateID,,,http://vocab.nerc.ac.uk/collection/P01/current/IDTCRE01,,
ARMS_Getxo_G2_20200624_20201103_SF40_s1_r1:Otu44,submergedTime,day,132,http://vocab.nerc.ac.uk/collection/P01/current/AZDRZZ01/,https://vocab.nerc.ac.uk/collection/P06/current/UTAA/,
ARMS_Getxo_G2_20200624_20201103_SF40_s1_r1:Otu44,preservativeUsed,,DMSO,http://vocab.nerc.ac.uk/collection/Q01/current/Q0100004/,,https://pubchem.ncbi.nlm.nih.gov/compound/679
ARMS_Getxo_G2_20200624_20201103_SF40_s1_r1:Otu44,lowerLimitFilterSize,micrometer,40,http://vocab.nerc.ac.uk/collection/Q01/current/Q0100011/,https://vocab.nerc.ac.uk/collection/P06/current/UMIC/,
ARMS_Getxo_G2_20200624_20201103_SF40_s1_r1:Otu44,sampleAccessionNumber,,SAMEA10021253,,,
ARMS_Getxo_G2_20200624_20201103_SF40_s1_r1:Otu44,NCBIID,,82520,,,
ARMS_Getxo_G2_20200624_20201103_SF40_s1_r1:Otu44,NCBIScientificName,,Apiotrichum laibachii,,,
ARMS_Getxo_G2_20200624_20201103_SF40_s1_r1:Otu44,NCBITaxonRank,,species,,,
ARMS_Getxo_G2_20200624_20201103_SF40_s1_r1:Otu44,fieldReplicateID,,ARMS_Getxo_G_20200624_20201103,http://vocab.nerc.ac.uk/collection/P01/current/IDSPRE01,,
ARMS_Getxo_G2_20200624_20201103_SF40_s1_r1:Otu44,technicalReplicateID,,,http://vocab.nerc.ac.uk/collection/P01/current/IDTCRE01,,
ARMS_Getxo_G2_20200624_20201103_SF40_s1_r1:Otu43,submergedTime,day,132,http://vocab.nerc.ac.uk/collection/P01/current/AZDRZZ01/,https://vocab.nerc.ac.uk/collection/P06/current/UTAA/,
ARMS_Getxo_G2_20200624_20201103_SF40_s1_r1:Otu43,preservativeUsed,,DMSO,http://vocab.nerc.ac.uk/collection/Q01/current/Q0100004/,,https://pubchem.ncbi.nlm.nih.gov/compound/679
ARMS_Getxo_G2_20200624_20201103_SF40_s1_r1:Otu43,lowerLimitFilterSize,micrometer,40,http://vocab.nerc.ac.uk/collection/Q01/current/Q0100011/,https://vocab.nerc.ac.uk/collection/P06/current/UMIC/,
ARMS_Getxo_G2_20200624_20201103_SF40_s1_r1:Otu43,sampleAccessionNumber,,SAMEA10021253,,,
ARMS_Getxo_G2_20200624_20201103_SF40_s1_r1:Otu43,NCBIID,,146780,,,
ARMS_Getxo_G2_20200624_20201103_SF40_s1_r1:Otu43,NCBIScientificName,,Phallus,,,
ARMS_Getxo_G2_20200624_20201103_SF40_s1_r1:Otu43,NCBITaxonRank,,genus,,,
ARMS_Getxo_G2_20200624_20201103_SF40_s1_r1:Otu43,fieldReplicateID,,ARMS_Getxo_G_20200624_20201103,http://vocab.nerc.ac.uk/collection/P01/current/IDSPRE01,,
ARMS_Getxo_G2_20200624_20201103_SF40_s1_r1:Otu43,technicalReplicateID,,,http://vocab.nerc.ac.uk/collection/P01/current/IDTCRE01,,
ARMS_Getxo_G2_20200624_20201103_SF40_s1_r1:Otu564,submergedTime,day,132,http://vocab.nerc.ac.uk/collection/P01/current/AZDRZZ01/,https://vocab.nerc.ac.uk/collection/P06/current/UTAA/,
ARMS_Getxo_G2_20200624_20201103_SF40_s1_r1:Otu564,preservativeUsed,,DMSO,http://vocab.nerc.ac.uk/collection/Q01/current/Q0100004/,,https://pubchem.ncbi.nlm.nih.gov/compound/679
ARMS_Getxo_G2_20200624_20201103_SF40_s1_r1:Otu564,lowerLimitFilterSize,micrometer,40,http://vocab.nerc.ac.uk/collection/Q01/current/Q0100011/,https://vocab.nerc.ac.uk/collection/P06/current/UMIC/,
ARMS_Getxo_G2_20200624_20201103_SF40_s1_r1:Otu564,sampleAccessionNumber,,SAMEA10021253,,,
ARMS_Getxo_G2_20200624_20201103_SF40_s1_r1:Otu564,NCBIID,,78141,,,
ARMS_Getxo_G2_20200624_20201103_SF40_s1_r1:Otu564,NCBIScientificName,,Oidiodendron,,,
ARMS_Getxo_G2_20200624_20201103_SF40_s1_r1:Otu564,NCBITaxonRank,,genus,,,
ARMS_Getxo_G2_20200624_20201103_SF40_s1_r1:Otu564,fieldReplicateID,,ARMS_Getxo_G_20200624_20201103,http://vocab.nerc.ac.uk/collection/P01/current/IDSPRE01,,
ARMS_Getxo_G2_20200624_20201103_SF40_s1_r1:Otu564,technicalReplicateID,,,http://vocab.nerc.ac.uk/collection/P01/current/IDTCRE01,,
ARMS_Getxo_G2_20200624_20201103_SF40_s1_r1:Otu80,submergedTime,day,132,http://vocab.nerc.ac.uk/collection/P01/current/AZDRZZ01/,https://vocab.nerc.ac.uk/collection/P06/current/UTAA/,
ARMS_Getxo_G2_20200624_20201103_SF40_s1_r1:Otu80,preservativeUsed,,DMSO,http://vocab.nerc.ac.uk/collection/Q01/current/Q0100004/,,https://pubchem.ncbi.nlm.nih.gov/compound/679
ARMS_Getxo_G2_20200624_20201103_SF40_s1_r1:Otu80,lowerLimitFilterSize,micrometer,40,http://vocab.nerc.ac.uk/collection/Q01/current/Q0100011/,https://vocab.nerc.ac.uk/collection/P06/current/UMIC/,
ARMS_Getxo_G2_20200624_20201103_SF40_s1_r1:Otu80,sampleAccessionNumber,,SAMEA10021253,,,
ARMS_Getxo_G2_20200624_20201103_SF40_s1_r1:Otu80,NCBIID,,147550,,,
ARMS_Getxo_G2_20200624_20201103_SF40_s1_r1:Otu80,NCBIScientificName,,Sordariomycetes,,,
ARMS_Getxo_G2_20200624_20201103_SF40_s1_r1:Otu80,NCBITaxonRank,,class,,,
ARMS_Getxo_G2_20200624_20201103_SF40_s1_r1:Otu80,fieldReplicateID,,ARMS_Getxo_G_20200624_20201103,http://vocab.nerc.ac.uk/collection/P01/current/IDSPRE01,,
ARMS_Getxo_G2_20200624_20201103_SF40_s1_r1:Otu80,technicalReplicateID,,,http://vocab.nerc.ac.uk/collection/P01/current/IDTCRE01,,
ARMS_Getxo_G2_20200624_20201103_SF40_s1_r1:Otu4,submergedTime,day,132,http://vocab.nerc.ac.uk/collection/P01/current/AZDRZZ01/,https://vocab.nerc.ac.uk/collection/P06/current/UTAA/,
ARMS_Getxo_G2_20200624_20201103_SF40_s1_r1:Otu4,preservativeUsed,,DMSO,http://vocab.nerc.ac.uk/collection/Q01/current/Q0100004/,,https://pubchem.ncbi.nlm.nih.gov/compound/679
ARMS_Getxo_G2_20200624_20201103_SF40_s1_r1:Otu4,lowerLimitFilterSize,micrometer,40,http://vocab.nerc.ac.uk/collection/Q01/current/Q0100011/,https://vocab.nerc.ac.uk/collection/P06/current/UMIC/,
ARMS_Getxo_G2_20200624_20201103_SF40_s1_r1:Otu4,sampleAccessionNumber,,SAMEA10021253,,,
ARMS_Getxo_G2_20200624_20201103_SF40_s1_r1:Otu4,NCBIID,,4959,,,
ARMS_Getxo_G2_20200624_20201103_SF40_s1_r1:Otu4,NCBIScientificName,,Debaryomyces hansenii,,,
ARMS_Getxo_G2_20200624_20201103_SF40_s1_r1:Otu4,NCBITaxonRank,,species,,,
ARMS_Getxo_G2_20200624_20201103_SF40_s1_r1:Otu4,fieldReplicateID,,ARMS_Getxo_G_20200624_20201103,http://vocab.nerc.ac.uk/collection/P01/current/IDSPRE01,,
ARMS_Getxo_G2_20200624_20201103_SF40_s1_r1:Otu4,technicalReplicateID,,,http://vocab.nerc.ac.uk/collection/P01/current/IDTCRE01,,
ARMS_Getxo_G2_20200624_20201103_SF40_s1_r1:Otu99,submergedTime,day,132,http://vocab.nerc.ac.uk/collection/P01/current/AZDRZZ01/,https://vocab.nerc.ac.uk/collection/P06/current/UTAA/,
ARMS_Getxo_G2_20200624_20201103_SF40_s1_r1:Otu99,preservativeUsed,,DMSO,http://vocab.nerc.ac.uk/collection/Q01/current/Q0100004/,,https://pubchem.ncbi.nlm.nih.gov/compound/679
ARMS_Getxo_G2_20200624_20201103_SF40_s1_r1:Otu99,lowerLimitFilterSize,micrometer,40,http://vocab.nerc.ac.uk/collection/Q01/current/Q0100011/,https://vocab.nerc.ac.uk/collection/P06/current/UMIC/,
ARMS_Getxo_G2_20200624_20201103_SF40_s1_r1:Otu99,sampleAccessionNumber,,SAMEA10021253,,,
ARMS_Getxo_G2_20200624_20201103_SF40_s1_r1:Otu99,NCBIID,,147548,,,
ARMS_Getxo_G2_20200624_20201103_SF40_s1_r1:Otu99,NCBIScientificName,,Leotiomycetes,,,
ARMS_Getxo_G2_20200624_20201103_SF40_s1_r1:Otu99,NCBITaxonRank,,class,,,
ARMS_Getxo_G2_20200624_20201103_SF40_s1_r1:Otu99,fieldReplicateID,,ARMS_Getxo_G_20200624_20201103,http://vocab.nerc.ac.uk/collection/P01/current/IDSPRE01,,
ARMS_Getxo_G2_20200624_20201103_SF40_s1_r1:Otu99,technicalReplicateID,,,http://vocab.nerc.ac.uk/collection/P01/current/IDTCRE01,,
ARMS_Getxo_G2_20200624_20201103_SF40_s1_r1:Otu385,submergedTime,day,132,http://vocab.nerc.ac.uk/collection/P01/current/AZDRZZ01/,https://vocab.nerc.ac.uk/collection/P06/current/UTAA/,
ARMS_Getxo_G2_20200624_20201103_SF40_s1_r1:Otu385,preservativeUsed,,DMSO,http://vocab.nerc.ac.uk/collection/Q01/current/Q0100004/,,https://pubchem.ncbi.nlm.nih.gov/compound/679
ARMS_Getxo_G2_20200624_20201103_SF40_s1_r1:Otu385,lowerLimitFilterSize,micrometer,40,http://vocab.nerc.ac.uk/collection/Q01/current/Q0100011/,https://vocab.nerc.ac.uk/collection/P06/current/UMIC/,
ARMS_Getxo_G2_20200624_20201103_SF40_s1_r1:Otu385,sampleAccessionNumber,,SAMEA10021253,,,
ARMS_Getxo_G2_20200624_20201103_SF40_s1_r1:Otu385,NCBIID,,1031332,,,
ARMS_Getxo_G2_20200624_20201103_SF40_s1_r1:Otu385,NCBIScientificName,,Rozellomycota,,,
ARMS_Getxo_G2_20200624_20201103_SF40_s1_r1:Otu385,NCBITaxonRank,,phylum,,,
ARMS_Getxo_G2_20200624_20201103_SF40_s1_r1:Otu385,fieldReplicateID,,ARMS_Getxo_G_20200624_20201103,http://vocab.nerc.ac.uk/collection/P01/current/IDSPRE01,,
ARMS_Getxo_G2_20200624_20201103_SF40_s1_r1:Otu385,technicalReplicateID,,,http://vocab.nerc.ac.uk/collection/P01/current/IDTCRE01,,
ARMS_Getxo_G2_20200624_20201103_SF40_s1_r1:Otu266,submergedTime,day,132,http://vocab.nerc.ac.uk/collection/P01/current/AZDRZZ01/,https://vocab.nerc.ac.uk/collection/P06/current/UTAA/,
ARMS_Getxo_G2_20200624_20201103_SF40_s1_r1:Otu266,preservativeUsed,,DMSO,http://vocab.nerc.ac.uk/collection/Q01/current/Q0100004/,,https://pubchem.ncbi.nlm.nih.gov/compound/679
ARMS_Getxo_G2_20200624_20201103_SF40_s1_r1:Otu266,lowerLimitFilterSize,micrometer,40,http://vocab.nerc.ac.uk/collection/Q01/current/Q0100011/,https://vocab.nerc.ac.uk/collection/P06/current/UMIC/,
ARMS_Getxo_G2_20200624_20201103_SF40_s1_r1:Otu266,sampleAccessionNumber,,SAMEA10021253,,,
ARMS_Getxo_G2_20200624_20201103_SF40_s1_r1:Otu266,NCBIID,,5543,,,
ARMS_Getxo_G2_20200624_20201103_SF40_s1_r1:Otu266,NCBIScientificName,,Trichoderma,,,
ARMS_Getxo_G2_20200624_20201103_SF40_s1_r1:Otu266,NCBITaxonRank,,genus,,,
ARMS_Getxo_G2_20200624_20201103_SF40_s1_r1:Otu266,fieldReplicateID,,ARMS_Getxo_G_20200624_20201103,http://vocab.nerc.ac.uk/collection/P01/current/IDSPRE01,,
ARMS_Getxo_G2_20200624_20201103_SF40_s1_r1:Otu266,technicalReplicateID,,,http://vocab.nerc.ac.uk/collection/P01/current/IDTCRE01,,
ARMS_Getxo_G2_20200624_20201103_SF40_s1_r1:Otu118,submergedTime,day,132,http://vocab.nerc.ac.uk/collection/P01/current/AZDRZZ01/,https://vocab.nerc.ac.uk/collection/P06/current/UTAA/,
ARMS_Getxo_G2_20200624_20201103_SF40_s1_r1:Otu118,preservativeUsed,,DMSO,http://vocab.nerc.ac.uk/collection/Q01/current/Q0100004/,,https://pubchem.ncbi.nlm.nih.gov/compound/679
ARMS_Getxo_G2_20200624_20201103_SF40_s1_r1:Otu118,lowerLimitFilterSize,micrometer,40,http://vocab.nerc.ac.uk/collection/Q01/current/Q0100011/,https://vocab.nerc.ac.uk/collection/P06/current/UMIC/,
ARMS_Getxo_G2_20200624_20201103_SF40_s1_r1:Otu118,sampleAccessionNumber,,SAMEA10021253,,,
ARMS_Getxo_G2_20200624_20201103_SF40_s1_r1:Otu118,NCBIID,,5617,,,
ARMS_Getxo_G2_20200624_20201103_SF40_s1_r1:Otu118,NCBIScientificName,,Sterigmatomyces halophilus,,,
ARMS_Getxo_G2_20200624_20201103_SF40_s1_r1:Otu118,NCBITaxonRank,,species,,,
ARMS_Getxo_G2_20200624_20201103_SF40_s1_r1:Otu118,fieldReplicateID,,ARMS_Getxo_G_20200624_20201103,http://vocab.nerc.ac.uk/collection/P01/current/IDSPRE01,,
ARMS_Getxo_G2_20200624_20201103_SF40_s1_r1:Otu118,technicalReplicateID,,,http://vocab.nerc.ac.uk/collection/P01/current/IDTCRE01,,
ARMS_Getxo_G2_20200624_20201103_SF40_s1_r1:Otu270,submergedTime,day,132,http://vocab.nerc.ac.uk/collection/P01/current/AZDRZZ01/,https://vocab.nerc.ac.uk/collection/P06/current/UTAA/,
ARMS_Getxo_G2_20200624_20201103_SF40_s1_r1:Otu270,preservativeUsed,,DMSO,http://vocab.nerc.ac.uk/collection/Q01/current/Q0100004/,,https://pubchem.ncbi.nlm.nih.gov/compound/679
ARMS_Getxo_G2_20200624_20201103_SF40_s1_r1:Otu270,lowerLimitFilterSize,micrometer,40,http://vocab.nerc.ac.uk/collection/Q01/current/Q0100011/,https://vocab.nerc.ac.uk/collection/P06/current/UMIC/,
ARMS_Getxo_G2_20200624_20201103_SF40_s1_r1:Otu270,sampleAccessionNumber,,SAMEA10021253,,,
ARMS_Getxo_G2_20200624_20201103_SF40_s1_r1:Otu270,NCBIID,,106018,,,
ARMS_Getxo_G2_20200624_20201103_SF40_s1_r1:Otu270,NCBIScientificName,,Cystobasidium slooffiae,,,
ARMS_Getxo_G2_20200624_20201103_SF40_s1_r1:Otu270,NCBITaxonRank,,species,,,
ARMS_Getxo_G2_20200624_20201103_SF40_s1_r1:Otu270,fieldReplicateID,,ARMS_Getxo_G_20200624_20201103,http://vocab.nerc.ac.uk/collection/P01/current/IDSPRE01,,
ARMS_Getxo_G2_20200624_20201103_SF40_s1_r1:Otu270,technicalReplicateID,,,http://vocab.nerc.ac.uk/collection/P01/current/IDTCRE01,,
ARMS_Getxo_G2_20200624_20201103_SF40_s1_r1:Otu100,submergedTime,day,132,http://vocab.nerc.ac.uk/collection/P01/current/AZDRZZ01/,https://vocab.nerc.ac.uk/collection/P06/current/UTAA/,
ARMS_Getxo_G2_20200624_20201103_SF40_s1_r1:Otu100,preservativeUsed,,DMSO,http://vocab.nerc.ac.uk/collection/Q01/current/Q0100004/,,https://pubchem.ncbi.nlm.nih.gov/compound/679
ARMS_Getxo_G2_20200624_20201103_SF40_s1_r1:Otu100,lowerLimitFilterSize,micrometer,40,http://vocab.nerc.ac.uk/collection/Q01/current/Q0100011/,https://vocab.nerc.ac.uk/collection/P06/current/UMIC/,
ARMS_Getxo_G2_20200624_20201103_SF40_s1_r1:Otu100,sampleAccessionNumber,,SAMEA10021253,,,
ARMS_Getxo_G2_20200624_20201103_SF40_s1_r1:Otu100,NCBIID,,5537,,,
ARMS_Getxo_G2_20200624_20201103_SF40_s1_r1:Otu100,NCBIScientificName,,Rhodotorula mucilaginosa,,,
ARMS_Getxo_G2_20200624_20201103_SF40_s1_r1:Otu100,NCBITaxonRank,,species,,,
ARMS_Getxo_G2_20200624_20201103_SF40_s1_r1:Otu100,fieldReplicateID,,ARMS_Getxo_G_20200624_20201103,http://vocab.nerc.ac.uk/collection/P01/current/IDSPRE01,,
ARMS_Getxo_G2_20200624_20201103_SF40_s1_r1:Otu100,technicalReplicateID,,,http://vocab.nerc.ac.uk/collection/P01/current/IDTCRE01,,
ARMS_Getxo_G2_20200624_20201103_SF40_s1_r1:Otu327,submergedTime,day,132,http://vocab.nerc.ac.uk/collection/P01/current/AZDRZZ01/,https://vocab.nerc.ac.uk/collection/P06/current/UTAA/,
ARMS_Getxo_G2_20200624_20201103_SF40_s1_r1:Otu327,preservativeUsed,,DMSO,http://vocab.nerc.ac.uk/collection/Q01/current/Q0100004/,,https://pubchem.ncbi.nlm.nih.gov/compound/679
ARMS_Getxo_G2_20200624_20201103_SF40_s1_r1:Otu327,lowerLimitFilterSize,micrometer,40,http://vocab.nerc.ac.uk/collection/Q01/current/Q0100011/,https://vocab.nerc.ac.uk/collection/P06/current/UMIC/,
ARMS_Getxo_G2_20200624_20201103_SF40_s1_r1:Otu327,sampleAccessionNumber,,SAMEA10021253,,,
ARMS_Getxo_G2_20200624_20201103_SF40_s1_r1:Otu327,NCBIID,,147541,,,
ARMS_Getxo_G2_20200624_20201103_SF40_s1_r1:Otu327,NCBIScientificName,,Dothideomycetes,,,
ARMS_Getxo_G2_20200624_20201103_SF40_s1_r1:Otu327,NCBITaxonRank,,class,,,
ARMS_Getxo_G2_20200624_20201103_SF40_s1_r1:Otu327,fieldReplicateID,,ARMS_Getxo_G_20200624_20201103,http://vocab.nerc.ac.uk/collection/P01/current/IDSPRE01,,
ARMS_Getxo_G2_20200624_20201103_SF40_s1_r1:Otu327,technicalReplicateID,,,http://vocab.nerc.ac.uk/collection/P01/current/IDTCRE01,,
ARMS_Getxo_G2_20200624_20201103_SF40_s1_r1:Otu593,submergedTime,day,132,http://vocab.nerc.ac.uk/collection/P01/current/AZDRZZ01/,https://vocab.nerc.ac.uk/collection/P06/current/UTAA/,
ARMS_Getxo_G2_20200624_20201103_SF40_s1_r1:Otu593,preservativeUsed,,DMSO,http://vocab.nerc.ac.uk/collection/Q01/current/Q0100004/,,https://pubchem.ncbi.nlm.nih.gov/compound/679
ARMS_Getxo_G2_20200624_20201103_SF40_s1_r1:Otu593,lowerLimitFilterSize,micrometer,40,http://vocab.nerc.ac.uk/collection/Q01/current/Q0100011/,https://vocab.nerc.ac.uk/collection/P06/current/UMIC/,
ARMS_Getxo_G2_20200624_20201103_SF40_s1_r1:Otu593,sampleAccessionNumber,,SAMEA10021253,,,
ARMS_Getxo_G2_20200624_20201103_SF40_s1_r1:Otu593,NCBIID,,5178,,,
ARMS_Getxo_G2_20200624_20201103_SF40_s1_r1:Otu593,NCBIScientificName,,Helotiales,,,
ARMS_Getxo_G2_20200624_20201103_SF40_s1_r1:Otu593,NCBITaxonRank,,order,,,
ARMS_Getxo_G2_20200624_20201103_SF40_s1_r1:Otu593,fieldReplicateID,,ARMS_Getxo_G_20200624_20201103,http://vocab.nerc.ac.uk/collection/P01/current/IDSPRE01,,
ARMS_Getxo_G2_20200624_20201103_SF40_s1_r1:Otu593,technicalReplicateID,,,http://vocab.nerc.ac.uk/collection/P01/current/IDTCRE01,,
ARMS_Getxo_G2_20200624_20201103_SF40_s1_r1:Otu28,submergedTime,day,132,http://vocab.nerc.ac.uk/collection/P01/current/AZDRZZ01/,https://vocab.nerc.ac.uk/collection/P06/current/UTAA/,
ARMS_Getxo_G2_20200624_20201103_SF40_s1_r1:Otu28,preservativeUsed,,DMSO,http://vocab.nerc.ac.uk/collection/Q01/current/Q0100004/,,https://pubchem.ncbi.nlm.nih.gov/compound/679
ARMS_Getxo_G2_20200624_20201103_SF40_s1_r1:Otu28,lowerLimitFilterSize,micrometer,40,http://vocab.nerc.ac.uk/collection/Q01/current/Q0100011/,https://vocab.nerc.ac.uk/collection/P06/current/UMIC/,
ARMS_Getxo_G2_20200624_20201103_SF40_s1_r1:Otu28,sampleAccessionNumber,,SAMEA10021253,,,
ARMS_Getxo_G2_20200624_20201103_SF40_s1_r1:Otu28,NCBIID,,4892,,,
ARMS_Getxo_G2_20200624_20201103_SF40_s1_r1:Otu28,NCBIScientificName,,Saccharomycetales,,,
ARMS_Getxo_G2_20200624_20201103_SF40_s1_r1:Otu28,NCBITaxonRank,,order,,,
ARMS_Getxo_G2_20200624_20201103_SF40_s1_r1:Otu28,fieldReplicateID,,ARMS_Getxo_G_20200624_20201103,http://vocab.nerc.ac.uk/collection/P01/current/IDSPRE01,,
ARMS_Getxo_G2_20200624_20201103_SF40_s1_r1:Otu28,technicalReplicateID,,,http://vocab.nerc.ac.uk/collection/P01/current/IDTCRE01,,
ARMS_Getxo_G2_20200624_20201103_SF40_s1_r1:Otu421,submergedTime,day,132,http://vocab.nerc.ac.uk/collection/P01/current/AZDRZZ01/,https://vocab.nerc.ac.uk/collection/P06/current/UTAA/,
ARMS_Getxo_G2_20200624_20201103_SF40_s1_r1:Otu421,preservativeUsed,,DMSO,http://vocab.nerc.ac.uk/collection/Q01/current/Q0100004/,,https://pubchem.ncbi.nlm.nih.gov/compound/679
ARMS_Getxo_G2_20200624_20201103_SF40_s1_r1:Otu421,lowerLimitFilterSize,micrometer,40,http://vocab.nerc.ac.uk/collection/Q01/current/Q0100011/,https://vocab.nerc.ac.uk/collection/P06/current/UMIC/,
ARMS_Getxo_G2_20200624_20201103_SF40_s1_r1:Otu421,sampleAccessionNumber,,SAMEA10021253,,,
ARMS_Getxo_G2_20200624_20201103_SF40_s1_r1:Otu421,NCBIID,,147541,,,
ARMS_Getxo_G2_20200624_20201103_SF40_s1_r1:Otu421,NCBIScientificName,,Dothideomycetes,,,
ARMS_Getxo_G2_20200624_20201103_SF40_s1_r1:Otu421,NCBITaxonRank,,class,,,
ARMS_Getxo_G2_20200624_20201103_SF40_s1_r1:Otu421,fieldReplicateID,,ARMS_Getxo_G_20200624_20201103,http://vocab.nerc.ac.uk/collection/P01/current/IDSPRE01,,
ARMS_Getxo_G2_20200624_20201103_SF40_s1_r1:Otu421,technicalReplicateID,,,http://vocab.nerc.ac.uk/collection/P01/current/IDTCRE01,,
ARMS_Getxo_G2_20200624_20201103_SF40_s1_r1:Otu141,submergedTime,day,132,http://vocab.nerc.ac.uk/collection/P01/current/AZDRZZ01/,https://vocab.nerc.ac.uk/collection/P06/current/UTAA/,
ARMS_Getxo_G2_20200624_20201103_SF40_s1_r1:Otu141,preservativeUsed,,DMSO,http://vocab.nerc.ac.uk/collection/Q01/current/Q0100004/,,https://pubchem.ncbi.nlm.nih.gov/compound/679
ARMS_Getxo_G2_20200624_20201103_SF40_s1_r1:Otu141,lowerLimitFilterSize,micrometer,40,http://vocab.nerc.ac.uk/collection/Q01/current/Q0100011/,https://vocab.nerc.ac.uk/collection/P06/current/UMIC/,
ARMS_Getxo_G2_20200624_20201103_SF40_s1_r1:Otu141,sampleAccessionNumber,,SAMEA10021253,,,
ARMS_Getxo_G2_20200624_20201103_SF40_s1_r1:Otu141,NCBIID,,137743,,,
ARMS_Getxo_G2_20200624_20201103_SF40_s1_r1:Otu141,NCBIScientificName,,Abortiporus biennis,,,
ARMS_Getxo_G2_20200624_20201103_SF40_s1_r1:Otu141,NCBITaxonRank,,species,,,
ARMS_Getxo_G2_20200624_20201103_SF40_s1_r1:Otu141,fieldReplicateID,,ARMS_Getxo_G_20200624_20201103,http://vocab.nerc.ac.uk/collection/P01/current/IDSPRE01,,
ARMS_Getxo_G2_20200624_20201103_SF40_s1_r1:Otu141,technicalReplicateID,,,http://vocab.nerc.ac.uk/collection/P01/current/IDTCRE01,,
ARMS_Getxo_G2_20200624_20201103_SF40_s1_r1:Otu10,submergedTime,day,132,http://vocab.nerc.ac.uk/collection/P01/current/AZDRZZ01/,https://vocab.nerc.ac.uk/collection/P06/current/UTAA/,
ARMS_Getxo_G2_20200624_20201103_SF40_s1_r1:Otu10,preservativeUsed,,DMSO,http://vocab.nerc.ac.uk/collection/Q01/current/Q0100004/,,https://pubchem.ncbi.nlm.nih.gov/compound/679
ARMS_Getxo_G2_20200624_20201103_SF40_s1_r1:Otu10,lowerLimitFilterSize,micrometer,40,http://vocab.nerc.ac.uk/collection/Q01/current/Q0100011/,https://vocab.nerc.ac.uk/collection/P06/current/UMIC/,
ARMS_Getxo_G2_20200624_20201103_SF40_s1_r1:Otu10,sampleAccessionNumber,,SAMEA10021253,,,
ARMS_Getxo_G2_20200624_20201103_SF40_s1_r1:Otu10,NCBIID,,5073,,,
ARMS_Getxo_G2_20200624_20201103_SF40_s1_r1:Otu10,NCBIScientificName,,Penicillium,,,
ARMS_Getxo_G2_20200624_20201103_SF40_s1_r1:Otu10,NCBITaxonRank,,genus,,,
ARMS_Getxo_G2_20200624_20201103_SF40_s1_r1:Otu10,fieldReplicateID,,ARMS_Getxo_G_20200624_20201103,http://vocab.nerc.ac.uk/collection/P01/current/IDSPRE01,,
ARMS_Getxo_G2_20200624_20201103_SF40_s1_r1:Otu10,technicalReplicateID,,,http://vocab.nerc.ac.uk/collection/P01/current/IDTCRE01,,
ARMS_Getxo_G3_20200624_20201103_MF100_s1_r1:Otu310,submergedTime,day,132,http://vocab.nerc.ac.uk/collection/P01/current/AZDRZZ01/,https://vocab.nerc.ac.uk/collection/P06/current/UTAA/,
ARMS_Getxo_G3_20200624_20201103_MF100_s1_r1:Otu310,preservativeUsed,,DMSO,http://vocab.nerc.ac.uk/collection/Q01/current/Q0100004/,,https://pubchem.ncbi.nlm.nih.gov/compound/679
ARMS_Getxo_G3_20200624_20201103_MF100_s1_r1:Otu310,lowerLimitFilterSize,micrometer,100,http://vocab.nerc.ac.uk/collection/Q01/current/Q0100011/,https://vocab.nerc.ac.uk/collection/P06/current/UMIC/,
ARMS_Getxo_G3_20200624_20201103_MF100_s1_r1:Otu310,sampleAccessionNumber,,SAMEA10021256,,,
ARMS_Getxo_G3_20200624_20201103_MF100_s1_r1:Otu310,NCBIID,,64636,,,
ARMS_Getxo_G3_20200624_20201103_MF100_s1_r1:Otu310,NCBIScientificName,,Metarhizium marquandii,,,
ARMS_Getxo_G3_20200624_20201103_MF100_s1_r1:Otu310,NCBITaxonRank,,species,,,
ARMS_Getxo_G3_20200624_20201103_MF100_s1_r1:Otu310,fieldReplicateID,,ARMS_Getxo_G_20200624_20201103,http://vocab.nerc.ac.uk/collection/P01/current/IDSPRE01,,
ARMS_Getxo_G3_20200624_20201103_MF100_s1_r1:Otu310,technicalReplicateID,,,http://vocab.nerc.ac.uk/collection/P01/current/IDTCRE01,,
ARMS_Getxo_G3_20200624_20201103_MF100_s1_r1:Otu63,submergedTime,day,132,http://vocab.nerc.ac.uk/collection/P01/current/AZDRZZ01/,https://vocab.nerc.ac.uk/collection/P06/current/UTAA/,
ARMS_Getxo_G3_20200624_20201103_MF100_s1_r1:Otu63,preservativeUsed,,DMSO,http://vocab.nerc.ac.uk/collection/Q01/current/Q0100004/,,https://pubchem.ncbi.nlm.nih.gov/compound/679
ARMS_Getxo_G3_20200624_20201103_MF100_s1_r1:Otu63,lowerLimitFilterSize,micrometer,100,http://vocab.nerc.ac.uk/collection/Q01/current/Q0100011/,https://vocab.nerc.ac.uk/collection/P06/current/UMIC/,
ARMS_Getxo_G3_20200624_20201103_MF100_s1_r1:Otu63,sampleAccessionNumber,,SAMEA10021256,,,
ARMS_Getxo_G3_20200624_20201103_MF100_s1_r1:Otu63,NCBIID,,5598,,,
ARMS_Getxo_G3_20200624_20201103_MF100_s1_r1:Otu63,NCBIScientificName,,Alternaria,,,
ARMS_Getxo_G3_20200624_20201103_MF100_s1_r1:Otu63,NCBITaxonRank,,genus,,,
ARMS_Getxo_G3_20200624_20201103_MF100_s1_r1:Otu63,fieldReplicateID,,ARMS_Getxo_G_20200624_20201103,http://vocab.nerc.ac.uk/collection/P01/current/IDSPRE01,,
ARMS_Getxo_G3_20200624_20201103_MF100_s1_r1:Otu63,technicalReplicateID,,,http://vocab.nerc.ac.uk/collection/P01/current/IDTCRE01,,
ARMS_Getxo_G3_20200624_20201103_MF100_s1_r1:Otu301,submergedTime,day,132,http://vocab.nerc.ac.uk/collection/P01/current/AZDRZZ01/,https://vocab.nerc.ac.uk/collection/P06/current/UTAA/,
ARMS_Getxo_G3_20200624_20201103_MF100_s1_r1:Otu301,preservativeUsed,,DMSO,http://vocab.nerc.ac.uk/collection/Q01/current/Q0100004/,,https://pubchem.ncbi.nlm.nih.gov/compound/679
ARMS_Getxo_G3_20200624_20201103_MF100_s1_r1:Otu301,lowerLimitFilterSize,micrometer,100,http://vocab.nerc.ac.uk/collection/Q01/current/Q0100011/,https://vocab.nerc.ac.uk/collection/P06/current/UMIC/,
ARMS_Getxo_G3_20200624_20201103_MF100_s1_r1:Otu301,sampleAccessionNumber,,SAMEA10021256,,,
ARMS_Getxo_G3_20200624_20201103_MF100_s1_r1:Otu301,NCBIID,,159075,,,
ARMS_Getxo_G3_20200624_20201103_MF100_s1_r1:Otu301,NCBIScientificName,,Acremonium,,,
ARMS_Getxo_G3_20200624_20201103_MF100_s1_r1:Otu301,NCBITaxonRank,,genus,,,
ARMS_Getxo_G3_20200624_20201103_MF100_s1_r1:Otu301,fieldReplicateID,,ARMS_Getxo_G_20200624_20201103,http://vocab.nerc.ac.uk/collection/P01/current/IDSPRE01,,
ARMS_Getxo_G3_20200624_20201103_MF100_s1_r1:Otu301,technicalReplicateID,,,http://vocab.nerc.ac.uk/collection/P01/current/IDTCRE01,,
ARMS_Getxo_G3_20200624_20201103_MF100_s1_r1:Otu44,submergedTime,day,132,http://vocab.nerc.ac.uk/collection/P01/current/AZDRZZ01/,https://vocab.nerc.ac.uk/collection/P06/current/UTAA/,
ARMS_Getxo_G3_20200624_20201103_MF100_s1_r1:Otu44,preservativeUsed,,DMSO,http://vocab.nerc.ac.uk/collection/Q01/current/Q0100004/,,https://pubchem.ncbi.nlm.nih.gov/compound/679
ARMS_Getxo_G3_20200624_20201103_MF100_s1_r1:Otu44,lowerLimitFilterSize,micrometer,100,http://vocab.nerc.ac.uk/collection/Q01/current/Q0100011/,https://vocab.nerc.ac.uk/collection/P06/current/UMIC/,
ARMS_Getxo_G3_20200624_20201103_MF100_s1_r1:Otu44,sampleAccessionNumber,,SAMEA10021256,,,
ARMS_Getxo_G3_20200624_20201103_MF100_s1_r1:Otu44,NCBIID,,82520,,,
ARMS_Getxo_G3_20200624_20201103_MF100_s1_r1:Otu44,NCBIScientificName,,Apiotrichum laibachii,,,
ARMS_Getxo_G3_20200624_20201103_MF100_s1_r1:Otu44,NCBITaxonRank,,species,,,
ARMS_Getxo_G3_20200624_20201103_MF100_s1_r1:Otu44,fieldReplicateID,,ARMS_Getxo_G_20200624_20201103,http://vocab.nerc.ac.uk/collection/P01/current/IDSPRE01,,
ARMS_Getxo_G3_20200624_20201103_MF100_s1_r1:Otu44,technicalReplicateID,,,http://vocab.nerc.ac.uk/collection/P01/current/IDTCRE01,,
ARMS_Getxo_G3_20200624_20201103_MF100_s1_r1:Otu42,submergedTime,day,132,http://vocab.nerc.ac.uk/collection/P01/current/AZDRZZ01/,https://vocab.nerc.ac.uk/collection/P06/current/UTAA/,
ARMS_Getxo_G3_20200624_20201103_MF100_s1_r1:Otu42,preservativeUsed,,DMSO,http://vocab.nerc.ac.uk/collection/Q01/current/Q0100004/,,https://pubchem.ncbi.nlm.nih.gov/compound/679
ARMS_Getxo_G3_20200624_20201103_MF100_s1_r1:Otu42,lowerLimitFilterSize,micrometer,100,http://vocab.nerc.ac.uk/collection/Q01/current/Q0100011/,https://vocab.nerc.ac.uk/collection/P06/current/UMIC/,
ARMS_Getxo_G3_20200624_20201103_MF100_s1_r1:Otu42,sampleAccessionNumber,,SAMEA10021256,,,
ARMS_Getxo_G3_20200624_20201103_MF100_s1_r1:Otu42,NCBIID,,47743,,,
ARMS_Getxo_G3_20200624_20201103_MF100_s1_r1:Otu42,NCBIScientificName,,Hyaloscyphaceae,,,
ARMS_Getxo_G3_20200624_20201103_MF100_s1_r1:Otu42,NCBITaxonRank,,family,,,
ARMS_Getxo_G3_20200624_20201103_MF100_s1_r1:Otu42,fieldReplicateID,,ARMS_Getxo_G_20200624_20201103,http://vocab.nerc.ac.uk/collection/P01/current/IDSPRE01,,
ARMS_Getxo_G3_20200624_20201103_MF100_s1_r1:Otu42,technicalReplicateID,,,http://vocab.nerc.ac.uk/collection/P01/current/IDTCRE01,,
ARMS_Getxo_G3_20200624_20201103_MF100_s1_r1:Otu566,submergedTime,day,132,http://vocab.nerc.ac.uk/collection/P01/current/AZDRZZ01/,https://vocab.nerc.ac.uk/collection/P06/current/UTAA/,
ARMS_Getxo_G3_20200624_20201103_MF100_s1_r1:Otu566,preservativeUsed,,DMSO,http://vocab.nerc.ac.uk/collection/Q01/current/Q0100004/,,https://pubchem.ncbi.nlm.nih.gov/compound/679
ARMS_Getxo_G3_20200624_20201103_MF100_s1_r1:Otu566,lowerLimitFilterSize,micrometer,100,http://vocab.nerc.ac.uk/collection/Q01/current/Q0100011/,https://vocab.nerc.ac.uk/collection/P06/current/UMIC/,
ARMS_Getxo_G3_20200624_20201103_MF100_s1_r1:Otu566,sampleAccessionNumber,,SAMEA10021256,,,
ARMS_Getxo_G3_20200624_20201103_MF100_s1_r1:Otu566,NCBIID,,5204,,,
ARMS_Getxo_G3_20200624_20201103_MF100_s1_r1:Otu566,NCBIScientificName,,Basidiomycota,,,
ARMS_Getxo_G3_20200624_20201103_MF100_s1_r1:Otu566,NCBITaxonRank,,phylum,,,
ARMS_Getxo_G3_20200624_20201103_MF100_s1_r1:Otu566,fieldReplicateID,,ARMS_Getxo_G_20200624_20201103,http://vocab.nerc.ac.uk/collection/P01/current/IDSPRE01,,
ARMS_Getxo_G3_20200624_20201103_MF100_s1_r1:Otu566,technicalReplicateID,,,http://vocab.nerc.ac.uk/collection/P01/current/IDTCRE01,,
ARMS_Getxo_G3_20200624_20201103_MF100_s1_r1:Otu218,submergedTime,day,132,http://vocab.nerc.ac.uk/collection/P01/current/AZDRZZ01/,https://vocab.nerc.ac.uk/collection/P06/current/UTAA/,
ARMS_Getxo_G3_20200624_20201103_MF100_s1_r1:Otu218,preservativeUsed,,DMSO,http://vocab.nerc.ac.uk/collection/Q01/current/Q0100004/,,https://pubchem.ncbi.nlm.nih.gov/compound/679
ARMS_Getxo_G3_20200624_20201103_MF100_s1_r1:Otu218,lowerLimitFilterSize,micrometer,100,http://vocab.nerc.ac.uk/collection/Q01/current/Q0100011/,https://vocab.nerc.ac.uk/collection/P06/current/UMIC/,
ARMS_Getxo_G3_20200624_20201103_MF100_s1_r1:Otu218,sampleAccessionNumber,,SAMEA10021256,,,
ARMS_Getxo_G3_20200624_20201103_MF100_s1_r1:Otu218,NCBIID,,39397,,,
ARMS_Getxo_G3_20200624_20201103_MF100_s1_r1:Otu218,NCBIScientificName,,Candida sake,,,
ARMS_Getxo_G3_20200624_20201103_MF100_s1_r1:Otu218,NCBITaxonRank,,species,,,
ARMS_Getxo_G3_20200624_20201103_MF100_s1_r1:Otu218,fieldReplicateID,,ARMS_Getxo_G_20200624_20201103,http://vocab.nerc.ac.uk/collection/P01/current/IDSPRE01,,
ARMS_Getxo_G3_20200624_20201103_MF100_s1_r1:Otu218,technicalReplicateID,,,http://vocab.nerc.ac.uk/collection/P01/current/IDTCRE01,,
ARMS_Getxo_G3_20200624_20201103_MF100_s1_r1:Otu180,submergedTime,day,132,http://vocab.nerc.ac.uk/collection/P01/current/AZDRZZ01/,https://vocab.nerc.ac.uk/collection/P06/current/UTAA/,
ARMS_Getxo_G3_20200624_20201103_MF100_s1_r1:Otu180,preservativeUsed,,DMSO,http://vocab.nerc.ac.uk/collection/Q01/current/Q0100004/,,https://pubchem.ncbi.nlm.nih.gov/compound/679
ARMS_Getxo_G3_20200624_20201103_MF100_s1_r1:Otu180,lowerLimitFilterSize,micrometer,100,http://vocab.nerc.ac.uk/collection/Q01/current/Q0100011/,https://vocab.nerc.ac.uk/collection/P06/current/UMIC/,
ARMS_Getxo_G3_20200624_20201103_MF100_s1_r1:Otu180,sampleAccessionNumber,,SAMEA10021256,,,
ARMS_Getxo_G3_20200624_20201103_MF100_s1_r1:Otu180,NCBIID,,110564,,,
ARMS_Getxo_G3_20200624_20201103_MF100_s1_r1:Otu180,NCBIScientificName,,Clonostachys,,,
ARMS_Getxo_G3_20200624_20201103_MF100_s1_r1:Otu180,NCBITaxonRank,,genus,,,
ARMS_Getxo_G3_20200624_20201103_MF100_s1_r1:Otu180,fieldReplicateID,,ARMS_Getxo_G_20200624_20201103,http://vocab.nerc.ac.uk/collection/P01/current/IDSPRE01,,
ARMS_Getxo_G3_20200624_20201103_MF100_s1_r1:Otu180,technicalReplicateID,,,http://vocab.nerc.ac.uk/collection/P01/current/IDTCRE01,,
ARMS_Getxo_G3_20200624_20201103_MF100_s1_r1:Otu50,submergedTime,day,132,http://vocab.nerc.ac.uk/collection/P01/current/AZDRZZ01/,https://vocab.nerc.ac.uk/collection/P06/current/UTAA/,
ARMS_Getxo_G3_20200624_20201103_MF100_s1_r1:Otu50,preservativeUsed,,DMSO,http://vocab.nerc.ac.uk/collection/Q01/current/Q0100004/,,https://pubchem.ncbi.nlm.nih.gov/compound/679
ARMS_Getxo_G3_20200624_20201103_MF100_s1_r1:Otu50,lowerLimitFilterSize,micrometer,100,http://vocab.nerc.ac.uk/collection/Q01/current/Q0100011/,https://vocab.nerc.ac.uk/collection/P06/current/UMIC/,
ARMS_Getxo_G3_20200624_20201103_MF100_s1_r1:Otu50,sampleAccessionNumber,,SAMEA10021256,,,
ARMS_Getxo_G3_20200624_20201103_MF100_s1_r1:Otu50,NCBIID,,29918,,,
ARMS_Getxo_G3_20200624_20201103_MF100_s1_r1:Otu50,NCBIScientificName,,Mycosphaerella tassiana,,,
ARMS_Getxo_G3_20200624_20201103_MF100_s1_r1:Otu50,NCBITaxonRank,,species,,,
ARMS_Getxo_G3_20200624_20201103_MF100_s1_r1:Otu50,fieldReplicateID,,ARMS_Getxo_G_20200624_20201103,http://vocab.nerc.ac.uk/collection/P01/current/IDSPRE01,,
ARMS_Getxo_G3_20200624_20201103_MF100_s1_r1:Otu50,technicalReplicateID,,,http://vocab.nerc.ac.uk/collection/P01/current/IDTCRE01,,
ARMS_Getxo_G3_20200624_20201103_MF100_s1_r1:Otu51,submergedTime,day,132,http://vocab.nerc.ac.uk/collection/P01/current/AZDRZZ01/,https://vocab.nerc.ac.uk/collection/P06/current/UTAA/,
ARMS_Getxo_G3_20200624_20201103_MF100_s1_r1:Otu51,preservativeUsed,,DMSO,http://vocab.nerc.ac.uk/collection/Q01/current/Q0100004/,,https://pubchem.ncbi.nlm.nih.gov/compound/679
ARMS_Getxo_G3_20200624_20201103_MF100_s1_r1:Otu51,lowerLimitFilterSize,micrometer,100,http://vocab.nerc.ac.uk/collection/Q01/current/Q0100011/,https://vocab.nerc.ac.uk/collection/P06/current/UMIC/,
ARMS_Getxo_G3_20200624_20201103_MF100_s1_r1:Otu51,sampleAccessionNumber,,SAMEA10021256,,,
ARMS_Getxo_G3_20200624_20201103_MF100_s1_r1:Otu51,NCBIID,,887075,,,
ARMS_Getxo_G3_20200624_20201103_MF100_s1_r1:Otu51,NCBIScientificName,,Cladosporium delicatulum,,,
ARMS_Getxo_G3_20200624_20201103_MF100_s1_r1:Otu51,NCBITaxonRank,,species,,,
ARMS_Getxo_G3_20200624_20201103_MF100_s1_r1:Otu51,fieldReplicateID,,ARMS_Getxo_G_20200624_20201103,http://vocab.nerc.ac.uk/collection/P01/current/IDSPRE01,,
ARMS_Getxo_G3_20200624_20201103_MF100_s1_r1:Otu51,technicalReplicateID,,,http://vocab.nerc.ac.uk/collection/P01/current/IDTCRE01,,
ARMS_Getxo_G3_20200624_20201103_MF100_s1_r1:Otu358,submergedTime,day,132,http://vocab.nerc.ac.uk/collection/P01/current/AZDRZZ01/,https://vocab.nerc.ac.uk/collection/P06/current/UTAA/,
ARMS_Getxo_G3_20200624_20201103_MF100_s1_r1:Otu358,preservativeUsed,,DMSO,http://vocab.nerc.ac.uk/collection/Q01/current/Q0100004/,,https://pubchem.ncbi.nlm.nih.gov/compound/679
ARMS_Getxo_G3_20200624_20201103_MF100_s1_r1:Otu358,lowerLimitFilterSize,micrometer,100,http://vocab.nerc.ac.uk/collection/Q01/current/Q0100011/,https://vocab.nerc.ac.uk/collection/P06/current/UMIC/,
ARMS_Getxo_G3_20200624_20201103_MF100_s1_r1:Otu358,sampleAccessionNumber,,SAMEA10021256,,,
ARMS_Getxo_G3_20200624_20201103_MF100_s1_r1:Otu358,NCBIID,,36038,,,
ARMS_Getxo_G3_20200624_20201103_MF100_s1_r1:Otu358,NCBIScientificName,,Barnettozyma californica,,,
ARMS_Getxo_G3_20200624_20201103_MF100_s1_r1:Otu358,NCBITaxonRank,,species,,,
ARMS_Getxo_G3_20200624_20201103_MF100_s1_r1:Otu358,fieldReplicateID,,ARMS_Getxo_G_20200624_20201103,http://vocab.nerc.ac.uk/collection/P01/current/IDSPRE01,,
ARMS_Getxo_G3_20200624_20201103_MF100_s1_r1:Otu358,technicalReplicateID,,,http://vocab.nerc.ac.uk/collection/P01/current/IDTCRE01,,
ARMS_Getxo_G3_20200624_20201103_MF100_s1_r1:Otu429,submergedTime,day,132,http://vocab.nerc.ac.uk/collection/P01/current/AZDRZZ01/,https://vocab.nerc.ac.uk/collection/P06/current/UTAA/,
ARMS_Getxo_G3_20200624_20201103_MF100_s1_r1:Otu429,preservativeUsed,,DMSO,http://vocab.nerc.ac.uk/collection/Q01/current/Q0100004/,,https://pubchem.ncbi.nlm.nih.gov/compound/679
ARMS_Getxo_G3_20200624_20201103_MF100_s1_r1:Otu429,lowerLimitFilterSize,micrometer,100,http://vocab.nerc.ac.uk/collection/Q01/current/Q0100011/,https://vocab.nerc.ac.uk/collection/P06/current/UMIC/,
ARMS_Getxo_G3_20200624_20201103_MF100_s1_r1:Otu429,sampleAccessionNumber,,SAMEA10021256,,,
ARMS_Getxo_G3_20200624_20201103_MF100_s1_r1:Otu429,NCBIID,,42302,,,
ARMS_Getxo_G3_20200624_20201103_MF100_s1_r1:Otu429,NCBIScientificName,,Lasiosphaeriaceae,,,
ARMS_Getxo_G3_20200624_20201103_MF100_s1_r1:Otu429,NCBITaxonRank,,family,,,
ARMS_Getxo_G3_20200624_20201103_MF100_s1_r1:Otu429,fieldReplicateID,,ARMS_Getxo_G_20200624_20201103,http://vocab.nerc.ac.uk/collection/P01/current/IDSPRE01,,
ARMS_Getxo_G3_20200624_20201103_MF100_s1_r1:Otu429,technicalReplicateID,,,http://vocab.nerc.ac.uk/collection/P01/current/IDTCRE01,,
ARMS_Getxo_G3_20200624_20201103_MF100_s1_r1:Otu230,submergedTime,day,132,http://vocab.nerc.ac.uk/collection/P01/current/AZDRZZ01/,https://vocab.nerc.ac.uk/collection/P06/current/UTAA/,
ARMS_Getxo_G3_20200624_20201103_MF100_s1_r1:Otu230,preservativeUsed,,DMSO,http://vocab.nerc.ac.uk/collection/Q01/current/Q0100004/,,https://pubchem.ncbi.nlm.nih.gov/compound/679
ARMS_Getxo_G3_20200624_20201103_MF100_s1_r1:Otu230,lowerLimitFilterSize,micrometer,100,http://vocab.nerc.ac.uk/collection/Q01/current/Q0100011/,https://vocab.nerc.ac.uk/collection/P06/current/UMIC/,
ARMS_Getxo_G3_20200624_20201103_MF100_s1_r1:Otu230,sampleAccessionNumber,,SAMEA10021256,,,
ARMS_Getxo_G3_20200624_20201103_MF100_s1_r1:Otu230,NCBIID,,5094,,,
ARMS_Getxo_G3_20200624_20201103_MF100_s1_r1:Otu230,NCBIScientificName,,Talaromyces,,,
ARMS_Getxo_G3_20200624_20201103_MF100_s1_r1:Otu230,NCBITaxonRank,,genus,,,
ARMS_Getxo_G3_20200624_20201103_MF100_s1_r1:Otu230,fieldReplicateID,,ARMS_Getxo_G_20200624_20201103,http://vocab.nerc.ac.uk/collection/P01/current/IDSPRE01,,
ARMS_Getxo_G3_20200624_20201103_MF100_s1_r1:Otu230,technicalReplicateID,,,http://vocab.nerc.ac.uk/collection/P01/current/IDTCRE01,,
ARMS_Getxo_G3_20200624_20201103_MF100_s1_r1:Otu99,submergedTime,day,132,http://vocab.nerc.ac.uk/collection/P01/current/AZDRZZ01/,https://vocab.nerc.ac.uk/collection/P06/current/UTAA/,
ARMS_Getxo_G3_20200624_20201103_MF100_s1_r1:Otu99,preservativeUsed,,DMSO,http://vocab.nerc.ac.uk/collection/Q01/current/Q0100004/,,https://pubchem.ncbi.nlm.nih.gov/compound/679
ARMS_Getxo_G3_20200624_20201103_MF100_s1_r1:Otu99,lowerLimitFilterSize,micrometer,100,http://vocab.nerc.ac.uk/collection/Q01/current/Q0100011/,https://vocab.nerc.ac.uk/collection/P06/current/UMIC/,
ARMS_Getxo_G3_20200624_20201103_MF100_s1_r1:Otu99,sampleAccessionNumber,,SAMEA10021256,,,
ARMS_Getxo_G3_20200624_20201103_MF100_s1_r1:Otu99,NCBIID,,147548,,,
ARMS_Getxo_G3_20200624_20201103_MF100_s1_r1:Otu99,NCBIScientificName,,Leotiomycetes,,,
ARMS_Getxo_G3_20200624_20201103_MF100_s1_r1:Otu99,NCBITaxonRank,,class,,,
ARMS_Getxo_G3_20200624_20201103_MF100_s1_r1:Otu99,fieldReplicateID,,ARMS_Getxo_G_20200624_20201103,http://vocab.nerc.ac.uk/collection/P01/current/IDSPRE01,,
ARMS_Getxo_G3_20200624_20201103_MF100_s1_r1:Otu99,technicalReplicateID,,,http://vocab.nerc.ac.uk/collection/P01/current/IDTCRE01,,
ARMS_Getxo_G3_20200624_20201103_MF100_s1_r1:Otu405,submergedTime,day,132,http://vocab.nerc.ac.uk/collection/P01/current/AZDRZZ01/,https://vocab.nerc.ac.uk/collection/P06/current/UTAA/,
ARMS_Getxo_G3_20200624_20201103_MF100_s1_r1:Otu405,preservativeUsed,,DMSO,http://vocab.nerc.ac.uk/collection/Q01/current/Q0100004/,,https://pubchem.ncbi.nlm.nih.gov/compound/679
ARMS_Getxo_G3_20200624_20201103_MF100_s1_r1:Otu405,lowerLimitFilterSize,micrometer,100,http://vocab.nerc.ac.uk/collection/Q01/current/Q0100011/,https://vocab.nerc.ac.uk/collection/P06/current/UMIC/,
ARMS_Getxo_G3_20200624_20201103_MF100_s1_r1:Otu405,sampleAccessionNumber,,SAMEA10021256,,,
ARMS_Getxo_G3_20200624_20201103_MF100_s1_r1:Otu405,NCBIID,,55170,,,
ARMS_Getxo_G3_20200624_20201103_MF100_s1_r1:Otu405,NCBIScientificName,,Didymella,,,
ARMS_Getxo_G3_20200624_20201103_MF100_s1_r1:Otu405,NCBITaxonRank,,genus,,,
ARMS_Getxo_G3_20200624_20201103_MF100_s1_r1:Otu405,fieldReplicateID,,ARMS_Getxo_G_20200624_20201103,http://vocab.nerc.ac.uk/collection/P01/current/IDSPRE01,,
ARMS_Getxo_G3_20200624_20201103_MF100_s1_r1:Otu405,technicalReplicateID,,,http://vocab.nerc.ac.uk/collection/P01/current/IDTCRE01,,
ARMS_Getxo_G3_20200624_20201103_MF100_s1_r1:Otu392,submergedTime,day,132,http://vocab.nerc.ac.uk/collection/P01/current/AZDRZZ01/,https://vocab.nerc.ac.uk/collection/P06/current/UTAA/,
ARMS_Getxo_G3_20200624_20201103_MF100_s1_r1:Otu392,preservativeUsed,,DMSO,http://vocab.nerc.ac.uk/collection/Q01/current/Q0100004/,,https://pubchem.ncbi.nlm.nih.gov/compound/679
ARMS_Getxo_G3_20200624_20201103_MF100_s1_r1:Otu392,lowerLimitFilterSize,micrometer,100,http://vocab.nerc.ac.uk/collection/Q01/current/Q0100011/,https://vocab.nerc.ac.uk/collection/P06/current/UMIC/,
ARMS_Getxo_G3_20200624_20201103_MF100_s1_r1:Otu392,sampleAccessionNumber,,SAMEA10021256,,,
ARMS_Getxo_G3_20200624_20201103_MF100_s1_r1:Otu392,NCBIID,,5073,,,
ARMS_Getxo_G3_20200624_20201103_MF100_s1_r1:Otu392,NCBIScientificName,,Penicillium,,,
ARMS_Getxo_G3_20200624_20201103_MF100_s1_r1:Otu392,NCBITaxonRank,,genus,,,
ARMS_Getxo_G3_20200624_20201103_MF100_s1_r1:Otu392,fieldReplicateID,,ARMS_Getxo_G_20200624_20201103,http://vocab.nerc.ac.uk/collection/P01/current/IDSPRE01,,
ARMS_Getxo_G3_20200624_20201103_MF100_s1_r1:Otu392,technicalReplicateID,,,http://vocab.nerc.ac.uk/collection/P01/current/IDTCRE01,,
ARMS_Getxo_G3_20200624_20201103_MF100_s1_r1:Otu397,submergedTime,day,132,http://vocab.nerc.ac.uk/collection/P01/current/AZDRZZ01/,https://vocab.nerc.ac.uk/collection/P06/current/UTAA/,
ARMS_Getxo_G3_20200624_20201103_MF100_s1_r1:Otu397,preservativeUsed,,DMSO,http://vocab.nerc.ac.uk/collection/Q01/current/Q0100004/,,https://pubchem.ncbi.nlm.nih.gov/compound/679
ARMS_Getxo_G3_20200624_20201103_MF100_s1_r1:Otu397,lowerLimitFilterSize,micrometer,100,http://vocab.nerc.ac.uk/collection/Q01/current/Q0100011/,https://vocab.nerc.ac.uk/collection/P06/current/UMIC/,
ARMS_Getxo_G3_20200624_20201103_MF100_s1_r1:Otu397,sampleAccessionNumber,,SAMEA10021256,,,
ARMS_Getxo_G3_20200624_20201103_MF100_s1_r1:Otu397,NCBIID,,205927,,,
ARMS_Getxo_G3_20200624_20201103_MF100_s1_r1:Otu397,NCBIScientificName,,Pseudeurotium ovale,,,
ARMS_Getxo_G3_20200624_20201103_MF100_s1_r1:Otu397,NCBITaxonRank,,species,,,
ARMS_Getxo_G3_20200624_20201103_MF100_s1_r1:Otu397,fieldReplicateID,,ARMS_Getxo_G_20200624_20201103,http://vocab.nerc.ac.uk/collection/P01/current/IDSPRE01,,
ARMS_Getxo_G3_20200624_20201103_MF100_s1_r1:Otu397,technicalReplicateID,,,http://vocab.nerc.ac.uk/collection/P01/current/IDTCRE01,,
ARMS_Getxo_G3_20200624_20201103_MF100_s1_r1:Otu417,submergedTime,day,132,http://vocab.nerc.ac.uk/collection/P01/current/AZDRZZ01/,https://vocab.nerc.ac.uk/collection/P06/current/UTAA/,
ARMS_Getxo_G3_20200624_20201103_MF100_s1_r1:Otu417,preservativeUsed,,DMSO,http://vocab.nerc.ac.uk/collection/Q01/current/Q0100004/,,https://pubchem.ncbi.nlm.nih.gov/compound/679
ARMS_Getxo_G3_20200624_20201103_MF100_s1_r1:Otu417,lowerLimitFilterSize,micrometer,100,http://vocab.nerc.ac.uk/collection/Q01/current/Q0100011/,https://vocab.nerc.ac.uk/collection/P06/current/UMIC/,
ARMS_Getxo_G3_20200624_20201103_MF100_s1_r1:Otu417,sampleAccessionNumber,,SAMEA10021256,,,
ARMS_Getxo_G3_20200624_20201103_MF100_s1_r1:Otu417,NCBIID,,925762,,,
ARMS_Getxo_G3_20200624_20201103_MF100_s1_r1:Otu417,NCBIScientificName,,Gnomoniopsis idaeicola,,,
ARMS_Getxo_G3_20200624_20201103_MF100_s1_r1:Otu417,NCBITaxonRank,,species,,,
ARMS_Getxo_G3_20200624_20201103_MF100_s1_r1:Otu417,fieldReplicateID,,ARMS_Getxo_G_20200624_20201103,http://vocab.nerc.ac.uk/collection/P01/current/IDSPRE01,,
ARMS_Getxo_G3_20200624_20201103_MF100_s1_r1:Otu417,technicalReplicateID,,,http://vocab.nerc.ac.uk/collection/P01/current/IDTCRE01,,
ARMS_Getxo_G3_20200624_20201103_MF100_s1_r1:Otu387,submergedTime,day,132,http://vocab.nerc.ac.uk/collection/P01/current/AZDRZZ01/,https://vocab.nerc.ac.uk/collection/P06/current/UTAA/,
ARMS_Getxo_G3_20200624_20201103_MF100_s1_r1:Otu387,preservativeUsed,,DMSO,http://vocab.nerc.ac.uk/collection/Q01/current/Q0100004/,,https://pubchem.ncbi.nlm.nih.gov/compound/679
ARMS_Getxo_G3_20200624_20201103_MF100_s1_r1:Otu387,lowerLimitFilterSize,micrometer,100,http://vocab.nerc.ac.uk/collection/Q01/current/Q0100011/,https://vocab.nerc.ac.uk/collection/P06/current/UMIC/,
ARMS_Getxo_G3_20200624_20201103_MF100_s1_r1:Otu387,sampleAccessionNumber,,SAMEA10021256,,,
ARMS_Getxo_G3_20200624_20201103_MF100_s1_r1:Otu387,NCBIID,,162481,,,
ARMS_Getxo_G3_20200624_20201103_MF100_s1_r1:Otu387,NCBIScientificName,,Microbotryomycetes,,,
ARMS_Getxo_G3_20200624_20201103_MF100_s1_r1:Otu387,NCBITaxonRank,,class,,,
ARMS_Getxo_G3_20200624_20201103_MF100_s1_r1:Otu387,fieldReplicateID,,ARMS_Getxo_G_20200624_20201103,http://vocab.nerc.ac.uk/collection/P01/current/IDSPRE01,,
ARMS_Getxo_G3_20200624_20201103_MF100_s1_r1:Otu387,technicalReplicateID,,,http://vocab.nerc.ac.uk/collection/P01/current/IDTCRE01,,
ARMS_Getxo_G3_20200624_20201103_MF100_s1_r1:Otu466,submergedTime,day,132,http://vocab.nerc.ac.uk/collection/P01/current/AZDRZZ01/,https://vocab.nerc.ac.uk/collection/P06/current/UTAA/,
ARMS_Getxo_G3_20200624_20201103_MF100_s1_r1:Otu466,preservativeUsed,,DMSO,http://vocab.nerc.ac.uk/collection/Q01/current/Q0100004/,,https://pubchem.ncbi.nlm.nih.gov/compound/679
ARMS_Getxo_G3_20200624_20201103_MF100_s1_r1:Otu466,lowerLimitFilterSize,micrometer,100,http://vocab.nerc.ac.uk/collection/Q01/current/Q0100011/,https://vocab.nerc.ac.uk/collection/P06/current/UMIC/,
ARMS_Getxo_G3_20200624_20201103_MF100_s1_r1:Otu466,sampleAccessionNumber,,SAMEA10021256,,,
ARMS_Getxo_G3_20200624_20201103_MF100_s1_r1:Otu466,NCBIID,,4890,,,
ARMS_Getxo_G3_20200624_20201103_MF100_s1_r1:Otu466,NCBIScientificName,,Ascomycota,,,
ARMS_Getxo_G3_20200624_20201103_MF100_s1_r1:Otu466,NCBITaxonRank,,phylum,,,
ARMS_Getxo_G3_20200624_20201103_MF100_s1_r1:Otu466,fieldReplicateID,,ARMS_Getxo_G_20200624_20201103,http://vocab.nerc.ac.uk/collection/P01/current/IDSPRE01,,
ARMS_Getxo_G3_20200624_20201103_MF100_s1_r1:Otu466,technicalReplicateID,,,http://vocab.nerc.ac.uk/collection/P01/current/IDTCRE01,,
ARMS_Getxo_G3_20200624_20201103_MF100_s1_r1:Otu266,submergedTime,day,132,http://vocab.nerc.ac.uk/collection/P01/current/AZDRZZ01/,https://vocab.nerc.ac.uk/collection/P06/current/UTAA/,
ARMS_Getxo_G3_20200624_20201103_MF100_s1_r1:Otu266,preservativeUsed,,DMSO,http://vocab.nerc.ac.uk/collection/Q01/current/Q0100004/,,https://pubchem.ncbi.nlm.nih.gov/compound/679
ARMS_Getxo_G3_20200624_20201103_MF100_s1_r1:Otu266,lowerLimitFilterSize,micrometer,100,http://vocab.nerc.ac.uk/collection/Q01/current/Q0100011/,https://vocab.nerc.ac.uk/collection/P06/current/UMIC/,
ARMS_Getxo_G3_20200624_20201103_MF100_s1_r1:Otu266,sampleAccessionNumber,,SAMEA10021256,,,
ARMS_Getxo_G3_20200624_20201103_MF100_s1_r1:Otu266,NCBIID,,5543,,,
ARMS_Getxo_G3_20200624_20201103_MF100_s1_r1:Otu266,NCBIScientificName,,Trichoderma,,,
ARMS_Getxo_G3_20200624_20201103_MF100_s1_r1:Otu266,NCBITaxonRank,,genus,,,
ARMS_Getxo_G3_20200624_20201103_MF100_s1_r1:Otu266,fieldReplicateID,,ARMS_Getxo_G_20200624_20201103,http://vocab.nerc.ac.uk/collection/P01/current/IDSPRE01,,
ARMS_Getxo_G3_20200624_20201103_MF100_s1_r1:Otu266,technicalReplicateID,,,http://vocab.nerc.ac.uk/collection/P01/current/IDTCRE01,,
ARMS_Getxo_G3_20200624_20201103_MF100_s1_r1:Otu116,submergedTime,day,132,http://vocab.nerc.ac.uk/collection/P01/current/AZDRZZ01/,https://vocab.nerc.ac.uk/collection/P06/current/UTAA/,
ARMS_Getxo_G3_20200624_20201103_MF100_s1_r1:Otu116,preservativeUsed,,DMSO,http://vocab.nerc.ac.uk/collection/Q01/current/Q0100004/,,https://pubchem.ncbi.nlm.nih.gov/compound/679
ARMS_Getxo_G3_20200624_20201103_MF100_s1_r1:Otu116,lowerLimitFilterSize,micrometer,100,http://vocab.nerc.ac.uk/collection/Q01/current/Q0100011/,https://vocab.nerc.ac.uk/collection/P06/current/UMIC/,
ARMS_Getxo_G3_20200624_20201103_MF100_s1_r1:Otu116,sampleAccessionNumber,,SAMEA10021256,,,
ARMS_Getxo_G3_20200624_20201103_MF100_s1_r1:Otu116,NCBIID,,6073,,,
ARMS_Getxo_G3_20200624_20201103_MF100_s1_r1:Otu116,NCBIScientificName,,Cnidaria,,,
ARMS_Getxo_G3_20200624_20201103_MF100_s1_r1:Otu116,NCBITaxonRank,,phylum,,,
ARMS_Getxo_G3_20200624_20201103_MF100_s1_r1:Otu116,fieldReplicateID,,ARMS_Getxo_G_20200624_20201103,http://vocab.nerc.ac.uk/collection/P01/current/IDSPRE01,,
ARMS_Getxo_G3_20200624_20201103_MF100_s1_r1:Otu116,technicalReplicateID,,,http://vocab.nerc.ac.uk/collection/P01/current/IDTCRE01,,
ARMS_Getxo_G3_20200624_20201103_MF100_s1_r1:Otu474,submergedTime,day,132,http://vocab.nerc.ac.uk/collection/P01/current/AZDRZZ01/,https://vocab.nerc.ac.uk/collection/P06/current/UTAA/,
ARMS_Getxo_G3_20200624_20201103_MF100_s1_r1:Otu474,preservativeUsed,,DMSO,http://vocab.nerc.ac.uk/collection/Q01/current/Q0100004/,,https://pubchem.ncbi.nlm.nih.gov/compound/679
ARMS_Getxo_G3_20200624_20201103_MF100_s1_r1:Otu474,lowerLimitFilterSize,micrometer,100,http://vocab.nerc.ac.uk/collection/Q01/current/Q0100011/,https://vocab.nerc.ac.uk/collection/P06/current/UMIC/,
ARMS_Getxo_G3_20200624_20201103_MF100_s1_r1:Otu474,sampleAccessionNumber,,SAMEA10021256,,,
ARMS_Getxo_G3_20200624_20201103_MF100_s1_r1:Otu474,NCBIID,,147544,,,
ARMS_Getxo_G3_20200624_20201103_MF100_s1_r1:Otu474,NCBIScientificName,,Teichosporaceae,,,
ARMS_Getxo_G3_20200624_20201103_MF100_s1_r1:Otu474,NCBITaxonRank,,family,,,
ARMS_Getxo_G3_20200624_20201103_MF100_s1_r1:Otu474,fieldReplicateID,,ARMS_Getxo_G_20200624_20201103,http://vocab.nerc.ac.uk/collection/P01/current/IDSPRE01,,
ARMS_Getxo_G3_20200624_20201103_MF100_s1_r1:Otu474,technicalReplicateID,,,http://vocab.nerc.ac.uk/collection/P01/current/IDTCRE01,,
ARMS_Getxo_G3_20200624_20201103_MF100_s1_r1:Otu100,submergedTime,day,132,http://vocab.nerc.ac.uk/collection/P01/current/AZDRZZ01/,https://vocab.nerc.ac.uk/collection/P06/current/UTAA/,
ARMS_Getxo_G3_20200624_20201103_MF100_s1_r1:Otu100,preservativeUsed,,DMSO,http://vocab.nerc.ac.uk/collection/Q01/current/Q0100004/,,https://pubchem.ncbi.nlm.nih.gov/compound/679
ARMS_Getxo_G3_20200624_20201103_MF100_s1_r1:Otu100,lowerLimitFilterSize,micrometer,100,http://vocab.nerc.ac.uk/collection/Q01/current/Q0100011/,https://vocab.nerc.ac.uk/collection/P06/current/UMIC/,
ARMS_Getxo_G3_20200624_20201103_MF100_s1_r1:Otu100,sampleAccessionNumber,,SAMEA10021256,,,
ARMS_Getxo_G3_20200624_20201103_MF100_s1_r1:Otu100,NCBIID,,5537,,,
ARMS_Getxo_G3_20200624_20201103_MF100_s1_r1:Otu100,NCBIScientificName,,Rhodotorula mucilaginosa,,,
ARMS_Getxo_G3_20200624_20201103_MF100_s1_r1:Otu100,NCBITaxonRank,,species,,,
ARMS_Getxo_G3_20200624_20201103_MF100_s1_r1:Otu100,fieldReplicateID,,ARMS_Getxo_G_20200624_20201103,http://vocab.nerc.ac.uk/collection/P01/current/IDSPRE01,,
ARMS_Getxo_G3_20200624_20201103_MF100_s1_r1:Otu100,technicalReplicateID,,,http://vocab.nerc.ac.uk/collection/P01/current/IDTCRE01,,
ARMS_Getxo_G3_20200624_20201103_MF100_s1_r1:Otu29,submergedTime,day,132,http://vocab.nerc.ac.uk/collection/P01/current/AZDRZZ01/,https://vocab.nerc.ac.uk/collection/P06/current/UTAA/,
ARMS_Getxo_G3_20200624_20201103_MF100_s1_r1:Otu29,preservativeUsed,,DMSO,http://vocab.nerc.ac.uk/collection/Q01/current/Q0100004/,,https://pubchem.ncbi.nlm.nih.gov/compound/679
ARMS_Getxo_G3_20200624_20201103_MF100_s1_r1:Otu29,lowerLimitFilterSize,micrometer,100,http://vocab.nerc.ac.uk/collection/Q01/current/Q0100011/,https://vocab.nerc.ac.uk/collection/P06/current/UMIC/,
ARMS_Getxo_G3_20200624_20201103_MF100_s1_r1:Otu29,sampleAccessionNumber,,SAMEA10021256,,,
ARMS_Getxo_G3_20200624_20201103_MF100_s1_r1:Otu29,NCBIID,,5543,,,
ARMS_Getxo_G3_20200624_20201103_MF100_s1_r1:Otu29,NCBIScientificName,,Trichoderma,,,
ARMS_Getxo_G3_20200624_20201103_MF100_s1_r1:Otu29,NCBITaxonRank,,genus,,,
ARMS_Getxo_G3_20200624_20201103_MF100_s1_r1:Otu29,fieldReplicateID,,ARMS_Getxo_G_20200624_20201103,http://vocab.nerc.ac.uk/collection/P01/current/IDSPRE01,,
ARMS_Getxo_G3_20200624_20201103_MF100_s1_r1:Otu29,technicalReplicateID,,,http://vocab.nerc.ac.uk/collection/P01/current/IDTCRE01,,
ARMS_Getxo_G3_20200624_20201103_MF100_s1_r1:Otu26,submergedTime,day,132,http://vocab.nerc.ac.uk/collection/P01/current/AZDRZZ01/,https://vocab.nerc.ac.uk/collection/P06/current/UTAA/,
ARMS_Getxo_G3_20200624_20201103_MF100_s1_r1:Otu26,preservativeUsed,,DMSO,http://vocab.nerc.ac.uk/collection/Q01/current/Q0100004/,,https://pubchem.ncbi.nlm.nih.gov/compound/679
ARMS_Getxo_G3_20200624_20201103_MF100_s1_r1:Otu26,lowerLimitFilterSize,micrometer,100,http://vocab.nerc.ac.uk/collection/Q01/current/Q0100011/,https://vocab.nerc.ac.uk/collection/P06/current/UMIC/,
ARMS_Getxo_G3_20200624_20201103_MF100_s1_r1:Otu26,sampleAccessionNumber,,SAMEA10021256,,,
ARMS_Getxo_G3_20200624_20201103_MF100_s1_r1:Otu26,NCBIID,,798152,,,
ARMS_Getxo_G3_20200624_20201103_MF100_s1_r1:Otu26,NCBIScientificName,,Pyrenochaetopsis leptospora,,,
ARMS_Getxo_G3_20200624_20201103_MF100_s1_r1:Otu26,NCBITaxonRank,,species,,,
ARMS_Getxo_G3_20200624_20201103_MF100_s1_r1:Otu26,fieldReplicateID,,ARMS_Getxo_G_20200624_20201103,http://vocab.nerc.ac.uk/collection/P01/current/IDSPRE01,,
ARMS_Getxo_G3_20200624_20201103_MF100_s1_r1:Otu26,technicalReplicateID,,,http://vocab.nerc.ac.uk/collection/P01/current/IDTCRE01,,
ARMS_Getxo_G3_20200624_20201103_MF100_s1_r1:Otu425,submergedTime,day,132,http://vocab.nerc.ac.uk/collection/P01/current/AZDRZZ01/,https://vocab.nerc.ac.uk/collection/P06/current/UTAA/,
ARMS_Getxo_G3_20200624_20201103_MF100_s1_r1:Otu425,preservativeUsed,,DMSO,http://vocab.nerc.ac.uk/collection/Q01/current/Q0100004/,,https://pubchem.ncbi.nlm.nih.gov/compound/679
ARMS_Getxo_G3_20200624_20201103_MF100_s1_r1:Otu425,lowerLimitFilterSize,micrometer,100,http://vocab.nerc.ac.uk/collection/Q01/current/Q0100011/,https://vocab.nerc.ac.uk/collection/P06/current/UMIC/,
ARMS_Getxo_G3_20200624_20201103_MF100_s1_r1:Otu425,sampleAccessionNumber,,SAMEA10021256,,,
ARMS_Getxo_G3_20200624_20201103_MF100_s1_r1:Otu425,NCBIID,,679174,,,
ARMS_Getxo_G3_20200624_20201103_MF100_s1_r1:Otu425,NCBIScientificName,,Biatriospora,,,
ARMS_Getxo_G3_20200624_20201103_MF100_s1_r1:Otu425,NCBITaxonRank,,genus,,,
ARMS_Getxo_G3_20200624_20201103_MF100_s1_r1:Otu425,fieldReplicateID,,ARMS_Getxo_G_20200624_20201103,http://vocab.nerc.ac.uk/collection/P01/current/IDSPRE01,,
ARMS_Getxo_G3_20200624_20201103_MF100_s1_r1:Otu425,technicalReplicateID,,,http://vocab.nerc.ac.uk/collection/P01/current/IDTCRE01,,
ARMS_Getxo_G3_20200624_20201103_MF100_s1_r1:Otu10,submergedTime,day,132,http://vocab.nerc.ac.uk/collection/P01/current/AZDRZZ01/,https://vocab.nerc.ac.uk/collection/P06/current/UTAA/,
ARMS_Getxo_G3_20200624_20201103_MF100_s1_r1:Otu10,preservativeUsed,,DMSO,http://vocab.nerc.ac.uk/collection/Q01/current/Q0100004/,,https://pubchem.ncbi.nlm.nih.gov/compound/679
ARMS_Getxo_G3_20200624_20201103_MF100_s1_r1:Otu10,lowerLimitFilterSize,micrometer,100,http://vocab.nerc.ac.uk/collection/Q01/current/Q0100011/,https://vocab.nerc.ac.uk/collection/P06/current/UMIC/,
ARMS_Getxo_G3_20200624_20201103_MF100_s1_r1:Otu10,sampleAccessionNumber,,SAMEA10021256,,,
ARMS_Getxo_G3_20200624_20201103_MF100_s1_r1:Otu10,NCBIID,,5073,,,
ARMS_Getxo_G3_20200624_20201103_MF100_s1_r1:Otu10,NCBIScientificName,,Penicillium,,,
ARMS_Getxo_G3_20200624_20201103_MF100_s1_r1:Otu10,NCBITaxonRank,,genus,,,
ARMS_Getxo_G3_20200624_20201103_MF100_s1_r1:Otu10,fieldReplicateID,,ARMS_Getxo_G_20200624_20201103,http://vocab.nerc.ac.uk/collection/P01/current/IDSPRE01,,
ARMS_Getxo_G3_20200624_20201103_MF100_s1_r1:Otu10,technicalReplicateID,,,http://vocab.nerc.ac.uk/collection/P01/current/IDTCRE01,,
ARMS_Getxo_G3_20200624_20201103_SF40_s1_r1:Otu28,submergedTime,day,132,http://vocab.nerc.ac.uk/collection/P01/current/AZDRZZ01/,https://vocab.nerc.ac.uk/collection/P06/current/UTAA/,
ARMS_Getxo_G3_20200624_20201103_SF40_s1_r1:Otu28,preservativeUsed,,DMSO,http://vocab.nerc.ac.uk/collection/Q01/current/Q0100004/,,https://pubchem.ncbi.nlm.nih.gov/compound/679
ARMS_Getxo_G3_20200624_20201103_SF40_s1_r1:Otu28,lowerLimitFilterSize,micrometer,40,http://vocab.nerc.ac.uk/collection/Q01/current/Q0100011/,https://vocab.nerc.ac.uk/collection/P06/current/UMIC/,
ARMS_Getxo_G3_20200624_20201103_SF40_s1_r1:Otu28,sampleAccessionNumber,,SAMEA10021259,,,
ARMS_Getxo_G3_20200624_20201103_SF40_s1_r1:Otu28,NCBIID,,4892,,,
ARMS_Getxo_G3_20200624_20201103_SF40_s1_r1:Otu28,NCBIScientificName,,Saccharomycetales,,,
ARMS_Getxo_G3_20200624_20201103_SF40_s1_r1:Otu28,NCBITaxonRank,,order,,,
ARMS_Getxo_G3_20200624_20201103_SF40_s1_r1:Otu28,fieldReplicateID,,ARMS_Getxo_G_20200624_20201103,http://vocab.nerc.ac.uk/collection/P01/current/IDSPRE01,,
ARMS_Getxo_G3_20200624_20201103_SF40_s1_r1:Otu28,technicalReplicateID,,,http://vocab.nerc.ac.uk/collection/P01/current/IDTCRE01,,
ARMS_TZS_Angbat_20200608_20201117_MF500_ETOH_s1_r1:Otu238,submergedTime,day,162,http://vocab.nerc.ac.uk/collection/P01/current/AZDRZZ01/,https://vocab.nerc.ac.uk/collection/P06/current/UTAA/,
ARMS_TZS_Angbat_20200608_20201117_MF500_ETOH_s1_r1:Otu238,preservativeUsed,,EtOH,http://vocab.nerc.ac.uk/collection/Q01/current/Q0100004/,,https://pubchem.ncbi.nlm.nih.gov/compound/702
ARMS_TZS_Angbat_20200608_20201117_MF500_ETOH_s1_r1:Otu238,lowerLimitFilterSize,micrometer,500,http://vocab.nerc.ac.uk/collection/Q01/current/Q0100011/,https://vocab.nerc.ac.uk/collection/P06/current/UMIC/,
ARMS_TZS_Angbat_20200608_20201117_MF500_ETOH_s1_r1:Otu238,sampleAccessionNumber,,SAMEA10020994,,,
ARMS_TZS_Angbat_20200608_20201117_MF500_ETOH_s1_r1:Otu238,NCBIID,,55193,,,
ARMS_TZS_Angbat_20200608_20201117_MF500_ETOH_s1_r1:Otu238,NCBIScientificName,,Malassezia,,,
ARMS_TZS_Angbat_20200608_20201117_MF500_ETOH_s1_r1:Otu238,NCBITaxonRank,,genus,,,
ARMS_TZS_Angbat_20200608_20201117_MF500_ETOH_s1_r1:Otu238,fieldReplicateID,,no replicate,http://vocab.nerc.ac.uk/collection/P01/current/IDSPRE01,,
ARMS_TZS_Angbat_20200608_20201117_MF500_ETOH_s1_r1:Otu238,technicalReplicateID,,,http://vocab.nerc.ac.uk/collection/P01/current/IDTCRE01,,
ARMS_TZS_Angbat_20200608_20201117_MF500_ETOH_s1_r1:Otu15,submergedTime,day,162,http://vocab.nerc.ac.uk/collection/P01/current/AZDRZZ01/,https://vocab.nerc.ac.uk/collection/P06/current/UTAA/,
ARMS_TZS_Angbat_20200608_20201117_MF500_ETOH_s1_r1:Otu15,preservativeUsed,,EtOH,http://vocab.nerc.ac.uk/collection/Q01/current/Q0100004/,,https://pubchem.ncbi.nlm.nih.gov/compound/702
ARMS_TZS_Angbat_20200608_20201117_MF500_ETOH_s1_r1:Otu15,lowerLimitFilterSize,micrometer,500,http://vocab.nerc.ac.uk/collection/Q01/current/Q0100011/,https://vocab.nerc.ac.uk/collection/P06/current/UMIC/,
ARMS_TZS_Angbat_20200608_20201117_MF500_ETOH_s1_r1:Otu15,sampleAccessionNumber,,SAMEA10020994,,,
ARMS_TZS_Angbat_20200608_20201117_MF500_ETOH_s1_r1:Otu15,NCBIID,,28983,,,
ARMS_TZS_Angbat_20200608_20201117_MF500_ETOH_s1_r1:Otu15,NCBIScientificName,,Sclerotiniaceae,,,
ARMS_TZS_Angbat_20200608_20201117_MF500_ETOH_s1_r1:Otu15,NCBITaxonRank,,family,,,
ARMS_TZS_Angbat_20200608_20201117_MF500_ETOH_s1_r1:Otu15,fieldReplicateID,,no replicate,http://vocab.nerc.ac.uk/collection/P01/current/IDSPRE01,,
ARMS_TZS_Angbat_20200608_20201117_MF500_ETOH_s1_r1:Otu15,technicalReplicateID,,,http://vocab.nerc.ac.uk/collection/P01/current/IDTCRE01,,
ARMS_TZS_Angbat_20200608_20201117_SF40_ETOH_s1_r1:Otu165,submergedTime,day,162,http://vocab.nerc.ac.uk/collection/P01/current/AZDRZZ01/,https://vocab.nerc.ac.uk/collection/P06/current/UTAA/,
ARMS_TZS_Angbat_20200608_20201117_SF40_ETOH_s1_r1:Otu165,preservativeUsed,,EtOH,http://vocab.nerc.ac.uk/collection/Q01/current/Q0100004/,,https://pubchem.ncbi.nlm.nih.gov/compound/702
ARMS_TZS_Angbat_20200608_20201117_SF40_ETOH_s1_r1:Otu165,lowerLimitFilterSize,micrometer,40,http://vocab.nerc.ac.uk/collection/Q01/current/Q0100011/,https://vocab.nerc.ac.uk/collection/P06/current/UMIC/,
ARMS_TZS_Angbat_20200608_20201117_SF40_ETOH_s1_r1:Otu165,sampleAccessionNumber,,SAMEA10020997,,,
ARMS_TZS_Angbat_20200608_20201117_SF40_ETOH_s1_r1:Otu165,NCBIID,,147550,,,
ARMS_TZS_Angbat_20200608_20201117_SF40_ETOH_s1_r1:Otu165,NCBIScientificName,,Sordariomycetes,,,
ARMS_TZS_Angbat_20200608_20201117_SF40_ETOH_s1_r1:Otu165,NCBITaxonRank,,class,,,
ARMS_TZS_Angbat_20200608_20201117_SF40_ETOH_s1_r1:Otu165,fieldReplicateID,,no replicate,http://vocab.nerc.ac.uk/collection/P01/current/IDSPRE01,,
ARMS_TZS_Angbat_20200608_20201117_SF40_ETOH_s1_r1:Otu165,technicalReplicateID,,,http://vocab.nerc.ac.uk/collection/P01/current/IDTCRE01,,
ARMS_TZS_Kummelkobben_20200608_20201120_MF100_ETOH_s1_r1:Otu54,submergedTime,day,165,http://vocab.nerc.ac.uk/collection/P01/current/AZDRZZ01/,https://vocab.nerc.ac.uk/collection/P06/current/UTAA/,
ARMS_TZS_Kummelkobben_20200608_20201120_MF100_ETOH_s1_r1:Otu54,preservativeUsed,,EtOH,http://vocab.nerc.ac.uk/collection/Q01/current/Q0100004/,,https://pubchem.ncbi.nlm.nih.gov/compound/702
ARMS_TZS_Kummelkobben_20200608_20201120_MF100_ETOH_s1_r1:Otu54,lowerLimitFilterSize,micrometer,100,http://vocab.nerc.ac.uk/collection/Q01/current/Q0100011/,https://vocab.nerc.ac.uk/collection/P06/current/UMIC/,
ARMS_TZS_Kummelkobben_20200608_20201120_MF100_ETOH_s1_r1:Otu54,sampleAccessionNumber,,SAMEA10021000,,,
ARMS_TZS_Kummelkobben_20200608_20201120_MF100_ETOH_s1_r1:Otu54,NCBIID,,43219,,,
ARMS_TZS_Kummelkobben_20200608_20201120_MF100_ETOH_s1_r1:Otu54,NCBIScientificName,,Herpotrichiellaceae,,,
ARMS_TZS_Kummelkobben_20200608_20201120_MF100_ETOH_s1_r1:Otu54,NCBITaxonRank,,family,,,
ARMS_TZS_Kummelkobben_20200608_20201120_MF100_ETOH_s1_r1:Otu54,fieldReplicateID,,no replicate,http://vocab.nerc.ac.uk/collection/P01/current/IDSPRE01,,
ARMS_TZS_Kummelkobben_20200608_20201120_MF100_ETOH_s1_r1:Otu54,technicalReplicateID,,,http://vocab.nerc.ac.uk/collection/P01/current/IDTCRE01,,
ARMS_TZS_Kummelkobben_20200608_20201120_MF100_ETOH_s1_r1:Otu93,submergedTime,day,165,http://vocab.nerc.ac.uk/collection/P01/current/AZDRZZ01/,https://vocab.nerc.ac.uk/collection/P06/current/UTAA/,
ARMS_TZS_Kummelkobben_20200608_20201120_MF100_ETOH_s1_r1:Otu93,preservativeUsed,,EtOH,http://vocab.nerc.ac.uk/collection/Q01/current/Q0100004/,,https://pubchem.ncbi.nlm.nih.gov/compound/702
ARMS_TZS_Kummelkobben_20200608_20201120_MF100_ETOH_s1_r1:Otu93,lowerLimitFilterSize,micrometer,100,http://vocab.nerc.ac.uk/collection/Q01/current/Q0100011/,https://vocab.nerc.ac.uk/collection/P06/current/UMIC/,
ARMS_TZS_Kummelkobben_20200608_20201120_MF100_ETOH_s1_r1:Otu93,sampleAccessionNumber,,SAMEA10021000,,,
ARMS_TZS_Kummelkobben_20200608_20201120_MF100_ETOH_s1_r1:Otu93,NCBIID,,40657,,,
ARMS_TZS_Kummelkobben_20200608_20201120_MF100_ETOH_s1_r1:Otu93,NCBIScientificName,,Plectosphaerella,,,
ARMS_TZS_Kummelkobben_20200608_20201120_MF100_ETOH_s1_r1:Otu93,NCBITaxonRank,,genus,,,
ARMS_TZS_Kummelkobben_20200608_20201120_MF100_ETOH_s1_r1:Otu93,fieldReplicateID,,no replicate,http://vocab.nerc.ac.uk/collection/P01/current/IDSPRE01,,
ARMS_TZS_Kummelkobben_20200608_20201120_MF100_ETOH_s1_r1:Otu93,technicalReplicateID,,,http://vocab.nerc.ac.uk/collection/P01/current/IDTCRE01,,
ARMS_TZS_Kummelkobben_20200608_20201120_MF100_ETOH_s1_r1:Otu100,submergedTime,day,165,http://vocab.nerc.ac.uk/collection/P01/current/AZDRZZ01/,https://vocab.nerc.ac.uk/collection/P06/current/UTAA/,
ARMS_TZS_Kummelkobben_20200608_20201120_MF100_ETOH_s1_r1:Otu100,preservativeUsed,,EtOH,http://vocab.nerc.ac.uk/collection/Q01/current/Q0100004/,,https://pubchem.ncbi.nlm.nih.gov/compound/702
ARMS_TZS_Kummelkobben_20200608_20201120_MF100_ETOH_s1_r1:Otu100,lowerLimitFilterSize,micrometer,100,http://vocab.nerc.ac.uk/collection/Q01/current/Q0100011/,https://vocab.nerc.ac.uk/collection/P06/current/UMIC/,
ARMS_TZS_Kummelkobben_20200608_20201120_MF100_ETOH_s1_r1:Otu100,sampleAccessionNumber,,SAMEA10021000,,,
ARMS_TZS_Kummelkobben_20200608_20201120_MF100_ETOH_s1_r1:Otu100,NCBIID,,5537,,,
ARMS_TZS_Kummelkobben_20200608_20201120_MF100_ETOH_s1_r1:Otu100,NCBIScientificName,,Rhodotorula mucilaginosa,,,
ARMS_TZS_Kummelkobben_20200608_20201120_MF100_ETOH_s1_r1:Otu100,NCBITaxonRank,,species,,,
ARMS_TZS_Kummelkobben_20200608_20201120_MF100_ETOH_s1_r1:Otu100,fieldReplicateID,,no replicate,http://vocab.nerc.ac.uk/collection/P01/current/IDSPRE01,,
ARMS_TZS_Kummelkobben_20200608_20201120_MF100_ETOH_s1_r1:Otu100,technicalReplicateID,,,http://vocab.nerc.ac.uk/collection/P01/current/IDTCRE01,,
ARMS_TZS_Kummelkobben_20200608_20201120_SF40_ETOH_s1_r1:Otu151,submergedTime,day,165,http://vocab.nerc.ac.uk/collection/P01/current/AZDRZZ01/,https://vocab.nerc.ac.uk/collection/P06/current/UTAA/,
ARMS_TZS_Kummelkobben_20200608_20201120_SF40_ETOH_s1_r1:Otu151,preservativeUsed,,EtOH,http://vocab.nerc.ac.uk/collection/Q01/current/Q0100004/,,https://pubchem.ncbi.nlm.nih.gov/compound/702
ARMS_TZS_Kummelkobben_20200608_20201120_SF40_ETOH_s1_r1:Otu151,lowerLimitFilterSize,micrometer,40,http://vocab.nerc.ac.uk/collection/Q01/current/Q0100011/,https://vocab.nerc.ac.uk/collection/P06/current/UMIC/,
ARMS_TZS_Kummelkobben_20200608_20201120_SF40_ETOH_s1_r1:Otu151,sampleAccessionNumber,,SAMEA10021006,,,
ARMS_TZS_Kummelkobben_20200608_20201120_SF40_ETOH_s1_r1:Otu151,NCBIID,,1036258,,,
ARMS_TZS_Kummelkobben_20200608_20201120_SF40_ETOH_s1_r1:Otu151,NCBIScientificName,,Chaetomium acropullum,,,
ARMS_TZS_Kummelkobben_20200608_20201120_SF40_ETOH_s1_r1:Otu151,NCBITaxonRank,,species,,,
ARMS_TZS_Kummelkobben_20200608_20201120_SF40_ETOH_s1_r1:Otu151,fieldReplicateID,,no replicate,http://vocab.nerc.ac.uk/collection/P01/current/IDSPRE01,,
ARMS_TZS_Kummelkobben_20200608_20201120_SF40_ETOH_s1_r1:Otu151,technicalReplicateID,,,http://vocab.nerc.ac.uk/collection/P01/current/IDTCRE01,,
