occurrenceID,measurementType,measurementUnit,measurementValue,measurementTypeID,measurementUnitID,measurementValueID
ARMS_BelgiumCoast_AJJC86_20200506_20201012_MF100_s1_r1:Otu567,submergedTime,day,159,http://vocab.nerc.ac.uk/collection/P01/current/AZDRZZ01/,https://vocab.nerc.ac.uk/collection/P06/current/UTAA/,
ARMS_BelgiumCoast_AJJC86_20200506_20201012_MF100_s1_r1:Otu567,preservativeUsed,,DMSO,http://vocab.nerc.ac.uk/collection/Q01/current/Q0100004/,,https://pubchem.ncbi.nlm.nih.gov/compound/679
ARMS_BelgiumCoast_AJJC86_20200506_20201012_MF100_s1_r1:Otu567,lowerLimitFilterSize,micrometer,100,http://vocab.nerc.ac.uk/collection/Q01/current/Q0100011/,https://vocab.nerc.ac.uk/collection/P06/current/UMIC/,
ARMS_BelgiumCoast_AJJC86_20200506_20201012_MF100_s1_r1:Otu567,fieldReplicateID,,no replicate,http://vocab.nerc.ac.uk/collection/P01/current/IDSPRE01,,
ARMS_BelgiumCoast_AJJC86_20200506_20201012_MF100_s1_r1:Otu567,technicalReplicateID,,,http://vocab.nerc.ac.uk/collection/P01/current/IDTCRE01,,
ARMS_BelgiumCoast_AJJC86_20200506_20201012_MF100_s1_r1:Otu50,submergedTime,day,159,http://vocab.nerc.ac.uk/collection/P01/current/AZDRZZ01/,https://vocab.nerc.ac.uk/collection/P06/current/UTAA/,
ARMS_BelgiumCoast_AJJC86_20200506_20201012_MF100_s1_r1:Otu50,preservativeUsed,,DMSO,http://vocab.nerc.ac.uk/collection/Q01/current/Q0100004/,,https://pubchem.ncbi.nlm.nih.gov/compound/679
ARMS_BelgiumCoast_AJJC86_20200506_20201012_MF100_s1_r1:Otu50,lowerLimitFilterSize,micrometer,100,http://vocab.nerc.ac.uk/collection/Q01/current/Q0100011/,https://vocab.nerc.ac.uk/collection/P06/current/UMIC/,
ARMS_BelgiumCoast_AJJC86_20200506_20201012_MF100_s1_r1:Otu50,fieldReplicateID,,no replicate,http://vocab.nerc.ac.uk/collection/P01/current/IDSPRE01,,
ARMS_BelgiumCoast_AJJC86_20200506_20201012_MF100_s1_r1:Otu50,technicalReplicateID,,,http://vocab.nerc.ac.uk/collection/P01/current/IDTCRE01,,
ARMS_BelgiumCoast_AJJC86_20200506_20201012_MF100_s1_r1:Otu403,submergedTime,day,159,http://vocab.nerc.ac.uk/collection/P01/current/AZDRZZ01/,https://vocab.nerc.ac.uk/collection/P06/current/UTAA/,
ARMS_BelgiumCoast_AJJC86_20200506_20201012_MF100_s1_r1:Otu403,preservativeUsed,,DMSO,http://vocab.nerc.ac.uk/collection/Q01/current/Q0100004/,,https://pubchem.ncbi.nlm.nih.gov/compound/679
ARMS_BelgiumCoast_AJJC86_20200506_20201012_MF100_s1_r1:Otu403,lowerLimitFilterSize,micrometer,100,http://vocab.nerc.ac.uk/collection/Q01/current/Q0100011/,https://vocab.nerc.ac.uk/collection/P06/current/UMIC/,
ARMS_BelgiumCoast_AJJC86_20200506_20201012_MF100_s1_r1:Otu403,fieldReplicateID,,no replicate,http://vocab.nerc.ac.uk/collection/P01/current/IDSPRE01,,
ARMS_BelgiumCoast_AJJC86_20200506_20201012_MF100_s1_r1:Otu403,technicalReplicateID,,,http://vocab.nerc.ac.uk/collection/P01/current/IDTCRE01,,
ARMS_BelgiumCoast_AJJC86_20200506_20201012_MF100_s1_r1:Otu490,submergedTime,day,159,http://vocab.nerc.ac.uk/collection/P01/current/AZDRZZ01/,https://vocab.nerc.ac.uk/collection/P06/current/UTAA/,
ARMS_BelgiumCoast_AJJC86_20200506_20201012_MF100_s1_r1:Otu490,preservativeUsed,,DMSO,http://vocab.nerc.ac.uk/collection/Q01/current/Q0100004/,,https://pubchem.ncbi.nlm.nih.gov/compound/679
ARMS_BelgiumCoast_AJJC86_20200506_20201012_MF100_s1_r1:Otu490,lowerLimitFilterSize,micrometer,100,http://vocab.nerc.ac.uk/collection/Q01/current/Q0100011/,https://vocab.nerc.ac.uk/collection/P06/current/UMIC/,
ARMS_BelgiumCoast_AJJC86_20200506_20201012_MF100_s1_r1:Otu490,fieldReplicateID,,no replicate,http://vocab.nerc.ac.uk/collection/P01/current/IDSPRE01,,
ARMS_BelgiumCoast_AJJC86_20200506_20201012_MF100_s1_r1:Otu490,technicalReplicateID,,,http://vocab.nerc.ac.uk/collection/P01/current/IDTCRE01,,
ARMS_Getxo_G1_20200624_20201103_MF100_s1_r1:Otu238,submergedTime,day,132,http://vocab.nerc.ac.uk/collection/P01/current/AZDRZZ01/,https://vocab.nerc.ac.uk/collection/P06/current/UTAA/,
ARMS_Getxo_G1_20200624_20201103_MF100_s1_r1:Otu238,preservativeUsed,,DMSO,http://vocab.nerc.ac.uk/collection/Q01/current/Q0100004/,,https://pubchem.ncbi.nlm.nih.gov/compound/679
ARMS_Getxo_G1_20200624_20201103_MF100_s1_r1:Otu238,lowerLimitFilterSize,micrometer,100,http://vocab.nerc.ac.uk/collection/Q01/current/Q0100011/,https://vocab.nerc.ac.uk/collection/P06/current/UMIC/,
ARMS_Getxo_G1_20200624_20201103_MF100_s1_r1:Otu238,fieldReplicateID,,ARMS_Getxo_G_20200624_20201103,http://vocab.nerc.ac.uk/collection/P01/current/IDSPRE01,,
ARMS_Getxo_G1_20200624_20201103_MF100_s1_r1:Otu238,technicalReplicateID,,,http://vocab.nerc.ac.uk/collection/P01/current/IDTCRE01,,
ARMS_Getxo_G1_20200624_20201103_MF100_s1_r1:Otu63,submergedTime,day,132,http://vocab.nerc.ac.uk/collection/P01/current/AZDRZZ01/,https://vocab.nerc.ac.uk/collection/P06/current/UTAA/,
ARMS_Getxo_G1_20200624_20201103_MF100_s1_r1:Otu63,preservativeUsed,,DMSO,http://vocab.nerc.ac.uk/collection/Q01/current/Q0100004/,,https://pubchem.ncbi.nlm.nih.gov/compound/679
ARMS_Getxo_G1_20200624_20201103_MF100_s1_r1:Otu63,lowerLimitFilterSize,micrometer,100,http://vocab.nerc.ac.uk/collection/Q01/current/Q0100011/,https://vocab.nerc.ac.uk/collection/P06/current/UMIC/,
ARMS_Getxo_G1_20200624_20201103_MF100_s1_r1:Otu63,fieldReplicateID,,ARMS_Getxo_G_20200624_20201103,http://vocab.nerc.ac.uk/collection/P01/current/IDSPRE01,,
ARMS_Getxo_G1_20200624_20201103_MF100_s1_r1:Otu63,technicalReplicateID,,,http://vocab.nerc.ac.uk/collection/P01/current/IDTCRE01,,
ARMS_Getxo_G1_20200624_20201103_MF100_s1_r1:Otu545,submergedTime,day,132,http://vocab.nerc.ac.uk/collection/P01/current/AZDRZZ01/,https://vocab.nerc.ac.uk/collection/P06/current/UTAA/,
ARMS_Getxo_G1_20200624_20201103_MF100_s1_r1:Otu545,preservativeUsed,,DMSO,http://vocab.nerc.ac.uk/collection/Q01/current/Q0100004/,,https://pubchem.ncbi.nlm.nih.gov/compound/679
ARMS_Getxo_G1_20200624_20201103_MF100_s1_r1:Otu545,lowerLimitFilterSize,micrometer,100,http://vocab.nerc.ac.uk/collection/Q01/current/Q0100011/,https://vocab.nerc.ac.uk/collection/P06/current/UMIC/,
ARMS_Getxo_G1_20200624_20201103_MF100_s1_r1:Otu545,fieldReplicateID,,ARMS_Getxo_G_20200624_20201103,http://vocab.nerc.ac.uk/collection/P01/current/IDSPRE01,,
ARMS_Getxo_G1_20200624_20201103_MF100_s1_r1:Otu545,technicalReplicateID,,,http://vocab.nerc.ac.uk/collection/P01/current/IDTCRE01,,
ARMS_Getxo_G1_20200624_20201103_MF100_s1_r1:Otu307,submergedTime,day,132,http://vocab.nerc.ac.uk/collection/P01/current/AZDRZZ01/,https://vocab.nerc.ac.uk/collection/P06/current/UTAA/,
ARMS_Getxo_G1_20200624_20201103_MF100_s1_r1:Otu307,preservativeUsed,,DMSO,http://vocab.nerc.ac.uk/collection/Q01/current/Q0100004/,,https://pubchem.ncbi.nlm.nih.gov/compound/679
ARMS_Getxo_G1_20200624_20201103_MF100_s1_r1:Otu307,lowerLimitFilterSize,micrometer,100,http://vocab.nerc.ac.uk/collection/Q01/current/Q0100011/,https://vocab.nerc.ac.uk/collection/P06/current/UMIC/,
ARMS_Getxo_G1_20200624_20201103_MF100_s1_r1:Otu307,fieldReplicateID,,ARMS_Getxo_G_20200624_20201103,http://vocab.nerc.ac.uk/collection/P01/current/IDSPRE01,,
ARMS_Getxo_G1_20200624_20201103_MF100_s1_r1:Otu307,technicalReplicateID,,,http://vocab.nerc.ac.uk/collection/P01/current/IDTCRE01,,
ARMS_Getxo_G1_20200624_20201103_MF100_s1_r1:Otu374,submergedTime,day,132,http://vocab.nerc.ac.uk/collection/P01/current/AZDRZZ01/,https://vocab.nerc.ac.uk/collection/P06/current/UTAA/,
ARMS_Getxo_G1_20200624_20201103_MF100_s1_r1:Otu374,preservativeUsed,,DMSO,http://vocab.nerc.ac.uk/collection/Q01/current/Q0100004/,,https://pubchem.ncbi.nlm.nih.gov/compound/679
ARMS_Getxo_G1_20200624_20201103_MF100_s1_r1:Otu374,lowerLimitFilterSize,micrometer,100,http://vocab.nerc.ac.uk/collection/Q01/current/Q0100011/,https://vocab.nerc.ac.uk/collection/P06/current/UMIC/,
ARMS_Getxo_G1_20200624_20201103_MF100_s1_r1:Otu374,fieldReplicateID,,ARMS_Getxo_G_20200624_20201103,http://vocab.nerc.ac.uk/collection/P01/current/IDSPRE01,,
ARMS_Getxo_G1_20200624_20201103_MF100_s1_r1:Otu374,technicalReplicateID,,,http://vocab.nerc.ac.uk/collection/P01/current/IDTCRE01,,
ARMS_Getxo_G1_20200624_20201103_MF100_s1_r1:Otu192,submergedTime,day,132,http://vocab.nerc.ac.uk/collection/P01/current/AZDRZZ01/,https://vocab.nerc.ac.uk/collection/P06/current/UTAA/,
ARMS_Getxo_G1_20200624_20201103_MF100_s1_r1:Otu192,preservativeUsed,,DMSO,http://vocab.nerc.ac.uk/collection/Q01/current/Q0100004/,,https://pubchem.ncbi.nlm.nih.gov/compound/679
ARMS_Getxo_G1_20200624_20201103_MF100_s1_r1:Otu192,lowerLimitFilterSize,micrometer,100,http://vocab.nerc.ac.uk/collection/Q01/current/Q0100011/,https://vocab.nerc.ac.uk/collection/P06/current/UMIC/,
ARMS_Getxo_G1_20200624_20201103_MF100_s1_r1:Otu192,fieldReplicateID,,ARMS_Getxo_G_20200624_20201103,http://vocab.nerc.ac.uk/collection/P01/current/IDSPRE01,,
ARMS_Getxo_G1_20200624_20201103_MF100_s1_r1:Otu192,technicalReplicateID,,,http://vocab.nerc.ac.uk/collection/P01/current/IDTCRE01,,
ARMS_Getxo_G1_20200624_20201103_MF100_s1_r1:Otu46,submergedTime,day,132,http://vocab.nerc.ac.uk/collection/P01/current/AZDRZZ01/,https://vocab.nerc.ac.uk/collection/P06/current/UTAA/,
ARMS_Getxo_G1_20200624_20201103_MF100_s1_r1:Otu46,preservativeUsed,,DMSO,http://vocab.nerc.ac.uk/collection/Q01/current/Q0100004/,,https://pubchem.ncbi.nlm.nih.gov/compound/679
ARMS_Getxo_G1_20200624_20201103_MF100_s1_r1:Otu46,lowerLimitFilterSize,micrometer,100,http://vocab.nerc.ac.uk/collection/Q01/current/Q0100011/,https://vocab.nerc.ac.uk/collection/P06/current/UMIC/,
ARMS_Getxo_G1_20200624_20201103_MF100_s1_r1:Otu46,fieldReplicateID,,ARMS_Getxo_G_20200624_20201103,http://vocab.nerc.ac.uk/collection/P01/current/IDSPRE01,,
ARMS_Getxo_G1_20200624_20201103_MF100_s1_r1:Otu46,technicalReplicateID,,,http://vocab.nerc.ac.uk/collection/P01/current/IDTCRE01,,
ARMS_Getxo_G1_20200624_20201103_MF100_s1_r1:Otu44,submergedTime,day,132,http://vocab.nerc.ac.uk/collection/P01/current/AZDRZZ01/,https://vocab.nerc.ac.uk/collection/P06/current/UTAA/,
ARMS_Getxo_G1_20200624_20201103_MF100_s1_r1:Otu44,preservativeUsed,,DMSO,http://vocab.nerc.ac.uk/collection/Q01/current/Q0100004/,,https://pubchem.ncbi.nlm.nih.gov/compound/679
ARMS_Getxo_G1_20200624_20201103_MF100_s1_r1:Otu44,lowerLimitFilterSize,micrometer,100,http://vocab.nerc.ac.uk/collection/Q01/current/Q0100011/,https://vocab.nerc.ac.uk/collection/P06/current/UMIC/,
ARMS_Getxo_G1_20200624_20201103_MF100_s1_r1:Otu44,fieldReplicateID,,ARMS_Getxo_G_20200624_20201103,http://vocab.nerc.ac.uk/collection/P01/current/IDSPRE01,,
ARMS_Getxo_G1_20200624_20201103_MF100_s1_r1:Otu44,technicalReplicateID,,,http://vocab.nerc.ac.uk/collection/P01/current/IDTCRE01,,
ARMS_Getxo_G1_20200624_20201103_MF100_s1_r1:Otu43,submergedTime,day,132,http://vocab.nerc.ac.uk/collection/P01/current/AZDRZZ01/,https://vocab.nerc.ac.uk/collection/P06/current/UTAA/,
ARMS_Getxo_G1_20200624_20201103_MF100_s1_r1:Otu43,preservativeUsed,,DMSO,http://vocab.nerc.ac.uk/collection/Q01/current/Q0100004/,,https://pubchem.ncbi.nlm.nih.gov/compound/679
ARMS_Getxo_G1_20200624_20201103_MF100_s1_r1:Otu43,lowerLimitFilterSize,micrometer,100,http://vocab.nerc.ac.uk/collection/Q01/current/Q0100011/,https://vocab.nerc.ac.uk/collection/P06/current/UMIC/,
ARMS_Getxo_G1_20200624_20201103_MF100_s1_r1:Otu43,fieldReplicateID,,ARMS_Getxo_G_20200624_20201103,http://vocab.nerc.ac.uk/collection/P01/current/IDSPRE01,,
ARMS_Getxo_G1_20200624_20201103_MF100_s1_r1:Otu43,technicalReplicateID,,,http://vocab.nerc.ac.uk/collection/P01/current/IDTCRE01,,
ARMS_Getxo_G1_20200624_20201103_MF100_s1_r1:Otu560,submergedTime,day,132,http://vocab.nerc.ac.uk/collection/P01/current/AZDRZZ01/,https://vocab.nerc.ac.uk/collection/P06/current/UTAA/,
ARMS_Getxo_G1_20200624_20201103_MF100_s1_r1:Otu560,preservativeUsed,,DMSO,http://vocab.nerc.ac.uk/collection/Q01/current/Q0100004/,,https://pubchem.ncbi.nlm.nih.gov/compound/679
ARMS_Getxo_G1_20200624_20201103_MF100_s1_r1:Otu560,lowerLimitFilterSize,micrometer,100,http://vocab.nerc.ac.uk/collection/Q01/current/Q0100011/,https://vocab.nerc.ac.uk/collection/P06/current/UMIC/,
ARMS_Getxo_G1_20200624_20201103_MF100_s1_r1:Otu560,fieldReplicateID,,ARMS_Getxo_G_20200624_20201103,http://vocab.nerc.ac.uk/collection/P01/current/IDSPRE01,,
ARMS_Getxo_G1_20200624_20201103_MF100_s1_r1:Otu560,technicalReplicateID,,,http://vocab.nerc.ac.uk/collection/P01/current/IDTCRE01,,
ARMS_Getxo_G1_20200624_20201103_MF100_s1_r1:Otu362,submergedTime,day,132,http://vocab.nerc.ac.uk/collection/P01/current/AZDRZZ01/,https://vocab.nerc.ac.uk/collection/P06/current/UTAA/,
ARMS_Getxo_G1_20200624_20201103_MF100_s1_r1:Otu362,preservativeUsed,,DMSO,http://vocab.nerc.ac.uk/collection/Q01/current/Q0100004/,,https://pubchem.ncbi.nlm.nih.gov/compound/679
ARMS_Getxo_G1_20200624_20201103_MF100_s1_r1:Otu362,lowerLimitFilterSize,micrometer,100,http://vocab.nerc.ac.uk/collection/Q01/current/Q0100011/,https://vocab.nerc.ac.uk/collection/P06/current/UMIC/,
ARMS_Getxo_G1_20200624_20201103_MF100_s1_r1:Otu362,fieldReplicateID,,ARMS_Getxo_G_20200624_20201103,http://vocab.nerc.ac.uk/collection/P01/current/IDSPRE01,,
ARMS_Getxo_G1_20200624_20201103_MF100_s1_r1:Otu362,technicalReplicateID,,,http://vocab.nerc.ac.uk/collection/P01/current/IDTCRE01,,
ARMS_Getxo_G1_20200624_20201103_MF100_s1_r1:Otu184,submergedTime,day,132,http://vocab.nerc.ac.uk/collection/P01/current/AZDRZZ01/,https://vocab.nerc.ac.uk/collection/P06/current/UTAA/,
ARMS_Getxo_G1_20200624_20201103_MF100_s1_r1:Otu184,preservativeUsed,,DMSO,http://vocab.nerc.ac.uk/collection/Q01/current/Q0100004/,,https://pubchem.ncbi.nlm.nih.gov/compound/679
ARMS_Getxo_G1_20200624_20201103_MF100_s1_r1:Otu184,lowerLimitFilterSize,micrometer,100,http://vocab.nerc.ac.uk/collection/Q01/current/Q0100011/,https://vocab.nerc.ac.uk/collection/P06/current/UMIC/,
ARMS_Getxo_G1_20200624_20201103_MF100_s1_r1:Otu184,fieldReplicateID,,ARMS_Getxo_G_20200624_20201103,http://vocab.nerc.ac.uk/collection/P01/current/IDSPRE01,,
ARMS_Getxo_G1_20200624_20201103_MF100_s1_r1:Otu184,technicalReplicateID,,,http://vocab.nerc.ac.uk/collection/P01/current/IDTCRE01,,
ARMS_Getxo_G1_20200624_20201103_MF100_s1_r1:Otu180,submergedTime,day,132,http://vocab.nerc.ac.uk/collection/P01/current/AZDRZZ01/,https://vocab.nerc.ac.uk/collection/P06/current/UTAA/,
ARMS_Getxo_G1_20200624_20201103_MF100_s1_r1:Otu180,preservativeUsed,,DMSO,http://vocab.nerc.ac.uk/collection/Q01/current/Q0100004/,,https://pubchem.ncbi.nlm.nih.gov/compound/679
ARMS_Getxo_G1_20200624_20201103_MF100_s1_r1:Otu180,lowerLimitFilterSize,micrometer,100,http://vocab.nerc.ac.uk/collection/Q01/current/Q0100011/,https://vocab.nerc.ac.uk/collection/P06/current/UMIC/,
ARMS_Getxo_G1_20200624_20201103_MF100_s1_r1:Otu180,fieldReplicateID,,ARMS_Getxo_G_20200624_20201103,http://vocab.nerc.ac.uk/collection/P01/current/IDSPRE01,,
ARMS_Getxo_G1_20200624_20201103_MF100_s1_r1:Otu180,technicalReplicateID,,,http://vocab.nerc.ac.uk/collection/P01/current/IDTCRE01,,
ARMS_Getxo_G1_20200624_20201103_MF100_s1_r1:Otu337,submergedTime,day,132,http://vocab.nerc.ac.uk/collection/P01/current/AZDRZZ01/,https://vocab.nerc.ac.uk/collection/P06/current/UTAA/,
ARMS_Getxo_G1_20200624_20201103_MF100_s1_r1:Otu337,preservativeUsed,,DMSO,http://vocab.nerc.ac.uk/collection/Q01/current/Q0100004/,,https://pubchem.ncbi.nlm.nih.gov/compound/679
ARMS_Getxo_G1_20200624_20201103_MF100_s1_r1:Otu337,lowerLimitFilterSize,micrometer,100,http://vocab.nerc.ac.uk/collection/Q01/current/Q0100011/,https://vocab.nerc.ac.uk/collection/P06/current/UMIC/,
ARMS_Getxo_G1_20200624_20201103_MF100_s1_r1:Otu337,fieldReplicateID,,ARMS_Getxo_G_20200624_20201103,http://vocab.nerc.ac.uk/collection/P01/current/IDSPRE01,,
ARMS_Getxo_G1_20200624_20201103_MF100_s1_r1:Otu337,technicalReplicateID,,,http://vocab.nerc.ac.uk/collection/P01/current/IDTCRE01,,
ARMS_Getxo_G1_20200624_20201103_MF100_s1_r1:Otu50,submergedTime,day,132,http://vocab.nerc.ac.uk/collection/P01/current/AZDRZZ01/,https://vocab.nerc.ac.uk/collection/P06/current/UTAA/,
ARMS_Getxo_G1_20200624_20201103_MF100_s1_r1:Otu50,preservativeUsed,,DMSO,http://vocab.nerc.ac.uk/collection/Q01/current/Q0100004/,,https://pubchem.ncbi.nlm.nih.gov/compound/679
ARMS_Getxo_G1_20200624_20201103_MF100_s1_r1:Otu50,lowerLimitFilterSize,micrometer,100,http://vocab.nerc.ac.uk/collection/Q01/current/Q0100011/,https://vocab.nerc.ac.uk/collection/P06/current/UMIC/,
ARMS_Getxo_G1_20200624_20201103_MF100_s1_r1:Otu50,fieldReplicateID,,ARMS_Getxo_G_20200624_20201103,http://vocab.nerc.ac.uk/collection/P01/current/IDSPRE01,,
ARMS_Getxo_G1_20200624_20201103_MF100_s1_r1:Otu50,technicalReplicateID,,,http://vocab.nerc.ac.uk/collection/P01/current/IDTCRE01,,
ARMS_Getxo_G1_20200624_20201103_MF100_s1_r1:Otu349,submergedTime,day,132,http://vocab.nerc.ac.uk/collection/P01/current/AZDRZZ01/,https://vocab.nerc.ac.uk/collection/P06/current/UTAA/,
ARMS_Getxo_G1_20200624_20201103_MF100_s1_r1:Otu349,preservativeUsed,,DMSO,http://vocab.nerc.ac.uk/collection/Q01/current/Q0100004/,,https://pubchem.ncbi.nlm.nih.gov/compound/679
ARMS_Getxo_G1_20200624_20201103_MF100_s1_r1:Otu349,lowerLimitFilterSize,micrometer,100,http://vocab.nerc.ac.uk/collection/Q01/current/Q0100011/,https://vocab.nerc.ac.uk/collection/P06/current/UMIC/,
ARMS_Getxo_G1_20200624_20201103_MF100_s1_r1:Otu349,fieldReplicateID,,ARMS_Getxo_G_20200624_20201103,http://vocab.nerc.ac.uk/collection/P01/current/IDSPRE01,,
ARMS_Getxo_G1_20200624_20201103_MF100_s1_r1:Otu349,technicalReplicateID,,,http://vocab.nerc.ac.uk/collection/P01/current/IDTCRE01,,
ARMS_Getxo_G1_20200624_20201103_MF100_s1_r1:Otu347,submergedTime,day,132,http://vocab.nerc.ac.uk/collection/P01/current/AZDRZZ01/,https://vocab.nerc.ac.uk/collection/P06/current/UTAA/,
ARMS_Getxo_G1_20200624_20201103_MF100_s1_r1:Otu347,preservativeUsed,,DMSO,http://vocab.nerc.ac.uk/collection/Q01/current/Q0100004/,,https://pubchem.ncbi.nlm.nih.gov/compound/679
ARMS_Getxo_G1_20200624_20201103_MF100_s1_r1:Otu347,lowerLimitFilterSize,micrometer,100,http://vocab.nerc.ac.uk/collection/Q01/current/Q0100011/,https://vocab.nerc.ac.uk/collection/P06/current/UMIC/,
ARMS_Getxo_G1_20200624_20201103_MF100_s1_r1:Otu347,fieldReplicateID,,ARMS_Getxo_G_20200624_20201103,http://vocab.nerc.ac.uk/collection/P01/current/IDSPRE01,,
ARMS_Getxo_G1_20200624_20201103_MF100_s1_r1:Otu347,technicalReplicateID,,,http://vocab.nerc.ac.uk/collection/P01/current/IDTCRE01,,
ARMS_Getxo_G1_20200624_20201103_MF100_s1_r1:Otu513,submergedTime,day,132,http://vocab.nerc.ac.uk/collection/P01/current/AZDRZZ01/,https://vocab.nerc.ac.uk/collection/P06/current/UTAA/,
ARMS_Getxo_G1_20200624_20201103_MF100_s1_r1:Otu513,preservativeUsed,,DMSO,http://vocab.nerc.ac.uk/collection/Q01/current/Q0100004/,,https://pubchem.ncbi.nlm.nih.gov/compound/679
ARMS_Getxo_G1_20200624_20201103_MF100_s1_r1:Otu513,lowerLimitFilterSize,micrometer,100,http://vocab.nerc.ac.uk/collection/Q01/current/Q0100011/,https://vocab.nerc.ac.uk/collection/P06/current/UMIC/,
ARMS_Getxo_G1_20200624_20201103_MF100_s1_r1:Otu513,fieldReplicateID,,ARMS_Getxo_G_20200624_20201103,http://vocab.nerc.ac.uk/collection/P01/current/IDSPRE01,,
ARMS_Getxo_G1_20200624_20201103_MF100_s1_r1:Otu513,technicalReplicateID,,,http://vocab.nerc.ac.uk/collection/P01/current/IDTCRE01,,
ARMS_Getxo_G1_20200624_20201103_MF100_s1_r1:Otu738,submergedTime,day,132,http://vocab.nerc.ac.uk/collection/P01/current/AZDRZZ01/,https://vocab.nerc.ac.uk/collection/P06/current/UTAA/,
ARMS_Getxo_G1_20200624_20201103_MF100_s1_r1:Otu738,preservativeUsed,,DMSO,http://vocab.nerc.ac.uk/collection/Q01/current/Q0100004/,,https://pubchem.ncbi.nlm.nih.gov/compound/679
ARMS_Getxo_G1_20200624_20201103_MF100_s1_r1:Otu738,lowerLimitFilterSize,micrometer,100,http://vocab.nerc.ac.uk/collection/Q01/current/Q0100011/,https://vocab.nerc.ac.uk/collection/P06/current/UMIC/,
ARMS_Getxo_G1_20200624_20201103_MF100_s1_r1:Otu738,fieldReplicateID,,ARMS_Getxo_G_20200624_20201103,http://vocab.nerc.ac.uk/collection/P01/current/IDSPRE01,,
ARMS_Getxo_G1_20200624_20201103_MF100_s1_r1:Otu738,technicalReplicateID,,,http://vocab.nerc.ac.uk/collection/P01/current/IDTCRE01,,
ARMS_Getxo_G1_20200624_20201103_MF100_s1_r1:Otu226,submergedTime,day,132,http://vocab.nerc.ac.uk/collection/P01/current/AZDRZZ01/,https://vocab.nerc.ac.uk/collection/P06/current/UTAA/,
ARMS_Getxo_G1_20200624_20201103_MF100_s1_r1:Otu226,preservativeUsed,,DMSO,http://vocab.nerc.ac.uk/collection/Q01/current/Q0100004/,,https://pubchem.ncbi.nlm.nih.gov/compound/679
ARMS_Getxo_G1_20200624_20201103_MF100_s1_r1:Otu226,lowerLimitFilterSize,micrometer,100,http://vocab.nerc.ac.uk/collection/Q01/current/Q0100011/,https://vocab.nerc.ac.uk/collection/P06/current/UMIC/,
ARMS_Getxo_G1_20200624_20201103_MF100_s1_r1:Otu226,fieldReplicateID,,ARMS_Getxo_G_20200624_20201103,http://vocab.nerc.ac.uk/collection/P01/current/IDSPRE01,,
ARMS_Getxo_G1_20200624_20201103_MF100_s1_r1:Otu226,technicalReplicateID,,,http://vocab.nerc.ac.uk/collection/P01/current/IDTCRE01,,
ARMS_Getxo_G1_20200624_20201103_MF100_s1_r1:Otu431,submergedTime,day,132,http://vocab.nerc.ac.uk/collection/P01/current/AZDRZZ01/,https://vocab.nerc.ac.uk/collection/P06/current/UTAA/,
ARMS_Getxo_G1_20200624_20201103_MF100_s1_r1:Otu431,preservativeUsed,,DMSO,http://vocab.nerc.ac.uk/collection/Q01/current/Q0100004/,,https://pubchem.ncbi.nlm.nih.gov/compound/679
ARMS_Getxo_G1_20200624_20201103_MF100_s1_r1:Otu431,lowerLimitFilterSize,micrometer,100,http://vocab.nerc.ac.uk/collection/Q01/current/Q0100011/,https://vocab.nerc.ac.uk/collection/P06/current/UMIC/,
ARMS_Getxo_G1_20200624_20201103_MF100_s1_r1:Otu431,fieldReplicateID,,ARMS_Getxo_G_20200624_20201103,http://vocab.nerc.ac.uk/collection/P01/current/IDSPRE01,,
ARMS_Getxo_G1_20200624_20201103_MF100_s1_r1:Otu431,technicalReplicateID,,,http://vocab.nerc.ac.uk/collection/P01/current/IDTCRE01,,
ARMS_Getxo_G1_20200624_20201103_MF100_s1_r1:Otu448,submergedTime,day,132,http://vocab.nerc.ac.uk/collection/P01/current/AZDRZZ01/,https://vocab.nerc.ac.uk/collection/P06/current/UTAA/,
ARMS_Getxo_G1_20200624_20201103_MF100_s1_r1:Otu448,preservativeUsed,,DMSO,http://vocab.nerc.ac.uk/collection/Q01/current/Q0100004/,,https://pubchem.ncbi.nlm.nih.gov/compound/679
ARMS_Getxo_G1_20200624_20201103_MF100_s1_r1:Otu448,lowerLimitFilterSize,micrometer,100,http://vocab.nerc.ac.uk/collection/Q01/current/Q0100011/,https://vocab.nerc.ac.uk/collection/P06/current/UMIC/,
ARMS_Getxo_G1_20200624_20201103_MF100_s1_r1:Otu448,fieldReplicateID,,ARMS_Getxo_G_20200624_20201103,http://vocab.nerc.ac.uk/collection/P01/current/IDSPRE01,,
ARMS_Getxo_G1_20200624_20201103_MF100_s1_r1:Otu448,technicalReplicateID,,,http://vocab.nerc.ac.uk/collection/P01/current/IDTCRE01,,
ARMS_Getxo_G1_20200624_20201103_MF100_s1_r1:Otu99,submergedTime,day,132,http://vocab.nerc.ac.uk/collection/P01/current/AZDRZZ01/,https://vocab.nerc.ac.uk/collection/P06/current/UTAA/,
ARMS_Getxo_G1_20200624_20201103_MF100_s1_r1:Otu99,preservativeUsed,,DMSO,http://vocab.nerc.ac.uk/collection/Q01/current/Q0100004/,,https://pubchem.ncbi.nlm.nih.gov/compound/679
ARMS_Getxo_G1_20200624_20201103_MF100_s1_r1:Otu99,lowerLimitFilterSize,micrometer,100,http://vocab.nerc.ac.uk/collection/Q01/current/Q0100011/,https://vocab.nerc.ac.uk/collection/P06/current/UMIC/,
ARMS_Getxo_G1_20200624_20201103_MF100_s1_r1:Otu99,fieldReplicateID,,ARMS_Getxo_G_20200624_20201103,http://vocab.nerc.ac.uk/collection/P01/current/IDSPRE01,,
ARMS_Getxo_G1_20200624_20201103_MF100_s1_r1:Otu99,technicalReplicateID,,,http://vocab.nerc.ac.uk/collection/P01/current/IDTCRE01,,
ARMS_Getxo_G1_20200624_20201103_MF100_s1_r1:Otu95,submergedTime,day,132,http://vocab.nerc.ac.uk/collection/P01/current/AZDRZZ01/,https://vocab.nerc.ac.uk/collection/P06/current/UTAA/,
ARMS_Getxo_G1_20200624_20201103_MF100_s1_r1:Otu95,preservativeUsed,,DMSO,http://vocab.nerc.ac.uk/collection/Q01/current/Q0100004/,,https://pubchem.ncbi.nlm.nih.gov/compound/679
ARMS_Getxo_G1_20200624_20201103_MF100_s1_r1:Otu95,lowerLimitFilterSize,micrometer,100,http://vocab.nerc.ac.uk/collection/Q01/current/Q0100011/,https://vocab.nerc.ac.uk/collection/P06/current/UMIC/,
ARMS_Getxo_G1_20200624_20201103_MF100_s1_r1:Otu95,fieldReplicateID,,ARMS_Getxo_G_20200624_20201103,http://vocab.nerc.ac.uk/collection/P01/current/IDSPRE01,,
ARMS_Getxo_G1_20200624_20201103_MF100_s1_r1:Otu95,technicalReplicateID,,,http://vocab.nerc.ac.uk/collection/P01/current/IDTCRE01,,
ARMS_Getxo_G1_20200624_20201103_MF100_s1_r1:Otu409,submergedTime,day,132,http://vocab.nerc.ac.uk/collection/P01/current/AZDRZZ01/,https://vocab.nerc.ac.uk/collection/P06/current/UTAA/,
ARMS_Getxo_G1_20200624_20201103_MF100_s1_r1:Otu409,preservativeUsed,,DMSO,http://vocab.nerc.ac.uk/collection/Q01/current/Q0100004/,,https://pubchem.ncbi.nlm.nih.gov/compound/679
ARMS_Getxo_G1_20200624_20201103_MF100_s1_r1:Otu409,lowerLimitFilterSize,micrometer,100,http://vocab.nerc.ac.uk/collection/Q01/current/Q0100011/,https://vocab.nerc.ac.uk/collection/P06/current/UMIC/,
ARMS_Getxo_G1_20200624_20201103_MF100_s1_r1:Otu409,fieldReplicateID,,ARMS_Getxo_G_20200624_20201103,http://vocab.nerc.ac.uk/collection/P01/current/IDSPRE01,,
ARMS_Getxo_G1_20200624_20201103_MF100_s1_r1:Otu409,technicalReplicateID,,,http://vocab.nerc.ac.uk/collection/P01/current/IDTCRE01,,
ARMS_Getxo_G1_20200624_20201103_MF100_s1_r1:Otu405,submergedTime,day,132,http://vocab.nerc.ac.uk/collection/P01/current/AZDRZZ01/,https://vocab.nerc.ac.uk/collection/P06/current/UTAA/,
ARMS_Getxo_G1_20200624_20201103_MF100_s1_r1:Otu405,preservativeUsed,,DMSO,http://vocab.nerc.ac.uk/collection/Q01/current/Q0100004/,,https://pubchem.ncbi.nlm.nih.gov/compound/679
ARMS_Getxo_G1_20200624_20201103_MF100_s1_r1:Otu405,lowerLimitFilterSize,micrometer,100,http://vocab.nerc.ac.uk/collection/Q01/current/Q0100011/,https://vocab.nerc.ac.uk/collection/P06/current/UMIC/,
ARMS_Getxo_G1_20200624_20201103_MF100_s1_r1:Otu405,fieldReplicateID,,ARMS_Getxo_G_20200624_20201103,http://vocab.nerc.ac.uk/collection/P01/current/IDSPRE01,,
ARMS_Getxo_G1_20200624_20201103_MF100_s1_r1:Otu405,technicalReplicateID,,,http://vocab.nerc.ac.uk/collection/P01/current/IDTCRE01,,
ARMS_Getxo_G1_20200624_20201103_MF100_s1_r1:Otu865,submergedTime,day,132,http://vocab.nerc.ac.uk/collection/P01/current/AZDRZZ01/,https://vocab.nerc.ac.uk/collection/P06/current/UTAA/,
ARMS_Getxo_G1_20200624_20201103_MF100_s1_r1:Otu865,preservativeUsed,,DMSO,http://vocab.nerc.ac.uk/collection/Q01/current/Q0100004/,,https://pubchem.ncbi.nlm.nih.gov/compound/679
ARMS_Getxo_G1_20200624_20201103_MF100_s1_r1:Otu865,lowerLimitFilterSize,micrometer,100,http://vocab.nerc.ac.uk/collection/Q01/current/Q0100011/,https://vocab.nerc.ac.uk/collection/P06/current/UMIC/,
ARMS_Getxo_G1_20200624_20201103_MF100_s1_r1:Otu865,fieldReplicateID,,ARMS_Getxo_G_20200624_20201103,http://vocab.nerc.ac.uk/collection/P01/current/IDSPRE01,,
ARMS_Getxo_G1_20200624_20201103_MF100_s1_r1:Otu865,technicalReplicateID,,,http://vocab.nerc.ac.uk/collection/P01/current/IDTCRE01,,
ARMS_Getxo_G1_20200624_20201103_MF100_s1_r1:Otu418,submergedTime,day,132,http://vocab.nerc.ac.uk/collection/P01/current/AZDRZZ01/,https://vocab.nerc.ac.uk/collection/P06/current/UTAA/,
ARMS_Getxo_G1_20200624_20201103_MF100_s1_r1:Otu418,preservativeUsed,,DMSO,http://vocab.nerc.ac.uk/collection/Q01/current/Q0100004/,,https://pubchem.ncbi.nlm.nih.gov/compound/679
ARMS_Getxo_G1_20200624_20201103_MF100_s1_r1:Otu418,lowerLimitFilterSize,micrometer,100,http://vocab.nerc.ac.uk/collection/Q01/current/Q0100011/,https://vocab.nerc.ac.uk/collection/P06/current/UMIC/,
ARMS_Getxo_G1_20200624_20201103_MF100_s1_r1:Otu418,fieldReplicateID,,ARMS_Getxo_G_20200624_20201103,http://vocab.nerc.ac.uk/collection/P01/current/IDSPRE01,,
ARMS_Getxo_G1_20200624_20201103_MF100_s1_r1:Otu418,technicalReplicateID,,,http://vocab.nerc.ac.uk/collection/P01/current/IDTCRE01,,
ARMS_Getxo_G1_20200624_20201103_MF100_s1_r1:Otu384,submergedTime,day,132,http://vocab.nerc.ac.uk/collection/P01/current/AZDRZZ01/,https://vocab.nerc.ac.uk/collection/P06/current/UTAA/,
ARMS_Getxo_G1_20200624_20201103_MF100_s1_r1:Otu384,preservativeUsed,,DMSO,http://vocab.nerc.ac.uk/collection/Q01/current/Q0100004/,,https://pubchem.ncbi.nlm.nih.gov/compound/679
ARMS_Getxo_G1_20200624_20201103_MF100_s1_r1:Otu384,lowerLimitFilterSize,micrometer,100,http://vocab.nerc.ac.uk/collection/Q01/current/Q0100011/,https://vocab.nerc.ac.uk/collection/P06/current/UMIC/,
ARMS_Getxo_G1_20200624_20201103_MF100_s1_r1:Otu384,fieldReplicateID,,ARMS_Getxo_G_20200624_20201103,http://vocab.nerc.ac.uk/collection/P01/current/IDSPRE01,,
ARMS_Getxo_G1_20200624_20201103_MF100_s1_r1:Otu384,technicalReplicateID,,,http://vocab.nerc.ac.uk/collection/P01/current/IDTCRE01,,
ARMS_Getxo_G1_20200624_20201103_MF100_s1_r1:Otu258,submergedTime,day,132,http://vocab.nerc.ac.uk/collection/P01/current/AZDRZZ01/,https://vocab.nerc.ac.uk/collection/P06/current/UTAA/,
ARMS_Getxo_G1_20200624_20201103_MF100_s1_r1:Otu258,preservativeUsed,,DMSO,http://vocab.nerc.ac.uk/collection/Q01/current/Q0100004/,,https://pubchem.ncbi.nlm.nih.gov/compound/679
ARMS_Getxo_G1_20200624_20201103_MF100_s1_r1:Otu258,lowerLimitFilterSize,micrometer,100,http://vocab.nerc.ac.uk/collection/Q01/current/Q0100011/,https://vocab.nerc.ac.uk/collection/P06/current/UMIC/,
ARMS_Getxo_G1_20200624_20201103_MF100_s1_r1:Otu258,fieldReplicateID,,ARMS_Getxo_G_20200624_20201103,http://vocab.nerc.ac.uk/collection/P01/current/IDSPRE01,,
ARMS_Getxo_G1_20200624_20201103_MF100_s1_r1:Otu258,technicalReplicateID,,,http://vocab.nerc.ac.uk/collection/P01/current/IDTCRE01,,
ARMS_Getxo_G1_20200624_20201103_MF100_s1_r1:Otu116,submergedTime,day,132,http://vocab.nerc.ac.uk/collection/P01/current/AZDRZZ01/,https://vocab.nerc.ac.uk/collection/P06/current/UTAA/,
ARMS_Getxo_G1_20200624_20201103_MF100_s1_r1:Otu116,preservativeUsed,,DMSO,http://vocab.nerc.ac.uk/collection/Q01/current/Q0100004/,,https://pubchem.ncbi.nlm.nih.gov/compound/679
ARMS_Getxo_G1_20200624_20201103_MF100_s1_r1:Otu116,lowerLimitFilterSize,micrometer,100,http://vocab.nerc.ac.uk/collection/Q01/current/Q0100011/,https://vocab.nerc.ac.uk/collection/P06/current/UMIC/,
ARMS_Getxo_G1_20200624_20201103_MF100_s1_r1:Otu116,fieldReplicateID,,ARMS_Getxo_G_20200624_20201103,http://vocab.nerc.ac.uk/collection/P01/current/IDSPRE01,,
ARMS_Getxo_G1_20200624_20201103_MF100_s1_r1:Otu116,technicalReplicateID,,,http://vocab.nerc.ac.uk/collection/P01/current/IDTCRE01,,
ARMS_Getxo_G1_20200624_20201103_MF100_s1_r1:Otu619,submergedTime,day,132,http://vocab.nerc.ac.uk/collection/P01/current/AZDRZZ01/,https://vocab.nerc.ac.uk/collection/P06/current/UTAA/,
ARMS_Getxo_G1_20200624_20201103_MF100_s1_r1:Otu619,preservativeUsed,,DMSO,http://vocab.nerc.ac.uk/collection/Q01/current/Q0100004/,,https://pubchem.ncbi.nlm.nih.gov/compound/679
ARMS_Getxo_G1_20200624_20201103_MF100_s1_r1:Otu619,lowerLimitFilterSize,micrometer,100,http://vocab.nerc.ac.uk/collection/Q01/current/Q0100011/,https://vocab.nerc.ac.uk/collection/P06/current/UMIC/,
ARMS_Getxo_G1_20200624_20201103_MF100_s1_r1:Otu619,fieldReplicateID,,ARMS_Getxo_G_20200624_20201103,http://vocab.nerc.ac.uk/collection/P01/current/IDSPRE01,,
ARMS_Getxo_G1_20200624_20201103_MF100_s1_r1:Otu619,technicalReplicateID,,,http://vocab.nerc.ac.uk/collection/P01/current/IDTCRE01,,
ARMS_Getxo_G1_20200624_20201103_MF100_s1_r1:Otu279,submergedTime,day,132,http://vocab.nerc.ac.uk/collection/P01/current/AZDRZZ01/,https://vocab.nerc.ac.uk/collection/P06/current/UTAA/,
ARMS_Getxo_G1_20200624_20201103_MF100_s1_r1:Otu279,preservativeUsed,,DMSO,http://vocab.nerc.ac.uk/collection/Q01/current/Q0100004/,,https://pubchem.ncbi.nlm.nih.gov/compound/679
ARMS_Getxo_G1_20200624_20201103_MF100_s1_r1:Otu279,lowerLimitFilterSize,micrometer,100,http://vocab.nerc.ac.uk/collection/Q01/current/Q0100011/,https://vocab.nerc.ac.uk/collection/P06/current/UMIC/,
ARMS_Getxo_G1_20200624_20201103_MF100_s1_r1:Otu279,fieldReplicateID,,ARMS_Getxo_G_20200624_20201103,http://vocab.nerc.ac.uk/collection/P01/current/IDSPRE01,,
ARMS_Getxo_G1_20200624_20201103_MF100_s1_r1:Otu279,technicalReplicateID,,,http://vocab.nerc.ac.uk/collection/P01/current/IDTCRE01,,
ARMS_Getxo_G1_20200624_20201103_MF100_s1_r1:Otu292,submergedTime,day,132,http://vocab.nerc.ac.uk/collection/P01/current/AZDRZZ01/,https://vocab.nerc.ac.uk/collection/P06/current/UTAA/,
ARMS_Getxo_G1_20200624_20201103_MF100_s1_r1:Otu292,preservativeUsed,,DMSO,http://vocab.nerc.ac.uk/collection/Q01/current/Q0100004/,,https://pubchem.ncbi.nlm.nih.gov/compound/679
ARMS_Getxo_G1_20200624_20201103_MF100_s1_r1:Otu292,lowerLimitFilterSize,micrometer,100,http://vocab.nerc.ac.uk/collection/Q01/current/Q0100011/,https://vocab.nerc.ac.uk/collection/P06/current/UMIC/,
ARMS_Getxo_G1_20200624_20201103_MF100_s1_r1:Otu292,fieldReplicateID,,ARMS_Getxo_G_20200624_20201103,http://vocab.nerc.ac.uk/collection/P01/current/IDSPRE01,,
ARMS_Getxo_G1_20200624_20201103_MF100_s1_r1:Otu292,technicalReplicateID,,,http://vocab.nerc.ac.uk/collection/P01/current/IDTCRE01,,
ARMS_Getxo_G1_20200624_20201103_MF100_s1_r1:Otu327,submergedTime,day,132,http://vocab.nerc.ac.uk/collection/P01/current/AZDRZZ01/,https://vocab.nerc.ac.uk/collection/P06/current/UTAA/,
ARMS_Getxo_G1_20200624_20201103_MF100_s1_r1:Otu327,preservativeUsed,,DMSO,http://vocab.nerc.ac.uk/collection/Q01/current/Q0100004/,,https://pubchem.ncbi.nlm.nih.gov/compound/679
ARMS_Getxo_G1_20200624_20201103_MF100_s1_r1:Otu327,lowerLimitFilterSize,micrometer,100,http://vocab.nerc.ac.uk/collection/Q01/current/Q0100011/,https://vocab.nerc.ac.uk/collection/P06/current/UMIC/,
ARMS_Getxo_G1_20200624_20201103_MF100_s1_r1:Otu327,fieldReplicateID,,ARMS_Getxo_G_20200624_20201103,http://vocab.nerc.ac.uk/collection/P01/current/IDSPRE01,,
ARMS_Getxo_G1_20200624_20201103_MF100_s1_r1:Otu327,technicalReplicateID,,,http://vocab.nerc.ac.uk/collection/P01/current/IDTCRE01,,
ARMS_Getxo_G1_20200624_20201103_MF100_s1_r1:Otu401,submergedTime,day,132,http://vocab.nerc.ac.uk/collection/P01/current/AZDRZZ01/,https://vocab.nerc.ac.uk/collection/P06/current/UTAA/,
ARMS_Getxo_G1_20200624_20201103_MF100_s1_r1:Otu401,preservativeUsed,,DMSO,http://vocab.nerc.ac.uk/collection/Q01/current/Q0100004/,,https://pubchem.ncbi.nlm.nih.gov/compound/679
ARMS_Getxo_G1_20200624_20201103_MF100_s1_r1:Otu401,lowerLimitFilterSize,micrometer,100,http://vocab.nerc.ac.uk/collection/Q01/current/Q0100011/,https://vocab.nerc.ac.uk/collection/P06/current/UMIC/,
ARMS_Getxo_G1_20200624_20201103_MF100_s1_r1:Otu401,fieldReplicateID,,ARMS_Getxo_G_20200624_20201103,http://vocab.nerc.ac.uk/collection/P01/current/IDSPRE01,,
ARMS_Getxo_G1_20200624_20201103_MF100_s1_r1:Otu401,technicalReplicateID,,,http://vocab.nerc.ac.uk/collection/P01/current/IDTCRE01,,
ARMS_Getxo_G1_20200624_20201103_MF100_s1_r1:Otu146,submergedTime,day,132,http://vocab.nerc.ac.uk/collection/P01/current/AZDRZZ01/,https://vocab.nerc.ac.uk/collection/P06/current/UTAA/,
ARMS_Getxo_G1_20200624_20201103_MF100_s1_r1:Otu146,preservativeUsed,,DMSO,http://vocab.nerc.ac.uk/collection/Q01/current/Q0100004/,,https://pubchem.ncbi.nlm.nih.gov/compound/679
ARMS_Getxo_G1_20200624_20201103_MF100_s1_r1:Otu146,lowerLimitFilterSize,micrometer,100,http://vocab.nerc.ac.uk/collection/Q01/current/Q0100011/,https://vocab.nerc.ac.uk/collection/P06/current/UMIC/,
ARMS_Getxo_G1_20200624_20201103_MF100_s1_r1:Otu146,fieldReplicateID,,ARMS_Getxo_G_20200624_20201103,http://vocab.nerc.ac.uk/collection/P01/current/IDSPRE01,,
ARMS_Getxo_G1_20200624_20201103_MF100_s1_r1:Otu146,technicalReplicateID,,,http://vocab.nerc.ac.uk/collection/P01/current/IDTCRE01,,
ARMS_Getxo_G1_20200624_20201103_MF100_s1_r1:Otu1364,submergedTime,day,132,http://vocab.nerc.ac.uk/collection/P01/current/AZDRZZ01/,https://vocab.nerc.ac.uk/collection/P06/current/UTAA/,
ARMS_Getxo_G1_20200624_20201103_MF100_s1_r1:Otu1364,preservativeUsed,,DMSO,http://vocab.nerc.ac.uk/collection/Q01/current/Q0100004/,,https://pubchem.ncbi.nlm.nih.gov/compound/679
ARMS_Getxo_G1_20200624_20201103_MF100_s1_r1:Otu1364,lowerLimitFilterSize,micrometer,100,http://vocab.nerc.ac.uk/collection/Q01/current/Q0100011/,https://vocab.nerc.ac.uk/collection/P06/current/UMIC/,
ARMS_Getxo_G1_20200624_20201103_MF100_s1_r1:Otu1364,fieldReplicateID,,ARMS_Getxo_G_20200624_20201103,http://vocab.nerc.ac.uk/collection/P01/current/IDSPRE01,,
ARMS_Getxo_G1_20200624_20201103_MF100_s1_r1:Otu1364,technicalReplicateID,,,http://vocab.nerc.ac.uk/collection/P01/current/IDTCRE01,,
ARMS_Getxo_G1_20200624_20201103_MF100_s1_r1:Otu242,submergedTime,day,132,http://vocab.nerc.ac.uk/collection/P01/current/AZDRZZ01/,https://vocab.nerc.ac.uk/collection/P06/current/UTAA/,
ARMS_Getxo_G1_20200624_20201103_MF100_s1_r1:Otu242,preservativeUsed,,DMSO,http://vocab.nerc.ac.uk/collection/Q01/current/Q0100004/,,https://pubchem.ncbi.nlm.nih.gov/compound/679
ARMS_Getxo_G1_20200624_20201103_MF100_s1_r1:Otu242,lowerLimitFilterSize,micrometer,100,http://vocab.nerc.ac.uk/collection/Q01/current/Q0100011/,https://vocab.nerc.ac.uk/collection/P06/current/UMIC/,
ARMS_Getxo_G1_20200624_20201103_MF100_s1_r1:Otu242,fieldReplicateID,,ARMS_Getxo_G_20200624_20201103,http://vocab.nerc.ac.uk/collection/P01/current/IDSPRE01,,
ARMS_Getxo_G1_20200624_20201103_MF100_s1_r1:Otu242,technicalReplicateID,,,http://vocab.nerc.ac.uk/collection/P01/current/IDTCRE01,,
ARMS_Getxo_G1_20200624_20201103_MF100_s1_r1:Otu29,submergedTime,day,132,http://vocab.nerc.ac.uk/collection/P01/current/AZDRZZ01/,https://vocab.nerc.ac.uk/collection/P06/current/UTAA/,
ARMS_Getxo_G1_20200624_20201103_MF100_s1_r1:Otu29,preservativeUsed,,DMSO,http://vocab.nerc.ac.uk/collection/Q01/current/Q0100004/,,https://pubchem.ncbi.nlm.nih.gov/compound/679
ARMS_Getxo_G1_20200624_20201103_MF100_s1_r1:Otu29,lowerLimitFilterSize,micrometer,100,http://vocab.nerc.ac.uk/collection/Q01/current/Q0100011/,https://vocab.nerc.ac.uk/collection/P06/current/UMIC/,
ARMS_Getxo_G1_20200624_20201103_MF100_s1_r1:Otu29,fieldReplicateID,,ARMS_Getxo_G_20200624_20201103,http://vocab.nerc.ac.uk/collection/P01/current/IDSPRE01,,
ARMS_Getxo_G1_20200624_20201103_MF100_s1_r1:Otu29,technicalReplicateID,,,http://vocab.nerc.ac.uk/collection/P01/current/IDTCRE01,,
ARMS_Getxo_G1_20200624_20201103_MF100_s1_r1:Otu26,submergedTime,day,132,http://vocab.nerc.ac.uk/collection/P01/current/AZDRZZ01/,https://vocab.nerc.ac.uk/collection/P06/current/UTAA/,
ARMS_Getxo_G1_20200624_20201103_MF100_s1_r1:Otu26,preservativeUsed,,DMSO,http://vocab.nerc.ac.uk/collection/Q01/current/Q0100004/,,https://pubchem.ncbi.nlm.nih.gov/compound/679
ARMS_Getxo_G1_20200624_20201103_MF100_s1_r1:Otu26,lowerLimitFilterSize,micrometer,100,http://vocab.nerc.ac.uk/collection/Q01/current/Q0100011/,https://vocab.nerc.ac.uk/collection/P06/current/UMIC/,
ARMS_Getxo_G1_20200624_20201103_MF100_s1_r1:Otu26,fieldReplicateID,,ARMS_Getxo_G_20200624_20201103,http://vocab.nerc.ac.uk/collection/P01/current/IDSPRE01,,
ARMS_Getxo_G1_20200624_20201103_MF100_s1_r1:Otu26,technicalReplicateID,,,http://vocab.nerc.ac.uk/collection/P01/current/IDTCRE01,,
ARMS_Getxo_G1_20200624_20201103_MF100_s1_r1:Otu585,submergedTime,day,132,http://vocab.nerc.ac.uk/collection/P01/current/AZDRZZ01/,https://vocab.nerc.ac.uk/collection/P06/current/UTAA/,
ARMS_Getxo_G1_20200624_20201103_MF100_s1_r1:Otu585,preservativeUsed,,DMSO,http://vocab.nerc.ac.uk/collection/Q01/current/Q0100004/,,https://pubchem.ncbi.nlm.nih.gov/compound/679
ARMS_Getxo_G1_20200624_20201103_MF100_s1_r1:Otu585,lowerLimitFilterSize,micrometer,100,http://vocab.nerc.ac.uk/collection/Q01/current/Q0100011/,https://vocab.nerc.ac.uk/collection/P06/current/UMIC/,
ARMS_Getxo_G1_20200624_20201103_MF100_s1_r1:Otu585,fieldReplicateID,,ARMS_Getxo_G_20200624_20201103,http://vocab.nerc.ac.uk/collection/P01/current/IDSPRE01,,
ARMS_Getxo_G1_20200624_20201103_MF100_s1_r1:Otu585,technicalReplicateID,,,http://vocab.nerc.ac.uk/collection/P01/current/IDTCRE01,,
ARMS_Getxo_G1_20200624_20201103_MF100_s1_r1:Otu458,submergedTime,day,132,http://vocab.nerc.ac.uk/collection/P01/current/AZDRZZ01/,https://vocab.nerc.ac.uk/collection/P06/current/UTAA/,
ARMS_Getxo_G1_20200624_20201103_MF100_s1_r1:Otu458,preservativeUsed,,DMSO,http://vocab.nerc.ac.uk/collection/Q01/current/Q0100004/,,https://pubchem.ncbi.nlm.nih.gov/compound/679
ARMS_Getxo_G1_20200624_20201103_MF100_s1_r1:Otu458,lowerLimitFilterSize,micrometer,100,http://vocab.nerc.ac.uk/collection/Q01/current/Q0100011/,https://vocab.nerc.ac.uk/collection/P06/current/UMIC/,
ARMS_Getxo_G1_20200624_20201103_MF100_s1_r1:Otu458,fieldReplicateID,,ARMS_Getxo_G_20200624_20201103,http://vocab.nerc.ac.uk/collection/P01/current/IDSPRE01,,
ARMS_Getxo_G1_20200624_20201103_MF100_s1_r1:Otu458,technicalReplicateID,,,http://vocab.nerc.ac.uk/collection/P01/current/IDTCRE01,,
ARMS_Getxo_G1_20200624_20201103_MF100_s1_r1:Otu452,submergedTime,day,132,http://vocab.nerc.ac.uk/collection/P01/current/AZDRZZ01/,https://vocab.nerc.ac.uk/collection/P06/current/UTAA/,
ARMS_Getxo_G1_20200624_20201103_MF100_s1_r1:Otu452,preservativeUsed,,DMSO,http://vocab.nerc.ac.uk/collection/Q01/current/Q0100004/,,https://pubchem.ncbi.nlm.nih.gov/compound/679
ARMS_Getxo_G1_20200624_20201103_MF100_s1_r1:Otu452,lowerLimitFilterSize,micrometer,100,http://vocab.nerc.ac.uk/collection/Q01/current/Q0100011/,https://vocab.nerc.ac.uk/collection/P06/current/UMIC/,
ARMS_Getxo_G1_20200624_20201103_MF100_s1_r1:Otu452,fieldReplicateID,,ARMS_Getxo_G_20200624_20201103,http://vocab.nerc.ac.uk/collection/P01/current/IDSPRE01,,
ARMS_Getxo_G1_20200624_20201103_MF100_s1_r1:Otu452,technicalReplicateID,,,http://vocab.nerc.ac.uk/collection/P01/current/IDTCRE01,,
ARMS_Getxo_G1_20200624_20201103_MF100_s1_r1:Otu451,submergedTime,day,132,http://vocab.nerc.ac.uk/collection/P01/current/AZDRZZ01/,https://vocab.nerc.ac.uk/collection/P06/current/UTAA/,
ARMS_Getxo_G1_20200624_20201103_MF100_s1_r1:Otu451,preservativeUsed,,DMSO,http://vocab.nerc.ac.uk/collection/Q01/current/Q0100004/,,https://pubchem.ncbi.nlm.nih.gov/compound/679
ARMS_Getxo_G1_20200624_20201103_MF100_s1_r1:Otu451,lowerLimitFilterSize,micrometer,100,http://vocab.nerc.ac.uk/collection/Q01/current/Q0100011/,https://vocab.nerc.ac.uk/collection/P06/current/UMIC/,
ARMS_Getxo_G1_20200624_20201103_MF100_s1_r1:Otu451,fieldReplicateID,,ARMS_Getxo_G_20200624_20201103,http://vocab.nerc.ac.uk/collection/P01/current/IDSPRE01,,
ARMS_Getxo_G1_20200624_20201103_MF100_s1_r1:Otu451,technicalReplicateID,,,http://vocab.nerc.ac.uk/collection/P01/current/IDTCRE01,,
ARMS_Getxo_G1_20200624_20201103_MF100_s1_r1:Otu450,submergedTime,day,132,http://vocab.nerc.ac.uk/collection/P01/current/AZDRZZ01/,https://vocab.nerc.ac.uk/collection/P06/current/UTAA/,
ARMS_Getxo_G1_20200624_20201103_MF100_s1_r1:Otu450,preservativeUsed,,DMSO,http://vocab.nerc.ac.uk/collection/Q01/current/Q0100004/,,https://pubchem.ncbi.nlm.nih.gov/compound/679
ARMS_Getxo_G1_20200624_20201103_MF100_s1_r1:Otu450,lowerLimitFilterSize,micrometer,100,http://vocab.nerc.ac.uk/collection/Q01/current/Q0100011/,https://vocab.nerc.ac.uk/collection/P06/current/UMIC/,
ARMS_Getxo_G1_20200624_20201103_MF100_s1_r1:Otu450,fieldReplicateID,,ARMS_Getxo_G_20200624_20201103,http://vocab.nerc.ac.uk/collection/P01/current/IDSPRE01,,
ARMS_Getxo_G1_20200624_20201103_MF100_s1_r1:Otu450,technicalReplicateID,,,http://vocab.nerc.ac.uk/collection/P01/current/IDTCRE01,,
ARMS_Getxo_G1_20200624_20201103_MF100_s1_r1:Otu423,submergedTime,day,132,http://vocab.nerc.ac.uk/collection/P01/current/AZDRZZ01/,https://vocab.nerc.ac.uk/collection/P06/current/UTAA/,
ARMS_Getxo_G1_20200624_20201103_MF100_s1_r1:Otu423,preservativeUsed,,DMSO,http://vocab.nerc.ac.uk/collection/Q01/current/Q0100004/,,https://pubchem.ncbi.nlm.nih.gov/compound/679
ARMS_Getxo_G1_20200624_20201103_MF100_s1_r1:Otu423,lowerLimitFilterSize,micrometer,100,http://vocab.nerc.ac.uk/collection/Q01/current/Q0100011/,https://vocab.nerc.ac.uk/collection/P06/current/UMIC/,
ARMS_Getxo_G1_20200624_20201103_MF100_s1_r1:Otu423,fieldReplicateID,,ARMS_Getxo_G_20200624_20201103,http://vocab.nerc.ac.uk/collection/P01/current/IDSPRE01,,
ARMS_Getxo_G1_20200624_20201103_MF100_s1_r1:Otu423,technicalReplicateID,,,http://vocab.nerc.ac.uk/collection/P01/current/IDTCRE01,,
ARMS_Getxo_G1_20200624_20201103_MF100_s1_r1:Otu153,submergedTime,day,132,http://vocab.nerc.ac.uk/collection/P01/current/AZDRZZ01/,https://vocab.nerc.ac.uk/collection/P06/current/UTAA/,
ARMS_Getxo_G1_20200624_20201103_MF100_s1_r1:Otu153,preservativeUsed,,DMSO,http://vocab.nerc.ac.uk/collection/Q01/current/Q0100004/,,https://pubchem.ncbi.nlm.nih.gov/compound/679
ARMS_Getxo_G1_20200624_20201103_MF100_s1_r1:Otu153,lowerLimitFilterSize,micrometer,100,http://vocab.nerc.ac.uk/collection/Q01/current/Q0100011/,https://vocab.nerc.ac.uk/collection/P06/current/UMIC/,
ARMS_Getxo_G1_20200624_20201103_MF100_s1_r1:Otu153,fieldReplicateID,,ARMS_Getxo_G_20200624_20201103,http://vocab.nerc.ac.uk/collection/P01/current/IDSPRE01,,
ARMS_Getxo_G1_20200624_20201103_MF100_s1_r1:Otu153,technicalReplicateID,,,http://vocab.nerc.ac.uk/collection/P01/current/IDTCRE01,,
ARMS_Getxo_G1_20200624_20201103_MF100_s1_r1:Otu328,submergedTime,day,132,http://vocab.nerc.ac.uk/collection/P01/current/AZDRZZ01/,https://vocab.nerc.ac.uk/collection/P06/current/UTAA/,
ARMS_Getxo_G1_20200624_20201103_MF100_s1_r1:Otu328,preservativeUsed,,DMSO,http://vocab.nerc.ac.uk/collection/Q01/current/Q0100004/,,https://pubchem.ncbi.nlm.nih.gov/compound/679
ARMS_Getxo_G1_20200624_20201103_MF100_s1_r1:Otu328,lowerLimitFilterSize,micrometer,100,http://vocab.nerc.ac.uk/collection/Q01/current/Q0100011/,https://vocab.nerc.ac.uk/collection/P06/current/UMIC/,
ARMS_Getxo_G1_20200624_20201103_MF100_s1_r1:Otu328,fieldReplicateID,,ARMS_Getxo_G_20200624_20201103,http://vocab.nerc.ac.uk/collection/P01/current/IDSPRE01,,
ARMS_Getxo_G1_20200624_20201103_MF100_s1_r1:Otu328,technicalReplicateID,,,http://vocab.nerc.ac.uk/collection/P01/current/IDTCRE01,,
ARMS_Getxo_G1_20200624_20201103_MF500_s1_r1:Otu301,submergedTime,day,132,http://vocab.nerc.ac.uk/collection/P01/current/AZDRZZ01/,https://vocab.nerc.ac.uk/collection/P06/current/UTAA/,
ARMS_Getxo_G1_20200624_20201103_MF500_s1_r1:Otu301,preservativeUsed,,DMSO,http://vocab.nerc.ac.uk/collection/Q01/current/Q0100004/,,https://pubchem.ncbi.nlm.nih.gov/compound/679
ARMS_Getxo_G1_20200624_20201103_MF500_s1_r1:Otu301,lowerLimitFilterSize,micrometer,500,http://vocab.nerc.ac.uk/collection/Q01/current/Q0100011/,https://vocab.nerc.ac.uk/collection/P06/current/UMIC/,
ARMS_Getxo_G1_20200624_20201103_MF500_s1_r1:Otu301,fieldReplicateID,,ARMS_Getxo_G_20200624_20201103,http://vocab.nerc.ac.uk/collection/P01/current/IDSPRE01,,
ARMS_Getxo_G1_20200624_20201103_MF500_s1_r1:Otu301,technicalReplicateID,,,http://vocab.nerc.ac.uk/collection/P01/current/IDTCRE01,,
ARMS_Getxo_G1_20200624_20201103_MF500_s1_r1:Otu74,submergedTime,day,132,http://vocab.nerc.ac.uk/collection/P01/current/AZDRZZ01/,https://vocab.nerc.ac.uk/collection/P06/current/UTAA/,
ARMS_Getxo_G1_20200624_20201103_MF500_s1_r1:Otu74,preservativeUsed,,DMSO,http://vocab.nerc.ac.uk/collection/Q01/current/Q0100004/,,https://pubchem.ncbi.nlm.nih.gov/compound/679
ARMS_Getxo_G1_20200624_20201103_MF500_s1_r1:Otu74,lowerLimitFilterSize,micrometer,500,http://vocab.nerc.ac.uk/collection/Q01/current/Q0100011/,https://vocab.nerc.ac.uk/collection/P06/current/UMIC/,
ARMS_Getxo_G1_20200624_20201103_MF500_s1_r1:Otu74,fieldReplicateID,,ARMS_Getxo_G_20200624_20201103,http://vocab.nerc.ac.uk/collection/P01/current/IDSPRE01,,
ARMS_Getxo_G1_20200624_20201103_MF500_s1_r1:Otu74,technicalReplicateID,,,http://vocab.nerc.ac.uk/collection/P01/current/IDTCRE01,,
ARMS_Getxo_G1_20200624_20201103_MF500_s1_r1:Otu363,submergedTime,day,132,http://vocab.nerc.ac.uk/collection/P01/current/AZDRZZ01/,https://vocab.nerc.ac.uk/collection/P06/current/UTAA/,
ARMS_Getxo_G1_20200624_20201103_MF500_s1_r1:Otu363,preservativeUsed,,DMSO,http://vocab.nerc.ac.uk/collection/Q01/current/Q0100004/,,https://pubchem.ncbi.nlm.nih.gov/compound/679
ARMS_Getxo_G1_20200624_20201103_MF500_s1_r1:Otu363,lowerLimitFilterSize,micrometer,500,http://vocab.nerc.ac.uk/collection/Q01/current/Q0100011/,https://vocab.nerc.ac.uk/collection/P06/current/UMIC/,
ARMS_Getxo_G1_20200624_20201103_MF500_s1_r1:Otu363,fieldReplicateID,,ARMS_Getxo_G_20200624_20201103,http://vocab.nerc.ac.uk/collection/P01/current/IDSPRE01,,
ARMS_Getxo_G1_20200624_20201103_MF500_s1_r1:Otu363,technicalReplicateID,,,http://vocab.nerc.ac.uk/collection/P01/current/IDTCRE01,,
ARMS_Getxo_G1_20200624_20201103_MF500_s1_r1:Otu189,submergedTime,day,132,http://vocab.nerc.ac.uk/collection/P01/current/AZDRZZ01/,https://vocab.nerc.ac.uk/collection/P06/current/UTAA/,
ARMS_Getxo_G1_20200624_20201103_MF500_s1_r1:Otu189,preservativeUsed,,DMSO,http://vocab.nerc.ac.uk/collection/Q01/current/Q0100004/,,https://pubchem.ncbi.nlm.nih.gov/compound/679
ARMS_Getxo_G1_20200624_20201103_MF500_s1_r1:Otu189,lowerLimitFilterSize,micrometer,500,http://vocab.nerc.ac.uk/collection/Q01/current/Q0100011/,https://vocab.nerc.ac.uk/collection/P06/current/UMIC/,
ARMS_Getxo_G1_20200624_20201103_MF500_s1_r1:Otu189,fieldReplicateID,,ARMS_Getxo_G_20200624_20201103,http://vocab.nerc.ac.uk/collection/P01/current/IDSPRE01,,
ARMS_Getxo_G1_20200624_20201103_MF500_s1_r1:Otu189,technicalReplicateID,,,http://vocab.nerc.ac.uk/collection/P01/current/IDTCRE01,,
ARMS_Getxo_G1_20200624_20201103_MF500_s1_r1:Otu235,submergedTime,day,132,http://vocab.nerc.ac.uk/collection/P01/current/AZDRZZ01/,https://vocab.nerc.ac.uk/collection/P06/current/UTAA/,
ARMS_Getxo_G1_20200624_20201103_MF500_s1_r1:Otu235,preservativeUsed,,DMSO,http://vocab.nerc.ac.uk/collection/Q01/current/Q0100004/,,https://pubchem.ncbi.nlm.nih.gov/compound/679
ARMS_Getxo_G1_20200624_20201103_MF500_s1_r1:Otu235,lowerLimitFilterSize,micrometer,500,http://vocab.nerc.ac.uk/collection/Q01/current/Q0100011/,https://vocab.nerc.ac.uk/collection/P06/current/UMIC/,
ARMS_Getxo_G1_20200624_20201103_MF500_s1_r1:Otu235,fieldReplicateID,,ARMS_Getxo_G_20200624_20201103,http://vocab.nerc.ac.uk/collection/P01/current/IDSPRE01,,
ARMS_Getxo_G1_20200624_20201103_MF500_s1_r1:Otu235,technicalReplicateID,,,http://vocab.nerc.ac.uk/collection/P01/current/IDTCRE01,,
ARMS_Getxo_G1_20200624_20201103_MF500_s1_r1:Otu266,submergedTime,day,132,http://vocab.nerc.ac.uk/collection/P01/current/AZDRZZ01/,https://vocab.nerc.ac.uk/collection/P06/current/UTAA/,
ARMS_Getxo_G1_20200624_20201103_MF500_s1_r1:Otu266,preservativeUsed,,DMSO,http://vocab.nerc.ac.uk/collection/Q01/current/Q0100004/,,https://pubchem.ncbi.nlm.nih.gov/compound/679
ARMS_Getxo_G1_20200624_20201103_MF500_s1_r1:Otu266,lowerLimitFilterSize,micrometer,500,http://vocab.nerc.ac.uk/collection/Q01/current/Q0100011/,https://vocab.nerc.ac.uk/collection/P06/current/UMIC/,
ARMS_Getxo_G1_20200624_20201103_MF500_s1_r1:Otu266,fieldReplicateID,,ARMS_Getxo_G_20200624_20201103,http://vocab.nerc.ac.uk/collection/P01/current/IDSPRE01,,
ARMS_Getxo_G1_20200624_20201103_MF500_s1_r1:Otu266,technicalReplicateID,,,http://vocab.nerc.ac.uk/collection/P01/current/IDTCRE01,,
ARMS_Getxo_G1_20200624_20201103_MF500_s1_r1:Otu116,submergedTime,day,132,http://vocab.nerc.ac.uk/collection/P01/current/AZDRZZ01/,https://vocab.nerc.ac.uk/collection/P06/current/UTAA/,
ARMS_Getxo_G1_20200624_20201103_MF500_s1_r1:Otu116,preservativeUsed,,DMSO,http://vocab.nerc.ac.uk/collection/Q01/current/Q0100004/,,https://pubchem.ncbi.nlm.nih.gov/compound/679
ARMS_Getxo_G1_20200624_20201103_MF500_s1_r1:Otu116,lowerLimitFilterSize,micrometer,500,http://vocab.nerc.ac.uk/collection/Q01/current/Q0100011/,https://vocab.nerc.ac.uk/collection/P06/current/UMIC/,
ARMS_Getxo_G1_20200624_20201103_MF500_s1_r1:Otu116,fieldReplicateID,,ARMS_Getxo_G_20200624_20201103,http://vocab.nerc.ac.uk/collection/P01/current/IDSPRE01,,
ARMS_Getxo_G1_20200624_20201103_MF500_s1_r1:Otu116,technicalReplicateID,,,http://vocab.nerc.ac.uk/collection/P01/current/IDTCRE01,,
ARMS_Getxo_G1_20200624_20201103_MF500_s1_r1:Otu29,submergedTime,day,132,http://vocab.nerc.ac.uk/collection/P01/current/AZDRZZ01/,https://vocab.nerc.ac.uk/collection/P06/current/UTAA/,
ARMS_Getxo_G1_20200624_20201103_MF500_s1_r1:Otu29,preservativeUsed,,DMSO,http://vocab.nerc.ac.uk/collection/Q01/current/Q0100004/,,https://pubchem.ncbi.nlm.nih.gov/compound/679
ARMS_Getxo_G1_20200624_20201103_MF500_s1_r1:Otu29,lowerLimitFilterSize,micrometer,500,http://vocab.nerc.ac.uk/collection/Q01/current/Q0100011/,https://vocab.nerc.ac.uk/collection/P06/current/UMIC/,
ARMS_Getxo_G1_20200624_20201103_MF500_s1_r1:Otu29,fieldReplicateID,,ARMS_Getxo_G_20200624_20201103,http://vocab.nerc.ac.uk/collection/P01/current/IDSPRE01,,
ARMS_Getxo_G1_20200624_20201103_MF500_s1_r1:Otu29,technicalReplicateID,,,http://vocab.nerc.ac.uk/collection/P01/current/IDTCRE01,,
ARMS_Getxo_G1_20200624_20201103_MF500_s1_r1:Otu26,submergedTime,day,132,http://vocab.nerc.ac.uk/collection/P01/current/AZDRZZ01/,https://vocab.nerc.ac.uk/collection/P06/current/UTAA/,
ARMS_Getxo_G1_20200624_20201103_MF500_s1_r1:Otu26,preservativeUsed,,DMSO,http://vocab.nerc.ac.uk/collection/Q01/current/Q0100004/,,https://pubchem.ncbi.nlm.nih.gov/compound/679
ARMS_Getxo_G1_20200624_20201103_MF500_s1_r1:Otu26,lowerLimitFilterSize,micrometer,500,http://vocab.nerc.ac.uk/collection/Q01/current/Q0100011/,https://vocab.nerc.ac.uk/collection/P06/current/UMIC/,
ARMS_Getxo_G1_20200624_20201103_MF500_s1_r1:Otu26,fieldReplicateID,,ARMS_Getxo_G_20200624_20201103,http://vocab.nerc.ac.uk/collection/P01/current/IDSPRE01,,
ARMS_Getxo_G1_20200624_20201103_MF500_s1_r1:Otu26,technicalReplicateID,,,http://vocab.nerc.ac.uk/collection/P01/current/IDTCRE01,,
ARMS_Getxo_G1_20200624_20201103_MF500_s1_r1:Otu212,submergedTime,day,132,http://vocab.nerc.ac.uk/collection/P01/current/AZDRZZ01/,https://vocab.nerc.ac.uk/collection/P06/current/UTAA/,
ARMS_Getxo_G1_20200624_20201103_MF500_s1_r1:Otu212,preservativeUsed,,DMSO,http://vocab.nerc.ac.uk/collection/Q01/current/Q0100004/,,https://pubchem.ncbi.nlm.nih.gov/compound/679
ARMS_Getxo_G1_20200624_20201103_MF500_s1_r1:Otu212,lowerLimitFilterSize,micrometer,500,http://vocab.nerc.ac.uk/collection/Q01/current/Q0100011/,https://vocab.nerc.ac.uk/collection/P06/current/UMIC/,
ARMS_Getxo_G1_20200624_20201103_MF500_s1_r1:Otu212,fieldReplicateID,,ARMS_Getxo_G_20200624_20201103,http://vocab.nerc.ac.uk/collection/P01/current/IDSPRE01,,
ARMS_Getxo_G1_20200624_20201103_MF500_s1_r1:Otu212,technicalReplicateID,,,http://vocab.nerc.ac.uk/collection/P01/current/IDTCRE01,,
ARMS_Getxo_G1_20200624_20201103_SF40_s1_r1:Otu317,submergedTime,day,132,http://vocab.nerc.ac.uk/collection/P01/current/AZDRZZ01/,https://vocab.nerc.ac.uk/collection/P06/current/UTAA/,
ARMS_Getxo_G1_20200624_20201103_SF40_s1_r1:Otu317,preservativeUsed,,DMSO,http://vocab.nerc.ac.uk/collection/Q01/current/Q0100004/,,https://pubchem.ncbi.nlm.nih.gov/compound/679
ARMS_Getxo_G1_20200624_20201103_SF40_s1_r1:Otu317,lowerLimitFilterSize,micrometer,40,http://vocab.nerc.ac.uk/collection/Q01/current/Q0100011/,https://vocab.nerc.ac.uk/collection/P06/current/UMIC/,
ARMS_Getxo_G1_20200624_20201103_SF40_s1_r1:Otu317,fieldReplicateID,,ARMS_Getxo_G_20200624_20201103,http://vocab.nerc.ac.uk/collection/P01/current/IDSPRE01,,
ARMS_Getxo_G1_20200624_20201103_SF40_s1_r1:Otu317,technicalReplicateID,,,http://vocab.nerc.ac.uk/collection/P01/current/IDTCRE01,,
ARMS_Getxo_G1_20200624_20201103_SF40_s1_r1:Otu955,submergedTime,day,132,http://vocab.nerc.ac.uk/collection/P01/current/AZDRZZ01/,https://vocab.nerc.ac.uk/collection/P06/current/UTAA/,
ARMS_Getxo_G1_20200624_20201103_SF40_s1_r1:Otu955,preservativeUsed,,DMSO,http://vocab.nerc.ac.uk/collection/Q01/current/Q0100004/,,https://pubchem.ncbi.nlm.nih.gov/compound/679
ARMS_Getxo_G1_20200624_20201103_SF40_s1_r1:Otu955,lowerLimitFilterSize,micrometer,40,http://vocab.nerc.ac.uk/collection/Q01/current/Q0100011/,https://vocab.nerc.ac.uk/collection/P06/current/UMIC/,
ARMS_Getxo_G1_20200624_20201103_SF40_s1_r1:Otu955,fieldReplicateID,,ARMS_Getxo_G_20200624_20201103,http://vocab.nerc.ac.uk/collection/P01/current/IDSPRE01,,
ARMS_Getxo_G1_20200624_20201103_SF40_s1_r1:Otu955,technicalReplicateID,,,http://vocab.nerc.ac.uk/collection/P01/current/IDTCRE01,,
ARMS_Getxo_G1_20200624_20201103_SF40_s1_r1:Otu178,submergedTime,day,132,http://vocab.nerc.ac.uk/collection/P01/current/AZDRZZ01/,https://vocab.nerc.ac.uk/collection/P06/current/UTAA/,
ARMS_Getxo_G1_20200624_20201103_SF40_s1_r1:Otu178,preservativeUsed,,DMSO,http://vocab.nerc.ac.uk/collection/Q01/current/Q0100004/,,https://pubchem.ncbi.nlm.nih.gov/compound/679
ARMS_Getxo_G1_20200624_20201103_SF40_s1_r1:Otu178,lowerLimitFilterSize,micrometer,40,http://vocab.nerc.ac.uk/collection/Q01/current/Q0100011/,https://vocab.nerc.ac.uk/collection/P06/current/UMIC/,
ARMS_Getxo_G1_20200624_20201103_SF40_s1_r1:Otu178,fieldReplicateID,,ARMS_Getxo_G_20200624_20201103,http://vocab.nerc.ac.uk/collection/P01/current/IDSPRE01,,
ARMS_Getxo_G1_20200624_20201103_SF40_s1_r1:Otu178,technicalReplicateID,,,http://vocab.nerc.ac.uk/collection/P01/current/IDTCRE01,,
ARMS_Getxo_G1_20200624_20201103_SF40_s1_r1:Otu64,submergedTime,day,132,http://vocab.nerc.ac.uk/collection/P01/current/AZDRZZ01/,https://vocab.nerc.ac.uk/collection/P06/current/UTAA/,
ARMS_Getxo_G1_20200624_20201103_SF40_s1_r1:Otu64,preservativeUsed,,DMSO,http://vocab.nerc.ac.uk/collection/Q01/current/Q0100004/,,https://pubchem.ncbi.nlm.nih.gov/compound/679
ARMS_Getxo_G1_20200624_20201103_SF40_s1_r1:Otu64,lowerLimitFilterSize,micrometer,40,http://vocab.nerc.ac.uk/collection/Q01/current/Q0100011/,https://vocab.nerc.ac.uk/collection/P06/current/UMIC/,
ARMS_Getxo_G1_20200624_20201103_SF40_s1_r1:Otu64,fieldReplicateID,,ARMS_Getxo_G_20200624_20201103,http://vocab.nerc.ac.uk/collection/P01/current/IDSPRE01,,
ARMS_Getxo_G1_20200624_20201103_SF40_s1_r1:Otu64,technicalReplicateID,,,http://vocab.nerc.ac.uk/collection/P01/current/IDTCRE01,,
ARMS_Getxo_G1_20200624_20201103_SF40_s1_r1:Otu197,submergedTime,day,132,http://vocab.nerc.ac.uk/collection/P01/current/AZDRZZ01/,https://vocab.nerc.ac.uk/collection/P06/current/UTAA/,
ARMS_Getxo_G1_20200624_20201103_SF40_s1_r1:Otu197,preservativeUsed,,DMSO,http://vocab.nerc.ac.uk/collection/Q01/current/Q0100004/,,https://pubchem.ncbi.nlm.nih.gov/compound/679
ARMS_Getxo_G1_20200624_20201103_SF40_s1_r1:Otu197,lowerLimitFilterSize,micrometer,40,http://vocab.nerc.ac.uk/collection/Q01/current/Q0100011/,https://vocab.nerc.ac.uk/collection/P06/current/UMIC/,
ARMS_Getxo_G1_20200624_20201103_SF40_s1_r1:Otu197,fieldReplicateID,,ARMS_Getxo_G_20200624_20201103,http://vocab.nerc.ac.uk/collection/P01/current/IDSPRE01,,
ARMS_Getxo_G1_20200624_20201103_SF40_s1_r1:Otu197,technicalReplicateID,,,http://vocab.nerc.ac.uk/collection/P01/current/IDTCRE01,,
ARMS_Getxo_G1_20200624_20201103_SF40_s1_r1:Otu302,submergedTime,day,132,http://vocab.nerc.ac.uk/collection/P01/current/AZDRZZ01/,https://vocab.nerc.ac.uk/collection/P06/current/UTAA/,
ARMS_Getxo_G1_20200624_20201103_SF40_s1_r1:Otu302,preservativeUsed,,DMSO,http://vocab.nerc.ac.uk/collection/Q01/current/Q0100004/,,https://pubchem.ncbi.nlm.nih.gov/compound/679
ARMS_Getxo_G1_20200624_20201103_SF40_s1_r1:Otu302,lowerLimitFilterSize,micrometer,40,http://vocab.nerc.ac.uk/collection/Q01/current/Q0100011/,https://vocab.nerc.ac.uk/collection/P06/current/UMIC/,
ARMS_Getxo_G1_20200624_20201103_SF40_s1_r1:Otu302,fieldReplicateID,,ARMS_Getxo_G_20200624_20201103,http://vocab.nerc.ac.uk/collection/P01/current/IDSPRE01,,
ARMS_Getxo_G1_20200624_20201103_SF40_s1_r1:Otu302,technicalReplicateID,,,http://vocab.nerc.ac.uk/collection/P01/current/IDTCRE01,,
ARMS_Getxo_G1_20200624_20201103_SF40_s1_r1:Otu164,submergedTime,day,132,http://vocab.nerc.ac.uk/collection/P01/current/AZDRZZ01/,https://vocab.nerc.ac.uk/collection/P06/current/UTAA/,
ARMS_Getxo_G1_20200624_20201103_SF40_s1_r1:Otu164,preservativeUsed,,DMSO,http://vocab.nerc.ac.uk/collection/Q01/current/Q0100004/,,https://pubchem.ncbi.nlm.nih.gov/compound/679
ARMS_Getxo_G1_20200624_20201103_SF40_s1_r1:Otu164,lowerLimitFilterSize,micrometer,40,http://vocab.nerc.ac.uk/collection/Q01/current/Q0100011/,https://vocab.nerc.ac.uk/collection/P06/current/UMIC/,
ARMS_Getxo_G1_20200624_20201103_SF40_s1_r1:Otu164,fieldReplicateID,,ARMS_Getxo_G_20200624_20201103,http://vocab.nerc.ac.uk/collection/P01/current/IDSPRE01,,
ARMS_Getxo_G1_20200624_20201103_SF40_s1_r1:Otu164,technicalReplicateID,,,http://vocab.nerc.ac.uk/collection/P01/current/IDTCRE01,,
ARMS_Getxo_G1_20200624_20201103_SF40_s1_r1:Otu168,submergedTime,day,132,http://vocab.nerc.ac.uk/collection/P01/current/AZDRZZ01/,https://vocab.nerc.ac.uk/collection/P06/current/UTAA/,
ARMS_Getxo_G1_20200624_20201103_SF40_s1_r1:Otu168,preservativeUsed,,DMSO,http://vocab.nerc.ac.uk/collection/Q01/current/Q0100004/,,https://pubchem.ncbi.nlm.nih.gov/compound/679
ARMS_Getxo_G1_20200624_20201103_SF40_s1_r1:Otu168,lowerLimitFilterSize,micrometer,40,http://vocab.nerc.ac.uk/collection/Q01/current/Q0100011/,https://vocab.nerc.ac.uk/collection/P06/current/UMIC/,
ARMS_Getxo_G1_20200624_20201103_SF40_s1_r1:Otu168,fieldReplicateID,,ARMS_Getxo_G_20200624_20201103,http://vocab.nerc.ac.uk/collection/P01/current/IDSPRE01,,
ARMS_Getxo_G1_20200624_20201103_SF40_s1_r1:Otu168,technicalReplicateID,,,http://vocab.nerc.ac.uk/collection/P01/current/IDTCRE01,,
ARMS_Getxo_G1_20200624_20201103_SF40_s1_r1:Otu74,submergedTime,day,132,http://vocab.nerc.ac.uk/collection/P01/current/AZDRZZ01/,https://vocab.nerc.ac.uk/collection/P06/current/UTAA/,
ARMS_Getxo_G1_20200624_20201103_SF40_s1_r1:Otu74,preservativeUsed,,DMSO,http://vocab.nerc.ac.uk/collection/Q01/current/Q0100004/,,https://pubchem.ncbi.nlm.nih.gov/compound/679
ARMS_Getxo_G1_20200624_20201103_SF40_s1_r1:Otu74,lowerLimitFilterSize,micrometer,40,http://vocab.nerc.ac.uk/collection/Q01/current/Q0100011/,https://vocab.nerc.ac.uk/collection/P06/current/UMIC/,
ARMS_Getxo_G1_20200624_20201103_SF40_s1_r1:Otu74,fieldReplicateID,,ARMS_Getxo_G_20200624_20201103,http://vocab.nerc.ac.uk/collection/P01/current/IDSPRE01,,
ARMS_Getxo_G1_20200624_20201103_SF40_s1_r1:Otu74,technicalReplicateID,,,http://vocab.nerc.ac.uk/collection/P01/current/IDTCRE01,,
ARMS_Getxo_G1_20200624_20201103_SF40_s1_r1:Otu195,submergedTime,day,132,http://vocab.nerc.ac.uk/collection/P01/current/AZDRZZ01/,https://vocab.nerc.ac.uk/collection/P06/current/UTAA/,
ARMS_Getxo_G1_20200624_20201103_SF40_s1_r1:Otu195,preservativeUsed,,DMSO,http://vocab.nerc.ac.uk/collection/Q01/current/Q0100004/,,https://pubchem.ncbi.nlm.nih.gov/compound/679
ARMS_Getxo_G1_20200624_20201103_SF40_s1_r1:Otu195,lowerLimitFilterSize,micrometer,40,http://vocab.nerc.ac.uk/collection/Q01/current/Q0100011/,https://vocab.nerc.ac.uk/collection/P06/current/UMIC/,
ARMS_Getxo_G1_20200624_20201103_SF40_s1_r1:Otu195,fieldReplicateID,,ARMS_Getxo_G_20200624_20201103,http://vocab.nerc.ac.uk/collection/P01/current/IDSPRE01,,
ARMS_Getxo_G1_20200624_20201103_SF40_s1_r1:Otu195,technicalReplicateID,,,http://vocab.nerc.ac.uk/collection/P01/current/IDTCRE01,,
ARMS_Getxo_G1_20200624_20201103_SF40_s1_r1:Otu190,submergedTime,day,132,http://vocab.nerc.ac.uk/collection/P01/current/AZDRZZ01/,https://vocab.nerc.ac.uk/collection/P06/current/UTAA/,
ARMS_Getxo_G1_20200624_20201103_SF40_s1_r1:Otu190,preservativeUsed,,DMSO,http://vocab.nerc.ac.uk/collection/Q01/current/Q0100004/,,https://pubchem.ncbi.nlm.nih.gov/compound/679
ARMS_Getxo_G1_20200624_20201103_SF40_s1_r1:Otu190,lowerLimitFilterSize,micrometer,40,http://vocab.nerc.ac.uk/collection/Q01/current/Q0100011/,https://vocab.nerc.ac.uk/collection/P06/current/UMIC/,
ARMS_Getxo_G1_20200624_20201103_SF40_s1_r1:Otu190,fieldReplicateID,,ARMS_Getxo_G_20200624_20201103,http://vocab.nerc.ac.uk/collection/P01/current/IDSPRE01,,
ARMS_Getxo_G1_20200624_20201103_SF40_s1_r1:Otu190,technicalReplicateID,,,http://vocab.nerc.ac.uk/collection/P01/current/IDTCRE01,,
ARMS_Getxo_G1_20200624_20201103_SF40_s1_r1:Otu46,submergedTime,day,132,http://vocab.nerc.ac.uk/collection/P01/current/AZDRZZ01/,https://vocab.nerc.ac.uk/collection/P06/current/UTAA/,
ARMS_Getxo_G1_20200624_20201103_SF40_s1_r1:Otu46,preservativeUsed,,DMSO,http://vocab.nerc.ac.uk/collection/Q01/current/Q0100004/,,https://pubchem.ncbi.nlm.nih.gov/compound/679
ARMS_Getxo_G1_20200624_20201103_SF40_s1_r1:Otu46,lowerLimitFilterSize,micrometer,40,http://vocab.nerc.ac.uk/collection/Q01/current/Q0100011/,https://vocab.nerc.ac.uk/collection/P06/current/UMIC/,
ARMS_Getxo_G1_20200624_20201103_SF40_s1_r1:Otu46,fieldReplicateID,,ARMS_Getxo_G_20200624_20201103,http://vocab.nerc.ac.uk/collection/P01/current/IDSPRE01,,
ARMS_Getxo_G1_20200624_20201103_SF40_s1_r1:Otu46,technicalReplicateID,,,http://vocab.nerc.ac.uk/collection/P01/current/IDTCRE01,,
ARMS_Getxo_G1_20200624_20201103_SF40_s1_r1:Otu43,submergedTime,day,132,http://vocab.nerc.ac.uk/collection/P01/current/AZDRZZ01/,https://vocab.nerc.ac.uk/collection/P06/current/UTAA/,
ARMS_Getxo_G1_20200624_20201103_SF40_s1_r1:Otu43,preservativeUsed,,DMSO,http://vocab.nerc.ac.uk/collection/Q01/current/Q0100004/,,https://pubchem.ncbi.nlm.nih.gov/compound/679
ARMS_Getxo_G1_20200624_20201103_SF40_s1_r1:Otu43,lowerLimitFilterSize,micrometer,40,http://vocab.nerc.ac.uk/collection/Q01/current/Q0100011/,https://vocab.nerc.ac.uk/collection/P06/current/UMIC/,
ARMS_Getxo_G1_20200624_20201103_SF40_s1_r1:Otu43,fieldReplicateID,,ARMS_Getxo_G_20200624_20201103,http://vocab.nerc.ac.uk/collection/P01/current/IDSPRE01,,
ARMS_Getxo_G1_20200624_20201103_SF40_s1_r1:Otu43,technicalReplicateID,,,http://vocab.nerc.ac.uk/collection/P01/current/IDTCRE01,,
ARMS_Getxo_G1_20200624_20201103_SF40_s1_r1:Otu42,submergedTime,day,132,http://vocab.nerc.ac.uk/collection/P01/current/AZDRZZ01/,https://vocab.nerc.ac.uk/collection/P06/current/UTAA/,
ARMS_Getxo_G1_20200624_20201103_SF40_s1_r1:Otu42,preservativeUsed,,DMSO,http://vocab.nerc.ac.uk/collection/Q01/current/Q0100004/,,https://pubchem.ncbi.nlm.nih.gov/compound/679
ARMS_Getxo_G1_20200624_20201103_SF40_s1_r1:Otu42,lowerLimitFilterSize,micrometer,40,http://vocab.nerc.ac.uk/collection/Q01/current/Q0100011/,https://vocab.nerc.ac.uk/collection/P06/current/UMIC/,
ARMS_Getxo_G1_20200624_20201103_SF40_s1_r1:Otu42,fieldReplicateID,,ARMS_Getxo_G_20200624_20201103,http://vocab.nerc.ac.uk/collection/P01/current/IDSPRE01,,
ARMS_Getxo_G1_20200624_20201103_SF40_s1_r1:Otu42,technicalReplicateID,,,http://vocab.nerc.ac.uk/collection/P01/current/IDTCRE01,,
ARMS_Getxo_G1_20200624_20201103_SF40_s1_r1:Otu185,submergedTime,day,132,http://vocab.nerc.ac.uk/collection/P01/current/AZDRZZ01/,https://vocab.nerc.ac.uk/collection/P06/current/UTAA/,
ARMS_Getxo_G1_20200624_20201103_SF40_s1_r1:Otu185,preservativeUsed,,DMSO,http://vocab.nerc.ac.uk/collection/Q01/current/Q0100004/,,https://pubchem.ncbi.nlm.nih.gov/compound/679
ARMS_Getxo_G1_20200624_20201103_SF40_s1_r1:Otu185,lowerLimitFilterSize,micrometer,40,http://vocab.nerc.ac.uk/collection/Q01/current/Q0100011/,https://vocab.nerc.ac.uk/collection/P06/current/UMIC/,
ARMS_Getxo_G1_20200624_20201103_SF40_s1_r1:Otu185,fieldReplicateID,,ARMS_Getxo_G_20200624_20201103,http://vocab.nerc.ac.uk/collection/P01/current/IDSPRE01,,
ARMS_Getxo_G1_20200624_20201103_SF40_s1_r1:Otu185,technicalReplicateID,,,http://vocab.nerc.ac.uk/collection/P01/current/IDTCRE01,,
ARMS_Getxo_G1_20200624_20201103_SF40_s1_r1:Otu181,submergedTime,day,132,http://vocab.nerc.ac.uk/collection/P01/current/AZDRZZ01/,https://vocab.nerc.ac.uk/collection/P06/current/UTAA/,
ARMS_Getxo_G1_20200624_20201103_SF40_s1_r1:Otu181,preservativeUsed,,DMSO,http://vocab.nerc.ac.uk/collection/Q01/current/Q0100004/,,https://pubchem.ncbi.nlm.nih.gov/compound/679
ARMS_Getxo_G1_20200624_20201103_SF40_s1_r1:Otu181,lowerLimitFilterSize,micrometer,40,http://vocab.nerc.ac.uk/collection/Q01/current/Q0100011/,https://vocab.nerc.ac.uk/collection/P06/current/UMIC/,
ARMS_Getxo_G1_20200624_20201103_SF40_s1_r1:Otu181,fieldReplicateID,,ARMS_Getxo_G_20200624_20201103,http://vocab.nerc.ac.uk/collection/P01/current/IDSPRE01,,
ARMS_Getxo_G1_20200624_20201103_SF40_s1_r1:Otu181,technicalReplicateID,,,http://vocab.nerc.ac.uk/collection/P01/current/IDTCRE01,,
ARMS_Getxo_G1_20200624_20201103_SF40_s1_r1:Otu180,submergedTime,day,132,http://vocab.nerc.ac.uk/collection/P01/current/AZDRZZ01/,https://vocab.nerc.ac.uk/collection/P06/current/UTAA/,
ARMS_Getxo_G1_20200624_20201103_SF40_s1_r1:Otu180,preservativeUsed,,DMSO,http://vocab.nerc.ac.uk/collection/Q01/current/Q0100004/,,https://pubchem.ncbi.nlm.nih.gov/compound/679
ARMS_Getxo_G1_20200624_20201103_SF40_s1_r1:Otu180,lowerLimitFilterSize,micrometer,40,http://vocab.nerc.ac.uk/collection/Q01/current/Q0100011/,https://vocab.nerc.ac.uk/collection/P06/current/UMIC/,
ARMS_Getxo_G1_20200624_20201103_SF40_s1_r1:Otu180,fieldReplicateID,,ARMS_Getxo_G_20200624_20201103,http://vocab.nerc.ac.uk/collection/P01/current/IDSPRE01,,
ARMS_Getxo_G1_20200624_20201103_SF40_s1_r1:Otu180,technicalReplicateID,,,http://vocab.nerc.ac.uk/collection/P01/current/IDTCRE01,,
ARMS_Getxo_G1_20200624_20201103_SF40_s1_r1:Otu58,submergedTime,day,132,http://vocab.nerc.ac.uk/collection/P01/current/AZDRZZ01/,https://vocab.nerc.ac.uk/collection/P06/current/UTAA/,
ARMS_Getxo_G1_20200624_20201103_SF40_s1_r1:Otu58,preservativeUsed,,DMSO,http://vocab.nerc.ac.uk/collection/Q01/current/Q0100004/,,https://pubchem.ncbi.nlm.nih.gov/compound/679
ARMS_Getxo_G1_20200624_20201103_SF40_s1_r1:Otu58,lowerLimitFilterSize,micrometer,40,http://vocab.nerc.ac.uk/collection/Q01/current/Q0100011/,https://vocab.nerc.ac.uk/collection/P06/current/UMIC/,
ARMS_Getxo_G1_20200624_20201103_SF40_s1_r1:Otu58,fieldReplicateID,,ARMS_Getxo_G_20200624_20201103,http://vocab.nerc.ac.uk/collection/P01/current/IDSPRE01,,
ARMS_Getxo_G1_20200624_20201103_SF40_s1_r1:Otu58,technicalReplicateID,,,http://vocab.nerc.ac.uk/collection/P01/current/IDTCRE01,,
ARMS_Getxo_G1_20200624_20201103_SF40_s1_r1:Otu50,submergedTime,day,132,http://vocab.nerc.ac.uk/collection/P01/current/AZDRZZ01/,https://vocab.nerc.ac.uk/collection/P06/current/UTAA/,
ARMS_Getxo_G1_20200624_20201103_SF40_s1_r1:Otu50,preservativeUsed,,DMSO,http://vocab.nerc.ac.uk/collection/Q01/current/Q0100004/,,https://pubchem.ncbi.nlm.nih.gov/compound/679
ARMS_Getxo_G1_20200624_20201103_SF40_s1_r1:Otu50,lowerLimitFilterSize,micrometer,40,http://vocab.nerc.ac.uk/collection/Q01/current/Q0100011/,https://vocab.nerc.ac.uk/collection/P06/current/UMIC/,
ARMS_Getxo_G1_20200624_20201103_SF40_s1_r1:Otu50,fieldReplicateID,,ARMS_Getxo_G_20200624_20201103,http://vocab.nerc.ac.uk/collection/P01/current/IDSPRE01,,
ARMS_Getxo_G1_20200624_20201103_SF40_s1_r1:Otu50,technicalReplicateID,,,http://vocab.nerc.ac.uk/collection/P01/current/IDTCRE01,,
ARMS_Getxo_G1_20200624_20201103_SF40_s1_r1:Otu51,submergedTime,day,132,http://vocab.nerc.ac.uk/collection/P01/current/AZDRZZ01/,https://vocab.nerc.ac.uk/collection/P06/current/UTAA/,
ARMS_Getxo_G1_20200624_20201103_SF40_s1_r1:Otu51,preservativeUsed,,DMSO,http://vocab.nerc.ac.uk/collection/Q01/current/Q0100004/,,https://pubchem.ncbi.nlm.nih.gov/compound/679
ARMS_Getxo_G1_20200624_20201103_SF40_s1_r1:Otu51,lowerLimitFilterSize,micrometer,40,http://vocab.nerc.ac.uk/collection/Q01/current/Q0100011/,https://vocab.nerc.ac.uk/collection/P06/current/UMIC/,
ARMS_Getxo_G1_20200624_20201103_SF40_s1_r1:Otu51,fieldReplicateID,,ARMS_Getxo_G_20200624_20201103,http://vocab.nerc.ac.uk/collection/P01/current/IDSPRE01,,
ARMS_Getxo_G1_20200624_20201103_SF40_s1_r1:Otu51,technicalReplicateID,,,http://vocab.nerc.ac.uk/collection/P01/current/IDTCRE01,,
ARMS_Getxo_G1_20200624_20201103_SF40_s1_r1:Otu738,submergedTime,day,132,http://vocab.nerc.ac.uk/collection/P01/current/AZDRZZ01/,https://vocab.nerc.ac.uk/collection/P06/current/UTAA/,
ARMS_Getxo_G1_20200624_20201103_SF40_s1_r1:Otu738,preservativeUsed,,DMSO,http://vocab.nerc.ac.uk/collection/Q01/current/Q0100004/,,https://pubchem.ncbi.nlm.nih.gov/compound/679
ARMS_Getxo_G1_20200624_20201103_SF40_s1_r1:Otu738,lowerLimitFilterSize,micrometer,40,http://vocab.nerc.ac.uk/collection/Q01/current/Q0100011/,https://vocab.nerc.ac.uk/collection/P06/current/UMIC/,
ARMS_Getxo_G1_20200624_20201103_SF40_s1_r1:Otu738,fieldReplicateID,,ARMS_Getxo_G_20200624_20201103,http://vocab.nerc.ac.uk/collection/P01/current/IDSPRE01,,
ARMS_Getxo_G1_20200624_20201103_SF40_s1_r1:Otu738,technicalReplicateID,,,http://vocab.nerc.ac.uk/collection/P01/current/IDTCRE01,,
ARMS_Getxo_G1_20200624_20201103_SF40_s1_r1:Otu80,submergedTime,day,132,http://vocab.nerc.ac.uk/collection/P01/current/AZDRZZ01/,https://vocab.nerc.ac.uk/collection/P06/current/UTAA/,
ARMS_Getxo_G1_20200624_20201103_SF40_s1_r1:Otu80,preservativeUsed,,DMSO,http://vocab.nerc.ac.uk/collection/Q01/current/Q0100004/,,https://pubchem.ncbi.nlm.nih.gov/compound/679
ARMS_Getxo_G1_20200624_20201103_SF40_s1_r1:Otu80,lowerLimitFilterSize,micrometer,40,http://vocab.nerc.ac.uk/collection/Q01/current/Q0100011/,https://vocab.nerc.ac.uk/collection/P06/current/UMIC/,
ARMS_Getxo_G1_20200624_20201103_SF40_s1_r1:Otu80,fieldReplicateID,,ARMS_Getxo_G_20200624_20201103,http://vocab.nerc.ac.uk/collection/P01/current/IDSPRE01,,
ARMS_Getxo_G1_20200624_20201103_SF40_s1_r1:Otu80,technicalReplicateID,,,http://vocab.nerc.ac.uk/collection/P01/current/IDTCRE01,,
ARMS_Getxo_G1_20200624_20201103_SF40_s1_r1:Otu236,submergedTime,day,132,http://vocab.nerc.ac.uk/collection/P01/current/AZDRZZ01/,https://vocab.nerc.ac.uk/collection/P06/current/UTAA/,
ARMS_Getxo_G1_20200624_20201103_SF40_s1_r1:Otu236,preservativeUsed,,DMSO,http://vocab.nerc.ac.uk/collection/Q01/current/Q0100004/,,https://pubchem.ncbi.nlm.nih.gov/compound/679
ARMS_Getxo_G1_20200624_20201103_SF40_s1_r1:Otu236,lowerLimitFilterSize,micrometer,40,http://vocab.nerc.ac.uk/collection/Q01/current/Q0100011/,https://vocab.nerc.ac.uk/collection/P06/current/UMIC/,
ARMS_Getxo_G1_20200624_20201103_SF40_s1_r1:Otu236,fieldReplicateID,,ARMS_Getxo_G_20200624_20201103,http://vocab.nerc.ac.uk/collection/P01/current/IDSPRE01,,
ARMS_Getxo_G1_20200624_20201103_SF40_s1_r1:Otu236,technicalReplicateID,,,http://vocab.nerc.ac.uk/collection/P01/current/IDTCRE01,,
ARMS_Getxo_G1_20200624_20201103_SF40_s1_r1:Otu230,submergedTime,day,132,http://vocab.nerc.ac.uk/collection/P01/current/AZDRZZ01/,https://vocab.nerc.ac.uk/collection/P06/current/UTAA/,
ARMS_Getxo_G1_20200624_20201103_SF40_s1_r1:Otu230,preservativeUsed,,DMSO,http://vocab.nerc.ac.uk/collection/Q01/current/Q0100004/,,https://pubchem.ncbi.nlm.nih.gov/compound/679
ARMS_Getxo_G1_20200624_20201103_SF40_s1_r1:Otu230,lowerLimitFilterSize,micrometer,40,http://vocab.nerc.ac.uk/collection/Q01/current/Q0100011/,https://vocab.nerc.ac.uk/collection/P06/current/UMIC/,
ARMS_Getxo_G1_20200624_20201103_SF40_s1_r1:Otu230,fieldReplicateID,,ARMS_Getxo_G_20200624_20201103,http://vocab.nerc.ac.uk/collection/P01/current/IDSPRE01,,
ARMS_Getxo_G1_20200624_20201103_SF40_s1_r1:Otu230,technicalReplicateID,,,http://vocab.nerc.ac.uk/collection/P01/current/IDTCRE01,,
ARMS_Getxo_G1_20200624_20201103_SF40_s1_r1:Otu4,submergedTime,day,132,http://vocab.nerc.ac.uk/collection/P01/current/AZDRZZ01/,https://vocab.nerc.ac.uk/collection/P06/current/UTAA/,
ARMS_Getxo_G1_20200624_20201103_SF40_s1_r1:Otu4,preservativeUsed,,DMSO,http://vocab.nerc.ac.uk/collection/Q01/current/Q0100004/,,https://pubchem.ncbi.nlm.nih.gov/compound/679
ARMS_Getxo_G1_20200624_20201103_SF40_s1_r1:Otu4,lowerLimitFilterSize,micrometer,40,http://vocab.nerc.ac.uk/collection/Q01/current/Q0100011/,https://vocab.nerc.ac.uk/collection/P06/current/UMIC/,
ARMS_Getxo_G1_20200624_20201103_SF40_s1_r1:Otu4,fieldReplicateID,,ARMS_Getxo_G_20200624_20201103,http://vocab.nerc.ac.uk/collection/P01/current/IDSPRE01,,
ARMS_Getxo_G1_20200624_20201103_SF40_s1_r1:Otu4,technicalReplicateID,,,http://vocab.nerc.ac.uk/collection/P01/current/IDTCRE01,,
ARMS_Getxo_G1_20200624_20201103_SF40_s1_r1:Otu99,submergedTime,day,132,http://vocab.nerc.ac.uk/collection/P01/current/AZDRZZ01/,https://vocab.nerc.ac.uk/collection/P06/current/UTAA/,
ARMS_Getxo_G1_20200624_20201103_SF40_s1_r1:Otu99,preservativeUsed,,DMSO,http://vocab.nerc.ac.uk/collection/Q01/current/Q0100004/,,https://pubchem.ncbi.nlm.nih.gov/compound/679
ARMS_Getxo_G1_20200624_20201103_SF40_s1_r1:Otu99,lowerLimitFilterSize,micrometer,40,http://vocab.nerc.ac.uk/collection/Q01/current/Q0100011/,https://vocab.nerc.ac.uk/collection/P06/current/UMIC/,
ARMS_Getxo_G1_20200624_20201103_SF40_s1_r1:Otu99,fieldReplicateID,,ARMS_Getxo_G_20200624_20201103,http://vocab.nerc.ac.uk/collection/P01/current/IDSPRE01,,
ARMS_Getxo_G1_20200624_20201103_SF40_s1_r1:Otu99,technicalReplicateID,,,http://vocab.nerc.ac.uk/collection/P01/current/IDTCRE01,,
ARMS_Getxo_G1_20200624_20201103_SF40_s1_r1:Otu95,submergedTime,day,132,http://vocab.nerc.ac.uk/collection/P01/current/AZDRZZ01/,https://vocab.nerc.ac.uk/collection/P06/current/UTAA/,
ARMS_Getxo_G1_20200624_20201103_SF40_s1_r1:Otu95,preservativeUsed,,DMSO,http://vocab.nerc.ac.uk/collection/Q01/current/Q0100004/,,https://pubchem.ncbi.nlm.nih.gov/compound/679
ARMS_Getxo_G1_20200624_20201103_SF40_s1_r1:Otu95,lowerLimitFilterSize,micrometer,40,http://vocab.nerc.ac.uk/collection/Q01/current/Q0100011/,https://vocab.nerc.ac.uk/collection/P06/current/UMIC/,
ARMS_Getxo_G1_20200624_20201103_SF40_s1_r1:Otu95,fieldReplicateID,,ARMS_Getxo_G_20200624_20201103,http://vocab.nerc.ac.uk/collection/P01/current/IDSPRE01,,
ARMS_Getxo_G1_20200624_20201103_SF40_s1_r1:Otu95,technicalReplicateID,,,http://vocab.nerc.ac.uk/collection/P01/current/IDTCRE01,,
ARMS_Getxo_G1_20200624_20201103_SF40_s1_r1:Otu392,submergedTime,day,132,http://vocab.nerc.ac.uk/collection/P01/current/AZDRZZ01/,https://vocab.nerc.ac.uk/collection/P06/current/UTAA/,
ARMS_Getxo_G1_20200624_20201103_SF40_s1_r1:Otu392,preservativeUsed,,DMSO,http://vocab.nerc.ac.uk/collection/Q01/current/Q0100004/,,https://pubchem.ncbi.nlm.nih.gov/compound/679
ARMS_Getxo_G1_20200624_20201103_SF40_s1_r1:Otu392,lowerLimitFilterSize,micrometer,40,http://vocab.nerc.ac.uk/collection/Q01/current/Q0100011/,https://vocab.nerc.ac.uk/collection/P06/current/UMIC/,
ARMS_Getxo_G1_20200624_20201103_SF40_s1_r1:Otu392,fieldReplicateID,,ARMS_Getxo_G_20200624_20201103,http://vocab.nerc.ac.uk/collection/P01/current/IDSPRE01,,
ARMS_Getxo_G1_20200624_20201103_SF40_s1_r1:Otu392,technicalReplicateID,,,http://vocab.nerc.ac.uk/collection/P01/current/IDTCRE01,,
ARMS_Getxo_G1_20200624_20201103_SF40_s1_r1:Otu394,submergedTime,day,132,http://vocab.nerc.ac.uk/collection/P01/current/AZDRZZ01/,https://vocab.nerc.ac.uk/collection/P06/current/UTAA/,
ARMS_Getxo_G1_20200624_20201103_SF40_s1_r1:Otu394,preservativeUsed,,DMSO,http://vocab.nerc.ac.uk/collection/Q01/current/Q0100004/,,https://pubchem.ncbi.nlm.nih.gov/compound/679
ARMS_Getxo_G1_20200624_20201103_SF40_s1_r1:Otu394,lowerLimitFilterSize,micrometer,40,http://vocab.nerc.ac.uk/collection/Q01/current/Q0100011/,https://vocab.nerc.ac.uk/collection/P06/current/UMIC/,
ARMS_Getxo_G1_20200624_20201103_SF40_s1_r1:Otu394,fieldReplicateID,,ARMS_Getxo_G_20200624_20201103,http://vocab.nerc.ac.uk/collection/P01/current/IDSPRE01,,
ARMS_Getxo_G1_20200624_20201103_SF40_s1_r1:Otu394,technicalReplicateID,,,http://vocab.nerc.ac.uk/collection/P01/current/IDTCRE01,,
ARMS_Getxo_G1_20200624_20201103_SF40_s1_r1:Otu712,submergedTime,day,132,http://vocab.nerc.ac.uk/collection/P01/current/AZDRZZ01/,https://vocab.nerc.ac.uk/collection/P06/current/UTAA/,
ARMS_Getxo_G1_20200624_20201103_SF40_s1_r1:Otu712,preservativeUsed,,DMSO,http://vocab.nerc.ac.uk/collection/Q01/current/Q0100004/,,https://pubchem.ncbi.nlm.nih.gov/compound/679
ARMS_Getxo_G1_20200624_20201103_SF40_s1_r1:Otu712,lowerLimitFilterSize,micrometer,40,http://vocab.nerc.ac.uk/collection/Q01/current/Q0100011/,https://vocab.nerc.ac.uk/collection/P06/current/UMIC/,
ARMS_Getxo_G1_20200624_20201103_SF40_s1_r1:Otu712,fieldReplicateID,,ARMS_Getxo_G_20200624_20201103,http://vocab.nerc.ac.uk/collection/P01/current/IDSPRE01,,
ARMS_Getxo_G1_20200624_20201103_SF40_s1_r1:Otu712,technicalReplicateID,,,http://vocab.nerc.ac.uk/collection/P01/current/IDTCRE01,,
ARMS_Getxo_G1_20200624_20201103_SF40_s1_r1:Otu249,submergedTime,day,132,http://vocab.nerc.ac.uk/collection/P01/current/AZDRZZ01/,https://vocab.nerc.ac.uk/collection/P06/current/UTAA/,
ARMS_Getxo_G1_20200624_20201103_SF40_s1_r1:Otu249,preservativeUsed,,DMSO,http://vocab.nerc.ac.uk/collection/Q01/current/Q0100004/,,https://pubchem.ncbi.nlm.nih.gov/compound/679
ARMS_Getxo_G1_20200624_20201103_SF40_s1_r1:Otu249,lowerLimitFilterSize,micrometer,40,http://vocab.nerc.ac.uk/collection/Q01/current/Q0100011/,https://vocab.nerc.ac.uk/collection/P06/current/UMIC/,
ARMS_Getxo_G1_20200624_20201103_SF40_s1_r1:Otu249,fieldReplicateID,,ARMS_Getxo_G_20200624_20201103,http://vocab.nerc.ac.uk/collection/P01/current/IDSPRE01,,
ARMS_Getxo_G1_20200624_20201103_SF40_s1_r1:Otu249,technicalReplicateID,,,http://vocab.nerc.ac.uk/collection/P01/current/IDTCRE01,,
ARMS_Getxo_G1_20200624_20201103_SF40_s1_r1:Otu527,submergedTime,day,132,http://vocab.nerc.ac.uk/collection/P01/current/AZDRZZ01/,https://vocab.nerc.ac.uk/collection/P06/current/UTAA/,
ARMS_Getxo_G1_20200624_20201103_SF40_s1_r1:Otu527,preservativeUsed,,DMSO,http://vocab.nerc.ac.uk/collection/Q01/current/Q0100004/,,https://pubchem.ncbi.nlm.nih.gov/compound/679
ARMS_Getxo_G1_20200624_20201103_SF40_s1_r1:Otu527,lowerLimitFilterSize,micrometer,40,http://vocab.nerc.ac.uk/collection/Q01/current/Q0100011/,https://vocab.nerc.ac.uk/collection/P06/current/UMIC/,
ARMS_Getxo_G1_20200624_20201103_SF40_s1_r1:Otu527,fieldReplicateID,,ARMS_Getxo_G_20200624_20201103,http://vocab.nerc.ac.uk/collection/P01/current/IDSPRE01,,
ARMS_Getxo_G1_20200624_20201103_SF40_s1_r1:Otu527,technicalReplicateID,,,http://vocab.nerc.ac.uk/collection/P01/current/IDTCRE01,,
ARMS_Getxo_G1_20200624_20201103_SF40_s1_r1:Otu254,submergedTime,day,132,http://vocab.nerc.ac.uk/collection/P01/current/AZDRZZ01/,https://vocab.nerc.ac.uk/collection/P06/current/UTAA/,
ARMS_Getxo_G1_20200624_20201103_SF40_s1_r1:Otu254,preservativeUsed,,DMSO,http://vocab.nerc.ac.uk/collection/Q01/current/Q0100004/,,https://pubchem.ncbi.nlm.nih.gov/compound/679
ARMS_Getxo_G1_20200624_20201103_SF40_s1_r1:Otu254,lowerLimitFilterSize,micrometer,40,http://vocab.nerc.ac.uk/collection/Q01/current/Q0100011/,https://vocab.nerc.ac.uk/collection/P06/current/UMIC/,
ARMS_Getxo_G1_20200624_20201103_SF40_s1_r1:Otu254,fieldReplicateID,,ARMS_Getxo_G_20200624_20201103,http://vocab.nerc.ac.uk/collection/P01/current/IDSPRE01,,
ARMS_Getxo_G1_20200624_20201103_SF40_s1_r1:Otu254,technicalReplicateID,,,http://vocab.nerc.ac.uk/collection/P01/current/IDTCRE01,,
ARMS_Getxo_G1_20200624_20201103_SF40_s1_r1:Otu256,submergedTime,day,132,http://vocab.nerc.ac.uk/collection/P01/current/AZDRZZ01/,https://vocab.nerc.ac.uk/collection/P06/current/UTAA/,
ARMS_Getxo_G1_20200624_20201103_SF40_s1_r1:Otu256,preservativeUsed,,DMSO,http://vocab.nerc.ac.uk/collection/Q01/current/Q0100004/,,https://pubchem.ncbi.nlm.nih.gov/compound/679
ARMS_Getxo_G1_20200624_20201103_SF40_s1_r1:Otu256,lowerLimitFilterSize,micrometer,40,http://vocab.nerc.ac.uk/collection/Q01/current/Q0100011/,https://vocab.nerc.ac.uk/collection/P06/current/UMIC/,
ARMS_Getxo_G1_20200624_20201103_SF40_s1_r1:Otu256,fieldReplicateID,,ARMS_Getxo_G_20200624_20201103,http://vocab.nerc.ac.uk/collection/P01/current/IDSPRE01,,
ARMS_Getxo_G1_20200624_20201103_SF40_s1_r1:Otu256,technicalReplicateID,,,http://vocab.nerc.ac.uk/collection/P01/current/IDTCRE01,,
ARMS_Getxo_G1_20200624_20201103_SF40_s1_r1:Otu259,submergedTime,day,132,http://vocab.nerc.ac.uk/collection/P01/current/AZDRZZ01/,https://vocab.nerc.ac.uk/collection/P06/current/UTAA/,
ARMS_Getxo_G1_20200624_20201103_SF40_s1_r1:Otu259,preservativeUsed,,DMSO,http://vocab.nerc.ac.uk/collection/Q01/current/Q0100004/,,https://pubchem.ncbi.nlm.nih.gov/compound/679
ARMS_Getxo_G1_20200624_20201103_SF40_s1_r1:Otu259,lowerLimitFilterSize,micrometer,40,http://vocab.nerc.ac.uk/collection/Q01/current/Q0100011/,https://vocab.nerc.ac.uk/collection/P06/current/UMIC/,
ARMS_Getxo_G1_20200624_20201103_SF40_s1_r1:Otu259,fieldReplicateID,,ARMS_Getxo_G_20200624_20201103,http://vocab.nerc.ac.uk/collection/P01/current/IDSPRE01,,
ARMS_Getxo_G1_20200624_20201103_SF40_s1_r1:Otu259,technicalReplicateID,,,http://vocab.nerc.ac.uk/collection/P01/current/IDTCRE01,,
ARMS_Getxo_G1_20200624_20201103_SF40_s1_r1:Otu463,submergedTime,day,132,http://vocab.nerc.ac.uk/collection/P01/current/AZDRZZ01/,https://vocab.nerc.ac.uk/collection/P06/current/UTAA/,
ARMS_Getxo_G1_20200624_20201103_SF40_s1_r1:Otu463,preservativeUsed,,DMSO,http://vocab.nerc.ac.uk/collection/Q01/current/Q0100004/,,https://pubchem.ncbi.nlm.nih.gov/compound/679
ARMS_Getxo_G1_20200624_20201103_SF40_s1_r1:Otu463,lowerLimitFilterSize,micrometer,40,http://vocab.nerc.ac.uk/collection/Q01/current/Q0100011/,https://vocab.nerc.ac.uk/collection/P06/current/UMIC/,
ARMS_Getxo_G1_20200624_20201103_SF40_s1_r1:Otu463,fieldReplicateID,,ARMS_Getxo_G_20200624_20201103,http://vocab.nerc.ac.uk/collection/P01/current/IDSPRE01,,
ARMS_Getxo_G1_20200624_20201103_SF40_s1_r1:Otu463,technicalReplicateID,,,http://vocab.nerc.ac.uk/collection/P01/current/IDTCRE01,,
ARMS_Getxo_G1_20200624_20201103_SF40_s1_r1:Otu601,submergedTime,day,132,http://vocab.nerc.ac.uk/collection/P01/current/AZDRZZ01/,https://vocab.nerc.ac.uk/collection/P06/current/UTAA/,
ARMS_Getxo_G1_20200624_20201103_SF40_s1_r1:Otu601,preservativeUsed,,DMSO,http://vocab.nerc.ac.uk/collection/Q01/current/Q0100004/,,https://pubchem.ncbi.nlm.nih.gov/compound/679
ARMS_Getxo_G1_20200624_20201103_SF40_s1_r1:Otu601,lowerLimitFilterSize,micrometer,40,http://vocab.nerc.ac.uk/collection/Q01/current/Q0100011/,https://vocab.nerc.ac.uk/collection/P06/current/UMIC/,
ARMS_Getxo_G1_20200624_20201103_SF40_s1_r1:Otu601,fieldReplicateID,,ARMS_Getxo_G_20200624_20201103,http://vocab.nerc.ac.uk/collection/P01/current/IDSPRE01,,
ARMS_Getxo_G1_20200624_20201103_SF40_s1_r1:Otu601,technicalReplicateID,,,http://vocab.nerc.ac.uk/collection/P01/current/IDTCRE01,,
ARMS_Getxo_G1_20200624_20201103_SF40_s1_r1:Otu269,submergedTime,day,132,http://vocab.nerc.ac.uk/collection/P01/current/AZDRZZ01/,https://vocab.nerc.ac.uk/collection/P06/current/UTAA/,
ARMS_Getxo_G1_20200624_20201103_SF40_s1_r1:Otu269,preservativeUsed,,DMSO,http://vocab.nerc.ac.uk/collection/Q01/current/Q0100004/,,https://pubchem.ncbi.nlm.nih.gov/compound/679
ARMS_Getxo_G1_20200624_20201103_SF40_s1_r1:Otu269,lowerLimitFilterSize,micrometer,40,http://vocab.nerc.ac.uk/collection/Q01/current/Q0100011/,https://vocab.nerc.ac.uk/collection/P06/current/UMIC/,
ARMS_Getxo_G1_20200624_20201103_SF40_s1_r1:Otu269,fieldReplicateID,,ARMS_Getxo_G_20200624_20201103,http://vocab.nerc.ac.uk/collection/P01/current/IDSPRE01,,
ARMS_Getxo_G1_20200624_20201103_SF40_s1_r1:Otu269,technicalReplicateID,,,http://vocab.nerc.ac.uk/collection/P01/current/IDTCRE01,,
ARMS_Getxo_G1_20200624_20201103_SF40_s1_r1:Otu266,submergedTime,day,132,http://vocab.nerc.ac.uk/collection/P01/current/AZDRZZ01/,https://vocab.nerc.ac.uk/collection/P06/current/UTAA/,
ARMS_Getxo_G1_20200624_20201103_SF40_s1_r1:Otu266,preservativeUsed,,DMSO,http://vocab.nerc.ac.uk/collection/Q01/current/Q0100004/,,https://pubchem.ncbi.nlm.nih.gov/compound/679
ARMS_Getxo_G1_20200624_20201103_SF40_s1_r1:Otu266,lowerLimitFilterSize,micrometer,40,http://vocab.nerc.ac.uk/collection/Q01/current/Q0100011/,https://vocab.nerc.ac.uk/collection/P06/current/UMIC/,
ARMS_Getxo_G1_20200624_20201103_SF40_s1_r1:Otu266,fieldReplicateID,,ARMS_Getxo_G_20200624_20201103,http://vocab.nerc.ac.uk/collection/P01/current/IDSPRE01,,
ARMS_Getxo_G1_20200624_20201103_SF40_s1_r1:Otu266,technicalReplicateID,,,http://vocab.nerc.ac.uk/collection/P01/current/IDTCRE01,,
ARMS_Getxo_G1_20200624_20201103_SF40_s1_r1:Otu263,submergedTime,day,132,http://vocab.nerc.ac.uk/collection/P01/current/AZDRZZ01/,https://vocab.nerc.ac.uk/collection/P06/current/UTAA/,
ARMS_Getxo_G1_20200624_20201103_SF40_s1_r1:Otu263,preservativeUsed,,DMSO,http://vocab.nerc.ac.uk/collection/Q01/current/Q0100004/,,https://pubchem.ncbi.nlm.nih.gov/compound/679
ARMS_Getxo_G1_20200624_20201103_SF40_s1_r1:Otu263,lowerLimitFilterSize,micrometer,40,http://vocab.nerc.ac.uk/collection/Q01/current/Q0100011/,https://vocab.nerc.ac.uk/collection/P06/current/UMIC/,
ARMS_Getxo_G1_20200624_20201103_SF40_s1_r1:Otu263,fieldReplicateID,,ARMS_Getxo_G_20200624_20201103,http://vocab.nerc.ac.uk/collection/P01/current/IDSPRE01,,
ARMS_Getxo_G1_20200624_20201103_SF40_s1_r1:Otu263,technicalReplicateID,,,http://vocab.nerc.ac.uk/collection/P01/current/IDTCRE01,,
ARMS_Getxo_G1_20200624_20201103_SF40_s1_r1:Otu110,submergedTime,day,132,http://vocab.nerc.ac.uk/collection/P01/current/AZDRZZ01/,https://vocab.nerc.ac.uk/collection/P06/current/UTAA/,
ARMS_Getxo_G1_20200624_20201103_SF40_s1_r1:Otu110,preservativeUsed,,DMSO,http://vocab.nerc.ac.uk/collection/Q01/current/Q0100004/,,https://pubchem.ncbi.nlm.nih.gov/compound/679
ARMS_Getxo_G1_20200624_20201103_SF40_s1_r1:Otu110,lowerLimitFilterSize,micrometer,40,http://vocab.nerc.ac.uk/collection/Q01/current/Q0100011/,https://vocab.nerc.ac.uk/collection/P06/current/UMIC/,
ARMS_Getxo_G1_20200624_20201103_SF40_s1_r1:Otu110,fieldReplicateID,,ARMS_Getxo_G_20200624_20201103,http://vocab.nerc.ac.uk/collection/P01/current/IDSPRE01,,
ARMS_Getxo_G1_20200624_20201103_SF40_s1_r1:Otu110,technicalReplicateID,,,http://vocab.nerc.ac.uk/collection/P01/current/IDTCRE01,,
ARMS_Getxo_G1_20200624_20201103_SF40_s1_r1:Otu283,submergedTime,day,132,http://vocab.nerc.ac.uk/collection/P01/current/AZDRZZ01/,https://vocab.nerc.ac.uk/collection/P06/current/UTAA/,
ARMS_Getxo_G1_20200624_20201103_SF40_s1_r1:Otu283,preservativeUsed,,DMSO,http://vocab.nerc.ac.uk/collection/Q01/current/Q0100004/,,https://pubchem.ncbi.nlm.nih.gov/compound/679
ARMS_Getxo_G1_20200624_20201103_SF40_s1_r1:Otu283,lowerLimitFilterSize,micrometer,40,http://vocab.nerc.ac.uk/collection/Q01/current/Q0100011/,https://vocab.nerc.ac.uk/collection/P06/current/UMIC/,
ARMS_Getxo_G1_20200624_20201103_SF40_s1_r1:Otu283,fieldReplicateID,,ARMS_Getxo_G_20200624_20201103,http://vocab.nerc.ac.uk/collection/P01/current/IDSPRE01,,
ARMS_Getxo_G1_20200624_20201103_SF40_s1_r1:Otu283,technicalReplicateID,,,http://vocab.nerc.ac.uk/collection/P01/current/IDTCRE01,,
ARMS_Getxo_G1_20200624_20201103_SF40_s1_r1:Otu298,submergedTime,day,132,http://vocab.nerc.ac.uk/collection/P01/current/AZDRZZ01/,https://vocab.nerc.ac.uk/collection/P06/current/UTAA/,
ARMS_Getxo_G1_20200624_20201103_SF40_s1_r1:Otu298,preservativeUsed,,DMSO,http://vocab.nerc.ac.uk/collection/Q01/current/Q0100004/,,https://pubchem.ncbi.nlm.nih.gov/compound/679
ARMS_Getxo_G1_20200624_20201103_SF40_s1_r1:Otu298,lowerLimitFilterSize,micrometer,40,http://vocab.nerc.ac.uk/collection/Q01/current/Q0100011/,https://vocab.nerc.ac.uk/collection/P06/current/UMIC/,
ARMS_Getxo_G1_20200624_20201103_SF40_s1_r1:Otu298,fieldReplicateID,,ARMS_Getxo_G_20200624_20201103,http://vocab.nerc.ac.uk/collection/P01/current/IDSPRE01,,
ARMS_Getxo_G1_20200624_20201103_SF40_s1_r1:Otu298,technicalReplicateID,,,http://vocab.nerc.ac.uk/collection/P01/current/IDTCRE01,,
ARMS_Getxo_G1_20200624_20201103_SF40_s1_r1:Otu322,submergedTime,day,132,http://vocab.nerc.ac.uk/collection/P01/current/AZDRZZ01/,https://vocab.nerc.ac.uk/collection/P06/current/UTAA/,
ARMS_Getxo_G1_20200624_20201103_SF40_s1_r1:Otu322,preservativeUsed,,DMSO,http://vocab.nerc.ac.uk/collection/Q01/current/Q0100004/,,https://pubchem.ncbi.nlm.nih.gov/compound/679
ARMS_Getxo_G1_20200624_20201103_SF40_s1_r1:Otu322,lowerLimitFilterSize,micrometer,40,http://vocab.nerc.ac.uk/collection/Q01/current/Q0100011/,https://vocab.nerc.ac.uk/collection/P06/current/UMIC/,
ARMS_Getxo_G1_20200624_20201103_SF40_s1_r1:Otu322,fieldReplicateID,,ARMS_Getxo_G_20200624_20201103,http://vocab.nerc.ac.uk/collection/P01/current/IDSPRE01,,
ARMS_Getxo_G1_20200624_20201103_SF40_s1_r1:Otu322,technicalReplicateID,,,http://vocab.nerc.ac.uk/collection/P01/current/IDTCRE01,,
ARMS_Getxo_G1_20200624_20201103_SF40_s1_r1:Otu1381,submergedTime,day,132,http://vocab.nerc.ac.uk/collection/P01/current/AZDRZZ01/,https://vocab.nerc.ac.uk/collection/P06/current/UTAA/,
ARMS_Getxo_G1_20200624_20201103_SF40_s1_r1:Otu1381,preservativeUsed,,DMSO,http://vocab.nerc.ac.uk/collection/Q01/current/Q0100004/,,https://pubchem.ncbi.nlm.nih.gov/compound/679
ARMS_Getxo_G1_20200624_20201103_SF40_s1_r1:Otu1381,lowerLimitFilterSize,micrometer,40,http://vocab.nerc.ac.uk/collection/Q01/current/Q0100011/,https://vocab.nerc.ac.uk/collection/P06/current/UMIC/,
ARMS_Getxo_G1_20200624_20201103_SF40_s1_r1:Otu1381,fieldReplicateID,,ARMS_Getxo_G_20200624_20201103,http://vocab.nerc.ac.uk/collection/P01/current/IDSPRE01,,
ARMS_Getxo_G1_20200624_20201103_SF40_s1_r1:Otu1381,technicalReplicateID,,,http://vocab.nerc.ac.uk/collection/P01/current/IDTCRE01,,
ARMS_Getxo_G1_20200624_20201103_SF40_s1_r1:Otu148,submergedTime,day,132,http://vocab.nerc.ac.uk/collection/P01/current/AZDRZZ01/,https://vocab.nerc.ac.uk/collection/P06/current/UTAA/,
ARMS_Getxo_G1_20200624_20201103_SF40_s1_r1:Otu148,preservativeUsed,,DMSO,http://vocab.nerc.ac.uk/collection/Q01/current/Q0100004/,,https://pubchem.ncbi.nlm.nih.gov/compound/679
ARMS_Getxo_G1_20200624_20201103_SF40_s1_r1:Otu148,lowerLimitFilterSize,micrometer,40,http://vocab.nerc.ac.uk/collection/Q01/current/Q0100011/,https://vocab.nerc.ac.uk/collection/P06/current/UMIC/,
ARMS_Getxo_G1_20200624_20201103_SF40_s1_r1:Otu148,fieldReplicateID,,ARMS_Getxo_G_20200624_20201103,http://vocab.nerc.ac.uk/collection/P01/current/IDSPRE01,,
ARMS_Getxo_G1_20200624_20201103_SF40_s1_r1:Otu148,technicalReplicateID,,,http://vocab.nerc.ac.uk/collection/P01/current/IDTCRE01,,
ARMS_Getxo_G1_20200624_20201103_SF40_s1_r1:Otu597,submergedTime,day,132,http://vocab.nerc.ac.uk/collection/P01/current/AZDRZZ01/,https://vocab.nerc.ac.uk/collection/P06/current/UTAA/,
ARMS_Getxo_G1_20200624_20201103_SF40_s1_r1:Otu597,preservativeUsed,,DMSO,http://vocab.nerc.ac.uk/collection/Q01/current/Q0100004/,,https://pubchem.ncbi.nlm.nih.gov/compound/679
ARMS_Getxo_G1_20200624_20201103_SF40_s1_r1:Otu597,lowerLimitFilterSize,micrometer,40,http://vocab.nerc.ac.uk/collection/Q01/current/Q0100011/,https://vocab.nerc.ac.uk/collection/P06/current/UMIC/,
ARMS_Getxo_G1_20200624_20201103_SF40_s1_r1:Otu597,fieldReplicateID,,ARMS_Getxo_G_20200624_20201103,http://vocab.nerc.ac.uk/collection/P01/current/IDSPRE01,,
ARMS_Getxo_G1_20200624_20201103_SF40_s1_r1:Otu597,technicalReplicateID,,,http://vocab.nerc.ac.uk/collection/P01/current/IDTCRE01,,
ARMS_Getxo_G1_20200624_20201103_SF40_s1_r1:Otu244,submergedTime,day,132,http://vocab.nerc.ac.uk/collection/P01/current/AZDRZZ01/,https://vocab.nerc.ac.uk/collection/P06/current/UTAA/,
ARMS_Getxo_G1_20200624_20201103_SF40_s1_r1:Otu244,preservativeUsed,,DMSO,http://vocab.nerc.ac.uk/collection/Q01/current/Q0100004/,,https://pubchem.ncbi.nlm.nih.gov/compound/679
ARMS_Getxo_G1_20200624_20201103_SF40_s1_r1:Otu244,lowerLimitFilterSize,micrometer,40,http://vocab.nerc.ac.uk/collection/Q01/current/Q0100011/,https://vocab.nerc.ac.uk/collection/P06/current/UMIC/,
ARMS_Getxo_G1_20200624_20201103_SF40_s1_r1:Otu244,fieldReplicateID,,ARMS_Getxo_G_20200624_20201103,http://vocab.nerc.ac.uk/collection/P01/current/IDSPRE01,,
ARMS_Getxo_G1_20200624_20201103_SF40_s1_r1:Otu244,technicalReplicateID,,,http://vocab.nerc.ac.uk/collection/P01/current/IDTCRE01,,
ARMS_Getxo_G1_20200624_20201103_SF40_s1_r1:Otu245,submergedTime,day,132,http://vocab.nerc.ac.uk/collection/P01/current/AZDRZZ01/,https://vocab.nerc.ac.uk/collection/P06/current/UTAA/,
ARMS_Getxo_G1_20200624_20201103_SF40_s1_r1:Otu245,preservativeUsed,,DMSO,http://vocab.nerc.ac.uk/collection/Q01/current/Q0100004/,,https://pubchem.ncbi.nlm.nih.gov/compound/679
ARMS_Getxo_G1_20200624_20201103_SF40_s1_r1:Otu245,lowerLimitFilterSize,micrometer,40,http://vocab.nerc.ac.uk/collection/Q01/current/Q0100011/,https://vocab.nerc.ac.uk/collection/P06/current/UMIC/,
ARMS_Getxo_G1_20200624_20201103_SF40_s1_r1:Otu245,fieldReplicateID,,ARMS_Getxo_G_20200624_20201103,http://vocab.nerc.ac.uk/collection/P01/current/IDSPRE01,,
ARMS_Getxo_G1_20200624_20201103_SF40_s1_r1:Otu245,technicalReplicateID,,,http://vocab.nerc.ac.uk/collection/P01/current/IDTCRE01,,
ARMS_Getxo_G1_20200624_20201103_SF40_s1_r1:Otu29,submergedTime,day,132,http://vocab.nerc.ac.uk/collection/P01/current/AZDRZZ01/,https://vocab.nerc.ac.uk/collection/P06/current/UTAA/,
ARMS_Getxo_G1_20200624_20201103_SF40_s1_r1:Otu29,preservativeUsed,,DMSO,http://vocab.nerc.ac.uk/collection/Q01/current/Q0100004/,,https://pubchem.ncbi.nlm.nih.gov/compound/679
ARMS_Getxo_G1_20200624_20201103_SF40_s1_r1:Otu29,lowerLimitFilterSize,micrometer,40,http://vocab.nerc.ac.uk/collection/Q01/current/Q0100011/,https://vocab.nerc.ac.uk/collection/P06/current/UMIC/,
ARMS_Getxo_G1_20200624_20201103_SF40_s1_r1:Otu29,fieldReplicateID,,ARMS_Getxo_G_20200624_20201103,http://vocab.nerc.ac.uk/collection/P01/current/IDSPRE01,,
ARMS_Getxo_G1_20200624_20201103_SF40_s1_r1:Otu29,technicalReplicateID,,,http://vocab.nerc.ac.uk/collection/P01/current/IDTCRE01,,
ARMS_Getxo_G1_20200624_20201103_SF40_s1_r1:Otu28,submergedTime,day,132,http://vocab.nerc.ac.uk/collection/P01/current/AZDRZZ01/,https://vocab.nerc.ac.uk/collection/P06/current/UTAA/,
ARMS_Getxo_G1_20200624_20201103_SF40_s1_r1:Otu28,preservativeUsed,,DMSO,http://vocab.nerc.ac.uk/collection/Q01/current/Q0100004/,,https://pubchem.ncbi.nlm.nih.gov/compound/679
ARMS_Getxo_G1_20200624_20201103_SF40_s1_r1:Otu28,lowerLimitFilterSize,micrometer,40,http://vocab.nerc.ac.uk/collection/Q01/current/Q0100011/,https://vocab.nerc.ac.uk/collection/P06/current/UMIC/,
ARMS_Getxo_G1_20200624_20201103_SF40_s1_r1:Otu28,fieldReplicateID,,ARMS_Getxo_G_20200624_20201103,http://vocab.nerc.ac.uk/collection/P01/current/IDSPRE01,,
ARMS_Getxo_G1_20200624_20201103_SF40_s1_r1:Otu28,technicalReplicateID,,,http://vocab.nerc.ac.uk/collection/P01/current/IDTCRE01,,
ARMS_Getxo_G1_20200624_20201103_SF40_s1_r1:Otu26,submergedTime,day,132,http://vocab.nerc.ac.uk/collection/P01/current/AZDRZZ01/,https://vocab.nerc.ac.uk/collection/P06/current/UTAA/,
ARMS_Getxo_G1_20200624_20201103_SF40_s1_r1:Otu26,preservativeUsed,,DMSO,http://vocab.nerc.ac.uk/collection/Q01/current/Q0100004/,,https://pubchem.ncbi.nlm.nih.gov/compound/679
ARMS_Getxo_G1_20200624_20201103_SF40_s1_r1:Otu26,lowerLimitFilterSize,micrometer,40,http://vocab.nerc.ac.uk/collection/Q01/current/Q0100011/,https://vocab.nerc.ac.uk/collection/P06/current/UMIC/,
ARMS_Getxo_G1_20200624_20201103_SF40_s1_r1:Otu26,fieldReplicateID,,ARMS_Getxo_G_20200624_20201103,http://vocab.nerc.ac.uk/collection/P01/current/IDSPRE01,,
ARMS_Getxo_G1_20200624_20201103_SF40_s1_r1:Otu26,technicalReplicateID,,,http://vocab.nerc.ac.uk/collection/P01/current/IDTCRE01,,
ARMS_Getxo_G1_20200624_20201103_SF40_s1_r1:Otu152,submergedTime,day,132,http://vocab.nerc.ac.uk/collection/P01/current/AZDRZZ01/,https://vocab.nerc.ac.uk/collection/P06/current/UTAA/,
ARMS_Getxo_G1_20200624_20201103_SF40_s1_r1:Otu152,preservativeUsed,,DMSO,http://vocab.nerc.ac.uk/collection/Q01/current/Q0100004/,,https://pubchem.ncbi.nlm.nih.gov/compound/679
ARMS_Getxo_G1_20200624_20201103_SF40_s1_r1:Otu152,lowerLimitFilterSize,micrometer,40,http://vocab.nerc.ac.uk/collection/Q01/current/Q0100011/,https://vocab.nerc.ac.uk/collection/P06/current/UMIC/,
ARMS_Getxo_G1_20200624_20201103_SF40_s1_r1:Otu152,fieldReplicateID,,ARMS_Getxo_G_20200624_20201103,http://vocab.nerc.ac.uk/collection/P01/current/IDSPRE01,,
ARMS_Getxo_G1_20200624_20201103_SF40_s1_r1:Otu152,technicalReplicateID,,,http://vocab.nerc.ac.uk/collection/P01/current/IDTCRE01,,
ARMS_Getxo_G1_20200624_20201103_SF40_s1_r1:Otu154,submergedTime,day,132,http://vocab.nerc.ac.uk/collection/P01/current/AZDRZZ01/,https://vocab.nerc.ac.uk/collection/P06/current/UTAA/,
ARMS_Getxo_G1_20200624_20201103_SF40_s1_r1:Otu154,preservativeUsed,,DMSO,http://vocab.nerc.ac.uk/collection/Q01/current/Q0100004/,,https://pubchem.ncbi.nlm.nih.gov/compound/679
ARMS_Getxo_G1_20200624_20201103_SF40_s1_r1:Otu154,lowerLimitFilterSize,micrometer,40,http://vocab.nerc.ac.uk/collection/Q01/current/Q0100011/,https://vocab.nerc.ac.uk/collection/P06/current/UMIC/,
ARMS_Getxo_G1_20200624_20201103_SF40_s1_r1:Otu154,fieldReplicateID,,ARMS_Getxo_G_20200624_20201103,http://vocab.nerc.ac.uk/collection/P01/current/IDSPRE01,,
ARMS_Getxo_G1_20200624_20201103_SF40_s1_r1:Otu154,technicalReplicateID,,,http://vocab.nerc.ac.uk/collection/P01/current/IDTCRE01,,
ARMS_Getxo_G1_20200624_20201103_SF40_s1_r1:Otu216,submergedTime,day,132,http://vocab.nerc.ac.uk/collection/P01/current/AZDRZZ01/,https://vocab.nerc.ac.uk/collection/P06/current/UTAA/,
ARMS_Getxo_G1_20200624_20201103_SF40_s1_r1:Otu216,preservativeUsed,,DMSO,http://vocab.nerc.ac.uk/collection/Q01/current/Q0100004/,,https://pubchem.ncbi.nlm.nih.gov/compound/679
ARMS_Getxo_G1_20200624_20201103_SF40_s1_r1:Otu216,lowerLimitFilterSize,micrometer,40,http://vocab.nerc.ac.uk/collection/Q01/current/Q0100011/,https://vocab.nerc.ac.uk/collection/P06/current/UMIC/,
ARMS_Getxo_G1_20200624_20201103_SF40_s1_r1:Otu216,fieldReplicateID,,ARMS_Getxo_G_20200624_20201103,http://vocab.nerc.ac.uk/collection/P01/current/IDSPRE01,,
ARMS_Getxo_G1_20200624_20201103_SF40_s1_r1:Otu216,technicalReplicateID,,,http://vocab.nerc.ac.uk/collection/P01/current/IDTCRE01,,
ARMS_Getxo_G1_20200624_20201103_SF40_s1_r1:Otu213,submergedTime,day,132,http://vocab.nerc.ac.uk/collection/P01/current/AZDRZZ01/,https://vocab.nerc.ac.uk/collection/P06/current/UTAA/,
ARMS_Getxo_G1_20200624_20201103_SF40_s1_r1:Otu213,preservativeUsed,,DMSO,http://vocab.nerc.ac.uk/collection/Q01/current/Q0100004/,,https://pubchem.ncbi.nlm.nih.gov/compound/679
ARMS_Getxo_G1_20200624_20201103_SF40_s1_r1:Otu213,lowerLimitFilterSize,micrometer,40,http://vocab.nerc.ac.uk/collection/Q01/current/Q0100011/,https://vocab.nerc.ac.uk/collection/P06/current/UMIC/,
ARMS_Getxo_G1_20200624_20201103_SF40_s1_r1:Otu213,fieldReplicateID,,ARMS_Getxo_G_20200624_20201103,http://vocab.nerc.ac.uk/collection/P01/current/IDSPRE01,,
ARMS_Getxo_G1_20200624_20201103_SF40_s1_r1:Otu213,technicalReplicateID,,,http://vocab.nerc.ac.uk/collection/P01/current/IDTCRE01,,
ARMS_Getxo_G1_20200624_20201103_SF40_s1_r1:Otu329,submergedTime,day,132,http://vocab.nerc.ac.uk/collection/P01/current/AZDRZZ01/,https://vocab.nerc.ac.uk/collection/P06/current/UTAA/,
ARMS_Getxo_G1_20200624_20201103_SF40_s1_r1:Otu329,preservativeUsed,,DMSO,http://vocab.nerc.ac.uk/collection/Q01/current/Q0100004/,,https://pubchem.ncbi.nlm.nih.gov/compound/679
ARMS_Getxo_G1_20200624_20201103_SF40_s1_r1:Otu329,lowerLimitFilterSize,micrometer,40,http://vocab.nerc.ac.uk/collection/Q01/current/Q0100011/,https://vocab.nerc.ac.uk/collection/P06/current/UMIC/,
ARMS_Getxo_G1_20200624_20201103_SF40_s1_r1:Otu329,fieldReplicateID,,ARMS_Getxo_G_20200624_20201103,http://vocab.nerc.ac.uk/collection/P01/current/IDSPRE01,,
ARMS_Getxo_G1_20200624_20201103_SF40_s1_r1:Otu329,technicalReplicateID,,,http://vocab.nerc.ac.uk/collection/P01/current/IDTCRE01,,
ARMS_Getxo_G1_20200624_20201103_SF40_s1_r1:Otu145,submergedTime,day,132,http://vocab.nerc.ac.uk/collection/P01/current/AZDRZZ01/,https://vocab.nerc.ac.uk/collection/P06/current/UTAA/,
ARMS_Getxo_G1_20200624_20201103_SF40_s1_r1:Otu145,preservativeUsed,,DMSO,http://vocab.nerc.ac.uk/collection/Q01/current/Q0100004/,,https://pubchem.ncbi.nlm.nih.gov/compound/679
ARMS_Getxo_G1_20200624_20201103_SF40_s1_r1:Otu145,lowerLimitFilterSize,micrometer,40,http://vocab.nerc.ac.uk/collection/Q01/current/Q0100011/,https://vocab.nerc.ac.uk/collection/P06/current/UMIC/,
ARMS_Getxo_G1_20200624_20201103_SF40_s1_r1:Otu145,fieldReplicateID,,ARMS_Getxo_G_20200624_20201103,http://vocab.nerc.ac.uk/collection/P01/current/IDSPRE01,,
ARMS_Getxo_G1_20200624_20201103_SF40_s1_r1:Otu145,technicalReplicateID,,,http://vocab.nerc.ac.uk/collection/P01/current/IDTCRE01,,
ARMS_Getxo_G1_20200624_20201103_SF40_s1_r1:Otu10,submergedTime,day,132,http://vocab.nerc.ac.uk/collection/P01/current/AZDRZZ01/,https://vocab.nerc.ac.uk/collection/P06/current/UTAA/,
ARMS_Getxo_G1_20200624_20201103_SF40_s1_r1:Otu10,preservativeUsed,,DMSO,http://vocab.nerc.ac.uk/collection/Q01/current/Q0100004/,,https://pubchem.ncbi.nlm.nih.gov/compound/679
ARMS_Getxo_G1_20200624_20201103_SF40_s1_r1:Otu10,lowerLimitFilterSize,micrometer,40,http://vocab.nerc.ac.uk/collection/Q01/current/Q0100011/,https://vocab.nerc.ac.uk/collection/P06/current/UMIC/,
ARMS_Getxo_G1_20200624_20201103_SF40_s1_r1:Otu10,fieldReplicateID,,ARMS_Getxo_G_20200624_20201103,http://vocab.nerc.ac.uk/collection/P01/current/IDSPRE01,,
ARMS_Getxo_G1_20200624_20201103_SF40_s1_r1:Otu10,technicalReplicateID,,,http://vocab.nerc.ac.uk/collection/P01/current/IDTCRE01,,
ARMS_Getxo_G2_20200624_20201103_MF100_s1_r1:Otu66,submergedTime,day,132,http://vocab.nerc.ac.uk/collection/P01/current/AZDRZZ01/,https://vocab.nerc.ac.uk/collection/P06/current/UTAA/,
ARMS_Getxo_G2_20200624_20201103_MF100_s1_r1:Otu66,preservativeUsed,,DMSO,http://vocab.nerc.ac.uk/collection/Q01/current/Q0100004/,,https://pubchem.ncbi.nlm.nih.gov/compound/679
ARMS_Getxo_G2_20200624_20201103_MF100_s1_r1:Otu66,lowerLimitFilterSize,micrometer,100,http://vocab.nerc.ac.uk/collection/Q01/current/Q0100011/,https://vocab.nerc.ac.uk/collection/P06/current/UMIC/,
ARMS_Getxo_G2_20200624_20201103_MF100_s1_r1:Otu66,fieldReplicateID,,ARMS_Getxo_G_20200624_20201103,http://vocab.nerc.ac.uk/collection/P01/current/IDSPRE01,,
ARMS_Getxo_G2_20200624_20201103_MF100_s1_r1:Otu66,technicalReplicateID,,,http://vocab.nerc.ac.uk/collection/P01/current/IDTCRE01,,
ARMS_Getxo_G2_20200624_20201103_MF100_s1_r1:Otu544,submergedTime,day,132,http://vocab.nerc.ac.uk/collection/P01/current/AZDRZZ01/,https://vocab.nerc.ac.uk/collection/P06/current/UTAA/,
ARMS_Getxo_G2_20200624_20201103_MF100_s1_r1:Otu544,preservativeUsed,,DMSO,http://vocab.nerc.ac.uk/collection/Q01/current/Q0100004/,,https://pubchem.ncbi.nlm.nih.gov/compound/679
ARMS_Getxo_G2_20200624_20201103_MF100_s1_r1:Otu544,lowerLimitFilterSize,micrometer,100,http://vocab.nerc.ac.uk/collection/Q01/current/Q0100011/,https://vocab.nerc.ac.uk/collection/P06/current/UMIC/,
ARMS_Getxo_G2_20200624_20201103_MF100_s1_r1:Otu544,fieldReplicateID,,ARMS_Getxo_G_20200624_20201103,http://vocab.nerc.ac.uk/collection/P01/current/IDSPRE01,,
ARMS_Getxo_G2_20200624_20201103_MF100_s1_r1:Otu544,technicalReplicateID,,,http://vocab.nerc.ac.uk/collection/P01/current/IDTCRE01,,
ARMS_Getxo_G2_20200624_20201103_MF100_s1_r1:Otu42,submergedTime,day,132,http://vocab.nerc.ac.uk/collection/P01/current/AZDRZZ01/,https://vocab.nerc.ac.uk/collection/P06/current/UTAA/,
ARMS_Getxo_G2_20200624_20201103_MF100_s1_r1:Otu42,preservativeUsed,,DMSO,http://vocab.nerc.ac.uk/collection/Q01/current/Q0100004/,,https://pubchem.ncbi.nlm.nih.gov/compound/679
ARMS_Getxo_G2_20200624_20201103_MF100_s1_r1:Otu42,lowerLimitFilterSize,micrometer,100,http://vocab.nerc.ac.uk/collection/Q01/current/Q0100011/,https://vocab.nerc.ac.uk/collection/P06/current/UMIC/,
ARMS_Getxo_G2_20200624_20201103_MF100_s1_r1:Otu42,fieldReplicateID,,ARMS_Getxo_G_20200624_20201103,http://vocab.nerc.ac.uk/collection/P01/current/IDSPRE01,,
ARMS_Getxo_G2_20200624_20201103_MF100_s1_r1:Otu42,technicalReplicateID,,,http://vocab.nerc.ac.uk/collection/P01/current/IDTCRE01,,
ARMS_Getxo_G2_20200624_20201103_MF100_s1_r1:Otu183,submergedTime,day,132,http://vocab.nerc.ac.uk/collection/P01/current/AZDRZZ01/,https://vocab.nerc.ac.uk/collection/P06/current/UTAA/,
ARMS_Getxo_G2_20200624_20201103_MF100_s1_r1:Otu183,preservativeUsed,,DMSO,http://vocab.nerc.ac.uk/collection/Q01/current/Q0100004/,,https://pubchem.ncbi.nlm.nih.gov/compound/679
ARMS_Getxo_G2_20200624_20201103_MF100_s1_r1:Otu183,lowerLimitFilterSize,micrometer,100,http://vocab.nerc.ac.uk/collection/Q01/current/Q0100011/,https://vocab.nerc.ac.uk/collection/P06/current/UMIC/,
ARMS_Getxo_G2_20200624_20201103_MF100_s1_r1:Otu183,fieldReplicateID,,ARMS_Getxo_G_20200624_20201103,http://vocab.nerc.ac.uk/collection/P01/current/IDSPRE01,,
ARMS_Getxo_G2_20200624_20201103_MF100_s1_r1:Otu183,technicalReplicateID,,,http://vocab.nerc.ac.uk/collection/P01/current/IDTCRE01,,
ARMS_Getxo_G2_20200624_20201103_MF100_s1_r1:Otu50,submergedTime,day,132,http://vocab.nerc.ac.uk/collection/P01/current/AZDRZZ01/,https://vocab.nerc.ac.uk/collection/P06/current/UTAA/,
ARMS_Getxo_G2_20200624_20201103_MF100_s1_r1:Otu50,preservativeUsed,,DMSO,http://vocab.nerc.ac.uk/collection/Q01/current/Q0100004/,,https://pubchem.ncbi.nlm.nih.gov/compound/679
ARMS_Getxo_G2_20200624_20201103_MF100_s1_r1:Otu50,lowerLimitFilterSize,micrometer,100,http://vocab.nerc.ac.uk/collection/Q01/current/Q0100011/,https://vocab.nerc.ac.uk/collection/P06/current/UMIC/,
ARMS_Getxo_G2_20200624_20201103_MF100_s1_r1:Otu50,fieldReplicateID,,ARMS_Getxo_G_20200624_20201103,http://vocab.nerc.ac.uk/collection/P01/current/IDSPRE01,,
ARMS_Getxo_G2_20200624_20201103_MF100_s1_r1:Otu50,technicalReplicateID,,,http://vocab.nerc.ac.uk/collection/P01/current/IDTCRE01,,
ARMS_Getxo_G2_20200624_20201103_MF100_s1_r1:Otu51,submergedTime,day,132,http://vocab.nerc.ac.uk/collection/P01/current/AZDRZZ01/,https://vocab.nerc.ac.uk/collection/P06/current/UTAA/,
ARMS_Getxo_G2_20200624_20201103_MF100_s1_r1:Otu51,preservativeUsed,,DMSO,http://vocab.nerc.ac.uk/collection/Q01/current/Q0100004/,,https://pubchem.ncbi.nlm.nih.gov/compound/679
ARMS_Getxo_G2_20200624_20201103_MF100_s1_r1:Otu51,lowerLimitFilterSize,micrometer,100,http://vocab.nerc.ac.uk/collection/Q01/current/Q0100011/,https://vocab.nerc.ac.uk/collection/P06/current/UMIC/,
ARMS_Getxo_G2_20200624_20201103_MF100_s1_r1:Otu51,fieldReplicateID,,ARMS_Getxo_G_20200624_20201103,http://vocab.nerc.ac.uk/collection/P01/current/IDSPRE01,,
ARMS_Getxo_G2_20200624_20201103_MF100_s1_r1:Otu51,technicalReplicateID,,,http://vocab.nerc.ac.uk/collection/P01/current/IDTCRE01,,
ARMS_Getxo_G2_20200624_20201103_MF100_s1_r1:Otu4,submergedTime,day,132,http://vocab.nerc.ac.uk/collection/P01/current/AZDRZZ01/,https://vocab.nerc.ac.uk/collection/P06/current/UTAA/,
ARMS_Getxo_G2_20200624_20201103_MF100_s1_r1:Otu4,preservativeUsed,,DMSO,http://vocab.nerc.ac.uk/collection/Q01/current/Q0100004/,,https://pubchem.ncbi.nlm.nih.gov/compound/679
ARMS_Getxo_G2_20200624_20201103_MF100_s1_r1:Otu4,lowerLimitFilterSize,micrometer,100,http://vocab.nerc.ac.uk/collection/Q01/current/Q0100011/,https://vocab.nerc.ac.uk/collection/P06/current/UMIC/,
ARMS_Getxo_G2_20200624_20201103_MF100_s1_r1:Otu4,fieldReplicateID,,ARMS_Getxo_G_20200624_20201103,http://vocab.nerc.ac.uk/collection/P01/current/IDSPRE01,,
ARMS_Getxo_G2_20200624_20201103_MF100_s1_r1:Otu4,technicalReplicateID,,,http://vocab.nerc.ac.uk/collection/P01/current/IDTCRE01,,
ARMS_Getxo_G2_20200624_20201103_MF100_s1_r1:Otu99,submergedTime,day,132,http://vocab.nerc.ac.uk/collection/P01/current/AZDRZZ01/,https://vocab.nerc.ac.uk/collection/P06/current/UTAA/,
ARMS_Getxo_G2_20200624_20201103_MF100_s1_r1:Otu99,preservativeUsed,,DMSO,http://vocab.nerc.ac.uk/collection/Q01/current/Q0100004/,,https://pubchem.ncbi.nlm.nih.gov/compound/679
ARMS_Getxo_G2_20200624_20201103_MF100_s1_r1:Otu99,lowerLimitFilterSize,micrometer,100,http://vocab.nerc.ac.uk/collection/Q01/current/Q0100011/,https://vocab.nerc.ac.uk/collection/P06/current/UMIC/,
ARMS_Getxo_G2_20200624_20201103_MF100_s1_r1:Otu99,fieldReplicateID,,ARMS_Getxo_G_20200624_20201103,http://vocab.nerc.ac.uk/collection/P01/current/IDSPRE01,,
ARMS_Getxo_G2_20200624_20201103_MF100_s1_r1:Otu99,technicalReplicateID,,,http://vocab.nerc.ac.uk/collection/P01/current/IDTCRE01,,
ARMS_Getxo_G2_20200624_20201103_MF100_s1_r1:Otu95,submergedTime,day,132,http://vocab.nerc.ac.uk/collection/P01/current/AZDRZZ01/,https://vocab.nerc.ac.uk/collection/P06/current/UTAA/,
ARMS_Getxo_G2_20200624_20201103_MF100_s1_r1:Otu95,preservativeUsed,,DMSO,http://vocab.nerc.ac.uk/collection/Q01/current/Q0100004/,,https://pubchem.ncbi.nlm.nih.gov/compound/679
ARMS_Getxo_G2_20200624_20201103_MF100_s1_r1:Otu95,lowerLimitFilterSize,micrometer,100,http://vocab.nerc.ac.uk/collection/Q01/current/Q0100011/,https://vocab.nerc.ac.uk/collection/P06/current/UMIC/,
ARMS_Getxo_G2_20200624_20201103_MF100_s1_r1:Otu95,fieldReplicateID,,ARMS_Getxo_G_20200624_20201103,http://vocab.nerc.ac.uk/collection/P01/current/IDSPRE01,,
ARMS_Getxo_G2_20200624_20201103_MF100_s1_r1:Otu95,technicalReplicateID,,,http://vocab.nerc.ac.uk/collection/P01/current/IDTCRE01,,
ARMS_Getxo_G2_20200624_20201103_MF100_s1_r1:Otu117,submergedTime,day,132,http://vocab.nerc.ac.uk/collection/P01/current/AZDRZZ01/,https://vocab.nerc.ac.uk/collection/P06/current/UTAA/,
ARMS_Getxo_G2_20200624_20201103_MF100_s1_r1:Otu117,preservativeUsed,,DMSO,http://vocab.nerc.ac.uk/collection/Q01/current/Q0100004/,,https://pubchem.ncbi.nlm.nih.gov/compound/679
ARMS_Getxo_G2_20200624_20201103_MF100_s1_r1:Otu117,lowerLimitFilterSize,micrometer,100,http://vocab.nerc.ac.uk/collection/Q01/current/Q0100011/,https://vocab.nerc.ac.uk/collection/P06/current/UMIC/,
ARMS_Getxo_G2_20200624_20201103_MF100_s1_r1:Otu117,fieldReplicateID,,ARMS_Getxo_G_20200624_20201103,http://vocab.nerc.ac.uk/collection/P01/current/IDSPRE01,,
ARMS_Getxo_G2_20200624_20201103_MF100_s1_r1:Otu117,technicalReplicateID,,,http://vocab.nerc.ac.uk/collection/P01/current/IDTCRE01,,
ARMS_Getxo_G2_20200624_20201103_MF100_s1_r1:Otu149,submergedTime,day,132,http://vocab.nerc.ac.uk/collection/P01/current/AZDRZZ01/,https://vocab.nerc.ac.uk/collection/P06/current/UTAA/,
ARMS_Getxo_G2_20200624_20201103_MF100_s1_r1:Otu149,preservativeUsed,,DMSO,http://vocab.nerc.ac.uk/collection/Q01/current/Q0100004/,,https://pubchem.ncbi.nlm.nih.gov/compound/679
ARMS_Getxo_G2_20200624_20201103_MF100_s1_r1:Otu149,lowerLimitFilterSize,micrometer,100,http://vocab.nerc.ac.uk/collection/Q01/current/Q0100011/,https://vocab.nerc.ac.uk/collection/P06/current/UMIC/,
ARMS_Getxo_G2_20200624_20201103_MF100_s1_r1:Otu149,fieldReplicateID,,ARMS_Getxo_G_20200624_20201103,http://vocab.nerc.ac.uk/collection/P01/current/IDSPRE01,,
ARMS_Getxo_G2_20200624_20201103_MF100_s1_r1:Otu149,technicalReplicateID,,,http://vocab.nerc.ac.uk/collection/P01/current/IDTCRE01,,
ARMS_Getxo_G2_20200624_20201103_MF100_s1_r1:Otu29,submergedTime,day,132,http://vocab.nerc.ac.uk/collection/P01/current/AZDRZZ01/,https://vocab.nerc.ac.uk/collection/P06/current/UTAA/,
ARMS_Getxo_G2_20200624_20201103_MF100_s1_r1:Otu29,preservativeUsed,,DMSO,http://vocab.nerc.ac.uk/collection/Q01/current/Q0100004/,,https://pubchem.ncbi.nlm.nih.gov/compound/679
ARMS_Getxo_G2_20200624_20201103_MF100_s1_r1:Otu29,lowerLimitFilterSize,micrometer,100,http://vocab.nerc.ac.uk/collection/Q01/current/Q0100011/,https://vocab.nerc.ac.uk/collection/P06/current/UMIC/,
ARMS_Getxo_G2_20200624_20201103_MF100_s1_r1:Otu29,fieldReplicateID,,ARMS_Getxo_G_20200624_20201103,http://vocab.nerc.ac.uk/collection/P01/current/IDSPRE01,,
ARMS_Getxo_G2_20200624_20201103_MF100_s1_r1:Otu29,technicalReplicateID,,,http://vocab.nerc.ac.uk/collection/P01/current/IDTCRE01,,
ARMS_Getxo_G2_20200624_20201103_MF100_s1_r1:Otu26,submergedTime,day,132,http://vocab.nerc.ac.uk/collection/P01/current/AZDRZZ01/,https://vocab.nerc.ac.uk/collection/P06/current/UTAA/,
ARMS_Getxo_G2_20200624_20201103_MF100_s1_r1:Otu26,preservativeUsed,,DMSO,http://vocab.nerc.ac.uk/collection/Q01/current/Q0100004/,,https://pubchem.ncbi.nlm.nih.gov/compound/679
ARMS_Getxo_G2_20200624_20201103_MF100_s1_r1:Otu26,lowerLimitFilterSize,micrometer,100,http://vocab.nerc.ac.uk/collection/Q01/current/Q0100011/,https://vocab.nerc.ac.uk/collection/P06/current/UMIC/,
ARMS_Getxo_G2_20200624_20201103_MF100_s1_r1:Otu26,fieldReplicateID,,ARMS_Getxo_G_20200624_20201103,http://vocab.nerc.ac.uk/collection/P01/current/IDSPRE01,,
ARMS_Getxo_G2_20200624_20201103_MF100_s1_r1:Otu26,technicalReplicateID,,,http://vocab.nerc.ac.uk/collection/P01/current/IDTCRE01,,
ARMS_Getxo_G2_20200624_20201103_MF100_s1_r1:Otu37,submergedTime,day,132,http://vocab.nerc.ac.uk/collection/P01/current/AZDRZZ01/,https://vocab.nerc.ac.uk/collection/P06/current/UTAA/,
ARMS_Getxo_G2_20200624_20201103_MF100_s1_r1:Otu37,preservativeUsed,,DMSO,http://vocab.nerc.ac.uk/collection/Q01/current/Q0100004/,,https://pubchem.ncbi.nlm.nih.gov/compound/679
ARMS_Getxo_G2_20200624_20201103_MF100_s1_r1:Otu37,lowerLimitFilterSize,micrometer,100,http://vocab.nerc.ac.uk/collection/Q01/current/Q0100011/,https://vocab.nerc.ac.uk/collection/P06/current/UMIC/,
ARMS_Getxo_G2_20200624_20201103_MF100_s1_r1:Otu37,fieldReplicateID,,ARMS_Getxo_G_20200624_20201103,http://vocab.nerc.ac.uk/collection/P01/current/IDSPRE01,,
ARMS_Getxo_G2_20200624_20201103_MF100_s1_r1:Otu37,technicalReplicateID,,,http://vocab.nerc.ac.uk/collection/P01/current/IDTCRE01,,
ARMS_Getxo_G2_20200624_20201103_MF100_s1_r1:Otu15,submergedTime,day,132,http://vocab.nerc.ac.uk/collection/P01/current/AZDRZZ01/,https://vocab.nerc.ac.uk/collection/P06/current/UTAA/,
ARMS_Getxo_G2_20200624_20201103_MF100_s1_r1:Otu15,preservativeUsed,,DMSO,http://vocab.nerc.ac.uk/collection/Q01/current/Q0100004/,,https://pubchem.ncbi.nlm.nih.gov/compound/679
ARMS_Getxo_G2_20200624_20201103_MF100_s1_r1:Otu15,lowerLimitFilterSize,micrometer,100,http://vocab.nerc.ac.uk/collection/Q01/current/Q0100011/,https://vocab.nerc.ac.uk/collection/P06/current/UMIC/,
ARMS_Getxo_G2_20200624_20201103_MF100_s1_r1:Otu15,fieldReplicateID,,ARMS_Getxo_G_20200624_20201103,http://vocab.nerc.ac.uk/collection/P01/current/IDSPRE01,,
ARMS_Getxo_G2_20200624_20201103_MF100_s1_r1:Otu15,technicalReplicateID,,,http://vocab.nerc.ac.uk/collection/P01/current/IDTCRE01,,
ARMS_Getxo_G2_20200624_20201103_SF40_s1_r1:Otu238,submergedTime,day,132,http://vocab.nerc.ac.uk/collection/P01/current/AZDRZZ01/,https://vocab.nerc.ac.uk/collection/P06/current/UTAA/,
ARMS_Getxo_G2_20200624_20201103_SF40_s1_r1:Otu238,preservativeUsed,,DMSO,http://vocab.nerc.ac.uk/collection/Q01/current/Q0100004/,,https://pubchem.ncbi.nlm.nih.gov/compound/679
ARMS_Getxo_G2_20200624_20201103_SF40_s1_r1:Otu238,lowerLimitFilterSize,micrometer,40,http://vocab.nerc.ac.uk/collection/Q01/current/Q0100011/,https://vocab.nerc.ac.uk/collection/P06/current/UMIC/,
ARMS_Getxo_G2_20200624_20201103_SF40_s1_r1:Otu238,fieldReplicateID,,ARMS_Getxo_G_20200624_20201103,http://vocab.nerc.ac.uk/collection/P01/current/IDSPRE01,,
ARMS_Getxo_G2_20200624_20201103_SF40_s1_r1:Otu238,technicalReplicateID,,,http://vocab.nerc.ac.uk/collection/P01/current/IDTCRE01,,
ARMS_Getxo_G2_20200624_20201103_SF40_s1_r1:Otu64,submergedTime,day,132,http://vocab.nerc.ac.uk/collection/P01/current/AZDRZZ01/,https://vocab.nerc.ac.uk/collection/P06/current/UTAA/,
ARMS_Getxo_G2_20200624_20201103_SF40_s1_r1:Otu64,preservativeUsed,,DMSO,http://vocab.nerc.ac.uk/collection/Q01/current/Q0100004/,,https://pubchem.ncbi.nlm.nih.gov/compound/679
ARMS_Getxo_G2_20200624_20201103_SF40_s1_r1:Otu64,lowerLimitFilterSize,micrometer,40,http://vocab.nerc.ac.uk/collection/Q01/current/Q0100011/,https://vocab.nerc.ac.uk/collection/P06/current/UMIC/,
ARMS_Getxo_G2_20200624_20201103_SF40_s1_r1:Otu64,fieldReplicateID,,ARMS_Getxo_G_20200624_20201103,http://vocab.nerc.ac.uk/collection/P01/current/IDSPRE01,,
ARMS_Getxo_G2_20200624_20201103_SF40_s1_r1:Otu64,technicalReplicateID,,,http://vocab.nerc.ac.uk/collection/P01/current/IDTCRE01,,
ARMS_Getxo_G2_20200624_20201103_SF40_s1_r1:Otu197,submergedTime,day,132,http://vocab.nerc.ac.uk/collection/P01/current/AZDRZZ01/,https://vocab.nerc.ac.uk/collection/P06/current/UTAA/,
ARMS_Getxo_G2_20200624_20201103_SF40_s1_r1:Otu197,preservativeUsed,,DMSO,http://vocab.nerc.ac.uk/collection/Q01/current/Q0100004/,,https://pubchem.ncbi.nlm.nih.gov/compound/679
ARMS_Getxo_G2_20200624_20201103_SF40_s1_r1:Otu197,lowerLimitFilterSize,micrometer,40,http://vocab.nerc.ac.uk/collection/Q01/current/Q0100011/,https://vocab.nerc.ac.uk/collection/P06/current/UMIC/,
ARMS_Getxo_G2_20200624_20201103_SF40_s1_r1:Otu197,fieldReplicateID,,ARMS_Getxo_G_20200624_20201103,http://vocab.nerc.ac.uk/collection/P01/current/IDSPRE01,,
ARMS_Getxo_G2_20200624_20201103_SF40_s1_r1:Otu197,technicalReplicateID,,,http://vocab.nerc.ac.uk/collection/P01/current/IDTCRE01,,
ARMS_Getxo_G2_20200624_20201103_SF40_s1_r1:Otu1029,submergedTime,day,132,http://vocab.nerc.ac.uk/collection/P01/current/AZDRZZ01/,https://vocab.nerc.ac.uk/collection/P06/current/UTAA/,
ARMS_Getxo_G2_20200624_20201103_SF40_s1_r1:Otu1029,preservativeUsed,,DMSO,http://vocab.nerc.ac.uk/collection/Q01/current/Q0100004/,,https://pubchem.ncbi.nlm.nih.gov/compound/679
ARMS_Getxo_G2_20200624_20201103_SF40_s1_r1:Otu1029,lowerLimitFilterSize,micrometer,40,http://vocab.nerc.ac.uk/collection/Q01/current/Q0100011/,https://vocab.nerc.ac.uk/collection/P06/current/UMIC/,
ARMS_Getxo_G2_20200624_20201103_SF40_s1_r1:Otu1029,fieldReplicateID,,ARMS_Getxo_G_20200624_20201103,http://vocab.nerc.ac.uk/collection/P01/current/IDSPRE01,,
ARMS_Getxo_G2_20200624_20201103_SF40_s1_r1:Otu1029,technicalReplicateID,,,http://vocab.nerc.ac.uk/collection/P01/current/IDTCRE01,,
ARMS_Getxo_G2_20200624_20201103_SF40_s1_r1:Otu301,submergedTime,day,132,http://vocab.nerc.ac.uk/collection/P01/current/AZDRZZ01/,https://vocab.nerc.ac.uk/collection/P06/current/UTAA/,
ARMS_Getxo_G2_20200624_20201103_SF40_s1_r1:Otu301,preservativeUsed,,DMSO,http://vocab.nerc.ac.uk/collection/Q01/current/Q0100004/,,https://pubchem.ncbi.nlm.nih.gov/compound/679
ARMS_Getxo_G2_20200624_20201103_SF40_s1_r1:Otu301,lowerLimitFilterSize,micrometer,40,http://vocab.nerc.ac.uk/collection/Q01/current/Q0100011/,https://vocab.nerc.ac.uk/collection/P06/current/UMIC/,
ARMS_Getxo_G2_20200624_20201103_SF40_s1_r1:Otu301,fieldReplicateID,,ARMS_Getxo_G_20200624_20201103,http://vocab.nerc.ac.uk/collection/P01/current/IDSPRE01,,
ARMS_Getxo_G2_20200624_20201103_SF40_s1_r1:Otu301,technicalReplicateID,,,http://vocab.nerc.ac.uk/collection/P01/current/IDTCRE01,,
ARMS_Getxo_G2_20200624_20201103_SF40_s1_r1:Otu191,submergedTime,day,132,http://vocab.nerc.ac.uk/collection/P01/current/AZDRZZ01/,https://vocab.nerc.ac.uk/collection/P06/current/UTAA/,
ARMS_Getxo_G2_20200624_20201103_SF40_s1_r1:Otu191,preservativeUsed,,DMSO,http://vocab.nerc.ac.uk/collection/Q01/current/Q0100004/,,https://pubchem.ncbi.nlm.nih.gov/compound/679
ARMS_Getxo_G2_20200624_20201103_SF40_s1_r1:Otu191,lowerLimitFilterSize,micrometer,40,http://vocab.nerc.ac.uk/collection/Q01/current/Q0100011/,https://vocab.nerc.ac.uk/collection/P06/current/UMIC/,
ARMS_Getxo_G2_20200624_20201103_SF40_s1_r1:Otu191,fieldReplicateID,,ARMS_Getxo_G_20200624_20201103,http://vocab.nerc.ac.uk/collection/P01/current/IDSPRE01,,
ARMS_Getxo_G2_20200624_20201103_SF40_s1_r1:Otu191,technicalReplicateID,,,http://vocab.nerc.ac.uk/collection/P01/current/IDTCRE01,,
ARMS_Getxo_G2_20200624_20201103_SF40_s1_r1:Otu44,submergedTime,day,132,http://vocab.nerc.ac.uk/collection/P01/current/AZDRZZ01/,https://vocab.nerc.ac.uk/collection/P06/current/UTAA/,
ARMS_Getxo_G2_20200624_20201103_SF40_s1_r1:Otu44,preservativeUsed,,DMSO,http://vocab.nerc.ac.uk/collection/Q01/current/Q0100004/,,https://pubchem.ncbi.nlm.nih.gov/compound/679
ARMS_Getxo_G2_20200624_20201103_SF40_s1_r1:Otu44,lowerLimitFilterSize,micrometer,40,http://vocab.nerc.ac.uk/collection/Q01/current/Q0100011/,https://vocab.nerc.ac.uk/collection/P06/current/UMIC/,
ARMS_Getxo_G2_20200624_20201103_SF40_s1_r1:Otu44,fieldReplicateID,,ARMS_Getxo_G_20200624_20201103,http://vocab.nerc.ac.uk/collection/P01/current/IDSPRE01,,
ARMS_Getxo_G2_20200624_20201103_SF40_s1_r1:Otu44,technicalReplicateID,,,http://vocab.nerc.ac.uk/collection/P01/current/IDTCRE01,,
ARMS_Getxo_G2_20200624_20201103_SF40_s1_r1:Otu43,submergedTime,day,132,http://vocab.nerc.ac.uk/collection/P01/current/AZDRZZ01/,https://vocab.nerc.ac.uk/collection/P06/current/UTAA/,
ARMS_Getxo_G2_20200624_20201103_SF40_s1_r1:Otu43,preservativeUsed,,DMSO,http://vocab.nerc.ac.uk/collection/Q01/current/Q0100004/,,https://pubchem.ncbi.nlm.nih.gov/compound/679
ARMS_Getxo_G2_20200624_20201103_SF40_s1_r1:Otu43,lowerLimitFilterSize,micrometer,40,http://vocab.nerc.ac.uk/collection/Q01/current/Q0100011/,https://vocab.nerc.ac.uk/collection/P06/current/UMIC/,
ARMS_Getxo_G2_20200624_20201103_SF40_s1_r1:Otu43,fieldReplicateID,,ARMS_Getxo_G_20200624_20201103,http://vocab.nerc.ac.uk/collection/P01/current/IDSPRE01,,
ARMS_Getxo_G2_20200624_20201103_SF40_s1_r1:Otu43,technicalReplicateID,,,http://vocab.nerc.ac.uk/collection/P01/current/IDTCRE01,,
ARMS_Getxo_G2_20200624_20201103_SF40_s1_r1:Otu564,submergedTime,day,132,http://vocab.nerc.ac.uk/collection/P01/current/AZDRZZ01/,https://vocab.nerc.ac.uk/collection/P06/current/UTAA/,
ARMS_Getxo_G2_20200624_20201103_SF40_s1_r1:Otu564,preservativeUsed,,DMSO,http://vocab.nerc.ac.uk/collection/Q01/current/Q0100004/,,https://pubchem.ncbi.nlm.nih.gov/compound/679
ARMS_Getxo_G2_20200624_20201103_SF40_s1_r1:Otu564,lowerLimitFilterSize,micrometer,40,http://vocab.nerc.ac.uk/collection/Q01/current/Q0100011/,https://vocab.nerc.ac.uk/collection/P06/current/UMIC/,
ARMS_Getxo_G2_20200624_20201103_SF40_s1_r1:Otu564,fieldReplicateID,,ARMS_Getxo_G_20200624_20201103,http://vocab.nerc.ac.uk/collection/P01/current/IDSPRE01,,
ARMS_Getxo_G2_20200624_20201103_SF40_s1_r1:Otu564,technicalReplicateID,,,http://vocab.nerc.ac.uk/collection/P01/current/IDTCRE01,,
ARMS_Getxo_G2_20200624_20201103_SF40_s1_r1:Otu80,submergedTime,day,132,http://vocab.nerc.ac.uk/collection/P01/current/AZDRZZ01/,https://vocab.nerc.ac.uk/collection/P06/current/UTAA/,
ARMS_Getxo_G2_20200624_20201103_SF40_s1_r1:Otu80,preservativeUsed,,DMSO,http://vocab.nerc.ac.uk/collection/Q01/current/Q0100004/,,https://pubchem.ncbi.nlm.nih.gov/compound/679
ARMS_Getxo_G2_20200624_20201103_SF40_s1_r1:Otu80,lowerLimitFilterSize,micrometer,40,http://vocab.nerc.ac.uk/collection/Q01/current/Q0100011/,https://vocab.nerc.ac.uk/collection/P06/current/UMIC/,
ARMS_Getxo_G2_20200624_20201103_SF40_s1_r1:Otu80,fieldReplicateID,,ARMS_Getxo_G_20200624_20201103,http://vocab.nerc.ac.uk/collection/P01/current/IDSPRE01,,
ARMS_Getxo_G2_20200624_20201103_SF40_s1_r1:Otu80,technicalReplicateID,,,http://vocab.nerc.ac.uk/collection/P01/current/IDTCRE01,,
ARMS_Getxo_G2_20200624_20201103_SF40_s1_r1:Otu4,submergedTime,day,132,http://vocab.nerc.ac.uk/collection/P01/current/AZDRZZ01/,https://vocab.nerc.ac.uk/collection/P06/current/UTAA/,
ARMS_Getxo_G2_20200624_20201103_SF40_s1_r1:Otu4,preservativeUsed,,DMSO,http://vocab.nerc.ac.uk/collection/Q01/current/Q0100004/,,https://pubchem.ncbi.nlm.nih.gov/compound/679
ARMS_Getxo_G2_20200624_20201103_SF40_s1_r1:Otu4,lowerLimitFilterSize,micrometer,40,http://vocab.nerc.ac.uk/collection/Q01/current/Q0100011/,https://vocab.nerc.ac.uk/collection/P06/current/UMIC/,
ARMS_Getxo_G2_20200624_20201103_SF40_s1_r1:Otu4,fieldReplicateID,,ARMS_Getxo_G_20200624_20201103,http://vocab.nerc.ac.uk/collection/P01/current/IDSPRE01,,
ARMS_Getxo_G2_20200624_20201103_SF40_s1_r1:Otu4,technicalReplicateID,,,http://vocab.nerc.ac.uk/collection/P01/current/IDTCRE01,,
ARMS_Getxo_G2_20200624_20201103_SF40_s1_r1:Otu99,submergedTime,day,132,http://vocab.nerc.ac.uk/collection/P01/current/AZDRZZ01/,https://vocab.nerc.ac.uk/collection/P06/current/UTAA/,
ARMS_Getxo_G2_20200624_20201103_SF40_s1_r1:Otu99,preservativeUsed,,DMSO,http://vocab.nerc.ac.uk/collection/Q01/current/Q0100004/,,https://pubchem.ncbi.nlm.nih.gov/compound/679
ARMS_Getxo_G2_20200624_20201103_SF40_s1_r1:Otu99,lowerLimitFilterSize,micrometer,40,http://vocab.nerc.ac.uk/collection/Q01/current/Q0100011/,https://vocab.nerc.ac.uk/collection/P06/current/UMIC/,
ARMS_Getxo_G2_20200624_20201103_SF40_s1_r1:Otu99,fieldReplicateID,,ARMS_Getxo_G_20200624_20201103,http://vocab.nerc.ac.uk/collection/P01/current/IDSPRE01,,
ARMS_Getxo_G2_20200624_20201103_SF40_s1_r1:Otu99,technicalReplicateID,,,http://vocab.nerc.ac.uk/collection/P01/current/IDTCRE01,,
ARMS_Getxo_G2_20200624_20201103_SF40_s1_r1:Otu385,submergedTime,day,132,http://vocab.nerc.ac.uk/collection/P01/current/AZDRZZ01/,https://vocab.nerc.ac.uk/collection/P06/current/UTAA/,
ARMS_Getxo_G2_20200624_20201103_SF40_s1_r1:Otu385,preservativeUsed,,DMSO,http://vocab.nerc.ac.uk/collection/Q01/current/Q0100004/,,https://pubchem.ncbi.nlm.nih.gov/compound/679
ARMS_Getxo_G2_20200624_20201103_SF40_s1_r1:Otu385,lowerLimitFilterSize,micrometer,40,http://vocab.nerc.ac.uk/collection/Q01/current/Q0100011/,https://vocab.nerc.ac.uk/collection/P06/current/UMIC/,
ARMS_Getxo_G2_20200624_20201103_SF40_s1_r1:Otu385,fieldReplicateID,,ARMS_Getxo_G_20200624_20201103,http://vocab.nerc.ac.uk/collection/P01/current/IDSPRE01,,
ARMS_Getxo_G2_20200624_20201103_SF40_s1_r1:Otu385,technicalReplicateID,,,http://vocab.nerc.ac.uk/collection/P01/current/IDTCRE01,,
ARMS_Getxo_G2_20200624_20201103_SF40_s1_r1:Otu266,submergedTime,day,132,http://vocab.nerc.ac.uk/collection/P01/current/AZDRZZ01/,https://vocab.nerc.ac.uk/collection/P06/current/UTAA/,
ARMS_Getxo_G2_20200624_20201103_SF40_s1_r1:Otu266,preservativeUsed,,DMSO,http://vocab.nerc.ac.uk/collection/Q01/current/Q0100004/,,https://pubchem.ncbi.nlm.nih.gov/compound/679
ARMS_Getxo_G2_20200624_20201103_SF40_s1_r1:Otu266,lowerLimitFilterSize,micrometer,40,http://vocab.nerc.ac.uk/collection/Q01/current/Q0100011/,https://vocab.nerc.ac.uk/collection/P06/current/UMIC/,
ARMS_Getxo_G2_20200624_20201103_SF40_s1_r1:Otu266,fieldReplicateID,,ARMS_Getxo_G_20200624_20201103,http://vocab.nerc.ac.uk/collection/P01/current/IDSPRE01,,
ARMS_Getxo_G2_20200624_20201103_SF40_s1_r1:Otu266,technicalReplicateID,,,http://vocab.nerc.ac.uk/collection/P01/current/IDTCRE01,,
ARMS_Getxo_G2_20200624_20201103_SF40_s1_r1:Otu118,submergedTime,day,132,http://vocab.nerc.ac.uk/collection/P01/current/AZDRZZ01/,https://vocab.nerc.ac.uk/collection/P06/current/UTAA/,
ARMS_Getxo_G2_20200624_20201103_SF40_s1_r1:Otu118,preservativeUsed,,DMSO,http://vocab.nerc.ac.uk/collection/Q01/current/Q0100004/,,https://pubchem.ncbi.nlm.nih.gov/compound/679
ARMS_Getxo_G2_20200624_20201103_SF40_s1_r1:Otu118,lowerLimitFilterSize,micrometer,40,http://vocab.nerc.ac.uk/collection/Q01/current/Q0100011/,https://vocab.nerc.ac.uk/collection/P06/current/UMIC/,
ARMS_Getxo_G2_20200624_20201103_SF40_s1_r1:Otu118,fieldReplicateID,,ARMS_Getxo_G_20200624_20201103,http://vocab.nerc.ac.uk/collection/P01/current/IDSPRE01,,
ARMS_Getxo_G2_20200624_20201103_SF40_s1_r1:Otu118,technicalReplicateID,,,http://vocab.nerc.ac.uk/collection/P01/current/IDTCRE01,,
ARMS_Getxo_G2_20200624_20201103_SF40_s1_r1:Otu270,submergedTime,day,132,http://vocab.nerc.ac.uk/collection/P01/current/AZDRZZ01/,https://vocab.nerc.ac.uk/collection/P06/current/UTAA/,
ARMS_Getxo_G2_20200624_20201103_SF40_s1_r1:Otu270,preservativeUsed,,DMSO,http://vocab.nerc.ac.uk/collection/Q01/current/Q0100004/,,https://pubchem.ncbi.nlm.nih.gov/compound/679
ARMS_Getxo_G2_20200624_20201103_SF40_s1_r1:Otu270,lowerLimitFilterSize,micrometer,40,http://vocab.nerc.ac.uk/collection/Q01/current/Q0100011/,https://vocab.nerc.ac.uk/collection/P06/current/UMIC/,
ARMS_Getxo_G2_20200624_20201103_SF40_s1_r1:Otu270,fieldReplicateID,,ARMS_Getxo_G_20200624_20201103,http://vocab.nerc.ac.uk/collection/P01/current/IDSPRE01,,
ARMS_Getxo_G2_20200624_20201103_SF40_s1_r1:Otu270,technicalReplicateID,,,http://vocab.nerc.ac.uk/collection/P01/current/IDTCRE01,,
ARMS_Getxo_G2_20200624_20201103_SF40_s1_r1:Otu100,submergedTime,day,132,http://vocab.nerc.ac.uk/collection/P01/current/AZDRZZ01/,https://vocab.nerc.ac.uk/collection/P06/current/UTAA/,
ARMS_Getxo_G2_20200624_20201103_SF40_s1_r1:Otu100,preservativeUsed,,DMSO,http://vocab.nerc.ac.uk/collection/Q01/current/Q0100004/,,https://pubchem.ncbi.nlm.nih.gov/compound/679
ARMS_Getxo_G2_20200624_20201103_SF40_s1_r1:Otu100,lowerLimitFilterSize,micrometer,40,http://vocab.nerc.ac.uk/collection/Q01/current/Q0100011/,https://vocab.nerc.ac.uk/collection/P06/current/UMIC/,
ARMS_Getxo_G2_20200624_20201103_SF40_s1_r1:Otu100,fieldReplicateID,,ARMS_Getxo_G_20200624_20201103,http://vocab.nerc.ac.uk/collection/P01/current/IDSPRE01,,
ARMS_Getxo_G2_20200624_20201103_SF40_s1_r1:Otu100,technicalReplicateID,,,http://vocab.nerc.ac.uk/collection/P01/current/IDTCRE01,,
ARMS_Getxo_G2_20200624_20201103_SF40_s1_r1:Otu327,submergedTime,day,132,http://vocab.nerc.ac.uk/collection/P01/current/AZDRZZ01/,https://vocab.nerc.ac.uk/collection/P06/current/UTAA/,
ARMS_Getxo_G2_20200624_20201103_SF40_s1_r1:Otu327,preservativeUsed,,DMSO,http://vocab.nerc.ac.uk/collection/Q01/current/Q0100004/,,https://pubchem.ncbi.nlm.nih.gov/compound/679
ARMS_Getxo_G2_20200624_20201103_SF40_s1_r1:Otu327,lowerLimitFilterSize,micrometer,40,http://vocab.nerc.ac.uk/collection/Q01/current/Q0100011/,https://vocab.nerc.ac.uk/collection/P06/current/UMIC/,
ARMS_Getxo_G2_20200624_20201103_SF40_s1_r1:Otu327,fieldReplicateID,,ARMS_Getxo_G_20200624_20201103,http://vocab.nerc.ac.uk/collection/P01/current/IDSPRE01,,
ARMS_Getxo_G2_20200624_20201103_SF40_s1_r1:Otu327,technicalReplicateID,,,http://vocab.nerc.ac.uk/collection/P01/current/IDTCRE01,,
ARMS_Getxo_G2_20200624_20201103_SF40_s1_r1:Otu593,submergedTime,day,132,http://vocab.nerc.ac.uk/collection/P01/current/AZDRZZ01/,https://vocab.nerc.ac.uk/collection/P06/current/UTAA/,
ARMS_Getxo_G2_20200624_20201103_SF40_s1_r1:Otu593,preservativeUsed,,DMSO,http://vocab.nerc.ac.uk/collection/Q01/current/Q0100004/,,https://pubchem.ncbi.nlm.nih.gov/compound/679
ARMS_Getxo_G2_20200624_20201103_SF40_s1_r1:Otu593,lowerLimitFilterSize,micrometer,40,http://vocab.nerc.ac.uk/collection/Q01/current/Q0100011/,https://vocab.nerc.ac.uk/collection/P06/current/UMIC/,
ARMS_Getxo_G2_20200624_20201103_SF40_s1_r1:Otu593,fieldReplicateID,,ARMS_Getxo_G_20200624_20201103,http://vocab.nerc.ac.uk/collection/P01/current/IDSPRE01,,
ARMS_Getxo_G2_20200624_20201103_SF40_s1_r1:Otu593,technicalReplicateID,,,http://vocab.nerc.ac.uk/collection/P01/current/IDTCRE01,,
ARMS_Getxo_G2_20200624_20201103_SF40_s1_r1:Otu28,submergedTime,day,132,http://vocab.nerc.ac.uk/collection/P01/current/AZDRZZ01/,https://vocab.nerc.ac.uk/collection/P06/current/UTAA/,
ARMS_Getxo_G2_20200624_20201103_SF40_s1_r1:Otu28,preservativeUsed,,DMSO,http://vocab.nerc.ac.uk/collection/Q01/current/Q0100004/,,https://pubchem.ncbi.nlm.nih.gov/compound/679
ARMS_Getxo_G2_20200624_20201103_SF40_s1_r1:Otu28,lowerLimitFilterSize,micrometer,40,http://vocab.nerc.ac.uk/collection/Q01/current/Q0100011/,https://vocab.nerc.ac.uk/collection/P06/current/UMIC/,
ARMS_Getxo_G2_20200624_20201103_SF40_s1_r1:Otu28,fieldReplicateID,,ARMS_Getxo_G_20200624_20201103,http://vocab.nerc.ac.uk/collection/P01/current/IDSPRE01,,
ARMS_Getxo_G2_20200624_20201103_SF40_s1_r1:Otu28,technicalReplicateID,,,http://vocab.nerc.ac.uk/collection/P01/current/IDTCRE01,,
ARMS_Getxo_G2_20200624_20201103_SF40_s1_r1:Otu421,submergedTime,day,132,http://vocab.nerc.ac.uk/collection/P01/current/AZDRZZ01/,https://vocab.nerc.ac.uk/collection/P06/current/UTAA/,
ARMS_Getxo_G2_20200624_20201103_SF40_s1_r1:Otu421,preservativeUsed,,DMSO,http://vocab.nerc.ac.uk/collection/Q01/current/Q0100004/,,https://pubchem.ncbi.nlm.nih.gov/compound/679
ARMS_Getxo_G2_20200624_20201103_SF40_s1_r1:Otu421,lowerLimitFilterSize,micrometer,40,http://vocab.nerc.ac.uk/collection/Q01/current/Q0100011/,https://vocab.nerc.ac.uk/collection/P06/current/UMIC/,
ARMS_Getxo_G2_20200624_20201103_SF40_s1_r1:Otu421,fieldReplicateID,,ARMS_Getxo_G_20200624_20201103,http://vocab.nerc.ac.uk/collection/P01/current/IDSPRE01,,
ARMS_Getxo_G2_20200624_20201103_SF40_s1_r1:Otu421,technicalReplicateID,,,http://vocab.nerc.ac.uk/collection/P01/current/IDTCRE01,,
ARMS_Getxo_G2_20200624_20201103_SF40_s1_r1:Otu141,submergedTime,day,132,http://vocab.nerc.ac.uk/collection/P01/current/AZDRZZ01/,https://vocab.nerc.ac.uk/collection/P06/current/UTAA/,
ARMS_Getxo_G2_20200624_20201103_SF40_s1_r1:Otu141,preservativeUsed,,DMSO,http://vocab.nerc.ac.uk/collection/Q01/current/Q0100004/,,https://pubchem.ncbi.nlm.nih.gov/compound/679
ARMS_Getxo_G2_20200624_20201103_SF40_s1_r1:Otu141,lowerLimitFilterSize,micrometer,40,http://vocab.nerc.ac.uk/collection/Q01/current/Q0100011/,https://vocab.nerc.ac.uk/collection/P06/current/UMIC/,
ARMS_Getxo_G2_20200624_20201103_SF40_s1_r1:Otu141,fieldReplicateID,,ARMS_Getxo_G_20200624_20201103,http://vocab.nerc.ac.uk/collection/P01/current/IDSPRE01,,
ARMS_Getxo_G2_20200624_20201103_SF40_s1_r1:Otu141,technicalReplicateID,,,http://vocab.nerc.ac.uk/collection/P01/current/IDTCRE01,,
ARMS_Getxo_G2_20200624_20201103_SF40_s1_r1:Otu10,submergedTime,day,132,http://vocab.nerc.ac.uk/collection/P01/current/AZDRZZ01/,https://vocab.nerc.ac.uk/collection/P06/current/UTAA/,
ARMS_Getxo_G2_20200624_20201103_SF40_s1_r1:Otu10,preservativeUsed,,DMSO,http://vocab.nerc.ac.uk/collection/Q01/current/Q0100004/,,https://pubchem.ncbi.nlm.nih.gov/compound/679
ARMS_Getxo_G2_20200624_20201103_SF40_s1_r1:Otu10,lowerLimitFilterSize,micrometer,40,http://vocab.nerc.ac.uk/collection/Q01/current/Q0100011/,https://vocab.nerc.ac.uk/collection/P06/current/UMIC/,
ARMS_Getxo_G2_20200624_20201103_SF40_s1_r1:Otu10,fieldReplicateID,,ARMS_Getxo_G_20200624_20201103,http://vocab.nerc.ac.uk/collection/P01/current/IDSPRE01,,
ARMS_Getxo_G2_20200624_20201103_SF40_s1_r1:Otu10,technicalReplicateID,,,http://vocab.nerc.ac.uk/collection/P01/current/IDTCRE01,,
ARMS_Getxo_G3_20200624_20201103_MF100_s1_r1:Otu310,submergedTime,day,132,http://vocab.nerc.ac.uk/collection/P01/current/AZDRZZ01/,https://vocab.nerc.ac.uk/collection/P06/current/UTAA/,
ARMS_Getxo_G3_20200624_20201103_MF100_s1_r1:Otu310,preservativeUsed,,DMSO,http://vocab.nerc.ac.uk/collection/Q01/current/Q0100004/,,https://pubchem.ncbi.nlm.nih.gov/compound/679
ARMS_Getxo_G3_20200624_20201103_MF100_s1_r1:Otu310,lowerLimitFilterSize,micrometer,100,http://vocab.nerc.ac.uk/collection/Q01/current/Q0100011/,https://vocab.nerc.ac.uk/collection/P06/current/UMIC/,
ARMS_Getxo_G3_20200624_20201103_MF100_s1_r1:Otu310,fieldReplicateID,,ARMS_Getxo_G_20200624_20201103,http://vocab.nerc.ac.uk/collection/P01/current/IDSPRE01,,
ARMS_Getxo_G3_20200624_20201103_MF100_s1_r1:Otu310,technicalReplicateID,,,http://vocab.nerc.ac.uk/collection/P01/current/IDTCRE01,,
ARMS_Getxo_G3_20200624_20201103_MF100_s1_r1:Otu63,submergedTime,day,132,http://vocab.nerc.ac.uk/collection/P01/current/AZDRZZ01/,https://vocab.nerc.ac.uk/collection/P06/current/UTAA/,
ARMS_Getxo_G3_20200624_20201103_MF100_s1_r1:Otu63,preservativeUsed,,DMSO,http://vocab.nerc.ac.uk/collection/Q01/current/Q0100004/,,https://pubchem.ncbi.nlm.nih.gov/compound/679
ARMS_Getxo_G3_20200624_20201103_MF100_s1_r1:Otu63,lowerLimitFilterSize,micrometer,100,http://vocab.nerc.ac.uk/collection/Q01/current/Q0100011/,https://vocab.nerc.ac.uk/collection/P06/current/UMIC/,
ARMS_Getxo_G3_20200624_20201103_MF100_s1_r1:Otu63,fieldReplicateID,,ARMS_Getxo_G_20200624_20201103,http://vocab.nerc.ac.uk/collection/P01/current/IDSPRE01,,
ARMS_Getxo_G3_20200624_20201103_MF100_s1_r1:Otu63,technicalReplicateID,,,http://vocab.nerc.ac.uk/collection/P01/current/IDTCRE01,,
ARMS_Getxo_G3_20200624_20201103_MF100_s1_r1:Otu301,submergedTime,day,132,http://vocab.nerc.ac.uk/collection/P01/current/AZDRZZ01/,https://vocab.nerc.ac.uk/collection/P06/current/UTAA/,
ARMS_Getxo_G3_20200624_20201103_MF100_s1_r1:Otu301,preservativeUsed,,DMSO,http://vocab.nerc.ac.uk/collection/Q01/current/Q0100004/,,https://pubchem.ncbi.nlm.nih.gov/compound/679
ARMS_Getxo_G3_20200624_20201103_MF100_s1_r1:Otu301,lowerLimitFilterSize,micrometer,100,http://vocab.nerc.ac.uk/collection/Q01/current/Q0100011/,https://vocab.nerc.ac.uk/collection/P06/current/UMIC/,
ARMS_Getxo_G3_20200624_20201103_MF100_s1_r1:Otu301,fieldReplicateID,,ARMS_Getxo_G_20200624_20201103,http://vocab.nerc.ac.uk/collection/P01/current/IDSPRE01,,
ARMS_Getxo_G3_20200624_20201103_MF100_s1_r1:Otu301,technicalReplicateID,,,http://vocab.nerc.ac.uk/collection/P01/current/IDTCRE01,,
ARMS_Getxo_G3_20200624_20201103_MF100_s1_r1:Otu44,submergedTime,day,132,http://vocab.nerc.ac.uk/collection/P01/current/AZDRZZ01/,https://vocab.nerc.ac.uk/collection/P06/current/UTAA/,
ARMS_Getxo_G3_20200624_20201103_MF100_s1_r1:Otu44,preservativeUsed,,DMSO,http://vocab.nerc.ac.uk/collection/Q01/current/Q0100004/,,https://pubchem.ncbi.nlm.nih.gov/compound/679
ARMS_Getxo_G3_20200624_20201103_MF100_s1_r1:Otu44,lowerLimitFilterSize,micrometer,100,http://vocab.nerc.ac.uk/collection/Q01/current/Q0100011/,https://vocab.nerc.ac.uk/collection/P06/current/UMIC/,
ARMS_Getxo_G3_20200624_20201103_MF100_s1_r1:Otu44,fieldReplicateID,,ARMS_Getxo_G_20200624_20201103,http://vocab.nerc.ac.uk/collection/P01/current/IDSPRE01,,
ARMS_Getxo_G3_20200624_20201103_MF100_s1_r1:Otu44,technicalReplicateID,,,http://vocab.nerc.ac.uk/collection/P01/current/IDTCRE01,,
ARMS_Getxo_G3_20200624_20201103_MF100_s1_r1:Otu42,submergedTime,day,132,http://vocab.nerc.ac.uk/collection/P01/current/AZDRZZ01/,https://vocab.nerc.ac.uk/collection/P06/current/UTAA/,
ARMS_Getxo_G3_20200624_20201103_MF100_s1_r1:Otu42,preservativeUsed,,DMSO,http://vocab.nerc.ac.uk/collection/Q01/current/Q0100004/,,https://pubchem.ncbi.nlm.nih.gov/compound/679
ARMS_Getxo_G3_20200624_20201103_MF100_s1_r1:Otu42,lowerLimitFilterSize,micrometer,100,http://vocab.nerc.ac.uk/collection/Q01/current/Q0100011/,https://vocab.nerc.ac.uk/collection/P06/current/UMIC/,
ARMS_Getxo_G3_20200624_20201103_MF100_s1_r1:Otu42,fieldReplicateID,,ARMS_Getxo_G_20200624_20201103,http://vocab.nerc.ac.uk/collection/P01/current/IDSPRE01,,
ARMS_Getxo_G3_20200624_20201103_MF100_s1_r1:Otu42,technicalReplicateID,,,http://vocab.nerc.ac.uk/collection/P01/current/IDTCRE01,,
ARMS_Getxo_G3_20200624_20201103_MF100_s1_r1:Otu566,submergedTime,day,132,http://vocab.nerc.ac.uk/collection/P01/current/AZDRZZ01/,https://vocab.nerc.ac.uk/collection/P06/current/UTAA/,
ARMS_Getxo_G3_20200624_20201103_MF100_s1_r1:Otu566,preservativeUsed,,DMSO,http://vocab.nerc.ac.uk/collection/Q01/current/Q0100004/,,https://pubchem.ncbi.nlm.nih.gov/compound/679
ARMS_Getxo_G3_20200624_20201103_MF100_s1_r1:Otu566,lowerLimitFilterSize,micrometer,100,http://vocab.nerc.ac.uk/collection/Q01/current/Q0100011/,https://vocab.nerc.ac.uk/collection/P06/current/UMIC/,
ARMS_Getxo_G3_20200624_20201103_MF100_s1_r1:Otu566,fieldReplicateID,,ARMS_Getxo_G_20200624_20201103,http://vocab.nerc.ac.uk/collection/P01/current/IDSPRE01,,
ARMS_Getxo_G3_20200624_20201103_MF100_s1_r1:Otu566,technicalReplicateID,,,http://vocab.nerc.ac.uk/collection/P01/current/IDTCRE01,,
ARMS_Getxo_G3_20200624_20201103_MF100_s1_r1:Otu218,submergedTime,day,132,http://vocab.nerc.ac.uk/collection/P01/current/AZDRZZ01/,https://vocab.nerc.ac.uk/collection/P06/current/UTAA/,
ARMS_Getxo_G3_20200624_20201103_MF100_s1_r1:Otu218,preservativeUsed,,DMSO,http://vocab.nerc.ac.uk/collection/Q01/current/Q0100004/,,https://pubchem.ncbi.nlm.nih.gov/compound/679
ARMS_Getxo_G3_20200624_20201103_MF100_s1_r1:Otu218,lowerLimitFilterSize,micrometer,100,http://vocab.nerc.ac.uk/collection/Q01/current/Q0100011/,https://vocab.nerc.ac.uk/collection/P06/current/UMIC/,
ARMS_Getxo_G3_20200624_20201103_MF100_s1_r1:Otu218,fieldReplicateID,,ARMS_Getxo_G_20200624_20201103,http://vocab.nerc.ac.uk/collection/P01/current/IDSPRE01,,
ARMS_Getxo_G3_20200624_20201103_MF100_s1_r1:Otu218,technicalReplicateID,,,http://vocab.nerc.ac.uk/collection/P01/current/IDTCRE01,,
ARMS_Getxo_G3_20200624_20201103_MF100_s1_r1:Otu180,submergedTime,day,132,http://vocab.nerc.ac.uk/collection/P01/current/AZDRZZ01/,https://vocab.nerc.ac.uk/collection/P06/current/UTAA/,
ARMS_Getxo_G3_20200624_20201103_MF100_s1_r1:Otu180,preservativeUsed,,DMSO,http://vocab.nerc.ac.uk/collection/Q01/current/Q0100004/,,https://pubchem.ncbi.nlm.nih.gov/compound/679
ARMS_Getxo_G3_20200624_20201103_MF100_s1_r1:Otu180,lowerLimitFilterSize,micrometer,100,http://vocab.nerc.ac.uk/collection/Q01/current/Q0100011/,https://vocab.nerc.ac.uk/collection/P06/current/UMIC/,
ARMS_Getxo_G3_20200624_20201103_MF100_s1_r1:Otu180,fieldReplicateID,,ARMS_Getxo_G_20200624_20201103,http://vocab.nerc.ac.uk/collection/P01/current/IDSPRE01,,
ARMS_Getxo_G3_20200624_20201103_MF100_s1_r1:Otu180,technicalReplicateID,,,http://vocab.nerc.ac.uk/collection/P01/current/IDTCRE01,,
ARMS_Getxo_G3_20200624_20201103_MF100_s1_r1:Otu50,submergedTime,day,132,http://vocab.nerc.ac.uk/collection/P01/current/AZDRZZ01/,https://vocab.nerc.ac.uk/collection/P06/current/UTAA/,
ARMS_Getxo_G3_20200624_20201103_MF100_s1_r1:Otu50,preservativeUsed,,DMSO,http://vocab.nerc.ac.uk/collection/Q01/current/Q0100004/,,https://pubchem.ncbi.nlm.nih.gov/compound/679
ARMS_Getxo_G3_20200624_20201103_MF100_s1_r1:Otu50,lowerLimitFilterSize,micrometer,100,http://vocab.nerc.ac.uk/collection/Q01/current/Q0100011/,https://vocab.nerc.ac.uk/collection/P06/current/UMIC/,
ARMS_Getxo_G3_20200624_20201103_MF100_s1_r1:Otu50,fieldReplicateID,,ARMS_Getxo_G_20200624_20201103,http://vocab.nerc.ac.uk/collection/P01/current/IDSPRE01,,
ARMS_Getxo_G3_20200624_20201103_MF100_s1_r1:Otu50,technicalReplicateID,,,http://vocab.nerc.ac.uk/collection/P01/current/IDTCRE01,,
ARMS_Getxo_G3_20200624_20201103_MF100_s1_r1:Otu51,submergedTime,day,132,http://vocab.nerc.ac.uk/collection/P01/current/AZDRZZ01/,https://vocab.nerc.ac.uk/collection/P06/current/UTAA/,
ARMS_Getxo_G3_20200624_20201103_MF100_s1_r1:Otu51,preservativeUsed,,DMSO,http://vocab.nerc.ac.uk/collection/Q01/current/Q0100004/,,https://pubchem.ncbi.nlm.nih.gov/compound/679
ARMS_Getxo_G3_20200624_20201103_MF100_s1_r1:Otu51,lowerLimitFilterSize,micrometer,100,http://vocab.nerc.ac.uk/collection/Q01/current/Q0100011/,https://vocab.nerc.ac.uk/collection/P06/current/UMIC/,
ARMS_Getxo_G3_20200624_20201103_MF100_s1_r1:Otu51,fieldReplicateID,,ARMS_Getxo_G_20200624_20201103,http://vocab.nerc.ac.uk/collection/P01/current/IDSPRE01,,
ARMS_Getxo_G3_20200624_20201103_MF100_s1_r1:Otu51,technicalReplicateID,,,http://vocab.nerc.ac.uk/collection/P01/current/IDTCRE01,,
ARMS_Getxo_G3_20200624_20201103_MF100_s1_r1:Otu358,submergedTime,day,132,http://vocab.nerc.ac.uk/collection/P01/current/AZDRZZ01/,https://vocab.nerc.ac.uk/collection/P06/current/UTAA/,
ARMS_Getxo_G3_20200624_20201103_MF100_s1_r1:Otu358,preservativeUsed,,DMSO,http://vocab.nerc.ac.uk/collection/Q01/current/Q0100004/,,https://pubchem.ncbi.nlm.nih.gov/compound/679
ARMS_Getxo_G3_20200624_20201103_MF100_s1_r1:Otu358,lowerLimitFilterSize,micrometer,100,http://vocab.nerc.ac.uk/collection/Q01/current/Q0100011/,https://vocab.nerc.ac.uk/collection/P06/current/UMIC/,
ARMS_Getxo_G3_20200624_20201103_MF100_s1_r1:Otu358,fieldReplicateID,,ARMS_Getxo_G_20200624_20201103,http://vocab.nerc.ac.uk/collection/P01/current/IDSPRE01,,
ARMS_Getxo_G3_20200624_20201103_MF100_s1_r1:Otu358,technicalReplicateID,,,http://vocab.nerc.ac.uk/collection/P01/current/IDTCRE01,,
ARMS_Getxo_G3_20200624_20201103_MF100_s1_r1:Otu429,submergedTime,day,132,http://vocab.nerc.ac.uk/collection/P01/current/AZDRZZ01/,https://vocab.nerc.ac.uk/collection/P06/current/UTAA/,
ARMS_Getxo_G3_20200624_20201103_MF100_s1_r1:Otu429,preservativeUsed,,DMSO,http://vocab.nerc.ac.uk/collection/Q01/current/Q0100004/,,https://pubchem.ncbi.nlm.nih.gov/compound/679
ARMS_Getxo_G3_20200624_20201103_MF100_s1_r1:Otu429,lowerLimitFilterSize,micrometer,100,http://vocab.nerc.ac.uk/collection/Q01/current/Q0100011/,https://vocab.nerc.ac.uk/collection/P06/current/UMIC/,
ARMS_Getxo_G3_20200624_20201103_MF100_s1_r1:Otu429,fieldReplicateID,,ARMS_Getxo_G_20200624_20201103,http://vocab.nerc.ac.uk/collection/P01/current/IDSPRE01,,
ARMS_Getxo_G3_20200624_20201103_MF100_s1_r1:Otu429,technicalReplicateID,,,http://vocab.nerc.ac.uk/collection/P01/current/IDTCRE01,,
ARMS_Getxo_G3_20200624_20201103_MF100_s1_r1:Otu230,submergedTime,day,132,http://vocab.nerc.ac.uk/collection/P01/current/AZDRZZ01/,https://vocab.nerc.ac.uk/collection/P06/current/UTAA/,
ARMS_Getxo_G3_20200624_20201103_MF100_s1_r1:Otu230,preservativeUsed,,DMSO,http://vocab.nerc.ac.uk/collection/Q01/current/Q0100004/,,https://pubchem.ncbi.nlm.nih.gov/compound/679
ARMS_Getxo_G3_20200624_20201103_MF100_s1_r1:Otu230,lowerLimitFilterSize,micrometer,100,http://vocab.nerc.ac.uk/collection/Q01/current/Q0100011/,https://vocab.nerc.ac.uk/collection/P06/current/UMIC/,
ARMS_Getxo_G3_20200624_20201103_MF100_s1_r1:Otu230,fieldReplicateID,,ARMS_Getxo_G_20200624_20201103,http://vocab.nerc.ac.uk/collection/P01/current/IDSPRE01,,
ARMS_Getxo_G3_20200624_20201103_MF100_s1_r1:Otu230,technicalReplicateID,,,http://vocab.nerc.ac.uk/collection/P01/current/IDTCRE01,,
ARMS_Getxo_G3_20200624_20201103_MF100_s1_r1:Otu99,submergedTime,day,132,http://vocab.nerc.ac.uk/collection/P01/current/AZDRZZ01/,https://vocab.nerc.ac.uk/collection/P06/current/UTAA/,
ARMS_Getxo_G3_20200624_20201103_MF100_s1_r1:Otu99,preservativeUsed,,DMSO,http://vocab.nerc.ac.uk/collection/Q01/current/Q0100004/,,https://pubchem.ncbi.nlm.nih.gov/compound/679
ARMS_Getxo_G3_20200624_20201103_MF100_s1_r1:Otu99,lowerLimitFilterSize,micrometer,100,http://vocab.nerc.ac.uk/collection/Q01/current/Q0100011/,https://vocab.nerc.ac.uk/collection/P06/current/UMIC/,
ARMS_Getxo_G3_20200624_20201103_MF100_s1_r1:Otu99,fieldReplicateID,,ARMS_Getxo_G_20200624_20201103,http://vocab.nerc.ac.uk/collection/P01/current/IDSPRE01,,
ARMS_Getxo_G3_20200624_20201103_MF100_s1_r1:Otu99,technicalReplicateID,,,http://vocab.nerc.ac.uk/collection/P01/current/IDTCRE01,,
ARMS_Getxo_G3_20200624_20201103_MF100_s1_r1:Otu405,submergedTime,day,132,http://vocab.nerc.ac.uk/collection/P01/current/AZDRZZ01/,https://vocab.nerc.ac.uk/collection/P06/current/UTAA/,
ARMS_Getxo_G3_20200624_20201103_MF100_s1_r1:Otu405,preservativeUsed,,DMSO,http://vocab.nerc.ac.uk/collection/Q01/current/Q0100004/,,https://pubchem.ncbi.nlm.nih.gov/compound/679
ARMS_Getxo_G3_20200624_20201103_MF100_s1_r1:Otu405,lowerLimitFilterSize,micrometer,100,http://vocab.nerc.ac.uk/collection/Q01/current/Q0100011/,https://vocab.nerc.ac.uk/collection/P06/current/UMIC/,
ARMS_Getxo_G3_20200624_20201103_MF100_s1_r1:Otu405,fieldReplicateID,,ARMS_Getxo_G_20200624_20201103,http://vocab.nerc.ac.uk/collection/P01/current/IDSPRE01,,
ARMS_Getxo_G3_20200624_20201103_MF100_s1_r1:Otu405,technicalReplicateID,,,http://vocab.nerc.ac.uk/collection/P01/current/IDTCRE01,,
ARMS_Getxo_G3_20200624_20201103_MF100_s1_r1:Otu392,submergedTime,day,132,http://vocab.nerc.ac.uk/collection/P01/current/AZDRZZ01/,https://vocab.nerc.ac.uk/collection/P06/current/UTAA/,
ARMS_Getxo_G3_20200624_20201103_MF100_s1_r1:Otu392,preservativeUsed,,DMSO,http://vocab.nerc.ac.uk/collection/Q01/current/Q0100004/,,https://pubchem.ncbi.nlm.nih.gov/compound/679
ARMS_Getxo_G3_20200624_20201103_MF100_s1_r1:Otu392,lowerLimitFilterSize,micrometer,100,http://vocab.nerc.ac.uk/collection/Q01/current/Q0100011/,https://vocab.nerc.ac.uk/collection/P06/current/UMIC/,
ARMS_Getxo_G3_20200624_20201103_MF100_s1_r1:Otu392,fieldReplicateID,,ARMS_Getxo_G_20200624_20201103,http://vocab.nerc.ac.uk/collection/P01/current/IDSPRE01,,
ARMS_Getxo_G3_20200624_20201103_MF100_s1_r1:Otu392,technicalReplicateID,,,http://vocab.nerc.ac.uk/collection/P01/current/IDTCRE01,,
ARMS_Getxo_G3_20200624_20201103_MF100_s1_r1:Otu397,submergedTime,day,132,http://vocab.nerc.ac.uk/collection/P01/current/AZDRZZ01/,https://vocab.nerc.ac.uk/collection/P06/current/UTAA/,
ARMS_Getxo_G3_20200624_20201103_MF100_s1_r1:Otu397,preservativeUsed,,DMSO,http://vocab.nerc.ac.uk/collection/Q01/current/Q0100004/,,https://pubchem.ncbi.nlm.nih.gov/compound/679
ARMS_Getxo_G3_20200624_20201103_MF100_s1_r1:Otu397,lowerLimitFilterSize,micrometer,100,http://vocab.nerc.ac.uk/collection/Q01/current/Q0100011/,https://vocab.nerc.ac.uk/collection/P06/current/UMIC/,
ARMS_Getxo_G3_20200624_20201103_MF100_s1_r1:Otu397,fieldReplicateID,,ARMS_Getxo_G_20200624_20201103,http://vocab.nerc.ac.uk/collection/P01/current/IDSPRE01,,
ARMS_Getxo_G3_20200624_20201103_MF100_s1_r1:Otu397,technicalReplicateID,,,http://vocab.nerc.ac.uk/collection/P01/current/IDTCRE01,,
ARMS_Getxo_G3_20200624_20201103_MF100_s1_r1:Otu417,submergedTime,day,132,http://vocab.nerc.ac.uk/collection/P01/current/AZDRZZ01/,https://vocab.nerc.ac.uk/collection/P06/current/UTAA/,
ARMS_Getxo_G3_20200624_20201103_MF100_s1_r1:Otu417,preservativeUsed,,DMSO,http://vocab.nerc.ac.uk/collection/Q01/current/Q0100004/,,https://pubchem.ncbi.nlm.nih.gov/compound/679
ARMS_Getxo_G3_20200624_20201103_MF100_s1_r1:Otu417,lowerLimitFilterSize,micrometer,100,http://vocab.nerc.ac.uk/collection/Q01/current/Q0100011/,https://vocab.nerc.ac.uk/collection/P06/current/UMIC/,
ARMS_Getxo_G3_20200624_20201103_MF100_s1_r1:Otu417,fieldReplicateID,,ARMS_Getxo_G_20200624_20201103,http://vocab.nerc.ac.uk/collection/P01/current/IDSPRE01,,
ARMS_Getxo_G3_20200624_20201103_MF100_s1_r1:Otu417,technicalReplicateID,,,http://vocab.nerc.ac.uk/collection/P01/current/IDTCRE01,,
ARMS_Getxo_G3_20200624_20201103_MF100_s1_r1:Otu387,submergedTime,day,132,http://vocab.nerc.ac.uk/collection/P01/current/AZDRZZ01/,https://vocab.nerc.ac.uk/collection/P06/current/UTAA/,
ARMS_Getxo_G3_20200624_20201103_MF100_s1_r1:Otu387,preservativeUsed,,DMSO,http://vocab.nerc.ac.uk/collection/Q01/current/Q0100004/,,https://pubchem.ncbi.nlm.nih.gov/compound/679
ARMS_Getxo_G3_20200624_20201103_MF100_s1_r1:Otu387,lowerLimitFilterSize,micrometer,100,http://vocab.nerc.ac.uk/collection/Q01/current/Q0100011/,https://vocab.nerc.ac.uk/collection/P06/current/UMIC/,
ARMS_Getxo_G3_20200624_20201103_MF100_s1_r1:Otu387,fieldReplicateID,,ARMS_Getxo_G_20200624_20201103,http://vocab.nerc.ac.uk/collection/P01/current/IDSPRE01,,
ARMS_Getxo_G3_20200624_20201103_MF100_s1_r1:Otu387,technicalReplicateID,,,http://vocab.nerc.ac.uk/collection/P01/current/IDTCRE01,,
ARMS_Getxo_G3_20200624_20201103_MF100_s1_r1:Otu466,submergedTime,day,132,http://vocab.nerc.ac.uk/collection/P01/current/AZDRZZ01/,https://vocab.nerc.ac.uk/collection/P06/current/UTAA/,
ARMS_Getxo_G3_20200624_20201103_MF100_s1_r1:Otu466,preservativeUsed,,DMSO,http://vocab.nerc.ac.uk/collection/Q01/current/Q0100004/,,https://pubchem.ncbi.nlm.nih.gov/compound/679
ARMS_Getxo_G3_20200624_20201103_MF100_s1_r1:Otu466,lowerLimitFilterSize,micrometer,100,http://vocab.nerc.ac.uk/collection/Q01/current/Q0100011/,https://vocab.nerc.ac.uk/collection/P06/current/UMIC/,
ARMS_Getxo_G3_20200624_20201103_MF100_s1_r1:Otu466,fieldReplicateID,,ARMS_Getxo_G_20200624_20201103,http://vocab.nerc.ac.uk/collection/P01/current/IDSPRE01,,
ARMS_Getxo_G3_20200624_20201103_MF100_s1_r1:Otu466,technicalReplicateID,,,http://vocab.nerc.ac.uk/collection/P01/current/IDTCRE01,,
ARMS_Getxo_G3_20200624_20201103_MF100_s1_r1:Otu266,submergedTime,day,132,http://vocab.nerc.ac.uk/collection/P01/current/AZDRZZ01/,https://vocab.nerc.ac.uk/collection/P06/current/UTAA/,
ARMS_Getxo_G3_20200624_20201103_MF100_s1_r1:Otu266,preservativeUsed,,DMSO,http://vocab.nerc.ac.uk/collection/Q01/current/Q0100004/,,https://pubchem.ncbi.nlm.nih.gov/compound/679
ARMS_Getxo_G3_20200624_20201103_MF100_s1_r1:Otu266,lowerLimitFilterSize,micrometer,100,http://vocab.nerc.ac.uk/collection/Q01/current/Q0100011/,https://vocab.nerc.ac.uk/collection/P06/current/UMIC/,
ARMS_Getxo_G3_20200624_20201103_MF100_s1_r1:Otu266,fieldReplicateID,,ARMS_Getxo_G_20200624_20201103,http://vocab.nerc.ac.uk/collection/P01/current/IDSPRE01,,
ARMS_Getxo_G3_20200624_20201103_MF100_s1_r1:Otu266,technicalReplicateID,,,http://vocab.nerc.ac.uk/collection/P01/current/IDTCRE01,,
ARMS_Getxo_G3_20200624_20201103_MF100_s1_r1:Otu116,submergedTime,day,132,http://vocab.nerc.ac.uk/collection/P01/current/AZDRZZ01/,https://vocab.nerc.ac.uk/collection/P06/current/UTAA/,
ARMS_Getxo_G3_20200624_20201103_MF100_s1_r1:Otu116,preservativeUsed,,DMSO,http://vocab.nerc.ac.uk/collection/Q01/current/Q0100004/,,https://pubchem.ncbi.nlm.nih.gov/compound/679
ARMS_Getxo_G3_20200624_20201103_MF100_s1_r1:Otu116,lowerLimitFilterSize,micrometer,100,http://vocab.nerc.ac.uk/collection/Q01/current/Q0100011/,https://vocab.nerc.ac.uk/collection/P06/current/UMIC/,
ARMS_Getxo_G3_20200624_20201103_MF100_s1_r1:Otu116,fieldReplicateID,,ARMS_Getxo_G_20200624_20201103,http://vocab.nerc.ac.uk/collection/P01/current/IDSPRE01,,
ARMS_Getxo_G3_20200624_20201103_MF100_s1_r1:Otu116,technicalReplicateID,,,http://vocab.nerc.ac.uk/collection/P01/current/IDTCRE01,,
ARMS_Getxo_G3_20200624_20201103_MF100_s1_r1:Otu474,submergedTime,day,132,http://vocab.nerc.ac.uk/collection/P01/current/AZDRZZ01/,https://vocab.nerc.ac.uk/collection/P06/current/UTAA/,
ARMS_Getxo_G3_20200624_20201103_MF100_s1_r1:Otu474,preservativeUsed,,DMSO,http://vocab.nerc.ac.uk/collection/Q01/current/Q0100004/,,https://pubchem.ncbi.nlm.nih.gov/compound/679
ARMS_Getxo_G3_20200624_20201103_MF100_s1_r1:Otu474,lowerLimitFilterSize,micrometer,100,http://vocab.nerc.ac.uk/collection/Q01/current/Q0100011/,https://vocab.nerc.ac.uk/collection/P06/current/UMIC/,
ARMS_Getxo_G3_20200624_20201103_MF100_s1_r1:Otu474,fieldReplicateID,,ARMS_Getxo_G_20200624_20201103,http://vocab.nerc.ac.uk/collection/P01/current/IDSPRE01,,
ARMS_Getxo_G3_20200624_20201103_MF100_s1_r1:Otu474,technicalReplicateID,,,http://vocab.nerc.ac.uk/collection/P01/current/IDTCRE01,,
ARMS_Getxo_G3_20200624_20201103_MF100_s1_r1:Otu100,submergedTime,day,132,http://vocab.nerc.ac.uk/collection/P01/current/AZDRZZ01/,https://vocab.nerc.ac.uk/collection/P06/current/UTAA/,
ARMS_Getxo_G3_20200624_20201103_MF100_s1_r1:Otu100,preservativeUsed,,DMSO,http://vocab.nerc.ac.uk/collection/Q01/current/Q0100004/,,https://pubchem.ncbi.nlm.nih.gov/compound/679
ARMS_Getxo_G3_20200624_20201103_MF100_s1_r1:Otu100,lowerLimitFilterSize,micrometer,100,http://vocab.nerc.ac.uk/collection/Q01/current/Q0100011/,https://vocab.nerc.ac.uk/collection/P06/current/UMIC/,
ARMS_Getxo_G3_20200624_20201103_MF100_s1_r1:Otu100,fieldReplicateID,,ARMS_Getxo_G_20200624_20201103,http://vocab.nerc.ac.uk/collection/P01/current/IDSPRE01,,
ARMS_Getxo_G3_20200624_20201103_MF100_s1_r1:Otu100,technicalReplicateID,,,http://vocab.nerc.ac.uk/collection/P01/current/IDTCRE01,,
ARMS_Getxo_G3_20200624_20201103_MF100_s1_r1:Otu29,submergedTime,day,132,http://vocab.nerc.ac.uk/collection/P01/current/AZDRZZ01/,https://vocab.nerc.ac.uk/collection/P06/current/UTAA/,
ARMS_Getxo_G3_20200624_20201103_MF100_s1_r1:Otu29,preservativeUsed,,DMSO,http://vocab.nerc.ac.uk/collection/Q01/current/Q0100004/,,https://pubchem.ncbi.nlm.nih.gov/compound/679
ARMS_Getxo_G3_20200624_20201103_MF100_s1_r1:Otu29,lowerLimitFilterSize,micrometer,100,http://vocab.nerc.ac.uk/collection/Q01/current/Q0100011/,https://vocab.nerc.ac.uk/collection/P06/current/UMIC/,
ARMS_Getxo_G3_20200624_20201103_MF100_s1_r1:Otu29,fieldReplicateID,,ARMS_Getxo_G_20200624_20201103,http://vocab.nerc.ac.uk/collection/P01/current/IDSPRE01,,
ARMS_Getxo_G3_20200624_20201103_MF100_s1_r1:Otu29,technicalReplicateID,,,http://vocab.nerc.ac.uk/collection/P01/current/IDTCRE01,,
ARMS_Getxo_G3_20200624_20201103_MF100_s1_r1:Otu26,submergedTime,day,132,http://vocab.nerc.ac.uk/collection/P01/current/AZDRZZ01/,https://vocab.nerc.ac.uk/collection/P06/current/UTAA/,
ARMS_Getxo_G3_20200624_20201103_MF100_s1_r1:Otu26,preservativeUsed,,DMSO,http://vocab.nerc.ac.uk/collection/Q01/current/Q0100004/,,https://pubchem.ncbi.nlm.nih.gov/compound/679
ARMS_Getxo_G3_20200624_20201103_MF100_s1_r1:Otu26,lowerLimitFilterSize,micrometer,100,http://vocab.nerc.ac.uk/collection/Q01/current/Q0100011/,https://vocab.nerc.ac.uk/collection/P06/current/UMIC/,
ARMS_Getxo_G3_20200624_20201103_MF100_s1_r1:Otu26,fieldReplicateID,,ARMS_Getxo_G_20200624_20201103,http://vocab.nerc.ac.uk/collection/P01/current/IDSPRE01,,
ARMS_Getxo_G3_20200624_20201103_MF100_s1_r1:Otu26,technicalReplicateID,,,http://vocab.nerc.ac.uk/collection/P01/current/IDTCRE01,,
ARMS_Getxo_G3_20200624_20201103_MF100_s1_r1:Otu425,submergedTime,day,132,http://vocab.nerc.ac.uk/collection/P01/current/AZDRZZ01/,https://vocab.nerc.ac.uk/collection/P06/current/UTAA/,
ARMS_Getxo_G3_20200624_20201103_MF100_s1_r1:Otu425,preservativeUsed,,DMSO,http://vocab.nerc.ac.uk/collection/Q01/current/Q0100004/,,https://pubchem.ncbi.nlm.nih.gov/compound/679
ARMS_Getxo_G3_20200624_20201103_MF100_s1_r1:Otu425,lowerLimitFilterSize,micrometer,100,http://vocab.nerc.ac.uk/collection/Q01/current/Q0100011/,https://vocab.nerc.ac.uk/collection/P06/current/UMIC/,
ARMS_Getxo_G3_20200624_20201103_MF100_s1_r1:Otu425,fieldReplicateID,,ARMS_Getxo_G_20200624_20201103,http://vocab.nerc.ac.uk/collection/P01/current/IDSPRE01,,
ARMS_Getxo_G3_20200624_20201103_MF100_s1_r1:Otu425,technicalReplicateID,,,http://vocab.nerc.ac.uk/collection/P01/current/IDTCRE01,,
ARMS_Getxo_G3_20200624_20201103_MF100_s1_r1:Otu10,submergedTime,day,132,http://vocab.nerc.ac.uk/collection/P01/current/AZDRZZ01/,https://vocab.nerc.ac.uk/collection/P06/current/UTAA/,
ARMS_Getxo_G3_20200624_20201103_MF100_s1_r1:Otu10,preservativeUsed,,DMSO,http://vocab.nerc.ac.uk/collection/Q01/current/Q0100004/,,https://pubchem.ncbi.nlm.nih.gov/compound/679
ARMS_Getxo_G3_20200624_20201103_MF100_s1_r1:Otu10,lowerLimitFilterSize,micrometer,100,http://vocab.nerc.ac.uk/collection/Q01/current/Q0100011/,https://vocab.nerc.ac.uk/collection/P06/current/UMIC/,
ARMS_Getxo_G3_20200624_20201103_MF100_s1_r1:Otu10,fieldReplicateID,,ARMS_Getxo_G_20200624_20201103,http://vocab.nerc.ac.uk/collection/P01/current/IDSPRE01,,
ARMS_Getxo_G3_20200624_20201103_MF100_s1_r1:Otu10,technicalReplicateID,,,http://vocab.nerc.ac.uk/collection/P01/current/IDTCRE01,,
ARMS_Getxo_G3_20200624_20201103_SF40_s1_r1:Otu28,submergedTime,day,132,http://vocab.nerc.ac.uk/collection/P01/current/AZDRZZ01/,https://vocab.nerc.ac.uk/collection/P06/current/UTAA/,
ARMS_Getxo_G3_20200624_20201103_SF40_s1_r1:Otu28,preservativeUsed,,DMSO,http://vocab.nerc.ac.uk/collection/Q01/current/Q0100004/,,https://pubchem.ncbi.nlm.nih.gov/compound/679
ARMS_Getxo_G3_20200624_20201103_SF40_s1_r1:Otu28,lowerLimitFilterSize,micrometer,40,http://vocab.nerc.ac.uk/collection/Q01/current/Q0100011/,https://vocab.nerc.ac.uk/collection/P06/current/UMIC/,
ARMS_Getxo_G3_20200624_20201103_SF40_s1_r1:Otu28,fieldReplicateID,,ARMS_Getxo_G_20200624_20201103,http://vocab.nerc.ac.uk/collection/P01/current/IDSPRE01,,
ARMS_Getxo_G3_20200624_20201103_SF40_s1_r1:Otu28,technicalReplicateID,,,http://vocab.nerc.ac.uk/collection/P01/current/IDTCRE01,,
ARMS_TZS_Angbat_20200608_20201117_MF500_ETOH_s1_r1:Otu238,submergedTime,day,162,http://vocab.nerc.ac.uk/collection/P01/current/AZDRZZ01/,https://vocab.nerc.ac.uk/collection/P06/current/UTAA/,
ARMS_TZS_Angbat_20200608_20201117_MF500_ETOH_s1_r1:Otu238,preservativeUsed,,EtOH,http://vocab.nerc.ac.uk/collection/Q01/current/Q0100004/,,https://pubchem.ncbi.nlm.nih.gov/compound/702
ARMS_TZS_Angbat_20200608_20201117_MF500_ETOH_s1_r1:Otu238,lowerLimitFilterSize,micrometer,500,http://vocab.nerc.ac.uk/collection/Q01/current/Q0100011/,https://vocab.nerc.ac.uk/collection/P06/current/UMIC/,
ARMS_TZS_Angbat_20200608_20201117_MF500_ETOH_s1_r1:Otu238,fieldReplicateID,,no replicate,http://vocab.nerc.ac.uk/collection/P01/current/IDSPRE01,,
ARMS_TZS_Angbat_20200608_20201117_MF500_ETOH_s1_r1:Otu238,technicalReplicateID,,,http://vocab.nerc.ac.uk/collection/P01/current/IDTCRE01,,
ARMS_TZS_Angbat_20200608_20201117_MF500_ETOH_s1_r1:Otu15,submergedTime,day,162,http://vocab.nerc.ac.uk/collection/P01/current/AZDRZZ01/,https://vocab.nerc.ac.uk/collection/P06/current/UTAA/,
ARMS_TZS_Angbat_20200608_20201117_MF500_ETOH_s1_r1:Otu15,preservativeUsed,,EtOH,http://vocab.nerc.ac.uk/collection/Q01/current/Q0100004/,,https://pubchem.ncbi.nlm.nih.gov/compound/702
ARMS_TZS_Angbat_20200608_20201117_MF500_ETOH_s1_r1:Otu15,lowerLimitFilterSize,micrometer,500,http://vocab.nerc.ac.uk/collection/Q01/current/Q0100011/,https://vocab.nerc.ac.uk/collection/P06/current/UMIC/,
ARMS_TZS_Angbat_20200608_20201117_MF500_ETOH_s1_r1:Otu15,fieldReplicateID,,no replicate,http://vocab.nerc.ac.uk/collection/P01/current/IDSPRE01,,
ARMS_TZS_Angbat_20200608_20201117_MF500_ETOH_s1_r1:Otu15,technicalReplicateID,,,http://vocab.nerc.ac.uk/collection/P01/current/IDTCRE01,,
ARMS_TZS_Angbat_20200608_20201117_SF40_ETOH_s1_r1:Otu165,submergedTime,day,162,http://vocab.nerc.ac.uk/collection/P01/current/AZDRZZ01/,https://vocab.nerc.ac.uk/collection/P06/current/UTAA/,
ARMS_TZS_Angbat_20200608_20201117_SF40_ETOH_s1_r1:Otu165,preservativeUsed,,EtOH,http://vocab.nerc.ac.uk/collection/Q01/current/Q0100004/,,https://pubchem.ncbi.nlm.nih.gov/compound/702
ARMS_TZS_Angbat_20200608_20201117_SF40_ETOH_s1_r1:Otu165,lowerLimitFilterSize,micrometer,40,http://vocab.nerc.ac.uk/collection/Q01/current/Q0100011/,https://vocab.nerc.ac.uk/collection/P06/current/UMIC/,
ARMS_TZS_Angbat_20200608_20201117_SF40_ETOH_s1_r1:Otu165,fieldReplicateID,,no replicate,http://vocab.nerc.ac.uk/collection/P01/current/IDSPRE01,,
ARMS_TZS_Angbat_20200608_20201117_SF40_ETOH_s1_r1:Otu165,technicalReplicateID,,,http://vocab.nerc.ac.uk/collection/P01/current/IDTCRE01,,
ARMS_TZS_Kummelkobben_20200608_20201120_MF100_ETOH_s1_r1:Otu54,submergedTime,day,165,http://vocab.nerc.ac.uk/collection/P01/current/AZDRZZ01/,https://vocab.nerc.ac.uk/collection/P06/current/UTAA/,
ARMS_TZS_Kummelkobben_20200608_20201120_MF100_ETOH_s1_r1:Otu54,preservativeUsed,,EtOH,http://vocab.nerc.ac.uk/collection/Q01/current/Q0100004/,,https://pubchem.ncbi.nlm.nih.gov/compound/702
ARMS_TZS_Kummelkobben_20200608_20201120_MF100_ETOH_s1_r1:Otu54,lowerLimitFilterSize,micrometer,100,http://vocab.nerc.ac.uk/collection/Q01/current/Q0100011/,https://vocab.nerc.ac.uk/collection/P06/current/UMIC/,
ARMS_TZS_Kummelkobben_20200608_20201120_MF100_ETOH_s1_r1:Otu54,fieldReplicateID,,no replicate,http://vocab.nerc.ac.uk/collection/P01/current/IDSPRE01,,
ARMS_TZS_Kummelkobben_20200608_20201120_MF100_ETOH_s1_r1:Otu54,technicalReplicateID,,,http://vocab.nerc.ac.uk/collection/P01/current/IDTCRE01,,
ARMS_TZS_Kummelkobben_20200608_20201120_MF100_ETOH_s1_r1:Otu93,submergedTime,day,165,http://vocab.nerc.ac.uk/collection/P01/current/AZDRZZ01/,https://vocab.nerc.ac.uk/collection/P06/current/UTAA/,
ARMS_TZS_Kummelkobben_20200608_20201120_MF100_ETOH_s1_r1:Otu93,preservativeUsed,,EtOH,http://vocab.nerc.ac.uk/collection/Q01/current/Q0100004/,,https://pubchem.ncbi.nlm.nih.gov/compound/702
ARMS_TZS_Kummelkobben_20200608_20201120_MF100_ETOH_s1_r1:Otu93,lowerLimitFilterSize,micrometer,100,http://vocab.nerc.ac.uk/collection/Q01/current/Q0100011/,https://vocab.nerc.ac.uk/collection/P06/current/UMIC/,
ARMS_TZS_Kummelkobben_20200608_20201120_MF100_ETOH_s1_r1:Otu93,fieldReplicateID,,no replicate,http://vocab.nerc.ac.uk/collection/P01/current/IDSPRE01,,
ARMS_TZS_Kummelkobben_20200608_20201120_MF100_ETOH_s1_r1:Otu93,technicalReplicateID,,,http://vocab.nerc.ac.uk/collection/P01/current/IDTCRE01,,
ARMS_TZS_Kummelkobben_20200608_20201120_MF100_ETOH_s1_r1:Otu100,submergedTime,day,165,http://vocab.nerc.ac.uk/collection/P01/current/AZDRZZ01/,https://vocab.nerc.ac.uk/collection/P06/current/UTAA/,
ARMS_TZS_Kummelkobben_20200608_20201120_MF100_ETOH_s1_r1:Otu100,preservativeUsed,,EtOH,http://vocab.nerc.ac.uk/collection/Q01/current/Q0100004/,,https://pubchem.ncbi.nlm.nih.gov/compound/702
ARMS_TZS_Kummelkobben_20200608_20201120_MF100_ETOH_s1_r1:Otu100,lowerLimitFilterSize,micrometer,100,http://vocab.nerc.ac.uk/collection/Q01/current/Q0100011/,https://vocab.nerc.ac.uk/collection/P06/current/UMIC/,
ARMS_TZS_Kummelkobben_20200608_20201120_MF100_ETOH_s1_r1:Otu100,fieldReplicateID,,no replicate,http://vocab.nerc.ac.uk/collection/P01/current/IDSPRE01,,
ARMS_TZS_Kummelkobben_20200608_20201120_MF100_ETOH_s1_r1:Otu100,technicalReplicateID,,,http://vocab.nerc.ac.uk/collection/P01/current/IDTCRE01,,
ARMS_TZS_Kummelkobben_20200608_20201120_SF40_ETOH_s1_r1:Otu151,submergedTime,day,165,http://vocab.nerc.ac.uk/collection/P01/current/AZDRZZ01/,https://vocab.nerc.ac.uk/collection/P06/current/UTAA/,
ARMS_TZS_Kummelkobben_20200608_20201120_SF40_ETOH_s1_r1:Otu151,preservativeUsed,,EtOH,http://vocab.nerc.ac.uk/collection/Q01/current/Q0100004/,,https://pubchem.ncbi.nlm.nih.gov/compound/702
ARMS_TZS_Kummelkobben_20200608_20201120_SF40_ETOH_s1_r1:Otu151,lowerLimitFilterSize,micrometer,40,http://vocab.nerc.ac.uk/collection/Q01/current/Q0100011/,https://vocab.nerc.ac.uk/collection/P06/current/UMIC/,
ARMS_TZS_Kummelkobben_20200608_20201120_SF40_ETOH_s1_r1:Otu151,fieldReplicateID,,no replicate,http://vocab.nerc.ac.uk/collection/P01/current/IDSPRE01,,
ARMS_TZS_Kummelkobben_20200608_20201120_SF40_ETOH_s1_r1:Otu151,technicalReplicateID,,,http://vocab.nerc.ac.uk/collection/P01/current/IDTCRE01,,
