occurrenceID,basisOfRecord,institutionCode,datasetName,occurrenceStatus,eventID,materialSampleID,eventDate,organismQuantity,organismQuantityType,sampleSizeValue,sampleSizeUnit,samplingProtocol,associatedSequences,identificationReferences,identificationRemarks,locationID,decimalLatitude,decimalLongitude,countryCode,fieldNumber,minimumDepthInMeters,maximumDepthInMeters,habitat,occurrenceRemarks,eventRemarks,datasetID,verbatimIdentification,scientificNameID,scientificName,taxonRank,taxonId,taxonConcept,catalogNumber
ARMS_BelgiumCoast_AJJC86_20200506_20201012_MF100_s1_r1:Otu567,MaterialSample,ARMS-MBON,data_release_002,present,ARMS_BelgiumCoast_AJJC86_20200506_20201012,SAMEA10020978,2020-05-06/2020-10-12,3,DNA sequence reads,40,DNA sequence reads,https://github.com/arms-mbon/documentation/tree/main/armsmbon_handbook,ERR7125488,PEMA v2.1.4 https://github.com/hariszaf/pema | https://github.com/arms-mbon/analysis_release_002/tree/main/parameter_files,CREST classifier; Minimum bit-score 155; LCA bitscore range 2% | Unite db v7.2 ; swarm2 d = 10,Belgian Part of the North Sea (http://marineregions.org/mrgid/26567),51.65264,2.79369998,BE,BelgiumCoast_AJJC86,37.0,37.0,Wind farm; semi-industrial; 9.5 - Subtidal Sandy-Mud,,Was a crate cover used when retrieving the unit: no; Which component of the ARMS unit material was extracted: Motile,https://github.com/arms-mbon/data_release_002,Eukaryota;Opisthokonta;Fungi;Ascomycota;Saccharomycetes;Saccharomycetales;Saccharomycetales_fam_Incertae_sedis;Candida;Candida_diddensiae,urn:lsid:marinespecies.org:taxname:178158,Trichosporon diddensiae,Species,Otu567,NCBI:45543,ARMS_BelgiumCoast_AJJC86_20200506_20201012_MF100_s1_r1
ARMS_BelgiumCoast_AJJC86_20200506_20201012_MF100_s1_r1:Otu50,MaterialSample,ARMS-MBON,data_release_002,present,ARMS_BelgiumCoast_AJJC86_20200506_20201012,SAMEA10020978,2020-05-06/2020-10-12,25,DNA sequence reads,40,DNA sequence reads,https://github.com/arms-mbon/documentation/tree/main/armsmbon_handbook,ERR7125488,PEMA v2.1.4 https://github.com/hariszaf/pema | https://github.com/arms-mbon/analysis_release_002/tree/main/parameter_files,CREST classifier; Minimum bit-score 155; LCA bitscore range 2% | Unite db v7.2 ; swarm2 d = 10,Belgian Part of the North Sea (http://marineregions.org/mrgid/26567),51.65264,2.79369998,BE,BelgiumCoast_AJJC86,37.0,37.0,Wind farm; semi-industrial; 9.5 - Subtidal Sandy-Mud,,Was a crate cover used when retrieving the unit: no; Which component of the ARMS unit material was extracted: Motile,https://github.com/arms-mbon/data_release_002,Eukaryota;Opisthokonta;Fungi;Ascomycota;Dothideomycetes;Capnodiales;Mycosphaerellaceae;Mycosphaerella;Mycosphaerella_tassiana,urn:lsid:marinespecies.org:taxname:100511,Cladosporium herbarum,Species,Otu50,NCBI:29918,ARMS_BelgiumCoast_AJJC86_20200506_20201012_MF100_s1_r1
ARMS_BelgiumCoast_AJJC86_20200506_20201012_MF100_s1_r1:Otu403,MaterialSample,ARMS-MBON,data_release_002,present,ARMS_BelgiumCoast_AJJC86_20200506_20201012,SAMEA10020978,2020-05-06/2020-10-12,7,DNA sequence reads,40,DNA sequence reads,https://github.com/arms-mbon/documentation/tree/main/armsmbon_handbook,ERR7125488,PEMA v2.1.4 https://github.com/hariszaf/pema | https://github.com/arms-mbon/analysis_release_002/tree/main/parameter_files,CREST classifier; Minimum bit-score 155; LCA bitscore range 2% | Unite db v7.2 ; swarm2 d = 10,Belgian Part of the North Sea (http://marineregions.org/mrgid/26567),51.65264,2.79369998,BE,BelgiumCoast_AJJC86,37.0,37.0,Wind farm; semi-industrial; 9.5 - Subtidal Sandy-Mud,uncertain classification (not marine),Was a crate cover used when retrieving the unit: no; Which component of the ARMS unit material was extracted: Motile,https://github.com/arms-mbon/data_release_002,Eukaryota;Opisthokonta;Fungi;Ascomycota;Sordariomycetes;Hypocreales;unidentified (Hypocreales) family incertae sedis;unidentified (unidentified (Hypocreales));Unknown unidentified (unidentified (Hypocreales)) species 1,urn:lsid:marinespecies.org:taxname:100012,Hypocreales,Order,Otu403,NCBI:5125,ARMS_BelgiumCoast_AJJC86_20200506_20201012_MF100_s1_r1
ARMS_BelgiumCoast_AJJC86_20200506_20201012_MF100_s1_r1:Otu490,MaterialSample,ARMS-MBON,data_release_002,present,ARMS_BelgiumCoast_AJJC86_20200506_20201012,SAMEA10020978,2020-05-06/2020-10-12,5,DNA sequence reads,40,DNA sequence reads,https://github.com/arms-mbon/documentation/tree/main/armsmbon_handbook,ERR7125488,PEMA v2.1.4 https://github.com/hariszaf/pema | https://github.com/arms-mbon/analysis_release_002/tree/main/parameter_files,CREST classifier; Minimum bit-score 155; LCA bitscore range 2% | Unite db v7.2 ; swarm2 d = 10,Belgian Part of the North Sea (http://marineregions.org/mrgid/26567),51.65264,2.79369998,BE,BelgiumCoast_AJJC86,37.0,37.0,Wind farm; semi-industrial; 9.5 - Subtidal Sandy-Mud,uncertain classification (not marine),Was a crate cover used when retrieving the unit: no; Which component of the ARMS unit material was extracted: Motile,https://github.com/arms-mbon/data_release_002,Eukaryota;Opisthokonta;Fungi;Unknown Fungi phylum 2,urn:lsid:marinespecies.org:taxname:4,Fungi,Kingdom,Otu490,NCBI:4751,ARMS_BelgiumCoast_AJJC86_20200506_20201012_MF100_s1_r1
ARMS_Getxo_G1_20200624_20201103_MF100_s1_r1:Otu238,MaterialSample,ARMS-MBON,data_release_002,present,ARMS_Getxo_G1_20200624_20201103,SAMEA10021238,2020-06-24/2020-11-03,2,DNA sequence reads,1001,DNA sequence reads,https://github.com/arms-mbon/documentation/tree/main/armsmbon_handbook,ERR7127668,PEMA v2.1.4 https://github.com/hariszaf/pema | https://github.com/arms-mbon/analysis_release_002/tree/main/parameter_files,CREST classifier; Minimum bit-score 155; LCA bitscore range 2% | Unite db v7.2 ; swarm2 d = 10,Abra de Bilbao (http://marineregions.org/mrgid/17355),43.338452,-3.014833,ES,Getxo_G1,5.0,10.0,Marina; semi-industrial; 9.6 - Subtidal Muddy,,Was a crate cover used when retrieving the unit: not provided; Which component of the ARMS unit material was extracted: Motile,https://github.com/arms-mbon/data_release_002,Eukaryota;Opisthokonta;Fungi;Basidiomycota;Malasseziomycetes;Malasseziales;Malasseziaceae;Malassezia;Unknown Malassezia species 1,,Malassezia,genus,Otu238,NCBI:55193,ARMS_Getxo_G1_20200624_20201103_MF100_s1_r1
ARMS_Getxo_G1_20200624_20201103_MF100_s1_r1:Otu63,MaterialSample,ARMS-MBON,data_release_002,present,ARMS_Getxo_G1_20200624_20201103,SAMEA10021238,2020-06-24/2020-11-03,187,DNA sequence reads,1001,DNA sequence reads,https://github.com/arms-mbon/documentation/tree/main/armsmbon_handbook,ERR7127668,PEMA v2.1.4 https://github.com/hariszaf/pema | https://github.com/arms-mbon/analysis_release_002/tree/main/parameter_files,CREST classifier; Minimum bit-score 155; LCA bitscore range 2% | Unite db v7.2 ; swarm2 d = 10,Abra de Bilbao (http://marineregions.org/mrgid/17355),43.338452,-3.014833,ES,Getxo_G1,5.0,10.0,Marina; semi-industrial; 9.6 - Subtidal Muddy,uncertain classification (not marine),Was a crate cover used when retrieving the unit: not provided; Which component of the ARMS unit material was extracted: Motile,https://github.com/arms-mbon/data_release_002,Eukaryota;Opisthokonta;Fungi;Ascomycota;Dothideomycetes;Pleosporales;Pleosporaceae;Alternaria,urn:lsid:marinespecies.org:taxname:100208,Alternaria,Genus,Otu63,NCBI:5598,ARMS_Getxo_G1_20200624_20201103_MF100_s1_r1
ARMS_Getxo_G1_20200624_20201103_MF100_s1_r1:Otu545,MaterialSample,ARMS-MBON,data_release_002,present,ARMS_Getxo_G1_20200624_20201103,SAMEA10021238,2020-06-24/2020-11-03,3,DNA sequence reads,1001,DNA sequence reads,https://github.com/arms-mbon/documentation/tree/main/armsmbon_handbook,ERR7127668,PEMA v2.1.4 https://github.com/hariszaf/pema | https://github.com/arms-mbon/analysis_release_002/tree/main/parameter_files,CREST classifier; Minimum bit-score 155; LCA bitscore range 2% | Unite db v7.2 ; swarm2 d = 10,Abra de Bilbao (http://marineregions.org/mrgid/17355),43.338452,-3.014833,ES,Getxo_G1,5.0,10.0,Marina; semi-industrial; 9.6 - Subtidal Muddy,uncertain classification (not marine),Was a crate cover used when retrieving the unit: not provided; Which component of the ARMS unit material was extracted: Motile,https://github.com/arms-mbon/data_release_002,Eukaryota;Opisthokonta;Fungi;Ascomycota;Pezizomycotina_cls_Incertae_sedis;Unknown Pezizomycotina_cls_Incertae_sedis order 1,urn:lsid:marinespecies.org:taxname:21891,Ascomycota,Phylum (Division),Otu545,NCBI:4890,ARMS_Getxo_G1_20200624_20201103_MF100_s1_r1
ARMS_Getxo_G1_20200624_20201103_MF100_s1_r1:Otu307,MaterialSample,ARMS-MBON,data_release_002,present,ARMS_Getxo_G1_20200624_20201103,SAMEA10021238,2020-06-24/2020-11-03,13,DNA sequence reads,1001,DNA sequence reads,https://github.com/arms-mbon/documentation/tree/main/armsmbon_handbook,ERR7127668,PEMA v2.1.4 https://github.com/hariszaf/pema | https://github.com/arms-mbon/analysis_release_002/tree/main/parameter_files,CREST classifier; Minimum bit-score 155; LCA bitscore range 2% | Unite db v7.2 ; swarm2 d = 10,Abra de Bilbao (http://marineregions.org/mrgid/17355),43.338452,-3.014833,ES,Getxo_G1,5.0,10.0,Marina; semi-industrial; 9.6 - Subtidal Muddy,uncertain classification (not marine),Was a crate cover used when retrieving the unit: not provided; Which component of the ARMS unit material was extracted: Motile,https://github.com/arms-mbon/data_release_002,Eukaryota;Opisthokonta;Fungi;Ascomycota;Dothideomycetes;Unknown Dothideomycetes order 4,urn:lsid:marinespecies.org:taxname:147577,Dothideomycetes,Class,Otu307,NCBI:147541,ARMS_Getxo_G1_20200624_20201103_MF100_s1_r1
ARMS_Getxo_G1_20200624_20201103_MF100_s1_r1:Otu374,MaterialSample,ARMS-MBON,data_release_002,present,ARMS_Getxo_G1_20200624_20201103,SAMEA10021238,2020-06-24/2020-11-03,8,DNA sequence reads,1001,DNA sequence reads,https://github.com/arms-mbon/documentation/tree/main/armsmbon_handbook,ERR7127668,PEMA v2.1.4 https://github.com/hariszaf/pema | https://github.com/arms-mbon/analysis_release_002/tree/main/parameter_files,CREST classifier; Minimum bit-score 155; LCA bitscore range 2% | Unite db v7.2 ; swarm2 d = 10,Abra de Bilbao (http://marineregions.org/mrgid/17355),43.338452,-3.014833,ES,Getxo_G1,5.0,10.0,Marina; semi-industrial; 9.6 - Subtidal Muddy,,Was a crate cover used when retrieving the unit: not provided; Which component of the ARMS unit material was extracted: Motile,https://github.com/arms-mbon/data_release_002,Eukaryota;Opisthokonta;Fungi;Ascomycota;Dothideomycetes;Pleosporales;Sporormiaceae;Westerdykella;Westerdykella_dispersa,,Westerdykella dispersa,species,Otu374,NCBI:45154,ARMS_Getxo_G1_20200624_20201103_MF100_s1_r1
ARMS_Getxo_G1_20200624_20201103_MF100_s1_r1:Otu192,MaterialSample,ARMS-MBON,data_release_002,present,ARMS_Getxo_G1_20200624_20201103,SAMEA10021238,2020-06-24/2020-11-03,41,DNA sequence reads,1001,DNA sequence reads,https://github.com/arms-mbon/documentation/tree/main/armsmbon_handbook,ERR7127668,PEMA v2.1.4 https://github.com/hariszaf/pema | https://github.com/arms-mbon/analysis_release_002/tree/main/parameter_files,CREST classifier; Minimum bit-score 155; LCA bitscore range 2% | Unite db v7.2 ; swarm2 d = 10,Abra de Bilbao (http://marineregions.org/mrgid/17355),43.338452,-3.014833,ES,Getxo_G1,5.0,10.0,Marina; semi-industrial; 9.6 - Subtidal Muddy,uncertain classification (not marine),Was a crate cover used when retrieving the unit: not provided; Which component of the ARMS unit material was extracted: Motile,https://github.com/arms-mbon/data_release_002,Eukaryota;Opisthokonta;Fungi;Rozellomycota;Unknown Rozellomycota class 1,urn:lsid:marinespecies.org:taxname:707609,Rozellida,Order,Otu192,NCBI:1031332,ARMS_Getxo_G1_20200624_20201103_MF100_s1_r1
ARMS_Getxo_G1_20200624_20201103_MF100_s1_r1:Otu46,MaterialSample,ARMS-MBON,data_release_002,present,ARMS_Getxo_G1_20200624_20201103,SAMEA10021238,2020-06-24/2020-11-03,19,DNA sequence reads,1001,DNA sequence reads,https://github.com/arms-mbon/documentation/tree/main/armsmbon_handbook,ERR7127668,PEMA v2.1.4 https://github.com/hariszaf/pema | https://github.com/arms-mbon/analysis_release_002/tree/main/parameter_files,CREST classifier; Minimum bit-score 155; LCA bitscore range 2% | Unite db v7.2 ; swarm2 d = 10,Abra de Bilbao (http://marineregions.org/mrgid/17355),43.338452,-3.014833,ES,Getxo_G1,5.0,10.0,Marina; semi-industrial; 9.6 - Subtidal Muddy,uncertain classification (not marine),Was a crate cover used when retrieving the unit: not provided; Which component of the ARMS unit material was extracted: Motile,https://github.com/arms-mbon/data_release_002,Eukaryota;Opisthokonta;Fungi;Basidiomycota;Tremellomycetes,urn:lsid:marinespecies.org:taxname:437249,Tremellomycetes,Class,Otu46,NCBI:155616,ARMS_Getxo_G1_20200624_20201103_MF100_s1_r1
ARMS_Getxo_G1_20200624_20201103_MF100_s1_r1:Otu44,MaterialSample,ARMS-MBON,data_release_002,present,ARMS_Getxo_G1_20200624_20201103,SAMEA10021238,2020-06-24/2020-11-03,76,DNA sequence reads,1001,DNA sequence reads,https://github.com/arms-mbon/documentation/tree/main/armsmbon_handbook,ERR7127668,PEMA v2.1.4 https://github.com/hariszaf/pema | https://github.com/arms-mbon/analysis_release_002/tree/main/parameter_files,CREST classifier; Minimum bit-score 155; LCA bitscore range 2% | Unite db v7.2 ; swarm2 d = 10,Abra de Bilbao (http://marineregions.org/mrgid/17355),43.338452,-3.014833,ES,Getxo_G1,5.0,10.0,Marina; semi-industrial; 9.6 - Subtidal Muddy,,Was a crate cover used when retrieving the unit: not provided; Which component of the ARMS unit material was extracted: Motile,https://github.com/arms-mbon/data_release_002,Eukaryota;Opisthokonta;Fungi;Basidiomycota;Tremellomycetes;Trichosporonales;Trichosporonaceae;Apiotrichum;Apiotrichum_laibachii,,Apiotrichum laibachii,species,Otu44,NCBI:82520,ARMS_Getxo_G1_20200624_20201103_MF100_s1_r1
ARMS_Getxo_G1_20200624_20201103_MF100_s1_r1:Otu43,MaterialSample,ARMS-MBON,data_release_002,present,ARMS_Getxo_G1_20200624_20201103,SAMEA10021238,2020-06-24/2020-11-03,17,DNA sequence reads,1001,DNA sequence reads,https://github.com/arms-mbon/documentation/tree/main/armsmbon_handbook,ERR7127668,PEMA v2.1.4 https://github.com/hariszaf/pema | https://github.com/arms-mbon/analysis_release_002/tree/main/parameter_files,CREST classifier; Minimum bit-score 155; LCA bitscore range 2% | Unite db v7.2 ; swarm2 d = 10,Abra de Bilbao (http://marineregions.org/mrgid/17355),43.338452,-3.014833,ES,Getxo_G1,5.0,10.0,Marina; semi-industrial; 9.6 - Subtidal Muddy,uncertain classification (not marine),Was a crate cover used when retrieving the unit: not provided; Which component of the ARMS unit material was extracted: Motile,https://github.com/arms-mbon/data_release_002,Eukaryota;Opisthokonta;Fungi;Basidiomycota;Agaricomycetes;Phallales;Phallaceae;Phallus;Unknown Phallus species 1,urn:lsid:marinespecies.org:taxname:426220,Phallus,Genus,Otu43,NCBI:146780,ARMS_Getxo_G1_20200624_20201103_MF100_s1_r1
ARMS_Getxo_G1_20200624_20201103_MF100_s1_r1:Otu560,MaterialSample,ARMS-MBON,data_release_002,present,ARMS_Getxo_G1_20200624_20201103,SAMEA10021238,2020-06-24/2020-11-03,3,DNA sequence reads,1001,DNA sequence reads,https://github.com/arms-mbon/documentation/tree/main/armsmbon_handbook,ERR7127668,PEMA v2.1.4 https://github.com/hariszaf/pema | https://github.com/arms-mbon/analysis_release_002/tree/main/parameter_files,CREST classifier; Minimum bit-score 155; LCA bitscore range 2% | Unite db v7.2 ; swarm2 d = 10,Abra de Bilbao (http://marineregions.org/mrgid/17355),43.338452,-3.014833,ES,Getxo_G1,5.0,10.0,Marina; semi-industrial; 9.6 - Subtidal Muddy,uncertain classification (not marine),Was a crate cover used when retrieving the unit: not provided; Which component of the ARMS unit material was extracted: Motile,https://github.com/arms-mbon/data_release_002,Eukaryota;Opisthokonta;Fungi;Ascomycota;Eurotiomycetes;Eurotiales;Unknown Eurotiales family 1,urn:lsid:marinespecies.org:taxname:100010,Eurotiales,Order,Otu560,NCBI:5042,ARMS_Getxo_G1_20200624_20201103_MF100_s1_r1
ARMS_Getxo_G1_20200624_20201103_MF100_s1_r1:Otu362,MaterialSample,ARMS-MBON,data_release_002,present,ARMS_Getxo_G1_20200624_20201103,SAMEA10021238,2020-06-24/2020-11-03,20,DNA sequence reads,1001,DNA sequence reads,https://github.com/arms-mbon/documentation/tree/main/armsmbon_handbook,ERR7127668,PEMA v2.1.4 https://github.com/hariszaf/pema | https://github.com/arms-mbon/analysis_release_002/tree/main/parameter_files,CREST classifier; Minimum bit-score 155; LCA bitscore range 2% | Unite db v7.2 ; swarm2 d = 10,Abra de Bilbao (http://marineregions.org/mrgid/17355),43.338452,-3.014833,ES,Getxo_G1,5.0,10.0,Marina; semi-industrial; 9.6 - Subtidal Muddy,uncertain classification (not marine),Was a crate cover used when retrieving the unit: not provided; Which component of the ARMS unit material was extracted: Motile,https://github.com/arms-mbon/data_release_002,Eukaryota;Opisthokonta;Fungi;Unknown Fungi phylum 1,urn:lsid:marinespecies.org:taxname:4,Fungi,Kingdom,Otu362,NCBI:4751,ARMS_Getxo_G1_20200624_20201103_MF100_s1_r1
ARMS_Getxo_G1_20200624_20201103_MF100_s1_r1:Otu184,MaterialSample,ARMS-MBON,data_release_002,present,ARMS_Getxo_G1_20200624_20201103,SAMEA10021238,2020-06-24/2020-11-03,46,DNA sequence reads,1001,DNA sequence reads,https://github.com/arms-mbon/documentation/tree/main/armsmbon_handbook,ERR7127668,PEMA v2.1.4 https://github.com/hariszaf/pema | https://github.com/arms-mbon/analysis_release_002/tree/main/parameter_files,CREST classifier; Minimum bit-score 155; LCA bitscore range 2% | Unite db v7.2 ; swarm2 d = 10,Abra de Bilbao (http://marineregions.org/mrgid/17355),43.338452,-3.014833,ES,Getxo_G1,5.0,10.0,Marina; semi-industrial; 9.6 - Subtidal Muddy,,Was a crate cover used when retrieving the unit: not provided; Which component of the ARMS unit material was extracted: Motile,https://github.com/arms-mbon/data_release_002,Eukaryota;Opisthokonta;Fungi;Ascomycota;Dothideomycetes;Pleosporales;Thyridariaceae;Roussoella;Roussoella_solani,,Roussoella solani,species,Otu184,NCBI:1871389,ARMS_Getxo_G1_20200624_20201103_MF100_s1_r1
ARMS_Getxo_G1_20200624_20201103_MF100_s1_r1:Otu180,MaterialSample,ARMS-MBON,data_release_002,present,ARMS_Getxo_G1_20200624_20201103,SAMEA10021238,2020-06-24/2020-11-03,29,DNA sequence reads,1001,DNA sequence reads,https://github.com/arms-mbon/documentation/tree/main/armsmbon_handbook,ERR7127668,PEMA v2.1.4 https://github.com/hariszaf/pema | https://github.com/arms-mbon/analysis_release_002/tree/main/parameter_files,CREST classifier; Minimum bit-score 155; LCA bitscore range 2% | Unite db v7.2 ; swarm2 d = 10,Abra de Bilbao (http://marineregions.org/mrgid/17355),43.338452,-3.014833,ES,Getxo_G1,5.0,10.0,Marina; semi-industrial; 9.6 - Subtidal Muddy,uncertain classification (not marine),Was a crate cover used when retrieving the unit: not provided; Which component of the ARMS unit material was extracted: Motile,https://github.com/arms-mbon/data_release_002,Eukaryota;Opisthokonta;Fungi;Ascomycota;Sordariomycetes;Hypocreales;Bionectriaceae;Clonostachys;Clonostachys_rosea,urn:lsid:marinespecies.org:taxname:1485442,Bionectria,Genus,Otu180,NCBI:110564,ARMS_Getxo_G1_20200624_20201103_MF100_s1_r1
ARMS_Getxo_G1_20200624_20201103_MF100_s1_r1:Otu337,MaterialSample,ARMS-MBON,data_release_002,present,ARMS_Getxo_G1_20200624_20201103,SAMEA10021238,2020-06-24/2020-11-03,12,DNA sequence reads,1001,DNA sequence reads,https://github.com/arms-mbon/documentation/tree/main/armsmbon_handbook,ERR7127668,PEMA v2.1.4 https://github.com/hariszaf/pema | https://github.com/arms-mbon/analysis_release_002/tree/main/parameter_files,CREST classifier; Minimum bit-score 155; LCA bitscore range 2% | Unite db v7.2 ; swarm2 d = 10,Abra de Bilbao (http://marineregions.org/mrgid/17355),43.338452,-3.014833,ES,Getxo_G1,5.0,10.0,Marina; semi-industrial; 9.6 - Subtidal Muddy,uncertain classification (not marine),Was a crate cover used when retrieving the unit: not provided; Which component of the ARMS unit material was extracted: Motile,https://github.com/arms-mbon/data_release_002,Eukaryota;Opisthokonta;Fungi;Ascomycota;Sordariomycetes;Hypocreales;Ophiocordycipitaceae;Tolypocladium,urn:lsid:marinespecies.org:taxname:988370,Chaunopycnis,Genus,Otu337,NCBI:29909,ARMS_Getxo_G1_20200624_20201103_MF100_s1_r1
ARMS_Getxo_G1_20200624_20201103_MF100_s1_r1:Otu50,MaterialSample,ARMS-MBON,data_release_002,present,ARMS_Getxo_G1_20200624_20201103,SAMEA10021238,2020-06-24/2020-11-03,10,DNA sequence reads,1001,DNA sequence reads,https://github.com/arms-mbon/documentation/tree/main/armsmbon_handbook,ERR7127668,PEMA v2.1.4 https://github.com/hariszaf/pema | https://github.com/arms-mbon/analysis_release_002/tree/main/parameter_files,CREST classifier; Minimum bit-score 155; LCA bitscore range 2% | Unite db v7.2 ; swarm2 d = 10,Abra de Bilbao (http://marineregions.org/mrgid/17355),43.338452,-3.014833,ES,Getxo_G1,5.0,10.0,Marina; semi-industrial; 9.6 - Subtidal Muddy,,Was a crate cover used when retrieving the unit: not provided; Which component of the ARMS unit material was extracted: Motile,https://github.com/arms-mbon/data_release_002,Eukaryota;Opisthokonta;Fungi;Ascomycota;Dothideomycetes;Capnodiales;Mycosphaerellaceae;Mycosphaerella;Mycosphaerella_tassiana,urn:lsid:marinespecies.org:taxname:100511,Cladosporium herbarum,Species,Otu50,NCBI:29918,ARMS_Getxo_G1_20200624_20201103_MF100_s1_r1
ARMS_Getxo_G1_20200624_20201103_MF100_s1_r1:Otu349,MaterialSample,ARMS-MBON,data_release_002,present,ARMS_Getxo_G1_20200624_20201103,SAMEA10021238,2020-06-24/2020-11-03,10,DNA sequence reads,1001,DNA sequence reads,https://github.com/arms-mbon/documentation/tree/main/armsmbon_handbook,ERR7127668,PEMA v2.1.4 https://github.com/hariszaf/pema | https://github.com/arms-mbon/analysis_release_002/tree/main/parameter_files,CREST classifier; Minimum bit-score 155; LCA bitscore range 2% | Unite db v7.2 ; swarm2 d = 10,Abra de Bilbao (http://marineregions.org/mrgid/17355),43.338452,-3.014833,ES,Getxo_G1,5.0,10.0,Marina; semi-industrial; 9.6 - Subtidal Muddy,,Was a crate cover used when retrieving the unit: not provided; Which component of the ARMS unit material was extracted: Motile,https://github.com/arms-mbon/data_release_002,Eukaryota;Opisthokonta;Fungi;Ascomycota;Sordariomycetes;Xylariales;Xylariales_fam_Incertae_sedis;Hansfordia;Hansfordia_pulvinata,,Hansfordia pulvinata,species,Otu349,NCBI:767359,ARMS_Getxo_G1_20200624_20201103_MF100_s1_r1
ARMS_Getxo_G1_20200624_20201103_MF100_s1_r1:Otu347,MaterialSample,ARMS-MBON,data_release_002,present,ARMS_Getxo_G1_20200624_20201103,SAMEA10021238,2020-06-24/2020-11-03,11,DNA sequence reads,1001,DNA sequence reads,https://github.com/arms-mbon/documentation/tree/main/armsmbon_handbook,ERR7127668,PEMA v2.1.4 https://github.com/hariszaf/pema | https://github.com/arms-mbon/analysis_release_002/tree/main/parameter_files,CREST classifier; Minimum bit-score 155; LCA bitscore range 2% | Unite db v7.2 ; swarm2 d = 10,Abra de Bilbao (http://marineregions.org/mrgid/17355),43.338452,-3.014833,ES,Getxo_G1,5.0,10.0,Marina; semi-industrial; 9.6 - Subtidal Muddy,,Was a crate cover used when retrieving the unit: not provided; Which component of the ARMS unit material was extracted: Motile,https://github.com/arms-mbon/data_release_002,Eukaryota;Opisthokonta;Fungi;Basidiomycota;Cystobasidiomycetes;Cystobasidiomycetes_ord_Incertae_sedis;Cystobasidiomycetes_fam_Incertae_sedis;Symmetrospora;Symmetrospora_foliicola,,Symmetrospora foliicola,species,Otu347,NCBI:5434,ARMS_Getxo_G1_20200624_20201103_MF100_s1_r1
ARMS_Getxo_G1_20200624_20201103_MF100_s1_r1:Otu513,MaterialSample,ARMS-MBON,data_release_002,present,ARMS_Getxo_G1_20200624_20201103,SAMEA10021238,2020-06-24/2020-11-03,5,DNA sequence reads,1001,DNA sequence reads,https://github.com/arms-mbon/documentation/tree/main/armsmbon_handbook,ERR7127668,PEMA v2.1.4 https://github.com/hariszaf/pema | https://github.com/arms-mbon/analysis_release_002/tree/main/parameter_files,CREST classifier; Minimum bit-score 155; LCA bitscore range 2% | Unite db v7.2 ; swarm2 d = 10,Abra de Bilbao (http://marineregions.org/mrgid/17355),43.338452,-3.014833,ES,Getxo_G1,5.0,10.0,Marina; semi-industrial; 9.6 - Subtidal Muddy,,Was a crate cover used when retrieving the unit: not provided; Which component of the ARMS unit material was extracted: Motile,https://github.com/arms-mbon/data_release_002,Eukaryota;Opisthokonta;Fungi;Basidiomycota;Cystobasidiomycetes;Cystobasidiomycetes_ord_Incertae_sedis;Cystobasidiomycetes_fam_Incertae_sedis;Buckleyzyma;Unknown Buckleyzyma species 1,,Buckleyzyma,genus,Otu513,NCBI:1798813,ARMS_Getxo_G1_20200624_20201103_MF100_s1_r1
ARMS_Getxo_G1_20200624_20201103_MF100_s1_r1:Otu738,MaterialSample,ARMS-MBON,data_release_002,present,ARMS_Getxo_G1_20200624_20201103,SAMEA10021238,2020-06-24/2020-11-03,3,DNA sequence reads,1001,DNA sequence reads,https://github.com/arms-mbon/documentation/tree/main/armsmbon_handbook,ERR7127668,PEMA v2.1.4 https://github.com/hariszaf/pema | https://github.com/arms-mbon/analysis_release_002/tree/main/parameter_files,CREST classifier; Minimum bit-score 155; LCA bitscore range 2% | Unite db v7.2 ; swarm2 d = 10,Abra de Bilbao (http://marineregions.org/mrgid/17355),43.338452,-3.014833,ES,Getxo_G1,5.0,10.0,Marina; semi-industrial; 9.6 - Subtidal Muddy,,Was a crate cover used when retrieving the unit: not provided; Which component of the ARMS unit material was extracted: Motile,https://github.com/arms-mbon/data_release_002,Eukaryota;Opisthokonta;Fungi;Ascomycota;Dothideomycetes;Pleosporales;Didymosphaeriaceae;Paraconiothyrium,urn:lsid:marinespecies.org:taxname:1728113,Paraconiothyrium,Genus,Otu738,NCBI:300251,ARMS_Getxo_G1_20200624_20201103_MF100_s1_r1
ARMS_Getxo_G1_20200624_20201103_MF100_s1_r1:Otu226,MaterialSample,ARMS-MBON,data_release_002,present,ARMS_Getxo_G1_20200624_20201103,SAMEA10021238,2020-06-24/2020-11-03,28,DNA sequence reads,1001,DNA sequence reads,https://github.com/arms-mbon/documentation/tree/main/armsmbon_handbook,ERR7127668,PEMA v2.1.4 https://github.com/hariszaf/pema | https://github.com/arms-mbon/analysis_release_002/tree/main/parameter_files,CREST classifier; Minimum bit-score 155; LCA bitscore range 2% | Unite db v7.2 ; swarm2 d = 10,Abra de Bilbao (http://marineregions.org/mrgid/17355),43.338452,-3.014833,ES,Getxo_G1,5.0,10.0,Marina; semi-industrial; 9.6 - Subtidal Muddy,uncertain classification (not marine),Was a crate cover used when retrieving the unit: not provided; Which component of the ARMS unit material was extracted: Motile,https://github.com/arms-mbon/data_release_002,Eukaryota;Opisthokonta;Fungi;Basidiomycota;Agaricomycetes;Agaricales;Unknown Agaricales family 2,urn:lsid:marinespecies.org:taxname:100021,Agaricales,Order,Otu226,NCBI:5338,ARMS_Getxo_G1_20200624_20201103_MF100_s1_r1
ARMS_Getxo_G1_20200624_20201103_MF100_s1_r1:Otu431,MaterialSample,ARMS-MBON,data_release_002,present,ARMS_Getxo_G1_20200624_20201103,SAMEA10021238,2020-06-24/2020-11-03,8,DNA sequence reads,1001,DNA sequence reads,https://github.com/arms-mbon/documentation/tree/main/armsmbon_handbook,ERR7127668,PEMA v2.1.4 https://github.com/hariszaf/pema | https://github.com/arms-mbon/analysis_release_002/tree/main/parameter_files,CREST classifier; Minimum bit-score 155; LCA bitscore range 2% | Unite db v7.2 ; swarm2 d = 10,Abra de Bilbao (http://marineregions.org/mrgid/17355),43.338452,-3.014833,ES,Getxo_G1,5.0,10.0,Marina; semi-industrial; 9.6 - Subtidal Muddy,uncertain classification (not marine),Was a crate cover used when retrieving the unit: not provided; Which component of the ARMS unit material was extracted: Motile,https://github.com/arms-mbon/data_release_002,Eukaryota;Opisthokonta;Fungi;Ascomycota;Dothideomycetes;Pleosporales;Didymosphaeriaceae;Paraphaeosphaeria;Unknown Paraphaeosphaeria species 1,urn:lsid:marinespecies.org:taxname:865865,Paraphaeosphaeria,Genus,Otu431,NCBI:125369,ARMS_Getxo_G1_20200624_20201103_MF100_s1_r1
ARMS_Getxo_G1_20200624_20201103_MF100_s1_r1:Otu448,MaterialSample,ARMS-MBON,data_release_002,present,ARMS_Getxo_G1_20200624_20201103,SAMEA10021238,2020-06-24/2020-11-03,11,DNA sequence reads,1001,DNA sequence reads,https://github.com/arms-mbon/documentation/tree/main/armsmbon_handbook,ERR7127668,PEMA v2.1.4 https://github.com/hariszaf/pema | https://github.com/arms-mbon/analysis_release_002/tree/main/parameter_files,CREST classifier; Minimum bit-score 155; LCA bitscore range 2% | Unite db v7.2 ; swarm2 d = 10,Abra de Bilbao (http://marineregions.org/mrgid/17355),43.338452,-3.014833,ES,Getxo_G1,5.0,10.0,Marina; semi-industrial; 9.6 - Subtidal Muddy,,Was a crate cover used when retrieving the unit: not provided; Which component of the ARMS unit material was extracted: Motile,https://github.com/arms-mbon/data_release_002,Eukaryota;Opisthokonta;Fungi;Ascomycota;Eurotiomycetes;Chaetothyriales;Herpotrichiellaceae;Cladophialophora;Cladophialophora_arxii,,Cladophialophora arxii,species,Otu448,NCBI:82108,ARMS_Getxo_G1_20200624_20201103_MF100_s1_r1
ARMS_Getxo_G1_20200624_20201103_MF100_s1_r1:Otu99,MaterialSample,ARMS-MBON,data_release_002,present,ARMS_Getxo_G1_20200624_20201103,SAMEA10021238,2020-06-24/2020-11-03,6,DNA sequence reads,1001,DNA sequence reads,https://github.com/arms-mbon/documentation/tree/main/armsmbon_handbook,ERR7127668,PEMA v2.1.4 https://github.com/hariszaf/pema | https://github.com/arms-mbon/analysis_release_002/tree/main/parameter_files,CREST classifier; Minimum bit-score 155; LCA bitscore range 2% | Unite db v7.2 ; swarm2 d = 10,Abra de Bilbao (http://marineregions.org/mrgid/17355),43.338452,-3.014833,ES,Getxo_G1,5.0,10.0,Marina; semi-industrial; 9.6 - Subtidal Muddy,uncertain classification (not marine),Was a crate cover used when retrieving the unit: not provided; Which component of the ARMS unit material was extracted: Motile,https://github.com/arms-mbon/data_release_002,Eukaryota;Opisthokonta;Fungi;Ascomycota;Leotiomycetes;Unknown Leotiomycetes order 1,urn:lsid:marinespecies.org:taxname:437251,Leotiomycetes,Class,Otu99,NCBI:147548,ARMS_Getxo_G1_20200624_20201103_MF100_s1_r1
ARMS_Getxo_G1_20200624_20201103_MF100_s1_r1:Otu95,MaterialSample,ARMS-MBON,data_release_002,present,ARMS_Getxo_G1_20200624_20201103,SAMEA10021238,2020-06-24/2020-11-03,20,DNA sequence reads,1001,DNA sequence reads,https://github.com/arms-mbon/documentation/tree/main/armsmbon_handbook,ERR7127668,PEMA v2.1.4 https://github.com/hariszaf/pema | https://github.com/arms-mbon/analysis_release_002/tree/main/parameter_files,CREST classifier; Minimum bit-score 155; LCA bitscore range 2% | Unite db v7.2 ; swarm2 d = 10,Abra de Bilbao (http://marineregions.org/mrgid/17355),43.338452,-3.014833,ES,Getxo_G1,5.0,10.0,Marina; semi-industrial; 9.6 - Subtidal Muddy,,Was a crate cover used when retrieving the unit: not provided; Which component of the ARMS unit material was extracted: Motile,https://github.com/arms-mbon/data_release_002,Eukaryota;Opisthokonta;Fungi;Ascomycota;Eurotiomycetes;Eurotiales;Aspergillaceae;Penicillium;Penicillium_bialowiezense,,Penicillium bialowiezense,species,Otu95,NCBI:293381,ARMS_Getxo_G1_20200624_20201103_MF100_s1_r1
ARMS_Getxo_G1_20200624_20201103_MF100_s1_r1:Otu409,MaterialSample,ARMS-MBON,data_release_002,present,ARMS_Getxo_G1_20200624_20201103,SAMEA10021238,2020-06-24/2020-11-03,9,DNA sequence reads,1001,DNA sequence reads,https://github.com/arms-mbon/documentation/tree/main/armsmbon_handbook,ERR7127668,PEMA v2.1.4 https://github.com/hariszaf/pema | https://github.com/arms-mbon/analysis_release_002/tree/main/parameter_files,CREST classifier; Minimum bit-score 155; LCA bitscore range 2% | Unite db v7.2 ; swarm2 d = 10,Abra de Bilbao (http://marineregions.org/mrgid/17355),43.338452,-3.014833,ES,Getxo_G1,5.0,10.0,Marina; semi-industrial; 9.6 - Subtidal Muddy,uncertain classification (not marine),Was a crate cover used when retrieving the unit: not provided; Which component of the ARMS unit material was extracted: Motile,https://github.com/arms-mbon/data_release_002,Eukaryota;Opisthokonta;Fungi;Ascomycota;Sordariomycetes;Unknown Sordariomycetes order 4,urn:lsid:marinespecies.org:taxname:437254,Sordariomycetes,Class,Otu409,NCBI:147550,ARMS_Getxo_G1_20200624_20201103_MF100_s1_r1
ARMS_Getxo_G1_20200624_20201103_MF100_s1_r1:Otu405,MaterialSample,ARMS-MBON,data_release_002,present,ARMS_Getxo_G1_20200624_20201103,SAMEA10021238,2020-06-24/2020-11-03,7,DNA sequence reads,1001,DNA sequence reads,https://github.com/arms-mbon/documentation/tree/main/armsmbon_handbook,ERR7127668,PEMA v2.1.4 https://github.com/hariszaf/pema | https://github.com/arms-mbon/analysis_release_002/tree/main/parameter_files,CREST classifier; Minimum bit-score 155; LCA bitscore range 2% | Unite db v7.2 ; swarm2 d = 10,Abra de Bilbao (http://marineregions.org/mrgid/17355),43.338452,-3.014833,ES,Getxo_G1,5.0,10.0,Marina; semi-industrial; 9.6 - Subtidal Muddy,uncertain classification (not marine),Was a crate cover used when retrieving the unit: not provided; Which component of the ARMS unit material was extracted: Motile,https://github.com/arms-mbon/data_release_002,Eukaryota;Opisthokonta;Fungi;Ascomycota;Dothideomycetes;Pleosporales;Didymellaceae;Didymella,urn:lsid:marinespecies.org:taxname:100105,Didymella,Genus,Otu405,NCBI:55170,ARMS_Getxo_G1_20200624_20201103_MF100_s1_r1
ARMS_Getxo_G1_20200624_20201103_MF100_s1_r1:Otu865,MaterialSample,ARMS-MBON,data_release_002,present,ARMS_Getxo_G1_20200624_20201103,SAMEA10021238,2020-06-24/2020-11-03,2,DNA sequence reads,1001,DNA sequence reads,https://github.com/arms-mbon/documentation/tree/main/armsmbon_handbook,ERR7127668,PEMA v2.1.4 https://github.com/hariszaf/pema | https://github.com/arms-mbon/analysis_release_002/tree/main/parameter_files,CREST classifier; Minimum bit-score 155; LCA bitscore range 2% | Unite db v7.2 ; swarm2 d = 10,Abra de Bilbao (http://marineregions.org/mrgid/17355),43.338452,-3.014833,ES,Getxo_G1,5.0,10.0,Marina; semi-industrial; 9.6 - Subtidal Muddy,uncertain classification (not marine),Was a crate cover used when retrieving the unit: not provided; Which component of the ARMS unit material was extracted: Motile,https://github.com/arms-mbon/data_release_002,Eukaryota;Opisthokonta;Fungi;Basidiomycota;Agaricomycetes;Unknown Agaricomycetes order 1,urn:lsid:marinespecies.org:taxname:426217,Agaricomycetes,Class,Otu865,NCBI:155619,ARMS_Getxo_G1_20200624_20201103_MF100_s1_r1
ARMS_Getxo_G1_20200624_20201103_MF100_s1_r1:Otu418,MaterialSample,ARMS-MBON,data_release_002,present,ARMS_Getxo_G1_20200624_20201103,SAMEA10021238,2020-06-24/2020-11-03,7,DNA sequence reads,1001,DNA sequence reads,https://github.com/arms-mbon/documentation/tree/main/armsmbon_handbook,ERR7127668,PEMA v2.1.4 https://github.com/hariszaf/pema | https://github.com/arms-mbon/analysis_release_002/tree/main/parameter_files,CREST classifier; Minimum bit-score 155; LCA bitscore range 2% | Unite db v7.2 ; swarm2 d = 10,Abra de Bilbao (http://marineregions.org/mrgid/17355),43.338452,-3.014833,ES,Getxo_G1,5.0,10.0,Marina; semi-industrial; 9.6 - Subtidal Muddy,,Was a crate cover used when retrieving the unit: not provided; Which component of the ARMS unit material was extracted: Motile,https://github.com/arms-mbon/data_release_002,Eukaryota;Opisthokonta;Fungi;Basidiomycota;Agaricomycetes;Agaricales;Physalacriaceae;Armillaria;Unknown Armillaria species 1,,Armillaria,genus,Otu418,NCBI:47424,ARMS_Getxo_G1_20200624_20201103_MF100_s1_r1
ARMS_Getxo_G1_20200624_20201103_MF100_s1_r1:Otu384,MaterialSample,ARMS-MBON,data_release_002,present,ARMS_Getxo_G1_20200624_20201103,SAMEA10021238,2020-06-24/2020-11-03,8,DNA sequence reads,1001,DNA sequence reads,https://github.com/arms-mbon/documentation/tree/main/armsmbon_handbook,ERR7127668,PEMA v2.1.4 https://github.com/hariszaf/pema | https://github.com/arms-mbon/analysis_release_002/tree/main/parameter_files,CREST classifier; Minimum bit-score 155; LCA bitscore range 2% | Unite db v7.2 ; swarm2 d = 10,Abra de Bilbao (http://marineregions.org/mrgid/17355),43.338452,-3.014833,ES,Getxo_G1,5.0,10.0,Marina; semi-industrial; 9.6 - Subtidal Muddy,uncertain classification (not marine),Was a crate cover used when retrieving the unit: not provided; Which component of the ARMS unit material was extracted: Motile,https://github.com/arms-mbon/data_release_002,Eukaryota;Opisthokonta;Fungi;Mortierellomycota;Mortierellomycetes;Mortierellales;Mortierellaceae;Mortierella;Unknown Mortierella species 1,urn:lsid:marinespecies.org:taxname:100254,Mortierella,Genus,Otu384,NCBI:4855,ARMS_Getxo_G1_20200624_20201103_MF100_s1_r1
ARMS_Getxo_G1_20200624_20201103_MF100_s1_r1:Otu258,MaterialSample,ARMS-MBON,data_release_002,present,ARMS_Getxo_G1_20200624_20201103,SAMEA10021238,2020-06-24/2020-11-03,21,DNA sequence reads,1001,DNA sequence reads,https://github.com/arms-mbon/documentation/tree/main/armsmbon_handbook,ERR7127668,PEMA v2.1.4 https://github.com/hariszaf/pema | https://github.com/arms-mbon/analysis_release_002/tree/main/parameter_files,CREST classifier; Minimum bit-score 155; LCA bitscore range 2% | Unite db v7.2 ; swarm2 d = 10,Abra de Bilbao (http://marineregions.org/mrgid/17355),43.338452,-3.014833,ES,Getxo_G1,5.0,10.0,Marina; semi-industrial; 9.6 - Subtidal Muddy,uncertain classification (not marine),Was a crate cover used when retrieving the unit: not provided; Which component of the ARMS unit material was extracted: Motile,https://github.com/arms-mbon/data_release_002,Eukaryota;Opisthokonta;Fungi;Ascomycota;Dothideomycetes;Capnodiales;Unknown Capnodiales family 1,urn:lsid:marinespecies.org:taxname:437321,Capnodiales,Order,Otu258,NCBI:134362,ARMS_Getxo_G1_20200624_20201103_MF100_s1_r1
ARMS_Getxo_G1_20200624_20201103_MF100_s1_r1:Otu116,MaterialSample,ARMS-MBON,data_release_002,present,ARMS_Getxo_G1_20200624_20201103,SAMEA10021238,2020-06-24/2020-11-03,54,DNA sequence reads,1001,DNA sequence reads,https://github.com/arms-mbon/documentation/tree/main/armsmbon_handbook,ERR7127668,PEMA v2.1.4 https://github.com/hariszaf/pema | https://github.com/arms-mbon/analysis_release_002/tree/main/parameter_files,CREST classifier; Minimum bit-score 155; LCA bitscore range 2% | Unite db v7.2 ; swarm2 d = 10,Abra de Bilbao (http://marineregions.org/mrgid/17355),43.338452,-3.014833,ES,Getxo_G1,5.0,10.0,Marina; semi-industrial; 9.6 - Subtidal Muddy,uncertain classification (not marine),Was a crate cover used when retrieving the unit: not provided; Which component of the ARMS unit material was extracted: Motile,https://github.com/arms-mbon/data_release_002,Eukaryota;Opisthokonta;Animalia;Cnidaria;unidentified (Cnidaria) class incertae sedis;unidentified (Cnidaria) order incertae sedis;unidentified (Cnidaria) family incertae sedis;Unknown unidentified (Cnidaria) family incertae sedis genus 1,urn:lsid:marinespecies.org:taxname:1267,Cnidaria,Phylum,Otu116,NCBI:6073,ARMS_Getxo_G1_20200624_20201103_MF100_s1_r1
ARMS_Getxo_G1_20200624_20201103_MF100_s1_r1:Otu619,MaterialSample,ARMS-MBON,data_release_002,present,ARMS_Getxo_G1_20200624_20201103,SAMEA10021238,2020-06-24/2020-11-03,2,DNA sequence reads,1001,DNA sequence reads,https://github.com/arms-mbon/documentation/tree/main/armsmbon_handbook,ERR7127668,PEMA v2.1.4 https://github.com/hariszaf/pema | https://github.com/arms-mbon/analysis_release_002/tree/main/parameter_files,CREST classifier; Minimum bit-score 155; LCA bitscore range 2% | Unite db v7.2 ; swarm2 d = 10,Abra de Bilbao (http://marineregions.org/mrgid/17355),43.338452,-3.014833,ES,Getxo_G1,5.0,10.0,Marina; semi-industrial; 9.6 - Subtidal Muddy,uncertain classification (not marine),Was a crate cover used when retrieving the unit: not provided; Which component of the ARMS unit material was extracted: Motile,https://github.com/arms-mbon/data_release_002,Eukaryota;Opisthokonta;Fungi;Basidiomycota;Agaricomycetes,urn:lsid:marinespecies.org:taxname:426217,Agaricomycetes,Class,Otu619,NCBI:155619,ARMS_Getxo_G1_20200624_20201103_MF100_s1_r1
ARMS_Getxo_G1_20200624_20201103_MF100_s1_r1:Otu279,MaterialSample,ARMS-MBON,data_release_002,present,ARMS_Getxo_G1_20200624_20201103,SAMEA10021238,2020-06-24/2020-11-03,17,DNA sequence reads,1001,DNA sequence reads,https://github.com/arms-mbon/documentation/tree/main/armsmbon_handbook,ERR7127668,PEMA v2.1.4 https://github.com/hariszaf/pema | https://github.com/arms-mbon/analysis_release_002/tree/main/parameter_files,CREST classifier; Minimum bit-score 155; LCA bitscore range 2% | Unite db v7.2 ; swarm2 d = 10,Abra de Bilbao (http://marineregions.org/mrgid/17355),43.338452,-3.014833,ES,Getxo_G1,5.0,10.0,Marina; semi-industrial; 9.6 - Subtidal Muddy,,Was a crate cover used when retrieving the unit: not provided; Which component of the ARMS unit material was extracted: Motile,https://github.com/arms-mbon/data_release_002,Eukaryota;Opisthokonta;Fungi;Ascomycota;Dothideomycetes;Pleosporales;Arthopyreniaceae;Arthopyrenia;Arthopyrenia_salicis,,Arthopyrenia salicis,species,Otu279,NCBI:278010,ARMS_Getxo_G1_20200624_20201103_MF100_s1_r1
ARMS_Getxo_G1_20200624_20201103_MF100_s1_r1:Otu292,MaterialSample,ARMS-MBON,data_release_002,present,ARMS_Getxo_G1_20200624_20201103,SAMEA10021238,2020-06-24/2020-11-03,18,DNA sequence reads,1001,DNA sequence reads,https://github.com/arms-mbon/documentation/tree/main/armsmbon_handbook,ERR7127668,PEMA v2.1.4 https://github.com/hariszaf/pema | https://github.com/arms-mbon/analysis_release_002/tree/main/parameter_files,CREST classifier; Minimum bit-score 155; LCA bitscore range 2% | Unite db v7.2 ; swarm2 d = 10,Abra de Bilbao (http://marineregions.org/mrgid/17355),43.338452,-3.014833,ES,Getxo_G1,5.0,10.0,Marina; semi-industrial; 9.6 - Subtidal Muddy,,Was a crate cover used when retrieving the unit: not provided; Which component of the ARMS unit material was extracted: Motile,https://github.com/arms-mbon/data_release_002,Eukaryota;Opisthokonta;Fungi;Mucoromycota;Umbelopsidomycetes;Umbelopsidales;Umbelopsidaceae;Umbelopsis;Umbelopsis_sp,,Umbelopsis,genus,Otu292,NCBI:64561,ARMS_Getxo_G1_20200624_20201103_MF100_s1_r1
ARMS_Getxo_G1_20200624_20201103_MF100_s1_r1:Otu327,MaterialSample,ARMS-MBON,data_release_002,present,ARMS_Getxo_G1_20200624_20201103,SAMEA10021238,2020-06-24/2020-11-03,8,DNA sequence reads,1001,DNA sequence reads,https://github.com/arms-mbon/documentation/tree/main/armsmbon_handbook,ERR7127668,PEMA v2.1.4 https://github.com/hariszaf/pema | https://github.com/arms-mbon/analysis_release_002/tree/main/parameter_files,CREST classifier; Minimum bit-score 155; LCA bitscore range 2% | Unite db v7.2 ; swarm2 d = 10,Abra de Bilbao (http://marineregions.org/mrgid/17355),43.338452,-3.014833,ES,Getxo_G1,5.0,10.0,Marina; semi-industrial; 9.6 - Subtidal Muddy,uncertain classification (not marine),Was a crate cover used when retrieving the unit: not provided; Which component of the ARMS unit material was extracted: Motile,https://github.com/arms-mbon/data_release_002,Eukaryota;Opisthokonta;Fungi;Ascomycota;Dothideomycetes;Unknown Dothideomycetes order 3,urn:lsid:marinespecies.org:taxname:147577,Dothideomycetes,Class,Otu327,NCBI:147541,ARMS_Getxo_G1_20200624_20201103_MF100_s1_r1
ARMS_Getxo_G1_20200624_20201103_MF100_s1_r1:Otu401,MaterialSample,ARMS-MBON,data_release_002,present,ARMS_Getxo_G1_20200624_20201103,SAMEA10021238,2020-06-24/2020-11-03,9,DNA sequence reads,1001,DNA sequence reads,https://github.com/arms-mbon/documentation/tree/main/armsmbon_handbook,ERR7127668,PEMA v2.1.4 https://github.com/hariszaf/pema | https://github.com/arms-mbon/analysis_release_002/tree/main/parameter_files,CREST classifier; Minimum bit-score 155; LCA bitscore range 2% | Unite db v7.2 ; swarm2 d = 10,Abra de Bilbao (http://marineregions.org/mrgid/17355),43.338452,-3.014833,ES,Getxo_G1,5.0,10.0,Marina; semi-industrial; 9.6 - Subtidal Muddy,,Was a crate cover used when retrieving the unit: not provided; Which component of the ARMS unit material was extracted: Motile,https://github.com/arms-mbon/data_release_002,Eukaryota;Opisthokonta;Fungi;Ascomycota;Sordariomycetes;Hypocreales;Cordycipitaceae;Beauveria;Beauveria_pseudobassiana,,Beauveria pseudobassiana,species,Otu401,NCBI:931006,ARMS_Getxo_G1_20200624_20201103_MF100_s1_r1
ARMS_Getxo_G1_20200624_20201103_MF100_s1_r1:Otu146,MaterialSample,ARMS-MBON,data_release_002,present,ARMS_Getxo_G1_20200624_20201103,SAMEA10021238,2020-06-24/2020-11-03,60,DNA sequence reads,1001,DNA sequence reads,https://github.com/arms-mbon/documentation/tree/main/armsmbon_handbook,ERR7127668,PEMA v2.1.4 https://github.com/hariszaf/pema | https://github.com/arms-mbon/analysis_release_002/tree/main/parameter_files,CREST classifier; Minimum bit-score 155; LCA bitscore range 2% | Unite db v7.2 ; swarm2 d = 10,Abra de Bilbao (http://marineregions.org/mrgid/17355),43.338452,-3.014833,ES,Getxo_G1,5.0,10.0,Marina; semi-industrial; 9.6 - Subtidal Muddy,uncertain classification (not marine),Was a crate cover used when retrieving the unit: not provided; Which component of the ARMS unit material was extracted: Motile,https://github.com/arms-mbon/data_release_002,Eukaryota;Opisthokonta;Fungi;Ascomycota;unidentified (Ascomycota) class incertae sedis;unidentified (Ascomycota) order incertae sedis;unidentified (Ascomycota) family incertae sedis;unidentified (unidentified (unidentified (unidentified (Ascomycota))));Unknown unidentified (unidentified (unidentified (unidentified (Ascomycota)))) species 1,urn:lsid:marinespecies.org:taxname:21891,Ascomycota,Phylum (Division),Otu146,NCBI:4890,ARMS_Getxo_G1_20200624_20201103_MF100_s1_r1
ARMS_Getxo_G1_20200624_20201103_MF100_s1_r1:Otu1364,MaterialSample,ARMS-MBON,data_release_002,present,ARMS_Getxo_G1_20200624_20201103,SAMEA10021238,2020-06-24/2020-11-03,2,DNA sequence reads,1001,DNA sequence reads,https://github.com/arms-mbon/documentation/tree/main/armsmbon_handbook,ERR7127668,PEMA v2.1.4 https://github.com/hariszaf/pema | https://github.com/arms-mbon/analysis_release_002/tree/main/parameter_files,CREST classifier; Minimum bit-score 155; LCA bitscore range 2% | Unite db v7.2 ; swarm2 d = 10,Abra de Bilbao (http://marineregions.org/mrgid/17355),43.338452,-3.014833,ES,Getxo_G1,5.0,10.0,Marina; semi-industrial; 9.6 - Subtidal Muddy,uncertain classification (not marine),Was a crate cover used when retrieving the unit: not provided; Which component of the ARMS unit material was extracted: Motile,https://github.com/arms-mbon/data_release_002,Eukaryota;Opisthokonta;Fungi;Ascomycota;Leotiomycetes;Helotiales;Unknown Helotiales family 1,urn:lsid:marinespecies.org:taxname:177198,Helotiales,Order,Otu1364,NCBI:5178,ARMS_Getxo_G1_20200624_20201103_MF100_s1_r1
ARMS_Getxo_G1_20200624_20201103_MF100_s1_r1:Otu242,MaterialSample,ARMS-MBON,data_release_002,present,ARMS_Getxo_G1_20200624_20201103,SAMEA10021238,2020-06-24/2020-11-03,27,DNA sequence reads,1001,DNA sequence reads,https://github.com/arms-mbon/documentation/tree/main/armsmbon_handbook,ERR7127668,PEMA v2.1.4 https://github.com/hariszaf/pema | https://github.com/arms-mbon/analysis_release_002/tree/main/parameter_files,CREST classifier; Minimum bit-score 155; LCA bitscore range 2% | Unite db v7.2 ; swarm2 d = 10,Abra de Bilbao (http://marineregions.org/mrgid/17355),43.338452,-3.014833,ES,Getxo_G1,5.0,10.0,Marina; semi-industrial; 9.6 - Subtidal Muddy,uncertain classification (not marine),Was a crate cover used when retrieving the unit: not provided; Which component of the ARMS unit material was extracted: Motile,https://github.com/arms-mbon/data_release_002,Eukaryota;Opisthokonta;Fungi;Ascomycota;Dothideomycetes;Unknown Dothideomycetes order 2,urn:lsid:marinespecies.org:taxname:147577,Dothideomycetes,Class,Otu242,NCBI:147541,ARMS_Getxo_G1_20200624_20201103_MF100_s1_r1
ARMS_Getxo_G1_20200624_20201103_MF100_s1_r1:Otu29,MaterialSample,ARMS-MBON,data_release_002,present,ARMS_Getxo_G1_20200624_20201103,SAMEA10021238,2020-06-24/2020-11-03,24,DNA sequence reads,1001,DNA sequence reads,https://github.com/arms-mbon/documentation/tree/main/armsmbon_handbook,ERR7127668,PEMA v2.1.4 https://github.com/hariszaf/pema | https://github.com/arms-mbon/analysis_release_002/tree/main/parameter_files,CREST classifier; Minimum bit-score 155; LCA bitscore range 2% | Unite db v7.2 ; swarm2 d = 10,Abra de Bilbao (http://marineregions.org/mrgid/17355),43.338452,-3.014833,ES,Getxo_G1,5.0,10.0,Marina; semi-industrial; 9.6 - Subtidal Muddy,uncertain classification (not marine),Was a crate cover used when retrieving the unit: not provided; Which component of the ARMS unit material was extracted: Motile,https://github.com/arms-mbon/data_release_002,Eukaryota;Opisthokonta;Fungi;Ascomycota;Sordariomycetes;Hypocreales;Hypocreaceae;Trichoderma,urn:lsid:marinespecies.org:taxname:1485878,Hypocrea,Genus,Otu29,NCBI:5543,ARMS_Getxo_G1_20200624_20201103_MF100_s1_r1
ARMS_Getxo_G1_20200624_20201103_MF100_s1_r1:Otu26,MaterialSample,ARMS-MBON,data_release_002,present,ARMS_Getxo_G1_20200624_20201103,SAMEA10021238,2020-06-24/2020-11-03,21,DNA sequence reads,1001,DNA sequence reads,https://github.com/arms-mbon/documentation/tree/main/armsmbon_handbook,ERR7127668,PEMA v2.1.4 https://github.com/hariszaf/pema | https://github.com/arms-mbon/analysis_release_002/tree/main/parameter_files,CREST classifier; Minimum bit-score 155; LCA bitscore range 2% | Unite db v7.2 ; swarm2 d = 10,Abra de Bilbao (http://marineregions.org/mrgid/17355),43.338452,-3.014833,ES,Getxo_G1,5.0,10.0,Marina; semi-industrial; 9.6 - Subtidal Muddy,,Was a crate cover used when retrieving the unit: not provided; Which component of the ARMS unit material was extracted: Motile,https://github.com/arms-mbon/data_release_002,Eukaryota;Opisthokonta;Fungi;Ascomycota;Dothideomycetes;Pleosporales;Cucurbitariaceae;Pyrenochaetopsis;Pyrenochaetopsis_leptospora,,Pyrenochaetopsis leptospora,species,Otu26,NCBI:798152,ARMS_Getxo_G1_20200624_20201103_MF100_s1_r1
ARMS_Getxo_G1_20200624_20201103_MF100_s1_r1:Otu585,MaterialSample,ARMS-MBON,data_release_002,present,ARMS_Getxo_G1_20200624_20201103,SAMEA10021238,2020-06-24/2020-11-03,2,DNA sequence reads,1001,DNA sequence reads,https://github.com/arms-mbon/documentation/tree/main/armsmbon_handbook,ERR7127668,PEMA v2.1.4 https://github.com/hariszaf/pema | https://github.com/arms-mbon/analysis_release_002/tree/main/parameter_files,CREST classifier; Minimum bit-score 155; LCA bitscore range 2% | Unite db v7.2 ; swarm2 d = 10,Abra de Bilbao (http://marineregions.org/mrgid/17355),43.338452,-3.014833,ES,Getxo_G1,5.0,10.0,Marina; semi-industrial; 9.6 - Subtidal Muddy,uncertain classification (not marine),Was a crate cover used when retrieving the unit: not provided; Which component of the ARMS unit material was extracted: Motile,https://github.com/arms-mbon/data_release_002,Eukaryota;Opisthokonta;Fungi;Unknown Fungi phylum 3,urn:lsid:marinespecies.org:taxname:4,Fungi,Kingdom,Otu585,NCBI:4751,ARMS_Getxo_G1_20200624_20201103_MF100_s1_r1
ARMS_Getxo_G1_20200624_20201103_MF100_s1_r1:Otu458,MaterialSample,ARMS-MBON,data_release_002,present,ARMS_Getxo_G1_20200624_20201103,SAMEA10021238,2020-06-24/2020-11-03,7,DNA sequence reads,1001,DNA sequence reads,https://github.com/arms-mbon/documentation/tree/main/armsmbon_handbook,ERR7127668,PEMA v2.1.4 https://github.com/hariszaf/pema | https://github.com/arms-mbon/analysis_release_002/tree/main/parameter_files,CREST classifier; Minimum bit-score 155; LCA bitscore range 2% | Unite db v7.2 ; swarm2 d = 10,Abra de Bilbao (http://marineregions.org/mrgid/17355),43.338452,-3.014833,ES,Getxo_G1,5.0,10.0,Marina; semi-industrial; 9.6 - Subtidal Muddy,uncertain classification (not marine),Was a crate cover used when retrieving the unit: not provided; Which component of the ARMS unit material was extracted: Motile,https://github.com/arms-mbon/data_release_002,Eukaryota;Opisthokonta;Fungi;Ascomycota;Dothideomycetes;Pleosporales;unidentified (Pleosporales) family incertae sedis;unidentified (unidentified (Pleosporales));Pleosporales_sp,urn:lsid:marinespecies.org:taxname:146409,Pleosporales,Order,Otu458,NCBI:92860,ARMS_Getxo_G1_20200624_20201103_MF100_s1_r1
ARMS_Getxo_G1_20200624_20201103_MF100_s1_r1:Otu452,MaterialSample,ARMS-MBON,data_release_002,present,ARMS_Getxo_G1_20200624_20201103,SAMEA10021238,2020-06-24/2020-11-03,6,DNA sequence reads,1001,DNA sequence reads,https://github.com/arms-mbon/documentation/tree/main/armsmbon_handbook,ERR7127668,PEMA v2.1.4 https://github.com/hariszaf/pema | https://github.com/arms-mbon/analysis_release_002/tree/main/parameter_files,CREST classifier; Minimum bit-score 155; LCA bitscore range 2% | Unite db v7.2 ; swarm2 d = 10,Abra de Bilbao (http://marineregions.org/mrgid/17355),43.338452,-3.014833,ES,Getxo_G1,5.0,10.0,Marina; semi-industrial; 9.6 - Subtidal Muddy,uncertain classification (not marine),Was a crate cover used when retrieving the unit: not provided; Which component of the ARMS unit material was extracted: Motile,https://github.com/arms-mbon/data_release_002,Eukaryota;Opisthokonta;Fungi;Ascomycota;Unknown Ascomycota class 1,urn:lsid:marinespecies.org:taxname:21891,Ascomycota,Phylum (Division),Otu452,NCBI:4890,ARMS_Getxo_G1_20200624_20201103_MF100_s1_r1
ARMS_Getxo_G1_20200624_20201103_MF100_s1_r1:Otu451,MaterialSample,ARMS-MBON,data_release_002,present,ARMS_Getxo_G1_20200624_20201103,SAMEA10021238,2020-06-24/2020-11-03,8,DNA sequence reads,1001,DNA sequence reads,https://github.com/arms-mbon/documentation/tree/main/armsmbon_handbook,ERR7127668,PEMA v2.1.4 https://github.com/hariszaf/pema | https://github.com/arms-mbon/analysis_release_002/tree/main/parameter_files,CREST classifier; Minimum bit-score 155; LCA bitscore range 2% | Unite db v7.2 ; swarm2 d = 10,Abra de Bilbao (http://marineregions.org/mrgid/17355),43.338452,-3.014833,ES,Getxo_G1,5.0,10.0,Marina; semi-industrial; 9.6 - Subtidal Muddy,uncertain classification (not marine),Was a crate cover used when retrieving the unit: not provided; Which component of the ARMS unit material was extracted: Motile,https://github.com/arms-mbon/data_release_002,Eukaryota;Opisthokonta;Fungi;Ascomycota;Sordariomycetes;Hypocreales;Hypocreales_fam_Incertae_sedis;Acremonium;Unknown Acremonium species 1,urn:lsid:marinespecies.org:taxname:100206,Acremonium,Genus,Otu451,NCBI:159075,ARMS_Getxo_G1_20200624_20201103_MF100_s1_r1
ARMS_Getxo_G1_20200624_20201103_MF100_s1_r1:Otu450,MaterialSample,ARMS-MBON,data_release_002,present,ARMS_Getxo_G1_20200624_20201103,SAMEA10021238,2020-06-24/2020-11-03,6,DNA sequence reads,1001,DNA sequence reads,https://github.com/arms-mbon/documentation/tree/main/armsmbon_handbook,ERR7127668,PEMA v2.1.4 https://github.com/hariszaf/pema | https://github.com/arms-mbon/analysis_release_002/tree/main/parameter_files,CREST classifier; Minimum bit-score 155; LCA bitscore range 2% | Unite db v7.2 ; swarm2 d = 10,Abra de Bilbao (http://marineregions.org/mrgid/17355),43.338452,-3.014833,ES,Getxo_G1,5.0,10.0,Marina; semi-industrial; 9.6 - Subtidal Muddy,uncertain classification (not marine),Was a crate cover used when retrieving the unit: not provided; Which component of the ARMS unit material was extracted: Motile,https://github.com/arms-mbon/data_release_002,Eukaryota;Opisthokonta;Fungi;Ascomycota,urn:lsid:marinespecies.org:taxname:21891,Ascomycota,Phylum (Division),Otu450,NCBI:4890,ARMS_Getxo_G1_20200624_20201103_MF100_s1_r1
ARMS_Getxo_G1_20200624_20201103_MF100_s1_r1:Otu423,MaterialSample,ARMS-MBON,data_release_002,present,ARMS_Getxo_G1_20200624_20201103,SAMEA10021238,2020-06-24/2020-11-03,7,DNA sequence reads,1001,DNA sequence reads,https://github.com/arms-mbon/documentation/tree/main/armsmbon_handbook,ERR7127668,PEMA v2.1.4 https://github.com/hariszaf/pema | https://github.com/arms-mbon/analysis_release_002/tree/main/parameter_files,CREST classifier; Minimum bit-score 155; LCA bitscore range 2% | Unite db v7.2 ; swarm2 d = 10,Abra de Bilbao (http://marineregions.org/mrgid/17355),43.338452,-3.014833,ES,Getxo_G1,5.0,10.0,Marina; semi-industrial; 9.6 - Subtidal Muddy,uncertain classification (not marine),Was a crate cover used when retrieving the unit: not provided; Which component of the ARMS unit material was extracted: Motile,https://github.com/arms-mbon/data_release_002,Eukaryota;Opisthokonta;Fungi;Ascomycota;Sordariomycetes;Unknown Sordariomycetes order 5,urn:lsid:marinespecies.org:taxname:437254,Sordariomycetes,Class,Otu423,NCBI:147550,ARMS_Getxo_G1_20200624_20201103_MF100_s1_r1
ARMS_Getxo_G1_20200624_20201103_MF100_s1_r1:Otu153,MaterialSample,ARMS-MBON,data_release_002,present,ARMS_Getxo_G1_20200624_20201103,SAMEA10021238,2020-06-24/2020-11-03,62,DNA sequence reads,1001,DNA sequence reads,https://github.com/arms-mbon/documentation/tree/main/armsmbon_handbook,ERR7127668,PEMA v2.1.4 https://github.com/hariszaf/pema | https://github.com/arms-mbon/analysis_release_002/tree/main/parameter_files,CREST classifier; Minimum bit-score 155; LCA bitscore range 2% | Unite db v7.2 ; swarm2 d = 10,Abra de Bilbao (http://marineregions.org/mrgid/17355),43.338452,-3.014833,ES,Getxo_G1,5.0,10.0,Marina; semi-industrial; 9.6 - Subtidal Muddy,uncertain classification (not marine),Was a crate cover used when retrieving the unit: not provided; Which component of the ARMS unit material was extracted: Motile,https://github.com/arms-mbon/data_release_002,Eukaryota;Opisthokonta;Fungi;unidentified (Fungi) phylum incertae sedis;unidentified (Fungi) class incertae sedis;unidentified (Fungi) order incertae sedis;unidentified (Fungi) family incertae sedis;Unknown unidentified (Fungi) family incertae sedis genus 2,urn:lsid:marinespecies.org:taxname:4,Fungi,Kingdom,Otu153,NCBI:4751,ARMS_Getxo_G1_20200624_20201103_MF100_s1_r1
ARMS_Getxo_G1_20200624_20201103_MF100_s1_r1:Otu328,MaterialSample,ARMS-MBON,data_release_002,present,ARMS_Getxo_G1_20200624_20201103,SAMEA10021238,2020-06-24/2020-11-03,19,DNA sequence reads,1001,DNA sequence reads,https://github.com/arms-mbon/documentation/tree/main/armsmbon_handbook,ERR7127668,PEMA v2.1.4 https://github.com/hariszaf/pema | https://github.com/arms-mbon/analysis_release_002/tree/main/parameter_files,CREST classifier; Minimum bit-score 155; LCA bitscore range 2% | Unite db v7.2 ; swarm2 d = 10,Abra de Bilbao (http://marineregions.org/mrgid/17355),43.338452,-3.014833,ES,Getxo_G1,5.0,10.0,Marina; semi-industrial; 9.6 - Subtidal Muddy,,Was a crate cover used when retrieving the unit: not provided; Which component of the ARMS unit material was extracted: Motile,https://github.com/arms-mbon/data_release_002,Eukaryota;Opisthokonta;Fungi;Ascomycota;Sordariomycetes;Conioscyphales;Unknown Conioscyphales family 1,urn:lsid:marinespecies.org:taxname:1457035,Conioscyphales,Order,Otu328,NCBI:1809179,ARMS_Getxo_G1_20200624_20201103_MF100_s1_r1
ARMS_Getxo_G1_20200624_20201103_MF500_s1_r1:Otu301,MaterialSample,ARMS-MBON,data_release_002,present,ARMS_Getxo_G1_20200624_20201103,SAMEA10021241,2020-06-24/2020-11-03,7,DNA sequence reads,497,DNA sequence reads,https://github.com/arms-mbon/documentation/tree/main/armsmbon_handbook,ERR7127671,PEMA v2.1.4 https://github.com/hariszaf/pema | https://github.com/arms-mbon/analysis_release_002/tree/main/parameter_files,CREST classifier; Minimum bit-score 155; LCA bitscore range 2% | Unite db v7.2 ; swarm2 d = 10,Abra de Bilbao (http://marineregions.org/mrgid/17355),43.338452,-3.014833,ES,Getxo_G1,5.0,10.0,Marina; semi-industrial; 9.6 - Subtidal Muddy,uncertain classification (not marine),Was a crate cover used when retrieving the unit: not provided; Which component of the ARMS unit material was extracted: Motile,https://github.com/arms-mbon/data_release_002,Eukaryota;Opisthokonta;Fungi;Ascomycota;Sordariomycetes;Hypocreales;Hypocreales_fam_Incertae_sedis;Acremonium,urn:lsid:marinespecies.org:taxname:100206,Acremonium,Genus,Otu301,NCBI:159075,ARMS_Getxo_G1_20200624_20201103_MF500_s1_r1
ARMS_Getxo_G1_20200624_20201103_MF500_s1_r1:Otu74,MaterialSample,ARMS-MBON,data_release_002,present,ARMS_Getxo_G1_20200624_20201103,SAMEA10021241,2020-06-24/2020-11-03,102,DNA sequence reads,497,DNA sequence reads,https://github.com/arms-mbon/documentation/tree/main/armsmbon_handbook,ERR7127671,PEMA v2.1.4 https://github.com/hariszaf/pema | https://github.com/arms-mbon/analysis_release_002/tree/main/parameter_files,CREST classifier; Minimum bit-score 155; LCA bitscore range 2% | Unite db v7.2 ; swarm2 d = 10,Abra de Bilbao (http://marineregions.org/mrgid/17355),43.338452,-3.014833,ES,Getxo_G1,5.0,10.0,Marina; semi-industrial; 9.6 - Subtidal Muddy,uncertain classification (not marine),Was a crate cover used when retrieving the unit: not provided; Which component of the ARMS unit material was extracted: Motile,https://github.com/arms-mbon/data_release_002,Eukaryota;Opisthokonta;Fungi;Basidiomycota;Tremellomycetes;Tremellales;Tremellaceae;Cryptococcus;Cryptococcus_sp,urn:lsid:marinespecies.org:taxname:603997,Cryptococcus,Genus,Otu74,NCBI:79213\n5206,ARMS_Getxo_G1_20200624_20201103_MF500_s1_r1
ARMS_Getxo_G1_20200624_20201103_MF500_s1_r1:Otu363,MaterialSample,ARMS-MBON,data_release_002,present,ARMS_Getxo_G1_20200624_20201103,SAMEA10021241,2020-06-24/2020-11-03,12,DNA sequence reads,497,DNA sequence reads,https://github.com/arms-mbon/documentation/tree/main/armsmbon_handbook,ERR7127671,PEMA v2.1.4 https://github.com/hariszaf/pema | https://github.com/arms-mbon/analysis_release_002/tree/main/parameter_files,CREST classifier; Minimum bit-score 155; LCA bitscore range 2% | Unite db v7.2 ; swarm2 d = 10,Abra de Bilbao (http://marineregions.org/mrgid/17355),43.338452,-3.014833,ES,Getxo_G1,5.0,10.0,Marina; semi-industrial; 9.6 - Subtidal Muddy,,Was a crate cover used when retrieving the unit: not provided; Which component of the ARMS unit material was extracted: Motile,https://github.com/arms-mbon/data_release_002,Eukaryota;Opisthokonta;Fungi;Ascomycota;Sordariomycetes;Hypocreales;Nectriaceae;Nectria;Nectria_pseudopeziza,,Nectria pseudopeziza,species,Otu363,NCBI:1835339,ARMS_Getxo_G1_20200624_20201103_MF500_s1_r1
ARMS_Getxo_G1_20200624_20201103_MF500_s1_r1:Otu189,MaterialSample,ARMS-MBON,data_release_002,present,ARMS_Getxo_G1_20200624_20201103,SAMEA10021241,2020-06-24/2020-11-03,41,DNA sequence reads,497,DNA sequence reads,https://github.com/arms-mbon/documentation/tree/main/armsmbon_handbook,ERR7127671,PEMA v2.1.4 https://github.com/hariszaf/pema | https://github.com/arms-mbon/analysis_release_002/tree/main/parameter_files,CREST classifier; Minimum bit-score 155; LCA bitscore range 2% | Unite db v7.2 ; swarm2 d = 10,Abra de Bilbao (http://marineregions.org/mrgid/17355),43.338452,-3.014833,ES,Getxo_G1,5.0,10.0,Marina; semi-industrial; 9.6 - Subtidal Muddy,uncertain classification (not marine),Was a crate cover used when retrieving the unit: not provided; Which component of the ARMS unit material was extracted: Motile,https://github.com/arms-mbon/data_release_002,Eukaryota;Opisthokonta;Fungi;Rozellomycota;unidentified (Rozellomycota) class incertae sedis;unidentified (Rozellomycota) order incertae sedis;unidentified (Rozellomycota) family incertae sedis;unidentified (unidentified (unidentified (unidentified (Rozellomycota))));Unknown unidentified (unidentified (unidentified (unidentified (Rozellomycota)))) species 1,urn:lsid:marinespecies.org:taxname:707609,Rozellida,Order,Otu189,NCBI:1031332,ARMS_Getxo_G1_20200624_20201103_MF500_s1_r1
ARMS_Getxo_G1_20200624_20201103_MF500_s1_r1:Otu235,MaterialSample,ARMS-MBON,data_release_002,present,ARMS_Getxo_G1_20200624_20201103,SAMEA10021241,2020-06-24/2020-11-03,30,DNA sequence reads,497,DNA sequence reads,https://github.com/arms-mbon/documentation/tree/main/armsmbon_handbook,ERR7127671,PEMA v2.1.4 https://github.com/hariszaf/pema | https://github.com/arms-mbon/analysis_release_002/tree/main/parameter_files,CREST classifier; Minimum bit-score 155; LCA bitscore range 2% | Unite db v7.2 ; swarm2 d = 10,Abra de Bilbao (http://marineregions.org/mrgid/17355),43.338452,-3.014833,ES,Getxo_G1,5.0,10.0,Marina; semi-industrial; 9.6 - Subtidal Muddy,uncertain classification (not marine),Was a crate cover used when retrieving the unit: not provided; Which component of the ARMS unit material was extracted: Motile,https://github.com/arms-mbon/data_release_002,Eukaryota;Opisthokonta;Fungi;Basidiomycota;Agaricomycetes;Agaricales;Tricholomataceae;Clitocybe;Unknown Clitocybe species 1,urn:lsid:marinespecies.org:taxname:426173,Clitocybe,Genus,Otu235,NCBI:50966,ARMS_Getxo_G1_20200624_20201103_MF500_s1_r1
ARMS_Getxo_G1_20200624_20201103_MF500_s1_r1:Otu266,MaterialSample,ARMS-MBON,data_release_002,present,ARMS_Getxo_G1_20200624_20201103,SAMEA10021241,2020-06-24/2020-11-03,20,DNA sequence reads,497,DNA sequence reads,https://github.com/arms-mbon/documentation/tree/main/armsmbon_handbook,ERR7127671,PEMA v2.1.4 https://github.com/hariszaf/pema | https://github.com/arms-mbon/analysis_release_002/tree/main/parameter_files,CREST classifier; Minimum bit-score 155; LCA bitscore range 2% | Unite db v7.2 ; swarm2 d = 10,Abra de Bilbao (http://marineregions.org/mrgid/17355),43.338452,-3.014833,ES,Getxo_G1,5.0,10.0,Marina; semi-industrial; 9.6 - Subtidal Muddy,uncertain classification (not marine),Was a crate cover used when retrieving the unit: not provided; Which component of the ARMS unit material was extracted: Motile,https://github.com/arms-mbon/data_release_002,Eukaryota;Opisthokonta;Fungi;Ascomycota;Sordariomycetes;Hypocreales;Hypocreaceae;Trichoderma,urn:lsid:marinespecies.org:taxname:1485878,Hypocrea,Genus,Otu266,NCBI:5543,ARMS_Getxo_G1_20200624_20201103_MF500_s1_r1
ARMS_Getxo_G1_20200624_20201103_MF500_s1_r1:Otu116,MaterialSample,ARMS-MBON,data_release_002,present,ARMS_Getxo_G1_20200624_20201103,SAMEA10021241,2020-06-24/2020-11-03,12,DNA sequence reads,497,DNA sequence reads,https://github.com/arms-mbon/documentation/tree/main/armsmbon_handbook,ERR7127671,PEMA v2.1.4 https://github.com/hariszaf/pema | https://github.com/arms-mbon/analysis_release_002/tree/main/parameter_files,CREST classifier; Minimum bit-score 155; LCA bitscore range 2% | Unite db v7.2 ; swarm2 d = 10,Abra de Bilbao (http://marineregions.org/mrgid/17355),43.338452,-3.014833,ES,Getxo_G1,5.0,10.0,Marina; semi-industrial; 9.6 - Subtidal Muddy,uncertain classification (not marine),Was a crate cover used when retrieving the unit: not provided; Which component of the ARMS unit material was extracted: Motile,https://github.com/arms-mbon/data_release_002,Eukaryota;Opisthokonta;Animalia;Cnidaria;unidentified (Cnidaria) class incertae sedis;unidentified (Cnidaria) order incertae sedis;unidentified (Cnidaria) family incertae sedis;Unknown unidentified (Cnidaria) family incertae sedis genus 1,urn:lsid:marinespecies.org:taxname:1267,Cnidaria,Phylum,Otu116,NCBI:6073,ARMS_Getxo_G1_20200624_20201103_MF500_s1_r1
ARMS_Getxo_G1_20200624_20201103_MF500_s1_r1:Otu29,MaterialSample,ARMS-MBON,data_release_002,present,ARMS_Getxo_G1_20200624_20201103,SAMEA10021241,2020-06-24/2020-11-03,226,DNA sequence reads,497,DNA sequence reads,https://github.com/arms-mbon/documentation/tree/main/armsmbon_handbook,ERR7127671,PEMA v2.1.4 https://github.com/hariszaf/pema | https://github.com/arms-mbon/analysis_release_002/tree/main/parameter_files,CREST classifier; Minimum bit-score 155; LCA bitscore range 2% | Unite db v7.2 ; swarm2 d = 10,Abra de Bilbao (http://marineregions.org/mrgid/17355),43.338452,-3.014833,ES,Getxo_G1,5.0,10.0,Marina; semi-industrial; 9.6 - Subtidal Muddy,uncertain classification (not marine),Was a crate cover used when retrieving the unit: not provided; Which component of the ARMS unit material was extracted: Motile,https://github.com/arms-mbon/data_release_002,Eukaryota;Opisthokonta;Fungi;Ascomycota;Sordariomycetes;Hypocreales;Hypocreaceae;Trichoderma,urn:lsid:marinespecies.org:taxname:1485878,Hypocrea,Genus,Otu29,NCBI:5543,ARMS_Getxo_G1_20200624_20201103_MF500_s1_r1
ARMS_Getxo_G1_20200624_20201103_MF500_s1_r1:Otu26,MaterialSample,ARMS-MBON,data_release_002,present,ARMS_Getxo_G1_20200624_20201103,SAMEA10021241,2020-06-24/2020-11-03,8,DNA sequence reads,497,DNA sequence reads,https://github.com/arms-mbon/documentation/tree/main/armsmbon_handbook,ERR7127671,PEMA v2.1.4 https://github.com/hariszaf/pema | https://github.com/arms-mbon/analysis_release_002/tree/main/parameter_files,CREST classifier; Minimum bit-score 155; LCA bitscore range 2% | Unite db v7.2 ; swarm2 d = 10,Abra de Bilbao (http://marineregions.org/mrgid/17355),43.338452,-3.014833,ES,Getxo_G1,5.0,10.0,Marina; semi-industrial; 9.6 - Subtidal Muddy,,Was a crate cover used when retrieving the unit: not provided; Which component of the ARMS unit material was extracted: Motile,https://github.com/arms-mbon/data_release_002,Eukaryota;Opisthokonta;Fungi;Ascomycota;Dothideomycetes;Pleosporales;Cucurbitariaceae;Pyrenochaetopsis;Pyrenochaetopsis_leptospora,,Pyrenochaetopsis leptospora,species,Otu26,NCBI:798152,ARMS_Getxo_G1_20200624_20201103_MF500_s1_r1
ARMS_Getxo_G1_20200624_20201103_MF500_s1_r1:Otu212,MaterialSample,ARMS-MBON,data_release_002,present,ARMS_Getxo_G1_20200624_20201103,SAMEA10021241,2020-06-24/2020-11-03,39,DNA sequence reads,497,DNA sequence reads,https://github.com/arms-mbon/documentation/tree/main/armsmbon_handbook,ERR7127671,PEMA v2.1.4 https://github.com/hariszaf/pema | https://github.com/arms-mbon/analysis_release_002/tree/main/parameter_files,CREST classifier; Minimum bit-score 155; LCA bitscore range 2% | Unite db v7.2 ; swarm2 d = 10,Abra de Bilbao (http://marineregions.org/mrgid/17355),43.338452,-3.014833,ES,Getxo_G1,5.0,10.0,Marina; semi-industrial; 9.6 - Subtidal Muddy,,Was a crate cover used when retrieving the unit: not provided; Which component of the ARMS unit material was extracted: Motile,https://github.com/arms-mbon/data_release_002,Eukaryota;Opisthokonta;Fungi;Ascomycota;Saccharomycetes;Saccharomycetales;Metschnikowiaceae;Clavispora;Clavispora_lusitaniae,,Clavispora lusitaniae,species,Otu212,NCBI:36911,ARMS_Getxo_G1_20200624_20201103_MF500_s1_r1
ARMS_Getxo_G1_20200624_20201103_SF40_s1_r1:Otu317,MaterialSample,ARMS-MBON,data_release_002,present,ARMS_Getxo_G1_20200624_20201103,SAMEA10021244,2020-06-24/2020-11-03,15,DNA sequence reads,10040,DNA sequence reads,https://github.com/arms-mbon/documentation/tree/main/armsmbon_handbook,ERR7127674,PEMA v2.1.4 https://github.com/hariszaf/pema | https://github.com/arms-mbon/analysis_release_002/tree/main/parameter_files,CREST classifier; Minimum bit-score 155; LCA bitscore range 2% | Unite db v7.2 ; swarm2 d = 10,Abra de Bilbao (http://marineregions.org/mrgid/17355),43.338452,-3.014833,ES,Getxo_G1,5.0,10.0,Marina; semi-industrial; 9.6 - Subtidal Muddy,uncertain classification (not marine),Was a crate cover used when retrieving the unit: not provided; Which component of the ARMS unit material was extracted: Sessile,https://github.com/arms-mbon/data_release_002,Eukaryota;Opisthokonta;Fungi;Ascomycota;Sordariomycetes;Unknown Sordariomycetes order 3,urn:lsid:marinespecies.org:taxname:437254,Sordariomycetes,Class,Otu317,NCBI:147550,ARMS_Getxo_G1_20200624_20201103_SF40_s1_r1
ARMS_Getxo_G1_20200624_20201103_SF40_s1_r1:Otu955,MaterialSample,ARMS-MBON,data_release_002,present,ARMS_Getxo_G1_20200624_20201103,SAMEA10021244,2020-06-24/2020-11-03,2,DNA sequence reads,10040,DNA sequence reads,https://github.com/arms-mbon/documentation/tree/main/armsmbon_handbook,ERR7127674,PEMA v2.1.4 https://github.com/hariszaf/pema | https://github.com/arms-mbon/analysis_release_002/tree/main/parameter_files,CREST classifier; Minimum bit-score 155; LCA bitscore range 2% | Unite db v7.2 ; swarm2 d = 10,Abra de Bilbao (http://marineregions.org/mrgid/17355),43.338452,-3.014833,ES,Getxo_G1,5.0,10.0,Marina; semi-industrial; 9.6 - Subtidal Muddy,uncertain classification (not marine),Was a crate cover used when retrieving the unit: not provided; Which component of the ARMS unit material was extracted: Sessile,https://github.com/arms-mbon/data_release_002,Eukaryota;Opisthokonta;Fungi;Ascomycota;Sordariomycetes;Chaetosphaeriales;Unknown Chaetosphaeriales family 1,urn:lsid:marinespecies.org:taxname:437312,Chaetosphaeriales,Order,Otu955,NCBI:261460,ARMS_Getxo_G1_20200624_20201103_SF40_s1_r1
ARMS_Getxo_G1_20200624_20201103_SF40_s1_r1:Otu178,MaterialSample,ARMS-MBON,data_release_002,present,ARMS_Getxo_G1_20200624_20201103,SAMEA10021244,2020-06-24/2020-11-03,50,DNA sequence reads,10040,DNA sequence reads,https://github.com/arms-mbon/documentation/tree/main/armsmbon_handbook,ERR7127674,PEMA v2.1.4 https://github.com/hariszaf/pema | https://github.com/arms-mbon/analysis_release_002/tree/main/parameter_files,CREST classifier; Minimum bit-score 155; LCA bitscore range 2% | Unite db v7.2 ; swarm2 d = 10,Abra de Bilbao (http://marineregions.org/mrgid/17355),43.338452,-3.014833,ES,Getxo_G1,5.0,10.0,Marina; semi-industrial; 9.6 - Subtidal Muddy,,Was a crate cover used when retrieving the unit: not provided; Which component of the ARMS unit material was extracted: Sessile,https://github.com/arms-mbon/data_release_002,Eukaryota;Opisthokonta;Fungi;Ascomycota;Taphrinomycetes;Taphrinales;Taphrinaceae;Taphrina;Taphrina_inositophila,,Taphrina inositophila,species,Otu178,NCBI:231972,ARMS_Getxo_G1_20200624_20201103_SF40_s1_r1
ARMS_Getxo_G1_20200624_20201103_SF40_s1_r1:Otu64,MaterialSample,ARMS-MBON,data_release_002,present,ARMS_Getxo_G1_20200624_20201103,SAMEA10021244,2020-06-24/2020-11-03,278,DNA sequence reads,10040,DNA sequence reads,https://github.com/arms-mbon/documentation/tree/main/armsmbon_handbook,ERR7127674,PEMA v2.1.4 https://github.com/hariszaf/pema | https://github.com/arms-mbon/analysis_release_002/tree/main/parameter_files,CREST classifier; Minimum bit-score 155; LCA bitscore range 2% | Unite db v7.2 ; swarm2 d = 10,Abra de Bilbao (http://marineregions.org/mrgid/17355),43.338452,-3.014833,ES,Getxo_G1,5.0,10.0,Marina; semi-industrial; 9.6 - Subtidal Muddy,uncertain classification (not marine),Was a crate cover used when retrieving the unit: not provided; Which component of the ARMS unit material was extracted: Sessile,https://github.com/arms-mbon/data_release_002,Eukaryota;Opisthokonta;Fungi;Ascomycota;Sordariomycetes;Hypocreales;Hypocreaceae;Trichoderma;Unknown Trichoderma species 1,urn:lsid:marinespecies.org:taxname:1485878,Hypocrea,Genus,Otu64,NCBI:5543,ARMS_Getxo_G1_20200624_20201103_SF40_s1_r1
ARMS_Getxo_G1_20200624_20201103_SF40_s1_r1:Otu197,MaterialSample,ARMS-MBON,data_release_002,present,ARMS_Getxo_G1_20200624_20201103,SAMEA10021244,2020-06-24/2020-11-03,40,DNA sequence reads,10040,DNA sequence reads,https://github.com/arms-mbon/documentation/tree/main/armsmbon_handbook,ERR7127674,PEMA v2.1.4 https://github.com/hariszaf/pema | https://github.com/arms-mbon/analysis_release_002/tree/main/parameter_files,CREST classifier; Minimum bit-score 155; LCA bitscore range 2% | Unite db v7.2 ; swarm2 d = 10,Abra de Bilbao (http://marineregions.org/mrgid/17355),43.338452,-3.014833,ES,Getxo_G1,5.0,10.0,Marina; semi-industrial; 9.6 - Subtidal Muddy,uncertain classification (not marine),Was a crate cover used when retrieving the unit: not provided; Which component of the ARMS unit material was extracted: Sessile,https://github.com/arms-mbon/data_release_002,Eukaryota;Opisthokonta;Fungi;Ascomycota;Sordariomycetes;Hypocreales;Unknown Hypocreales family 1,urn:lsid:marinespecies.org:taxname:100012,Hypocreales,Order,Otu197,NCBI:5125,ARMS_Getxo_G1_20200624_20201103_SF40_s1_r1
ARMS_Getxo_G1_20200624_20201103_SF40_s1_r1:Otu302,MaterialSample,ARMS-MBON,data_release_002,present,ARMS_Getxo_G1_20200624_20201103,SAMEA10021244,2020-06-24/2020-11-03,15,DNA sequence reads,10040,DNA sequence reads,https://github.com/arms-mbon/documentation/tree/main/armsmbon_handbook,ERR7127674,PEMA v2.1.4 https://github.com/hariszaf/pema | https://github.com/arms-mbon/analysis_release_002/tree/main/parameter_files,CREST classifier; Minimum bit-score 155; LCA bitscore range 2% | Unite db v7.2 ; swarm2 d = 10,Abra de Bilbao (http://marineregions.org/mrgid/17355),43.338452,-3.014833,ES,Getxo_G1,5.0,10.0,Marina; semi-industrial; 9.6 - Subtidal Muddy,uncertain classification (not marine),Was a crate cover used when retrieving the unit: not provided; Which component of the ARMS unit material was extracted: Sessile,https://github.com/arms-mbon/data_release_002,Eukaryota;Opisthokonta;Fungi;Ascomycota;Eurotiomycetes;Onygenales;unidentified (Onygenales) family incertae sedis;unidentified (unidentified (Onygenales));Unknown unidentified (unidentified (Onygenales)) species 1,urn:lsid:marinespecies.org:taxname:100014,Onygenales,Order,Otu302,NCBI:33183,ARMS_Getxo_G1_20200624_20201103_SF40_s1_r1
ARMS_Getxo_G1_20200624_20201103_SF40_s1_r1:Otu164,MaterialSample,ARMS-MBON,data_release_002,present,ARMS_Getxo_G1_20200624_20201103,SAMEA10021244,2020-06-24/2020-11-03,58,DNA sequence reads,10040,DNA sequence reads,https://github.com/arms-mbon/documentation/tree/main/armsmbon_handbook,ERR7127674,PEMA v2.1.4 https://github.com/hariszaf/pema | https://github.com/arms-mbon/analysis_release_002/tree/main/parameter_files,CREST classifier; Minimum bit-score 155; LCA bitscore range 2% | Unite db v7.2 ; swarm2 d = 10,Abra de Bilbao (http://marineregions.org/mrgid/17355),43.338452,-3.014833,ES,Getxo_G1,5.0,10.0,Marina; semi-industrial; 9.6 - Subtidal Muddy,,Was a crate cover used when retrieving the unit: not provided; Which component of the ARMS unit material was extracted: Sessile,https://github.com/arms-mbon/data_release_002,Eukaryota;Opisthokonta;Fungi;Ascomycota;Sordariomycetes;Chaetosphaeriales;Chaetosphaeriaceae;Chloridium;Chloridium_sp,,Chloridium,genus,Otu164,NCBI:139961,ARMS_Getxo_G1_20200624_20201103_SF40_s1_r1
ARMS_Getxo_G1_20200624_20201103_SF40_s1_r1:Otu168,MaterialSample,ARMS-MBON,data_release_002,present,ARMS_Getxo_G1_20200624_20201103,SAMEA10021244,2020-06-24/2020-11-03,100,DNA sequence reads,10040,DNA sequence reads,https://github.com/arms-mbon/documentation/tree/main/armsmbon_handbook,ERR7127674,PEMA v2.1.4 https://github.com/hariszaf/pema | https://github.com/arms-mbon/analysis_release_002/tree/main/parameter_files,CREST classifier; Minimum bit-score 155; LCA bitscore range 2% | Unite db v7.2 ; swarm2 d = 10,Abra de Bilbao (http://marineregions.org/mrgid/17355),43.338452,-3.014833,ES,Getxo_G1,5.0,10.0,Marina; semi-industrial; 9.6 - Subtidal Muddy,uncertain classification (not marine),Was a crate cover used when retrieving the unit: not provided; Which component of the ARMS unit material was extracted: Sessile,https://github.com/arms-mbon/data_release_002,Eukaryota;Opisthokonta;Fungi;Rozellomycota;Rozellomycota_cls_Incertae_sedis;GS11;Unknown GS11 family 1,urn:lsid:marinespecies.org:taxname:707609,Rozellida,Order,Otu168,NCBI:1031332,ARMS_Getxo_G1_20200624_20201103_SF40_s1_r1
ARMS_Getxo_G1_20200624_20201103_SF40_s1_r1:Otu74,MaterialSample,ARMS-MBON,data_release_002,present,ARMS_Getxo_G1_20200624_20201103,SAMEA10021244,2020-06-24/2020-11-03,203,DNA sequence reads,10040,DNA sequence reads,https://github.com/arms-mbon/documentation/tree/main/armsmbon_handbook,ERR7127674,PEMA v2.1.4 https://github.com/hariszaf/pema | https://github.com/arms-mbon/analysis_release_002/tree/main/parameter_files,CREST classifier; Minimum bit-score 155; LCA bitscore range 2% | Unite db v7.2 ; swarm2 d = 10,Abra de Bilbao (http://marineregions.org/mrgid/17355),43.338452,-3.014833,ES,Getxo_G1,5.0,10.0,Marina; semi-industrial; 9.6 - Subtidal Muddy,uncertain classification (not marine),Was a crate cover used when retrieving the unit: not provided; Which component of the ARMS unit material was extracted: Sessile,https://github.com/arms-mbon/data_release_002,Eukaryota;Opisthokonta;Fungi;Basidiomycota;Tremellomycetes;Tremellales;Tremellaceae;Cryptococcus;Cryptococcus_sp,urn:lsid:marinespecies.org:taxname:603997,Cryptococcus,Genus,Otu74,NCBI:79213\n5206,ARMS_Getxo_G1_20200624_20201103_SF40_s1_r1
ARMS_Getxo_G1_20200624_20201103_SF40_s1_r1:Otu195,MaterialSample,ARMS-MBON,data_release_002,present,ARMS_Getxo_G1_20200624_20201103,SAMEA10021244,2020-06-24/2020-11-03,36,DNA sequence reads,10040,DNA sequence reads,https://github.com/arms-mbon/documentation/tree/main/armsmbon_handbook,ERR7127674,PEMA v2.1.4 https://github.com/hariszaf/pema | https://github.com/arms-mbon/analysis_release_002/tree/main/parameter_files,CREST classifier; Minimum bit-score 155; LCA bitscore range 2% | Unite db v7.2 ; swarm2 d = 10,Abra de Bilbao (http://marineregions.org/mrgid/17355),43.338452,-3.014833,ES,Getxo_G1,5.0,10.0,Marina; semi-industrial; 9.6 - Subtidal Muddy,uncertain classification (not marine),Was a crate cover used when retrieving the unit: not provided; Which component of the ARMS unit material was extracted: Sessile,https://github.com/arms-mbon/data_release_002,Eukaryota;Opisthokonta;Fungi;Rozellomycota;Unknown Rozellomycota class 2,urn:lsid:marinespecies.org:taxname:707609,Rozellida,Order,Otu195,NCBI:1031332,ARMS_Getxo_G1_20200624_20201103_SF40_s1_r1
ARMS_Getxo_G1_20200624_20201103_SF40_s1_r1:Otu190,MaterialSample,ARMS-MBON,data_release_002,present,ARMS_Getxo_G1_20200624_20201103,SAMEA10021244,2020-06-24/2020-11-03,42,DNA sequence reads,10040,DNA sequence reads,https://github.com/arms-mbon/documentation/tree/main/armsmbon_handbook,ERR7127674,PEMA v2.1.4 https://github.com/hariszaf/pema | https://github.com/arms-mbon/analysis_release_002/tree/main/parameter_files,CREST classifier; Minimum bit-score 155; LCA bitscore range 2% | Unite db v7.2 ; swarm2 d = 10,Abra de Bilbao (http://marineregions.org/mrgid/17355),43.338452,-3.014833,ES,Getxo_G1,5.0,10.0,Marina; semi-industrial; 9.6 - Subtidal Muddy,uncertain classification (not marine),Was a crate cover used when retrieving the unit: not provided; Which component of the ARMS unit material was extracted: Sessile,https://github.com/arms-mbon/data_release_002,Eukaryota;Opisthokonta;Fungi;Ascomycota;Sordariomycetes;Hypocreales;Nectriaceae;Fusarium;Unknown Fusarium species 1,urn:lsid:marinespecies.org:taxname:100226,Fusarium,Genus,Otu190,NCBI:5506,ARMS_Getxo_G1_20200624_20201103_SF40_s1_r1
ARMS_Getxo_G1_20200624_20201103_SF40_s1_r1:Otu46,MaterialSample,ARMS-MBON,data_release_002,present,ARMS_Getxo_G1_20200624_20201103,SAMEA10021244,2020-06-24/2020-11-03,306,DNA sequence reads,10040,DNA sequence reads,https://github.com/arms-mbon/documentation/tree/main/armsmbon_handbook,ERR7127674,PEMA v2.1.4 https://github.com/hariszaf/pema | https://github.com/arms-mbon/analysis_release_002/tree/main/parameter_files,CREST classifier; Minimum bit-score 155; LCA bitscore range 2% | Unite db v7.2 ; swarm2 d = 10,Abra de Bilbao (http://marineregions.org/mrgid/17355),43.338452,-3.014833,ES,Getxo_G1,5.0,10.0,Marina; semi-industrial; 9.6 - Subtidal Muddy,uncertain classification (not marine),Was a crate cover used when retrieving the unit: not provided; Which component of the ARMS unit material was extracted: Sessile,https://github.com/arms-mbon/data_release_002,Eukaryota;Opisthokonta;Fungi;Basidiomycota;Tremellomycetes,urn:lsid:marinespecies.org:taxname:437249,Tremellomycetes,Class,Otu46,NCBI:155616,ARMS_Getxo_G1_20200624_20201103_SF40_s1_r1
ARMS_Getxo_G1_20200624_20201103_SF40_s1_r1:Otu43,MaterialSample,ARMS-MBON,data_release_002,present,ARMS_Getxo_G1_20200624_20201103,SAMEA10021244,2020-06-24/2020-11-03,297,DNA sequence reads,10040,DNA sequence reads,https://github.com/arms-mbon/documentation/tree/main/armsmbon_handbook,ERR7127674,PEMA v2.1.4 https://github.com/hariszaf/pema | https://github.com/arms-mbon/analysis_release_002/tree/main/parameter_files,CREST classifier; Minimum bit-score 155; LCA bitscore range 2% | Unite db v7.2 ; swarm2 d = 10,Abra de Bilbao (http://marineregions.org/mrgid/17355),43.338452,-3.014833,ES,Getxo_G1,5.0,10.0,Marina; semi-industrial; 9.6 - Subtidal Muddy,uncertain classification (not marine),Was a crate cover used when retrieving the unit: not provided; Which component of the ARMS unit material was extracted: Sessile,https://github.com/arms-mbon/data_release_002,Eukaryota;Opisthokonta;Fungi;Basidiomycota;Agaricomycetes;Phallales;Phallaceae;Phallus;Unknown Phallus species 1,urn:lsid:marinespecies.org:taxname:426220,Phallus,Genus,Otu43,NCBI:146780,ARMS_Getxo_G1_20200624_20201103_SF40_s1_r1
ARMS_Getxo_G1_20200624_20201103_SF40_s1_r1:Otu42,MaterialSample,ARMS-MBON,data_release_002,present,ARMS_Getxo_G1_20200624_20201103,SAMEA10021244,2020-06-24/2020-11-03,53,DNA sequence reads,10040,DNA sequence reads,https://github.com/arms-mbon/documentation/tree/main/armsmbon_handbook,ERR7127674,PEMA v2.1.4 https://github.com/hariszaf/pema | https://github.com/arms-mbon/analysis_release_002/tree/main/parameter_files,CREST classifier; Minimum bit-score 155; LCA bitscore range 2% | Unite db v7.2 ; swarm2 d = 10,Abra de Bilbao (http://marineregions.org/mrgid/17355),43.338452,-3.014833,ES,Getxo_G1,5.0,10.0,Marina; semi-industrial; 9.6 - Subtidal Muddy,uncertain classification (not marine),Was a crate cover used when retrieving the unit: not provided; Which component of the ARMS unit material was extracted: Sessile,https://github.com/arms-mbon/data_release_002,Eukaryota;Opisthokonta;Fungi;Ascomycota;Leotiomycetes;Helotiales;Hyaloscyphaceae;Unknown Hyaloscyphaceae genus 1,urn:lsid:marinespecies.org:taxname:988372,Hyaloscyphaceae,Family,Otu42,NCBI:47743,ARMS_Getxo_G1_20200624_20201103_SF40_s1_r1
ARMS_Getxo_G1_20200624_20201103_SF40_s1_r1:Otu185,MaterialSample,ARMS-MBON,data_release_002,present,ARMS_Getxo_G1_20200624_20201103,SAMEA10021244,2020-06-24/2020-11-03,82,DNA sequence reads,10040,DNA sequence reads,https://github.com/arms-mbon/documentation/tree/main/armsmbon_handbook,ERR7127674,PEMA v2.1.4 https://github.com/hariszaf/pema | https://github.com/arms-mbon/analysis_release_002/tree/main/parameter_files,CREST classifier; Minimum bit-score 155; LCA bitscore range 2% | Unite db v7.2 ; swarm2 d = 10,Abra de Bilbao (http://marineregions.org/mrgid/17355),43.338452,-3.014833,ES,Getxo_G1,5.0,10.0,Marina; semi-industrial; 9.6 - Subtidal Muddy,,Was a crate cover used when retrieving the unit: not provided; Which component of the ARMS unit material was extracted: Sessile,https://github.com/arms-mbon/data_release_002,Eukaryota;Opisthokonta;Fungi;Basidiomycota;Agaricomycetes;Agaricales;Strophariaceae;Pholiota;Pholiota_adiposa,,Pholiota adiposa,species,Otu185,NCBI:64639,ARMS_Getxo_G1_20200624_20201103_SF40_s1_r1
ARMS_Getxo_G1_20200624_20201103_SF40_s1_r1:Otu181,MaterialSample,ARMS-MBON,data_release_002,present,ARMS_Getxo_G1_20200624_20201103,SAMEA10021244,2020-06-24/2020-11-03,49,DNA sequence reads,10040,DNA sequence reads,https://github.com/arms-mbon/documentation/tree/main/armsmbon_handbook,ERR7127674,PEMA v2.1.4 https://github.com/hariszaf/pema | https://github.com/arms-mbon/analysis_release_002/tree/main/parameter_files,CREST classifier; Minimum bit-score 155; LCA bitscore range 2% | Unite db v7.2 ; swarm2 d = 10,Abra de Bilbao (http://marineregions.org/mrgid/17355),43.338452,-3.014833,ES,Getxo_G1,5.0,10.0,Marina; semi-industrial; 9.6 - Subtidal Muddy,uncertain classification (not marine),Was a crate cover used when retrieving the unit: not provided; Which component of the ARMS unit material was extracted: Sessile,https://github.com/arms-mbon/data_release_002,Eukaryota;Opisthokonta;Fungi;Ascomycota;Dothideomycetes;Pleosporales;Unknown Pleosporales family 1,urn:lsid:marinespecies.org:taxname:146409,Pleosporales,Order,Otu181,NCBI:92860,ARMS_Getxo_G1_20200624_20201103_SF40_s1_r1
ARMS_Getxo_G1_20200624_20201103_SF40_s1_r1:Otu180,MaterialSample,ARMS-MBON,data_release_002,present,ARMS_Getxo_G1_20200624_20201103,SAMEA10021244,2020-06-24/2020-11-03,56,DNA sequence reads,10040,DNA sequence reads,https://github.com/arms-mbon/documentation/tree/main/armsmbon_handbook,ERR7127674,PEMA v2.1.4 https://github.com/hariszaf/pema | https://github.com/arms-mbon/analysis_release_002/tree/main/parameter_files,CREST classifier; Minimum bit-score 155; LCA bitscore range 2% | Unite db v7.2 ; swarm2 d = 10,Abra de Bilbao (http://marineregions.org/mrgid/17355),43.338452,-3.014833,ES,Getxo_G1,5.0,10.0,Marina; semi-industrial; 9.6 - Subtidal Muddy,uncertain classification (not marine),Was a crate cover used when retrieving the unit: not provided; Which component of the ARMS unit material was extracted: Sessile,https://github.com/arms-mbon/data_release_002,Eukaryota;Opisthokonta;Fungi;Ascomycota;Sordariomycetes;Hypocreales;Bionectriaceae;Clonostachys;Clonostachys_rosea,urn:lsid:marinespecies.org:taxname:1485442,Bionectria,Genus,Otu180,NCBI:110564,ARMS_Getxo_G1_20200624_20201103_SF40_s1_r1
ARMS_Getxo_G1_20200624_20201103_SF40_s1_r1:Otu58,MaterialSample,ARMS-MBON,data_release_002,present,ARMS_Getxo_G1_20200624_20201103,SAMEA10021244,2020-06-24/2020-11-03,219,DNA sequence reads,10040,DNA sequence reads,https://github.com/arms-mbon/documentation/tree/main/armsmbon_handbook,ERR7127674,PEMA v2.1.4 https://github.com/hariszaf/pema | https://github.com/arms-mbon/analysis_release_002/tree/main/parameter_files,CREST classifier; Minimum bit-score 155; LCA bitscore range 2% | Unite db v7.2 ; swarm2 d = 10,Abra de Bilbao (http://marineregions.org/mrgid/17355),43.338452,-3.014833,ES,Getxo_G1,5.0,10.0,Marina; semi-industrial; 9.6 - Subtidal Muddy,uncertain classification (not marine),Was a crate cover used when retrieving the unit: not provided; Which component of the ARMS unit material was extracted: Sessile,https://github.com/arms-mbon/data_release_002,Eukaryota;Opisthokonta;Fungi;unidentified (Fungi) phylum incertae sedis;unidentified (Fungi) class incertae sedis;unidentified (Fungi) order incertae sedis;unidentified (Fungi) family incertae sedis;Unknown unidentified (Fungi) family incertae sedis genus 1,urn:lsid:marinespecies.org:taxname:4,Fungi,Kingdom,Otu58,NCBI:4751,ARMS_Getxo_G1_20200624_20201103_SF40_s1_r1
ARMS_Getxo_G1_20200624_20201103_SF40_s1_r1:Otu50,MaterialSample,ARMS-MBON,data_release_002,present,ARMS_Getxo_G1_20200624_20201103,SAMEA10021244,2020-06-24/2020-11-03,347,DNA sequence reads,10040,DNA sequence reads,https://github.com/arms-mbon/documentation/tree/main/armsmbon_handbook,ERR7127674,PEMA v2.1.4 https://github.com/hariszaf/pema | https://github.com/arms-mbon/analysis_release_002/tree/main/parameter_files,CREST classifier; Minimum bit-score 155; LCA bitscore range 2% | Unite db v7.2 ; swarm2 d = 10,Abra de Bilbao (http://marineregions.org/mrgid/17355),43.338452,-3.014833,ES,Getxo_G1,5.0,10.0,Marina; semi-industrial; 9.6 - Subtidal Muddy,,Was a crate cover used when retrieving the unit: not provided; Which component of the ARMS unit material was extracted: Sessile,https://github.com/arms-mbon/data_release_002,Eukaryota;Opisthokonta;Fungi;Ascomycota;Dothideomycetes;Capnodiales;Mycosphaerellaceae;Mycosphaerella;Mycosphaerella_tassiana,urn:lsid:marinespecies.org:taxname:100511,Cladosporium herbarum,Species,Otu50,NCBI:29918,ARMS_Getxo_G1_20200624_20201103_SF40_s1_r1
ARMS_Getxo_G1_20200624_20201103_SF40_s1_r1:Otu51,MaterialSample,ARMS-MBON,data_release_002,present,ARMS_Getxo_G1_20200624_20201103,SAMEA10021244,2020-06-24/2020-11-03,72,DNA sequence reads,10040,DNA sequence reads,https://github.com/arms-mbon/documentation/tree/main/armsmbon_handbook,ERR7127674,PEMA v2.1.4 https://github.com/hariszaf/pema | https://github.com/arms-mbon/analysis_release_002/tree/main/parameter_files,CREST classifier; Minimum bit-score 155; LCA bitscore range 2% | Unite db v7.2 ; swarm2 d = 10,Abra de Bilbao (http://marineregions.org/mrgid/17355),43.338452,-3.014833,ES,Getxo_G1,5.0,10.0,Marina; semi-industrial; 9.6 - Subtidal Muddy,,Was a crate cover used when retrieving the unit: not provided; Which component of the ARMS unit material was extracted: Sessile,https://github.com/arms-mbon/data_release_002,Eukaryota;Opisthokonta;Fungi;Ascomycota;Dothideomycetes;Capnodiales;Cladosporiaceae;Cladosporium;Cladosporium_delicatulum,,Cladosporium delicatulum,species,Otu51,NCBI:887075,ARMS_Getxo_G1_20200624_20201103_SF40_s1_r1
ARMS_Getxo_G1_20200624_20201103_SF40_s1_r1:Otu738,MaterialSample,ARMS-MBON,data_release_002,present,ARMS_Getxo_G1_20200624_20201103,SAMEA10021244,2020-06-24/2020-11-03,6,DNA sequence reads,10040,DNA sequence reads,https://github.com/arms-mbon/documentation/tree/main/armsmbon_handbook,ERR7127674,PEMA v2.1.4 https://github.com/hariszaf/pema | https://github.com/arms-mbon/analysis_release_002/tree/main/parameter_files,CREST classifier; Minimum bit-score 155; LCA bitscore range 2% | Unite db v7.2 ; swarm2 d = 10,Abra de Bilbao (http://marineregions.org/mrgid/17355),43.338452,-3.014833,ES,Getxo_G1,5.0,10.0,Marina; semi-industrial; 9.6 - Subtidal Muddy,,Was a crate cover used when retrieving the unit: not provided; Which component of the ARMS unit material was extracted: Sessile,https://github.com/arms-mbon/data_release_002,Eukaryota;Opisthokonta;Fungi;Ascomycota;Dothideomycetes;Pleosporales;Didymosphaeriaceae;Paraconiothyrium,urn:lsid:marinespecies.org:taxname:1728113,Paraconiothyrium,Genus,Otu738,NCBI:300251,ARMS_Getxo_G1_20200624_20201103_SF40_s1_r1
ARMS_Getxo_G1_20200624_20201103_SF40_s1_r1:Otu80,MaterialSample,ARMS-MBON,data_release_002,present,ARMS_Getxo_G1_20200624_20201103,SAMEA10021244,2020-06-24/2020-11-03,200,DNA sequence reads,10040,DNA sequence reads,https://github.com/arms-mbon/documentation/tree/main/armsmbon_handbook,ERR7127674,PEMA v2.1.4 https://github.com/hariszaf/pema | https://github.com/arms-mbon/analysis_release_002/tree/main/parameter_files,CREST classifier; Minimum bit-score 155; LCA bitscore range 2% | Unite db v7.2 ; swarm2 d = 10,Abra de Bilbao (http://marineregions.org/mrgid/17355),43.338452,-3.014833,ES,Getxo_G1,5.0,10.0,Marina; semi-industrial; 9.6 - Subtidal Muddy,uncertain classification (not marine),Was a crate cover used when retrieving the unit: not provided; Which component of the ARMS unit material was extracted: Sessile,https://github.com/arms-mbon/data_release_002,Eukaryota;Opisthokonta;Fungi;Ascomycota;Sordariomycetes;unidentified (Sordariomycetes) order incertae sedis;unidentified (Sordariomycetes) family incertae sedis;unidentified (unidentified (unidentified (Sordariomycetes)));Sordariomycetes_sp,urn:lsid:marinespecies.org:taxname:437254,Sordariomycetes,Class,Otu80,NCBI:147550,ARMS_Getxo_G1_20200624_20201103_SF40_s1_r1
ARMS_Getxo_G1_20200624_20201103_SF40_s1_r1:Otu236,MaterialSample,ARMS-MBON,data_release_002,present,ARMS_Getxo_G1_20200624_20201103,SAMEA10021244,2020-06-24/2020-11-03,28,DNA sequence reads,10040,DNA sequence reads,https://github.com/arms-mbon/documentation/tree/main/armsmbon_handbook,ERR7127674,PEMA v2.1.4 https://github.com/hariszaf/pema | https://github.com/arms-mbon/analysis_release_002/tree/main/parameter_files,CREST classifier; Minimum bit-score 155; LCA bitscore range 2% | Unite db v7.2 ; swarm2 d = 10,Abra de Bilbao (http://marineregions.org/mrgid/17355),43.338452,-3.014833,ES,Getxo_G1,5.0,10.0,Marina; semi-industrial; 9.6 - Subtidal Muddy,uncertain classification (not marine),Was a crate cover used when retrieving the unit: not provided; Which component of the ARMS unit material was extracted: Sessile,https://github.com/arms-mbon/data_release_002,Eukaryota;Opisthokonta;Fungi;Ascomycota;Sordariomycetes;Hypocreales;Hypocreaceae;Unknown Hypocreaceae genus 1,urn:lsid:marinespecies.org:taxname:100051,Hypocreaceae,Family,Otu236,NCBI:5129,ARMS_Getxo_G1_20200624_20201103_SF40_s1_r1
ARMS_Getxo_G1_20200624_20201103_SF40_s1_r1:Otu230,MaterialSample,ARMS-MBON,data_release_002,present,ARMS_Getxo_G1_20200624_20201103,SAMEA10021244,2020-06-24/2020-11-03,28,DNA sequence reads,10040,DNA sequence reads,https://github.com/arms-mbon/documentation/tree/main/armsmbon_handbook,ERR7127674,PEMA v2.1.4 https://github.com/hariszaf/pema | https://github.com/arms-mbon/analysis_release_002/tree/main/parameter_files,CREST classifier; Minimum bit-score 155; LCA bitscore range 2% | Unite db v7.2 ; swarm2 d = 10,Abra de Bilbao (http://marineregions.org/mrgid/17355),43.338452,-3.014833,ES,Getxo_G1,5.0,10.0,Marina; semi-industrial; 9.6 - Subtidal Muddy,,Was a crate cover used when retrieving the unit: not provided; Which component of the ARMS unit material was extracted: Sessile,https://github.com/arms-mbon/data_release_002,Eukaryota;Opisthokonta;Fungi;Ascomycota;Eurotiomycetes;Eurotiales;Trichocomaceae;Talaromyces;Talaromyces_euchlorocarpius,urn:lsid:marinespecies.org:taxname:100133,Talaromyces,Genus,Otu230,NCBI:5094,ARMS_Getxo_G1_20200624_20201103_SF40_s1_r1
ARMS_Getxo_G1_20200624_20201103_SF40_s1_r1:Otu4,MaterialSample,ARMS-MBON,data_release_002,present,ARMS_Getxo_G1_20200624_20201103,SAMEA10021244,2020-06-24/2020-11-03,4350,DNA sequence reads,10040,DNA sequence reads,https://github.com/arms-mbon/documentation/tree/main/armsmbon_handbook,ERR7127674,PEMA v2.1.4 https://github.com/hariszaf/pema | https://github.com/arms-mbon/analysis_release_002/tree/main/parameter_files,CREST classifier; Minimum bit-score 155; LCA bitscore range 2% | Unite db v7.2 ; swarm2 d = 10,Abra de Bilbao (http://marineregions.org/mrgid/17355),43.338452,-3.014833,ES,Getxo_G1,5.0,10.0,Marina; semi-industrial; 9.6 - Subtidal Muddy,,Was a crate cover used when retrieving the unit: not provided; Which component of the ARMS unit material was extracted: Sessile,https://github.com/arms-mbon/data_release_002,Eukaryota;Opisthokonta;Fungi;Ascomycota;Saccharomycetes;Saccharomycetales;Debaryomycetaceae;Debaryomyces;Debaryomyces_hansenii,urn:lsid:marinespecies.org:taxname:147583,Debaryomyces hansenii,Species,Otu4,NCBI:4959,ARMS_Getxo_G1_20200624_20201103_SF40_s1_r1
ARMS_Getxo_G1_20200624_20201103_SF40_s1_r1:Otu99,MaterialSample,ARMS-MBON,data_release_002,present,ARMS_Getxo_G1_20200624_20201103,SAMEA10021244,2020-06-24/2020-11-03,12,DNA sequence reads,10040,DNA sequence reads,https://github.com/arms-mbon/documentation/tree/main/armsmbon_handbook,ERR7127674,PEMA v2.1.4 https://github.com/hariszaf/pema | https://github.com/arms-mbon/analysis_release_002/tree/main/parameter_files,CREST classifier; Minimum bit-score 155; LCA bitscore range 2% | Unite db v7.2 ; swarm2 d = 10,Abra de Bilbao (http://marineregions.org/mrgid/17355),43.338452,-3.014833,ES,Getxo_G1,5.0,10.0,Marina; semi-industrial; 9.6 - Subtidal Muddy,uncertain classification (not marine),Was a crate cover used when retrieving the unit: not provided; Which component of the ARMS unit material was extracted: Sessile,https://github.com/arms-mbon/data_release_002,Eukaryota;Opisthokonta;Fungi;Ascomycota;Leotiomycetes;Unknown Leotiomycetes order 1,urn:lsid:marinespecies.org:taxname:437251,Leotiomycetes,Class,Otu99,NCBI:147548,ARMS_Getxo_G1_20200624_20201103_SF40_s1_r1
ARMS_Getxo_G1_20200624_20201103_SF40_s1_r1:Otu95,MaterialSample,ARMS-MBON,data_release_002,present,ARMS_Getxo_G1_20200624_20201103,SAMEA10021244,2020-06-24/2020-11-03,30,DNA sequence reads,10040,DNA sequence reads,https://github.com/arms-mbon/documentation/tree/main/armsmbon_handbook,ERR7127674,PEMA v2.1.4 https://github.com/hariszaf/pema | https://github.com/arms-mbon/analysis_release_002/tree/main/parameter_files,CREST classifier; Minimum bit-score 155; LCA bitscore range 2% | Unite db v7.2 ; swarm2 d = 10,Abra de Bilbao (http://marineregions.org/mrgid/17355),43.338452,-3.014833,ES,Getxo_G1,5.0,10.0,Marina; semi-industrial; 9.6 - Subtidal Muddy,,Was a crate cover used when retrieving the unit: not provided; Which component of the ARMS unit material was extracted: Sessile,https://github.com/arms-mbon/data_release_002,Eukaryota;Opisthokonta;Fungi;Ascomycota;Eurotiomycetes;Eurotiales;Aspergillaceae;Penicillium;Penicillium_bialowiezense,,Penicillium bialowiezense,species,Otu95,NCBI:293381,ARMS_Getxo_G1_20200624_20201103_SF40_s1_r1
ARMS_Getxo_G1_20200624_20201103_SF40_s1_r1:Otu392,MaterialSample,ARMS-MBON,data_release_002,present,ARMS_Getxo_G1_20200624_20201103,SAMEA10021244,2020-06-24/2020-11-03,11,DNA sequence reads,10040,DNA sequence reads,https://github.com/arms-mbon/documentation/tree/main/armsmbon_handbook,ERR7127674,PEMA v2.1.4 https://github.com/hariszaf/pema | https://github.com/arms-mbon/analysis_release_002/tree/main/parameter_files,CREST classifier; Minimum bit-score 155; LCA bitscore range 2% | Unite db v7.2 ; swarm2 d = 10,Abra de Bilbao (http://marineregions.org/mrgid/17355),43.338452,-3.014833,ES,Getxo_G1,5.0,10.0,Marina; semi-industrial; 9.6 - Subtidal Muddy,,Was a crate cover used when retrieving the unit: not provided; Which component of the ARMS unit material was extracted: Sessile,https://github.com/arms-mbon/data_release_002,Eukaryota;Opisthokonta;Fungi;Ascomycota;Eurotiomycetes;Eurotiales;Aspergillaceae;Penicillium,urn:lsid:marinespecies.org:taxname:437491,Eupenicillium,Genus,Otu392,NCBI:5073,ARMS_Getxo_G1_20200624_20201103_SF40_s1_r1
ARMS_Getxo_G1_20200624_20201103_SF40_s1_r1:Otu394,MaterialSample,ARMS-MBON,data_release_002,present,ARMS_Getxo_G1_20200624_20201103,SAMEA10021244,2020-06-24/2020-11-03,7,DNA sequence reads,10040,DNA sequence reads,https://github.com/arms-mbon/documentation/tree/main/armsmbon_handbook,ERR7127674,PEMA v2.1.4 https://github.com/hariszaf/pema | https://github.com/arms-mbon/analysis_release_002/tree/main/parameter_files,CREST classifier; Minimum bit-score 155; LCA bitscore range 2% | Unite db v7.2 ; swarm2 d = 10,Abra de Bilbao (http://marineregions.org/mrgid/17355),43.338452,-3.014833,ES,Getxo_G1,5.0,10.0,Marina; semi-industrial; 9.6 - Subtidal Muddy,uncertain classification (not marine),Was a crate cover used when retrieving the unit: not provided; Which component of the ARMS unit material was extracted: Sessile,https://github.com/arms-mbon/data_release_002,Eukaryota;Opisthokonta;Fungi;Ascomycota;Eurotiomycetes;Eurotiales,urn:lsid:marinespecies.org:taxname:100010,Eurotiales,Order,Otu394,NCBI:5042,ARMS_Getxo_G1_20200624_20201103_SF40_s1_r1
ARMS_Getxo_G1_20200624_20201103_SF40_s1_r1:Otu712,MaterialSample,ARMS-MBON,data_release_002,present,ARMS_Getxo_G1_20200624_20201103,SAMEA10021244,2020-06-24/2020-11-03,6,DNA sequence reads,10040,DNA sequence reads,https://github.com/arms-mbon/documentation/tree/main/armsmbon_handbook,ERR7127674,PEMA v2.1.4 https://github.com/hariszaf/pema | https://github.com/arms-mbon/analysis_release_002/tree/main/parameter_files,CREST classifier; Minimum bit-score 155; LCA bitscore range 2% | Unite db v7.2 ; swarm2 d = 10,Abra de Bilbao (http://marineregions.org/mrgid/17355),43.338452,-3.014833,ES,Getxo_G1,5.0,10.0,Marina; semi-industrial; 9.6 - Subtidal Muddy,uncertain classification (not marine),Was a crate cover used when retrieving the unit: not provided; Which component of the ARMS unit material was extracted: Sessile,https://github.com/arms-mbon/data_release_002,Eukaryota;Opisthokonta;Fungi;Basidiomycota;Agaricomycetes;Agaricales;Agaricaceae;Unknown Agaricaceae genus 1,urn:lsid:marinespecies.org:taxname:100070,Agaricaceae,Family,Otu712,NCBI:5339,ARMS_Getxo_G1_20200624_20201103_SF40_s1_r1
ARMS_Getxo_G1_20200624_20201103_SF40_s1_r1:Otu249,MaterialSample,ARMS-MBON,data_release_002,present,ARMS_Getxo_G1_20200624_20201103,SAMEA10021244,2020-06-24/2020-11-03,24,DNA sequence reads,10040,DNA sequence reads,https://github.com/arms-mbon/documentation/tree/main/armsmbon_handbook,ERR7127674,PEMA v2.1.4 https://github.com/hariszaf/pema | https://github.com/arms-mbon/analysis_release_002/tree/main/parameter_files,CREST classifier; Minimum bit-score 155; LCA bitscore range 2% | Unite db v7.2 ; swarm2 d = 10,Abra de Bilbao (http://marineregions.org/mrgid/17355),43.338452,-3.014833,ES,Getxo_G1,5.0,10.0,Marina; semi-industrial; 9.6 - Subtidal Muddy,uncertain classification (not marine),Was a crate cover used when retrieving the unit: not provided; Which component of the ARMS unit material was extracted: Sessile,https://github.com/arms-mbon/data_release_002,Eukaryota;Opisthokonta;Fungi;Ascomycota;Sordariomycetes;Unknown Sordariomycetes order 2,urn:lsid:marinespecies.org:taxname:437254,Sordariomycetes,Class,Otu249,NCBI:147550,ARMS_Getxo_G1_20200624_20201103_SF40_s1_r1
ARMS_Getxo_G1_20200624_20201103_SF40_s1_r1:Otu527,MaterialSample,ARMS-MBON,data_release_002,present,ARMS_Getxo_G1_20200624_20201103,SAMEA10021244,2020-06-24/2020-11-03,7,DNA sequence reads,10040,DNA sequence reads,https://github.com/arms-mbon/documentation/tree/main/armsmbon_handbook,ERR7127674,PEMA v2.1.4 https://github.com/hariszaf/pema | https://github.com/arms-mbon/analysis_release_002/tree/main/parameter_files,CREST classifier; Minimum bit-score 155; LCA bitscore range 2% | Unite db v7.2 ; swarm2 d = 10,Abra de Bilbao (http://marineregions.org/mrgid/17355),43.338452,-3.014833,ES,Getxo_G1,5.0,10.0,Marina; semi-industrial; 9.6 - Subtidal Muddy,,Was a crate cover used when retrieving the unit: not provided; Which component of the ARMS unit material was extracted: Sessile,https://github.com/arms-mbon/data_release_002,Eukaryota;Opisthokonta;Fungi;Ascomycota;Dothideomycetes;Capnodiales;Cladosporiaceae;Cladosporium;Cladosporium_sphaerospermum,urn:lsid:marinespecies.org:taxname:1415544,Cladosporium sphaerospermum,Species,Otu527,NCBI:92950,ARMS_Getxo_G1_20200624_20201103_SF40_s1_r1
ARMS_Getxo_G1_20200624_20201103_SF40_s1_r1:Otu254,MaterialSample,ARMS-MBON,data_release_002,present,ARMS_Getxo_G1_20200624_20201103,SAMEA10021244,2020-06-24/2020-11-03,24,DNA sequence reads,10040,DNA sequence reads,https://github.com/arms-mbon/documentation/tree/main/armsmbon_handbook,ERR7127674,PEMA v2.1.4 https://github.com/hariszaf/pema | https://github.com/arms-mbon/analysis_release_002/tree/main/parameter_files,CREST classifier; Minimum bit-score 155; LCA bitscore range 2% | Unite db v7.2 ; swarm2 d = 10,Abra de Bilbao (http://marineregions.org/mrgid/17355),43.338452,-3.014833,ES,Getxo_G1,5.0,10.0,Marina; semi-industrial; 9.6 - Subtidal Muddy,,Was a crate cover used when retrieving the unit: not provided; Which component of the ARMS unit material was extracted: Sessile,https://github.com/arms-mbon/data_release_002,Eukaryota;Opisthokonta;Fungi;Ascomycota;Saccharomycetes;Saccharomycetales;Debaryomycetaceae;Yamadazyma;Yamadazyma_triangularis,,Yamadazyma triangularis,species,Otu254,NCBI:45515,ARMS_Getxo_G1_20200624_20201103_SF40_s1_r1
ARMS_Getxo_G1_20200624_20201103_SF40_s1_r1:Otu256,MaterialSample,ARMS-MBON,data_release_002,present,ARMS_Getxo_G1_20200624_20201103,SAMEA10021244,2020-06-24/2020-11-03,30,DNA sequence reads,10040,DNA sequence reads,https://github.com/arms-mbon/documentation/tree/main/armsmbon_handbook,ERR7127674,PEMA v2.1.4 https://github.com/hariszaf/pema | https://github.com/arms-mbon/analysis_release_002/tree/main/parameter_files,CREST classifier; Minimum bit-score 155; LCA bitscore range 2% | Unite db v7.2 ; swarm2 d = 10,Abra de Bilbao (http://marineregions.org/mrgid/17355),43.338452,-3.014833,ES,Getxo_G1,5.0,10.0,Marina; semi-industrial; 9.6 - Subtidal Muddy,uncertain classification (not marine),Was a crate cover used when retrieving the unit: not provided; Which component of the ARMS unit material was extracted: Sessile,https://github.com/arms-mbon/data_release_002,Eukaryota;Opisthokonta;Fungi;Ascomycota;Eurotiomycetes;Unknown Eurotiomycetes order 1,urn:lsid:marinespecies.org:taxname:437258,Eurotiomycetes,Class,Otu256,NCBI:147545,ARMS_Getxo_G1_20200624_20201103_SF40_s1_r1
ARMS_Getxo_G1_20200624_20201103_SF40_s1_r1:Otu259,MaterialSample,ARMS-MBON,data_release_002,present,ARMS_Getxo_G1_20200624_20201103,SAMEA10021244,2020-06-24/2020-11-03,21,DNA sequence reads,10040,DNA sequence reads,https://github.com/arms-mbon/documentation/tree/main/armsmbon_handbook,ERR7127674,PEMA v2.1.4 https://github.com/hariszaf/pema | https://github.com/arms-mbon/analysis_release_002/tree/main/parameter_files,CREST classifier; Minimum bit-score 155; LCA bitscore range 2% | Unite db v7.2 ; swarm2 d = 10,Abra de Bilbao (http://marineregions.org/mrgid/17355),43.338452,-3.014833,ES,Getxo_G1,5.0,10.0,Marina; semi-industrial; 9.6 - Subtidal Muddy,uncertain classification (not marine),Was a crate cover used when retrieving the unit: not provided; Which component of the ARMS unit material was extracted: Sessile,https://github.com/arms-mbon/data_release_002,Eukaryota;Opisthokonta;Fungi;Basidiomycota;Agaricomycetes;Russulales;unidentified (Russulales) family incertae sedis;unidentified (unidentified (Russulales));Unknown unidentified (unidentified (Russulales)) species 1,urn:lsid:marinespecies.org:taxname:437457,Russulales,Order,Otu259,NCBI:452342,ARMS_Getxo_G1_20200624_20201103_SF40_s1_r1
ARMS_Getxo_G1_20200624_20201103_SF40_s1_r1:Otu463,MaterialSample,ARMS-MBON,data_release_002,present,ARMS_Getxo_G1_20200624_20201103,SAMEA10021244,2020-06-24/2020-11-03,5,DNA sequence reads,10040,DNA sequence reads,https://github.com/arms-mbon/documentation/tree/main/armsmbon_handbook,ERR7127674,PEMA v2.1.4 https://github.com/hariszaf/pema | https://github.com/arms-mbon/analysis_release_002/tree/main/parameter_files,CREST classifier; Minimum bit-score 155; LCA bitscore range 2% | Unite db v7.2 ; swarm2 d = 10,Abra de Bilbao (http://marineregions.org/mrgid/17355),43.338452,-3.014833,ES,Getxo_G1,5.0,10.0,Marina; semi-industrial; 9.6 - Subtidal Muddy,,Was a crate cover used when retrieving the unit: not provided; Which component of the ARMS unit material was extracted: Sessile,https://github.com/arms-mbon/data_release_002,Eukaryota;Opisthokonta;Fungi;Ascomycota;Sordariomycetes;Hypocreales;Clavicipitaceae;Metarhizium;Unknown Metarhizium species 1,,Metarhizium,genus,Otu463,NCBI:5529,ARMS_Getxo_G1_20200624_20201103_SF40_s1_r1
ARMS_Getxo_G1_20200624_20201103_SF40_s1_r1:Otu601,MaterialSample,ARMS-MBON,data_release_002,present,ARMS_Getxo_G1_20200624_20201103,SAMEA10021244,2020-06-24/2020-11-03,2,DNA sequence reads,10040,DNA sequence reads,https://github.com/arms-mbon/documentation/tree/main/armsmbon_handbook,ERR7127674,PEMA v2.1.4 https://github.com/hariszaf/pema | https://github.com/arms-mbon/analysis_release_002/tree/main/parameter_files,CREST classifier; Minimum bit-score 155; LCA bitscore range 2% | Unite db v7.2 ; swarm2 d = 10,Abra de Bilbao (http://marineregions.org/mrgid/17355),43.338452,-3.014833,ES,Getxo_G1,5.0,10.0,Marina; semi-industrial; 9.6 - Subtidal Muddy,uncertain classification (not marine),Was a crate cover used when retrieving the unit: not provided; Which component of the ARMS unit material was extracted: Sessile,https://github.com/arms-mbon/data_release_002,Eukaryota;Opisthokonta;Fungi;Ascomycota;Eurotiomycetes;Unknown Eurotiomycetes order 2,urn:lsid:marinespecies.org:taxname:437258,Eurotiomycetes,Class,Otu601,NCBI:147545,ARMS_Getxo_G1_20200624_20201103_SF40_s1_r1
ARMS_Getxo_G1_20200624_20201103_SF40_s1_r1:Otu269,MaterialSample,ARMS-MBON,data_release_002,present,ARMS_Getxo_G1_20200624_20201103,SAMEA10021244,2020-06-24/2020-11-03,25,DNA sequence reads,10040,DNA sequence reads,https://github.com/arms-mbon/documentation/tree/main/armsmbon_handbook,ERR7127674,PEMA v2.1.4 https://github.com/hariszaf/pema | https://github.com/arms-mbon/analysis_release_002/tree/main/parameter_files,CREST classifier; Minimum bit-score 155; LCA bitscore range 2% | Unite db v7.2 ; swarm2 d = 10,Abra de Bilbao (http://marineregions.org/mrgid/17355),43.338452,-3.014833,ES,Getxo_G1,5.0,10.0,Marina; semi-industrial; 9.6 - Subtidal Muddy,,Was a crate cover used when retrieving the unit: not provided; Which component of the ARMS unit material was extracted: Sessile,https://github.com/arms-mbon/data_release_002,Eukaryota;Opisthokonta;Fungi;Ascomycota;Eurotiomycetes;Eurotiales;Aspergillaceae;Penicillium,urn:lsid:marinespecies.org:taxname:437491,Eupenicillium,Genus,Otu269,NCBI:5073,ARMS_Getxo_G1_20200624_20201103_SF40_s1_r1
ARMS_Getxo_G1_20200624_20201103_SF40_s1_r1:Otu266,MaterialSample,ARMS-MBON,data_release_002,present,ARMS_Getxo_G1_20200624_20201103,SAMEA10021244,2020-06-24/2020-11-03,20,DNA sequence reads,10040,DNA sequence reads,https://github.com/arms-mbon/documentation/tree/main/armsmbon_handbook,ERR7127674,PEMA v2.1.4 https://github.com/hariszaf/pema | https://github.com/arms-mbon/analysis_release_002/tree/main/parameter_files,CREST classifier; Minimum bit-score 155; LCA bitscore range 2% | Unite db v7.2 ; swarm2 d = 10,Abra de Bilbao (http://marineregions.org/mrgid/17355),43.338452,-3.014833,ES,Getxo_G1,5.0,10.0,Marina; semi-industrial; 9.6 - Subtidal Muddy,uncertain classification (not marine),Was a crate cover used when retrieving the unit: not provided; Which component of the ARMS unit material was extracted: Sessile,https://github.com/arms-mbon/data_release_002,Eukaryota;Opisthokonta;Fungi;Ascomycota;Sordariomycetes;Hypocreales;Hypocreaceae;Trichoderma,urn:lsid:marinespecies.org:taxname:1485878,Hypocrea,Genus,Otu266,NCBI:5543,ARMS_Getxo_G1_20200624_20201103_SF40_s1_r1
ARMS_Getxo_G1_20200624_20201103_SF40_s1_r1:Otu263,MaterialSample,ARMS-MBON,data_release_002,present,ARMS_Getxo_G1_20200624_20201103,SAMEA10021244,2020-06-24/2020-11-03,23,DNA sequence reads,10040,DNA sequence reads,https://github.com/arms-mbon/documentation/tree/main/armsmbon_handbook,ERR7127674,PEMA v2.1.4 https://github.com/hariszaf/pema | https://github.com/arms-mbon/analysis_release_002/tree/main/parameter_files,CREST classifier; Minimum bit-score 155; LCA bitscore range 2% | Unite db v7.2 ; swarm2 d = 10,Abra de Bilbao (http://marineregions.org/mrgid/17355),43.338452,-3.014833,ES,Getxo_G1,5.0,10.0,Marina; semi-industrial; 9.6 - Subtidal Muddy,,Was a crate cover used when retrieving the unit: not provided; Which component of the ARMS unit material was extracted: Sessile,https://github.com/arms-mbon/data_release_002,Eukaryota;Opisthokonta;Fungi;Ascomycota;Saccharomycetes;Saccharomycetales;Unknown Saccharomycetales family 1,urn:lsid:marinespecies.org:taxname:147580,Endomycetales,Order,Otu263,NCBI:4892,ARMS_Getxo_G1_20200624_20201103_SF40_s1_r1
ARMS_Getxo_G1_20200624_20201103_SF40_s1_r1:Otu110,MaterialSample,ARMS-MBON,data_release_002,present,ARMS_Getxo_G1_20200624_20201103,SAMEA10021244,2020-06-24/2020-11-03,83,DNA sequence reads,10040,DNA sequence reads,https://github.com/arms-mbon/documentation/tree/main/armsmbon_handbook,ERR7127674,PEMA v2.1.4 https://github.com/hariszaf/pema | https://github.com/arms-mbon/analysis_release_002/tree/main/parameter_files,CREST classifier; Minimum bit-score 155; LCA bitscore range 2% | Unite db v7.2 ; swarm2 d = 10,Abra de Bilbao (http://marineregions.org/mrgid/17355),43.338452,-3.014833,ES,Getxo_G1,5.0,10.0,Marina; semi-industrial; 9.6 - Subtidal Muddy,,Was a crate cover used when retrieving the unit: not provided; Which component of the ARMS unit material was extracted: Sessile,https://github.com/arms-mbon/data_release_002,Eukaryota;Opisthokonta;Fungi;Basidiomycota;Agaricomycetes;Agaricales;Agaricaceae;Lacrymaria;Lacrymaria_lacrymabunda,,Lacrymaria lacrymabunda,species,Otu110,NCBI:230796,ARMS_Getxo_G1_20200624_20201103_SF40_s1_r1
ARMS_Getxo_G1_20200624_20201103_SF40_s1_r1:Otu283,MaterialSample,ARMS-MBON,data_release_002,present,ARMS_Getxo_G1_20200624_20201103,SAMEA10021244,2020-06-24/2020-11-03,17,DNA sequence reads,10040,DNA sequence reads,https://github.com/arms-mbon/documentation/tree/main/armsmbon_handbook,ERR7127674,PEMA v2.1.4 https://github.com/hariszaf/pema | https://github.com/arms-mbon/analysis_release_002/tree/main/parameter_files,CREST classifier; Minimum bit-score 155; LCA bitscore range 2% | Unite db v7.2 ; swarm2 d = 10,Abra de Bilbao (http://marineregions.org/mrgid/17355),43.338452,-3.014833,ES,Getxo_G1,5.0,10.0,Marina; semi-industrial; 9.6 - Subtidal Muddy,,Was a crate cover used when retrieving the unit: not provided; Which component of the ARMS unit material was extracted: Sessile,https://github.com/arms-mbon/data_release_002,Eukaryota;Opisthokonta;Fungi;Basidiomycota;Agaricomycetes;Polyporales;Ganodermataceae;Ganoderma;Ganoderma_australe,,Ganoderma australe,species,Otu283,NCBI:34457,ARMS_Getxo_G1_20200624_20201103_SF40_s1_r1
ARMS_Getxo_G1_20200624_20201103_SF40_s1_r1:Otu298,MaterialSample,ARMS-MBON,data_release_002,present,ARMS_Getxo_G1_20200624_20201103,SAMEA10021244,2020-06-24/2020-11-03,15,DNA sequence reads,10040,DNA sequence reads,https://github.com/arms-mbon/documentation/tree/main/armsmbon_handbook,ERR7127674,PEMA v2.1.4 https://github.com/hariszaf/pema | https://github.com/arms-mbon/analysis_release_002/tree/main/parameter_files,CREST classifier; Minimum bit-score 155; LCA bitscore range 2% | Unite db v7.2 ; swarm2 d = 10,Abra de Bilbao (http://marineregions.org/mrgid/17355),43.338452,-3.014833,ES,Getxo_G1,5.0,10.0,Marina; semi-industrial; 9.6 - Subtidal Muddy,uncertain classification (not marine),Was a crate cover used when retrieving the unit: not provided; Which component of the ARMS unit material was extracted: Sessile,https://github.com/arms-mbon/data_release_002,Eukaryota;Opisthokonta;Fungi;Ascomycota;Leotiomycetes;Helotiales;Helotiales_fam_Incertae_sedis;Unknown Helotiales_fam_Incertae_sedis genus 1,urn:lsid:marinespecies.org:taxname:177198,Helotiales,Order,Otu298,NCBI:5178,ARMS_Getxo_G1_20200624_20201103_SF40_s1_r1
ARMS_Getxo_G1_20200624_20201103_SF40_s1_r1:Otu322,MaterialSample,ARMS-MBON,data_release_002,present,ARMS_Getxo_G1_20200624_20201103,SAMEA10021244,2020-06-24/2020-11-03,16,DNA sequence reads,10040,DNA sequence reads,https://github.com/arms-mbon/documentation/tree/main/armsmbon_handbook,ERR7127674,PEMA v2.1.4 https://github.com/hariszaf/pema | https://github.com/arms-mbon/analysis_release_002/tree/main/parameter_files,CREST classifier; Minimum bit-score 155; LCA bitscore range 2% | Unite db v7.2 ; swarm2 d = 10,Abra de Bilbao (http://marineregions.org/mrgid/17355),43.338452,-3.014833,ES,Getxo_G1,5.0,10.0,Marina; semi-industrial; 9.6 - Subtidal Muddy,uncertain classification (not marine),Was a crate cover used when retrieving the unit: not provided; Which component of the ARMS unit material was extracted: Sessile,https://github.com/arms-mbon/data_release_002,Eukaryota;Opisthokonta;Fungi;Ascomycota;Dothideomycetes;Pleosporales,urn:lsid:marinespecies.org:taxname:146409,Pleosporales,Order,Otu322,NCBI:92860,ARMS_Getxo_G1_20200624_20201103_SF40_s1_r1
ARMS_Getxo_G1_20200624_20201103_SF40_s1_r1:Otu1381,MaterialSample,ARMS-MBON,data_release_002,present,ARMS_Getxo_G1_20200624_20201103,SAMEA10021244,2020-06-24/2020-11-03,2,DNA sequence reads,10040,DNA sequence reads,https://github.com/arms-mbon/documentation/tree/main/armsmbon_handbook,ERR7127674,PEMA v2.1.4 https://github.com/hariszaf/pema | https://github.com/arms-mbon/analysis_release_002/tree/main/parameter_files,CREST classifier; Minimum bit-score 155; LCA bitscore range 2% | Unite db v7.2 ; swarm2 d = 10,Abra de Bilbao (http://marineregions.org/mrgid/17355),43.338452,-3.014833,ES,Getxo_G1,5.0,10.0,Marina; semi-industrial; 9.6 - Subtidal Muddy,uncertain classification (not marine),Was a crate cover used when retrieving the unit: not provided; Which component of the ARMS unit material was extracted: Sessile,https://github.com/arms-mbon/data_release_002,Eukaryota;Opisthokonta;Fungi;Ascomycota;Sordariomycetes;unidentified (Sordariomycetes) order incertae sedis;unidentified (Sordariomycetes) family incertae sedis;unidentified (unidentified (unidentified (Sordariomycetes)));Sordariomycetes_sp,urn:lsid:marinespecies.org:taxname:437254,Sordariomycetes,Class,Otu1381,NCBI:147550,ARMS_Getxo_G1_20200624_20201103_SF40_s1_r1
ARMS_Getxo_G1_20200624_20201103_SF40_s1_r1:Otu148,MaterialSample,ARMS-MBON,data_release_002,present,ARMS_Getxo_G1_20200624_20201103,SAMEA10021244,2020-06-24/2020-11-03,59,DNA sequence reads,10040,DNA sequence reads,https://github.com/arms-mbon/documentation/tree/main/armsmbon_handbook,ERR7127674,PEMA v2.1.4 https://github.com/hariszaf/pema | https://github.com/arms-mbon/analysis_release_002/tree/main/parameter_files,CREST classifier; Minimum bit-score 155; LCA bitscore range 2% | Unite db v7.2 ; swarm2 d = 10,Abra de Bilbao (http://marineregions.org/mrgid/17355),43.338452,-3.014833,ES,Getxo_G1,5.0,10.0,Marina; semi-industrial; 9.6 - Subtidal Muddy,uncertain classification (not marine),Was a crate cover used when retrieving the unit: not provided; Which component of the ARMS unit material was extracted: Sessile,https://github.com/arms-mbon/data_release_002,Eukaryota;Opisthokonta;Fungi;Basidiomycota;Agaricomycetes;Agaricales;Unknown Agaricales family 1,urn:lsid:marinespecies.org:taxname:100021,Agaricales,Order,Otu148,NCBI:5338,ARMS_Getxo_G1_20200624_20201103_SF40_s1_r1
ARMS_Getxo_G1_20200624_20201103_SF40_s1_r1:Otu597,MaterialSample,ARMS-MBON,data_release_002,present,ARMS_Getxo_G1_20200624_20201103,SAMEA10021244,2020-06-24/2020-11-03,2,DNA sequence reads,10040,DNA sequence reads,https://github.com/arms-mbon/documentation/tree/main/armsmbon_handbook,ERR7127674,PEMA v2.1.4 https://github.com/hariszaf/pema | https://github.com/arms-mbon/analysis_release_002/tree/main/parameter_files,CREST classifier; Minimum bit-score 155; LCA bitscore range 2% | Unite db v7.2 ; swarm2 d = 10,Abra de Bilbao (http://marineregions.org/mrgid/17355),43.338452,-3.014833,ES,Getxo_G1,5.0,10.0,Marina; semi-industrial; 9.6 - Subtidal Muddy,uncertain classification (not marine),Was a crate cover used when retrieving the unit: not provided; Which component of the ARMS unit material was extracted: Sessile,https://github.com/arms-mbon/data_release_002,Eukaryota;Opisthokonta;Fungi;Ascomycota;Eurotiomycetes;Eurotiales;Trichocomaceae;Unknown Trichocomaceae genus 1,urn:lsid:marinespecies.org:taxname:100048,Trichocomaceae,Family,Otu597,NCBI:28568,ARMS_Getxo_G1_20200624_20201103_SF40_s1_r1
ARMS_Getxo_G1_20200624_20201103_SF40_s1_r1:Otu244,MaterialSample,ARMS-MBON,data_release_002,present,ARMS_Getxo_G1_20200624_20201103,SAMEA10021244,2020-06-24/2020-11-03,27,DNA sequence reads,10040,DNA sequence reads,https://github.com/arms-mbon/documentation/tree/main/armsmbon_handbook,ERR7127674,PEMA v2.1.4 https://github.com/hariszaf/pema | https://github.com/arms-mbon/analysis_release_002/tree/main/parameter_files,CREST classifier; Minimum bit-score 155; LCA bitscore range 2% | Unite db v7.2 ; swarm2 d = 10,Abra de Bilbao (http://marineregions.org/mrgid/17355),43.338452,-3.014833,ES,Getxo_G1,5.0,10.0,Marina; semi-industrial; 9.6 - Subtidal Muddy,uncertain classification (not marine),Was a crate cover used when retrieving the unit: not provided; Which component of the ARMS unit material was extracted: Sessile,https://github.com/arms-mbon/data_release_002,Eukaryota;Opisthokonta;Fungi;Ascomycota;Sordariomycetes;Sordariales;Unknown Sordariales family 1,urn:lsid:marinespecies.org:taxname:100019,Sordariales,Order,Otu244,NCBI:5139,ARMS_Getxo_G1_20200624_20201103_SF40_s1_r1
ARMS_Getxo_G1_20200624_20201103_SF40_s1_r1:Otu245,MaterialSample,ARMS-MBON,data_release_002,present,ARMS_Getxo_G1_20200624_20201103,SAMEA10021244,2020-06-24/2020-11-03,23,DNA sequence reads,10040,DNA sequence reads,https://github.com/arms-mbon/documentation/tree/main/armsmbon_handbook,ERR7127674,PEMA v2.1.4 https://github.com/hariszaf/pema | https://github.com/arms-mbon/analysis_release_002/tree/main/parameter_files,CREST classifier; Minimum bit-score 155; LCA bitscore range 2% | Unite db v7.2 ; swarm2 d = 10,Abra de Bilbao (http://marineregions.org/mrgid/17355),43.338452,-3.014833,ES,Getxo_G1,5.0,10.0,Marina; semi-industrial; 9.6 - Subtidal Muddy,uncertain classification (not marine),Was a crate cover used when retrieving the unit: not provided; Which component of the ARMS unit material was extracted: Sessile,https://github.com/arms-mbon/data_release_002,Eukaryota;Opisthokonta;Fungi;Ascomycota;Sordariomycetes;Hypocreales;Bionectriaceae,urn:lsid:marinespecies.org:taxname:414768,Bionectriaceae,Family,Otu245,NCBI:103887,ARMS_Getxo_G1_20200624_20201103_SF40_s1_r1
ARMS_Getxo_G1_20200624_20201103_SF40_s1_r1:Otu29,MaterialSample,ARMS-MBON,data_release_002,present,ARMS_Getxo_G1_20200624_20201103,SAMEA10021244,2020-06-24/2020-11-03,147,DNA sequence reads,10040,DNA sequence reads,https://github.com/arms-mbon/documentation/tree/main/armsmbon_handbook,ERR7127674,PEMA v2.1.4 https://github.com/hariszaf/pema | https://github.com/arms-mbon/analysis_release_002/tree/main/parameter_files,CREST classifier; Minimum bit-score 155; LCA bitscore range 2% | Unite db v7.2 ; swarm2 d = 10,Abra de Bilbao (http://marineregions.org/mrgid/17355),43.338452,-3.014833,ES,Getxo_G1,5.0,10.0,Marina; semi-industrial; 9.6 - Subtidal Muddy,uncertain classification (not marine),Was a crate cover used when retrieving the unit: not provided; Which component of the ARMS unit material was extracted: Sessile,https://github.com/arms-mbon/data_release_002,Eukaryota;Opisthokonta;Fungi;Ascomycota;Sordariomycetes;Hypocreales;Hypocreaceae;Trichoderma,urn:lsid:marinespecies.org:taxname:1485878,Hypocrea,Genus,Otu29,NCBI:5543,ARMS_Getxo_G1_20200624_20201103_SF40_s1_r1
ARMS_Getxo_G1_20200624_20201103_SF40_s1_r1:Otu28,MaterialSample,ARMS-MBON,data_release_002,present,ARMS_Getxo_G1_20200624_20201103,SAMEA10021244,2020-06-24/2020-11-03,550,DNA sequence reads,10040,DNA sequence reads,https://github.com/arms-mbon/documentation/tree/main/armsmbon_handbook,ERR7127674,PEMA v2.1.4 https://github.com/hariszaf/pema | https://github.com/arms-mbon/analysis_release_002/tree/main/parameter_files,CREST classifier; Minimum bit-score 155; LCA bitscore range 2% | Unite db v7.2 ; swarm2 d = 10,Abra de Bilbao (http://marineregions.org/mrgid/17355),43.338452,-3.014833,ES,Getxo_G1,5.0,10.0,Marina; semi-industrial; 9.6 - Subtidal Muddy,,Was a crate cover used when retrieving the unit: not provided; Which component of the ARMS unit material was extracted: Sessile,https://github.com/arms-mbon/data_release_002,Eukaryota;Opisthokonta;Fungi;Ascomycota;Saccharomycetes;Saccharomycetales;unidentified (Saccharomycetales) family incertae sedis;unidentified (unidentified (Saccharomycetales));Saccharomycetales_sp,urn:lsid:marinespecies.org:taxname:147580,Endomycetales,Order,Otu28,NCBI:4892,ARMS_Getxo_G1_20200624_20201103_SF40_s1_r1
ARMS_Getxo_G1_20200624_20201103_SF40_s1_r1:Otu26,MaterialSample,ARMS-MBON,data_release_002,present,ARMS_Getxo_G1_20200624_20201103,SAMEA10021244,2020-06-24/2020-11-03,192,DNA sequence reads,10040,DNA sequence reads,https://github.com/arms-mbon/documentation/tree/main/armsmbon_handbook,ERR7127674,PEMA v2.1.4 https://github.com/hariszaf/pema | https://github.com/arms-mbon/analysis_release_002/tree/main/parameter_files,CREST classifier; Minimum bit-score 155; LCA bitscore range 2% | Unite db v7.2 ; swarm2 d = 10,Abra de Bilbao (http://marineregions.org/mrgid/17355),43.338452,-3.014833,ES,Getxo_G1,5.0,10.0,Marina; semi-industrial; 9.6 - Subtidal Muddy,,Was a crate cover used when retrieving the unit: not provided; Which component of the ARMS unit material was extracted: Sessile,https://github.com/arms-mbon/data_release_002,Eukaryota;Opisthokonta;Fungi;Ascomycota;Dothideomycetes;Pleosporales;Cucurbitariaceae;Pyrenochaetopsis;Pyrenochaetopsis_leptospora,,Pyrenochaetopsis leptospora,species,Otu26,NCBI:798152,ARMS_Getxo_G1_20200624_20201103_SF40_s1_r1
ARMS_Getxo_G1_20200624_20201103_SF40_s1_r1:Otu152,MaterialSample,ARMS-MBON,data_release_002,present,ARMS_Getxo_G1_20200624_20201103,SAMEA10021244,2020-06-24/2020-11-03,58,DNA sequence reads,10040,DNA sequence reads,https://github.com/arms-mbon/documentation/tree/main/armsmbon_handbook,ERR7127674,PEMA v2.1.4 https://github.com/hariszaf/pema | https://github.com/arms-mbon/analysis_release_002/tree/main/parameter_files,CREST classifier; Minimum bit-score 155; LCA bitscore range 2% | Unite db v7.2 ; swarm2 d = 10,Abra de Bilbao (http://marineregions.org/mrgid/17355),43.338452,-3.014833,ES,Getxo_G1,5.0,10.0,Marina; semi-industrial; 9.6 - Subtidal Muddy,uncertain classification (not marine),Was a crate cover used when retrieving the unit: not provided; Which component of the ARMS unit material was extracted: Sessile,https://github.com/arms-mbon/data_release_002,Eukaryota;Opisthokonta;Fungi;Ascomycota;Sordariomycetes;unidentified (Sordariomycetes) order incertae sedis;unidentified (Sordariomycetes) family incertae sedis;unidentified (unidentified (unidentified (Sordariomycetes)));Sordariomycetes_sp,urn:lsid:marinespecies.org:taxname:437254,Sordariomycetes,Class,Otu152,NCBI:147550,ARMS_Getxo_G1_20200624_20201103_SF40_s1_r1
ARMS_Getxo_G1_20200624_20201103_SF40_s1_r1:Otu154,MaterialSample,ARMS-MBON,data_release_002,present,ARMS_Getxo_G1_20200624_20201103,SAMEA10021244,2020-06-24/2020-11-03,60,DNA sequence reads,10040,DNA sequence reads,https://github.com/arms-mbon/documentation/tree/main/armsmbon_handbook,ERR7127674,PEMA v2.1.4 https://github.com/hariszaf/pema | https://github.com/arms-mbon/analysis_release_002/tree/main/parameter_files,CREST classifier; Minimum bit-score 155; LCA bitscore range 2% | Unite db v7.2 ; swarm2 d = 10,Abra de Bilbao (http://marineregions.org/mrgid/17355),43.338452,-3.014833,ES,Getxo_G1,5.0,10.0,Marina; semi-industrial; 9.6 - Subtidal Muddy,,Was a crate cover used when retrieving the unit: not provided; Which component of the ARMS unit material was extracted: Sessile,https://github.com/arms-mbon/data_release_002,Eukaryota;Opisthokonta;Fungi;Ascomycota;Dothideomycetes;Pleosporales;Thyridariaceae;unidentified (Thyridariaceae);Unknown unidentified (Thyridariaceae) species 1,urn:lsid:marinespecies.org:taxname:890010,Thyridariaceae,Family,Otu154,NCBI:1540118,ARMS_Getxo_G1_20200624_20201103_SF40_s1_r1
ARMS_Getxo_G1_20200624_20201103_SF40_s1_r1:Otu216,MaterialSample,ARMS-MBON,data_release_002,present,ARMS_Getxo_G1_20200624_20201103,SAMEA10021244,2020-06-24/2020-11-03,35,DNA sequence reads,10040,DNA sequence reads,https://github.com/arms-mbon/documentation/tree/main/armsmbon_handbook,ERR7127674,PEMA v2.1.4 https://github.com/hariszaf/pema | https://github.com/arms-mbon/analysis_release_002/tree/main/parameter_files,CREST classifier; Minimum bit-score 155; LCA bitscore range 2% | Unite db v7.2 ; swarm2 d = 10,Abra de Bilbao (http://marineregions.org/mrgid/17355),43.338452,-3.014833,ES,Getxo_G1,5.0,10.0,Marina; semi-industrial; 9.6 - Subtidal Muddy,uncertain classification (not marine),Was a crate cover used when retrieving the unit: not provided; Which component of the ARMS unit material was extracted: Sessile,https://github.com/arms-mbon/data_release_002,Eukaryota;Opisthokonta;Fungi;Ascomycota;Sordariomycetes;Hypocreales;unidentified (Hypocreales) family incertae sedis;unidentified (unidentified (Hypocreales));Hypocreales_sp,urn:lsid:marinespecies.org:taxname:100012,Hypocreales,Order,Otu216,NCBI:5125,ARMS_Getxo_G1_20200624_20201103_SF40_s1_r1
ARMS_Getxo_G1_20200624_20201103_SF40_s1_r1:Otu213,MaterialSample,ARMS-MBON,data_release_002,present,ARMS_Getxo_G1_20200624_20201103,SAMEA10021244,2020-06-24/2020-11-03,38,DNA sequence reads,10040,DNA sequence reads,https://github.com/arms-mbon/documentation/tree/main/armsmbon_handbook,ERR7127674,PEMA v2.1.4 https://github.com/hariszaf/pema | https://github.com/arms-mbon/analysis_release_002/tree/main/parameter_files,CREST classifier; Minimum bit-score 155; LCA bitscore range 2% | Unite db v7.2 ; swarm2 d = 10,Abra de Bilbao (http://marineregions.org/mrgid/17355),43.338452,-3.014833,ES,Getxo_G1,5.0,10.0,Marina; semi-industrial; 9.6 - Subtidal Muddy,,Was a crate cover used when retrieving the unit: not provided; Which component of the ARMS unit material was extracted: Sessile,https://github.com/arms-mbon/data_release_002,Eukaryota;Opisthokonta;Fungi;Basidiomycota;Agaricomycetes;Boletales;Rhizopogonaceae;Rhizopogon;Rhizopogon_verii,,Rhizopogon verii,species,Otu213,NCBI:345181,ARMS_Getxo_G1_20200624_20201103_SF40_s1_r1
ARMS_Getxo_G1_20200624_20201103_SF40_s1_r1:Otu329,MaterialSample,ARMS-MBON,data_release_002,present,ARMS_Getxo_G1_20200624_20201103,SAMEA10021244,2020-06-24/2020-11-03,13,DNA sequence reads,10040,DNA sequence reads,https://github.com/arms-mbon/documentation/tree/main/armsmbon_handbook,ERR7127674,PEMA v2.1.4 https://github.com/hariszaf/pema | https://github.com/arms-mbon/analysis_release_002/tree/main/parameter_files,CREST classifier; Minimum bit-score 155; LCA bitscore range 2% | Unite db v7.2 ; swarm2 d = 10,Abra de Bilbao (http://marineregions.org/mrgid/17355),43.338452,-3.014833,ES,Getxo_G1,5.0,10.0,Marina; semi-industrial; 9.6 - Subtidal Muddy,uncertain classification (not marine),Was a crate cover used when retrieving the unit: not provided; Which component of the ARMS unit material was extracted: Sessile,https://github.com/arms-mbon/data_release_002,Eukaryota;Opisthokonta;Fungi;Ascomycota;Sordariomycetes;Hypocreales;Unknown Hypocreales family 2,urn:lsid:marinespecies.org:taxname:100012,Hypocreales,Order,Otu329,NCBI:5125,ARMS_Getxo_G1_20200624_20201103_SF40_s1_r1
ARMS_Getxo_G1_20200624_20201103_SF40_s1_r1:Otu145,MaterialSample,ARMS-MBON,data_release_002,present,ARMS_Getxo_G1_20200624_20201103,SAMEA10021244,2020-06-24/2020-11-03,60,DNA sequence reads,10040,DNA sequence reads,https://github.com/arms-mbon/documentation/tree/main/armsmbon_handbook,ERR7127674,PEMA v2.1.4 https://github.com/hariszaf/pema | https://github.com/arms-mbon/analysis_release_002/tree/main/parameter_files,CREST classifier; Minimum bit-score 155; LCA bitscore range 2% | Unite db v7.2 ; swarm2 d = 10,Abra de Bilbao (http://marineregions.org/mrgid/17355),43.338452,-3.014833,ES,Getxo_G1,5.0,10.0,Marina; semi-industrial; 9.6 - Subtidal Muddy,,Was a crate cover used when retrieving the unit: not provided; Which component of the ARMS unit material was extracted: Sessile,https://github.com/arms-mbon/data_release_002,Eukaryota;Opisthokonta;Fungi;Basidiomycota;Agaricomycetes;Boletales;Rhizopogonaceae;Rhizopogon,,Rhizopogon,genus,Otu145,NCBI:5375,ARMS_Getxo_G1_20200624_20201103_SF40_s1_r1
ARMS_Getxo_G1_20200624_20201103_SF40_s1_r1:Otu10,MaterialSample,ARMS-MBON,data_release_002,present,ARMS_Getxo_G1_20200624_20201103,SAMEA10021244,2020-06-24/2020-11-03,1464,DNA sequence reads,10040,DNA sequence reads,https://github.com/arms-mbon/documentation/tree/main/armsmbon_handbook,ERR7127674,PEMA v2.1.4 https://github.com/hariszaf/pema | https://github.com/arms-mbon/analysis_release_002/tree/main/parameter_files,CREST classifier; Minimum bit-score 155; LCA bitscore range 2% | Unite db v7.2 ; swarm2 d = 10,Abra de Bilbao (http://marineregions.org/mrgid/17355),43.338452,-3.014833,ES,Getxo_G1,5.0,10.0,Marina; semi-industrial; 9.6 - Subtidal Muddy,,Was a crate cover used when retrieving the unit: not provided; Which component of the ARMS unit material was extracted: Sessile,https://github.com/arms-mbon/data_release_002,Eukaryota;Opisthokonta;Fungi;Ascomycota;Eurotiomycetes;Eurotiales;Aspergillaceae;Penicillium,urn:lsid:marinespecies.org:taxname:437491,Eupenicillium,Genus,Otu10,NCBI:5073,ARMS_Getxo_G1_20200624_20201103_SF40_s1_r1
ARMS_Getxo_G2_20200624_20201103_MF100_s1_r1:Otu66,MaterialSample,ARMS-MBON,data_release_002,present,ARMS_Getxo_G2_20200624_20201103,SAMEA10021250,2020-06-24/2020-11-03,204,DNA sequence reads,3783,DNA sequence reads,https://github.com/arms-mbon/documentation/tree/main/armsmbon_handbook,ERR7127680,PEMA v2.1.4 https://github.com/hariszaf/pema | https://github.com/arms-mbon/analysis_release_002/tree/main/parameter_files,CREST classifier; Minimum bit-score 155; LCA bitscore range 2% | Unite db v7.2 ; swarm2 d = 10,Abra de Bilbao (http://marineregions.org/mrgid/17355),43.3385,-3.01491,ES,Getxo_G2,5.0,10.0,Marina; semi-industrial; 9.6 - Subtidal Muddy,,Was a crate cover used when retrieving the unit: not provided; Which component of the ARMS unit material was extracted: Motile,https://github.com/arms-mbon/data_release_002,Eukaryota;Opisthokonta;Fungi;Ascomycota;Dothideomycetes;Pleosporales;Didymosphaeriaceae;Paraconiothyrium;Unknown Paraconiothyrium species 1,urn:lsid:marinespecies.org:taxname:1728113,Paraconiothyrium,Genus,Otu66,NCBI:300251,ARMS_Getxo_G2_20200624_20201103_MF100_s1_r1
ARMS_Getxo_G2_20200624_20201103_MF100_s1_r1:Otu544,MaterialSample,ARMS-MBON,data_release_002,present,ARMS_Getxo_G2_20200624_20201103,SAMEA10021250,2020-06-24/2020-11-03,2,DNA sequence reads,3783,DNA sequence reads,https://github.com/arms-mbon/documentation/tree/main/armsmbon_handbook,ERR7127680,PEMA v2.1.4 https://github.com/hariszaf/pema | https://github.com/arms-mbon/analysis_release_002/tree/main/parameter_files,CREST classifier; Minimum bit-score 155; LCA bitscore range 2% | Unite db v7.2 ; swarm2 d = 10,Abra de Bilbao (http://marineregions.org/mrgid/17355),43.3385,-3.01491,ES,Getxo_G2,5.0,10.0,Marina; semi-industrial; 9.6 - Subtidal Muddy,,Was a crate cover used when retrieving the unit: not provided; Which component of the ARMS unit material was extracted: Motile,https://github.com/arms-mbon/data_release_002,Eukaryota;Opisthokonta;Fungi;Ascomycota;Dothideomycetes;Pleosporales;Cucurbitariaceae;Pyrenochaetopsis;Pyrenochaetopsis_leptospora,,Pyrenochaetopsis leptospora,species,Otu544,NCBI:798152,ARMS_Getxo_G2_20200624_20201103_MF100_s1_r1
ARMS_Getxo_G2_20200624_20201103_MF100_s1_r1:Otu42,MaterialSample,ARMS-MBON,data_release_002,present,ARMS_Getxo_G2_20200624_20201103,SAMEA10021250,2020-06-24/2020-11-03,270,DNA sequence reads,3783,DNA sequence reads,https://github.com/arms-mbon/documentation/tree/main/armsmbon_handbook,ERR7127680,PEMA v2.1.4 https://github.com/hariszaf/pema | https://github.com/arms-mbon/analysis_release_002/tree/main/parameter_files,CREST classifier; Minimum bit-score 155; LCA bitscore range 2% | Unite db v7.2 ; swarm2 d = 10,Abra de Bilbao (http://marineregions.org/mrgid/17355),43.3385,-3.01491,ES,Getxo_G2,5.0,10.0,Marina; semi-industrial; 9.6 - Subtidal Muddy,uncertain classification (not marine),Was a crate cover used when retrieving the unit: not provided; Which component of the ARMS unit material was extracted: Motile,https://github.com/arms-mbon/data_release_002,Eukaryota;Opisthokonta;Fungi;Ascomycota;Leotiomycetes;Helotiales;Hyaloscyphaceae;Unknown Hyaloscyphaceae genus 1,urn:lsid:marinespecies.org:taxname:988372,Hyaloscyphaceae,Family,Otu42,NCBI:47743,ARMS_Getxo_G2_20200624_20201103_MF100_s1_r1
ARMS_Getxo_G2_20200624_20201103_MF100_s1_r1:Otu183,MaterialSample,ARMS-MBON,data_release_002,present,ARMS_Getxo_G2_20200624_20201103,SAMEA10021250,2020-06-24/2020-11-03,48,DNA sequence reads,3783,DNA sequence reads,https://github.com/arms-mbon/documentation/tree/main/armsmbon_handbook,ERR7127680,PEMA v2.1.4 https://github.com/hariszaf/pema | https://github.com/arms-mbon/analysis_release_002/tree/main/parameter_files,CREST classifier; Minimum bit-score 155; LCA bitscore range 2% | Unite db v7.2 ; swarm2 d = 10,Abra de Bilbao (http://marineregions.org/mrgid/17355),43.3385,-3.01491,ES,Getxo_G2,5.0,10.0,Marina; semi-industrial; 9.6 - Subtidal Muddy,uncertain classification (not marine),Was a crate cover used when retrieving the unit: not provided; Which component of the ARMS unit material was extracted: Motile,https://github.com/arms-mbon/data_release_002,Eukaryota;Opisthokonta;Fungi;Ascomycota;Dothideomycetes;Unknown Dothideomycetes order 1,urn:lsid:marinespecies.org:taxname:147577,Dothideomycetes,Class,Otu183,NCBI:147541,ARMS_Getxo_G2_20200624_20201103_MF100_s1_r1
ARMS_Getxo_G2_20200624_20201103_MF100_s1_r1:Otu50,MaterialSample,ARMS-MBON,data_release_002,present,ARMS_Getxo_G2_20200624_20201103,SAMEA10021250,2020-06-24/2020-11-03,17,DNA sequence reads,3783,DNA sequence reads,https://github.com/arms-mbon/documentation/tree/main/armsmbon_handbook,ERR7127680,PEMA v2.1.4 https://github.com/hariszaf/pema | https://github.com/arms-mbon/analysis_release_002/tree/main/parameter_files,CREST classifier; Minimum bit-score 155; LCA bitscore range 2% | Unite db v7.2 ; swarm2 d = 10,Abra de Bilbao (http://marineregions.org/mrgid/17355),43.3385,-3.01491,ES,Getxo_G2,5.0,10.0,Marina; semi-industrial; 9.6 - Subtidal Muddy,,Was a crate cover used when retrieving the unit: not provided; Which component of the ARMS unit material was extracted: Motile,https://github.com/arms-mbon/data_release_002,Eukaryota;Opisthokonta;Fungi;Ascomycota;Dothideomycetes;Capnodiales;Mycosphaerellaceae;Mycosphaerella;Mycosphaerella_tassiana,urn:lsid:marinespecies.org:taxname:100511,Cladosporium herbarum,Species,Otu50,NCBI:29918,ARMS_Getxo_G2_20200624_20201103_MF100_s1_r1
ARMS_Getxo_G2_20200624_20201103_MF100_s1_r1:Otu51,MaterialSample,ARMS-MBON,data_release_002,present,ARMS_Getxo_G2_20200624_20201103,SAMEA10021250,2020-06-24/2020-11-03,125,DNA sequence reads,3783,DNA sequence reads,https://github.com/arms-mbon/documentation/tree/main/armsmbon_handbook,ERR7127680,PEMA v2.1.4 https://github.com/hariszaf/pema | https://github.com/arms-mbon/analysis_release_002/tree/main/parameter_files,CREST classifier; Minimum bit-score 155; LCA bitscore range 2% | Unite db v7.2 ; swarm2 d = 10,Abra de Bilbao (http://marineregions.org/mrgid/17355),43.3385,-3.01491,ES,Getxo_G2,5.0,10.0,Marina; semi-industrial; 9.6 - Subtidal Muddy,,Was a crate cover used when retrieving the unit: not provided; Which component of the ARMS unit material was extracted: Motile,https://github.com/arms-mbon/data_release_002,Eukaryota;Opisthokonta;Fungi;Ascomycota;Dothideomycetes;Capnodiales;Cladosporiaceae;Cladosporium;Cladosporium_delicatulum,,Cladosporium delicatulum,species,Otu51,NCBI:887075,ARMS_Getxo_G2_20200624_20201103_MF100_s1_r1
ARMS_Getxo_G2_20200624_20201103_MF100_s1_r1:Otu4,MaterialSample,ARMS-MBON,data_release_002,present,ARMS_Getxo_G2_20200624_20201103,SAMEA10021250,2020-06-24/2020-11-03,171,DNA sequence reads,3783,DNA sequence reads,https://github.com/arms-mbon/documentation/tree/main/armsmbon_handbook,ERR7127680,PEMA v2.1.4 https://github.com/hariszaf/pema | https://github.com/arms-mbon/analysis_release_002/tree/main/parameter_files,CREST classifier; Minimum bit-score 155; LCA bitscore range 2% | Unite db v7.2 ; swarm2 d = 10,Abra de Bilbao (http://marineregions.org/mrgid/17355),43.3385,-3.01491,ES,Getxo_G2,5.0,10.0,Marina; semi-industrial; 9.6 - Subtidal Muddy,,Was a crate cover used when retrieving the unit: not provided; Which component of the ARMS unit material was extracted: Motile,https://github.com/arms-mbon/data_release_002,Eukaryota;Opisthokonta;Fungi;Ascomycota;Saccharomycetes;Saccharomycetales;Debaryomycetaceae;Debaryomyces;Debaryomyces_hansenii,urn:lsid:marinespecies.org:taxname:147583,Debaryomyces hansenii,Species,Otu4,NCBI:4959,ARMS_Getxo_G2_20200624_20201103_MF100_s1_r1
ARMS_Getxo_G2_20200624_20201103_MF100_s1_r1:Otu99,MaterialSample,ARMS-MBON,data_release_002,present,ARMS_Getxo_G2_20200624_20201103,SAMEA10021250,2020-06-24/2020-11-03,91,DNA sequence reads,3783,DNA sequence reads,https://github.com/arms-mbon/documentation/tree/main/armsmbon_handbook,ERR7127680,PEMA v2.1.4 https://github.com/hariszaf/pema | https://github.com/arms-mbon/analysis_release_002/tree/main/parameter_files,CREST classifier; Minimum bit-score 155; LCA bitscore range 2% | Unite db v7.2 ; swarm2 d = 10,Abra de Bilbao (http://marineregions.org/mrgid/17355),43.3385,-3.01491,ES,Getxo_G2,5.0,10.0,Marina; semi-industrial; 9.6 - Subtidal Muddy,uncertain classification (not marine),Was a crate cover used when retrieving the unit: not provided; Which component of the ARMS unit material was extracted: Motile,https://github.com/arms-mbon/data_release_002,Eukaryota;Opisthokonta;Fungi;Ascomycota;Leotiomycetes;Unknown Leotiomycetes order 1,urn:lsid:marinespecies.org:taxname:437251,Leotiomycetes,Class,Otu99,NCBI:147548,ARMS_Getxo_G2_20200624_20201103_MF100_s1_r1
ARMS_Getxo_G2_20200624_20201103_MF100_s1_r1:Otu95,MaterialSample,ARMS-MBON,data_release_002,present,ARMS_Getxo_G2_20200624_20201103,SAMEA10021250,2020-06-24/2020-11-03,117,DNA sequence reads,3783,DNA sequence reads,https://github.com/arms-mbon/documentation/tree/main/armsmbon_handbook,ERR7127680,PEMA v2.1.4 https://github.com/hariszaf/pema | https://github.com/arms-mbon/analysis_release_002/tree/main/parameter_files,CREST classifier; Minimum bit-score 155; LCA bitscore range 2% | Unite db v7.2 ; swarm2 d = 10,Abra de Bilbao (http://marineregions.org/mrgid/17355),43.3385,-3.01491,ES,Getxo_G2,5.0,10.0,Marina; semi-industrial; 9.6 - Subtidal Muddy,,Was a crate cover used when retrieving the unit: not provided; Which component of the ARMS unit material was extracted: Motile,https://github.com/arms-mbon/data_release_002,Eukaryota;Opisthokonta;Fungi;Ascomycota;Eurotiomycetes;Eurotiales;Aspergillaceae;Penicillium;Penicillium_bialowiezense,,Penicillium bialowiezense,species,Otu95,NCBI:293381,ARMS_Getxo_G2_20200624_20201103_MF100_s1_r1
ARMS_Getxo_G2_20200624_20201103_MF100_s1_r1:Otu117,MaterialSample,ARMS-MBON,data_release_002,present,ARMS_Getxo_G2_20200624_20201103,SAMEA10021250,2020-06-24/2020-11-03,78,DNA sequence reads,3783,DNA sequence reads,https://github.com/arms-mbon/documentation/tree/main/armsmbon_handbook,ERR7127680,PEMA v2.1.4 https://github.com/hariszaf/pema | https://github.com/arms-mbon/analysis_release_002/tree/main/parameter_files,CREST classifier; Minimum bit-score 155; LCA bitscore range 2% | Unite db v7.2 ; swarm2 d = 10,Abra de Bilbao (http://marineregions.org/mrgid/17355),43.3385,-3.01491,ES,Getxo_G2,5.0,10.0,Marina; semi-industrial; 9.6 - Subtidal Muddy,uncertain classification (not marine),Was a crate cover used when retrieving the unit: not provided; Which component of the ARMS unit material was extracted: Motile,https://github.com/arms-mbon/data_release_002,Eukaryota;Opisthokonta;Fungi;Ascomycota;Dothideomycetes;Venturiales;Venturiaceae;Venturia;Venturia_minuta,urn:lsid:marinespecies.org:taxname:988641,Venturia,Genus,Otu117,NCBI:5024\n92443,ARMS_Getxo_G2_20200624_20201103_MF100_s1_r1
ARMS_Getxo_G2_20200624_20201103_MF100_s1_r1:Otu149,MaterialSample,ARMS-MBON,data_release_002,present,ARMS_Getxo_G2_20200624_20201103,SAMEA10021250,2020-06-24/2020-11-03,66,DNA sequence reads,3783,DNA sequence reads,https://github.com/arms-mbon/documentation/tree/main/armsmbon_handbook,ERR7127680,PEMA v2.1.4 https://github.com/hariszaf/pema | https://github.com/arms-mbon/analysis_release_002/tree/main/parameter_files,CREST classifier; Minimum bit-score 155; LCA bitscore range 2% | Unite db v7.2 ; swarm2 d = 10,Abra de Bilbao (http://marineregions.org/mrgid/17355),43.3385,-3.01491,ES,Getxo_G2,5.0,10.0,Marina; semi-industrial; 9.6 - Subtidal Muddy,,Was a crate cover used when retrieving the unit: not provided; Which component of the ARMS unit material was extracted: Motile,https://github.com/arms-mbon/data_release_002,Eukaryota;Opisthokonta;Fungi;Ascomycota;Leotiomycetes;Helotiales;Myxotrichaceae;Oidiodendron;Unknown Oidiodendron species 1,urn:lsid:marinespecies.org:taxname:100231,Oidiodendron,Genus,Otu149,NCBI:78141,ARMS_Getxo_G2_20200624_20201103_MF100_s1_r1
ARMS_Getxo_G2_20200624_20201103_MF100_s1_r1:Otu29,MaterialSample,ARMS-MBON,data_release_002,present,ARMS_Getxo_G2_20200624_20201103,SAMEA10021250,2020-06-24/2020-11-03,446,DNA sequence reads,3783,DNA sequence reads,https://github.com/arms-mbon/documentation/tree/main/armsmbon_handbook,ERR7127680,PEMA v2.1.4 https://github.com/hariszaf/pema | https://github.com/arms-mbon/analysis_release_002/tree/main/parameter_files,CREST classifier; Minimum bit-score 155; LCA bitscore range 2% | Unite db v7.2 ; swarm2 d = 10,Abra de Bilbao (http://marineregions.org/mrgid/17355),43.3385,-3.01491,ES,Getxo_G2,5.0,10.0,Marina; semi-industrial; 9.6 - Subtidal Muddy,uncertain classification (not marine),Was a crate cover used when retrieving the unit: not provided; Which component of the ARMS unit material was extracted: Motile,https://github.com/arms-mbon/data_release_002,Eukaryota;Opisthokonta;Fungi;Ascomycota;Sordariomycetes;Hypocreales;Hypocreaceae;Trichoderma,urn:lsid:marinespecies.org:taxname:1485878,Hypocrea,Genus,Otu29,NCBI:5543,ARMS_Getxo_G2_20200624_20201103_MF100_s1_r1
ARMS_Getxo_G2_20200624_20201103_MF100_s1_r1:Otu26,MaterialSample,ARMS-MBON,data_release_002,present,ARMS_Getxo_G2_20200624_20201103,SAMEA10021250,2020-06-24/2020-11-03,549,DNA sequence reads,3783,DNA sequence reads,https://github.com/arms-mbon/documentation/tree/main/armsmbon_handbook,ERR7127680,PEMA v2.1.4 https://github.com/hariszaf/pema | https://github.com/arms-mbon/analysis_release_002/tree/main/parameter_files,CREST classifier; Minimum bit-score 155; LCA bitscore range 2% | Unite db v7.2 ; swarm2 d = 10,Abra de Bilbao (http://marineregions.org/mrgid/17355),43.3385,-3.01491,ES,Getxo_G2,5.0,10.0,Marina; semi-industrial; 9.6 - Subtidal Muddy,,Was a crate cover used when retrieving the unit: not provided; Which component of the ARMS unit material was extracted: Motile,https://github.com/arms-mbon/data_release_002,Eukaryota;Opisthokonta;Fungi;Ascomycota;Dothideomycetes;Pleosporales;Cucurbitariaceae;Pyrenochaetopsis;Pyrenochaetopsis_leptospora,,Pyrenochaetopsis leptospora,species,Otu26,NCBI:798152,ARMS_Getxo_G2_20200624_20201103_MF100_s1_r1
ARMS_Getxo_G2_20200624_20201103_MF100_s1_r1:Otu37,MaterialSample,ARMS-MBON,data_release_002,present,ARMS_Getxo_G2_20200624_20201103,SAMEA10021250,2020-06-24/2020-11-03,492,DNA sequence reads,3783,DNA sequence reads,https://github.com/arms-mbon/documentation/tree/main/armsmbon_handbook,ERR7127680,PEMA v2.1.4 https://github.com/hariszaf/pema | https://github.com/arms-mbon/analysis_release_002/tree/main/parameter_files,CREST classifier; Minimum bit-score 155; LCA bitscore range 2% | Unite db v7.2 ; swarm2 d = 10,Abra de Bilbao (http://marineregions.org/mrgid/17355),43.3385,-3.01491,ES,Getxo_G2,5.0,10.0,Marina; semi-industrial; 9.6 - Subtidal Muddy,uncertain classification (not marine),Was a crate cover used when retrieving the unit: not provided; Which component of the ARMS unit material was extracted: Motile,https://github.com/arms-mbon/data_release_002,Eukaryota;Opisthokonta;Fungi;Ascomycota;Dothideomycetes;Pleosporales;unidentified (Pleosporales) family incertae sedis;unidentified (unidentified (Pleosporales));Pleosporales_sp,urn:lsid:marinespecies.org:taxname:146409,Pleosporales,Order,Otu37,NCBI:92860,ARMS_Getxo_G2_20200624_20201103_MF100_s1_r1
ARMS_Getxo_G2_20200624_20201103_MF100_s1_r1:Otu15,MaterialSample,ARMS-MBON,data_release_002,present,ARMS_Getxo_G2_20200624_20201103,SAMEA10021250,2020-06-24/2020-11-03,1107,DNA sequence reads,3783,DNA sequence reads,https://github.com/arms-mbon/documentation/tree/main/armsmbon_handbook,ERR7127680,PEMA v2.1.4 https://github.com/hariszaf/pema | https://github.com/arms-mbon/analysis_release_002/tree/main/parameter_files,CREST classifier; Minimum bit-score 155; LCA bitscore range 2% | Unite db v7.2 ; swarm2 d = 10,Abra de Bilbao (http://marineregions.org/mrgid/17355),43.3385,-3.01491,ES,Getxo_G2,5.0,10.0,Marina; semi-industrial; 9.6 - Subtidal Muddy,uncertain classification (not marine),Was a crate cover used when retrieving the unit: not provided; Which component of the ARMS unit material was extracted: Motile,https://github.com/arms-mbon/data_release_002,Eukaryota;Opisthokonta;Fungi;Ascomycota;Leotiomycetes;Helotiales;Sclerotiniaceae,urn:lsid:marinespecies.org:taxname:438656,Sclerotiniaceae,Family,Otu15,NCBI:28983,ARMS_Getxo_G2_20200624_20201103_MF100_s1_r1
ARMS_Getxo_G2_20200624_20201103_SF40_s1_r1:Otu238,MaterialSample,ARMS-MBON,data_release_002,present,ARMS_Getxo_G2_20200624_20201103,SAMEA10021253,2020-06-24/2020-11-03,3,DNA sequence reads,769,DNA sequence reads,https://github.com/arms-mbon/documentation/tree/main/armsmbon_handbook,ERR7127683,PEMA v2.1.4 https://github.com/hariszaf/pema | https://github.com/arms-mbon/analysis_release_002/tree/main/parameter_files,CREST classifier; Minimum bit-score 155; LCA bitscore range 2% | Unite db v7.2 ; swarm2 d = 10,Abra de Bilbao (http://marineregions.org/mrgid/17355),43.3385,-3.01491,ES,Getxo_G2,5.0,10.0,Marina; semi-industrial; 9.6 - Subtidal Muddy,,Was a crate cover used when retrieving the unit: not provided; Which component of the ARMS unit material was extracted: Sessile,https://github.com/arms-mbon/data_release_002,Eukaryota;Opisthokonta;Fungi;Basidiomycota;Malasseziomycetes;Malasseziales;Malasseziaceae;Malassezia;Unknown Malassezia species 1,,Malassezia,genus,Otu238,NCBI:55193,ARMS_Getxo_G2_20200624_20201103_SF40_s1_r1
ARMS_Getxo_G2_20200624_20201103_SF40_s1_r1:Otu64,MaterialSample,ARMS-MBON,data_release_002,present,ARMS_Getxo_G2_20200624_20201103,SAMEA10021253,2020-06-24/2020-11-03,29,DNA sequence reads,769,DNA sequence reads,https://github.com/arms-mbon/documentation/tree/main/armsmbon_handbook,ERR7127683,PEMA v2.1.4 https://github.com/hariszaf/pema | https://github.com/arms-mbon/analysis_release_002/tree/main/parameter_files,CREST classifier; Minimum bit-score 155; LCA bitscore range 2% | Unite db v7.2 ; swarm2 d = 10,Abra de Bilbao (http://marineregions.org/mrgid/17355),43.3385,-3.01491,ES,Getxo_G2,5.0,10.0,Marina; semi-industrial; 9.6 - Subtidal Muddy,uncertain classification (not marine),Was a crate cover used when retrieving the unit: not provided; Which component of the ARMS unit material was extracted: Sessile,https://github.com/arms-mbon/data_release_002,Eukaryota;Opisthokonta;Fungi;Ascomycota;Sordariomycetes;Hypocreales;Hypocreaceae;Trichoderma;Unknown Trichoderma species 1,urn:lsid:marinespecies.org:taxname:1485878,Hypocrea,Genus,Otu64,NCBI:5543,ARMS_Getxo_G2_20200624_20201103_SF40_s1_r1
ARMS_Getxo_G2_20200624_20201103_SF40_s1_r1:Otu197,MaterialSample,ARMS-MBON,data_release_002,present,ARMS_Getxo_G2_20200624_20201103,SAMEA10021253,2020-06-24/2020-11-03,2,DNA sequence reads,769,DNA sequence reads,https://github.com/arms-mbon/documentation/tree/main/armsmbon_handbook,ERR7127683,PEMA v2.1.4 https://github.com/hariszaf/pema | https://github.com/arms-mbon/analysis_release_002/tree/main/parameter_files,CREST classifier; Minimum bit-score 155; LCA bitscore range 2% | Unite db v7.2 ; swarm2 d = 10,Abra de Bilbao (http://marineregions.org/mrgid/17355),43.3385,-3.01491,ES,Getxo_G2,5.0,10.0,Marina; semi-industrial; 9.6 - Subtidal Muddy,uncertain classification (not marine),Was a crate cover used when retrieving the unit: not provided; Which component of the ARMS unit material was extracted: Sessile,https://github.com/arms-mbon/data_release_002,Eukaryota;Opisthokonta;Fungi;Ascomycota;Sordariomycetes;Hypocreales;Unknown Hypocreales family 1,urn:lsid:marinespecies.org:taxname:100012,Hypocreales,Order,Otu197,NCBI:5125,ARMS_Getxo_G2_20200624_20201103_SF40_s1_r1
ARMS_Getxo_G2_20200624_20201103_SF40_s1_r1:Otu1029,MaterialSample,ARMS-MBON,data_release_002,present,ARMS_Getxo_G2_20200624_20201103,SAMEA10021253,2020-06-24/2020-11-03,2,DNA sequence reads,769,DNA sequence reads,https://github.com/arms-mbon/documentation/tree/main/armsmbon_handbook,ERR7127683,PEMA v2.1.4 https://github.com/hariszaf/pema | https://github.com/arms-mbon/analysis_release_002/tree/main/parameter_files,CREST classifier; Minimum bit-score 155; LCA bitscore range 2% | Unite db v7.2 ; swarm2 d = 10,Abra de Bilbao (http://marineregions.org/mrgid/17355),43.3385,-3.01491,ES,Getxo_G2,5.0,10.0,Marina; semi-industrial; 9.6 - Subtidal Muddy,,Was a crate cover used when retrieving the unit: not provided; Which component of the ARMS unit material was extracted: Sessile,https://github.com/arms-mbon/data_release_002,Eukaryota;Opisthokonta;Fungi;Ascomycota;Saccharomycetes;Saccharomycetales;unidentified (Saccharomycetales) family incertae sedis;unidentified (unidentified (Saccharomycetales));Saccharomycetales_sp,urn:lsid:marinespecies.org:taxname:147580,Endomycetales,Order,Otu1029,NCBI:4892,ARMS_Getxo_G2_20200624_20201103_SF40_s1_r1
ARMS_Getxo_G2_20200624_20201103_SF40_s1_r1:Otu301,MaterialSample,ARMS-MBON,data_release_002,present,ARMS_Getxo_G2_20200624_20201103,SAMEA10021253,2020-06-24/2020-11-03,16,DNA sequence reads,769,DNA sequence reads,https://github.com/arms-mbon/documentation/tree/main/armsmbon_handbook,ERR7127683,PEMA v2.1.4 https://github.com/hariszaf/pema | https://github.com/arms-mbon/analysis_release_002/tree/main/parameter_files,CREST classifier; Minimum bit-score 155; LCA bitscore range 2% | Unite db v7.2 ; swarm2 d = 10,Abra de Bilbao (http://marineregions.org/mrgid/17355),43.3385,-3.01491,ES,Getxo_G2,5.0,10.0,Marina; semi-industrial; 9.6 - Subtidal Muddy,uncertain classification (not marine),Was a crate cover used when retrieving the unit: not provided; Which component of the ARMS unit material was extracted: Sessile,https://github.com/arms-mbon/data_release_002,Eukaryota;Opisthokonta;Fungi;Ascomycota;Sordariomycetes;Hypocreales;Hypocreales_fam_Incertae_sedis;Acremonium,urn:lsid:marinespecies.org:taxname:100206,Acremonium,Genus,Otu301,NCBI:159075,ARMS_Getxo_G2_20200624_20201103_SF40_s1_r1
ARMS_Getxo_G2_20200624_20201103_SF40_s1_r1:Otu191,MaterialSample,ARMS-MBON,data_release_002,present,ARMS_Getxo_G2_20200624_20201103,SAMEA10021253,2020-06-24/2020-11-03,47,DNA sequence reads,769,DNA sequence reads,https://github.com/arms-mbon/documentation/tree/main/armsmbon_handbook,ERR7127683,PEMA v2.1.4 https://github.com/hariszaf/pema | https://github.com/arms-mbon/analysis_release_002/tree/main/parameter_files,CREST classifier; Minimum bit-score 155; LCA bitscore range 2% | Unite db v7.2 ; swarm2 d = 10,Abra de Bilbao (http://marineregions.org/mrgid/17355),43.3385,-3.01491,ES,Getxo_G2,5.0,10.0,Marina; semi-industrial; 9.6 - Subtidal Muddy,,Was a crate cover used when retrieving the unit: not provided; Which component of the ARMS unit material was extracted: Sessile,https://github.com/arms-mbon/data_release_002,Eukaryota;Opisthokonta;Fungi;Basidiomycota;Tremellomycetes;Trichosporonales;Trichosporonaceae;Cutaneotrichosporon;Cutaneotrichosporon_sp,,Cutaneotrichosporon,genus,Otu191,NCBI:1838142,ARMS_Getxo_G2_20200624_20201103_SF40_s1_r1
ARMS_Getxo_G2_20200624_20201103_SF40_s1_r1:Otu44,MaterialSample,ARMS-MBON,data_release_002,present,ARMS_Getxo_G2_20200624_20201103,SAMEA10021253,2020-06-24/2020-11-03,139,DNA sequence reads,769,DNA sequence reads,https://github.com/arms-mbon/documentation/tree/main/armsmbon_handbook,ERR7127683,PEMA v2.1.4 https://github.com/hariszaf/pema | https://github.com/arms-mbon/analysis_release_002/tree/main/parameter_files,CREST classifier; Minimum bit-score 155; LCA bitscore range 2% | Unite db v7.2 ; swarm2 d = 10,Abra de Bilbao (http://marineregions.org/mrgid/17355),43.3385,-3.01491,ES,Getxo_G2,5.0,10.0,Marina; semi-industrial; 9.6 - Subtidal Muddy,,Was a crate cover used when retrieving the unit: not provided; Which component of the ARMS unit material was extracted: Sessile,https://github.com/arms-mbon/data_release_002,Eukaryota;Opisthokonta;Fungi;Basidiomycota;Tremellomycetes;Trichosporonales;Trichosporonaceae;Apiotrichum;Apiotrichum_laibachii,,Apiotrichum laibachii,species,Otu44,NCBI:82520,ARMS_Getxo_G2_20200624_20201103_SF40_s1_r1
ARMS_Getxo_G2_20200624_20201103_SF40_s1_r1:Otu43,MaterialSample,ARMS-MBON,data_release_002,present,ARMS_Getxo_G2_20200624_20201103,SAMEA10021253,2020-06-24/2020-11-03,60,DNA sequence reads,769,DNA sequence reads,https://github.com/arms-mbon/documentation/tree/main/armsmbon_handbook,ERR7127683,PEMA v2.1.4 https://github.com/hariszaf/pema | https://github.com/arms-mbon/analysis_release_002/tree/main/parameter_files,CREST classifier; Minimum bit-score 155; LCA bitscore range 2% | Unite db v7.2 ; swarm2 d = 10,Abra de Bilbao (http://marineregions.org/mrgid/17355),43.3385,-3.01491,ES,Getxo_G2,5.0,10.0,Marina; semi-industrial; 9.6 - Subtidal Muddy,uncertain classification (not marine),Was a crate cover used when retrieving the unit: not provided; Which component of the ARMS unit material was extracted: Sessile,https://github.com/arms-mbon/data_release_002,Eukaryota;Opisthokonta;Fungi;Basidiomycota;Agaricomycetes;Phallales;Phallaceae;Phallus;Unknown Phallus species 1,urn:lsid:marinespecies.org:taxname:426220,Phallus,Genus,Otu43,NCBI:146780,ARMS_Getxo_G2_20200624_20201103_SF40_s1_r1
ARMS_Getxo_G2_20200624_20201103_SF40_s1_r1:Otu564,MaterialSample,ARMS-MBON,data_release_002,present,ARMS_Getxo_G2_20200624_20201103,SAMEA10021253,2020-06-24/2020-11-03,3,DNA sequence reads,769,DNA sequence reads,https://github.com/arms-mbon/documentation/tree/main/armsmbon_handbook,ERR7127683,PEMA v2.1.4 https://github.com/hariszaf/pema | https://github.com/arms-mbon/analysis_release_002/tree/main/parameter_files,CREST classifier; Minimum bit-score 155; LCA bitscore range 2% | Unite db v7.2 ; swarm2 d = 10,Abra de Bilbao (http://marineregions.org/mrgid/17355),43.3385,-3.01491,ES,Getxo_G2,5.0,10.0,Marina; semi-industrial; 9.6 - Subtidal Muddy,,Was a crate cover used when retrieving the unit: not provided; Which component of the ARMS unit material was extracted: Sessile,https://github.com/arms-mbon/data_release_002,Eukaryota;Opisthokonta;Fungi;Ascomycota;Leotiomycetes;Helotiales;Myxotrichaceae;Oidiodendron;Unknown Oidiodendron species 2,urn:lsid:marinespecies.org:taxname:100231,Oidiodendron,Genus,Otu564,NCBI:78141,ARMS_Getxo_G2_20200624_20201103_SF40_s1_r1
ARMS_Getxo_G2_20200624_20201103_SF40_s1_r1:Otu80,MaterialSample,ARMS-MBON,data_release_002,present,ARMS_Getxo_G2_20200624_20201103,SAMEA10021253,2020-06-24/2020-11-03,20,DNA sequence reads,769,DNA sequence reads,https://github.com/arms-mbon/documentation/tree/main/armsmbon_handbook,ERR7127683,PEMA v2.1.4 https://github.com/hariszaf/pema | https://github.com/arms-mbon/analysis_release_002/tree/main/parameter_files,CREST classifier; Minimum bit-score 155; LCA bitscore range 2% | Unite db v7.2 ; swarm2 d = 10,Abra de Bilbao (http://marineregions.org/mrgid/17355),43.3385,-3.01491,ES,Getxo_G2,5.0,10.0,Marina; semi-industrial; 9.6 - Subtidal Muddy,uncertain classification (not marine),Was a crate cover used when retrieving the unit: not provided; Which component of the ARMS unit material was extracted: Sessile,https://github.com/arms-mbon/data_release_002,Eukaryota;Opisthokonta;Fungi;Ascomycota;Sordariomycetes;unidentified (Sordariomycetes) order incertae sedis;unidentified (Sordariomycetes) family incertae sedis;unidentified (unidentified (unidentified (Sordariomycetes)));Sordariomycetes_sp,urn:lsid:marinespecies.org:taxname:437254,Sordariomycetes,Class,Otu80,NCBI:147550,ARMS_Getxo_G2_20200624_20201103_SF40_s1_r1
ARMS_Getxo_G2_20200624_20201103_SF40_s1_r1:Otu4,MaterialSample,ARMS-MBON,data_release_002,present,ARMS_Getxo_G2_20200624_20201103,SAMEA10021253,2020-06-24/2020-11-03,28,DNA sequence reads,769,DNA sequence reads,https://github.com/arms-mbon/documentation/tree/main/armsmbon_handbook,ERR7127683,PEMA v2.1.4 https://github.com/hariszaf/pema | https://github.com/arms-mbon/analysis_release_002/tree/main/parameter_files,CREST classifier; Minimum bit-score 155; LCA bitscore range 2% | Unite db v7.2 ; swarm2 d = 10,Abra de Bilbao (http://marineregions.org/mrgid/17355),43.3385,-3.01491,ES,Getxo_G2,5.0,10.0,Marina; semi-industrial; 9.6 - Subtidal Muddy,,Was a crate cover used when retrieving the unit: not provided; Which component of the ARMS unit material was extracted: Sessile,https://github.com/arms-mbon/data_release_002,Eukaryota;Opisthokonta;Fungi;Ascomycota;Saccharomycetes;Saccharomycetales;Debaryomycetaceae;Debaryomyces;Debaryomyces_hansenii,urn:lsid:marinespecies.org:taxname:147583,Debaryomyces hansenii,Species,Otu4,NCBI:4959,ARMS_Getxo_G2_20200624_20201103_SF40_s1_r1
ARMS_Getxo_G2_20200624_20201103_SF40_s1_r1:Otu99,MaterialSample,ARMS-MBON,data_release_002,present,ARMS_Getxo_G2_20200624_20201103,SAMEA10021253,2020-06-24/2020-11-03,9,DNA sequence reads,769,DNA sequence reads,https://github.com/arms-mbon/documentation/tree/main/armsmbon_handbook,ERR7127683,PEMA v2.1.4 https://github.com/hariszaf/pema | https://github.com/arms-mbon/analysis_release_002/tree/main/parameter_files,CREST classifier; Minimum bit-score 155; LCA bitscore range 2% | Unite db v7.2 ; swarm2 d = 10,Abra de Bilbao (http://marineregions.org/mrgid/17355),43.3385,-3.01491,ES,Getxo_G2,5.0,10.0,Marina; semi-industrial; 9.6 - Subtidal Muddy,uncertain classification (not marine),Was a crate cover used when retrieving the unit: not provided; Which component of the ARMS unit material was extracted: Sessile,https://github.com/arms-mbon/data_release_002,Eukaryota;Opisthokonta;Fungi;Ascomycota;Leotiomycetes;Unknown Leotiomycetes order 1,urn:lsid:marinespecies.org:taxname:437251,Leotiomycetes,Class,Otu99,NCBI:147548,ARMS_Getxo_G2_20200624_20201103_SF40_s1_r1
ARMS_Getxo_G2_20200624_20201103_SF40_s1_r1:Otu385,MaterialSample,ARMS-MBON,data_release_002,present,ARMS_Getxo_G2_20200624_20201103,SAMEA10021253,2020-06-24/2020-11-03,9,DNA sequence reads,769,DNA sequence reads,https://github.com/arms-mbon/documentation/tree/main/armsmbon_handbook,ERR7127683,PEMA v2.1.4 https://github.com/hariszaf/pema | https://github.com/arms-mbon/analysis_release_002/tree/main/parameter_files,CREST classifier; Minimum bit-score 155; LCA bitscore range 2% | Unite db v7.2 ; swarm2 d = 10,Abra de Bilbao (http://marineregions.org/mrgid/17355),43.3385,-3.01491,ES,Getxo_G2,5.0,10.0,Marina; semi-industrial; 9.6 - Subtidal Muddy,uncertain classification (not marine),Was a crate cover used when retrieving the unit: not provided; Which component of the ARMS unit material was extracted: Sessile,https://github.com/arms-mbon/data_release_002,Eukaryota;Opisthokonta;Fungi;Rozellomycota;Rozellomycota_cls_Incertae_sedis;Unknown Rozellomycota_cls_Incertae_sedis order 1,urn:lsid:marinespecies.org:taxname:707609,Rozellida,Order,Otu385,NCBI:1031332,ARMS_Getxo_G2_20200624_20201103_SF40_s1_r1
ARMS_Getxo_G2_20200624_20201103_SF40_s1_r1:Otu266,MaterialSample,ARMS-MBON,data_release_002,present,ARMS_Getxo_G2_20200624_20201103,SAMEA10021253,2020-06-24/2020-11-03,21,DNA sequence reads,769,DNA sequence reads,https://github.com/arms-mbon/documentation/tree/main/armsmbon_handbook,ERR7127683,PEMA v2.1.4 https://github.com/hariszaf/pema | https://github.com/arms-mbon/analysis_release_002/tree/main/parameter_files,CREST classifier; Minimum bit-score 155; LCA bitscore range 2% | Unite db v7.2 ; swarm2 d = 10,Abra de Bilbao (http://marineregions.org/mrgid/17355),43.3385,-3.01491,ES,Getxo_G2,5.0,10.0,Marina; semi-industrial; 9.6 - Subtidal Muddy,uncertain classification (not marine),Was a crate cover used when retrieving the unit: not provided; Which component of the ARMS unit material was extracted: Sessile,https://github.com/arms-mbon/data_release_002,Eukaryota;Opisthokonta;Fungi;Ascomycota;Sordariomycetes;Hypocreales;Hypocreaceae;Trichoderma,urn:lsid:marinespecies.org:taxname:1485878,Hypocrea,Genus,Otu266,NCBI:5543,ARMS_Getxo_G2_20200624_20201103_SF40_s1_r1
ARMS_Getxo_G2_20200624_20201103_SF40_s1_r1:Otu118,MaterialSample,ARMS-MBON,data_release_002,present,ARMS_Getxo_G2_20200624_20201103,SAMEA10021253,2020-06-24/2020-11-03,74,DNA sequence reads,769,DNA sequence reads,https://github.com/arms-mbon/documentation/tree/main/armsmbon_handbook,ERR7127683,PEMA v2.1.4 https://github.com/hariszaf/pema | https://github.com/arms-mbon/analysis_release_002/tree/main/parameter_files,CREST classifier; Minimum bit-score 155; LCA bitscore range 2% | Unite db v7.2 ; swarm2 d = 10,Abra de Bilbao (http://marineregions.org/mrgid/17355),43.3385,-3.01491,ES,Getxo_G2,5.0,10.0,Marina; semi-industrial; 9.6 - Subtidal Muddy,,Was a crate cover used when retrieving the unit: not provided; Which component of the ARMS unit material was extracted: Sessile,https://github.com/arms-mbon/data_release_002,Eukaryota;Opisthokonta;Fungi;Basidiomycota;Agaricostilbomycetes;Agaricostilbales;Agaricostilbaceae;Sterigmatomyces;Sterigmatomyces_halophilus,urn:lsid:marinespecies.org:taxname:437843,Sterigmatomyces halophilus,Species,Otu118,NCBI:5617,ARMS_Getxo_G2_20200624_20201103_SF40_s1_r1
ARMS_Getxo_G2_20200624_20201103_SF40_s1_r1:Otu270,MaterialSample,ARMS-MBON,data_release_002,present,ARMS_Getxo_G2_20200624_20201103,SAMEA10021253,2020-06-24/2020-11-03,27,DNA sequence reads,769,DNA sequence reads,https://github.com/arms-mbon/documentation/tree/main/armsmbon_handbook,ERR7127683,PEMA v2.1.4 https://github.com/hariszaf/pema | https://github.com/arms-mbon/analysis_release_002/tree/main/parameter_files,CREST classifier; Minimum bit-score 155; LCA bitscore range 2% | Unite db v7.2 ; swarm2 d = 10,Abra de Bilbao (http://marineregions.org/mrgid/17355),43.3385,-3.01491,ES,Getxo_G2,5.0,10.0,Marina; semi-industrial; 9.6 - Subtidal Muddy,,Was a crate cover used when retrieving the unit: not provided; Which component of the ARMS unit material was extracted: Sessile,https://github.com/arms-mbon/data_release_002,Eukaryota;Opisthokonta;Fungi;Basidiomycota;Cystobasidiomycetes;Cystobasidiales;Cystobasidiaceae;Cystobasidium;Cystobasidium_slooffiae,,Cystobasidium slooffiae,species,Otu270,NCBI:106018,ARMS_Getxo_G2_20200624_20201103_SF40_s1_r1
ARMS_Getxo_G2_20200624_20201103_SF40_s1_r1:Otu100,MaterialSample,ARMS-MBON,data_release_002,present,ARMS_Getxo_G2_20200624_20201103,SAMEA10021253,2020-06-24/2020-11-03,21,DNA sequence reads,769,DNA sequence reads,https://github.com/arms-mbon/documentation/tree/main/armsmbon_handbook,ERR7127683,PEMA v2.1.4 https://github.com/hariszaf/pema | https://github.com/arms-mbon/analysis_release_002/tree/main/parameter_files,CREST classifier; Minimum bit-score 155; LCA bitscore range 2% | Unite db v7.2 ; swarm2 d = 10,Abra de Bilbao (http://marineregions.org/mrgid/17355),43.3385,-3.01491,ES,Getxo_G2,5.0,10.0,Marina; semi-industrial; 9.6 - Subtidal Muddy,uncertain classification (not marine),Was a crate cover used when retrieving the unit: not provided; Which component of the ARMS unit material was extracted: Sessile,https://github.com/arms-mbon/data_release_002,Eukaryota;Opisthokonta;Fungi;Basidiomycota;Microbotryomycetes;Sporidiobolales;Sporidiobolaceae;Rhodotorula;Rhodotorula_mucilaginosa,urn:lsid:marinespecies.org:taxname:987149,Rhodotorula mucilaginosa,Species,Otu100,NCBI:5537,ARMS_Getxo_G2_20200624_20201103_SF40_s1_r1
ARMS_Getxo_G2_20200624_20201103_SF40_s1_r1:Otu327,MaterialSample,ARMS-MBON,data_release_002,present,ARMS_Getxo_G2_20200624_20201103,SAMEA10021253,2020-06-24/2020-11-03,8,DNA sequence reads,769,DNA sequence reads,https://github.com/arms-mbon/documentation/tree/main/armsmbon_handbook,ERR7127683,PEMA v2.1.4 https://github.com/hariszaf/pema | https://github.com/arms-mbon/analysis_release_002/tree/main/parameter_files,CREST classifier; Minimum bit-score 155; LCA bitscore range 2% | Unite db v7.2 ; swarm2 d = 10,Abra de Bilbao (http://marineregions.org/mrgid/17355),43.3385,-3.01491,ES,Getxo_G2,5.0,10.0,Marina; semi-industrial; 9.6 - Subtidal Muddy,uncertain classification (not marine),Was a crate cover used when retrieving the unit: not provided; Which component of the ARMS unit material was extracted: Sessile,https://github.com/arms-mbon/data_release_002,Eukaryota;Opisthokonta;Fungi;Ascomycota;Dothideomycetes;Unknown Dothideomycetes order 3,urn:lsid:marinespecies.org:taxname:147577,Dothideomycetes,Class,Otu327,NCBI:147541,ARMS_Getxo_G2_20200624_20201103_SF40_s1_r1
ARMS_Getxo_G2_20200624_20201103_SF40_s1_r1:Otu593,MaterialSample,ARMS-MBON,data_release_002,present,ARMS_Getxo_G2_20200624_20201103,SAMEA10021253,2020-06-24/2020-11-03,4,DNA sequence reads,769,DNA sequence reads,https://github.com/arms-mbon/documentation/tree/main/armsmbon_handbook,ERR7127683,PEMA v2.1.4 https://github.com/hariszaf/pema | https://github.com/arms-mbon/analysis_release_002/tree/main/parameter_files,CREST classifier; Minimum bit-score 155; LCA bitscore range 2% | Unite db v7.2 ; swarm2 d = 10,Abra de Bilbao (http://marineregions.org/mrgid/17355),43.3385,-3.01491,ES,Getxo_G2,5.0,10.0,Marina; semi-industrial; 9.6 - Subtidal Muddy,uncertain classification (not marine),Was a crate cover used when retrieving the unit: not provided; Which component of the ARMS unit material was extracted: Sessile,https://github.com/arms-mbon/data_release_002,Eukaryota;Opisthokonta;Fungi;Ascomycota;Leotiomycetes;Helotiales;unidentified (Helotiales) family incertae sedis;Unknown unidentified (Helotiales) family incertae sedis genus 1,urn:lsid:marinespecies.org:taxname:177198,Helotiales,Order,Otu593,NCBI:5178,ARMS_Getxo_G2_20200624_20201103_SF40_s1_r1
ARMS_Getxo_G2_20200624_20201103_SF40_s1_r1:Otu28,MaterialSample,ARMS-MBON,data_release_002,present,ARMS_Getxo_G2_20200624_20201103,SAMEA10021253,2020-06-24/2020-11-03,147,DNA sequence reads,769,DNA sequence reads,https://github.com/arms-mbon/documentation/tree/main/armsmbon_handbook,ERR7127683,PEMA v2.1.4 https://github.com/hariszaf/pema | https://github.com/arms-mbon/analysis_release_002/tree/main/parameter_files,CREST classifier; Minimum bit-score 155; LCA bitscore range 2% | Unite db v7.2 ; swarm2 d = 10,Abra de Bilbao (http://marineregions.org/mrgid/17355),43.3385,-3.01491,ES,Getxo_G2,5.0,10.0,Marina; semi-industrial; 9.6 - Subtidal Muddy,,Was a crate cover used when retrieving the unit: not provided; Which component of the ARMS unit material was extracted: Sessile,https://github.com/arms-mbon/data_release_002,Eukaryota;Opisthokonta;Fungi;Ascomycota;Saccharomycetes;Saccharomycetales;unidentified (Saccharomycetales) family incertae sedis;unidentified (unidentified (Saccharomycetales));Saccharomycetales_sp,urn:lsid:marinespecies.org:taxname:147580,Endomycetales,Order,Otu28,NCBI:4892,ARMS_Getxo_G2_20200624_20201103_SF40_s1_r1
ARMS_Getxo_G2_20200624_20201103_SF40_s1_r1:Otu421,MaterialSample,ARMS-MBON,data_release_002,present,ARMS_Getxo_G2_20200624_20201103,SAMEA10021253,2020-06-24/2020-11-03,8,DNA sequence reads,769,DNA sequence reads,https://github.com/arms-mbon/documentation/tree/main/armsmbon_handbook,ERR7127683,PEMA v2.1.4 https://github.com/hariszaf/pema | https://github.com/arms-mbon/analysis_release_002/tree/main/parameter_files,CREST classifier; Minimum bit-score 155; LCA bitscore range 2% | Unite db v7.2 ; swarm2 d = 10,Abra de Bilbao (http://marineregions.org/mrgid/17355),43.3385,-3.01491,ES,Getxo_G2,5.0,10.0,Marina; semi-industrial; 9.6 - Subtidal Muddy,uncertain classification (not marine),Was a crate cover used when retrieving the unit: not provided; Which component of the ARMS unit material was extracted: Sessile,https://github.com/arms-mbon/data_release_002,Eukaryota;Opisthokonta;Fungi;Ascomycota;Dothideomycetes;Unknown Dothideomycetes order 5,urn:lsid:marinespecies.org:taxname:147577,Dothideomycetes,Class,Otu421,NCBI:147541,ARMS_Getxo_G2_20200624_20201103_SF40_s1_r1
ARMS_Getxo_G2_20200624_20201103_SF40_s1_r1:Otu141,MaterialSample,ARMS-MBON,data_release_002,present,ARMS_Getxo_G2_20200624_20201103,SAMEA10021253,2020-06-24/2020-11-03,77,DNA sequence reads,769,DNA sequence reads,https://github.com/arms-mbon/documentation/tree/main/armsmbon_handbook,ERR7127683,PEMA v2.1.4 https://github.com/hariszaf/pema | https://github.com/arms-mbon/analysis_release_002/tree/main/parameter_files,CREST classifier; Minimum bit-score 155; LCA bitscore range 2% | Unite db v7.2 ; swarm2 d = 10,Abra de Bilbao (http://marineregions.org/mrgid/17355),43.3385,-3.01491,ES,Getxo_G2,5.0,10.0,Marina; semi-industrial; 9.6 - Subtidal Muddy,,Was a crate cover used when retrieving the unit: not provided; Which component of the ARMS unit material was extracted: Sessile,https://github.com/arms-mbon/data_release_002,Eukaryota;Opisthokonta;Fungi;Basidiomycota;Agaricomycetes;Polyporales;Coriolaceae;Abortiporus;Abortiporus_biennis,,Abortiporus,genus,Otu141,NCBI:137743,ARMS_Getxo_G2_20200624_20201103_SF40_s1_r1
ARMS_Getxo_G2_20200624_20201103_SF40_s1_r1:Otu10,MaterialSample,ARMS-MBON,data_release_002,present,ARMS_Getxo_G2_20200624_20201103,SAMEA10021253,2020-06-24/2020-11-03,15,DNA sequence reads,769,DNA sequence reads,https://github.com/arms-mbon/documentation/tree/main/armsmbon_handbook,ERR7127683,PEMA v2.1.4 https://github.com/hariszaf/pema | https://github.com/arms-mbon/analysis_release_002/tree/main/parameter_files,CREST classifier; Minimum bit-score 155; LCA bitscore range 2% | Unite db v7.2 ; swarm2 d = 10,Abra de Bilbao (http://marineregions.org/mrgid/17355),43.3385,-3.01491,ES,Getxo_G2,5.0,10.0,Marina; semi-industrial; 9.6 - Subtidal Muddy,,Was a crate cover used when retrieving the unit: not provided; Which component of the ARMS unit material was extracted: Sessile,https://github.com/arms-mbon/data_release_002,Eukaryota;Opisthokonta;Fungi;Ascomycota;Eurotiomycetes;Eurotiales;Aspergillaceae;Penicillium,urn:lsid:marinespecies.org:taxname:437491,Eupenicillium,Genus,Otu10,NCBI:5073,ARMS_Getxo_G2_20200624_20201103_SF40_s1_r1
ARMS_Getxo_G3_20200624_20201103_MF100_s1_r1:Otu310,MaterialSample,ARMS-MBON,data_release_002,present,ARMS_Getxo_G3_20200624_20201103,SAMEA10021256,2020-06-24/2020-11-03,13,DNA sequence reads,362,DNA sequence reads,https://github.com/arms-mbon/documentation/tree/main/armsmbon_handbook,ERR7127686,PEMA v2.1.4 https://github.com/hariszaf/pema | https://github.com/arms-mbon/analysis_release_002/tree/main/parameter_files,CREST classifier; Minimum bit-score 155; LCA bitscore range 2% | Unite db v7.2 ; swarm2 d = 10,Abra de Bilbao (http://marineregions.org/mrgid/17355),43.33843,-3.01483,ES,Getxo_G3,5.0,10.0,Marina; semi-industrial; 9.6 - Subtidal Muddy,,Was a crate cover used when retrieving the unit: not provided; Which component of the ARMS unit material was extracted: Motile,https://github.com/arms-mbon/data_release_002,Eukaryota;Opisthokonta;Fungi;Ascomycota;Sordariomycetes;Hypocreales;Clavicipitaceae;Metarhizium;Metarhizium_marquandii,,Metarhizium marquandii,species,Otu310,NCBI:64636,ARMS_Getxo_G3_20200624_20201103_MF100_s1_r1
ARMS_Getxo_G3_20200624_20201103_MF100_s1_r1:Otu63,MaterialSample,ARMS-MBON,data_release_002,present,ARMS_Getxo_G3_20200624_20201103,SAMEA10021256,2020-06-24/2020-11-03,7,DNA sequence reads,362,DNA sequence reads,https://github.com/arms-mbon/documentation/tree/main/armsmbon_handbook,ERR7127686,PEMA v2.1.4 https://github.com/hariszaf/pema | https://github.com/arms-mbon/analysis_release_002/tree/main/parameter_files,CREST classifier; Minimum bit-score 155; LCA bitscore range 2% | Unite db v7.2 ; swarm2 d = 10,Abra de Bilbao (http://marineregions.org/mrgid/17355),43.33843,-3.01483,ES,Getxo_G3,5.0,10.0,Marina; semi-industrial; 9.6 - Subtidal Muddy,uncertain classification (not marine),Was a crate cover used when retrieving the unit: not provided; Which component of the ARMS unit material was extracted: Motile,https://github.com/arms-mbon/data_release_002,Eukaryota;Opisthokonta;Fungi;Ascomycota;Dothideomycetes;Pleosporales;Pleosporaceae;Alternaria,urn:lsid:marinespecies.org:taxname:100208,Alternaria,Genus,Otu63,NCBI:5598,ARMS_Getxo_G3_20200624_20201103_MF100_s1_r1
ARMS_Getxo_G3_20200624_20201103_MF100_s1_r1:Otu301,MaterialSample,ARMS-MBON,data_release_002,present,ARMS_Getxo_G3_20200624_20201103,SAMEA10021256,2020-06-24/2020-11-03,8,DNA sequence reads,362,DNA sequence reads,https://github.com/arms-mbon/documentation/tree/main/armsmbon_handbook,ERR7127686,PEMA v2.1.4 https://github.com/hariszaf/pema | https://github.com/arms-mbon/analysis_release_002/tree/main/parameter_files,CREST classifier; Minimum bit-score 155; LCA bitscore range 2% | Unite db v7.2 ; swarm2 d = 10,Abra de Bilbao (http://marineregions.org/mrgid/17355),43.33843,-3.01483,ES,Getxo_G3,5.0,10.0,Marina; semi-industrial; 9.6 - Subtidal Muddy,uncertain classification (not marine),Was a crate cover used when retrieving the unit: not provided; Which component of the ARMS unit material was extracted: Motile,https://github.com/arms-mbon/data_release_002,Eukaryota;Opisthokonta;Fungi;Ascomycota;Sordariomycetes;Hypocreales;Hypocreales_fam_Incertae_sedis;Acremonium,urn:lsid:marinespecies.org:taxname:100206,Acremonium,Genus,Otu301,NCBI:159075,ARMS_Getxo_G3_20200624_20201103_MF100_s1_r1
ARMS_Getxo_G3_20200624_20201103_MF100_s1_r1:Otu44,MaterialSample,ARMS-MBON,data_release_002,present,ARMS_Getxo_G3_20200624_20201103,SAMEA10021256,2020-06-24/2020-11-03,87,DNA sequence reads,362,DNA sequence reads,https://github.com/arms-mbon/documentation/tree/main/armsmbon_handbook,ERR7127686,PEMA v2.1.4 https://github.com/hariszaf/pema | https://github.com/arms-mbon/analysis_release_002/tree/main/parameter_files,CREST classifier; Minimum bit-score 155; LCA bitscore range 2% | Unite db v7.2 ; swarm2 d = 10,Abra de Bilbao (http://marineregions.org/mrgid/17355),43.33843,-3.01483,ES,Getxo_G3,5.0,10.0,Marina; semi-industrial; 9.6 - Subtidal Muddy,,Was a crate cover used when retrieving the unit: not provided; Which component of the ARMS unit material was extracted: Motile,https://github.com/arms-mbon/data_release_002,Eukaryota;Opisthokonta;Fungi;Basidiomycota;Tremellomycetes;Trichosporonales;Trichosporonaceae;Apiotrichum;Apiotrichum_laibachii,,Apiotrichum laibachii,species,Otu44,NCBI:82520,ARMS_Getxo_G3_20200624_20201103_MF100_s1_r1
ARMS_Getxo_G3_20200624_20201103_MF100_s1_r1:Otu42,MaterialSample,ARMS-MBON,data_release_002,present,ARMS_Getxo_G3_20200624_20201103,SAMEA10021256,2020-06-24/2020-11-03,17,DNA sequence reads,362,DNA sequence reads,https://github.com/arms-mbon/documentation/tree/main/armsmbon_handbook,ERR7127686,PEMA v2.1.4 https://github.com/hariszaf/pema | https://github.com/arms-mbon/analysis_release_002/tree/main/parameter_files,CREST classifier; Minimum bit-score 155; LCA bitscore range 2% | Unite db v7.2 ; swarm2 d = 10,Abra de Bilbao (http://marineregions.org/mrgid/17355),43.33843,-3.01483,ES,Getxo_G3,5.0,10.0,Marina; semi-industrial; 9.6 - Subtidal Muddy,uncertain classification (not marine),Was a crate cover used when retrieving the unit: not provided; Which component of the ARMS unit material was extracted: Motile,https://github.com/arms-mbon/data_release_002,Eukaryota;Opisthokonta;Fungi;Ascomycota;Leotiomycetes;Helotiales;Hyaloscyphaceae;Unknown Hyaloscyphaceae genus 1,urn:lsid:marinespecies.org:taxname:988372,Hyaloscyphaceae,Family,Otu42,NCBI:47743,ARMS_Getxo_G3_20200624_20201103_MF100_s1_r1
ARMS_Getxo_G3_20200624_20201103_MF100_s1_r1:Otu566,MaterialSample,ARMS-MBON,data_release_002,present,ARMS_Getxo_G3_20200624_20201103,SAMEA10021256,2020-06-24/2020-11-03,4,DNA sequence reads,362,DNA sequence reads,https://github.com/arms-mbon/documentation/tree/main/armsmbon_handbook,ERR7127686,PEMA v2.1.4 https://github.com/hariszaf/pema | https://github.com/arms-mbon/analysis_release_002/tree/main/parameter_files,CREST classifier; Minimum bit-score 155; LCA bitscore range 2% | Unite db v7.2 ; swarm2 d = 10,Abra de Bilbao (http://marineregions.org/mrgid/17355),43.33843,-3.01483,ES,Getxo_G3,5.0,10.0,Marina; semi-industrial; 9.6 - Subtidal Muddy,uncertain classification (not marine),Was a crate cover used when retrieving the unit: not provided; Which component of the ARMS unit material was extracted: Motile,https://github.com/arms-mbon/data_release_002,Eukaryota;Opisthokonta;Fungi;Basidiomycota;Unknown Basidiomycota class 1,urn:lsid:marinespecies.org:taxname:21890,Basidiomycota,Phylum (Division),Otu566,NCBI:5204,ARMS_Getxo_G3_20200624_20201103_MF100_s1_r1
ARMS_Getxo_G3_20200624_20201103_MF100_s1_r1:Otu218,MaterialSample,ARMS-MBON,data_release_002,present,ARMS_Getxo_G3_20200624_20201103,SAMEA10021256,2020-06-24/2020-11-03,29,DNA sequence reads,362,DNA sequence reads,https://github.com/arms-mbon/documentation/tree/main/armsmbon_handbook,ERR7127686,PEMA v2.1.4 https://github.com/hariszaf/pema | https://github.com/arms-mbon/analysis_release_002/tree/main/parameter_files,CREST classifier; Minimum bit-score 155; LCA bitscore range 2% | Unite db v7.2 ; swarm2 d = 10,Abra de Bilbao (http://marineregions.org/mrgid/17355),43.33843,-3.01483,ES,Getxo_G3,5.0,10.0,Marina; semi-industrial; 9.6 - Subtidal Muddy,,Was a crate cover used when retrieving the unit: not provided; Which component of the ARMS unit material was extracted: Motile,https://github.com/arms-mbon/data_release_002,Eukaryota;Opisthokonta;Fungi;Ascomycota;Saccharomycetes;Saccharomycetales;Saccharomycetales_fam_Incertae_sedis;Candida;Candida_sake,,Candida sake,species,Otu218,NCBI:39397,ARMS_Getxo_G3_20200624_20201103_MF100_s1_r1
ARMS_Getxo_G3_20200624_20201103_MF100_s1_r1:Otu180,MaterialSample,ARMS-MBON,data_release_002,present,ARMS_Getxo_G3_20200624_20201103,SAMEA10021256,2020-06-24/2020-11-03,31,DNA sequence reads,362,DNA sequence reads,https://github.com/arms-mbon/documentation/tree/main/armsmbon_handbook,ERR7127686,PEMA v2.1.4 https://github.com/hariszaf/pema | https://github.com/arms-mbon/analysis_release_002/tree/main/parameter_files,CREST classifier; Minimum bit-score 155; LCA bitscore range 2% | Unite db v7.2 ; swarm2 d = 10,Abra de Bilbao (http://marineregions.org/mrgid/17355),43.33843,-3.01483,ES,Getxo_G3,5.0,10.0,Marina; semi-industrial; 9.6 - Subtidal Muddy,uncertain classification (not marine),Was a crate cover used when retrieving the unit: not provided; Which component of the ARMS unit material was extracted: Motile,https://github.com/arms-mbon/data_release_002,Eukaryota;Opisthokonta;Fungi;Ascomycota;Sordariomycetes;Hypocreales;Bionectriaceae;Clonostachys;Clonostachys_rosea,urn:lsid:marinespecies.org:taxname:1485442,Bionectria,Genus,Otu180,NCBI:110564,ARMS_Getxo_G3_20200624_20201103_MF100_s1_r1
ARMS_Getxo_G3_20200624_20201103_MF100_s1_r1:Otu50,MaterialSample,ARMS-MBON,data_release_002,present,ARMS_Getxo_G3_20200624_20201103,SAMEA10021256,2020-06-24/2020-11-03,4,DNA sequence reads,362,DNA sequence reads,https://github.com/arms-mbon/documentation/tree/main/armsmbon_handbook,ERR7127686,PEMA v2.1.4 https://github.com/hariszaf/pema | https://github.com/arms-mbon/analysis_release_002/tree/main/parameter_files,CREST classifier; Minimum bit-score 155; LCA bitscore range 2% | Unite db v7.2 ; swarm2 d = 10,Abra de Bilbao (http://marineregions.org/mrgid/17355),43.33843,-3.01483,ES,Getxo_G3,5.0,10.0,Marina; semi-industrial; 9.6 - Subtidal Muddy,,Was a crate cover used when retrieving the unit: not provided; Which component of the ARMS unit material was extracted: Motile,https://github.com/arms-mbon/data_release_002,Eukaryota;Opisthokonta;Fungi;Ascomycota;Dothideomycetes;Capnodiales;Mycosphaerellaceae;Mycosphaerella;Mycosphaerella_tassiana,urn:lsid:marinespecies.org:taxname:100511,Cladosporium herbarum,Species,Otu50,NCBI:29918,ARMS_Getxo_G3_20200624_20201103_MF100_s1_r1
ARMS_Getxo_G3_20200624_20201103_MF100_s1_r1:Otu51,MaterialSample,ARMS-MBON,data_release_002,present,ARMS_Getxo_G3_20200624_20201103,SAMEA10021256,2020-06-24/2020-11-03,36,DNA sequence reads,362,DNA sequence reads,https://github.com/arms-mbon/documentation/tree/main/armsmbon_handbook,ERR7127686,PEMA v2.1.4 https://github.com/hariszaf/pema | https://github.com/arms-mbon/analysis_release_002/tree/main/parameter_files,CREST classifier; Minimum bit-score 155; LCA bitscore range 2% | Unite db v7.2 ; swarm2 d = 10,Abra de Bilbao (http://marineregions.org/mrgid/17355),43.33843,-3.01483,ES,Getxo_G3,5.0,10.0,Marina; semi-industrial; 9.6 - Subtidal Muddy,,Was a crate cover used when retrieving the unit: not provided; Which component of the ARMS unit material was extracted: Motile,https://github.com/arms-mbon/data_release_002,Eukaryota;Opisthokonta;Fungi;Ascomycota;Dothideomycetes;Capnodiales;Cladosporiaceae;Cladosporium;Cladosporium_delicatulum,,Cladosporium delicatulum,species,Otu51,NCBI:887075,ARMS_Getxo_G3_20200624_20201103_MF100_s1_r1
ARMS_Getxo_G3_20200624_20201103_MF100_s1_r1:Otu358,MaterialSample,ARMS-MBON,data_release_002,present,ARMS_Getxo_G3_20200624_20201103,SAMEA10021256,2020-06-24/2020-11-03,9,DNA sequence reads,362,DNA sequence reads,https://github.com/arms-mbon/documentation/tree/main/armsmbon_handbook,ERR7127686,PEMA v2.1.4 https://github.com/hariszaf/pema | https://github.com/arms-mbon/analysis_release_002/tree/main/parameter_files,CREST classifier; Minimum bit-score 155; LCA bitscore range 2% | Unite db v7.2 ; swarm2 d = 10,Abra de Bilbao (http://marineregions.org/mrgid/17355),43.33843,-3.01483,ES,Getxo_G3,5.0,10.0,Marina; semi-industrial; 9.6 - Subtidal Muddy,,Was a crate cover used when retrieving the unit: not provided; Which component of the ARMS unit material was extracted: Motile,https://github.com/arms-mbon/data_release_002,Eukaryota;Opisthokonta;Fungi;Ascomycota;Saccharomycetes;Saccharomycetales;Phaffomycetaceae;Barnettozyma;Barnettozyma_californica,,Barnettozyma californica,species,Otu358,NCBI:36038,ARMS_Getxo_G3_20200624_20201103_MF100_s1_r1
ARMS_Getxo_G3_20200624_20201103_MF100_s1_r1:Otu429,MaterialSample,ARMS-MBON,data_release_002,present,ARMS_Getxo_G3_20200624_20201103,SAMEA10021256,2020-06-24/2020-11-03,7,DNA sequence reads,362,DNA sequence reads,https://github.com/arms-mbon/documentation/tree/main/armsmbon_handbook,ERR7127686,PEMA v2.1.4 https://github.com/hariszaf/pema | https://github.com/arms-mbon/analysis_release_002/tree/main/parameter_files,CREST classifier; Minimum bit-score 155; LCA bitscore range 2% | Unite db v7.2 ; swarm2 d = 10,Abra de Bilbao (http://marineregions.org/mrgid/17355),43.33843,-3.01483,ES,Getxo_G3,5.0,10.0,Marina; semi-industrial; 9.6 - Subtidal Muddy,uncertain classification (not marine),Was a crate cover used when retrieving the unit: not provided; Which component of the ARMS unit material was extracted: Motile,https://github.com/arms-mbon/data_release_002,Eukaryota;Opisthokonta;Fungi;Ascomycota;Sordariomycetes;Sordariales;Lasiosphaeriaceae;Unknown Lasiosphaeriaceae genus 1,urn:lsid:marinespecies.org:taxname:100064,Lasiosphaeriaceae,Family,Otu429,NCBI:42302,ARMS_Getxo_G3_20200624_20201103_MF100_s1_r1
ARMS_Getxo_G3_20200624_20201103_MF100_s1_r1:Otu230,MaterialSample,ARMS-MBON,data_release_002,present,ARMS_Getxo_G3_20200624_20201103,SAMEA10021256,2020-06-24/2020-11-03,3,DNA sequence reads,362,DNA sequence reads,https://github.com/arms-mbon/documentation/tree/main/armsmbon_handbook,ERR7127686,PEMA v2.1.4 https://github.com/hariszaf/pema | https://github.com/arms-mbon/analysis_release_002/tree/main/parameter_files,CREST classifier; Minimum bit-score 155; LCA bitscore range 2% | Unite db v7.2 ; swarm2 d = 10,Abra de Bilbao (http://marineregions.org/mrgid/17355),43.33843,-3.01483,ES,Getxo_G3,5.0,10.0,Marina; semi-industrial; 9.6 - Subtidal Muddy,,Was a crate cover used when retrieving the unit: not provided; Which component of the ARMS unit material was extracted: Motile,https://github.com/arms-mbon/data_release_002,Eukaryota;Opisthokonta;Fungi;Ascomycota;Eurotiomycetes;Eurotiales;Trichocomaceae;Talaromyces;Talaromyces_euchlorocarpius,urn:lsid:marinespecies.org:taxname:100133,Talaromyces,Genus,Otu230,NCBI:5094,ARMS_Getxo_G3_20200624_20201103_MF100_s1_r1
ARMS_Getxo_G3_20200624_20201103_MF100_s1_r1:Otu99,MaterialSample,ARMS-MBON,data_release_002,present,ARMS_Getxo_G3_20200624_20201103,SAMEA10021256,2020-06-24/2020-11-03,8,DNA sequence reads,362,DNA sequence reads,https://github.com/arms-mbon/documentation/tree/main/armsmbon_handbook,ERR7127686,PEMA v2.1.4 https://github.com/hariszaf/pema | https://github.com/arms-mbon/analysis_release_002/tree/main/parameter_files,CREST classifier; Minimum bit-score 155; LCA bitscore range 2% | Unite db v7.2 ; swarm2 d = 10,Abra de Bilbao (http://marineregions.org/mrgid/17355),43.33843,-3.01483,ES,Getxo_G3,5.0,10.0,Marina; semi-industrial; 9.6 - Subtidal Muddy,uncertain classification (not marine),Was a crate cover used when retrieving the unit: not provided; Which component of the ARMS unit material was extracted: Motile,https://github.com/arms-mbon/data_release_002,Eukaryota;Opisthokonta;Fungi;Ascomycota;Leotiomycetes;Unknown Leotiomycetes order 1,urn:lsid:marinespecies.org:taxname:437251,Leotiomycetes,Class,Otu99,NCBI:147548,ARMS_Getxo_G3_20200624_20201103_MF100_s1_r1
ARMS_Getxo_G3_20200624_20201103_MF100_s1_r1:Otu405,MaterialSample,ARMS-MBON,data_release_002,present,ARMS_Getxo_G3_20200624_20201103,SAMEA10021256,2020-06-24/2020-11-03,6,DNA sequence reads,362,DNA sequence reads,https://github.com/arms-mbon/documentation/tree/main/armsmbon_handbook,ERR7127686,PEMA v2.1.4 https://github.com/hariszaf/pema | https://github.com/arms-mbon/analysis_release_002/tree/main/parameter_files,CREST classifier; Minimum bit-score 155; LCA bitscore range 2% | Unite db v7.2 ; swarm2 d = 10,Abra de Bilbao (http://marineregions.org/mrgid/17355),43.33843,-3.01483,ES,Getxo_G3,5.0,10.0,Marina; semi-industrial; 9.6 - Subtidal Muddy,uncertain classification (not marine),Was a crate cover used when retrieving the unit: not provided; Which component of the ARMS unit material was extracted: Motile,https://github.com/arms-mbon/data_release_002,Eukaryota;Opisthokonta;Fungi;Ascomycota;Dothideomycetes;Pleosporales;Didymellaceae;Didymella,urn:lsid:marinespecies.org:taxname:100105,Didymella,Genus,Otu405,NCBI:55170,ARMS_Getxo_G3_20200624_20201103_MF100_s1_r1
ARMS_Getxo_G3_20200624_20201103_MF100_s1_r1:Otu392,MaterialSample,ARMS-MBON,data_release_002,present,ARMS_Getxo_G3_20200624_20201103,SAMEA10021256,2020-06-24/2020-11-03,2,DNA sequence reads,362,DNA sequence reads,https://github.com/arms-mbon/documentation/tree/main/armsmbon_handbook,ERR7127686,PEMA v2.1.4 https://github.com/hariszaf/pema | https://github.com/arms-mbon/analysis_release_002/tree/main/parameter_files,CREST classifier; Minimum bit-score 155; LCA bitscore range 2% | Unite db v7.2 ; swarm2 d = 10,Abra de Bilbao (http://marineregions.org/mrgid/17355),43.33843,-3.01483,ES,Getxo_G3,5.0,10.0,Marina; semi-industrial; 9.6 - Subtidal Muddy,,Was a crate cover used when retrieving the unit: not provided; Which component of the ARMS unit material was extracted: Motile,https://github.com/arms-mbon/data_release_002,Eukaryota;Opisthokonta;Fungi;Ascomycota;Eurotiomycetes;Eurotiales;Aspergillaceae;Penicillium,urn:lsid:marinespecies.org:taxname:437491,Eupenicillium,Genus,Otu392,NCBI:5073,ARMS_Getxo_G3_20200624_20201103_MF100_s1_r1
ARMS_Getxo_G3_20200624_20201103_MF100_s1_r1:Otu397,MaterialSample,ARMS-MBON,data_release_002,present,ARMS_Getxo_G3_20200624_20201103,SAMEA10021256,2020-06-24/2020-11-03,7,DNA sequence reads,362,DNA sequence reads,https://github.com/arms-mbon/documentation/tree/main/armsmbon_handbook,ERR7127686,PEMA v2.1.4 https://github.com/hariszaf/pema | https://github.com/arms-mbon/analysis_release_002/tree/main/parameter_files,CREST classifier; Minimum bit-score 155; LCA bitscore range 2% | Unite db v7.2 ; swarm2 d = 10,Abra de Bilbao (http://marineregions.org/mrgid/17355),43.33843,-3.01483,ES,Getxo_G3,5.0,10.0,Marina; semi-industrial; 9.6 - Subtidal Muddy,,Was a crate cover used when retrieving the unit: not provided; Which component of the ARMS unit material was extracted: Motile,https://github.com/arms-mbon/data_release_002,Eukaryota;Opisthokonta;Fungi;Ascomycota;Leotiomycetes;Leotiomycetes_ord_Incertae_sedis;Pseudeurotiaceae;Pseudeurotium;Pseudeurotium_ovale,,Pseudeurotium ovale,species,Otu397,NCBI:205927,ARMS_Getxo_G3_20200624_20201103_MF100_s1_r1
ARMS_Getxo_G3_20200624_20201103_MF100_s1_r1:Otu417,MaterialSample,ARMS-MBON,data_release_002,present,ARMS_Getxo_G3_20200624_20201103,SAMEA10021256,2020-06-24/2020-11-03,7,DNA sequence reads,362,DNA sequence reads,https://github.com/arms-mbon/documentation/tree/main/armsmbon_handbook,ERR7127686,PEMA v2.1.4 https://github.com/hariszaf/pema | https://github.com/arms-mbon/analysis_release_002/tree/main/parameter_files,CREST classifier; Minimum bit-score 155; LCA bitscore range 2% | Unite db v7.2 ; swarm2 d = 10,Abra de Bilbao (http://marineregions.org/mrgid/17355),43.33843,-3.01483,ES,Getxo_G3,5.0,10.0,Marina; semi-industrial; 9.6 - Subtidal Muddy,,Was a crate cover used when retrieving the unit: not provided; Which component of the ARMS unit material was extracted: Motile,https://github.com/arms-mbon/data_release_002,Eukaryota;Opisthokonta;Fungi;Ascomycota;Sordariomycetes;Diaporthales;Gnomoniaceae;Gnomoniopsis;Gnomoniopsis_idaeicola,,Gnomoniopsis idaeicola,species,Otu417,NCBI:925762,ARMS_Getxo_G3_20200624_20201103_MF100_s1_r1
ARMS_Getxo_G3_20200624_20201103_MF100_s1_r1:Otu387,MaterialSample,ARMS-MBON,data_release_002,present,ARMS_Getxo_G3_20200624_20201103,SAMEA10021256,2020-06-24/2020-11-03,8,DNA sequence reads,362,DNA sequence reads,https://github.com/arms-mbon/documentation/tree/main/armsmbon_handbook,ERR7127686,PEMA v2.1.4 https://github.com/hariszaf/pema | https://github.com/arms-mbon/analysis_release_002/tree/main/parameter_files,CREST classifier; Minimum bit-score 155; LCA bitscore range 2% | Unite db v7.2 ; swarm2 d = 10,Abra de Bilbao (http://marineregions.org/mrgid/17355),43.33843,-3.01483,ES,Getxo_G3,5.0,10.0,Marina; semi-industrial; 9.6 - Subtidal Muddy,uncertain classification (not marine),Was a crate cover used when retrieving the unit: not provided; Which component of the ARMS unit material was extracted: Motile,https://github.com/arms-mbon/data_release_002,Eukaryota;Opisthokonta;Fungi;Basidiomycota;Microbotryomycetes;unidentified (Microbotryomycetes) order incertae sedis;unidentified (Microbotryomycetes) family incertae sedis;unidentified (unidentified (unidentified (Microbotryomycetes)));Unknown unidentified (unidentified (unidentified (Microbotryomycetes))) species 1,urn:lsid:marinespecies.org:taxname:438945,Microbotryomycetes,Class,Otu387,NCBI:162481,ARMS_Getxo_G3_20200624_20201103_MF100_s1_r1
ARMS_Getxo_G3_20200624_20201103_MF100_s1_r1:Otu466,MaterialSample,ARMS-MBON,data_release_002,present,ARMS_Getxo_G3_20200624_20201103,SAMEA10021256,2020-06-24/2020-11-03,5,DNA sequence reads,362,DNA sequence reads,https://github.com/arms-mbon/documentation/tree/main/armsmbon_handbook,ERR7127686,PEMA v2.1.4 https://github.com/hariszaf/pema | https://github.com/arms-mbon/analysis_release_002/tree/main/parameter_files,CREST classifier; Minimum bit-score 155; LCA bitscore range 2% | Unite db v7.2 ; swarm2 d = 10,Abra de Bilbao (http://marineregions.org/mrgid/17355),43.33843,-3.01483,ES,Getxo_G3,5.0,10.0,Marina; semi-industrial; 9.6 - Subtidal Muddy,uncertain classification (not marine),Was a crate cover used when retrieving the unit: not provided; Which component of the ARMS unit material was extracted: Motile,https://github.com/arms-mbon/data_release_002,Eukaryota;Opisthokonta;Fungi;Ascomycota;Unknown Ascomycota class 2,urn:lsid:marinespecies.org:taxname:21891,Ascomycota,Phylum (Division),Otu466,NCBI:4890,ARMS_Getxo_G3_20200624_20201103_MF100_s1_r1
ARMS_Getxo_G3_20200624_20201103_MF100_s1_r1:Otu266,MaterialSample,ARMS-MBON,data_release_002,present,ARMS_Getxo_G3_20200624_20201103,SAMEA10021256,2020-06-24/2020-11-03,2,DNA sequence reads,362,DNA sequence reads,https://github.com/arms-mbon/documentation/tree/main/armsmbon_handbook,ERR7127686,PEMA v2.1.4 https://github.com/hariszaf/pema | https://github.com/arms-mbon/analysis_release_002/tree/main/parameter_files,CREST classifier; Minimum bit-score 155; LCA bitscore range 2% | Unite db v7.2 ; swarm2 d = 10,Abra de Bilbao (http://marineregions.org/mrgid/17355),43.33843,-3.01483,ES,Getxo_G3,5.0,10.0,Marina; semi-industrial; 9.6 - Subtidal Muddy,uncertain classification (not marine),Was a crate cover used when retrieving the unit: not provided; Which component of the ARMS unit material was extracted: Motile,https://github.com/arms-mbon/data_release_002,Eukaryota;Opisthokonta;Fungi;Ascomycota;Sordariomycetes;Hypocreales;Hypocreaceae;Trichoderma,urn:lsid:marinespecies.org:taxname:1485878,Hypocrea,Genus,Otu266,NCBI:5543,ARMS_Getxo_G3_20200624_20201103_MF100_s1_r1
ARMS_Getxo_G3_20200624_20201103_MF100_s1_r1:Otu116,MaterialSample,ARMS-MBON,data_release_002,present,ARMS_Getxo_G3_20200624_20201103,SAMEA10021256,2020-06-24/2020-11-03,36,DNA sequence reads,362,DNA sequence reads,https://github.com/arms-mbon/documentation/tree/main/armsmbon_handbook,ERR7127686,PEMA v2.1.4 https://github.com/hariszaf/pema | https://github.com/arms-mbon/analysis_release_002/tree/main/parameter_files,CREST classifier; Minimum bit-score 155; LCA bitscore range 2% | Unite db v7.2 ; swarm2 d = 10,Abra de Bilbao (http://marineregions.org/mrgid/17355),43.33843,-3.01483,ES,Getxo_G3,5.0,10.0,Marina; semi-industrial; 9.6 - Subtidal Muddy,uncertain classification (not marine),Was a crate cover used when retrieving the unit: not provided; Which component of the ARMS unit material was extracted: Motile,https://github.com/arms-mbon/data_release_002,Eukaryota;Opisthokonta;Animalia;Cnidaria;unidentified (Cnidaria) class incertae sedis;unidentified (Cnidaria) order incertae sedis;unidentified (Cnidaria) family incertae sedis;Unknown unidentified (Cnidaria) family incertae sedis genus 1,urn:lsid:marinespecies.org:taxname:1267,Cnidaria,Phylum,Otu116,NCBI:6073,ARMS_Getxo_G3_20200624_20201103_MF100_s1_r1
ARMS_Getxo_G3_20200624_20201103_MF100_s1_r1:Otu474,MaterialSample,ARMS-MBON,data_release_002,present,ARMS_Getxo_G3_20200624_20201103,SAMEA10021256,2020-06-24/2020-11-03,5,DNA sequence reads,362,DNA sequence reads,https://github.com/arms-mbon/documentation/tree/main/armsmbon_handbook,ERR7127686,PEMA v2.1.4 https://github.com/hariszaf/pema | https://github.com/arms-mbon/analysis_release_002/tree/main/parameter_files,CREST classifier; Minimum bit-score 155; LCA bitscore range 2% | Unite db v7.2 ; swarm2 d = 10,Abra de Bilbao (http://marineregions.org/mrgid/17355),43.33843,-3.01483,ES,Getxo_G3,5.0,10.0,Marina; semi-industrial; 9.6 - Subtidal Muddy,,Was a crate cover used when retrieving the unit: not provided; Which component of the ARMS unit material was extracted: Motile,https://github.com/arms-mbon/data_release_002,Eukaryota;Opisthokonta;Fungi;Ascomycota;Dothideomycetes;Pleosporales;Teichosporaceae;unidentified (Teichosporaceae);Teichosporaceae_sp,urn:lsid:marinespecies.org:taxname:889981,Floricolaceae,Family,Otu474,NCBI:147544,ARMS_Getxo_G3_20200624_20201103_MF100_s1_r1
ARMS_Getxo_G3_20200624_20201103_MF100_s1_r1:Otu100,MaterialSample,ARMS-MBON,data_release_002,present,ARMS_Getxo_G3_20200624_20201103,SAMEA10021256,2020-06-24/2020-11-03,3,DNA sequence reads,362,DNA sequence reads,https://github.com/arms-mbon/documentation/tree/main/armsmbon_handbook,ERR7127686,PEMA v2.1.4 https://github.com/hariszaf/pema | https://github.com/arms-mbon/analysis_release_002/tree/main/parameter_files,CREST classifier; Minimum bit-score 155; LCA bitscore range 2% | Unite db v7.2 ; swarm2 d = 10,Abra de Bilbao (http://marineregions.org/mrgid/17355),43.33843,-3.01483,ES,Getxo_G3,5.0,10.0,Marina; semi-industrial; 9.6 - Subtidal Muddy,uncertain classification (not marine),Was a crate cover used when retrieving the unit: not provided; Which component of the ARMS unit material was extracted: Motile,https://github.com/arms-mbon/data_release_002,Eukaryota;Opisthokonta;Fungi;Basidiomycota;Microbotryomycetes;Sporidiobolales;Sporidiobolaceae;Rhodotorula;Rhodotorula_mucilaginosa,urn:lsid:marinespecies.org:taxname:987149,Rhodotorula mucilaginosa,Species,Otu100,NCBI:5537,ARMS_Getxo_G3_20200624_20201103_MF100_s1_r1
ARMS_Getxo_G3_20200624_20201103_MF100_s1_r1:Otu29,MaterialSample,ARMS-MBON,data_release_002,present,ARMS_Getxo_G3_20200624_20201103,SAMEA10021256,2020-06-24/2020-11-03,4,DNA sequence reads,362,DNA sequence reads,https://github.com/arms-mbon/documentation/tree/main/armsmbon_handbook,ERR7127686,PEMA v2.1.4 https://github.com/hariszaf/pema | https://github.com/arms-mbon/analysis_release_002/tree/main/parameter_files,CREST classifier; Minimum bit-score 155; LCA bitscore range 2% | Unite db v7.2 ; swarm2 d = 10,Abra de Bilbao (http://marineregions.org/mrgid/17355),43.33843,-3.01483,ES,Getxo_G3,5.0,10.0,Marina; semi-industrial; 9.6 - Subtidal Muddy,uncertain classification (not marine),Was a crate cover used when retrieving the unit: not provided; Which component of the ARMS unit material was extracted: Motile,https://github.com/arms-mbon/data_release_002,Eukaryota;Opisthokonta;Fungi;Ascomycota;Sordariomycetes;Hypocreales;Hypocreaceae;Trichoderma,urn:lsid:marinespecies.org:taxname:1485878,Hypocrea,Genus,Otu29,NCBI:5543,ARMS_Getxo_G3_20200624_20201103_MF100_s1_r1
ARMS_Getxo_G3_20200624_20201103_MF100_s1_r1:Otu26,MaterialSample,ARMS-MBON,data_release_002,present,ARMS_Getxo_G3_20200624_20201103,SAMEA10021256,2020-06-24/2020-11-03,3,DNA sequence reads,362,DNA sequence reads,https://github.com/arms-mbon/documentation/tree/main/armsmbon_handbook,ERR7127686,PEMA v2.1.4 https://github.com/hariszaf/pema | https://github.com/arms-mbon/analysis_release_002/tree/main/parameter_files,CREST classifier; Minimum bit-score 155; LCA bitscore range 2% | Unite db v7.2 ; swarm2 d = 10,Abra de Bilbao (http://marineregions.org/mrgid/17355),43.33843,-3.01483,ES,Getxo_G3,5.0,10.0,Marina; semi-industrial; 9.6 - Subtidal Muddy,,Was a crate cover used when retrieving the unit: not provided; Which component of the ARMS unit material was extracted: Motile,https://github.com/arms-mbon/data_release_002,Eukaryota;Opisthokonta;Fungi;Ascomycota;Dothideomycetes;Pleosporales;Cucurbitariaceae;Pyrenochaetopsis;Pyrenochaetopsis_leptospora,,Pyrenochaetopsis leptospora,species,Otu26,NCBI:798152,ARMS_Getxo_G3_20200624_20201103_MF100_s1_r1
ARMS_Getxo_G3_20200624_20201103_MF100_s1_r1:Otu425,MaterialSample,ARMS-MBON,data_release_002,present,ARMS_Getxo_G3_20200624_20201103,SAMEA10021256,2020-06-24/2020-11-03,7,DNA sequence reads,362,DNA sequence reads,https://github.com/arms-mbon/documentation/tree/main/armsmbon_handbook,ERR7127686,PEMA v2.1.4 https://github.com/hariszaf/pema | https://github.com/arms-mbon/analysis_release_002/tree/main/parameter_files,CREST classifier; Minimum bit-score 155; LCA bitscore range 2% | Unite db v7.2 ; swarm2 d = 10,Abra de Bilbao (http://marineregions.org/mrgid/17355),43.33843,-3.01483,ES,Getxo_G3,5.0,10.0,Marina; semi-industrial; 9.6 - Subtidal Muddy,,Was a crate cover used when retrieving the unit: not provided; Which component of the ARMS unit material was extracted: Motile,https://github.com/arms-mbon/data_release_002,Eukaryota;Opisthokonta;Fungi;Ascomycota;Dothideomycetes;Pleosporales;Biatriosporaceae;Biatriospora;Unknown Biatriospora species 1,urn:lsid:marinespecies.org:taxname:147693,Biatriospora,Genus,Otu425,NCBI:679174,ARMS_Getxo_G3_20200624_20201103_MF100_s1_r1
ARMS_Getxo_G3_20200624_20201103_MF100_s1_r1:Otu10,MaterialSample,ARMS-MBON,data_release_002,present,ARMS_Getxo_G3_20200624_20201103,SAMEA10021256,2020-06-24/2020-11-03,4,DNA sequence reads,362,DNA sequence reads,https://github.com/arms-mbon/documentation/tree/main/armsmbon_handbook,ERR7127686,PEMA v2.1.4 https://github.com/hariszaf/pema | https://github.com/arms-mbon/analysis_release_002/tree/main/parameter_files,CREST classifier; Minimum bit-score 155; LCA bitscore range 2% | Unite db v7.2 ; swarm2 d = 10,Abra de Bilbao (http://marineregions.org/mrgid/17355),43.33843,-3.01483,ES,Getxo_G3,5.0,10.0,Marina; semi-industrial; 9.6 - Subtidal Muddy,,Was a crate cover used when retrieving the unit: not provided; Which component of the ARMS unit material was extracted: Motile,https://github.com/arms-mbon/data_release_002,Eukaryota;Opisthokonta;Fungi;Ascomycota;Eurotiomycetes;Eurotiales;Aspergillaceae;Penicillium,urn:lsid:marinespecies.org:taxname:437491,Eupenicillium,Genus,Otu10,NCBI:5073,ARMS_Getxo_G3_20200624_20201103_MF100_s1_r1
ARMS_Getxo_G3_20200624_20201103_SF40_s1_r1:Otu28,MaterialSample,ARMS-MBON,data_release_002,present,ARMS_Getxo_G3_20200624_20201103,SAMEA10021259,2020-06-24/2020-11-03,6,DNA sequence reads,6,DNA sequence reads,https://github.com/arms-mbon/documentation/tree/main/armsmbon_handbook,ERR7127689,PEMA v2.1.4 https://github.com/hariszaf/pema | https://github.com/arms-mbon/analysis_release_002/tree/main/parameter_files,CREST classifier; Minimum bit-score 155; LCA bitscore range 2% | Unite db v7.2 ; swarm2 d = 10,Abra de Bilbao (http://marineregions.org/mrgid/17355),43.33843,-3.01483,ES,Getxo_G3,5.0,10.0,Marina; semi-industrial; 9.6 - Subtidal Muddy,,Was a crate cover used when retrieving the unit: not provided; Which component of the ARMS unit material was extracted: Sessile,https://github.com/arms-mbon/data_release_002,Eukaryota;Opisthokonta;Fungi;Ascomycota;Saccharomycetes;Saccharomycetales;unidentified (Saccharomycetales) family incertae sedis;unidentified (unidentified (Saccharomycetales));Saccharomycetales_sp,urn:lsid:marinespecies.org:taxname:147580,Endomycetales,Order,Otu28,NCBI:4892,ARMS_Getxo_G3_20200624_20201103_SF40_s1_r1
ARMS_TZS_Angbat_20200608_20201117_MF500_ETOH_s1_r1:Otu238,MaterialSample,ARMS-MBON,data_release_002,present,ARMS_TZS_Angbat_20200608_20201117,SAMEA10020994,2020-06-08/2020-11-17,25,DNA sequence reads,41,DNA sequence reads,https://github.com/arms-mbon/documentation/tree/main/armsmbon_handbook,ERR7125505,PEMA v2.1.4 https://github.com/hariszaf/pema | https://github.com/arms-mbon/analysis_release_002/tree/main/parameter_files,CREST classifier; Minimum bit-score 155; LCA bitscore range 2% | Unite db v7.2 ; swarm2 d = 10,Tammisaaren Ja Hangon Saariston Ja Pohjanpitäjänlahden Merensuojelualue (http://marineregions.org/mrgid/27436),59.841505,23.248879,FI,TZS_Angbat,4.0,4.0,Marine Protected Area; Long-Term Ecological Research Site; continuous hydrographic monitoring; protected; 9.4 - Subtidal Sandy,,Was a crate cover used when retrieving the unit: not provided; Which component of the ARMS unit material was extracted: Motile,https://github.com/arms-mbon/data_release_002,Eukaryota;Opisthokonta;Fungi;Basidiomycota;Malasseziomycetes;Malasseziales;Malasseziaceae;Malassezia;Unknown Malassezia species 1,,Malassezia,genus,Otu238,NCBI:55193,ARMS_TZS_Angbat_20200608_20201117_MF500_ETOH_s1_r1
ARMS_TZS_Angbat_20200608_20201117_MF500_ETOH_s1_r1:Otu15,MaterialSample,ARMS-MBON,data_release_002,present,ARMS_TZS_Angbat_20200608_20201117,SAMEA10020994,2020-06-08/2020-11-17,16,DNA sequence reads,41,DNA sequence reads,https://github.com/arms-mbon/documentation/tree/main/armsmbon_handbook,ERR7125505,PEMA v2.1.4 https://github.com/hariszaf/pema | https://github.com/arms-mbon/analysis_release_002/tree/main/parameter_files,CREST classifier; Minimum bit-score 155; LCA bitscore range 2% | Unite db v7.2 ; swarm2 d = 10,Tammisaaren Ja Hangon Saariston Ja Pohjanpitäjänlahden Merensuojelualue (http://marineregions.org/mrgid/27436),59.841505,23.248879,FI,TZS_Angbat,4.0,4.0,Marine Protected Area; Long-Term Ecological Research Site; continuous hydrographic monitoring; protected; 9.4 - Subtidal Sandy,uncertain classification (not marine),Was a crate cover used when retrieving the unit: not provided; Which component of the ARMS unit material was extracted: Motile,https://github.com/arms-mbon/data_release_002,Eukaryota;Opisthokonta;Fungi;Ascomycota;Leotiomycetes;Helotiales;Sclerotiniaceae,urn:lsid:marinespecies.org:taxname:438656,Sclerotiniaceae,Family,Otu15,NCBI:28983,ARMS_TZS_Angbat_20200608_20201117_MF500_ETOH_s1_r1
ARMS_TZS_Angbat_20200608_20201117_SF40_ETOH_s1_r1:Otu165,MaterialSample,ARMS-MBON,data_release_002,present,ARMS_TZS_Angbat_20200608_20201117,SAMEA10020997,2020-06-08/2020-11-17,48,DNA sequence reads,48,DNA sequence reads,https://github.com/arms-mbon/documentation/tree/main/armsmbon_handbook,ERR7125508,PEMA v2.1.4 https://github.com/hariszaf/pema | https://github.com/arms-mbon/analysis_release_002/tree/main/parameter_files,CREST classifier; Minimum bit-score 155; LCA bitscore range 2% | Unite db v7.2 ; swarm2 d = 10,Tammisaaren Ja Hangon Saariston Ja Pohjanpitäjänlahden Merensuojelualue (http://marineregions.org/mrgid/27436),59.841505,23.248879,FI,TZS_Angbat,4.0,4.0,Marine Protected Area; Long-Term Ecological Research Site; continuous hydrographic monitoring; protected; 9.4 - Subtidal Sandy,uncertain classification (not marine),Was a crate cover used when retrieving the unit: not provided; Which component of the ARMS unit material was extracted: Sessile,https://github.com/arms-mbon/data_release_002,Eukaryota;Opisthokonta;Fungi;Ascomycota;Sordariomycetes;Unknown Sordariomycetes order 1,urn:lsid:marinespecies.org:taxname:437254,Sordariomycetes,Class,Otu165,NCBI:147550,ARMS_TZS_Angbat_20200608_20201117_SF40_ETOH_s1_r1
ARMS_TZS_Kummelkobben_20200608_20201120_MF100_ETOH_s1_r1:Otu54,MaterialSample,ARMS-MBON,data_release_002,present,ARMS_TZS_Kummelkobben_20200608_20201120,SAMEA10021000,2020-06-08/2020-11-20,226,DNA sequence reads,404,DNA sequence reads,https://github.com/arms-mbon/documentation/tree/main/armsmbon_handbook,ERR7125511,PEMA v2.1.4 https://github.com/hariszaf/pema | https://github.com/arms-mbon/analysis_release_002/tree/main/parameter_files,CREST classifier; Minimum bit-score 155; LCA bitscore range 2% | Unite db v7.2 ; swarm2 d = 10,Tammisaaren Ja Hangon Saariston Ja Pohjanpitäjänlahden Merensuojelualue (http://marineregions.org/mrgid/27436),59.86442,23.265084,FI,TZS_Kummelkobben,3.0,6.0,Long-Term Ecological Research Site; close to industrial port; continuous hydrographic monitoring; LHI (Low human influence); 9.7 - Macroalgal/kelp,uncertain classification (not marine),Was a crate cover used when retrieving the unit: not provided; Which component of the ARMS unit material was extracted: Motile,https://github.com/arms-mbon/data_release_002,Eukaryota;Opisthokonta;Fungi;Ascomycota;Eurotiomycetes;Chaetothyriales;Herpotrichiellaceae;unidentified (Herpotrichiellaceae);Herpotrichiellaceae_sp,urn:lsid:marinespecies.org:taxname:100036,Herpotrichiellaceae,Family,Otu54,NCBI:43219,ARMS_TZS_Kummelkobben_20200608_20201120_MF100_ETOH_s1_r1
ARMS_TZS_Kummelkobben_20200608_20201120_MF100_ETOH_s1_r1:Otu93,MaterialSample,ARMS-MBON,data_release_002,present,ARMS_TZS_Kummelkobben_20200608_20201120,SAMEA10021000,2020-06-08/2020-11-20,108,DNA sequence reads,404,DNA sequence reads,https://github.com/arms-mbon/documentation/tree/main/armsmbon_handbook,ERR7125511,PEMA v2.1.4 https://github.com/hariszaf/pema | https://github.com/arms-mbon/analysis_release_002/tree/main/parameter_files,CREST classifier; Minimum bit-score 155; LCA bitscore range 2% | Unite db v7.2 ; swarm2 d = 10,Tammisaaren Ja Hangon Saariston Ja Pohjanpitäjänlahden Merensuojelualue (http://marineregions.org/mrgid/27436),59.86442,23.265084,FI,TZS_Kummelkobben,3.0,6.0,Long-Term Ecological Research Site; close to industrial port; continuous hydrographic monitoring; LHI (Low human influence); 9.7 - Macroalgal/kelp,,Was a crate cover used when retrieving the unit: not provided; Which component of the ARMS unit material was extracted: Motile,https://github.com/arms-mbon/data_release_002,Eukaryota;Opisthokonta;Fungi;Ascomycota;Sordariomycetes;Glomerellales;Plectosphaerellaceae;Plectosphaerella;Unknown Plectosphaerella species 1,urn:lsid:marinespecies.org:taxname:437981,Plectosporium,Genus,Otu93,NCBI:40657,ARMS_TZS_Kummelkobben_20200608_20201120_MF100_ETOH_s1_r1
ARMS_TZS_Kummelkobben_20200608_20201120_MF100_ETOH_s1_r1:Otu100,MaterialSample,ARMS-MBON,data_release_002,present,ARMS_TZS_Kummelkobben_20200608_20201120,SAMEA10021000,2020-06-08/2020-11-20,70,DNA sequence reads,404,DNA sequence reads,https://github.com/arms-mbon/documentation/tree/main/armsmbon_handbook,ERR7125511,PEMA v2.1.4 https://github.com/hariszaf/pema | https://github.com/arms-mbon/analysis_release_002/tree/main/parameter_files,CREST classifier; Minimum bit-score 155; LCA bitscore range 2% | Unite db v7.2 ; swarm2 d = 10,Tammisaaren Ja Hangon Saariston Ja Pohjanpitäjänlahden Merensuojelualue (http://marineregions.org/mrgid/27436),59.86442,23.265084,FI,TZS_Kummelkobben,3.0,6.0,Long-Term Ecological Research Site; close to industrial port; continuous hydrographic monitoring; LHI (Low human influence); 9.7 - Macroalgal/kelp,uncertain classification (not marine),Was a crate cover used when retrieving the unit: not provided; Which component of the ARMS unit material was extracted: Motile,https://github.com/arms-mbon/data_release_002,Eukaryota;Opisthokonta;Fungi;Basidiomycota;Microbotryomycetes;Sporidiobolales;Sporidiobolaceae;Rhodotorula;Rhodotorula_mucilaginosa,urn:lsid:marinespecies.org:taxname:987149,Rhodotorula mucilaginosa,Species,Otu100,NCBI:5537,ARMS_TZS_Kummelkobben_20200608_20201120_MF100_ETOH_s1_r1
ARMS_TZS_Kummelkobben_20200608_20201120_SF40_ETOH_s1_r1:Otu151,MaterialSample,ARMS-MBON,data_release_002,present,ARMS_TZS_Kummelkobben_20200608_20201120,SAMEA10021006,2020-06-08/2020-11-20,54,DNA sequence reads,54,DNA sequence reads,https://github.com/arms-mbon/documentation/tree/main/armsmbon_handbook,ERR7125517,PEMA v2.1.4 https://github.com/hariszaf/pema | https://github.com/arms-mbon/analysis_release_002/tree/main/parameter_files,CREST classifier; Minimum bit-score 155; LCA bitscore range 2% | Unite db v7.2 ; swarm2 d = 10,Tammisaaren Ja Hangon Saariston Ja Pohjanpitäjänlahden Merensuojelualue (http://marineregions.org/mrgid/27436),59.86442,23.265084,FI,TZS_Kummelkobben,3.0,6.0,Long-Term Ecological Research Site; close to industrial port; continuous hydrographic monitoring; LHI (Low human influence); 9.7 - Macroalgal/kelp,,Was a crate cover used when retrieving the unit: not provided; Which component of the ARMS unit material was extracted: Sessile,https://github.com/arms-mbon/data_release_002,Eukaryota;Opisthokonta;Fungi;Ascomycota;Sordariomycetes;Sordariales;Chaetomiaceae;Chaetomium;Chaetomium_acropullum,,Chaetomium acropullum,species,Otu151,NCBI:1036258,ARMS_TZS_Kummelkobben_20200608_20201120_SF40_ETOH_s1_r1
