occurrenceID,measurementType,measurementUnit,measurementValue,measurementTypeID,measurementUnitID,measurementValueID
ARMS_BelgiumCoast_AJJC81_20200506_20201012_MF100_s1_r1:ASV_70:05b1cf4e28a192e03312b163914aad6ee6b2016d,submergedTime,day,159,http://vocab.nerc.ac.uk/collection/P01/current/AZDRZZ01/,https://vocab.nerc.ac.uk/collection/P06/current/UTAA/,
ARMS_BelgiumCoast_AJJC81_20200506_20201012_MF100_s1_r1:ASV_70:05b1cf4e28a192e03312b163914aad6ee6b2016d,preservativeUsed,,DMSO,http://vocab.nerc.ac.uk/collection/Q01/current/Q0100004/,,https://pubchem.ncbi.nlm.nih.gov/compound/679
ARMS_BelgiumCoast_AJJC81_20200506_20201012_MF100_s1_r1:ASV_70:05b1cf4e28a192e03312b163914aad6ee6b2016d,lowerLimitFilterSize,micrometer,100,http://vocab.nerc.ac.uk/collection/Q01/current/Q0100011/,https://vocab.nerc.ac.uk/collection/P06/current/UMIC/,
ARMS_BelgiumCoast_AJJC81_20200506_20201012_MF100_s1_r1:ASV_70:05b1cf4e28a192e03312b163914aad6ee6b2016d,sampleAccessionNumber,,SAMEA10020971,,,
ARMS_BelgiumCoast_AJJC81_20200506_20201012_MF100_s1_r1:ASV_70:05b1cf4e28a192e03312b163914aad6ee6b2016d,NCBIID,,395009,,,
ARMS_BelgiumCoast_AJJC81_20200506_20201012_MF100_s1_r1:ASV_70:05b1cf4e28a192e03312b163914aad6ee6b2016d,NCBIScientificName,,Paradoxurus jerdoni,,,
ARMS_BelgiumCoast_AJJC81_20200506_20201012_MF100_s1_r1:ASV_70:05b1cf4e28a192e03312b163914aad6ee6b2016d,NCBITaxonRank,,species,,,
ARMS_BelgiumCoast_AJJC81_20200506_20201012_MF100_s1_r1:ASV_70:05b1cf4e28a192e03312b163914aad6ee6b2016d,fieldReplicateID,,no replicate,http://vocab.nerc.ac.uk/collection/P01/current/IDSPRE01,,
ARMS_BelgiumCoast_AJJC81_20200506_20201012_MF100_s1_r1:ASV_70:05b1cf4e28a192e03312b163914aad6ee6b2016d,technicalReplicateID,,,http://vocab.nerc.ac.uk/collection/P01/current/IDTCRE01,,
ARMS_BelgiumCoast_AJJC81_20200506_20201012_MF100_s1_r1:ASV_70:05b1cf4e28a192e03312b163914aad6ee6b2016d,originalScientificName,,Paradoxurus_jerdoni,,,
ARMS_BelgiumCoast_AJJC81_20200506_20201012_MF100_s1_r1:ASV_70:05b1cf4e28a192e03312b163914aad6ee6b2016d,originalTaxonRank,,species,,,
ARMS_BelgiumCoast_AJJC81_20200506_20201012_MF100_s1_r1:ASV_70:05b1cf4e28a192e03312b163914aad6ee6b2016d,originalScientificNameConfidenceLevel,,0.03,,,
ARMS_BelgiumCoast_AJJC81_20200506_20201012_MF100_s1_r1:ASV_150:8e1e9564c5e9c42fdeadb59c1103de3ba4bda049,submergedTime,day,159,http://vocab.nerc.ac.uk/collection/P01/current/AZDRZZ01/,https://vocab.nerc.ac.uk/collection/P06/current/UTAA/,
ARMS_BelgiumCoast_AJJC81_20200506_20201012_MF100_s1_r1:ASV_150:8e1e9564c5e9c42fdeadb59c1103de3ba4bda049,preservativeUsed,,DMSO,http://vocab.nerc.ac.uk/collection/Q01/current/Q0100004/,,https://pubchem.ncbi.nlm.nih.gov/compound/679
ARMS_BelgiumCoast_AJJC81_20200506_20201012_MF100_s1_r1:ASV_150:8e1e9564c5e9c42fdeadb59c1103de3ba4bda049,lowerLimitFilterSize,micrometer,100,http://vocab.nerc.ac.uk/collection/Q01/current/Q0100011/,https://vocab.nerc.ac.uk/collection/P06/current/UMIC/,
ARMS_BelgiumCoast_AJJC81_20200506_20201012_MF100_s1_r1:ASV_150:8e1e9564c5e9c42fdeadb59c1103de3ba4bda049,sampleAccessionNumber,,SAMEA10020971,,,
ARMS_BelgiumCoast_AJJC81_20200506_20201012_MF100_s1_r1:ASV_150:8e1e9564c5e9c42fdeadb59c1103de3ba4bda049,NCBIID,,174156,,,
ARMS_BelgiumCoast_AJJC81_20200506_20201012_MF100_s1_r1:ASV_150:8e1e9564c5e9c42fdeadb59c1103de3ba4bda049,NCBIScientificName,,Narceus annularus,,,
ARMS_BelgiumCoast_AJJC81_20200506_20201012_MF100_s1_r1:ASV_150:8e1e9564c5e9c42fdeadb59c1103de3ba4bda049,NCBITaxonRank,,species,,,
ARMS_BelgiumCoast_AJJC81_20200506_20201012_MF100_s1_r1:ASV_150:8e1e9564c5e9c42fdeadb59c1103de3ba4bda049,fieldReplicateID,,no replicate,http://vocab.nerc.ac.uk/collection/P01/current/IDSPRE01,,
ARMS_BelgiumCoast_AJJC81_20200506_20201012_MF100_s1_r1:ASV_150:8e1e9564c5e9c42fdeadb59c1103de3ba4bda049,technicalReplicateID,,,http://vocab.nerc.ac.uk/collection/P01/current/IDTCRE01,,
ARMS_BelgiumCoast_AJJC81_20200506_20201012_MF100_s1_r1:ASV_150:8e1e9564c5e9c42fdeadb59c1103de3ba4bda049,originalScientificName,,Narceus_annularus,,,
ARMS_BelgiumCoast_AJJC81_20200506_20201012_MF100_s1_r1:ASV_150:8e1e9564c5e9c42fdeadb59c1103de3ba4bda049,originalTaxonRank,,species,,,
ARMS_BelgiumCoast_AJJC81_20200506_20201012_MF100_s1_r1:ASV_150:8e1e9564c5e9c42fdeadb59c1103de3ba4bda049,originalScientificNameConfidenceLevel,,0.01,,,
ARMS_Crete_1HERP_20200903_20210122_MF500_s1_r1:ASV_35:e1025484213fa24992c9f8301ed64d0ef8c6c71b,submergedTime,day,141,http://vocab.nerc.ac.uk/collection/P01/current/AZDRZZ01/,https://vocab.nerc.ac.uk/collection/P06/current/UTAA/,
ARMS_Crete_1HERP_20200903_20210122_MF500_s1_r1:ASV_35:e1025484213fa24992c9f8301ed64d0ef8c6c71b,preservativeUsed,,Frozen,http://vocab.nerc.ac.uk/collection/Q01/current/Q0100004/,,
ARMS_Crete_1HERP_20200903_20210122_MF500_s1_r1:ASV_35:e1025484213fa24992c9f8301ed64d0ef8c6c71b,lowerLimitFilterSize,micrometer,500,http://vocab.nerc.ac.uk/collection/Q01/current/Q0100011/,https://vocab.nerc.ac.uk/collection/P06/current/UMIC/,
ARMS_Crete_1HERP_20200903_20210122_MF500_s1_r1:ASV_35:e1025484213fa24992c9f8301ed64d0ef8c6c71b,sampleAccessionNumber,,SAMEA10021046,,,
ARMS_Crete_1HERP_20200903_20210122_MF500_s1_r1:ASV_35:e1025484213fa24992c9f8301ed64d0ef8c6c71b,NCBIID,,257540,,,
ARMS_Crete_1HERP_20200903_20210122_MF500_s1_r1:ASV_35:e1025484213fa24992c9f8301ed64d0ef8c6c71b,NCBIScientificName,,Gobiusculus flavescens,,,
ARMS_Crete_1HERP_20200903_20210122_MF500_s1_r1:ASV_35:e1025484213fa24992c9f8301ed64d0ef8c6c71b,NCBITaxonRank,,species,,,
ARMS_Crete_1HERP_20200903_20210122_MF500_s1_r1:ASV_35:e1025484213fa24992c9f8301ed64d0ef8c6c71b,fieldReplicateID,,no replicate,http://vocab.nerc.ac.uk/collection/P01/current/IDSPRE01,,
ARMS_Crete_1HERP_20200903_20210122_MF500_s1_r1:ASV_35:e1025484213fa24992c9f8301ed64d0ef8c6c71b,technicalReplicateID,,,http://vocab.nerc.ac.uk/collection/P01/current/IDTCRE01,,
ARMS_Crete_1HERP_20200903_20210122_MF500_s1_r1:ASV_35:e1025484213fa24992c9f8301ed64d0ef8c6c71b,originalScientificName,,Gobiusculus_flavescens,,,
ARMS_Crete_1HERP_20200903_20210122_MF500_s1_r1:ASV_35:e1025484213fa24992c9f8301ed64d0ef8c6c71b,originalTaxonRank,,species,,,
ARMS_Crete_1HERP_20200903_20210122_MF500_s1_r1:ASV_35:e1025484213fa24992c9f8301ed64d0ef8c6c71b,originalScientificNameConfidenceLevel,,1.0,,,
ARMS_Crete_1HERP_20200903_20210122_MF500_s1_r1:ASV_37:ce205311cc99daa7f97ef53527e1e3bd1b48ceaf,submergedTime,day,141,http://vocab.nerc.ac.uk/collection/P01/current/AZDRZZ01/,https://vocab.nerc.ac.uk/collection/P06/current/UTAA/,
ARMS_Crete_1HERP_20200903_20210122_MF500_s1_r1:ASV_37:ce205311cc99daa7f97ef53527e1e3bd1b48ceaf,preservativeUsed,,Frozen,http://vocab.nerc.ac.uk/collection/Q01/current/Q0100004/,,
ARMS_Crete_1HERP_20200903_20210122_MF500_s1_r1:ASV_37:ce205311cc99daa7f97ef53527e1e3bd1b48ceaf,lowerLimitFilterSize,micrometer,500,http://vocab.nerc.ac.uk/collection/Q01/current/Q0100011/,https://vocab.nerc.ac.uk/collection/P06/current/UMIC/,
ARMS_Crete_1HERP_20200903_20210122_MF500_s1_r1:ASV_37:ce205311cc99daa7f97ef53527e1e3bd1b48ceaf,sampleAccessionNumber,,SAMEA10021046,,,
ARMS_Crete_1HERP_20200903_20210122_MF500_s1_r1:ASV_37:ce205311cc99daa7f97ef53527e1e3bd1b48ceaf,NCBIID,,876016,,,
ARMS_Crete_1HERP_20200903_20210122_MF500_s1_r1:ASV_37:ce205311cc99daa7f97ef53527e1e3bd1b48ceaf,NCBIScientificName,,Nicolea zostericola,,,
ARMS_Crete_1HERP_20200903_20210122_MF500_s1_r1:ASV_37:ce205311cc99daa7f97ef53527e1e3bd1b48ceaf,NCBITaxonRank,,species,,,
ARMS_Crete_1HERP_20200903_20210122_MF500_s1_r1:ASV_37:ce205311cc99daa7f97ef53527e1e3bd1b48ceaf,fieldReplicateID,,no replicate,http://vocab.nerc.ac.uk/collection/P01/current/IDSPRE01,,
ARMS_Crete_1HERP_20200903_20210122_MF500_s1_r1:ASV_37:ce205311cc99daa7f97ef53527e1e3bd1b48ceaf,technicalReplicateID,,,http://vocab.nerc.ac.uk/collection/P01/current/IDTCRE01,,
ARMS_Crete_1HERP_20200903_20210122_MF500_s1_r1:ASV_37:ce205311cc99daa7f97ef53527e1e3bd1b48ceaf,originalScientificName,,Nicolea_zostericola,,,
ARMS_Crete_1HERP_20200903_20210122_MF500_s1_r1:ASV_37:ce205311cc99daa7f97ef53527e1e3bd1b48ceaf,originalTaxonRank,,species,,,
ARMS_Crete_1HERP_20200903_20210122_MF500_s1_r1:ASV_37:ce205311cc99daa7f97ef53527e1e3bd1b48ceaf,originalScientificNameConfidenceLevel,,1.0,,,
ARMS_Crete_1HERP_20200903_20210122_MF500_s1_r1:ASV_46:cbb59af13dd16cc520501efce935d53615db5888,submergedTime,day,141,http://vocab.nerc.ac.uk/collection/P01/current/AZDRZZ01/,https://vocab.nerc.ac.uk/collection/P06/current/UTAA/,
ARMS_Crete_1HERP_20200903_20210122_MF500_s1_r1:ASV_46:cbb59af13dd16cc520501efce935d53615db5888,preservativeUsed,,Frozen,http://vocab.nerc.ac.uk/collection/Q01/current/Q0100004/,,
ARMS_Crete_1HERP_20200903_20210122_MF500_s1_r1:ASV_46:cbb59af13dd16cc520501efce935d53615db5888,lowerLimitFilterSize,micrometer,500,http://vocab.nerc.ac.uk/collection/Q01/current/Q0100011/,https://vocab.nerc.ac.uk/collection/P06/current/UMIC/,
ARMS_Crete_1HERP_20200903_20210122_MF500_s1_r1:ASV_46:cbb59af13dd16cc520501efce935d53615db5888,sampleAccessionNumber,,SAMEA10021046,,,
ARMS_Crete_1HERP_20200903_20210122_MF500_s1_r1:ASV_46:cbb59af13dd16cc520501efce935d53615db5888,NCBIID,,71370,,,
ARMS_Crete_1HERP_20200903_20210122_MF500_s1_r1:ASV_46:cbb59af13dd16cc520501efce935d53615db5888,NCBIScientificName,,Onchidoris muricata,,,
ARMS_Crete_1HERP_20200903_20210122_MF500_s1_r1:ASV_46:cbb59af13dd16cc520501efce935d53615db5888,NCBITaxonRank,,species,,,
ARMS_Crete_1HERP_20200903_20210122_MF500_s1_r1:ASV_46:cbb59af13dd16cc520501efce935d53615db5888,fieldReplicateID,,no replicate,http://vocab.nerc.ac.uk/collection/P01/current/IDSPRE01,,
ARMS_Crete_1HERP_20200903_20210122_MF500_s1_r1:ASV_46:cbb59af13dd16cc520501efce935d53615db5888,technicalReplicateID,,,http://vocab.nerc.ac.uk/collection/P01/current/IDTCRE01,,
ARMS_Crete_1HERP_20200903_20210122_MF500_s1_r1:ASV_46:cbb59af13dd16cc520501efce935d53615db5888,originalScientificName,,Onchidoris_muricata,,,
ARMS_Crete_1HERP_20200903_20210122_MF500_s1_r1:ASV_46:cbb59af13dd16cc520501efce935d53615db5888,originalTaxonRank,,species,,,
ARMS_Crete_1HERP_20200903_20210122_MF500_s1_r1:ASV_46:cbb59af13dd16cc520501efce935d53615db5888,originalScientificNameConfidenceLevel,,1.0,,,
ARMS_Crete_1HERP_20200903_20210122_MF500_s1_r1:ASV_48:08d0037a4009afd030251986ed6ba94e9fd1da2e,submergedTime,day,141,http://vocab.nerc.ac.uk/collection/P01/current/AZDRZZ01/,https://vocab.nerc.ac.uk/collection/P06/current/UTAA/,
ARMS_Crete_1HERP_20200903_20210122_MF500_s1_r1:ASV_48:08d0037a4009afd030251986ed6ba94e9fd1da2e,preservativeUsed,,Frozen,http://vocab.nerc.ac.uk/collection/Q01/current/Q0100004/,,
ARMS_Crete_1HERP_20200903_20210122_MF500_s1_r1:ASV_48:08d0037a4009afd030251986ed6ba94e9fd1da2e,lowerLimitFilterSize,micrometer,500,http://vocab.nerc.ac.uk/collection/Q01/current/Q0100011/,https://vocab.nerc.ac.uk/collection/P06/current/UMIC/,
ARMS_Crete_1HERP_20200903_20210122_MF500_s1_r1:ASV_48:08d0037a4009afd030251986ed6ba94e9fd1da2e,sampleAccessionNumber,,SAMEA10021046,,,
ARMS_Crete_1HERP_20200903_20210122_MF500_s1_r1:ASV_48:08d0037a4009afd030251986ed6ba94e9fd1da2e,NCBIID,,2865492,,,
ARMS_Crete_1HERP_20200903_20210122_MF500_s1_r1:ASV_48:08d0037a4009afd030251986ed6ba94e9fd1da2e,NCBIScientificName,,Cribrilina mutabilis,,,
ARMS_Crete_1HERP_20200903_20210122_MF500_s1_r1:ASV_48:08d0037a4009afd030251986ed6ba94e9fd1da2e,NCBITaxonRank,,species,,,
ARMS_Crete_1HERP_20200903_20210122_MF500_s1_r1:ASV_48:08d0037a4009afd030251986ed6ba94e9fd1da2e,fieldReplicateID,,no replicate,http://vocab.nerc.ac.uk/collection/P01/current/IDSPRE01,,
ARMS_Crete_1HERP_20200903_20210122_MF500_s1_r1:ASV_48:08d0037a4009afd030251986ed6ba94e9fd1da2e,technicalReplicateID,,,http://vocab.nerc.ac.uk/collection/P01/current/IDTCRE01,,
ARMS_Crete_1HERP_20200903_20210122_MF500_s1_r1:ASV_48:08d0037a4009afd030251986ed6ba94e9fd1da2e,originalScientificName,,Cribrilina_mutabilis,,,
ARMS_Crete_1HERP_20200903_20210122_MF500_s1_r1:ASV_48:08d0037a4009afd030251986ed6ba94e9fd1da2e,originalTaxonRank,,species,,,
ARMS_Crete_1HERP_20200903_20210122_MF500_s1_r1:ASV_48:08d0037a4009afd030251986ed6ba94e9fd1da2e,originalScientificNameConfidenceLevel,,1.0,,,
ARMS_Crete_1HERP_20200903_20210122_MF500_s1_r1:ASV_51:33da948d5921884c0aeb393e2b5c64a8041c776f,submergedTime,day,141,http://vocab.nerc.ac.uk/collection/P01/current/AZDRZZ01/,https://vocab.nerc.ac.uk/collection/P06/current/UTAA/,
ARMS_Crete_1HERP_20200903_20210122_MF500_s1_r1:ASV_51:33da948d5921884c0aeb393e2b5c64a8041c776f,preservativeUsed,,Frozen,http://vocab.nerc.ac.uk/collection/Q01/current/Q0100004/,,
ARMS_Crete_1HERP_20200903_20210122_MF500_s1_r1:ASV_51:33da948d5921884c0aeb393e2b5c64a8041c776f,lowerLimitFilterSize,micrometer,500,http://vocab.nerc.ac.uk/collection/Q01/current/Q0100011/,https://vocab.nerc.ac.uk/collection/P06/current/UMIC/,
ARMS_Crete_1HERP_20200903_20210122_MF500_s1_r1:ASV_51:33da948d5921884c0aeb393e2b5c64a8041c776f,sampleAccessionNumber,,SAMEA10021046,,,
ARMS_Crete_1HERP_20200903_20210122_MF500_s1_r1:ASV_51:33da948d5921884c0aeb393e2b5c64a8041c776f,NCBIID,,2576727,,,
ARMS_Crete_1HERP_20200903_20210122_MF500_s1_r1:ASV_51:33da948d5921884c0aeb393e2b5c64a8041c776f,NCBIScientificName,,Dinophilus vorticoides,,,
ARMS_Crete_1HERP_20200903_20210122_MF500_s1_r1:ASV_51:33da948d5921884c0aeb393e2b5c64a8041c776f,NCBITaxonRank,,species,,,
ARMS_Crete_1HERP_20200903_20210122_MF500_s1_r1:ASV_51:33da948d5921884c0aeb393e2b5c64a8041c776f,fieldReplicateID,,no replicate,http://vocab.nerc.ac.uk/collection/P01/current/IDSPRE01,,
ARMS_Crete_1HERP_20200903_20210122_MF500_s1_r1:ASV_51:33da948d5921884c0aeb393e2b5c64a8041c776f,technicalReplicateID,,,http://vocab.nerc.ac.uk/collection/P01/current/IDTCRE01,,
ARMS_Crete_1HERP_20200903_20210122_MF500_s1_r1:ASV_51:33da948d5921884c0aeb393e2b5c64a8041c776f,originalScientificName,,Dinophilus_vorticoides,,,
ARMS_Crete_1HERP_20200903_20210122_MF500_s1_r1:ASV_51:33da948d5921884c0aeb393e2b5c64a8041c776f,originalTaxonRank,,species,,,
ARMS_Crete_1HERP_20200903_20210122_MF500_s1_r1:ASV_51:33da948d5921884c0aeb393e2b5c64a8041c776f,originalScientificNameConfidenceLevel,,1.0,,,
ARMS_Crete_1HERP_20200903_20210122_MF500_s1_r1:ASV_53:95f26b601020d94e863656ce95785f8317d6bb96,submergedTime,day,141,http://vocab.nerc.ac.uk/collection/P01/current/AZDRZZ01/,https://vocab.nerc.ac.uk/collection/P06/current/UTAA/,
ARMS_Crete_1HERP_20200903_20210122_MF500_s1_r1:ASV_53:95f26b601020d94e863656ce95785f8317d6bb96,preservativeUsed,,Frozen,http://vocab.nerc.ac.uk/collection/Q01/current/Q0100004/,,
ARMS_Crete_1HERP_20200903_20210122_MF500_s1_r1:ASV_53:95f26b601020d94e863656ce95785f8317d6bb96,lowerLimitFilterSize,micrometer,500,http://vocab.nerc.ac.uk/collection/Q01/current/Q0100011/,https://vocab.nerc.ac.uk/collection/P06/current/UMIC/,
ARMS_Crete_1HERP_20200903_20210122_MF500_s1_r1:ASV_53:95f26b601020d94e863656ce95785f8317d6bb96,sampleAccessionNumber,,SAMEA10021046,,,
ARMS_Crete_1HERP_20200903_20210122_MF500_s1_r1:ASV_53:95f26b601020d94e863656ce95785f8317d6bb96,NCBIID,,309742,,,
ARMS_Crete_1HERP_20200903_20210122_MF500_s1_r1:ASV_53:95f26b601020d94e863656ce95785f8317d6bb96,NCBIScientificName,,Mesogloia ikomae,,,
ARMS_Crete_1HERP_20200903_20210122_MF500_s1_r1:ASV_53:95f26b601020d94e863656ce95785f8317d6bb96,NCBITaxonRank,,species,,,
ARMS_Crete_1HERP_20200903_20210122_MF500_s1_r1:ASV_53:95f26b601020d94e863656ce95785f8317d6bb96,fieldReplicateID,,no replicate,http://vocab.nerc.ac.uk/collection/P01/current/IDSPRE01,,
ARMS_Crete_1HERP_20200903_20210122_MF500_s1_r1:ASV_53:95f26b601020d94e863656ce95785f8317d6bb96,technicalReplicateID,,,http://vocab.nerc.ac.uk/collection/P01/current/IDTCRE01,,
ARMS_Crete_1HERP_20200903_20210122_MF500_s1_r1:ASV_53:95f26b601020d94e863656ce95785f8317d6bb96,originalScientificName,,Mesogloia_ikomae,,,
ARMS_Crete_1HERP_20200903_20210122_MF500_s1_r1:ASV_53:95f26b601020d94e863656ce95785f8317d6bb96,originalTaxonRank,,species,,,
ARMS_Crete_1HERP_20200903_20210122_MF500_s1_r1:ASV_53:95f26b601020d94e863656ce95785f8317d6bb96,originalScientificNameConfidenceLevel,,0.07,,,
ARMS_Crete_1HERP_20200903_20210122_MF500_s1_r1:ASV_63:6cc2219a0f66822b1ada491e96eafd953a0f7269,submergedTime,day,141,http://vocab.nerc.ac.uk/collection/P01/current/AZDRZZ01/,https://vocab.nerc.ac.uk/collection/P06/current/UTAA/,
ARMS_Crete_1HERP_20200903_20210122_MF500_s1_r1:ASV_63:6cc2219a0f66822b1ada491e96eafd953a0f7269,preservativeUsed,,Frozen,http://vocab.nerc.ac.uk/collection/Q01/current/Q0100004/,,
ARMS_Crete_1HERP_20200903_20210122_MF500_s1_r1:ASV_63:6cc2219a0f66822b1ada491e96eafd953a0f7269,lowerLimitFilterSize,micrometer,500,http://vocab.nerc.ac.uk/collection/Q01/current/Q0100011/,https://vocab.nerc.ac.uk/collection/P06/current/UMIC/,
ARMS_Crete_1HERP_20200903_20210122_MF500_s1_r1:ASV_63:6cc2219a0f66822b1ada491e96eafd953a0f7269,sampleAccessionNumber,,SAMEA10021046,,,
ARMS_Crete_1HERP_20200903_20210122_MF500_s1_r1:ASV_63:6cc2219a0f66822b1ada491e96eafd953a0f7269,NCBIID,,172567,,,
ARMS_Crete_1HERP_20200903_20210122_MF500_s1_r1:ASV_63:6cc2219a0f66822b1ada491e96eafd953a0f7269,NCBIScientificName,,Balanus balanus,,,
ARMS_Crete_1HERP_20200903_20210122_MF500_s1_r1:ASV_63:6cc2219a0f66822b1ada491e96eafd953a0f7269,NCBITaxonRank,,species,,,
ARMS_Crete_1HERP_20200903_20210122_MF500_s1_r1:ASV_63:6cc2219a0f66822b1ada491e96eafd953a0f7269,fieldReplicateID,,no replicate,http://vocab.nerc.ac.uk/collection/P01/current/IDSPRE01,,
ARMS_Crete_1HERP_20200903_20210122_MF500_s1_r1:ASV_63:6cc2219a0f66822b1ada491e96eafd953a0f7269,technicalReplicateID,,,http://vocab.nerc.ac.uk/collection/P01/current/IDTCRE01,,
ARMS_Crete_1HERP_20200903_20210122_MF500_s1_r1:ASV_63:6cc2219a0f66822b1ada491e96eafd953a0f7269,originalScientificName,,Balanus_balanus,,,
ARMS_Crete_1HERP_20200903_20210122_MF500_s1_r1:ASV_63:6cc2219a0f66822b1ada491e96eafd953a0f7269,originalTaxonRank,,species,,,
ARMS_Crete_1HERP_20200903_20210122_MF500_s1_r1:ASV_63:6cc2219a0f66822b1ada491e96eafd953a0f7269,originalScientificNameConfidenceLevel,,0.91,,,
ARMS_Crete_1HERP_20200903_20210122_MF500_s1_r1:ASV_65:7bb9a2005c9cb37888b0847a0e9636e34c1de988,submergedTime,day,141,http://vocab.nerc.ac.uk/collection/P01/current/AZDRZZ01/,https://vocab.nerc.ac.uk/collection/P06/current/UTAA/,
ARMS_Crete_1HERP_20200903_20210122_MF500_s1_r1:ASV_65:7bb9a2005c9cb37888b0847a0e9636e34c1de988,preservativeUsed,,Frozen,http://vocab.nerc.ac.uk/collection/Q01/current/Q0100004/,,
ARMS_Crete_1HERP_20200903_20210122_MF500_s1_r1:ASV_65:7bb9a2005c9cb37888b0847a0e9636e34c1de988,lowerLimitFilterSize,micrometer,500,http://vocab.nerc.ac.uk/collection/Q01/current/Q0100011/,https://vocab.nerc.ac.uk/collection/P06/current/UMIC/,
ARMS_Crete_1HERP_20200903_20210122_MF500_s1_r1:ASV_65:7bb9a2005c9cb37888b0847a0e9636e34c1de988,sampleAccessionNumber,,SAMEA10021046,,,
ARMS_Crete_1HERP_20200903_20210122_MF500_s1_r1:ASV_65:7bb9a2005c9cb37888b0847a0e9636e34c1de988,NCBIID,,265559,,,
ARMS_Crete_1HERP_20200903_20210122_MF500_s1_r1:ASV_65:7bb9a2005c9cb37888b0847a0e9636e34c1de988,NCBIScientificName,,Navicula ramosissima,,,
ARMS_Crete_1HERP_20200903_20210122_MF500_s1_r1:ASV_65:7bb9a2005c9cb37888b0847a0e9636e34c1de988,NCBITaxonRank,,species,,,
ARMS_Crete_1HERP_20200903_20210122_MF500_s1_r1:ASV_65:7bb9a2005c9cb37888b0847a0e9636e34c1de988,fieldReplicateID,,no replicate,http://vocab.nerc.ac.uk/collection/P01/current/IDSPRE01,,
ARMS_Crete_1HERP_20200903_20210122_MF500_s1_r1:ASV_65:7bb9a2005c9cb37888b0847a0e9636e34c1de988,technicalReplicateID,,,http://vocab.nerc.ac.uk/collection/P01/current/IDTCRE01,,
ARMS_Crete_1HERP_20200903_20210122_MF500_s1_r1:ASV_65:7bb9a2005c9cb37888b0847a0e9636e34c1de988,originalScientificName,,Navicula_ramosissima,,,
ARMS_Crete_1HERP_20200903_20210122_MF500_s1_r1:ASV_65:7bb9a2005c9cb37888b0847a0e9636e34c1de988,originalTaxonRank,,species,,,
ARMS_Crete_1HERP_20200903_20210122_MF500_s1_r1:ASV_65:7bb9a2005c9cb37888b0847a0e9636e34c1de988,originalScientificNameConfidenceLevel,,0.06,,,
ARMS_Crete_1HERP_20200903_20210122_MF500_s1_r1:ASV_74:33b0b3be7c5f7c54152c7927f0d8cfeab3fdbceb,submergedTime,day,141,http://vocab.nerc.ac.uk/collection/P01/current/AZDRZZ01/,https://vocab.nerc.ac.uk/collection/P06/current/UTAA/,
ARMS_Crete_1HERP_20200903_20210122_MF500_s1_r1:ASV_74:33b0b3be7c5f7c54152c7927f0d8cfeab3fdbceb,preservativeUsed,,Frozen,http://vocab.nerc.ac.uk/collection/Q01/current/Q0100004/,,
ARMS_Crete_1HERP_20200903_20210122_MF500_s1_r1:ASV_74:33b0b3be7c5f7c54152c7927f0d8cfeab3fdbceb,lowerLimitFilterSize,micrometer,500,http://vocab.nerc.ac.uk/collection/Q01/current/Q0100011/,https://vocab.nerc.ac.uk/collection/P06/current/UMIC/,
ARMS_Crete_1HERP_20200903_20210122_MF500_s1_r1:ASV_74:33b0b3be7c5f7c54152c7927f0d8cfeab3fdbceb,sampleAccessionNumber,,SAMEA10021046,,,
ARMS_Crete_1HERP_20200903_20210122_MF500_s1_r1:ASV_74:33b0b3be7c5f7c54152c7927f0d8cfeab3fdbceb,NCBIID,,378372,,,
ARMS_Crete_1HERP_20200903_20210122_MF500_s1_r1:ASV_74:33b0b3be7c5f7c54152c7927f0d8cfeab3fdbceb,NCBIScientificName,,Psamathe fusca,,,
ARMS_Crete_1HERP_20200903_20210122_MF500_s1_r1:ASV_74:33b0b3be7c5f7c54152c7927f0d8cfeab3fdbceb,NCBITaxonRank,,species,,,
ARMS_Crete_1HERP_20200903_20210122_MF500_s1_r1:ASV_74:33b0b3be7c5f7c54152c7927f0d8cfeab3fdbceb,fieldReplicateID,,no replicate,http://vocab.nerc.ac.uk/collection/P01/current/IDSPRE01,,
ARMS_Crete_1HERP_20200903_20210122_MF500_s1_r1:ASV_74:33b0b3be7c5f7c54152c7927f0d8cfeab3fdbceb,technicalReplicateID,,,http://vocab.nerc.ac.uk/collection/P01/current/IDTCRE01,,
ARMS_Crete_1HERP_20200903_20210122_MF500_s1_r1:ASV_74:33b0b3be7c5f7c54152c7927f0d8cfeab3fdbceb,originalScientificName,,Psamathe_fusca,,,
ARMS_Crete_1HERP_20200903_20210122_MF500_s1_r1:ASV_74:33b0b3be7c5f7c54152c7927f0d8cfeab3fdbceb,originalTaxonRank,,species,,,
ARMS_Crete_1HERP_20200903_20210122_MF500_s1_r1:ASV_74:33b0b3be7c5f7c54152c7927f0d8cfeab3fdbceb,originalScientificNameConfidenceLevel,,1.0,,,
ARMS_Crete_1HERP_20200903_20210122_MF500_s1_r1:ASV_78:bba021ab83c4810511c40a0d36cf59b4347874b0,submergedTime,day,141,http://vocab.nerc.ac.uk/collection/P01/current/AZDRZZ01/,https://vocab.nerc.ac.uk/collection/P06/current/UTAA/,
ARMS_Crete_1HERP_20200903_20210122_MF500_s1_r1:ASV_78:bba021ab83c4810511c40a0d36cf59b4347874b0,preservativeUsed,,Frozen,http://vocab.nerc.ac.uk/collection/Q01/current/Q0100004/,,
ARMS_Crete_1HERP_20200903_20210122_MF500_s1_r1:ASV_78:bba021ab83c4810511c40a0d36cf59b4347874b0,lowerLimitFilterSize,micrometer,500,http://vocab.nerc.ac.uk/collection/Q01/current/Q0100011/,https://vocab.nerc.ac.uk/collection/P06/current/UMIC/,
ARMS_Crete_1HERP_20200903_20210122_MF500_s1_r1:ASV_78:bba021ab83c4810511c40a0d36cf59b4347874b0,sampleAccessionNumber,,SAMEA10021046,,,
ARMS_Crete_1HERP_20200903_20210122_MF500_s1_r1:ASV_78:bba021ab83c4810511c40a0d36cf59b4347874b0,NCBIID,,761947,,,
ARMS_Crete_1HERP_20200903_20210122_MF500_s1_r1:ASV_78:bba021ab83c4810511c40a0d36cf59b4347874b0,NCBIScientificName,,Solenosmilia variabilis,,,
ARMS_Crete_1HERP_20200903_20210122_MF500_s1_r1:ASV_78:bba021ab83c4810511c40a0d36cf59b4347874b0,NCBITaxonRank,,species,,,
ARMS_Crete_1HERP_20200903_20210122_MF500_s1_r1:ASV_78:bba021ab83c4810511c40a0d36cf59b4347874b0,fieldReplicateID,,no replicate,http://vocab.nerc.ac.uk/collection/P01/current/IDSPRE01,,
ARMS_Crete_1HERP_20200903_20210122_MF500_s1_r1:ASV_78:bba021ab83c4810511c40a0d36cf59b4347874b0,technicalReplicateID,,,http://vocab.nerc.ac.uk/collection/P01/current/IDTCRE01,,
ARMS_Crete_1HERP_20200903_20210122_MF500_s1_r1:ASV_78:bba021ab83c4810511c40a0d36cf59b4347874b0,originalScientificName,,Solenosmilia_variabilis,,,
ARMS_Crete_1HERP_20200903_20210122_MF500_s1_r1:ASV_78:bba021ab83c4810511c40a0d36cf59b4347874b0,originalTaxonRank,,species,,,
ARMS_Crete_1HERP_20200903_20210122_MF500_s1_r1:ASV_78:bba021ab83c4810511c40a0d36cf59b4347874b0,originalScientificNameConfidenceLevel,,0.05,,,
ARMS_Crete_1HERP_20200903_20210122_MF500_s1_r1:ASV_81:d20fdc10a055e6d9fcbda4d26038259b7d171747,submergedTime,day,141,http://vocab.nerc.ac.uk/collection/P01/current/AZDRZZ01/,https://vocab.nerc.ac.uk/collection/P06/current/UTAA/,
ARMS_Crete_1HERP_20200903_20210122_MF500_s1_r1:ASV_81:d20fdc10a055e6d9fcbda4d26038259b7d171747,preservativeUsed,,Frozen,http://vocab.nerc.ac.uk/collection/Q01/current/Q0100004/,,
ARMS_Crete_1HERP_20200903_20210122_MF500_s1_r1:ASV_81:d20fdc10a055e6d9fcbda4d26038259b7d171747,lowerLimitFilterSize,micrometer,500,http://vocab.nerc.ac.uk/collection/Q01/current/Q0100011/,https://vocab.nerc.ac.uk/collection/P06/current/UMIC/,
ARMS_Crete_1HERP_20200903_20210122_MF500_s1_r1:ASV_81:d20fdc10a055e6d9fcbda4d26038259b7d171747,sampleAccessionNumber,,SAMEA10021046,,,
ARMS_Crete_1HERP_20200903_20210122_MF500_s1_r1:ASV_81:d20fdc10a055e6d9fcbda4d26038259b7d171747,NCBIID,,1350450,,,
ARMS_Crete_1HERP_20200903_20210122_MF500_s1_r1:ASV_81:d20fdc10a055e6d9fcbda4d26038259b7d171747,NCBIScientificName,,Parathoracaphis setigera,,,
ARMS_Crete_1HERP_20200903_20210122_MF500_s1_r1:ASV_81:d20fdc10a055e6d9fcbda4d26038259b7d171747,NCBITaxonRank,,species,,,
ARMS_Crete_1HERP_20200903_20210122_MF500_s1_r1:ASV_81:d20fdc10a055e6d9fcbda4d26038259b7d171747,fieldReplicateID,,no replicate,http://vocab.nerc.ac.uk/collection/P01/current/IDSPRE01,,
ARMS_Crete_1HERP_20200903_20210122_MF500_s1_r1:ASV_81:d20fdc10a055e6d9fcbda4d26038259b7d171747,technicalReplicateID,,,http://vocab.nerc.ac.uk/collection/P01/current/IDTCRE01,,
ARMS_Crete_1HERP_20200903_20210122_MF500_s1_r1:ASV_81:d20fdc10a055e6d9fcbda4d26038259b7d171747,originalScientificName,,Parathoracaphis_setigera,,,
ARMS_Crete_1HERP_20200903_20210122_MF500_s1_r1:ASV_81:d20fdc10a055e6d9fcbda4d26038259b7d171747,originalTaxonRank,,species,,,
ARMS_Crete_1HERP_20200903_20210122_MF500_s1_r1:ASV_81:d20fdc10a055e6d9fcbda4d26038259b7d171747,originalScientificNameConfidenceLevel,,0.03,,,
ARMS_Crete_1HERP_20200903_20210122_MF500_s1_r1:ASV_85:0737dab89f1dec0b40ba663ff3f0a77f413cf1ea,submergedTime,day,141,http://vocab.nerc.ac.uk/collection/P01/current/AZDRZZ01/,https://vocab.nerc.ac.uk/collection/P06/current/UTAA/,
ARMS_Crete_1HERP_20200903_20210122_MF500_s1_r1:ASV_85:0737dab89f1dec0b40ba663ff3f0a77f413cf1ea,preservativeUsed,,Frozen,http://vocab.nerc.ac.uk/collection/Q01/current/Q0100004/,,
ARMS_Crete_1HERP_20200903_20210122_MF500_s1_r1:ASV_85:0737dab89f1dec0b40ba663ff3f0a77f413cf1ea,lowerLimitFilterSize,micrometer,500,http://vocab.nerc.ac.uk/collection/Q01/current/Q0100011/,https://vocab.nerc.ac.uk/collection/P06/current/UMIC/,
ARMS_Crete_1HERP_20200903_20210122_MF500_s1_r1:ASV_85:0737dab89f1dec0b40ba663ff3f0a77f413cf1ea,sampleAccessionNumber,,SAMEA10021046,,,
ARMS_Crete_1HERP_20200903_20210122_MF500_s1_r1:ASV_85:0737dab89f1dec0b40ba663ff3f0a77f413cf1ea,NCBIID,,252671,,,
ARMS_Crete_1HERP_20200903_20210122_MF500_s1_r1:ASV_85:0737dab89f1dec0b40ba663ff3f0a77f413cf1ea,NCBIScientificName,,Clytia hemisphaerica,,,
ARMS_Crete_1HERP_20200903_20210122_MF500_s1_r1:ASV_85:0737dab89f1dec0b40ba663ff3f0a77f413cf1ea,NCBITaxonRank,,species,,,
ARMS_Crete_1HERP_20200903_20210122_MF500_s1_r1:ASV_85:0737dab89f1dec0b40ba663ff3f0a77f413cf1ea,fieldReplicateID,,no replicate,http://vocab.nerc.ac.uk/collection/P01/current/IDSPRE01,,
ARMS_Crete_1HERP_20200903_20210122_MF500_s1_r1:ASV_85:0737dab89f1dec0b40ba663ff3f0a77f413cf1ea,technicalReplicateID,,,http://vocab.nerc.ac.uk/collection/P01/current/IDTCRE01,,
ARMS_Crete_1HERP_20200903_20210122_MF500_s1_r1:ASV_85:0737dab89f1dec0b40ba663ff3f0a77f413cf1ea,originalScientificName,,Clytia_hemisphaerica,,,
ARMS_Crete_1HERP_20200903_20210122_MF500_s1_r1:ASV_85:0737dab89f1dec0b40ba663ff3f0a77f413cf1ea,originalTaxonRank,,species,,,
ARMS_Crete_1HERP_20200903_20210122_MF500_s1_r1:ASV_85:0737dab89f1dec0b40ba663ff3f0a77f413cf1ea,originalScientificNameConfidenceLevel,,0.57,,,
ARMS_Crete_1HERP_20200903_20210122_MF500_s1_r1:ASV_87:19a616801f3fa9a8641a58474dba7878ae2f3a77,submergedTime,day,141,http://vocab.nerc.ac.uk/collection/P01/current/AZDRZZ01/,https://vocab.nerc.ac.uk/collection/P06/current/UTAA/,
ARMS_Crete_1HERP_20200903_20210122_MF500_s1_r1:ASV_87:19a616801f3fa9a8641a58474dba7878ae2f3a77,preservativeUsed,,Frozen,http://vocab.nerc.ac.uk/collection/Q01/current/Q0100004/,,
ARMS_Crete_1HERP_20200903_20210122_MF500_s1_r1:ASV_87:19a616801f3fa9a8641a58474dba7878ae2f3a77,lowerLimitFilterSize,micrometer,500,http://vocab.nerc.ac.uk/collection/Q01/current/Q0100011/,https://vocab.nerc.ac.uk/collection/P06/current/UMIC/,
ARMS_Crete_1HERP_20200903_20210122_MF500_s1_r1:ASV_87:19a616801f3fa9a8641a58474dba7878ae2f3a77,sampleAccessionNumber,,SAMEA10021046,,,
ARMS_Crete_1HERP_20200903_20210122_MF500_s1_r1:ASV_87:19a616801f3fa9a8641a58474dba7878ae2f3a77,NCBIID,,438488,,,
ARMS_Crete_1HERP_20200903_20210122_MF500_s1_r1:ASV_87:19a616801f3fa9a8641a58474dba7878ae2f3a77,NCBIScientificName,,Polydora cornuta,,,
ARMS_Crete_1HERP_20200903_20210122_MF500_s1_r1:ASV_87:19a616801f3fa9a8641a58474dba7878ae2f3a77,NCBITaxonRank,,species,,,
ARMS_Crete_1HERP_20200903_20210122_MF500_s1_r1:ASV_87:19a616801f3fa9a8641a58474dba7878ae2f3a77,fieldReplicateID,,no replicate,http://vocab.nerc.ac.uk/collection/P01/current/IDSPRE01,,
ARMS_Crete_1HERP_20200903_20210122_MF500_s1_r1:ASV_87:19a616801f3fa9a8641a58474dba7878ae2f3a77,technicalReplicateID,,,http://vocab.nerc.ac.uk/collection/P01/current/IDTCRE01,,
ARMS_Crete_1HERP_20200903_20210122_MF500_s1_r1:ASV_87:19a616801f3fa9a8641a58474dba7878ae2f3a77,originalScientificName,,Polydora_cornuta,,,
ARMS_Crete_1HERP_20200903_20210122_MF500_s1_r1:ASV_87:19a616801f3fa9a8641a58474dba7878ae2f3a77,originalTaxonRank,,species,,,
ARMS_Crete_1HERP_20200903_20210122_MF500_s1_r1:ASV_87:19a616801f3fa9a8641a58474dba7878ae2f3a77,originalScientificNameConfidenceLevel,,1.0,,,
ARMS_Crete_1HERP_20200903_20210122_MF500_s1_r1:ASV_91:4d5a4072553b8223f42cd7e84ae6c17513d4d6a0,submergedTime,day,141,http://vocab.nerc.ac.uk/collection/P01/current/AZDRZZ01/,https://vocab.nerc.ac.uk/collection/P06/current/UTAA/,
ARMS_Crete_1HERP_20200903_20210122_MF500_s1_r1:ASV_91:4d5a4072553b8223f42cd7e84ae6c17513d4d6a0,preservativeUsed,,Frozen,http://vocab.nerc.ac.uk/collection/Q01/current/Q0100004/,,
ARMS_Crete_1HERP_20200903_20210122_MF500_s1_r1:ASV_91:4d5a4072553b8223f42cd7e84ae6c17513d4d6a0,lowerLimitFilterSize,micrometer,500,http://vocab.nerc.ac.uk/collection/Q01/current/Q0100011/,https://vocab.nerc.ac.uk/collection/P06/current/UMIC/,
ARMS_Crete_1HERP_20200903_20210122_MF500_s1_r1:ASV_91:4d5a4072553b8223f42cd7e84ae6c17513d4d6a0,sampleAccessionNumber,,SAMEA10021046,,,
ARMS_Crete_1HERP_20200903_20210122_MF500_s1_r1:ASV_91:4d5a4072553b8223f42cd7e84ae6c17513d4d6a0,NCBIID,,398797,,,
ARMS_Crete_1HERP_20200903_20210122_MF500_s1_r1:ASV_91:4d5a4072553b8223f42cd7e84ae6c17513d4d6a0,NCBIScientificName,,Rhagophthalmus lufengensis,,,
ARMS_Crete_1HERP_20200903_20210122_MF500_s1_r1:ASV_91:4d5a4072553b8223f42cd7e84ae6c17513d4d6a0,NCBITaxonRank,,species,,,
ARMS_Crete_1HERP_20200903_20210122_MF500_s1_r1:ASV_91:4d5a4072553b8223f42cd7e84ae6c17513d4d6a0,fieldReplicateID,,no replicate,http://vocab.nerc.ac.uk/collection/P01/current/IDSPRE01,,
ARMS_Crete_1HERP_20200903_20210122_MF500_s1_r1:ASV_91:4d5a4072553b8223f42cd7e84ae6c17513d4d6a0,technicalReplicateID,,,http://vocab.nerc.ac.uk/collection/P01/current/IDTCRE01,,
ARMS_Crete_1HERP_20200903_20210122_MF500_s1_r1:ASV_91:4d5a4072553b8223f42cd7e84ae6c17513d4d6a0,originalScientificName,,Rhagophthalmus_lufengensis,,,
ARMS_Crete_1HERP_20200903_20210122_MF500_s1_r1:ASV_91:4d5a4072553b8223f42cd7e84ae6c17513d4d6a0,originalTaxonRank,,species,,,
ARMS_Crete_1HERP_20200903_20210122_MF500_s1_r1:ASV_91:4d5a4072553b8223f42cd7e84ae6c17513d4d6a0,originalScientificNameConfidenceLevel,,0.08,,,
ARMS_Crete_1HERP_20200903_20210122_MF500_s1_r1:ASV_98:8e0cfef018d3ccc6b87488831ba66dfaa91d633f,submergedTime,day,141,http://vocab.nerc.ac.uk/collection/P01/current/AZDRZZ01/,https://vocab.nerc.ac.uk/collection/P06/current/UTAA/,
ARMS_Crete_1HERP_20200903_20210122_MF500_s1_r1:ASV_98:8e0cfef018d3ccc6b87488831ba66dfaa91d633f,preservativeUsed,,Frozen,http://vocab.nerc.ac.uk/collection/Q01/current/Q0100004/,,
ARMS_Crete_1HERP_20200903_20210122_MF500_s1_r1:ASV_98:8e0cfef018d3ccc6b87488831ba66dfaa91d633f,lowerLimitFilterSize,micrometer,500,http://vocab.nerc.ac.uk/collection/Q01/current/Q0100011/,https://vocab.nerc.ac.uk/collection/P06/current/UMIC/,
ARMS_Crete_1HERP_20200903_20210122_MF500_s1_r1:ASV_98:8e0cfef018d3ccc6b87488831ba66dfaa91d633f,sampleAccessionNumber,,SAMEA10021046,,,
ARMS_Crete_1HERP_20200903_20210122_MF500_s1_r1:ASV_98:8e0cfef018d3ccc6b87488831ba66dfaa91d633f,NCBIID,,1197313,,,
ARMS_Crete_1HERP_20200903_20210122_MF500_s1_r1:ASV_98:8e0cfef018d3ccc6b87488831ba66dfaa91d633f,NCBIScientificName,,Echinochasmus japonicus,,,
ARMS_Crete_1HERP_20200903_20210122_MF500_s1_r1:ASV_98:8e0cfef018d3ccc6b87488831ba66dfaa91d633f,NCBITaxonRank,,species,,,
ARMS_Crete_1HERP_20200903_20210122_MF500_s1_r1:ASV_98:8e0cfef018d3ccc6b87488831ba66dfaa91d633f,fieldReplicateID,,no replicate,http://vocab.nerc.ac.uk/collection/P01/current/IDSPRE01,,
ARMS_Crete_1HERP_20200903_20210122_MF500_s1_r1:ASV_98:8e0cfef018d3ccc6b87488831ba66dfaa91d633f,technicalReplicateID,,,http://vocab.nerc.ac.uk/collection/P01/current/IDTCRE01,,
ARMS_Crete_1HERP_20200903_20210122_MF500_s1_r1:ASV_98:8e0cfef018d3ccc6b87488831ba66dfaa91d633f,originalScientificName,,Echinochasmus_japonicus,,,
ARMS_Crete_1HERP_20200903_20210122_MF500_s1_r1:ASV_98:8e0cfef018d3ccc6b87488831ba66dfaa91d633f,originalTaxonRank,,species,,,
ARMS_Crete_1HERP_20200903_20210122_MF500_s1_r1:ASV_98:8e0cfef018d3ccc6b87488831ba66dfaa91d633f,originalScientificNameConfidenceLevel,,0.05,,,
ARMS_Crete_1HERP_20200903_20210122_MF500_s1_r1:ASV_104:d2e145814c36d03815b4892a7506e44f0bca4194,submergedTime,day,141,http://vocab.nerc.ac.uk/collection/P01/current/AZDRZZ01/,https://vocab.nerc.ac.uk/collection/P06/current/UTAA/,
ARMS_Crete_1HERP_20200903_20210122_MF500_s1_r1:ASV_104:d2e145814c36d03815b4892a7506e44f0bca4194,preservativeUsed,,Frozen,http://vocab.nerc.ac.uk/collection/Q01/current/Q0100004/,,
ARMS_Crete_1HERP_20200903_20210122_MF500_s1_r1:ASV_104:d2e145814c36d03815b4892a7506e44f0bca4194,lowerLimitFilterSize,micrometer,500,http://vocab.nerc.ac.uk/collection/Q01/current/Q0100011/,https://vocab.nerc.ac.uk/collection/P06/current/UMIC/,
ARMS_Crete_1HERP_20200903_20210122_MF500_s1_r1:ASV_104:d2e145814c36d03815b4892a7506e44f0bca4194,sampleAccessionNumber,,SAMEA10021046,,,
ARMS_Crete_1HERP_20200903_20210122_MF500_s1_r1:ASV_104:d2e145814c36d03815b4892a7506e44f0bca4194,NCBIID,,7604,,,
ARMS_Crete_1HERP_20200903_20210122_MF500_s1_r1:ASV_104:d2e145814c36d03815b4892a7506e44f0bca4194,NCBIScientificName,,Asterias rubens,,,
ARMS_Crete_1HERP_20200903_20210122_MF500_s1_r1:ASV_104:d2e145814c36d03815b4892a7506e44f0bca4194,NCBITaxonRank,,species,,,
ARMS_Crete_1HERP_20200903_20210122_MF500_s1_r1:ASV_104:d2e145814c36d03815b4892a7506e44f0bca4194,fieldReplicateID,,no replicate,http://vocab.nerc.ac.uk/collection/P01/current/IDSPRE01,,
ARMS_Crete_1HERP_20200903_20210122_MF500_s1_r1:ASV_104:d2e145814c36d03815b4892a7506e44f0bca4194,technicalReplicateID,,,http://vocab.nerc.ac.uk/collection/P01/current/IDTCRE01,,
ARMS_Crete_1HERP_20200903_20210122_MF500_s1_r1:ASV_104:d2e145814c36d03815b4892a7506e44f0bca4194,originalScientificName,,Asterias_rubens,,,
ARMS_Crete_1HERP_20200903_20210122_MF500_s1_r1:ASV_104:d2e145814c36d03815b4892a7506e44f0bca4194,originalTaxonRank,,species,,,
ARMS_Crete_1HERP_20200903_20210122_MF500_s1_r1:ASV_104:d2e145814c36d03815b4892a7506e44f0bca4194,originalScientificNameConfidenceLevel,,1.0,,,
ARMS_Crete_1HERP_20200903_20210122_MF500_s1_r1:ASV_109:fee798b26a7be66849f82766978752929f51b372,submergedTime,day,141,http://vocab.nerc.ac.uk/collection/P01/current/AZDRZZ01/,https://vocab.nerc.ac.uk/collection/P06/current/UTAA/,
ARMS_Crete_1HERP_20200903_20210122_MF500_s1_r1:ASV_109:fee798b26a7be66849f82766978752929f51b372,preservativeUsed,,Frozen,http://vocab.nerc.ac.uk/collection/Q01/current/Q0100004/,,
ARMS_Crete_1HERP_20200903_20210122_MF500_s1_r1:ASV_109:fee798b26a7be66849f82766978752929f51b372,lowerLimitFilterSize,micrometer,500,http://vocab.nerc.ac.uk/collection/Q01/current/Q0100011/,https://vocab.nerc.ac.uk/collection/P06/current/UMIC/,
ARMS_Crete_1HERP_20200903_20210122_MF500_s1_r1:ASV_109:fee798b26a7be66849f82766978752929f51b372,sampleAccessionNumber,,SAMEA10021046,,,
ARMS_Crete_1HERP_20200903_20210122_MF500_s1_r1:ASV_109:fee798b26a7be66849f82766978752929f51b372,NCBIID,,558364,,,
ARMS_Crete_1HERP_20200903_20210122_MF500_s1_r1:ASV_109:fee798b26a7be66849f82766978752929f51b372,NCBIScientificName,,Heilipodus argentinicus,,,
ARMS_Crete_1HERP_20200903_20210122_MF500_s1_r1:ASV_109:fee798b26a7be66849f82766978752929f51b372,NCBITaxonRank,,species,,,
ARMS_Crete_1HERP_20200903_20210122_MF500_s1_r1:ASV_109:fee798b26a7be66849f82766978752929f51b372,fieldReplicateID,,no replicate,http://vocab.nerc.ac.uk/collection/P01/current/IDSPRE01,,
ARMS_Crete_1HERP_20200903_20210122_MF500_s1_r1:ASV_109:fee798b26a7be66849f82766978752929f51b372,technicalReplicateID,,,http://vocab.nerc.ac.uk/collection/P01/current/IDTCRE01,,
ARMS_Crete_1HERP_20200903_20210122_MF500_s1_r1:ASV_109:fee798b26a7be66849f82766978752929f51b372,originalScientificName,,Heilipodus_argentinicus,,,
ARMS_Crete_1HERP_20200903_20210122_MF500_s1_r1:ASV_109:fee798b26a7be66849f82766978752929f51b372,originalTaxonRank,,species,,,
ARMS_Crete_1HERP_20200903_20210122_MF500_s1_r1:ASV_109:fee798b26a7be66849f82766978752929f51b372,originalScientificNameConfidenceLevel,,0.01,,,
ARMS_Crete_1HERP_20200903_20210122_MF500_s1_r1:ASV_122:1aa8b214cb26299ccd6f23a8ed60bec08408cdd5,submergedTime,day,141,http://vocab.nerc.ac.uk/collection/P01/current/AZDRZZ01/,https://vocab.nerc.ac.uk/collection/P06/current/UTAA/,
ARMS_Crete_1HERP_20200903_20210122_MF500_s1_r1:ASV_122:1aa8b214cb26299ccd6f23a8ed60bec08408cdd5,preservativeUsed,,Frozen,http://vocab.nerc.ac.uk/collection/Q01/current/Q0100004/,,
ARMS_Crete_1HERP_20200903_20210122_MF500_s1_r1:ASV_122:1aa8b214cb26299ccd6f23a8ed60bec08408cdd5,lowerLimitFilterSize,micrometer,500,http://vocab.nerc.ac.uk/collection/Q01/current/Q0100011/,https://vocab.nerc.ac.uk/collection/P06/current/UMIC/,
ARMS_Crete_1HERP_20200903_20210122_MF500_s1_r1:ASV_122:1aa8b214cb26299ccd6f23a8ed60bec08408cdd5,sampleAccessionNumber,,SAMEA10021046,,,
ARMS_Crete_1HERP_20200903_20210122_MF500_s1_r1:ASV_122:1aa8b214cb26299ccd6f23a8ed60bec08408cdd5,NCBIID,,1436032,,,
ARMS_Crete_1HERP_20200903_20210122_MF500_s1_r1:ASV_122:1aa8b214cb26299ccd6f23a8ed60bec08408cdd5,NCBIScientificName,,Sabellaria spinulosa,,,
ARMS_Crete_1HERP_20200903_20210122_MF500_s1_r1:ASV_122:1aa8b214cb26299ccd6f23a8ed60bec08408cdd5,NCBITaxonRank,,species,,,
ARMS_Crete_1HERP_20200903_20210122_MF500_s1_r1:ASV_122:1aa8b214cb26299ccd6f23a8ed60bec08408cdd5,fieldReplicateID,,no replicate,http://vocab.nerc.ac.uk/collection/P01/current/IDSPRE01,,
ARMS_Crete_1HERP_20200903_20210122_MF500_s1_r1:ASV_122:1aa8b214cb26299ccd6f23a8ed60bec08408cdd5,technicalReplicateID,,,http://vocab.nerc.ac.uk/collection/P01/current/IDTCRE01,,
ARMS_Crete_1HERP_20200903_20210122_MF500_s1_r1:ASV_122:1aa8b214cb26299ccd6f23a8ed60bec08408cdd5,originalScientificName,,Sabellaria_spinulosa,,,
ARMS_Crete_1HERP_20200903_20210122_MF500_s1_r1:ASV_122:1aa8b214cb26299ccd6f23a8ed60bec08408cdd5,originalTaxonRank,,species,,,
ARMS_Crete_1HERP_20200903_20210122_MF500_s1_r1:ASV_122:1aa8b214cb26299ccd6f23a8ed60bec08408cdd5,originalScientificNameConfidenceLevel,,1.0,,,
ARMS_Crete_1HERP_20200903_20210122_MF500_s1_r1:ASV_142:771fb60671ec1275e21d4aa2d2a0960517b16166,submergedTime,day,141,http://vocab.nerc.ac.uk/collection/P01/current/AZDRZZ01/,https://vocab.nerc.ac.uk/collection/P06/current/UTAA/,
ARMS_Crete_1HERP_20200903_20210122_MF500_s1_r1:ASV_142:771fb60671ec1275e21d4aa2d2a0960517b16166,preservativeUsed,,Frozen,http://vocab.nerc.ac.uk/collection/Q01/current/Q0100004/,,
ARMS_Crete_1HERP_20200903_20210122_MF500_s1_r1:ASV_142:771fb60671ec1275e21d4aa2d2a0960517b16166,lowerLimitFilterSize,micrometer,500,http://vocab.nerc.ac.uk/collection/Q01/current/Q0100011/,https://vocab.nerc.ac.uk/collection/P06/current/UMIC/,
ARMS_Crete_1HERP_20200903_20210122_MF500_s1_r1:ASV_142:771fb60671ec1275e21d4aa2d2a0960517b16166,sampleAccessionNumber,,SAMEA10021046,,,
ARMS_Crete_1HERP_20200903_20210122_MF500_s1_r1:ASV_142:771fb60671ec1275e21d4aa2d2a0960517b16166,NCBIID,,2080387,,,
ARMS_Crete_1HERP_20200903_20210122_MF500_s1_r1:ASV_142:771fb60671ec1275e21d4aa2d2a0960517b16166,NCBIScientificName,,Augocoris gomesii,,,
ARMS_Crete_1HERP_20200903_20210122_MF500_s1_r1:ASV_142:771fb60671ec1275e21d4aa2d2a0960517b16166,NCBITaxonRank,,species,,,
ARMS_Crete_1HERP_20200903_20210122_MF500_s1_r1:ASV_142:771fb60671ec1275e21d4aa2d2a0960517b16166,fieldReplicateID,,no replicate,http://vocab.nerc.ac.uk/collection/P01/current/IDSPRE01,,
ARMS_Crete_1HERP_20200903_20210122_MF500_s1_r1:ASV_142:771fb60671ec1275e21d4aa2d2a0960517b16166,technicalReplicateID,,,http://vocab.nerc.ac.uk/collection/P01/current/IDTCRE01,,
ARMS_Crete_1HERP_20200903_20210122_MF500_s1_r1:ASV_142:771fb60671ec1275e21d4aa2d2a0960517b16166,originalScientificName,,Augocoris_gomesii,,,
ARMS_Crete_1HERP_20200903_20210122_MF500_s1_r1:ASV_142:771fb60671ec1275e21d4aa2d2a0960517b16166,originalTaxonRank,,species,,,
ARMS_Crete_1HERP_20200903_20210122_MF500_s1_r1:ASV_142:771fb60671ec1275e21d4aa2d2a0960517b16166,originalScientificNameConfidenceLevel,,0.02,,,
ARMS_Crete_1HERP_20200903_20210122_MF500_s1_r1:ASV_148:8331ece31a6abcd95e52cc8a5bcb124de5084ff2,submergedTime,day,141,http://vocab.nerc.ac.uk/collection/P01/current/AZDRZZ01/,https://vocab.nerc.ac.uk/collection/P06/current/UTAA/,
ARMS_Crete_1HERP_20200903_20210122_MF500_s1_r1:ASV_148:8331ece31a6abcd95e52cc8a5bcb124de5084ff2,preservativeUsed,,Frozen,http://vocab.nerc.ac.uk/collection/Q01/current/Q0100004/,,
ARMS_Crete_1HERP_20200903_20210122_MF500_s1_r1:ASV_148:8331ece31a6abcd95e52cc8a5bcb124de5084ff2,lowerLimitFilterSize,micrometer,500,http://vocab.nerc.ac.uk/collection/Q01/current/Q0100011/,https://vocab.nerc.ac.uk/collection/P06/current/UMIC/,
ARMS_Crete_1HERP_20200903_20210122_MF500_s1_r1:ASV_148:8331ece31a6abcd95e52cc8a5bcb124de5084ff2,sampleAccessionNumber,,SAMEA10021046,,,
ARMS_Crete_1HERP_20200903_20210122_MF500_s1_r1:ASV_148:8331ece31a6abcd95e52cc8a5bcb124de5084ff2,NCBIID,,1473542,,,
ARMS_Crete_1HERP_20200903_20210122_MF500_s1_r1:ASV_148:8331ece31a6abcd95e52cc8a5bcb124de5084ff2,NCBIScientificName,,Sciurus colliaei,,,
ARMS_Crete_1HERP_20200903_20210122_MF500_s1_r1:ASV_148:8331ece31a6abcd95e52cc8a5bcb124de5084ff2,NCBITaxonRank,,species,,,
ARMS_Crete_1HERP_20200903_20210122_MF500_s1_r1:ASV_148:8331ece31a6abcd95e52cc8a5bcb124de5084ff2,fieldReplicateID,,no replicate,http://vocab.nerc.ac.uk/collection/P01/current/IDSPRE01,,
ARMS_Crete_1HERP_20200903_20210122_MF500_s1_r1:ASV_148:8331ece31a6abcd95e52cc8a5bcb124de5084ff2,technicalReplicateID,,,http://vocab.nerc.ac.uk/collection/P01/current/IDTCRE01,,
ARMS_Crete_1HERP_20200903_20210122_MF500_s1_r1:ASV_148:8331ece31a6abcd95e52cc8a5bcb124de5084ff2,originalScientificName,,Sciurus_colliaei,,,
ARMS_Crete_1HERP_20200903_20210122_MF500_s1_r1:ASV_148:8331ece31a6abcd95e52cc8a5bcb124de5084ff2,originalTaxonRank,,species,,,
ARMS_Crete_1HERP_20200903_20210122_MF500_s1_r1:ASV_148:8331ece31a6abcd95e52cc8a5bcb124de5084ff2,originalScientificNameConfidenceLevel,,0.07,,,
ARMS_Getxo_G1_20200624_20201103_MF100_s1_r1:ASV_2:7c61e93ec29ff8ff27df81541dcb588bbe266a64,submergedTime,day,132,http://vocab.nerc.ac.uk/collection/P01/current/AZDRZZ01/,https://vocab.nerc.ac.uk/collection/P06/current/UTAA/,
ARMS_Getxo_G1_20200624_20201103_MF100_s1_r1:ASV_2:7c61e93ec29ff8ff27df81541dcb588bbe266a64,preservativeUsed,,DMSO,http://vocab.nerc.ac.uk/collection/Q01/current/Q0100004/,,https://pubchem.ncbi.nlm.nih.gov/compound/679
ARMS_Getxo_G1_20200624_20201103_MF100_s1_r1:ASV_2:7c61e93ec29ff8ff27df81541dcb588bbe266a64,lowerLimitFilterSize,micrometer,100,http://vocab.nerc.ac.uk/collection/Q01/current/Q0100011/,https://vocab.nerc.ac.uk/collection/P06/current/UMIC/,
ARMS_Getxo_G1_20200624_20201103_MF100_s1_r1:ASV_2:7c61e93ec29ff8ff27df81541dcb588bbe266a64,sampleAccessionNumber,,SAMEA10021237,,,
ARMS_Getxo_G1_20200624_20201103_MF100_s1_r1:ASV_2:7c61e93ec29ff8ff27df81541dcb588bbe266a64,NCBIID,,62933,,,
ARMS_Getxo_G1_20200624_20201103_MF100_s1_r1:ASV_2:7c61e93ec29ff8ff27df81541dcb588bbe266a64,NCBIScientificName,,Botrylloides diegensis,,,
ARMS_Getxo_G1_20200624_20201103_MF100_s1_r1:ASV_2:7c61e93ec29ff8ff27df81541dcb588bbe266a64,NCBITaxonRank,,species,,,
ARMS_Getxo_G1_20200624_20201103_MF100_s1_r1:ASV_2:7c61e93ec29ff8ff27df81541dcb588bbe266a64,fieldReplicateID,,ARMS_Getxo_G_20200624_20201103,http://vocab.nerc.ac.uk/collection/P01/current/IDSPRE01,,
ARMS_Getxo_G1_20200624_20201103_MF100_s1_r1:ASV_2:7c61e93ec29ff8ff27df81541dcb588bbe266a64,technicalReplicateID,,,http://vocab.nerc.ac.uk/collection/P01/current/IDTCRE01,,
ARMS_Getxo_G1_20200624_20201103_MF100_s1_r1:ASV_2:7c61e93ec29ff8ff27df81541dcb588bbe266a64,originalScientificName,,Botrylloides_diegensis,,,
ARMS_Getxo_G1_20200624_20201103_MF100_s1_r1:ASV_2:7c61e93ec29ff8ff27df81541dcb588bbe266a64,originalTaxonRank,,species,,,
ARMS_Getxo_G1_20200624_20201103_MF100_s1_r1:ASV_2:7c61e93ec29ff8ff27df81541dcb588bbe266a64,originalScientificNameConfidenceLevel,,1.0,,,
ARMS_Getxo_G1_20200624_20201103_MF100_s1_r1:ASV_3:a834be979a75c1cb757a89c0ec3a182d5ab3e4e0,submergedTime,day,132,http://vocab.nerc.ac.uk/collection/P01/current/AZDRZZ01/,https://vocab.nerc.ac.uk/collection/P06/current/UTAA/,
ARMS_Getxo_G1_20200624_20201103_MF100_s1_r1:ASV_3:a834be979a75c1cb757a89c0ec3a182d5ab3e4e0,preservativeUsed,,DMSO,http://vocab.nerc.ac.uk/collection/Q01/current/Q0100004/,,https://pubchem.ncbi.nlm.nih.gov/compound/679
ARMS_Getxo_G1_20200624_20201103_MF100_s1_r1:ASV_3:a834be979a75c1cb757a89c0ec3a182d5ab3e4e0,lowerLimitFilterSize,micrometer,100,http://vocab.nerc.ac.uk/collection/Q01/current/Q0100011/,https://vocab.nerc.ac.uk/collection/P06/current/UMIC/,
ARMS_Getxo_G1_20200624_20201103_MF100_s1_r1:ASV_3:a834be979a75c1cb757a89c0ec3a182d5ab3e4e0,sampleAccessionNumber,,SAMEA10021237,,,
ARMS_Getxo_G1_20200624_20201103_MF100_s1_r1:ASV_3:a834be979a75c1cb757a89c0ec3a182d5ab3e4e0,NCBIID,,756461,,,
ARMS_Getxo_G1_20200624_20201103_MF100_s1_r1:ASV_3:a834be979a75c1cb757a89c0ec3a182d5ab3e4e0,NCBIScientificName,,Balanus trigonus,,,
ARMS_Getxo_G1_20200624_20201103_MF100_s1_r1:ASV_3:a834be979a75c1cb757a89c0ec3a182d5ab3e4e0,NCBITaxonRank,,species,,,
ARMS_Getxo_G1_20200624_20201103_MF100_s1_r1:ASV_3:a834be979a75c1cb757a89c0ec3a182d5ab3e4e0,fieldReplicateID,,ARMS_Getxo_G_20200624_20201103,http://vocab.nerc.ac.uk/collection/P01/current/IDSPRE01,,
ARMS_Getxo_G1_20200624_20201103_MF100_s1_r1:ASV_3:a834be979a75c1cb757a89c0ec3a182d5ab3e4e0,technicalReplicateID,,,http://vocab.nerc.ac.uk/collection/P01/current/IDTCRE01,,
ARMS_Getxo_G1_20200624_20201103_MF100_s1_r1:ASV_3:a834be979a75c1cb757a89c0ec3a182d5ab3e4e0,originalScientificName,,Balanus_trigonus,,,
ARMS_Getxo_G1_20200624_20201103_MF100_s1_r1:ASV_3:a834be979a75c1cb757a89c0ec3a182d5ab3e4e0,originalTaxonRank,,species,,,
ARMS_Getxo_G1_20200624_20201103_MF100_s1_r1:ASV_3:a834be979a75c1cb757a89c0ec3a182d5ab3e4e0,originalScientificNameConfidenceLevel,,1.0,,,
ARMS_Getxo_G1_20200624_20201103_MF100_s1_r1:ASV_4:94a0159c27825db975ecfb22857d9e9f9afb3b75,submergedTime,day,132,http://vocab.nerc.ac.uk/collection/P01/current/AZDRZZ01/,https://vocab.nerc.ac.uk/collection/P06/current/UTAA/,
ARMS_Getxo_G1_20200624_20201103_MF100_s1_r1:ASV_4:94a0159c27825db975ecfb22857d9e9f9afb3b75,preservativeUsed,,DMSO,http://vocab.nerc.ac.uk/collection/Q01/current/Q0100004/,,https://pubchem.ncbi.nlm.nih.gov/compound/679
ARMS_Getxo_G1_20200624_20201103_MF100_s1_r1:ASV_4:94a0159c27825db975ecfb22857d9e9f9afb3b75,lowerLimitFilterSize,micrometer,100,http://vocab.nerc.ac.uk/collection/Q01/current/Q0100011/,https://vocab.nerc.ac.uk/collection/P06/current/UMIC/,
ARMS_Getxo_G1_20200624_20201103_MF100_s1_r1:ASV_4:94a0159c27825db975ecfb22857d9e9f9afb3b75,sampleAccessionNumber,,SAMEA10021237,,,
ARMS_Getxo_G1_20200624_20201103_MF100_s1_r1:ASV_4:94a0159c27825db975ecfb22857d9e9f9afb3b75,NCBIID,,991043,,,
ARMS_Getxo_G1_20200624_20201103_MF100_s1_r1:ASV_4:94a0159c27825db975ecfb22857d9e9f9afb3b75,NCBIScientificName,,Tricellaria occidentalis,,,
ARMS_Getxo_G1_20200624_20201103_MF100_s1_r1:ASV_4:94a0159c27825db975ecfb22857d9e9f9afb3b75,NCBITaxonRank,,species,,,
ARMS_Getxo_G1_20200624_20201103_MF100_s1_r1:ASV_4:94a0159c27825db975ecfb22857d9e9f9afb3b75,fieldReplicateID,,ARMS_Getxo_G_20200624_20201103,http://vocab.nerc.ac.uk/collection/P01/current/IDSPRE01,,
ARMS_Getxo_G1_20200624_20201103_MF100_s1_r1:ASV_4:94a0159c27825db975ecfb22857d9e9f9afb3b75,technicalReplicateID,,,http://vocab.nerc.ac.uk/collection/P01/current/IDTCRE01,,
ARMS_Getxo_G1_20200624_20201103_MF100_s1_r1:ASV_4:94a0159c27825db975ecfb22857d9e9f9afb3b75,originalScientificName,,Tricellaria_occidentalis,,,
ARMS_Getxo_G1_20200624_20201103_MF100_s1_r1:ASV_4:94a0159c27825db975ecfb22857d9e9f9afb3b75,originalTaxonRank,,species,,,
ARMS_Getxo_G1_20200624_20201103_MF100_s1_r1:ASV_4:94a0159c27825db975ecfb22857d9e9f9afb3b75,originalScientificNameConfidenceLevel,,0.71,,,
ARMS_Getxo_G1_20200624_20201103_MF100_s1_r1:ASV_5:acc4413fdb3d19216c7d983407313405e9a1ee51,submergedTime,day,132,http://vocab.nerc.ac.uk/collection/P01/current/AZDRZZ01/,https://vocab.nerc.ac.uk/collection/P06/current/UTAA/,
ARMS_Getxo_G1_20200624_20201103_MF100_s1_r1:ASV_5:acc4413fdb3d19216c7d983407313405e9a1ee51,preservativeUsed,,DMSO,http://vocab.nerc.ac.uk/collection/Q01/current/Q0100004/,,https://pubchem.ncbi.nlm.nih.gov/compound/679
ARMS_Getxo_G1_20200624_20201103_MF100_s1_r1:ASV_5:acc4413fdb3d19216c7d983407313405e9a1ee51,lowerLimitFilterSize,micrometer,100,http://vocab.nerc.ac.uk/collection/Q01/current/Q0100011/,https://vocab.nerc.ac.uk/collection/P06/current/UMIC/,
ARMS_Getxo_G1_20200624_20201103_MF100_s1_r1:ASV_5:acc4413fdb3d19216c7d983407313405e9a1ee51,sampleAccessionNumber,,SAMEA10021237,,,
ARMS_Getxo_G1_20200624_20201103_MF100_s1_r1:ASV_5:acc4413fdb3d19216c7d983407313405e9a1ee51,NCBIID,,10212,,,
ARMS_Getxo_G1_20200624_20201103_MF100_s1_r1:ASV_5:acc4413fdb3d19216c7d983407313405e9a1ee51,NCBIScientificName,,Bugula neritina,,,
ARMS_Getxo_G1_20200624_20201103_MF100_s1_r1:ASV_5:acc4413fdb3d19216c7d983407313405e9a1ee51,NCBITaxonRank,,species,,,
ARMS_Getxo_G1_20200624_20201103_MF100_s1_r1:ASV_5:acc4413fdb3d19216c7d983407313405e9a1ee51,fieldReplicateID,,ARMS_Getxo_G_20200624_20201103,http://vocab.nerc.ac.uk/collection/P01/current/IDSPRE01,,
ARMS_Getxo_G1_20200624_20201103_MF100_s1_r1:ASV_5:acc4413fdb3d19216c7d983407313405e9a1ee51,technicalReplicateID,,,http://vocab.nerc.ac.uk/collection/P01/current/IDTCRE01,,
ARMS_Getxo_G1_20200624_20201103_MF100_s1_r1:ASV_5:acc4413fdb3d19216c7d983407313405e9a1ee51,originalScientificName,,Bugula_neritina,,,
ARMS_Getxo_G1_20200624_20201103_MF100_s1_r1:ASV_5:acc4413fdb3d19216c7d983407313405e9a1ee51,originalTaxonRank,,species,,,
ARMS_Getxo_G1_20200624_20201103_MF100_s1_r1:ASV_5:acc4413fdb3d19216c7d983407313405e9a1ee51,originalScientificNameConfidenceLevel,,1.0,,,
ARMS_Getxo_G1_20200624_20201103_MF100_s1_r1:ASV_6:563e0c2aea794d7987697d6ad6ba7bae6f885cf6,submergedTime,day,132,http://vocab.nerc.ac.uk/collection/P01/current/AZDRZZ01/,https://vocab.nerc.ac.uk/collection/P06/current/UTAA/,
ARMS_Getxo_G1_20200624_20201103_MF100_s1_r1:ASV_6:563e0c2aea794d7987697d6ad6ba7bae6f885cf6,preservativeUsed,,DMSO,http://vocab.nerc.ac.uk/collection/Q01/current/Q0100004/,,https://pubchem.ncbi.nlm.nih.gov/compound/679
ARMS_Getxo_G1_20200624_20201103_MF100_s1_r1:ASV_6:563e0c2aea794d7987697d6ad6ba7bae6f885cf6,lowerLimitFilterSize,micrometer,100,http://vocab.nerc.ac.uk/collection/Q01/current/Q0100011/,https://vocab.nerc.ac.uk/collection/P06/current/UMIC/,
ARMS_Getxo_G1_20200624_20201103_MF100_s1_r1:ASV_6:563e0c2aea794d7987697d6ad6ba7bae6f885cf6,sampleAccessionNumber,,SAMEA10021237,,,
ARMS_Getxo_G1_20200624_20201103_MF100_s1_r1:ASV_6:563e0c2aea794d7987697d6ad6ba7bae6f885cf6,NCBIID,,1001912,,,
ARMS_Getxo_G1_20200624_20201103_MF100_s1_r1:ASV_6:563e0c2aea794d7987697d6ad6ba7bae6f885cf6,NCBIScientificName,,Enteromius pobeguini,,,
ARMS_Getxo_G1_20200624_20201103_MF100_s1_r1:ASV_6:563e0c2aea794d7987697d6ad6ba7bae6f885cf6,NCBITaxonRank,,species,,,
ARMS_Getxo_G1_20200624_20201103_MF100_s1_r1:ASV_6:563e0c2aea794d7987697d6ad6ba7bae6f885cf6,fieldReplicateID,,ARMS_Getxo_G_20200624_20201103,http://vocab.nerc.ac.uk/collection/P01/current/IDSPRE01,,
ARMS_Getxo_G1_20200624_20201103_MF100_s1_r1:ASV_6:563e0c2aea794d7987697d6ad6ba7bae6f885cf6,technicalReplicateID,,,http://vocab.nerc.ac.uk/collection/P01/current/IDTCRE01,,
ARMS_Getxo_G1_20200624_20201103_MF100_s1_r1:ASV_6:563e0c2aea794d7987697d6ad6ba7bae6f885cf6,originalScientificName,,Enteromius_pobeguini,,,
ARMS_Getxo_G1_20200624_20201103_MF100_s1_r1:ASV_6:563e0c2aea794d7987697d6ad6ba7bae6f885cf6,originalTaxonRank,,species,,,
ARMS_Getxo_G1_20200624_20201103_MF100_s1_r1:ASV_6:563e0c2aea794d7987697d6ad6ba7bae6f885cf6,originalScientificNameConfidenceLevel,,0.01,,,
ARMS_Getxo_G1_20200624_20201103_MF100_s1_r1:ASV_9:8fafb89f7a9921990e9030bbc4debd9f17085797,submergedTime,day,132,http://vocab.nerc.ac.uk/collection/P01/current/AZDRZZ01/,https://vocab.nerc.ac.uk/collection/P06/current/UTAA/,
ARMS_Getxo_G1_20200624_20201103_MF100_s1_r1:ASV_9:8fafb89f7a9921990e9030bbc4debd9f17085797,preservativeUsed,,DMSO,http://vocab.nerc.ac.uk/collection/Q01/current/Q0100004/,,https://pubchem.ncbi.nlm.nih.gov/compound/679
ARMS_Getxo_G1_20200624_20201103_MF100_s1_r1:ASV_9:8fafb89f7a9921990e9030bbc4debd9f17085797,lowerLimitFilterSize,micrometer,100,http://vocab.nerc.ac.uk/collection/Q01/current/Q0100011/,https://vocab.nerc.ac.uk/collection/P06/current/UMIC/,
ARMS_Getxo_G1_20200624_20201103_MF100_s1_r1:ASV_9:8fafb89f7a9921990e9030bbc4debd9f17085797,sampleAccessionNumber,,SAMEA10021237,,,
ARMS_Getxo_G1_20200624_20201103_MF100_s1_r1:ASV_9:8fafb89f7a9921990e9030bbc4debd9f17085797,NCBIID,,991043,,,
ARMS_Getxo_G1_20200624_20201103_MF100_s1_r1:ASV_9:8fafb89f7a9921990e9030bbc4debd9f17085797,NCBIScientificName,,Tricellaria occidentalis,,,
ARMS_Getxo_G1_20200624_20201103_MF100_s1_r1:ASV_9:8fafb89f7a9921990e9030bbc4debd9f17085797,NCBITaxonRank,,species,,,
ARMS_Getxo_G1_20200624_20201103_MF100_s1_r1:ASV_9:8fafb89f7a9921990e9030bbc4debd9f17085797,fieldReplicateID,,ARMS_Getxo_G_20200624_20201103,http://vocab.nerc.ac.uk/collection/P01/current/IDSPRE01,,
ARMS_Getxo_G1_20200624_20201103_MF100_s1_r1:ASV_9:8fafb89f7a9921990e9030bbc4debd9f17085797,technicalReplicateID,,,http://vocab.nerc.ac.uk/collection/P01/current/IDTCRE01,,
ARMS_Getxo_G1_20200624_20201103_MF100_s1_r1:ASV_9:8fafb89f7a9921990e9030bbc4debd9f17085797,originalScientificName,,Tricellaria_occidentalis,,,
ARMS_Getxo_G1_20200624_20201103_MF100_s1_r1:ASV_9:8fafb89f7a9921990e9030bbc4debd9f17085797,originalTaxonRank,,species,,,
ARMS_Getxo_G1_20200624_20201103_MF100_s1_r1:ASV_9:8fafb89f7a9921990e9030bbc4debd9f17085797,originalScientificNameConfidenceLevel,,1.0,,,
ARMS_Getxo_G1_20200624_20201103_MF100_s1_r1:ASV_11:4d6fa5e239ac6630cf0823de21e770003f3f747f,submergedTime,day,132,http://vocab.nerc.ac.uk/collection/P01/current/AZDRZZ01/,https://vocab.nerc.ac.uk/collection/P06/current/UTAA/,
ARMS_Getxo_G1_20200624_20201103_MF100_s1_r1:ASV_11:4d6fa5e239ac6630cf0823de21e770003f3f747f,preservativeUsed,,DMSO,http://vocab.nerc.ac.uk/collection/Q01/current/Q0100004/,,https://pubchem.ncbi.nlm.nih.gov/compound/679
ARMS_Getxo_G1_20200624_20201103_MF100_s1_r1:ASV_11:4d6fa5e239ac6630cf0823de21e770003f3f747f,lowerLimitFilterSize,micrometer,100,http://vocab.nerc.ac.uk/collection/Q01/current/Q0100011/,https://vocab.nerc.ac.uk/collection/P06/current/UMIC/,
ARMS_Getxo_G1_20200624_20201103_MF100_s1_r1:ASV_11:4d6fa5e239ac6630cf0823de21e770003f3f747f,sampleAccessionNumber,,SAMEA10021237,,,
ARMS_Getxo_G1_20200624_20201103_MF100_s1_r1:ASV_11:4d6fa5e239ac6630cf0823de21e770003f3f747f,NCBIID,,314507,,,
ARMS_Getxo_G1_20200624_20201103_MF100_s1_r1:ASV_11:4d6fa5e239ac6630cf0823de21e770003f3f747f,NCBIScientificName,,Campanularia hincksii,,,
ARMS_Getxo_G1_20200624_20201103_MF100_s1_r1:ASV_11:4d6fa5e239ac6630cf0823de21e770003f3f747f,NCBITaxonRank,,species,,,
ARMS_Getxo_G1_20200624_20201103_MF100_s1_r1:ASV_11:4d6fa5e239ac6630cf0823de21e770003f3f747f,fieldReplicateID,,ARMS_Getxo_G_20200624_20201103,http://vocab.nerc.ac.uk/collection/P01/current/IDSPRE01,,
ARMS_Getxo_G1_20200624_20201103_MF100_s1_r1:ASV_11:4d6fa5e239ac6630cf0823de21e770003f3f747f,technicalReplicateID,,,http://vocab.nerc.ac.uk/collection/P01/current/IDTCRE01,,
ARMS_Getxo_G1_20200624_20201103_MF100_s1_r1:ASV_11:4d6fa5e239ac6630cf0823de21e770003f3f747f,originalScientificName,,Campanularia_hincksii,,,
ARMS_Getxo_G1_20200624_20201103_MF100_s1_r1:ASV_11:4d6fa5e239ac6630cf0823de21e770003f3f747f,originalTaxonRank,,species,,,
ARMS_Getxo_G1_20200624_20201103_MF100_s1_r1:ASV_11:4d6fa5e239ac6630cf0823de21e770003f3f747f,originalScientificNameConfidenceLevel,,1.0,,,
ARMS_Getxo_G1_20200624_20201103_MF100_s1_r1:ASV_12:e5975dc97da57da88ee1b47252048230cf45d547,submergedTime,day,132,http://vocab.nerc.ac.uk/collection/P01/current/AZDRZZ01/,https://vocab.nerc.ac.uk/collection/P06/current/UTAA/,
ARMS_Getxo_G1_20200624_20201103_MF100_s1_r1:ASV_12:e5975dc97da57da88ee1b47252048230cf45d547,preservativeUsed,,DMSO,http://vocab.nerc.ac.uk/collection/Q01/current/Q0100004/,,https://pubchem.ncbi.nlm.nih.gov/compound/679
ARMS_Getxo_G1_20200624_20201103_MF100_s1_r1:ASV_12:e5975dc97da57da88ee1b47252048230cf45d547,lowerLimitFilterSize,micrometer,100,http://vocab.nerc.ac.uk/collection/Q01/current/Q0100011/,https://vocab.nerc.ac.uk/collection/P06/current/UMIC/,
ARMS_Getxo_G1_20200624_20201103_MF100_s1_r1:ASV_12:e5975dc97da57da88ee1b47252048230cf45d547,sampleAccessionNumber,,SAMEA10021237,,,
ARMS_Getxo_G1_20200624_20201103_MF100_s1_r1:ASV_12:e5975dc97da57da88ee1b47252048230cf45d547,NCBIID,,1134408,,,
ARMS_Getxo_G1_20200624_20201103_MF100_s1_r1:ASV_12:e5975dc97da57da88ee1b47252048230cf45d547,NCBIScientificName,,Yonagunia zollingeri,,,
ARMS_Getxo_G1_20200624_20201103_MF100_s1_r1:ASV_12:e5975dc97da57da88ee1b47252048230cf45d547,NCBITaxonRank,,species,,,
ARMS_Getxo_G1_20200624_20201103_MF100_s1_r1:ASV_12:e5975dc97da57da88ee1b47252048230cf45d547,fieldReplicateID,,ARMS_Getxo_G_20200624_20201103,http://vocab.nerc.ac.uk/collection/P01/current/IDSPRE01,,
ARMS_Getxo_G1_20200624_20201103_MF100_s1_r1:ASV_12:e5975dc97da57da88ee1b47252048230cf45d547,technicalReplicateID,,,http://vocab.nerc.ac.uk/collection/P01/current/IDTCRE01,,
ARMS_Getxo_G1_20200624_20201103_MF100_s1_r1:ASV_12:e5975dc97da57da88ee1b47252048230cf45d547,originalScientificName,,Yonagunia_zollingeri,,,
ARMS_Getxo_G1_20200624_20201103_MF100_s1_r1:ASV_12:e5975dc97da57da88ee1b47252048230cf45d547,originalTaxonRank,,species,,,
ARMS_Getxo_G1_20200624_20201103_MF100_s1_r1:ASV_12:e5975dc97da57da88ee1b47252048230cf45d547,originalScientificNameConfidenceLevel,,0.03,,,
ARMS_Getxo_G1_20200624_20201103_MF100_s1_r1:ASV_13:e68c41bec0410ac68676cb13edfa3512e9ea92e9,submergedTime,day,132,http://vocab.nerc.ac.uk/collection/P01/current/AZDRZZ01/,https://vocab.nerc.ac.uk/collection/P06/current/UTAA/,
ARMS_Getxo_G1_20200624_20201103_MF100_s1_r1:ASV_13:e68c41bec0410ac68676cb13edfa3512e9ea92e9,preservativeUsed,,DMSO,http://vocab.nerc.ac.uk/collection/Q01/current/Q0100004/,,https://pubchem.ncbi.nlm.nih.gov/compound/679
ARMS_Getxo_G1_20200624_20201103_MF100_s1_r1:ASV_13:e68c41bec0410ac68676cb13edfa3512e9ea92e9,lowerLimitFilterSize,micrometer,100,http://vocab.nerc.ac.uk/collection/Q01/current/Q0100011/,https://vocab.nerc.ac.uk/collection/P06/current/UMIC/,
ARMS_Getxo_G1_20200624_20201103_MF100_s1_r1:ASV_13:e68c41bec0410ac68676cb13edfa3512e9ea92e9,sampleAccessionNumber,,SAMEA10021237,,,
ARMS_Getxo_G1_20200624_20201103_MF100_s1_r1:ASV_13:e68c41bec0410ac68676cb13edfa3512e9ea92e9,NCBIID,,314507,,,
ARMS_Getxo_G1_20200624_20201103_MF100_s1_r1:ASV_13:e68c41bec0410ac68676cb13edfa3512e9ea92e9,NCBIScientificName,,Campanularia hincksii,,,
ARMS_Getxo_G1_20200624_20201103_MF100_s1_r1:ASV_13:e68c41bec0410ac68676cb13edfa3512e9ea92e9,NCBITaxonRank,,species,,,
ARMS_Getxo_G1_20200624_20201103_MF100_s1_r1:ASV_13:e68c41bec0410ac68676cb13edfa3512e9ea92e9,fieldReplicateID,,ARMS_Getxo_G_20200624_20201103,http://vocab.nerc.ac.uk/collection/P01/current/IDSPRE01,,
ARMS_Getxo_G1_20200624_20201103_MF100_s1_r1:ASV_13:e68c41bec0410ac68676cb13edfa3512e9ea92e9,technicalReplicateID,,,http://vocab.nerc.ac.uk/collection/P01/current/IDTCRE01,,
ARMS_Getxo_G1_20200624_20201103_MF100_s1_r1:ASV_13:e68c41bec0410ac68676cb13edfa3512e9ea92e9,originalScientificName,,Campanularia_hincksii,,,
ARMS_Getxo_G1_20200624_20201103_MF100_s1_r1:ASV_13:e68c41bec0410ac68676cb13edfa3512e9ea92e9,originalTaxonRank,,species,,,
ARMS_Getxo_G1_20200624_20201103_MF100_s1_r1:ASV_13:e68c41bec0410ac68676cb13edfa3512e9ea92e9,originalScientificNameConfidenceLevel,,1.0,,,
ARMS_Getxo_G1_20200624_20201103_MF100_s1_r1:ASV_14:d6466063f1bfac2fe41d4c4a0a8fb558802b37d4,submergedTime,day,132,http://vocab.nerc.ac.uk/collection/P01/current/AZDRZZ01/,https://vocab.nerc.ac.uk/collection/P06/current/UTAA/,
ARMS_Getxo_G1_20200624_20201103_MF100_s1_r1:ASV_14:d6466063f1bfac2fe41d4c4a0a8fb558802b37d4,preservativeUsed,,DMSO,http://vocab.nerc.ac.uk/collection/Q01/current/Q0100004/,,https://pubchem.ncbi.nlm.nih.gov/compound/679
ARMS_Getxo_G1_20200624_20201103_MF100_s1_r1:ASV_14:d6466063f1bfac2fe41d4c4a0a8fb558802b37d4,lowerLimitFilterSize,micrometer,100,http://vocab.nerc.ac.uk/collection/Q01/current/Q0100011/,https://vocab.nerc.ac.uk/collection/P06/current/UMIC/,
ARMS_Getxo_G1_20200624_20201103_MF100_s1_r1:ASV_14:d6466063f1bfac2fe41d4c4a0a8fb558802b37d4,sampleAccessionNumber,,SAMEA10021237,,,
ARMS_Getxo_G1_20200624_20201103_MF100_s1_r1:ASV_14:d6466063f1bfac2fe41d4c4a0a8fb558802b37d4,NCBIID,,991043,,,
ARMS_Getxo_G1_20200624_20201103_MF100_s1_r1:ASV_14:d6466063f1bfac2fe41d4c4a0a8fb558802b37d4,NCBIScientificName,,Tricellaria occidentalis,,,
ARMS_Getxo_G1_20200624_20201103_MF100_s1_r1:ASV_14:d6466063f1bfac2fe41d4c4a0a8fb558802b37d4,NCBITaxonRank,,species,,,
ARMS_Getxo_G1_20200624_20201103_MF100_s1_r1:ASV_14:d6466063f1bfac2fe41d4c4a0a8fb558802b37d4,fieldReplicateID,,ARMS_Getxo_G_20200624_20201103,http://vocab.nerc.ac.uk/collection/P01/current/IDSPRE01,,
ARMS_Getxo_G1_20200624_20201103_MF100_s1_r1:ASV_14:d6466063f1bfac2fe41d4c4a0a8fb558802b37d4,technicalReplicateID,,,http://vocab.nerc.ac.uk/collection/P01/current/IDTCRE01,,
ARMS_Getxo_G1_20200624_20201103_MF100_s1_r1:ASV_14:d6466063f1bfac2fe41d4c4a0a8fb558802b37d4,originalScientificName,,Tricellaria_occidentalis,,,
ARMS_Getxo_G1_20200624_20201103_MF100_s1_r1:ASV_14:d6466063f1bfac2fe41d4c4a0a8fb558802b37d4,originalTaxonRank,,species,,,
ARMS_Getxo_G1_20200624_20201103_MF100_s1_r1:ASV_14:d6466063f1bfac2fe41d4c4a0a8fb558802b37d4,originalScientificNameConfidenceLevel,,0.94,,,
ARMS_Getxo_G1_20200624_20201103_MF100_s1_r1:ASV_15:93e0f5ca03784ba626e5d9550702dd431f700ff6,submergedTime,day,132,http://vocab.nerc.ac.uk/collection/P01/current/AZDRZZ01/,https://vocab.nerc.ac.uk/collection/P06/current/UTAA/,
ARMS_Getxo_G1_20200624_20201103_MF100_s1_r1:ASV_15:93e0f5ca03784ba626e5d9550702dd431f700ff6,preservativeUsed,,DMSO,http://vocab.nerc.ac.uk/collection/Q01/current/Q0100004/,,https://pubchem.ncbi.nlm.nih.gov/compound/679
ARMS_Getxo_G1_20200624_20201103_MF100_s1_r1:ASV_15:93e0f5ca03784ba626e5d9550702dd431f700ff6,lowerLimitFilterSize,micrometer,100,http://vocab.nerc.ac.uk/collection/Q01/current/Q0100011/,https://vocab.nerc.ac.uk/collection/P06/current/UMIC/,
ARMS_Getxo_G1_20200624_20201103_MF100_s1_r1:ASV_15:93e0f5ca03784ba626e5d9550702dd431f700ff6,sampleAccessionNumber,,SAMEA10021237,,,
ARMS_Getxo_G1_20200624_20201103_MF100_s1_r1:ASV_15:93e0f5ca03784ba626e5d9550702dd431f700ff6,NCBIID,,991043,,,
ARMS_Getxo_G1_20200624_20201103_MF100_s1_r1:ASV_15:93e0f5ca03784ba626e5d9550702dd431f700ff6,NCBIScientificName,,Tricellaria occidentalis,,,
ARMS_Getxo_G1_20200624_20201103_MF100_s1_r1:ASV_15:93e0f5ca03784ba626e5d9550702dd431f700ff6,NCBITaxonRank,,species,,,
ARMS_Getxo_G1_20200624_20201103_MF100_s1_r1:ASV_15:93e0f5ca03784ba626e5d9550702dd431f700ff6,fieldReplicateID,,ARMS_Getxo_G_20200624_20201103,http://vocab.nerc.ac.uk/collection/P01/current/IDSPRE01,,
ARMS_Getxo_G1_20200624_20201103_MF100_s1_r1:ASV_15:93e0f5ca03784ba626e5d9550702dd431f700ff6,technicalReplicateID,,,http://vocab.nerc.ac.uk/collection/P01/current/IDTCRE01,,
ARMS_Getxo_G1_20200624_20201103_MF100_s1_r1:ASV_15:93e0f5ca03784ba626e5d9550702dd431f700ff6,originalScientificName,,Tricellaria_occidentalis,,,
ARMS_Getxo_G1_20200624_20201103_MF100_s1_r1:ASV_15:93e0f5ca03784ba626e5d9550702dd431f700ff6,originalTaxonRank,,species,,,
ARMS_Getxo_G1_20200624_20201103_MF100_s1_r1:ASV_15:93e0f5ca03784ba626e5d9550702dd431f700ff6,originalScientificNameConfidenceLevel,,0.39,,,
ARMS_Getxo_G1_20200624_20201103_MF100_s1_r1:ASV_17:a8af84444391b34c4399d8bab14f4b4d43c874ee,submergedTime,day,132,http://vocab.nerc.ac.uk/collection/P01/current/AZDRZZ01/,https://vocab.nerc.ac.uk/collection/P06/current/UTAA/,
ARMS_Getxo_G1_20200624_20201103_MF100_s1_r1:ASV_17:a8af84444391b34c4399d8bab14f4b4d43c874ee,preservativeUsed,,DMSO,http://vocab.nerc.ac.uk/collection/Q01/current/Q0100004/,,https://pubchem.ncbi.nlm.nih.gov/compound/679
ARMS_Getxo_G1_20200624_20201103_MF100_s1_r1:ASV_17:a8af84444391b34c4399d8bab14f4b4d43c874ee,lowerLimitFilterSize,micrometer,100,http://vocab.nerc.ac.uk/collection/Q01/current/Q0100011/,https://vocab.nerc.ac.uk/collection/P06/current/UMIC/,
ARMS_Getxo_G1_20200624_20201103_MF100_s1_r1:ASV_17:a8af84444391b34c4399d8bab14f4b4d43c874ee,sampleAccessionNumber,,SAMEA10021237,,,
ARMS_Getxo_G1_20200624_20201103_MF100_s1_r1:ASV_17:a8af84444391b34c4399d8bab14f4b4d43c874ee,NCBIID,,991043,,,
ARMS_Getxo_G1_20200624_20201103_MF100_s1_r1:ASV_17:a8af84444391b34c4399d8bab14f4b4d43c874ee,NCBIScientificName,,Tricellaria occidentalis,,,
ARMS_Getxo_G1_20200624_20201103_MF100_s1_r1:ASV_17:a8af84444391b34c4399d8bab14f4b4d43c874ee,NCBITaxonRank,,species,,,
ARMS_Getxo_G1_20200624_20201103_MF100_s1_r1:ASV_17:a8af84444391b34c4399d8bab14f4b4d43c874ee,fieldReplicateID,,ARMS_Getxo_G_20200624_20201103,http://vocab.nerc.ac.uk/collection/P01/current/IDSPRE01,,
ARMS_Getxo_G1_20200624_20201103_MF100_s1_r1:ASV_17:a8af84444391b34c4399d8bab14f4b4d43c874ee,technicalReplicateID,,,http://vocab.nerc.ac.uk/collection/P01/current/IDTCRE01,,
ARMS_Getxo_G1_20200624_20201103_MF100_s1_r1:ASV_17:a8af84444391b34c4399d8bab14f4b4d43c874ee,originalScientificName,,Tricellaria_occidentalis,,,
ARMS_Getxo_G1_20200624_20201103_MF100_s1_r1:ASV_17:a8af84444391b34c4399d8bab14f4b4d43c874ee,originalTaxonRank,,species,,,
ARMS_Getxo_G1_20200624_20201103_MF100_s1_r1:ASV_17:a8af84444391b34c4399d8bab14f4b4d43c874ee,originalScientificNameConfidenceLevel,,0.46,,,
ARMS_Getxo_G1_20200624_20201103_MF100_s1_r1:ASV_19:bbf75a3e5d37c4565210b32a83b6743b2fe23de7,submergedTime,day,132,http://vocab.nerc.ac.uk/collection/P01/current/AZDRZZ01/,https://vocab.nerc.ac.uk/collection/P06/current/UTAA/,
ARMS_Getxo_G1_20200624_20201103_MF100_s1_r1:ASV_19:bbf75a3e5d37c4565210b32a83b6743b2fe23de7,preservativeUsed,,DMSO,http://vocab.nerc.ac.uk/collection/Q01/current/Q0100004/,,https://pubchem.ncbi.nlm.nih.gov/compound/679
ARMS_Getxo_G1_20200624_20201103_MF100_s1_r1:ASV_19:bbf75a3e5d37c4565210b32a83b6743b2fe23de7,lowerLimitFilterSize,micrometer,100,http://vocab.nerc.ac.uk/collection/Q01/current/Q0100011/,https://vocab.nerc.ac.uk/collection/P06/current/UMIC/,
ARMS_Getxo_G1_20200624_20201103_MF100_s1_r1:ASV_19:bbf75a3e5d37c4565210b32a83b6743b2fe23de7,sampleAccessionNumber,,SAMEA10021237,,,
ARMS_Getxo_G1_20200624_20201103_MF100_s1_r1:ASV_19:bbf75a3e5d37c4565210b32a83b6743b2fe23de7,NCBIID,,1820962,,,
ARMS_Getxo_G1_20200624_20201103_MF100_s1_r1:ASV_19:bbf75a3e5d37c4565210b32a83b6743b2fe23de7,NCBIScientificName,,Microplana polyopsis,,,
ARMS_Getxo_G1_20200624_20201103_MF100_s1_r1:ASV_19:bbf75a3e5d37c4565210b32a83b6743b2fe23de7,NCBITaxonRank,,species,,,
ARMS_Getxo_G1_20200624_20201103_MF100_s1_r1:ASV_19:bbf75a3e5d37c4565210b32a83b6743b2fe23de7,fieldReplicateID,,ARMS_Getxo_G_20200624_20201103,http://vocab.nerc.ac.uk/collection/P01/current/IDSPRE01,,
ARMS_Getxo_G1_20200624_20201103_MF100_s1_r1:ASV_19:bbf75a3e5d37c4565210b32a83b6743b2fe23de7,technicalReplicateID,,,http://vocab.nerc.ac.uk/collection/P01/current/IDTCRE01,,
ARMS_Getxo_G1_20200624_20201103_MF100_s1_r1:ASV_19:bbf75a3e5d37c4565210b32a83b6743b2fe23de7,originalScientificName,,Microplana_polyopsis,,,
ARMS_Getxo_G1_20200624_20201103_MF100_s1_r1:ASV_19:bbf75a3e5d37c4565210b32a83b6743b2fe23de7,originalTaxonRank,,species,,,
ARMS_Getxo_G1_20200624_20201103_MF100_s1_r1:ASV_19:bbf75a3e5d37c4565210b32a83b6743b2fe23de7,originalScientificNameConfidenceLevel,,0.03,,,
ARMS_Getxo_G1_20200624_20201103_MF100_s1_r1:ASV_20:584bfdbb97cb98e60b18669254e6f11d0dc0bf37,submergedTime,day,132,http://vocab.nerc.ac.uk/collection/P01/current/AZDRZZ01/,https://vocab.nerc.ac.uk/collection/P06/current/UTAA/,
ARMS_Getxo_G1_20200624_20201103_MF100_s1_r1:ASV_20:584bfdbb97cb98e60b18669254e6f11d0dc0bf37,preservativeUsed,,DMSO,http://vocab.nerc.ac.uk/collection/Q01/current/Q0100004/,,https://pubchem.ncbi.nlm.nih.gov/compound/679
ARMS_Getxo_G1_20200624_20201103_MF100_s1_r1:ASV_20:584bfdbb97cb98e60b18669254e6f11d0dc0bf37,lowerLimitFilterSize,micrometer,100,http://vocab.nerc.ac.uk/collection/Q01/current/Q0100011/,https://vocab.nerc.ac.uk/collection/P06/current/UMIC/,
ARMS_Getxo_G1_20200624_20201103_MF100_s1_r1:ASV_20:584bfdbb97cb98e60b18669254e6f11d0dc0bf37,sampleAccessionNumber,,SAMEA10021237,,,
ARMS_Getxo_G1_20200624_20201103_MF100_s1_r1:ASV_20:584bfdbb97cb98e60b18669254e6f11d0dc0bf37,NCBIID,,991043,,,
ARMS_Getxo_G1_20200624_20201103_MF100_s1_r1:ASV_20:584bfdbb97cb98e60b18669254e6f11d0dc0bf37,NCBIScientificName,,Tricellaria occidentalis,,,
ARMS_Getxo_G1_20200624_20201103_MF100_s1_r1:ASV_20:584bfdbb97cb98e60b18669254e6f11d0dc0bf37,NCBITaxonRank,,species,,,
ARMS_Getxo_G1_20200624_20201103_MF100_s1_r1:ASV_20:584bfdbb97cb98e60b18669254e6f11d0dc0bf37,fieldReplicateID,,ARMS_Getxo_G_20200624_20201103,http://vocab.nerc.ac.uk/collection/P01/current/IDSPRE01,,
ARMS_Getxo_G1_20200624_20201103_MF100_s1_r1:ASV_20:584bfdbb97cb98e60b18669254e6f11d0dc0bf37,technicalReplicateID,,,http://vocab.nerc.ac.uk/collection/P01/current/IDTCRE01,,
ARMS_Getxo_G1_20200624_20201103_MF100_s1_r1:ASV_20:584bfdbb97cb98e60b18669254e6f11d0dc0bf37,originalScientificName,,Tricellaria_occidentalis,,,
ARMS_Getxo_G1_20200624_20201103_MF100_s1_r1:ASV_20:584bfdbb97cb98e60b18669254e6f11d0dc0bf37,originalTaxonRank,,species,,,
ARMS_Getxo_G1_20200624_20201103_MF100_s1_r1:ASV_20:584bfdbb97cb98e60b18669254e6f11d0dc0bf37,originalScientificNameConfidenceLevel,,0.9,,,
ARMS_Getxo_G1_20200624_20201103_MF100_s1_r1:ASV_21:a4262169182eb16d9af3c1e88a9dc8289018cfc0,submergedTime,day,132,http://vocab.nerc.ac.uk/collection/P01/current/AZDRZZ01/,https://vocab.nerc.ac.uk/collection/P06/current/UTAA/,
ARMS_Getxo_G1_20200624_20201103_MF100_s1_r1:ASV_21:a4262169182eb16d9af3c1e88a9dc8289018cfc0,preservativeUsed,,DMSO,http://vocab.nerc.ac.uk/collection/Q01/current/Q0100004/,,https://pubchem.ncbi.nlm.nih.gov/compound/679
ARMS_Getxo_G1_20200624_20201103_MF100_s1_r1:ASV_21:a4262169182eb16d9af3c1e88a9dc8289018cfc0,lowerLimitFilterSize,micrometer,100,http://vocab.nerc.ac.uk/collection/Q01/current/Q0100011/,https://vocab.nerc.ac.uk/collection/P06/current/UMIC/,
ARMS_Getxo_G1_20200624_20201103_MF100_s1_r1:ASV_21:a4262169182eb16d9af3c1e88a9dc8289018cfc0,sampleAccessionNumber,,SAMEA10021237,,,
ARMS_Getxo_G1_20200624_20201103_MF100_s1_r1:ASV_21:a4262169182eb16d9af3c1e88a9dc8289018cfc0,NCBIID,,991043,,,
ARMS_Getxo_G1_20200624_20201103_MF100_s1_r1:ASV_21:a4262169182eb16d9af3c1e88a9dc8289018cfc0,NCBIScientificName,,Tricellaria occidentalis,,,
ARMS_Getxo_G1_20200624_20201103_MF100_s1_r1:ASV_21:a4262169182eb16d9af3c1e88a9dc8289018cfc0,NCBITaxonRank,,species,,,
ARMS_Getxo_G1_20200624_20201103_MF100_s1_r1:ASV_21:a4262169182eb16d9af3c1e88a9dc8289018cfc0,fieldReplicateID,,ARMS_Getxo_G_20200624_20201103,http://vocab.nerc.ac.uk/collection/P01/current/IDSPRE01,,
ARMS_Getxo_G1_20200624_20201103_MF100_s1_r1:ASV_21:a4262169182eb16d9af3c1e88a9dc8289018cfc0,technicalReplicateID,,,http://vocab.nerc.ac.uk/collection/P01/current/IDTCRE01,,
ARMS_Getxo_G1_20200624_20201103_MF100_s1_r1:ASV_21:a4262169182eb16d9af3c1e88a9dc8289018cfc0,originalScientificName,,Tricellaria_occidentalis,,,
ARMS_Getxo_G1_20200624_20201103_MF100_s1_r1:ASV_21:a4262169182eb16d9af3c1e88a9dc8289018cfc0,originalTaxonRank,,species,,,
ARMS_Getxo_G1_20200624_20201103_MF100_s1_r1:ASV_21:a4262169182eb16d9af3c1e88a9dc8289018cfc0,originalScientificNameConfidenceLevel,,0.82,,,
ARMS_Getxo_G1_20200624_20201103_MF100_s1_r1:ASV_25:6f1f21de48bf837ee4e61cc2c63ecae2513d4f36,submergedTime,day,132,http://vocab.nerc.ac.uk/collection/P01/current/AZDRZZ01/,https://vocab.nerc.ac.uk/collection/P06/current/UTAA/,
ARMS_Getxo_G1_20200624_20201103_MF100_s1_r1:ASV_25:6f1f21de48bf837ee4e61cc2c63ecae2513d4f36,preservativeUsed,,DMSO,http://vocab.nerc.ac.uk/collection/Q01/current/Q0100004/,,https://pubchem.ncbi.nlm.nih.gov/compound/679
ARMS_Getxo_G1_20200624_20201103_MF100_s1_r1:ASV_25:6f1f21de48bf837ee4e61cc2c63ecae2513d4f36,lowerLimitFilterSize,micrometer,100,http://vocab.nerc.ac.uk/collection/Q01/current/Q0100011/,https://vocab.nerc.ac.uk/collection/P06/current/UMIC/,
ARMS_Getxo_G1_20200624_20201103_MF100_s1_r1:ASV_25:6f1f21de48bf837ee4e61cc2c63ecae2513d4f36,sampleAccessionNumber,,SAMEA10021237,,,
ARMS_Getxo_G1_20200624_20201103_MF100_s1_r1:ASV_25:6f1f21de48bf837ee4e61cc2c63ecae2513d4f36,NCBIID,,1610118,,,
ARMS_Getxo_G1_20200624_20201103_MF100_s1_r1:ASV_25:6f1f21de48bf837ee4e61cc2c63ecae2513d4f36,NCBIScientificName,,Pectocera yaeyamana,,,
ARMS_Getxo_G1_20200624_20201103_MF100_s1_r1:ASV_25:6f1f21de48bf837ee4e61cc2c63ecae2513d4f36,NCBITaxonRank,,species,,,
ARMS_Getxo_G1_20200624_20201103_MF100_s1_r1:ASV_25:6f1f21de48bf837ee4e61cc2c63ecae2513d4f36,fieldReplicateID,,ARMS_Getxo_G_20200624_20201103,http://vocab.nerc.ac.uk/collection/P01/current/IDSPRE01,,
ARMS_Getxo_G1_20200624_20201103_MF100_s1_r1:ASV_25:6f1f21de48bf837ee4e61cc2c63ecae2513d4f36,technicalReplicateID,,,http://vocab.nerc.ac.uk/collection/P01/current/IDTCRE01,,
ARMS_Getxo_G1_20200624_20201103_MF100_s1_r1:ASV_25:6f1f21de48bf837ee4e61cc2c63ecae2513d4f36,originalScientificName,,Pectocera_yaeyamana,,,
ARMS_Getxo_G1_20200624_20201103_MF100_s1_r1:ASV_25:6f1f21de48bf837ee4e61cc2c63ecae2513d4f36,originalTaxonRank,,species,,,
ARMS_Getxo_G1_20200624_20201103_MF100_s1_r1:ASV_25:6f1f21de48bf837ee4e61cc2c63ecae2513d4f36,originalScientificNameConfidenceLevel,,0.01,,,
ARMS_Getxo_G1_20200624_20201103_MF100_s1_r1:ASV_26:317cf9eb20f0cb291e644516c28271b545074f42,submergedTime,day,132,http://vocab.nerc.ac.uk/collection/P01/current/AZDRZZ01/,https://vocab.nerc.ac.uk/collection/P06/current/UTAA/,
ARMS_Getxo_G1_20200624_20201103_MF100_s1_r1:ASV_26:317cf9eb20f0cb291e644516c28271b545074f42,preservativeUsed,,DMSO,http://vocab.nerc.ac.uk/collection/Q01/current/Q0100004/,,https://pubchem.ncbi.nlm.nih.gov/compound/679
ARMS_Getxo_G1_20200624_20201103_MF100_s1_r1:ASV_26:317cf9eb20f0cb291e644516c28271b545074f42,lowerLimitFilterSize,micrometer,100,http://vocab.nerc.ac.uk/collection/Q01/current/Q0100011/,https://vocab.nerc.ac.uk/collection/P06/current/UMIC/,
ARMS_Getxo_G1_20200624_20201103_MF100_s1_r1:ASV_26:317cf9eb20f0cb291e644516c28271b545074f42,sampleAccessionNumber,,SAMEA10021237,,,
ARMS_Getxo_G1_20200624_20201103_MF100_s1_r1:ASV_26:317cf9eb20f0cb291e644516c28271b545074f42,NCBIID,,299218,,,
ARMS_Getxo_G1_20200624_20201103_MF100_s1_r1:ASV_26:317cf9eb20f0cb291e644516c28271b545074f42,NCBIScientificName,,Nesomachilis australica,,,
ARMS_Getxo_G1_20200624_20201103_MF100_s1_r1:ASV_26:317cf9eb20f0cb291e644516c28271b545074f42,NCBITaxonRank,,species,,,
ARMS_Getxo_G1_20200624_20201103_MF100_s1_r1:ASV_26:317cf9eb20f0cb291e644516c28271b545074f42,fieldReplicateID,,ARMS_Getxo_G_20200624_20201103,http://vocab.nerc.ac.uk/collection/P01/current/IDSPRE01,,
ARMS_Getxo_G1_20200624_20201103_MF100_s1_r1:ASV_26:317cf9eb20f0cb291e644516c28271b545074f42,technicalReplicateID,,,http://vocab.nerc.ac.uk/collection/P01/current/IDTCRE01,,
ARMS_Getxo_G1_20200624_20201103_MF100_s1_r1:ASV_26:317cf9eb20f0cb291e644516c28271b545074f42,originalScientificName,,Nesomachilis_australica,,,
ARMS_Getxo_G1_20200624_20201103_MF100_s1_r1:ASV_26:317cf9eb20f0cb291e644516c28271b545074f42,originalTaxonRank,,species,,,
ARMS_Getxo_G1_20200624_20201103_MF100_s1_r1:ASV_26:317cf9eb20f0cb291e644516c28271b545074f42,originalScientificNameConfidenceLevel,,0.08,,,
ARMS_Getxo_G1_20200624_20201103_MF100_s1_r1:ASV_27:39a1431b46ce3b64b976360c899d263328b00b5a,submergedTime,day,132,http://vocab.nerc.ac.uk/collection/P01/current/AZDRZZ01/,https://vocab.nerc.ac.uk/collection/P06/current/UTAA/,
ARMS_Getxo_G1_20200624_20201103_MF100_s1_r1:ASV_27:39a1431b46ce3b64b976360c899d263328b00b5a,preservativeUsed,,DMSO,http://vocab.nerc.ac.uk/collection/Q01/current/Q0100004/,,https://pubchem.ncbi.nlm.nih.gov/compound/679
ARMS_Getxo_G1_20200624_20201103_MF100_s1_r1:ASV_27:39a1431b46ce3b64b976360c899d263328b00b5a,lowerLimitFilterSize,micrometer,100,http://vocab.nerc.ac.uk/collection/Q01/current/Q0100011/,https://vocab.nerc.ac.uk/collection/P06/current/UMIC/,
ARMS_Getxo_G1_20200624_20201103_MF100_s1_r1:ASV_27:39a1431b46ce3b64b976360c899d263328b00b5a,sampleAccessionNumber,,SAMEA10021237,,,
ARMS_Getxo_G1_20200624_20201103_MF100_s1_r1:ASV_27:39a1431b46ce3b64b976360c899d263328b00b5a,NCBIID,,291032,,,
ARMS_Getxo_G1_20200624_20201103_MF100_s1_r1:ASV_27:39a1431b46ce3b64b976360c899d263328b00b5a,NCBIScientificName,,Thalassiosira curviseriata,,,
ARMS_Getxo_G1_20200624_20201103_MF100_s1_r1:ASV_27:39a1431b46ce3b64b976360c899d263328b00b5a,NCBITaxonRank,,species,,,
ARMS_Getxo_G1_20200624_20201103_MF100_s1_r1:ASV_27:39a1431b46ce3b64b976360c899d263328b00b5a,fieldReplicateID,,ARMS_Getxo_G_20200624_20201103,http://vocab.nerc.ac.uk/collection/P01/current/IDSPRE01,,
ARMS_Getxo_G1_20200624_20201103_MF100_s1_r1:ASV_27:39a1431b46ce3b64b976360c899d263328b00b5a,technicalReplicateID,,,http://vocab.nerc.ac.uk/collection/P01/current/IDTCRE01,,
ARMS_Getxo_G1_20200624_20201103_MF100_s1_r1:ASV_27:39a1431b46ce3b64b976360c899d263328b00b5a,originalScientificName,,Thalassiosira_curviseriata,,,
ARMS_Getxo_G1_20200624_20201103_MF100_s1_r1:ASV_27:39a1431b46ce3b64b976360c899d263328b00b5a,originalTaxonRank,,species,,,
ARMS_Getxo_G1_20200624_20201103_MF100_s1_r1:ASV_27:39a1431b46ce3b64b976360c899d263328b00b5a,originalScientificNameConfidenceLevel,,0.05,,,
ARMS_Getxo_G1_20200624_20201103_MF100_s1_r1:ASV_29:5a4a66a86008ee2f3d959b731fa2b0cac264c189,submergedTime,day,132,http://vocab.nerc.ac.uk/collection/P01/current/AZDRZZ01/,https://vocab.nerc.ac.uk/collection/P06/current/UTAA/,
ARMS_Getxo_G1_20200624_20201103_MF100_s1_r1:ASV_29:5a4a66a86008ee2f3d959b731fa2b0cac264c189,preservativeUsed,,DMSO,http://vocab.nerc.ac.uk/collection/Q01/current/Q0100004/,,https://pubchem.ncbi.nlm.nih.gov/compound/679
ARMS_Getxo_G1_20200624_20201103_MF100_s1_r1:ASV_29:5a4a66a86008ee2f3d959b731fa2b0cac264c189,lowerLimitFilterSize,micrometer,100,http://vocab.nerc.ac.uk/collection/Q01/current/Q0100011/,https://vocab.nerc.ac.uk/collection/P06/current/UMIC/,
ARMS_Getxo_G1_20200624_20201103_MF100_s1_r1:ASV_29:5a4a66a86008ee2f3d959b731fa2b0cac264c189,sampleAccessionNumber,,SAMEA10021237,,,
ARMS_Getxo_G1_20200624_20201103_MF100_s1_r1:ASV_29:5a4a66a86008ee2f3d959b731fa2b0cac264c189,NCBIID,,378361,,,
ARMS_Getxo_G1_20200624_20201103_MF100_s1_r1:ASV_29:5a4a66a86008ee2f3d959b731fa2b0cac264c189,NCBIScientificName,,Syllidia armata,,,
ARMS_Getxo_G1_20200624_20201103_MF100_s1_r1:ASV_29:5a4a66a86008ee2f3d959b731fa2b0cac264c189,NCBITaxonRank,,species,,,
ARMS_Getxo_G1_20200624_20201103_MF100_s1_r1:ASV_29:5a4a66a86008ee2f3d959b731fa2b0cac264c189,fieldReplicateID,,ARMS_Getxo_G_20200624_20201103,http://vocab.nerc.ac.uk/collection/P01/current/IDSPRE01,,
ARMS_Getxo_G1_20200624_20201103_MF100_s1_r1:ASV_29:5a4a66a86008ee2f3d959b731fa2b0cac264c189,technicalReplicateID,,,http://vocab.nerc.ac.uk/collection/P01/current/IDTCRE01,,
ARMS_Getxo_G1_20200624_20201103_MF100_s1_r1:ASV_29:5a4a66a86008ee2f3d959b731fa2b0cac264c189,originalScientificName,,Syllidia_armata,,,
ARMS_Getxo_G1_20200624_20201103_MF100_s1_r1:ASV_29:5a4a66a86008ee2f3d959b731fa2b0cac264c189,originalTaxonRank,,species,,,
ARMS_Getxo_G1_20200624_20201103_MF100_s1_r1:ASV_29:5a4a66a86008ee2f3d959b731fa2b0cac264c189,originalScientificNameConfidenceLevel,,0.89,,,
ARMS_Getxo_G1_20200624_20201103_MF100_s1_r1:ASV_32:c67191ba9616aa5d33cae90de575011a9f52390c,submergedTime,day,132,http://vocab.nerc.ac.uk/collection/P01/current/AZDRZZ01/,https://vocab.nerc.ac.uk/collection/P06/current/UTAA/,
ARMS_Getxo_G1_20200624_20201103_MF100_s1_r1:ASV_32:c67191ba9616aa5d33cae90de575011a9f52390c,preservativeUsed,,DMSO,http://vocab.nerc.ac.uk/collection/Q01/current/Q0100004/,,https://pubchem.ncbi.nlm.nih.gov/compound/679
ARMS_Getxo_G1_20200624_20201103_MF100_s1_r1:ASV_32:c67191ba9616aa5d33cae90de575011a9f52390c,lowerLimitFilterSize,micrometer,100,http://vocab.nerc.ac.uk/collection/Q01/current/Q0100011/,https://vocab.nerc.ac.uk/collection/P06/current/UMIC/,
ARMS_Getxo_G1_20200624_20201103_MF100_s1_r1:ASV_32:c67191ba9616aa5d33cae90de575011a9f52390c,sampleAccessionNumber,,SAMEA10021237,,,
ARMS_Getxo_G1_20200624_20201103_MF100_s1_r1:ASV_32:c67191ba9616aa5d33cae90de575011a9f52390c,NCBIID,,991043,,,
ARMS_Getxo_G1_20200624_20201103_MF100_s1_r1:ASV_32:c67191ba9616aa5d33cae90de575011a9f52390c,NCBIScientificName,,Tricellaria occidentalis,,,
ARMS_Getxo_G1_20200624_20201103_MF100_s1_r1:ASV_32:c67191ba9616aa5d33cae90de575011a9f52390c,NCBITaxonRank,,species,,,
ARMS_Getxo_G1_20200624_20201103_MF100_s1_r1:ASV_32:c67191ba9616aa5d33cae90de575011a9f52390c,fieldReplicateID,,ARMS_Getxo_G_20200624_20201103,http://vocab.nerc.ac.uk/collection/P01/current/IDSPRE01,,
ARMS_Getxo_G1_20200624_20201103_MF100_s1_r1:ASV_32:c67191ba9616aa5d33cae90de575011a9f52390c,technicalReplicateID,,,http://vocab.nerc.ac.uk/collection/P01/current/IDTCRE01,,
ARMS_Getxo_G1_20200624_20201103_MF100_s1_r1:ASV_32:c67191ba9616aa5d33cae90de575011a9f52390c,originalScientificName,,Tricellaria_occidentalis,,,
ARMS_Getxo_G1_20200624_20201103_MF100_s1_r1:ASV_32:c67191ba9616aa5d33cae90de575011a9f52390c,originalTaxonRank,,species,,,
ARMS_Getxo_G1_20200624_20201103_MF100_s1_r1:ASV_32:c67191ba9616aa5d33cae90de575011a9f52390c,originalScientificNameConfidenceLevel,,0.92,,,
ARMS_Getxo_G1_20200624_20201103_MF100_s1_r1:ASV_33:a2ff91ae83b266521461fb0185281aaa5e963cba,submergedTime,day,132,http://vocab.nerc.ac.uk/collection/P01/current/AZDRZZ01/,https://vocab.nerc.ac.uk/collection/P06/current/UTAA/,
ARMS_Getxo_G1_20200624_20201103_MF100_s1_r1:ASV_33:a2ff91ae83b266521461fb0185281aaa5e963cba,preservativeUsed,,DMSO,http://vocab.nerc.ac.uk/collection/Q01/current/Q0100004/,,https://pubchem.ncbi.nlm.nih.gov/compound/679
ARMS_Getxo_G1_20200624_20201103_MF100_s1_r1:ASV_33:a2ff91ae83b266521461fb0185281aaa5e963cba,lowerLimitFilterSize,micrometer,100,http://vocab.nerc.ac.uk/collection/Q01/current/Q0100011/,https://vocab.nerc.ac.uk/collection/P06/current/UMIC/,
ARMS_Getxo_G1_20200624_20201103_MF100_s1_r1:ASV_33:a2ff91ae83b266521461fb0185281aaa5e963cba,sampleAccessionNumber,,SAMEA10021237,,,
ARMS_Getxo_G1_20200624_20201103_MF100_s1_r1:ASV_33:a2ff91ae83b266521461fb0185281aaa5e963cba,NCBIID,,308567,,,
ARMS_Getxo_G1_20200624_20201103_MF100_s1_r1:ASV_33:a2ff91ae83b266521461fb0185281aaa5e963cba,NCBIScientificName,,Bougainvillia muscus,,,
ARMS_Getxo_G1_20200624_20201103_MF100_s1_r1:ASV_33:a2ff91ae83b266521461fb0185281aaa5e963cba,NCBITaxonRank,,species,,,
ARMS_Getxo_G1_20200624_20201103_MF100_s1_r1:ASV_33:a2ff91ae83b266521461fb0185281aaa5e963cba,fieldReplicateID,,ARMS_Getxo_G_20200624_20201103,http://vocab.nerc.ac.uk/collection/P01/current/IDSPRE01,,
ARMS_Getxo_G1_20200624_20201103_MF100_s1_r1:ASV_33:a2ff91ae83b266521461fb0185281aaa5e963cba,technicalReplicateID,,,http://vocab.nerc.ac.uk/collection/P01/current/IDTCRE01,,
ARMS_Getxo_G1_20200624_20201103_MF100_s1_r1:ASV_33:a2ff91ae83b266521461fb0185281aaa5e963cba,originalScientificName,,Bougainvillia_muscus,,,
ARMS_Getxo_G1_20200624_20201103_MF100_s1_r1:ASV_33:a2ff91ae83b266521461fb0185281aaa5e963cba,originalTaxonRank,,species,,,
ARMS_Getxo_G1_20200624_20201103_MF100_s1_r1:ASV_33:a2ff91ae83b266521461fb0185281aaa5e963cba,originalScientificNameConfidenceLevel,,1.0,,,
ARMS_Getxo_G1_20200624_20201103_MF100_s1_r1:ASV_36:7b45460ab85503fa3a1cbb8aae03473646d71d9f,submergedTime,day,132,http://vocab.nerc.ac.uk/collection/P01/current/AZDRZZ01/,https://vocab.nerc.ac.uk/collection/P06/current/UTAA/,
ARMS_Getxo_G1_20200624_20201103_MF100_s1_r1:ASV_36:7b45460ab85503fa3a1cbb8aae03473646d71d9f,preservativeUsed,,DMSO,http://vocab.nerc.ac.uk/collection/Q01/current/Q0100004/,,https://pubchem.ncbi.nlm.nih.gov/compound/679
ARMS_Getxo_G1_20200624_20201103_MF100_s1_r1:ASV_36:7b45460ab85503fa3a1cbb8aae03473646d71d9f,lowerLimitFilterSize,micrometer,100,http://vocab.nerc.ac.uk/collection/Q01/current/Q0100011/,https://vocab.nerc.ac.uk/collection/P06/current/UMIC/,
ARMS_Getxo_G1_20200624_20201103_MF100_s1_r1:ASV_36:7b45460ab85503fa3a1cbb8aae03473646d71d9f,sampleAccessionNumber,,SAMEA10021237,,,
ARMS_Getxo_G1_20200624_20201103_MF100_s1_r1:ASV_36:7b45460ab85503fa3a1cbb8aae03473646d71d9f,NCBIID,,554066,,,
ARMS_Getxo_G1_20200624_20201103_MF100_s1_r1:ASV_36:7b45460ab85503fa3a1cbb8aae03473646d71d9f,NCBIScientificName,,Chlorella heliozoae,,,
ARMS_Getxo_G1_20200624_20201103_MF100_s1_r1:ASV_36:7b45460ab85503fa3a1cbb8aae03473646d71d9f,NCBITaxonRank,,species,,,
ARMS_Getxo_G1_20200624_20201103_MF100_s1_r1:ASV_36:7b45460ab85503fa3a1cbb8aae03473646d71d9f,fieldReplicateID,,ARMS_Getxo_G_20200624_20201103,http://vocab.nerc.ac.uk/collection/P01/current/IDSPRE01,,
ARMS_Getxo_G1_20200624_20201103_MF100_s1_r1:ASV_36:7b45460ab85503fa3a1cbb8aae03473646d71d9f,technicalReplicateID,,,http://vocab.nerc.ac.uk/collection/P01/current/IDTCRE01,,
ARMS_Getxo_G1_20200624_20201103_MF100_s1_r1:ASV_36:7b45460ab85503fa3a1cbb8aae03473646d71d9f,originalScientificName,,Chlorella_heliozoae,,,
ARMS_Getxo_G1_20200624_20201103_MF100_s1_r1:ASV_36:7b45460ab85503fa3a1cbb8aae03473646d71d9f,originalTaxonRank,,species,,,
ARMS_Getxo_G1_20200624_20201103_MF100_s1_r1:ASV_36:7b45460ab85503fa3a1cbb8aae03473646d71d9f,originalScientificNameConfidenceLevel,,0.06,,,
ARMS_Getxo_G1_20200624_20201103_MF100_s1_r1:ASV_41:0c6d0563051096db77996996c0a64e2e98945405,submergedTime,day,132,http://vocab.nerc.ac.uk/collection/P01/current/AZDRZZ01/,https://vocab.nerc.ac.uk/collection/P06/current/UTAA/,
ARMS_Getxo_G1_20200624_20201103_MF100_s1_r1:ASV_41:0c6d0563051096db77996996c0a64e2e98945405,preservativeUsed,,DMSO,http://vocab.nerc.ac.uk/collection/Q01/current/Q0100004/,,https://pubchem.ncbi.nlm.nih.gov/compound/679
ARMS_Getxo_G1_20200624_20201103_MF100_s1_r1:ASV_41:0c6d0563051096db77996996c0a64e2e98945405,lowerLimitFilterSize,micrometer,100,http://vocab.nerc.ac.uk/collection/Q01/current/Q0100011/,https://vocab.nerc.ac.uk/collection/P06/current/UMIC/,
ARMS_Getxo_G1_20200624_20201103_MF100_s1_r1:ASV_41:0c6d0563051096db77996996c0a64e2e98945405,sampleAccessionNumber,,SAMEA10021237,,,
ARMS_Getxo_G1_20200624_20201103_MF100_s1_r1:ASV_41:0c6d0563051096db77996996c0a64e2e98945405,NCBIID,,1167209,,,
ARMS_Getxo_G1_20200624_20201103_MF100_s1_r1:ASV_41:0c6d0563051096db77996996c0a64e2e98945405,NCBIScientificName,,Polydora websteri,,,
ARMS_Getxo_G1_20200624_20201103_MF100_s1_r1:ASV_41:0c6d0563051096db77996996c0a64e2e98945405,NCBITaxonRank,,species,,,
ARMS_Getxo_G1_20200624_20201103_MF100_s1_r1:ASV_41:0c6d0563051096db77996996c0a64e2e98945405,fieldReplicateID,,ARMS_Getxo_G_20200624_20201103,http://vocab.nerc.ac.uk/collection/P01/current/IDSPRE01,,
ARMS_Getxo_G1_20200624_20201103_MF100_s1_r1:ASV_41:0c6d0563051096db77996996c0a64e2e98945405,technicalReplicateID,,,http://vocab.nerc.ac.uk/collection/P01/current/IDTCRE01,,
ARMS_Getxo_G1_20200624_20201103_MF100_s1_r1:ASV_41:0c6d0563051096db77996996c0a64e2e98945405,originalScientificName,,Polydora_websteri,,,
ARMS_Getxo_G1_20200624_20201103_MF100_s1_r1:ASV_41:0c6d0563051096db77996996c0a64e2e98945405,originalTaxonRank,,species,,,
ARMS_Getxo_G1_20200624_20201103_MF100_s1_r1:ASV_41:0c6d0563051096db77996996c0a64e2e98945405,originalScientificNameConfidenceLevel,,1.0,,,
ARMS_Getxo_G1_20200624_20201103_MF100_s1_r1:ASV_45:106518aacceecdceb5b3a07369d496f3176d0c88,submergedTime,day,132,http://vocab.nerc.ac.uk/collection/P01/current/AZDRZZ01/,https://vocab.nerc.ac.uk/collection/P06/current/UTAA/,
ARMS_Getxo_G1_20200624_20201103_MF100_s1_r1:ASV_45:106518aacceecdceb5b3a07369d496f3176d0c88,preservativeUsed,,DMSO,http://vocab.nerc.ac.uk/collection/Q01/current/Q0100004/,,https://pubchem.ncbi.nlm.nih.gov/compound/679
ARMS_Getxo_G1_20200624_20201103_MF100_s1_r1:ASV_45:106518aacceecdceb5b3a07369d496f3176d0c88,lowerLimitFilterSize,micrometer,100,http://vocab.nerc.ac.uk/collection/Q01/current/Q0100011/,https://vocab.nerc.ac.uk/collection/P06/current/UMIC/,
ARMS_Getxo_G1_20200624_20201103_MF100_s1_r1:ASV_45:106518aacceecdceb5b3a07369d496f3176d0c88,sampleAccessionNumber,,SAMEA10021237,,,
ARMS_Getxo_G1_20200624_20201103_MF100_s1_r1:ASV_45:106518aacceecdceb5b3a07369d496f3176d0c88,NCBIID,,4979,,,
ARMS_Getxo_G1_20200624_20201103_MF100_s1_r1:ASV_45:106518aacceecdceb5b3a07369d496f3176d0c88,NCBIScientificName,,Hannaella oryzae,,,
ARMS_Getxo_G1_20200624_20201103_MF100_s1_r1:ASV_45:106518aacceecdceb5b3a07369d496f3176d0c88,NCBITaxonRank,,species,,,
ARMS_Getxo_G1_20200624_20201103_MF100_s1_r1:ASV_45:106518aacceecdceb5b3a07369d496f3176d0c88,fieldReplicateID,,ARMS_Getxo_G_20200624_20201103,http://vocab.nerc.ac.uk/collection/P01/current/IDSPRE01,,
ARMS_Getxo_G1_20200624_20201103_MF100_s1_r1:ASV_45:106518aacceecdceb5b3a07369d496f3176d0c88,technicalReplicateID,,,http://vocab.nerc.ac.uk/collection/P01/current/IDTCRE01,,
ARMS_Getxo_G1_20200624_20201103_MF100_s1_r1:ASV_45:106518aacceecdceb5b3a07369d496f3176d0c88,originalScientificName,,Hannaella_oryzae,,,
ARMS_Getxo_G1_20200624_20201103_MF100_s1_r1:ASV_45:106518aacceecdceb5b3a07369d496f3176d0c88,originalTaxonRank,,species,,,
ARMS_Getxo_G1_20200624_20201103_MF100_s1_r1:ASV_45:106518aacceecdceb5b3a07369d496f3176d0c88,originalScientificNameConfidenceLevel,,0.01,,,
ARMS_Getxo_G1_20200624_20201103_MF100_s1_r1:ASV_47:016408ced6c21b9ca5d8f3e07232a15478abbe5f,submergedTime,day,132,http://vocab.nerc.ac.uk/collection/P01/current/AZDRZZ01/,https://vocab.nerc.ac.uk/collection/P06/current/UTAA/,
ARMS_Getxo_G1_20200624_20201103_MF100_s1_r1:ASV_47:016408ced6c21b9ca5d8f3e07232a15478abbe5f,preservativeUsed,,DMSO,http://vocab.nerc.ac.uk/collection/Q01/current/Q0100004/,,https://pubchem.ncbi.nlm.nih.gov/compound/679
ARMS_Getxo_G1_20200624_20201103_MF100_s1_r1:ASV_47:016408ced6c21b9ca5d8f3e07232a15478abbe5f,lowerLimitFilterSize,micrometer,100,http://vocab.nerc.ac.uk/collection/Q01/current/Q0100011/,https://vocab.nerc.ac.uk/collection/P06/current/UMIC/,
ARMS_Getxo_G1_20200624_20201103_MF100_s1_r1:ASV_47:016408ced6c21b9ca5d8f3e07232a15478abbe5f,sampleAccessionNumber,,SAMEA10021237,,,
ARMS_Getxo_G1_20200624_20201103_MF100_s1_r1:ASV_47:016408ced6c21b9ca5d8f3e07232a15478abbe5f,NCBIID,,156996,,,
ARMS_Getxo_G1_20200624_20201103_MF100_s1_r1:ASV_47:016408ced6c21b9ca5d8f3e07232a15478abbe5f,NCBIScientificName,,Dictyopteris divaricata,,,
ARMS_Getxo_G1_20200624_20201103_MF100_s1_r1:ASV_47:016408ced6c21b9ca5d8f3e07232a15478abbe5f,NCBITaxonRank,,species,,,
ARMS_Getxo_G1_20200624_20201103_MF100_s1_r1:ASV_47:016408ced6c21b9ca5d8f3e07232a15478abbe5f,fieldReplicateID,,ARMS_Getxo_G_20200624_20201103,http://vocab.nerc.ac.uk/collection/P01/current/IDSPRE01,,
ARMS_Getxo_G1_20200624_20201103_MF100_s1_r1:ASV_47:016408ced6c21b9ca5d8f3e07232a15478abbe5f,technicalReplicateID,,,http://vocab.nerc.ac.uk/collection/P01/current/IDTCRE01,,
ARMS_Getxo_G1_20200624_20201103_MF100_s1_r1:ASV_47:016408ced6c21b9ca5d8f3e07232a15478abbe5f,originalScientificName,,Dictyopteris_divaricata,,,
ARMS_Getxo_G1_20200624_20201103_MF100_s1_r1:ASV_47:016408ced6c21b9ca5d8f3e07232a15478abbe5f,originalTaxonRank,,species,,,
ARMS_Getxo_G1_20200624_20201103_MF100_s1_r1:ASV_47:016408ced6c21b9ca5d8f3e07232a15478abbe5f,originalScientificNameConfidenceLevel,,0.05,,,
ARMS_Getxo_G1_20200624_20201103_MF100_s1_r1:ASV_48:08d0037a4009afd030251986ed6ba94e9fd1da2e,submergedTime,day,132,http://vocab.nerc.ac.uk/collection/P01/current/AZDRZZ01/,https://vocab.nerc.ac.uk/collection/P06/current/UTAA/,
ARMS_Getxo_G1_20200624_20201103_MF100_s1_r1:ASV_48:08d0037a4009afd030251986ed6ba94e9fd1da2e,preservativeUsed,,DMSO,http://vocab.nerc.ac.uk/collection/Q01/current/Q0100004/,,https://pubchem.ncbi.nlm.nih.gov/compound/679
ARMS_Getxo_G1_20200624_20201103_MF100_s1_r1:ASV_48:08d0037a4009afd030251986ed6ba94e9fd1da2e,lowerLimitFilterSize,micrometer,100,http://vocab.nerc.ac.uk/collection/Q01/current/Q0100011/,https://vocab.nerc.ac.uk/collection/P06/current/UMIC/,
ARMS_Getxo_G1_20200624_20201103_MF100_s1_r1:ASV_48:08d0037a4009afd030251986ed6ba94e9fd1da2e,sampleAccessionNumber,,SAMEA10021237,,,
ARMS_Getxo_G1_20200624_20201103_MF100_s1_r1:ASV_48:08d0037a4009afd030251986ed6ba94e9fd1da2e,NCBIID,,2865492,,,
ARMS_Getxo_G1_20200624_20201103_MF100_s1_r1:ASV_48:08d0037a4009afd030251986ed6ba94e9fd1da2e,NCBIScientificName,,Cribrilina mutabilis,,,
ARMS_Getxo_G1_20200624_20201103_MF100_s1_r1:ASV_48:08d0037a4009afd030251986ed6ba94e9fd1da2e,NCBITaxonRank,,species,,,
ARMS_Getxo_G1_20200624_20201103_MF100_s1_r1:ASV_48:08d0037a4009afd030251986ed6ba94e9fd1da2e,fieldReplicateID,,ARMS_Getxo_G_20200624_20201103,http://vocab.nerc.ac.uk/collection/P01/current/IDSPRE01,,
ARMS_Getxo_G1_20200624_20201103_MF100_s1_r1:ASV_48:08d0037a4009afd030251986ed6ba94e9fd1da2e,technicalReplicateID,,,http://vocab.nerc.ac.uk/collection/P01/current/IDTCRE01,,
ARMS_Getxo_G1_20200624_20201103_MF100_s1_r1:ASV_48:08d0037a4009afd030251986ed6ba94e9fd1da2e,originalScientificName,,Cribrilina_mutabilis,,,
ARMS_Getxo_G1_20200624_20201103_MF100_s1_r1:ASV_48:08d0037a4009afd030251986ed6ba94e9fd1da2e,originalTaxonRank,,species,,,
ARMS_Getxo_G1_20200624_20201103_MF100_s1_r1:ASV_48:08d0037a4009afd030251986ed6ba94e9fd1da2e,originalScientificNameConfidenceLevel,,1.0,,,
ARMS_Getxo_G1_20200624_20201103_MF100_s1_r1:ASV_50:32483fb4c1cfb650e74ebd74b9272c4b3d160a69,submergedTime,day,132,http://vocab.nerc.ac.uk/collection/P01/current/AZDRZZ01/,https://vocab.nerc.ac.uk/collection/P06/current/UTAA/,
ARMS_Getxo_G1_20200624_20201103_MF100_s1_r1:ASV_50:32483fb4c1cfb650e74ebd74b9272c4b3d160a69,preservativeUsed,,DMSO,http://vocab.nerc.ac.uk/collection/Q01/current/Q0100004/,,https://pubchem.ncbi.nlm.nih.gov/compound/679
ARMS_Getxo_G1_20200624_20201103_MF100_s1_r1:ASV_50:32483fb4c1cfb650e74ebd74b9272c4b3d160a69,lowerLimitFilterSize,micrometer,100,http://vocab.nerc.ac.uk/collection/Q01/current/Q0100011/,https://vocab.nerc.ac.uk/collection/P06/current/UMIC/,
ARMS_Getxo_G1_20200624_20201103_MF100_s1_r1:ASV_50:32483fb4c1cfb650e74ebd74b9272c4b3d160a69,sampleAccessionNumber,,SAMEA10021237,,,
ARMS_Getxo_G1_20200624_20201103_MF100_s1_r1:ASV_50:32483fb4c1cfb650e74ebd74b9272c4b3d160a69,NCBIID,,53488,,,
ARMS_Getxo_G1_20200624_20201103_MF100_s1_r1:ASV_50:32483fb4c1cfb650e74ebd74b9272c4b3d160a69,NCBIScientificName,,Torulaspora franciscae,,,
ARMS_Getxo_G1_20200624_20201103_MF100_s1_r1:ASV_50:32483fb4c1cfb650e74ebd74b9272c4b3d160a69,NCBITaxonRank,,species,,,
ARMS_Getxo_G1_20200624_20201103_MF100_s1_r1:ASV_50:32483fb4c1cfb650e74ebd74b9272c4b3d160a69,fieldReplicateID,,ARMS_Getxo_G_20200624_20201103,http://vocab.nerc.ac.uk/collection/P01/current/IDSPRE01,,
ARMS_Getxo_G1_20200624_20201103_MF100_s1_r1:ASV_50:32483fb4c1cfb650e74ebd74b9272c4b3d160a69,technicalReplicateID,,,http://vocab.nerc.ac.uk/collection/P01/current/IDTCRE01,,
ARMS_Getxo_G1_20200624_20201103_MF100_s1_r1:ASV_50:32483fb4c1cfb650e74ebd74b9272c4b3d160a69,originalScientificName,,Torulaspora_franciscae,,,
ARMS_Getxo_G1_20200624_20201103_MF100_s1_r1:ASV_50:32483fb4c1cfb650e74ebd74b9272c4b3d160a69,originalTaxonRank,,species,,,
ARMS_Getxo_G1_20200624_20201103_MF100_s1_r1:ASV_50:32483fb4c1cfb650e74ebd74b9272c4b3d160a69,originalScientificNameConfidenceLevel,,0.02,,,
ARMS_Getxo_G1_20200624_20201103_MF100_s1_r1:ASV_51:33da948d5921884c0aeb393e2b5c64a8041c776f,submergedTime,day,132,http://vocab.nerc.ac.uk/collection/P01/current/AZDRZZ01/,https://vocab.nerc.ac.uk/collection/P06/current/UTAA/,
ARMS_Getxo_G1_20200624_20201103_MF100_s1_r1:ASV_51:33da948d5921884c0aeb393e2b5c64a8041c776f,preservativeUsed,,DMSO,http://vocab.nerc.ac.uk/collection/Q01/current/Q0100004/,,https://pubchem.ncbi.nlm.nih.gov/compound/679
ARMS_Getxo_G1_20200624_20201103_MF100_s1_r1:ASV_51:33da948d5921884c0aeb393e2b5c64a8041c776f,lowerLimitFilterSize,micrometer,100,http://vocab.nerc.ac.uk/collection/Q01/current/Q0100011/,https://vocab.nerc.ac.uk/collection/P06/current/UMIC/,
ARMS_Getxo_G1_20200624_20201103_MF100_s1_r1:ASV_51:33da948d5921884c0aeb393e2b5c64a8041c776f,sampleAccessionNumber,,SAMEA10021237,,,
ARMS_Getxo_G1_20200624_20201103_MF100_s1_r1:ASV_51:33da948d5921884c0aeb393e2b5c64a8041c776f,NCBIID,,2576727,,,
ARMS_Getxo_G1_20200624_20201103_MF100_s1_r1:ASV_51:33da948d5921884c0aeb393e2b5c64a8041c776f,NCBIScientificName,,Dinophilus vorticoides,,,
ARMS_Getxo_G1_20200624_20201103_MF100_s1_r1:ASV_51:33da948d5921884c0aeb393e2b5c64a8041c776f,NCBITaxonRank,,species,,,
ARMS_Getxo_G1_20200624_20201103_MF100_s1_r1:ASV_51:33da948d5921884c0aeb393e2b5c64a8041c776f,fieldReplicateID,,ARMS_Getxo_G_20200624_20201103,http://vocab.nerc.ac.uk/collection/P01/current/IDSPRE01,,
ARMS_Getxo_G1_20200624_20201103_MF100_s1_r1:ASV_51:33da948d5921884c0aeb393e2b5c64a8041c776f,technicalReplicateID,,,http://vocab.nerc.ac.uk/collection/P01/current/IDTCRE01,,
ARMS_Getxo_G1_20200624_20201103_MF100_s1_r1:ASV_51:33da948d5921884c0aeb393e2b5c64a8041c776f,originalScientificName,,Dinophilus_vorticoides,,,
ARMS_Getxo_G1_20200624_20201103_MF100_s1_r1:ASV_51:33da948d5921884c0aeb393e2b5c64a8041c776f,originalTaxonRank,,species,,,
ARMS_Getxo_G1_20200624_20201103_MF100_s1_r1:ASV_51:33da948d5921884c0aeb393e2b5c64a8041c776f,originalScientificNameConfidenceLevel,,1.0,,,
ARMS_Getxo_G1_20200624_20201103_MF100_s1_r1:ASV_52:4dc55c32c7341b51c9e9a97d51913de09106cda8,submergedTime,day,132,http://vocab.nerc.ac.uk/collection/P01/current/AZDRZZ01/,https://vocab.nerc.ac.uk/collection/P06/current/UTAA/,
ARMS_Getxo_G1_20200624_20201103_MF100_s1_r1:ASV_52:4dc55c32c7341b51c9e9a97d51913de09106cda8,preservativeUsed,,DMSO,http://vocab.nerc.ac.uk/collection/Q01/current/Q0100004/,,https://pubchem.ncbi.nlm.nih.gov/compound/679
ARMS_Getxo_G1_20200624_20201103_MF100_s1_r1:ASV_52:4dc55c32c7341b51c9e9a97d51913de09106cda8,lowerLimitFilterSize,micrometer,100,http://vocab.nerc.ac.uk/collection/Q01/current/Q0100011/,https://vocab.nerc.ac.uk/collection/P06/current/UMIC/,
ARMS_Getxo_G1_20200624_20201103_MF100_s1_r1:ASV_52:4dc55c32c7341b51c9e9a97d51913de09106cda8,sampleAccessionNumber,,SAMEA10021237,,,
ARMS_Getxo_G1_20200624_20201103_MF100_s1_r1:ASV_52:4dc55c32c7341b51c9e9a97d51913de09106cda8,NCBIID,,1883388,,,
ARMS_Getxo_G1_20200624_20201103_MF100_s1_r1:ASV_52:4dc55c32c7341b51c9e9a97d51913de09106cda8,NCBIScientificName,,Chloroparvula pacifica,,,
ARMS_Getxo_G1_20200624_20201103_MF100_s1_r1:ASV_52:4dc55c32c7341b51c9e9a97d51913de09106cda8,NCBITaxonRank,,species,,,
ARMS_Getxo_G1_20200624_20201103_MF100_s1_r1:ASV_52:4dc55c32c7341b51c9e9a97d51913de09106cda8,fieldReplicateID,,ARMS_Getxo_G_20200624_20201103,http://vocab.nerc.ac.uk/collection/P01/current/IDSPRE01,,
ARMS_Getxo_G1_20200624_20201103_MF100_s1_r1:ASV_52:4dc55c32c7341b51c9e9a97d51913de09106cda8,technicalReplicateID,,,http://vocab.nerc.ac.uk/collection/P01/current/IDTCRE01,,
ARMS_Getxo_G1_20200624_20201103_MF100_s1_r1:ASV_52:4dc55c32c7341b51c9e9a97d51913de09106cda8,originalScientificName,,Chloroparvula_pacifica,,,
ARMS_Getxo_G1_20200624_20201103_MF100_s1_r1:ASV_52:4dc55c32c7341b51c9e9a97d51913de09106cda8,originalTaxonRank,,species,,,
ARMS_Getxo_G1_20200624_20201103_MF100_s1_r1:ASV_52:4dc55c32c7341b51c9e9a97d51913de09106cda8,originalScientificNameConfidenceLevel,,0.06,,,
ARMS_Getxo_G1_20200624_20201103_MF100_s1_r1:ASV_59:70e24320d41fbcf7da684cebc8bdf7eb8caf0335,submergedTime,day,132,http://vocab.nerc.ac.uk/collection/P01/current/AZDRZZ01/,https://vocab.nerc.ac.uk/collection/P06/current/UTAA/,
ARMS_Getxo_G1_20200624_20201103_MF100_s1_r1:ASV_59:70e24320d41fbcf7da684cebc8bdf7eb8caf0335,preservativeUsed,,DMSO,http://vocab.nerc.ac.uk/collection/Q01/current/Q0100004/,,https://pubchem.ncbi.nlm.nih.gov/compound/679
ARMS_Getxo_G1_20200624_20201103_MF100_s1_r1:ASV_59:70e24320d41fbcf7da684cebc8bdf7eb8caf0335,lowerLimitFilterSize,micrometer,100,http://vocab.nerc.ac.uk/collection/Q01/current/Q0100011/,https://vocab.nerc.ac.uk/collection/P06/current/UMIC/,
ARMS_Getxo_G1_20200624_20201103_MF100_s1_r1:ASV_59:70e24320d41fbcf7da684cebc8bdf7eb8caf0335,sampleAccessionNumber,,SAMEA10021237,,,
ARMS_Getxo_G1_20200624_20201103_MF100_s1_r1:ASV_59:70e24320d41fbcf7da684cebc8bdf7eb8caf0335,NCBIID,,1869249,,,
ARMS_Getxo_G1_20200624_20201103_MF100_s1_r1:ASV_59:70e24320d41fbcf7da684cebc8bdf7eb8caf0335,NCBIScientificName,,Stephanodiscus meyeri,,,
ARMS_Getxo_G1_20200624_20201103_MF100_s1_r1:ASV_59:70e24320d41fbcf7da684cebc8bdf7eb8caf0335,NCBITaxonRank,,species,,,
ARMS_Getxo_G1_20200624_20201103_MF100_s1_r1:ASV_59:70e24320d41fbcf7da684cebc8bdf7eb8caf0335,fieldReplicateID,,ARMS_Getxo_G_20200624_20201103,http://vocab.nerc.ac.uk/collection/P01/current/IDSPRE01,,
ARMS_Getxo_G1_20200624_20201103_MF100_s1_r1:ASV_59:70e24320d41fbcf7da684cebc8bdf7eb8caf0335,technicalReplicateID,,,http://vocab.nerc.ac.uk/collection/P01/current/IDTCRE01,,
ARMS_Getxo_G1_20200624_20201103_MF100_s1_r1:ASV_59:70e24320d41fbcf7da684cebc8bdf7eb8caf0335,originalScientificName,,Stephanodiscus_meyeri,,,
ARMS_Getxo_G1_20200624_20201103_MF100_s1_r1:ASV_59:70e24320d41fbcf7da684cebc8bdf7eb8caf0335,originalTaxonRank,,species,,,
ARMS_Getxo_G1_20200624_20201103_MF100_s1_r1:ASV_59:70e24320d41fbcf7da684cebc8bdf7eb8caf0335,originalScientificNameConfidenceLevel,,0.03,,,
ARMS_Getxo_G1_20200624_20201103_MF100_s1_r1:ASV_61:4c45102f8028265f43bedc188e75c8cead231f99,submergedTime,day,132,http://vocab.nerc.ac.uk/collection/P01/current/AZDRZZ01/,https://vocab.nerc.ac.uk/collection/P06/current/UTAA/,
ARMS_Getxo_G1_20200624_20201103_MF100_s1_r1:ASV_61:4c45102f8028265f43bedc188e75c8cead231f99,preservativeUsed,,DMSO,http://vocab.nerc.ac.uk/collection/Q01/current/Q0100004/,,https://pubchem.ncbi.nlm.nih.gov/compound/679
ARMS_Getxo_G1_20200624_20201103_MF100_s1_r1:ASV_61:4c45102f8028265f43bedc188e75c8cead231f99,lowerLimitFilterSize,micrometer,100,http://vocab.nerc.ac.uk/collection/Q01/current/Q0100011/,https://vocab.nerc.ac.uk/collection/P06/current/UMIC/,
ARMS_Getxo_G1_20200624_20201103_MF100_s1_r1:ASV_61:4c45102f8028265f43bedc188e75c8cead231f99,sampleAccessionNumber,,SAMEA10021237,,,
ARMS_Getxo_G1_20200624_20201103_MF100_s1_r1:ASV_61:4c45102f8028265f43bedc188e75c8cead231f99,NCBIID,,392300,,,
ARMS_Getxo_G1_20200624_20201103_MF100_s1_r1:ASV_61:4c45102f8028265f43bedc188e75c8cead231f99,NCBIScientificName,,Histiona aroides,,,
ARMS_Getxo_G1_20200624_20201103_MF100_s1_r1:ASV_61:4c45102f8028265f43bedc188e75c8cead231f99,NCBITaxonRank,,species,,,
ARMS_Getxo_G1_20200624_20201103_MF100_s1_r1:ASV_61:4c45102f8028265f43bedc188e75c8cead231f99,fieldReplicateID,,ARMS_Getxo_G_20200624_20201103,http://vocab.nerc.ac.uk/collection/P01/current/IDSPRE01,,
ARMS_Getxo_G1_20200624_20201103_MF100_s1_r1:ASV_61:4c45102f8028265f43bedc188e75c8cead231f99,technicalReplicateID,,,http://vocab.nerc.ac.uk/collection/P01/current/IDTCRE01,,
ARMS_Getxo_G1_20200624_20201103_MF100_s1_r1:ASV_61:4c45102f8028265f43bedc188e75c8cead231f99,originalScientificName,,Histiona_aroides,,,
ARMS_Getxo_G1_20200624_20201103_MF100_s1_r1:ASV_61:4c45102f8028265f43bedc188e75c8cead231f99,originalTaxonRank,,species,,,
ARMS_Getxo_G1_20200624_20201103_MF100_s1_r1:ASV_61:4c45102f8028265f43bedc188e75c8cead231f99,originalScientificNameConfidenceLevel,,0.13,,,
ARMS_Getxo_G1_20200624_20201103_MF100_s1_r1:ASV_62:6076a3815e5a8a967f853e95c6b6380d310340cd,submergedTime,day,132,http://vocab.nerc.ac.uk/collection/P01/current/AZDRZZ01/,https://vocab.nerc.ac.uk/collection/P06/current/UTAA/,
ARMS_Getxo_G1_20200624_20201103_MF100_s1_r1:ASV_62:6076a3815e5a8a967f853e95c6b6380d310340cd,preservativeUsed,,DMSO,http://vocab.nerc.ac.uk/collection/Q01/current/Q0100004/,,https://pubchem.ncbi.nlm.nih.gov/compound/679
ARMS_Getxo_G1_20200624_20201103_MF100_s1_r1:ASV_62:6076a3815e5a8a967f853e95c6b6380d310340cd,lowerLimitFilterSize,micrometer,100,http://vocab.nerc.ac.uk/collection/Q01/current/Q0100011/,https://vocab.nerc.ac.uk/collection/P06/current/UMIC/,
ARMS_Getxo_G1_20200624_20201103_MF100_s1_r1:ASV_62:6076a3815e5a8a967f853e95c6b6380d310340cd,sampleAccessionNumber,,SAMEA10021237,,,
ARMS_Getxo_G1_20200624_20201103_MF100_s1_r1:ASV_62:6076a3815e5a8a967f853e95c6b6380d310340cd,NCBIID,,558755,,,
ARMS_Getxo_G1_20200624_20201103_MF100_s1_r1:ASV_62:6076a3815e5a8a967f853e95c6b6380d310340cd,NCBIScientificName,,Cryptosula pallasiana,,,
ARMS_Getxo_G1_20200624_20201103_MF100_s1_r1:ASV_62:6076a3815e5a8a967f853e95c6b6380d310340cd,NCBITaxonRank,,species,,,
ARMS_Getxo_G1_20200624_20201103_MF100_s1_r1:ASV_62:6076a3815e5a8a967f853e95c6b6380d310340cd,fieldReplicateID,,ARMS_Getxo_G_20200624_20201103,http://vocab.nerc.ac.uk/collection/P01/current/IDSPRE01,,
ARMS_Getxo_G1_20200624_20201103_MF100_s1_r1:ASV_62:6076a3815e5a8a967f853e95c6b6380d310340cd,technicalReplicateID,,,http://vocab.nerc.ac.uk/collection/P01/current/IDTCRE01,,
ARMS_Getxo_G1_20200624_20201103_MF100_s1_r1:ASV_62:6076a3815e5a8a967f853e95c6b6380d310340cd,originalScientificName,,Cryptosula_pallasiana,,,
ARMS_Getxo_G1_20200624_20201103_MF100_s1_r1:ASV_62:6076a3815e5a8a967f853e95c6b6380d310340cd,originalTaxonRank,,species,,,
ARMS_Getxo_G1_20200624_20201103_MF100_s1_r1:ASV_62:6076a3815e5a8a967f853e95c6b6380d310340cd,originalScientificNameConfidenceLevel,,1.0,,,
ARMS_Getxo_G1_20200624_20201103_MF100_s1_r1:ASV_64:739f96b932c0a4641a3dc303d24d06ba5b332f7b,submergedTime,day,132,http://vocab.nerc.ac.uk/collection/P01/current/AZDRZZ01/,https://vocab.nerc.ac.uk/collection/P06/current/UTAA/,
ARMS_Getxo_G1_20200624_20201103_MF100_s1_r1:ASV_64:739f96b932c0a4641a3dc303d24d06ba5b332f7b,preservativeUsed,,DMSO,http://vocab.nerc.ac.uk/collection/Q01/current/Q0100004/,,https://pubchem.ncbi.nlm.nih.gov/compound/679
ARMS_Getxo_G1_20200624_20201103_MF100_s1_r1:ASV_64:739f96b932c0a4641a3dc303d24d06ba5b332f7b,lowerLimitFilterSize,micrometer,100,http://vocab.nerc.ac.uk/collection/Q01/current/Q0100011/,https://vocab.nerc.ac.uk/collection/P06/current/UMIC/,
ARMS_Getxo_G1_20200624_20201103_MF100_s1_r1:ASV_64:739f96b932c0a4641a3dc303d24d06ba5b332f7b,sampleAccessionNumber,,SAMEA10021237,,,
ARMS_Getxo_G1_20200624_20201103_MF100_s1_r1:ASV_64:739f96b932c0a4641a3dc303d24d06ba5b332f7b,NCBIID,,2740444,,,
ARMS_Getxo_G1_20200624_20201103_MF100_s1_r1:ASV_64:739f96b932c0a4641a3dc303d24d06ba5b332f7b,NCBIScientificName,,Tuberfemurus torulisinotus,,,
ARMS_Getxo_G1_20200624_20201103_MF100_s1_r1:ASV_64:739f96b932c0a4641a3dc303d24d06ba5b332f7b,NCBITaxonRank,,species,,,
ARMS_Getxo_G1_20200624_20201103_MF100_s1_r1:ASV_64:739f96b932c0a4641a3dc303d24d06ba5b332f7b,fieldReplicateID,,ARMS_Getxo_G_20200624_20201103,http://vocab.nerc.ac.uk/collection/P01/current/IDSPRE01,,
ARMS_Getxo_G1_20200624_20201103_MF100_s1_r1:ASV_64:739f96b932c0a4641a3dc303d24d06ba5b332f7b,technicalReplicateID,,,http://vocab.nerc.ac.uk/collection/P01/current/IDTCRE01,,
ARMS_Getxo_G1_20200624_20201103_MF100_s1_r1:ASV_64:739f96b932c0a4641a3dc303d24d06ba5b332f7b,originalScientificName,,Tuberfemurus_torulisinotus,,,
ARMS_Getxo_G1_20200624_20201103_MF100_s1_r1:ASV_64:739f96b932c0a4641a3dc303d24d06ba5b332f7b,originalTaxonRank,,species,,,
ARMS_Getxo_G1_20200624_20201103_MF100_s1_r1:ASV_64:739f96b932c0a4641a3dc303d24d06ba5b332f7b,originalScientificNameConfidenceLevel,,0.01,,,
ARMS_Getxo_G1_20200624_20201103_MF100_s1_r1:ASV_66:95388affe2f5790a2ca6ca4cd6947d586990dea8,submergedTime,day,132,http://vocab.nerc.ac.uk/collection/P01/current/AZDRZZ01/,https://vocab.nerc.ac.uk/collection/P06/current/UTAA/,
ARMS_Getxo_G1_20200624_20201103_MF100_s1_r1:ASV_66:95388affe2f5790a2ca6ca4cd6947d586990dea8,preservativeUsed,,DMSO,http://vocab.nerc.ac.uk/collection/Q01/current/Q0100004/,,https://pubchem.ncbi.nlm.nih.gov/compound/679
ARMS_Getxo_G1_20200624_20201103_MF100_s1_r1:ASV_66:95388affe2f5790a2ca6ca4cd6947d586990dea8,lowerLimitFilterSize,micrometer,100,http://vocab.nerc.ac.uk/collection/Q01/current/Q0100011/,https://vocab.nerc.ac.uk/collection/P06/current/UMIC/,
ARMS_Getxo_G1_20200624_20201103_MF100_s1_r1:ASV_66:95388affe2f5790a2ca6ca4cd6947d586990dea8,sampleAccessionNumber,,SAMEA10021237,,,
ARMS_Getxo_G1_20200624_20201103_MF100_s1_r1:ASV_66:95388affe2f5790a2ca6ca4cd6947d586990dea8,NCBIID,,216763,,,
ARMS_Getxo_G1_20200624_20201103_MF100_s1_r1:ASV_66:95388affe2f5790a2ca6ca4cd6947d586990dea8,NCBIScientificName,,Skeletonema subsalsum,,,
ARMS_Getxo_G1_20200624_20201103_MF100_s1_r1:ASV_66:95388affe2f5790a2ca6ca4cd6947d586990dea8,NCBITaxonRank,,species,,,
ARMS_Getxo_G1_20200624_20201103_MF100_s1_r1:ASV_66:95388affe2f5790a2ca6ca4cd6947d586990dea8,fieldReplicateID,,ARMS_Getxo_G_20200624_20201103,http://vocab.nerc.ac.uk/collection/P01/current/IDSPRE01,,
ARMS_Getxo_G1_20200624_20201103_MF100_s1_r1:ASV_66:95388affe2f5790a2ca6ca4cd6947d586990dea8,technicalReplicateID,,,http://vocab.nerc.ac.uk/collection/P01/current/IDTCRE01,,
ARMS_Getxo_G1_20200624_20201103_MF100_s1_r1:ASV_66:95388affe2f5790a2ca6ca4cd6947d586990dea8,originalScientificName,,Skeletonema_subsalsum,,,
ARMS_Getxo_G1_20200624_20201103_MF100_s1_r1:ASV_66:95388affe2f5790a2ca6ca4cd6947d586990dea8,originalTaxonRank,,species,,,
ARMS_Getxo_G1_20200624_20201103_MF100_s1_r1:ASV_66:95388affe2f5790a2ca6ca4cd6947d586990dea8,originalScientificNameConfidenceLevel,,0.4,,,
ARMS_Getxo_G1_20200624_20201103_MF100_s1_r1:ASV_67:9e508277702dc46c690127e0c5dc33864fbf538d,submergedTime,day,132,http://vocab.nerc.ac.uk/collection/P01/current/AZDRZZ01/,https://vocab.nerc.ac.uk/collection/P06/current/UTAA/,
ARMS_Getxo_G1_20200624_20201103_MF100_s1_r1:ASV_67:9e508277702dc46c690127e0c5dc33864fbf538d,preservativeUsed,,DMSO,http://vocab.nerc.ac.uk/collection/Q01/current/Q0100004/,,https://pubchem.ncbi.nlm.nih.gov/compound/679
ARMS_Getxo_G1_20200624_20201103_MF100_s1_r1:ASV_67:9e508277702dc46c690127e0c5dc33864fbf538d,lowerLimitFilterSize,micrometer,100,http://vocab.nerc.ac.uk/collection/Q01/current/Q0100011/,https://vocab.nerc.ac.uk/collection/P06/current/UMIC/,
ARMS_Getxo_G1_20200624_20201103_MF100_s1_r1:ASV_67:9e508277702dc46c690127e0c5dc33864fbf538d,sampleAccessionNumber,,SAMEA10021237,,,
ARMS_Getxo_G1_20200624_20201103_MF100_s1_r1:ASV_67:9e508277702dc46c690127e0c5dc33864fbf538d,NCBIID,,517775,,,
ARMS_Getxo_G1_20200624_20201103_MF100_s1_r1:ASV_67:9e508277702dc46c690127e0c5dc33864fbf538d,NCBIScientificName,,Psammoneis japonica,,,
ARMS_Getxo_G1_20200624_20201103_MF100_s1_r1:ASV_67:9e508277702dc46c690127e0c5dc33864fbf538d,NCBITaxonRank,,species,,,
ARMS_Getxo_G1_20200624_20201103_MF100_s1_r1:ASV_67:9e508277702dc46c690127e0c5dc33864fbf538d,fieldReplicateID,,ARMS_Getxo_G_20200624_20201103,http://vocab.nerc.ac.uk/collection/P01/current/IDSPRE01,,
ARMS_Getxo_G1_20200624_20201103_MF100_s1_r1:ASV_67:9e508277702dc46c690127e0c5dc33864fbf538d,technicalReplicateID,,,http://vocab.nerc.ac.uk/collection/P01/current/IDTCRE01,,
ARMS_Getxo_G1_20200624_20201103_MF100_s1_r1:ASV_67:9e508277702dc46c690127e0c5dc33864fbf538d,originalScientificName,,Psammoneis_japonica,,,
ARMS_Getxo_G1_20200624_20201103_MF100_s1_r1:ASV_67:9e508277702dc46c690127e0c5dc33864fbf538d,originalTaxonRank,,species,,,
ARMS_Getxo_G1_20200624_20201103_MF100_s1_r1:ASV_67:9e508277702dc46c690127e0c5dc33864fbf538d,originalScientificNameConfidenceLevel,,0.02,,,
ARMS_Getxo_G1_20200624_20201103_MF100_s1_r1:ASV_69:ebf457aecd4584a1fc4480dbb73a1506ef50aee1,submergedTime,day,132,http://vocab.nerc.ac.uk/collection/P01/current/AZDRZZ01/,https://vocab.nerc.ac.uk/collection/P06/current/UTAA/,
ARMS_Getxo_G1_20200624_20201103_MF100_s1_r1:ASV_69:ebf457aecd4584a1fc4480dbb73a1506ef50aee1,preservativeUsed,,DMSO,http://vocab.nerc.ac.uk/collection/Q01/current/Q0100004/,,https://pubchem.ncbi.nlm.nih.gov/compound/679
ARMS_Getxo_G1_20200624_20201103_MF100_s1_r1:ASV_69:ebf457aecd4584a1fc4480dbb73a1506ef50aee1,lowerLimitFilterSize,micrometer,100,http://vocab.nerc.ac.uk/collection/Q01/current/Q0100011/,https://vocab.nerc.ac.uk/collection/P06/current/UMIC/,
ARMS_Getxo_G1_20200624_20201103_MF100_s1_r1:ASV_69:ebf457aecd4584a1fc4480dbb73a1506ef50aee1,sampleAccessionNumber,,SAMEA10021237,,,
ARMS_Getxo_G1_20200624_20201103_MF100_s1_r1:ASV_69:ebf457aecd4584a1fc4480dbb73a1506ef50aee1,NCBIID,,2932,,,
ARMS_Getxo_G1_20200624_20201103_MF100_s1_r1:ASV_69:ebf457aecd4584a1fc4480dbb73a1506ef50aee1,NCBIScientificName,,Alexandrium fundyense,,,
ARMS_Getxo_G1_20200624_20201103_MF100_s1_r1:ASV_69:ebf457aecd4584a1fc4480dbb73a1506ef50aee1,NCBITaxonRank,,species,,,
ARMS_Getxo_G1_20200624_20201103_MF100_s1_r1:ASV_69:ebf457aecd4584a1fc4480dbb73a1506ef50aee1,fieldReplicateID,,ARMS_Getxo_G_20200624_20201103,http://vocab.nerc.ac.uk/collection/P01/current/IDSPRE01,,
ARMS_Getxo_G1_20200624_20201103_MF100_s1_r1:ASV_69:ebf457aecd4584a1fc4480dbb73a1506ef50aee1,technicalReplicateID,,,http://vocab.nerc.ac.uk/collection/P01/current/IDTCRE01,,
ARMS_Getxo_G1_20200624_20201103_MF100_s1_r1:ASV_69:ebf457aecd4584a1fc4480dbb73a1506ef50aee1,originalScientificName,,Alexandrium_fundyense,,,
ARMS_Getxo_G1_20200624_20201103_MF100_s1_r1:ASV_69:ebf457aecd4584a1fc4480dbb73a1506ef50aee1,originalTaxonRank,,species,,,
ARMS_Getxo_G1_20200624_20201103_MF100_s1_r1:ASV_69:ebf457aecd4584a1fc4480dbb73a1506ef50aee1,originalScientificNameConfidenceLevel,,0.02,,,
ARMS_Getxo_G1_20200624_20201103_MF100_s1_r1:ASV_73:32e42eadd3dd51edb2f680a1cc7887a9c7e4c8ca,submergedTime,day,132,http://vocab.nerc.ac.uk/collection/P01/current/AZDRZZ01/,https://vocab.nerc.ac.uk/collection/P06/current/UTAA/,
ARMS_Getxo_G1_20200624_20201103_MF100_s1_r1:ASV_73:32e42eadd3dd51edb2f680a1cc7887a9c7e4c8ca,preservativeUsed,,DMSO,http://vocab.nerc.ac.uk/collection/Q01/current/Q0100004/,,https://pubchem.ncbi.nlm.nih.gov/compound/679
ARMS_Getxo_G1_20200624_20201103_MF100_s1_r1:ASV_73:32e42eadd3dd51edb2f680a1cc7887a9c7e4c8ca,lowerLimitFilterSize,micrometer,100,http://vocab.nerc.ac.uk/collection/Q01/current/Q0100011/,https://vocab.nerc.ac.uk/collection/P06/current/UMIC/,
ARMS_Getxo_G1_20200624_20201103_MF100_s1_r1:ASV_73:32e42eadd3dd51edb2f680a1cc7887a9c7e4c8ca,sampleAccessionNumber,,SAMEA10021237,,,
ARMS_Getxo_G1_20200624_20201103_MF100_s1_r1:ASV_73:32e42eadd3dd51edb2f680a1cc7887a9c7e4c8ca,NCBIID,,303405,,,
ARMS_Getxo_G1_20200624_20201103_MF100_s1_r1:ASV_73:32e42eadd3dd51edb2f680a1cc7887a9c7e4c8ca,NCBIScientificName,,Nitzschia inconspicua,,,
ARMS_Getxo_G1_20200624_20201103_MF100_s1_r1:ASV_73:32e42eadd3dd51edb2f680a1cc7887a9c7e4c8ca,NCBITaxonRank,,species,,,
ARMS_Getxo_G1_20200624_20201103_MF100_s1_r1:ASV_73:32e42eadd3dd51edb2f680a1cc7887a9c7e4c8ca,fieldReplicateID,,ARMS_Getxo_G_20200624_20201103,http://vocab.nerc.ac.uk/collection/P01/current/IDSPRE01,,
ARMS_Getxo_G1_20200624_20201103_MF100_s1_r1:ASV_73:32e42eadd3dd51edb2f680a1cc7887a9c7e4c8ca,technicalReplicateID,,,http://vocab.nerc.ac.uk/collection/P01/current/IDTCRE01,,
ARMS_Getxo_G1_20200624_20201103_MF100_s1_r1:ASV_73:32e42eadd3dd51edb2f680a1cc7887a9c7e4c8ca,originalScientificName,,Nitzschia_inconspicua,,,
ARMS_Getxo_G1_20200624_20201103_MF100_s1_r1:ASV_73:32e42eadd3dd51edb2f680a1cc7887a9c7e4c8ca,originalTaxonRank,,species,,,
ARMS_Getxo_G1_20200624_20201103_MF100_s1_r1:ASV_73:32e42eadd3dd51edb2f680a1cc7887a9c7e4c8ca,originalScientificNameConfidenceLevel,,0.63,,,
ARMS_Getxo_G1_20200624_20201103_MF100_s1_r1:ASV_76:9813d305786405d182876bdea17a1c1047f051f3,submergedTime,day,132,http://vocab.nerc.ac.uk/collection/P01/current/AZDRZZ01/,https://vocab.nerc.ac.uk/collection/P06/current/UTAA/,
ARMS_Getxo_G1_20200624_20201103_MF100_s1_r1:ASV_76:9813d305786405d182876bdea17a1c1047f051f3,preservativeUsed,,DMSO,http://vocab.nerc.ac.uk/collection/Q01/current/Q0100004/,,https://pubchem.ncbi.nlm.nih.gov/compound/679
ARMS_Getxo_G1_20200624_20201103_MF100_s1_r1:ASV_76:9813d305786405d182876bdea17a1c1047f051f3,lowerLimitFilterSize,micrometer,100,http://vocab.nerc.ac.uk/collection/Q01/current/Q0100011/,https://vocab.nerc.ac.uk/collection/P06/current/UMIC/,
ARMS_Getxo_G1_20200624_20201103_MF100_s1_r1:ASV_76:9813d305786405d182876bdea17a1c1047f051f3,sampleAccessionNumber,,SAMEA10021237,,,
ARMS_Getxo_G1_20200624_20201103_MF100_s1_r1:ASV_76:9813d305786405d182876bdea17a1c1047f051f3,NCBIID,,1431480,,,
ARMS_Getxo_G1_20200624_20201103_MF100_s1_r1:ASV_76:9813d305786405d182876bdea17a1c1047f051f3,NCBIScientificName,,Brephamia parvula,,,
ARMS_Getxo_G1_20200624_20201103_MF100_s1_r1:ASV_76:9813d305786405d182876bdea17a1c1047f051f3,NCBITaxonRank,,species,,,
ARMS_Getxo_G1_20200624_20201103_MF100_s1_r1:ASV_76:9813d305786405d182876bdea17a1c1047f051f3,fieldReplicateID,,ARMS_Getxo_G_20200624_20201103,http://vocab.nerc.ac.uk/collection/P01/current/IDSPRE01,,
ARMS_Getxo_G1_20200624_20201103_MF100_s1_r1:ASV_76:9813d305786405d182876bdea17a1c1047f051f3,technicalReplicateID,,,http://vocab.nerc.ac.uk/collection/P01/current/IDTCRE01,,
ARMS_Getxo_G1_20200624_20201103_MF100_s1_r1:ASV_76:9813d305786405d182876bdea17a1c1047f051f3,originalScientificName,,Brephamia_parvula,,,
ARMS_Getxo_G1_20200624_20201103_MF100_s1_r1:ASV_76:9813d305786405d182876bdea17a1c1047f051f3,originalTaxonRank,,species,,,
ARMS_Getxo_G1_20200624_20201103_MF100_s1_r1:ASV_76:9813d305786405d182876bdea17a1c1047f051f3,originalScientificNameConfidenceLevel,,0.05,,,
ARMS_Getxo_G1_20200624_20201103_MF100_s1_r1:ASV_79:c1ffa1a77c66c5e3a18b2b6ab37ccfed1c5b3be6,submergedTime,day,132,http://vocab.nerc.ac.uk/collection/P01/current/AZDRZZ01/,https://vocab.nerc.ac.uk/collection/P06/current/UTAA/,
ARMS_Getxo_G1_20200624_20201103_MF100_s1_r1:ASV_79:c1ffa1a77c66c5e3a18b2b6ab37ccfed1c5b3be6,preservativeUsed,,DMSO,http://vocab.nerc.ac.uk/collection/Q01/current/Q0100004/,,https://pubchem.ncbi.nlm.nih.gov/compound/679
ARMS_Getxo_G1_20200624_20201103_MF100_s1_r1:ASV_79:c1ffa1a77c66c5e3a18b2b6ab37ccfed1c5b3be6,lowerLimitFilterSize,micrometer,100,http://vocab.nerc.ac.uk/collection/Q01/current/Q0100011/,https://vocab.nerc.ac.uk/collection/P06/current/UMIC/,
ARMS_Getxo_G1_20200624_20201103_MF100_s1_r1:ASV_79:c1ffa1a77c66c5e3a18b2b6ab37ccfed1c5b3be6,sampleAccessionNumber,,SAMEA10021237,,,
ARMS_Getxo_G1_20200624_20201103_MF100_s1_r1:ASV_79:c1ffa1a77c66c5e3a18b2b6ab37ccfed1c5b3be6,NCBIID,,43926,,,
ARMS_Getxo_G1_20200624_20201103_MF100_s1_r1:ASV_79:c1ffa1a77c66c5e3a18b2b6ab37ccfed1c5b3be6,NCBIScientificName,,Nannochloropsis granulata,,,
ARMS_Getxo_G1_20200624_20201103_MF100_s1_r1:ASV_79:c1ffa1a77c66c5e3a18b2b6ab37ccfed1c5b3be6,NCBITaxonRank,,species,,,
ARMS_Getxo_G1_20200624_20201103_MF100_s1_r1:ASV_79:c1ffa1a77c66c5e3a18b2b6ab37ccfed1c5b3be6,fieldReplicateID,,ARMS_Getxo_G_20200624_20201103,http://vocab.nerc.ac.uk/collection/P01/current/IDSPRE01,,
ARMS_Getxo_G1_20200624_20201103_MF100_s1_r1:ASV_79:c1ffa1a77c66c5e3a18b2b6ab37ccfed1c5b3be6,technicalReplicateID,,,http://vocab.nerc.ac.uk/collection/P01/current/IDTCRE01,,
ARMS_Getxo_G1_20200624_20201103_MF100_s1_r1:ASV_79:c1ffa1a77c66c5e3a18b2b6ab37ccfed1c5b3be6,originalScientificName,,Nannochloropsis_granulata,,,
ARMS_Getxo_G1_20200624_20201103_MF100_s1_r1:ASV_79:c1ffa1a77c66c5e3a18b2b6ab37ccfed1c5b3be6,originalTaxonRank,,species,,,
ARMS_Getxo_G1_20200624_20201103_MF100_s1_r1:ASV_79:c1ffa1a77c66c5e3a18b2b6ab37ccfed1c5b3be6,originalScientificNameConfidenceLevel,,0.05,,,
ARMS_Getxo_G1_20200624_20201103_MF100_s1_r1:ASV_82:dbf4666bac4d3d8dd649c7c3f5f86cc65647f031,submergedTime,day,132,http://vocab.nerc.ac.uk/collection/P01/current/AZDRZZ01/,https://vocab.nerc.ac.uk/collection/P06/current/UTAA/,
ARMS_Getxo_G1_20200624_20201103_MF100_s1_r1:ASV_82:dbf4666bac4d3d8dd649c7c3f5f86cc65647f031,preservativeUsed,,DMSO,http://vocab.nerc.ac.uk/collection/Q01/current/Q0100004/,,https://pubchem.ncbi.nlm.nih.gov/compound/679
ARMS_Getxo_G1_20200624_20201103_MF100_s1_r1:ASV_82:dbf4666bac4d3d8dd649c7c3f5f86cc65647f031,lowerLimitFilterSize,micrometer,100,http://vocab.nerc.ac.uk/collection/Q01/current/Q0100011/,https://vocab.nerc.ac.uk/collection/P06/current/UMIC/,
ARMS_Getxo_G1_20200624_20201103_MF100_s1_r1:ASV_82:dbf4666bac4d3d8dd649c7c3f5f86cc65647f031,sampleAccessionNumber,,SAMEA10021237,,,
ARMS_Getxo_G1_20200624_20201103_MF100_s1_r1:ASV_82:dbf4666bac4d3d8dd649c7c3f5f86cc65647f031,NCBIID,,29884,,,
ARMS_Getxo_G1_20200624_20201103_MF100_s1_r1:ASV_82:dbf4666bac4d3d8dd649c7c3f5f86cc65647f031,NCBIScientificName,,Ganoderma applanatum,,,
ARMS_Getxo_G1_20200624_20201103_MF100_s1_r1:ASV_82:dbf4666bac4d3d8dd649c7c3f5f86cc65647f031,NCBITaxonRank,,species,,,
ARMS_Getxo_G1_20200624_20201103_MF100_s1_r1:ASV_82:dbf4666bac4d3d8dd649c7c3f5f86cc65647f031,fieldReplicateID,,ARMS_Getxo_G_20200624_20201103,http://vocab.nerc.ac.uk/collection/P01/current/IDSPRE01,,
ARMS_Getxo_G1_20200624_20201103_MF100_s1_r1:ASV_82:dbf4666bac4d3d8dd649c7c3f5f86cc65647f031,technicalReplicateID,,,http://vocab.nerc.ac.uk/collection/P01/current/IDTCRE01,,
ARMS_Getxo_G1_20200624_20201103_MF100_s1_r1:ASV_82:dbf4666bac4d3d8dd649c7c3f5f86cc65647f031,originalScientificName,,Ganoderma_applanatum,,,
ARMS_Getxo_G1_20200624_20201103_MF100_s1_r1:ASV_82:dbf4666bac4d3d8dd649c7c3f5f86cc65647f031,originalTaxonRank,,species,,,
ARMS_Getxo_G1_20200624_20201103_MF100_s1_r1:ASV_82:dbf4666bac4d3d8dd649c7c3f5f86cc65647f031,originalScientificNameConfidenceLevel,,0.02,,,
ARMS_Getxo_G1_20200624_20201103_MF100_s1_r1:ASV_83:e3c4ce8ec19b8a50574e1ccc39c28996c5459fd2,submergedTime,day,132,http://vocab.nerc.ac.uk/collection/P01/current/AZDRZZ01/,https://vocab.nerc.ac.uk/collection/P06/current/UTAA/,
ARMS_Getxo_G1_20200624_20201103_MF100_s1_r1:ASV_83:e3c4ce8ec19b8a50574e1ccc39c28996c5459fd2,preservativeUsed,,DMSO,http://vocab.nerc.ac.uk/collection/Q01/current/Q0100004/,,https://pubchem.ncbi.nlm.nih.gov/compound/679
ARMS_Getxo_G1_20200624_20201103_MF100_s1_r1:ASV_83:e3c4ce8ec19b8a50574e1ccc39c28996c5459fd2,lowerLimitFilterSize,micrometer,100,http://vocab.nerc.ac.uk/collection/Q01/current/Q0100011/,https://vocab.nerc.ac.uk/collection/P06/current/UMIC/,
ARMS_Getxo_G1_20200624_20201103_MF100_s1_r1:ASV_83:e3c4ce8ec19b8a50574e1ccc39c28996c5459fd2,sampleAccessionNumber,,SAMEA10021237,,,
ARMS_Getxo_G1_20200624_20201103_MF100_s1_r1:ASV_83:e3c4ce8ec19b8a50574e1ccc39c28996c5459fd2,NCBIID,,3022,,,
ARMS_Getxo_G1_20200624_20201103_MF100_s1_r1:ASV_83:e3c4ce8ec19b8a50574e1ccc39c28996c5459fd2,NCBIScientificName,,Akkesiphycus lubricum,,,
ARMS_Getxo_G1_20200624_20201103_MF100_s1_r1:ASV_83:e3c4ce8ec19b8a50574e1ccc39c28996c5459fd2,NCBITaxonRank,,species,,,
ARMS_Getxo_G1_20200624_20201103_MF100_s1_r1:ASV_83:e3c4ce8ec19b8a50574e1ccc39c28996c5459fd2,fieldReplicateID,,ARMS_Getxo_G_20200624_20201103,http://vocab.nerc.ac.uk/collection/P01/current/IDSPRE01,,
ARMS_Getxo_G1_20200624_20201103_MF100_s1_r1:ASV_83:e3c4ce8ec19b8a50574e1ccc39c28996c5459fd2,technicalReplicateID,,,http://vocab.nerc.ac.uk/collection/P01/current/IDTCRE01,,
ARMS_Getxo_G1_20200624_20201103_MF100_s1_r1:ASV_83:e3c4ce8ec19b8a50574e1ccc39c28996c5459fd2,originalScientificName,,Akkesiphycus_lubricum,,,
ARMS_Getxo_G1_20200624_20201103_MF100_s1_r1:ASV_83:e3c4ce8ec19b8a50574e1ccc39c28996c5459fd2,originalTaxonRank,,species,,,
ARMS_Getxo_G1_20200624_20201103_MF100_s1_r1:ASV_83:e3c4ce8ec19b8a50574e1ccc39c28996c5459fd2,originalScientificNameConfidenceLevel,,0.12,,,
ARMS_Getxo_G1_20200624_20201103_MF100_s1_r1:ASV_88:30cb5351f9915ceb44eec778e5427f5670c49e88,submergedTime,day,132,http://vocab.nerc.ac.uk/collection/P01/current/AZDRZZ01/,https://vocab.nerc.ac.uk/collection/P06/current/UTAA/,
ARMS_Getxo_G1_20200624_20201103_MF100_s1_r1:ASV_88:30cb5351f9915ceb44eec778e5427f5670c49e88,preservativeUsed,,DMSO,http://vocab.nerc.ac.uk/collection/Q01/current/Q0100004/,,https://pubchem.ncbi.nlm.nih.gov/compound/679
ARMS_Getxo_G1_20200624_20201103_MF100_s1_r1:ASV_88:30cb5351f9915ceb44eec778e5427f5670c49e88,lowerLimitFilterSize,micrometer,100,http://vocab.nerc.ac.uk/collection/Q01/current/Q0100011/,https://vocab.nerc.ac.uk/collection/P06/current/UMIC/,
ARMS_Getxo_G1_20200624_20201103_MF100_s1_r1:ASV_88:30cb5351f9915ceb44eec778e5427f5670c49e88,sampleAccessionNumber,,SAMEA10021237,,,
ARMS_Getxo_G1_20200624_20201103_MF100_s1_r1:ASV_88:30cb5351f9915ceb44eec778e5427f5670c49e88,NCBIID,,2664684,,,
ARMS_Getxo_G1_20200624_20201103_MF100_s1_r1:ASV_88:30cb5351f9915ceb44eec778e5427f5670c49e88,NCBIScientificName,,Dimorphilus gyrociliatus,,,
ARMS_Getxo_G1_20200624_20201103_MF100_s1_r1:ASV_88:30cb5351f9915ceb44eec778e5427f5670c49e88,NCBITaxonRank,,species,,,
ARMS_Getxo_G1_20200624_20201103_MF100_s1_r1:ASV_88:30cb5351f9915ceb44eec778e5427f5670c49e88,fieldReplicateID,,ARMS_Getxo_G_20200624_20201103,http://vocab.nerc.ac.uk/collection/P01/current/IDSPRE01,,
ARMS_Getxo_G1_20200624_20201103_MF100_s1_r1:ASV_88:30cb5351f9915ceb44eec778e5427f5670c49e88,technicalReplicateID,,,http://vocab.nerc.ac.uk/collection/P01/current/IDTCRE01,,
ARMS_Getxo_G1_20200624_20201103_MF100_s1_r1:ASV_88:30cb5351f9915ceb44eec778e5427f5670c49e88,originalScientificName,,Dimorphilus_gyrociliatus,,,
ARMS_Getxo_G1_20200624_20201103_MF100_s1_r1:ASV_88:30cb5351f9915ceb44eec778e5427f5670c49e88,originalTaxonRank,,species,,,
ARMS_Getxo_G1_20200624_20201103_MF100_s1_r1:ASV_88:30cb5351f9915ceb44eec778e5427f5670c49e88,originalScientificNameConfidenceLevel,,1.0,,,
ARMS_Getxo_G1_20200624_20201103_MF100_s1_r1:ASV_89:35d4c569970aa32fcca0cb2ab342e6e8db146f2d,submergedTime,day,132,http://vocab.nerc.ac.uk/collection/P01/current/AZDRZZ01/,https://vocab.nerc.ac.uk/collection/P06/current/UTAA/,
ARMS_Getxo_G1_20200624_20201103_MF100_s1_r1:ASV_89:35d4c569970aa32fcca0cb2ab342e6e8db146f2d,preservativeUsed,,DMSO,http://vocab.nerc.ac.uk/collection/Q01/current/Q0100004/,,https://pubchem.ncbi.nlm.nih.gov/compound/679
ARMS_Getxo_G1_20200624_20201103_MF100_s1_r1:ASV_89:35d4c569970aa32fcca0cb2ab342e6e8db146f2d,lowerLimitFilterSize,micrometer,100,http://vocab.nerc.ac.uk/collection/Q01/current/Q0100011/,https://vocab.nerc.ac.uk/collection/P06/current/UMIC/,
ARMS_Getxo_G1_20200624_20201103_MF100_s1_r1:ASV_89:35d4c569970aa32fcca0cb2ab342e6e8db146f2d,sampleAccessionNumber,,SAMEA10021237,,,
ARMS_Getxo_G1_20200624_20201103_MF100_s1_r1:ASV_89:35d4c569970aa32fcca0cb2ab342e6e8db146f2d,NCBIID,,741276,,,
ARMS_Getxo_G1_20200624_20201103_MF100_s1_r1:ASV_89:35d4c569970aa32fcca0cb2ab342e6e8db146f2d,NCBIScientificName,,Rhodotorula taiwanensis,,,
ARMS_Getxo_G1_20200624_20201103_MF100_s1_r1:ASV_89:35d4c569970aa32fcca0cb2ab342e6e8db146f2d,NCBITaxonRank,,species,,,
ARMS_Getxo_G1_20200624_20201103_MF100_s1_r1:ASV_89:35d4c569970aa32fcca0cb2ab342e6e8db146f2d,fieldReplicateID,,ARMS_Getxo_G_20200624_20201103,http://vocab.nerc.ac.uk/collection/P01/current/IDSPRE01,,
ARMS_Getxo_G1_20200624_20201103_MF100_s1_r1:ASV_89:35d4c569970aa32fcca0cb2ab342e6e8db146f2d,technicalReplicateID,,,http://vocab.nerc.ac.uk/collection/P01/current/IDTCRE01,,
ARMS_Getxo_G1_20200624_20201103_MF100_s1_r1:ASV_89:35d4c569970aa32fcca0cb2ab342e6e8db146f2d,originalScientificName,,Rhodotorula_taiwanensis,,,
ARMS_Getxo_G1_20200624_20201103_MF100_s1_r1:ASV_89:35d4c569970aa32fcca0cb2ab342e6e8db146f2d,originalTaxonRank,,species,,,
ARMS_Getxo_G1_20200624_20201103_MF100_s1_r1:ASV_89:35d4c569970aa32fcca0cb2ab342e6e8db146f2d,originalScientificNameConfidenceLevel,,0.05,,,
ARMS_Getxo_G1_20200624_20201103_MF100_s1_r1:ASV_90:37be6c93183b08d1f22a14a32b094779443bb3bc,submergedTime,day,132,http://vocab.nerc.ac.uk/collection/P01/current/AZDRZZ01/,https://vocab.nerc.ac.uk/collection/P06/current/UTAA/,
ARMS_Getxo_G1_20200624_20201103_MF100_s1_r1:ASV_90:37be6c93183b08d1f22a14a32b094779443bb3bc,preservativeUsed,,DMSO,http://vocab.nerc.ac.uk/collection/Q01/current/Q0100004/,,https://pubchem.ncbi.nlm.nih.gov/compound/679
ARMS_Getxo_G1_20200624_20201103_MF100_s1_r1:ASV_90:37be6c93183b08d1f22a14a32b094779443bb3bc,lowerLimitFilterSize,micrometer,100,http://vocab.nerc.ac.uk/collection/Q01/current/Q0100011/,https://vocab.nerc.ac.uk/collection/P06/current/UMIC/,
ARMS_Getxo_G1_20200624_20201103_MF100_s1_r1:ASV_90:37be6c93183b08d1f22a14a32b094779443bb3bc,sampleAccessionNumber,,SAMEA10021237,,,
ARMS_Getxo_G1_20200624_20201103_MF100_s1_r1:ASV_90:37be6c93183b08d1f22a14a32b094779443bb3bc,NCBIID,,56345,,,
ARMS_Getxo_G1_20200624_20201103_MF100_s1_r1:ASV_90:37be6c93183b08d1f22a14a32b094779443bb3bc,NCBIScientificName,,Phalcoboenus australis,,,
ARMS_Getxo_G1_20200624_20201103_MF100_s1_r1:ASV_90:37be6c93183b08d1f22a14a32b094779443bb3bc,NCBITaxonRank,,species,,,
ARMS_Getxo_G1_20200624_20201103_MF100_s1_r1:ASV_90:37be6c93183b08d1f22a14a32b094779443bb3bc,fieldReplicateID,,ARMS_Getxo_G_20200624_20201103,http://vocab.nerc.ac.uk/collection/P01/current/IDSPRE01,,
ARMS_Getxo_G1_20200624_20201103_MF100_s1_r1:ASV_90:37be6c93183b08d1f22a14a32b094779443bb3bc,technicalReplicateID,,,http://vocab.nerc.ac.uk/collection/P01/current/IDTCRE01,,
ARMS_Getxo_G1_20200624_20201103_MF100_s1_r1:ASV_90:37be6c93183b08d1f22a14a32b094779443bb3bc,originalScientificName,,Phalcoboenus_australis,,,
ARMS_Getxo_G1_20200624_20201103_MF100_s1_r1:ASV_90:37be6c93183b08d1f22a14a32b094779443bb3bc,originalTaxonRank,,species,,,
ARMS_Getxo_G1_20200624_20201103_MF100_s1_r1:ASV_90:37be6c93183b08d1f22a14a32b094779443bb3bc,originalScientificNameConfidenceLevel,,0.05,,,
ARMS_Getxo_G1_20200624_20201103_MF100_s1_r1:ASV_92:4dd7c7ef5d8180b102f4ef35aed2bc035f07d6ed,submergedTime,day,132,http://vocab.nerc.ac.uk/collection/P01/current/AZDRZZ01/,https://vocab.nerc.ac.uk/collection/P06/current/UTAA/,
ARMS_Getxo_G1_20200624_20201103_MF100_s1_r1:ASV_92:4dd7c7ef5d8180b102f4ef35aed2bc035f07d6ed,preservativeUsed,,DMSO,http://vocab.nerc.ac.uk/collection/Q01/current/Q0100004/,,https://pubchem.ncbi.nlm.nih.gov/compound/679
ARMS_Getxo_G1_20200624_20201103_MF100_s1_r1:ASV_92:4dd7c7ef5d8180b102f4ef35aed2bc035f07d6ed,lowerLimitFilterSize,micrometer,100,http://vocab.nerc.ac.uk/collection/Q01/current/Q0100011/,https://vocab.nerc.ac.uk/collection/P06/current/UMIC/,
ARMS_Getxo_G1_20200624_20201103_MF100_s1_r1:ASV_92:4dd7c7ef5d8180b102f4ef35aed2bc035f07d6ed,sampleAccessionNumber,,SAMEA10021237,,,
ARMS_Getxo_G1_20200624_20201103_MF100_s1_r1:ASV_92:4dd7c7ef5d8180b102f4ef35aed2bc035f07d6ed,NCBIID,,2875,,,
ARMS_Getxo_G1_20200624_20201103_MF100_s1_r1:ASV_92:4dd7c7ef5d8180b102f4ef35aed2bc035f07d6ed,NCBIScientificName,,Dictyota,,,
ARMS_Getxo_G1_20200624_20201103_MF100_s1_r1:ASV_92:4dd7c7ef5d8180b102f4ef35aed2bc035f07d6ed,NCBITaxonRank,,genus,,,
ARMS_Getxo_G1_20200624_20201103_MF100_s1_r1:ASV_92:4dd7c7ef5d8180b102f4ef35aed2bc035f07d6ed,fieldReplicateID,,ARMS_Getxo_G_20200624_20201103,http://vocab.nerc.ac.uk/collection/P01/current/IDSPRE01,,
ARMS_Getxo_G1_20200624_20201103_MF100_s1_r1:ASV_92:4dd7c7ef5d8180b102f4ef35aed2bc035f07d6ed,technicalReplicateID,,,http://vocab.nerc.ac.uk/collection/P01/current/IDTCRE01,,
ARMS_Getxo_G1_20200624_20201103_MF100_s1_r1:ASV_92:4dd7c7ef5d8180b102f4ef35aed2bc035f07d6ed,originalScientificName,,Dictyota_mertensii_sl_2_ODC,,,
ARMS_Getxo_G1_20200624_20201103_MF100_s1_r1:ASV_92:4dd7c7ef5d8180b102f4ef35aed2bc035f07d6ed,originalTaxonRank,,species,,,
ARMS_Getxo_G1_20200624_20201103_MF100_s1_r1:ASV_92:4dd7c7ef5d8180b102f4ef35aed2bc035f07d6ed,originalScientificNameConfidenceLevel,,0.05,,,
ARMS_Getxo_G1_20200624_20201103_MF100_s1_r1:ASV_94:5aca529f3dc8bb2f1f02da7b6dbd291d78f14a94,submergedTime,day,132,http://vocab.nerc.ac.uk/collection/P01/current/AZDRZZ01/,https://vocab.nerc.ac.uk/collection/P06/current/UTAA/,
ARMS_Getxo_G1_20200624_20201103_MF100_s1_r1:ASV_94:5aca529f3dc8bb2f1f02da7b6dbd291d78f14a94,preservativeUsed,,DMSO,http://vocab.nerc.ac.uk/collection/Q01/current/Q0100004/,,https://pubchem.ncbi.nlm.nih.gov/compound/679
ARMS_Getxo_G1_20200624_20201103_MF100_s1_r1:ASV_94:5aca529f3dc8bb2f1f02da7b6dbd291d78f14a94,lowerLimitFilterSize,micrometer,100,http://vocab.nerc.ac.uk/collection/Q01/current/Q0100011/,https://vocab.nerc.ac.uk/collection/P06/current/UMIC/,
ARMS_Getxo_G1_20200624_20201103_MF100_s1_r1:ASV_94:5aca529f3dc8bb2f1f02da7b6dbd291d78f14a94,sampleAccessionNumber,,SAMEA10021237,,,
ARMS_Getxo_G1_20200624_20201103_MF100_s1_r1:ASV_94:5aca529f3dc8bb2f1f02da7b6dbd291d78f14a94,NCBIID,,127449,,,
ARMS_Getxo_G1_20200624_20201103_MF100_s1_r1:ASV_94:5aca529f3dc8bb2f1f02da7b6dbd291d78f14a94,NCBIScientificName,,Sargassum yezoense,,,
ARMS_Getxo_G1_20200624_20201103_MF100_s1_r1:ASV_94:5aca529f3dc8bb2f1f02da7b6dbd291d78f14a94,NCBITaxonRank,,species,,,
ARMS_Getxo_G1_20200624_20201103_MF100_s1_r1:ASV_94:5aca529f3dc8bb2f1f02da7b6dbd291d78f14a94,fieldReplicateID,,ARMS_Getxo_G_20200624_20201103,http://vocab.nerc.ac.uk/collection/P01/current/IDSPRE01,,
ARMS_Getxo_G1_20200624_20201103_MF100_s1_r1:ASV_94:5aca529f3dc8bb2f1f02da7b6dbd291d78f14a94,technicalReplicateID,,,http://vocab.nerc.ac.uk/collection/P01/current/IDTCRE01,,
ARMS_Getxo_G1_20200624_20201103_MF100_s1_r1:ASV_94:5aca529f3dc8bb2f1f02da7b6dbd291d78f14a94,originalScientificName,,Sargassum_yezoense,,,
ARMS_Getxo_G1_20200624_20201103_MF100_s1_r1:ASV_94:5aca529f3dc8bb2f1f02da7b6dbd291d78f14a94,originalTaxonRank,,species,,,
ARMS_Getxo_G1_20200624_20201103_MF100_s1_r1:ASV_94:5aca529f3dc8bb2f1f02da7b6dbd291d78f14a94,originalScientificNameConfidenceLevel,,0.14,,,
ARMS_Getxo_G1_20200624_20201103_MF100_s1_r1:ASV_95:5c4802645e825cb3b2c453fdf2cdc12f3d0a0de7,submergedTime,day,132,http://vocab.nerc.ac.uk/collection/P01/current/AZDRZZ01/,https://vocab.nerc.ac.uk/collection/P06/current/UTAA/,
ARMS_Getxo_G1_20200624_20201103_MF100_s1_r1:ASV_95:5c4802645e825cb3b2c453fdf2cdc12f3d0a0de7,preservativeUsed,,DMSO,http://vocab.nerc.ac.uk/collection/Q01/current/Q0100004/,,https://pubchem.ncbi.nlm.nih.gov/compound/679
ARMS_Getxo_G1_20200624_20201103_MF100_s1_r1:ASV_95:5c4802645e825cb3b2c453fdf2cdc12f3d0a0de7,lowerLimitFilterSize,micrometer,100,http://vocab.nerc.ac.uk/collection/Q01/current/Q0100011/,https://vocab.nerc.ac.uk/collection/P06/current/UMIC/,
ARMS_Getxo_G1_20200624_20201103_MF100_s1_r1:ASV_95:5c4802645e825cb3b2c453fdf2cdc12f3d0a0de7,sampleAccessionNumber,,SAMEA10021237,,,
ARMS_Getxo_G1_20200624_20201103_MF100_s1_r1:ASV_95:5c4802645e825cb3b2c453fdf2cdc12f3d0a0de7,NCBIID,,2485823,,,
ARMS_Getxo_G1_20200624_20201103_MF100_s1_r1:ASV_95:5c4802645e825cb3b2c453fdf2cdc12f3d0a0de7,NCBIScientificName,,Renouxia sp,,,
ARMS_Getxo_G1_20200624_20201103_MF100_s1_r1:ASV_95:5c4802645e825cb3b2c453fdf2cdc12f3d0a0de7,NCBITaxonRank,,species,,,
ARMS_Getxo_G1_20200624_20201103_MF100_s1_r1:ASV_95:5c4802645e825cb3b2c453fdf2cdc12f3d0a0de7,fieldReplicateID,,ARMS_Getxo_G_20200624_20201103,http://vocab.nerc.ac.uk/collection/P01/current/IDSPRE01,,
ARMS_Getxo_G1_20200624_20201103_MF100_s1_r1:ASV_95:5c4802645e825cb3b2c453fdf2cdc12f3d0a0de7,technicalReplicateID,,,http://vocab.nerc.ac.uk/collection/P01/current/IDTCRE01,,
ARMS_Getxo_G1_20200624_20201103_MF100_s1_r1:ASV_95:5c4802645e825cb3b2c453fdf2cdc12f3d0a0de7,originalScientificName,,Renouxia_sp,,,
ARMS_Getxo_G1_20200624_20201103_MF100_s1_r1:ASV_95:5c4802645e825cb3b2c453fdf2cdc12f3d0a0de7,originalTaxonRank,,species,,,
ARMS_Getxo_G1_20200624_20201103_MF100_s1_r1:ASV_95:5c4802645e825cb3b2c453fdf2cdc12f3d0a0de7,originalScientificNameConfidenceLevel,,0.06,,,
ARMS_Getxo_G1_20200624_20201103_MF100_s1_r1:ASV_96:843ace02910911f19ccbb6136fc3d9b489b2cc1d,submergedTime,day,132,http://vocab.nerc.ac.uk/collection/P01/current/AZDRZZ01/,https://vocab.nerc.ac.uk/collection/P06/current/UTAA/,
ARMS_Getxo_G1_20200624_20201103_MF100_s1_r1:ASV_96:843ace02910911f19ccbb6136fc3d9b489b2cc1d,preservativeUsed,,DMSO,http://vocab.nerc.ac.uk/collection/Q01/current/Q0100004/,,https://pubchem.ncbi.nlm.nih.gov/compound/679
ARMS_Getxo_G1_20200624_20201103_MF100_s1_r1:ASV_96:843ace02910911f19ccbb6136fc3d9b489b2cc1d,lowerLimitFilterSize,micrometer,100,http://vocab.nerc.ac.uk/collection/Q01/current/Q0100011/,https://vocab.nerc.ac.uk/collection/P06/current/UMIC/,
ARMS_Getxo_G1_20200624_20201103_MF100_s1_r1:ASV_96:843ace02910911f19ccbb6136fc3d9b489b2cc1d,sampleAccessionNumber,,SAMEA10021237,,,
ARMS_Getxo_G1_20200624_20201103_MF100_s1_r1:ASV_96:843ace02910911f19ccbb6136fc3d9b489b2cc1d,NCBIID,,1815239,,,
ARMS_Getxo_G1_20200624_20201103_MF100_s1_r1:ASV_96:843ace02910911f19ccbb6136fc3d9b489b2cc1d,NCBIScientificName,,Ophiuroglypha ambigua,,,
ARMS_Getxo_G1_20200624_20201103_MF100_s1_r1:ASV_96:843ace02910911f19ccbb6136fc3d9b489b2cc1d,NCBITaxonRank,,species,,,
ARMS_Getxo_G1_20200624_20201103_MF100_s1_r1:ASV_96:843ace02910911f19ccbb6136fc3d9b489b2cc1d,fieldReplicateID,,ARMS_Getxo_G_20200624_20201103,http://vocab.nerc.ac.uk/collection/P01/current/IDSPRE01,,
ARMS_Getxo_G1_20200624_20201103_MF100_s1_r1:ASV_96:843ace02910911f19ccbb6136fc3d9b489b2cc1d,technicalReplicateID,,,http://vocab.nerc.ac.uk/collection/P01/current/IDTCRE01,,
ARMS_Getxo_G1_20200624_20201103_MF100_s1_r1:ASV_96:843ace02910911f19ccbb6136fc3d9b489b2cc1d,originalScientificName,,Ophiuroglypha_ambigua,,,
ARMS_Getxo_G1_20200624_20201103_MF100_s1_r1:ASV_96:843ace02910911f19ccbb6136fc3d9b489b2cc1d,originalTaxonRank,,species,,,
ARMS_Getxo_G1_20200624_20201103_MF100_s1_r1:ASV_96:843ace02910911f19ccbb6136fc3d9b489b2cc1d,originalScientificNameConfidenceLevel,,0.02,,,
ARMS_Getxo_G1_20200624_20201103_MF100_s1_r1:ASV_99:9fef16202b30f4d802ffec7a3ed1fa544874daed,submergedTime,day,132,http://vocab.nerc.ac.uk/collection/P01/current/AZDRZZ01/,https://vocab.nerc.ac.uk/collection/P06/current/UTAA/,
ARMS_Getxo_G1_20200624_20201103_MF100_s1_r1:ASV_99:9fef16202b30f4d802ffec7a3ed1fa544874daed,preservativeUsed,,DMSO,http://vocab.nerc.ac.uk/collection/Q01/current/Q0100004/,,https://pubchem.ncbi.nlm.nih.gov/compound/679
ARMS_Getxo_G1_20200624_20201103_MF100_s1_r1:ASV_99:9fef16202b30f4d802ffec7a3ed1fa544874daed,lowerLimitFilterSize,micrometer,100,http://vocab.nerc.ac.uk/collection/Q01/current/Q0100011/,https://vocab.nerc.ac.uk/collection/P06/current/UMIC/,
ARMS_Getxo_G1_20200624_20201103_MF100_s1_r1:ASV_99:9fef16202b30f4d802ffec7a3ed1fa544874daed,sampleAccessionNumber,,SAMEA10021237,,,
ARMS_Getxo_G1_20200624_20201103_MF100_s1_r1:ASV_99:9fef16202b30f4d802ffec7a3ed1fa544874daed,NCBIID,,2133757,,,
ARMS_Getxo_G1_20200624_20201103_MF100_s1_r1:ASV_99:9fef16202b30f4d802ffec7a3ed1fa544874daed,NCBIScientificName,,Melosira undulata,,,
ARMS_Getxo_G1_20200624_20201103_MF100_s1_r1:ASV_99:9fef16202b30f4d802ffec7a3ed1fa544874daed,NCBITaxonRank,,species,,,
ARMS_Getxo_G1_20200624_20201103_MF100_s1_r1:ASV_99:9fef16202b30f4d802ffec7a3ed1fa544874daed,fieldReplicateID,,ARMS_Getxo_G_20200624_20201103,http://vocab.nerc.ac.uk/collection/P01/current/IDSPRE01,,
ARMS_Getxo_G1_20200624_20201103_MF100_s1_r1:ASV_99:9fef16202b30f4d802ffec7a3ed1fa544874daed,technicalReplicateID,,,http://vocab.nerc.ac.uk/collection/P01/current/IDTCRE01,,
ARMS_Getxo_G1_20200624_20201103_MF100_s1_r1:ASV_99:9fef16202b30f4d802ffec7a3ed1fa544874daed,originalScientificName,,Melosira_undulata,,,
ARMS_Getxo_G1_20200624_20201103_MF100_s1_r1:ASV_99:9fef16202b30f4d802ffec7a3ed1fa544874daed,originalTaxonRank,,species,,,
ARMS_Getxo_G1_20200624_20201103_MF100_s1_r1:ASV_99:9fef16202b30f4d802ffec7a3ed1fa544874daed,originalScientificNameConfidenceLevel,,0.1,,,
ARMS_Getxo_G1_20200624_20201103_MF100_s1_r1:ASV_100:a021b5fdc34e988739ae1dfeb066563bc9c5b633,submergedTime,day,132,http://vocab.nerc.ac.uk/collection/P01/current/AZDRZZ01/,https://vocab.nerc.ac.uk/collection/P06/current/UTAA/,
ARMS_Getxo_G1_20200624_20201103_MF100_s1_r1:ASV_100:a021b5fdc34e988739ae1dfeb066563bc9c5b633,preservativeUsed,,DMSO,http://vocab.nerc.ac.uk/collection/Q01/current/Q0100004/,,https://pubchem.ncbi.nlm.nih.gov/compound/679
ARMS_Getxo_G1_20200624_20201103_MF100_s1_r1:ASV_100:a021b5fdc34e988739ae1dfeb066563bc9c5b633,lowerLimitFilterSize,micrometer,100,http://vocab.nerc.ac.uk/collection/Q01/current/Q0100011/,https://vocab.nerc.ac.uk/collection/P06/current/UMIC/,
ARMS_Getxo_G1_20200624_20201103_MF100_s1_r1:ASV_100:a021b5fdc34e988739ae1dfeb066563bc9c5b633,sampleAccessionNumber,,SAMEA10021237,,,
ARMS_Getxo_G1_20200624_20201103_MF100_s1_r1:ASV_100:a021b5fdc34e988739ae1dfeb066563bc9c5b633,NCBIID,,33097,,,
ARMS_Getxo_G1_20200624_20201103_MF100_s1_r1:ASV_100:a021b5fdc34e988739ae1dfeb066563bc9c5b633,NCBIScientificName,,Gonium pectorale,,,
ARMS_Getxo_G1_20200624_20201103_MF100_s1_r1:ASV_100:a021b5fdc34e988739ae1dfeb066563bc9c5b633,NCBITaxonRank,,species,,,
ARMS_Getxo_G1_20200624_20201103_MF100_s1_r1:ASV_100:a021b5fdc34e988739ae1dfeb066563bc9c5b633,fieldReplicateID,,ARMS_Getxo_G_20200624_20201103,http://vocab.nerc.ac.uk/collection/P01/current/IDSPRE01,,
ARMS_Getxo_G1_20200624_20201103_MF100_s1_r1:ASV_100:a021b5fdc34e988739ae1dfeb066563bc9c5b633,technicalReplicateID,,,http://vocab.nerc.ac.uk/collection/P01/current/IDTCRE01,,
ARMS_Getxo_G1_20200624_20201103_MF100_s1_r1:ASV_100:a021b5fdc34e988739ae1dfeb066563bc9c5b633,originalScientificName,,Gonium_pectorale,,,
ARMS_Getxo_G1_20200624_20201103_MF100_s1_r1:ASV_100:a021b5fdc34e988739ae1dfeb066563bc9c5b633,originalTaxonRank,,species,,,
ARMS_Getxo_G1_20200624_20201103_MF100_s1_r1:ASV_100:a021b5fdc34e988739ae1dfeb066563bc9c5b633,originalScientificNameConfidenceLevel,,0.03,,,
ARMS_Getxo_G1_20200624_20201103_MF100_s1_r1:ASV_102:c434d5aad1a5fac819087c99a560eab1cd62d0a3,submergedTime,day,132,http://vocab.nerc.ac.uk/collection/P01/current/AZDRZZ01/,https://vocab.nerc.ac.uk/collection/P06/current/UTAA/,
ARMS_Getxo_G1_20200624_20201103_MF100_s1_r1:ASV_102:c434d5aad1a5fac819087c99a560eab1cd62d0a3,preservativeUsed,,DMSO,http://vocab.nerc.ac.uk/collection/Q01/current/Q0100004/,,https://pubchem.ncbi.nlm.nih.gov/compound/679
ARMS_Getxo_G1_20200624_20201103_MF100_s1_r1:ASV_102:c434d5aad1a5fac819087c99a560eab1cd62d0a3,lowerLimitFilterSize,micrometer,100,http://vocab.nerc.ac.uk/collection/Q01/current/Q0100011/,https://vocab.nerc.ac.uk/collection/P06/current/UMIC/,
ARMS_Getxo_G1_20200624_20201103_MF100_s1_r1:ASV_102:c434d5aad1a5fac819087c99a560eab1cd62d0a3,sampleAccessionNumber,,SAMEA10021237,,,
ARMS_Getxo_G1_20200624_20201103_MF100_s1_r1:ASV_102:c434d5aad1a5fac819087c99a560eab1cd62d0a3,NCBIID,,994749,,,
ARMS_Getxo_G1_20200624_20201103_MF100_s1_r1:ASV_102:c434d5aad1a5fac819087c99a560eab1cd62d0a3,NCBIScientificName,,Montipora incrassata,,,
ARMS_Getxo_G1_20200624_20201103_MF100_s1_r1:ASV_102:c434d5aad1a5fac819087c99a560eab1cd62d0a3,NCBITaxonRank,,species,,,
ARMS_Getxo_G1_20200624_20201103_MF100_s1_r1:ASV_102:c434d5aad1a5fac819087c99a560eab1cd62d0a3,fieldReplicateID,,ARMS_Getxo_G_20200624_20201103,http://vocab.nerc.ac.uk/collection/P01/current/IDSPRE01,,
ARMS_Getxo_G1_20200624_20201103_MF100_s1_r1:ASV_102:c434d5aad1a5fac819087c99a560eab1cd62d0a3,technicalReplicateID,,,http://vocab.nerc.ac.uk/collection/P01/current/IDTCRE01,,
ARMS_Getxo_G1_20200624_20201103_MF100_s1_r1:ASV_102:c434d5aad1a5fac819087c99a560eab1cd62d0a3,originalScientificName,,Montipora_incrassata,,,
ARMS_Getxo_G1_20200624_20201103_MF100_s1_r1:ASV_102:c434d5aad1a5fac819087c99a560eab1cd62d0a3,originalTaxonRank,,species,,,
ARMS_Getxo_G1_20200624_20201103_MF100_s1_r1:ASV_102:c434d5aad1a5fac819087c99a560eab1cd62d0a3,originalScientificNameConfidenceLevel,,0.04,,,
ARMS_Getxo_G1_20200624_20201103_MF100_s1_r1:ASV_103:d0ae6ba7c9075a7da3fa3413e26223b600a1befd,submergedTime,day,132,http://vocab.nerc.ac.uk/collection/P01/current/AZDRZZ01/,https://vocab.nerc.ac.uk/collection/P06/current/UTAA/,
ARMS_Getxo_G1_20200624_20201103_MF100_s1_r1:ASV_103:d0ae6ba7c9075a7da3fa3413e26223b600a1befd,preservativeUsed,,DMSO,http://vocab.nerc.ac.uk/collection/Q01/current/Q0100004/,,https://pubchem.ncbi.nlm.nih.gov/compound/679
ARMS_Getxo_G1_20200624_20201103_MF100_s1_r1:ASV_103:d0ae6ba7c9075a7da3fa3413e26223b600a1befd,lowerLimitFilterSize,micrometer,100,http://vocab.nerc.ac.uk/collection/Q01/current/Q0100011/,https://vocab.nerc.ac.uk/collection/P06/current/UMIC/,
ARMS_Getxo_G1_20200624_20201103_MF100_s1_r1:ASV_103:d0ae6ba7c9075a7da3fa3413e26223b600a1befd,sampleAccessionNumber,,SAMEA10021237,,,
ARMS_Getxo_G1_20200624_20201103_MF100_s1_r1:ASV_103:d0ae6ba7c9075a7da3fa3413e26223b600a1befd,NCBIID,,181804,,,
ARMS_Getxo_G1_20200624_20201103_MF100_s1_r1:ASV_103:d0ae6ba7c9075a7da3fa3413e26223b600a1befd,NCBIScientificName,,Nitella hyalina,,,
ARMS_Getxo_G1_20200624_20201103_MF100_s1_r1:ASV_103:d0ae6ba7c9075a7da3fa3413e26223b600a1befd,NCBITaxonRank,,species,,,
ARMS_Getxo_G1_20200624_20201103_MF100_s1_r1:ASV_103:d0ae6ba7c9075a7da3fa3413e26223b600a1befd,fieldReplicateID,,ARMS_Getxo_G_20200624_20201103,http://vocab.nerc.ac.uk/collection/P01/current/IDSPRE01,,
ARMS_Getxo_G1_20200624_20201103_MF100_s1_r1:ASV_103:d0ae6ba7c9075a7da3fa3413e26223b600a1befd,technicalReplicateID,,,http://vocab.nerc.ac.uk/collection/P01/current/IDTCRE01,,
ARMS_Getxo_G1_20200624_20201103_MF100_s1_r1:ASV_103:d0ae6ba7c9075a7da3fa3413e26223b600a1befd,originalScientificName,,Nitella_hyalina,,,
ARMS_Getxo_G1_20200624_20201103_MF100_s1_r1:ASV_103:d0ae6ba7c9075a7da3fa3413e26223b600a1befd,originalTaxonRank,,species,,,
ARMS_Getxo_G1_20200624_20201103_MF100_s1_r1:ASV_103:d0ae6ba7c9075a7da3fa3413e26223b600a1befd,originalScientificNameConfidenceLevel,,0.0,,,
ARMS_Getxo_G1_20200624_20201103_MF100_s1_r1:ASV_104:d2e145814c36d03815b4892a7506e44f0bca4194,submergedTime,day,132,http://vocab.nerc.ac.uk/collection/P01/current/AZDRZZ01/,https://vocab.nerc.ac.uk/collection/P06/current/UTAA/,
ARMS_Getxo_G1_20200624_20201103_MF100_s1_r1:ASV_104:d2e145814c36d03815b4892a7506e44f0bca4194,preservativeUsed,,DMSO,http://vocab.nerc.ac.uk/collection/Q01/current/Q0100004/,,https://pubchem.ncbi.nlm.nih.gov/compound/679
ARMS_Getxo_G1_20200624_20201103_MF100_s1_r1:ASV_104:d2e145814c36d03815b4892a7506e44f0bca4194,lowerLimitFilterSize,micrometer,100,http://vocab.nerc.ac.uk/collection/Q01/current/Q0100011/,https://vocab.nerc.ac.uk/collection/P06/current/UMIC/,
ARMS_Getxo_G1_20200624_20201103_MF100_s1_r1:ASV_104:d2e145814c36d03815b4892a7506e44f0bca4194,sampleAccessionNumber,,SAMEA10021237,,,
ARMS_Getxo_G1_20200624_20201103_MF100_s1_r1:ASV_104:d2e145814c36d03815b4892a7506e44f0bca4194,NCBIID,,7604,,,
ARMS_Getxo_G1_20200624_20201103_MF100_s1_r1:ASV_104:d2e145814c36d03815b4892a7506e44f0bca4194,NCBIScientificName,,Asterias rubens,,,
ARMS_Getxo_G1_20200624_20201103_MF100_s1_r1:ASV_104:d2e145814c36d03815b4892a7506e44f0bca4194,NCBITaxonRank,,species,,,
ARMS_Getxo_G1_20200624_20201103_MF100_s1_r1:ASV_104:d2e145814c36d03815b4892a7506e44f0bca4194,fieldReplicateID,,ARMS_Getxo_G_20200624_20201103,http://vocab.nerc.ac.uk/collection/P01/current/IDSPRE01,,
ARMS_Getxo_G1_20200624_20201103_MF100_s1_r1:ASV_104:d2e145814c36d03815b4892a7506e44f0bca4194,technicalReplicateID,,,http://vocab.nerc.ac.uk/collection/P01/current/IDTCRE01,,
ARMS_Getxo_G1_20200624_20201103_MF100_s1_r1:ASV_104:d2e145814c36d03815b4892a7506e44f0bca4194,originalScientificName,,Asterias_rubens,,,
ARMS_Getxo_G1_20200624_20201103_MF100_s1_r1:ASV_104:d2e145814c36d03815b4892a7506e44f0bca4194,originalTaxonRank,,species,,,
ARMS_Getxo_G1_20200624_20201103_MF100_s1_r1:ASV_104:d2e145814c36d03815b4892a7506e44f0bca4194,originalScientificNameConfidenceLevel,,1.0,,,
ARMS_Getxo_G1_20200624_20201103_MF100_s1_r1:ASV_110:00c4eafe11bed92f48cb5aa74fe304b6c21235d3,submergedTime,day,132,http://vocab.nerc.ac.uk/collection/P01/current/AZDRZZ01/,https://vocab.nerc.ac.uk/collection/P06/current/UTAA/,
ARMS_Getxo_G1_20200624_20201103_MF100_s1_r1:ASV_110:00c4eafe11bed92f48cb5aa74fe304b6c21235d3,preservativeUsed,,DMSO,http://vocab.nerc.ac.uk/collection/Q01/current/Q0100004/,,https://pubchem.ncbi.nlm.nih.gov/compound/679
ARMS_Getxo_G1_20200624_20201103_MF100_s1_r1:ASV_110:00c4eafe11bed92f48cb5aa74fe304b6c21235d3,lowerLimitFilterSize,micrometer,100,http://vocab.nerc.ac.uk/collection/Q01/current/Q0100011/,https://vocab.nerc.ac.uk/collection/P06/current/UMIC/,
ARMS_Getxo_G1_20200624_20201103_MF100_s1_r1:ASV_110:00c4eafe11bed92f48cb5aa74fe304b6c21235d3,sampleAccessionNumber,,SAMEA10021237,,,
ARMS_Getxo_G1_20200624_20201103_MF100_s1_r1:ASV_110:00c4eafe11bed92f48cb5aa74fe304b6c21235d3,NCBIID,,228265,,,
ARMS_Getxo_G1_20200624_20201103_MF100_s1_r1:ASV_110:00c4eafe11bed92f48cb5aa74fe304b6c21235d3,NCBIScientificName,,Osmundaria fimbriata,,,
ARMS_Getxo_G1_20200624_20201103_MF100_s1_r1:ASV_110:00c4eafe11bed92f48cb5aa74fe304b6c21235d3,NCBITaxonRank,,species,,,
ARMS_Getxo_G1_20200624_20201103_MF100_s1_r1:ASV_110:00c4eafe11bed92f48cb5aa74fe304b6c21235d3,fieldReplicateID,,ARMS_Getxo_G_20200624_20201103,http://vocab.nerc.ac.uk/collection/P01/current/IDSPRE01,,
ARMS_Getxo_G1_20200624_20201103_MF100_s1_r1:ASV_110:00c4eafe11bed92f48cb5aa74fe304b6c21235d3,technicalReplicateID,,,http://vocab.nerc.ac.uk/collection/P01/current/IDTCRE01,,
ARMS_Getxo_G1_20200624_20201103_MF100_s1_r1:ASV_110:00c4eafe11bed92f48cb5aa74fe304b6c21235d3,originalScientificName,,Osmundaria_fimbriata,,,
ARMS_Getxo_G1_20200624_20201103_MF100_s1_r1:ASV_110:00c4eafe11bed92f48cb5aa74fe304b6c21235d3,originalTaxonRank,,species,,,
ARMS_Getxo_G1_20200624_20201103_MF100_s1_r1:ASV_110:00c4eafe11bed92f48cb5aa74fe304b6c21235d3,originalScientificNameConfidenceLevel,,0.11,,,
ARMS_Getxo_G1_20200624_20201103_MF100_s1_r1:ASV_115:07522d03c69bb1aa7f44de7880db97a78249998e,submergedTime,day,132,http://vocab.nerc.ac.uk/collection/P01/current/AZDRZZ01/,https://vocab.nerc.ac.uk/collection/P06/current/UTAA/,
ARMS_Getxo_G1_20200624_20201103_MF100_s1_r1:ASV_115:07522d03c69bb1aa7f44de7880db97a78249998e,preservativeUsed,,DMSO,http://vocab.nerc.ac.uk/collection/Q01/current/Q0100004/,,https://pubchem.ncbi.nlm.nih.gov/compound/679
ARMS_Getxo_G1_20200624_20201103_MF100_s1_r1:ASV_115:07522d03c69bb1aa7f44de7880db97a78249998e,lowerLimitFilterSize,micrometer,100,http://vocab.nerc.ac.uk/collection/Q01/current/Q0100011/,https://vocab.nerc.ac.uk/collection/P06/current/UMIC/,
ARMS_Getxo_G1_20200624_20201103_MF100_s1_r1:ASV_115:07522d03c69bb1aa7f44de7880db97a78249998e,sampleAccessionNumber,,SAMEA10021237,,,
ARMS_Getxo_G1_20200624_20201103_MF100_s1_r1:ASV_115:07522d03c69bb1aa7f44de7880db97a78249998e,NCBIID,,1527027,,,
ARMS_Getxo_G1_20200624_20201103_MF100_s1_r1:ASV_115:07522d03c69bb1aa7f44de7880db97a78249998e,NCBIScientificName,,Chimarra abacensis,,,
ARMS_Getxo_G1_20200624_20201103_MF100_s1_r1:ASV_115:07522d03c69bb1aa7f44de7880db97a78249998e,NCBITaxonRank,,species,,,
ARMS_Getxo_G1_20200624_20201103_MF100_s1_r1:ASV_115:07522d03c69bb1aa7f44de7880db97a78249998e,fieldReplicateID,,ARMS_Getxo_G_20200624_20201103,http://vocab.nerc.ac.uk/collection/P01/current/IDSPRE01,,
ARMS_Getxo_G1_20200624_20201103_MF100_s1_r1:ASV_115:07522d03c69bb1aa7f44de7880db97a78249998e,technicalReplicateID,,,http://vocab.nerc.ac.uk/collection/P01/current/IDTCRE01,,
ARMS_Getxo_G1_20200624_20201103_MF100_s1_r1:ASV_115:07522d03c69bb1aa7f44de7880db97a78249998e,originalScientificName,,Chimarra_abacensis,,,
ARMS_Getxo_G1_20200624_20201103_MF100_s1_r1:ASV_115:07522d03c69bb1aa7f44de7880db97a78249998e,originalTaxonRank,,species,,,
ARMS_Getxo_G1_20200624_20201103_MF100_s1_r1:ASV_115:07522d03c69bb1aa7f44de7880db97a78249998e,originalScientificNameConfidenceLevel,,0.08,,,
ARMS_Getxo_G1_20200624_20201103_MF100_s1_r1:ASV_118:1061ae9acf722610ab3e64fdea31f83c4cbfeb9a,submergedTime,day,132,http://vocab.nerc.ac.uk/collection/P01/current/AZDRZZ01/,https://vocab.nerc.ac.uk/collection/P06/current/UTAA/,
ARMS_Getxo_G1_20200624_20201103_MF100_s1_r1:ASV_118:1061ae9acf722610ab3e64fdea31f83c4cbfeb9a,preservativeUsed,,DMSO,http://vocab.nerc.ac.uk/collection/Q01/current/Q0100004/,,https://pubchem.ncbi.nlm.nih.gov/compound/679
ARMS_Getxo_G1_20200624_20201103_MF100_s1_r1:ASV_118:1061ae9acf722610ab3e64fdea31f83c4cbfeb9a,lowerLimitFilterSize,micrometer,100,http://vocab.nerc.ac.uk/collection/Q01/current/Q0100011/,https://vocab.nerc.ac.uk/collection/P06/current/UMIC/,
ARMS_Getxo_G1_20200624_20201103_MF100_s1_r1:ASV_118:1061ae9acf722610ab3e64fdea31f83c4cbfeb9a,sampleAccessionNumber,,SAMEA10021237,,,
ARMS_Getxo_G1_20200624_20201103_MF100_s1_r1:ASV_118:1061ae9acf722610ab3e64fdea31f83c4cbfeb9a,NCBIID,,98220,,,
ARMS_Getxo_G1_20200624_20201103_MF100_s1_r1:ASV_118:1061ae9acf722610ab3e64fdea31f83c4cbfeb9a,NCBIScientificName,,Alaria crassifolia,,,
ARMS_Getxo_G1_20200624_20201103_MF100_s1_r1:ASV_118:1061ae9acf722610ab3e64fdea31f83c4cbfeb9a,NCBITaxonRank,,species,,,
ARMS_Getxo_G1_20200624_20201103_MF100_s1_r1:ASV_118:1061ae9acf722610ab3e64fdea31f83c4cbfeb9a,fieldReplicateID,,ARMS_Getxo_G_20200624_20201103,http://vocab.nerc.ac.uk/collection/P01/current/IDSPRE01,,
ARMS_Getxo_G1_20200624_20201103_MF100_s1_r1:ASV_118:1061ae9acf722610ab3e64fdea31f83c4cbfeb9a,technicalReplicateID,,,http://vocab.nerc.ac.uk/collection/P01/current/IDTCRE01,,
ARMS_Getxo_G1_20200624_20201103_MF100_s1_r1:ASV_118:1061ae9acf722610ab3e64fdea31f83c4cbfeb9a,originalScientificName,,Alaria_crassifolia,,,
ARMS_Getxo_G1_20200624_20201103_MF100_s1_r1:ASV_118:1061ae9acf722610ab3e64fdea31f83c4cbfeb9a,originalTaxonRank,,species,,,
ARMS_Getxo_G1_20200624_20201103_MF100_s1_r1:ASV_118:1061ae9acf722610ab3e64fdea31f83c4cbfeb9a,originalScientificNameConfidenceLevel,,0.02,,,
ARMS_Getxo_G1_20200624_20201103_MF100_s1_r1:ASV_120:150a37ffc933cfe556c023b4e80f7c87be9d32e4,submergedTime,day,132,http://vocab.nerc.ac.uk/collection/P01/current/AZDRZZ01/,https://vocab.nerc.ac.uk/collection/P06/current/UTAA/,
ARMS_Getxo_G1_20200624_20201103_MF100_s1_r1:ASV_120:150a37ffc933cfe556c023b4e80f7c87be9d32e4,preservativeUsed,,DMSO,http://vocab.nerc.ac.uk/collection/Q01/current/Q0100004/,,https://pubchem.ncbi.nlm.nih.gov/compound/679
ARMS_Getxo_G1_20200624_20201103_MF100_s1_r1:ASV_120:150a37ffc933cfe556c023b4e80f7c87be9d32e4,lowerLimitFilterSize,micrometer,100,http://vocab.nerc.ac.uk/collection/Q01/current/Q0100011/,https://vocab.nerc.ac.uk/collection/P06/current/UMIC/,
ARMS_Getxo_G1_20200624_20201103_MF100_s1_r1:ASV_120:150a37ffc933cfe556c023b4e80f7c87be9d32e4,sampleAccessionNumber,,SAMEA10021237,,,
ARMS_Getxo_G1_20200624_20201103_MF100_s1_r1:ASV_120:150a37ffc933cfe556c023b4e80f7c87be9d32e4,NCBIID,,880884,,,
ARMS_Getxo_G1_20200624_20201103_MF100_s1_r1:ASV_120:150a37ffc933cfe556c023b4e80f7c87be9d32e4,NCBIScientificName,,Bylgides promamme,,,
ARMS_Getxo_G1_20200624_20201103_MF100_s1_r1:ASV_120:150a37ffc933cfe556c023b4e80f7c87be9d32e4,NCBITaxonRank,,species,,,
ARMS_Getxo_G1_20200624_20201103_MF100_s1_r1:ASV_120:150a37ffc933cfe556c023b4e80f7c87be9d32e4,fieldReplicateID,,ARMS_Getxo_G_20200624_20201103,http://vocab.nerc.ac.uk/collection/P01/current/IDSPRE01,,
ARMS_Getxo_G1_20200624_20201103_MF100_s1_r1:ASV_120:150a37ffc933cfe556c023b4e80f7c87be9d32e4,technicalReplicateID,,,http://vocab.nerc.ac.uk/collection/P01/current/IDTCRE01,,
ARMS_Getxo_G1_20200624_20201103_MF100_s1_r1:ASV_120:150a37ffc933cfe556c023b4e80f7c87be9d32e4,originalScientificName,,Bylgides_promamme,,,
ARMS_Getxo_G1_20200624_20201103_MF100_s1_r1:ASV_120:150a37ffc933cfe556c023b4e80f7c87be9d32e4,originalTaxonRank,,species,,,
ARMS_Getxo_G1_20200624_20201103_MF100_s1_r1:ASV_120:150a37ffc933cfe556c023b4e80f7c87be9d32e4,originalScientificNameConfidenceLevel,,0.13,,,
ARMS_Getxo_G1_20200624_20201103_MF100_s1_r1:ASV_126:2c8e53c36e807d8b78da7ff1e0d7b36afdc1b125,submergedTime,day,132,http://vocab.nerc.ac.uk/collection/P01/current/AZDRZZ01/,https://vocab.nerc.ac.uk/collection/P06/current/UTAA/,
ARMS_Getxo_G1_20200624_20201103_MF100_s1_r1:ASV_126:2c8e53c36e807d8b78da7ff1e0d7b36afdc1b125,preservativeUsed,,DMSO,http://vocab.nerc.ac.uk/collection/Q01/current/Q0100004/,,https://pubchem.ncbi.nlm.nih.gov/compound/679
ARMS_Getxo_G1_20200624_20201103_MF100_s1_r1:ASV_126:2c8e53c36e807d8b78da7ff1e0d7b36afdc1b125,lowerLimitFilterSize,micrometer,100,http://vocab.nerc.ac.uk/collection/Q01/current/Q0100011/,https://vocab.nerc.ac.uk/collection/P06/current/UMIC/,
ARMS_Getxo_G1_20200624_20201103_MF100_s1_r1:ASV_126:2c8e53c36e807d8b78da7ff1e0d7b36afdc1b125,sampleAccessionNumber,,SAMEA10021237,,,
ARMS_Getxo_G1_20200624_20201103_MF100_s1_r1:ASV_126:2c8e53c36e807d8b78da7ff1e0d7b36afdc1b125,NCBIID,,1606511,,,
ARMS_Getxo_G1_20200624_20201103_MF100_s1_r1:ASV_126:2c8e53c36e807d8b78da7ff1e0d7b36afdc1b125,NCBIScientificName,,Chloropicon mariensis,,,
ARMS_Getxo_G1_20200624_20201103_MF100_s1_r1:ASV_126:2c8e53c36e807d8b78da7ff1e0d7b36afdc1b125,NCBITaxonRank,,species,,,
ARMS_Getxo_G1_20200624_20201103_MF100_s1_r1:ASV_126:2c8e53c36e807d8b78da7ff1e0d7b36afdc1b125,fieldReplicateID,,ARMS_Getxo_G_20200624_20201103,http://vocab.nerc.ac.uk/collection/P01/current/IDSPRE01,,
ARMS_Getxo_G1_20200624_20201103_MF100_s1_r1:ASV_126:2c8e53c36e807d8b78da7ff1e0d7b36afdc1b125,technicalReplicateID,,,http://vocab.nerc.ac.uk/collection/P01/current/IDTCRE01,,
ARMS_Getxo_G1_20200624_20201103_MF100_s1_r1:ASV_126:2c8e53c36e807d8b78da7ff1e0d7b36afdc1b125,originalScientificName,,Chloropicon_mariensis,,,
ARMS_Getxo_G1_20200624_20201103_MF100_s1_r1:ASV_126:2c8e53c36e807d8b78da7ff1e0d7b36afdc1b125,originalTaxonRank,,species,,,
ARMS_Getxo_G1_20200624_20201103_MF100_s1_r1:ASV_126:2c8e53c36e807d8b78da7ff1e0d7b36afdc1b125,originalScientificNameConfidenceLevel,,0.03,,,
ARMS_Getxo_G1_20200624_20201103_MF100_s1_r1:ASV_127:2cb110fca659bc399946d9c9a0aec5207ff4e5ff,submergedTime,day,132,http://vocab.nerc.ac.uk/collection/P01/current/AZDRZZ01/,https://vocab.nerc.ac.uk/collection/P06/current/UTAA/,
ARMS_Getxo_G1_20200624_20201103_MF100_s1_r1:ASV_127:2cb110fca659bc399946d9c9a0aec5207ff4e5ff,preservativeUsed,,DMSO,http://vocab.nerc.ac.uk/collection/Q01/current/Q0100004/,,https://pubchem.ncbi.nlm.nih.gov/compound/679
ARMS_Getxo_G1_20200624_20201103_MF100_s1_r1:ASV_127:2cb110fca659bc399946d9c9a0aec5207ff4e5ff,lowerLimitFilterSize,micrometer,100,http://vocab.nerc.ac.uk/collection/Q01/current/Q0100011/,https://vocab.nerc.ac.uk/collection/P06/current/UMIC/,
ARMS_Getxo_G1_20200624_20201103_MF100_s1_r1:ASV_127:2cb110fca659bc399946d9c9a0aec5207ff4e5ff,sampleAccessionNumber,,SAMEA10021237,,,
ARMS_Getxo_G1_20200624_20201103_MF100_s1_r1:ASV_127:2cb110fca659bc399946d9c9a0aec5207ff4e5ff,NCBIID,,1534972,,,
ARMS_Getxo_G1_20200624_20201103_MF100_s1_r1:ASV_127:2cb110fca659bc399946d9c9a0aec5207ff4e5ff,NCBIScientificName,,Triparma laevis,,,
ARMS_Getxo_G1_20200624_20201103_MF100_s1_r1:ASV_127:2cb110fca659bc399946d9c9a0aec5207ff4e5ff,NCBITaxonRank,,species,,,
ARMS_Getxo_G1_20200624_20201103_MF100_s1_r1:ASV_127:2cb110fca659bc399946d9c9a0aec5207ff4e5ff,fieldReplicateID,,ARMS_Getxo_G_20200624_20201103,http://vocab.nerc.ac.uk/collection/P01/current/IDSPRE01,,
ARMS_Getxo_G1_20200624_20201103_MF100_s1_r1:ASV_127:2cb110fca659bc399946d9c9a0aec5207ff4e5ff,technicalReplicateID,,,http://vocab.nerc.ac.uk/collection/P01/current/IDTCRE01,,
ARMS_Getxo_G1_20200624_20201103_MF100_s1_r1:ASV_127:2cb110fca659bc399946d9c9a0aec5207ff4e5ff,originalScientificName,,Triparma_laevis,,,
ARMS_Getxo_G1_20200624_20201103_MF100_s1_r1:ASV_127:2cb110fca659bc399946d9c9a0aec5207ff4e5ff,originalTaxonRank,,species,,,
ARMS_Getxo_G1_20200624_20201103_MF100_s1_r1:ASV_127:2cb110fca659bc399946d9c9a0aec5207ff4e5ff,originalScientificNameConfidenceLevel,,0.09,,,
ARMS_Getxo_G1_20200624_20201103_MF100_s1_r1:ASV_130:33f4530ab4b01d845bef322a7a6dcc27ebd8d4ac,submergedTime,day,132,http://vocab.nerc.ac.uk/collection/P01/current/AZDRZZ01/,https://vocab.nerc.ac.uk/collection/P06/current/UTAA/,
ARMS_Getxo_G1_20200624_20201103_MF100_s1_r1:ASV_130:33f4530ab4b01d845bef322a7a6dcc27ebd8d4ac,preservativeUsed,,DMSO,http://vocab.nerc.ac.uk/collection/Q01/current/Q0100004/,,https://pubchem.ncbi.nlm.nih.gov/compound/679
ARMS_Getxo_G1_20200624_20201103_MF100_s1_r1:ASV_130:33f4530ab4b01d845bef322a7a6dcc27ebd8d4ac,lowerLimitFilterSize,micrometer,100,http://vocab.nerc.ac.uk/collection/Q01/current/Q0100011/,https://vocab.nerc.ac.uk/collection/P06/current/UMIC/,
ARMS_Getxo_G1_20200624_20201103_MF100_s1_r1:ASV_130:33f4530ab4b01d845bef322a7a6dcc27ebd8d4ac,sampleAccessionNumber,,SAMEA10021237,,,
ARMS_Getxo_G1_20200624_20201103_MF100_s1_r1:ASV_130:33f4530ab4b01d845bef322a7a6dcc27ebd8d4ac,NCBIID,,51660,,,
ARMS_Getxo_G1_20200624_20201103_MF100_s1_r1:ASV_130:33f4530ab4b01d845bef322a7a6dcc27ebd8d4ac,NCBIScientificName,,Nakaseomyces bacillisporus,,,
ARMS_Getxo_G1_20200624_20201103_MF100_s1_r1:ASV_130:33f4530ab4b01d845bef322a7a6dcc27ebd8d4ac,NCBITaxonRank,,species,,,
ARMS_Getxo_G1_20200624_20201103_MF100_s1_r1:ASV_130:33f4530ab4b01d845bef322a7a6dcc27ebd8d4ac,fieldReplicateID,,ARMS_Getxo_G_20200624_20201103,http://vocab.nerc.ac.uk/collection/P01/current/IDSPRE01,,
ARMS_Getxo_G1_20200624_20201103_MF100_s1_r1:ASV_130:33f4530ab4b01d845bef322a7a6dcc27ebd8d4ac,technicalReplicateID,,,http://vocab.nerc.ac.uk/collection/P01/current/IDTCRE01,,
ARMS_Getxo_G1_20200624_20201103_MF100_s1_r1:ASV_130:33f4530ab4b01d845bef322a7a6dcc27ebd8d4ac,originalScientificName,,Nakaseomyces_bacillisporus,,,
ARMS_Getxo_G1_20200624_20201103_MF100_s1_r1:ASV_130:33f4530ab4b01d845bef322a7a6dcc27ebd8d4ac,originalTaxonRank,,species,,,
ARMS_Getxo_G1_20200624_20201103_MF100_s1_r1:ASV_130:33f4530ab4b01d845bef322a7a6dcc27ebd8d4ac,originalScientificNameConfidenceLevel,,0.02,,,
ARMS_Getxo_G1_20200624_20201103_MF100_s1_r1:ASV_132:4918bf7f7da172f97a6845eb79e01d10e8c9b2f4,submergedTime,day,132,http://vocab.nerc.ac.uk/collection/P01/current/AZDRZZ01/,https://vocab.nerc.ac.uk/collection/P06/current/UTAA/,
ARMS_Getxo_G1_20200624_20201103_MF100_s1_r1:ASV_132:4918bf7f7da172f97a6845eb79e01d10e8c9b2f4,preservativeUsed,,DMSO,http://vocab.nerc.ac.uk/collection/Q01/current/Q0100004/,,https://pubchem.ncbi.nlm.nih.gov/compound/679
ARMS_Getxo_G1_20200624_20201103_MF100_s1_r1:ASV_132:4918bf7f7da172f97a6845eb79e01d10e8c9b2f4,lowerLimitFilterSize,micrometer,100,http://vocab.nerc.ac.uk/collection/Q01/current/Q0100011/,https://vocab.nerc.ac.uk/collection/P06/current/UMIC/,
ARMS_Getxo_G1_20200624_20201103_MF100_s1_r1:ASV_132:4918bf7f7da172f97a6845eb79e01d10e8c9b2f4,sampleAccessionNumber,,SAMEA10021237,,,
ARMS_Getxo_G1_20200624_20201103_MF100_s1_r1:ASV_132:4918bf7f7da172f97a6845eb79e01d10e8c9b2f4,NCBIID,,96460,,,
ARMS_Getxo_G1_20200624_20201103_MF100_s1_r1:ASV_132:4918bf7f7da172f97a6845eb79e01d10e8c9b2f4,NCBIScientificName,,Pupa strigosa,,,
ARMS_Getxo_G1_20200624_20201103_MF100_s1_r1:ASV_132:4918bf7f7da172f97a6845eb79e01d10e8c9b2f4,NCBITaxonRank,,species,,,
ARMS_Getxo_G1_20200624_20201103_MF100_s1_r1:ASV_132:4918bf7f7da172f97a6845eb79e01d10e8c9b2f4,fieldReplicateID,,ARMS_Getxo_G_20200624_20201103,http://vocab.nerc.ac.uk/collection/P01/current/IDSPRE01,,
ARMS_Getxo_G1_20200624_20201103_MF100_s1_r1:ASV_132:4918bf7f7da172f97a6845eb79e01d10e8c9b2f4,technicalReplicateID,,,http://vocab.nerc.ac.uk/collection/P01/current/IDTCRE01,,
ARMS_Getxo_G1_20200624_20201103_MF100_s1_r1:ASV_132:4918bf7f7da172f97a6845eb79e01d10e8c9b2f4,originalScientificName,,Pupa_strigosa,,,
ARMS_Getxo_G1_20200624_20201103_MF100_s1_r1:ASV_132:4918bf7f7da172f97a6845eb79e01d10e8c9b2f4,originalTaxonRank,,species,,,
ARMS_Getxo_G1_20200624_20201103_MF100_s1_r1:ASV_132:4918bf7f7da172f97a6845eb79e01d10e8c9b2f4,originalScientificNameConfidenceLevel,,0.05,,,
ARMS_Getxo_G1_20200624_20201103_MF100_s1_r1:ASV_134:4e359bf8e9e776a187c5a5b97212c1ceacfb06f9,submergedTime,day,132,http://vocab.nerc.ac.uk/collection/P01/current/AZDRZZ01/,https://vocab.nerc.ac.uk/collection/P06/current/UTAA/,
ARMS_Getxo_G1_20200624_20201103_MF100_s1_r1:ASV_134:4e359bf8e9e776a187c5a5b97212c1ceacfb06f9,preservativeUsed,,DMSO,http://vocab.nerc.ac.uk/collection/Q01/current/Q0100004/,,https://pubchem.ncbi.nlm.nih.gov/compound/679
ARMS_Getxo_G1_20200624_20201103_MF100_s1_r1:ASV_134:4e359bf8e9e776a187c5a5b97212c1ceacfb06f9,lowerLimitFilterSize,micrometer,100,http://vocab.nerc.ac.uk/collection/Q01/current/Q0100011/,https://vocab.nerc.ac.uk/collection/P06/current/UMIC/,
ARMS_Getxo_G1_20200624_20201103_MF100_s1_r1:ASV_134:4e359bf8e9e776a187c5a5b97212c1ceacfb06f9,sampleAccessionNumber,,SAMEA10021237,,,
ARMS_Getxo_G1_20200624_20201103_MF100_s1_r1:ASV_134:4e359bf8e9e776a187c5a5b97212c1ceacfb06f9,NCBIID,,2070860,,,
ARMS_Getxo_G1_20200624_20201103_MF100_s1_r1:ASV_134:4e359bf8e9e776a187c5a5b97212c1ceacfb06f9,NCBIScientificName,,Chondrilla mixta,,,
ARMS_Getxo_G1_20200624_20201103_MF100_s1_r1:ASV_134:4e359bf8e9e776a187c5a5b97212c1ceacfb06f9,NCBITaxonRank,,species,,,
ARMS_Getxo_G1_20200624_20201103_MF100_s1_r1:ASV_134:4e359bf8e9e776a187c5a5b97212c1ceacfb06f9,fieldReplicateID,,ARMS_Getxo_G_20200624_20201103,http://vocab.nerc.ac.uk/collection/P01/current/IDSPRE01,,
ARMS_Getxo_G1_20200624_20201103_MF100_s1_r1:ASV_134:4e359bf8e9e776a187c5a5b97212c1ceacfb06f9,technicalReplicateID,,,http://vocab.nerc.ac.uk/collection/P01/current/IDTCRE01,,
ARMS_Getxo_G1_20200624_20201103_MF100_s1_r1:ASV_134:4e359bf8e9e776a187c5a5b97212c1ceacfb06f9,originalScientificName,,Chondrilla_mixta,,,
ARMS_Getxo_G1_20200624_20201103_MF100_s1_r1:ASV_134:4e359bf8e9e776a187c5a5b97212c1ceacfb06f9,originalTaxonRank,,species,,,
ARMS_Getxo_G1_20200624_20201103_MF100_s1_r1:ASV_134:4e359bf8e9e776a187c5a5b97212c1ceacfb06f9,originalScientificNameConfidenceLevel,,0.06,,,
ARMS_Getxo_G1_20200624_20201103_MF100_s1_r1:ASV_135:4e8638427e0f83ca504d0e0ca0dceb10eaa8f102,submergedTime,day,132,http://vocab.nerc.ac.uk/collection/P01/current/AZDRZZ01/,https://vocab.nerc.ac.uk/collection/P06/current/UTAA/,
ARMS_Getxo_G1_20200624_20201103_MF100_s1_r1:ASV_135:4e8638427e0f83ca504d0e0ca0dceb10eaa8f102,preservativeUsed,,DMSO,http://vocab.nerc.ac.uk/collection/Q01/current/Q0100004/,,https://pubchem.ncbi.nlm.nih.gov/compound/679
ARMS_Getxo_G1_20200624_20201103_MF100_s1_r1:ASV_135:4e8638427e0f83ca504d0e0ca0dceb10eaa8f102,lowerLimitFilterSize,micrometer,100,http://vocab.nerc.ac.uk/collection/Q01/current/Q0100011/,https://vocab.nerc.ac.uk/collection/P06/current/UMIC/,
ARMS_Getxo_G1_20200624_20201103_MF100_s1_r1:ASV_135:4e8638427e0f83ca504d0e0ca0dceb10eaa8f102,sampleAccessionNumber,,SAMEA10021237,,,
ARMS_Getxo_G1_20200624_20201103_MF100_s1_r1:ASV_135:4e8638427e0f83ca504d0e0ca0dceb10eaa8f102,NCBIID,,120807,,,
ARMS_Getxo_G1_20200624_20201103_MF100_s1_r1:ASV_135:4e8638427e0f83ca504d0e0ca0dceb10eaa8f102,NCBIScientificName,,Nannochloropsis limnetica,,,
ARMS_Getxo_G1_20200624_20201103_MF100_s1_r1:ASV_135:4e8638427e0f83ca504d0e0ca0dceb10eaa8f102,NCBITaxonRank,,species,,,
ARMS_Getxo_G1_20200624_20201103_MF100_s1_r1:ASV_135:4e8638427e0f83ca504d0e0ca0dceb10eaa8f102,fieldReplicateID,,ARMS_Getxo_G_20200624_20201103,http://vocab.nerc.ac.uk/collection/P01/current/IDSPRE01,,
ARMS_Getxo_G1_20200624_20201103_MF100_s1_r1:ASV_135:4e8638427e0f83ca504d0e0ca0dceb10eaa8f102,technicalReplicateID,,,http://vocab.nerc.ac.uk/collection/P01/current/IDTCRE01,,
ARMS_Getxo_G1_20200624_20201103_MF100_s1_r1:ASV_135:4e8638427e0f83ca504d0e0ca0dceb10eaa8f102,originalScientificName,,Nannochloropsis_limnetica,,,
ARMS_Getxo_G1_20200624_20201103_MF100_s1_r1:ASV_135:4e8638427e0f83ca504d0e0ca0dceb10eaa8f102,originalTaxonRank,,species,,,
ARMS_Getxo_G1_20200624_20201103_MF100_s1_r1:ASV_135:4e8638427e0f83ca504d0e0ca0dceb10eaa8f102,originalScientificNameConfidenceLevel,,0.06,,,
ARMS_Getxo_G1_20200624_20201103_MF100_s1_r1:ASV_136:53ea6203418146c339a3b763e13918a49a94adb5,submergedTime,day,132,http://vocab.nerc.ac.uk/collection/P01/current/AZDRZZ01/,https://vocab.nerc.ac.uk/collection/P06/current/UTAA/,
ARMS_Getxo_G1_20200624_20201103_MF100_s1_r1:ASV_136:53ea6203418146c339a3b763e13918a49a94adb5,preservativeUsed,,DMSO,http://vocab.nerc.ac.uk/collection/Q01/current/Q0100004/,,https://pubchem.ncbi.nlm.nih.gov/compound/679
ARMS_Getxo_G1_20200624_20201103_MF100_s1_r1:ASV_136:53ea6203418146c339a3b763e13918a49a94adb5,lowerLimitFilterSize,micrometer,100,http://vocab.nerc.ac.uk/collection/Q01/current/Q0100011/,https://vocab.nerc.ac.uk/collection/P06/current/UMIC/,
ARMS_Getxo_G1_20200624_20201103_MF100_s1_r1:ASV_136:53ea6203418146c339a3b763e13918a49a94adb5,sampleAccessionNumber,,SAMEA10021237,,,
ARMS_Getxo_G1_20200624_20201103_MF100_s1_r1:ASV_136:53ea6203418146c339a3b763e13918a49a94adb5,NCBIID,,2759,,,
ARMS_Getxo_G1_20200624_20201103_MF100_s1_r1:ASV_136:53ea6203418146c339a3b763e13918a49a94adb5,NCBIScientificName,,Eukaryota,,,
ARMS_Getxo_G1_20200624_20201103_MF100_s1_r1:ASV_136:53ea6203418146c339a3b763e13918a49a94adb5,NCBITaxonRank,,domain,,,
ARMS_Getxo_G1_20200624_20201103_MF100_s1_r1:ASV_136:53ea6203418146c339a3b763e13918a49a94adb5,fieldReplicateID,,ARMS_Getxo_G_20200624_20201103,http://vocab.nerc.ac.uk/collection/P01/current/IDSPRE01,,
ARMS_Getxo_G1_20200624_20201103_MF100_s1_r1:ASV_136:53ea6203418146c339a3b763e13918a49a94adb5,technicalReplicateID,,,http://vocab.nerc.ac.uk/collection/P01/current/IDTCRE01,,
ARMS_Getxo_G1_20200624_20201103_MF100_s1_r1:ASV_136:53ea6203418146c339a3b763e13918a49a94adb5,originalScientificName,,Caulerpa_lentillifera,,,
ARMS_Getxo_G1_20200624_20201103_MF100_s1_r1:ASV_136:53ea6203418146c339a3b763e13918a49a94adb5,originalTaxonRank,,species,,,
ARMS_Getxo_G1_20200624_20201103_MF100_s1_r1:ASV_136:53ea6203418146c339a3b763e13918a49a94adb5,originalScientificNameConfidenceLevel,,0.1,,,
ARMS_Getxo_G1_20200624_20201103_MF100_s1_r1:ASV_138:5b2c6f2b1d0d14d8d7a8c84c4b5c5e83a4569a95,submergedTime,day,132,http://vocab.nerc.ac.uk/collection/P01/current/AZDRZZ01/,https://vocab.nerc.ac.uk/collection/P06/current/UTAA/,
ARMS_Getxo_G1_20200624_20201103_MF100_s1_r1:ASV_138:5b2c6f2b1d0d14d8d7a8c84c4b5c5e83a4569a95,preservativeUsed,,DMSO,http://vocab.nerc.ac.uk/collection/Q01/current/Q0100004/,,https://pubchem.ncbi.nlm.nih.gov/compound/679
ARMS_Getxo_G1_20200624_20201103_MF100_s1_r1:ASV_138:5b2c6f2b1d0d14d8d7a8c84c4b5c5e83a4569a95,lowerLimitFilterSize,micrometer,100,http://vocab.nerc.ac.uk/collection/Q01/current/Q0100011/,https://vocab.nerc.ac.uk/collection/P06/current/UMIC/,
ARMS_Getxo_G1_20200624_20201103_MF100_s1_r1:ASV_138:5b2c6f2b1d0d14d8d7a8c84c4b5c5e83a4569a95,sampleAccessionNumber,,SAMEA10021237,,,
ARMS_Getxo_G1_20200624_20201103_MF100_s1_r1:ASV_138:5b2c6f2b1d0d14d8d7a8c84c4b5c5e83a4569a95,NCBIID,,172972,,,
ARMS_Getxo_G1_20200624_20201103_MF100_s1_r1:ASV_138:5b2c6f2b1d0d14d8d7a8c84c4b5c5e83a4569a95,NCBIScientificName,,Gracilaria spinulosa,,,
ARMS_Getxo_G1_20200624_20201103_MF100_s1_r1:ASV_138:5b2c6f2b1d0d14d8d7a8c84c4b5c5e83a4569a95,NCBITaxonRank,,species,,,
ARMS_Getxo_G1_20200624_20201103_MF100_s1_r1:ASV_138:5b2c6f2b1d0d14d8d7a8c84c4b5c5e83a4569a95,fieldReplicateID,,ARMS_Getxo_G_20200624_20201103,http://vocab.nerc.ac.uk/collection/P01/current/IDSPRE01,,
ARMS_Getxo_G1_20200624_20201103_MF100_s1_r1:ASV_138:5b2c6f2b1d0d14d8d7a8c84c4b5c5e83a4569a95,technicalReplicateID,,,http://vocab.nerc.ac.uk/collection/P01/current/IDTCRE01,,
ARMS_Getxo_G1_20200624_20201103_MF100_s1_r1:ASV_138:5b2c6f2b1d0d14d8d7a8c84c4b5c5e83a4569a95,originalScientificName,,Gracilaria_spinulosa,,,
ARMS_Getxo_G1_20200624_20201103_MF100_s1_r1:ASV_138:5b2c6f2b1d0d14d8d7a8c84c4b5c5e83a4569a95,originalTaxonRank,,species,,,
ARMS_Getxo_G1_20200624_20201103_MF100_s1_r1:ASV_138:5b2c6f2b1d0d14d8d7a8c84c4b5c5e83a4569a95,originalScientificNameConfidenceLevel,,0.01,,,
ARMS_Getxo_G1_20200624_20201103_MF100_s1_r1:ASV_139:60c5a09b69157d02a5397b671cf942d992c50a17,submergedTime,day,132,http://vocab.nerc.ac.uk/collection/P01/current/AZDRZZ01/,https://vocab.nerc.ac.uk/collection/P06/current/UTAA/,
ARMS_Getxo_G1_20200624_20201103_MF100_s1_r1:ASV_139:60c5a09b69157d02a5397b671cf942d992c50a17,preservativeUsed,,DMSO,http://vocab.nerc.ac.uk/collection/Q01/current/Q0100004/,,https://pubchem.ncbi.nlm.nih.gov/compound/679
ARMS_Getxo_G1_20200624_20201103_MF100_s1_r1:ASV_139:60c5a09b69157d02a5397b671cf942d992c50a17,lowerLimitFilterSize,micrometer,100,http://vocab.nerc.ac.uk/collection/Q01/current/Q0100011/,https://vocab.nerc.ac.uk/collection/P06/current/UMIC/,
ARMS_Getxo_G1_20200624_20201103_MF100_s1_r1:ASV_139:60c5a09b69157d02a5397b671cf942d992c50a17,sampleAccessionNumber,,SAMEA10021237,,,
ARMS_Getxo_G1_20200624_20201103_MF100_s1_r1:ASV_139:60c5a09b69157d02a5397b671cf942d992c50a17,NCBIID,,127551,,,
ARMS_Getxo_G1_20200624_20201103_MF100_s1_r1:ASV_139:60c5a09b69157d02a5397b671cf942d992c50a17,NCBIScientificName,,Sargassum patens,,,
ARMS_Getxo_G1_20200624_20201103_MF100_s1_r1:ASV_139:60c5a09b69157d02a5397b671cf942d992c50a17,NCBITaxonRank,,species,,,
ARMS_Getxo_G1_20200624_20201103_MF100_s1_r1:ASV_139:60c5a09b69157d02a5397b671cf942d992c50a17,fieldReplicateID,,ARMS_Getxo_G_20200624_20201103,http://vocab.nerc.ac.uk/collection/P01/current/IDSPRE01,,
ARMS_Getxo_G1_20200624_20201103_MF100_s1_r1:ASV_139:60c5a09b69157d02a5397b671cf942d992c50a17,technicalReplicateID,,,http://vocab.nerc.ac.uk/collection/P01/current/IDTCRE01,,
ARMS_Getxo_G1_20200624_20201103_MF100_s1_r1:ASV_139:60c5a09b69157d02a5397b671cf942d992c50a17,originalScientificName,,Sargassum_patens,,,
ARMS_Getxo_G1_20200624_20201103_MF100_s1_r1:ASV_139:60c5a09b69157d02a5397b671cf942d992c50a17,originalTaxonRank,,species,,,
ARMS_Getxo_G1_20200624_20201103_MF100_s1_r1:ASV_139:60c5a09b69157d02a5397b671cf942d992c50a17,originalScientificNameConfidenceLevel,,0.09,,,
ARMS_Getxo_G1_20200624_20201103_MF100_s1_r1:ASV_140:61de63098d494b58d84a41d00d17c29f4e58b565,submergedTime,day,132,http://vocab.nerc.ac.uk/collection/P01/current/AZDRZZ01/,https://vocab.nerc.ac.uk/collection/P06/current/UTAA/,
ARMS_Getxo_G1_20200624_20201103_MF100_s1_r1:ASV_140:61de63098d494b58d84a41d00d17c29f4e58b565,preservativeUsed,,DMSO,http://vocab.nerc.ac.uk/collection/Q01/current/Q0100004/,,https://pubchem.ncbi.nlm.nih.gov/compound/679
ARMS_Getxo_G1_20200624_20201103_MF100_s1_r1:ASV_140:61de63098d494b58d84a41d00d17c29f4e58b565,lowerLimitFilterSize,micrometer,100,http://vocab.nerc.ac.uk/collection/Q01/current/Q0100011/,https://vocab.nerc.ac.uk/collection/P06/current/UMIC/,
ARMS_Getxo_G1_20200624_20201103_MF100_s1_r1:ASV_140:61de63098d494b58d84a41d00d17c29f4e58b565,sampleAccessionNumber,,SAMEA10021237,,,
ARMS_Getxo_G1_20200624_20201103_MF100_s1_r1:ASV_140:61de63098d494b58d84a41d00d17c29f4e58b565,NCBIID,,2185085,,,
ARMS_Getxo_G1_20200624_20201103_MF100_s1_r1:ASV_140:61de63098d494b58d84a41d00d17c29f4e58b565,NCBIScientificName,,Nemacystus decipiens,,,
ARMS_Getxo_G1_20200624_20201103_MF100_s1_r1:ASV_140:61de63098d494b58d84a41d00d17c29f4e58b565,NCBITaxonRank,,species,,,
ARMS_Getxo_G1_20200624_20201103_MF100_s1_r1:ASV_140:61de63098d494b58d84a41d00d17c29f4e58b565,fieldReplicateID,,ARMS_Getxo_G_20200624_20201103,http://vocab.nerc.ac.uk/collection/P01/current/IDSPRE01,,
ARMS_Getxo_G1_20200624_20201103_MF100_s1_r1:ASV_140:61de63098d494b58d84a41d00d17c29f4e58b565,technicalReplicateID,,,http://vocab.nerc.ac.uk/collection/P01/current/IDTCRE01,,
ARMS_Getxo_G1_20200624_20201103_MF100_s1_r1:ASV_140:61de63098d494b58d84a41d00d17c29f4e58b565,originalScientificName,,Nemacystus_decipiens,,,
ARMS_Getxo_G1_20200624_20201103_MF100_s1_r1:ASV_140:61de63098d494b58d84a41d00d17c29f4e58b565,originalTaxonRank,,species,,,
ARMS_Getxo_G1_20200624_20201103_MF100_s1_r1:ASV_140:61de63098d494b58d84a41d00d17c29f4e58b565,originalScientificNameConfidenceLevel,,0.03,,,
ARMS_Getxo_G1_20200624_20201103_MF100_s1_r1:ASV_149:878cde6db67bd91fc5d17976d1b008696600d953,submergedTime,day,132,http://vocab.nerc.ac.uk/collection/P01/current/AZDRZZ01/,https://vocab.nerc.ac.uk/collection/P06/current/UTAA/,
ARMS_Getxo_G1_20200624_20201103_MF100_s1_r1:ASV_149:878cde6db67bd91fc5d17976d1b008696600d953,preservativeUsed,,DMSO,http://vocab.nerc.ac.uk/collection/Q01/current/Q0100004/,,https://pubchem.ncbi.nlm.nih.gov/compound/679
ARMS_Getxo_G1_20200624_20201103_MF100_s1_r1:ASV_149:878cde6db67bd91fc5d17976d1b008696600d953,lowerLimitFilterSize,micrometer,100,http://vocab.nerc.ac.uk/collection/Q01/current/Q0100011/,https://vocab.nerc.ac.uk/collection/P06/current/UMIC/,
ARMS_Getxo_G1_20200624_20201103_MF100_s1_r1:ASV_149:878cde6db67bd91fc5d17976d1b008696600d953,sampleAccessionNumber,,SAMEA10021237,,,
ARMS_Getxo_G1_20200624_20201103_MF100_s1_r1:ASV_149:878cde6db67bd91fc5d17976d1b008696600d953,NCBIID,,868079,,,
ARMS_Getxo_G1_20200624_20201103_MF100_s1_r1:ASV_149:878cde6db67bd91fc5d17976d1b008696600d953,NCBIScientificName,,Bergstroemia nigrimaculata,,,
ARMS_Getxo_G1_20200624_20201103_MF100_s1_r1:ASV_149:878cde6db67bd91fc5d17976d1b008696600d953,NCBITaxonRank,,species,,,
ARMS_Getxo_G1_20200624_20201103_MF100_s1_r1:ASV_149:878cde6db67bd91fc5d17976d1b008696600d953,fieldReplicateID,,ARMS_Getxo_G_20200624_20201103,http://vocab.nerc.ac.uk/collection/P01/current/IDSPRE01,,
ARMS_Getxo_G1_20200624_20201103_MF100_s1_r1:ASV_149:878cde6db67bd91fc5d17976d1b008696600d953,technicalReplicateID,,,http://vocab.nerc.ac.uk/collection/P01/current/IDTCRE01,,
ARMS_Getxo_G1_20200624_20201103_MF100_s1_r1:ASV_149:878cde6db67bd91fc5d17976d1b008696600d953,originalScientificName,,Bergstroemia_nigrimaculata,,,
ARMS_Getxo_G1_20200624_20201103_MF100_s1_r1:ASV_149:878cde6db67bd91fc5d17976d1b008696600d953,originalTaxonRank,,species,,,
ARMS_Getxo_G1_20200624_20201103_MF100_s1_r1:ASV_149:878cde6db67bd91fc5d17976d1b008696600d953,originalScientificNameConfidenceLevel,,0.04,,,
ARMS_Getxo_G1_20200624_20201103_MF100_s1_r1:ASV_152:902ad887763d15bd6f469b80f36b0c47adf317c4,submergedTime,day,132,http://vocab.nerc.ac.uk/collection/P01/current/AZDRZZ01/,https://vocab.nerc.ac.uk/collection/P06/current/UTAA/,
ARMS_Getxo_G1_20200624_20201103_MF100_s1_r1:ASV_152:902ad887763d15bd6f469b80f36b0c47adf317c4,preservativeUsed,,DMSO,http://vocab.nerc.ac.uk/collection/Q01/current/Q0100004/,,https://pubchem.ncbi.nlm.nih.gov/compound/679
ARMS_Getxo_G1_20200624_20201103_MF100_s1_r1:ASV_152:902ad887763d15bd6f469b80f36b0c47adf317c4,lowerLimitFilterSize,micrometer,100,http://vocab.nerc.ac.uk/collection/Q01/current/Q0100011/,https://vocab.nerc.ac.uk/collection/P06/current/UMIC/,
ARMS_Getxo_G1_20200624_20201103_MF100_s1_r1:ASV_152:902ad887763d15bd6f469b80f36b0c47adf317c4,sampleAccessionNumber,,SAMEA10021237,,,
ARMS_Getxo_G1_20200624_20201103_MF100_s1_r1:ASV_152:902ad887763d15bd6f469b80f36b0c47adf317c4,NCBIID,,216763,,,
ARMS_Getxo_G1_20200624_20201103_MF100_s1_r1:ASV_152:902ad887763d15bd6f469b80f36b0c47adf317c4,NCBIScientificName,,Skeletonema subsalsum,,,
ARMS_Getxo_G1_20200624_20201103_MF100_s1_r1:ASV_152:902ad887763d15bd6f469b80f36b0c47adf317c4,NCBITaxonRank,,species,,,
ARMS_Getxo_G1_20200624_20201103_MF100_s1_r1:ASV_152:902ad887763d15bd6f469b80f36b0c47adf317c4,fieldReplicateID,,ARMS_Getxo_G_20200624_20201103,http://vocab.nerc.ac.uk/collection/P01/current/IDSPRE01,,
ARMS_Getxo_G1_20200624_20201103_MF100_s1_r1:ASV_152:902ad887763d15bd6f469b80f36b0c47adf317c4,technicalReplicateID,,,http://vocab.nerc.ac.uk/collection/P01/current/IDTCRE01,,
ARMS_Getxo_G1_20200624_20201103_MF100_s1_r1:ASV_152:902ad887763d15bd6f469b80f36b0c47adf317c4,originalScientificName,,Skeletonema_subsalsum,,,
ARMS_Getxo_G1_20200624_20201103_MF100_s1_r1:ASV_152:902ad887763d15bd6f469b80f36b0c47adf317c4,originalTaxonRank,,species,,,
ARMS_Getxo_G1_20200624_20201103_MF100_s1_r1:ASV_152:902ad887763d15bd6f469b80f36b0c47adf317c4,originalScientificNameConfidenceLevel,,0.16,,,
ARMS_Getxo_G1_20200624_20201103_MF100_s1_r1:ASV_153:967871415c5047801ee4267b5347c7f8e57f4361,submergedTime,day,132,http://vocab.nerc.ac.uk/collection/P01/current/AZDRZZ01/,https://vocab.nerc.ac.uk/collection/P06/current/UTAA/,
ARMS_Getxo_G1_20200624_20201103_MF100_s1_r1:ASV_153:967871415c5047801ee4267b5347c7f8e57f4361,preservativeUsed,,DMSO,http://vocab.nerc.ac.uk/collection/Q01/current/Q0100004/,,https://pubchem.ncbi.nlm.nih.gov/compound/679
ARMS_Getxo_G1_20200624_20201103_MF100_s1_r1:ASV_153:967871415c5047801ee4267b5347c7f8e57f4361,lowerLimitFilterSize,micrometer,100,http://vocab.nerc.ac.uk/collection/Q01/current/Q0100011/,https://vocab.nerc.ac.uk/collection/P06/current/UMIC/,
ARMS_Getxo_G1_20200624_20201103_MF100_s1_r1:ASV_153:967871415c5047801ee4267b5347c7f8e57f4361,sampleAccessionNumber,,SAMEA10021237,,,
ARMS_Getxo_G1_20200624_20201103_MF100_s1_r1:ASV_153:967871415c5047801ee4267b5347c7f8e57f4361,NCBIID,,1740620,,,
ARMS_Getxo_G1_20200624_20201103_MF100_s1_r1:ASV_153:967871415c5047801ee4267b5347c7f8e57f4361,NCBIScientificName,,Laminaria rodriguezii,,,
ARMS_Getxo_G1_20200624_20201103_MF100_s1_r1:ASV_153:967871415c5047801ee4267b5347c7f8e57f4361,NCBITaxonRank,,species,,,
ARMS_Getxo_G1_20200624_20201103_MF100_s1_r1:ASV_153:967871415c5047801ee4267b5347c7f8e57f4361,fieldReplicateID,,ARMS_Getxo_G_20200624_20201103,http://vocab.nerc.ac.uk/collection/P01/current/IDSPRE01,,
ARMS_Getxo_G1_20200624_20201103_MF100_s1_r1:ASV_153:967871415c5047801ee4267b5347c7f8e57f4361,technicalReplicateID,,,http://vocab.nerc.ac.uk/collection/P01/current/IDTCRE01,,
ARMS_Getxo_G1_20200624_20201103_MF100_s1_r1:ASV_153:967871415c5047801ee4267b5347c7f8e57f4361,originalScientificName,,Laminaria_rodriguezii,,,
ARMS_Getxo_G1_20200624_20201103_MF100_s1_r1:ASV_153:967871415c5047801ee4267b5347c7f8e57f4361,originalTaxonRank,,species,,,
ARMS_Getxo_G1_20200624_20201103_MF100_s1_r1:ASV_153:967871415c5047801ee4267b5347c7f8e57f4361,originalScientificNameConfidenceLevel,,0.0,,,
ARMS_Getxo_G1_20200624_20201103_MF100_s1_r1:ASV_156:a2debe87a6da1c55d8cc9521c765cc4a770dd917,submergedTime,day,132,http://vocab.nerc.ac.uk/collection/P01/current/AZDRZZ01/,https://vocab.nerc.ac.uk/collection/P06/current/UTAA/,
ARMS_Getxo_G1_20200624_20201103_MF100_s1_r1:ASV_156:a2debe87a6da1c55d8cc9521c765cc4a770dd917,preservativeUsed,,DMSO,http://vocab.nerc.ac.uk/collection/Q01/current/Q0100004/,,https://pubchem.ncbi.nlm.nih.gov/compound/679
ARMS_Getxo_G1_20200624_20201103_MF100_s1_r1:ASV_156:a2debe87a6da1c55d8cc9521c765cc4a770dd917,lowerLimitFilterSize,micrometer,100,http://vocab.nerc.ac.uk/collection/Q01/current/Q0100011/,https://vocab.nerc.ac.uk/collection/P06/current/UMIC/,
ARMS_Getxo_G1_20200624_20201103_MF100_s1_r1:ASV_156:a2debe87a6da1c55d8cc9521c765cc4a770dd917,sampleAccessionNumber,,SAMEA10021237,,,
ARMS_Getxo_G1_20200624_20201103_MF100_s1_r1:ASV_156:a2debe87a6da1c55d8cc9521c765cc4a770dd917,NCBIID,,223818,,,
ARMS_Getxo_G1_20200624_20201103_MF100_s1_r1:ASV_156:a2debe87a6da1c55d8cc9521c765cc4a770dd917,NCBIScientificName,,Malassezia japonica,,,
ARMS_Getxo_G1_20200624_20201103_MF100_s1_r1:ASV_156:a2debe87a6da1c55d8cc9521c765cc4a770dd917,NCBITaxonRank,,species,,,
ARMS_Getxo_G1_20200624_20201103_MF100_s1_r1:ASV_156:a2debe87a6da1c55d8cc9521c765cc4a770dd917,fieldReplicateID,,ARMS_Getxo_G_20200624_20201103,http://vocab.nerc.ac.uk/collection/P01/current/IDSPRE01,,
ARMS_Getxo_G1_20200624_20201103_MF100_s1_r1:ASV_156:a2debe87a6da1c55d8cc9521c765cc4a770dd917,technicalReplicateID,,,http://vocab.nerc.ac.uk/collection/P01/current/IDTCRE01,,
ARMS_Getxo_G1_20200624_20201103_MF100_s1_r1:ASV_156:a2debe87a6da1c55d8cc9521c765cc4a770dd917,originalScientificName,,Malassezia_japonica,,,
ARMS_Getxo_G1_20200624_20201103_MF100_s1_r1:ASV_156:a2debe87a6da1c55d8cc9521c765cc4a770dd917,originalTaxonRank,,species,,,
ARMS_Getxo_G1_20200624_20201103_MF100_s1_r1:ASV_156:a2debe87a6da1c55d8cc9521c765cc4a770dd917,originalScientificNameConfidenceLevel,,0.05,,,
ARMS_Getxo_G1_20200624_20201103_MF100_s1_r1:ASV_157:a55a29a74437041ca8fa73d31ac55a24c4818c3c,submergedTime,day,132,http://vocab.nerc.ac.uk/collection/P01/current/AZDRZZ01/,https://vocab.nerc.ac.uk/collection/P06/current/UTAA/,
ARMS_Getxo_G1_20200624_20201103_MF100_s1_r1:ASV_157:a55a29a74437041ca8fa73d31ac55a24c4818c3c,preservativeUsed,,DMSO,http://vocab.nerc.ac.uk/collection/Q01/current/Q0100004/,,https://pubchem.ncbi.nlm.nih.gov/compound/679
ARMS_Getxo_G1_20200624_20201103_MF100_s1_r1:ASV_157:a55a29a74437041ca8fa73d31ac55a24c4818c3c,lowerLimitFilterSize,micrometer,100,http://vocab.nerc.ac.uk/collection/Q01/current/Q0100011/,https://vocab.nerc.ac.uk/collection/P06/current/UMIC/,
ARMS_Getxo_G1_20200624_20201103_MF100_s1_r1:ASV_157:a55a29a74437041ca8fa73d31ac55a24c4818c3c,sampleAccessionNumber,,SAMEA10021237,,,
ARMS_Getxo_G1_20200624_20201103_MF100_s1_r1:ASV_157:a55a29a74437041ca8fa73d31ac55a24c4818c3c,NCBIID,,2033720,,,
ARMS_Getxo_G1_20200624_20201103_MF100_s1_r1:ASV_157:a55a29a74437041ca8fa73d31ac55a24c4818c3c,NCBIScientificName,,Carassius auratus x Megalobrama amblycephala x Carassius cuvieri,,,
ARMS_Getxo_G1_20200624_20201103_MF100_s1_r1:ASV_157:a55a29a74437041ca8fa73d31ac55a24c4818c3c,NCBITaxonRank,,species,,,
ARMS_Getxo_G1_20200624_20201103_MF100_s1_r1:ASV_157:a55a29a74437041ca8fa73d31ac55a24c4818c3c,fieldReplicateID,,ARMS_Getxo_G_20200624_20201103,http://vocab.nerc.ac.uk/collection/P01/current/IDSPRE01,,
ARMS_Getxo_G1_20200624_20201103_MF100_s1_r1:ASV_157:a55a29a74437041ca8fa73d31ac55a24c4818c3c,technicalReplicateID,,,http://vocab.nerc.ac.uk/collection/P01/current/IDTCRE01,,
ARMS_Getxo_G1_20200624_20201103_MF100_s1_r1:ASV_157:a55a29a74437041ca8fa73d31ac55a24c4818c3c,originalScientificName,,Carassius_auratus_x_Megalobrama_amblycephala_x_Carassius_cuvieri,,,
ARMS_Getxo_G1_20200624_20201103_MF100_s1_r1:ASV_157:a55a29a74437041ca8fa73d31ac55a24c4818c3c,originalTaxonRank,,species,,,
ARMS_Getxo_G1_20200624_20201103_MF100_s1_r1:ASV_157:a55a29a74437041ca8fa73d31ac55a24c4818c3c,originalScientificNameConfidenceLevel,,0.0,,,
ARMS_Getxo_G1_20200624_20201103_MF100_s1_r1:ASV_158:a71da7926d5edb96ccbc932253afdb47dfc1c467,submergedTime,day,132,http://vocab.nerc.ac.uk/collection/P01/current/AZDRZZ01/,https://vocab.nerc.ac.uk/collection/P06/current/UTAA/,
ARMS_Getxo_G1_20200624_20201103_MF100_s1_r1:ASV_158:a71da7926d5edb96ccbc932253afdb47dfc1c467,preservativeUsed,,DMSO,http://vocab.nerc.ac.uk/collection/Q01/current/Q0100004/,,https://pubchem.ncbi.nlm.nih.gov/compound/679
ARMS_Getxo_G1_20200624_20201103_MF100_s1_r1:ASV_158:a71da7926d5edb96ccbc932253afdb47dfc1c467,lowerLimitFilterSize,micrometer,100,http://vocab.nerc.ac.uk/collection/Q01/current/Q0100011/,https://vocab.nerc.ac.uk/collection/P06/current/UMIC/,
ARMS_Getxo_G1_20200624_20201103_MF100_s1_r1:ASV_158:a71da7926d5edb96ccbc932253afdb47dfc1c467,sampleAccessionNumber,,SAMEA10021237,,,
ARMS_Getxo_G1_20200624_20201103_MF100_s1_r1:ASV_158:a71da7926d5edb96ccbc932253afdb47dfc1c467,NCBIID,,1642630,,,
ARMS_Getxo_G1_20200624_20201103_MF100_s1_r1:ASV_158:a71da7926d5edb96ccbc932253afdb47dfc1c467,NCBIScientificName,,Braunina cordiformis,,,
ARMS_Getxo_G1_20200624_20201103_MF100_s1_r1:ASV_158:a71da7926d5edb96ccbc932253afdb47dfc1c467,NCBITaxonRank,,species,,,
ARMS_Getxo_G1_20200624_20201103_MF100_s1_r1:ASV_158:a71da7926d5edb96ccbc932253afdb47dfc1c467,fieldReplicateID,,ARMS_Getxo_G_20200624_20201103,http://vocab.nerc.ac.uk/collection/P01/current/IDSPRE01,,
ARMS_Getxo_G1_20200624_20201103_MF100_s1_r1:ASV_158:a71da7926d5edb96ccbc932253afdb47dfc1c467,technicalReplicateID,,,http://vocab.nerc.ac.uk/collection/P01/current/IDTCRE01,,
ARMS_Getxo_G1_20200624_20201103_MF100_s1_r1:ASV_158:a71da7926d5edb96ccbc932253afdb47dfc1c467,originalScientificName,,Braunina_cordiformis,,,
ARMS_Getxo_G1_20200624_20201103_MF100_s1_r1:ASV_158:a71da7926d5edb96ccbc932253afdb47dfc1c467,originalTaxonRank,,species,,,
ARMS_Getxo_G1_20200624_20201103_MF100_s1_r1:ASV_158:a71da7926d5edb96ccbc932253afdb47dfc1c467,originalScientificNameConfidenceLevel,,0.06,,,
ARMS_Getxo_G1_20200624_20201103_MF100_s1_r1:ASV_159:aedd3a7bf427300a236ce5c595c9a2740bf58909,submergedTime,day,132,http://vocab.nerc.ac.uk/collection/P01/current/AZDRZZ01/,https://vocab.nerc.ac.uk/collection/P06/current/UTAA/,
ARMS_Getxo_G1_20200624_20201103_MF100_s1_r1:ASV_159:aedd3a7bf427300a236ce5c595c9a2740bf58909,preservativeUsed,,DMSO,http://vocab.nerc.ac.uk/collection/Q01/current/Q0100004/,,https://pubchem.ncbi.nlm.nih.gov/compound/679
ARMS_Getxo_G1_20200624_20201103_MF100_s1_r1:ASV_159:aedd3a7bf427300a236ce5c595c9a2740bf58909,lowerLimitFilterSize,micrometer,100,http://vocab.nerc.ac.uk/collection/Q01/current/Q0100011/,https://vocab.nerc.ac.uk/collection/P06/current/UMIC/,
ARMS_Getxo_G1_20200624_20201103_MF100_s1_r1:ASV_159:aedd3a7bf427300a236ce5c595c9a2740bf58909,sampleAccessionNumber,,SAMEA10021237,,,
ARMS_Getxo_G1_20200624_20201103_MF100_s1_r1:ASV_159:aedd3a7bf427300a236ce5c595c9a2740bf58909,NCBIID,,517775,,,
ARMS_Getxo_G1_20200624_20201103_MF100_s1_r1:ASV_159:aedd3a7bf427300a236ce5c595c9a2740bf58909,NCBIScientificName,,Psammoneis japonica,,,
ARMS_Getxo_G1_20200624_20201103_MF100_s1_r1:ASV_159:aedd3a7bf427300a236ce5c595c9a2740bf58909,NCBITaxonRank,,species,,,
ARMS_Getxo_G1_20200624_20201103_MF100_s1_r1:ASV_159:aedd3a7bf427300a236ce5c595c9a2740bf58909,fieldReplicateID,,ARMS_Getxo_G_20200624_20201103,http://vocab.nerc.ac.uk/collection/P01/current/IDSPRE01,,
ARMS_Getxo_G1_20200624_20201103_MF100_s1_r1:ASV_159:aedd3a7bf427300a236ce5c595c9a2740bf58909,technicalReplicateID,,,http://vocab.nerc.ac.uk/collection/P01/current/IDTCRE01,,
ARMS_Getxo_G1_20200624_20201103_MF100_s1_r1:ASV_159:aedd3a7bf427300a236ce5c595c9a2740bf58909,originalScientificName,,Psammoneis_japonica,,,
ARMS_Getxo_G1_20200624_20201103_MF100_s1_r1:ASV_159:aedd3a7bf427300a236ce5c595c9a2740bf58909,originalTaxonRank,,species,,,
ARMS_Getxo_G1_20200624_20201103_MF100_s1_r1:ASV_159:aedd3a7bf427300a236ce5c595c9a2740bf58909,originalScientificNameConfidenceLevel,,0.07,,,
ARMS_Getxo_G1_20200624_20201103_MF100_s1_r1:ASV_161:b22fe212d6d895e0e6d856a0ceb5ffc16c7d16bf,submergedTime,day,132,http://vocab.nerc.ac.uk/collection/P01/current/AZDRZZ01/,https://vocab.nerc.ac.uk/collection/P06/current/UTAA/,
ARMS_Getxo_G1_20200624_20201103_MF100_s1_r1:ASV_161:b22fe212d6d895e0e6d856a0ceb5ffc16c7d16bf,preservativeUsed,,DMSO,http://vocab.nerc.ac.uk/collection/Q01/current/Q0100004/,,https://pubchem.ncbi.nlm.nih.gov/compound/679
ARMS_Getxo_G1_20200624_20201103_MF100_s1_r1:ASV_161:b22fe212d6d895e0e6d856a0ceb5ffc16c7d16bf,lowerLimitFilterSize,micrometer,100,http://vocab.nerc.ac.uk/collection/Q01/current/Q0100011/,https://vocab.nerc.ac.uk/collection/P06/current/UMIC/,
ARMS_Getxo_G1_20200624_20201103_MF100_s1_r1:ASV_161:b22fe212d6d895e0e6d856a0ceb5ffc16c7d16bf,sampleAccessionNumber,,SAMEA10021237,,,
ARMS_Getxo_G1_20200624_20201103_MF100_s1_r1:ASV_161:b22fe212d6d895e0e6d856a0ceb5ffc16c7d16bf,NCBIID,,291032,,,
ARMS_Getxo_G1_20200624_20201103_MF100_s1_r1:ASV_161:b22fe212d6d895e0e6d856a0ceb5ffc16c7d16bf,NCBIScientificName,,Thalassiosira curviseriata,,,
ARMS_Getxo_G1_20200624_20201103_MF100_s1_r1:ASV_161:b22fe212d6d895e0e6d856a0ceb5ffc16c7d16bf,NCBITaxonRank,,species,,,
ARMS_Getxo_G1_20200624_20201103_MF100_s1_r1:ASV_161:b22fe212d6d895e0e6d856a0ceb5ffc16c7d16bf,fieldReplicateID,,ARMS_Getxo_G_20200624_20201103,http://vocab.nerc.ac.uk/collection/P01/current/IDSPRE01,,
ARMS_Getxo_G1_20200624_20201103_MF100_s1_r1:ASV_161:b22fe212d6d895e0e6d856a0ceb5ffc16c7d16bf,technicalReplicateID,,,http://vocab.nerc.ac.uk/collection/P01/current/IDTCRE01,,
ARMS_Getxo_G1_20200624_20201103_MF100_s1_r1:ASV_161:b22fe212d6d895e0e6d856a0ceb5ffc16c7d16bf,originalScientificName,,Thalassiosira_curviseriata,,,
ARMS_Getxo_G1_20200624_20201103_MF100_s1_r1:ASV_161:b22fe212d6d895e0e6d856a0ceb5ffc16c7d16bf,originalTaxonRank,,species,,,
ARMS_Getxo_G1_20200624_20201103_MF100_s1_r1:ASV_161:b22fe212d6d895e0e6d856a0ceb5ffc16c7d16bf,originalScientificNameConfidenceLevel,,0.11,,,
ARMS_Getxo_G1_20200624_20201103_MF100_s1_r1:ASV_165:b8d8b4d791035cc60ce444f33ddd72f0ad968d93,submergedTime,day,132,http://vocab.nerc.ac.uk/collection/P01/current/AZDRZZ01/,https://vocab.nerc.ac.uk/collection/P06/current/UTAA/,
ARMS_Getxo_G1_20200624_20201103_MF100_s1_r1:ASV_165:b8d8b4d791035cc60ce444f33ddd72f0ad968d93,preservativeUsed,,DMSO,http://vocab.nerc.ac.uk/collection/Q01/current/Q0100004/,,https://pubchem.ncbi.nlm.nih.gov/compound/679
ARMS_Getxo_G1_20200624_20201103_MF100_s1_r1:ASV_165:b8d8b4d791035cc60ce444f33ddd72f0ad968d93,lowerLimitFilterSize,micrometer,100,http://vocab.nerc.ac.uk/collection/Q01/current/Q0100011/,https://vocab.nerc.ac.uk/collection/P06/current/UMIC/,
ARMS_Getxo_G1_20200624_20201103_MF100_s1_r1:ASV_165:b8d8b4d791035cc60ce444f33ddd72f0ad968d93,sampleAccessionNumber,,SAMEA10021237,,,
ARMS_Getxo_G1_20200624_20201103_MF100_s1_r1:ASV_165:b8d8b4d791035cc60ce444f33ddd72f0ad968d93,NCBIID,,33203,,,
ARMS_Getxo_G1_20200624_20201103_MF100_s1_r1:ASV_165:b8d8b4d791035cc60ce444f33ddd72f0ad968d93,NCBIScientificName,,Purpureocillium lilacinum,,,
ARMS_Getxo_G1_20200624_20201103_MF100_s1_r1:ASV_165:b8d8b4d791035cc60ce444f33ddd72f0ad968d93,NCBITaxonRank,,species,,,
ARMS_Getxo_G1_20200624_20201103_MF100_s1_r1:ASV_165:b8d8b4d791035cc60ce444f33ddd72f0ad968d93,fieldReplicateID,,ARMS_Getxo_G_20200624_20201103,http://vocab.nerc.ac.uk/collection/P01/current/IDSPRE01,,
ARMS_Getxo_G1_20200624_20201103_MF100_s1_r1:ASV_165:b8d8b4d791035cc60ce444f33ddd72f0ad968d93,technicalReplicateID,,,http://vocab.nerc.ac.uk/collection/P01/current/IDTCRE01,,
ARMS_Getxo_G1_20200624_20201103_MF100_s1_r1:ASV_165:b8d8b4d791035cc60ce444f33ddd72f0ad968d93,originalScientificName,,Purpureocillium_lilacinum,,,
ARMS_Getxo_G1_20200624_20201103_MF100_s1_r1:ASV_165:b8d8b4d791035cc60ce444f33ddd72f0ad968d93,originalTaxonRank,,species,,,
ARMS_Getxo_G1_20200624_20201103_MF100_s1_r1:ASV_165:b8d8b4d791035cc60ce444f33ddd72f0ad968d93,originalScientificNameConfidenceLevel,,0.42,,,
ARMS_Getxo_G1_20200624_20201103_MF100_s1_r1:ASV_170:cb0995d8e5bb3b933f173199544939ae2bc8f3fd,submergedTime,day,132,http://vocab.nerc.ac.uk/collection/P01/current/AZDRZZ01/,https://vocab.nerc.ac.uk/collection/P06/current/UTAA/,
ARMS_Getxo_G1_20200624_20201103_MF100_s1_r1:ASV_170:cb0995d8e5bb3b933f173199544939ae2bc8f3fd,preservativeUsed,,DMSO,http://vocab.nerc.ac.uk/collection/Q01/current/Q0100004/,,https://pubchem.ncbi.nlm.nih.gov/compound/679
ARMS_Getxo_G1_20200624_20201103_MF100_s1_r1:ASV_170:cb0995d8e5bb3b933f173199544939ae2bc8f3fd,lowerLimitFilterSize,micrometer,100,http://vocab.nerc.ac.uk/collection/Q01/current/Q0100011/,https://vocab.nerc.ac.uk/collection/P06/current/UMIC/,
ARMS_Getxo_G1_20200624_20201103_MF100_s1_r1:ASV_170:cb0995d8e5bb3b933f173199544939ae2bc8f3fd,sampleAccessionNumber,,SAMEA10021237,,,
ARMS_Getxo_G1_20200624_20201103_MF100_s1_r1:ASV_170:cb0995d8e5bb3b933f173199544939ae2bc8f3fd,NCBIID,,434040,,,
ARMS_Getxo_G1_20200624_20201103_MF100_s1_r1:ASV_170:cb0995d8e5bb3b933f173199544939ae2bc8f3fd,NCBIScientificName,,Candida alai,,,
ARMS_Getxo_G1_20200624_20201103_MF100_s1_r1:ASV_170:cb0995d8e5bb3b933f173199544939ae2bc8f3fd,NCBITaxonRank,,species,,,
ARMS_Getxo_G1_20200624_20201103_MF100_s1_r1:ASV_170:cb0995d8e5bb3b933f173199544939ae2bc8f3fd,fieldReplicateID,,ARMS_Getxo_G_20200624_20201103,http://vocab.nerc.ac.uk/collection/P01/current/IDSPRE01,,
ARMS_Getxo_G1_20200624_20201103_MF100_s1_r1:ASV_170:cb0995d8e5bb3b933f173199544939ae2bc8f3fd,technicalReplicateID,,,http://vocab.nerc.ac.uk/collection/P01/current/IDTCRE01,,
ARMS_Getxo_G1_20200624_20201103_MF100_s1_r1:ASV_170:cb0995d8e5bb3b933f173199544939ae2bc8f3fd,originalScientificName,,Candida_alai,,,
ARMS_Getxo_G1_20200624_20201103_MF100_s1_r1:ASV_170:cb0995d8e5bb3b933f173199544939ae2bc8f3fd,originalTaxonRank,,species,,,
ARMS_Getxo_G1_20200624_20201103_MF100_s1_r1:ASV_170:cb0995d8e5bb3b933f173199544939ae2bc8f3fd,originalScientificNameConfidenceLevel,,0.04,,,
ARMS_Getxo_G1_20200624_20201103_MF100_s1_r1:ASV_171:d4cccf40e4dac2f2c03692ce2e7d952aa8df9bd9,submergedTime,day,132,http://vocab.nerc.ac.uk/collection/P01/current/AZDRZZ01/,https://vocab.nerc.ac.uk/collection/P06/current/UTAA/,
ARMS_Getxo_G1_20200624_20201103_MF100_s1_r1:ASV_171:d4cccf40e4dac2f2c03692ce2e7d952aa8df9bd9,preservativeUsed,,DMSO,http://vocab.nerc.ac.uk/collection/Q01/current/Q0100004/,,https://pubchem.ncbi.nlm.nih.gov/compound/679
ARMS_Getxo_G1_20200624_20201103_MF100_s1_r1:ASV_171:d4cccf40e4dac2f2c03692ce2e7d952aa8df9bd9,lowerLimitFilterSize,micrometer,100,http://vocab.nerc.ac.uk/collection/Q01/current/Q0100011/,https://vocab.nerc.ac.uk/collection/P06/current/UMIC/,
ARMS_Getxo_G1_20200624_20201103_MF100_s1_r1:ASV_171:d4cccf40e4dac2f2c03692ce2e7d952aa8df9bd9,sampleAccessionNumber,,SAMEA10021237,,,
ARMS_Getxo_G1_20200624_20201103_MF100_s1_r1:ASV_171:d4cccf40e4dac2f2c03692ce2e7d952aa8df9bd9,NCBIID,,221721,,,
ARMS_Getxo_G1_20200624_20201103_MF100_s1_r1:ASV_171:d4cccf40e4dac2f2c03692ce2e7d952aa8df9bd9,NCBIScientificName,,Jakoba bahamiensis,,,
ARMS_Getxo_G1_20200624_20201103_MF100_s1_r1:ASV_171:d4cccf40e4dac2f2c03692ce2e7d952aa8df9bd9,NCBITaxonRank,,species,,,
ARMS_Getxo_G1_20200624_20201103_MF100_s1_r1:ASV_171:d4cccf40e4dac2f2c03692ce2e7d952aa8df9bd9,fieldReplicateID,,ARMS_Getxo_G_20200624_20201103,http://vocab.nerc.ac.uk/collection/P01/current/IDSPRE01,,
ARMS_Getxo_G1_20200624_20201103_MF100_s1_r1:ASV_171:d4cccf40e4dac2f2c03692ce2e7d952aa8df9bd9,technicalReplicateID,,,http://vocab.nerc.ac.uk/collection/P01/current/IDTCRE01,,
ARMS_Getxo_G1_20200624_20201103_MF100_s1_r1:ASV_171:d4cccf40e4dac2f2c03692ce2e7d952aa8df9bd9,originalScientificName,,Jakoba_bahamiensis,,,
ARMS_Getxo_G1_20200624_20201103_MF100_s1_r1:ASV_171:d4cccf40e4dac2f2c03692ce2e7d952aa8df9bd9,originalTaxonRank,,species,,,
ARMS_Getxo_G1_20200624_20201103_MF100_s1_r1:ASV_171:d4cccf40e4dac2f2c03692ce2e7d952aa8df9bd9,originalScientificNameConfidenceLevel,,0.01,,,
ARMS_Getxo_G1_20200624_20201103_MF100_s1_r1:ASV_174:d70350f571d8ad2183f266473f164d99e20d2e69,submergedTime,day,132,http://vocab.nerc.ac.uk/collection/P01/current/AZDRZZ01/,https://vocab.nerc.ac.uk/collection/P06/current/UTAA/,
ARMS_Getxo_G1_20200624_20201103_MF100_s1_r1:ASV_174:d70350f571d8ad2183f266473f164d99e20d2e69,preservativeUsed,,DMSO,http://vocab.nerc.ac.uk/collection/Q01/current/Q0100004/,,https://pubchem.ncbi.nlm.nih.gov/compound/679
ARMS_Getxo_G1_20200624_20201103_MF100_s1_r1:ASV_174:d70350f571d8ad2183f266473f164d99e20d2e69,lowerLimitFilterSize,micrometer,100,http://vocab.nerc.ac.uk/collection/Q01/current/Q0100011/,https://vocab.nerc.ac.uk/collection/P06/current/UMIC/,
ARMS_Getxo_G1_20200624_20201103_MF100_s1_r1:ASV_174:d70350f571d8ad2183f266473f164d99e20d2e69,sampleAccessionNumber,,SAMEA10021237,,,
ARMS_Getxo_G1_20200624_20201103_MF100_s1_r1:ASV_174:d70350f571d8ad2183f266473f164d99e20d2e69,NCBIID,,696689,,,
ARMS_Getxo_G1_20200624_20201103_MF100_s1_r1:ASV_174:d70350f571d8ad2183f266473f164d99e20d2e69,NCBIScientificName,,Macrogyrodactylus karibae,,,
ARMS_Getxo_G1_20200624_20201103_MF100_s1_r1:ASV_174:d70350f571d8ad2183f266473f164d99e20d2e69,NCBITaxonRank,,species,,,
ARMS_Getxo_G1_20200624_20201103_MF100_s1_r1:ASV_174:d70350f571d8ad2183f266473f164d99e20d2e69,fieldReplicateID,,ARMS_Getxo_G_20200624_20201103,http://vocab.nerc.ac.uk/collection/P01/current/IDSPRE01,,
ARMS_Getxo_G1_20200624_20201103_MF100_s1_r1:ASV_174:d70350f571d8ad2183f266473f164d99e20d2e69,technicalReplicateID,,,http://vocab.nerc.ac.uk/collection/P01/current/IDTCRE01,,
ARMS_Getxo_G1_20200624_20201103_MF100_s1_r1:ASV_174:d70350f571d8ad2183f266473f164d99e20d2e69,originalScientificName,,Macrogyrodactylus_karibae,,,
ARMS_Getxo_G1_20200624_20201103_MF100_s1_r1:ASV_174:d70350f571d8ad2183f266473f164d99e20d2e69,originalTaxonRank,,species,,,
ARMS_Getxo_G1_20200624_20201103_MF100_s1_r1:ASV_174:d70350f571d8ad2183f266473f164d99e20d2e69,originalScientificNameConfidenceLevel,,0.03,,,
ARMS_Getxo_G1_20200624_20201103_MF100_s1_r1:ASV_177:f264f73bbd01d7aee2c200afb155d0b784811ebb,submergedTime,day,132,http://vocab.nerc.ac.uk/collection/P01/current/AZDRZZ01/,https://vocab.nerc.ac.uk/collection/P06/current/UTAA/,
ARMS_Getxo_G1_20200624_20201103_MF100_s1_r1:ASV_177:f264f73bbd01d7aee2c200afb155d0b784811ebb,preservativeUsed,,DMSO,http://vocab.nerc.ac.uk/collection/Q01/current/Q0100004/,,https://pubchem.ncbi.nlm.nih.gov/compound/679
ARMS_Getxo_G1_20200624_20201103_MF100_s1_r1:ASV_177:f264f73bbd01d7aee2c200afb155d0b784811ebb,lowerLimitFilterSize,micrometer,100,http://vocab.nerc.ac.uk/collection/Q01/current/Q0100011/,https://vocab.nerc.ac.uk/collection/P06/current/UMIC/,
ARMS_Getxo_G1_20200624_20201103_MF100_s1_r1:ASV_177:f264f73bbd01d7aee2c200afb155d0b784811ebb,sampleAccessionNumber,,SAMEA10021237,,,
ARMS_Getxo_G1_20200624_20201103_MF100_s1_r1:ASV_177:f264f73bbd01d7aee2c200afb155d0b784811ebb,NCBIID,,2204078,,,
ARMS_Getxo_G1_20200624_20201103_MF100_s1_r1:ASV_177:f264f73bbd01d7aee2c200afb155d0b784811ebb,NCBIScientificName,,Cryptonome barbada,,,
ARMS_Getxo_G1_20200624_20201103_MF100_s1_r1:ASV_177:f264f73bbd01d7aee2c200afb155d0b784811ebb,NCBITaxonRank,,species,,,
ARMS_Getxo_G1_20200624_20201103_MF100_s1_r1:ASV_177:f264f73bbd01d7aee2c200afb155d0b784811ebb,fieldReplicateID,,ARMS_Getxo_G_20200624_20201103,http://vocab.nerc.ac.uk/collection/P01/current/IDSPRE01,,
ARMS_Getxo_G1_20200624_20201103_MF100_s1_r1:ASV_177:f264f73bbd01d7aee2c200afb155d0b784811ebb,technicalReplicateID,,,http://vocab.nerc.ac.uk/collection/P01/current/IDTCRE01,,
ARMS_Getxo_G1_20200624_20201103_MF100_s1_r1:ASV_177:f264f73bbd01d7aee2c200afb155d0b784811ebb,originalScientificName,,Cryptonome_barbada,,,
ARMS_Getxo_G1_20200624_20201103_MF100_s1_r1:ASV_177:f264f73bbd01d7aee2c200afb155d0b784811ebb,originalTaxonRank,,species,,,
ARMS_Getxo_G1_20200624_20201103_MF100_s1_r1:ASV_177:f264f73bbd01d7aee2c200afb155d0b784811ebb,originalScientificNameConfidenceLevel,,0.09,,,
ARMS_Getxo_G1_20200624_20201103_MF100_s1_r1:ASV_180:ff045a0910b9df10bd238d7b7306a9ce62d80493,submergedTime,day,132,http://vocab.nerc.ac.uk/collection/P01/current/AZDRZZ01/,https://vocab.nerc.ac.uk/collection/P06/current/UTAA/,
ARMS_Getxo_G1_20200624_20201103_MF100_s1_r1:ASV_180:ff045a0910b9df10bd238d7b7306a9ce62d80493,preservativeUsed,,DMSO,http://vocab.nerc.ac.uk/collection/Q01/current/Q0100004/,,https://pubchem.ncbi.nlm.nih.gov/compound/679
ARMS_Getxo_G1_20200624_20201103_MF100_s1_r1:ASV_180:ff045a0910b9df10bd238d7b7306a9ce62d80493,lowerLimitFilterSize,micrometer,100,http://vocab.nerc.ac.uk/collection/Q01/current/Q0100011/,https://vocab.nerc.ac.uk/collection/P06/current/UMIC/,
ARMS_Getxo_G1_20200624_20201103_MF100_s1_r1:ASV_180:ff045a0910b9df10bd238d7b7306a9ce62d80493,sampleAccessionNumber,,SAMEA10021237,,,
ARMS_Getxo_G1_20200624_20201103_MF100_s1_r1:ASV_180:ff045a0910b9df10bd238d7b7306a9ce62d80493,NCBIID,,2185085,,,
ARMS_Getxo_G1_20200624_20201103_MF100_s1_r1:ASV_180:ff045a0910b9df10bd238d7b7306a9ce62d80493,NCBIScientificName,,Nemacystus decipiens,,,
ARMS_Getxo_G1_20200624_20201103_MF100_s1_r1:ASV_180:ff045a0910b9df10bd238d7b7306a9ce62d80493,NCBITaxonRank,,species,,,
ARMS_Getxo_G1_20200624_20201103_MF100_s1_r1:ASV_180:ff045a0910b9df10bd238d7b7306a9ce62d80493,fieldReplicateID,,ARMS_Getxo_G_20200624_20201103,http://vocab.nerc.ac.uk/collection/P01/current/IDSPRE01,,
ARMS_Getxo_G1_20200624_20201103_MF100_s1_r1:ASV_180:ff045a0910b9df10bd238d7b7306a9ce62d80493,technicalReplicateID,,,http://vocab.nerc.ac.uk/collection/P01/current/IDTCRE01,,
ARMS_Getxo_G1_20200624_20201103_MF100_s1_r1:ASV_180:ff045a0910b9df10bd238d7b7306a9ce62d80493,originalScientificName,,Nemacystus_decipiens,,,
ARMS_Getxo_G1_20200624_20201103_MF100_s1_r1:ASV_180:ff045a0910b9df10bd238d7b7306a9ce62d80493,originalTaxonRank,,species,,,
ARMS_Getxo_G1_20200624_20201103_MF100_s1_r1:ASV_180:ff045a0910b9df10bd238d7b7306a9ce62d80493,originalScientificNameConfidenceLevel,,0.03,,,
ARMS_Getxo_G1_20200624_20201103_MF100_s1_r1:ASV_187:02f051c5e3e4dab2ac204b5c08c348a4fce3b1b5,submergedTime,day,132,http://vocab.nerc.ac.uk/collection/P01/current/AZDRZZ01/,https://vocab.nerc.ac.uk/collection/P06/current/UTAA/,
ARMS_Getxo_G1_20200624_20201103_MF100_s1_r1:ASV_187:02f051c5e3e4dab2ac204b5c08c348a4fce3b1b5,preservativeUsed,,DMSO,http://vocab.nerc.ac.uk/collection/Q01/current/Q0100004/,,https://pubchem.ncbi.nlm.nih.gov/compound/679
ARMS_Getxo_G1_20200624_20201103_MF100_s1_r1:ASV_187:02f051c5e3e4dab2ac204b5c08c348a4fce3b1b5,lowerLimitFilterSize,micrometer,100,http://vocab.nerc.ac.uk/collection/Q01/current/Q0100011/,https://vocab.nerc.ac.uk/collection/P06/current/UMIC/,
ARMS_Getxo_G1_20200624_20201103_MF100_s1_r1:ASV_187:02f051c5e3e4dab2ac204b5c08c348a4fce3b1b5,sampleAccessionNumber,,SAMEA10021237,,,
ARMS_Getxo_G1_20200624_20201103_MF100_s1_r1:ASV_187:02f051c5e3e4dab2ac204b5c08c348a4fce3b1b5,NCBIID,,143017,,,
ARMS_Getxo_G1_20200624_20201103_MF100_s1_r1:ASV_187:02f051c5e3e4dab2ac204b5c08c348a4fce3b1b5,NCBIScientificName,,Jakoba libera,,,
ARMS_Getxo_G1_20200624_20201103_MF100_s1_r1:ASV_187:02f051c5e3e4dab2ac204b5c08c348a4fce3b1b5,NCBITaxonRank,,species,,,
ARMS_Getxo_G1_20200624_20201103_MF100_s1_r1:ASV_187:02f051c5e3e4dab2ac204b5c08c348a4fce3b1b5,fieldReplicateID,,ARMS_Getxo_G_20200624_20201103,http://vocab.nerc.ac.uk/collection/P01/current/IDSPRE01,,
ARMS_Getxo_G1_20200624_20201103_MF100_s1_r1:ASV_187:02f051c5e3e4dab2ac204b5c08c348a4fce3b1b5,technicalReplicateID,,,http://vocab.nerc.ac.uk/collection/P01/current/IDTCRE01,,
ARMS_Getxo_G1_20200624_20201103_MF100_s1_r1:ASV_187:02f051c5e3e4dab2ac204b5c08c348a4fce3b1b5,originalScientificName,,Jakoba_libera,,,
ARMS_Getxo_G1_20200624_20201103_MF100_s1_r1:ASV_187:02f051c5e3e4dab2ac204b5c08c348a4fce3b1b5,originalTaxonRank,,species,,,
ARMS_Getxo_G1_20200624_20201103_MF100_s1_r1:ASV_187:02f051c5e3e4dab2ac204b5c08c348a4fce3b1b5,originalScientificNameConfidenceLevel,,0.14,,,
ARMS_Getxo_G1_20200624_20201103_MF100_s1_r1:ASV_217:11c91cca51e74d62ac5ea77eed48a810add09b71,submergedTime,day,132,http://vocab.nerc.ac.uk/collection/P01/current/AZDRZZ01/,https://vocab.nerc.ac.uk/collection/P06/current/UTAA/,
ARMS_Getxo_G1_20200624_20201103_MF100_s1_r1:ASV_217:11c91cca51e74d62ac5ea77eed48a810add09b71,preservativeUsed,,DMSO,http://vocab.nerc.ac.uk/collection/Q01/current/Q0100004/,,https://pubchem.ncbi.nlm.nih.gov/compound/679
ARMS_Getxo_G1_20200624_20201103_MF100_s1_r1:ASV_217:11c91cca51e74d62ac5ea77eed48a810add09b71,lowerLimitFilterSize,micrometer,100,http://vocab.nerc.ac.uk/collection/Q01/current/Q0100011/,https://vocab.nerc.ac.uk/collection/P06/current/UMIC/,
ARMS_Getxo_G1_20200624_20201103_MF100_s1_r1:ASV_217:11c91cca51e74d62ac5ea77eed48a810add09b71,sampleAccessionNumber,,SAMEA10021237,,,
ARMS_Getxo_G1_20200624_20201103_MF100_s1_r1:ASV_217:11c91cca51e74d62ac5ea77eed48a810add09b71,NCBIID,,117203,,,
ARMS_Getxo_G1_20200624_20201103_MF100_s1_r1:ASV_217:11c91cca51e74d62ac5ea77eed48a810add09b71,NCBIScientificName,,Gerygone fusca,,,
ARMS_Getxo_G1_20200624_20201103_MF100_s1_r1:ASV_217:11c91cca51e74d62ac5ea77eed48a810add09b71,NCBITaxonRank,,species,,,
ARMS_Getxo_G1_20200624_20201103_MF100_s1_r1:ASV_217:11c91cca51e74d62ac5ea77eed48a810add09b71,fieldReplicateID,,ARMS_Getxo_G_20200624_20201103,http://vocab.nerc.ac.uk/collection/P01/current/IDSPRE01,,
ARMS_Getxo_G1_20200624_20201103_MF100_s1_r1:ASV_217:11c91cca51e74d62ac5ea77eed48a810add09b71,technicalReplicateID,,,http://vocab.nerc.ac.uk/collection/P01/current/IDTCRE01,,
ARMS_Getxo_G1_20200624_20201103_MF100_s1_r1:ASV_217:11c91cca51e74d62ac5ea77eed48a810add09b71,originalScientificName,,Gerygone_fusca,,,
ARMS_Getxo_G1_20200624_20201103_MF100_s1_r1:ASV_217:11c91cca51e74d62ac5ea77eed48a810add09b71,originalTaxonRank,,species,,,
ARMS_Getxo_G1_20200624_20201103_MF100_s1_r1:ASV_217:11c91cca51e74d62ac5ea77eed48a810add09b71,originalScientificNameConfidenceLevel,,0.07,,,
ARMS_Getxo_G1_20200624_20201103_MF100_s1_r1:ASV_264:31177abb1766b3581454ae3f8c1ee02d7cd6cd51,submergedTime,day,132,http://vocab.nerc.ac.uk/collection/P01/current/AZDRZZ01/,https://vocab.nerc.ac.uk/collection/P06/current/UTAA/,
ARMS_Getxo_G1_20200624_20201103_MF100_s1_r1:ASV_264:31177abb1766b3581454ae3f8c1ee02d7cd6cd51,preservativeUsed,,DMSO,http://vocab.nerc.ac.uk/collection/Q01/current/Q0100004/,,https://pubchem.ncbi.nlm.nih.gov/compound/679
ARMS_Getxo_G1_20200624_20201103_MF100_s1_r1:ASV_264:31177abb1766b3581454ae3f8c1ee02d7cd6cd51,lowerLimitFilterSize,micrometer,100,http://vocab.nerc.ac.uk/collection/Q01/current/Q0100011/,https://vocab.nerc.ac.uk/collection/P06/current/UMIC/,
ARMS_Getxo_G1_20200624_20201103_MF100_s1_r1:ASV_264:31177abb1766b3581454ae3f8c1ee02d7cd6cd51,sampleAccessionNumber,,SAMEA10021237,,,
ARMS_Getxo_G1_20200624_20201103_MF100_s1_r1:ASV_264:31177abb1766b3581454ae3f8c1ee02d7cd6cd51,NCBIID,,41457,,,
ARMS_Getxo_G1_20200624_20201103_MF100_s1_r1:ASV_264:31177abb1766b3581454ae3f8c1ee02d7cd6cd51,NCBIScientificName,,Skeletonema pseudocostatum,,,
ARMS_Getxo_G1_20200624_20201103_MF100_s1_r1:ASV_264:31177abb1766b3581454ae3f8c1ee02d7cd6cd51,NCBITaxonRank,,species,,,
ARMS_Getxo_G1_20200624_20201103_MF100_s1_r1:ASV_264:31177abb1766b3581454ae3f8c1ee02d7cd6cd51,fieldReplicateID,,ARMS_Getxo_G_20200624_20201103,http://vocab.nerc.ac.uk/collection/P01/current/IDSPRE01,,
ARMS_Getxo_G1_20200624_20201103_MF100_s1_r1:ASV_264:31177abb1766b3581454ae3f8c1ee02d7cd6cd51,technicalReplicateID,,,http://vocab.nerc.ac.uk/collection/P01/current/IDTCRE01,,
ARMS_Getxo_G1_20200624_20201103_MF100_s1_r1:ASV_264:31177abb1766b3581454ae3f8c1ee02d7cd6cd51,originalScientificName,,Skeletonema_pseudocostatum,,,
ARMS_Getxo_G1_20200624_20201103_MF100_s1_r1:ASV_264:31177abb1766b3581454ae3f8c1ee02d7cd6cd51,originalTaxonRank,,species,,,
ARMS_Getxo_G1_20200624_20201103_MF100_s1_r1:ASV_264:31177abb1766b3581454ae3f8c1ee02d7cd6cd51,originalScientificNameConfidenceLevel,,0.11,,,
ARMS_Getxo_G1_20200624_20201103_MF100_s1_r1:ASV_293:3ee851f863c9b561cadc0925c8e6583809b90c62,submergedTime,day,132,http://vocab.nerc.ac.uk/collection/P01/current/AZDRZZ01/,https://vocab.nerc.ac.uk/collection/P06/current/UTAA/,
ARMS_Getxo_G1_20200624_20201103_MF100_s1_r1:ASV_293:3ee851f863c9b561cadc0925c8e6583809b90c62,preservativeUsed,,DMSO,http://vocab.nerc.ac.uk/collection/Q01/current/Q0100004/,,https://pubchem.ncbi.nlm.nih.gov/compound/679
ARMS_Getxo_G1_20200624_20201103_MF100_s1_r1:ASV_293:3ee851f863c9b561cadc0925c8e6583809b90c62,lowerLimitFilterSize,micrometer,100,http://vocab.nerc.ac.uk/collection/Q01/current/Q0100011/,https://vocab.nerc.ac.uk/collection/P06/current/UMIC/,
ARMS_Getxo_G1_20200624_20201103_MF100_s1_r1:ASV_293:3ee851f863c9b561cadc0925c8e6583809b90c62,sampleAccessionNumber,,SAMEA10021237,,,
ARMS_Getxo_G1_20200624_20201103_MF100_s1_r1:ASV_293:3ee851f863c9b561cadc0925c8e6583809b90c62,NCBIID,,1534972,,,
ARMS_Getxo_G1_20200624_20201103_MF100_s1_r1:ASV_293:3ee851f863c9b561cadc0925c8e6583809b90c62,NCBIScientificName,,Triparma laevis,,,
ARMS_Getxo_G1_20200624_20201103_MF100_s1_r1:ASV_293:3ee851f863c9b561cadc0925c8e6583809b90c62,NCBITaxonRank,,species,,,
ARMS_Getxo_G1_20200624_20201103_MF100_s1_r1:ASV_293:3ee851f863c9b561cadc0925c8e6583809b90c62,fieldReplicateID,,ARMS_Getxo_G_20200624_20201103,http://vocab.nerc.ac.uk/collection/P01/current/IDSPRE01,,
ARMS_Getxo_G1_20200624_20201103_MF100_s1_r1:ASV_293:3ee851f863c9b561cadc0925c8e6583809b90c62,technicalReplicateID,,,http://vocab.nerc.ac.uk/collection/P01/current/IDTCRE01,,
ARMS_Getxo_G1_20200624_20201103_MF100_s1_r1:ASV_293:3ee851f863c9b561cadc0925c8e6583809b90c62,originalScientificName,,Triparma_laevis,,,
ARMS_Getxo_G1_20200624_20201103_MF100_s1_r1:ASV_293:3ee851f863c9b561cadc0925c8e6583809b90c62,originalTaxonRank,,species,,,
ARMS_Getxo_G1_20200624_20201103_MF100_s1_r1:ASV_293:3ee851f863c9b561cadc0925c8e6583809b90c62,originalScientificNameConfidenceLevel,,0.05,,,
ARMS_Getxo_G1_20200624_20201103_MF100_s1_r1:ASV_314:4ac645fd13617d52179ad919426a787f1312afe9,submergedTime,day,132,http://vocab.nerc.ac.uk/collection/P01/current/AZDRZZ01/,https://vocab.nerc.ac.uk/collection/P06/current/UTAA/,
ARMS_Getxo_G1_20200624_20201103_MF100_s1_r1:ASV_314:4ac645fd13617d52179ad919426a787f1312afe9,preservativeUsed,,DMSO,http://vocab.nerc.ac.uk/collection/Q01/current/Q0100004/,,https://pubchem.ncbi.nlm.nih.gov/compound/679
ARMS_Getxo_G1_20200624_20201103_MF100_s1_r1:ASV_314:4ac645fd13617d52179ad919426a787f1312afe9,lowerLimitFilterSize,micrometer,100,http://vocab.nerc.ac.uk/collection/Q01/current/Q0100011/,https://vocab.nerc.ac.uk/collection/P06/current/UMIC/,
ARMS_Getxo_G1_20200624_20201103_MF100_s1_r1:ASV_314:4ac645fd13617d52179ad919426a787f1312afe9,sampleAccessionNumber,,SAMEA10021237,,,
ARMS_Getxo_G1_20200624_20201103_MF100_s1_r1:ASV_314:4ac645fd13617d52179ad919426a787f1312afe9,NCBIID,,2007213,,,
ARMS_Getxo_G1_20200624_20201103_MF100_s1_r1:ASV_314:4ac645fd13617d52179ad919426a787f1312afe9,NCBIScientificName,,Gredgaria maugeana,,,
ARMS_Getxo_G1_20200624_20201103_MF100_s1_r1:ASV_314:4ac645fd13617d52179ad919426a787f1312afe9,NCBITaxonRank,,species,,,
ARMS_Getxo_G1_20200624_20201103_MF100_s1_r1:ASV_314:4ac645fd13617d52179ad919426a787f1312afe9,fieldReplicateID,,ARMS_Getxo_G_20200624_20201103,http://vocab.nerc.ac.uk/collection/P01/current/IDSPRE01,,
ARMS_Getxo_G1_20200624_20201103_MF100_s1_r1:ASV_314:4ac645fd13617d52179ad919426a787f1312afe9,technicalReplicateID,,,http://vocab.nerc.ac.uk/collection/P01/current/IDTCRE01,,
ARMS_Getxo_G1_20200624_20201103_MF100_s1_r1:ASV_314:4ac645fd13617d52179ad919426a787f1312afe9,originalScientificName,,Gredgaria_maugeana,,,
ARMS_Getxo_G1_20200624_20201103_MF100_s1_r1:ASV_314:4ac645fd13617d52179ad919426a787f1312afe9,originalTaxonRank,,species,,,
ARMS_Getxo_G1_20200624_20201103_MF100_s1_r1:ASV_314:4ac645fd13617d52179ad919426a787f1312afe9,originalScientificNameConfidenceLevel,,0.05,,,
ARMS_Getxo_G1_20200624_20201103_MF100_s1_r1:ASV_333:549b2c507d38be687b3cfddf198483c499c59cb5,submergedTime,day,132,http://vocab.nerc.ac.uk/collection/P01/current/AZDRZZ01/,https://vocab.nerc.ac.uk/collection/P06/current/UTAA/,
ARMS_Getxo_G1_20200624_20201103_MF100_s1_r1:ASV_333:549b2c507d38be687b3cfddf198483c499c59cb5,preservativeUsed,,DMSO,http://vocab.nerc.ac.uk/collection/Q01/current/Q0100004/,,https://pubchem.ncbi.nlm.nih.gov/compound/679
ARMS_Getxo_G1_20200624_20201103_MF100_s1_r1:ASV_333:549b2c507d38be687b3cfddf198483c499c59cb5,lowerLimitFilterSize,micrometer,100,http://vocab.nerc.ac.uk/collection/Q01/current/Q0100011/,https://vocab.nerc.ac.uk/collection/P06/current/UMIC/,
ARMS_Getxo_G1_20200624_20201103_MF100_s1_r1:ASV_333:549b2c507d38be687b3cfddf198483c499c59cb5,sampleAccessionNumber,,SAMEA10021237,,,
ARMS_Getxo_G1_20200624_20201103_MF100_s1_r1:ASV_333:549b2c507d38be687b3cfddf198483c499c59cb5,NCBIID,,74736,,,
ARMS_Getxo_G1_20200624_20201103_MF100_s1_r1:ASV_333:549b2c507d38be687b3cfddf198483c499c59cb5,NCBIScientificName,,Nais elinguis,,,
ARMS_Getxo_G1_20200624_20201103_MF100_s1_r1:ASV_333:549b2c507d38be687b3cfddf198483c499c59cb5,NCBITaxonRank,,species,,,
ARMS_Getxo_G1_20200624_20201103_MF100_s1_r1:ASV_333:549b2c507d38be687b3cfddf198483c499c59cb5,fieldReplicateID,,ARMS_Getxo_G_20200624_20201103,http://vocab.nerc.ac.uk/collection/P01/current/IDSPRE01,,
ARMS_Getxo_G1_20200624_20201103_MF100_s1_r1:ASV_333:549b2c507d38be687b3cfddf198483c499c59cb5,technicalReplicateID,,,http://vocab.nerc.ac.uk/collection/P01/current/IDTCRE01,,
ARMS_Getxo_G1_20200624_20201103_MF100_s1_r1:ASV_333:549b2c507d38be687b3cfddf198483c499c59cb5,originalScientificName,,Nais_elinguis,,,
ARMS_Getxo_G1_20200624_20201103_MF100_s1_r1:ASV_333:549b2c507d38be687b3cfddf198483c499c59cb5,originalTaxonRank,,species,,,
ARMS_Getxo_G1_20200624_20201103_MF100_s1_r1:ASV_333:549b2c507d38be687b3cfddf198483c499c59cb5,originalScientificNameConfidenceLevel,,1.0,,,
ARMS_Getxo_G1_20200624_20201103_MF100_s1_r1:ASV_351:6117e0ab77df12e982a5063fd6ccea395edc7506,submergedTime,day,132,http://vocab.nerc.ac.uk/collection/P01/current/AZDRZZ01/,https://vocab.nerc.ac.uk/collection/P06/current/UTAA/,
ARMS_Getxo_G1_20200624_20201103_MF100_s1_r1:ASV_351:6117e0ab77df12e982a5063fd6ccea395edc7506,preservativeUsed,,DMSO,http://vocab.nerc.ac.uk/collection/Q01/current/Q0100004/,,https://pubchem.ncbi.nlm.nih.gov/compound/679
ARMS_Getxo_G1_20200624_20201103_MF100_s1_r1:ASV_351:6117e0ab77df12e982a5063fd6ccea395edc7506,lowerLimitFilterSize,micrometer,100,http://vocab.nerc.ac.uk/collection/Q01/current/Q0100011/,https://vocab.nerc.ac.uk/collection/P06/current/UMIC/,
ARMS_Getxo_G1_20200624_20201103_MF100_s1_r1:ASV_351:6117e0ab77df12e982a5063fd6ccea395edc7506,sampleAccessionNumber,,SAMEA10021237,,,
ARMS_Getxo_G1_20200624_20201103_MF100_s1_r1:ASV_351:6117e0ab77df12e982a5063fd6ccea395edc7506,NCBIID,,427913,,,
ARMS_Getxo_G1_20200624_20201103_MF100_s1_r1:ASV_351:6117e0ab77df12e982a5063fd6ccea395edc7506,NCBIScientificName,,Lacunastrum gracillimum,,,
ARMS_Getxo_G1_20200624_20201103_MF100_s1_r1:ASV_351:6117e0ab77df12e982a5063fd6ccea395edc7506,NCBITaxonRank,,species,,,
ARMS_Getxo_G1_20200624_20201103_MF100_s1_r1:ASV_351:6117e0ab77df12e982a5063fd6ccea395edc7506,fieldReplicateID,,ARMS_Getxo_G_20200624_20201103,http://vocab.nerc.ac.uk/collection/P01/current/IDSPRE01,,
ARMS_Getxo_G1_20200624_20201103_MF100_s1_r1:ASV_351:6117e0ab77df12e982a5063fd6ccea395edc7506,technicalReplicateID,,,http://vocab.nerc.ac.uk/collection/P01/current/IDTCRE01,,
ARMS_Getxo_G1_20200624_20201103_MF100_s1_r1:ASV_351:6117e0ab77df12e982a5063fd6ccea395edc7506,originalScientificName,,Lacunastrum_gracillimum,,,
ARMS_Getxo_G1_20200624_20201103_MF100_s1_r1:ASV_351:6117e0ab77df12e982a5063fd6ccea395edc7506,originalTaxonRank,,species,,,
ARMS_Getxo_G1_20200624_20201103_MF100_s1_r1:ASV_351:6117e0ab77df12e982a5063fd6ccea395edc7506,originalScientificNameConfidenceLevel,,0.04,,,
ARMS_Getxo_G1_20200624_20201103_MF100_s1_r1:ASV_363:66bb1ea631cbb7fa6fce48d0001d4b7c478cfd3c,submergedTime,day,132,http://vocab.nerc.ac.uk/collection/P01/current/AZDRZZ01/,https://vocab.nerc.ac.uk/collection/P06/current/UTAA/,
ARMS_Getxo_G1_20200624_20201103_MF100_s1_r1:ASV_363:66bb1ea631cbb7fa6fce48d0001d4b7c478cfd3c,preservativeUsed,,DMSO,http://vocab.nerc.ac.uk/collection/Q01/current/Q0100004/,,https://pubchem.ncbi.nlm.nih.gov/compound/679
ARMS_Getxo_G1_20200624_20201103_MF100_s1_r1:ASV_363:66bb1ea631cbb7fa6fce48d0001d4b7c478cfd3c,lowerLimitFilterSize,micrometer,100,http://vocab.nerc.ac.uk/collection/Q01/current/Q0100011/,https://vocab.nerc.ac.uk/collection/P06/current/UMIC/,
ARMS_Getxo_G1_20200624_20201103_MF100_s1_r1:ASV_363:66bb1ea631cbb7fa6fce48d0001d4b7c478cfd3c,sampleAccessionNumber,,SAMEA10021237,,,
ARMS_Getxo_G1_20200624_20201103_MF100_s1_r1:ASV_363:66bb1ea631cbb7fa6fce48d0001d4b7c478cfd3c,NCBIID,,158720,,,
ARMS_Getxo_G1_20200624_20201103_MF100_s1_r1:ASV_363:66bb1ea631cbb7fa6fce48d0001d4b7c478cfd3c,NCBIScientificName,,Membranoptera weeksiae,,,
ARMS_Getxo_G1_20200624_20201103_MF100_s1_r1:ASV_363:66bb1ea631cbb7fa6fce48d0001d4b7c478cfd3c,NCBITaxonRank,,species,,,
ARMS_Getxo_G1_20200624_20201103_MF100_s1_r1:ASV_363:66bb1ea631cbb7fa6fce48d0001d4b7c478cfd3c,fieldReplicateID,,ARMS_Getxo_G_20200624_20201103,http://vocab.nerc.ac.uk/collection/P01/current/IDSPRE01,,
ARMS_Getxo_G1_20200624_20201103_MF100_s1_r1:ASV_363:66bb1ea631cbb7fa6fce48d0001d4b7c478cfd3c,technicalReplicateID,,,http://vocab.nerc.ac.uk/collection/P01/current/IDTCRE01,,
ARMS_Getxo_G1_20200624_20201103_MF100_s1_r1:ASV_363:66bb1ea631cbb7fa6fce48d0001d4b7c478cfd3c,originalScientificName,,Membranoptera_weeksiae,,,
ARMS_Getxo_G1_20200624_20201103_MF100_s1_r1:ASV_363:66bb1ea631cbb7fa6fce48d0001d4b7c478cfd3c,originalTaxonRank,,species,,,
ARMS_Getxo_G1_20200624_20201103_MF100_s1_r1:ASV_363:66bb1ea631cbb7fa6fce48d0001d4b7c478cfd3c,originalScientificNameConfidenceLevel,,0.07,,,
ARMS_Getxo_G1_20200624_20201103_MF100_s1_r1:ASV_375:6fb43fc99d50dbbee604c970b304743140294aef,submergedTime,day,132,http://vocab.nerc.ac.uk/collection/P01/current/AZDRZZ01/,https://vocab.nerc.ac.uk/collection/P06/current/UTAA/,
ARMS_Getxo_G1_20200624_20201103_MF100_s1_r1:ASV_375:6fb43fc99d50dbbee604c970b304743140294aef,preservativeUsed,,DMSO,http://vocab.nerc.ac.uk/collection/Q01/current/Q0100004/,,https://pubchem.ncbi.nlm.nih.gov/compound/679
ARMS_Getxo_G1_20200624_20201103_MF100_s1_r1:ASV_375:6fb43fc99d50dbbee604c970b304743140294aef,lowerLimitFilterSize,micrometer,100,http://vocab.nerc.ac.uk/collection/Q01/current/Q0100011/,https://vocab.nerc.ac.uk/collection/P06/current/UMIC/,
ARMS_Getxo_G1_20200624_20201103_MF100_s1_r1:ASV_375:6fb43fc99d50dbbee604c970b304743140294aef,sampleAccessionNumber,,SAMEA10021237,,,
ARMS_Getxo_G1_20200624_20201103_MF100_s1_r1:ASV_375:6fb43fc99d50dbbee604c970b304743140294aef,NCBIID,,451437,,,
ARMS_Getxo_G1_20200624_20201103_MF100_s1_r1:ASV_375:6fb43fc99d50dbbee604c970b304743140294aef,NCBIScientificName,,Streptocitta albicollis,,,
ARMS_Getxo_G1_20200624_20201103_MF100_s1_r1:ASV_375:6fb43fc99d50dbbee604c970b304743140294aef,NCBITaxonRank,,species,,,
ARMS_Getxo_G1_20200624_20201103_MF100_s1_r1:ASV_375:6fb43fc99d50dbbee604c970b304743140294aef,fieldReplicateID,,ARMS_Getxo_G_20200624_20201103,http://vocab.nerc.ac.uk/collection/P01/current/IDSPRE01,,
ARMS_Getxo_G1_20200624_20201103_MF100_s1_r1:ASV_375:6fb43fc99d50dbbee604c970b304743140294aef,technicalReplicateID,,,http://vocab.nerc.ac.uk/collection/P01/current/IDTCRE01,,
ARMS_Getxo_G1_20200624_20201103_MF100_s1_r1:ASV_375:6fb43fc99d50dbbee604c970b304743140294aef,originalScientificName,,Streptocitta_albicollis,,,
ARMS_Getxo_G1_20200624_20201103_MF100_s1_r1:ASV_375:6fb43fc99d50dbbee604c970b304743140294aef,originalTaxonRank,,species,,,
ARMS_Getxo_G1_20200624_20201103_MF100_s1_r1:ASV_375:6fb43fc99d50dbbee604c970b304743140294aef,originalScientificNameConfidenceLevel,,0.03,,,
ARMS_Getxo_G1_20200624_20201103_MF100_s1_r1:ASV_414:8d2cbb58405ea066bda32860992b99fb16134a18,submergedTime,day,132,http://vocab.nerc.ac.uk/collection/P01/current/AZDRZZ01/,https://vocab.nerc.ac.uk/collection/P06/current/UTAA/,
ARMS_Getxo_G1_20200624_20201103_MF100_s1_r1:ASV_414:8d2cbb58405ea066bda32860992b99fb16134a18,preservativeUsed,,DMSO,http://vocab.nerc.ac.uk/collection/Q01/current/Q0100004/,,https://pubchem.ncbi.nlm.nih.gov/compound/679
ARMS_Getxo_G1_20200624_20201103_MF100_s1_r1:ASV_414:8d2cbb58405ea066bda32860992b99fb16134a18,lowerLimitFilterSize,micrometer,100,http://vocab.nerc.ac.uk/collection/Q01/current/Q0100011/,https://vocab.nerc.ac.uk/collection/P06/current/UMIC/,
ARMS_Getxo_G1_20200624_20201103_MF100_s1_r1:ASV_414:8d2cbb58405ea066bda32860992b99fb16134a18,sampleAccessionNumber,,SAMEA10021237,,,
ARMS_Getxo_G1_20200624_20201103_MF100_s1_r1:ASV_414:8d2cbb58405ea066bda32860992b99fb16134a18,NCBIID,,717668,,,
ARMS_Getxo_G1_20200624_20201103_MF100_s1_r1:ASV_414:8d2cbb58405ea066bda32860992b99fb16134a18,NCBIScientificName,,Acrocarpia paniculata,,,
ARMS_Getxo_G1_20200624_20201103_MF100_s1_r1:ASV_414:8d2cbb58405ea066bda32860992b99fb16134a18,NCBITaxonRank,,species,,,
ARMS_Getxo_G1_20200624_20201103_MF100_s1_r1:ASV_414:8d2cbb58405ea066bda32860992b99fb16134a18,fieldReplicateID,,ARMS_Getxo_G_20200624_20201103,http://vocab.nerc.ac.uk/collection/P01/current/IDSPRE01,,
ARMS_Getxo_G1_20200624_20201103_MF100_s1_r1:ASV_414:8d2cbb58405ea066bda32860992b99fb16134a18,technicalReplicateID,,,http://vocab.nerc.ac.uk/collection/P01/current/IDTCRE01,,
ARMS_Getxo_G1_20200624_20201103_MF100_s1_r1:ASV_414:8d2cbb58405ea066bda32860992b99fb16134a18,originalScientificName,,Acrocarpia_paniculata,,,
ARMS_Getxo_G1_20200624_20201103_MF100_s1_r1:ASV_414:8d2cbb58405ea066bda32860992b99fb16134a18,originalTaxonRank,,species,,,
ARMS_Getxo_G1_20200624_20201103_MF100_s1_r1:ASV_414:8d2cbb58405ea066bda32860992b99fb16134a18,originalScientificNameConfidenceLevel,,0.12,,,
ARMS_Getxo_G1_20200624_20201103_MF100_s1_r1:ASV_503:d87fbf82d9a800cb3db39dcecdef67a1d8978bf6,submergedTime,day,132,http://vocab.nerc.ac.uk/collection/P01/current/AZDRZZ01/,https://vocab.nerc.ac.uk/collection/P06/current/UTAA/,
ARMS_Getxo_G1_20200624_20201103_MF100_s1_r1:ASV_503:d87fbf82d9a800cb3db39dcecdef67a1d8978bf6,preservativeUsed,,DMSO,http://vocab.nerc.ac.uk/collection/Q01/current/Q0100004/,,https://pubchem.ncbi.nlm.nih.gov/compound/679
ARMS_Getxo_G1_20200624_20201103_MF100_s1_r1:ASV_503:d87fbf82d9a800cb3db39dcecdef67a1d8978bf6,lowerLimitFilterSize,micrometer,100,http://vocab.nerc.ac.uk/collection/Q01/current/Q0100011/,https://vocab.nerc.ac.uk/collection/P06/current/UMIC/,
ARMS_Getxo_G1_20200624_20201103_MF100_s1_r1:ASV_503:d87fbf82d9a800cb3db39dcecdef67a1d8978bf6,sampleAccessionNumber,,SAMEA10021237,,,
ARMS_Getxo_G1_20200624_20201103_MF100_s1_r1:ASV_503:d87fbf82d9a800cb3db39dcecdef67a1d8978bf6,NCBIID,,74375,,,
ARMS_Getxo_G1_20200624_20201103_MF100_s1_r1:ASV_503:d87fbf82d9a800cb3db39dcecdef67a1d8978bf6,NCBIScientificName,,Tribonema marinum,,,
ARMS_Getxo_G1_20200624_20201103_MF100_s1_r1:ASV_503:d87fbf82d9a800cb3db39dcecdef67a1d8978bf6,NCBITaxonRank,,species,,,
ARMS_Getxo_G1_20200624_20201103_MF100_s1_r1:ASV_503:d87fbf82d9a800cb3db39dcecdef67a1d8978bf6,fieldReplicateID,,ARMS_Getxo_G_20200624_20201103,http://vocab.nerc.ac.uk/collection/P01/current/IDSPRE01,,
ARMS_Getxo_G1_20200624_20201103_MF100_s1_r1:ASV_503:d87fbf82d9a800cb3db39dcecdef67a1d8978bf6,technicalReplicateID,,,http://vocab.nerc.ac.uk/collection/P01/current/IDTCRE01,,
ARMS_Getxo_G1_20200624_20201103_MF100_s1_r1:ASV_503:d87fbf82d9a800cb3db39dcecdef67a1d8978bf6,originalScientificName,,Tribonema_marinum,,,
ARMS_Getxo_G1_20200624_20201103_MF100_s1_r1:ASV_503:d87fbf82d9a800cb3db39dcecdef67a1d8978bf6,originalTaxonRank,,species,,,
ARMS_Getxo_G1_20200624_20201103_MF100_s1_r1:ASV_503:d87fbf82d9a800cb3db39dcecdef67a1d8978bf6,originalScientificNameConfidenceLevel,,0.08,,,
ARMS_Getxo_G1_20200624_20201103_SF40_s1_r1:ASV_1:92db2a54b8c860e5c9c485200307b72bde5098b4,submergedTime,day,132,http://vocab.nerc.ac.uk/collection/P01/current/AZDRZZ01/,https://vocab.nerc.ac.uk/collection/P06/current/UTAA/,
ARMS_Getxo_G1_20200624_20201103_SF40_s1_r1:ASV_1:92db2a54b8c860e5c9c485200307b72bde5098b4,preservativeUsed,,DMSO,http://vocab.nerc.ac.uk/collection/Q01/current/Q0100004/,,https://pubchem.ncbi.nlm.nih.gov/compound/679
ARMS_Getxo_G1_20200624_20201103_SF40_s1_r1:ASV_1:92db2a54b8c860e5c9c485200307b72bde5098b4,lowerLimitFilterSize,micrometer,40,http://vocab.nerc.ac.uk/collection/Q01/current/Q0100011/,https://vocab.nerc.ac.uk/collection/P06/current/UMIC/,
ARMS_Getxo_G1_20200624_20201103_SF40_s1_r1:ASV_1:92db2a54b8c860e5c9c485200307b72bde5098b4,sampleAccessionNumber,,SAMEA10021243,,,
ARMS_Getxo_G1_20200624_20201103_SF40_s1_r1:ASV_1:92db2a54b8c860e5c9c485200307b72bde5098b4,NCBIID,,348593,,,
ARMS_Getxo_G1_20200624_20201103_SF40_s1_r1:ASV_1:92db2a54b8c860e5c9c485200307b72bde5098b4,NCBIScientificName,,Ostrea stentina,,,
ARMS_Getxo_G1_20200624_20201103_SF40_s1_r1:ASV_1:92db2a54b8c860e5c9c485200307b72bde5098b4,NCBITaxonRank,,species,,,
ARMS_Getxo_G1_20200624_20201103_SF40_s1_r1:ASV_1:92db2a54b8c860e5c9c485200307b72bde5098b4,fieldReplicateID,,ARMS_Getxo_G_20200624_20201103,http://vocab.nerc.ac.uk/collection/P01/current/IDSPRE01,,
ARMS_Getxo_G1_20200624_20201103_SF40_s1_r1:ASV_1:92db2a54b8c860e5c9c485200307b72bde5098b4,technicalReplicateID,,,http://vocab.nerc.ac.uk/collection/P01/current/IDTCRE01,,
ARMS_Getxo_G1_20200624_20201103_SF40_s1_r1:ASV_1:92db2a54b8c860e5c9c485200307b72bde5098b4,originalScientificName,,Ostrea_stentina,,,
ARMS_Getxo_G1_20200624_20201103_SF40_s1_r1:ASV_1:92db2a54b8c860e5c9c485200307b72bde5098b4,originalTaxonRank,,species,,,
ARMS_Getxo_G1_20200624_20201103_SF40_s1_r1:ASV_1:92db2a54b8c860e5c9c485200307b72bde5098b4,originalScientificNameConfidenceLevel,,1.0,,,
ARMS_Getxo_G1_20200624_20201103_SF40_s1_r1:ASV_2:7c61e93ec29ff8ff27df81541dcb588bbe266a64,submergedTime,day,132,http://vocab.nerc.ac.uk/collection/P01/current/AZDRZZ01/,https://vocab.nerc.ac.uk/collection/P06/current/UTAA/,
ARMS_Getxo_G1_20200624_20201103_SF40_s1_r1:ASV_2:7c61e93ec29ff8ff27df81541dcb588bbe266a64,preservativeUsed,,DMSO,http://vocab.nerc.ac.uk/collection/Q01/current/Q0100004/,,https://pubchem.ncbi.nlm.nih.gov/compound/679
ARMS_Getxo_G1_20200624_20201103_SF40_s1_r1:ASV_2:7c61e93ec29ff8ff27df81541dcb588bbe266a64,lowerLimitFilterSize,micrometer,40,http://vocab.nerc.ac.uk/collection/Q01/current/Q0100011/,https://vocab.nerc.ac.uk/collection/P06/current/UMIC/,
ARMS_Getxo_G1_20200624_20201103_SF40_s1_r1:ASV_2:7c61e93ec29ff8ff27df81541dcb588bbe266a64,sampleAccessionNumber,,SAMEA10021243,,,
ARMS_Getxo_G1_20200624_20201103_SF40_s1_r1:ASV_2:7c61e93ec29ff8ff27df81541dcb588bbe266a64,NCBIID,,62933,,,
ARMS_Getxo_G1_20200624_20201103_SF40_s1_r1:ASV_2:7c61e93ec29ff8ff27df81541dcb588bbe266a64,NCBIScientificName,,Botrylloides diegensis,,,
ARMS_Getxo_G1_20200624_20201103_SF40_s1_r1:ASV_2:7c61e93ec29ff8ff27df81541dcb588bbe266a64,NCBITaxonRank,,species,,,
ARMS_Getxo_G1_20200624_20201103_SF40_s1_r1:ASV_2:7c61e93ec29ff8ff27df81541dcb588bbe266a64,fieldReplicateID,,ARMS_Getxo_G_20200624_20201103,http://vocab.nerc.ac.uk/collection/P01/current/IDSPRE01,,
ARMS_Getxo_G1_20200624_20201103_SF40_s1_r1:ASV_2:7c61e93ec29ff8ff27df81541dcb588bbe266a64,technicalReplicateID,,,http://vocab.nerc.ac.uk/collection/P01/current/IDTCRE01,,
ARMS_Getxo_G1_20200624_20201103_SF40_s1_r1:ASV_2:7c61e93ec29ff8ff27df81541dcb588bbe266a64,originalScientificName,,Botrylloides_diegensis,,,
ARMS_Getxo_G1_20200624_20201103_SF40_s1_r1:ASV_2:7c61e93ec29ff8ff27df81541dcb588bbe266a64,originalTaxonRank,,species,,,
ARMS_Getxo_G1_20200624_20201103_SF40_s1_r1:ASV_2:7c61e93ec29ff8ff27df81541dcb588bbe266a64,originalScientificNameConfidenceLevel,,1.0,,,
ARMS_Getxo_G1_20200624_20201103_SF40_s1_r1:ASV_3:a834be979a75c1cb757a89c0ec3a182d5ab3e4e0,submergedTime,day,132,http://vocab.nerc.ac.uk/collection/P01/current/AZDRZZ01/,https://vocab.nerc.ac.uk/collection/P06/current/UTAA/,
ARMS_Getxo_G1_20200624_20201103_SF40_s1_r1:ASV_3:a834be979a75c1cb757a89c0ec3a182d5ab3e4e0,preservativeUsed,,DMSO,http://vocab.nerc.ac.uk/collection/Q01/current/Q0100004/,,https://pubchem.ncbi.nlm.nih.gov/compound/679
ARMS_Getxo_G1_20200624_20201103_SF40_s1_r1:ASV_3:a834be979a75c1cb757a89c0ec3a182d5ab3e4e0,lowerLimitFilterSize,micrometer,40,http://vocab.nerc.ac.uk/collection/Q01/current/Q0100011/,https://vocab.nerc.ac.uk/collection/P06/current/UMIC/,
ARMS_Getxo_G1_20200624_20201103_SF40_s1_r1:ASV_3:a834be979a75c1cb757a89c0ec3a182d5ab3e4e0,sampleAccessionNumber,,SAMEA10021243,,,
ARMS_Getxo_G1_20200624_20201103_SF40_s1_r1:ASV_3:a834be979a75c1cb757a89c0ec3a182d5ab3e4e0,NCBIID,,756461,,,
ARMS_Getxo_G1_20200624_20201103_SF40_s1_r1:ASV_3:a834be979a75c1cb757a89c0ec3a182d5ab3e4e0,NCBIScientificName,,Balanus trigonus,,,
ARMS_Getxo_G1_20200624_20201103_SF40_s1_r1:ASV_3:a834be979a75c1cb757a89c0ec3a182d5ab3e4e0,NCBITaxonRank,,species,,,
ARMS_Getxo_G1_20200624_20201103_SF40_s1_r1:ASV_3:a834be979a75c1cb757a89c0ec3a182d5ab3e4e0,fieldReplicateID,,ARMS_Getxo_G_20200624_20201103,http://vocab.nerc.ac.uk/collection/P01/current/IDSPRE01,,
ARMS_Getxo_G1_20200624_20201103_SF40_s1_r1:ASV_3:a834be979a75c1cb757a89c0ec3a182d5ab3e4e0,technicalReplicateID,,,http://vocab.nerc.ac.uk/collection/P01/current/IDTCRE01,,
ARMS_Getxo_G1_20200624_20201103_SF40_s1_r1:ASV_3:a834be979a75c1cb757a89c0ec3a182d5ab3e4e0,originalScientificName,,Balanus_trigonus,,,
ARMS_Getxo_G1_20200624_20201103_SF40_s1_r1:ASV_3:a834be979a75c1cb757a89c0ec3a182d5ab3e4e0,originalTaxonRank,,species,,,
ARMS_Getxo_G1_20200624_20201103_SF40_s1_r1:ASV_3:a834be979a75c1cb757a89c0ec3a182d5ab3e4e0,originalScientificNameConfidenceLevel,,1.0,,,
ARMS_Getxo_G1_20200624_20201103_SF40_s1_r1:ASV_4:94a0159c27825db975ecfb22857d9e9f9afb3b75,submergedTime,day,132,http://vocab.nerc.ac.uk/collection/P01/current/AZDRZZ01/,https://vocab.nerc.ac.uk/collection/P06/current/UTAA/,
ARMS_Getxo_G1_20200624_20201103_SF40_s1_r1:ASV_4:94a0159c27825db975ecfb22857d9e9f9afb3b75,preservativeUsed,,DMSO,http://vocab.nerc.ac.uk/collection/Q01/current/Q0100004/,,https://pubchem.ncbi.nlm.nih.gov/compound/679
ARMS_Getxo_G1_20200624_20201103_SF40_s1_r1:ASV_4:94a0159c27825db975ecfb22857d9e9f9afb3b75,lowerLimitFilterSize,micrometer,40,http://vocab.nerc.ac.uk/collection/Q01/current/Q0100011/,https://vocab.nerc.ac.uk/collection/P06/current/UMIC/,
ARMS_Getxo_G1_20200624_20201103_SF40_s1_r1:ASV_4:94a0159c27825db975ecfb22857d9e9f9afb3b75,sampleAccessionNumber,,SAMEA10021243,,,
ARMS_Getxo_G1_20200624_20201103_SF40_s1_r1:ASV_4:94a0159c27825db975ecfb22857d9e9f9afb3b75,NCBIID,,991043,,,
ARMS_Getxo_G1_20200624_20201103_SF40_s1_r1:ASV_4:94a0159c27825db975ecfb22857d9e9f9afb3b75,NCBIScientificName,,Tricellaria occidentalis,,,
ARMS_Getxo_G1_20200624_20201103_SF40_s1_r1:ASV_4:94a0159c27825db975ecfb22857d9e9f9afb3b75,NCBITaxonRank,,species,,,
ARMS_Getxo_G1_20200624_20201103_SF40_s1_r1:ASV_4:94a0159c27825db975ecfb22857d9e9f9afb3b75,fieldReplicateID,,ARMS_Getxo_G_20200624_20201103,http://vocab.nerc.ac.uk/collection/P01/current/IDSPRE01,,
ARMS_Getxo_G1_20200624_20201103_SF40_s1_r1:ASV_4:94a0159c27825db975ecfb22857d9e9f9afb3b75,technicalReplicateID,,,http://vocab.nerc.ac.uk/collection/P01/current/IDTCRE01,,
ARMS_Getxo_G1_20200624_20201103_SF40_s1_r1:ASV_4:94a0159c27825db975ecfb22857d9e9f9afb3b75,originalScientificName,,Tricellaria_occidentalis,,,
ARMS_Getxo_G1_20200624_20201103_SF40_s1_r1:ASV_4:94a0159c27825db975ecfb22857d9e9f9afb3b75,originalTaxonRank,,species,,,
ARMS_Getxo_G1_20200624_20201103_SF40_s1_r1:ASV_4:94a0159c27825db975ecfb22857d9e9f9afb3b75,originalScientificNameConfidenceLevel,,0.71,,,
ARMS_Getxo_G1_20200624_20201103_SF40_s1_r1:ASV_5:acc4413fdb3d19216c7d983407313405e9a1ee51,submergedTime,day,132,http://vocab.nerc.ac.uk/collection/P01/current/AZDRZZ01/,https://vocab.nerc.ac.uk/collection/P06/current/UTAA/,
ARMS_Getxo_G1_20200624_20201103_SF40_s1_r1:ASV_5:acc4413fdb3d19216c7d983407313405e9a1ee51,preservativeUsed,,DMSO,http://vocab.nerc.ac.uk/collection/Q01/current/Q0100004/,,https://pubchem.ncbi.nlm.nih.gov/compound/679
ARMS_Getxo_G1_20200624_20201103_SF40_s1_r1:ASV_5:acc4413fdb3d19216c7d983407313405e9a1ee51,lowerLimitFilterSize,micrometer,40,http://vocab.nerc.ac.uk/collection/Q01/current/Q0100011/,https://vocab.nerc.ac.uk/collection/P06/current/UMIC/,
ARMS_Getxo_G1_20200624_20201103_SF40_s1_r1:ASV_5:acc4413fdb3d19216c7d983407313405e9a1ee51,sampleAccessionNumber,,SAMEA10021243,,,
ARMS_Getxo_G1_20200624_20201103_SF40_s1_r1:ASV_5:acc4413fdb3d19216c7d983407313405e9a1ee51,NCBIID,,10212,,,
ARMS_Getxo_G1_20200624_20201103_SF40_s1_r1:ASV_5:acc4413fdb3d19216c7d983407313405e9a1ee51,NCBIScientificName,,Bugula neritina,,,
ARMS_Getxo_G1_20200624_20201103_SF40_s1_r1:ASV_5:acc4413fdb3d19216c7d983407313405e9a1ee51,NCBITaxonRank,,species,,,
ARMS_Getxo_G1_20200624_20201103_SF40_s1_r1:ASV_5:acc4413fdb3d19216c7d983407313405e9a1ee51,fieldReplicateID,,ARMS_Getxo_G_20200624_20201103,http://vocab.nerc.ac.uk/collection/P01/current/IDSPRE01,,
ARMS_Getxo_G1_20200624_20201103_SF40_s1_r1:ASV_5:acc4413fdb3d19216c7d983407313405e9a1ee51,technicalReplicateID,,,http://vocab.nerc.ac.uk/collection/P01/current/IDTCRE01,,
ARMS_Getxo_G1_20200624_20201103_SF40_s1_r1:ASV_5:acc4413fdb3d19216c7d983407313405e9a1ee51,originalScientificName,,Bugula_neritina,,,
ARMS_Getxo_G1_20200624_20201103_SF40_s1_r1:ASV_5:acc4413fdb3d19216c7d983407313405e9a1ee51,originalTaxonRank,,species,,,
ARMS_Getxo_G1_20200624_20201103_SF40_s1_r1:ASV_5:acc4413fdb3d19216c7d983407313405e9a1ee51,originalScientificNameConfidenceLevel,,1.0,,,
ARMS_Getxo_G1_20200624_20201103_SF40_s1_r1:ASV_6:563e0c2aea794d7987697d6ad6ba7bae6f885cf6,submergedTime,day,132,http://vocab.nerc.ac.uk/collection/P01/current/AZDRZZ01/,https://vocab.nerc.ac.uk/collection/P06/current/UTAA/,
ARMS_Getxo_G1_20200624_20201103_SF40_s1_r1:ASV_6:563e0c2aea794d7987697d6ad6ba7bae6f885cf6,preservativeUsed,,DMSO,http://vocab.nerc.ac.uk/collection/Q01/current/Q0100004/,,https://pubchem.ncbi.nlm.nih.gov/compound/679
ARMS_Getxo_G1_20200624_20201103_SF40_s1_r1:ASV_6:563e0c2aea794d7987697d6ad6ba7bae6f885cf6,lowerLimitFilterSize,micrometer,40,http://vocab.nerc.ac.uk/collection/Q01/current/Q0100011/,https://vocab.nerc.ac.uk/collection/P06/current/UMIC/,
ARMS_Getxo_G1_20200624_20201103_SF40_s1_r1:ASV_6:563e0c2aea794d7987697d6ad6ba7bae6f885cf6,sampleAccessionNumber,,SAMEA10021243,,,
ARMS_Getxo_G1_20200624_20201103_SF40_s1_r1:ASV_6:563e0c2aea794d7987697d6ad6ba7bae6f885cf6,NCBIID,,1001912,,,
ARMS_Getxo_G1_20200624_20201103_SF40_s1_r1:ASV_6:563e0c2aea794d7987697d6ad6ba7bae6f885cf6,NCBIScientificName,,Enteromius pobeguini,,,
ARMS_Getxo_G1_20200624_20201103_SF40_s1_r1:ASV_6:563e0c2aea794d7987697d6ad6ba7bae6f885cf6,NCBITaxonRank,,species,,,
ARMS_Getxo_G1_20200624_20201103_SF40_s1_r1:ASV_6:563e0c2aea794d7987697d6ad6ba7bae6f885cf6,fieldReplicateID,,ARMS_Getxo_G_20200624_20201103,http://vocab.nerc.ac.uk/collection/P01/current/IDSPRE01,,
ARMS_Getxo_G1_20200624_20201103_SF40_s1_r1:ASV_6:563e0c2aea794d7987697d6ad6ba7bae6f885cf6,technicalReplicateID,,,http://vocab.nerc.ac.uk/collection/P01/current/IDTCRE01,,
ARMS_Getxo_G1_20200624_20201103_SF40_s1_r1:ASV_6:563e0c2aea794d7987697d6ad6ba7bae6f885cf6,originalScientificName,,Enteromius_pobeguini,,,
ARMS_Getxo_G1_20200624_20201103_SF40_s1_r1:ASV_6:563e0c2aea794d7987697d6ad6ba7bae6f885cf6,originalTaxonRank,,species,,,
ARMS_Getxo_G1_20200624_20201103_SF40_s1_r1:ASV_6:563e0c2aea794d7987697d6ad6ba7bae6f885cf6,originalScientificNameConfidenceLevel,,0.01,,,
ARMS_Getxo_G1_20200624_20201103_SF40_s1_r1:ASV_9:8fafb89f7a9921990e9030bbc4debd9f17085797,submergedTime,day,132,http://vocab.nerc.ac.uk/collection/P01/current/AZDRZZ01/,https://vocab.nerc.ac.uk/collection/P06/current/UTAA/,
ARMS_Getxo_G1_20200624_20201103_SF40_s1_r1:ASV_9:8fafb89f7a9921990e9030bbc4debd9f17085797,preservativeUsed,,DMSO,http://vocab.nerc.ac.uk/collection/Q01/current/Q0100004/,,https://pubchem.ncbi.nlm.nih.gov/compound/679
ARMS_Getxo_G1_20200624_20201103_SF40_s1_r1:ASV_9:8fafb89f7a9921990e9030bbc4debd9f17085797,lowerLimitFilterSize,micrometer,40,http://vocab.nerc.ac.uk/collection/Q01/current/Q0100011/,https://vocab.nerc.ac.uk/collection/P06/current/UMIC/,
ARMS_Getxo_G1_20200624_20201103_SF40_s1_r1:ASV_9:8fafb89f7a9921990e9030bbc4debd9f17085797,sampleAccessionNumber,,SAMEA10021243,,,
ARMS_Getxo_G1_20200624_20201103_SF40_s1_r1:ASV_9:8fafb89f7a9921990e9030bbc4debd9f17085797,NCBIID,,991043,,,
ARMS_Getxo_G1_20200624_20201103_SF40_s1_r1:ASV_9:8fafb89f7a9921990e9030bbc4debd9f17085797,NCBIScientificName,,Tricellaria occidentalis,,,
ARMS_Getxo_G1_20200624_20201103_SF40_s1_r1:ASV_9:8fafb89f7a9921990e9030bbc4debd9f17085797,NCBITaxonRank,,species,,,
ARMS_Getxo_G1_20200624_20201103_SF40_s1_r1:ASV_9:8fafb89f7a9921990e9030bbc4debd9f17085797,fieldReplicateID,,ARMS_Getxo_G_20200624_20201103,http://vocab.nerc.ac.uk/collection/P01/current/IDSPRE01,,
ARMS_Getxo_G1_20200624_20201103_SF40_s1_r1:ASV_9:8fafb89f7a9921990e9030bbc4debd9f17085797,technicalReplicateID,,,http://vocab.nerc.ac.uk/collection/P01/current/IDTCRE01,,
ARMS_Getxo_G1_20200624_20201103_SF40_s1_r1:ASV_9:8fafb89f7a9921990e9030bbc4debd9f17085797,originalScientificName,,Tricellaria_occidentalis,,,
ARMS_Getxo_G1_20200624_20201103_SF40_s1_r1:ASV_9:8fafb89f7a9921990e9030bbc4debd9f17085797,originalTaxonRank,,species,,,
ARMS_Getxo_G1_20200624_20201103_SF40_s1_r1:ASV_9:8fafb89f7a9921990e9030bbc4debd9f17085797,originalScientificNameConfidenceLevel,,1.0,,,
ARMS_Getxo_G1_20200624_20201103_SF40_s1_r1:ASV_10:d40e19f66e76cc54b02ae688174877657d1bdd5e,submergedTime,day,132,http://vocab.nerc.ac.uk/collection/P01/current/AZDRZZ01/,https://vocab.nerc.ac.uk/collection/P06/current/UTAA/,
ARMS_Getxo_G1_20200624_20201103_SF40_s1_r1:ASV_10:d40e19f66e76cc54b02ae688174877657d1bdd5e,preservativeUsed,,DMSO,http://vocab.nerc.ac.uk/collection/Q01/current/Q0100004/,,https://pubchem.ncbi.nlm.nih.gov/compound/679
ARMS_Getxo_G1_20200624_20201103_SF40_s1_r1:ASV_10:d40e19f66e76cc54b02ae688174877657d1bdd5e,lowerLimitFilterSize,micrometer,40,http://vocab.nerc.ac.uk/collection/Q01/current/Q0100011/,https://vocab.nerc.ac.uk/collection/P06/current/UMIC/,
ARMS_Getxo_G1_20200624_20201103_SF40_s1_r1:ASV_10:d40e19f66e76cc54b02ae688174877657d1bdd5e,sampleAccessionNumber,,SAMEA10021243,,,
ARMS_Getxo_G1_20200624_20201103_SF40_s1_r1:ASV_10:d40e19f66e76cc54b02ae688174877657d1bdd5e,NCBIID,,29159,,,
ARMS_Getxo_G1_20200624_20201103_SF40_s1_r1:ASV_10:d40e19f66e76cc54b02ae688174877657d1bdd5e,NCBIScientificName,,Crassostrea gigas,,,
ARMS_Getxo_G1_20200624_20201103_SF40_s1_r1:ASV_10:d40e19f66e76cc54b02ae688174877657d1bdd5e,NCBITaxonRank,,species,,,
ARMS_Getxo_G1_20200624_20201103_SF40_s1_r1:ASV_10:d40e19f66e76cc54b02ae688174877657d1bdd5e,fieldReplicateID,,ARMS_Getxo_G_20200624_20201103,http://vocab.nerc.ac.uk/collection/P01/current/IDSPRE01,,
ARMS_Getxo_G1_20200624_20201103_SF40_s1_r1:ASV_10:d40e19f66e76cc54b02ae688174877657d1bdd5e,technicalReplicateID,,,http://vocab.nerc.ac.uk/collection/P01/current/IDTCRE01,,
ARMS_Getxo_G1_20200624_20201103_SF40_s1_r1:ASV_10:d40e19f66e76cc54b02ae688174877657d1bdd5e,originalScientificName,,Crassostrea_gigas,,,
ARMS_Getxo_G1_20200624_20201103_SF40_s1_r1:ASV_10:d40e19f66e76cc54b02ae688174877657d1bdd5e,originalTaxonRank,,species,,,
ARMS_Getxo_G1_20200624_20201103_SF40_s1_r1:ASV_10:d40e19f66e76cc54b02ae688174877657d1bdd5e,originalScientificNameConfidenceLevel,,1.0,,,
ARMS_Getxo_G1_20200624_20201103_SF40_s1_r1:ASV_11:4d6fa5e239ac6630cf0823de21e770003f3f747f,submergedTime,day,132,http://vocab.nerc.ac.uk/collection/P01/current/AZDRZZ01/,https://vocab.nerc.ac.uk/collection/P06/current/UTAA/,
ARMS_Getxo_G1_20200624_20201103_SF40_s1_r1:ASV_11:4d6fa5e239ac6630cf0823de21e770003f3f747f,preservativeUsed,,DMSO,http://vocab.nerc.ac.uk/collection/Q01/current/Q0100004/,,https://pubchem.ncbi.nlm.nih.gov/compound/679
ARMS_Getxo_G1_20200624_20201103_SF40_s1_r1:ASV_11:4d6fa5e239ac6630cf0823de21e770003f3f747f,lowerLimitFilterSize,micrometer,40,http://vocab.nerc.ac.uk/collection/Q01/current/Q0100011/,https://vocab.nerc.ac.uk/collection/P06/current/UMIC/,
ARMS_Getxo_G1_20200624_20201103_SF40_s1_r1:ASV_11:4d6fa5e239ac6630cf0823de21e770003f3f747f,sampleAccessionNumber,,SAMEA10021243,,,
ARMS_Getxo_G1_20200624_20201103_SF40_s1_r1:ASV_11:4d6fa5e239ac6630cf0823de21e770003f3f747f,NCBIID,,314507,,,
ARMS_Getxo_G1_20200624_20201103_SF40_s1_r1:ASV_11:4d6fa5e239ac6630cf0823de21e770003f3f747f,NCBIScientificName,,Campanularia hincksii,,,
ARMS_Getxo_G1_20200624_20201103_SF40_s1_r1:ASV_11:4d6fa5e239ac6630cf0823de21e770003f3f747f,NCBITaxonRank,,species,,,
ARMS_Getxo_G1_20200624_20201103_SF40_s1_r1:ASV_11:4d6fa5e239ac6630cf0823de21e770003f3f747f,fieldReplicateID,,ARMS_Getxo_G_20200624_20201103,http://vocab.nerc.ac.uk/collection/P01/current/IDSPRE01,,
ARMS_Getxo_G1_20200624_20201103_SF40_s1_r1:ASV_11:4d6fa5e239ac6630cf0823de21e770003f3f747f,technicalReplicateID,,,http://vocab.nerc.ac.uk/collection/P01/current/IDTCRE01,,
ARMS_Getxo_G1_20200624_20201103_SF40_s1_r1:ASV_11:4d6fa5e239ac6630cf0823de21e770003f3f747f,originalScientificName,,Campanularia_hincksii,,,
ARMS_Getxo_G1_20200624_20201103_SF40_s1_r1:ASV_11:4d6fa5e239ac6630cf0823de21e770003f3f747f,originalTaxonRank,,species,,,
ARMS_Getxo_G1_20200624_20201103_SF40_s1_r1:ASV_11:4d6fa5e239ac6630cf0823de21e770003f3f747f,originalScientificNameConfidenceLevel,,1.0,,,
ARMS_Getxo_G1_20200624_20201103_SF40_s1_r1:ASV_12:e5975dc97da57da88ee1b47252048230cf45d547,submergedTime,day,132,http://vocab.nerc.ac.uk/collection/P01/current/AZDRZZ01/,https://vocab.nerc.ac.uk/collection/P06/current/UTAA/,
ARMS_Getxo_G1_20200624_20201103_SF40_s1_r1:ASV_12:e5975dc97da57da88ee1b47252048230cf45d547,preservativeUsed,,DMSO,http://vocab.nerc.ac.uk/collection/Q01/current/Q0100004/,,https://pubchem.ncbi.nlm.nih.gov/compound/679
ARMS_Getxo_G1_20200624_20201103_SF40_s1_r1:ASV_12:e5975dc97da57da88ee1b47252048230cf45d547,lowerLimitFilterSize,micrometer,40,http://vocab.nerc.ac.uk/collection/Q01/current/Q0100011/,https://vocab.nerc.ac.uk/collection/P06/current/UMIC/,
ARMS_Getxo_G1_20200624_20201103_SF40_s1_r1:ASV_12:e5975dc97da57da88ee1b47252048230cf45d547,sampleAccessionNumber,,SAMEA10021243,,,
ARMS_Getxo_G1_20200624_20201103_SF40_s1_r1:ASV_12:e5975dc97da57da88ee1b47252048230cf45d547,NCBIID,,1134408,,,
ARMS_Getxo_G1_20200624_20201103_SF40_s1_r1:ASV_12:e5975dc97da57da88ee1b47252048230cf45d547,NCBIScientificName,,Yonagunia zollingeri,,,
ARMS_Getxo_G1_20200624_20201103_SF40_s1_r1:ASV_12:e5975dc97da57da88ee1b47252048230cf45d547,NCBITaxonRank,,species,,,
ARMS_Getxo_G1_20200624_20201103_SF40_s1_r1:ASV_12:e5975dc97da57da88ee1b47252048230cf45d547,fieldReplicateID,,ARMS_Getxo_G_20200624_20201103,http://vocab.nerc.ac.uk/collection/P01/current/IDSPRE01,,
ARMS_Getxo_G1_20200624_20201103_SF40_s1_r1:ASV_12:e5975dc97da57da88ee1b47252048230cf45d547,technicalReplicateID,,,http://vocab.nerc.ac.uk/collection/P01/current/IDTCRE01,,
ARMS_Getxo_G1_20200624_20201103_SF40_s1_r1:ASV_12:e5975dc97da57da88ee1b47252048230cf45d547,originalScientificName,,Yonagunia_zollingeri,,,
ARMS_Getxo_G1_20200624_20201103_SF40_s1_r1:ASV_12:e5975dc97da57da88ee1b47252048230cf45d547,originalTaxonRank,,species,,,
ARMS_Getxo_G1_20200624_20201103_SF40_s1_r1:ASV_12:e5975dc97da57da88ee1b47252048230cf45d547,originalScientificNameConfidenceLevel,,0.03,,,
ARMS_Getxo_G1_20200624_20201103_SF40_s1_r1:ASV_13:e68c41bec0410ac68676cb13edfa3512e9ea92e9,submergedTime,day,132,http://vocab.nerc.ac.uk/collection/P01/current/AZDRZZ01/,https://vocab.nerc.ac.uk/collection/P06/current/UTAA/,
ARMS_Getxo_G1_20200624_20201103_SF40_s1_r1:ASV_13:e68c41bec0410ac68676cb13edfa3512e9ea92e9,preservativeUsed,,DMSO,http://vocab.nerc.ac.uk/collection/Q01/current/Q0100004/,,https://pubchem.ncbi.nlm.nih.gov/compound/679
ARMS_Getxo_G1_20200624_20201103_SF40_s1_r1:ASV_13:e68c41bec0410ac68676cb13edfa3512e9ea92e9,lowerLimitFilterSize,micrometer,40,http://vocab.nerc.ac.uk/collection/Q01/current/Q0100011/,https://vocab.nerc.ac.uk/collection/P06/current/UMIC/,
ARMS_Getxo_G1_20200624_20201103_SF40_s1_r1:ASV_13:e68c41bec0410ac68676cb13edfa3512e9ea92e9,sampleAccessionNumber,,SAMEA10021243,,,
ARMS_Getxo_G1_20200624_20201103_SF40_s1_r1:ASV_13:e68c41bec0410ac68676cb13edfa3512e9ea92e9,NCBIID,,314507,,,
ARMS_Getxo_G1_20200624_20201103_SF40_s1_r1:ASV_13:e68c41bec0410ac68676cb13edfa3512e9ea92e9,NCBIScientificName,,Campanularia hincksii,,,
ARMS_Getxo_G1_20200624_20201103_SF40_s1_r1:ASV_13:e68c41bec0410ac68676cb13edfa3512e9ea92e9,NCBITaxonRank,,species,,,
ARMS_Getxo_G1_20200624_20201103_SF40_s1_r1:ASV_13:e68c41bec0410ac68676cb13edfa3512e9ea92e9,fieldReplicateID,,ARMS_Getxo_G_20200624_20201103,http://vocab.nerc.ac.uk/collection/P01/current/IDSPRE01,,
ARMS_Getxo_G1_20200624_20201103_SF40_s1_r1:ASV_13:e68c41bec0410ac68676cb13edfa3512e9ea92e9,technicalReplicateID,,,http://vocab.nerc.ac.uk/collection/P01/current/IDTCRE01,,
ARMS_Getxo_G1_20200624_20201103_SF40_s1_r1:ASV_13:e68c41bec0410ac68676cb13edfa3512e9ea92e9,originalScientificName,,Campanularia_hincksii,,,
ARMS_Getxo_G1_20200624_20201103_SF40_s1_r1:ASV_13:e68c41bec0410ac68676cb13edfa3512e9ea92e9,originalTaxonRank,,species,,,
ARMS_Getxo_G1_20200624_20201103_SF40_s1_r1:ASV_13:e68c41bec0410ac68676cb13edfa3512e9ea92e9,originalScientificNameConfidenceLevel,,1.0,,,
ARMS_Getxo_G1_20200624_20201103_SF40_s1_r1:ASV_14:d6466063f1bfac2fe41d4c4a0a8fb558802b37d4,submergedTime,day,132,http://vocab.nerc.ac.uk/collection/P01/current/AZDRZZ01/,https://vocab.nerc.ac.uk/collection/P06/current/UTAA/,
ARMS_Getxo_G1_20200624_20201103_SF40_s1_r1:ASV_14:d6466063f1bfac2fe41d4c4a0a8fb558802b37d4,preservativeUsed,,DMSO,http://vocab.nerc.ac.uk/collection/Q01/current/Q0100004/,,https://pubchem.ncbi.nlm.nih.gov/compound/679
ARMS_Getxo_G1_20200624_20201103_SF40_s1_r1:ASV_14:d6466063f1bfac2fe41d4c4a0a8fb558802b37d4,lowerLimitFilterSize,micrometer,40,http://vocab.nerc.ac.uk/collection/Q01/current/Q0100011/,https://vocab.nerc.ac.uk/collection/P06/current/UMIC/,
ARMS_Getxo_G1_20200624_20201103_SF40_s1_r1:ASV_14:d6466063f1bfac2fe41d4c4a0a8fb558802b37d4,sampleAccessionNumber,,SAMEA10021243,,,
ARMS_Getxo_G1_20200624_20201103_SF40_s1_r1:ASV_14:d6466063f1bfac2fe41d4c4a0a8fb558802b37d4,NCBIID,,991043,,,
ARMS_Getxo_G1_20200624_20201103_SF40_s1_r1:ASV_14:d6466063f1bfac2fe41d4c4a0a8fb558802b37d4,NCBIScientificName,,Tricellaria occidentalis,,,
ARMS_Getxo_G1_20200624_20201103_SF40_s1_r1:ASV_14:d6466063f1bfac2fe41d4c4a0a8fb558802b37d4,NCBITaxonRank,,species,,,
ARMS_Getxo_G1_20200624_20201103_SF40_s1_r1:ASV_14:d6466063f1bfac2fe41d4c4a0a8fb558802b37d4,fieldReplicateID,,ARMS_Getxo_G_20200624_20201103,http://vocab.nerc.ac.uk/collection/P01/current/IDSPRE01,,
ARMS_Getxo_G1_20200624_20201103_SF40_s1_r1:ASV_14:d6466063f1bfac2fe41d4c4a0a8fb558802b37d4,technicalReplicateID,,,http://vocab.nerc.ac.uk/collection/P01/current/IDTCRE01,,
ARMS_Getxo_G1_20200624_20201103_SF40_s1_r1:ASV_14:d6466063f1bfac2fe41d4c4a0a8fb558802b37d4,originalScientificName,,Tricellaria_occidentalis,,,
ARMS_Getxo_G1_20200624_20201103_SF40_s1_r1:ASV_14:d6466063f1bfac2fe41d4c4a0a8fb558802b37d4,originalTaxonRank,,species,,,
ARMS_Getxo_G1_20200624_20201103_SF40_s1_r1:ASV_14:d6466063f1bfac2fe41d4c4a0a8fb558802b37d4,originalScientificNameConfidenceLevel,,0.94,,,
ARMS_Getxo_G1_20200624_20201103_SF40_s1_r1:ASV_15:93e0f5ca03784ba626e5d9550702dd431f700ff6,submergedTime,day,132,http://vocab.nerc.ac.uk/collection/P01/current/AZDRZZ01/,https://vocab.nerc.ac.uk/collection/P06/current/UTAA/,
ARMS_Getxo_G1_20200624_20201103_SF40_s1_r1:ASV_15:93e0f5ca03784ba626e5d9550702dd431f700ff6,preservativeUsed,,DMSO,http://vocab.nerc.ac.uk/collection/Q01/current/Q0100004/,,https://pubchem.ncbi.nlm.nih.gov/compound/679
ARMS_Getxo_G1_20200624_20201103_SF40_s1_r1:ASV_15:93e0f5ca03784ba626e5d9550702dd431f700ff6,lowerLimitFilterSize,micrometer,40,http://vocab.nerc.ac.uk/collection/Q01/current/Q0100011/,https://vocab.nerc.ac.uk/collection/P06/current/UMIC/,
ARMS_Getxo_G1_20200624_20201103_SF40_s1_r1:ASV_15:93e0f5ca03784ba626e5d9550702dd431f700ff6,sampleAccessionNumber,,SAMEA10021243,,,
ARMS_Getxo_G1_20200624_20201103_SF40_s1_r1:ASV_15:93e0f5ca03784ba626e5d9550702dd431f700ff6,NCBIID,,991043,,,
ARMS_Getxo_G1_20200624_20201103_SF40_s1_r1:ASV_15:93e0f5ca03784ba626e5d9550702dd431f700ff6,NCBIScientificName,,Tricellaria occidentalis,,,
ARMS_Getxo_G1_20200624_20201103_SF40_s1_r1:ASV_15:93e0f5ca03784ba626e5d9550702dd431f700ff6,NCBITaxonRank,,species,,,
ARMS_Getxo_G1_20200624_20201103_SF40_s1_r1:ASV_15:93e0f5ca03784ba626e5d9550702dd431f700ff6,fieldReplicateID,,ARMS_Getxo_G_20200624_20201103,http://vocab.nerc.ac.uk/collection/P01/current/IDSPRE01,,
ARMS_Getxo_G1_20200624_20201103_SF40_s1_r1:ASV_15:93e0f5ca03784ba626e5d9550702dd431f700ff6,technicalReplicateID,,,http://vocab.nerc.ac.uk/collection/P01/current/IDTCRE01,,
ARMS_Getxo_G1_20200624_20201103_SF40_s1_r1:ASV_15:93e0f5ca03784ba626e5d9550702dd431f700ff6,originalScientificName,,Tricellaria_occidentalis,,,
ARMS_Getxo_G1_20200624_20201103_SF40_s1_r1:ASV_15:93e0f5ca03784ba626e5d9550702dd431f700ff6,originalTaxonRank,,species,,,
ARMS_Getxo_G1_20200624_20201103_SF40_s1_r1:ASV_15:93e0f5ca03784ba626e5d9550702dd431f700ff6,originalScientificNameConfidenceLevel,,0.39,,,
ARMS_Getxo_G1_20200624_20201103_SF40_s1_r1:ASV_16:3623370cef3c7fa302614df95d72d66d3125ef32,submergedTime,day,132,http://vocab.nerc.ac.uk/collection/P01/current/AZDRZZ01/,https://vocab.nerc.ac.uk/collection/P06/current/UTAA/,
ARMS_Getxo_G1_20200624_20201103_SF40_s1_r1:ASV_16:3623370cef3c7fa302614df95d72d66d3125ef32,preservativeUsed,,DMSO,http://vocab.nerc.ac.uk/collection/Q01/current/Q0100004/,,https://pubchem.ncbi.nlm.nih.gov/compound/679
ARMS_Getxo_G1_20200624_20201103_SF40_s1_r1:ASV_16:3623370cef3c7fa302614df95d72d66d3125ef32,lowerLimitFilterSize,micrometer,40,http://vocab.nerc.ac.uk/collection/Q01/current/Q0100011/,https://vocab.nerc.ac.uk/collection/P06/current/UMIC/,
ARMS_Getxo_G1_20200624_20201103_SF40_s1_r1:ASV_16:3623370cef3c7fa302614df95d72d66d3125ef32,sampleAccessionNumber,,SAMEA10021243,,,
ARMS_Getxo_G1_20200624_20201103_SF40_s1_r1:ASV_16:3623370cef3c7fa302614df95d72d66d3125ef32,NCBIID,,1167211,,,
ARMS_Getxo_G1_20200624_20201103_SF40_s1_r1:ASV_16:3623370cef3c7fa302614df95d72d66d3125ef32,NCBIScientificName,,Polydora haswelli,,,
ARMS_Getxo_G1_20200624_20201103_SF40_s1_r1:ASV_16:3623370cef3c7fa302614df95d72d66d3125ef32,NCBITaxonRank,,species,,,
ARMS_Getxo_G1_20200624_20201103_SF40_s1_r1:ASV_16:3623370cef3c7fa302614df95d72d66d3125ef32,fieldReplicateID,,ARMS_Getxo_G_20200624_20201103,http://vocab.nerc.ac.uk/collection/P01/current/IDSPRE01,,
ARMS_Getxo_G1_20200624_20201103_SF40_s1_r1:ASV_16:3623370cef3c7fa302614df95d72d66d3125ef32,technicalReplicateID,,,http://vocab.nerc.ac.uk/collection/P01/current/IDTCRE01,,
ARMS_Getxo_G1_20200624_20201103_SF40_s1_r1:ASV_16:3623370cef3c7fa302614df95d72d66d3125ef32,originalScientificName,,Polydora_haswelli,,,
ARMS_Getxo_G1_20200624_20201103_SF40_s1_r1:ASV_16:3623370cef3c7fa302614df95d72d66d3125ef32,originalTaxonRank,,species,,,
ARMS_Getxo_G1_20200624_20201103_SF40_s1_r1:ASV_16:3623370cef3c7fa302614df95d72d66d3125ef32,originalScientificNameConfidenceLevel,,1.0,,,
ARMS_Getxo_G1_20200624_20201103_SF40_s1_r1:ASV_17:a8af84444391b34c4399d8bab14f4b4d43c874ee,submergedTime,day,132,http://vocab.nerc.ac.uk/collection/P01/current/AZDRZZ01/,https://vocab.nerc.ac.uk/collection/P06/current/UTAA/,
ARMS_Getxo_G1_20200624_20201103_SF40_s1_r1:ASV_17:a8af84444391b34c4399d8bab14f4b4d43c874ee,preservativeUsed,,DMSO,http://vocab.nerc.ac.uk/collection/Q01/current/Q0100004/,,https://pubchem.ncbi.nlm.nih.gov/compound/679
ARMS_Getxo_G1_20200624_20201103_SF40_s1_r1:ASV_17:a8af84444391b34c4399d8bab14f4b4d43c874ee,lowerLimitFilterSize,micrometer,40,http://vocab.nerc.ac.uk/collection/Q01/current/Q0100011/,https://vocab.nerc.ac.uk/collection/P06/current/UMIC/,
ARMS_Getxo_G1_20200624_20201103_SF40_s1_r1:ASV_17:a8af84444391b34c4399d8bab14f4b4d43c874ee,sampleAccessionNumber,,SAMEA10021243,,,
ARMS_Getxo_G1_20200624_20201103_SF40_s1_r1:ASV_17:a8af84444391b34c4399d8bab14f4b4d43c874ee,NCBIID,,991043,,,
ARMS_Getxo_G1_20200624_20201103_SF40_s1_r1:ASV_17:a8af84444391b34c4399d8bab14f4b4d43c874ee,NCBIScientificName,,Tricellaria occidentalis,,,
ARMS_Getxo_G1_20200624_20201103_SF40_s1_r1:ASV_17:a8af84444391b34c4399d8bab14f4b4d43c874ee,NCBITaxonRank,,species,,,
ARMS_Getxo_G1_20200624_20201103_SF40_s1_r1:ASV_17:a8af84444391b34c4399d8bab14f4b4d43c874ee,fieldReplicateID,,ARMS_Getxo_G_20200624_20201103,http://vocab.nerc.ac.uk/collection/P01/current/IDSPRE01,,
ARMS_Getxo_G1_20200624_20201103_SF40_s1_r1:ASV_17:a8af84444391b34c4399d8bab14f4b4d43c874ee,technicalReplicateID,,,http://vocab.nerc.ac.uk/collection/P01/current/IDTCRE01,,
ARMS_Getxo_G1_20200624_20201103_SF40_s1_r1:ASV_17:a8af84444391b34c4399d8bab14f4b4d43c874ee,originalScientificName,,Tricellaria_occidentalis,,,
ARMS_Getxo_G1_20200624_20201103_SF40_s1_r1:ASV_17:a8af84444391b34c4399d8bab14f4b4d43c874ee,originalTaxonRank,,species,,,
ARMS_Getxo_G1_20200624_20201103_SF40_s1_r1:ASV_17:a8af84444391b34c4399d8bab14f4b4d43c874ee,originalScientificNameConfidenceLevel,,0.46,,,
ARMS_Getxo_G1_20200624_20201103_SF40_s1_r1:ASV_18:47cd53df2ec6c288c7cce60da131c9d1447781e3,submergedTime,day,132,http://vocab.nerc.ac.uk/collection/P01/current/AZDRZZ01/,https://vocab.nerc.ac.uk/collection/P06/current/UTAA/,
ARMS_Getxo_G1_20200624_20201103_SF40_s1_r1:ASV_18:47cd53df2ec6c288c7cce60da131c9d1447781e3,preservativeUsed,,DMSO,http://vocab.nerc.ac.uk/collection/Q01/current/Q0100004/,,https://pubchem.ncbi.nlm.nih.gov/compound/679
ARMS_Getxo_G1_20200624_20201103_SF40_s1_r1:ASV_18:47cd53df2ec6c288c7cce60da131c9d1447781e3,lowerLimitFilterSize,micrometer,40,http://vocab.nerc.ac.uk/collection/Q01/current/Q0100011/,https://vocab.nerc.ac.uk/collection/P06/current/UMIC/,
ARMS_Getxo_G1_20200624_20201103_SF40_s1_r1:ASV_18:47cd53df2ec6c288c7cce60da131c9d1447781e3,sampleAccessionNumber,,SAMEA10021243,,,
ARMS_Getxo_G1_20200624_20201103_SF40_s1_r1:ASV_18:47cd53df2ec6c288c7cce60da131c9d1447781e3,NCBIID,,37623,,,
ARMS_Getxo_G1_20200624_20201103_SF40_s1_r1:ASV_18:47cd53df2ec6c288c7cce60da131c9d1447781e3,NCBIScientificName,,Ostrea edulis,,,
ARMS_Getxo_G1_20200624_20201103_SF40_s1_r1:ASV_18:47cd53df2ec6c288c7cce60da131c9d1447781e3,NCBITaxonRank,,species,,,
ARMS_Getxo_G1_20200624_20201103_SF40_s1_r1:ASV_18:47cd53df2ec6c288c7cce60da131c9d1447781e3,fieldReplicateID,,ARMS_Getxo_G_20200624_20201103,http://vocab.nerc.ac.uk/collection/P01/current/IDSPRE01,,
ARMS_Getxo_G1_20200624_20201103_SF40_s1_r1:ASV_18:47cd53df2ec6c288c7cce60da131c9d1447781e3,technicalReplicateID,,,http://vocab.nerc.ac.uk/collection/P01/current/IDTCRE01,,
ARMS_Getxo_G1_20200624_20201103_SF40_s1_r1:ASV_18:47cd53df2ec6c288c7cce60da131c9d1447781e3,originalScientificName,,Ostrea_edulis,,,
ARMS_Getxo_G1_20200624_20201103_SF40_s1_r1:ASV_18:47cd53df2ec6c288c7cce60da131c9d1447781e3,originalTaxonRank,,species,,,
ARMS_Getxo_G1_20200624_20201103_SF40_s1_r1:ASV_18:47cd53df2ec6c288c7cce60da131c9d1447781e3,originalScientificNameConfidenceLevel,,0.76,,,
ARMS_Getxo_G1_20200624_20201103_SF40_s1_r1:ASV_19:bbf75a3e5d37c4565210b32a83b6743b2fe23de7,submergedTime,day,132,http://vocab.nerc.ac.uk/collection/P01/current/AZDRZZ01/,https://vocab.nerc.ac.uk/collection/P06/current/UTAA/,
ARMS_Getxo_G1_20200624_20201103_SF40_s1_r1:ASV_19:bbf75a3e5d37c4565210b32a83b6743b2fe23de7,preservativeUsed,,DMSO,http://vocab.nerc.ac.uk/collection/Q01/current/Q0100004/,,https://pubchem.ncbi.nlm.nih.gov/compound/679
ARMS_Getxo_G1_20200624_20201103_SF40_s1_r1:ASV_19:bbf75a3e5d37c4565210b32a83b6743b2fe23de7,lowerLimitFilterSize,micrometer,40,http://vocab.nerc.ac.uk/collection/Q01/current/Q0100011/,https://vocab.nerc.ac.uk/collection/P06/current/UMIC/,
ARMS_Getxo_G1_20200624_20201103_SF40_s1_r1:ASV_19:bbf75a3e5d37c4565210b32a83b6743b2fe23de7,sampleAccessionNumber,,SAMEA10021243,,,
ARMS_Getxo_G1_20200624_20201103_SF40_s1_r1:ASV_19:bbf75a3e5d37c4565210b32a83b6743b2fe23de7,NCBIID,,1820962,,,
ARMS_Getxo_G1_20200624_20201103_SF40_s1_r1:ASV_19:bbf75a3e5d37c4565210b32a83b6743b2fe23de7,NCBIScientificName,,Microplana polyopsis,,,
ARMS_Getxo_G1_20200624_20201103_SF40_s1_r1:ASV_19:bbf75a3e5d37c4565210b32a83b6743b2fe23de7,NCBITaxonRank,,species,,,
ARMS_Getxo_G1_20200624_20201103_SF40_s1_r1:ASV_19:bbf75a3e5d37c4565210b32a83b6743b2fe23de7,fieldReplicateID,,ARMS_Getxo_G_20200624_20201103,http://vocab.nerc.ac.uk/collection/P01/current/IDSPRE01,,
ARMS_Getxo_G1_20200624_20201103_SF40_s1_r1:ASV_19:bbf75a3e5d37c4565210b32a83b6743b2fe23de7,technicalReplicateID,,,http://vocab.nerc.ac.uk/collection/P01/current/IDTCRE01,,
ARMS_Getxo_G1_20200624_20201103_SF40_s1_r1:ASV_19:bbf75a3e5d37c4565210b32a83b6743b2fe23de7,originalScientificName,,Microplana_polyopsis,,,
ARMS_Getxo_G1_20200624_20201103_SF40_s1_r1:ASV_19:bbf75a3e5d37c4565210b32a83b6743b2fe23de7,originalTaxonRank,,species,,,
ARMS_Getxo_G1_20200624_20201103_SF40_s1_r1:ASV_19:bbf75a3e5d37c4565210b32a83b6743b2fe23de7,originalScientificNameConfidenceLevel,,0.03,,,
ARMS_Getxo_G1_20200624_20201103_SF40_s1_r1:ASV_20:584bfdbb97cb98e60b18669254e6f11d0dc0bf37,submergedTime,day,132,http://vocab.nerc.ac.uk/collection/P01/current/AZDRZZ01/,https://vocab.nerc.ac.uk/collection/P06/current/UTAA/,
ARMS_Getxo_G1_20200624_20201103_SF40_s1_r1:ASV_20:584bfdbb97cb98e60b18669254e6f11d0dc0bf37,preservativeUsed,,DMSO,http://vocab.nerc.ac.uk/collection/Q01/current/Q0100004/,,https://pubchem.ncbi.nlm.nih.gov/compound/679
ARMS_Getxo_G1_20200624_20201103_SF40_s1_r1:ASV_20:584bfdbb97cb98e60b18669254e6f11d0dc0bf37,lowerLimitFilterSize,micrometer,40,http://vocab.nerc.ac.uk/collection/Q01/current/Q0100011/,https://vocab.nerc.ac.uk/collection/P06/current/UMIC/,
ARMS_Getxo_G1_20200624_20201103_SF40_s1_r1:ASV_20:584bfdbb97cb98e60b18669254e6f11d0dc0bf37,sampleAccessionNumber,,SAMEA10021243,,,
ARMS_Getxo_G1_20200624_20201103_SF40_s1_r1:ASV_20:584bfdbb97cb98e60b18669254e6f11d0dc0bf37,NCBIID,,991043,,,
ARMS_Getxo_G1_20200624_20201103_SF40_s1_r1:ASV_20:584bfdbb97cb98e60b18669254e6f11d0dc0bf37,NCBIScientificName,,Tricellaria occidentalis,,,
ARMS_Getxo_G1_20200624_20201103_SF40_s1_r1:ASV_20:584bfdbb97cb98e60b18669254e6f11d0dc0bf37,NCBITaxonRank,,species,,,
ARMS_Getxo_G1_20200624_20201103_SF40_s1_r1:ASV_20:584bfdbb97cb98e60b18669254e6f11d0dc0bf37,fieldReplicateID,,ARMS_Getxo_G_20200624_20201103,http://vocab.nerc.ac.uk/collection/P01/current/IDSPRE01,,
ARMS_Getxo_G1_20200624_20201103_SF40_s1_r1:ASV_20:584bfdbb97cb98e60b18669254e6f11d0dc0bf37,technicalReplicateID,,,http://vocab.nerc.ac.uk/collection/P01/current/IDTCRE01,,
ARMS_Getxo_G1_20200624_20201103_SF40_s1_r1:ASV_20:584bfdbb97cb98e60b18669254e6f11d0dc0bf37,originalScientificName,,Tricellaria_occidentalis,,,
ARMS_Getxo_G1_20200624_20201103_SF40_s1_r1:ASV_20:584bfdbb97cb98e60b18669254e6f11d0dc0bf37,originalTaxonRank,,species,,,
ARMS_Getxo_G1_20200624_20201103_SF40_s1_r1:ASV_20:584bfdbb97cb98e60b18669254e6f11d0dc0bf37,originalScientificNameConfidenceLevel,,0.9,,,
ARMS_Getxo_G1_20200624_20201103_SF40_s1_r1:ASV_21:a4262169182eb16d9af3c1e88a9dc8289018cfc0,submergedTime,day,132,http://vocab.nerc.ac.uk/collection/P01/current/AZDRZZ01/,https://vocab.nerc.ac.uk/collection/P06/current/UTAA/,
ARMS_Getxo_G1_20200624_20201103_SF40_s1_r1:ASV_21:a4262169182eb16d9af3c1e88a9dc8289018cfc0,preservativeUsed,,DMSO,http://vocab.nerc.ac.uk/collection/Q01/current/Q0100004/,,https://pubchem.ncbi.nlm.nih.gov/compound/679
ARMS_Getxo_G1_20200624_20201103_SF40_s1_r1:ASV_21:a4262169182eb16d9af3c1e88a9dc8289018cfc0,lowerLimitFilterSize,micrometer,40,http://vocab.nerc.ac.uk/collection/Q01/current/Q0100011/,https://vocab.nerc.ac.uk/collection/P06/current/UMIC/,
ARMS_Getxo_G1_20200624_20201103_SF40_s1_r1:ASV_21:a4262169182eb16d9af3c1e88a9dc8289018cfc0,sampleAccessionNumber,,SAMEA10021243,,,
ARMS_Getxo_G1_20200624_20201103_SF40_s1_r1:ASV_21:a4262169182eb16d9af3c1e88a9dc8289018cfc0,NCBIID,,991043,,,
ARMS_Getxo_G1_20200624_20201103_SF40_s1_r1:ASV_21:a4262169182eb16d9af3c1e88a9dc8289018cfc0,NCBIScientificName,,Tricellaria occidentalis,,,
ARMS_Getxo_G1_20200624_20201103_SF40_s1_r1:ASV_21:a4262169182eb16d9af3c1e88a9dc8289018cfc0,NCBITaxonRank,,species,,,
ARMS_Getxo_G1_20200624_20201103_SF40_s1_r1:ASV_21:a4262169182eb16d9af3c1e88a9dc8289018cfc0,fieldReplicateID,,ARMS_Getxo_G_20200624_20201103,http://vocab.nerc.ac.uk/collection/P01/current/IDSPRE01,,
ARMS_Getxo_G1_20200624_20201103_SF40_s1_r1:ASV_21:a4262169182eb16d9af3c1e88a9dc8289018cfc0,technicalReplicateID,,,http://vocab.nerc.ac.uk/collection/P01/current/IDTCRE01,,
ARMS_Getxo_G1_20200624_20201103_SF40_s1_r1:ASV_21:a4262169182eb16d9af3c1e88a9dc8289018cfc0,originalScientificName,,Tricellaria_occidentalis,,,
ARMS_Getxo_G1_20200624_20201103_SF40_s1_r1:ASV_21:a4262169182eb16d9af3c1e88a9dc8289018cfc0,originalTaxonRank,,species,,,
ARMS_Getxo_G1_20200624_20201103_SF40_s1_r1:ASV_21:a4262169182eb16d9af3c1e88a9dc8289018cfc0,originalScientificNameConfidenceLevel,,0.82,,,
ARMS_Getxo_G1_20200624_20201103_SF40_s1_r1:ASV_22:d9871a52f7a53a9aba1e67703987cbfbf17b4754,submergedTime,day,132,http://vocab.nerc.ac.uk/collection/P01/current/AZDRZZ01/,https://vocab.nerc.ac.uk/collection/P06/current/UTAA/,
ARMS_Getxo_G1_20200624_20201103_SF40_s1_r1:ASV_22:d9871a52f7a53a9aba1e67703987cbfbf17b4754,preservativeUsed,,DMSO,http://vocab.nerc.ac.uk/collection/Q01/current/Q0100004/,,https://pubchem.ncbi.nlm.nih.gov/compound/679
ARMS_Getxo_G1_20200624_20201103_SF40_s1_r1:ASV_22:d9871a52f7a53a9aba1e67703987cbfbf17b4754,lowerLimitFilterSize,micrometer,40,http://vocab.nerc.ac.uk/collection/Q01/current/Q0100011/,https://vocab.nerc.ac.uk/collection/P06/current/UMIC/,
ARMS_Getxo_G1_20200624_20201103_SF40_s1_r1:ASV_22:d9871a52f7a53a9aba1e67703987cbfbf17b4754,sampleAccessionNumber,,SAMEA10021243,,,
ARMS_Getxo_G1_20200624_20201103_SF40_s1_r1:ASV_22:d9871a52f7a53a9aba1e67703987cbfbf17b4754,NCBIID,,2719107,,,
ARMS_Getxo_G1_20200624_20201103_SF40_s1_r1:ASV_22:d9871a52f7a53a9aba1e67703987cbfbf17b4754,NCBIScientificName,,Tipula fascipennis,,,
ARMS_Getxo_G1_20200624_20201103_SF40_s1_r1:ASV_22:d9871a52f7a53a9aba1e67703987cbfbf17b4754,NCBITaxonRank,,species,,,
ARMS_Getxo_G1_20200624_20201103_SF40_s1_r1:ASV_22:d9871a52f7a53a9aba1e67703987cbfbf17b4754,fieldReplicateID,,ARMS_Getxo_G_20200624_20201103,http://vocab.nerc.ac.uk/collection/P01/current/IDSPRE01,,
ARMS_Getxo_G1_20200624_20201103_SF40_s1_r1:ASV_22:d9871a52f7a53a9aba1e67703987cbfbf17b4754,technicalReplicateID,,,http://vocab.nerc.ac.uk/collection/P01/current/IDTCRE01,,
ARMS_Getxo_G1_20200624_20201103_SF40_s1_r1:ASV_22:d9871a52f7a53a9aba1e67703987cbfbf17b4754,originalScientificName,,Tipula_fascipennis,,,
ARMS_Getxo_G1_20200624_20201103_SF40_s1_r1:ASV_22:d9871a52f7a53a9aba1e67703987cbfbf17b4754,originalTaxonRank,,species,,,
ARMS_Getxo_G1_20200624_20201103_SF40_s1_r1:ASV_22:d9871a52f7a53a9aba1e67703987cbfbf17b4754,originalScientificNameConfidenceLevel,,0.0,,,
ARMS_Getxo_G1_20200624_20201103_SF40_s1_r1:ASV_23:ad5935391356589596d1ba0996d32c0b52de5860,submergedTime,day,132,http://vocab.nerc.ac.uk/collection/P01/current/AZDRZZ01/,https://vocab.nerc.ac.uk/collection/P06/current/UTAA/,
ARMS_Getxo_G1_20200624_20201103_SF40_s1_r1:ASV_23:ad5935391356589596d1ba0996d32c0b52de5860,preservativeUsed,,DMSO,http://vocab.nerc.ac.uk/collection/Q01/current/Q0100004/,,https://pubchem.ncbi.nlm.nih.gov/compound/679
ARMS_Getxo_G1_20200624_20201103_SF40_s1_r1:ASV_23:ad5935391356589596d1ba0996d32c0b52de5860,lowerLimitFilterSize,micrometer,40,http://vocab.nerc.ac.uk/collection/Q01/current/Q0100011/,https://vocab.nerc.ac.uk/collection/P06/current/UMIC/,
ARMS_Getxo_G1_20200624_20201103_SF40_s1_r1:ASV_23:ad5935391356589596d1ba0996d32c0b52de5860,sampleAccessionNumber,,SAMEA10021243,,,
ARMS_Getxo_G1_20200624_20201103_SF40_s1_r1:ASV_23:ad5935391356589596d1ba0996d32c0b52de5860,NCBIID,,6230,,,
ARMS_Getxo_G1_20200624_20201103_SF40_s1_r1:ASV_23:ad5935391356589596d1ba0996d32c0b52de5860,NCBIScientificName,,Emplectonema gracile,,,
ARMS_Getxo_G1_20200624_20201103_SF40_s1_r1:ASV_23:ad5935391356589596d1ba0996d32c0b52de5860,NCBITaxonRank,,species,,,
ARMS_Getxo_G1_20200624_20201103_SF40_s1_r1:ASV_23:ad5935391356589596d1ba0996d32c0b52de5860,fieldReplicateID,,ARMS_Getxo_G_20200624_20201103,http://vocab.nerc.ac.uk/collection/P01/current/IDSPRE01,,
ARMS_Getxo_G1_20200624_20201103_SF40_s1_r1:ASV_23:ad5935391356589596d1ba0996d32c0b52de5860,technicalReplicateID,,,http://vocab.nerc.ac.uk/collection/P01/current/IDTCRE01,,
ARMS_Getxo_G1_20200624_20201103_SF40_s1_r1:ASV_23:ad5935391356589596d1ba0996d32c0b52de5860,originalScientificName,,Emplectonema_gracile,,,
ARMS_Getxo_G1_20200624_20201103_SF40_s1_r1:ASV_23:ad5935391356589596d1ba0996d32c0b52de5860,originalTaxonRank,,species,,,
ARMS_Getxo_G1_20200624_20201103_SF40_s1_r1:ASV_23:ad5935391356589596d1ba0996d32c0b52de5860,originalScientificNameConfidenceLevel,,1.0,,,
ARMS_Getxo_G1_20200624_20201103_SF40_s1_r1:ASV_24:166ecee1e8d78e96eec1a315ec6d74963e1d357f,submergedTime,day,132,http://vocab.nerc.ac.uk/collection/P01/current/AZDRZZ01/,https://vocab.nerc.ac.uk/collection/P06/current/UTAA/,
ARMS_Getxo_G1_20200624_20201103_SF40_s1_r1:ASV_24:166ecee1e8d78e96eec1a315ec6d74963e1d357f,preservativeUsed,,DMSO,http://vocab.nerc.ac.uk/collection/Q01/current/Q0100004/,,https://pubchem.ncbi.nlm.nih.gov/compound/679
ARMS_Getxo_G1_20200624_20201103_SF40_s1_r1:ASV_24:166ecee1e8d78e96eec1a315ec6d74963e1d357f,lowerLimitFilterSize,micrometer,40,http://vocab.nerc.ac.uk/collection/Q01/current/Q0100011/,https://vocab.nerc.ac.uk/collection/P06/current/UMIC/,
ARMS_Getxo_G1_20200624_20201103_SF40_s1_r1:ASV_24:166ecee1e8d78e96eec1a315ec6d74963e1d357f,sampleAccessionNumber,,SAMEA10021243,,,
ARMS_Getxo_G1_20200624_20201103_SF40_s1_r1:ASV_24:166ecee1e8d78e96eec1a315ec6d74963e1d357f,NCBIID,,252291,,,
ARMS_Getxo_G1_20200624_20201103_SF40_s1_r1:ASV_24:166ecee1e8d78e96eec1a315ec6d74963e1d357f,NCBIScientificName,,Hynobius kimurae,,,
ARMS_Getxo_G1_20200624_20201103_SF40_s1_r1:ASV_24:166ecee1e8d78e96eec1a315ec6d74963e1d357f,NCBITaxonRank,,species,,,
ARMS_Getxo_G1_20200624_20201103_SF40_s1_r1:ASV_24:166ecee1e8d78e96eec1a315ec6d74963e1d357f,fieldReplicateID,,ARMS_Getxo_G_20200624_20201103,http://vocab.nerc.ac.uk/collection/P01/current/IDSPRE01,,
ARMS_Getxo_G1_20200624_20201103_SF40_s1_r1:ASV_24:166ecee1e8d78e96eec1a315ec6d74963e1d357f,technicalReplicateID,,,http://vocab.nerc.ac.uk/collection/P01/current/IDTCRE01,,
ARMS_Getxo_G1_20200624_20201103_SF40_s1_r1:ASV_24:166ecee1e8d78e96eec1a315ec6d74963e1d357f,originalScientificName,,Hynobius_kimurae,,,
ARMS_Getxo_G1_20200624_20201103_SF40_s1_r1:ASV_24:166ecee1e8d78e96eec1a315ec6d74963e1d357f,originalTaxonRank,,species,,,
ARMS_Getxo_G1_20200624_20201103_SF40_s1_r1:ASV_24:166ecee1e8d78e96eec1a315ec6d74963e1d357f,originalScientificNameConfidenceLevel,,0.03,,,
ARMS_Getxo_G1_20200624_20201103_SF40_s1_r1:ASV_25:6f1f21de48bf837ee4e61cc2c63ecae2513d4f36,submergedTime,day,132,http://vocab.nerc.ac.uk/collection/P01/current/AZDRZZ01/,https://vocab.nerc.ac.uk/collection/P06/current/UTAA/,
ARMS_Getxo_G1_20200624_20201103_SF40_s1_r1:ASV_25:6f1f21de48bf837ee4e61cc2c63ecae2513d4f36,preservativeUsed,,DMSO,http://vocab.nerc.ac.uk/collection/Q01/current/Q0100004/,,https://pubchem.ncbi.nlm.nih.gov/compound/679
ARMS_Getxo_G1_20200624_20201103_SF40_s1_r1:ASV_25:6f1f21de48bf837ee4e61cc2c63ecae2513d4f36,lowerLimitFilterSize,micrometer,40,http://vocab.nerc.ac.uk/collection/Q01/current/Q0100011/,https://vocab.nerc.ac.uk/collection/P06/current/UMIC/,
ARMS_Getxo_G1_20200624_20201103_SF40_s1_r1:ASV_25:6f1f21de48bf837ee4e61cc2c63ecae2513d4f36,sampleAccessionNumber,,SAMEA10021243,,,
ARMS_Getxo_G1_20200624_20201103_SF40_s1_r1:ASV_25:6f1f21de48bf837ee4e61cc2c63ecae2513d4f36,NCBIID,,1610118,,,
ARMS_Getxo_G1_20200624_20201103_SF40_s1_r1:ASV_25:6f1f21de48bf837ee4e61cc2c63ecae2513d4f36,NCBIScientificName,,Pectocera yaeyamana,,,
ARMS_Getxo_G1_20200624_20201103_SF40_s1_r1:ASV_25:6f1f21de48bf837ee4e61cc2c63ecae2513d4f36,NCBITaxonRank,,species,,,
ARMS_Getxo_G1_20200624_20201103_SF40_s1_r1:ASV_25:6f1f21de48bf837ee4e61cc2c63ecae2513d4f36,fieldReplicateID,,ARMS_Getxo_G_20200624_20201103,http://vocab.nerc.ac.uk/collection/P01/current/IDSPRE01,,
ARMS_Getxo_G1_20200624_20201103_SF40_s1_r1:ASV_25:6f1f21de48bf837ee4e61cc2c63ecae2513d4f36,technicalReplicateID,,,http://vocab.nerc.ac.uk/collection/P01/current/IDTCRE01,,
ARMS_Getxo_G1_20200624_20201103_SF40_s1_r1:ASV_25:6f1f21de48bf837ee4e61cc2c63ecae2513d4f36,originalScientificName,,Pectocera_yaeyamana,,,
ARMS_Getxo_G1_20200624_20201103_SF40_s1_r1:ASV_25:6f1f21de48bf837ee4e61cc2c63ecae2513d4f36,originalTaxonRank,,species,,,
ARMS_Getxo_G1_20200624_20201103_SF40_s1_r1:ASV_25:6f1f21de48bf837ee4e61cc2c63ecae2513d4f36,originalScientificNameConfidenceLevel,,0.01,,,
ARMS_Getxo_G1_20200624_20201103_SF40_s1_r1:ASV_26:317cf9eb20f0cb291e644516c28271b545074f42,submergedTime,day,132,http://vocab.nerc.ac.uk/collection/P01/current/AZDRZZ01/,https://vocab.nerc.ac.uk/collection/P06/current/UTAA/,
ARMS_Getxo_G1_20200624_20201103_SF40_s1_r1:ASV_26:317cf9eb20f0cb291e644516c28271b545074f42,preservativeUsed,,DMSO,http://vocab.nerc.ac.uk/collection/Q01/current/Q0100004/,,https://pubchem.ncbi.nlm.nih.gov/compound/679
ARMS_Getxo_G1_20200624_20201103_SF40_s1_r1:ASV_26:317cf9eb20f0cb291e644516c28271b545074f42,lowerLimitFilterSize,micrometer,40,http://vocab.nerc.ac.uk/collection/Q01/current/Q0100011/,https://vocab.nerc.ac.uk/collection/P06/current/UMIC/,
ARMS_Getxo_G1_20200624_20201103_SF40_s1_r1:ASV_26:317cf9eb20f0cb291e644516c28271b545074f42,sampleAccessionNumber,,SAMEA10021243,,,
ARMS_Getxo_G1_20200624_20201103_SF40_s1_r1:ASV_26:317cf9eb20f0cb291e644516c28271b545074f42,NCBIID,,299218,,,
ARMS_Getxo_G1_20200624_20201103_SF40_s1_r1:ASV_26:317cf9eb20f0cb291e644516c28271b545074f42,NCBIScientificName,,Nesomachilis australica,,,
ARMS_Getxo_G1_20200624_20201103_SF40_s1_r1:ASV_26:317cf9eb20f0cb291e644516c28271b545074f42,NCBITaxonRank,,species,,,
ARMS_Getxo_G1_20200624_20201103_SF40_s1_r1:ASV_26:317cf9eb20f0cb291e644516c28271b545074f42,fieldReplicateID,,ARMS_Getxo_G_20200624_20201103,http://vocab.nerc.ac.uk/collection/P01/current/IDSPRE01,,
ARMS_Getxo_G1_20200624_20201103_SF40_s1_r1:ASV_26:317cf9eb20f0cb291e644516c28271b545074f42,technicalReplicateID,,,http://vocab.nerc.ac.uk/collection/P01/current/IDTCRE01,,
ARMS_Getxo_G1_20200624_20201103_SF40_s1_r1:ASV_26:317cf9eb20f0cb291e644516c28271b545074f42,originalScientificName,,Nesomachilis_australica,,,
ARMS_Getxo_G1_20200624_20201103_SF40_s1_r1:ASV_26:317cf9eb20f0cb291e644516c28271b545074f42,originalTaxonRank,,species,,,
ARMS_Getxo_G1_20200624_20201103_SF40_s1_r1:ASV_26:317cf9eb20f0cb291e644516c28271b545074f42,originalScientificNameConfidenceLevel,,0.08,,,
ARMS_Getxo_G1_20200624_20201103_SF40_s1_r1:ASV_27:39a1431b46ce3b64b976360c899d263328b00b5a,submergedTime,day,132,http://vocab.nerc.ac.uk/collection/P01/current/AZDRZZ01/,https://vocab.nerc.ac.uk/collection/P06/current/UTAA/,
ARMS_Getxo_G1_20200624_20201103_SF40_s1_r1:ASV_27:39a1431b46ce3b64b976360c899d263328b00b5a,preservativeUsed,,DMSO,http://vocab.nerc.ac.uk/collection/Q01/current/Q0100004/,,https://pubchem.ncbi.nlm.nih.gov/compound/679
ARMS_Getxo_G1_20200624_20201103_SF40_s1_r1:ASV_27:39a1431b46ce3b64b976360c899d263328b00b5a,lowerLimitFilterSize,micrometer,40,http://vocab.nerc.ac.uk/collection/Q01/current/Q0100011/,https://vocab.nerc.ac.uk/collection/P06/current/UMIC/,
ARMS_Getxo_G1_20200624_20201103_SF40_s1_r1:ASV_27:39a1431b46ce3b64b976360c899d263328b00b5a,sampleAccessionNumber,,SAMEA10021243,,,
ARMS_Getxo_G1_20200624_20201103_SF40_s1_r1:ASV_27:39a1431b46ce3b64b976360c899d263328b00b5a,NCBIID,,291032,,,
ARMS_Getxo_G1_20200624_20201103_SF40_s1_r1:ASV_27:39a1431b46ce3b64b976360c899d263328b00b5a,NCBIScientificName,,Thalassiosira curviseriata,,,
ARMS_Getxo_G1_20200624_20201103_SF40_s1_r1:ASV_27:39a1431b46ce3b64b976360c899d263328b00b5a,NCBITaxonRank,,species,,,
ARMS_Getxo_G1_20200624_20201103_SF40_s1_r1:ASV_27:39a1431b46ce3b64b976360c899d263328b00b5a,fieldReplicateID,,ARMS_Getxo_G_20200624_20201103,http://vocab.nerc.ac.uk/collection/P01/current/IDSPRE01,,
ARMS_Getxo_G1_20200624_20201103_SF40_s1_r1:ASV_27:39a1431b46ce3b64b976360c899d263328b00b5a,technicalReplicateID,,,http://vocab.nerc.ac.uk/collection/P01/current/IDTCRE01,,
ARMS_Getxo_G1_20200624_20201103_SF40_s1_r1:ASV_27:39a1431b46ce3b64b976360c899d263328b00b5a,originalScientificName,,Thalassiosira_curviseriata,,,
ARMS_Getxo_G1_20200624_20201103_SF40_s1_r1:ASV_27:39a1431b46ce3b64b976360c899d263328b00b5a,originalTaxonRank,,species,,,
ARMS_Getxo_G1_20200624_20201103_SF40_s1_r1:ASV_27:39a1431b46ce3b64b976360c899d263328b00b5a,originalScientificNameConfidenceLevel,,0.05,,,
ARMS_Getxo_G1_20200624_20201103_SF40_s1_r1:ASV_28:3f9f1a1b12e1ca4d2cf0712cd0aa596a9fa1d0e2,submergedTime,day,132,http://vocab.nerc.ac.uk/collection/P01/current/AZDRZZ01/,https://vocab.nerc.ac.uk/collection/P06/current/UTAA/,
ARMS_Getxo_G1_20200624_20201103_SF40_s1_r1:ASV_28:3f9f1a1b12e1ca4d2cf0712cd0aa596a9fa1d0e2,preservativeUsed,,DMSO,http://vocab.nerc.ac.uk/collection/Q01/current/Q0100004/,,https://pubchem.ncbi.nlm.nih.gov/compound/679
ARMS_Getxo_G1_20200624_20201103_SF40_s1_r1:ASV_28:3f9f1a1b12e1ca4d2cf0712cd0aa596a9fa1d0e2,lowerLimitFilterSize,micrometer,40,http://vocab.nerc.ac.uk/collection/Q01/current/Q0100011/,https://vocab.nerc.ac.uk/collection/P06/current/UMIC/,
ARMS_Getxo_G1_20200624_20201103_SF40_s1_r1:ASV_28:3f9f1a1b12e1ca4d2cf0712cd0aa596a9fa1d0e2,sampleAccessionNumber,,SAMEA10021243,,,
ARMS_Getxo_G1_20200624_20201103_SF40_s1_r1:ASV_28:3f9f1a1b12e1ca4d2cf0712cd0aa596a9fa1d0e2,NCBIID,,76776,,,
ARMS_Getxo_G1_20200624_20201103_SF40_s1_r1:ASV_28:3f9f1a1b12e1ca4d2cf0712cd0aa596a9fa1d0e2,NCBIScientificName,,Malassezia slooffiae,,,
ARMS_Getxo_G1_20200624_20201103_SF40_s1_r1:ASV_28:3f9f1a1b12e1ca4d2cf0712cd0aa596a9fa1d0e2,NCBITaxonRank,,species,,,
ARMS_Getxo_G1_20200624_20201103_SF40_s1_r1:ASV_28:3f9f1a1b12e1ca4d2cf0712cd0aa596a9fa1d0e2,fieldReplicateID,,ARMS_Getxo_G_20200624_20201103,http://vocab.nerc.ac.uk/collection/P01/current/IDSPRE01,,
ARMS_Getxo_G1_20200624_20201103_SF40_s1_r1:ASV_28:3f9f1a1b12e1ca4d2cf0712cd0aa596a9fa1d0e2,technicalReplicateID,,,http://vocab.nerc.ac.uk/collection/P01/current/IDTCRE01,,
ARMS_Getxo_G1_20200624_20201103_SF40_s1_r1:ASV_28:3f9f1a1b12e1ca4d2cf0712cd0aa596a9fa1d0e2,originalScientificName,,Malassezia_slooffiae,,,
ARMS_Getxo_G1_20200624_20201103_SF40_s1_r1:ASV_28:3f9f1a1b12e1ca4d2cf0712cd0aa596a9fa1d0e2,originalTaxonRank,,species,,,
ARMS_Getxo_G1_20200624_20201103_SF40_s1_r1:ASV_28:3f9f1a1b12e1ca4d2cf0712cd0aa596a9fa1d0e2,originalScientificNameConfidenceLevel,,0.06,,,
ARMS_Getxo_G1_20200624_20201103_SF40_s1_r1:ASV_29:5a4a66a86008ee2f3d959b731fa2b0cac264c189,submergedTime,day,132,http://vocab.nerc.ac.uk/collection/P01/current/AZDRZZ01/,https://vocab.nerc.ac.uk/collection/P06/current/UTAA/,
ARMS_Getxo_G1_20200624_20201103_SF40_s1_r1:ASV_29:5a4a66a86008ee2f3d959b731fa2b0cac264c189,preservativeUsed,,DMSO,http://vocab.nerc.ac.uk/collection/Q01/current/Q0100004/,,https://pubchem.ncbi.nlm.nih.gov/compound/679
ARMS_Getxo_G1_20200624_20201103_SF40_s1_r1:ASV_29:5a4a66a86008ee2f3d959b731fa2b0cac264c189,lowerLimitFilterSize,micrometer,40,http://vocab.nerc.ac.uk/collection/Q01/current/Q0100011/,https://vocab.nerc.ac.uk/collection/P06/current/UMIC/,
ARMS_Getxo_G1_20200624_20201103_SF40_s1_r1:ASV_29:5a4a66a86008ee2f3d959b731fa2b0cac264c189,sampleAccessionNumber,,SAMEA10021243,,,
ARMS_Getxo_G1_20200624_20201103_SF40_s1_r1:ASV_29:5a4a66a86008ee2f3d959b731fa2b0cac264c189,NCBIID,,378361,,,
ARMS_Getxo_G1_20200624_20201103_SF40_s1_r1:ASV_29:5a4a66a86008ee2f3d959b731fa2b0cac264c189,NCBIScientificName,,Syllidia armata,,,
ARMS_Getxo_G1_20200624_20201103_SF40_s1_r1:ASV_29:5a4a66a86008ee2f3d959b731fa2b0cac264c189,NCBITaxonRank,,species,,,
ARMS_Getxo_G1_20200624_20201103_SF40_s1_r1:ASV_29:5a4a66a86008ee2f3d959b731fa2b0cac264c189,fieldReplicateID,,ARMS_Getxo_G_20200624_20201103,http://vocab.nerc.ac.uk/collection/P01/current/IDSPRE01,,
ARMS_Getxo_G1_20200624_20201103_SF40_s1_r1:ASV_29:5a4a66a86008ee2f3d959b731fa2b0cac264c189,technicalReplicateID,,,http://vocab.nerc.ac.uk/collection/P01/current/IDTCRE01,,
ARMS_Getxo_G1_20200624_20201103_SF40_s1_r1:ASV_29:5a4a66a86008ee2f3d959b731fa2b0cac264c189,originalScientificName,,Syllidia_armata,,,
ARMS_Getxo_G1_20200624_20201103_SF40_s1_r1:ASV_29:5a4a66a86008ee2f3d959b731fa2b0cac264c189,originalTaxonRank,,species,,,
ARMS_Getxo_G1_20200624_20201103_SF40_s1_r1:ASV_29:5a4a66a86008ee2f3d959b731fa2b0cac264c189,originalScientificNameConfidenceLevel,,0.89,,,
ARMS_Getxo_G1_20200624_20201103_SF40_s1_r1:ASV_31:7b416e148d2058555922b193faaf9dce3d6d5cc7,submergedTime,day,132,http://vocab.nerc.ac.uk/collection/P01/current/AZDRZZ01/,https://vocab.nerc.ac.uk/collection/P06/current/UTAA/,
ARMS_Getxo_G1_20200624_20201103_SF40_s1_r1:ASV_31:7b416e148d2058555922b193faaf9dce3d6d5cc7,preservativeUsed,,DMSO,http://vocab.nerc.ac.uk/collection/Q01/current/Q0100004/,,https://pubchem.ncbi.nlm.nih.gov/compound/679
ARMS_Getxo_G1_20200624_20201103_SF40_s1_r1:ASV_31:7b416e148d2058555922b193faaf9dce3d6d5cc7,lowerLimitFilterSize,micrometer,40,http://vocab.nerc.ac.uk/collection/Q01/current/Q0100011/,https://vocab.nerc.ac.uk/collection/P06/current/UMIC/,
ARMS_Getxo_G1_20200624_20201103_SF40_s1_r1:ASV_31:7b416e148d2058555922b193faaf9dce3d6d5cc7,sampleAccessionNumber,,SAMEA10021243,,,
ARMS_Getxo_G1_20200624_20201103_SF40_s1_r1:ASV_31:7b416e148d2058555922b193faaf9dce3d6d5cc7,NCBIID,,479643,,,
ARMS_Getxo_G1_20200624_20201103_SF40_s1_r1:ASV_31:7b416e148d2058555922b193faaf9dce3d6d5cc7,NCBIScientificName,,Igernella notabilis,,,
ARMS_Getxo_G1_20200624_20201103_SF40_s1_r1:ASV_31:7b416e148d2058555922b193faaf9dce3d6d5cc7,NCBITaxonRank,,species,,,
ARMS_Getxo_G1_20200624_20201103_SF40_s1_r1:ASV_31:7b416e148d2058555922b193faaf9dce3d6d5cc7,fieldReplicateID,,ARMS_Getxo_G_20200624_20201103,http://vocab.nerc.ac.uk/collection/P01/current/IDSPRE01,,
ARMS_Getxo_G1_20200624_20201103_SF40_s1_r1:ASV_31:7b416e148d2058555922b193faaf9dce3d6d5cc7,technicalReplicateID,,,http://vocab.nerc.ac.uk/collection/P01/current/IDTCRE01,,
ARMS_Getxo_G1_20200624_20201103_SF40_s1_r1:ASV_31:7b416e148d2058555922b193faaf9dce3d6d5cc7,originalScientificName,,Igernella_notabilis,,,
ARMS_Getxo_G1_20200624_20201103_SF40_s1_r1:ASV_31:7b416e148d2058555922b193faaf9dce3d6d5cc7,originalTaxonRank,,species,,,
ARMS_Getxo_G1_20200624_20201103_SF40_s1_r1:ASV_31:7b416e148d2058555922b193faaf9dce3d6d5cc7,originalScientificNameConfidenceLevel,,0.88,,,
ARMS_Getxo_G1_20200624_20201103_SF40_s1_r1:ASV_32:c67191ba9616aa5d33cae90de575011a9f52390c,submergedTime,day,132,http://vocab.nerc.ac.uk/collection/P01/current/AZDRZZ01/,https://vocab.nerc.ac.uk/collection/P06/current/UTAA/,
ARMS_Getxo_G1_20200624_20201103_SF40_s1_r1:ASV_32:c67191ba9616aa5d33cae90de575011a9f52390c,preservativeUsed,,DMSO,http://vocab.nerc.ac.uk/collection/Q01/current/Q0100004/,,https://pubchem.ncbi.nlm.nih.gov/compound/679
ARMS_Getxo_G1_20200624_20201103_SF40_s1_r1:ASV_32:c67191ba9616aa5d33cae90de575011a9f52390c,lowerLimitFilterSize,micrometer,40,http://vocab.nerc.ac.uk/collection/Q01/current/Q0100011/,https://vocab.nerc.ac.uk/collection/P06/current/UMIC/,
ARMS_Getxo_G1_20200624_20201103_SF40_s1_r1:ASV_32:c67191ba9616aa5d33cae90de575011a9f52390c,sampleAccessionNumber,,SAMEA10021243,,,
ARMS_Getxo_G1_20200624_20201103_SF40_s1_r1:ASV_32:c67191ba9616aa5d33cae90de575011a9f52390c,NCBIID,,991043,,,
ARMS_Getxo_G1_20200624_20201103_SF40_s1_r1:ASV_32:c67191ba9616aa5d33cae90de575011a9f52390c,NCBIScientificName,,Tricellaria occidentalis,,,
ARMS_Getxo_G1_20200624_20201103_SF40_s1_r1:ASV_32:c67191ba9616aa5d33cae90de575011a9f52390c,NCBITaxonRank,,species,,,
ARMS_Getxo_G1_20200624_20201103_SF40_s1_r1:ASV_32:c67191ba9616aa5d33cae90de575011a9f52390c,fieldReplicateID,,ARMS_Getxo_G_20200624_20201103,http://vocab.nerc.ac.uk/collection/P01/current/IDSPRE01,,
ARMS_Getxo_G1_20200624_20201103_SF40_s1_r1:ASV_32:c67191ba9616aa5d33cae90de575011a9f52390c,technicalReplicateID,,,http://vocab.nerc.ac.uk/collection/P01/current/IDTCRE01,,
ARMS_Getxo_G1_20200624_20201103_SF40_s1_r1:ASV_32:c67191ba9616aa5d33cae90de575011a9f52390c,originalScientificName,,Tricellaria_occidentalis,,,
ARMS_Getxo_G1_20200624_20201103_SF40_s1_r1:ASV_32:c67191ba9616aa5d33cae90de575011a9f52390c,originalTaxonRank,,species,,,
ARMS_Getxo_G1_20200624_20201103_SF40_s1_r1:ASV_32:c67191ba9616aa5d33cae90de575011a9f52390c,originalScientificNameConfidenceLevel,,0.92,,,
ARMS_Getxo_G1_20200624_20201103_SF40_s1_r1:ASV_33:a2ff91ae83b266521461fb0185281aaa5e963cba,submergedTime,day,132,http://vocab.nerc.ac.uk/collection/P01/current/AZDRZZ01/,https://vocab.nerc.ac.uk/collection/P06/current/UTAA/,
ARMS_Getxo_G1_20200624_20201103_SF40_s1_r1:ASV_33:a2ff91ae83b266521461fb0185281aaa5e963cba,preservativeUsed,,DMSO,http://vocab.nerc.ac.uk/collection/Q01/current/Q0100004/,,https://pubchem.ncbi.nlm.nih.gov/compound/679
ARMS_Getxo_G1_20200624_20201103_SF40_s1_r1:ASV_33:a2ff91ae83b266521461fb0185281aaa5e963cba,lowerLimitFilterSize,micrometer,40,http://vocab.nerc.ac.uk/collection/Q01/current/Q0100011/,https://vocab.nerc.ac.uk/collection/P06/current/UMIC/,
ARMS_Getxo_G1_20200624_20201103_SF40_s1_r1:ASV_33:a2ff91ae83b266521461fb0185281aaa5e963cba,sampleAccessionNumber,,SAMEA10021243,,,
ARMS_Getxo_G1_20200624_20201103_SF40_s1_r1:ASV_33:a2ff91ae83b266521461fb0185281aaa5e963cba,NCBIID,,308567,,,
ARMS_Getxo_G1_20200624_20201103_SF40_s1_r1:ASV_33:a2ff91ae83b266521461fb0185281aaa5e963cba,NCBIScientificName,,Bougainvillia muscus,,,
ARMS_Getxo_G1_20200624_20201103_SF40_s1_r1:ASV_33:a2ff91ae83b266521461fb0185281aaa5e963cba,NCBITaxonRank,,species,,,
ARMS_Getxo_G1_20200624_20201103_SF40_s1_r1:ASV_33:a2ff91ae83b266521461fb0185281aaa5e963cba,fieldReplicateID,,ARMS_Getxo_G_20200624_20201103,http://vocab.nerc.ac.uk/collection/P01/current/IDSPRE01,,
ARMS_Getxo_G1_20200624_20201103_SF40_s1_r1:ASV_33:a2ff91ae83b266521461fb0185281aaa5e963cba,technicalReplicateID,,,http://vocab.nerc.ac.uk/collection/P01/current/IDTCRE01,,
ARMS_Getxo_G1_20200624_20201103_SF40_s1_r1:ASV_33:a2ff91ae83b266521461fb0185281aaa5e963cba,originalScientificName,,Bougainvillia_muscus,,,
ARMS_Getxo_G1_20200624_20201103_SF40_s1_r1:ASV_33:a2ff91ae83b266521461fb0185281aaa5e963cba,originalTaxonRank,,species,,,
ARMS_Getxo_G1_20200624_20201103_SF40_s1_r1:ASV_33:a2ff91ae83b266521461fb0185281aaa5e963cba,originalScientificNameConfidenceLevel,,1.0,,,
ARMS_Getxo_G1_20200624_20201103_SF40_s1_r1:ASV_34:0a92037982d1a6ece064c2f5e0f480ded154bf1b,submergedTime,day,132,http://vocab.nerc.ac.uk/collection/P01/current/AZDRZZ01/,https://vocab.nerc.ac.uk/collection/P06/current/UTAA/,
ARMS_Getxo_G1_20200624_20201103_SF40_s1_r1:ASV_34:0a92037982d1a6ece064c2f5e0f480ded154bf1b,preservativeUsed,,DMSO,http://vocab.nerc.ac.uk/collection/Q01/current/Q0100004/,,https://pubchem.ncbi.nlm.nih.gov/compound/679
ARMS_Getxo_G1_20200624_20201103_SF40_s1_r1:ASV_34:0a92037982d1a6ece064c2f5e0f480ded154bf1b,lowerLimitFilterSize,micrometer,40,http://vocab.nerc.ac.uk/collection/Q01/current/Q0100011/,https://vocab.nerc.ac.uk/collection/P06/current/UMIC/,
ARMS_Getxo_G1_20200624_20201103_SF40_s1_r1:ASV_34:0a92037982d1a6ece064c2f5e0f480ded154bf1b,sampleAccessionNumber,,SAMEA10021243,,,
ARMS_Getxo_G1_20200624_20201103_SF40_s1_r1:ASV_34:0a92037982d1a6ece064c2f5e0f480ded154bf1b,NCBIID,,884647,,,
ARMS_Getxo_G1_20200624_20201103_SF40_s1_r1:ASV_34:0a92037982d1a6ece064c2f5e0f480ded154bf1b,NCBIScientificName,,Myrianida convoluta,,,
ARMS_Getxo_G1_20200624_20201103_SF40_s1_r1:ASV_34:0a92037982d1a6ece064c2f5e0f480ded154bf1b,NCBITaxonRank,,species,,,
ARMS_Getxo_G1_20200624_20201103_SF40_s1_r1:ASV_34:0a92037982d1a6ece064c2f5e0f480ded154bf1b,fieldReplicateID,,ARMS_Getxo_G_20200624_20201103,http://vocab.nerc.ac.uk/collection/P01/current/IDSPRE01,,
ARMS_Getxo_G1_20200624_20201103_SF40_s1_r1:ASV_34:0a92037982d1a6ece064c2f5e0f480ded154bf1b,technicalReplicateID,,,http://vocab.nerc.ac.uk/collection/P01/current/IDTCRE01,,
ARMS_Getxo_G1_20200624_20201103_SF40_s1_r1:ASV_34:0a92037982d1a6ece064c2f5e0f480ded154bf1b,originalScientificName,,Myrianida_convoluta,,,
ARMS_Getxo_G1_20200624_20201103_SF40_s1_r1:ASV_34:0a92037982d1a6ece064c2f5e0f480ded154bf1b,originalTaxonRank,,species,,,
ARMS_Getxo_G1_20200624_20201103_SF40_s1_r1:ASV_34:0a92037982d1a6ece064c2f5e0f480ded154bf1b,originalScientificNameConfidenceLevel,,1.0,,,
ARMS_Getxo_G1_20200624_20201103_SF40_s1_r1:ASV_36:7b45460ab85503fa3a1cbb8aae03473646d71d9f,submergedTime,day,132,http://vocab.nerc.ac.uk/collection/P01/current/AZDRZZ01/,https://vocab.nerc.ac.uk/collection/P06/current/UTAA/,
ARMS_Getxo_G1_20200624_20201103_SF40_s1_r1:ASV_36:7b45460ab85503fa3a1cbb8aae03473646d71d9f,preservativeUsed,,DMSO,http://vocab.nerc.ac.uk/collection/Q01/current/Q0100004/,,https://pubchem.ncbi.nlm.nih.gov/compound/679
ARMS_Getxo_G1_20200624_20201103_SF40_s1_r1:ASV_36:7b45460ab85503fa3a1cbb8aae03473646d71d9f,lowerLimitFilterSize,micrometer,40,http://vocab.nerc.ac.uk/collection/Q01/current/Q0100011/,https://vocab.nerc.ac.uk/collection/P06/current/UMIC/,
ARMS_Getxo_G1_20200624_20201103_SF40_s1_r1:ASV_36:7b45460ab85503fa3a1cbb8aae03473646d71d9f,sampleAccessionNumber,,SAMEA10021243,,,
ARMS_Getxo_G1_20200624_20201103_SF40_s1_r1:ASV_36:7b45460ab85503fa3a1cbb8aae03473646d71d9f,NCBIID,,554066,,,
ARMS_Getxo_G1_20200624_20201103_SF40_s1_r1:ASV_36:7b45460ab85503fa3a1cbb8aae03473646d71d9f,NCBIScientificName,,Chlorella heliozoae,,,
ARMS_Getxo_G1_20200624_20201103_SF40_s1_r1:ASV_36:7b45460ab85503fa3a1cbb8aae03473646d71d9f,NCBITaxonRank,,species,,,
ARMS_Getxo_G1_20200624_20201103_SF40_s1_r1:ASV_36:7b45460ab85503fa3a1cbb8aae03473646d71d9f,fieldReplicateID,,ARMS_Getxo_G_20200624_20201103,http://vocab.nerc.ac.uk/collection/P01/current/IDSPRE01,,
ARMS_Getxo_G1_20200624_20201103_SF40_s1_r1:ASV_36:7b45460ab85503fa3a1cbb8aae03473646d71d9f,technicalReplicateID,,,http://vocab.nerc.ac.uk/collection/P01/current/IDTCRE01,,
ARMS_Getxo_G1_20200624_20201103_SF40_s1_r1:ASV_36:7b45460ab85503fa3a1cbb8aae03473646d71d9f,originalScientificName,,Chlorella_heliozoae,,,
ARMS_Getxo_G1_20200624_20201103_SF40_s1_r1:ASV_36:7b45460ab85503fa3a1cbb8aae03473646d71d9f,originalTaxonRank,,species,,,
ARMS_Getxo_G1_20200624_20201103_SF40_s1_r1:ASV_36:7b45460ab85503fa3a1cbb8aae03473646d71d9f,originalScientificNameConfidenceLevel,,0.06,,,
ARMS_Getxo_G1_20200624_20201103_SF40_s1_r1:ASV_38:342bb050428b4fa9f1b9a40531ae67a9335e14a9,submergedTime,day,132,http://vocab.nerc.ac.uk/collection/P01/current/AZDRZZ01/,https://vocab.nerc.ac.uk/collection/P06/current/UTAA/,
ARMS_Getxo_G1_20200624_20201103_SF40_s1_r1:ASV_38:342bb050428b4fa9f1b9a40531ae67a9335e14a9,preservativeUsed,,DMSO,http://vocab.nerc.ac.uk/collection/Q01/current/Q0100004/,,https://pubchem.ncbi.nlm.nih.gov/compound/679
ARMS_Getxo_G1_20200624_20201103_SF40_s1_r1:ASV_38:342bb050428b4fa9f1b9a40531ae67a9335e14a9,lowerLimitFilterSize,micrometer,40,http://vocab.nerc.ac.uk/collection/Q01/current/Q0100011/,https://vocab.nerc.ac.uk/collection/P06/current/UMIC/,
ARMS_Getxo_G1_20200624_20201103_SF40_s1_r1:ASV_38:342bb050428b4fa9f1b9a40531ae67a9335e14a9,sampleAccessionNumber,,SAMEA10021243,,,
ARMS_Getxo_G1_20200624_20201103_SF40_s1_r1:ASV_38:342bb050428b4fa9f1b9a40531ae67a9335e14a9,NCBIID,,2716593,,,
ARMS_Getxo_G1_20200624_20201103_SF40_s1_r1:ASV_38:342bb050428b4fa9f1b9a40531ae67a9335e14a9,NCBIScientificName,,Lanassa venusta,,,
ARMS_Getxo_G1_20200624_20201103_SF40_s1_r1:ASV_38:342bb050428b4fa9f1b9a40531ae67a9335e14a9,NCBITaxonRank,,species,,,
ARMS_Getxo_G1_20200624_20201103_SF40_s1_r1:ASV_38:342bb050428b4fa9f1b9a40531ae67a9335e14a9,fieldReplicateID,,ARMS_Getxo_G_20200624_20201103,http://vocab.nerc.ac.uk/collection/P01/current/IDSPRE01,,
ARMS_Getxo_G1_20200624_20201103_SF40_s1_r1:ASV_38:342bb050428b4fa9f1b9a40531ae67a9335e14a9,technicalReplicateID,,,http://vocab.nerc.ac.uk/collection/P01/current/IDTCRE01,,
ARMS_Getxo_G1_20200624_20201103_SF40_s1_r1:ASV_38:342bb050428b4fa9f1b9a40531ae67a9335e14a9,originalScientificName,,Lanassa_venusta,,,
ARMS_Getxo_G1_20200624_20201103_SF40_s1_r1:ASV_38:342bb050428b4fa9f1b9a40531ae67a9335e14a9,originalTaxonRank,,species,,,
ARMS_Getxo_G1_20200624_20201103_SF40_s1_r1:ASV_38:342bb050428b4fa9f1b9a40531ae67a9335e14a9,originalScientificNameConfidenceLevel,,0.16,,,
ARMS_Getxo_G1_20200624_20201103_SF40_s1_r1:ASV_40:f1a5cf8761a898dc5b06e5bccf87b7af70ec690d,submergedTime,day,132,http://vocab.nerc.ac.uk/collection/P01/current/AZDRZZ01/,https://vocab.nerc.ac.uk/collection/P06/current/UTAA/,
ARMS_Getxo_G1_20200624_20201103_SF40_s1_r1:ASV_40:f1a5cf8761a898dc5b06e5bccf87b7af70ec690d,preservativeUsed,,DMSO,http://vocab.nerc.ac.uk/collection/Q01/current/Q0100004/,,https://pubchem.ncbi.nlm.nih.gov/compound/679
ARMS_Getxo_G1_20200624_20201103_SF40_s1_r1:ASV_40:f1a5cf8761a898dc5b06e5bccf87b7af70ec690d,lowerLimitFilterSize,micrometer,40,http://vocab.nerc.ac.uk/collection/Q01/current/Q0100011/,https://vocab.nerc.ac.uk/collection/P06/current/UMIC/,
ARMS_Getxo_G1_20200624_20201103_SF40_s1_r1:ASV_40:f1a5cf8761a898dc5b06e5bccf87b7af70ec690d,sampleAccessionNumber,,SAMEA10021243,,,
ARMS_Getxo_G1_20200624_20201103_SF40_s1_r1:ASV_40:f1a5cf8761a898dc5b06e5bccf87b7af70ec690d,NCBIID,,314509,,,
ARMS_Getxo_G1_20200624_20201103_SF40_s1_r1:ASV_40:f1a5cf8761a898dc5b06e5bccf87b7af70ec690d,NCBIScientificName,,Orthopyxis integra,,,
ARMS_Getxo_G1_20200624_20201103_SF40_s1_r1:ASV_40:f1a5cf8761a898dc5b06e5bccf87b7af70ec690d,NCBITaxonRank,,species,,,
ARMS_Getxo_G1_20200624_20201103_SF40_s1_r1:ASV_40:f1a5cf8761a898dc5b06e5bccf87b7af70ec690d,fieldReplicateID,,ARMS_Getxo_G_20200624_20201103,http://vocab.nerc.ac.uk/collection/P01/current/IDSPRE01,,
ARMS_Getxo_G1_20200624_20201103_SF40_s1_r1:ASV_40:f1a5cf8761a898dc5b06e5bccf87b7af70ec690d,technicalReplicateID,,,http://vocab.nerc.ac.uk/collection/P01/current/IDTCRE01,,
ARMS_Getxo_G1_20200624_20201103_SF40_s1_r1:ASV_40:f1a5cf8761a898dc5b06e5bccf87b7af70ec690d,originalScientificName,,Orthopyxis_integra,,,
ARMS_Getxo_G1_20200624_20201103_SF40_s1_r1:ASV_40:f1a5cf8761a898dc5b06e5bccf87b7af70ec690d,originalTaxonRank,,species,,,
ARMS_Getxo_G1_20200624_20201103_SF40_s1_r1:ASV_40:f1a5cf8761a898dc5b06e5bccf87b7af70ec690d,originalScientificNameConfidenceLevel,,0.2,,,
ARMS_Getxo_G1_20200624_20201103_SF40_s1_r1:ASV_41:0c6d0563051096db77996996c0a64e2e98945405,submergedTime,day,132,http://vocab.nerc.ac.uk/collection/P01/current/AZDRZZ01/,https://vocab.nerc.ac.uk/collection/P06/current/UTAA/,
ARMS_Getxo_G1_20200624_20201103_SF40_s1_r1:ASV_41:0c6d0563051096db77996996c0a64e2e98945405,preservativeUsed,,DMSO,http://vocab.nerc.ac.uk/collection/Q01/current/Q0100004/,,https://pubchem.ncbi.nlm.nih.gov/compound/679
ARMS_Getxo_G1_20200624_20201103_SF40_s1_r1:ASV_41:0c6d0563051096db77996996c0a64e2e98945405,lowerLimitFilterSize,micrometer,40,http://vocab.nerc.ac.uk/collection/Q01/current/Q0100011/,https://vocab.nerc.ac.uk/collection/P06/current/UMIC/,
ARMS_Getxo_G1_20200624_20201103_SF40_s1_r1:ASV_41:0c6d0563051096db77996996c0a64e2e98945405,sampleAccessionNumber,,SAMEA10021243,,,
ARMS_Getxo_G1_20200624_20201103_SF40_s1_r1:ASV_41:0c6d0563051096db77996996c0a64e2e98945405,NCBIID,,1167209,,,
ARMS_Getxo_G1_20200624_20201103_SF40_s1_r1:ASV_41:0c6d0563051096db77996996c0a64e2e98945405,NCBIScientificName,,Polydora websteri,,,
ARMS_Getxo_G1_20200624_20201103_SF40_s1_r1:ASV_41:0c6d0563051096db77996996c0a64e2e98945405,NCBITaxonRank,,species,,,
ARMS_Getxo_G1_20200624_20201103_SF40_s1_r1:ASV_41:0c6d0563051096db77996996c0a64e2e98945405,fieldReplicateID,,ARMS_Getxo_G_20200624_20201103,http://vocab.nerc.ac.uk/collection/P01/current/IDSPRE01,,
ARMS_Getxo_G1_20200624_20201103_SF40_s1_r1:ASV_41:0c6d0563051096db77996996c0a64e2e98945405,technicalReplicateID,,,http://vocab.nerc.ac.uk/collection/P01/current/IDTCRE01,,
ARMS_Getxo_G1_20200624_20201103_SF40_s1_r1:ASV_41:0c6d0563051096db77996996c0a64e2e98945405,originalScientificName,,Polydora_websteri,,,
ARMS_Getxo_G1_20200624_20201103_SF40_s1_r1:ASV_41:0c6d0563051096db77996996c0a64e2e98945405,originalTaxonRank,,species,,,
ARMS_Getxo_G1_20200624_20201103_SF40_s1_r1:ASV_41:0c6d0563051096db77996996c0a64e2e98945405,originalScientificNameConfidenceLevel,,1.0,,,
ARMS_Getxo_G1_20200624_20201103_SF40_s1_r1:ASV_42:18a0980a48b7085bd2de3f7ffa89f779df9a6ef1,submergedTime,day,132,http://vocab.nerc.ac.uk/collection/P01/current/AZDRZZ01/,https://vocab.nerc.ac.uk/collection/P06/current/UTAA/,
ARMS_Getxo_G1_20200624_20201103_SF40_s1_r1:ASV_42:18a0980a48b7085bd2de3f7ffa89f779df9a6ef1,preservativeUsed,,DMSO,http://vocab.nerc.ac.uk/collection/Q01/current/Q0100004/,,https://pubchem.ncbi.nlm.nih.gov/compound/679
ARMS_Getxo_G1_20200624_20201103_SF40_s1_r1:ASV_42:18a0980a48b7085bd2de3f7ffa89f779df9a6ef1,lowerLimitFilterSize,micrometer,40,http://vocab.nerc.ac.uk/collection/Q01/current/Q0100011/,https://vocab.nerc.ac.uk/collection/P06/current/UMIC/,
ARMS_Getxo_G1_20200624_20201103_SF40_s1_r1:ASV_42:18a0980a48b7085bd2de3f7ffa89f779df9a6ef1,sampleAccessionNumber,,SAMEA10021243,,,
ARMS_Getxo_G1_20200624_20201103_SF40_s1_r1:ASV_42:18a0980a48b7085bd2de3f7ffa89f779df9a6ef1,NCBIID,,249505,,,
ARMS_Getxo_G1_20200624_20201103_SF40_s1_r1:ASV_42:18a0980a48b7085bd2de3f7ffa89f779df9a6ef1,NCBIScientificName,,Paracontias hildebrandti,,,
ARMS_Getxo_G1_20200624_20201103_SF40_s1_r1:ASV_42:18a0980a48b7085bd2de3f7ffa89f779df9a6ef1,NCBITaxonRank,,species,,,
ARMS_Getxo_G1_20200624_20201103_SF40_s1_r1:ASV_42:18a0980a48b7085bd2de3f7ffa89f779df9a6ef1,fieldReplicateID,,ARMS_Getxo_G_20200624_20201103,http://vocab.nerc.ac.uk/collection/P01/current/IDSPRE01,,
ARMS_Getxo_G1_20200624_20201103_SF40_s1_r1:ASV_42:18a0980a48b7085bd2de3f7ffa89f779df9a6ef1,technicalReplicateID,,,http://vocab.nerc.ac.uk/collection/P01/current/IDTCRE01,,
ARMS_Getxo_G1_20200624_20201103_SF40_s1_r1:ASV_42:18a0980a48b7085bd2de3f7ffa89f779df9a6ef1,originalScientificName,,Paracontias_hildebrandti,,,
ARMS_Getxo_G1_20200624_20201103_SF40_s1_r1:ASV_42:18a0980a48b7085bd2de3f7ffa89f779df9a6ef1,originalTaxonRank,,species,,,
ARMS_Getxo_G1_20200624_20201103_SF40_s1_r1:ASV_42:18a0980a48b7085bd2de3f7ffa89f779df9a6ef1,originalScientificNameConfidenceLevel,,0.01,,,
ARMS_Getxo_G1_20200624_20201103_SF40_s1_r1:ASV_43:2a7dfb035093f6f867e181fc77c458db0101035a,submergedTime,day,132,http://vocab.nerc.ac.uk/collection/P01/current/AZDRZZ01/,https://vocab.nerc.ac.uk/collection/P06/current/UTAA/,
ARMS_Getxo_G1_20200624_20201103_SF40_s1_r1:ASV_43:2a7dfb035093f6f867e181fc77c458db0101035a,preservativeUsed,,DMSO,http://vocab.nerc.ac.uk/collection/Q01/current/Q0100004/,,https://pubchem.ncbi.nlm.nih.gov/compound/679
ARMS_Getxo_G1_20200624_20201103_SF40_s1_r1:ASV_43:2a7dfb035093f6f867e181fc77c458db0101035a,lowerLimitFilterSize,micrometer,40,http://vocab.nerc.ac.uk/collection/Q01/current/Q0100011/,https://vocab.nerc.ac.uk/collection/P06/current/UMIC/,
ARMS_Getxo_G1_20200624_20201103_SF40_s1_r1:ASV_43:2a7dfb035093f6f867e181fc77c458db0101035a,sampleAccessionNumber,,SAMEA10021243,,,
ARMS_Getxo_G1_20200624_20201103_SF40_s1_r1:ASV_43:2a7dfb035093f6f867e181fc77c458db0101035a,NCBIID,,1732093,,,
ARMS_Getxo_G1_20200624_20201103_SF40_s1_r1:ASV_43:2a7dfb035093f6f867e181fc77c458db0101035a,NCBIScientificName,,Austrominius modestus,,,
ARMS_Getxo_G1_20200624_20201103_SF40_s1_r1:ASV_43:2a7dfb035093f6f867e181fc77c458db0101035a,NCBITaxonRank,,species,,,
ARMS_Getxo_G1_20200624_20201103_SF40_s1_r1:ASV_43:2a7dfb035093f6f867e181fc77c458db0101035a,fieldReplicateID,,ARMS_Getxo_G_20200624_20201103,http://vocab.nerc.ac.uk/collection/P01/current/IDSPRE01,,
ARMS_Getxo_G1_20200624_20201103_SF40_s1_r1:ASV_43:2a7dfb035093f6f867e181fc77c458db0101035a,technicalReplicateID,,,http://vocab.nerc.ac.uk/collection/P01/current/IDTCRE01,,
ARMS_Getxo_G1_20200624_20201103_SF40_s1_r1:ASV_43:2a7dfb035093f6f867e181fc77c458db0101035a,originalScientificName,,Austrominius_modestus,,,
ARMS_Getxo_G1_20200624_20201103_SF40_s1_r1:ASV_43:2a7dfb035093f6f867e181fc77c458db0101035a,originalTaxonRank,,species,,,
ARMS_Getxo_G1_20200624_20201103_SF40_s1_r1:ASV_43:2a7dfb035093f6f867e181fc77c458db0101035a,originalScientificNameConfidenceLevel,,1.0,,,
ARMS_Getxo_G1_20200624_20201103_SF40_s1_r1:ASV_45:106518aacceecdceb5b3a07369d496f3176d0c88,submergedTime,day,132,http://vocab.nerc.ac.uk/collection/P01/current/AZDRZZ01/,https://vocab.nerc.ac.uk/collection/P06/current/UTAA/,
ARMS_Getxo_G1_20200624_20201103_SF40_s1_r1:ASV_45:106518aacceecdceb5b3a07369d496f3176d0c88,preservativeUsed,,DMSO,http://vocab.nerc.ac.uk/collection/Q01/current/Q0100004/,,https://pubchem.ncbi.nlm.nih.gov/compound/679
ARMS_Getxo_G1_20200624_20201103_SF40_s1_r1:ASV_45:106518aacceecdceb5b3a07369d496f3176d0c88,lowerLimitFilterSize,micrometer,40,http://vocab.nerc.ac.uk/collection/Q01/current/Q0100011/,https://vocab.nerc.ac.uk/collection/P06/current/UMIC/,
ARMS_Getxo_G1_20200624_20201103_SF40_s1_r1:ASV_45:106518aacceecdceb5b3a07369d496f3176d0c88,sampleAccessionNumber,,SAMEA10021243,,,
ARMS_Getxo_G1_20200624_20201103_SF40_s1_r1:ASV_45:106518aacceecdceb5b3a07369d496f3176d0c88,NCBIID,,4979,,,
ARMS_Getxo_G1_20200624_20201103_SF40_s1_r1:ASV_45:106518aacceecdceb5b3a07369d496f3176d0c88,NCBIScientificName,,Hannaella oryzae,,,
ARMS_Getxo_G1_20200624_20201103_SF40_s1_r1:ASV_45:106518aacceecdceb5b3a07369d496f3176d0c88,NCBITaxonRank,,species,,,
ARMS_Getxo_G1_20200624_20201103_SF40_s1_r1:ASV_45:106518aacceecdceb5b3a07369d496f3176d0c88,fieldReplicateID,,ARMS_Getxo_G_20200624_20201103,http://vocab.nerc.ac.uk/collection/P01/current/IDSPRE01,,
ARMS_Getxo_G1_20200624_20201103_SF40_s1_r1:ASV_45:106518aacceecdceb5b3a07369d496f3176d0c88,technicalReplicateID,,,http://vocab.nerc.ac.uk/collection/P01/current/IDTCRE01,,
ARMS_Getxo_G1_20200624_20201103_SF40_s1_r1:ASV_45:106518aacceecdceb5b3a07369d496f3176d0c88,originalScientificName,,Hannaella_oryzae,,,
ARMS_Getxo_G1_20200624_20201103_SF40_s1_r1:ASV_45:106518aacceecdceb5b3a07369d496f3176d0c88,originalTaxonRank,,species,,,
ARMS_Getxo_G1_20200624_20201103_SF40_s1_r1:ASV_45:106518aacceecdceb5b3a07369d496f3176d0c88,originalScientificNameConfidenceLevel,,0.01,,,
ARMS_Getxo_G1_20200624_20201103_SF40_s1_r1:ASV_49:239f9e76eb61bb87c7d8e2288f11b5715a13346e,submergedTime,day,132,http://vocab.nerc.ac.uk/collection/P01/current/AZDRZZ01/,https://vocab.nerc.ac.uk/collection/P06/current/UTAA/,
ARMS_Getxo_G1_20200624_20201103_SF40_s1_r1:ASV_49:239f9e76eb61bb87c7d8e2288f11b5715a13346e,preservativeUsed,,DMSO,http://vocab.nerc.ac.uk/collection/Q01/current/Q0100004/,,https://pubchem.ncbi.nlm.nih.gov/compound/679
ARMS_Getxo_G1_20200624_20201103_SF40_s1_r1:ASV_49:239f9e76eb61bb87c7d8e2288f11b5715a13346e,lowerLimitFilterSize,micrometer,40,http://vocab.nerc.ac.uk/collection/Q01/current/Q0100011/,https://vocab.nerc.ac.uk/collection/P06/current/UMIC/,
ARMS_Getxo_G1_20200624_20201103_SF40_s1_r1:ASV_49:239f9e76eb61bb87c7d8e2288f11b5715a13346e,sampleAccessionNumber,,SAMEA10021243,,,
ARMS_Getxo_G1_20200624_20201103_SF40_s1_r1:ASV_49:239f9e76eb61bb87c7d8e2288f11b5715a13346e,NCBIID,,6359,,,
ARMS_Getxo_G1_20200624_20201103_SF40_s1_r1:ASV_49:239f9e76eb61bb87c7d8e2288f11b5715a13346e,NCBIScientificName,,Platynereis dumerilii,,,
ARMS_Getxo_G1_20200624_20201103_SF40_s1_r1:ASV_49:239f9e76eb61bb87c7d8e2288f11b5715a13346e,NCBITaxonRank,,species,,,
ARMS_Getxo_G1_20200624_20201103_SF40_s1_r1:ASV_49:239f9e76eb61bb87c7d8e2288f11b5715a13346e,fieldReplicateID,,ARMS_Getxo_G_20200624_20201103,http://vocab.nerc.ac.uk/collection/P01/current/IDSPRE01,,
ARMS_Getxo_G1_20200624_20201103_SF40_s1_r1:ASV_49:239f9e76eb61bb87c7d8e2288f11b5715a13346e,technicalReplicateID,,,http://vocab.nerc.ac.uk/collection/P01/current/IDTCRE01,,
ARMS_Getxo_G1_20200624_20201103_SF40_s1_r1:ASV_49:239f9e76eb61bb87c7d8e2288f11b5715a13346e,originalScientificName,,Platynereis_dumerilii,,,
ARMS_Getxo_G1_20200624_20201103_SF40_s1_r1:ASV_49:239f9e76eb61bb87c7d8e2288f11b5715a13346e,originalTaxonRank,,species,,,
ARMS_Getxo_G1_20200624_20201103_SF40_s1_r1:ASV_49:239f9e76eb61bb87c7d8e2288f11b5715a13346e,originalScientificNameConfidenceLevel,,1.0,,,
ARMS_Getxo_G1_20200624_20201103_SF40_s1_r1:ASV_50:32483fb4c1cfb650e74ebd74b9272c4b3d160a69,submergedTime,day,132,http://vocab.nerc.ac.uk/collection/P01/current/AZDRZZ01/,https://vocab.nerc.ac.uk/collection/P06/current/UTAA/,
ARMS_Getxo_G1_20200624_20201103_SF40_s1_r1:ASV_50:32483fb4c1cfb650e74ebd74b9272c4b3d160a69,preservativeUsed,,DMSO,http://vocab.nerc.ac.uk/collection/Q01/current/Q0100004/,,https://pubchem.ncbi.nlm.nih.gov/compound/679
ARMS_Getxo_G1_20200624_20201103_SF40_s1_r1:ASV_50:32483fb4c1cfb650e74ebd74b9272c4b3d160a69,lowerLimitFilterSize,micrometer,40,http://vocab.nerc.ac.uk/collection/Q01/current/Q0100011/,https://vocab.nerc.ac.uk/collection/P06/current/UMIC/,
ARMS_Getxo_G1_20200624_20201103_SF40_s1_r1:ASV_50:32483fb4c1cfb650e74ebd74b9272c4b3d160a69,sampleAccessionNumber,,SAMEA10021243,,,
ARMS_Getxo_G1_20200624_20201103_SF40_s1_r1:ASV_50:32483fb4c1cfb650e74ebd74b9272c4b3d160a69,NCBIID,,53488,,,
ARMS_Getxo_G1_20200624_20201103_SF40_s1_r1:ASV_50:32483fb4c1cfb650e74ebd74b9272c4b3d160a69,NCBIScientificName,,Torulaspora franciscae,,,
ARMS_Getxo_G1_20200624_20201103_SF40_s1_r1:ASV_50:32483fb4c1cfb650e74ebd74b9272c4b3d160a69,NCBITaxonRank,,species,,,
ARMS_Getxo_G1_20200624_20201103_SF40_s1_r1:ASV_50:32483fb4c1cfb650e74ebd74b9272c4b3d160a69,fieldReplicateID,,ARMS_Getxo_G_20200624_20201103,http://vocab.nerc.ac.uk/collection/P01/current/IDSPRE01,,
ARMS_Getxo_G1_20200624_20201103_SF40_s1_r1:ASV_50:32483fb4c1cfb650e74ebd74b9272c4b3d160a69,technicalReplicateID,,,http://vocab.nerc.ac.uk/collection/P01/current/IDTCRE01,,
ARMS_Getxo_G1_20200624_20201103_SF40_s1_r1:ASV_50:32483fb4c1cfb650e74ebd74b9272c4b3d160a69,originalScientificName,,Torulaspora_franciscae,,,
ARMS_Getxo_G1_20200624_20201103_SF40_s1_r1:ASV_50:32483fb4c1cfb650e74ebd74b9272c4b3d160a69,originalTaxonRank,,species,,,
ARMS_Getxo_G1_20200624_20201103_SF40_s1_r1:ASV_50:32483fb4c1cfb650e74ebd74b9272c4b3d160a69,originalScientificNameConfidenceLevel,,0.02,,,
ARMS_Getxo_G1_20200624_20201103_SF40_s1_r1:ASV_55:d784daa35029be9479579596a6cd6821afdc8245,submergedTime,day,132,http://vocab.nerc.ac.uk/collection/P01/current/AZDRZZ01/,https://vocab.nerc.ac.uk/collection/P06/current/UTAA/,
ARMS_Getxo_G1_20200624_20201103_SF40_s1_r1:ASV_55:d784daa35029be9479579596a6cd6821afdc8245,preservativeUsed,,DMSO,http://vocab.nerc.ac.uk/collection/Q01/current/Q0100004/,,https://pubchem.ncbi.nlm.nih.gov/compound/679
ARMS_Getxo_G1_20200624_20201103_SF40_s1_r1:ASV_55:d784daa35029be9479579596a6cd6821afdc8245,lowerLimitFilterSize,micrometer,40,http://vocab.nerc.ac.uk/collection/Q01/current/Q0100011/,https://vocab.nerc.ac.uk/collection/P06/current/UMIC/,
ARMS_Getxo_G1_20200624_20201103_SF40_s1_r1:ASV_55:d784daa35029be9479579596a6cd6821afdc8245,sampleAccessionNumber,,SAMEA10021243,,,
ARMS_Getxo_G1_20200624_20201103_SF40_s1_r1:ASV_55:d784daa35029be9479579596a6cd6821afdc8245,NCBIID,,637417,,,
ARMS_Getxo_G1_20200624_20201103_SF40_s1_r1:ASV_55:d784daa35029be9479579596a6cd6821afdc8245,NCBIScientificName,,Amphibalanus eburneus,,,
ARMS_Getxo_G1_20200624_20201103_SF40_s1_r1:ASV_55:d784daa35029be9479579596a6cd6821afdc8245,NCBITaxonRank,,species,,,
ARMS_Getxo_G1_20200624_20201103_SF40_s1_r1:ASV_55:d784daa35029be9479579596a6cd6821afdc8245,fieldReplicateID,,ARMS_Getxo_G_20200624_20201103,http://vocab.nerc.ac.uk/collection/P01/current/IDSPRE01,,
ARMS_Getxo_G1_20200624_20201103_SF40_s1_r1:ASV_55:d784daa35029be9479579596a6cd6821afdc8245,technicalReplicateID,,,http://vocab.nerc.ac.uk/collection/P01/current/IDTCRE01,,
ARMS_Getxo_G1_20200624_20201103_SF40_s1_r1:ASV_55:d784daa35029be9479579596a6cd6821afdc8245,originalScientificName,,Amphibalanus_eburneus,,,
ARMS_Getxo_G1_20200624_20201103_SF40_s1_r1:ASV_55:d784daa35029be9479579596a6cd6821afdc8245,originalTaxonRank,,species,,,
ARMS_Getxo_G1_20200624_20201103_SF40_s1_r1:ASV_55:d784daa35029be9479579596a6cd6821afdc8245,originalScientificNameConfidenceLevel,,1.0,,,
ARMS_Getxo_G1_20200624_20201103_SF40_s1_r1:ASV_56:10f12e7e78d9e2032c6f0a32ed8b22dc55a985fc,submergedTime,day,132,http://vocab.nerc.ac.uk/collection/P01/current/AZDRZZ01/,https://vocab.nerc.ac.uk/collection/P06/current/UTAA/,
ARMS_Getxo_G1_20200624_20201103_SF40_s1_r1:ASV_56:10f12e7e78d9e2032c6f0a32ed8b22dc55a985fc,preservativeUsed,,DMSO,http://vocab.nerc.ac.uk/collection/Q01/current/Q0100004/,,https://pubchem.ncbi.nlm.nih.gov/compound/679
ARMS_Getxo_G1_20200624_20201103_SF40_s1_r1:ASV_56:10f12e7e78d9e2032c6f0a32ed8b22dc55a985fc,lowerLimitFilterSize,micrometer,40,http://vocab.nerc.ac.uk/collection/Q01/current/Q0100011/,https://vocab.nerc.ac.uk/collection/P06/current/UMIC/,
ARMS_Getxo_G1_20200624_20201103_SF40_s1_r1:ASV_56:10f12e7e78d9e2032c6f0a32ed8b22dc55a985fc,sampleAccessionNumber,,SAMEA10021243,,,
ARMS_Getxo_G1_20200624_20201103_SF40_s1_r1:ASV_56:10f12e7e78d9e2032c6f0a32ed8b22dc55a985fc,NCBIID,,283546,,,
ARMS_Getxo_G1_20200624_20201103_SF40_s1_r1:ASV_56:10f12e7e78d9e2032c6f0a32ed8b22dc55a985fc,NCBIScientificName,,Protosuberites denhartogi,,,
ARMS_Getxo_G1_20200624_20201103_SF40_s1_r1:ASV_56:10f12e7e78d9e2032c6f0a32ed8b22dc55a985fc,NCBITaxonRank,,species,,,
ARMS_Getxo_G1_20200624_20201103_SF40_s1_r1:ASV_56:10f12e7e78d9e2032c6f0a32ed8b22dc55a985fc,fieldReplicateID,,ARMS_Getxo_G_20200624_20201103,http://vocab.nerc.ac.uk/collection/P01/current/IDSPRE01,,
ARMS_Getxo_G1_20200624_20201103_SF40_s1_r1:ASV_56:10f12e7e78d9e2032c6f0a32ed8b22dc55a985fc,technicalReplicateID,,,http://vocab.nerc.ac.uk/collection/P01/current/IDTCRE01,,
ARMS_Getxo_G1_20200624_20201103_SF40_s1_r1:ASV_56:10f12e7e78d9e2032c6f0a32ed8b22dc55a985fc,originalScientificName,,Protosuberites_denhartogi,,,
ARMS_Getxo_G1_20200624_20201103_SF40_s1_r1:ASV_56:10f12e7e78d9e2032c6f0a32ed8b22dc55a985fc,originalTaxonRank,,species,,,
ARMS_Getxo_G1_20200624_20201103_SF40_s1_r1:ASV_56:10f12e7e78d9e2032c6f0a32ed8b22dc55a985fc,originalScientificNameConfidenceLevel,,1.0,,,
ARMS_Getxo_G1_20200624_20201103_SF40_s1_r1:ASV_57:3695b219aa8eff0bc61b1eb1409e9cdf6a9a7bc3,submergedTime,day,132,http://vocab.nerc.ac.uk/collection/P01/current/AZDRZZ01/,https://vocab.nerc.ac.uk/collection/P06/current/UTAA/,
ARMS_Getxo_G1_20200624_20201103_SF40_s1_r1:ASV_57:3695b219aa8eff0bc61b1eb1409e9cdf6a9a7bc3,preservativeUsed,,DMSO,http://vocab.nerc.ac.uk/collection/Q01/current/Q0100004/,,https://pubchem.ncbi.nlm.nih.gov/compound/679
ARMS_Getxo_G1_20200624_20201103_SF40_s1_r1:ASV_57:3695b219aa8eff0bc61b1eb1409e9cdf6a9a7bc3,lowerLimitFilterSize,micrometer,40,http://vocab.nerc.ac.uk/collection/Q01/current/Q0100011/,https://vocab.nerc.ac.uk/collection/P06/current/UMIC/,
ARMS_Getxo_G1_20200624_20201103_SF40_s1_r1:ASV_57:3695b219aa8eff0bc61b1eb1409e9cdf6a9a7bc3,sampleAccessionNumber,,SAMEA10021243,,,
ARMS_Getxo_G1_20200624_20201103_SF40_s1_r1:ASV_57:3695b219aa8eff0bc61b1eb1409e9cdf6a9a7bc3,NCBIID,,1795221,,,
ARMS_Getxo_G1_20200624_20201103_SF40_s1_r1:ASV_57:3695b219aa8eff0bc61b1eb1409e9cdf6a9a7bc3,NCBIScientificName,,Herrmannella hoonsooi,,,
ARMS_Getxo_G1_20200624_20201103_SF40_s1_r1:ASV_57:3695b219aa8eff0bc61b1eb1409e9cdf6a9a7bc3,NCBITaxonRank,,species,,,
ARMS_Getxo_G1_20200624_20201103_SF40_s1_r1:ASV_57:3695b219aa8eff0bc61b1eb1409e9cdf6a9a7bc3,fieldReplicateID,,ARMS_Getxo_G_20200624_20201103,http://vocab.nerc.ac.uk/collection/P01/current/IDSPRE01,,
ARMS_Getxo_G1_20200624_20201103_SF40_s1_r1:ASV_57:3695b219aa8eff0bc61b1eb1409e9cdf6a9a7bc3,technicalReplicateID,,,http://vocab.nerc.ac.uk/collection/P01/current/IDTCRE01,,
ARMS_Getxo_G1_20200624_20201103_SF40_s1_r1:ASV_57:3695b219aa8eff0bc61b1eb1409e9cdf6a9a7bc3,originalScientificName,,Herrmannella_hoonsooi,,,
ARMS_Getxo_G1_20200624_20201103_SF40_s1_r1:ASV_57:3695b219aa8eff0bc61b1eb1409e9cdf6a9a7bc3,originalTaxonRank,,species,,,
ARMS_Getxo_G1_20200624_20201103_SF40_s1_r1:ASV_57:3695b219aa8eff0bc61b1eb1409e9cdf6a9a7bc3,originalScientificNameConfidenceLevel,,0.08,,,
ARMS_Getxo_G1_20200624_20201103_SF40_s1_r1:ASV_58:5ba847a8f599e84c00d961b9f5877e9ed7deba5d,submergedTime,day,132,http://vocab.nerc.ac.uk/collection/P01/current/AZDRZZ01/,https://vocab.nerc.ac.uk/collection/P06/current/UTAA/,
ARMS_Getxo_G1_20200624_20201103_SF40_s1_r1:ASV_58:5ba847a8f599e84c00d961b9f5877e9ed7deba5d,preservativeUsed,,DMSO,http://vocab.nerc.ac.uk/collection/Q01/current/Q0100004/,,https://pubchem.ncbi.nlm.nih.gov/compound/679
ARMS_Getxo_G1_20200624_20201103_SF40_s1_r1:ASV_58:5ba847a8f599e84c00d961b9f5877e9ed7deba5d,lowerLimitFilterSize,micrometer,40,http://vocab.nerc.ac.uk/collection/Q01/current/Q0100011/,https://vocab.nerc.ac.uk/collection/P06/current/UMIC/,
ARMS_Getxo_G1_20200624_20201103_SF40_s1_r1:ASV_58:5ba847a8f599e84c00d961b9f5877e9ed7deba5d,sampleAccessionNumber,,SAMEA10021243,,,
ARMS_Getxo_G1_20200624_20201103_SF40_s1_r1:ASV_58:5ba847a8f599e84c00d961b9f5877e9ed7deba5d,NCBIID,,392300,,,
ARMS_Getxo_G1_20200624_20201103_SF40_s1_r1:ASV_58:5ba847a8f599e84c00d961b9f5877e9ed7deba5d,NCBIScientificName,,Histiona aroides,,,
ARMS_Getxo_G1_20200624_20201103_SF40_s1_r1:ASV_58:5ba847a8f599e84c00d961b9f5877e9ed7deba5d,NCBITaxonRank,,species,,,
ARMS_Getxo_G1_20200624_20201103_SF40_s1_r1:ASV_58:5ba847a8f599e84c00d961b9f5877e9ed7deba5d,fieldReplicateID,,ARMS_Getxo_G_20200624_20201103,http://vocab.nerc.ac.uk/collection/P01/current/IDSPRE01,,
ARMS_Getxo_G1_20200624_20201103_SF40_s1_r1:ASV_58:5ba847a8f599e84c00d961b9f5877e9ed7deba5d,technicalReplicateID,,,http://vocab.nerc.ac.uk/collection/P01/current/IDTCRE01,,
ARMS_Getxo_G1_20200624_20201103_SF40_s1_r1:ASV_58:5ba847a8f599e84c00d961b9f5877e9ed7deba5d,originalScientificName,,Histiona_aroides,,,
ARMS_Getxo_G1_20200624_20201103_SF40_s1_r1:ASV_58:5ba847a8f599e84c00d961b9f5877e9ed7deba5d,originalTaxonRank,,species,,,
ARMS_Getxo_G1_20200624_20201103_SF40_s1_r1:ASV_58:5ba847a8f599e84c00d961b9f5877e9ed7deba5d,originalScientificNameConfidenceLevel,,0.05,,,
ARMS_Getxo_G1_20200624_20201103_SF40_s1_r1:ASV_59:70e24320d41fbcf7da684cebc8bdf7eb8caf0335,submergedTime,day,132,http://vocab.nerc.ac.uk/collection/P01/current/AZDRZZ01/,https://vocab.nerc.ac.uk/collection/P06/current/UTAA/,
ARMS_Getxo_G1_20200624_20201103_SF40_s1_r1:ASV_59:70e24320d41fbcf7da684cebc8bdf7eb8caf0335,preservativeUsed,,DMSO,http://vocab.nerc.ac.uk/collection/Q01/current/Q0100004/,,https://pubchem.ncbi.nlm.nih.gov/compound/679
ARMS_Getxo_G1_20200624_20201103_SF40_s1_r1:ASV_59:70e24320d41fbcf7da684cebc8bdf7eb8caf0335,lowerLimitFilterSize,micrometer,40,http://vocab.nerc.ac.uk/collection/Q01/current/Q0100011/,https://vocab.nerc.ac.uk/collection/P06/current/UMIC/,
ARMS_Getxo_G1_20200624_20201103_SF40_s1_r1:ASV_59:70e24320d41fbcf7da684cebc8bdf7eb8caf0335,sampleAccessionNumber,,SAMEA10021243,,,
ARMS_Getxo_G1_20200624_20201103_SF40_s1_r1:ASV_59:70e24320d41fbcf7da684cebc8bdf7eb8caf0335,NCBIID,,1869249,,,
ARMS_Getxo_G1_20200624_20201103_SF40_s1_r1:ASV_59:70e24320d41fbcf7da684cebc8bdf7eb8caf0335,NCBIScientificName,,Stephanodiscus meyeri,,,
ARMS_Getxo_G1_20200624_20201103_SF40_s1_r1:ASV_59:70e24320d41fbcf7da684cebc8bdf7eb8caf0335,NCBITaxonRank,,species,,,
ARMS_Getxo_G1_20200624_20201103_SF40_s1_r1:ASV_59:70e24320d41fbcf7da684cebc8bdf7eb8caf0335,fieldReplicateID,,ARMS_Getxo_G_20200624_20201103,http://vocab.nerc.ac.uk/collection/P01/current/IDSPRE01,,
ARMS_Getxo_G1_20200624_20201103_SF40_s1_r1:ASV_59:70e24320d41fbcf7da684cebc8bdf7eb8caf0335,technicalReplicateID,,,http://vocab.nerc.ac.uk/collection/P01/current/IDTCRE01,,
ARMS_Getxo_G1_20200624_20201103_SF40_s1_r1:ASV_59:70e24320d41fbcf7da684cebc8bdf7eb8caf0335,originalScientificName,,Stephanodiscus_meyeri,,,
ARMS_Getxo_G1_20200624_20201103_SF40_s1_r1:ASV_59:70e24320d41fbcf7da684cebc8bdf7eb8caf0335,originalTaxonRank,,species,,,
ARMS_Getxo_G1_20200624_20201103_SF40_s1_r1:ASV_59:70e24320d41fbcf7da684cebc8bdf7eb8caf0335,originalScientificNameConfidenceLevel,,0.03,,,
ARMS_Getxo_G1_20200624_20201103_SF40_s1_r1:ASV_61:4c45102f8028265f43bedc188e75c8cead231f99,submergedTime,day,132,http://vocab.nerc.ac.uk/collection/P01/current/AZDRZZ01/,https://vocab.nerc.ac.uk/collection/P06/current/UTAA/,
ARMS_Getxo_G1_20200624_20201103_SF40_s1_r1:ASV_61:4c45102f8028265f43bedc188e75c8cead231f99,preservativeUsed,,DMSO,http://vocab.nerc.ac.uk/collection/Q01/current/Q0100004/,,https://pubchem.ncbi.nlm.nih.gov/compound/679
ARMS_Getxo_G1_20200624_20201103_SF40_s1_r1:ASV_61:4c45102f8028265f43bedc188e75c8cead231f99,lowerLimitFilterSize,micrometer,40,http://vocab.nerc.ac.uk/collection/Q01/current/Q0100011/,https://vocab.nerc.ac.uk/collection/P06/current/UMIC/,
ARMS_Getxo_G1_20200624_20201103_SF40_s1_r1:ASV_61:4c45102f8028265f43bedc188e75c8cead231f99,sampleAccessionNumber,,SAMEA10021243,,,
ARMS_Getxo_G1_20200624_20201103_SF40_s1_r1:ASV_61:4c45102f8028265f43bedc188e75c8cead231f99,NCBIID,,392300,,,
ARMS_Getxo_G1_20200624_20201103_SF40_s1_r1:ASV_61:4c45102f8028265f43bedc188e75c8cead231f99,NCBIScientificName,,Histiona aroides,,,
ARMS_Getxo_G1_20200624_20201103_SF40_s1_r1:ASV_61:4c45102f8028265f43bedc188e75c8cead231f99,NCBITaxonRank,,species,,,
ARMS_Getxo_G1_20200624_20201103_SF40_s1_r1:ASV_61:4c45102f8028265f43bedc188e75c8cead231f99,fieldReplicateID,,ARMS_Getxo_G_20200624_20201103,http://vocab.nerc.ac.uk/collection/P01/current/IDSPRE01,,
ARMS_Getxo_G1_20200624_20201103_SF40_s1_r1:ASV_61:4c45102f8028265f43bedc188e75c8cead231f99,technicalReplicateID,,,http://vocab.nerc.ac.uk/collection/P01/current/IDTCRE01,,
ARMS_Getxo_G1_20200624_20201103_SF40_s1_r1:ASV_61:4c45102f8028265f43bedc188e75c8cead231f99,originalScientificName,,Histiona_aroides,,,
ARMS_Getxo_G1_20200624_20201103_SF40_s1_r1:ASV_61:4c45102f8028265f43bedc188e75c8cead231f99,originalTaxonRank,,species,,,
ARMS_Getxo_G1_20200624_20201103_SF40_s1_r1:ASV_61:4c45102f8028265f43bedc188e75c8cead231f99,originalScientificNameConfidenceLevel,,0.13,,,
ARMS_Getxo_G1_20200624_20201103_SF40_s1_r1:ASV_62:6076a3815e5a8a967f853e95c6b6380d310340cd,submergedTime,day,132,http://vocab.nerc.ac.uk/collection/P01/current/AZDRZZ01/,https://vocab.nerc.ac.uk/collection/P06/current/UTAA/,
ARMS_Getxo_G1_20200624_20201103_SF40_s1_r1:ASV_62:6076a3815e5a8a967f853e95c6b6380d310340cd,preservativeUsed,,DMSO,http://vocab.nerc.ac.uk/collection/Q01/current/Q0100004/,,https://pubchem.ncbi.nlm.nih.gov/compound/679
ARMS_Getxo_G1_20200624_20201103_SF40_s1_r1:ASV_62:6076a3815e5a8a967f853e95c6b6380d310340cd,lowerLimitFilterSize,micrometer,40,http://vocab.nerc.ac.uk/collection/Q01/current/Q0100011/,https://vocab.nerc.ac.uk/collection/P06/current/UMIC/,
ARMS_Getxo_G1_20200624_20201103_SF40_s1_r1:ASV_62:6076a3815e5a8a967f853e95c6b6380d310340cd,sampleAccessionNumber,,SAMEA10021243,,,
ARMS_Getxo_G1_20200624_20201103_SF40_s1_r1:ASV_62:6076a3815e5a8a967f853e95c6b6380d310340cd,NCBIID,,558755,,,
ARMS_Getxo_G1_20200624_20201103_SF40_s1_r1:ASV_62:6076a3815e5a8a967f853e95c6b6380d310340cd,NCBIScientificName,,Cryptosula pallasiana,,,
ARMS_Getxo_G1_20200624_20201103_SF40_s1_r1:ASV_62:6076a3815e5a8a967f853e95c6b6380d310340cd,NCBITaxonRank,,species,,,
ARMS_Getxo_G1_20200624_20201103_SF40_s1_r1:ASV_62:6076a3815e5a8a967f853e95c6b6380d310340cd,fieldReplicateID,,ARMS_Getxo_G_20200624_20201103,http://vocab.nerc.ac.uk/collection/P01/current/IDSPRE01,,
ARMS_Getxo_G1_20200624_20201103_SF40_s1_r1:ASV_62:6076a3815e5a8a967f853e95c6b6380d310340cd,technicalReplicateID,,,http://vocab.nerc.ac.uk/collection/P01/current/IDTCRE01,,
ARMS_Getxo_G1_20200624_20201103_SF40_s1_r1:ASV_62:6076a3815e5a8a967f853e95c6b6380d310340cd,originalScientificName,,Cryptosula_pallasiana,,,
ARMS_Getxo_G1_20200624_20201103_SF40_s1_r1:ASV_62:6076a3815e5a8a967f853e95c6b6380d310340cd,originalTaxonRank,,species,,,
ARMS_Getxo_G1_20200624_20201103_SF40_s1_r1:ASV_62:6076a3815e5a8a967f853e95c6b6380d310340cd,originalScientificNameConfidenceLevel,,1.0,,,
ARMS_Getxo_G1_20200624_20201103_SF40_s1_r1:ASV_64:739f96b932c0a4641a3dc303d24d06ba5b332f7b,submergedTime,day,132,http://vocab.nerc.ac.uk/collection/P01/current/AZDRZZ01/,https://vocab.nerc.ac.uk/collection/P06/current/UTAA/,
ARMS_Getxo_G1_20200624_20201103_SF40_s1_r1:ASV_64:739f96b932c0a4641a3dc303d24d06ba5b332f7b,preservativeUsed,,DMSO,http://vocab.nerc.ac.uk/collection/Q01/current/Q0100004/,,https://pubchem.ncbi.nlm.nih.gov/compound/679
ARMS_Getxo_G1_20200624_20201103_SF40_s1_r1:ASV_64:739f96b932c0a4641a3dc303d24d06ba5b332f7b,lowerLimitFilterSize,micrometer,40,http://vocab.nerc.ac.uk/collection/Q01/current/Q0100011/,https://vocab.nerc.ac.uk/collection/P06/current/UMIC/,
ARMS_Getxo_G1_20200624_20201103_SF40_s1_r1:ASV_64:739f96b932c0a4641a3dc303d24d06ba5b332f7b,sampleAccessionNumber,,SAMEA10021243,,,
ARMS_Getxo_G1_20200624_20201103_SF40_s1_r1:ASV_64:739f96b932c0a4641a3dc303d24d06ba5b332f7b,NCBIID,,2740444,,,
ARMS_Getxo_G1_20200624_20201103_SF40_s1_r1:ASV_64:739f96b932c0a4641a3dc303d24d06ba5b332f7b,NCBIScientificName,,Tuberfemurus torulisinotus,,,
ARMS_Getxo_G1_20200624_20201103_SF40_s1_r1:ASV_64:739f96b932c0a4641a3dc303d24d06ba5b332f7b,NCBITaxonRank,,species,,,
ARMS_Getxo_G1_20200624_20201103_SF40_s1_r1:ASV_64:739f96b932c0a4641a3dc303d24d06ba5b332f7b,fieldReplicateID,,ARMS_Getxo_G_20200624_20201103,http://vocab.nerc.ac.uk/collection/P01/current/IDSPRE01,,
ARMS_Getxo_G1_20200624_20201103_SF40_s1_r1:ASV_64:739f96b932c0a4641a3dc303d24d06ba5b332f7b,technicalReplicateID,,,http://vocab.nerc.ac.uk/collection/P01/current/IDTCRE01,,
ARMS_Getxo_G1_20200624_20201103_SF40_s1_r1:ASV_64:739f96b932c0a4641a3dc303d24d06ba5b332f7b,originalScientificName,,Tuberfemurus_torulisinotus,,,
ARMS_Getxo_G1_20200624_20201103_SF40_s1_r1:ASV_64:739f96b932c0a4641a3dc303d24d06ba5b332f7b,originalTaxonRank,,species,,,
ARMS_Getxo_G1_20200624_20201103_SF40_s1_r1:ASV_64:739f96b932c0a4641a3dc303d24d06ba5b332f7b,originalScientificNameConfidenceLevel,,0.01,,,
ARMS_Getxo_G1_20200624_20201103_SF40_s1_r1:ASV_65:7bb9a2005c9cb37888b0847a0e9636e34c1de988,submergedTime,day,132,http://vocab.nerc.ac.uk/collection/P01/current/AZDRZZ01/,https://vocab.nerc.ac.uk/collection/P06/current/UTAA/,
ARMS_Getxo_G1_20200624_20201103_SF40_s1_r1:ASV_65:7bb9a2005c9cb37888b0847a0e9636e34c1de988,preservativeUsed,,DMSO,http://vocab.nerc.ac.uk/collection/Q01/current/Q0100004/,,https://pubchem.ncbi.nlm.nih.gov/compound/679
ARMS_Getxo_G1_20200624_20201103_SF40_s1_r1:ASV_65:7bb9a2005c9cb37888b0847a0e9636e34c1de988,lowerLimitFilterSize,micrometer,40,http://vocab.nerc.ac.uk/collection/Q01/current/Q0100011/,https://vocab.nerc.ac.uk/collection/P06/current/UMIC/,
ARMS_Getxo_G1_20200624_20201103_SF40_s1_r1:ASV_65:7bb9a2005c9cb37888b0847a0e9636e34c1de988,sampleAccessionNumber,,SAMEA10021243,,,
ARMS_Getxo_G1_20200624_20201103_SF40_s1_r1:ASV_65:7bb9a2005c9cb37888b0847a0e9636e34c1de988,NCBIID,,265559,,,
ARMS_Getxo_G1_20200624_20201103_SF40_s1_r1:ASV_65:7bb9a2005c9cb37888b0847a0e9636e34c1de988,NCBIScientificName,,Navicula ramosissima,,,
ARMS_Getxo_G1_20200624_20201103_SF40_s1_r1:ASV_65:7bb9a2005c9cb37888b0847a0e9636e34c1de988,NCBITaxonRank,,species,,,
ARMS_Getxo_G1_20200624_20201103_SF40_s1_r1:ASV_65:7bb9a2005c9cb37888b0847a0e9636e34c1de988,fieldReplicateID,,ARMS_Getxo_G_20200624_20201103,http://vocab.nerc.ac.uk/collection/P01/current/IDSPRE01,,
ARMS_Getxo_G1_20200624_20201103_SF40_s1_r1:ASV_65:7bb9a2005c9cb37888b0847a0e9636e34c1de988,technicalReplicateID,,,http://vocab.nerc.ac.uk/collection/P01/current/IDTCRE01,,
ARMS_Getxo_G1_20200624_20201103_SF40_s1_r1:ASV_65:7bb9a2005c9cb37888b0847a0e9636e34c1de988,originalScientificName,,Navicula_ramosissima,,,
ARMS_Getxo_G1_20200624_20201103_SF40_s1_r1:ASV_65:7bb9a2005c9cb37888b0847a0e9636e34c1de988,originalTaxonRank,,species,,,
ARMS_Getxo_G1_20200624_20201103_SF40_s1_r1:ASV_65:7bb9a2005c9cb37888b0847a0e9636e34c1de988,originalScientificNameConfidenceLevel,,0.06,,,
ARMS_Getxo_G1_20200624_20201103_SF40_s1_r1:ASV_67:9e508277702dc46c690127e0c5dc33864fbf538d,submergedTime,day,132,http://vocab.nerc.ac.uk/collection/P01/current/AZDRZZ01/,https://vocab.nerc.ac.uk/collection/P06/current/UTAA/,
ARMS_Getxo_G1_20200624_20201103_SF40_s1_r1:ASV_67:9e508277702dc46c690127e0c5dc33864fbf538d,preservativeUsed,,DMSO,http://vocab.nerc.ac.uk/collection/Q01/current/Q0100004/,,https://pubchem.ncbi.nlm.nih.gov/compound/679
ARMS_Getxo_G1_20200624_20201103_SF40_s1_r1:ASV_67:9e508277702dc46c690127e0c5dc33864fbf538d,lowerLimitFilterSize,micrometer,40,http://vocab.nerc.ac.uk/collection/Q01/current/Q0100011/,https://vocab.nerc.ac.uk/collection/P06/current/UMIC/,
ARMS_Getxo_G1_20200624_20201103_SF40_s1_r1:ASV_67:9e508277702dc46c690127e0c5dc33864fbf538d,sampleAccessionNumber,,SAMEA10021243,,,
ARMS_Getxo_G1_20200624_20201103_SF40_s1_r1:ASV_67:9e508277702dc46c690127e0c5dc33864fbf538d,NCBIID,,517775,,,
ARMS_Getxo_G1_20200624_20201103_SF40_s1_r1:ASV_67:9e508277702dc46c690127e0c5dc33864fbf538d,NCBIScientificName,,Psammoneis japonica,,,
ARMS_Getxo_G1_20200624_20201103_SF40_s1_r1:ASV_67:9e508277702dc46c690127e0c5dc33864fbf538d,NCBITaxonRank,,species,,,
ARMS_Getxo_G1_20200624_20201103_SF40_s1_r1:ASV_67:9e508277702dc46c690127e0c5dc33864fbf538d,fieldReplicateID,,ARMS_Getxo_G_20200624_20201103,http://vocab.nerc.ac.uk/collection/P01/current/IDSPRE01,,
ARMS_Getxo_G1_20200624_20201103_SF40_s1_r1:ASV_67:9e508277702dc46c690127e0c5dc33864fbf538d,technicalReplicateID,,,http://vocab.nerc.ac.uk/collection/P01/current/IDTCRE01,,
ARMS_Getxo_G1_20200624_20201103_SF40_s1_r1:ASV_67:9e508277702dc46c690127e0c5dc33864fbf538d,originalScientificName,,Psammoneis_japonica,,,
ARMS_Getxo_G1_20200624_20201103_SF40_s1_r1:ASV_67:9e508277702dc46c690127e0c5dc33864fbf538d,originalTaxonRank,,species,,,
ARMS_Getxo_G1_20200624_20201103_SF40_s1_r1:ASV_67:9e508277702dc46c690127e0c5dc33864fbf538d,originalScientificNameConfidenceLevel,,0.02,,,
ARMS_Getxo_G1_20200624_20201103_SF40_s1_r1:ASV_68:b03b35bcd4057f03b2ea29e0bdca77d728144da2,submergedTime,day,132,http://vocab.nerc.ac.uk/collection/P01/current/AZDRZZ01/,https://vocab.nerc.ac.uk/collection/P06/current/UTAA/,
ARMS_Getxo_G1_20200624_20201103_SF40_s1_r1:ASV_68:b03b35bcd4057f03b2ea29e0bdca77d728144da2,preservativeUsed,,DMSO,http://vocab.nerc.ac.uk/collection/Q01/current/Q0100004/,,https://pubchem.ncbi.nlm.nih.gov/compound/679
ARMS_Getxo_G1_20200624_20201103_SF40_s1_r1:ASV_68:b03b35bcd4057f03b2ea29e0bdca77d728144da2,lowerLimitFilterSize,micrometer,40,http://vocab.nerc.ac.uk/collection/Q01/current/Q0100011/,https://vocab.nerc.ac.uk/collection/P06/current/UMIC/,
ARMS_Getxo_G1_20200624_20201103_SF40_s1_r1:ASV_68:b03b35bcd4057f03b2ea29e0bdca77d728144da2,sampleAccessionNumber,,SAMEA10021243,,,
ARMS_Getxo_G1_20200624_20201103_SF40_s1_r1:ASV_68:b03b35bcd4057f03b2ea29e0bdca77d728144da2,NCBIID,,662079,,,
ARMS_Getxo_G1_20200624_20201103_SF40_s1_r1:ASV_68:b03b35bcd4057f03b2ea29e0bdca77d728144da2,NCBIScientificName,,Sarsia striata,,,
ARMS_Getxo_G1_20200624_20201103_SF40_s1_r1:ASV_68:b03b35bcd4057f03b2ea29e0bdca77d728144da2,NCBITaxonRank,,species,,,
ARMS_Getxo_G1_20200624_20201103_SF40_s1_r1:ASV_68:b03b35bcd4057f03b2ea29e0bdca77d728144da2,fieldReplicateID,,ARMS_Getxo_G_20200624_20201103,http://vocab.nerc.ac.uk/collection/P01/current/IDSPRE01,,
ARMS_Getxo_G1_20200624_20201103_SF40_s1_r1:ASV_68:b03b35bcd4057f03b2ea29e0bdca77d728144da2,technicalReplicateID,,,http://vocab.nerc.ac.uk/collection/P01/current/IDTCRE01,,
ARMS_Getxo_G1_20200624_20201103_SF40_s1_r1:ASV_68:b03b35bcd4057f03b2ea29e0bdca77d728144da2,originalScientificName,,Sarsia_striata,,,
ARMS_Getxo_G1_20200624_20201103_SF40_s1_r1:ASV_68:b03b35bcd4057f03b2ea29e0bdca77d728144da2,originalTaxonRank,,species,,,
ARMS_Getxo_G1_20200624_20201103_SF40_s1_r1:ASV_68:b03b35bcd4057f03b2ea29e0bdca77d728144da2,originalScientificNameConfidenceLevel,,0.1,,,
ARMS_Getxo_G1_20200624_20201103_SF40_s1_r1:ASV_71:14d34e8f4c5db929e0d1836e472ddbfbc2675c84,submergedTime,day,132,http://vocab.nerc.ac.uk/collection/P01/current/AZDRZZ01/,https://vocab.nerc.ac.uk/collection/P06/current/UTAA/,
ARMS_Getxo_G1_20200624_20201103_SF40_s1_r1:ASV_71:14d34e8f4c5db929e0d1836e472ddbfbc2675c84,preservativeUsed,,DMSO,http://vocab.nerc.ac.uk/collection/Q01/current/Q0100004/,,https://pubchem.ncbi.nlm.nih.gov/compound/679
ARMS_Getxo_G1_20200624_20201103_SF40_s1_r1:ASV_71:14d34e8f4c5db929e0d1836e472ddbfbc2675c84,lowerLimitFilterSize,micrometer,40,http://vocab.nerc.ac.uk/collection/Q01/current/Q0100011/,https://vocab.nerc.ac.uk/collection/P06/current/UMIC/,
ARMS_Getxo_G1_20200624_20201103_SF40_s1_r1:ASV_71:14d34e8f4c5db929e0d1836e472ddbfbc2675c84,sampleAccessionNumber,,SAMEA10021243,,,
ARMS_Getxo_G1_20200624_20201103_SF40_s1_r1:ASV_71:14d34e8f4c5db929e0d1836e472ddbfbc2675c84,NCBIID,,392300,,,
ARMS_Getxo_G1_20200624_20201103_SF40_s1_r1:ASV_71:14d34e8f4c5db929e0d1836e472ddbfbc2675c84,NCBIScientificName,,Histiona aroides,,,
ARMS_Getxo_G1_20200624_20201103_SF40_s1_r1:ASV_71:14d34e8f4c5db929e0d1836e472ddbfbc2675c84,NCBITaxonRank,,species,,,
ARMS_Getxo_G1_20200624_20201103_SF40_s1_r1:ASV_71:14d34e8f4c5db929e0d1836e472ddbfbc2675c84,fieldReplicateID,,ARMS_Getxo_G_20200624_20201103,http://vocab.nerc.ac.uk/collection/P01/current/IDSPRE01,,
ARMS_Getxo_G1_20200624_20201103_SF40_s1_r1:ASV_71:14d34e8f4c5db929e0d1836e472ddbfbc2675c84,technicalReplicateID,,,http://vocab.nerc.ac.uk/collection/P01/current/IDTCRE01,,
ARMS_Getxo_G1_20200624_20201103_SF40_s1_r1:ASV_71:14d34e8f4c5db929e0d1836e472ddbfbc2675c84,originalScientificName,,Histiona_aroides,,,
ARMS_Getxo_G1_20200624_20201103_SF40_s1_r1:ASV_71:14d34e8f4c5db929e0d1836e472ddbfbc2675c84,originalTaxonRank,,species,,,
ARMS_Getxo_G1_20200624_20201103_SF40_s1_r1:ASV_71:14d34e8f4c5db929e0d1836e472ddbfbc2675c84,originalScientificNameConfidenceLevel,,0.09,,,
ARMS_Getxo_G1_20200624_20201103_SF40_s1_r1:ASV_72:208d59404e6f72aa20ca9ba1e4fb4ddea5bfbc11,submergedTime,day,132,http://vocab.nerc.ac.uk/collection/P01/current/AZDRZZ01/,https://vocab.nerc.ac.uk/collection/P06/current/UTAA/,
ARMS_Getxo_G1_20200624_20201103_SF40_s1_r1:ASV_72:208d59404e6f72aa20ca9ba1e4fb4ddea5bfbc11,preservativeUsed,,DMSO,http://vocab.nerc.ac.uk/collection/Q01/current/Q0100004/,,https://pubchem.ncbi.nlm.nih.gov/compound/679
ARMS_Getxo_G1_20200624_20201103_SF40_s1_r1:ASV_72:208d59404e6f72aa20ca9ba1e4fb4ddea5bfbc11,lowerLimitFilterSize,micrometer,40,http://vocab.nerc.ac.uk/collection/Q01/current/Q0100011/,https://vocab.nerc.ac.uk/collection/P06/current/UMIC/,
ARMS_Getxo_G1_20200624_20201103_SF40_s1_r1:ASV_72:208d59404e6f72aa20ca9ba1e4fb4ddea5bfbc11,sampleAccessionNumber,,SAMEA10021243,,,
ARMS_Getxo_G1_20200624_20201103_SF40_s1_r1:ASV_72:208d59404e6f72aa20ca9ba1e4fb4ddea5bfbc11,NCBIID,,2508620,,,
ARMS_Getxo_G1_20200624_20201103_SF40_s1_r1:ASV_72:208d59404e6f72aa20ca9ba1e4fb4ddea5bfbc11,NCBIScientificName,,Larinia jeskovi,,,
ARMS_Getxo_G1_20200624_20201103_SF40_s1_r1:ASV_72:208d59404e6f72aa20ca9ba1e4fb4ddea5bfbc11,NCBITaxonRank,,species,,,
ARMS_Getxo_G1_20200624_20201103_SF40_s1_r1:ASV_72:208d59404e6f72aa20ca9ba1e4fb4ddea5bfbc11,fieldReplicateID,,ARMS_Getxo_G_20200624_20201103,http://vocab.nerc.ac.uk/collection/P01/current/IDSPRE01,,
ARMS_Getxo_G1_20200624_20201103_SF40_s1_r1:ASV_72:208d59404e6f72aa20ca9ba1e4fb4ddea5bfbc11,technicalReplicateID,,,http://vocab.nerc.ac.uk/collection/P01/current/IDTCRE01,,
ARMS_Getxo_G1_20200624_20201103_SF40_s1_r1:ASV_72:208d59404e6f72aa20ca9ba1e4fb4ddea5bfbc11,originalScientificName,,Larinia_jeskovi,,,
ARMS_Getxo_G1_20200624_20201103_SF40_s1_r1:ASV_72:208d59404e6f72aa20ca9ba1e4fb4ddea5bfbc11,originalTaxonRank,,species,,,
ARMS_Getxo_G1_20200624_20201103_SF40_s1_r1:ASV_72:208d59404e6f72aa20ca9ba1e4fb4ddea5bfbc11,originalScientificNameConfidenceLevel,,0.0,,,
ARMS_Getxo_G1_20200624_20201103_SF40_s1_r1:ASV_75:462602989fe95b133b4df076722c6038946841e5,submergedTime,day,132,http://vocab.nerc.ac.uk/collection/P01/current/AZDRZZ01/,https://vocab.nerc.ac.uk/collection/P06/current/UTAA/,
ARMS_Getxo_G1_20200624_20201103_SF40_s1_r1:ASV_75:462602989fe95b133b4df076722c6038946841e5,preservativeUsed,,DMSO,http://vocab.nerc.ac.uk/collection/Q01/current/Q0100004/,,https://pubchem.ncbi.nlm.nih.gov/compound/679
ARMS_Getxo_G1_20200624_20201103_SF40_s1_r1:ASV_75:462602989fe95b133b4df076722c6038946841e5,lowerLimitFilterSize,micrometer,40,http://vocab.nerc.ac.uk/collection/Q01/current/Q0100011/,https://vocab.nerc.ac.uk/collection/P06/current/UMIC/,
ARMS_Getxo_G1_20200624_20201103_SF40_s1_r1:ASV_75:462602989fe95b133b4df076722c6038946841e5,sampleAccessionNumber,,SAMEA10021243,,,
ARMS_Getxo_G1_20200624_20201103_SF40_s1_r1:ASV_75:462602989fe95b133b4df076722c6038946841e5,NCBIID,,1131437,,,
ARMS_Getxo_G1_20200624_20201103_SF40_s1_r1:ASV_75:462602989fe95b133b4df076722c6038946841e5,NCBIScientificName,,Terebella lapidaria,,,
ARMS_Getxo_G1_20200624_20201103_SF40_s1_r1:ASV_75:462602989fe95b133b4df076722c6038946841e5,NCBITaxonRank,,species,,,
ARMS_Getxo_G1_20200624_20201103_SF40_s1_r1:ASV_75:462602989fe95b133b4df076722c6038946841e5,fieldReplicateID,,ARMS_Getxo_G_20200624_20201103,http://vocab.nerc.ac.uk/collection/P01/current/IDSPRE01,,
ARMS_Getxo_G1_20200624_20201103_SF40_s1_r1:ASV_75:462602989fe95b133b4df076722c6038946841e5,technicalReplicateID,,,http://vocab.nerc.ac.uk/collection/P01/current/IDTCRE01,,
ARMS_Getxo_G1_20200624_20201103_SF40_s1_r1:ASV_75:462602989fe95b133b4df076722c6038946841e5,originalScientificName,,Terebella_lapidaria,,,
ARMS_Getxo_G1_20200624_20201103_SF40_s1_r1:ASV_75:462602989fe95b133b4df076722c6038946841e5,originalTaxonRank,,species,,,
ARMS_Getxo_G1_20200624_20201103_SF40_s1_r1:ASV_75:462602989fe95b133b4df076722c6038946841e5,originalScientificNameConfidenceLevel,,1.0,,,
ARMS_Getxo_G1_20200624_20201103_SF40_s1_r1:ASV_76:9813d305786405d182876bdea17a1c1047f051f3,submergedTime,day,132,http://vocab.nerc.ac.uk/collection/P01/current/AZDRZZ01/,https://vocab.nerc.ac.uk/collection/P06/current/UTAA/,
ARMS_Getxo_G1_20200624_20201103_SF40_s1_r1:ASV_76:9813d305786405d182876bdea17a1c1047f051f3,preservativeUsed,,DMSO,http://vocab.nerc.ac.uk/collection/Q01/current/Q0100004/,,https://pubchem.ncbi.nlm.nih.gov/compound/679
ARMS_Getxo_G1_20200624_20201103_SF40_s1_r1:ASV_76:9813d305786405d182876bdea17a1c1047f051f3,lowerLimitFilterSize,micrometer,40,http://vocab.nerc.ac.uk/collection/Q01/current/Q0100011/,https://vocab.nerc.ac.uk/collection/P06/current/UMIC/,
ARMS_Getxo_G1_20200624_20201103_SF40_s1_r1:ASV_76:9813d305786405d182876bdea17a1c1047f051f3,sampleAccessionNumber,,SAMEA10021243,,,
ARMS_Getxo_G1_20200624_20201103_SF40_s1_r1:ASV_76:9813d305786405d182876bdea17a1c1047f051f3,NCBIID,,1431480,,,
ARMS_Getxo_G1_20200624_20201103_SF40_s1_r1:ASV_76:9813d305786405d182876bdea17a1c1047f051f3,NCBIScientificName,,Brephamia parvula,,,
ARMS_Getxo_G1_20200624_20201103_SF40_s1_r1:ASV_76:9813d305786405d182876bdea17a1c1047f051f3,NCBITaxonRank,,species,,,
ARMS_Getxo_G1_20200624_20201103_SF40_s1_r1:ASV_76:9813d305786405d182876bdea17a1c1047f051f3,fieldReplicateID,,ARMS_Getxo_G_20200624_20201103,http://vocab.nerc.ac.uk/collection/P01/current/IDSPRE01,,
ARMS_Getxo_G1_20200624_20201103_SF40_s1_r1:ASV_76:9813d305786405d182876bdea17a1c1047f051f3,technicalReplicateID,,,http://vocab.nerc.ac.uk/collection/P01/current/IDTCRE01,,
ARMS_Getxo_G1_20200624_20201103_SF40_s1_r1:ASV_76:9813d305786405d182876bdea17a1c1047f051f3,originalScientificName,,Brephamia_parvula,,,
ARMS_Getxo_G1_20200624_20201103_SF40_s1_r1:ASV_76:9813d305786405d182876bdea17a1c1047f051f3,originalTaxonRank,,species,,,
ARMS_Getxo_G1_20200624_20201103_SF40_s1_r1:ASV_76:9813d305786405d182876bdea17a1c1047f051f3,originalScientificNameConfidenceLevel,,0.05,,,
ARMS_Getxo_G1_20200624_20201103_SF40_s1_r1:ASV_77:b81c45fb8d38b2b3283083a33553cd1745500cb2,submergedTime,day,132,http://vocab.nerc.ac.uk/collection/P01/current/AZDRZZ01/,https://vocab.nerc.ac.uk/collection/P06/current/UTAA/,
ARMS_Getxo_G1_20200624_20201103_SF40_s1_r1:ASV_77:b81c45fb8d38b2b3283083a33553cd1745500cb2,preservativeUsed,,DMSO,http://vocab.nerc.ac.uk/collection/Q01/current/Q0100004/,,https://pubchem.ncbi.nlm.nih.gov/compound/679
ARMS_Getxo_G1_20200624_20201103_SF40_s1_r1:ASV_77:b81c45fb8d38b2b3283083a33553cd1745500cb2,lowerLimitFilterSize,micrometer,40,http://vocab.nerc.ac.uk/collection/Q01/current/Q0100011/,https://vocab.nerc.ac.uk/collection/P06/current/UMIC/,
ARMS_Getxo_G1_20200624_20201103_SF40_s1_r1:ASV_77:b81c45fb8d38b2b3283083a33553cd1745500cb2,sampleAccessionNumber,,SAMEA10021243,,,
ARMS_Getxo_G1_20200624_20201103_SF40_s1_r1:ASV_77:b81c45fb8d38b2b3283083a33553cd1745500cb2,NCBIID,,252962,,,
ARMS_Getxo_G1_20200624_20201103_SF40_s1_r1:ASV_77:b81c45fb8d38b2b3283083a33553cd1745500cb2,NCBIScientificName,,Oscarella tuberculata,,,
ARMS_Getxo_G1_20200624_20201103_SF40_s1_r1:ASV_77:b81c45fb8d38b2b3283083a33553cd1745500cb2,NCBITaxonRank,,species,,,
ARMS_Getxo_G1_20200624_20201103_SF40_s1_r1:ASV_77:b81c45fb8d38b2b3283083a33553cd1745500cb2,fieldReplicateID,,ARMS_Getxo_G_20200624_20201103,http://vocab.nerc.ac.uk/collection/P01/current/IDSPRE01,,
ARMS_Getxo_G1_20200624_20201103_SF40_s1_r1:ASV_77:b81c45fb8d38b2b3283083a33553cd1745500cb2,technicalReplicateID,,,http://vocab.nerc.ac.uk/collection/P01/current/IDTCRE01,,
ARMS_Getxo_G1_20200624_20201103_SF40_s1_r1:ASV_77:b81c45fb8d38b2b3283083a33553cd1745500cb2,originalScientificName,,Oscarella_tuberculata,,,
ARMS_Getxo_G1_20200624_20201103_SF40_s1_r1:ASV_77:b81c45fb8d38b2b3283083a33553cd1745500cb2,originalTaxonRank,,species,,,
ARMS_Getxo_G1_20200624_20201103_SF40_s1_r1:ASV_77:b81c45fb8d38b2b3283083a33553cd1745500cb2,originalScientificNameConfidenceLevel,,1.0,,,
ARMS_Getxo_G1_20200624_20201103_SF40_s1_r1:ASV_83:e3c4ce8ec19b8a50574e1ccc39c28996c5459fd2,submergedTime,day,132,http://vocab.nerc.ac.uk/collection/P01/current/AZDRZZ01/,https://vocab.nerc.ac.uk/collection/P06/current/UTAA/,
ARMS_Getxo_G1_20200624_20201103_SF40_s1_r1:ASV_83:e3c4ce8ec19b8a50574e1ccc39c28996c5459fd2,preservativeUsed,,DMSO,http://vocab.nerc.ac.uk/collection/Q01/current/Q0100004/,,https://pubchem.ncbi.nlm.nih.gov/compound/679
ARMS_Getxo_G1_20200624_20201103_SF40_s1_r1:ASV_83:e3c4ce8ec19b8a50574e1ccc39c28996c5459fd2,lowerLimitFilterSize,micrometer,40,http://vocab.nerc.ac.uk/collection/Q01/current/Q0100011/,https://vocab.nerc.ac.uk/collection/P06/current/UMIC/,
ARMS_Getxo_G1_20200624_20201103_SF40_s1_r1:ASV_83:e3c4ce8ec19b8a50574e1ccc39c28996c5459fd2,sampleAccessionNumber,,SAMEA10021243,,,
ARMS_Getxo_G1_20200624_20201103_SF40_s1_r1:ASV_83:e3c4ce8ec19b8a50574e1ccc39c28996c5459fd2,NCBIID,,3022,,,
ARMS_Getxo_G1_20200624_20201103_SF40_s1_r1:ASV_83:e3c4ce8ec19b8a50574e1ccc39c28996c5459fd2,NCBIScientificName,,Akkesiphycus lubricum,,,
ARMS_Getxo_G1_20200624_20201103_SF40_s1_r1:ASV_83:e3c4ce8ec19b8a50574e1ccc39c28996c5459fd2,NCBITaxonRank,,species,,,
ARMS_Getxo_G1_20200624_20201103_SF40_s1_r1:ASV_83:e3c4ce8ec19b8a50574e1ccc39c28996c5459fd2,fieldReplicateID,,ARMS_Getxo_G_20200624_20201103,http://vocab.nerc.ac.uk/collection/P01/current/IDSPRE01,,
ARMS_Getxo_G1_20200624_20201103_SF40_s1_r1:ASV_83:e3c4ce8ec19b8a50574e1ccc39c28996c5459fd2,technicalReplicateID,,,http://vocab.nerc.ac.uk/collection/P01/current/IDTCRE01,,
ARMS_Getxo_G1_20200624_20201103_SF40_s1_r1:ASV_83:e3c4ce8ec19b8a50574e1ccc39c28996c5459fd2,originalScientificName,,Akkesiphycus_lubricum,,,
ARMS_Getxo_G1_20200624_20201103_SF40_s1_r1:ASV_83:e3c4ce8ec19b8a50574e1ccc39c28996c5459fd2,originalTaxonRank,,species,,,
ARMS_Getxo_G1_20200624_20201103_SF40_s1_r1:ASV_83:e3c4ce8ec19b8a50574e1ccc39c28996c5459fd2,originalScientificNameConfidenceLevel,,0.12,,,
ARMS_Getxo_G1_20200624_20201103_SF40_s1_r1:ASV_84:eef68c04303c85ce5e77382adf6504e17cf0e84d,submergedTime,day,132,http://vocab.nerc.ac.uk/collection/P01/current/AZDRZZ01/,https://vocab.nerc.ac.uk/collection/P06/current/UTAA/,
ARMS_Getxo_G1_20200624_20201103_SF40_s1_r1:ASV_84:eef68c04303c85ce5e77382adf6504e17cf0e84d,preservativeUsed,,DMSO,http://vocab.nerc.ac.uk/collection/Q01/current/Q0100004/,,https://pubchem.ncbi.nlm.nih.gov/compound/679
ARMS_Getxo_G1_20200624_20201103_SF40_s1_r1:ASV_84:eef68c04303c85ce5e77382adf6504e17cf0e84d,lowerLimitFilterSize,micrometer,40,http://vocab.nerc.ac.uk/collection/Q01/current/Q0100011/,https://vocab.nerc.ac.uk/collection/P06/current/UMIC/,
ARMS_Getxo_G1_20200624_20201103_SF40_s1_r1:ASV_84:eef68c04303c85ce5e77382adf6504e17cf0e84d,sampleAccessionNumber,,SAMEA10021243,,,
ARMS_Getxo_G1_20200624_20201103_SF40_s1_r1:ASV_84:eef68c04303c85ce5e77382adf6504e17cf0e84d,NCBIID,,1649309,,,
ARMS_Getxo_G1_20200624_20201103_SF40_s1_r1:ASV_84:eef68c04303c85ce5e77382adf6504e17cf0e84d,NCBIScientificName,,Graptomyza longirostris,,,
ARMS_Getxo_G1_20200624_20201103_SF40_s1_r1:ASV_84:eef68c04303c85ce5e77382adf6504e17cf0e84d,NCBITaxonRank,,species,,,
ARMS_Getxo_G1_20200624_20201103_SF40_s1_r1:ASV_84:eef68c04303c85ce5e77382adf6504e17cf0e84d,fieldReplicateID,,ARMS_Getxo_G_20200624_20201103,http://vocab.nerc.ac.uk/collection/P01/current/IDSPRE01,,
ARMS_Getxo_G1_20200624_20201103_SF40_s1_r1:ASV_84:eef68c04303c85ce5e77382adf6504e17cf0e84d,technicalReplicateID,,,http://vocab.nerc.ac.uk/collection/P01/current/IDTCRE01,,
ARMS_Getxo_G1_20200624_20201103_SF40_s1_r1:ASV_84:eef68c04303c85ce5e77382adf6504e17cf0e84d,originalScientificName,,Graptomyza_longirostris,,,
ARMS_Getxo_G1_20200624_20201103_SF40_s1_r1:ASV_84:eef68c04303c85ce5e77382adf6504e17cf0e84d,originalTaxonRank,,species,,,
ARMS_Getxo_G1_20200624_20201103_SF40_s1_r1:ASV_84:eef68c04303c85ce5e77382adf6504e17cf0e84d,originalScientificNameConfidenceLevel,,0.04,,,
ARMS_Getxo_G1_20200624_20201103_SF40_s1_r1:ASV_86:087c8aaa930bc70751ac83f705baa7035749767c,submergedTime,day,132,http://vocab.nerc.ac.uk/collection/P01/current/AZDRZZ01/,https://vocab.nerc.ac.uk/collection/P06/current/UTAA/,
ARMS_Getxo_G1_20200624_20201103_SF40_s1_r1:ASV_86:087c8aaa930bc70751ac83f705baa7035749767c,preservativeUsed,,DMSO,http://vocab.nerc.ac.uk/collection/Q01/current/Q0100004/,,https://pubchem.ncbi.nlm.nih.gov/compound/679
ARMS_Getxo_G1_20200624_20201103_SF40_s1_r1:ASV_86:087c8aaa930bc70751ac83f705baa7035749767c,lowerLimitFilterSize,micrometer,40,http://vocab.nerc.ac.uk/collection/Q01/current/Q0100011/,https://vocab.nerc.ac.uk/collection/P06/current/UMIC/,
ARMS_Getxo_G1_20200624_20201103_SF40_s1_r1:ASV_86:087c8aaa930bc70751ac83f705baa7035749767c,sampleAccessionNumber,,SAMEA10021243,,,
ARMS_Getxo_G1_20200624_20201103_SF40_s1_r1:ASV_86:087c8aaa930bc70751ac83f705baa7035749767c,NCBIID,,483407,,,
ARMS_Getxo_G1_20200624_20201103_SF40_s1_r1:ASV_86:087c8aaa930bc70751ac83f705baa7035749767c,NCBIScientificName,,Pilumnus hirtellus,,,
ARMS_Getxo_G1_20200624_20201103_SF40_s1_r1:ASV_86:087c8aaa930bc70751ac83f705baa7035749767c,NCBITaxonRank,,species,,,
ARMS_Getxo_G1_20200624_20201103_SF40_s1_r1:ASV_86:087c8aaa930bc70751ac83f705baa7035749767c,fieldReplicateID,,ARMS_Getxo_G_20200624_20201103,http://vocab.nerc.ac.uk/collection/P01/current/IDSPRE01,,
ARMS_Getxo_G1_20200624_20201103_SF40_s1_r1:ASV_86:087c8aaa930bc70751ac83f705baa7035749767c,technicalReplicateID,,,http://vocab.nerc.ac.uk/collection/P01/current/IDTCRE01,,
ARMS_Getxo_G1_20200624_20201103_SF40_s1_r1:ASV_86:087c8aaa930bc70751ac83f705baa7035749767c,originalScientificName,,Pilumnus_hirtellus,,,
ARMS_Getxo_G1_20200624_20201103_SF40_s1_r1:ASV_86:087c8aaa930bc70751ac83f705baa7035749767c,originalTaxonRank,,species,,,
ARMS_Getxo_G1_20200624_20201103_SF40_s1_r1:ASV_86:087c8aaa930bc70751ac83f705baa7035749767c,originalScientificNameConfidenceLevel,,1.0,,,
ARMS_Getxo_G1_20200624_20201103_SF40_s1_r1:ASV_88:30cb5351f9915ceb44eec778e5427f5670c49e88,submergedTime,day,132,http://vocab.nerc.ac.uk/collection/P01/current/AZDRZZ01/,https://vocab.nerc.ac.uk/collection/P06/current/UTAA/,
ARMS_Getxo_G1_20200624_20201103_SF40_s1_r1:ASV_88:30cb5351f9915ceb44eec778e5427f5670c49e88,preservativeUsed,,DMSO,http://vocab.nerc.ac.uk/collection/Q01/current/Q0100004/,,https://pubchem.ncbi.nlm.nih.gov/compound/679
ARMS_Getxo_G1_20200624_20201103_SF40_s1_r1:ASV_88:30cb5351f9915ceb44eec778e5427f5670c49e88,lowerLimitFilterSize,micrometer,40,http://vocab.nerc.ac.uk/collection/Q01/current/Q0100011/,https://vocab.nerc.ac.uk/collection/P06/current/UMIC/,
ARMS_Getxo_G1_20200624_20201103_SF40_s1_r1:ASV_88:30cb5351f9915ceb44eec778e5427f5670c49e88,sampleAccessionNumber,,SAMEA10021243,,,
ARMS_Getxo_G1_20200624_20201103_SF40_s1_r1:ASV_88:30cb5351f9915ceb44eec778e5427f5670c49e88,NCBIID,,2664684,,,
ARMS_Getxo_G1_20200624_20201103_SF40_s1_r1:ASV_88:30cb5351f9915ceb44eec778e5427f5670c49e88,NCBIScientificName,,Dimorphilus gyrociliatus,,,
ARMS_Getxo_G1_20200624_20201103_SF40_s1_r1:ASV_88:30cb5351f9915ceb44eec778e5427f5670c49e88,NCBITaxonRank,,species,,,
ARMS_Getxo_G1_20200624_20201103_SF40_s1_r1:ASV_88:30cb5351f9915ceb44eec778e5427f5670c49e88,fieldReplicateID,,ARMS_Getxo_G_20200624_20201103,http://vocab.nerc.ac.uk/collection/P01/current/IDSPRE01,,
ARMS_Getxo_G1_20200624_20201103_SF40_s1_r1:ASV_88:30cb5351f9915ceb44eec778e5427f5670c49e88,technicalReplicateID,,,http://vocab.nerc.ac.uk/collection/P01/current/IDTCRE01,,
ARMS_Getxo_G1_20200624_20201103_SF40_s1_r1:ASV_88:30cb5351f9915ceb44eec778e5427f5670c49e88,originalScientificName,,Dimorphilus_gyrociliatus,,,
ARMS_Getxo_G1_20200624_20201103_SF40_s1_r1:ASV_88:30cb5351f9915ceb44eec778e5427f5670c49e88,originalTaxonRank,,species,,,
ARMS_Getxo_G1_20200624_20201103_SF40_s1_r1:ASV_88:30cb5351f9915ceb44eec778e5427f5670c49e88,originalScientificNameConfidenceLevel,,1.0,,,
ARMS_Getxo_G1_20200624_20201103_SF40_s1_r1:ASV_93:55567b6d7ba25851c5e776e37878ed1edc2911f0,submergedTime,day,132,http://vocab.nerc.ac.uk/collection/P01/current/AZDRZZ01/,https://vocab.nerc.ac.uk/collection/P06/current/UTAA/,
ARMS_Getxo_G1_20200624_20201103_SF40_s1_r1:ASV_93:55567b6d7ba25851c5e776e37878ed1edc2911f0,preservativeUsed,,DMSO,http://vocab.nerc.ac.uk/collection/Q01/current/Q0100004/,,https://pubchem.ncbi.nlm.nih.gov/compound/679
ARMS_Getxo_G1_20200624_20201103_SF40_s1_r1:ASV_93:55567b6d7ba25851c5e776e37878ed1edc2911f0,lowerLimitFilterSize,micrometer,40,http://vocab.nerc.ac.uk/collection/Q01/current/Q0100011/,https://vocab.nerc.ac.uk/collection/P06/current/UMIC/,
ARMS_Getxo_G1_20200624_20201103_SF40_s1_r1:ASV_93:55567b6d7ba25851c5e776e37878ed1edc2911f0,sampleAccessionNumber,,SAMEA10021243,,,
ARMS_Getxo_G1_20200624_20201103_SF40_s1_r1:ASV_93:55567b6d7ba25851c5e776e37878ed1edc2911f0,NCBIID,,1859090,,,
ARMS_Getxo_G1_20200624_20201103_SF40_s1_r1:ASV_93:55567b6d7ba25851c5e776e37878ed1edc2911f0,NCBIScientificName,,Euplana gracilis,,,
ARMS_Getxo_G1_20200624_20201103_SF40_s1_r1:ASV_93:55567b6d7ba25851c5e776e37878ed1edc2911f0,NCBITaxonRank,,species,,,
ARMS_Getxo_G1_20200624_20201103_SF40_s1_r1:ASV_93:55567b6d7ba25851c5e776e37878ed1edc2911f0,fieldReplicateID,,ARMS_Getxo_G_20200624_20201103,http://vocab.nerc.ac.uk/collection/P01/current/IDSPRE01,,
ARMS_Getxo_G1_20200624_20201103_SF40_s1_r1:ASV_93:55567b6d7ba25851c5e776e37878ed1edc2911f0,technicalReplicateID,,,http://vocab.nerc.ac.uk/collection/P01/current/IDTCRE01,,
ARMS_Getxo_G1_20200624_20201103_SF40_s1_r1:ASV_93:55567b6d7ba25851c5e776e37878ed1edc2911f0,originalScientificName,,Euplana_gracilis,,,
ARMS_Getxo_G1_20200624_20201103_SF40_s1_r1:ASV_93:55567b6d7ba25851c5e776e37878ed1edc2911f0,originalTaxonRank,,species,,,
ARMS_Getxo_G1_20200624_20201103_SF40_s1_r1:ASV_93:55567b6d7ba25851c5e776e37878ed1edc2911f0,originalScientificNameConfidenceLevel,,0.11,,,
ARMS_Getxo_G1_20200624_20201103_SF40_s1_r1:ASV_97:896ef3a90f71d3ad6a2c74adb81b64d5984fb96c,submergedTime,day,132,http://vocab.nerc.ac.uk/collection/P01/current/AZDRZZ01/,https://vocab.nerc.ac.uk/collection/P06/current/UTAA/,
ARMS_Getxo_G1_20200624_20201103_SF40_s1_r1:ASV_97:896ef3a90f71d3ad6a2c74adb81b64d5984fb96c,preservativeUsed,,DMSO,http://vocab.nerc.ac.uk/collection/Q01/current/Q0100004/,,https://pubchem.ncbi.nlm.nih.gov/compound/679
ARMS_Getxo_G1_20200624_20201103_SF40_s1_r1:ASV_97:896ef3a90f71d3ad6a2c74adb81b64d5984fb96c,lowerLimitFilterSize,micrometer,40,http://vocab.nerc.ac.uk/collection/Q01/current/Q0100011/,https://vocab.nerc.ac.uk/collection/P06/current/UMIC/,
ARMS_Getxo_G1_20200624_20201103_SF40_s1_r1:ASV_97:896ef3a90f71d3ad6a2c74adb81b64d5984fb96c,sampleAccessionNumber,,SAMEA10021243,,,
ARMS_Getxo_G1_20200624_20201103_SF40_s1_r1:ASV_97:896ef3a90f71d3ad6a2c74adb81b64d5984fb96c,NCBIID,,3130,,,
ARMS_Getxo_G1_20200624_20201103_SF40_s1_r1:ASV_97:896ef3a90f71d3ad6a2c74adb81b64d5984fb96c,NCBIScientificName,,Bryopsis plumosa,,,
ARMS_Getxo_G1_20200624_20201103_SF40_s1_r1:ASV_97:896ef3a90f71d3ad6a2c74adb81b64d5984fb96c,NCBITaxonRank,,species,,,
ARMS_Getxo_G1_20200624_20201103_SF40_s1_r1:ASV_97:896ef3a90f71d3ad6a2c74adb81b64d5984fb96c,fieldReplicateID,,ARMS_Getxo_G_20200624_20201103,http://vocab.nerc.ac.uk/collection/P01/current/IDSPRE01,,
ARMS_Getxo_G1_20200624_20201103_SF40_s1_r1:ASV_97:896ef3a90f71d3ad6a2c74adb81b64d5984fb96c,technicalReplicateID,,,http://vocab.nerc.ac.uk/collection/P01/current/IDTCRE01,,
ARMS_Getxo_G1_20200624_20201103_SF40_s1_r1:ASV_97:896ef3a90f71d3ad6a2c74adb81b64d5984fb96c,originalScientificName,,Bryopsis_plumosa,,,
ARMS_Getxo_G1_20200624_20201103_SF40_s1_r1:ASV_97:896ef3a90f71d3ad6a2c74adb81b64d5984fb96c,originalTaxonRank,,species,,,
ARMS_Getxo_G1_20200624_20201103_SF40_s1_r1:ASV_97:896ef3a90f71d3ad6a2c74adb81b64d5984fb96c,originalScientificNameConfidenceLevel,,0.08,,,
ARMS_Getxo_G1_20200624_20201103_SF40_s1_r1:ASV_105:df3e9bbe4aa50b3a26e645a16023fe2b151a85ce,submergedTime,day,132,http://vocab.nerc.ac.uk/collection/P01/current/AZDRZZ01/,https://vocab.nerc.ac.uk/collection/P06/current/UTAA/,
ARMS_Getxo_G1_20200624_20201103_SF40_s1_r1:ASV_105:df3e9bbe4aa50b3a26e645a16023fe2b151a85ce,preservativeUsed,,DMSO,http://vocab.nerc.ac.uk/collection/Q01/current/Q0100004/,,https://pubchem.ncbi.nlm.nih.gov/compound/679
ARMS_Getxo_G1_20200624_20201103_SF40_s1_r1:ASV_105:df3e9bbe4aa50b3a26e645a16023fe2b151a85ce,lowerLimitFilterSize,micrometer,40,http://vocab.nerc.ac.uk/collection/Q01/current/Q0100011/,https://vocab.nerc.ac.uk/collection/P06/current/UMIC/,
ARMS_Getxo_G1_20200624_20201103_SF40_s1_r1:ASV_105:df3e9bbe4aa50b3a26e645a16023fe2b151a85ce,sampleAccessionNumber,,SAMEA10021243,,,
ARMS_Getxo_G1_20200624_20201103_SF40_s1_r1:ASV_105:df3e9bbe4aa50b3a26e645a16023fe2b151a85ce,NCBIID,,1539237,,,
ARMS_Getxo_G1_20200624_20201103_SF40_s1_r1:ASV_105:df3e9bbe4aa50b3a26e645a16023fe2b151a85ce,NCBIScientificName,,Atrapsalta corticina,,,
ARMS_Getxo_G1_20200624_20201103_SF40_s1_r1:ASV_105:df3e9bbe4aa50b3a26e645a16023fe2b151a85ce,NCBITaxonRank,,species,,,
ARMS_Getxo_G1_20200624_20201103_SF40_s1_r1:ASV_105:df3e9bbe4aa50b3a26e645a16023fe2b151a85ce,fieldReplicateID,,ARMS_Getxo_G_20200624_20201103,http://vocab.nerc.ac.uk/collection/P01/current/IDSPRE01,,
ARMS_Getxo_G1_20200624_20201103_SF40_s1_r1:ASV_105:df3e9bbe4aa50b3a26e645a16023fe2b151a85ce,technicalReplicateID,,,http://vocab.nerc.ac.uk/collection/P01/current/IDTCRE01,,
ARMS_Getxo_G1_20200624_20201103_SF40_s1_r1:ASV_105:df3e9bbe4aa50b3a26e645a16023fe2b151a85ce,originalScientificName,,Atrapsalta_corticina,,,
ARMS_Getxo_G1_20200624_20201103_SF40_s1_r1:ASV_105:df3e9bbe4aa50b3a26e645a16023fe2b151a85ce,originalTaxonRank,,species,,,
ARMS_Getxo_G1_20200624_20201103_SF40_s1_r1:ASV_105:df3e9bbe4aa50b3a26e645a16023fe2b151a85ce,originalScientificNameConfidenceLevel,,0.02,,,
ARMS_Getxo_G1_20200624_20201103_SF40_s1_r1:ASV_106:e46e88694591947f47fedca7248793058c81b87a,submergedTime,day,132,http://vocab.nerc.ac.uk/collection/P01/current/AZDRZZ01/,https://vocab.nerc.ac.uk/collection/P06/current/UTAA/,
ARMS_Getxo_G1_20200624_20201103_SF40_s1_r1:ASV_106:e46e88694591947f47fedca7248793058c81b87a,preservativeUsed,,DMSO,http://vocab.nerc.ac.uk/collection/Q01/current/Q0100004/,,https://pubchem.ncbi.nlm.nih.gov/compound/679
ARMS_Getxo_G1_20200624_20201103_SF40_s1_r1:ASV_106:e46e88694591947f47fedca7248793058c81b87a,lowerLimitFilterSize,micrometer,40,http://vocab.nerc.ac.uk/collection/Q01/current/Q0100011/,https://vocab.nerc.ac.uk/collection/P06/current/UMIC/,
ARMS_Getxo_G1_20200624_20201103_SF40_s1_r1:ASV_106:e46e88694591947f47fedca7248793058c81b87a,sampleAccessionNumber,,SAMEA10021243,,,
ARMS_Getxo_G1_20200624_20201103_SF40_s1_r1:ASV_106:e46e88694591947f47fedca7248793058c81b87a,NCBIID,,1891980,,,
ARMS_Getxo_G1_20200624_20201103_SF40_s1_r1:ASV_106:e46e88694591947f47fedca7248793058c81b87a,NCBIScientificName,,Nycteria gabonensis,,,
ARMS_Getxo_G1_20200624_20201103_SF40_s1_r1:ASV_106:e46e88694591947f47fedca7248793058c81b87a,NCBITaxonRank,,species,,,
ARMS_Getxo_G1_20200624_20201103_SF40_s1_r1:ASV_106:e46e88694591947f47fedca7248793058c81b87a,fieldReplicateID,,ARMS_Getxo_G_20200624_20201103,http://vocab.nerc.ac.uk/collection/P01/current/IDSPRE01,,
ARMS_Getxo_G1_20200624_20201103_SF40_s1_r1:ASV_106:e46e88694591947f47fedca7248793058c81b87a,technicalReplicateID,,,http://vocab.nerc.ac.uk/collection/P01/current/IDTCRE01,,
ARMS_Getxo_G1_20200624_20201103_SF40_s1_r1:ASV_106:e46e88694591947f47fedca7248793058c81b87a,originalScientificName,,Nycteria_gabonensis,,,
ARMS_Getxo_G1_20200624_20201103_SF40_s1_r1:ASV_106:e46e88694591947f47fedca7248793058c81b87a,originalTaxonRank,,species,,,
ARMS_Getxo_G1_20200624_20201103_SF40_s1_r1:ASV_106:e46e88694591947f47fedca7248793058c81b87a,originalScientificNameConfidenceLevel,,0.08,,,
ARMS_Getxo_G1_20200624_20201103_SF40_s1_r1:ASV_107:e90b8d079c1cdbd88f7038cdf48ceb69cfad20d0,submergedTime,day,132,http://vocab.nerc.ac.uk/collection/P01/current/AZDRZZ01/,https://vocab.nerc.ac.uk/collection/P06/current/UTAA/,
ARMS_Getxo_G1_20200624_20201103_SF40_s1_r1:ASV_107:e90b8d079c1cdbd88f7038cdf48ceb69cfad20d0,preservativeUsed,,DMSO,http://vocab.nerc.ac.uk/collection/Q01/current/Q0100004/,,https://pubchem.ncbi.nlm.nih.gov/compound/679
ARMS_Getxo_G1_20200624_20201103_SF40_s1_r1:ASV_107:e90b8d079c1cdbd88f7038cdf48ceb69cfad20d0,lowerLimitFilterSize,micrometer,40,http://vocab.nerc.ac.uk/collection/Q01/current/Q0100011/,https://vocab.nerc.ac.uk/collection/P06/current/UMIC/,
ARMS_Getxo_G1_20200624_20201103_SF40_s1_r1:ASV_107:e90b8d079c1cdbd88f7038cdf48ceb69cfad20d0,sampleAccessionNumber,,SAMEA10021243,,,
ARMS_Getxo_G1_20200624_20201103_SF40_s1_r1:ASV_107:e90b8d079c1cdbd88f7038cdf48ceb69cfad20d0,NCBIID,,2593145,,,
ARMS_Getxo_G1_20200624_20201103_SF40_s1_r1:ASV_107:e90b8d079c1cdbd88f7038cdf48ceb69cfad20d0,NCBIScientificName,,Proameira psammophila,,,
ARMS_Getxo_G1_20200624_20201103_SF40_s1_r1:ASV_107:e90b8d079c1cdbd88f7038cdf48ceb69cfad20d0,NCBITaxonRank,,species,,,
ARMS_Getxo_G1_20200624_20201103_SF40_s1_r1:ASV_107:e90b8d079c1cdbd88f7038cdf48ceb69cfad20d0,fieldReplicateID,,ARMS_Getxo_G_20200624_20201103,http://vocab.nerc.ac.uk/collection/P01/current/IDSPRE01,,
ARMS_Getxo_G1_20200624_20201103_SF40_s1_r1:ASV_107:e90b8d079c1cdbd88f7038cdf48ceb69cfad20d0,technicalReplicateID,,,http://vocab.nerc.ac.uk/collection/P01/current/IDTCRE01,,
ARMS_Getxo_G1_20200624_20201103_SF40_s1_r1:ASV_107:e90b8d079c1cdbd88f7038cdf48ceb69cfad20d0,originalScientificName,,Proameira_psammophila,,,
ARMS_Getxo_G1_20200624_20201103_SF40_s1_r1:ASV_107:e90b8d079c1cdbd88f7038cdf48ceb69cfad20d0,originalTaxonRank,,species,,,
ARMS_Getxo_G1_20200624_20201103_SF40_s1_r1:ASV_107:e90b8d079c1cdbd88f7038cdf48ceb69cfad20d0,originalScientificNameConfidenceLevel,,0.04,,,
ARMS_Getxo_G1_20200624_20201103_SF40_s1_r1:ASV_108:f2486ab30b78f195d43d8a83da4387f65ae73ba7,submergedTime,day,132,http://vocab.nerc.ac.uk/collection/P01/current/AZDRZZ01/,https://vocab.nerc.ac.uk/collection/P06/current/UTAA/,
ARMS_Getxo_G1_20200624_20201103_SF40_s1_r1:ASV_108:f2486ab30b78f195d43d8a83da4387f65ae73ba7,preservativeUsed,,DMSO,http://vocab.nerc.ac.uk/collection/Q01/current/Q0100004/,,https://pubchem.ncbi.nlm.nih.gov/compound/679
ARMS_Getxo_G1_20200624_20201103_SF40_s1_r1:ASV_108:f2486ab30b78f195d43d8a83da4387f65ae73ba7,lowerLimitFilterSize,micrometer,40,http://vocab.nerc.ac.uk/collection/Q01/current/Q0100011/,https://vocab.nerc.ac.uk/collection/P06/current/UMIC/,
ARMS_Getxo_G1_20200624_20201103_SF40_s1_r1:ASV_108:f2486ab30b78f195d43d8a83da4387f65ae73ba7,sampleAccessionNumber,,SAMEA10021243,,,
ARMS_Getxo_G1_20200624_20201103_SF40_s1_r1:ASV_108:f2486ab30b78f195d43d8a83da4387f65ae73ba7,NCBIID,,1582901,,,
ARMS_Getxo_G1_20200624_20201103_SF40_s1_r1:ASV_108:f2486ab30b78f195d43d8a83da4387f65ae73ba7,NCBIScientificName,,Monocorophium insidiosum,,,
ARMS_Getxo_G1_20200624_20201103_SF40_s1_r1:ASV_108:f2486ab30b78f195d43d8a83da4387f65ae73ba7,NCBITaxonRank,,species,,,
ARMS_Getxo_G1_20200624_20201103_SF40_s1_r1:ASV_108:f2486ab30b78f195d43d8a83da4387f65ae73ba7,fieldReplicateID,,ARMS_Getxo_G_20200624_20201103,http://vocab.nerc.ac.uk/collection/P01/current/IDSPRE01,,
ARMS_Getxo_G1_20200624_20201103_SF40_s1_r1:ASV_108:f2486ab30b78f195d43d8a83da4387f65ae73ba7,technicalReplicateID,,,http://vocab.nerc.ac.uk/collection/P01/current/IDTCRE01,,
ARMS_Getxo_G1_20200624_20201103_SF40_s1_r1:ASV_108:f2486ab30b78f195d43d8a83da4387f65ae73ba7,originalScientificName,,Monocorophium_insidiosum,,,
ARMS_Getxo_G1_20200624_20201103_SF40_s1_r1:ASV_108:f2486ab30b78f195d43d8a83da4387f65ae73ba7,originalTaxonRank,,species,,,
ARMS_Getxo_G1_20200624_20201103_SF40_s1_r1:ASV_108:f2486ab30b78f195d43d8a83da4387f65ae73ba7,originalScientificNameConfidenceLevel,,1.0,,,
ARMS_Getxo_G1_20200624_20201103_SF40_s1_r1:ASV_111:00c89e73b753eede3cc76209b2687c657f155037,submergedTime,day,132,http://vocab.nerc.ac.uk/collection/P01/current/AZDRZZ01/,https://vocab.nerc.ac.uk/collection/P06/current/UTAA/,
ARMS_Getxo_G1_20200624_20201103_SF40_s1_r1:ASV_111:00c89e73b753eede3cc76209b2687c657f155037,preservativeUsed,,DMSO,http://vocab.nerc.ac.uk/collection/Q01/current/Q0100004/,,https://pubchem.ncbi.nlm.nih.gov/compound/679
ARMS_Getxo_G1_20200624_20201103_SF40_s1_r1:ASV_111:00c89e73b753eede3cc76209b2687c657f155037,lowerLimitFilterSize,micrometer,40,http://vocab.nerc.ac.uk/collection/Q01/current/Q0100011/,https://vocab.nerc.ac.uk/collection/P06/current/UMIC/,
ARMS_Getxo_G1_20200624_20201103_SF40_s1_r1:ASV_111:00c89e73b753eede3cc76209b2687c657f155037,sampleAccessionNumber,,SAMEA10021243,,,
ARMS_Getxo_G1_20200624_20201103_SF40_s1_r1:ASV_111:00c89e73b753eede3cc76209b2687c657f155037,NCBIID,,377924,,,
ARMS_Getxo_G1_20200624_20201103_SF40_s1_r1:ASV_111:00c89e73b753eede3cc76209b2687c657f155037,NCBIScientificName,,Leucopitermes leucops,,,
ARMS_Getxo_G1_20200624_20201103_SF40_s1_r1:ASV_111:00c89e73b753eede3cc76209b2687c657f155037,NCBITaxonRank,,species,,,
ARMS_Getxo_G1_20200624_20201103_SF40_s1_r1:ASV_111:00c89e73b753eede3cc76209b2687c657f155037,fieldReplicateID,,ARMS_Getxo_G_20200624_20201103,http://vocab.nerc.ac.uk/collection/P01/current/IDSPRE01,,
ARMS_Getxo_G1_20200624_20201103_SF40_s1_r1:ASV_111:00c89e73b753eede3cc76209b2687c657f155037,technicalReplicateID,,,http://vocab.nerc.ac.uk/collection/P01/current/IDTCRE01,,
ARMS_Getxo_G1_20200624_20201103_SF40_s1_r1:ASV_111:00c89e73b753eede3cc76209b2687c657f155037,originalScientificName,,Leucopitermes_leucops,,,
ARMS_Getxo_G1_20200624_20201103_SF40_s1_r1:ASV_111:00c89e73b753eede3cc76209b2687c657f155037,originalTaxonRank,,species,,,
ARMS_Getxo_G1_20200624_20201103_SF40_s1_r1:ASV_111:00c89e73b753eede3cc76209b2687c657f155037,originalScientificNameConfidenceLevel,,0.03,,,
ARMS_Getxo_G1_20200624_20201103_SF40_s1_r1:ASV_112:028c5eda3f11aa7a00e9c94b74f37f066a66feb1,submergedTime,day,132,http://vocab.nerc.ac.uk/collection/P01/current/AZDRZZ01/,https://vocab.nerc.ac.uk/collection/P06/current/UTAA/,
ARMS_Getxo_G1_20200624_20201103_SF40_s1_r1:ASV_112:028c5eda3f11aa7a00e9c94b74f37f066a66feb1,preservativeUsed,,DMSO,http://vocab.nerc.ac.uk/collection/Q01/current/Q0100004/,,https://pubchem.ncbi.nlm.nih.gov/compound/679
ARMS_Getxo_G1_20200624_20201103_SF40_s1_r1:ASV_112:028c5eda3f11aa7a00e9c94b74f37f066a66feb1,lowerLimitFilterSize,micrometer,40,http://vocab.nerc.ac.uk/collection/Q01/current/Q0100011/,https://vocab.nerc.ac.uk/collection/P06/current/UMIC/,
ARMS_Getxo_G1_20200624_20201103_SF40_s1_r1:ASV_112:028c5eda3f11aa7a00e9c94b74f37f066a66feb1,sampleAccessionNumber,,SAMEA10021243,,,
ARMS_Getxo_G1_20200624_20201103_SF40_s1_r1:ASV_112:028c5eda3f11aa7a00e9c94b74f37f066a66feb1,NCBIID,,1266503,,,
ARMS_Getxo_G1_20200624_20201103_SF40_s1_r1:ASV_112:028c5eda3f11aa7a00e9c94b74f37f066a66feb1,NCBIScientificName,,Amobia erythrura,,,
ARMS_Getxo_G1_20200624_20201103_SF40_s1_r1:ASV_112:028c5eda3f11aa7a00e9c94b74f37f066a66feb1,NCBITaxonRank,,species,,,
ARMS_Getxo_G1_20200624_20201103_SF40_s1_r1:ASV_112:028c5eda3f11aa7a00e9c94b74f37f066a66feb1,fieldReplicateID,,ARMS_Getxo_G_20200624_20201103,http://vocab.nerc.ac.uk/collection/P01/current/IDSPRE01,,
ARMS_Getxo_G1_20200624_20201103_SF40_s1_r1:ASV_112:028c5eda3f11aa7a00e9c94b74f37f066a66feb1,technicalReplicateID,,,http://vocab.nerc.ac.uk/collection/P01/current/IDTCRE01,,
ARMS_Getxo_G1_20200624_20201103_SF40_s1_r1:ASV_112:028c5eda3f11aa7a00e9c94b74f37f066a66feb1,originalScientificName,,Amobia_erythrura,,,
ARMS_Getxo_G1_20200624_20201103_SF40_s1_r1:ASV_112:028c5eda3f11aa7a00e9c94b74f37f066a66feb1,originalTaxonRank,,species,,,
ARMS_Getxo_G1_20200624_20201103_SF40_s1_r1:ASV_112:028c5eda3f11aa7a00e9c94b74f37f066a66feb1,originalScientificNameConfidenceLevel,,0.0,,,
ARMS_Getxo_G1_20200624_20201103_SF40_s1_r1:ASV_113:031b306e27f5d24b450f83a09986f18f13b904ba,submergedTime,day,132,http://vocab.nerc.ac.uk/collection/P01/current/AZDRZZ01/,https://vocab.nerc.ac.uk/collection/P06/current/UTAA/,
ARMS_Getxo_G1_20200624_20201103_SF40_s1_r1:ASV_113:031b306e27f5d24b450f83a09986f18f13b904ba,preservativeUsed,,DMSO,http://vocab.nerc.ac.uk/collection/Q01/current/Q0100004/,,https://pubchem.ncbi.nlm.nih.gov/compound/679
ARMS_Getxo_G1_20200624_20201103_SF40_s1_r1:ASV_113:031b306e27f5d24b450f83a09986f18f13b904ba,lowerLimitFilterSize,micrometer,40,http://vocab.nerc.ac.uk/collection/Q01/current/Q0100011/,https://vocab.nerc.ac.uk/collection/P06/current/UMIC/,
ARMS_Getxo_G1_20200624_20201103_SF40_s1_r1:ASV_113:031b306e27f5d24b450f83a09986f18f13b904ba,sampleAccessionNumber,,SAMEA10021243,,,
ARMS_Getxo_G1_20200624_20201103_SF40_s1_r1:ASV_113:031b306e27f5d24b450f83a09986f18f13b904ba,NCBIID,,392300,,,
ARMS_Getxo_G1_20200624_20201103_SF40_s1_r1:ASV_113:031b306e27f5d24b450f83a09986f18f13b904ba,NCBIScientificName,,Histiona aroides,,,
ARMS_Getxo_G1_20200624_20201103_SF40_s1_r1:ASV_113:031b306e27f5d24b450f83a09986f18f13b904ba,NCBITaxonRank,,species,,,
ARMS_Getxo_G1_20200624_20201103_SF40_s1_r1:ASV_113:031b306e27f5d24b450f83a09986f18f13b904ba,fieldReplicateID,,ARMS_Getxo_G_20200624_20201103,http://vocab.nerc.ac.uk/collection/P01/current/IDSPRE01,,
ARMS_Getxo_G1_20200624_20201103_SF40_s1_r1:ASV_113:031b306e27f5d24b450f83a09986f18f13b904ba,technicalReplicateID,,,http://vocab.nerc.ac.uk/collection/P01/current/IDTCRE01,,
ARMS_Getxo_G1_20200624_20201103_SF40_s1_r1:ASV_113:031b306e27f5d24b450f83a09986f18f13b904ba,originalScientificName,,Histiona_aroides,,,
ARMS_Getxo_G1_20200624_20201103_SF40_s1_r1:ASV_113:031b306e27f5d24b450f83a09986f18f13b904ba,originalTaxonRank,,species,,,
ARMS_Getxo_G1_20200624_20201103_SF40_s1_r1:ASV_113:031b306e27f5d24b450f83a09986f18f13b904ba,originalScientificNameConfidenceLevel,,0.06,,,
ARMS_Getxo_G1_20200624_20201103_SF40_s1_r1:ASV_116:08ac52a26df23aca08c8d9fdae97f30558ef9e3d,submergedTime,day,132,http://vocab.nerc.ac.uk/collection/P01/current/AZDRZZ01/,https://vocab.nerc.ac.uk/collection/P06/current/UTAA/,
ARMS_Getxo_G1_20200624_20201103_SF40_s1_r1:ASV_116:08ac52a26df23aca08c8d9fdae97f30558ef9e3d,preservativeUsed,,DMSO,http://vocab.nerc.ac.uk/collection/Q01/current/Q0100004/,,https://pubchem.ncbi.nlm.nih.gov/compound/679
ARMS_Getxo_G1_20200624_20201103_SF40_s1_r1:ASV_116:08ac52a26df23aca08c8d9fdae97f30558ef9e3d,lowerLimitFilterSize,micrometer,40,http://vocab.nerc.ac.uk/collection/Q01/current/Q0100011/,https://vocab.nerc.ac.uk/collection/P06/current/UMIC/,
ARMS_Getxo_G1_20200624_20201103_SF40_s1_r1:ASV_116:08ac52a26df23aca08c8d9fdae97f30558ef9e3d,sampleAccessionNumber,,SAMEA10021243,,,
ARMS_Getxo_G1_20200624_20201103_SF40_s1_r1:ASV_116:08ac52a26df23aca08c8d9fdae97f30558ef9e3d,NCBIID,,381680,,,
ARMS_Getxo_G1_20200624_20201103_SF40_s1_r1:ASV_116:08ac52a26df23aca08c8d9fdae97f30558ef9e3d,NCBIScientificName,,Dictyota sandvicensis,,,
ARMS_Getxo_G1_20200624_20201103_SF40_s1_r1:ASV_116:08ac52a26df23aca08c8d9fdae97f30558ef9e3d,NCBITaxonRank,,species,,,
ARMS_Getxo_G1_20200624_20201103_SF40_s1_r1:ASV_116:08ac52a26df23aca08c8d9fdae97f30558ef9e3d,fieldReplicateID,,ARMS_Getxo_G_20200624_20201103,http://vocab.nerc.ac.uk/collection/P01/current/IDSPRE01,,
ARMS_Getxo_G1_20200624_20201103_SF40_s1_r1:ASV_116:08ac52a26df23aca08c8d9fdae97f30558ef9e3d,technicalReplicateID,,,http://vocab.nerc.ac.uk/collection/P01/current/IDTCRE01,,
ARMS_Getxo_G1_20200624_20201103_SF40_s1_r1:ASV_116:08ac52a26df23aca08c8d9fdae97f30558ef9e3d,originalScientificName,,Dictyota_sandvicensis,,,
ARMS_Getxo_G1_20200624_20201103_SF40_s1_r1:ASV_116:08ac52a26df23aca08c8d9fdae97f30558ef9e3d,originalTaxonRank,,species,,,
ARMS_Getxo_G1_20200624_20201103_SF40_s1_r1:ASV_116:08ac52a26df23aca08c8d9fdae97f30558ef9e3d,originalScientificNameConfidenceLevel,,0.09,,,
ARMS_Getxo_G1_20200624_20201103_SF40_s1_r1:ASV_117:090afa5835871c4cebaaaa3902fe40155461d7b9,submergedTime,day,132,http://vocab.nerc.ac.uk/collection/P01/current/AZDRZZ01/,https://vocab.nerc.ac.uk/collection/P06/current/UTAA/,
ARMS_Getxo_G1_20200624_20201103_SF40_s1_r1:ASV_117:090afa5835871c4cebaaaa3902fe40155461d7b9,preservativeUsed,,DMSO,http://vocab.nerc.ac.uk/collection/Q01/current/Q0100004/,,https://pubchem.ncbi.nlm.nih.gov/compound/679
ARMS_Getxo_G1_20200624_20201103_SF40_s1_r1:ASV_117:090afa5835871c4cebaaaa3902fe40155461d7b9,lowerLimitFilterSize,micrometer,40,http://vocab.nerc.ac.uk/collection/Q01/current/Q0100011/,https://vocab.nerc.ac.uk/collection/P06/current/UMIC/,
ARMS_Getxo_G1_20200624_20201103_SF40_s1_r1:ASV_117:090afa5835871c4cebaaaa3902fe40155461d7b9,sampleAccessionNumber,,SAMEA10021243,,,
ARMS_Getxo_G1_20200624_20201103_SF40_s1_r1:ASV_117:090afa5835871c4cebaaaa3902fe40155461d7b9,NCBIID,,874270,,,
ARMS_Getxo_G1_20200624_20201103_SF40_s1_r1:ASV_117:090afa5835871c4cebaaaa3902fe40155461d7b9,NCBIScientificName,,Pisidia longicornis,,,
ARMS_Getxo_G1_20200624_20201103_SF40_s1_r1:ASV_117:090afa5835871c4cebaaaa3902fe40155461d7b9,NCBITaxonRank,,species,,,
ARMS_Getxo_G1_20200624_20201103_SF40_s1_r1:ASV_117:090afa5835871c4cebaaaa3902fe40155461d7b9,fieldReplicateID,,ARMS_Getxo_G_20200624_20201103,http://vocab.nerc.ac.uk/collection/P01/current/IDSPRE01,,
ARMS_Getxo_G1_20200624_20201103_SF40_s1_r1:ASV_117:090afa5835871c4cebaaaa3902fe40155461d7b9,technicalReplicateID,,,http://vocab.nerc.ac.uk/collection/P01/current/IDTCRE01,,
ARMS_Getxo_G1_20200624_20201103_SF40_s1_r1:ASV_117:090afa5835871c4cebaaaa3902fe40155461d7b9,originalScientificName,,Pisidia_longicornis,,,
ARMS_Getxo_G1_20200624_20201103_SF40_s1_r1:ASV_117:090afa5835871c4cebaaaa3902fe40155461d7b9,originalTaxonRank,,species,,,
ARMS_Getxo_G1_20200624_20201103_SF40_s1_r1:ASV_117:090afa5835871c4cebaaaa3902fe40155461d7b9,originalScientificNameConfidenceLevel,,1.0,,,
ARMS_Getxo_G1_20200624_20201103_SF40_s1_r1:ASV_119:10ccc17039dee864d608f3e226508927a06c8383,submergedTime,day,132,http://vocab.nerc.ac.uk/collection/P01/current/AZDRZZ01/,https://vocab.nerc.ac.uk/collection/P06/current/UTAA/,
ARMS_Getxo_G1_20200624_20201103_SF40_s1_r1:ASV_119:10ccc17039dee864d608f3e226508927a06c8383,preservativeUsed,,DMSO,http://vocab.nerc.ac.uk/collection/Q01/current/Q0100004/,,https://pubchem.ncbi.nlm.nih.gov/compound/679
ARMS_Getxo_G1_20200624_20201103_SF40_s1_r1:ASV_119:10ccc17039dee864d608f3e226508927a06c8383,lowerLimitFilterSize,micrometer,40,http://vocab.nerc.ac.uk/collection/Q01/current/Q0100011/,https://vocab.nerc.ac.uk/collection/P06/current/UMIC/,
ARMS_Getxo_G1_20200624_20201103_SF40_s1_r1:ASV_119:10ccc17039dee864d608f3e226508927a06c8383,sampleAccessionNumber,,SAMEA10021243,,,
ARMS_Getxo_G1_20200624_20201103_SF40_s1_r1:ASV_119:10ccc17039dee864d608f3e226508927a06c8383,NCBIID,,10212,,,
ARMS_Getxo_G1_20200624_20201103_SF40_s1_r1:ASV_119:10ccc17039dee864d608f3e226508927a06c8383,NCBIScientificName,,Bugula neritina,,,
ARMS_Getxo_G1_20200624_20201103_SF40_s1_r1:ASV_119:10ccc17039dee864d608f3e226508927a06c8383,NCBITaxonRank,,species,,,
ARMS_Getxo_G1_20200624_20201103_SF40_s1_r1:ASV_119:10ccc17039dee864d608f3e226508927a06c8383,fieldReplicateID,,ARMS_Getxo_G_20200624_20201103,http://vocab.nerc.ac.uk/collection/P01/current/IDSPRE01,,
ARMS_Getxo_G1_20200624_20201103_SF40_s1_r1:ASV_119:10ccc17039dee864d608f3e226508927a06c8383,technicalReplicateID,,,http://vocab.nerc.ac.uk/collection/P01/current/IDTCRE01,,
ARMS_Getxo_G1_20200624_20201103_SF40_s1_r1:ASV_119:10ccc17039dee864d608f3e226508927a06c8383,originalScientificName,,Bugula_neritina,,,
ARMS_Getxo_G1_20200624_20201103_SF40_s1_r1:ASV_119:10ccc17039dee864d608f3e226508927a06c8383,originalTaxonRank,,species,,,
ARMS_Getxo_G1_20200624_20201103_SF40_s1_r1:ASV_119:10ccc17039dee864d608f3e226508927a06c8383,originalScientificNameConfidenceLevel,,1.0,,,
ARMS_Getxo_G1_20200624_20201103_SF40_s1_r1:ASV_123:2428a32a658367060e4cc7a69794a858fcb4a657,submergedTime,day,132,http://vocab.nerc.ac.uk/collection/P01/current/AZDRZZ01/,https://vocab.nerc.ac.uk/collection/P06/current/UTAA/,
ARMS_Getxo_G1_20200624_20201103_SF40_s1_r1:ASV_123:2428a32a658367060e4cc7a69794a858fcb4a657,preservativeUsed,,DMSO,http://vocab.nerc.ac.uk/collection/Q01/current/Q0100004/,,https://pubchem.ncbi.nlm.nih.gov/compound/679
ARMS_Getxo_G1_20200624_20201103_SF40_s1_r1:ASV_123:2428a32a658367060e4cc7a69794a858fcb4a657,lowerLimitFilterSize,micrometer,40,http://vocab.nerc.ac.uk/collection/Q01/current/Q0100011/,https://vocab.nerc.ac.uk/collection/P06/current/UMIC/,
ARMS_Getxo_G1_20200624_20201103_SF40_s1_r1:ASV_123:2428a32a658367060e4cc7a69794a858fcb4a657,sampleAccessionNumber,,SAMEA10021243,,,
ARMS_Getxo_G1_20200624_20201103_SF40_s1_r1:ASV_123:2428a32a658367060e4cc7a69794a858fcb4a657,NCBIID,,232741,,,
ARMS_Getxo_G1_20200624_20201103_SF40_s1_r1:ASV_123:2428a32a658367060e4cc7a69794a858fcb4a657,NCBIScientificName,,Barentsia gracilis,,,
ARMS_Getxo_G1_20200624_20201103_SF40_s1_r1:ASV_123:2428a32a658367060e4cc7a69794a858fcb4a657,NCBITaxonRank,,species,,,
ARMS_Getxo_G1_20200624_20201103_SF40_s1_r1:ASV_123:2428a32a658367060e4cc7a69794a858fcb4a657,fieldReplicateID,,ARMS_Getxo_G_20200624_20201103,http://vocab.nerc.ac.uk/collection/P01/current/IDSPRE01,,
ARMS_Getxo_G1_20200624_20201103_SF40_s1_r1:ASV_123:2428a32a658367060e4cc7a69794a858fcb4a657,technicalReplicateID,,,http://vocab.nerc.ac.uk/collection/P01/current/IDTCRE01,,
ARMS_Getxo_G1_20200624_20201103_SF40_s1_r1:ASV_123:2428a32a658367060e4cc7a69794a858fcb4a657,originalScientificName,,Barentsia_gracilis,,,
ARMS_Getxo_G1_20200624_20201103_SF40_s1_r1:ASV_123:2428a32a658367060e4cc7a69794a858fcb4a657,originalTaxonRank,,species,,,
ARMS_Getxo_G1_20200624_20201103_SF40_s1_r1:ASV_123:2428a32a658367060e4cc7a69794a858fcb4a657,originalScientificNameConfidenceLevel,,0.39,,,
ARMS_Getxo_G1_20200624_20201103_SF40_s1_r1:ASV_131:39ab861fd2ee9fe915cdcf1715217186436e061f,submergedTime,day,132,http://vocab.nerc.ac.uk/collection/P01/current/AZDRZZ01/,https://vocab.nerc.ac.uk/collection/P06/current/UTAA/,
ARMS_Getxo_G1_20200624_20201103_SF40_s1_r1:ASV_131:39ab861fd2ee9fe915cdcf1715217186436e061f,preservativeUsed,,DMSO,http://vocab.nerc.ac.uk/collection/Q01/current/Q0100004/,,https://pubchem.ncbi.nlm.nih.gov/compound/679
ARMS_Getxo_G1_20200624_20201103_SF40_s1_r1:ASV_131:39ab861fd2ee9fe915cdcf1715217186436e061f,lowerLimitFilterSize,micrometer,40,http://vocab.nerc.ac.uk/collection/Q01/current/Q0100011/,https://vocab.nerc.ac.uk/collection/P06/current/UMIC/,
ARMS_Getxo_G1_20200624_20201103_SF40_s1_r1:ASV_131:39ab861fd2ee9fe915cdcf1715217186436e061f,sampleAccessionNumber,,SAMEA10021243,,,
ARMS_Getxo_G1_20200624_20201103_SF40_s1_r1:ASV_131:39ab861fd2ee9fe915cdcf1715217186436e061f,NCBIID,,329437,,,
ARMS_Getxo_G1_20200624_20201103_SF40_s1_r1:ASV_131:39ab861fd2ee9fe915cdcf1715217186436e061f,NCBIScientificName,,Pterocirrus macroceros,,,
ARMS_Getxo_G1_20200624_20201103_SF40_s1_r1:ASV_131:39ab861fd2ee9fe915cdcf1715217186436e061f,NCBITaxonRank,,species,,,
ARMS_Getxo_G1_20200624_20201103_SF40_s1_r1:ASV_131:39ab861fd2ee9fe915cdcf1715217186436e061f,fieldReplicateID,,ARMS_Getxo_G_20200624_20201103,http://vocab.nerc.ac.uk/collection/P01/current/IDSPRE01,,
ARMS_Getxo_G1_20200624_20201103_SF40_s1_r1:ASV_131:39ab861fd2ee9fe915cdcf1715217186436e061f,technicalReplicateID,,,http://vocab.nerc.ac.uk/collection/P01/current/IDTCRE01,,
ARMS_Getxo_G1_20200624_20201103_SF40_s1_r1:ASV_131:39ab861fd2ee9fe915cdcf1715217186436e061f,originalScientificName,,Pterocirrus_macroceros,,,
ARMS_Getxo_G1_20200624_20201103_SF40_s1_r1:ASV_131:39ab861fd2ee9fe915cdcf1715217186436e061f,originalTaxonRank,,species,,,
ARMS_Getxo_G1_20200624_20201103_SF40_s1_r1:ASV_131:39ab861fd2ee9fe915cdcf1715217186436e061f,originalScientificNameConfidenceLevel,,1.0,,,
ARMS_Getxo_G1_20200624_20201103_SF40_s1_r1:ASV_137:589a7c39632de5d0c376995cfbf4df6ce72a227f,submergedTime,day,132,http://vocab.nerc.ac.uk/collection/P01/current/AZDRZZ01/,https://vocab.nerc.ac.uk/collection/P06/current/UTAA/,
ARMS_Getxo_G1_20200624_20201103_SF40_s1_r1:ASV_137:589a7c39632de5d0c376995cfbf4df6ce72a227f,preservativeUsed,,DMSO,http://vocab.nerc.ac.uk/collection/Q01/current/Q0100004/,,https://pubchem.ncbi.nlm.nih.gov/compound/679
ARMS_Getxo_G1_20200624_20201103_SF40_s1_r1:ASV_137:589a7c39632de5d0c376995cfbf4df6ce72a227f,lowerLimitFilterSize,micrometer,40,http://vocab.nerc.ac.uk/collection/Q01/current/Q0100011/,https://vocab.nerc.ac.uk/collection/P06/current/UMIC/,
ARMS_Getxo_G1_20200624_20201103_SF40_s1_r1:ASV_137:589a7c39632de5d0c376995cfbf4df6ce72a227f,sampleAccessionNumber,,SAMEA10021243,,,
ARMS_Getxo_G1_20200624_20201103_SF40_s1_r1:ASV_137:589a7c39632de5d0c376995cfbf4df6ce72a227f,NCBIID,,35121,,,
ARMS_Getxo_G1_20200624_20201103_SF40_s1_r1:ASV_137:589a7c39632de5d0c376995cfbf4df6ce72a227f,NCBIScientificName,,Macrocystis,,,
ARMS_Getxo_G1_20200624_20201103_SF40_s1_r1:ASV_137:589a7c39632de5d0c376995cfbf4df6ce72a227f,NCBITaxonRank,,genus,,,
ARMS_Getxo_G1_20200624_20201103_SF40_s1_r1:ASV_137:589a7c39632de5d0c376995cfbf4df6ce72a227f,fieldReplicateID,,ARMS_Getxo_G_20200624_20201103,http://vocab.nerc.ac.uk/collection/P01/current/IDSPRE01,,
ARMS_Getxo_G1_20200624_20201103_SF40_s1_r1:ASV_137:589a7c39632de5d0c376995cfbf4df6ce72a227f,technicalReplicateID,,,http://vocab.nerc.ac.uk/collection/P01/current/IDTCRE01,,
ARMS_Getxo_G1_20200624_20201103_SF40_s1_r1:ASV_137:589a7c39632de5d0c376995cfbf4df6ce72a227f,originalScientificName,,Macrocystis_integrifolia,,,
ARMS_Getxo_G1_20200624_20201103_SF40_s1_r1:ASV_137:589a7c39632de5d0c376995cfbf4df6ce72a227f,originalTaxonRank,,species,,,
ARMS_Getxo_G1_20200624_20201103_SF40_s1_r1:ASV_137:589a7c39632de5d0c376995cfbf4df6ce72a227f,originalScientificNameConfidenceLevel,,0.04,,,
ARMS_Getxo_G1_20200624_20201103_SF40_s1_r1:ASV_141:691dbb4d6f4f695382d9ec70205587398e31ae04,submergedTime,day,132,http://vocab.nerc.ac.uk/collection/P01/current/AZDRZZ01/,https://vocab.nerc.ac.uk/collection/P06/current/UTAA/,
ARMS_Getxo_G1_20200624_20201103_SF40_s1_r1:ASV_141:691dbb4d6f4f695382d9ec70205587398e31ae04,preservativeUsed,,DMSO,http://vocab.nerc.ac.uk/collection/Q01/current/Q0100004/,,https://pubchem.ncbi.nlm.nih.gov/compound/679
ARMS_Getxo_G1_20200624_20201103_SF40_s1_r1:ASV_141:691dbb4d6f4f695382d9ec70205587398e31ae04,lowerLimitFilterSize,micrometer,40,http://vocab.nerc.ac.uk/collection/Q01/current/Q0100011/,https://vocab.nerc.ac.uk/collection/P06/current/UMIC/,
ARMS_Getxo_G1_20200624_20201103_SF40_s1_r1:ASV_141:691dbb4d6f4f695382d9ec70205587398e31ae04,sampleAccessionNumber,,SAMEA10021243,,,
ARMS_Getxo_G1_20200624_20201103_SF40_s1_r1:ASV_141:691dbb4d6f4f695382d9ec70205587398e31ae04,NCBIID,,143451,,,
ARMS_Getxo_G1_20200624_20201103_SF40_s1_r1:ASV_141:691dbb4d6f4f695382d9ec70205587398e31ae04,NCBIScientificName,,Plasmopara viticola,,,
ARMS_Getxo_G1_20200624_20201103_SF40_s1_r1:ASV_141:691dbb4d6f4f695382d9ec70205587398e31ae04,NCBITaxonRank,,species,,,
ARMS_Getxo_G1_20200624_20201103_SF40_s1_r1:ASV_141:691dbb4d6f4f695382d9ec70205587398e31ae04,fieldReplicateID,,ARMS_Getxo_G_20200624_20201103,http://vocab.nerc.ac.uk/collection/P01/current/IDSPRE01,,
ARMS_Getxo_G1_20200624_20201103_SF40_s1_r1:ASV_141:691dbb4d6f4f695382d9ec70205587398e31ae04,technicalReplicateID,,,http://vocab.nerc.ac.uk/collection/P01/current/IDTCRE01,,
ARMS_Getxo_G1_20200624_20201103_SF40_s1_r1:ASV_141:691dbb4d6f4f695382d9ec70205587398e31ae04,originalScientificName,,Plasmopara_viticola,,,
ARMS_Getxo_G1_20200624_20201103_SF40_s1_r1:ASV_141:691dbb4d6f4f695382d9ec70205587398e31ae04,originalTaxonRank,,species,,,
ARMS_Getxo_G1_20200624_20201103_SF40_s1_r1:ASV_141:691dbb4d6f4f695382d9ec70205587398e31ae04,originalScientificNameConfidenceLevel,,0.07,,,
ARMS_Getxo_G1_20200624_20201103_SF40_s1_r1:ASV_143:78d17e0417ad1ad35fb0201b2cd366695b891eb8,submergedTime,day,132,http://vocab.nerc.ac.uk/collection/P01/current/AZDRZZ01/,https://vocab.nerc.ac.uk/collection/P06/current/UTAA/,
ARMS_Getxo_G1_20200624_20201103_SF40_s1_r1:ASV_143:78d17e0417ad1ad35fb0201b2cd366695b891eb8,preservativeUsed,,DMSO,http://vocab.nerc.ac.uk/collection/Q01/current/Q0100004/,,https://pubchem.ncbi.nlm.nih.gov/compound/679
ARMS_Getxo_G1_20200624_20201103_SF40_s1_r1:ASV_143:78d17e0417ad1ad35fb0201b2cd366695b891eb8,lowerLimitFilterSize,micrometer,40,http://vocab.nerc.ac.uk/collection/Q01/current/Q0100011/,https://vocab.nerc.ac.uk/collection/P06/current/UMIC/,
ARMS_Getxo_G1_20200624_20201103_SF40_s1_r1:ASV_143:78d17e0417ad1ad35fb0201b2cd366695b891eb8,sampleAccessionNumber,,SAMEA10021243,,,
ARMS_Getxo_G1_20200624_20201103_SF40_s1_r1:ASV_143:78d17e0417ad1ad35fb0201b2cd366695b891eb8,NCBIID,,71561,,,
ARMS_Getxo_G1_20200624_20201103_SF40_s1_r1:ASV_143:78d17e0417ad1ad35fb0201b2cd366695b891eb8,NCBIScientificName,,Taphrina flavorubra,,,
ARMS_Getxo_G1_20200624_20201103_SF40_s1_r1:ASV_143:78d17e0417ad1ad35fb0201b2cd366695b891eb8,NCBITaxonRank,,species,,,
ARMS_Getxo_G1_20200624_20201103_SF40_s1_r1:ASV_143:78d17e0417ad1ad35fb0201b2cd366695b891eb8,fieldReplicateID,,ARMS_Getxo_G_20200624_20201103,http://vocab.nerc.ac.uk/collection/P01/current/IDSPRE01,,
ARMS_Getxo_G1_20200624_20201103_SF40_s1_r1:ASV_143:78d17e0417ad1ad35fb0201b2cd366695b891eb8,technicalReplicateID,,,http://vocab.nerc.ac.uk/collection/P01/current/IDTCRE01,,
ARMS_Getxo_G1_20200624_20201103_SF40_s1_r1:ASV_143:78d17e0417ad1ad35fb0201b2cd366695b891eb8,originalScientificName,,Taphrina_flavorubra,,,
ARMS_Getxo_G1_20200624_20201103_SF40_s1_r1:ASV_143:78d17e0417ad1ad35fb0201b2cd366695b891eb8,originalTaxonRank,,species,,,
ARMS_Getxo_G1_20200624_20201103_SF40_s1_r1:ASV_143:78d17e0417ad1ad35fb0201b2cd366695b891eb8,originalScientificNameConfidenceLevel,,0.07,,,
ARMS_Getxo_G1_20200624_20201103_SF40_s1_r1:ASV_144:7a71803883af72d5ed5f881552ff3c00efceeee8,submergedTime,day,132,http://vocab.nerc.ac.uk/collection/P01/current/AZDRZZ01/,https://vocab.nerc.ac.uk/collection/P06/current/UTAA/,
ARMS_Getxo_G1_20200624_20201103_SF40_s1_r1:ASV_144:7a71803883af72d5ed5f881552ff3c00efceeee8,preservativeUsed,,DMSO,http://vocab.nerc.ac.uk/collection/Q01/current/Q0100004/,,https://pubchem.ncbi.nlm.nih.gov/compound/679
ARMS_Getxo_G1_20200624_20201103_SF40_s1_r1:ASV_144:7a71803883af72d5ed5f881552ff3c00efceeee8,lowerLimitFilterSize,micrometer,40,http://vocab.nerc.ac.uk/collection/Q01/current/Q0100011/,https://vocab.nerc.ac.uk/collection/P06/current/UMIC/,
ARMS_Getxo_G1_20200624_20201103_SF40_s1_r1:ASV_144:7a71803883af72d5ed5f881552ff3c00efceeee8,sampleAccessionNumber,,SAMEA10021243,,,
ARMS_Getxo_G1_20200624_20201103_SF40_s1_r1:ASV_144:7a71803883af72d5ed5f881552ff3c00efceeee8,NCBIID,,1815224,,,
ARMS_Getxo_G1_20200624_20201103_SF40_s1_r1:ASV_144:7a71803883af72d5ed5f881552ff3c00efceeee8,NCBIScientificName,,Ophiothrix armata,,,
ARMS_Getxo_G1_20200624_20201103_SF40_s1_r1:ASV_144:7a71803883af72d5ed5f881552ff3c00efceeee8,NCBITaxonRank,,species,,,
ARMS_Getxo_G1_20200624_20201103_SF40_s1_r1:ASV_144:7a71803883af72d5ed5f881552ff3c00efceeee8,fieldReplicateID,,ARMS_Getxo_G_20200624_20201103,http://vocab.nerc.ac.uk/collection/P01/current/IDSPRE01,,
ARMS_Getxo_G1_20200624_20201103_SF40_s1_r1:ASV_144:7a71803883af72d5ed5f881552ff3c00efceeee8,technicalReplicateID,,,http://vocab.nerc.ac.uk/collection/P01/current/IDTCRE01,,
ARMS_Getxo_G1_20200624_20201103_SF40_s1_r1:ASV_144:7a71803883af72d5ed5f881552ff3c00efceeee8,originalScientificName,,Ophiothrix_armata,,,
ARMS_Getxo_G1_20200624_20201103_SF40_s1_r1:ASV_144:7a71803883af72d5ed5f881552ff3c00efceeee8,originalTaxonRank,,species,,,
ARMS_Getxo_G1_20200624_20201103_SF40_s1_r1:ASV_144:7a71803883af72d5ed5f881552ff3c00efceeee8,originalScientificNameConfidenceLevel,,0.08,,,
ARMS_Getxo_G1_20200624_20201103_SF40_s1_r1:ASV_145:7dae479c9ee9fc2eb60c961e95f9c1fbc86ddad3,submergedTime,day,132,http://vocab.nerc.ac.uk/collection/P01/current/AZDRZZ01/,https://vocab.nerc.ac.uk/collection/P06/current/UTAA/,
ARMS_Getxo_G1_20200624_20201103_SF40_s1_r1:ASV_145:7dae479c9ee9fc2eb60c961e95f9c1fbc86ddad3,preservativeUsed,,DMSO,http://vocab.nerc.ac.uk/collection/Q01/current/Q0100004/,,https://pubchem.ncbi.nlm.nih.gov/compound/679
ARMS_Getxo_G1_20200624_20201103_SF40_s1_r1:ASV_145:7dae479c9ee9fc2eb60c961e95f9c1fbc86ddad3,lowerLimitFilterSize,micrometer,40,http://vocab.nerc.ac.uk/collection/Q01/current/Q0100011/,https://vocab.nerc.ac.uk/collection/P06/current/UMIC/,
ARMS_Getxo_G1_20200624_20201103_SF40_s1_r1:ASV_145:7dae479c9ee9fc2eb60c961e95f9c1fbc86ddad3,sampleAccessionNumber,,SAMEA10021243,,,
ARMS_Getxo_G1_20200624_20201103_SF40_s1_r1:ASV_145:7dae479c9ee9fc2eb60c961e95f9c1fbc86ddad3,NCBIID,,164058,,,
ARMS_Getxo_G1_20200624_20201103_SF40_s1_r1:ASV_145:7dae479c9ee9fc2eb60c961e95f9c1fbc86ddad3,NCBIScientificName,,Polyopes tenuis,,,
ARMS_Getxo_G1_20200624_20201103_SF40_s1_r1:ASV_145:7dae479c9ee9fc2eb60c961e95f9c1fbc86ddad3,NCBITaxonRank,,species,,,
ARMS_Getxo_G1_20200624_20201103_SF40_s1_r1:ASV_145:7dae479c9ee9fc2eb60c961e95f9c1fbc86ddad3,fieldReplicateID,,ARMS_Getxo_G_20200624_20201103,http://vocab.nerc.ac.uk/collection/P01/current/IDSPRE01,,
ARMS_Getxo_G1_20200624_20201103_SF40_s1_r1:ASV_145:7dae479c9ee9fc2eb60c961e95f9c1fbc86ddad3,technicalReplicateID,,,http://vocab.nerc.ac.uk/collection/P01/current/IDTCRE01,,
ARMS_Getxo_G1_20200624_20201103_SF40_s1_r1:ASV_145:7dae479c9ee9fc2eb60c961e95f9c1fbc86ddad3,originalScientificName,,Polyopes_tenuis,,,
ARMS_Getxo_G1_20200624_20201103_SF40_s1_r1:ASV_145:7dae479c9ee9fc2eb60c961e95f9c1fbc86ddad3,originalTaxonRank,,species,,,
ARMS_Getxo_G1_20200624_20201103_SF40_s1_r1:ASV_145:7dae479c9ee9fc2eb60c961e95f9c1fbc86ddad3,originalScientificNameConfidenceLevel,,0.04,,,
ARMS_Getxo_G1_20200624_20201103_SF40_s1_r1:ASV_151:8ebc8036a3651a0ebdfac8eba191b7e2d525fc18,submergedTime,day,132,http://vocab.nerc.ac.uk/collection/P01/current/AZDRZZ01/,https://vocab.nerc.ac.uk/collection/P06/current/UTAA/,
ARMS_Getxo_G1_20200624_20201103_SF40_s1_r1:ASV_151:8ebc8036a3651a0ebdfac8eba191b7e2d525fc18,preservativeUsed,,DMSO,http://vocab.nerc.ac.uk/collection/Q01/current/Q0100004/,,https://pubchem.ncbi.nlm.nih.gov/compound/679
ARMS_Getxo_G1_20200624_20201103_SF40_s1_r1:ASV_151:8ebc8036a3651a0ebdfac8eba191b7e2d525fc18,lowerLimitFilterSize,micrometer,40,http://vocab.nerc.ac.uk/collection/Q01/current/Q0100011/,https://vocab.nerc.ac.uk/collection/P06/current/UMIC/,
ARMS_Getxo_G1_20200624_20201103_SF40_s1_r1:ASV_151:8ebc8036a3651a0ebdfac8eba191b7e2d525fc18,sampleAccessionNumber,,SAMEA10021243,,,
ARMS_Getxo_G1_20200624_20201103_SF40_s1_r1:ASV_151:8ebc8036a3651a0ebdfac8eba191b7e2d525fc18,NCBIID,,461198,,,
ARMS_Getxo_G1_20200624_20201103_SF40_s1_r1:ASV_151:8ebc8036a3651a0ebdfac8eba191b7e2d525fc18,NCBIScientificName,,Oxynoemacheilus merga,,,
ARMS_Getxo_G1_20200624_20201103_SF40_s1_r1:ASV_151:8ebc8036a3651a0ebdfac8eba191b7e2d525fc18,NCBITaxonRank,,species,,,
ARMS_Getxo_G1_20200624_20201103_SF40_s1_r1:ASV_151:8ebc8036a3651a0ebdfac8eba191b7e2d525fc18,fieldReplicateID,,ARMS_Getxo_G_20200624_20201103,http://vocab.nerc.ac.uk/collection/P01/current/IDSPRE01,,
ARMS_Getxo_G1_20200624_20201103_SF40_s1_r1:ASV_151:8ebc8036a3651a0ebdfac8eba191b7e2d525fc18,technicalReplicateID,,,http://vocab.nerc.ac.uk/collection/P01/current/IDTCRE01,,
ARMS_Getxo_G1_20200624_20201103_SF40_s1_r1:ASV_151:8ebc8036a3651a0ebdfac8eba191b7e2d525fc18,originalScientificName,,Oxynoemacheilus_merga,,,
ARMS_Getxo_G1_20200624_20201103_SF40_s1_r1:ASV_151:8ebc8036a3651a0ebdfac8eba191b7e2d525fc18,originalTaxonRank,,species,,,
ARMS_Getxo_G1_20200624_20201103_SF40_s1_r1:ASV_151:8ebc8036a3651a0ebdfac8eba191b7e2d525fc18,originalScientificNameConfidenceLevel,,0.04,,,
ARMS_Getxo_G1_20200624_20201103_SF40_s1_r1:ASV_155:9869d9001a223de7d655100b4961e1916bbd2900,submergedTime,day,132,http://vocab.nerc.ac.uk/collection/P01/current/AZDRZZ01/,https://vocab.nerc.ac.uk/collection/P06/current/UTAA/,
ARMS_Getxo_G1_20200624_20201103_SF40_s1_r1:ASV_155:9869d9001a223de7d655100b4961e1916bbd2900,preservativeUsed,,DMSO,http://vocab.nerc.ac.uk/collection/Q01/current/Q0100004/,,https://pubchem.ncbi.nlm.nih.gov/compound/679
ARMS_Getxo_G1_20200624_20201103_SF40_s1_r1:ASV_155:9869d9001a223de7d655100b4961e1916bbd2900,lowerLimitFilterSize,micrometer,40,http://vocab.nerc.ac.uk/collection/Q01/current/Q0100011/,https://vocab.nerc.ac.uk/collection/P06/current/UMIC/,
ARMS_Getxo_G1_20200624_20201103_SF40_s1_r1:ASV_155:9869d9001a223de7d655100b4961e1916bbd2900,sampleAccessionNumber,,SAMEA10021243,,,
ARMS_Getxo_G1_20200624_20201103_SF40_s1_r1:ASV_155:9869d9001a223de7d655100b4961e1916bbd2900,NCBIID,,58798,,,
ARMS_Getxo_G1_20200624_20201103_SF40_s1_r1:ASV_155:9869d9001a223de7d655100b4961e1916bbd2900,NCBIScientificName,,Calicogorgia granulosa,,,
ARMS_Getxo_G1_20200624_20201103_SF40_s1_r1:ASV_155:9869d9001a223de7d655100b4961e1916bbd2900,NCBITaxonRank,,species,,,
ARMS_Getxo_G1_20200624_20201103_SF40_s1_r1:ASV_155:9869d9001a223de7d655100b4961e1916bbd2900,fieldReplicateID,,ARMS_Getxo_G_20200624_20201103,http://vocab.nerc.ac.uk/collection/P01/current/IDSPRE01,,
ARMS_Getxo_G1_20200624_20201103_SF40_s1_r1:ASV_155:9869d9001a223de7d655100b4961e1916bbd2900,technicalReplicateID,,,http://vocab.nerc.ac.uk/collection/P01/current/IDTCRE01,,
ARMS_Getxo_G1_20200624_20201103_SF40_s1_r1:ASV_155:9869d9001a223de7d655100b4961e1916bbd2900,originalScientificName,,Calicogorgia_granulosa,,,
ARMS_Getxo_G1_20200624_20201103_SF40_s1_r1:ASV_155:9869d9001a223de7d655100b4961e1916bbd2900,originalTaxonRank,,species,,,
ARMS_Getxo_G1_20200624_20201103_SF40_s1_r1:ASV_155:9869d9001a223de7d655100b4961e1916bbd2900,originalScientificNameConfidenceLevel,,0.01,,,
ARMS_Getxo_G1_20200624_20201103_SF40_s1_r1:ASV_160:b119f5d8cc1171140bac5ebeaab23f6d75fb75d6,submergedTime,day,132,http://vocab.nerc.ac.uk/collection/P01/current/AZDRZZ01/,https://vocab.nerc.ac.uk/collection/P06/current/UTAA/,
ARMS_Getxo_G1_20200624_20201103_SF40_s1_r1:ASV_160:b119f5d8cc1171140bac5ebeaab23f6d75fb75d6,preservativeUsed,,DMSO,http://vocab.nerc.ac.uk/collection/Q01/current/Q0100004/,,https://pubchem.ncbi.nlm.nih.gov/compound/679
ARMS_Getxo_G1_20200624_20201103_SF40_s1_r1:ASV_160:b119f5d8cc1171140bac5ebeaab23f6d75fb75d6,lowerLimitFilterSize,micrometer,40,http://vocab.nerc.ac.uk/collection/Q01/current/Q0100011/,https://vocab.nerc.ac.uk/collection/P06/current/UMIC/,
ARMS_Getxo_G1_20200624_20201103_SF40_s1_r1:ASV_160:b119f5d8cc1171140bac5ebeaab23f6d75fb75d6,sampleAccessionNumber,,SAMEA10021243,,,
ARMS_Getxo_G1_20200624_20201103_SF40_s1_r1:ASV_160:b119f5d8cc1171140bac5ebeaab23f6d75fb75d6,NCBIID,,392300,,,
ARMS_Getxo_G1_20200624_20201103_SF40_s1_r1:ASV_160:b119f5d8cc1171140bac5ebeaab23f6d75fb75d6,NCBIScientificName,,Histiona aroides,,,
ARMS_Getxo_G1_20200624_20201103_SF40_s1_r1:ASV_160:b119f5d8cc1171140bac5ebeaab23f6d75fb75d6,NCBITaxonRank,,species,,,
ARMS_Getxo_G1_20200624_20201103_SF40_s1_r1:ASV_160:b119f5d8cc1171140bac5ebeaab23f6d75fb75d6,fieldReplicateID,,ARMS_Getxo_G_20200624_20201103,http://vocab.nerc.ac.uk/collection/P01/current/IDSPRE01,,
ARMS_Getxo_G1_20200624_20201103_SF40_s1_r1:ASV_160:b119f5d8cc1171140bac5ebeaab23f6d75fb75d6,technicalReplicateID,,,http://vocab.nerc.ac.uk/collection/P01/current/IDTCRE01,,
ARMS_Getxo_G1_20200624_20201103_SF40_s1_r1:ASV_160:b119f5d8cc1171140bac5ebeaab23f6d75fb75d6,originalScientificName,,Histiona_aroides,,,
ARMS_Getxo_G1_20200624_20201103_SF40_s1_r1:ASV_160:b119f5d8cc1171140bac5ebeaab23f6d75fb75d6,originalTaxonRank,,species,,,
ARMS_Getxo_G1_20200624_20201103_SF40_s1_r1:ASV_160:b119f5d8cc1171140bac5ebeaab23f6d75fb75d6,originalScientificNameConfidenceLevel,,0.05,,,
ARMS_Getxo_G1_20200624_20201103_SF40_s1_r1:ASV_163:b70546c5fba4fa44c68b06cc501c568f614b2c5f,submergedTime,day,132,http://vocab.nerc.ac.uk/collection/P01/current/AZDRZZ01/,https://vocab.nerc.ac.uk/collection/P06/current/UTAA/,
ARMS_Getxo_G1_20200624_20201103_SF40_s1_r1:ASV_163:b70546c5fba4fa44c68b06cc501c568f614b2c5f,preservativeUsed,,DMSO,http://vocab.nerc.ac.uk/collection/Q01/current/Q0100004/,,https://pubchem.ncbi.nlm.nih.gov/compound/679
ARMS_Getxo_G1_20200624_20201103_SF40_s1_r1:ASV_163:b70546c5fba4fa44c68b06cc501c568f614b2c5f,lowerLimitFilterSize,micrometer,40,http://vocab.nerc.ac.uk/collection/Q01/current/Q0100011/,https://vocab.nerc.ac.uk/collection/P06/current/UMIC/,
ARMS_Getxo_G1_20200624_20201103_SF40_s1_r1:ASV_163:b70546c5fba4fa44c68b06cc501c568f614b2c5f,sampleAccessionNumber,,SAMEA10021243,,,
ARMS_Getxo_G1_20200624_20201103_SF40_s1_r1:ASV_163:b70546c5fba4fa44c68b06cc501c568f614b2c5f,NCBIID,,179961,,,
ARMS_Getxo_G1_20200624_20201103_SF40_s1_r1:ASV_163:b70546c5fba4fa44c68b06cc501c568f614b2c5f,NCBIScientificName,,Peringia ulvae,,,
ARMS_Getxo_G1_20200624_20201103_SF40_s1_r1:ASV_163:b70546c5fba4fa44c68b06cc501c568f614b2c5f,NCBITaxonRank,,species,,,
ARMS_Getxo_G1_20200624_20201103_SF40_s1_r1:ASV_163:b70546c5fba4fa44c68b06cc501c568f614b2c5f,fieldReplicateID,,ARMS_Getxo_G_20200624_20201103,http://vocab.nerc.ac.uk/collection/P01/current/IDSPRE01,,
ARMS_Getxo_G1_20200624_20201103_SF40_s1_r1:ASV_163:b70546c5fba4fa44c68b06cc501c568f614b2c5f,technicalReplicateID,,,http://vocab.nerc.ac.uk/collection/P01/current/IDTCRE01,,
ARMS_Getxo_G1_20200624_20201103_SF40_s1_r1:ASV_163:b70546c5fba4fa44c68b06cc501c568f614b2c5f,originalScientificName,,Peringia_ulvae,,,
ARMS_Getxo_G1_20200624_20201103_SF40_s1_r1:ASV_163:b70546c5fba4fa44c68b06cc501c568f614b2c5f,originalTaxonRank,,species,,,
ARMS_Getxo_G1_20200624_20201103_SF40_s1_r1:ASV_163:b70546c5fba4fa44c68b06cc501c568f614b2c5f,originalScientificNameConfidenceLevel,,1.0,,,
ARMS_Getxo_G1_20200624_20201103_SF40_s1_r1:ASV_169:c7812e3c8d8ca36f94e19985997b5beda521abfe,submergedTime,day,132,http://vocab.nerc.ac.uk/collection/P01/current/AZDRZZ01/,https://vocab.nerc.ac.uk/collection/P06/current/UTAA/,
ARMS_Getxo_G1_20200624_20201103_SF40_s1_r1:ASV_169:c7812e3c8d8ca36f94e19985997b5beda521abfe,preservativeUsed,,DMSO,http://vocab.nerc.ac.uk/collection/Q01/current/Q0100004/,,https://pubchem.ncbi.nlm.nih.gov/compound/679
ARMS_Getxo_G1_20200624_20201103_SF40_s1_r1:ASV_169:c7812e3c8d8ca36f94e19985997b5beda521abfe,lowerLimitFilterSize,micrometer,40,http://vocab.nerc.ac.uk/collection/Q01/current/Q0100011/,https://vocab.nerc.ac.uk/collection/P06/current/UMIC/,
ARMS_Getxo_G1_20200624_20201103_SF40_s1_r1:ASV_169:c7812e3c8d8ca36f94e19985997b5beda521abfe,sampleAccessionNumber,,SAMEA10021243,,,
ARMS_Getxo_G1_20200624_20201103_SF40_s1_r1:ASV_169:c7812e3c8d8ca36f94e19985997b5beda521abfe,NCBIID,,74035,,,
ARMS_Getxo_G1_20200624_20201103_SF40_s1_r1:ASV_169:c7812e3c8d8ca36f94e19985997b5beda521abfe,NCBIScientificName,,Arthroderma uncinatum,,,
ARMS_Getxo_G1_20200624_20201103_SF40_s1_r1:ASV_169:c7812e3c8d8ca36f94e19985997b5beda521abfe,NCBITaxonRank,,species,,,
ARMS_Getxo_G1_20200624_20201103_SF40_s1_r1:ASV_169:c7812e3c8d8ca36f94e19985997b5beda521abfe,fieldReplicateID,,ARMS_Getxo_G_20200624_20201103,http://vocab.nerc.ac.uk/collection/P01/current/IDSPRE01,,
ARMS_Getxo_G1_20200624_20201103_SF40_s1_r1:ASV_169:c7812e3c8d8ca36f94e19985997b5beda521abfe,technicalReplicateID,,,http://vocab.nerc.ac.uk/collection/P01/current/IDTCRE01,,
ARMS_Getxo_G1_20200624_20201103_SF40_s1_r1:ASV_169:c7812e3c8d8ca36f94e19985997b5beda521abfe,originalScientificName,,Arthroderma_uncinatum,,,
ARMS_Getxo_G1_20200624_20201103_SF40_s1_r1:ASV_169:c7812e3c8d8ca36f94e19985997b5beda521abfe,originalTaxonRank,,species,,,
ARMS_Getxo_G1_20200624_20201103_SF40_s1_r1:ASV_169:c7812e3c8d8ca36f94e19985997b5beda521abfe,originalScientificNameConfidenceLevel,,0.12,,,
ARMS_Getxo_G1_20200624_20201103_SF40_s1_r1:ASV_172:d67e8737989abca86fcd7f0bddc85d19065fe87d,submergedTime,day,132,http://vocab.nerc.ac.uk/collection/P01/current/AZDRZZ01/,https://vocab.nerc.ac.uk/collection/P06/current/UTAA/,
ARMS_Getxo_G1_20200624_20201103_SF40_s1_r1:ASV_172:d67e8737989abca86fcd7f0bddc85d19065fe87d,preservativeUsed,,DMSO,http://vocab.nerc.ac.uk/collection/Q01/current/Q0100004/,,https://pubchem.ncbi.nlm.nih.gov/compound/679
ARMS_Getxo_G1_20200624_20201103_SF40_s1_r1:ASV_172:d67e8737989abca86fcd7f0bddc85d19065fe87d,lowerLimitFilterSize,micrometer,40,http://vocab.nerc.ac.uk/collection/Q01/current/Q0100011/,https://vocab.nerc.ac.uk/collection/P06/current/UMIC/,
ARMS_Getxo_G1_20200624_20201103_SF40_s1_r1:ASV_172:d67e8737989abca86fcd7f0bddc85d19065fe87d,sampleAccessionNumber,,SAMEA10021243,,,
ARMS_Getxo_G1_20200624_20201103_SF40_s1_r1:ASV_172:d67e8737989abca86fcd7f0bddc85d19065fe87d,NCBIID,,2492673,,,
ARMS_Getxo_G1_20200624_20201103_SF40_s1_r1:ASV_172:d67e8737989abca86fcd7f0bddc85d19065fe87d,NCBIScientificName,,Ptilophora wilsonii,,,
ARMS_Getxo_G1_20200624_20201103_SF40_s1_r1:ASV_172:d67e8737989abca86fcd7f0bddc85d19065fe87d,NCBITaxonRank,,species,,,
ARMS_Getxo_G1_20200624_20201103_SF40_s1_r1:ASV_172:d67e8737989abca86fcd7f0bddc85d19065fe87d,fieldReplicateID,,ARMS_Getxo_G_20200624_20201103,http://vocab.nerc.ac.uk/collection/P01/current/IDSPRE01,,
ARMS_Getxo_G1_20200624_20201103_SF40_s1_r1:ASV_172:d67e8737989abca86fcd7f0bddc85d19065fe87d,technicalReplicateID,,,http://vocab.nerc.ac.uk/collection/P01/current/IDTCRE01,,
ARMS_Getxo_G1_20200624_20201103_SF40_s1_r1:ASV_172:d67e8737989abca86fcd7f0bddc85d19065fe87d,originalScientificName,,Ptilophora_wilsonii,,,
ARMS_Getxo_G1_20200624_20201103_SF40_s1_r1:ASV_172:d67e8737989abca86fcd7f0bddc85d19065fe87d,originalTaxonRank,,species,,,
ARMS_Getxo_G1_20200624_20201103_SF40_s1_r1:ASV_172:d67e8737989abca86fcd7f0bddc85d19065fe87d,originalScientificNameConfidenceLevel,,0.06,,,
ARMS_Getxo_G1_20200624_20201103_SF40_s1_r1:ASV_173:d6fdc033ade02429fbfdbdf0d53f0559da6f705e,submergedTime,day,132,http://vocab.nerc.ac.uk/collection/P01/current/AZDRZZ01/,https://vocab.nerc.ac.uk/collection/P06/current/UTAA/,
ARMS_Getxo_G1_20200624_20201103_SF40_s1_r1:ASV_173:d6fdc033ade02429fbfdbdf0d53f0559da6f705e,preservativeUsed,,DMSO,http://vocab.nerc.ac.uk/collection/Q01/current/Q0100004/,,https://pubchem.ncbi.nlm.nih.gov/compound/679
ARMS_Getxo_G1_20200624_20201103_SF40_s1_r1:ASV_173:d6fdc033ade02429fbfdbdf0d53f0559da6f705e,lowerLimitFilterSize,micrometer,40,http://vocab.nerc.ac.uk/collection/Q01/current/Q0100011/,https://vocab.nerc.ac.uk/collection/P06/current/UMIC/,
ARMS_Getxo_G1_20200624_20201103_SF40_s1_r1:ASV_173:d6fdc033ade02429fbfdbdf0d53f0559da6f705e,sampleAccessionNumber,,SAMEA10021243,,,
ARMS_Getxo_G1_20200624_20201103_SF40_s1_r1:ASV_173:d6fdc033ade02429fbfdbdf0d53f0559da6f705e,NCBIID,,392300,,,
ARMS_Getxo_G1_20200624_20201103_SF40_s1_r1:ASV_173:d6fdc033ade02429fbfdbdf0d53f0559da6f705e,NCBIScientificName,,Histiona aroides,,,
ARMS_Getxo_G1_20200624_20201103_SF40_s1_r1:ASV_173:d6fdc033ade02429fbfdbdf0d53f0559da6f705e,NCBITaxonRank,,species,,,
ARMS_Getxo_G1_20200624_20201103_SF40_s1_r1:ASV_173:d6fdc033ade02429fbfdbdf0d53f0559da6f705e,fieldReplicateID,,ARMS_Getxo_G_20200624_20201103,http://vocab.nerc.ac.uk/collection/P01/current/IDSPRE01,,
ARMS_Getxo_G1_20200624_20201103_SF40_s1_r1:ASV_173:d6fdc033ade02429fbfdbdf0d53f0559da6f705e,technicalReplicateID,,,http://vocab.nerc.ac.uk/collection/P01/current/IDTCRE01,,
ARMS_Getxo_G1_20200624_20201103_SF40_s1_r1:ASV_173:d6fdc033ade02429fbfdbdf0d53f0559da6f705e,originalScientificName,,Histiona_aroides,,,
ARMS_Getxo_G1_20200624_20201103_SF40_s1_r1:ASV_173:d6fdc033ade02429fbfdbdf0d53f0559da6f705e,originalTaxonRank,,species,,,
ARMS_Getxo_G1_20200624_20201103_SF40_s1_r1:ASV_173:d6fdc033ade02429fbfdbdf0d53f0559da6f705e,originalScientificNameConfidenceLevel,,0.33,,,
ARMS_Getxo_G1_20200624_20201103_SF40_s1_r1:ASV_176:f11714ee9f0efcd04c46009175923307bd76e03d,submergedTime,day,132,http://vocab.nerc.ac.uk/collection/P01/current/AZDRZZ01/,https://vocab.nerc.ac.uk/collection/P06/current/UTAA/,
ARMS_Getxo_G1_20200624_20201103_SF40_s1_r1:ASV_176:f11714ee9f0efcd04c46009175923307bd76e03d,preservativeUsed,,DMSO,http://vocab.nerc.ac.uk/collection/Q01/current/Q0100004/,,https://pubchem.ncbi.nlm.nih.gov/compound/679
ARMS_Getxo_G1_20200624_20201103_SF40_s1_r1:ASV_176:f11714ee9f0efcd04c46009175923307bd76e03d,lowerLimitFilterSize,micrometer,40,http://vocab.nerc.ac.uk/collection/Q01/current/Q0100011/,https://vocab.nerc.ac.uk/collection/P06/current/UMIC/,
ARMS_Getxo_G1_20200624_20201103_SF40_s1_r1:ASV_176:f11714ee9f0efcd04c46009175923307bd76e03d,sampleAccessionNumber,,SAMEA10021243,,,
ARMS_Getxo_G1_20200624_20201103_SF40_s1_r1:ASV_176:f11714ee9f0efcd04c46009175923307bd76e03d,NCBIID,,1150633,,,
ARMS_Getxo_G1_20200624_20201103_SF40_s1_r1:ASV_176:f11714ee9f0efcd04c46009175923307bd76e03d,NCBIScientificName,,Dictyota grossedentata,,,
ARMS_Getxo_G1_20200624_20201103_SF40_s1_r1:ASV_176:f11714ee9f0efcd04c46009175923307bd76e03d,NCBITaxonRank,,species,,,
ARMS_Getxo_G1_20200624_20201103_SF40_s1_r1:ASV_176:f11714ee9f0efcd04c46009175923307bd76e03d,fieldReplicateID,,ARMS_Getxo_G_20200624_20201103,http://vocab.nerc.ac.uk/collection/P01/current/IDSPRE01,,
ARMS_Getxo_G1_20200624_20201103_SF40_s1_r1:ASV_176:f11714ee9f0efcd04c46009175923307bd76e03d,technicalReplicateID,,,http://vocab.nerc.ac.uk/collection/P01/current/IDTCRE01,,
ARMS_Getxo_G1_20200624_20201103_SF40_s1_r1:ASV_176:f11714ee9f0efcd04c46009175923307bd76e03d,originalScientificName,,Dictyota_grossedentata,,,
ARMS_Getxo_G1_20200624_20201103_SF40_s1_r1:ASV_176:f11714ee9f0efcd04c46009175923307bd76e03d,originalTaxonRank,,species,,,
ARMS_Getxo_G1_20200624_20201103_SF40_s1_r1:ASV_176:f11714ee9f0efcd04c46009175923307bd76e03d,originalScientificNameConfidenceLevel,,0.07,,,
ARMS_Getxo_G1_20200624_20201103_SF40_s1_r1:ASV_178:f881d387f821e2a10a6ac3a209d8f5fe41f871f7,submergedTime,day,132,http://vocab.nerc.ac.uk/collection/P01/current/AZDRZZ01/,https://vocab.nerc.ac.uk/collection/P06/current/UTAA/,
ARMS_Getxo_G1_20200624_20201103_SF40_s1_r1:ASV_178:f881d387f821e2a10a6ac3a209d8f5fe41f871f7,preservativeUsed,,DMSO,http://vocab.nerc.ac.uk/collection/Q01/current/Q0100004/,,https://pubchem.ncbi.nlm.nih.gov/compound/679
ARMS_Getxo_G1_20200624_20201103_SF40_s1_r1:ASV_178:f881d387f821e2a10a6ac3a209d8f5fe41f871f7,lowerLimitFilterSize,micrometer,40,http://vocab.nerc.ac.uk/collection/Q01/current/Q0100011/,https://vocab.nerc.ac.uk/collection/P06/current/UMIC/,
ARMS_Getxo_G1_20200624_20201103_SF40_s1_r1:ASV_178:f881d387f821e2a10a6ac3a209d8f5fe41f871f7,sampleAccessionNumber,,SAMEA10021243,,,
ARMS_Getxo_G1_20200624_20201103_SF40_s1_r1:ASV_178:f881d387f821e2a10a6ac3a209d8f5fe41f871f7,NCBIID,,172989,,,
ARMS_Getxo_G1_20200624_20201103_SF40_s1_r1:ASV_178:f881d387f821e2a10a6ac3a209d8f5fe41f871f7,NCBIScientificName,,Melanthalia intermedia,,,
ARMS_Getxo_G1_20200624_20201103_SF40_s1_r1:ASV_178:f881d387f821e2a10a6ac3a209d8f5fe41f871f7,NCBITaxonRank,,species,,,
ARMS_Getxo_G1_20200624_20201103_SF40_s1_r1:ASV_178:f881d387f821e2a10a6ac3a209d8f5fe41f871f7,fieldReplicateID,,ARMS_Getxo_G_20200624_20201103,http://vocab.nerc.ac.uk/collection/P01/current/IDSPRE01,,
ARMS_Getxo_G1_20200624_20201103_SF40_s1_r1:ASV_178:f881d387f821e2a10a6ac3a209d8f5fe41f871f7,technicalReplicateID,,,http://vocab.nerc.ac.uk/collection/P01/current/IDTCRE01,,
ARMS_Getxo_G1_20200624_20201103_SF40_s1_r1:ASV_178:f881d387f821e2a10a6ac3a209d8f5fe41f871f7,originalScientificName,,Melanthalia_intermedia,,,
ARMS_Getxo_G1_20200624_20201103_SF40_s1_r1:ASV_178:f881d387f821e2a10a6ac3a209d8f5fe41f871f7,originalTaxonRank,,species,,,
ARMS_Getxo_G1_20200624_20201103_SF40_s1_r1:ASV_178:f881d387f821e2a10a6ac3a209d8f5fe41f871f7,originalScientificNameConfidenceLevel,,0.08,,,
ARMS_Getxo_G1_20200624_20201103_SF40_s1_r1:ASV_179:f95909fe7a0cf5da23f4a981e7242e65111565d8,submergedTime,day,132,http://vocab.nerc.ac.uk/collection/P01/current/AZDRZZ01/,https://vocab.nerc.ac.uk/collection/P06/current/UTAA/,
ARMS_Getxo_G1_20200624_20201103_SF40_s1_r1:ASV_179:f95909fe7a0cf5da23f4a981e7242e65111565d8,preservativeUsed,,DMSO,http://vocab.nerc.ac.uk/collection/Q01/current/Q0100004/,,https://pubchem.ncbi.nlm.nih.gov/compound/679
ARMS_Getxo_G1_20200624_20201103_SF40_s1_r1:ASV_179:f95909fe7a0cf5da23f4a981e7242e65111565d8,lowerLimitFilterSize,micrometer,40,http://vocab.nerc.ac.uk/collection/Q01/current/Q0100011/,https://vocab.nerc.ac.uk/collection/P06/current/UMIC/,
ARMS_Getxo_G1_20200624_20201103_SF40_s1_r1:ASV_179:f95909fe7a0cf5da23f4a981e7242e65111565d8,sampleAccessionNumber,,SAMEA10021243,,,
ARMS_Getxo_G1_20200624_20201103_SF40_s1_r1:ASV_179:f95909fe7a0cf5da23f4a981e7242e65111565d8,NCBIID,,13469,,,
ARMS_Getxo_G1_20200624_20201103_SF40_s1_r1:ASV_179:f95909fe7a0cf5da23f4a981e7242e65111565d8,NCBIScientificName,,Cupressus sempervirens,,,
ARMS_Getxo_G1_20200624_20201103_SF40_s1_r1:ASV_179:f95909fe7a0cf5da23f4a981e7242e65111565d8,NCBITaxonRank,,species,,,
ARMS_Getxo_G1_20200624_20201103_SF40_s1_r1:ASV_179:f95909fe7a0cf5da23f4a981e7242e65111565d8,fieldReplicateID,,ARMS_Getxo_G_20200624_20201103,http://vocab.nerc.ac.uk/collection/P01/current/IDSPRE01,,
ARMS_Getxo_G1_20200624_20201103_SF40_s1_r1:ASV_179:f95909fe7a0cf5da23f4a981e7242e65111565d8,technicalReplicateID,,,http://vocab.nerc.ac.uk/collection/P01/current/IDTCRE01,,
ARMS_Getxo_G1_20200624_20201103_SF40_s1_r1:ASV_179:f95909fe7a0cf5da23f4a981e7242e65111565d8,originalScientificName,,Cupressus_sempervirens,,,
ARMS_Getxo_G1_20200624_20201103_SF40_s1_r1:ASV_179:f95909fe7a0cf5da23f4a981e7242e65111565d8,originalTaxonRank,,species,,,
ARMS_Getxo_G1_20200624_20201103_SF40_s1_r1:ASV_179:f95909fe7a0cf5da23f4a981e7242e65111565d8,originalScientificNameConfidenceLevel,,0.04,,,
ARMS_Getxo_G1_20200624_20201103_SF40_s1_r1:ASV_181:ff5a51ef5ee096f56a24fa7d9800ef2994661b67,submergedTime,day,132,http://vocab.nerc.ac.uk/collection/P01/current/AZDRZZ01/,https://vocab.nerc.ac.uk/collection/P06/current/UTAA/,
ARMS_Getxo_G1_20200624_20201103_SF40_s1_r1:ASV_181:ff5a51ef5ee096f56a24fa7d9800ef2994661b67,preservativeUsed,,DMSO,http://vocab.nerc.ac.uk/collection/Q01/current/Q0100004/,,https://pubchem.ncbi.nlm.nih.gov/compound/679
ARMS_Getxo_G1_20200624_20201103_SF40_s1_r1:ASV_181:ff5a51ef5ee096f56a24fa7d9800ef2994661b67,lowerLimitFilterSize,micrometer,40,http://vocab.nerc.ac.uk/collection/Q01/current/Q0100011/,https://vocab.nerc.ac.uk/collection/P06/current/UMIC/,
ARMS_Getxo_G1_20200624_20201103_SF40_s1_r1:ASV_181:ff5a51ef5ee096f56a24fa7d9800ef2994661b67,sampleAccessionNumber,,SAMEA10021243,,,
ARMS_Getxo_G1_20200624_20201103_SF40_s1_r1:ASV_181:ff5a51ef5ee096f56a24fa7d9800ef2994661b67,NCBIID,,69791,,,
ARMS_Getxo_G1_20200624_20201103_SF40_s1_r1:ASV_181:ff5a51ef5ee096f56a24fa7d9800ef2994661b67,NCBIScientificName,,Penicillium waksmanii,,,
ARMS_Getxo_G1_20200624_20201103_SF40_s1_r1:ASV_181:ff5a51ef5ee096f56a24fa7d9800ef2994661b67,NCBITaxonRank,,species,,,
ARMS_Getxo_G1_20200624_20201103_SF40_s1_r1:ASV_181:ff5a51ef5ee096f56a24fa7d9800ef2994661b67,fieldReplicateID,,ARMS_Getxo_G_20200624_20201103,http://vocab.nerc.ac.uk/collection/P01/current/IDSPRE01,,
ARMS_Getxo_G1_20200624_20201103_SF40_s1_r1:ASV_181:ff5a51ef5ee096f56a24fa7d9800ef2994661b67,technicalReplicateID,,,http://vocab.nerc.ac.uk/collection/P01/current/IDTCRE01,,
ARMS_Getxo_G1_20200624_20201103_SF40_s1_r1:ASV_181:ff5a51ef5ee096f56a24fa7d9800ef2994661b67,originalScientificName,,Penicillium_waksmanii,,,
ARMS_Getxo_G1_20200624_20201103_SF40_s1_r1:ASV_181:ff5a51ef5ee096f56a24fa7d9800ef2994661b67,originalTaxonRank,,species,,,
ARMS_Getxo_G1_20200624_20201103_SF40_s1_r1:ASV_181:ff5a51ef5ee096f56a24fa7d9800ef2994661b67,originalScientificNameConfidenceLevel,,0.41,,,
ARMS_Getxo_G1_20200624_20201103_SF40_s1_r1:ASV_183:0118a8c0e9d6fad8032f7cacf94a9a588aa68e63,submergedTime,day,132,http://vocab.nerc.ac.uk/collection/P01/current/AZDRZZ01/,https://vocab.nerc.ac.uk/collection/P06/current/UTAA/,
ARMS_Getxo_G1_20200624_20201103_SF40_s1_r1:ASV_183:0118a8c0e9d6fad8032f7cacf94a9a588aa68e63,preservativeUsed,,DMSO,http://vocab.nerc.ac.uk/collection/Q01/current/Q0100004/,,https://pubchem.ncbi.nlm.nih.gov/compound/679
ARMS_Getxo_G1_20200624_20201103_SF40_s1_r1:ASV_183:0118a8c0e9d6fad8032f7cacf94a9a588aa68e63,lowerLimitFilterSize,micrometer,40,http://vocab.nerc.ac.uk/collection/Q01/current/Q0100011/,https://vocab.nerc.ac.uk/collection/P06/current/UMIC/,
ARMS_Getxo_G1_20200624_20201103_SF40_s1_r1:ASV_183:0118a8c0e9d6fad8032f7cacf94a9a588aa68e63,sampleAccessionNumber,,SAMEA10021243,,,
ARMS_Getxo_G1_20200624_20201103_SF40_s1_r1:ASV_183:0118a8c0e9d6fad8032f7cacf94a9a588aa68e63,NCBIID,,53452,,,
ARMS_Getxo_G1_20200624_20201103_SF40_s1_r1:ASV_183:0118a8c0e9d6fad8032f7cacf94a9a588aa68e63,NCBIScientificName,,Lamprocystis,,,
ARMS_Getxo_G1_20200624_20201103_SF40_s1_r1:ASV_183:0118a8c0e9d6fad8032f7cacf94a9a588aa68e63,NCBITaxonRank,,genus,,,
ARMS_Getxo_G1_20200624_20201103_SF40_s1_r1:ASV_183:0118a8c0e9d6fad8032f7cacf94a9a588aa68e63,fieldReplicateID,,ARMS_Getxo_G_20200624_20201103,http://vocab.nerc.ac.uk/collection/P01/current/IDSPRE01,,
ARMS_Getxo_G1_20200624_20201103_SF40_s1_r1:ASV_183:0118a8c0e9d6fad8032f7cacf94a9a588aa68e63,technicalReplicateID,,,http://vocab.nerc.ac.uk/collection/P01/current/IDTCRE01,,
ARMS_Getxo_G1_20200624_20201103_SF40_s1_r1:ASV_183:0118a8c0e9d6fad8032f7cacf94a9a588aa68e63,originalScientificName,,Lamprocystis_guttula,,,
ARMS_Getxo_G1_20200624_20201103_SF40_s1_r1:ASV_183:0118a8c0e9d6fad8032f7cacf94a9a588aa68e63,originalTaxonRank,,species,,,
ARMS_Getxo_G1_20200624_20201103_SF40_s1_r1:ASV_183:0118a8c0e9d6fad8032f7cacf94a9a588aa68e63,originalScientificNameConfidenceLevel,,0.0,,,
ARMS_Getxo_G1_20200624_20201103_SF40_s1_r1:ASV_193:0423429060fc245bae80df573addbfa52d98b7d0,submergedTime,day,132,http://vocab.nerc.ac.uk/collection/P01/current/AZDRZZ01/,https://vocab.nerc.ac.uk/collection/P06/current/UTAA/,
ARMS_Getxo_G1_20200624_20201103_SF40_s1_r1:ASV_193:0423429060fc245bae80df573addbfa52d98b7d0,preservativeUsed,,DMSO,http://vocab.nerc.ac.uk/collection/Q01/current/Q0100004/,,https://pubchem.ncbi.nlm.nih.gov/compound/679
ARMS_Getxo_G1_20200624_20201103_SF40_s1_r1:ASV_193:0423429060fc245bae80df573addbfa52d98b7d0,lowerLimitFilterSize,micrometer,40,http://vocab.nerc.ac.uk/collection/Q01/current/Q0100011/,https://vocab.nerc.ac.uk/collection/P06/current/UMIC/,
ARMS_Getxo_G1_20200624_20201103_SF40_s1_r1:ASV_193:0423429060fc245bae80df573addbfa52d98b7d0,sampleAccessionNumber,,SAMEA10021243,,,
ARMS_Getxo_G1_20200624_20201103_SF40_s1_r1:ASV_193:0423429060fc245bae80df573addbfa52d98b7d0,NCBIID,,505693,,,
ARMS_Getxo_G1_20200624_20201103_SF40_s1_r1:ASV_193:0423429060fc245bae80df573addbfa52d98b7d0,NCBIScientificName,,Chromera velia,,,
ARMS_Getxo_G1_20200624_20201103_SF40_s1_r1:ASV_193:0423429060fc245bae80df573addbfa52d98b7d0,NCBITaxonRank,,species,,,
ARMS_Getxo_G1_20200624_20201103_SF40_s1_r1:ASV_193:0423429060fc245bae80df573addbfa52d98b7d0,fieldReplicateID,,ARMS_Getxo_G_20200624_20201103,http://vocab.nerc.ac.uk/collection/P01/current/IDSPRE01,,
ARMS_Getxo_G1_20200624_20201103_SF40_s1_r1:ASV_193:0423429060fc245bae80df573addbfa52d98b7d0,technicalReplicateID,,,http://vocab.nerc.ac.uk/collection/P01/current/IDTCRE01,,
ARMS_Getxo_G1_20200624_20201103_SF40_s1_r1:ASV_193:0423429060fc245bae80df573addbfa52d98b7d0,originalScientificName,,Chromera_velia,,,
ARMS_Getxo_G1_20200624_20201103_SF40_s1_r1:ASV_193:0423429060fc245bae80df573addbfa52d98b7d0,originalTaxonRank,,species,,,
ARMS_Getxo_G1_20200624_20201103_SF40_s1_r1:ASV_193:0423429060fc245bae80df573addbfa52d98b7d0,originalScientificNameConfidenceLevel,,0.02,,,
ARMS_Getxo_G1_20200624_20201103_SF40_s1_r1:ASV_194:0453317799c85476bf8b009e6b0b3a8cc7b188e2,submergedTime,day,132,http://vocab.nerc.ac.uk/collection/P01/current/AZDRZZ01/,https://vocab.nerc.ac.uk/collection/P06/current/UTAA/,
ARMS_Getxo_G1_20200624_20201103_SF40_s1_r1:ASV_194:0453317799c85476bf8b009e6b0b3a8cc7b188e2,preservativeUsed,,DMSO,http://vocab.nerc.ac.uk/collection/Q01/current/Q0100004/,,https://pubchem.ncbi.nlm.nih.gov/compound/679
ARMS_Getxo_G1_20200624_20201103_SF40_s1_r1:ASV_194:0453317799c85476bf8b009e6b0b3a8cc7b188e2,lowerLimitFilterSize,micrometer,40,http://vocab.nerc.ac.uk/collection/Q01/current/Q0100011/,https://vocab.nerc.ac.uk/collection/P06/current/UMIC/,
ARMS_Getxo_G1_20200624_20201103_SF40_s1_r1:ASV_194:0453317799c85476bf8b009e6b0b3a8cc7b188e2,sampleAccessionNumber,,SAMEA10021243,,,
ARMS_Getxo_G1_20200624_20201103_SF40_s1_r1:ASV_194:0453317799c85476bf8b009e6b0b3a8cc7b188e2,NCBIID,,468837,,,
ARMS_Getxo_G1_20200624_20201103_SF40_s1_r1:ASV_194:0453317799c85476bf8b009e6b0b3a8cc7b188e2,NCBIScientificName,,Lecanicillium saksenae,,,
ARMS_Getxo_G1_20200624_20201103_SF40_s1_r1:ASV_194:0453317799c85476bf8b009e6b0b3a8cc7b188e2,NCBITaxonRank,,species,,,
ARMS_Getxo_G1_20200624_20201103_SF40_s1_r1:ASV_194:0453317799c85476bf8b009e6b0b3a8cc7b188e2,fieldReplicateID,,ARMS_Getxo_G_20200624_20201103,http://vocab.nerc.ac.uk/collection/P01/current/IDSPRE01,,
ARMS_Getxo_G1_20200624_20201103_SF40_s1_r1:ASV_194:0453317799c85476bf8b009e6b0b3a8cc7b188e2,technicalReplicateID,,,http://vocab.nerc.ac.uk/collection/P01/current/IDTCRE01,,
ARMS_Getxo_G1_20200624_20201103_SF40_s1_r1:ASV_194:0453317799c85476bf8b009e6b0b3a8cc7b188e2,originalScientificName,,Lecanicillium_saksenae,,,
ARMS_Getxo_G1_20200624_20201103_SF40_s1_r1:ASV_194:0453317799c85476bf8b009e6b0b3a8cc7b188e2,originalTaxonRank,,species,,,
ARMS_Getxo_G1_20200624_20201103_SF40_s1_r1:ASV_194:0453317799c85476bf8b009e6b0b3a8cc7b188e2,originalScientificNameConfidenceLevel,,0.17,,,
ARMS_Getxo_G1_20200624_20201103_SF40_s1_r1:ASV_196:06bf79f08395343e1d1580aae52e97d52aad615b,submergedTime,day,132,http://vocab.nerc.ac.uk/collection/P01/current/AZDRZZ01/,https://vocab.nerc.ac.uk/collection/P06/current/UTAA/,
ARMS_Getxo_G1_20200624_20201103_SF40_s1_r1:ASV_196:06bf79f08395343e1d1580aae52e97d52aad615b,preservativeUsed,,DMSO,http://vocab.nerc.ac.uk/collection/Q01/current/Q0100004/,,https://pubchem.ncbi.nlm.nih.gov/compound/679
ARMS_Getxo_G1_20200624_20201103_SF40_s1_r1:ASV_196:06bf79f08395343e1d1580aae52e97d52aad615b,lowerLimitFilterSize,micrometer,40,http://vocab.nerc.ac.uk/collection/Q01/current/Q0100011/,https://vocab.nerc.ac.uk/collection/P06/current/UMIC/,
ARMS_Getxo_G1_20200624_20201103_SF40_s1_r1:ASV_196:06bf79f08395343e1d1580aae52e97d52aad615b,sampleAccessionNumber,,SAMEA10021243,,,
ARMS_Getxo_G1_20200624_20201103_SF40_s1_r1:ASV_196:06bf79f08395343e1d1580aae52e97d52aad615b,NCBIID,,991043,,,
ARMS_Getxo_G1_20200624_20201103_SF40_s1_r1:ASV_196:06bf79f08395343e1d1580aae52e97d52aad615b,NCBIScientificName,,Tricellaria occidentalis,,,
ARMS_Getxo_G1_20200624_20201103_SF40_s1_r1:ASV_196:06bf79f08395343e1d1580aae52e97d52aad615b,NCBITaxonRank,,species,,,
ARMS_Getxo_G1_20200624_20201103_SF40_s1_r1:ASV_196:06bf79f08395343e1d1580aae52e97d52aad615b,fieldReplicateID,,ARMS_Getxo_G_20200624_20201103,http://vocab.nerc.ac.uk/collection/P01/current/IDSPRE01,,
ARMS_Getxo_G1_20200624_20201103_SF40_s1_r1:ASV_196:06bf79f08395343e1d1580aae52e97d52aad615b,technicalReplicateID,,,http://vocab.nerc.ac.uk/collection/P01/current/IDTCRE01,,
ARMS_Getxo_G1_20200624_20201103_SF40_s1_r1:ASV_196:06bf79f08395343e1d1580aae52e97d52aad615b,originalScientificName,,Tricellaria_occidentalis,,,
ARMS_Getxo_G1_20200624_20201103_SF40_s1_r1:ASV_196:06bf79f08395343e1d1580aae52e97d52aad615b,originalTaxonRank,,species,,,
ARMS_Getxo_G1_20200624_20201103_SF40_s1_r1:ASV_196:06bf79f08395343e1d1580aae52e97d52aad615b,originalScientificNameConfidenceLevel,,0.14,,,
ARMS_Getxo_G1_20200624_20201103_SF40_s1_r1:ASV_204:0b3ae945e63cba47ee197fd59d0b9952b026d3ae,submergedTime,day,132,http://vocab.nerc.ac.uk/collection/P01/current/AZDRZZ01/,https://vocab.nerc.ac.uk/collection/P06/current/UTAA/,
ARMS_Getxo_G1_20200624_20201103_SF40_s1_r1:ASV_204:0b3ae945e63cba47ee197fd59d0b9952b026d3ae,preservativeUsed,,DMSO,http://vocab.nerc.ac.uk/collection/Q01/current/Q0100004/,,https://pubchem.ncbi.nlm.nih.gov/compound/679
ARMS_Getxo_G1_20200624_20201103_SF40_s1_r1:ASV_204:0b3ae945e63cba47ee197fd59d0b9952b026d3ae,lowerLimitFilterSize,micrometer,40,http://vocab.nerc.ac.uk/collection/Q01/current/Q0100011/,https://vocab.nerc.ac.uk/collection/P06/current/UMIC/,
ARMS_Getxo_G1_20200624_20201103_SF40_s1_r1:ASV_204:0b3ae945e63cba47ee197fd59d0b9952b026d3ae,sampleAccessionNumber,,SAMEA10021243,,,
ARMS_Getxo_G1_20200624_20201103_SF40_s1_r1:ASV_204:0b3ae945e63cba47ee197fd59d0b9952b026d3ae,NCBIID,,1431480,,,
ARMS_Getxo_G1_20200624_20201103_SF40_s1_r1:ASV_204:0b3ae945e63cba47ee197fd59d0b9952b026d3ae,NCBIScientificName,,Brephamia parvula,,,
ARMS_Getxo_G1_20200624_20201103_SF40_s1_r1:ASV_204:0b3ae945e63cba47ee197fd59d0b9952b026d3ae,NCBITaxonRank,,species,,,
ARMS_Getxo_G1_20200624_20201103_SF40_s1_r1:ASV_204:0b3ae945e63cba47ee197fd59d0b9952b026d3ae,fieldReplicateID,,ARMS_Getxo_G_20200624_20201103,http://vocab.nerc.ac.uk/collection/P01/current/IDSPRE01,,
ARMS_Getxo_G1_20200624_20201103_SF40_s1_r1:ASV_204:0b3ae945e63cba47ee197fd59d0b9952b026d3ae,technicalReplicateID,,,http://vocab.nerc.ac.uk/collection/P01/current/IDTCRE01,,
ARMS_Getxo_G1_20200624_20201103_SF40_s1_r1:ASV_204:0b3ae945e63cba47ee197fd59d0b9952b026d3ae,originalScientificName,,Brephamia_parvula,,,
ARMS_Getxo_G1_20200624_20201103_SF40_s1_r1:ASV_204:0b3ae945e63cba47ee197fd59d0b9952b026d3ae,originalTaxonRank,,species,,,
ARMS_Getxo_G1_20200624_20201103_SF40_s1_r1:ASV_204:0b3ae945e63cba47ee197fd59d0b9952b026d3ae,originalScientificNameConfidenceLevel,,0.06,,,
ARMS_Getxo_G1_20200624_20201103_SF40_s1_r1:ASV_230:19b5c3da3b2180f4ebedc67556082b07185004f3,submergedTime,day,132,http://vocab.nerc.ac.uk/collection/P01/current/AZDRZZ01/,https://vocab.nerc.ac.uk/collection/P06/current/UTAA/,
ARMS_Getxo_G1_20200624_20201103_SF40_s1_r1:ASV_230:19b5c3da3b2180f4ebedc67556082b07185004f3,preservativeUsed,,DMSO,http://vocab.nerc.ac.uk/collection/Q01/current/Q0100004/,,https://pubchem.ncbi.nlm.nih.gov/compound/679
ARMS_Getxo_G1_20200624_20201103_SF40_s1_r1:ASV_230:19b5c3da3b2180f4ebedc67556082b07185004f3,lowerLimitFilterSize,micrometer,40,http://vocab.nerc.ac.uk/collection/Q01/current/Q0100011/,https://vocab.nerc.ac.uk/collection/P06/current/UMIC/,
ARMS_Getxo_G1_20200624_20201103_SF40_s1_r1:ASV_230:19b5c3da3b2180f4ebedc67556082b07185004f3,sampleAccessionNumber,,SAMEA10021243,,,
ARMS_Getxo_G1_20200624_20201103_SF40_s1_r1:ASV_230:19b5c3da3b2180f4ebedc67556082b07185004f3,NCBIID,,62933,,,
ARMS_Getxo_G1_20200624_20201103_SF40_s1_r1:ASV_230:19b5c3da3b2180f4ebedc67556082b07185004f3,NCBIScientificName,,Botrylloides diegensis,,,
ARMS_Getxo_G1_20200624_20201103_SF40_s1_r1:ASV_230:19b5c3da3b2180f4ebedc67556082b07185004f3,NCBITaxonRank,,species,,,
ARMS_Getxo_G1_20200624_20201103_SF40_s1_r1:ASV_230:19b5c3da3b2180f4ebedc67556082b07185004f3,fieldReplicateID,,ARMS_Getxo_G_20200624_20201103,http://vocab.nerc.ac.uk/collection/P01/current/IDSPRE01,,
ARMS_Getxo_G1_20200624_20201103_SF40_s1_r1:ASV_230:19b5c3da3b2180f4ebedc67556082b07185004f3,technicalReplicateID,,,http://vocab.nerc.ac.uk/collection/P01/current/IDTCRE01,,
ARMS_Getxo_G1_20200624_20201103_SF40_s1_r1:ASV_230:19b5c3da3b2180f4ebedc67556082b07185004f3,originalScientificName,,Botrylloides_diegensis,,,
ARMS_Getxo_G1_20200624_20201103_SF40_s1_r1:ASV_230:19b5c3da3b2180f4ebedc67556082b07185004f3,originalTaxonRank,,species,,,
ARMS_Getxo_G1_20200624_20201103_SF40_s1_r1:ASV_230:19b5c3da3b2180f4ebedc67556082b07185004f3,originalScientificNameConfidenceLevel,,0.98,,,
ARMS_Getxo_G1_20200624_20201103_SF40_s1_r1:ASV_243:228f949edbb3c73c1af29bf935c668b85d02bf53,submergedTime,day,132,http://vocab.nerc.ac.uk/collection/P01/current/AZDRZZ01/,https://vocab.nerc.ac.uk/collection/P06/current/UTAA/,
ARMS_Getxo_G1_20200624_20201103_SF40_s1_r1:ASV_243:228f949edbb3c73c1af29bf935c668b85d02bf53,preservativeUsed,,DMSO,http://vocab.nerc.ac.uk/collection/Q01/current/Q0100004/,,https://pubchem.ncbi.nlm.nih.gov/compound/679
ARMS_Getxo_G1_20200624_20201103_SF40_s1_r1:ASV_243:228f949edbb3c73c1af29bf935c668b85d02bf53,lowerLimitFilterSize,micrometer,40,http://vocab.nerc.ac.uk/collection/Q01/current/Q0100011/,https://vocab.nerc.ac.uk/collection/P06/current/UMIC/,
ARMS_Getxo_G1_20200624_20201103_SF40_s1_r1:ASV_243:228f949edbb3c73c1af29bf935c668b85d02bf53,sampleAccessionNumber,,SAMEA10021243,,,
ARMS_Getxo_G1_20200624_20201103_SF40_s1_r1:ASV_243:228f949edbb3c73c1af29bf935c668b85d02bf53,NCBIID,,558755,,,
ARMS_Getxo_G1_20200624_20201103_SF40_s1_r1:ASV_243:228f949edbb3c73c1af29bf935c668b85d02bf53,NCBIScientificName,,Cryptosula pallasiana,,,
ARMS_Getxo_G1_20200624_20201103_SF40_s1_r1:ASV_243:228f949edbb3c73c1af29bf935c668b85d02bf53,NCBITaxonRank,,species,,,
ARMS_Getxo_G1_20200624_20201103_SF40_s1_r1:ASV_243:228f949edbb3c73c1af29bf935c668b85d02bf53,fieldReplicateID,,ARMS_Getxo_G_20200624_20201103,http://vocab.nerc.ac.uk/collection/P01/current/IDSPRE01,,
ARMS_Getxo_G1_20200624_20201103_SF40_s1_r1:ASV_243:228f949edbb3c73c1af29bf935c668b85d02bf53,technicalReplicateID,,,http://vocab.nerc.ac.uk/collection/P01/current/IDTCRE01,,
ARMS_Getxo_G1_20200624_20201103_SF40_s1_r1:ASV_243:228f949edbb3c73c1af29bf935c668b85d02bf53,originalScientificName,,Cryptosula_pallasiana,,,
ARMS_Getxo_G1_20200624_20201103_SF40_s1_r1:ASV_243:228f949edbb3c73c1af29bf935c668b85d02bf53,originalTaxonRank,,species,,,
ARMS_Getxo_G1_20200624_20201103_SF40_s1_r1:ASV_243:228f949edbb3c73c1af29bf935c668b85d02bf53,originalScientificNameConfidenceLevel,,0.36,,,
ARMS_Getxo_G1_20200624_20201103_SF40_s1_r1:ASV_249:28b6aecbbcb70434a361493707b3efd48641efa2,submergedTime,day,132,http://vocab.nerc.ac.uk/collection/P01/current/AZDRZZ01/,https://vocab.nerc.ac.uk/collection/P06/current/UTAA/,
ARMS_Getxo_G1_20200624_20201103_SF40_s1_r1:ASV_249:28b6aecbbcb70434a361493707b3efd48641efa2,preservativeUsed,,DMSO,http://vocab.nerc.ac.uk/collection/Q01/current/Q0100004/,,https://pubchem.ncbi.nlm.nih.gov/compound/679
ARMS_Getxo_G1_20200624_20201103_SF40_s1_r1:ASV_249:28b6aecbbcb70434a361493707b3efd48641efa2,lowerLimitFilterSize,micrometer,40,http://vocab.nerc.ac.uk/collection/Q01/current/Q0100011/,https://vocab.nerc.ac.uk/collection/P06/current/UMIC/,
ARMS_Getxo_G1_20200624_20201103_SF40_s1_r1:ASV_249:28b6aecbbcb70434a361493707b3efd48641efa2,sampleAccessionNumber,,SAMEA10021243,,,
ARMS_Getxo_G1_20200624_20201103_SF40_s1_r1:ASV_249:28b6aecbbcb70434a361493707b3efd48641efa2,NCBIID,,291032,,,
ARMS_Getxo_G1_20200624_20201103_SF40_s1_r1:ASV_249:28b6aecbbcb70434a361493707b3efd48641efa2,NCBIScientificName,,Thalassiosira curviseriata,,,
ARMS_Getxo_G1_20200624_20201103_SF40_s1_r1:ASV_249:28b6aecbbcb70434a361493707b3efd48641efa2,NCBITaxonRank,,species,,,
ARMS_Getxo_G1_20200624_20201103_SF40_s1_r1:ASV_249:28b6aecbbcb70434a361493707b3efd48641efa2,fieldReplicateID,,ARMS_Getxo_G_20200624_20201103,http://vocab.nerc.ac.uk/collection/P01/current/IDSPRE01,,
ARMS_Getxo_G1_20200624_20201103_SF40_s1_r1:ASV_249:28b6aecbbcb70434a361493707b3efd48641efa2,technicalReplicateID,,,http://vocab.nerc.ac.uk/collection/P01/current/IDTCRE01,,
ARMS_Getxo_G1_20200624_20201103_SF40_s1_r1:ASV_249:28b6aecbbcb70434a361493707b3efd48641efa2,originalScientificName,,Thalassiosira_curviseriata,,,
ARMS_Getxo_G1_20200624_20201103_SF40_s1_r1:ASV_249:28b6aecbbcb70434a361493707b3efd48641efa2,originalTaxonRank,,species,,,
ARMS_Getxo_G1_20200624_20201103_SF40_s1_r1:ASV_249:28b6aecbbcb70434a361493707b3efd48641efa2,originalScientificNameConfidenceLevel,,0.1,,,
ARMS_Getxo_G1_20200624_20201103_SF40_s1_r1:ASV_261:2ef1eacfd0c50e3784fe9df6194c839b3c4af245,submergedTime,day,132,http://vocab.nerc.ac.uk/collection/P01/current/AZDRZZ01/,https://vocab.nerc.ac.uk/collection/P06/current/UTAA/,
ARMS_Getxo_G1_20200624_20201103_SF40_s1_r1:ASV_261:2ef1eacfd0c50e3784fe9df6194c839b3c4af245,preservativeUsed,,DMSO,http://vocab.nerc.ac.uk/collection/Q01/current/Q0100004/,,https://pubchem.ncbi.nlm.nih.gov/compound/679
ARMS_Getxo_G1_20200624_20201103_SF40_s1_r1:ASV_261:2ef1eacfd0c50e3784fe9df6194c839b3c4af245,lowerLimitFilterSize,micrometer,40,http://vocab.nerc.ac.uk/collection/Q01/current/Q0100011/,https://vocab.nerc.ac.uk/collection/P06/current/UMIC/,
ARMS_Getxo_G1_20200624_20201103_SF40_s1_r1:ASV_261:2ef1eacfd0c50e3784fe9df6194c839b3c4af245,sampleAccessionNumber,,SAMEA10021243,,,
ARMS_Getxo_G1_20200624_20201103_SF40_s1_r1:ASV_261:2ef1eacfd0c50e3784fe9df6194c839b3c4af245,NCBIID,,291032,,,
ARMS_Getxo_G1_20200624_20201103_SF40_s1_r1:ASV_261:2ef1eacfd0c50e3784fe9df6194c839b3c4af245,NCBIScientificName,,Thalassiosira curviseriata,,,
ARMS_Getxo_G1_20200624_20201103_SF40_s1_r1:ASV_261:2ef1eacfd0c50e3784fe9df6194c839b3c4af245,NCBITaxonRank,,species,,,
ARMS_Getxo_G1_20200624_20201103_SF40_s1_r1:ASV_261:2ef1eacfd0c50e3784fe9df6194c839b3c4af245,fieldReplicateID,,ARMS_Getxo_G_20200624_20201103,http://vocab.nerc.ac.uk/collection/P01/current/IDSPRE01,,
ARMS_Getxo_G1_20200624_20201103_SF40_s1_r1:ASV_261:2ef1eacfd0c50e3784fe9df6194c839b3c4af245,technicalReplicateID,,,http://vocab.nerc.ac.uk/collection/P01/current/IDTCRE01,,
ARMS_Getxo_G1_20200624_20201103_SF40_s1_r1:ASV_261:2ef1eacfd0c50e3784fe9df6194c839b3c4af245,originalScientificName,,Thalassiosira_curviseriata,,,
ARMS_Getxo_G1_20200624_20201103_SF40_s1_r1:ASV_261:2ef1eacfd0c50e3784fe9df6194c839b3c4af245,originalTaxonRank,,species,,,
ARMS_Getxo_G1_20200624_20201103_SF40_s1_r1:ASV_261:2ef1eacfd0c50e3784fe9df6194c839b3c4af245,originalScientificNameConfidenceLevel,,0.09,,,
ARMS_Getxo_G1_20200624_20201103_SF40_s1_r1:ASV_272:345136d94c3ba831c5b227aa10ea30ed61b1499d,submergedTime,day,132,http://vocab.nerc.ac.uk/collection/P01/current/AZDRZZ01/,https://vocab.nerc.ac.uk/collection/P06/current/UTAA/,
ARMS_Getxo_G1_20200624_20201103_SF40_s1_r1:ASV_272:345136d94c3ba831c5b227aa10ea30ed61b1499d,preservativeUsed,,DMSO,http://vocab.nerc.ac.uk/collection/Q01/current/Q0100004/,,https://pubchem.ncbi.nlm.nih.gov/compound/679
ARMS_Getxo_G1_20200624_20201103_SF40_s1_r1:ASV_272:345136d94c3ba831c5b227aa10ea30ed61b1499d,lowerLimitFilterSize,micrometer,40,http://vocab.nerc.ac.uk/collection/Q01/current/Q0100011/,https://vocab.nerc.ac.uk/collection/P06/current/UMIC/,
ARMS_Getxo_G1_20200624_20201103_SF40_s1_r1:ASV_272:345136d94c3ba831c5b227aa10ea30ed61b1499d,sampleAccessionNumber,,SAMEA10021243,,,
ARMS_Getxo_G1_20200624_20201103_SF40_s1_r1:ASV_272:345136d94c3ba831c5b227aa10ea30ed61b1499d,NCBIID,,464258,,,
ARMS_Getxo_G1_20200624_20201103_SF40_s1_r1:ASV_272:345136d94c3ba831c5b227aa10ea30ed61b1499d,NCBIScientificName,,Chloropicon laureae,,,
ARMS_Getxo_G1_20200624_20201103_SF40_s1_r1:ASV_272:345136d94c3ba831c5b227aa10ea30ed61b1499d,NCBITaxonRank,,species,,,
ARMS_Getxo_G1_20200624_20201103_SF40_s1_r1:ASV_272:345136d94c3ba831c5b227aa10ea30ed61b1499d,fieldReplicateID,,ARMS_Getxo_G_20200624_20201103,http://vocab.nerc.ac.uk/collection/P01/current/IDSPRE01,,
ARMS_Getxo_G1_20200624_20201103_SF40_s1_r1:ASV_272:345136d94c3ba831c5b227aa10ea30ed61b1499d,technicalReplicateID,,,http://vocab.nerc.ac.uk/collection/P01/current/IDTCRE01,,
ARMS_Getxo_G1_20200624_20201103_SF40_s1_r1:ASV_272:345136d94c3ba831c5b227aa10ea30ed61b1499d,originalScientificName,,Chloropicon_laureae,,,
ARMS_Getxo_G1_20200624_20201103_SF40_s1_r1:ASV_272:345136d94c3ba831c5b227aa10ea30ed61b1499d,originalTaxonRank,,species,,,
ARMS_Getxo_G1_20200624_20201103_SF40_s1_r1:ASV_272:345136d94c3ba831c5b227aa10ea30ed61b1499d,originalScientificNameConfidenceLevel,,1.0,,,
ARMS_Getxo_G1_20200624_20201103_SF40_s1_r1:ASV_285:3bb98974dcf8cd23de104f7398070e6053af88b7,submergedTime,day,132,http://vocab.nerc.ac.uk/collection/P01/current/AZDRZZ01/,https://vocab.nerc.ac.uk/collection/P06/current/UTAA/,
ARMS_Getxo_G1_20200624_20201103_SF40_s1_r1:ASV_285:3bb98974dcf8cd23de104f7398070e6053af88b7,preservativeUsed,,DMSO,http://vocab.nerc.ac.uk/collection/Q01/current/Q0100004/,,https://pubchem.ncbi.nlm.nih.gov/compound/679
ARMS_Getxo_G1_20200624_20201103_SF40_s1_r1:ASV_285:3bb98974dcf8cd23de104f7398070e6053af88b7,lowerLimitFilterSize,micrometer,40,http://vocab.nerc.ac.uk/collection/Q01/current/Q0100011/,https://vocab.nerc.ac.uk/collection/P06/current/UMIC/,
ARMS_Getxo_G1_20200624_20201103_SF40_s1_r1:ASV_285:3bb98974dcf8cd23de104f7398070e6053af88b7,sampleAccessionNumber,,SAMEA10021243,,,
ARMS_Getxo_G1_20200624_20201103_SF40_s1_r1:ASV_285:3bb98974dcf8cd23de104f7398070e6053af88b7,NCBIID,,53452,,,
ARMS_Getxo_G1_20200624_20201103_SF40_s1_r1:ASV_285:3bb98974dcf8cd23de104f7398070e6053af88b7,NCBIScientificName,,Lamprocystis,,,
ARMS_Getxo_G1_20200624_20201103_SF40_s1_r1:ASV_285:3bb98974dcf8cd23de104f7398070e6053af88b7,NCBITaxonRank,,genus,,,
ARMS_Getxo_G1_20200624_20201103_SF40_s1_r1:ASV_285:3bb98974dcf8cd23de104f7398070e6053af88b7,fieldReplicateID,,ARMS_Getxo_G_20200624_20201103,http://vocab.nerc.ac.uk/collection/P01/current/IDSPRE01,,
ARMS_Getxo_G1_20200624_20201103_SF40_s1_r1:ASV_285:3bb98974dcf8cd23de104f7398070e6053af88b7,technicalReplicateID,,,http://vocab.nerc.ac.uk/collection/P01/current/IDTCRE01,,
ARMS_Getxo_G1_20200624_20201103_SF40_s1_r1:ASV_285:3bb98974dcf8cd23de104f7398070e6053af88b7,originalScientificName,,Lamprocystis_guttula,,,
ARMS_Getxo_G1_20200624_20201103_SF40_s1_r1:ASV_285:3bb98974dcf8cd23de104f7398070e6053af88b7,originalTaxonRank,,species,,,
ARMS_Getxo_G1_20200624_20201103_SF40_s1_r1:ASV_285:3bb98974dcf8cd23de104f7398070e6053af88b7,originalScientificNameConfidenceLevel,,0.02,,,
ARMS_Getxo_G1_20200624_20201103_SF40_s1_r1:ASV_290:3dc8111fa642feab6de9ccde4d830eebea94fb3c,submergedTime,day,132,http://vocab.nerc.ac.uk/collection/P01/current/AZDRZZ01/,https://vocab.nerc.ac.uk/collection/P06/current/UTAA/,
ARMS_Getxo_G1_20200624_20201103_SF40_s1_r1:ASV_290:3dc8111fa642feab6de9ccde4d830eebea94fb3c,preservativeUsed,,DMSO,http://vocab.nerc.ac.uk/collection/Q01/current/Q0100004/,,https://pubchem.ncbi.nlm.nih.gov/compound/679
ARMS_Getxo_G1_20200624_20201103_SF40_s1_r1:ASV_290:3dc8111fa642feab6de9ccde4d830eebea94fb3c,lowerLimitFilterSize,micrometer,40,http://vocab.nerc.ac.uk/collection/Q01/current/Q0100011/,https://vocab.nerc.ac.uk/collection/P06/current/UMIC/,
ARMS_Getxo_G1_20200624_20201103_SF40_s1_r1:ASV_290:3dc8111fa642feab6de9ccde4d830eebea94fb3c,sampleAccessionNumber,,SAMEA10021243,,,
ARMS_Getxo_G1_20200624_20201103_SF40_s1_r1:ASV_290:3dc8111fa642feab6de9ccde4d830eebea94fb3c,NCBIID,,291032,,,
ARMS_Getxo_G1_20200624_20201103_SF40_s1_r1:ASV_290:3dc8111fa642feab6de9ccde4d830eebea94fb3c,NCBIScientificName,,Thalassiosira curviseriata,,,
ARMS_Getxo_G1_20200624_20201103_SF40_s1_r1:ASV_290:3dc8111fa642feab6de9ccde4d830eebea94fb3c,NCBITaxonRank,,species,,,
ARMS_Getxo_G1_20200624_20201103_SF40_s1_r1:ASV_290:3dc8111fa642feab6de9ccde4d830eebea94fb3c,fieldReplicateID,,ARMS_Getxo_G_20200624_20201103,http://vocab.nerc.ac.uk/collection/P01/current/IDSPRE01,,
ARMS_Getxo_G1_20200624_20201103_SF40_s1_r1:ASV_290:3dc8111fa642feab6de9ccde4d830eebea94fb3c,technicalReplicateID,,,http://vocab.nerc.ac.uk/collection/P01/current/IDTCRE01,,
ARMS_Getxo_G1_20200624_20201103_SF40_s1_r1:ASV_290:3dc8111fa642feab6de9ccde4d830eebea94fb3c,originalScientificName,,Thalassiosira_curviseriata,,,
ARMS_Getxo_G1_20200624_20201103_SF40_s1_r1:ASV_290:3dc8111fa642feab6de9ccde4d830eebea94fb3c,originalTaxonRank,,species,,,
ARMS_Getxo_G1_20200624_20201103_SF40_s1_r1:ASV_290:3dc8111fa642feab6de9ccde4d830eebea94fb3c,originalScientificNameConfidenceLevel,,0.19,,,
ARMS_Getxo_G1_20200624_20201103_SF40_s1_r1:ASV_300:45dae5ac78b70af5a30ae96a622d86f9b3c7ab3c,submergedTime,day,132,http://vocab.nerc.ac.uk/collection/P01/current/AZDRZZ01/,https://vocab.nerc.ac.uk/collection/P06/current/UTAA/,
ARMS_Getxo_G1_20200624_20201103_SF40_s1_r1:ASV_300:45dae5ac78b70af5a30ae96a622d86f9b3c7ab3c,preservativeUsed,,DMSO,http://vocab.nerc.ac.uk/collection/Q01/current/Q0100004/,,https://pubchem.ncbi.nlm.nih.gov/compound/679
ARMS_Getxo_G1_20200624_20201103_SF40_s1_r1:ASV_300:45dae5ac78b70af5a30ae96a622d86f9b3c7ab3c,lowerLimitFilterSize,micrometer,40,http://vocab.nerc.ac.uk/collection/Q01/current/Q0100011/,https://vocab.nerc.ac.uk/collection/P06/current/UMIC/,
ARMS_Getxo_G1_20200624_20201103_SF40_s1_r1:ASV_300:45dae5ac78b70af5a30ae96a622d86f9b3c7ab3c,sampleAccessionNumber,,SAMEA10021243,,,
ARMS_Getxo_G1_20200624_20201103_SF40_s1_r1:ASV_300:45dae5ac78b70af5a30ae96a622d86f9b3c7ab3c,NCBIID,,120807,,,
ARMS_Getxo_G1_20200624_20201103_SF40_s1_r1:ASV_300:45dae5ac78b70af5a30ae96a622d86f9b3c7ab3c,NCBIScientificName,,Nannochloropsis limnetica,,,
ARMS_Getxo_G1_20200624_20201103_SF40_s1_r1:ASV_300:45dae5ac78b70af5a30ae96a622d86f9b3c7ab3c,NCBITaxonRank,,species,,,
ARMS_Getxo_G1_20200624_20201103_SF40_s1_r1:ASV_300:45dae5ac78b70af5a30ae96a622d86f9b3c7ab3c,fieldReplicateID,,ARMS_Getxo_G_20200624_20201103,http://vocab.nerc.ac.uk/collection/P01/current/IDSPRE01,,
ARMS_Getxo_G1_20200624_20201103_SF40_s1_r1:ASV_300:45dae5ac78b70af5a30ae96a622d86f9b3c7ab3c,technicalReplicateID,,,http://vocab.nerc.ac.uk/collection/P01/current/IDTCRE01,,
ARMS_Getxo_G1_20200624_20201103_SF40_s1_r1:ASV_300:45dae5ac78b70af5a30ae96a622d86f9b3c7ab3c,originalScientificName,,Nannochloropsis_limnetica,,,
ARMS_Getxo_G1_20200624_20201103_SF40_s1_r1:ASV_300:45dae5ac78b70af5a30ae96a622d86f9b3c7ab3c,originalTaxonRank,,species,,,
ARMS_Getxo_G1_20200624_20201103_SF40_s1_r1:ASV_300:45dae5ac78b70af5a30ae96a622d86f9b3c7ab3c,originalScientificNameConfidenceLevel,,0.09,,,
ARMS_Getxo_G1_20200624_20201103_SF40_s1_r1:ASV_312:4911912f6323b44dc67084cc22e7ca779157b5e1,submergedTime,day,132,http://vocab.nerc.ac.uk/collection/P01/current/AZDRZZ01/,https://vocab.nerc.ac.uk/collection/P06/current/UTAA/,
ARMS_Getxo_G1_20200624_20201103_SF40_s1_r1:ASV_312:4911912f6323b44dc67084cc22e7ca779157b5e1,preservativeUsed,,DMSO,http://vocab.nerc.ac.uk/collection/Q01/current/Q0100004/,,https://pubchem.ncbi.nlm.nih.gov/compound/679
ARMS_Getxo_G1_20200624_20201103_SF40_s1_r1:ASV_312:4911912f6323b44dc67084cc22e7ca779157b5e1,lowerLimitFilterSize,micrometer,40,http://vocab.nerc.ac.uk/collection/Q01/current/Q0100011/,https://vocab.nerc.ac.uk/collection/P06/current/UMIC/,
ARMS_Getxo_G1_20200624_20201103_SF40_s1_r1:ASV_312:4911912f6323b44dc67084cc22e7ca779157b5e1,sampleAccessionNumber,,SAMEA10021243,,,
ARMS_Getxo_G1_20200624_20201103_SF40_s1_r1:ASV_312:4911912f6323b44dc67084cc22e7ca779157b5e1,NCBIID,,991099,,,
ARMS_Getxo_G1_20200624_20201103_SF40_s1_r1:ASV_312:4911912f6323b44dc67084cc22e7ca779157b5e1,NCBIScientificName,,Hormogaster gallica,,,
ARMS_Getxo_G1_20200624_20201103_SF40_s1_r1:ASV_312:4911912f6323b44dc67084cc22e7ca779157b5e1,NCBITaxonRank,,species,,,
ARMS_Getxo_G1_20200624_20201103_SF40_s1_r1:ASV_312:4911912f6323b44dc67084cc22e7ca779157b5e1,fieldReplicateID,,ARMS_Getxo_G_20200624_20201103,http://vocab.nerc.ac.uk/collection/P01/current/IDSPRE01,,
ARMS_Getxo_G1_20200624_20201103_SF40_s1_r1:ASV_312:4911912f6323b44dc67084cc22e7ca779157b5e1,technicalReplicateID,,,http://vocab.nerc.ac.uk/collection/P01/current/IDTCRE01,,
ARMS_Getxo_G1_20200624_20201103_SF40_s1_r1:ASV_312:4911912f6323b44dc67084cc22e7ca779157b5e1,originalScientificName,,Hormogaster_gallica,,,
ARMS_Getxo_G1_20200624_20201103_SF40_s1_r1:ASV_312:4911912f6323b44dc67084cc22e7ca779157b5e1,originalTaxonRank,,species,,,
ARMS_Getxo_G1_20200624_20201103_SF40_s1_r1:ASV_312:4911912f6323b44dc67084cc22e7ca779157b5e1,originalScientificNameConfidenceLevel,,0.08,,,
ARMS_Getxo_G1_20200624_20201103_SF40_s1_r1:ASV_317:4b810088880570bd781c15883d6c2e3f1ba6b79d,submergedTime,day,132,http://vocab.nerc.ac.uk/collection/P01/current/AZDRZZ01/,https://vocab.nerc.ac.uk/collection/P06/current/UTAA/,
ARMS_Getxo_G1_20200624_20201103_SF40_s1_r1:ASV_317:4b810088880570bd781c15883d6c2e3f1ba6b79d,preservativeUsed,,DMSO,http://vocab.nerc.ac.uk/collection/Q01/current/Q0100004/,,https://pubchem.ncbi.nlm.nih.gov/compound/679
ARMS_Getxo_G1_20200624_20201103_SF40_s1_r1:ASV_317:4b810088880570bd781c15883d6c2e3f1ba6b79d,lowerLimitFilterSize,micrometer,40,http://vocab.nerc.ac.uk/collection/Q01/current/Q0100011/,https://vocab.nerc.ac.uk/collection/P06/current/UMIC/,
ARMS_Getxo_G1_20200624_20201103_SF40_s1_r1:ASV_317:4b810088880570bd781c15883d6c2e3f1ba6b79d,sampleAccessionNumber,,SAMEA10021243,,,
ARMS_Getxo_G1_20200624_20201103_SF40_s1_r1:ASV_317:4b810088880570bd781c15883d6c2e3f1ba6b79d,NCBIID,,181431,,,
ARMS_Getxo_G1_20200624_20201103_SF40_s1_r1:ASV_317:4b810088880570bd781c15883d6c2e3f1ba6b79d,NCBIScientificName,,Diretmoides veriginae,,,
ARMS_Getxo_G1_20200624_20201103_SF40_s1_r1:ASV_317:4b810088880570bd781c15883d6c2e3f1ba6b79d,NCBITaxonRank,,species,,,
ARMS_Getxo_G1_20200624_20201103_SF40_s1_r1:ASV_317:4b810088880570bd781c15883d6c2e3f1ba6b79d,fieldReplicateID,,ARMS_Getxo_G_20200624_20201103,http://vocab.nerc.ac.uk/collection/P01/current/IDSPRE01,,
ARMS_Getxo_G1_20200624_20201103_SF40_s1_r1:ASV_317:4b810088880570bd781c15883d6c2e3f1ba6b79d,technicalReplicateID,,,http://vocab.nerc.ac.uk/collection/P01/current/IDTCRE01,,
ARMS_Getxo_G1_20200624_20201103_SF40_s1_r1:ASV_317:4b810088880570bd781c15883d6c2e3f1ba6b79d,originalScientificName,,Diretmoides_veriginae,,,
ARMS_Getxo_G1_20200624_20201103_SF40_s1_r1:ASV_317:4b810088880570bd781c15883d6c2e3f1ba6b79d,originalTaxonRank,,species,,,
ARMS_Getxo_G1_20200624_20201103_SF40_s1_r1:ASV_317:4b810088880570bd781c15883d6c2e3f1ba6b79d,originalScientificNameConfidenceLevel,,0.02,,,
ARMS_Getxo_G1_20200624_20201103_SF40_s1_r1:ASV_339:58340faa8959dc840b7c1dc042310bd99f7ef196,submergedTime,day,132,http://vocab.nerc.ac.uk/collection/P01/current/AZDRZZ01/,https://vocab.nerc.ac.uk/collection/P06/current/UTAA/,
ARMS_Getxo_G1_20200624_20201103_SF40_s1_r1:ASV_339:58340faa8959dc840b7c1dc042310bd99f7ef196,preservativeUsed,,DMSO,http://vocab.nerc.ac.uk/collection/Q01/current/Q0100004/,,https://pubchem.ncbi.nlm.nih.gov/compound/679
ARMS_Getxo_G1_20200624_20201103_SF40_s1_r1:ASV_339:58340faa8959dc840b7c1dc042310bd99f7ef196,lowerLimitFilterSize,micrometer,40,http://vocab.nerc.ac.uk/collection/Q01/current/Q0100011/,https://vocab.nerc.ac.uk/collection/P06/current/UMIC/,
ARMS_Getxo_G1_20200624_20201103_SF40_s1_r1:ASV_339:58340faa8959dc840b7c1dc042310bd99f7ef196,sampleAccessionNumber,,SAMEA10021243,,,
ARMS_Getxo_G1_20200624_20201103_SF40_s1_r1:ASV_339:58340faa8959dc840b7c1dc042310bd99f7ef196,NCBIID,,1264787,,,
ARMS_Getxo_G1_20200624_20201103_SF40_s1_r1:ASV_339:58340faa8959dc840b7c1dc042310bd99f7ef196,NCBIScientificName,,Frustulia maoriana,,,
ARMS_Getxo_G1_20200624_20201103_SF40_s1_r1:ASV_339:58340faa8959dc840b7c1dc042310bd99f7ef196,NCBITaxonRank,,species,,,
ARMS_Getxo_G1_20200624_20201103_SF40_s1_r1:ASV_339:58340faa8959dc840b7c1dc042310bd99f7ef196,fieldReplicateID,,ARMS_Getxo_G_20200624_20201103,http://vocab.nerc.ac.uk/collection/P01/current/IDSPRE01,,
ARMS_Getxo_G1_20200624_20201103_SF40_s1_r1:ASV_339:58340faa8959dc840b7c1dc042310bd99f7ef196,technicalReplicateID,,,http://vocab.nerc.ac.uk/collection/P01/current/IDTCRE01,,
ARMS_Getxo_G1_20200624_20201103_SF40_s1_r1:ASV_339:58340faa8959dc840b7c1dc042310bd99f7ef196,originalScientificName,,Frustulia_maoriana,,,
ARMS_Getxo_G1_20200624_20201103_SF40_s1_r1:ASV_339:58340faa8959dc840b7c1dc042310bd99f7ef196,originalTaxonRank,,species,,,
ARMS_Getxo_G1_20200624_20201103_SF40_s1_r1:ASV_339:58340faa8959dc840b7c1dc042310bd99f7ef196,originalScientificNameConfidenceLevel,,0.07,,,
ARMS_Getxo_G1_20200624_20201103_SF40_s1_r1:ASV_381:741d5bcd308edba73834e37df929b6b78c5a9b29,submergedTime,day,132,http://vocab.nerc.ac.uk/collection/P01/current/AZDRZZ01/,https://vocab.nerc.ac.uk/collection/P06/current/UTAA/,
ARMS_Getxo_G1_20200624_20201103_SF40_s1_r1:ASV_381:741d5bcd308edba73834e37df929b6b78c5a9b29,preservativeUsed,,DMSO,http://vocab.nerc.ac.uk/collection/Q01/current/Q0100004/,,https://pubchem.ncbi.nlm.nih.gov/compound/679
ARMS_Getxo_G1_20200624_20201103_SF40_s1_r1:ASV_381:741d5bcd308edba73834e37df929b6b78c5a9b29,lowerLimitFilterSize,micrometer,40,http://vocab.nerc.ac.uk/collection/Q01/current/Q0100011/,https://vocab.nerc.ac.uk/collection/P06/current/UMIC/,
ARMS_Getxo_G1_20200624_20201103_SF40_s1_r1:ASV_381:741d5bcd308edba73834e37df929b6b78c5a9b29,sampleAccessionNumber,,SAMEA10021243,,,
ARMS_Getxo_G1_20200624_20201103_SF40_s1_r1:ASV_381:741d5bcd308edba73834e37df929b6b78c5a9b29,NCBIID,,868113,,,
ARMS_Getxo_G1_20200624_20201103_SF40_s1_r1:ASV_381:741d5bcd308edba73834e37df929b6b78c5a9b29,NCBIScientificName,,Neoamphitrite robusta CMC02,,,
ARMS_Getxo_G1_20200624_20201103_SF40_s1_r1:ASV_381:741d5bcd308edba73834e37df929b6b78c5a9b29,NCBITaxonRank,,species,,,
ARMS_Getxo_G1_20200624_20201103_SF40_s1_r1:ASV_381:741d5bcd308edba73834e37df929b6b78c5a9b29,fieldReplicateID,,ARMS_Getxo_G_20200624_20201103,http://vocab.nerc.ac.uk/collection/P01/current/IDSPRE01,,
ARMS_Getxo_G1_20200624_20201103_SF40_s1_r1:ASV_381:741d5bcd308edba73834e37df929b6b78c5a9b29,technicalReplicateID,,,http://vocab.nerc.ac.uk/collection/P01/current/IDTCRE01,,
ARMS_Getxo_G1_20200624_20201103_SF40_s1_r1:ASV_381:741d5bcd308edba73834e37df929b6b78c5a9b29,originalScientificName,,Neoamphitrite_robusta_CMC02,,,
ARMS_Getxo_G1_20200624_20201103_SF40_s1_r1:ASV_381:741d5bcd308edba73834e37df929b6b78c5a9b29,originalTaxonRank,,species,,,
ARMS_Getxo_G1_20200624_20201103_SF40_s1_r1:ASV_381:741d5bcd308edba73834e37df929b6b78c5a9b29,originalScientificNameConfidenceLevel,,0.3,,,
ARMS_Getxo_G1_20200624_20201103_SF40_s1_r1:ASV_400:84530edfada774bd27a7abb7f6d441af9c9863a8,submergedTime,day,132,http://vocab.nerc.ac.uk/collection/P01/current/AZDRZZ01/,https://vocab.nerc.ac.uk/collection/P06/current/UTAA/,
ARMS_Getxo_G1_20200624_20201103_SF40_s1_r1:ASV_400:84530edfada774bd27a7abb7f6d441af9c9863a8,preservativeUsed,,DMSO,http://vocab.nerc.ac.uk/collection/Q01/current/Q0100004/,,https://pubchem.ncbi.nlm.nih.gov/compound/679
ARMS_Getxo_G1_20200624_20201103_SF40_s1_r1:ASV_400:84530edfada774bd27a7abb7f6d441af9c9863a8,lowerLimitFilterSize,micrometer,40,http://vocab.nerc.ac.uk/collection/Q01/current/Q0100011/,https://vocab.nerc.ac.uk/collection/P06/current/UMIC/,
ARMS_Getxo_G1_20200624_20201103_SF40_s1_r1:ASV_400:84530edfada774bd27a7abb7f6d441af9c9863a8,sampleAccessionNumber,,SAMEA10021243,,,
ARMS_Getxo_G1_20200624_20201103_SF40_s1_r1:ASV_400:84530edfada774bd27a7abb7f6d441af9c9863a8,NCBIID,,991043,,,
ARMS_Getxo_G1_20200624_20201103_SF40_s1_r1:ASV_400:84530edfada774bd27a7abb7f6d441af9c9863a8,NCBIScientificName,,Tricellaria occidentalis,,,
ARMS_Getxo_G1_20200624_20201103_SF40_s1_r1:ASV_400:84530edfada774bd27a7abb7f6d441af9c9863a8,NCBITaxonRank,,species,,,
ARMS_Getxo_G1_20200624_20201103_SF40_s1_r1:ASV_400:84530edfada774bd27a7abb7f6d441af9c9863a8,fieldReplicateID,,ARMS_Getxo_G_20200624_20201103,http://vocab.nerc.ac.uk/collection/P01/current/IDSPRE01,,
ARMS_Getxo_G1_20200624_20201103_SF40_s1_r1:ASV_400:84530edfada774bd27a7abb7f6d441af9c9863a8,technicalReplicateID,,,http://vocab.nerc.ac.uk/collection/P01/current/IDTCRE01,,
ARMS_Getxo_G1_20200624_20201103_SF40_s1_r1:ASV_400:84530edfada774bd27a7abb7f6d441af9c9863a8,originalScientificName,,Tricellaria_occidentalis,,,
ARMS_Getxo_G1_20200624_20201103_SF40_s1_r1:ASV_400:84530edfada774bd27a7abb7f6d441af9c9863a8,originalTaxonRank,,species,,,
ARMS_Getxo_G1_20200624_20201103_SF40_s1_r1:ASV_400:84530edfada774bd27a7abb7f6d441af9c9863a8,originalScientificNameConfidenceLevel,,0.66,,,
ARMS_Getxo_G1_20200624_20201103_SF40_s1_r1:ASV_428:9b52e3383b4756b13be40f2bdbf5b15bd161a72f,submergedTime,day,132,http://vocab.nerc.ac.uk/collection/P01/current/AZDRZZ01/,https://vocab.nerc.ac.uk/collection/P06/current/UTAA/,
ARMS_Getxo_G1_20200624_20201103_SF40_s1_r1:ASV_428:9b52e3383b4756b13be40f2bdbf5b15bd161a72f,preservativeUsed,,DMSO,http://vocab.nerc.ac.uk/collection/Q01/current/Q0100004/,,https://pubchem.ncbi.nlm.nih.gov/compound/679
ARMS_Getxo_G1_20200624_20201103_SF40_s1_r1:ASV_428:9b52e3383b4756b13be40f2bdbf5b15bd161a72f,lowerLimitFilterSize,micrometer,40,http://vocab.nerc.ac.uk/collection/Q01/current/Q0100011/,https://vocab.nerc.ac.uk/collection/P06/current/UMIC/,
ARMS_Getxo_G1_20200624_20201103_SF40_s1_r1:ASV_428:9b52e3383b4756b13be40f2bdbf5b15bd161a72f,sampleAccessionNumber,,SAMEA10021243,,,
ARMS_Getxo_G1_20200624_20201103_SF40_s1_r1:ASV_428:9b52e3383b4756b13be40f2bdbf5b15bd161a72f,NCBIID,,418375,,,
ARMS_Getxo_G1_20200624_20201103_SF40_s1_r1:ASV_428:9b52e3383b4756b13be40f2bdbf5b15bd161a72f,NCBIScientificName,,Syllis monilata,,,
ARMS_Getxo_G1_20200624_20201103_SF40_s1_r1:ASV_428:9b52e3383b4756b13be40f2bdbf5b15bd161a72f,NCBITaxonRank,,species,,,
ARMS_Getxo_G1_20200624_20201103_SF40_s1_r1:ASV_428:9b52e3383b4756b13be40f2bdbf5b15bd161a72f,fieldReplicateID,,ARMS_Getxo_G_20200624_20201103,http://vocab.nerc.ac.uk/collection/P01/current/IDSPRE01,,
ARMS_Getxo_G1_20200624_20201103_SF40_s1_r1:ASV_428:9b52e3383b4756b13be40f2bdbf5b15bd161a72f,technicalReplicateID,,,http://vocab.nerc.ac.uk/collection/P01/current/IDTCRE01,,
ARMS_Getxo_G1_20200624_20201103_SF40_s1_r1:ASV_428:9b52e3383b4756b13be40f2bdbf5b15bd161a72f,originalScientificName,,Syllis_monilata,,,
ARMS_Getxo_G1_20200624_20201103_SF40_s1_r1:ASV_428:9b52e3383b4756b13be40f2bdbf5b15bd161a72f,originalTaxonRank,,species,,,
ARMS_Getxo_G1_20200624_20201103_SF40_s1_r1:ASV_428:9b52e3383b4756b13be40f2bdbf5b15bd161a72f,originalScientificNameConfidenceLevel,,0.25,,,
ARMS_Getxo_G1_20200624_20201103_SF40_s1_r1:ASV_445:a396616e2f154e949bd8498a8a8be90c2c66427b,submergedTime,day,132,http://vocab.nerc.ac.uk/collection/P01/current/AZDRZZ01/,https://vocab.nerc.ac.uk/collection/P06/current/UTAA/,
ARMS_Getxo_G1_20200624_20201103_SF40_s1_r1:ASV_445:a396616e2f154e949bd8498a8a8be90c2c66427b,preservativeUsed,,DMSO,http://vocab.nerc.ac.uk/collection/Q01/current/Q0100004/,,https://pubchem.ncbi.nlm.nih.gov/compound/679
ARMS_Getxo_G1_20200624_20201103_SF40_s1_r1:ASV_445:a396616e2f154e949bd8498a8a8be90c2c66427b,lowerLimitFilterSize,micrometer,40,http://vocab.nerc.ac.uk/collection/Q01/current/Q0100011/,https://vocab.nerc.ac.uk/collection/P06/current/UMIC/,
ARMS_Getxo_G1_20200624_20201103_SF40_s1_r1:ASV_445:a396616e2f154e949bd8498a8a8be90c2c66427b,sampleAccessionNumber,,SAMEA10021243,,,
ARMS_Getxo_G1_20200624_20201103_SF40_s1_r1:ASV_445:a396616e2f154e949bd8498a8a8be90c2c66427b,NCBIID,,1981576,,,
ARMS_Getxo_G1_20200624_20201103_SF40_s1_r1:ASV_445:a396616e2f154e949bd8498a8a8be90c2c66427b,NCBIScientificName,,Phyllodoce madeirensis,,,
ARMS_Getxo_G1_20200624_20201103_SF40_s1_r1:ASV_445:a396616e2f154e949bd8498a8a8be90c2c66427b,NCBITaxonRank,,species,,,
ARMS_Getxo_G1_20200624_20201103_SF40_s1_r1:ASV_445:a396616e2f154e949bd8498a8a8be90c2c66427b,fieldReplicateID,,ARMS_Getxo_G_20200624_20201103,http://vocab.nerc.ac.uk/collection/P01/current/IDSPRE01,,
ARMS_Getxo_G1_20200624_20201103_SF40_s1_r1:ASV_445:a396616e2f154e949bd8498a8a8be90c2c66427b,technicalReplicateID,,,http://vocab.nerc.ac.uk/collection/P01/current/IDTCRE01,,
ARMS_Getxo_G1_20200624_20201103_SF40_s1_r1:ASV_445:a396616e2f154e949bd8498a8a8be90c2c66427b,originalScientificName,,Phyllodoce_madeirensis,,,
ARMS_Getxo_G1_20200624_20201103_SF40_s1_r1:ASV_445:a396616e2f154e949bd8498a8a8be90c2c66427b,originalTaxonRank,,species,,,
ARMS_Getxo_G1_20200624_20201103_SF40_s1_r1:ASV_445:a396616e2f154e949bd8498a8a8be90c2c66427b,originalScientificNameConfidenceLevel,,0.18,,,
ARMS_Getxo_G1_20200624_20201103_SF40_s1_r1:ASV_457:ad59e3457878ff4f1d8b3229c5f5ad82eed94b65,submergedTime,day,132,http://vocab.nerc.ac.uk/collection/P01/current/AZDRZZ01/,https://vocab.nerc.ac.uk/collection/P06/current/UTAA/,
ARMS_Getxo_G1_20200624_20201103_SF40_s1_r1:ASV_457:ad59e3457878ff4f1d8b3229c5f5ad82eed94b65,preservativeUsed,,DMSO,http://vocab.nerc.ac.uk/collection/Q01/current/Q0100004/,,https://pubchem.ncbi.nlm.nih.gov/compound/679
ARMS_Getxo_G1_20200624_20201103_SF40_s1_r1:ASV_457:ad59e3457878ff4f1d8b3229c5f5ad82eed94b65,lowerLimitFilterSize,micrometer,40,http://vocab.nerc.ac.uk/collection/Q01/current/Q0100011/,https://vocab.nerc.ac.uk/collection/P06/current/UMIC/,
ARMS_Getxo_G1_20200624_20201103_SF40_s1_r1:ASV_457:ad59e3457878ff4f1d8b3229c5f5ad82eed94b65,sampleAccessionNumber,,SAMEA10021243,,,
ARMS_Getxo_G1_20200624_20201103_SF40_s1_r1:ASV_457:ad59e3457878ff4f1d8b3229c5f5ad82eed94b65,NCBIID,,1588095,,,
ARMS_Getxo_G1_20200624_20201103_SF40_s1_r1:ASV_457:ad59e3457878ff4f1d8b3229c5f5ad82eed94b65,NCBIScientificName,,Amathia tertia,,,
ARMS_Getxo_G1_20200624_20201103_SF40_s1_r1:ASV_457:ad59e3457878ff4f1d8b3229c5f5ad82eed94b65,NCBITaxonRank,,species,,,
ARMS_Getxo_G1_20200624_20201103_SF40_s1_r1:ASV_457:ad59e3457878ff4f1d8b3229c5f5ad82eed94b65,fieldReplicateID,,ARMS_Getxo_G_20200624_20201103,http://vocab.nerc.ac.uk/collection/P01/current/IDSPRE01,,
ARMS_Getxo_G1_20200624_20201103_SF40_s1_r1:ASV_457:ad59e3457878ff4f1d8b3229c5f5ad82eed94b65,technicalReplicateID,,,http://vocab.nerc.ac.uk/collection/P01/current/IDTCRE01,,
ARMS_Getxo_G1_20200624_20201103_SF40_s1_r1:ASV_457:ad59e3457878ff4f1d8b3229c5f5ad82eed94b65,originalScientificName,,Amathia_tertia,,,
ARMS_Getxo_G1_20200624_20201103_SF40_s1_r1:ASV_457:ad59e3457878ff4f1d8b3229c5f5ad82eed94b65,originalTaxonRank,,species,,,
ARMS_Getxo_G1_20200624_20201103_SF40_s1_r1:ASV_457:ad59e3457878ff4f1d8b3229c5f5ad82eed94b65,originalScientificNameConfidenceLevel,,0.19,,,
ARMS_Getxo_G2_20200624_20201103_MF100_s1_r1:ASV_46:cbb59af13dd16cc520501efce935d53615db5888,submergedTime,day,132,http://vocab.nerc.ac.uk/collection/P01/current/AZDRZZ01/,https://vocab.nerc.ac.uk/collection/P06/current/UTAA/,
ARMS_Getxo_G2_20200624_20201103_MF100_s1_r1:ASV_46:cbb59af13dd16cc520501efce935d53615db5888,preservativeUsed,,DMSO,http://vocab.nerc.ac.uk/collection/Q01/current/Q0100004/,,https://pubchem.ncbi.nlm.nih.gov/compound/679
ARMS_Getxo_G2_20200624_20201103_MF100_s1_r1:ASV_46:cbb59af13dd16cc520501efce935d53615db5888,lowerLimitFilterSize,micrometer,100,http://vocab.nerc.ac.uk/collection/Q01/current/Q0100011/,https://vocab.nerc.ac.uk/collection/P06/current/UMIC/,
ARMS_Getxo_G2_20200624_20201103_MF100_s1_r1:ASV_46:cbb59af13dd16cc520501efce935d53615db5888,sampleAccessionNumber,,SAMEA10021249,,,
ARMS_Getxo_G2_20200624_20201103_MF100_s1_r1:ASV_46:cbb59af13dd16cc520501efce935d53615db5888,NCBIID,,71370,,,
ARMS_Getxo_G2_20200624_20201103_MF100_s1_r1:ASV_46:cbb59af13dd16cc520501efce935d53615db5888,NCBIScientificName,,Onchidoris muricata,,,
ARMS_Getxo_G2_20200624_20201103_MF100_s1_r1:ASV_46:cbb59af13dd16cc520501efce935d53615db5888,NCBITaxonRank,,species,,,
ARMS_Getxo_G2_20200624_20201103_MF100_s1_r1:ASV_46:cbb59af13dd16cc520501efce935d53615db5888,fieldReplicateID,,ARMS_Getxo_G_20200624_20201103,http://vocab.nerc.ac.uk/collection/P01/current/IDSPRE01,,
ARMS_Getxo_G2_20200624_20201103_MF100_s1_r1:ASV_46:cbb59af13dd16cc520501efce935d53615db5888,technicalReplicateID,,,http://vocab.nerc.ac.uk/collection/P01/current/IDTCRE01,,
ARMS_Getxo_G2_20200624_20201103_MF100_s1_r1:ASV_46:cbb59af13dd16cc520501efce935d53615db5888,originalScientificName,,Onchidoris_muricata,,,
ARMS_Getxo_G2_20200624_20201103_MF100_s1_r1:ASV_46:cbb59af13dd16cc520501efce935d53615db5888,originalTaxonRank,,species,,,
ARMS_Getxo_G2_20200624_20201103_MF100_s1_r1:ASV_46:cbb59af13dd16cc520501efce935d53615db5888,originalScientificNameConfidenceLevel,,1.0,,,
ARMS_Getxo_G2_20200624_20201103_SF40_s1_r1:ASV_7:511c7007a6238c914707d00bf365854f4f131f2a,submergedTime,day,132,http://vocab.nerc.ac.uk/collection/P01/current/AZDRZZ01/,https://vocab.nerc.ac.uk/collection/P06/current/UTAA/,
ARMS_Getxo_G2_20200624_20201103_SF40_s1_r1:ASV_7:511c7007a6238c914707d00bf365854f4f131f2a,preservativeUsed,,DMSO,http://vocab.nerc.ac.uk/collection/Q01/current/Q0100004/,,https://pubchem.ncbi.nlm.nih.gov/compound/679
ARMS_Getxo_G2_20200624_20201103_SF40_s1_r1:ASV_7:511c7007a6238c914707d00bf365854f4f131f2a,lowerLimitFilterSize,micrometer,40,http://vocab.nerc.ac.uk/collection/Q01/current/Q0100011/,https://vocab.nerc.ac.uk/collection/P06/current/UMIC/,
ARMS_Getxo_G2_20200624_20201103_SF40_s1_r1:ASV_7:511c7007a6238c914707d00bf365854f4f131f2a,sampleAccessionNumber,,SAMEA10021252,,,
ARMS_Getxo_G2_20200624_20201103_SF40_s1_r1:ASV_7:511c7007a6238c914707d00bf365854f4f131f2a,NCBIID,,1577136,,,
ARMS_Getxo_G2_20200624_20201103_SF40_s1_r1:ASV_7:511c7007a6238c914707d00bf365854f4f131f2a,NCBIScientificName,,Nemopoda mamaevi,,,
ARMS_Getxo_G2_20200624_20201103_SF40_s1_r1:ASV_7:511c7007a6238c914707d00bf365854f4f131f2a,NCBITaxonRank,,species,,,
ARMS_Getxo_G2_20200624_20201103_SF40_s1_r1:ASV_7:511c7007a6238c914707d00bf365854f4f131f2a,fieldReplicateID,,ARMS_Getxo_G_20200624_20201103,http://vocab.nerc.ac.uk/collection/P01/current/IDSPRE01,,
ARMS_Getxo_G2_20200624_20201103_SF40_s1_r1:ASV_7:511c7007a6238c914707d00bf365854f4f131f2a,technicalReplicateID,,,http://vocab.nerc.ac.uk/collection/P01/current/IDTCRE01,,
ARMS_Getxo_G2_20200624_20201103_SF40_s1_r1:ASV_7:511c7007a6238c914707d00bf365854f4f131f2a,originalScientificName,,Nemopoda_mamaevi,,,
ARMS_Getxo_G2_20200624_20201103_SF40_s1_r1:ASV_7:511c7007a6238c914707d00bf365854f4f131f2a,originalTaxonRank,,species,,,
ARMS_Getxo_G2_20200624_20201103_SF40_s1_r1:ASV_7:511c7007a6238c914707d00bf365854f4f131f2a,originalScientificNameConfidenceLevel,,0.08,,,
ARMS_Getxo_G2_20200624_20201103_SF40_s1_r1:ASV_8:688d5e22286ab575831dfbbf494c633e58aa3e6e,submergedTime,day,132,http://vocab.nerc.ac.uk/collection/P01/current/AZDRZZ01/,https://vocab.nerc.ac.uk/collection/P06/current/UTAA/,
ARMS_Getxo_G2_20200624_20201103_SF40_s1_r1:ASV_8:688d5e22286ab575831dfbbf494c633e58aa3e6e,preservativeUsed,,DMSO,http://vocab.nerc.ac.uk/collection/Q01/current/Q0100004/,,https://pubchem.ncbi.nlm.nih.gov/compound/679
ARMS_Getxo_G2_20200624_20201103_SF40_s1_r1:ASV_8:688d5e22286ab575831dfbbf494c633e58aa3e6e,lowerLimitFilterSize,micrometer,40,http://vocab.nerc.ac.uk/collection/Q01/current/Q0100011/,https://vocab.nerc.ac.uk/collection/P06/current/UMIC/,
ARMS_Getxo_G2_20200624_20201103_SF40_s1_r1:ASV_8:688d5e22286ab575831dfbbf494c633e58aa3e6e,sampleAccessionNumber,,SAMEA10021252,,,
ARMS_Getxo_G2_20200624_20201103_SF40_s1_r1:ASV_8:688d5e22286ab575831dfbbf494c633e58aa3e6e,NCBIID,,1220549,,,
ARMS_Getxo_G2_20200624_20201103_SF40_s1_r1:ASV_8:688d5e22286ab575831dfbbf494c633e58aa3e6e,NCBIScientificName,,Amphibalanus improvisus,,,
ARMS_Getxo_G2_20200624_20201103_SF40_s1_r1:ASV_8:688d5e22286ab575831dfbbf494c633e58aa3e6e,NCBITaxonRank,,species,,,
ARMS_Getxo_G2_20200624_20201103_SF40_s1_r1:ASV_8:688d5e22286ab575831dfbbf494c633e58aa3e6e,fieldReplicateID,,ARMS_Getxo_G_20200624_20201103,http://vocab.nerc.ac.uk/collection/P01/current/IDSPRE01,,
ARMS_Getxo_G2_20200624_20201103_SF40_s1_r1:ASV_8:688d5e22286ab575831dfbbf494c633e58aa3e6e,technicalReplicateID,,,http://vocab.nerc.ac.uk/collection/P01/current/IDTCRE01,,
ARMS_Getxo_G2_20200624_20201103_SF40_s1_r1:ASV_8:688d5e22286ab575831dfbbf494c633e58aa3e6e,originalScientificName,,Amphibalanus_improvisus,,,
ARMS_Getxo_G2_20200624_20201103_SF40_s1_r1:ASV_8:688d5e22286ab575831dfbbf494c633e58aa3e6e,originalTaxonRank,,species,,,
ARMS_Getxo_G2_20200624_20201103_SF40_s1_r1:ASV_8:688d5e22286ab575831dfbbf494c633e58aa3e6e,originalScientificNameConfidenceLevel,,1.0,,,
ARMS_Getxo_G2_20200624_20201103_SF40_s1_r1:ASV_46:cbb59af13dd16cc520501efce935d53615db5888,submergedTime,day,132,http://vocab.nerc.ac.uk/collection/P01/current/AZDRZZ01/,https://vocab.nerc.ac.uk/collection/P06/current/UTAA/,
ARMS_Getxo_G2_20200624_20201103_SF40_s1_r1:ASV_46:cbb59af13dd16cc520501efce935d53615db5888,preservativeUsed,,DMSO,http://vocab.nerc.ac.uk/collection/Q01/current/Q0100004/,,https://pubchem.ncbi.nlm.nih.gov/compound/679
ARMS_Getxo_G2_20200624_20201103_SF40_s1_r1:ASV_46:cbb59af13dd16cc520501efce935d53615db5888,lowerLimitFilterSize,micrometer,40,http://vocab.nerc.ac.uk/collection/Q01/current/Q0100011/,https://vocab.nerc.ac.uk/collection/P06/current/UMIC/,
ARMS_Getxo_G2_20200624_20201103_SF40_s1_r1:ASV_46:cbb59af13dd16cc520501efce935d53615db5888,sampleAccessionNumber,,SAMEA10021252,,,
ARMS_Getxo_G2_20200624_20201103_SF40_s1_r1:ASV_46:cbb59af13dd16cc520501efce935d53615db5888,NCBIID,,71370,,,
ARMS_Getxo_G2_20200624_20201103_SF40_s1_r1:ASV_46:cbb59af13dd16cc520501efce935d53615db5888,NCBIScientificName,,Onchidoris muricata,,,
ARMS_Getxo_G2_20200624_20201103_SF40_s1_r1:ASV_46:cbb59af13dd16cc520501efce935d53615db5888,NCBITaxonRank,,species,,,
ARMS_Getxo_G2_20200624_20201103_SF40_s1_r1:ASV_46:cbb59af13dd16cc520501efce935d53615db5888,fieldReplicateID,,ARMS_Getxo_G_20200624_20201103,http://vocab.nerc.ac.uk/collection/P01/current/IDSPRE01,,
ARMS_Getxo_G2_20200624_20201103_SF40_s1_r1:ASV_46:cbb59af13dd16cc520501efce935d53615db5888,technicalReplicateID,,,http://vocab.nerc.ac.uk/collection/P01/current/IDTCRE01,,
ARMS_Getxo_G2_20200624_20201103_SF40_s1_r1:ASV_46:cbb59af13dd16cc520501efce935d53615db5888,originalScientificName,,Onchidoris_muricata,,,
ARMS_Getxo_G2_20200624_20201103_SF40_s1_r1:ASV_46:cbb59af13dd16cc520501efce935d53615db5888,originalTaxonRank,,species,,,
ARMS_Getxo_G2_20200624_20201103_SF40_s1_r1:ASV_46:cbb59af13dd16cc520501efce935d53615db5888,originalScientificNameConfidenceLevel,,1.0,,,
ARMS_Getxo_G3_20200624_20201103_SF40_s1_r1:ASV_1:92db2a54b8c860e5c9c485200307b72bde5098b4,submergedTime,day,132,http://vocab.nerc.ac.uk/collection/P01/current/AZDRZZ01/,https://vocab.nerc.ac.uk/collection/P06/current/UTAA/,
ARMS_Getxo_G3_20200624_20201103_SF40_s1_r1:ASV_1:92db2a54b8c860e5c9c485200307b72bde5098b4,preservativeUsed,,DMSO,http://vocab.nerc.ac.uk/collection/Q01/current/Q0100004/,,https://pubchem.ncbi.nlm.nih.gov/compound/679
ARMS_Getxo_G3_20200624_20201103_SF40_s1_r1:ASV_1:92db2a54b8c860e5c9c485200307b72bde5098b4,lowerLimitFilterSize,micrometer,40,http://vocab.nerc.ac.uk/collection/Q01/current/Q0100011/,https://vocab.nerc.ac.uk/collection/P06/current/UMIC/,
ARMS_Getxo_G3_20200624_20201103_SF40_s1_r1:ASV_1:92db2a54b8c860e5c9c485200307b72bde5098b4,sampleAccessionNumber,,SAMEA10021258,,,
ARMS_Getxo_G3_20200624_20201103_SF40_s1_r1:ASV_1:92db2a54b8c860e5c9c485200307b72bde5098b4,NCBIID,,348593,,,
ARMS_Getxo_G3_20200624_20201103_SF40_s1_r1:ASV_1:92db2a54b8c860e5c9c485200307b72bde5098b4,NCBIScientificName,,Ostrea stentina,,,
ARMS_Getxo_G3_20200624_20201103_SF40_s1_r1:ASV_1:92db2a54b8c860e5c9c485200307b72bde5098b4,NCBITaxonRank,,species,,,
ARMS_Getxo_G3_20200624_20201103_SF40_s1_r1:ASV_1:92db2a54b8c860e5c9c485200307b72bde5098b4,fieldReplicateID,,ARMS_Getxo_G_20200624_20201103,http://vocab.nerc.ac.uk/collection/P01/current/IDSPRE01,,
ARMS_Getxo_G3_20200624_20201103_SF40_s1_r1:ASV_1:92db2a54b8c860e5c9c485200307b72bde5098b4,technicalReplicateID,,,http://vocab.nerc.ac.uk/collection/P01/current/IDTCRE01,,
ARMS_Getxo_G3_20200624_20201103_SF40_s1_r1:ASV_1:92db2a54b8c860e5c9c485200307b72bde5098b4,originalScientificName,,Ostrea_stentina,,,
ARMS_Getxo_G3_20200624_20201103_SF40_s1_r1:ASV_1:92db2a54b8c860e5c9c485200307b72bde5098b4,originalTaxonRank,,species,,,
ARMS_Getxo_G3_20200624_20201103_SF40_s1_r1:ASV_1:92db2a54b8c860e5c9c485200307b72bde5098b4,originalScientificNameConfidenceLevel,,1.0,,,
ARMS_Getxo_G3_20200624_20201103_SF40_s1_r1:ASV_2:7c61e93ec29ff8ff27df81541dcb588bbe266a64,submergedTime,day,132,http://vocab.nerc.ac.uk/collection/P01/current/AZDRZZ01/,https://vocab.nerc.ac.uk/collection/P06/current/UTAA/,
ARMS_Getxo_G3_20200624_20201103_SF40_s1_r1:ASV_2:7c61e93ec29ff8ff27df81541dcb588bbe266a64,preservativeUsed,,DMSO,http://vocab.nerc.ac.uk/collection/Q01/current/Q0100004/,,https://pubchem.ncbi.nlm.nih.gov/compound/679
ARMS_Getxo_G3_20200624_20201103_SF40_s1_r1:ASV_2:7c61e93ec29ff8ff27df81541dcb588bbe266a64,lowerLimitFilterSize,micrometer,40,http://vocab.nerc.ac.uk/collection/Q01/current/Q0100011/,https://vocab.nerc.ac.uk/collection/P06/current/UMIC/,
ARMS_Getxo_G3_20200624_20201103_SF40_s1_r1:ASV_2:7c61e93ec29ff8ff27df81541dcb588bbe266a64,sampleAccessionNumber,,SAMEA10021258,,,
ARMS_Getxo_G3_20200624_20201103_SF40_s1_r1:ASV_2:7c61e93ec29ff8ff27df81541dcb588bbe266a64,NCBIID,,62933,,,
ARMS_Getxo_G3_20200624_20201103_SF40_s1_r1:ASV_2:7c61e93ec29ff8ff27df81541dcb588bbe266a64,NCBIScientificName,,Botrylloides diegensis,,,
ARMS_Getxo_G3_20200624_20201103_SF40_s1_r1:ASV_2:7c61e93ec29ff8ff27df81541dcb588bbe266a64,NCBITaxonRank,,species,,,
ARMS_Getxo_G3_20200624_20201103_SF40_s1_r1:ASV_2:7c61e93ec29ff8ff27df81541dcb588bbe266a64,fieldReplicateID,,ARMS_Getxo_G_20200624_20201103,http://vocab.nerc.ac.uk/collection/P01/current/IDSPRE01,,
ARMS_Getxo_G3_20200624_20201103_SF40_s1_r1:ASV_2:7c61e93ec29ff8ff27df81541dcb588bbe266a64,technicalReplicateID,,,http://vocab.nerc.ac.uk/collection/P01/current/IDTCRE01,,
ARMS_Getxo_G3_20200624_20201103_SF40_s1_r1:ASV_2:7c61e93ec29ff8ff27df81541dcb588bbe266a64,originalScientificName,,Botrylloides_diegensis,,,
ARMS_Getxo_G3_20200624_20201103_SF40_s1_r1:ASV_2:7c61e93ec29ff8ff27df81541dcb588bbe266a64,originalTaxonRank,,species,,,
ARMS_Getxo_G3_20200624_20201103_SF40_s1_r1:ASV_2:7c61e93ec29ff8ff27df81541dcb588bbe266a64,originalScientificNameConfidenceLevel,,1.0,,,
ARMS_Getxo_G3_20200624_20201103_SF40_s1_r1:ASV_3:a834be979a75c1cb757a89c0ec3a182d5ab3e4e0,submergedTime,day,132,http://vocab.nerc.ac.uk/collection/P01/current/AZDRZZ01/,https://vocab.nerc.ac.uk/collection/P06/current/UTAA/,
ARMS_Getxo_G3_20200624_20201103_SF40_s1_r1:ASV_3:a834be979a75c1cb757a89c0ec3a182d5ab3e4e0,preservativeUsed,,DMSO,http://vocab.nerc.ac.uk/collection/Q01/current/Q0100004/,,https://pubchem.ncbi.nlm.nih.gov/compound/679
ARMS_Getxo_G3_20200624_20201103_SF40_s1_r1:ASV_3:a834be979a75c1cb757a89c0ec3a182d5ab3e4e0,lowerLimitFilterSize,micrometer,40,http://vocab.nerc.ac.uk/collection/Q01/current/Q0100011/,https://vocab.nerc.ac.uk/collection/P06/current/UMIC/,
ARMS_Getxo_G3_20200624_20201103_SF40_s1_r1:ASV_3:a834be979a75c1cb757a89c0ec3a182d5ab3e4e0,sampleAccessionNumber,,SAMEA10021258,,,
ARMS_Getxo_G3_20200624_20201103_SF40_s1_r1:ASV_3:a834be979a75c1cb757a89c0ec3a182d5ab3e4e0,NCBIID,,756461,,,
ARMS_Getxo_G3_20200624_20201103_SF40_s1_r1:ASV_3:a834be979a75c1cb757a89c0ec3a182d5ab3e4e0,NCBIScientificName,,Balanus trigonus,,,
ARMS_Getxo_G3_20200624_20201103_SF40_s1_r1:ASV_3:a834be979a75c1cb757a89c0ec3a182d5ab3e4e0,NCBITaxonRank,,species,,,
ARMS_Getxo_G3_20200624_20201103_SF40_s1_r1:ASV_3:a834be979a75c1cb757a89c0ec3a182d5ab3e4e0,fieldReplicateID,,ARMS_Getxo_G_20200624_20201103,http://vocab.nerc.ac.uk/collection/P01/current/IDSPRE01,,
ARMS_Getxo_G3_20200624_20201103_SF40_s1_r1:ASV_3:a834be979a75c1cb757a89c0ec3a182d5ab3e4e0,technicalReplicateID,,,http://vocab.nerc.ac.uk/collection/P01/current/IDTCRE01,,
ARMS_Getxo_G3_20200624_20201103_SF40_s1_r1:ASV_3:a834be979a75c1cb757a89c0ec3a182d5ab3e4e0,originalScientificName,,Balanus_trigonus,,,
ARMS_Getxo_G3_20200624_20201103_SF40_s1_r1:ASV_3:a834be979a75c1cb757a89c0ec3a182d5ab3e4e0,originalTaxonRank,,species,,,
ARMS_Getxo_G3_20200624_20201103_SF40_s1_r1:ASV_3:a834be979a75c1cb757a89c0ec3a182d5ab3e4e0,originalScientificNameConfidenceLevel,,1.0,,,
ARMS_Getxo_G3_20200624_20201103_SF40_s1_r1:ASV_10:d40e19f66e76cc54b02ae688174877657d1bdd5e,submergedTime,day,132,http://vocab.nerc.ac.uk/collection/P01/current/AZDRZZ01/,https://vocab.nerc.ac.uk/collection/P06/current/UTAA/,
ARMS_Getxo_G3_20200624_20201103_SF40_s1_r1:ASV_10:d40e19f66e76cc54b02ae688174877657d1bdd5e,preservativeUsed,,DMSO,http://vocab.nerc.ac.uk/collection/Q01/current/Q0100004/,,https://pubchem.ncbi.nlm.nih.gov/compound/679
ARMS_Getxo_G3_20200624_20201103_SF40_s1_r1:ASV_10:d40e19f66e76cc54b02ae688174877657d1bdd5e,lowerLimitFilterSize,micrometer,40,http://vocab.nerc.ac.uk/collection/Q01/current/Q0100011/,https://vocab.nerc.ac.uk/collection/P06/current/UMIC/,
ARMS_Getxo_G3_20200624_20201103_SF40_s1_r1:ASV_10:d40e19f66e76cc54b02ae688174877657d1bdd5e,sampleAccessionNumber,,SAMEA10021258,,,
ARMS_Getxo_G3_20200624_20201103_SF40_s1_r1:ASV_10:d40e19f66e76cc54b02ae688174877657d1bdd5e,NCBIID,,29159,,,
ARMS_Getxo_G3_20200624_20201103_SF40_s1_r1:ASV_10:d40e19f66e76cc54b02ae688174877657d1bdd5e,NCBIScientificName,,Crassostrea gigas,,,
ARMS_Getxo_G3_20200624_20201103_SF40_s1_r1:ASV_10:d40e19f66e76cc54b02ae688174877657d1bdd5e,NCBITaxonRank,,species,,,
ARMS_Getxo_G3_20200624_20201103_SF40_s1_r1:ASV_10:d40e19f66e76cc54b02ae688174877657d1bdd5e,fieldReplicateID,,ARMS_Getxo_G_20200624_20201103,http://vocab.nerc.ac.uk/collection/P01/current/IDSPRE01,,
ARMS_Getxo_G3_20200624_20201103_SF40_s1_r1:ASV_10:d40e19f66e76cc54b02ae688174877657d1bdd5e,technicalReplicateID,,,http://vocab.nerc.ac.uk/collection/P01/current/IDTCRE01,,
ARMS_Getxo_G3_20200624_20201103_SF40_s1_r1:ASV_10:d40e19f66e76cc54b02ae688174877657d1bdd5e,originalScientificName,,Crassostrea_gigas,,,
ARMS_Getxo_G3_20200624_20201103_SF40_s1_r1:ASV_10:d40e19f66e76cc54b02ae688174877657d1bdd5e,originalTaxonRank,,species,,,
ARMS_Getxo_G3_20200624_20201103_SF40_s1_r1:ASV_10:d40e19f66e76cc54b02ae688174877657d1bdd5e,originalScientificNameConfidenceLevel,,1.0,,,
ARMS_Getxo_G3_20200624_20201103_SF40_s1_r1:ASV_11:4d6fa5e239ac6630cf0823de21e770003f3f747f,submergedTime,day,132,http://vocab.nerc.ac.uk/collection/P01/current/AZDRZZ01/,https://vocab.nerc.ac.uk/collection/P06/current/UTAA/,
ARMS_Getxo_G3_20200624_20201103_SF40_s1_r1:ASV_11:4d6fa5e239ac6630cf0823de21e770003f3f747f,preservativeUsed,,DMSO,http://vocab.nerc.ac.uk/collection/Q01/current/Q0100004/,,https://pubchem.ncbi.nlm.nih.gov/compound/679
ARMS_Getxo_G3_20200624_20201103_SF40_s1_r1:ASV_11:4d6fa5e239ac6630cf0823de21e770003f3f747f,lowerLimitFilterSize,micrometer,40,http://vocab.nerc.ac.uk/collection/Q01/current/Q0100011/,https://vocab.nerc.ac.uk/collection/P06/current/UMIC/,
ARMS_Getxo_G3_20200624_20201103_SF40_s1_r1:ASV_11:4d6fa5e239ac6630cf0823de21e770003f3f747f,sampleAccessionNumber,,SAMEA10021258,,,
ARMS_Getxo_G3_20200624_20201103_SF40_s1_r1:ASV_11:4d6fa5e239ac6630cf0823de21e770003f3f747f,NCBIID,,314507,,,
ARMS_Getxo_G3_20200624_20201103_SF40_s1_r1:ASV_11:4d6fa5e239ac6630cf0823de21e770003f3f747f,NCBIScientificName,,Campanularia hincksii,,,
ARMS_Getxo_G3_20200624_20201103_SF40_s1_r1:ASV_11:4d6fa5e239ac6630cf0823de21e770003f3f747f,NCBITaxonRank,,species,,,
ARMS_Getxo_G3_20200624_20201103_SF40_s1_r1:ASV_11:4d6fa5e239ac6630cf0823de21e770003f3f747f,fieldReplicateID,,ARMS_Getxo_G_20200624_20201103,http://vocab.nerc.ac.uk/collection/P01/current/IDSPRE01,,
ARMS_Getxo_G3_20200624_20201103_SF40_s1_r1:ASV_11:4d6fa5e239ac6630cf0823de21e770003f3f747f,technicalReplicateID,,,http://vocab.nerc.ac.uk/collection/P01/current/IDTCRE01,,
ARMS_Getxo_G3_20200624_20201103_SF40_s1_r1:ASV_11:4d6fa5e239ac6630cf0823de21e770003f3f747f,originalScientificName,,Campanularia_hincksii,,,
ARMS_Getxo_G3_20200624_20201103_SF40_s1_r1:ASV_11:4d6fa5e239ac6630cf0823de21e770003f3f747f,originalTaxonRank,,species,,,
ARMS_Getxo_G3_20200624_20201103_SF40_s1_r1:ASV_11:4d6fa5e239ac6630cf0823de21e770003f3f747f,originalScientificNameConfidenceLevel,,1.0,,,
ARMS_Getxo_G3_20200624_20201103_SF40_s1_r1:ASV_16:3623370cef3c7fa302614df95d72d66d3125ef32,submergedTime,day,132,http://vocab.nerc.ac.uk/collection/P01/current/AZDRZZ01/,https://vocab.nerc.ac.uk/collection/P06/current/UTAA/,
ARMS_Getxo_G3_20200624_20201103_SF40_s1_r1:ASV_16:3623370cef3c7fa302614df95d72d66d3125ef32,preservativeUsed,,DMSO,http://vocab.nerc.ac.uk/collection/Q01/current/Q0100004/,,https://pubchem.ncbi.nlm.nih.gov/compound/679
ARMS_Getxo_G3_20200624_20201103_SF40_s1_r1:ASV_16:3623370cef3c7fa302614df95d72d66d3125ef32,lowerLimitFilterSize,micrometer,40,http://vocab.nerc.ac.uk/collection/Q01/current/Q0100011/,https://vocab.nerc.ac.uk/collection/P06/current/UMIC/,
ARMS_Getxo_G3_20200624_20201103_SF40_s1_r1:ASV_16:3623370cef3c7fa302614df95d72d66d3125ef32,sampleAccessionNumber,,SAMEA10021258,,,
ARMS_Getxo_G3_20200624_20201103_SF40_s1_r1:ASV_16:3623370cef3c7fa302614df95d72d66d3125ef32,NCBIID,,1167211,,,
ARMS_Getxo_G3_20200624_20201103_SF40_s1_r1:ASV_16:3623370cef3c7fa302614df95d72d66d3125ef32,NCBIScientificName,,Polydora haswelli,,,
ARMS_Getxo_G3_20200624_20201103_SF40_s1_r1:ASV_16:3623370cef3c7fa302614df95d72d66d3125ef32,NCBITaxonRank,,species,,,
ARMS_Getxo_G3_20200624_20201103_SF40_s1_r1:ASV_16:3623370cef3c7fa302614df95d72d66d3125ef32,fieldReplicateID,,ARMS_Getxo_G_20200624_20201103,http://vocab.nerc.ac.uk/collection/P01/current/IDSPRE01,,
ARMS_Getxo_G3_20200624_20201103_SF40_s1_r1:ASV_16:3623370cef3c7fa302614df95d72d66d3125ef32,technicalReplicateID,,,http://vocab.nerc.ac.uk/collection/P01/current/IDTCRE01,,
ARMS_Getxo_G3_20200624_20201103_SF40_s1_r1:ASV_16:3623370cef3c7fa302614df95d72d66d3125ef32,originalScientificName,,Polydora_haswelli,,,
ARMS_Getxo_G3_20200624_20201103_SF40_s1_r1:ASV_16:3623370cef3c7fa302614df95d72d66d3125ef32,originalTaxonRank,,species,,,
ARMS_Getxo_G3_20200624_20201103_SF40_s1_r1:ASV_16:3623370cef3c7fa302614df95d72d66d3125ef32,originalScientificNameConfidenceLevel,,1.0,,,
ARMS_Getxo_G3_20200624_20201103_SF40_s1_r1:ASV_18:47cd53df2ec6c288c7cce60da131c9d1447781e3,submergedTime,day,132,http://vocab.nerc.ac.uk/collection/P01/current/AZDRZZ01/,https://vocab.nerc.ac.uk/collection/P06/current/UTAA/,
ARMS_Getxo_G3_20200624_20201103_SF40_s1_r1:ASV_18:47cd53df2ec6c288c7cce60da131c9d1447781e3,preservativeUsed,,DMSO,http://vocab.nerc.ac.uk/collection/Q01/current/Q0100004/,,https://pubchem.ncbi.nlm.nih.gov/compound/679
ARMS_Getxo_G3_20200624_20201103_SF40_s1_r1:ASV_18:47cd53df2ec6c288c7cce60da131c9d1447781e3,lowerLimitFilterSize,micrometer,40,http://vocab.nerc.ac.uk/collection/Q01/current/Q0100011/,https://vocab.nerc.ac.uk/collection/P06/current/UMIC/,
ARMS_Getxo_G3_20200624_20201103_SF40_s1_r1:ASV_18:47cd53df2ec6c288c7cce60da131c9d1447781e3,sampleAccessionNumber,,SAMEA10021258,,,
ARMS_Getxo_G3_20200624_20201103_SF40_s1_r1:ASV_18:47cd53df2ec6c288c7cce60da131c9d1447781e3,NCBIID,,37623,,,
ARMS_Getxo_G3_20200624_20201103_SF40_s1_r1:ASV_18:47cd53df2ec6c288c7cce60da131c9d1447781e3,NCBIScientificName,,Ostrea edulis,,,
ARMS_Getxo_G3_20200624_20201103_SF40_s1_r1:ASV_18:47cd53df2ec6c288c7cce60da131c9d1447781e3,NCBITaxonRank,,species,,,
ARMS_Getxo_G3_20200624_20201103_SF40_s1_r1:ASV_18:47cd53df2ec6c288c7cce60da131c9d1447781e3,fieldReplicateID,,ARMS_Getxo_G_20200624_20201103,http://vocab.nerc.ac.uk/collection/P01/current/IDSPRE01,,
ARMS_Getxo_G3_20200624_20201103_SF40_s1_r1:ASV_18:47cd53df2ec6c288c7cce60da131c9d1447781e3,technicalReplicateID,,,http://vocab.nerc.ac.uk/collection/P01/current/IDTCRE01,,
ARMS_Getxo_G3_20200624_20201103_SF40_s1_r1:ASV_18:47cd53df2ec6c288c7cce60da131c9d1447781e3,originalScientificName,,Ostrea_edulis,,,
ARMS_Getxo_G3_20200624_20201103_SF40_s1_r1:ASV_18:47cd53df2ec6c288c7cce60da131c9d1447781e3,originalTaxonRank,,species,,,
ARMS_Getxo_G3_20200624_20201103_SF40_s1_r1:ASV_18:47cd53df2ec6c288c7cce60da131c9d1447781e3,originalScientificNameConfidenceLevel,,0.76,,,
ARMS_Getxo_G3_20200624_20201103_SF40_s1_r1:ASV_21:a4262169182eb16d9af3c1e88a9dc8289018cfc0,submergedTime,day,132,http://vocab.nerc.ac.uk/collection/P01/current/AZDRZZ01/,https://vocab.nerc.ac.uk/collection/P06/current/UTAA/,
ARMS_Getxo_G3_20200624_20201103_SF40_s1_r1:ASV_21:a4262169182eb16d9af3c1e88a9dc8289018cfc0,preservativeUsed,,DMSO,http://vocab.nerc.ac.uk/collection/Q01/current/Q0100004/,,https://pubchem.ncbi.nlm.nih.gov/compound/679
ARMS_Getxo_G3_20200624_20201103_SF40_s1_r1:ASV_21:a4262169182eb16d9af3c1e88a9dc8289018cfc0,lowerLimitFilterSize,micrometer,40,http://vocab.nerc.ac.uk/collection/Q01/current/Q0100011/,https://vocab.nerc.ac.uk/collection/P06/current/UMIC/,
ARMS_Getxo_G3_20200624_20201103_SF40_s1_r1:ASV_21:a4262169182eb16d9af3c1e88a9dc8289018cfc0,sampleAccessionNumber,,SAMEA10021258,,,
ARMS_Getxo_G3_20200624_20201103_SF40_s1_r1:ASV_21:a4262169182eb16d9af3c1e88a9dc8289018cfc0,NCBIID,,991043,,,
ARMS_Getxo_G3_20200624_20201103_SF40_s1_r1:ASV_21:a4262169182eb16d9af3c1e88a9dc8289018cfc0,NCBIScientificName,,Tricellaria occidentalis,,,
ARMS_Getxo_G3_20200624_20201103_SF40_s1_r1:ASV_21:a4262169182eb16d9af3c1e88a9dc8289018cfc0,NCBITaxonRank,,species,,,
ARMS_Getxo_G3_20200624_20201103_SF40_s1_r1:ASV_21:a4262169182eb16d9af3c1e88a9dc8289018cfc0,fieldReplicateID,,ARMS_Getxo_G_20200624_20201103,http://vocab.nerc.ac.uk/collection/P01/current/IDSPRE01,,
ARMS_Getxo_G3_20200624_20201103_SF40_s1_r1:ASV_21:a4262169182eb16d9af3c1e88a9dc8289018cfc0,technicalReplicateID,,,http://vocab.nerc.ac.uk/collection/P01/current/IDTCRE01,,
ARMS_Getxo_G3_20200624_20201103_SF40_s1_r1:ASV_21:a4262169182eb16d9af3c1e88a9dc8289018cfc0,originalScientificName,,Tricellaria_occidentalis,,,
ARMS_Getxo_G3_20200624_20201103_SF40_s1_r1:ASV_21:a4262169182eb16d9af3c1e88a9dc8289018cfc0,originalTaxonRank,,species,,,
ARMS_Getxo_G3_20200624_20201103_SF40_s1_r1:ASV_21:a4262169182eb16d9af3c1e88a9dc8289018cfc0,originalScientificNameConfidenceLevel,,0.82,,,
ARMS_Getxo_G3_20200624_20201103_SF40_s1_r1:ASV_36:7b45460ab85503fa3a1cbb8aae03473646d71d9f,submergedTime,day,132,http://vocab.nerc.ac.uk/collection/P01/current/AZDRZZ01/,https://vocab.nerc.ac.uk/collection/P06/current/UTAA/,
ARMS_Getxo_G3_20200624_20201103_SF40_s1_r1:ASV_36:7b45460ab85503fa3a1cbb8aae03473646d71d9f,preservativeUsed,,DMSO,http://vocab.nerc.ac.uk/collection/Q01/current/Q0100004/,,https://pubchem.ncbi.nlm.nih.gov/compound/679
ARMS_Getxo_G3_20200624_20201103_SF40_s1_r1:ASV_36:7b45460ab85503fa3a1cbb8aae03473646d71d9f,lowerLimitFilterSize,micrometer,40,http://vocab.nerc.ac.uk/collection/Q01/current/Q0100011/,https://vocab.nerc.ac.uk/collection/P06/current/UMIC/,
ARMS_Getxo_G3_20200624_20201103_SF40_s1_r1:ASV_36:7b45460ab85503fa3a1cbb8aae03473646d71d9f,sampleAccessionNumber,,SAMEA10021258,,,
ARMS_Getxo_G3_20200624_20201103_SF40_s1_r1:ASV_36:7b45460ab85503fa3a1cbb8aae03473646d71d9f,NCBIID,,554066,,,
ARMS_Getxo_G3_20200624_20201103_SF40_s1_r1:ASV_36:7b45460ab85503fa3a1cbb8aae03473646d71d9f,NCBIScientificName,,Chlorella heliozoae,,,
ARMS_Getxo_G3_20200624_20201103_SF40_s1_r1:ASV_36:7b45460ab85503fa3a1cbb8aae03473646d71d9f,NCBITaxonRank,,species,,,
ARMS_Getxo_G3_20200624_20201103_SF40_s1_r1:ASV_36:7b45460ab85503fa3a1cbb8aae03473646d71d9f,fieldReplicateID,,ARMS_Getxo_G_20200624_20201103,http://vocab.nerc.ac.uk/collection/P01/current/IDSPRE01,,
ARMS_Getxo_G3_20200624_20201103_SF40_s1_r1:ASV_36:7b45460ab85503fa3a1cbb8aae03473646d71d9f,technicalReplicateID,,,http://vocab.nerc.ac.uk/collection/P01/current/IDTCRE01,,
ARMS_Getxo_G3_20200624_20201103_SF40_s1_r1:ASV_36:7b45460ab85503fa3a1cbb8aae03473646d71d9f,originalScientificName,,Chlorella_heliozoae,,,
ARMS_Getxo_G3_20200624_20201103_SF40_s1_r1:ASV_36:7b45460ab85503fa3a1cbb8aae03473646d71d9f,originalTaxonRank,,species,,,
ARMS_Getxo_G3_20200624_20201103_SF40_s1_r1:ASV_36:7b45460ab85503fa3a1cbb8aae03473646d71d9f,originalScientificNameConfidenceLevel,,0.06,,,
ARMS_Getxo_G3_20200624_20201103_SF40_s1_r1:ASV_43:2a7dfb035093f6f867e181fc77c458db0101035a,submergedTime,day,132,http://vocab.nerc.ac.uk/collection/P01/current/AZDRZZ01/,https://vocab.nerc.ac.uk/collection/P06/current/UTAA/,
ARMS_Getxo_G3_20200624_20201103_SF40_s1_r1:ASV_43:2a7dfb035093f6f867e181fc77c458db0101035a,preservativeUsed,,DMSO,http://vocab.nerc.ac.uk/collection/Q01/current/Q0100004/,,https://pubchem.ncbi.nlm.nih.gov/compound/679
ARMS_Getxo_G3_20200624_20201103_SF40_s1_r1:ASV_43:2a7dfb035093f6f867e181fc77c458db0101035a,lowerLimitFilterSize,micrometer,40,http://vocab.nerc.ac.uk/collection/Q01/current/Q0100011/,https://vocab.nerc.ac.uk/collection/P06/current/UMIC/,
ARMS_Getxo_G3_20200624_20201103_SF40_s1_r1:ASV_43:2a7dfb035093f6f867e181fc77c458db0101035a,sampleAccessionNumber,,SAMEA10021258,,,
ARMS_Getxo_G3_20200624_20201103_SF40_s1_r1:ASV_43:2a7dfb035093f6f867e181fc77c458db0101035a,NCBIID,,1732093,,,
ARMS_Getxo_G3_20200624_20201103_SF40_s1_r1:ASV_43:2a7dfb035093f6f867e181fc77c458db0101035a,NCBIScientificName,,Austrominius modestus,,,
ARMS_Getxo_G3_20200624_20201103_SF40_s1_r1:ASV_43:2a7dfb035093f6f867e181fc77c458db0101035a,NCBITaxonRank,,species,,,
ARMS_Getxo_G3_20200624_20201103_SF40_s1_r1:ASV_43:2a7dfb035093f6f867e181fc77c458db0101035a,fieldReplicateID,,ARMS_Getxo_G_20200624_20201103,http://vocab.nerc.ac.uk/collection/P01/current/IDSPRE01,,
ARMS_Getxo_G3_20200624_20201103_SF40_s1_r1:ASV_43:2a7dfb035093f6f867e181fc77c458db0101035a,technicalReplicateID,,,http://vocab.nerc.ac.uk/collection/P01/current/IDTCRE01,,
ARMS_Getxo_G3_20200624_20201103_SF40_s1_r1:ASV_43:2a7dfb035093f6f867e181fc77c458db0101035a,originalScientificName,,Austrominius_modestus,,,
ARMS_Getxo_G3_20200624_20201103_SF40_s1_r1:ASV_43:2a7dfb035093f6f867e181fc77c458db0101035a,originalTaxonRank,,species,,,
ARMS_Getxo_G3_20200624_20201103_SF40_s1_r1:ASV_43:2a7dfb035093f6f867e181fc77c458db0101035a,originalScientificNameConfidenceLevel,,1.0,,,
ARMS_Getxo_G3_20200624_20201103_SF40_s1_r1:ASV_48:08d0037a4009afd030251986ed6ba94e9fd1da2e,submergedTime,day,132,http://vocab.nerc.ac.uk/collection/P01/current/AZDRZZ01/,https://vocab.nerc.ac.uk/collection/P06/current/UTAA/,
ARMS_Getxo_G3_20200624_20201103_SF40_s1_r1:ASV_48:08d0037a4009afd030251986ed6ba94e9fd1da2e,preservativeUsed,,DMSO,http://vocab.nerc.ac.uk/collection/Q01/current/Q0100004/,,https://pubchem.ncbi.nlm.nih.gov/compound/679
ARMS_Getxo_G3_20200624_20201103_SF40_s1_r1:ASV_48:08d0037a4009afd030251986ed6ba94e9fd1da2e,lowerLimitFilterSize,micrometer,40,http://vocab.nerc.ac.uk/collection/Q01/current/Q0100011/,https://vocab.nerc.ac.uk/collection/P06/current/UMIC/,
ARMS_Getxo_G3_20200624_20201103_SF40_s1_r1:ASV_48:08d0037a4009afd030251986ed6ba94e9fd1da2e,sampleAccessionNumber,,SAMEA10021258,,,
ARMS_Getxo_G3_20200624_20201103_SF40_s1_r1:ASV_48:08d0037a4009afd030251986ed6ba94e9fd1da2e,NCBIID,,2865492,,,
ARMS_Getxo_G3_20200624_20201103_SF40_s1_r1:ASV_48:08d0037a4009afd030251986ed6ba94e9fd1da2e,NCBIScientificName,,Cribrilina mutabilis,,,
ARMS_Getxo_G3_20200624_20201103_SF40_s1_r1:ASV_48:08d0037a4009afd030251986ed6ba94e9fd1da2e,NCBITaxonRank,,species,,,
ARMS_Getxo_G3_20200624_20201103_SF40_s1_r1:ASV_48:08d0037a4009afd030251986ed6ba94e9fd1da2e,fieldReplicateID,,ARMS_Getxo_G_20200624_20201103,http://vocab.nerc.ac.uk/collection/P01/current/IDSPRE01,,
ARMS_Getxo_G3_20200624_20201103_SF40_s1_r1:ASV_48:08d0037a4009afd030251986ed6ba94e9fd1da2e,technicalReplicateID,,,http://vocab.nerc.ac.uk/collection/P01/current/IDTCRE01,,
ARMS_Getxo_G3_20200624_20201103_SF40_s1_r1:ASV_48:08d0037a4009afd030251986ed6ba94e9fd1da2e,originalScientificName,,Cribrilina_mutabilis,,,
ARMS_Getxo_G3_20200624_20201103_SF40_s1_r1:ASV_48:08d0037a4009afd030251986ed6ba94e9fd1da2e,originalTaxonRank,,species,,,
ARMS_Getxo_G3_20200624_20201103_SF40_s1_r1:ASV_48:08d0037a4009afd030251986ed6ba94e9fd1da2e,originalScientificNameConfidenceLevel,,1.0,,,
ARMS_Getxo_G3_20200624_20201103_SF40_s1_r1:ASV_49:239f9e76eb61bb87c7d8e2288f11b5715a13346e,submergedTime,day,132,http://vocab.nerc.ac.uk/collection/P01/current/AZDRZZ01/,https://vocab.nerc.ac.uk/collection/P06/current/UTAA/,
ARMS_Getxo_G3_20200624_20201103_SF40_s1_r1:ASV_49:239f9e76eb61bb87c7d8e2288f11b5715a13346e,preservativeUsed,,DMSO,http://vocab.nerc.ac.uk/collection/Q01/current/Q0100004/,,https://pubchem.ncbi.nlm.nih.gov/compound/679
ARMS_Getxo_G3_20200624_20201103_SF40_s1_r1:ASV_49:239f9e76eb61bb87c7d8e2288f11b5715a13346e,lowerLimitFilterSize,micrometer,40,http://vocab.nerc.ac.uk/collection/Q01/current/Q0100011/,https://vocab.nerc.ac.uk/collection/P06/current/UMIC/,
ARMS_Getxo_G3_20200624_20201103_SF40_s1_r1:ASV_49:239f9e76eb61bb87c7d8e2288f11b5715a13346e,sampleAccessionNumber,,SAMEA10021258,,,
ARMS_Getxo_G3_20200624_20201103_SF40_s1_r1:ASV_49:239f9e76eb61bb87c7d8e2288f11b5715a13346e,NCBIID,,6359,,,
ARMS_Getxo_G3_20200624_20201103_SF40_s1_r1:ASV_49:239f9e76eb61bb87c7d8e2288f11b5715a13346e,NCBIScientificName,,Platynereis dumerilii,,,
ARMS_Getxo_G3_20200624_20201103_SF40_s1_r1:ASV_49:239f9e76eb61bb87c7d8e2288f11b5715a13346e,NCBITaxonRank,,species,,,
ARMS_Getxo_G3_20200624_20201103_SF40_s1_r1:ASV_49:239f9e76eb61bb87c7d8e2288f11b5715a13346e,fieldReplicateID,,ARMS_Getxo_G_20200624_20201103,http://vocab.nerc.ac.uk/collection/P01/current/IDSPRE01,,
ARMS_Getxo_G3_20200624_20201103_SF40_s1_r1:ASV_49:239f9e76eb61bb87c7d8e2288f11b5715a13346e,technicalReplicateID,,,http://vocab.nerc.ac.uk/collection/P01/current/IDTCRE01,,
ARMS_Getxo_G3_20200624_20201103_SF40_s1_r1:ASV_49:239f9e76eb61bb87c7d8e2288f11b5715a13346e,originalScientificName,,Platynereis_dumerilii,,,
ARMS_Getxo_G3_20200624_20201103_SF40_s1_r1:ASV_49:239f9e76eb61bb87c7d8e2288f11b5715a13346e,originalTaxonRank,,species,,,
ARMS_Getxo_G3_20200624_20201103_SF40_s1_r1:ASV_49:239f9e76eb61bb87c7d8e2288f11b5715a13346e,originalScientificNameConfidenceLevel,,1.0,,,
ARMS_Getxo_G3_20200624_20201103_SF40_s1_r1:ASV_51:33da948d5921884c0aeb393e2b5c64a8041c776f,submergedTime,day,132,http://vocab.nerc.ac.uk/collection/P01/current/AZDRZZ01/,https://vocab.nerc.ac.uk/collection/P06/current/UTAA/,
ARMS_Getxo_G3_20200624_20201103_SF40_s1_r1:ASV_51:33da948d5921884c0aeb393e2b5c64a8041c776f,preservativeUsed,,DMSO,http://vocab.nerc.ac.uk/collection/Q01/current/Q0100004/,,https://pubchem.ncbi.nlm.nih.gov/compound/679
ARMS_Getxo_G3_20200624_20201103_SF40_s1_r1:ASV_51:33da948d5921884c0aeb393e2b5c64a8041c776f,lowerLimitFilterSize,micrometer,40,http://vocab.nerc.ac.uk/collection/Q01/current/Q0100011/,https://vocab.nerc.ac.uk/collection/P06/current/UMIC/,
ARMS_Getxo_G3_20200624_20201103_SF40_s1_r1:ASV_51:33da948d5921884c0aeb393e2b5c64a8041c776f,sampleAccessionNumber,,SAMEA10021258,,,
ARMS_Getxo_G3_20200624_20201103_SF40_s1_r1:ASV_51:33da948d5921884c0aeb393e2b5c64a8041c776f,NCBIID,,2576727,,,
ARMS_Getxo_G3_20200624_20201103_SF40_s1_r1:ASV_51:33da948d5921884c0aeb393e2b5c64a8041c776f,NCBIScientificName,,Dinophilus vorticoides,,,
ARMS_Getxo_G3_20200624_20201103_SF40_s1_r1:ASV_51:33da948d5921884c0aeb393e2b5c64a8041c776f,NCBITaxonRank,,species,,,
ARMS_Getxo_G3_20200624_20201103_SF40_s1_r1:ASV_51:33da948d5921884c0aeb393e2b5c64a8041c776f,fieldReplicateID,,ARMS_Getxo_G_20200624_20201103,http://vocab.nerc.ac.uk/collection/P01/current/IDSPRE01,,
ARMS_Getxo_G3_20200624_20201103_SF40_s1_r1:ASV_51:33da948d5921884c0aeb393e2b5c64a8041c776f,technicalReplicateID,,,http://vocab.nerc.ac.uk/collection/P01/current/IDTCRE01,,
ARMS_Getxo_G3_20200624_20201103_SF40_s1_r1:ASV_51:33da948d5921884c0aeb393e2b5c64a8041c776f,originalScientificName,,Dinophilus_vorticoides,,,
ARMS_Getxo_G3_20200624_20201103_SF40_s1_r1:ASV_51:33da948d5921884c0aeb393e2b5c64a8041c776f,originalTaxonRank,,species,,,
ARMS_Getxo_G3_20200624_20201103_SF40_s1_r1:ASV_51:33da948d5921884c0aeb393e2b5c64a8041c776f,originalScientificNameConfidenceLevel,,1.0,,,
ARMS_Getxo_G3_20200624_20201103_SF40_s1_r1:ASV_54:b9b27b3887c6b5cfd037265bdd42a64d3af37704,submergedTime,day,132,http://vocab.nerc.ac.uk/collection/P01/current/AZDRZZ01/,https://vocab.nerc.ac.uk/collection/P06/current/UTAA/,
ARMS_Getxo_G3_20200624_20201103_SF40_s1_r1:ASV_54:b9b27b3887c6b5cfd037265bdd42a64d3af37704,preservativeUsed,,DMSO,http://vocab.nerc.ac.uk/collection/Q01/current/Q0100004/,,https://pubchem.ncbi.nlm.nih.gov/compound/679
ARMS_Getxo_G3_20200624_20201103_SF40_s1_r1:ASV_54:b9b27b3887c6b5cfd037265bdd42a64d3af37704,lowerLimitFilterSize,micrometer,40,http://vocab.nerc.ac.uk/collection/Q01/current/Q0100011/,https://vocab.nerc.ac.uk/collection/P06/current/UMIC/,
ARMS_Getxo_G3_20200624_20201103_SF40_s1_r1:ASV_54:b9b27b3887c6b5cfd037265bdd42a64d3af37704,sampleAccessionNumber,,SAMEA10021258,,,
ARMS_Getxo_G3_20200624_20201103_SF40_s1_r1:ASV_54:b9b27b3887c6b5cfd037265bdd42a64d3af37704,NCBIID,,1582900,,,
ARMS_Getxo_G3_20200624_20201103_SF40_s1_r1:ASV_54:b9b27b3887c6b5cfd037265bdd42a64d3af37704,NCBIScientificName,,Monocorophium acherusicum,,,
ARMS_Getxo_G3_20200624_20201103_SF40_s1_r1:ASV_54:b9b27b3887c6b5cfd037265bdd42a64d3af37704,NCBITaxonRank,,species,,,
ARMS_Getxo_G3_20200624_20201103_SF40_s1_r1:ASV_54:b9b27b3887c6b5cfd037265bdd42a64d3af37704,fieldReplicateID,,ARMS_Getxo_G_20200624_20201103,http://vocab.nerc.ac.uk/collection/P01/current/IDSPRE01,,
ARMS_Getxo_G3_20200624_20201103_SF40_s1_r1:ASV_54:b9b27b3887c6b5cfd037265bdd42a64d3af37704,technicalReplicateID,,,http://vocab.nerc.ac.uk/collection/P01/current/IDTCRE01,,
ARMS_Getxo_G3_20200624_20201103_SF40_s1_r1:ASV_54:b9b27b3887c6b5cfd037265bdd42a64d3af37704,originalScientificName,,Monocorophium_acherusicum,,,
ARMS_Getxo_G3_20200624_20201103_SF40_s1_r1:ASV_54:b9b27b3887c6b5cfd037265bdd42a64d3af37704,originalTaxonRank,,species,,,
ARMS_Getxo_G3_20200624_20201103_SF40_s1_r1:ASV_54:b9b27b3887c6b5cfd037265bdd42a64d3af37704,originalScientificNameConfidenceLevel,,1.0,,,
ARMS_Getxo_G3_20200624_20201103_SF40_s1_r1:ASV_56:10f12e7e78d9e2032c6f0a32ed8b22dc55a985fc,submergedTime,day,132,http://vocab.nerc.ac.uk/collection/P01/current/AZDRZZ01/,https://vocab.nerc.ac.uk/collection/P06/current/UTAA/,
ARMS_Getxo_G3_20200624_20201103_SF40_s1_r1:ASV_56:10f12e7e78d9e2032c6f0a32ed8b22dc55a985fc,preservativeUsed,,DMSO,http://vocab.nerc.ac.uk/collection/Q01/current/Q0100004/,,https://pubchem.ncbi.nlm.nih.gov/compound/679
ARMS_Getxo_G3_20200624_20201103_SF40_s1_r1:ASV_56:10f12e7e78d9e2032c6f0a32ed8b22dc55a985fc,lowerLimitFilterSize,micrometer,40,http://vocab.nerc.ac.uk/collection/Q01/current/Q0100011/,https://vocab.nerc.ac.uk/collection/P06/current/UMIC/,
ARMS_Getxo_G3_20200624_20201103_SF40_s1_r1:ASV_56:10f12e7e78d9e2032c6f0a32ed8b22dc55a985fc,sampleAccessionNumber,,SAMEA10021258,,,
ARMS_Getxo_G3_20200624_20201103_SF40_s1_r1:ASV_56:10f12e7e78d9e2032c6f0a32ed8b22dc55a985fc,NCBIID,,283546,,,
ARMS_Getxo_G3_20200624_20201103_SF40_s1_r1:ASV_56:10f12e7e78d9e2032c6f0a32ed8b22dc55a985fc,NCBIScientificName,,Protosuberites denhartogi,,,
ARMS_Getxo_G3_20200624_20201103_SF40_s1_r1:ASV_56:10f12e7e78d9e2032c6f0a32ed8b22dc55a985fc,NCBITaxonRank,,species,,,
ARMS_Getxo_G3_20200624_20201103_SF40_s1_r1:ASV_56:10f12e7e78d9e2032c6f0a32ed8b22dc55a985fc,fieldReplicateID,,ARMS_Getxo_G_20200624_20201103,http://vocab.nerc.ac.uk/collection/P01/current/IDSPRE01,,
ARMS_Getxo_G3_20200624_20201103_SF40_s1_r1:ASV_56:10f12e7e78d9e2032c6f0a32ed8b22dc55a985fc,technicalReplicateID,,,http://vocab.nerc.ac.uk/collection/P01/current/IDTCRE01,,
ARMS_Getxo_G3_20200624_20201103_SF40_s1_r1:ASV_56:10f12e7e78d9e2032c6f0a32ed8b22dc55a985fc,originalScientificName,,Protosuberites_denhartogi,,,
ARMS_Getxo_G3_20200624_20201103_SF40_s1_r1:ASV_56:10f12e7e78d9e2032c6f0a32ed8b22dc55a985fc,originalTaxonRank,,species,,,
ARMS_Getxo_G3_20200624_20201103_SF40_s1_r1:ASV_56:10f12e7e78d9e2032c6f0a32ed8b22dc55a985fc,originalScientificNameConfidenceLevel,,1.0,,,
ARMS_Getxo_G3_20200624_20201103_SF40_s1_r1:ASV_58:5ba847a8f599e84c00d961b9f5877e9ed7deba5d,submergedTime,day,132,http://vocab.nerc.ac.uk/collection/P01/current/AZDRZZ01/,https://vocab.nerc.ac.uk/collection/P06/current/UTAA/,
ARMS_Getxo_G3_20200624_20201103_SF40_s1_r1:ASV_58:5ba847a8f599e84c00d961b9f5877e9ed7deba5d,preservativeUsed,,DMSO,http://vocab.nerc.ac.uk/collection/Q01/current/Q0100004/,,https://pubchem.ncbi.nlm.nih.gov/compound/679
ARMS_Getxo_G3_20200624_20201103_SF40_s1_r1:ASV_58:5ba847a8f599e84c00d961b9f5877e9ed7deba5d,lowerLimitFilterSize,micrometer,40,http://vocab.nerc.ac.uk/collection/Q01/current/Q0100011/,https://vocab.nerc.ac.uk/collection/P06/current/UMIC/,
ARMS_Getxo_G3_20200624_20201103_SF40_s1_r1:ASV_58:5ba847a8f599e84c00d961b9f5877e9ed7deba5d,sampleAccessionNumber,,SAMEA10021258,,,
ARMS_Getxo_G3_20200624_20201103_SF40_s1_r1:ASV_58:5ba847a8f599e84c00d961b9f5877e9ed7deba5d,NCBIID,,392300,,,
ARMS_Getxo_G3_20200624_20201103_SF40_s1_r1:ASV_58:5ba847a8f599e84c00d961b9f5877e9ed7deba5d,NCBIScientificName,,Histiona aroides,,,
ARMS_Getxo_G3_20200624_20201103_SF40_s1_r1:ASV_58:5ba847a8f599e84c00d961b9f5877e9ed7deba5d,NCBITaxonRank,,species,,,
ARMS_Getxo_G3_20200624_20201103_SF40_s1_r1:ASV_58:5ba847a8f599e84c00d961b9f5877e9ed7deba5d,fieldReplicateID,,ARMS_Getxo_G_20200624_20201103,http://vocab.nerc.ac.uk/collection/P01/current/IDSPRE01,,
ARMS_Getxo_G3_20200624_20201103_SF40_s1_r1:ASV_58:5ba847a8f599e84c00d961b9f5877e9ed7deba5d,technicalReplicateID,,,http://vocab.nerc.ac.uk/collection/P01/current/IDTCRE01,,
ARMS_Getxo_G3_20200624_20201103_SF40_s1_r1:ASV_58:5ba847a8f599e84c00d961b9f5877e9ed7deba5d,originalScientificName,,Histiona_aroides,,,
ARMS_Getxo_G3_20200624_20201103_SF40_s1_r1:ASV_58:5ba847a8f599e84c00d961b9f5877e9ed7deba5d,originalTaxonRank,,species,,,
ARMS_Getxo_G3_20200624_20201103_SF40_s1_r1:ASV_58:5ba847a8f599e84c00d961b9f5877e9ed7deba5d,originalScientificNameConfidenceLevel,,0.05,,,
ARMS_Getxo_G3_20200624_20201103_SF40_s1_r1:ASV_107:e90b8d079c1cdbd88f7038cdf48ceb69cfad20d0,submergedTime,day,132,http://vocab.nerc.ac.uk/collection/P01/current/AZDRZZ01/,https://vocab.nerc.ac.uk/collection/P06/current/UTAA/,
ARMS_Getxo_G3_20200624_20201103_SF40_s1_r1:ASV_107:e90b8d079c1cdbd88f7038cdf48ceb69cfad20d0,preservativeUsed,,DMSO,http://vocab.nerc.ac.uk/collection/Q01/current/Q0100004/,,https://pubchem.ncbi.nlm.nih.gov/compound/679
ARMS_Getxo_G3_20200624_20201103_SF40_s1_r1:ASV_107:e90b8d079c1cdbd88f7038cdf48ceb69cfad20d0,lowerLimitFilterSize,micrometer,40,http://vocab.nerc.ac.uk/collection/Q01/current/Q0100011/,https://vocab.nerc.ac.uk/collection/P06/current/UMIC/,
ARMS_Getxo_G3_20200624_20201103_SF40_s1_r1:ASV_107:e90b8d079c1cdbd88f7038cdf48ceb69cfad20d0,sampleAccessionNumber,,SAMEA10021258,,,
ARMS_Getxo_G3_20200624_20201103_SF40_s1_r1:ASV_107:e90b8d079c1cdbd88f7038cdf48ceb69cfad20d0,NCBIID,,2593145,,,
ARMS_Getxo_G3_20200624_20201103_SF40_s1_r1:ASV_107:e90b8d079c1cdbd88f7038cdf48ceb69cfad20d0,NCBIScientificName,,Proameira psammophila,,,
ARMS_Getxo_G3_20200624_20201103_SF40_s1_r1:ASV_107:e90b8d079c1cdbd88f7038cdf48ceb69cfad20d0,NCBITaxonRank,,species,,,
ARMS_Getxo_G3_20200624_20201103_SF40_s1_r1:ASV_107:e90b8d079c1cdbd88f7038cdf48ceb69cfad20d0,fieldReplicateID,,ARMS_Getxo_G_20200624_20201103,http://vocab.nerc.ac.uk/collection/P01/current/IDSPRE01,,
ARMS_Getxo_G3_20200624_20201103_SF40_s1_r1:ASV_107:e90b8d079c1cdbd88f7038cdf48ceb69cfad20d0,technicalReplicateID,,,http://vocab.nerc.ac.uk/collection/P01/current/IDTCRE01,,
ARMS_Getxo_G3_20200624_20201103_SF40_s1_r1:ASV_107:e90b8d079c1cdbd88f7038cdf48ceb69cfad20d0,originalScientificName,,Proameira_psammophila,,,
ARMS_Getxo_G3_20200624_20201103_SF40_s1_r1:ASV_107:e90b8d079c1cdbd88f7038cdf48ceb69cfad20d0,originalTaxonRank,,species,,,
ARMS_Getxo_G3_20200624_20201103_SF40_s1_r1:ASV_107:e90b8d079c1cdbd88f7038cdf48ceb69cfad20d0,originalScientificNameConfidenceLevel,,0.04,,,
ARMS_Getxo_G3_20200624_20201103_SF40_s1_r1:ASV_133:49af564def6941c5c7081e6348ec8126198b5add,submergedTime,day,132,http://vocab.nerc.ac.uk/collection/P01/current/AZDRZZ01/,https://vocab.nerc.ac.uk/collection/P06/current/UTAA/,
ARMS_Getxo_G3_20200624_20201103_SF40_s1_r1:ASV_133:49af564def6941c5c7081e6348ec8126198b5add,preservativeUsed,,DMSO,http://vocab.nerc.ac.uk/collection/Q01/current/Q0100004/,,https://pubchem.ncbi.nlm.nih.gov/compound/679
ARMS_Getxo_G3_20200624_20201103_SF40_s1_r1:ASV_133:49af564def6941c5c7081e6348ec8126198b5add,lowerLimitFilterSize,micrometer,40,http://vocab.nerc.ac.uk/collection/Q01/current/Q0100011/,https://vocab.nerc.ac.uk/collection/P06/current/UMIC/,
ARMS_Getxo_G3_20200624_20201103_SF40_s1_r1:ASV_133:49af564def6941c5c7081e6348ec8126198b5add,sampleAccessionNumber,,SAMEA10021258,,,
ARMS_Getxo_G3_20200624_20201103_SF40_s1_r1:ASV_133:49af564def6941c5c7081e6348ec8126198b5add,NCBIID,,479643,,,
ARMS_Getxo_G3_20200624_20201103_SF40_s1_r1:ASV_133:49af564def6941c5c7081e6348ec8126198b5add,NCBIScientificName,,Igernella notabilis,,,
ARMS_Getxo_G3_20200624_20201103_SF40_s1_r1:ASV_133:49af564def6941c5c7081e6348ec8126198b5add,NCBITaxonRank,,species,,,
ARMS_Getxo_G3_20200624_20201103_SF40_s1_r1:ASV_133:49af564def6941c5c7081e6348ec8126198b5add,fieldReplicateID,,ARMS_Getxo_G_20200624_20201103,http://vocab.nerc.ac.uk/collection/P01/current/IDSPRE01,,
ARMS_Getxo_G3_20200624_20201103_SF40_s1_r1:ASV_133:49af564def6941c5c7081e6348ec8126198b5add,technicalReplicateID,,,http://vocab.nerc.ac.uk/collection/P01/current/IDTCRE01,,
ARMS_Getxo_G3_20200624_20201103_SF40_s1_r1:ASV_133:49af564def6941c5c7081e6348ec8126198b5add,originalScientificName,,Igernella_notabilis,,,
ARMS_Getxo_G3_20200624_20201103_SF40_s1_r1:ASV_133:49af564def6941c5c7081e6348ec8126198b5add,originalTaxonRank,,species,,,
ARMS_Getxo_G3_20200624_20201103_SF40_s1_r1:ASV_133:49af564def6941c5c7081e6348ec8126198b5add,originalScientificNameConfidenceLevel,,0.55,,,
ARMS_Getxo_G3_20200624_20201103_SF40_s1_r1:ASV_144:7a71803883af72d5ed5f881552ff3c00efceeee8,submergedTime,day,132,http://vocab.nerc.ac.uk/collection/P01/current/AZDRZZ01/,https://vocab.nerc.ac.uk/collection/P06/current/UTAA/,
ARMS_Getxo_G3_20200624_20201103_SF40_s1_r1:ASV_144:7a71803883af72d5ed5f881552ff3c00efceeee8,preservativeUsed,,DMSO,http://vocab.nerc.ac.uk/collection/Q01/current/Q0100004/,,https://pubchem.ncbi.nlm.nih.gov/compound/679
ARMS_Getxo_G3_20200624_20201103_SF40_s1_r1:ASV_144:7a71803883af72d5ed5f881552ff3c00efceeee8,lowerLimitFilterSize,micrometer,40,http://vocab.nerc.ac.uk/collection/Q01/current/Q0100011/,https://vocab.nerc.ac.uk/collection/P06/current/UMIC/,
ARMS_Getxo_G3_20200624_20201103_SF40_s1_r1:ASV_144:7a71803883af72d5ed5f881552ff3c00efceeee8,sampleAccessionNumber,,SAMEA10021258,,,
ARMS_Getxo_G3_20200624_20201103_SF40_s1_r1:ASV_144:7a71803883af72d5ed5f881552ff3c00efceeee8,NCBIID,,1815224,,,
ARMS_Getxo_G3_20200624_20201103_SF40_s1_r1:ASV_144:7a71803883af72d5ed5f881552ff3c00efceeee8,NCBIScientificName,,Ophiothrix armata,,,
ARMS_Getxo_G3_20200624_20201103_SF40_s1_r1:ASV_144:7a71803883af72d5ed5f881552ff3c00efceeee8,NCBITaxonRank,,species,,,
ARMS_Getxo_G3_20200624_20201103_SF40_s1_r1:ASV_144:7a71803883af72d5ed5f881552ff3c00efceeee8,fieldReplicateID,,ARMS_Getxo_G_20200624_20201103,http://vocab.nerc.ac.uk/collection/P01/current/IDSPRE01,,
ARMS_Getxo_G3_20200624_20201103_SF40_s1_r1:ASV_144:7a71803883af72d5ed5f881552ff3c00efceeee8,technicalReplicateID,,,http://vocab.nerc.ac.uk/collection/P01/current/IDTCRE01,,
ARMS_Getxo_G3_20200624_20201103_SF40_s1_r1:ASV_144:7a71803883af72d5ed5f881552ff3c00efceeee8,originalScientificName,,Ophiothrix_armata,,,
ARMS_Getxo_G3_20200624_20201103_SF40_s1_r1:ASV_144:7a71803883af72d5ed5f881552ff3c00efceeee8,originalTaxonRank,,species,,,
ARMS_Getxo_G3_20200624_20201103_SF40_s1_r1:ASV_144:7a71803883af72d5ed5f881552ff3c00efceeee8,originalScientificNameConfidenceLevel,,0.08,,,
ARMS_Getxo_G3_20200624_20201103_SF40_s1_r1:ASV_162:b2d78ac004da37c5efb1ec645866b463887302d6,submergedTime,day,132,http://vocab.nerc.ac.uk/collection/P01/current/AZDRZZ01/,https://vocab.nerc.ac.uk/collection/P06/current/UTAA/,
ARMS_Getxo_G3_20200624_20201103_SF40_s1_r1:ASV_162:b2d78ac004da37c5efb1ec645866b463887302d6,preservativeUsed,,DMSO,http://vocab.nerc.ac.uk/collection/Q01/current/Q0100004/,,https://pubchem.ncbi.nlm.nih.gov/compound/679
ARMS_Getxo_G3_20200624_20201103_SF40_s1_r1:ASV_162:b2d78ac004da37c5efb1ec645866b463887302d6,lowerLimitFilterSize,micrometer,40,http://vocab.nerc.ac.uk/collection/Q01/current/Q0100011/,https://vocab.nerc.ac.uk/collection/P06/current/UMIC/,
ARMS_Getxo_G3_20200624_20201103_SF40_s1_r1:ASV_162:b2d78ac004da37c5efb1ec645866b463887302d6,sampleAccessionNumber,,SAMEA10021258,,,
ARMS_Getxo_G3_20200624_20201103_SF40_s1_r1:ASV_162:b2d78ac004da37c5efb1ec645866b463887302d6,NCBIID,,2593145,,,
ARMS_Getxo_G3_20200624_20201103_SF40_s1_r1:ASV_162:b2d78ac004da37c5efb1ec645866b463887302d6,NCBIScientificName,,Proameira psammophila,,,
ARMS_Getxo_G3_20200624_20201103_SF40_s1_r1:ASV_162:b2d78ac004da37c5efb1ec645866b463887302d6,NCBITaxonRank,,species,,,
ARMS_Getxo_G3_20200624_20201103_SF40_s1_r1:ASV_162:b2d78ac004da37c5efb1ec645866b463887302d6,fieldReplicateID,,ARMS_Getxo_G_20200624_20201103,http://vocab.nerc.ac.uk/collection/P01/current/IDSPRE01,,
ARMS_Getxo_G3_20200624_20201103_SF40_s1_r1:ASV_162:b2d78ac004da37c5efb1ec645866b463887302d6,technicalReplicateID,,,http://vocab.nerc.ac.uk/collection/P01/current/IDTCRE01,,
ARMS_Getxo_G3_20200624_20201103_SF40_s1_r1:ASV_162:b2d78ac004da37c5efb1ec645866b463887302d6,originalScientificName,,Proameira_psammophila,,,
ARMS_Getxo_G3_20200624_20201103_SF40_s1_r1:ASV_162:b2d78ac004da37c5efb1ec645866b463887302d6,originalTaxonRank,,species,,,
ARMS_Getxo_G3_20200624_20201103_SF40_s1_r1:ASV_162:b2d78ac004da37c5efb1ec645866b463887302d6,originalScientificNameConfidenceLevel,,0.03,,,
ARMS_Getxo_G3_20200624_20201103_SF40_s1_r1:ASV_168:c64a2553fbd34da7b86923b62caa8eebf429dc03,submergedTime,day,132,http://vocab.nerc.ac.uk/collection/P01/current/AZDRZZ01/,https://vocab.nerc.ac.uk/collection/P06/current/UTAA/,
ARMS_Getxo_G3_20200624_20201103_SF40_s1_r1:ASV_168:c64a2553fbd34da7b86923b62caa8eebf429dc03,preservativeUsed,,DMSO,http://vocab.nerc.ac.uk/collection/Q01/current/Q0100004/,,https://pubchem.ncbi.nlm.nih.gov/compound/679
ARMS_Getxo_G3_20200624_20201103_SF40_s1_r1:ASV_168:c64a2553fbd34da7b86923b62caa8eebf429dc03,lowerLimitFilterSize,micrometer,40,http://vocab.nerc.ac.uk/collection/Q01/current/Q0100011/,https://vocab.nerc.ac.uk/collection/P06/current/UMIC/,
ARMS_Getxo_G3_20200624_20201103_SF40_s1_r1:ASV_168:c64a2553fbd34da7b86923b62caa8eebf429dc03,sampleAccessionNumber,,SAMEA10021258,,,
ARMS_Getxo_G3_20200624_20201103_SF40_s1_r1:ASV_168:c64a2553fbd34da7b86923b62caa8eebf429dc03,NCBIID,,945090,,,
ARMS_Getxo_G3_20200624_20201103_SF40_s1_r1:ASV_168:c64a2553fbd34da7b86923b62caa8eebf429dc03,NCBIScientificName,,Eumida maia,,,
ARMS_Getxo_G3_20200624_20201103_SF40_s1_r1:ASV_168:c64a2553fbd34da7b86923b62caa8eebf429dc03,NCBITaxonRank,,species,,,
ARMS_Getxo_G3_20200624_20201103_SF40_s1_r1:ASV_168:c64a2553fbd34da7b86923b62caa8eebf429dc03,fieldReplicateID,,ARMS_Getxo_G_20200624_20201103,http://vocab.nerc.ac.uk/collection/P01/current/IDSPRE01,,
ARMS_Getxo_G3_20200624_20201103_SF40_s1_r1:ASV_168:c64a2553fbd34da7b86923b62caa8eebf429dc03,technicalReplicateID,,,http://vocab.nerc.ac.uk/collection/P01/current/IDTCRE01,,
ARMS_Getxo_G3_20200624_20201103_SF40_s1_r1:ASV_168:c64a2553fbd34da7b86923b62caa8eebf429dc03,originalScientificName,,Eumida_maia,,,
ARMS_Getxo_G3_20200624_20201103_SF40_s1_r1:ASV_168:c64a2553fbd34da7b86923b62caa8eebf429dc03,originalTaxonRank,,species,,,
ARMS_Getxo_G3_20200624_20201103_SF40_s1_r1:ASV_168:c64a2553fbd34da7b86923b62caa8eebf429dc03,originalScientificNameConfidenceLevel,,1.0,,,
ARMS_Getxo_G3_20200624_20201103_SF40_s1_r1:ASV_210:0fa64099c78413c0355d3684de3ea10c805b65ac,submergedTime,day,132,http://vocab.nerc.ac.uk/collection/P01/current/AZDRZZ01/,https://vocab.nerc.ac.uk/collection/P06/current/UTAA/,
ARMS_Getxo_G3_20200624_20201103_SF40_s1_r1:ASV_210:0fa64099c78413c0355d3684de3ea10c805b65ac,preservativeUsed,,DMSO,http://vocab.nerc.ac.uk/collection/Q01/current/Q0100004/,,https://pubchem.ncbi.nlm.nih.gov/compound/679
ARMS_Getxo_G3_20200624_20201103_SF40_s1_r1:ASV_210:0fa64099c78413c0355d3684de3ea10c805b65ac,lowerLimitFilterSize,micrometer,40,http://vocab.nerc.ac.uk/collection/Q01/current/Q0100011/,https://vocab.nerc.ac.uk/collection/P06/current/UMIC/,
ARMS_Getxo_G3_20200624_20201103_SF40_s1_r1:ASV_210:0fa64099c78413c0355d3684de3ea10c805b65ac,sampleAccessionNumber,,SAMEA10021258,,,
ARMS_Getxo_G3_20200624_20201103_SF40_s1_r1:ASV_210:0fa64099c78413c0355d3684de3ea10c805b65ac,NCBIID,,525572,,,
ARMS_Getxo_G3_20200624_20201103_SF40_s1_r1:ASV_210:0fa64099c78413c0355d3684de3ea10c805b65ac,NCBIScientificName,,Yunnanacris yunnaneus,,,
ARMS_Getxo_G3_20200624_20201103_SF40_s1_r1:ASV_210:0fa64099c78413c0355d3684de3ea10c805b65ac,NCBITaxonRank,,species,,,
ARMS_Getxo_G3_20200624_20201103_SF40_s1_r1:ASV_210:0fa64099c78413c0355d3684de3ea10c805b65ac,fieldReplicateID,,ARMS_Getxo_G_20200624_20201103,http://vocab.nerc.ac.uk/collection/P01/current/IDSPRE01,,
ARMS_Getxo_G3_20200624_20201103_SF40_s1_r1:ASV_210:0fa64099c78413c0355d3684de3ea10c805b65ac,technicalReplicateID,,,http://vocab.nerc.ac.uk/collection/P01/current/IDTCRE01,,
ARMS_Getxo_G3_20200624_20201103_SF40_s1_r1:ASV_210:0fa64099c78413c0355d3684de3ea10c805b65ac,originalScientificName,,Yunnanacris_yunnaneus,,,
ARMS_Getxo_G3_20200624_20201103_SF40_s1_r1:ASV_210:0fa64099c78413c0355d3684de3ea10c805b65ac,originalTaxonRank,,species,,,
ARMS_Getxo_G3_20200624_20201103_SF40_s1_r1:ASV_210:0fa64099c78413c0355d3684de3ea10c805b65ac,originalScientificNameConfidenceLevel,,0.04,,,
ARMS_Getxo_G3_20200624_20201103_SF40_s1_r1:ASV_244:2459f732f8586ab5c7b8f73ff9681d84791036dd,submergedTime,day,132,http://vocab.nerc.ac.uk/collection/P01/current/AZDRZZ01/,https://vocab.nerc.ac.uk/collection/P06/current/UTAA/,
ARMS_Getxo_G3_20200624_20201103_SF40_s1_r1:ASV_244:2459f732f8586ab5c7b8f73ff9681d84791036dd,preservativeUsed,,DMSO,http://vocab.nerc.ac.uk/collection/Q01/current/Q0100004/,,https://pubchem.ncbi.nlm.nih.gov/compound/679
ARMS_Getxo_G3_20200624_20201103_SF40_s1_r1:ASV_244:2459f732f8586ab5c7b8f73ff9681d84791036dd,lowerLimitFilterSize,micrometer,40,http://vocab.nerc.ac.uk/collection/Q01/current/Q0100011/,https://vocab.nerc.ac.uk/collection/P06/current/UMIC/,
ARMS_Getxo_G3_20200624_20201103_SF40_s1_r1:ASV_244:2459f732f8586ab5c7b8f73ff9681d84791036dd,sampleAccessionNumber,,SAMEA10021258,,,
ARMS_Getxo_G3_20200624_20201103_SF40_s1_r1:ASV_244:2459f732f8586ab5c7b8f73ff9681d84791036dd,NCBIID,,1562161,,,
ARMS_Getxo_G3_20200624_20201103_SF40_s1_r1:ASV_244:2459f732f8586ab5c7b8f73ff9681d84791036dd,NCBIScientificName,,Perforatus perforatus,,,
ARMS_Getxo_G3_20200624_20201103_SF40_s1_r1:ASV_244:2459f732f8586ab5c7b8f73ff9681d84791036dd,NCBITaxonRank,,species,,,
ARMS_Getxo_G3_20200624_20201103_SF40_s1_r1:ASV_244:2459f732f8586ab5c7b8f73ff9681d84791036dd,fieldReplicateID,,ARMS_Getxo_G_20200624_20201103,http://vocab.nerc.ac.uk/collection/P01/current/IDSPRE01,,
ARMS_Getxo_G3_20200624_20201103_SF40_s1_r1:ASV_244:2459f732f8586ab5c7b8f73ff9681d84791036dd,technicalReplicateID,,,http://vocab.nerc.ac.uk/collection/P01/current/IDTCRE01,,
ARMS_Getxo_G3_20200624_20201103_SF40_s1_r1:ASV_244:2459f732f8586ab5c7b8f73ff9681d84791036dd,originalScientificName,,Perforatus_perforatus,,,
ARMS_Getxo_G3_20200624_20201103_SF40_s1_r1:ASV_244:2459f732f8586ab5c7b8f73ff9681d84791036dd,originalTaxonRank,,species,,,
ARMS_Getxo_G3_20200624_20201103_SF40_s1_r1:ASV_244:2459f732f8586ab5c7b8f73ff9681d84791036dd,originalScientificNameConfidenceLevel,,0.94,,,
ARMS_Getxo_G3_20200624_20201103_SF40_s1_r1:ASV_284:3b8dc4d74f56964b2f20c6b5d74547f9b58020d3,submergedTime,day,132,http://vocab.nerc.ac.uk/collection/P01/current/AZDRZZ01/,https://vocab.nerc.ac.uk/collection/P06/current/UTAA/,
ARMS_Getxo_G3_20200624_20201103_SF40_s1_r1:ASV_284:3b8dc4d74f56964b2f20c6b5d74547f9b58020d3,preservativeUsed,,DMSO,http://vocab.nerc.ac.uk/collection/Q01/current/Q0100004/,,https://pubchem.ncbi.nlm.nih.gov/compound/679
ARMS_Getxo_G3_20200624_20201103_SF40_s1_r1:ASV_284:3b8dc4d74f56964b2f20c6b5d74547f9b58020d3,lowerLimitFilterSize,micrometer,40,http://vocab.nerc.ac.uk/collection/Q01/current/Q0100011/,https://vocab.nerc.ac.uk/collection/P06/current/UMIC/,
ARMS_Getxo_G3_20200624_20201103_SF40_s1_r1:ASV_284:3b8dc4d74f56964b2f20c6b5d74547f9b58020d3,sampleAccessionNumber,,SAMEA10021258,,,
ARMS_Getxo_G3_20200624_20201103_SF40_s1_r1:ASV_284:3b8dc4d74f56964b2f20c6b5d74547f9b58020d3,NCBIID,,193294,,,
ARMS_Getxo_G3_20200624_20201103_SF40_s1_r1:ASV_284:3b8dc4d74f56964b2f20c6b5d74547f9b58020d3,NCBIScientificName,,Watersipora subtorquata,,,
ARMS_Getxo_G3_20200624_20201103_SF40_s1_r1:ASV_284:3b8dc4d74f56964b2f20c6b5d74547f9b58020d3,NCBITaxonRank,,species,,,
ARMS_Getxo_G3_20200624_20201103_SF40_s1_r1:ASV_284:3b8dc4d74f56964b2f20c6b5d74547f9b58020d3,fieldReplicateID,,ARMS_Getxo_G_20200624_20201103,http://vocab.nerc.ac.uk/collection/P01/current/IDSPRE01,,
ARMS_Getxo_G3_20200624_20201103_SF40_s1_r1:ASV_284:3b8dc4d74f56964b2f20c6b5d74547f9b58020d3,technicalReplicateID,,,http://vocab.nerc.ac.uk/collection/P01/current/IDTCRE01,,
ARMS_Getxo_G3_20200624_20201103_SF40_s1_r1:ASV_284:3b8dc4d74f56964b2f20c6b5d74547f9b58020d3,originalScientificName,,Watersipora_subtorquata,,,
ARMS_Getxo_G3_20200624_20201103_SF40_s1_r1:ASV_284:3b8dc4d74f56964b2f20c6b5d74547f9b58020d3,originalTaxonRank,,species,,,
ARMS_Getxo_G3_20200624_20201103_SF40_s1_r1:ASV_284:3b8dc4d74f56964b2f20c6b5d74547f9b58020d3,originalScientificNameConfidenceLevel,,0.73,,,
ARMS_Getxo_G3_20200624_20201103_SF40_s1_r1:ASV_399:83d2d860ee7a3e339b40075f5eda9b1987df975c,submergedTime,day,132,http://vocab.nerc.ac.uk/collection/P01/current/AZDRZZ01/,https://vocab.nerc.ac.uk/collection/P06/current/UTAA/,
ARMS_Getxo_G3_20200624_20201103_SF40_s1_r1:ASV_399:83d2d860ee7a3e339b40075f5eda9b1987df975c,preservativeUsed,,DMSO,http://vocab.nerc.ac.uk/collection/Q01/current/Q0100004/,,https://pubchem.ncbi.nlm.nih.gov/compound/679
ARMS_Getxo_G3_20200624_20201103_SF40_s1_r1:ASV_399:83d2d860ee7a3e339b40075f5eda9b1987df975c,lowerLimitFilterSize,micrometer,40,http://vocab.nerc.ac.uk/collection/Q01/current/Q0100011/,https://vocab.nerc.ac.uk/collection/P06/current/UMIC/,
ARMS_Getxo_G3_20200624_20201103_SF40_s1_r1:ASV_399:83d2d860ee7a3e339b40075f5eda9b1987df975c,sampleAccessionNumber,,SAMEA10021258,,,
ARMS_Getxo_G3_20200624_20201103_SF40_s1_r1:ASV_399:83d2d860ee7a3e339b40075f5eda9b1987df975c,NCBIID,,596441,,,
ARMS_Getxo_G3_20200624_20201103_SF40_s1_r1:ASV_399:83d2d860ee7a3e339b40075f5eda9b1987df975c,NCBIScientificName,,Heterakis dispar,,,
ARMS_Getxo_G3_20200624_20201103_SF40_s1_r1:ASV_399:83d2d860ee7a3e339b40075f5eda9b1987df975c,NCBITaxonRank,,species,,,
ARMS_Getxo_G3_20200624_20201103_SF40_s1_r1:ASV_399:83d2d860ee7a3e339b40075f5eda9b1987df975c,fieldReplicateID,,ARMS_Getxo_G_20200624_20201103,http://vocab.nerc.ac.uk/collection/P01/current/IDSPRE01,,
ARMS_Getxo_G3_20200624_20201103_SF40_s1_r1:ASV_399:83d2d860ee7a3e339b40075f5eda9b1987df975c,technicalReplicateID,,,http://vocab.nerc.ac.uk/collection/P01/current/IDTCRE01,,
ARMS_Getxo_G3_20200624_20201103_SF40_s1_r1:ASV_399:83d2d860ee7a3e339b40075f5eda9b1987df975c,originalScientificName,,Heterakis_dispar,,,
ARMS_Getxo_G3_20200624_20201103_SF40_s1_r1:ASV_399:83d2d860ee7a3e339b40075f5eda9b1987df975c,originalTaxonRank,,species,,,
ARMS_Getxo_G3_20200624_20201103_SF40_s1_r1:ASV_399:83d2d860ee7a3e339b40075f5eda9b1987df975c,originalScientificNameConfidenceLevel,,0.05,,,
ARMS_TZS_Angbat_20200608_20201117_MF100_ETOH_s1_r1:ASV_30:8a6aaec2f0803106613df91ee79911ada3f9cfb4,submergedTime,day,162,http://vocab.nerc.ac.uk/collection/P01/current/AZDRZZ01/,https://vocab.nerc.ac.uk/collection/P06/current/UTAA/,
ARMS_TZS_Angbat_20200608_20201117_MF100_ETOH_s1_r1:ASV_30:8a6aaec2f0803106613df91ee79911ada3f9cfb4,preservativeUsed,,EtOH,http://vocab.nerc.ac.uk/collection/Q01/current/Q0100004/,,https://pubchem.ncbi.nlm.nih.gov/compound/702
ARMS_TZS_Angbat_20200608_20201117_MF100_ETOH_s1_r1:ASV_30:8a6aaec2f0803106613df91ee79911ada3f9cfb4,lowerLimitFilterSize,micrometer,100,http://vocab.nerc.ac.uk/collection/Q01/current/Q0100011/,https://vocab.nerc.ac.uk/collection/P06/current/UMIC/,
ARMS_TZS_Angbat_20200608_20201117_MF100_ETOH_s1_r1:ASV_30:8a6aaec2f0803106613df91ee79911ada3f9cfb4,sampleAccessionNumber,,SAMEA10020990,,,
ARMS_TZS_Angbat_20200608_20201117_MF100_ETOH_s1_r1:ASV_30:8a6aaec2f0803106613df91ee79911ada3f9cfb4,NCBIID,,32570,,,
ARMS_TZS_Angbat_20200608_20201117_MF100_ETOH_s1_r1:ASV_30:8a6aaec2f0803106613df91ee79911ada3f9cfb4,NCBIScientificName,,Obelia longissima,,,
ARMS_TZS_Angbat_20200608_20201117_MF100_ETOH_s1_r1:ASV_30:8a6aaec2f0803106613df91ee79911ada3f9cfb4,NCBITaxonRank,,species,,,
ARMS_TZS_Angbat_20200608_20201117_MF100_ETOH_s1_r1:ASV_30:8a6aaec2f0803106613df91ee79911ada3f9cfb4,fieldReplicateID,,no replicate,http://vocab.nerc.ac.uk/collection/P01/current/IDSPRE01,,
ARMS_TZS_Angbat_20200608_20201117_MF100_ETOH_s1_r1:ASV_30:8a6aaec2f0803106613df91ee79911ada3f9cfb4,technicalReplicateID,,,http://vocab.nerc.ac.uk/collection/P01/current/IDTCRE01,,
ARMS_TZS_Angbat_20200608_20201117_MF100_ETOH_s1_r1:ASV_30:8a6aaec2f0803106613df91ee79911ada3f9cfb4,originalScientificName,,Obelia_longissima,,,
ARMS_TZS_Angbat_20200608_20201117_MF100_ETOH_s1_r1:ASV_30:8a6aaec2f0803106613df91ee79911ada3f9cfb4,originalTaxonRank,,species,,,
ARMS_TZS_Angbat_20200608_20201117_MF100_ETOH_s1_r1:ASV_30:8a6aaec2f0803106613df91ee79911ada3f9cfb4,originalScientificNameConfidenceLevel,,1.0,,,
ARMS_TZS_Angbat_20200608_20201117_MF100_ETOH_s1_r1:ASV_35:e1025484213fa24992c9f8301ed64d0ef8c6c71b,submergedTime,day,162,http://vocab.nerc.ac.uk/collection/P01/current/AZDRZZ01/,https://vocab.nerc.ac.uk/collection/P06/current/UTAA/,
ARMS_TZS_Angbat_20200608_20201117_MF100_ETOH_s1_r1:ASV_35:e1025484213fa24992c9f8301ed64d0ef8c6c71b,preservativeUsed,,EtOH,http://vocab.nerc.ac.uk/collection/Q01/current/Q0100004/,,https://pubchem.ncbi.nlm.nih.gov/compound/702
ARMS_TZS_Angbat_20200608_20201117_MF100_ETOH_s1_r1:ASV_35:e1025484213fa24992c9f8301ed64d0ef8c6c71b,lowerLimitFilterSize,micrometer,100,http://vocab.nerc.ac.uk/collection/Q01/current/Q0100011/,https://vocab.nerc.ac.uk/collection/P06/current/UMIC/,
ARMS_TZS_Angbat_20200608_20201117_MF100_ETOH_s1_r1:ASV_35:e1025484213fa24992c9f8301ed64d0ef8c6c71b,sampleAccessionNumber,,SAMEA10020990,,,
ARMS_TZS_Angbat_20200608_20201117_MF100_ETOH_s1_r1:ASV_35:e1025484213fa24992c9f8301ed64d0ef8c6c71b,NCBIID,,257540,,,
ARMS_TZS_Angbat_20200608_20201117_MF100_ETOH_s1_r1:ASV_35:e1025484213fa24992c9f8301ed64d0ef8c6c71b,NCBIScientificName,,Gobiusculus flavescens,,,
ARMS_TZS_Angbat_20200608_20201117_MF100_ETOH_s1_r1:ASV_35:e1025484213fa24992c9f8301ed64d0ef8c6c71b,NCBITaxonRank,,species,,,
ARMS_TZS_Angbat_20200608_20201117_MF100_ETOH_s1_r1:ASV_35:e1025484213fa24992c9f8301ed64d0ef8c6c71b,fieldReplicateID,,no replicate,http://vocab.nerc.ac.uk/collection/P01/current/IDSPRE01,,
ARMS_TZS_Angbat_20200608_20201117_MF100_ETOH_s1_r1:ASV_35:e1025484213fa24992c9f8301ed64d0ef8c6c71b,technicalReplicateID,,,http://vocab.nerc.ac.uk/collection/P01/current/IDTCRE01,,
ARMS_TZS_Angbat_20200608_20201117_MF100_ETOH_s1_r1:ASV_35:e1025484213fa24992c9f8301ed64d0ef8c6c71b,originalScientificName,,Gobiusculus_flavescens,,,
ARMS_TZS_Angbat_20200608_20201117_MF100_ETOH_s1_r1:ASV_35:e1025484213fa24992c9f8301ed64d0ef8c6c71b,originalTaxonRank,,species,,,
ARMS_TZS_Angbat_20200608_20201117_MF100_ETOH_s1_r1:ASV_35:e1025484213fa24992c9f8301ed64d0ef8c6c71b,originalScientificNameConfidenceLevel,,1.0,,,
ARMS_TZS_Angbat_20200608_20201117_MF100_ETOH_s1_r1:ASV_39:5bf628ac4fba228a03d81385a0527c21a50fa83c,submergedTime,day,162,http://vocab.nerc.ac.uk/collection/P01/current/AZDRZZ01/,https://vocab.nerc.ac.uk/collection/P06/current/UTAA/,
ARMS_TZS_Angbat_20200608_20201117_MF100_ETOH_s1_r1:ASV_39:5bf628ac4fba228a03d81385a0527c21a50fa83c,preservativeUsed,,EtOH,http://vocab.nerc.ac.uk/collection/Q01/current/Q0100004/,,https://pubchem.ncbi.nlm.nih.gov/compound/702
ARMS_TZS_Angbat_20200608_20201117_MF100_ETOH_s1_r1:ASV_39:5bf628ac4fba228a03d81385a0527c21a50fa83c,lowerLimitFilterSize,micrometer,100,http://vocab.nerc.ac.uk/collection/Q01/current/Q0100011/,https://vocab.nerc.ac.uk/collection/P06/current/UMIC/,
ARMS_TZS_Angbat_20200608_20201117_MF100_ETOH_s1_r1:ASV_39:5bf628ac4fba228a03d81385a0527c21a50fa83c,sampleAccessionNumber,,SAMEA10020990,,,
ARMS_TZS_Angbat_20200608_20201117_MF100_ETOH_s1_r1:ASV_39:5bf628ac4fba228a03d81385a0527c21a50fa83c,NCBIID,,478420,,,
ARMS_TZS_Angbat_20200608_20201117_MF100_ETOH_s1_r1:ASV_39:5bf628ac4fba228a03d81385a0527c21a50fa83c,NCBIScientificName,,Sagartiogeton laceratus,,,
ARMS_TZS_Angbat_20200608_20201117_MF100_ETOH_s1_r1:ASV_39:5bf628ac4fba228a03d81385a0527c21a50fa83c,NCBITaxonRank,,species,,,
ARMS_TZS_Angbat_20200608_20201117_MF100_ETOH_s1_r1:ASV_39:5bf628ac4fba228a03d81385a0527c21a50fa83c,fieldReplicateID,,no replicate,http://vocab.nerc.ac.uk/collection/P01/current/IDSPRE01,,
ARMS_TZS_Angbat_20200608_20201117_MF100_ETOH_s1_r1:ASV_39:5bf628ac4fba228a03d81385a0527c21a50fa83c,technicalReplicateID,,,http://vocab.nerc.ac.uk/collection/P01/current/IDTCRE01,,
ARMS_TZS_Angbat_20200608_20201117_MF100_ETOH_s1_r1:ASV_39:5bf628ac4fba228a03d81385a0527c21a50fa83c,originalScientificName,,Sagartiogeton_laceratus,,,
ARMS_TZS_Angbat_20200608_20201117_MF100_ETOH_s1_r1:ASV_39:5bf628ac4fba228a03d81385a0527c21a50fa83c,originalTaxonRank,,species,,,
ARMS_TZS_Angbat_20200608_20201117_MF100_ETOH_s1_r1:ASV_39:5bf628ac4fba228a03d81385a0527c21a50fa83c,originalScientificNameConfidenceLevel,,0.46,,,
ARMS_TZS_Angbat_20200608_20201117_MF100_ETOH_s1_r1:ASV_124:24692810d99a3e4bea4f93e5ef498c750eef8e5d,submergedTime,day,162,http://vocab.nerc.ac.uk/collection/P01/current/AZDRZZ01/,https://vocab.nerc.ac.uk/collection/P06/current/UTAA/,
ARMS_TZS_Angbat_20200608_20201117_MF100_ETOH_s1_r1:ASV_124:24692810d99a3e4bea4f93e5ef498c750eef8e5d,preservativeUsed,,EtOH,http://vocab.nerc.ac.uk/collection/Q01/current/Q0100004/,,https://pubchem.ncbi.nlm.nih.gov/compound/702
ARMS_TZS_Angbat_20200608_20201117_MF100_ETOH_s1_r1:ASV_124:24692810d99a3e4bea4f93e5ef498c750eef8e5d,lowerLimitFilterSize,micrometer,100,http://vocab.nerc.ac.uk/collection/Q01/current/Q0100011/,https://vocab.nerc.ac.uk/collection/P06/current/UMIC/,
ARMS_TZS_Angbat_20200608_20201117_MF100_ETOH_s1_r1:ASV_124:24692810d99a3e4bea4f93e5ef498c750eef8e5d,sampleAccessionNumber,,SAMEA10020990,,,
ARMS_TZS_Angbat_20200608_20201117_MF100_ETOH_s1_r1:ASV_124:24692810d99a3e4bea4f93e5ef498c750eef8e5d,NCBIID,,884656,,,
ARMS_TZS_Angbat_20200608_20201117_MF100_ETOH_s1_r1:ASV_124:24692810d99a3e4bea4f93e5ef498c750eef8e5d,NCBIScientificName,,Myrianida prolifera,,,
ARMS_TZS_Angbat_20200608_20201117_MF100_ETOH_s1_r1:ASV_124:24692810d99a3e4bea4f93e5ef498c750eef8e5d,NCBITaxonRank,,species,,,
ARMS_TZS_Angbat_20200608_20201117_MF100_ETOH_s1_r1:ASV_124:24692810d99a3e4bea4f93e5ef498c750eef8e5d,fieldReplicateID,,no replicate,http://vocab.nerc.ac.uk/collection/P01/current/IDSPRE01,,
ARMS_TZS_Angbat_20200608_20201117_MF100_ETOH_s1_r1:ASV_124:24692810d99a3e4bea4f93e5ef498c750eef8e5d,technicalReplicateID,,,http://vocab.nerc.ac.uk/collection/P01/current/IDTCRE01,,
ARMS_TZS_Angbat_20200608_20201117_MF100_ETOH_s1_r1:ASV_124:24692810d99a3e4bea4f93e5ef498c750eef8e5d,originalScientificName,,Myrianida_prolifera,,,
ARMS_TZS_Angbat_20200608_20201117_MF100_ETOH_s1_r1:ASV_124:24692810d99a3e4bea4f93e5ef498c750eef8e5d,originalTaxonRank,,species,,,
ARMS_TZS_Angbat_20200608_20201117_MF100_ETOH_s1_r1:ASV_124:24692810d99a3e4bea4f93e5ef498c750eef8e5d,originalScientificNameConfidenceLevel,,1.0,,,
ARMS_TZS_Angbat_20200608_20201117_MF500_ETOH_s1_r1:ASV_30:8a6aaec2f0803106613df91ee79911ada3f9cfb4,submergedTime,day,162,http://vocab.nerc.ac.uk/collection/P01/current/AZDRZZ01/,https://vocab.nerc.ac.uk/collection/P06/current/UTAA/,
ARMS_TZS_Angbat_20200608_20201117_MF500_ETOH_s1_r1:ASV_30:8a6aaec2f0803106613df91ee79911ada3f9cfb4,preservativeUsed,,EtOH,http://vocab.nerc.ac.uk/collection/Q01/current/Q0100004/,,https://pubchem.ncbi.nlm.nih.gov/compound/702
ARMS_TZS_Angbat_20200608_20201117_MF500_ETOH_s1_r1:ASV_30:8a6aaec2f0803106613df91ee79911ada3f9cfb4,lowerLimitFilterSize,micrometer,500,http://vocab.nerc.ac.uk/collection/Q01/current/Q0100011/,https://vocab.nerc.ac.uk/collection/P06/current/UMIC/,
ARMS_TZS_Angbat_20200608_20201117_MF500_ETOH_s1_r1:ASV_30:8a6aaec2f0803106613df91ee79911ada3f9cfb4,sampleAccessionNumber,,SAMEA10020993,,,
ARMS_TZS_Angbat_20200608_20201117_MF500_ETOH_s1_r1:ASV_30:8a6aaec2f0803106613df91ee79911ada3f9cfb4,NCBIID,,32570,,,
ARMS_TZS_Angbat_20200608_20201117_MF500_ETOH_s1_r1:ASV_30:8a6aaec2f0803106613df91ee79911ada3f9cfb4,NCBIScientificName,,Obelia longissima,,,
ARMS_TZS_Angbat_20200608_20201117_MF500_ETOH_s1_r1:ASV_30:8a6aaec2f0803106613df91ee79911ada3f9cfb4,NCBITaxonRank,,species,,,
ARMS_TZS_Angbat_20200608_20201117_MF500_ETOH_s1_r1:ASV_30:8a6aaec2f0803106613df91ee79911ada3f9cfb4,fieldReplicateID,,no replicate,http://vocab.nerc.ac.uk/collection/P01/current/IDSPRE01,,
ARMS_TZS_Angbat_20200608_20201117_MF500_ETOH_s1_r1:ASV_30:8a6aaec2f0803106613df91ee79911ada3f9cfb4,technicalReplicateID,,,http://vocab.nerc.ac.uk/collection/P01/current/IDTCRE01,,
ARMS_TZS_Angbat_20200608_20201117_MF500_ETOH_s1_r1:ASV_30:8a6aaec2f0803106613df91ee79911ada3f9cfb4,originalScientificName,,Obelia_longissima,,,
ARMS_TZS_Angbat_20200608_20201117_MF500_ETOH_s1_r1:ASV_30:8a6aaec2f0803106613df91ee79911ada3f9cfb4,originalTaxonRank,,species,,,
ARMS_TZS_Angbat_20200608_20201117_MF500_ETOH_s1_r1:ASV_30:8a6aaec2f0803106613df91ee79911ada3f9cfb4,originalScientificNameConfidenceLevel,,1.0,,,
ARMS_TZS_Angbat_20200608_20201117_MF500_ETOH_s1_r1:ASV_35:e1025484213fa24992c9f8301ed64d0ef8c6c71b,submergedTime,day,162,http://vocab.nerc.ac.uk/collection/P01/current/AZDRZZ01/,https://vocab.nerc.ac.uk/collection/P06/current/UTAA/,
ARMS_TZS_Angbat_20200608_20201117_MF500_ETOH_s1_r1:ASV_35:e1025484213fa24992c9f8301ed64d0ef8c6c71b,preservativeUsed,,EtOH,http://vocab.nerc.ac.uk/collection/Q01/current/Q0100004/,,https://pubchem.ncbi.nlm.nih.gov/compound/702
ARMS_TZS_Angbat_20200608_20201117_MF500_ETOH_s1_r1:ASV_35:e1025484213fa24992c9f8301ed64d0ef8c6c71b,lowerLimitFilterSize,micrometer,500,http://vocab.nerc.ac.uk/collection/Q01/current/Q0100011/,https://vocab.nerc.ac.uk/collection/P06/current/UMIC/,
ARMS_TZS_Angbat_20200608_20201117_MF500_ETOH_s1_r1:ASV_35:e1025484213fa24992c9f8301ed64d0ef8c6c71b,sampleAccessionNumber,,SAMEA10020993,,,
ARMS_TZS_Angbat_20200608_20201117_MF500_ETOH_s1_r1:ASV_35:e1025484213fa24992c9f8301ed64d0ef8c6c71b,NCBIID,,257540,,,
ARMS_TZS_Angbat_20200608_20201117_MF500_ETOH_s1_r1:ASV_35:e1025484213fa24992c9f8301ed64d0ef8c6c71b,NCBIScientificName,,Gobiusculus flavescens,,,
ARMS_TZS_Angbat_20200608_20201117_MF500_ETOH_s1_r1:ASV_35:e1025484213fa24992c9f8301ed64d0ef8c6c71b,NCBITaxonRank,,species,,,
ARMS_TZS_Angbat_20200608_20201117_MF500_ETOH_s1_r1:ASV_35:e1025484213fa24992c9f8301ed64d0ef8c6c71b,fieldReplicateID,,no replicate,http://vocab.nerc.ac.uk/collection/P01/current/IDSPRE01,,
ARMS_TZS_Angbat_20200608_20201117_MF500_ETOH_s1_r1:ASV_35:e1025484213fa24992c9f8301ed64d0ef8c6c71b,technicalReplicateID,,,http://vocab.nerc.ac.uk/collection/P01/current/IDTCRE01,,
ARMS_TZS_Angbat_20200608_20201117_MF500_ETOH_s1_r1:ASV_35:e1025484213fa24992c9f8301ed64d0ef8c6c71b,originalScientificName,,Gobiusculus_flavescens,,,
ARMS_TZS_Angbat_20200608_20201117_MF500_ETOH_s1_r1:ASV_35:e1025484213fa24992c9f8301ed64d0ef8c6c71b,originalTaxonRank,,species,,,
ARMS_TZS_Angbat_20200608_20201117_MF500_ETOH_s1_r1:ASV_35:e1025484213fa24992c9f8301ed64d0ef8c6c71b,originalScientificNameConfidenceLevel,,1.0,,,
ARMS_TZS_Angbat_20200608_20201117_MF500_ETOH_s1_r1:ASV_63:6cc2219a0f66822b1ada491e96eafd953a0f7269,submergedTime,day,162,http://vocab.nerc.ac.uk/collection/P01/current/AZDRZZ01/,https://vocab.nerc.ac.uk/collection/P06/current/UTAA/,
ARMS_TZS_Angbat_20200608_20201117_MF500_ETOH_s1_r1:ASV_63:6cc2219a0f66822b1ada491e96eafd953a0f7269,preservativeUsed,,EtOH,http://vocab.nerc.ac.uk/collection/Q01/current/Q0100004/,,https://pubchem.ncbi.nlm.nih.gov/compound/702
ARMS_TZS_Angbat_20200608_20201117_MF500_ETOH_s1_r1:ASV_63:6cc2219a0f66822b1ada491e96eafd953a0f7269,lowerLimitFilterSize,micrometer,500,http://vocab.nerc.ac.uk/collection/Q01/current/Q0100011/,https://vocab.nerc.ac.uk/collection/P06/current/UMIC/,
ARMS_TZS_Angbat_20200608_20201117_MF500_ETOH_s1_r1:ASV_63:6cc2219a0f66822b1ada491e96eafd953a0f7269,sampleAccessionNumber,,SAMEA10020993,,,
ARMS_TZS_Angbat_20200608_20201117_MF500_ETOH_s1_r1:ASV_63:6cc2219a0f66822b1ada491e96eafd953a0f7269,NCBIID,,172567,,,
ARMS_TZS_Angbat_20200608_20201117_MF500_ETOH_s1_r1:ASV_63:6cc2219a0f66822b1ada491e96eafd953a0f7269,NCBIScientificName,,Balanus balanus,,,
ARMS_TZS_Angbat_20200608_20201117_MF500_ETOH_s1_r1:ASV_63:6cc2219a0f66822b1ada491e96eafd953a0f7269,NCBITaxonRank,,species,,,
ARMS_TZS_Angbat_20200608_20201117_MF500_ETOH_s1_r1:ASV_63:6cc2219a0f66822b1ada491e96eafd953a0f7269,fieldReplicateID,,no replicate,http://vocab.nerc.ac.uk/collection/P01/current/IDSPRE01,,
ARMS_TZS_Angbat_20200608_20201117_MF500_ETOH_s1_r1:ASV_63:6cc2219a0f66822b1ada491e96eafd953a0f7269,technicalReplicateID,,,http://vocab.nerc.ac.uk/collection/P01/current/IDTCRE01,,
ARMS_TZS_Angbat_20200608_20201117_MF500_ETOH_s1_r1:ASV_63:6cc2219a0f66822b1ada491e96eafd953a0f7269,originalScientificName,,Balanus_balanus,,,
ARMS_TZS_Angbat_20200608_20201117_MF500_ETOH_s1_r1:ASV_63:6cc2219a0f66822b1ada491e96eafd953a0f7269,originalTaxonRank,,species,,,
ARMS_TZS_Angbat_20200608_20201117_MF500_ETOH_s1_r1:ASV_63:6cc2219a0f66822b1ada491e96eafd953a0f7269,originalScientificNameConfidenceLevel,,0.91,,,
ARMS_TZS_Angbat_20200608_20201117_MF500_ETOH_s1_r1:ASV_101:b413b1caed1de1874c966e4332e5532a597dc9dc,submergedTime,day,162,http://vocab.nerc.ac.uk/collection/P01/current/AZDRZZ01/,https://vocab.nerc.ac.uk/collection/P06/current/UTAA/,
ARMS_TZS_Angbat_20200608_20201117_MF500_ETOH_s1_r1:ASV_101:b413b1caed1de1874c966e4332e5532a597dc9dc,preservativeUsed,,EtOH,http://vocab.nerc.ac.uk/collection/Q01/current/Q0100004/,,https://pubchem.ncbi.nlm.nih.gov/compound/702
ARMS_TZS_Angbat_20200608_20201117_MF500_ETOH_s1_r1:ASV_101:b413b1caed1de1874c966e4332e5532a597dc9dc,lowerLimitFilterSize,micrometer,500,http://vocab.nerc.ac.uk/collection/Q01/current/Q0100011/,https://vocab.nerc.ac.uk/collection/P06/current/UMIC/,
ARMS_TZS_Angbat_20200608_20201117_MF500_ETOH_s1_r1:ASV_101:b413b1caed1de1874c966e4332e5532a597dc9dc,sampleAccessionNumber,,SAMEA10020993,,,
ARMS_TZS_Angbat_20200608_20201117_MF500_ETOH_s1_r1:ASV_101:b413b1caed1de1874c966e4332e5532a597dc9dc,NCBIID,,49249,,,
ARMS_TZS_Angbat_20200608_20201117_MF500_ETOH_s1_r1:ASV_101:b413b1caed1de1874c966e4332e5532a597dc9dc,NCBIScientificName,,Ditylum brightwellii,,,
ARMS_TZS_Angbat_20200608_20201117_MF500_ETOH_s1_r1:ASV_101:b413b1caed1de1874c966e4332e5532a597dc9dc,NCBITaxonRank,,species,,,
ARMS_TZS_Angbat_20200608_20201117_MF500_ETOH_s1_r1:ASV_101:b413b1caed1de1874c966e4332e5532a597dc9dc,fieldReplicateID,,no replicate,http://vocab.nerc.ac.uk/collection/P01/current/IDSPRE01,,
ARMS_TZS_Angbat_20200608_20201117_MF500_ETOH_s1_r1:ASV_101:b413b1caed1de1874c966e4332e5532a597dc9dc,technicalReplicateID,,,http://vocab.nerc.ac.uk/collection/P01/current/IDTCRE01,,
ARMS_TZS_Angbat_20200608_20201117_MF500_ETOH_s1_r1:ASV_101:b413b1caed1de1874c966e4332e5532a597dc9dc,originalScientificName,,Ditylum_brightwellii,,,
ARMS_TZS_Angbat_20200608_20201117_MF500_ETOH_s1_r1:ASV_101:b413b1caed1de1874c966e4332e5532a597dc9dc,originalTaxonRank,,species,,,
ARMS_TZS_Angbat_20200608_20201117_MF500_ETOH_s1_r1:ASV_101:b413b1caed1de1874c966e4332e5532a597dc9dc,originalScientificNameConfidenceLevel,,0.1,,,
ARMS_TZS_Angbat_20200608_20201117_SF40_ETOH_s1_r1:ASV_7:511c7007a6238c914707d00bf365854f4f131f2a,submergedTime,day,162,http://vocab.nerc.ac.uk/collection/P01/current/AZDRZZ01/,https://vocab.nerc.ac.uk/collection/P06/current/UTAA/,
ARMS_TZS_Angbat_20200608_20201117_SF40_ETOH_s1_r1:ASV_7:511c7007a6238c914707d00bf365854f4f131f2a,preservativeUsed,,EtOH,http://vocab.nerc.ac.uk/collection/Q01/current/Q0100004/,,https://pubchem.ncbi.nlm.nih.gov/compound/702
ARMS_TZS_Angbat_20200608_20201117_SF40_ETOH_s1_r1:ASV_7:511c7007a6238c914707d00bf365854f4f131f2a,lowerLimitFilterSize,micrometer,40,http://vocab.nerc.ac.uk/collection/Q01/current/Q0100011/,https://vocab.nerc.ac.uk/collection/P06/current/UMIC/,
ARMS_TZS_Angbat_20200608_20201117_SF40_ETOH_s1_r1:ASV_7:511c7007a6238c914707d00bf365854f4f131f2a,sampleAccessionNumber,,SAMEA10020996,,,
ARMS_TZS_Angbat_20200608_20201117_SF40_ETOH_s1_r1:ASV_7:511c7007a6238c914707d00bf365854f4f131f2a,NCBIID,,1577136,,,
ARMS_TZS_Angbat_20200608_20201117_SF40_ETOH_s1_r1:ASV_7:511c7007a6238c914707d00bf365854f4f131f2a,NCBIScientificName,,Nemopoda mamaevi,,,
ARMS_TZS_Angbat_20200608_20201117_SF40_ETOH_s1_r1:ASV_7:511c7007a6238c914707d00bf365854f4f131f2a,NCBITaxonRank,,species,,,
ARMS_TZS_Angbat_20200608_20201117_SF40_ETOH_s1_r1:ASV_7:511c7007a6238c914707d00bf365854f4f131f2a,fieldReplicateID,,no replicate,http://vocab.nerc.ac.uk/collection/P01/current/IDSPRE01,,
ARMS_TZS_Angbat_20200608_20201117_SF40_ETOH_s1_r1:ASV_7:511c7007a6238c914707d00bf365854f4f131f2a,technicalReplicateID,,,http://vocab.nerc.ac.uk/collection/P01/current/IDTCRE01,,
ARMS_TZS_Angbat_20200608_20201117_SF40_ETOH_s1_r1:ASV_7:511c7007a6238c914707d00bf365854f4f131f2a,originalScientificName,,Nemopoda_mamaevi,,,
ARMS_TZS_Angbat_20200608_20201117_SF40_ETOH_s1_r1:ASV_7:511c7007a6238c914707d00bf365854f4f131f2a,originalTaxonRank,,species,,,
ARMS_TZS_Angbat_20200608_20201117_SF40_ETOH_s1_r1:ASV_7:511c7007a6238c914707d00bf365854f4f131f2a,originalScientificNameConfidenceLevel,,0.08,,,
ARMS_TZS_Angbat_20200608_20201117_SF40_ETOH_s1_r1:ASV_8:688d5e22286ab575831dfbbf494c633e58aa3e6e,submergedTime,day,162,http://vocab.nerc.ac.uk/collection/P01/current/AZDRZZ01/,https://vocab.nerc.ac.uk/collection/P06/current/UTAA/,
ARMS_TZS_Angbat_20200608_20201117_SF40_ETOH_s1_r1:ASV_8:688d5e22286ab575831dfbbf494c633e58aa3e6e,preservativeUsed,,EtOH,http://vocab.nerc.ac.uk/collection/Q01/current/Q0100004/,,https://pubchem.ncbi.nlm.nih.gov/compound/702
ARMS_TZS_Angbat_20200608_20201117_SF40_ETOH_s1_r1:ASV_8:688d5e22286ab575831dfbbf494c633e58aa3e6e,lowerLimitFilterSize,micrometer,40,http://vocab.nerc.ac.uk/collection/Q01/current/Q0100011/,https://vocab.nerc.ac.uk/collection/P06/current/UMIC/,
ARMS_TZS_Angbat_20200608_20201117_SF40_ETOH_s1_r1:ASV_8:688d5e22286ab575831dfbbf494c633e58aa3e6e,sampleAccessionNumber,,SAMEA10020996,,,
ARMS_TZS_Angbat_20200608_20201117_SF40_ETOH_s1_r1:ASV_8:688d5e22286ab575831dfbbf494c633e58aa3e6e,NCBIID,,1220549,,,
ARMS_TZS_Angbat_20200608_20201117_SF40_ETOH_s1_r1:ASV_8:688d5e22286ab575831dfbbf494c633e58aa3e6e,NCBIScientificName,,Amphibalanus improvisus,,,
ARMS_TZS_Angbat_20200608_20201117_SF40_ETOH_s1_r1:ASV_8:688d5e22286ab575831dfbbf494c633e58aa3e6e,NCBITaxonRank,,species,,,
ARMS_TZS_Angbat_20200608_20201117_SF40_ETOH_s1_r1:ASV_8:688d5e22286ab575831dfbbf494c633e58aa3e6e,fieldReplicateID,,no replicate,http://vocab.nerc.ac.uk/collection/P01/current/IDSPRE01,,
ARMS_TZS_Angbat_20200608_20201117_SF40_ETOH_s1_r1:ASV_8:688d5e22286ab575831dfbbf494c633e58aa3e6e,technicalReplicateID,,,http://vocab.nerc.ac.uk/collection/P01/current/IDTCRE01,,
ARMS_TZS_Angbat_20200608_20201117_SF40_ETOH_s1_r1:ASV_8:688d5e22286ab575831dfbbf494c633e58aa3e6e,originalScientificName,,Amphibalanus_improvisus,,,
ARMS_TZS_Angbat_20200608_20201117_SF40_ETOH_s1_r1:ASV_8:688d5e22286ab575831dfbbf494c633e58aa3e6e,originalTaxonRank,,species,,,
ARMS_TZS_Angbat_20200608_20201117_SF40_ETOH_s1_r1:ASV_8:688d5e22286ab575831dfbbf494c633e58aa3e6e,originalScientificNameConfidenceLevel,,1.0,,,
ARMS_TZS_Angbat_20200608_20201117_SF40_ETOH_s1_r1:ASV_37:ce205311cc99daa7f97ef53527e1e3bd1b48ceaf,submergedTime,day,162,http://vocab.nerc.ac.uk/collection/P01/current/AZDRZZ01/,https://vocab.nerc.ac.uk/collection/P06/current/UTAA/,
ARMS_TZS_Angbat_20200608_20201117_SF40_ETOH_s1_r1:ASV_37:ce205311cc99daa7f97ef53527e1e3bd1b48ceaf,preservativeUsed,,EtOH,http://vocab.nerc.ac.uk/collection/Q01/current/Q0100004/,,https://pubchem.ncbi.nlm.nih.gov/compound/702
ARMS_TZS_Angbat_20200608_20201117_SF40_ETOH_s1_r1:ASV_37:ce205311cc99daa7f97ef53527e1e3bd1b48ceaf,lowerLimitFilterSize,micrometer,40,http://vocab.nerc.ac.uk/collection/Q01/current/Q0100011/,https://vocab.nerc.ac.uk/collection/P06/current/UMIC/,
ARMS_TZS_Angbat_20200608_20201117_SF40_ETOH_s1_r1:ASV_37:ce205311cc99daa7f97ef53527e1e3bd1b48ceaf,sampleAccessionNumber,,SAMEA10020996,,,
ARMS_TZS_Angbat_20200608_20201117_SF40_ETOH_s1_r1:ASV_37:ce205311cc99daa7f97ef53527e1e3bd1b48ceaf,NCBIID,,876016,,,
ARMS_TZS_Angbat_20200608_20201117_SF40_ETOH_s1_r1:ASV_37:ce205311cc99daa7f97ef53527e1e3bd1b48ceaf,NCBIScientificName,,Nicolea zostericola,,,
ARMS_TZS_Angbat_20200608_20201117_SF40_ETOH_s1_r1:ASV_37:ce205311cc99daa7f97ef53527e1e3bd1b48ceaf,NCBITaxonRank,,species,,,
ARMS_TZS_Angbat_20200608_20201117_SF40_ETOH_s1_r1:ASV_37:ce205311cc99daa7f97ef53527e1e3bd1b48ceaf,fieldReplicateID,,no replicate,http://vocab.nerc.ac.uk/collection/P01/current/IDSPRE01,,
ARMS_TZS_Angbat_20200608_20201117_SF40_ETOH_s1_r1:ASV_37:ce205311cc99daa7f97ef53527e1e3bd1b48ceaf,technicalReplicateID,,,http://vocab.nerc.ac.uk/collection/P01/current/IDTCRE01,,
ARMS_TZS_Angbat_20200608_20201117_SF40_ETOH_s1_r1:ASV_37:ce205311cc99daa7f97ef53527e1e3bd1b48ceaf,originalScientificName,,Nicolea_zostericola,,,
ARMS_TZS_Angbat_20200608_20201117_SF40_ETOH_s1_r1:ASV_37:ce205311cc99daa7f97ef53527e1e3bd1b48ceaf,originalTaxonRank,,species,,,
ARMS_TZS_Angbat_20200608_20201117_SF40_ETOH_s1_r1:ASV_37:ce205311cc99daa7f97ef53527e1e3bd1b48ceaf,originalScientificNameConfidenceLevel,,1.0,,,
ARMS_TZS_Angbat_20200608_20201117_SF40_ETOH_s1_r1:ASV_48:08d0037a4009afd030251986ed6ba94e9fd1da2e,submergedTime,day,162,http://vocab.nerc.ac.uk/collection/P01/current/AZDRZZ01/,https://vocab.nerc.ac.uk/collection/P06/current/UTAA/,
ARMS_TZS_Angbat_20200608_20201117_SF40_ETOH_s1_r1:ASV_48:08d0037a4009afd030251986ed6ba94e9fd1da2e,preservativeUsed,,EtOH,http://vocab.nerc.ac.uk/collection/Q01/current/Q0100004/,,https://pubchem.ncbi.nlm.nih.gov/compound/702
ARMS_TZS_Angbat_20200608_20201117_SF40_ETOH_s1_r1:ASV_48:08d0037a4009afd030251986ed6ba94e9fd1da2e,lowerLimitFilterSize,micrometer,40,http://vocab.nerc.ac.uk/collection/Q01/current/Q0100011/,https://vocab.nerc.ac.uk/collection/P06/current/UMIC/,
ARMS_TZS_Angbat_20200608_20201117_SF40_ETOH_s1_r1:ASV_48:08d0037a4009afd030251986ed6ba94e9fd1da2e,sampleAccessionNumber,,SAMEA10020996,,,
ARMS_TZS_Angbat_20200608_20201117_SF40_ETOH_s1_r1:ASV_48:08d0037a4009afd030251986ed6ba94e9fd1da2e,NCBIID,,2865492,,,
ARMS_TZS_Angbat_20200608_20201117_SF40_ETOH_s1_r1:ASV_48:08d0037a4009afd030251986ed6ba94e9fd1da2e,NCBIScientificName,,Cribrilina mutabilis,,,
ARMS_TZS_Angbat_20200608_20201117_SF40_ETOH_s1_r1:ASV_48:08d0037a4009afd030251986ed6ba94e9fd1da2e,NCBITaxonRank,,species,,,
ARMS_TZS_Angbat_20200608_20201117_SF40_ETOH_s1_r1:ASV_48:08d0037a4009afd030251986ed6ba94e9fd1da2e,fieldReplicateID,,no replicate,http://vocab.nerc.ac.uk/collection/P01/current/IDSPRE01,,
ARMS_TZS_Angbat_20200608_20201117_SF40_ETOH_s1_r1:ASV_48:08d0037a4009afd030251986ed6ba94e9fd1da2e,technicalReplicateID,,,http://vocab.nerc.ac.uk/collection/P01/current/IDTCRE01,,
ARMS_TZS_Angbat_20200608_20201117_SF40_ETOH_s1_r1:ASV_48:08d0037a4009afd030251986ed6ba94e9fd1da2e,originalScientificName,,Cribrilina_mutabilis,,,
ARMS_TZS_Angbat_20200608_20201117_SF40_ETOH_s1_r1:ASV_48:08d0037a4009afd030251986ed6ba94e9fd1da2e,originalTaxonRank,,species,,,
ARMS_TZS_Angbat_20200608_20201117_SF40_ETOH_s1_r1:ASV_48:08d0037a4009afd030251986ed6ba94e9fd1da2e,originalScientificNameConfidenceLevel,,1.0,,,
ARMS_TZS_Angbat_20200608_20201117_SF40_ETOH_s1_r1:ASV_59:70e24320d41fbcf7da684cebc8bdf7eb8caf0335,submergedTime,day,162,http://vocab.nerc.ac.uk/collection/P01/current/AZDRZZ01/,https://vocab.nerc.ac.uk/collection/P06/current/UTAA/,
ARMS_TZS_Angbat_20200608_20201117_SF40_ETOH_s1_r1:ASV_59:70e24320d41fbcf7da684cebc8bdf7eb8caf0335,preservativeUsed,,EtOH,http://vocab.nerc.ac.uk/collection/Q01/current/Q0100004/,,https://pubchem.ncbi.nlm.nih.gov/compound/702
ARMS_TZS_Angbat_20200608_20201117_SF40_ETOH_s1_r1:ASV_59:70e24320d41fbcf7da684cebc8bdf7eb8caf0335,lowerLimitFilterSize,micrometer,40,http://vocab.nerc.ac.uk/collection/Q01/current/Q0100011/,https://vocab.nerc.ac.uk/collection/P06/current/UMIC/,
ARMS_TZS_Angbat_20200608_20201117_SF40_ETOH_s1_r1:ASV_59:70e24320d41fbcf7da684cebc8bdf7eb8caf0335,sampleAccessionNumber,,SAMEA10020996,,,
ARMS_TZS_Angbat_20200608_20201117_SF40_ETOH_s1_r1:ASV_59:70e24320d41fbcf7da684cebc8bdf7eb8caf0335,NCBIID,,1869249,,,
ARMS_TZS_Angbat_20200608_20201117_SF40_ETOH_s1_r1:ASV_59:70e24320d41fbcf7da684cebc8bdf7eb8caf0335,NCBIScientificName,,Stephanodiscus meyeri,,,
ARMS_TZS_Angbat_20200608_20201117_SF40_ETOH_s1_r1:ASV_59:70e24320d41fbcf7da684cebc8bdf7eb8caf0335,NCBITaxonRank,,species,,,
ARMS_TZS_Angbat_20200608_20201117_SF40_ETOH_s1_r1:ASV_59:70e24320d41fbcf7da684cebc8bdf7eb8caf0335,fieldReplicateID,,no replicate,http://vocab.nerc.ac.uk/collection/P01/current/IDSPRE01,,
ARMS_TZS_Angbat_20200608_20201117_SF40_ETOH_s1_r1:ASV_59:70e24320d41fbcf7da684cebc8bdf7eb8caf0335,technicalReplicateID,,,http://vocab.nerc.ac.uk/collection/P01/current/IDTCRE01,,
ARMS_TZS_Angbat_20200608_20201117_SF40_ETOH_s1_r1:ASV_59:70e24320d41fbcf7da684cebc8bdf7eb8caf0335,originalScientificName,,Stephanodiscus_meyeri,,,
ARMS_TZS_Angbat_20200608_20201117_SF40_ETOH_s1_r1:ASV_59:70e24320d41fbcf7da684cebc8bdf7eb8caf0335,originalTaxonRank,,species,,,
ARMS_TZS_Angbat_20200608_20201117_SF40_ETOH_s1_r1:ASV_59:70e24320d41fbcf7da684cebc8bdf7eb8caf0335,originalScientificNameConfidenceLevel,,0.03,,,
ARMS_TZS_Angbat_20200608_20201117_SF40_ETOH_s1_r1:ASV_65:7bb9a2005c9cb37888b0847a0e9636e34c1de988,submergedTime,day,162,http://vocab.nerc.ac.uk/collection/P01/current/AZDRZZ01/,https://vocab.nerc.ac.uk/collection/P06/current/UTAA/,
ARMS_TZS_Angbat_20200608_20201117_SF40_ETOH_s1_r1:ASV_65:7bb9a2005c9cb37888b0847a0e9636e34c1de988,preservativeUsed,,EtOH,http://vocab.nerc.ac.uk/collection/Q01/current/Q0100004/,,https://pubchem.ncbi.nlm.nih.gov/compound/702
ARMS_TZS_Angbat_20200608_20201117_SF40_ETOH_s1_r1:ASV_65:7bb9a2005c9cb37888b0847a0e9636e34c1de988,lowerLimitFilterSize,micrometer,40,http://vocab.nerc.ac.uk/collection/Q01/current/Q0100011/,https://vocab.nerc.ac.uk/collection/P06/current/UMIC/,
ARMS_TZS_Angbat_20200608_20201117_SF40_ETOH_s1_r1:ASV_65:7bb9a2005c9cb37888b0847a0e9636e34c1de988,sampleAccessionNumber,,SAMEA10020996,,,
ARMS_TZS_Angbat_20200608_20201117_SF40_ETOH_s1_r1:ASV_65:7bb9a2005c9cb37888b0847a0e9636e34c1de988,NCBIID,,265559,,,
ARMS_TZS_Angbat_20200608_20201117_SF40_ETOH_s1_r1:ASV_65:7bb9a2005c9cb37888b0847a0e9636e34c1de988,NCBIScientificName,,Navicula ramosissima,,,
ARMS_TZS_Angbat_20200608_20201117_SF40_ETOH_s1_r1:ASV_65:7bb9a2005c9cb37888b0847a0e9636e34c1de988,NCBITaxonRank,,species,,,
ARMS_TZS_Angbat_20200608_20201117_SF40_ETOH_s1_r1:ASV_65:7bb9a2005c9cb37888b0847a0e9636e34c1de988,fieldReplicateID,,no replicate,http://vocab.nerc.ac.uk/collection/P01/current/IDSPRE01,,
ARMS_TZS_Angbat_20200608_20201117_SF40_ETOH_s1_r1:ASV_65:7bb9a2005c9cb37888b0847a0e9636e34c1de988,technicalReplicateID,,,http://vocab.nerc.ac.uk/collection/P01/current/IDTCRE01,,
ARMS_TZS_Angbat_20200608_20201117_SF40_ETOH_s1_r1:ASV_65:7bb9a2005c9cb37888b0847a0e9636e34c1de988,originalScientificName,,Navicula_ramosissima,,,
ARMS_TZS_Angbat_20200608_20201117_SF40_ETOH_s1_r1:ASV_65:7bb9a2005c9cb37888b0847a0e9636e34c1de988,originalTaxonRank,,species,,,
ARMS_TZS_Angbat_20200608_20201117_SF40_ETOH_s1_r1:ASV_65:7bb9a2005c9cb37888b0847a0e9636e34c1de988,originalScientificNameConfidenceLevel,,0.06,,,
ARMS_TZS_Angbat_20200608_20201117_SF40_ETOH_s1_r1:ASV_125:2c62dcdd76599a5d12e57cd79041a00ed3231230,submergedTime,day,162,http://vocab.nerc.ac.uk/collection/P01/current/AZDRZZ01/,https://vocab.nerc.ac.uk/collection/P06/current/UTAA/,
ARMS_TZS_Angbat_20200608_20201117_SF40_ETOH_s1_r1:ASV_125:2c62dcdd76599a5d12e57cd79041a00ed3231230,preservativeUsed,,EtOH,http://vocab.nerc.ac.uk/collection/Q01/current/Q0100004/,,https://pubchem.ncbi.nlm.nih.gov/compound/702
ARMS_TZS_Angbat_20200608_20201117_SF40_ETOH_s1_r1:ASV_125:2c62dcdd76599a5d12e57cd79041a00ed3231230,lowerLimitFilterSize,micrometer,40,http://vocab.nerc.ac.uk/collection/Q01/current/Q0100011/,https://vocab.nerc.ac.uk/collection/P06/current/UMIC/,
ARMS_TZS_Angbat_20200608_20201117_SF40_ETOH_s1_r1:ASV_125:2c62dcdd76599a5d12e57cd79041a00ed3231230,sampleAccessionNumber,,SAMEA10020996,,,
ARMS_TZS_Angbat_20200608_20201117_SF40_ETOH_s1_r1:ASV_125:2c62dcdd76599a5d12e57cd79041a00ed3231230,NCBIID,,1124594,,,
ARMS_TZS_Angbat_20200608_20201117_SF40_ETOH_s1_r1:ASV_125:2c62dcdd76599a5d12e57cd79041a00ed3231230,NCBIScientificName,,Paratanytarsus inopertus,,,
ARMS_TZS_Angbat_20200608_20201117_SF40_ETOH_s1_r1:ASV_125:2c62dcdd76599a5d12e57cd79041a00ed3231230,NCBITaxonRank,,species,,,
ARMS_TZS_Angbat_20200608_20201117_SF40_ETOH_s1_r1:ASV_125:2c62dcdd76599a5d12e57cd79041a00ed3231230,fieldReplicateID,,no replicate,http://vocab.nerc.ac.uk/collection/P01/current/IDSPRE01,,
ARMS_TZS_Angbat_20200608_20201117_SF40_ETOH_s1_r1:ASV_125:2c62dcdd76599a5d12e57cd79041a00ed3231230,technicalReplicateID,,,http://vocab.nerc.ac.uk/collection/P01/current/IDTCRE01,,
ARMS_TZS_Angbat_20200608_20201117_SF40_ETOH_s1_r1:ASV_125:2c62dcdd76599a5d12e57cd79041a00ed3231230,originalScientificName,,Paratanytarsus_inopertus,,,
ARMS_TZS_Angbat_20200608_20201117_SF40_ETOH_s1_r1:ASV_125:2c62dcdd76599a5d12e57cd79041a00ed3231230,originalTaxonRank,,species,,,
ARMS_TZS_Angbat_20200608_20201117_SF40_ETOH_s1_r1:ASV_125:2c62dcdd76599a5d12e57cd79041a00ed3231230,originalScientificNameConfidenceLevel,,1.0,,,
ARMS_TZS_Angbat_20200608_20201117_SF40_ETOH_s1_r1:ASV_128:2cd95647f4b4ed788ff99a5985d8df9e8af244b6,submergedTime,day,162,http://vocab.nerc.ac.uk/collection/P01/current/AZDRZZ01/,https://vocab.nerc.ac.uk/collection/P06/current/UTAA/,
ARMS_TZS_Angbat_20200608_20201117_SF40_ETOH_s1_r1:ASV_128:2cd95647f4b4ed788ff99a5985d8df9e8af244b6,preservativeUsed,,EtOH,http://vocab.nerc.ac.uk/collection/Q01/current/Q0100004/,,https://pubchem.ncbi.nlm.nih.gov/compound/702
ARMS_TZS_Angbat_20200608_20201117_SF40_ETOH_s1_r1:ASV_128:2cd95647f4b4ed788ff99a5985d8df9e8af244b6,lowerLimitFilterSize,micrometer,40,http://vocab.nerc.ac.uk/collection/Q01/current/Q0100011/,https://vocab.nerc.ac.uk/collection/P06/current/UMIC/,
ARMS_TZS_Angbat_20200608_20201117_SF40_ETOH_s1_r1:ASV_128:2cd95647f4b4ed788ff99a5985d8df9e8af244b6,sampleAccessionNumber,,SAMEA10020996,,,
ARMS_TZS_Angbat_20200608_20201117_SF40_ETOH_s1_r1:ASV_128:2cd95647f4b4ed788ff99a5985d8df9e8af244b6,NCBIID,,507603,,,
ARMS_TZS_Angbat_20200608_20201117_SF40_ETOH_s1_r1:ASV_128:2cd95647f4b4ed788ff99a5985d8df9e8af244b6,NCBIScientificName,,Sericulus bakeri,,,
ARMS_TZS_Angbat_20200608_20201117_SF40_ETOH_s1_r1:ASV_128:2cd95647f4b4ed788ff99a5985d8df9e8af244b6,NCBITaxonRank,,species,,,
ARMS_TZS_Angbat_20200608_20201117_SF40_ETOH_s1_r1:ASV_128:2cd95647f4b4ed788ff99a5985d8df9e8af244b6,fieldReplicateID,,no replicate,http://vocab.nerc.ac.uk/collection/P01/current/IDSPRE01,,
ARMS_TZS_Angbat_20200608_20201117_SF40_ETOH_s1_r1:ASV_128:2cd95647f4b4ed788ff99a5985d8df9e8af244b6,technicalReplicateID,,,http://vocab.nerc.ac.uk/collection/P01/current/IDTCRE01,,
ARMS_TZS_Angbat_20200608_20201117_SF40_ETOH_s1_r1:ASV_128:2cd95647f4b4ed788ff99a5985d8df9e8af244b6,originalScientificName,,Sericulus_bakeri,,,
ARMS_TZS_Angbat_20200608_20201117_SF40_ETOH_s1_r1:ASV_128:2cd95647f4b4ed788ff99a5985d8df9e8af244b6,originalTaxonRank,,species,,,
ARMS_TZS_Angbat_20200608_20201117_SF40_ETOH_s1_r1:ASV_128:2cd95647f4b4ed788ff99a5985d8df9e8af244b6,originalScientificNameConfidenceLevel,,0.06,,,
ARMS_TZS_Angbat_20200608_20201117_SF40_ETOH_s1_r1:ASV_154:96929a37b8cdd074f8e6637615e2efd94dda5eb8,submergedTime,day,162,http://vocab.nerc.ac.uk/collection/P01/current/AZDRZZ01/,https://vocab.nerc.ac.uk/collection/P06/current/UTAA/,
ARMS_TZS_Angbat_20200608_20201117_SF40_ETOH_s1_r1:ASV_154:96929a37b8cdd074f8e6637615e2efd94dda5eb8,preservativeUsed,,EtOH,http://vocab.nerc.ac.uk/collection/Q01/current/Q0100004/,,https://pubchem.ncbi.nlm.nih.gov/compound/702
ARMS_TZS_Angbat_20200608_20201117_SF40_ETOH_s1_r1:ASV_154:96929a37b8cdd074f8e6637615e2efd94dda5eb8,lowerLimitFilterSize,micrometer,40,http://vocab.nerc.ac.uk/collection/Q01/current/Q0100011/,https://vocab.nerc.ac.uk/collection/P06/current/UMIC/,
ARMS_TZS_Angbat_20200608_20201117_SF40_ETOH_s1_r1:ASV_154:96929a37b8cdd074f8e6637615e2efd94dda5eb8,sampleAccessionNumber,,SAMEA10020996,,,
ARMS_TZS_Angbat_20200608_20201117_SF40_ETOH_s1_r1:ASV_154:96929a37b8cdd074f8e6637615e2efd94dda5eb8,NCBIID,,1177057,,,
ARMS_TZS_Angbat_20200608_20201117_SF40_ETOH_s1_r1:ASV_154:96929a37b8cdd074f8e6637615e2efd94dda5eb8,NCBIScientificName,,Kurtiella bidentata,,,
ARMS_TZS_Angbat_20200608_20201117_SF40_ETOH_s1_r1:ASV_154:96929a37b8cdd074f8e6637615e2efd94dda5eb8,NCBITaxonRank,,species,,,
ARMS_TZS_Angbat_20200608_20201117_SF40_ETOH_s1_r1:ASV_154:96929a37b8cdd074f8e6637615e2efd94dda5eb8,fieldReplicateID,,no replicate,http://vocab.nerc.ac.uk/collection/P01/current/IDSPRE01,,
ARMS_TZS_Angbat_20200608_20201117_SF40_ETOH_s1_r1:ASV_154:96929a37b8cdd074f8e6637615e2efd94dda5eb8,technicalReplicateID,,,http://vocab.nerc.ac.uk/collection/P01/current/IDTCRE01,,
ARMS_TZS_Angbat_20200608_20201117_SF40_ETOH_s1_r1:ASV_154:96929a37b8cdd074f8e6637615e2efd94dda5eb8,originalScientificName,,Kurtiella_bidentata,,,
ARMS_TZS_Angbat_20200608_20201117_SF40_ETOH_s1_r1:ASV_154:96929a37b8cdd074f8e6637615e2efd94dda5eb8,originalTaxonRank,,species,,,
ARMS_TZS_Angbat_20200608_20201117_SF40_ETOH_s1_r1:ASV_154:96929a37b8cdd074f8e6637615e2efd94dda5eb8,originalScientificNameConfidenceLevel,,1.0,,,
ARMS_TZS_Angbat_20200608_20201117_SF40_ETOH_s1_r1:ASV_164:b7d68a11638c4b6b6c980ca8c0f9e0ec889272e8,submergedTime,day,162,http://vocab.nerc.ac.uk/collection/P01/current/AZDRZZ01/,https://vocab.nerc.ac.uk/collection/P06/current/UTAA/,
ARMS_TZS_Angbat_20200608_20201117_SF40_ETOH_s1_r1:ASV_164:b7d68a11638c4b6b6c980ca8c0f9e0ec889272e8,preservativeUsed,,EtOH,http://vocab.nerc.ac.uk/collection/Q01/current/Q0100004/,,https://pubchem.ncbi.nlm.nih.gov/compound/702
ARMS_TZS_Angbat_20200608_20201117_SF40_ETOH_s1_r1:ASV_164:b7d68a11638c4b6b6c980ca8c0f9e0ec889272e8,lowerLimitFilterSize,micrometer,40,http://vocab.nerc.ac.uk/collection/Q01/current/Q0100011/,https://vocab.nerc.ac.uk/collection/P06/current/UMIC/,
ARMS_TZS_Angbat_20200608_20201117_SF40_ETOH_s1_r1:ASV_164:b7d68a11638c4b6b6c980ca8c0f9e0ec889272e8,sampleAccessionNumber,,SAMEA10020996,,,
ARMS_TZS_Angbat_20200608_20201117_SF40_ETOH_s1_r1:ASV_164:b7d68a11638c4b6b6c980ca8c0f9e0ec889272e8,NCBIID,,1545452,,,
ARMS_TZS_Angbat_20200608_20201117_SF40_ETOH_s1_r1:ASV_164:b7d68a11638c4b6b6c980ca8c0f9e0ec889272e8,NCBIScientificName,,Cornospumella fuschlensis,,,
ARMS_TZS_Angbat_20200608_20201117_SF40_ETOH_s1_r1:ASV_164:b7d68a11638c4b6b6c980ca8c0f9e0ec889272e8,NCBITaxonRank,,species,,,
ARMS_TZS_Angbat_20200608_20201117_SF40_ETOH_s1_r1:ASV_164:b7d68a11638c4b6b6c980ca8c0f9e0ec889272e8,fieldReplicateID,,no replicate,http://vocab.nerc.ac.uk/collection/P01/current/IDSPRE01,,
ARMS_TZS_Angbat_20200608_20201117_SF40_ETOH_s1_r1:ASV_164:b7d68a11638c4b6b6c980ca8c0f9e0ec889272e8,technicalReplicateID,,,http://vocab.nerc.ac.uk/collection/P01/current/IDTCRE01,,
ARMS_TZS_Angbat_20200608_20201117_SF40_ETOH_s1_r1:ASV_164:b7d68a11638c4b6b6c980ca8c0f9e0ec889272e8,originalScientificName,,Cornospumella_fuschlensis,,,
ARMS_TZS_Angbat_20200608_20201117_SF40_ETOH_s1_r1:ASV_164:b7d68a11638c4b6b6c980ca8c0f9e0ec889272e8,originalTaxonRank,,species,,,
ARMS_TZS_Angbat_20200608_20201117_SF40_ETOH_s1_r1:ASV_164:b7d68a11638c4b6b6c980ca8c0f9e0ec889272e8,originalScientificNameConfidenceLevel,,0.08,,,
ARMS_TZS_Angbat_20200608_20201117_SF40_ETOH_s1_r1:ASV_175:e98cfc0db1cc96c32540eacc591eea9433272232,submergedTime,day,162,http://vocab.nerc.ac.uk/collection/P01/current/AZDRZZ01/,https://vocab.nerc.ac.uk/collection/P06/current/UTAA/,
ARMS_TZS_Angbat_20200608_20201117_SF40_ETOH_s1_r1:ASV_175:e98cfc0db1cc96c32540eacc591eea9433272232,preservativeUsed,,EtOH,http://vocab.nerc.ac.uk/collection/Q01/current/Q0100004/,,https://pubchem.ncbi.nlm.nih.gov/compound/702
ARMS_TZS_Angbat_20200608_20201117_SF40_ETOH_s1_r1:ASV_175:e98cfc0db1cc96c32540eacc591eea9433272232,lowerLimitFilterSize,micrometer,40,http://vocab.nerc.ac.uk/collection/Q01/current/Q0100011/,https://vocab.nerc.ac.uk/collection/P06/current/UMIC/,
ARMS_TZS_Angbat_20200608_20201117_SF40_ETOH_s1_r1:ASV_175:e98cfc0db1cc96c32540eacc591eea9433272232,sampleAccessionNumber,,SAMEA10020996,,,
ARMS_TZS_Angbat_20200608_20201117_SF40_ETOH_s1_r1:ASV_175:e98cfc0db1cc96c32540eacc591eea9433272232,NCBIID,,393181,,,
ARMS_TZS_Angbat_20200608_20201117_SF40_ETOH_s1_r1:ASV_175:e98cfc0db1cc96c32540eacc591eea9433272232,NCBIScientificName,,Loxocorone allax,,,
ARMS_TZS_Angbat_20200608_20201117_SF40_ETOH_s1_r1:ASV_175:e98cfc0db1cc96c32540eacc591eea9433272232,NCBITaxonRank,,species,,,
ARMS_TZS_Angbat_20200608_20201117_SF40_ETOH_s1_r1:ASV_175:e98cfc0db1cc96c32540eacc591eea9433272232,fieldReplicateID,,no replicate,http://vocab.nerc.ac.uk/collection/P01/current/IDSPRE01,,
ARMS_TZS_Angbat_20200608_20201117_SF40_ETOH_s1_r1:ASV_175:e98cfc0db1cc96c32540eacc591eea9433272232,technicalReplicateID,,,http://vocab.nerc.ac.uk/collection/P01/current/IDTCRE01,,
ARMS_TZS_Angbat_20200608_20201117_SF40_ETOH_s1_r1:ASV_175:e98cfc0db1cc96c32540eacc591eea9433272232,originalScientificName,,Loxocorone_allax,,,
ARMS_TZS_Angbat_20200608_20201117_SF40_ETOH_s1_r1:ASV_175:e98cfc0db1cc96c32540eacc591eea9433272232,originalTaxonRank,,species,,,
ARMS_TZS_Angbat_20200608_20201117_SF40_ETOH_s1_r1:ASV_175:e98cfc0db1cc96c32540eacc591eea9433272232,originalScientificNameConfidenceLevel,,0.06,,,
ARMS_TZS_Angbat_20200608_20201117_SF40_ETOH_s1_r1:ASV_347:5e2ab356d3b50a2ae11b3ac869611ef1e9b0dd11,submergedTime,day,162,http://vocab.nerc.ac.uk/collection/P01/current/AZDRZZ01/,https://vocab.nerc.ac.uk/collection/P06/current/UTAA/,
ARMS_TZS_Angbat_20200608_20201117_SF40_ETOH_s1_r1:ASV_347:5e2ab356d3b50a2ae11b3ac869611ef1e9b0dd11,preservativeUsed,,EtOH,http://vocab.nerc.ac.uk/collection/Q01/current/Q0100004/,,https://pubchem.ncbi.nlm.nih.gov/compound/702
ARMS_TZS_Angbat_20200608_20201117_SF40_ETOH_s1_r1:ASV_347:5e2ab356d3b50a2ae11b3ac869611ef1e9b0dd11,lowerLimitFilterSize,micrometer,40,http://vocab.nerc.ac.uk/collection/Q01/current/Q0100011/,https://vocab.nerc.ac.uk/collection/P06/current/UMIC/,
ARMS_TZS_Angbat_20200608_20201117_SF40_ETOH_s1_r1:ASV_347:5e2ab356d3b50a2ae11b3ac869611ef1e9b0dd11,sampleAccessionNumber,,SAMEA10020996,,,
ARMS_TZS_Angbat_20200608_20201117_SF40_ETOH_s1_r1:ASV_347:5e2ab356d3b50a2ae11b3ac869611ef1e9b0dd11,NCBIID,,1240618,,,
ARMS_TZS_Angbat_20200608_20201117_SF40_ETOH_s1_r1:ASV_347:5e2ab356d3b50a2ae11b3ac869611ef1e9b0dd11,NCBIScientificName,,Spinocalanus angusticeps,,,
ARMS_TZS_Angbat_20200608_20201117_SF40_ETOH_s1_r1:ASV_347:5e2ab356d3b50a2ae11b3ac869611ef1e9b0dd11,NCBITaxonRank,,species,,,
ARMS_TZS_Angbat_20200608_20201117_SF40_ETOH_s1_r1:ASV_347:5e2ab356d3b50a2ae11b3ac869611ef1e9b0dd11,fieldReplicateID,,no replicate,http://vocab.nerc.ac.uk/collection/P01/current/IDSPRE01,,
ARMS_TZS_Angbat_20200608_20201117_SF40_ETOH_s1_r1:ASV_347:5e2ab356d3b50a2ae11b3ac869611ef1e9b0dd11,technicalReplicateID,,,http://vocab.nerc.ac.uk/collection/P01/current/IDTCRE01,,
ARMS_TZS_Angbat_20200608_20201117_SF40_ETOH_s1_r1:ASV_347:5e2ab356d3b50a2ae11b3ac869611ef1e9b0dd11,originalScientificName,,Spinocalanus_angusticeps,,,
ARMS_TZS_Angbat_20200608_20201117_SF40_ETOH_s1_r1:ASV_347:5e2ab356d3b50a2ae11b3ac869611ef1e9b0dd11,originalTaxonRank,,species,,,
ARMS_TZS_Angbat_20200608_20201117_SF40_ETOH_s1_r1:ASV_347:5e2ab356d3b50a2ae11b3ac869611ef1e9b0dd11,originalScientificNameConfidenceLevel,,0.05,,,
ARMS_TZS_Kummelkobben_20200608_20201120_MF100_ETOH_s1_r1:ASV_7:511c7007a6238c914707d00bf365854f4f131f2a,submergedTime,day,165,http://vocab.nerc.ac.uk/collection/P01/current/AZDRZZ01/,https://vocab.nerc.ac.uk/collection/P06/current/UTAA/,
ARMS_TZS_Kummelkobben_20200608_20201120_MF100_ETOH_s1_r1:ASV_7:511c7007a6238c914707d00bf365854f4f131f2a,preservativeUsed,,EtOH,http://vocab.nerc.ac.uk/collection/Q01/current/Q0100004/,,https://pubchem.ncbi.nlm.nih.gov/compound/702
ARMS_TZS_Kummelkobben_20200608_20201120_MF100_ETOH_s1_r1:ASV_7:511c7007a6238c914707d00bf365854f4f131f2a,lowerLimitFilterSize,micrometer,100,http://vocab.nerc.ac.uk/collection/Q01/current/Q0100011/,https://vocab.nerc.ac.uk/collection/P06/current/UMIC/,
ARMS_TZS_Kummelkobben_20200608_20201120_MF100_ETOH_s1_r1:ASV_7:511c7007a6238c914707d00bf365854f4f131f2a,sampleAccessionNumber,,SAMEA10020999,,,
ARMS_TZS_Kummelkobben_20200608_20201120_MF100_ETOH_s1_r1:ASV_7:511c7007a6238c914707d00bf365854f4f131f2a,NCBIID,,1577136,,,
ARMS_TZS_Kummelkobben_20200608_20201120_MF100_ETOH_s1_r1:ASV_7:511c7007a6238c914707d00bf365854f4f131f2a,NCBIScientificName,,Nemopoda mamaevi,,,
ARMS_TZS_Kummelkobben_20200608_20201120_MF100_ETOH_s1_r1:ASV_7:511c7007a6238c914707d00bf365854f4f131f2a,NCBITaxonRank,,species,,,
ARMS_TZS_Kummelkobben_20200608_20201120_MF100_ETOH_s1_r1:ASV_7:511c7007a6238c914707d00bf365854f4f131f2a,fieldReplicateID,,no replicate,http://vocab.nerc.ac.uk/collection/P01/current/IDSPRE01,,
ARMS_TZS_Kummelkobben_20200608_20201120_MF100_ETOH_s1_r1:ASV_7:511c7007a6238c914707d00bf365854f4f131f2a,technicalReplicateID,,,http://vocab.nerc.ac.uk/collection/P01/current/IDTCRE01,,
ARMS_TZS_Kummelkobben_20200608_20201120_MF100_ETOH_s1_r1:ASV_7:511c7007a6238c914707d00bf365854f4f131f2a,originalScientificName,,Nemopoda_mamaevi,,,
ARMS_TZS_Kummelkobben_20200608_20201120_MF100_ETOH_s1_r1:ASV_7:511c7007a6238c914707d00bf365854f4f131f2a,originalTaxonRank,,species,,,
ARMS_TZS_Kummelkobben_20200608_20201120_MF100_ETOH_s1_r1:ASV_7:511c7007a6238c914707d00bf365854f4f131f2a,originalScientificNameConfidenceLevel,,0.08,,,
ARMS_TZS_Kummelkobben_20200608_20201120_MF100_ETOH_s1_r1:ASV_30:8a6aaec2f0803106613df91ee79911ada3f9cfb4,submergedTime,day,165,http://vocab.nerc.ac.uk/collection/P01/current/AZDRZZ01/,https://vocab.nerc.ac.uk/collection/P06/current/UTAA/,
ARMS_TZS_Kummelkobben_20200608_20201120_MF100_ETOH_s1_r1:ASV_30:8a6aaec2f0803106613df91ee79911ada3f9cfb4,preservativeUsed,,EtOH,http://vocab.nerc.ac.uk/collection/Q01/current/Q0100004/,,https://pubchem.ncbi.nlm.nih.gov/compound/702
ARMS_TZS_Kummelkobben_20200608_20201120_MF100_ETOH_s1_r1:ASV_30:8a6aaec2f0803106613df91ee79911ada3f9cfb4,lowerLimitFilterSize,micrometer,100,http://vocab.nerc.ac.uk/collection/Q01/current/Q0100011/,https://vocab.nerc.ac.uk/collection/P06/current/UMIC/,
ARMS_TZS_Kummelkobben_20200608_20201120_MF100_ETOH_s1_r1:ASV_30:8a6aaec2f0803106613df91ee79911ada3f9cfb4,sampleAccessionNumber,,SAMEA10020999,,,
ARMS_TZS_Kummelkobben_20200608_20201120_MF100_ETOH_s1_r1:ASV_30:8a6aaec2f0803106613df91ee79911ada3f9cfb4,NCBIID,,32570,,,
ARMS_TZS_Kummelkobben_20200608_20201120_MF100_ETOH_s1_r1:ASV_30:8a6aaec2f0803106613df91ee79911ada3f9cfb4,NCBIScientificName,,Obelia longissima,,,
ARMS_TZS_Kummelkobben_20200608_20201120_MF100_ETOH_s1_r1:ASV_30:8a6aaec2f0803106613df91ee79911ada3f9cfb4,NCBITaxonRank,,species,,,
ARMS_TZS_Kummelkobben_20200608_20201120_MF100_ETOH_s1_r1:ASV_30:8a6aaec2f0803106613df91ee79911ada3f9cfb4,fieldReplicateID,,no replicate,http://vocab.nerc.ac.uk/collection/P01/current/IDSPRE01,,
ARMS_TZS_Kummelkobben_20200608_20201120_MF100_ETOH_s1_r1:ASV_30:8a6aaec2f0803106613df91ee79911ada3f9cfb4,technicalReplicateID,,,http://vocab.nerc.ac.uk/collection/P01/current/IDTCRE01,,
ARMS_TZS_Kummelkobben_20200608_20201120_MF100_ETOH_s1_r1:ASV_30:8a6aaec2f0803106613df91ee79911ada3f9cfb4,originalScientificName,,Obelia_longissima,,,
ARMS_TZS_Kummelkobben_20200608_20201120_MF100_ETOH_s1_r1:ASV_30:8a6aaec2f0803106613df91ee79911ada3f9cfb4,originalTaxonRank,,species,,,
ARMS_TZS_Kummelkobben_20200608_20201120_MF100_ETOH_s1_r1:ASV_30:8a6aaec2f0803106613df91ee79911ada3f9cfb4,originalScientificNameConfidenceLevel,,1.0,,,
ARMS_TZS_Kummelkobben_20200608_20201120_MF100_ETOH_s1_r1:ASV_37:ce205311cc99daa7f97ef53527e1e3bd1b48ceaf,submergedTime,day,165,http://vocab.nerc.ac.uk/collection/P01/current/AZDRZZ01/,https://vocab.nerc.ac.uk/collection/P06/current/UTAA/,
ARMS_TZS_Kummelkobben_20200608_20201120_MF100_ETOH_s1_r1:ASV_37:ce205311cc99daa7f97ef53527e1e3bd1b48ceaf,preservativeUsed,,EtOH,http://vocab.nerc.ac.uk/collection/Q01/current/Q0100004/,,https://pubchem.ncbi.nlm.nih.gov/compound/702
ARMS_TZS_Kummelkobben_20200608_20201120_MF100_ETOH_s1_r1:ASV_37:ce205311cc99daa7f97ef53527e1e3bd1b48ceaf,lowerLimitFilterSize,micrometer,100,http://vocab.nerc.ac.uk/collection/Q01/current/Q0100011/,https://vocab.nerc.ac.uk/collection/P06/current/UMIC/,
ARMS_TZS_Kummelkobben_20200608_20201120_MF100_ETOH_s1_r1:ASV_37:ce205311cc99daa7f97ef53527e1e3bd1b48ceaf,sampleAccessionNumber,,SAMEA10020999,,,
ARMS_TZS_Kummelkobben_20200608_20201120_MF100_ETOH_s1_r1:ASV_37:ce205311cc99daa7f97ef53527e1e3bd1b48ceaf,NCBIID,,876016,,,
ARMS_TZS_Kummelkobben_20200608_20201120_MF100_ETOH_s1_r1:ASV_37:ce205311cc99daa7f97ef53527e1e3bd1b48ceaf,NCBIScientificName,,Nicolea zostericola,,,
ARMS_TZS_Kummelkobben_20200608_20201120_MF100_ETOH_s1_r1:ASV_37:ce205311cc99daa7f97ef53527e1e3bd1b48ceaf,NCBITaxonRank,,species,,,
ARMS_TZS_Kummelkobben_20200608_20201120_MF100_ETOH_s1_r1:ASV_37:ce205311cc99daa7f97ef53527e1e3bd1b48ceaf,fieldReplicateID,,no replicate,http://vocab.nerc.ac.uk/collection/P01/current/IDSPRE01,,
ARMS_TZS_Kummelkobben_20200608_20201120_MF100_ETOH_s1_r1:ASV_37:ce205311cc99daa7f97ef53527e1e3bd1b48ceaf,technicalReplicateID,,,http://vocab.nerc.ac.uk/collection/P01/current/IDTCRE01,,
ARMS_TZS_Kummelkobben_20200608_20201120_MF100_ETOH_s1_r1:ASV_37:ce205311cc99daa7f97ef53527e1e3bd1b48ceaf,originalScientificName,,Nicolea_zostericola,,,
ARMS_TZS_Kummelkobben_20200608_20201120_MF100_ETOH_s1_r1:ASV_37:ce205311cc99daa7f97ef53527e1e3bd1b48ceaf,originalTaxonRank,,species,,,
ARMS_TZS_Kummelkobben_20200608_20201120_MF100_ETOH_s1_r1:ASV_37:ce205311cc99daa7f97ef53527e1e3bd1b48ceaf,originalScientificNameConfidenceLevel,,1.0,,,
ARMS_TZS_Kummelkobben_20200608_20201120_MF100_ETOH_s1_r1:ASV_48:08d0037a4009afd030251986ed6ba94e9fd1da2e,submergedTime,day,165,http://vocab.nerc.ac.uk/collection/P01/current/AZDRZZ01/,https://vocab.nerc.ac.uk/collection/P06/current/UTAA/,
ARMS_TZS_Kummelkobben_20200608_20201120_MF100_ETOH_s1_r1:ASV_48:08d0037a4009afd030251986ed6ba94e9fd1da2e,preservativeUsed,,EtOH,http://vocab.nerc.ac.uk/collection/Q01/current/Q0100004/,,https://pubchem.ncbi.nlm.nih.gov/compound/702
ARMS_TZS_Kummelkobben_20200608_20201120_MF100_ETOH_s1_r1:ASV_48:08d0037a4009afd030251986ed6ba94e9fd1da2e,lowerLimitFilterSize,micrometer,100,http://vocab.nerc.ac.uk/collection/Q01/current/Q0100011/,https://vocab.nerc.ac.uk/collection/P06/current/UMIC/,
ARMS_TZS_Kummelkobben_20200608_20201120_MF100_ETOH_s1_r1:ASV_48:08d0037a4009afd030251986ed6ba94e9fd1da2e,sampleAccessionNumber,,SAMEA10020999,,,
ARMS_TZS_Kummelkobben_20200608_20201120_MF100_ETOH_s1_r1:ASV_48:08d0037a4009afd030251986ed6ba94e9fd1da2e,NCBIID,,2865492,,,
ARMS_TZS_Kummelkobben_20200608_20201120_MF100_ETOH_s1_r1:ASV_48:08d0037a4009afd030251986ed6ba94e9fd1da2e,NCBIScientificName,,Cribrilina mutabilis,,,
ARMS_TZS_Kummelkobben_20200608_20201120_MF100_ETOH_s1_r1:ASV_48:08d0037a4009afd030251986ed6ba94e9fd1da2e,NCBITaxonRank,,species,,,
ARMS_TZS_Kummelkobben_20200608_20201120_MF100_ETOH_s1_r1:ASV_48:08d0037a4009afd030251986ed6ba94e9fd1da2e,fieldReplicateID,,no replicate,http://vocab.nerc.ac.uk/collection/P01/current/IDSPRE01,,
ARMS_TZS_Kummelkobben_20200608_20201120_MF100_ETOH_s1_r1:ASV_48:08d0037a4009afd030251986ed6ba94e9fd1da2e,technicalReplicateID,,,http://vocab.nerc.ac.uk/collection/P01/current/IDTCRE01,,
ARMS_TZS_Kummelkobben_20200608_20201120_MF100_ETOH_s1_r1:ASV_48:08d0037a4009afd030251986ed6ba94e9fd1da2e,originalScientificName,,Cribrilina_mutabilis,,,
ARMS_TZS_Kummelkobben_20200608_20201120_MF100_ETOH_s1_r1:ASV_48:08d0037a4009afd030251986ed6ba94e9fd1da2e,originalTaxonRank,,species,,,
ARMS_TZS_Kummelkobben_20200608_20201120_MF100_ETOH_s1_r1:ASV_48:08d0037a4009afd030251986ed6ba94e9fd1da2e,originalScientificNameConfidenceLevel,,1.0,,,
ARMS_TZS_Kummelkobben_20200608_20201120_MF100_ETOH_s1_r1:ASV_60:43a90ce7e1cbecf3ef22fc713fc4a7324b2631b2,submergedTime,day,165,http://vocab.nerc.ac.uk/collection/P01/current/AZDRZZ01/,https://vocab.nerc.ac.uk/collection/P06/current/UTAA/,
ARMS_TZS_Kummelkobben_20200608_20201120_MF100_ETOH_s1_r1:ASV_60:43a90ce7e1cbecf3ef22fc713fc4a7324b2631b2,preservativeUsed,,EtOH,http://vocab.nerc.ac.uk/collection/Q01/current/Q0100004/,,https://pubchem.ncbi.nlm.nih.gov/compound/702
ARMS_TZS_Kummelkobben_20200608_20201120_MF100_ETOH_s1_r1:ASV_60:43a90ce7e1cbecf3ef22fc713fc4a7324b2631b2,lowerLimitFilterSize,micrometer,100,http://vocab.nerc.ac.uk/collection/Q01/current/Q0100011/,https://vocab.nerc.ac.uk/collection/P06/current/UMIC/,
ARMS_TZS_Kummelkobben_20200608_20201120_MF100_ETOH_s1_r1:ASV_60:43a90ce7e1cbecf3ef22fc713fc4a7324b2631b2,sampleAccessionNumber,,SAMEA10020999,,,
ARMS_TZS_Kummelkobben_20200608_20201120_MF100_ETOH_s1_r1:ASV_60:43a90ce7e1cbecf3ef22fc713fc4a7324b2631b2,NCBIID,,173654,,,
ARMS_TZS_Kummelkobben_20200608_20201120_MF100_ETOH_s1_r1:ASV_60:43a90ce7e1cbecf3ef22fc713fc4a7324b2631b2,NCBIScientificName,,Hematodinium sp,,,
ARMS_TZS_Kummelkobben_20200608_20201120_MF100_ETOH_s1_r1:ASV_60:43a90ce7e1cbecf3ef22fc713fc4a7324b2631b2,NCBITaxonRank,,species,,,
ARMS_TZS_Kummelkobben_20200608_20201120_MF100_ETOH_s1_r1:ASV_60:43a90ce7e1cbecf3ef22fc713fc4a7324b2631b2,fieldReplicateID,,no replicate,http://vocab.nerc.ac.uk/collection/P01/current/IDSPRE01,,
ARMS_TZS_Kummelkobben_20200608_20201120_MF100_ETOH_s1_r1:ASV_60:43a90ce7e1cbecf3ef22fc713fc4a7324b2631b2,technicalReplicateID,,,http://vocab.nerc.ac.uk/collection/P01/current/IDTCRE01,,
ARMS_TZS_Kummelkobben_20200608_20201120_MF100_ETOH_s1_r1:ASV_60:43a90ce7e1cbecf3ef22fc713fc4a7324b2631b2,originalScientificName,,Hematodinium_sp,,,
ARMS_TZS_Kummelkobben_20200608_20201120_MF100_ETOH_s1_r1:ASV_60:43a90ce7e1cbecf3ef22fc713fc4a7324b2631b2,originalTaxonRank,,species,,,
ARMS_TZS_Kummelkobben_20200608_20201120_MF100_ETOH_s1_r1:ASV_60:43a90ce7e1cbecf3ef22fc713fc4a7324b2631b2,originalScientificNameConfidenceLevel,,1.0,,,
ARMS_TZS_Kummelkobben_20200608_20201120_MF100_ETOH_s1_r1:ASV_65:7bb9a2005c9cb37888b0847a0e9636e34c1de988,submergedTime,day,165,http://vocab.nerc.ac.uk/collection/P01/current/AZDRZZ01/,https://vocab.nerc.ac.uk/collection/P06/current/UTAA/,
ARMS_TZS_Kummelkobben_20200608_20201120_MF100_ETOH_s1_r1:ASV_65:7bb9a2005c9cb37888b0847a0e9636e34c1de988,preservativeUsed,,EtOH,http://vocab.nerc.ac.uk/collection/Q01/current/Q0100004/,,https://pubchem.ncbi.nlm.nih.gov/compound/702
ARMS_TZS_Kummelkobben_20200608_20201120_MF100_ETOH_s1_r1:ASV_65:7bb9a2005c9cb37888b0847a0e9636e34c1de988,lowerLimitFilterSize,micrometer,100,http://vocab.nerc.ac.uk/collection/Q01/current/Q0100011/,https://vocab.nerc.ac.uk/collection/P06/current/UMIC/,
ARMS_TZS_Kummelkobben_20200608_20201120_MF100_ETOH_s1_r1:ASV_65:7bb9a2005c9cb37888b0847a0e9636e34c1de988,sampleAccessionNumber,,SAMEA10020999,,,
ARMS_TZS_Kummelkobben_20200608_20201120_MF100_ETOH_s1_r1:ASV_65:7bb9a2005c9cb37888b0847a0e9636e34c1de988,NCBIID,,265559,,,
ARMS_TZS_Kummelkobben_20200608_20201120_MF100_ETOH_s1_r1:ASV_65:7bb9a2005c9cb37888b0847a0e9636e34c1de988,NCBIScientificName,,Navicula ramosissima,,,
ARMS_TZS_Kummelkobben_20200608_20201120_MF100_ETOH_s1_r1:ASV_65:7bb9a2005c9cb37888b0847a0e9636e34c1de988,NCBITaxonRank,,species,,,
ARMS_TZS_Kummelkobben_20200608_20201120_MF100_ETOH_s1_r1:ASV_65:7bb9a2005c9cb37888b0847a0e9636e34c1de988,fieldReplicateID,,no replicate,http://vocab.nerc.ac.uk/collection/P01/current/IDSPRE01,,
ARMS_TZS_Kummelkobben_20200608_20201120_MF100_ETOH_s1_r1:ASV_65:7bb9a2005c9cb37888b0847a0e9636e34c1de988,technicalReplicateID,,,http://vocab.nerc.ac.uk/collection/P01/current/IDTCRE01,,
ARMS_TZS_Kummelkobben_20200608_20201120_MF100_ETOH_s1_r1:ASV_65:7bb9a2005c9cb37888b0847a0e9636e34c1de988,originalScientificName,,Navicula_ramosissima,,,
ARMS_TZS_Kummelkobben_20200608_20201120_MF100_ETOH_s1_r1:ASV_65:7bb9a2005c9cb37888b0847a0e9636e34c1de988,originalTaxonRank,,species,,,
ARMS_TZS_Kummelkobben_20200608_20201120_MF100_ETOH_s1_r1:ASV_65:7bb9a2005c9cb37888b0847a0e9636e34c1de988,originalScientificNameConfidenceLevel,,0.06,,,
ARMS_TZS_Kummelkobben_20200608_20201120_MF100_ETOH_s1_r1:ASV_448:a619e3900a737f248ab285de6fa104f1b238bf4d,submergedTime,day,165,http://vocab.nerc.ac.uk/collection/P01/current/AZDRZZ01/,https://vocab.nerc.ac.uk/collection/P06/current/UTAA/,
ARMS_TZS_Kummelkobben_20200608_20201120_MF100_ETOH_s1_r1:ASV_448:a619e3900a737f248ab285de6fa104f1b238bf4d,preservativeUsed,,EtOH,http://vocab.nerc.ac.uk/collection/Q01/current/Q0100004/,,https://pubchem.ncbi.nlm.nih.gov/compound/702
ARMS_TZS_Kummelkobben_20200608_20201120_MF100_ETOH_s1_r1:ASV_448:a619e3900a737f248ab285de6fa104f1b238bf4d,lowerLimitFilterSize,micrometer,100,http://vocab.nerc.ac.uk/collection/Q01/current/Q0100011/,https://vocab.nerc.ac.uk/collection/P06/current/UMIC/,
ARMS_TZS_Kummelkobben_20200608_20201120_MF100_ETOH_s1_r1:ASV_448:a619e3900a737f248ab285de6fa104f1b238bf4d,sampleAccessionNumber,,SAMEA10020999,,,
ARMS_TZS_Kummelkobben_20200608_20201120_MF100_ETOH_s1_r1:ASV_448:a619e3900a737f248ab285de6fa104f1b238bf4d,NCBIID,,2856,,,
ARMS_TZS_Kummelkobben_20200608_20201120_MF100_ETOH_s1_r1:ASV_448:a619e3900a737f248ab285de6fa104f1b238bf4d,NCBIScientificName,,Cylindrotheca closterium,,,
ARMS_TZS_Kummelkobben_20200608_20201120_MF100_ETOH_s1_r1:ASV_448:a619e3900a737f248ab285de6fa104f1b238bf4d,NCBITaxonRank,,species,,,
ARMS_TZS_Kummelkobben_20200608_20201120_MF100_ETOH_s1_r1:ASV_448:a619e3900a737f248ab285de6fa104f1b238bf4d,fieldReplicateID,,no replicate,http://vocab.nerc.ac.uk/collection/P01/current/IDSPRE01,,
ARMS_TZS_Kummelkobben_20200608_20201120_MF100_ETOH_s1_r1:ASV_448:a619e3900a737f248ab285de6fa104f1b238bf4d,technicalReplicateID,,,http://vocab.nerc.ac.uk/collection/P01/current/IDTCRE01,,
ARMS_TZS_Kummelkobben_20200608_20201120_MF100_ETOH_s1_r1:ASV_448:a619e3900a737f248ab285de6fa104f1b238bf4d,originalScientificName,,Cylindrotheca_closterium,,,
ARMS_TZS_Kummelkobben_20200608_20201120_MF100_ETOH_s1_r1:ASV_448:a619e3900a737f248ab285de6fa104f1b238bf4d,originalTaxonRank,,species,,,
ARMS_TZS_Kummelkobben_20200608_20201120_MF100_ETOH_s1_r1:ASV_448:a619e3900a737f248ab285de6fa104f1b238bf4d,originalScientificNameConfidenceLevel,,1.0,,,
ARMS_TZS_Kummelkobben_20200608_20201120_SF40_ETOH_s1_r1:ASV_7:511c7007a6238c914707d00bf365854f4f131f2a,submergedTime,day,165,http://vocab.nerc.ac.uk/collection/P01/current/AZDRZZ01/,https://vocab.nerc.ac.uk/collection/P06/current/UTAA/,
ARMS_TZS_Kummelkobben_20200608_20201120_SF40_ETOH_s1_r1:ASV_7:511c7007a6238c914707d00bf365854f4f131f2a,preservativeUsed,,EtOH,http://vocab.nerc.ac.uk/collection/Q01/current/Q0100004/,,https://pubchem.ncbi.nlm.nih.gov/compound/702
ARMS_TZS_Kummelkobben_20200608_20201120_SF40_ETOH_s1_r1:ASV_7:511c7007a6238c914707d00bf365854f4f131f2a,lowerLimitFilterSize,micrometer,40,http://vocab.nerc.ac.uk/collection/Q01/current/Q0100011/,https://vocab.nerc.ac.uk/collection/P06/current/UMIC/,
ARMS_TZS_Kummelkobben_20200608_20201120_SF40_ETOH_s1_r1:ASV_7:511c7007a6238c914707d00bf365854f4f131f2a,sampleAccessionNumber,,SAMEA10021005,,,
ARMS_TZS_Kummelkobben_20200608_20201120_SF40_ETOH_s1_r1:ASV_7:511c7007a6238c914707d00bf365854f4f131f2a,NCBIID,,1577136,,,
ARMS_TZS_Kummelkobben_20200608_20201120_SF40_ETOH_s1_r1:ASV_7:511c7007a6238c914707d00bf365854f4f131f2a,NCBIScientificName,,Nemopoda mamaevi,,,
ARMS_TZS_Kummelkobben_20200608_20201120_SF40_ETOH_s1_r1:ASV_7:511c7007a6238c914707d00bf365854f4f131f2a,NCBITaxonRank,,species,,,
ARMS_TZS_Kummelkobben_20200608_20201120_SF40_ETOH_s1_r1:ASV_7:511c7007a6238c914707d00bf365854f4f131f2a,fieldReplicateID,,no replicate,http://vocab.nerc.ac.uk/collection/P01/current/IDSPRE01,,
ARMS_TZS_Kummelkobben_20200608_20201120_SF40_ETOH_s1_r1:ASV_7:511c7007a6238c914707d00bf365854f4f131f2a,technicalReplicateID,,,http://vocab.nerc.ac.uk/collection/P01/current/IDTCRE01,,
ARMS_TZS_Kummelkobben_20200608_20201120_SF40_ETOH_s1_r1:ASV_7:511c7007a6238c914707d00bf365854f4f131f2a,originalScientificName,,Nemopoda_mamaevi,,,
ARMS_TZS_Kummelkobben_20200608_20201120_SF40_ETOH_s1_r1:ASV_7:511c7007a6238c914707d00bf365854f4f131f2a,originalTaxonRank,,species,,,
ARMS_TZS_Kummelkobben_20200608_20201120_SF40_ETOH_s1_r1:ASV_7:511c7007a6238c914707d00bf365854f4f131f2a,originalScientificNameConfidenceLevel,,0.08,,,
ARMS_TZS_Kummelkobben_20200608_20201120_SF40_ETOH_s1_r1:ASV_8:688d5e22286ab575831dfbbf494c633e58aa3e6e,submergedTime,day,165,http://vocab.nerc.ac.uk/collection/P01/current/AZDRZZ01/,https://vocab.nerc.ac.uk/collection/P06/current/UTAA/,
ARMS_TZS_Kummelkobben_20200608_20201120_SF40_ETOH_s1_r1:ASV_8:688d5e22286ab575831dfbbf494c633e58aa3e6e,preservativeUsed,,EtOH,http://vocab.nerc.ac.uk/collection/Q01/current/Q0100004/,,https://pubchem.ncbi.nlm.nih.gov/compound/702
ARMS_TZS_Kummelkobben_20200608_20201120_SF40_ETOH_s1_r1:ASV_8:688d5e22286ab575831dfbbf494c633e58aa3e6e,lowerLimitFilterSize,micrometer,40,http://vocab.nerc.ac.uk/collection/Q01/current/Q0100011/,https://vocab.nerc.ac.uk/collection/P06/current/UMIC/,
ARMS_TZS_Kummelkobben_20200608_20201120_SF40_ETOH_s1_r1:ASV_8:688d5e22286ab575831dfbbf494c633e58aa3e6e,sampleAccessionNumber,,SAMEA10021005,,,
ARMS_TZS_Kummelkobben_20200608_20201120_SF40_ETOH_s1_r1:ASV_8:688d5e22286ab575831dfbbf494c633e58aa3e6e,NCBIID,,1220549,,,
ARMS_TZS_Kummelkobben_20200608_20201120_SF40_ETOH_s1_r1:ASV_8:688d5e22286ab575831dfbbf494c633e58aa3e6e,NCBIScientificName,,Amphibalanus improvisus,,,
ARMS_TZS_Kummelkobben_20200608_20201120_SF40_ETOH_s1_r1:ASV_8:688d5e22286ab575831dfbbf494c633e58aa3e6e,NCBITaxonRank,,species,,,
ARMS_TZS_Kummelkobben_20200608_20201120_SF40_ETOH_s1_r1:ASV_8:688d5e22286ab575831dfbbf494c633e58aa3e6e,fieldReplicateID,,no replicate,http://vocab.nerc.ac.uk/collection/P01/current/IDSPRE01,,
ARMS_TZS_Kummelkobben_20200608_20201120_SF40_ETOH_s1_r1:ASV_8:688d5e22286ab575831dfbbf494c633e58aa3e6e,technicalReplicateID,,,http://vocab.nerc.ac.uk/collection/P01/current/IDTCRE01,,
ARMS_TZS_Kummelkobben_20200608_20201120_SF40_ETOH_s1_r1:ASV_8:688d5e22286ab575831dfbbf494c633e58aa3e6e,originalScientificName,,Amphibalanus_improvisus,,,
ARMS_TZS_Kummelkobben_20200608_20201120_SF40_ETOH_s1_r1:ASV_8:688d5e22286ab575831dfbbf494c633e58aa3e6e,originalTaxonRank,,species,,,
ARMS_TZS_Kummelkobben_20200608_20201120_SF40_ETOH_s1_r1:ASV_8:688d5e22286ab575831dfbbf494c633e58aa3e6e,originalScientificNameConfidenceLevel,,1.0,,,
ARMS_TZS_Kummelkobben_20200608_20201120_SF40_ETOH_s1_r1:ASV_35:e1025484213fa24992c9f8301ed64d0ef8c6c71b,submergedTime,day,165,http://vocab.nerc.ac.uk/collection/P01/current/AZDRZZ01/,https://vocab.nerc.ac.uk/collection/P06/current/UTAA/,
ARMS_TZS_Kummelkobben_20200608_20201120_SF40_ETOH_s1_r1:ASV_35:e1025484213fa24992c9f8301ed64d0ef8c6c71b,preservativeUsed,,EtOH,http://vocab.nerc.ac.uk/collection/Q01/current/Q0100004/,,https://pubchem.ncbi.nlm.nih.gov/compound/702
ARMS_TZS_Kummelkobben_20200608_20201120_SF40_ETOH_s1_r1:ASV_35:e1025484213fa24992c9f8301ed64d0ef8c6c71b,lowerLimitFilterSize,micrometer,40,http://vocab.nerc.ac.uk/collection/Q01/current/Q0100011/,https://vocab.nerc.ac.uk/collection/P06/current/UMIC/,
ARMS_TZS_Kummelkobben_20200608_20201120_SF40_ETOH_s1_r1:ASV_35:e1025484213fa24992c9f8301ed64d0ef8c6c71b,sampleAccessionNumber,,SAMEA10021005,,,
ARMS_TZS_Kummelkobben_20200608_20201120_SF40_ETOH_s1_r1:ASV_35:e1025484213fa24992c9f8301ed64d0ef8c6c71b,NCBIID,,257540,,,
ARMS_TZS_Kummelkobben_20200608_20201120_SF40_ETOH_s1_r1:ASV_35:e1025484213fa24992c9f8301ed64d0ef8c6c71b,NCBIScientificName,,Gobiusculus flavescens,,,
ARMS_TZS_Kummelkobben_20200608_20201120_SF40_ETOH_s1_r1:ASV_35:e1025484213fa24992c9f8301ed64d0ef8c6c71b,NCBITaxonRank,,species,,,
ARMS_TZS_Kummelkobben_20200608_20201120_SF40_ETOH_s1_r1:ASV_35:e1025484213fa24992c9f8301ed64d0ef8c6c71b,fieldReplicateID,,no replicate,http://vocab.nerc.ac.uk/collection/P01/current/IDSPRE01,,
ARMS_TZS_Kummelkobben_20200608_20201120_SF40_ETOH_s1_r1:ASV_35:e1025484213fa24992c9f8301ed64d0ef8c6c71b,technicalReplicateID,,,http://vocab.nerc.ac.uk/collection/P01/current/IDTCRE01,,
ARMS_TZS_Kummelkobben_20200608_20201120_SF40_ETOH_s1_r1:ASV_35:e1025484213fa24992c9f8301ed64d0ef8c6c71b,originalScientificName,,Gobiusculus_flavescens,,,
ARMS_TZS_Kummelkobben_20200608_20201120_SF40_ETOH_s1_r1:ASV_35:e1025484213fa24992c9f8301ed64d0ef8c6c71b,originalTaxonRank,,species,,,
ARMS_TZS_Kummelkobben_20200608_20201120_SF40_ETOH_s1_r1:ASV_35:e1025484213fa24992c9f8301ed64d0ef8c6c71b,originalScientificNameConfidenceLevel,,1.0,,,
ARMS_TZS_Kummelkobben_20200608_20201120_SF40_ETOH_s1_r1:ASV_44:9dfab3f1aff702f595e861079c3b68c91fa63e5c,submergedTime,day,165,http://vocab.nerc.ac.uk/collection/P01/current/AZDRZZ01/,https://vocab.nerc.ac.uk/collection/P06/current/UTAA/,
ARMS_TZS_Kummelkobben_20200608_20201120_SF40_ETOH_s1_r1:ASV_44:9dfab3f1aff702f595e861079c3b68c91fa63e5c,preservativeUsed,,EtOH,http://vocab.nerc.ac.uk/collection/Q01/current/Q0100004/,,https://pubchem.ncbi.nlm.nih.gov/compound/702
ARMS_TZS_Kummelkobben_20200608_20201120_SF40_ETOH_s1_r1:ASV_44:9dfab3f1aff702f595e861079c3b68c91fa63e5c,lowerLimitFilterSize,micrometer,40,http://vocab.nerc.ac.uk/collection/Q01/current/Q0100011/,https://vocab.nerc.ac.uk/collection/P06/current/UMIC/,
ARMS_TZS_Kummelkobben_20200608_20201120_SF40_ETOH_s1_r1:ASV_44:9dfab3f1aff702f595e861079c3b68c91fa63e5c,sampleAccessionNumber,,SAMEA10021005,,,
ARMS_TZS_Kummelkobben_20200608_20201120_SF40_ETOH_s1_r1:ASV_44:9dfab3f1aff702f595e861079c3b68c91fa63e5c,NCBIID,,2579797,,,
ARMS_TZS_Kummelkobben_20200608_20201120_SF40_ETOH_s1_r1:ASV_44:9dfab3f1aff702f595e861079c3b68c91fa63e5c,NCBIScientificName,,Triatoma migrans,,,
ARMS_TZS_Kummelkobben_20200608_20201120_SF40_ETOH_s1_r1:ASV_44:9dfab3f1aff702f595e861079c3b68c91fa63e5c,NCBITaxonRank,,species,,,
ARMS_TZS_Kummelkobben_20200608_20201120_SF40_ETOH_s1_r1:ASV_44:9dfab3f1aff702f595e861079c3b68c91fa63e5c,fieldReplicateID,,no replicate,http://vocab.nerc.ac.uk/collection/P01/current/IDSPRE01,,
ARMS_TZS_Kummelkobben_20200608_20201120_SF40_ETOH_s1_r1:ASV_44:9dfab3f1aff702f595e861079c3b68c91fa63e5c,technicalReplicateID,,,http://vocab.nerc.ac.uk/collection/P01/current/IDTCRE01,,
ARMS_TZS_Kummelkobben_20200608_20201120_SF40_ETOH_s1_r1:ASV_44:9dfab3f1aff702f595e861079c3b68c91fa63e5c,originalScientificName,,Triatoma_migrans,,,
ARMS_TZS_Kummelkobben_20200608_20201120_SF40_ETOH_s1_r1:ASV_44:9dfab3f1aff702f595e861079c3b68c91fa63e5c,originalTaxonRank,,species,,,
ARMS_TZS_Kummelkobben_20200608_20201120_SF40_ETOH_s1_r1:ASV_44:9dfab3f1aff702f595e861079c3b68c91fa63e5c,originalScientificNameConfidenceLevel,,0.12,,,
ARMS_TZS_Kummelkobben_20200608_20201120_SF40_ETOH_s1_r1:ASV_51:33da948d5921884c0aeb393e2b5c64a8041c776f,submergedTime,day,165,http://vocab.nerc.ac.uk/collection/P01/current/AZDRZZ01/,https://vocab.nerc.ac.uk/collection/P06/current/UTAA/,
ARMS_TZS_Kummelkobben_20200608_20201120_SF40_ETOH_s1_r1:ASV_51:33da948d5921884c0aeb393e2b5c64a8041c776f,preservativeUsed,,EtOH,http://vocab.nerc.ac.uk/collection/Q01/current/Q0100004/,,https://pubchem.ncbi.nlm.nih.gov/compound/702
ARMS_TZS_Kummelkobben_20200608_20201120_SF40_ETOH_s1_r1:ASV_51:33da948d5921884c0aeb393e2b5c64a8041c776f,lowerLimitFilterSize,micrometer,40,http://vocab.nerc.ac.uk/collection/Q01/current/Q0100011/,https://vocab.nerc.ac.uk/collection/P06/current/UMIC/,
ARMS_TZS_Kummelkobben_20200608_20201120_SF40_ETOH_s1_r1:ASV_51:33da948d5921884c0aeb393e2b5c64a8041c776f,sampleAccessionNumber,,SAMEA10021005,,,
ARMS_TZS_Kummelkobben_20200608_20201120_SF40_ETOH_s1_r1:ASV_51:33da948d5921884c0aeb393e2b5c64a8041c776f,NCBIID,,2576727,,,
ARMS_TZS_Kummelkobben_20200608_20201120_SF40_ETOH_s1_r1:ASV_51:33da948d5921884c0aeb393e2b5c64a8041c776f,NCBIScientificName,,Dinophilus vorticoides,,,
ARMS_TZS_Kummelkobben_20200608_20201120_SF40_ETOH_s1_r1:ASV_51:33da948d5921884c0aeb393e2b5c64a8041c776f,NCBITaxonRank,,species,,,
ARMS_TZS_Kummelkobben_20200608_20201120_SF40_ETOH_s1_r1:ASV_51:33da948d5921884c0aeb393e2b5c64a8041c776f,fieldReplicateID,,no replicate,http://vocab.nerc.ac.uk/collection/P01/current/IDSPRE01,,
ARMS_TZS_Kummelkobben_20200608_20201120_SF40_ETOH_s1_r1:ASV_51:33da948d5921884c0aeb393e2b5c64a8041c776f,technicalReplicateID,,,http://vocab.nerc.ac.uk/collection/P01/current/IDTCRE01,,
ARMS_TZS_Kummelkobben_20200608_20201120_SF40_ETOH_s1_r1:ASV_51:33da948d5921884c0aeb393e2b5c64a8041c776f,originalScientificName,,Dinophilus_vorticoides,,,
ARMS_TZS_Kummelkobben_20200608_20201120_SF40_ETOH_s1_r1:ASV_51:33da948d5921884c0aeb393e2b5c64a8041c776f,originalTaxonRank,,species,,,
ARMS_TZS_Kummelkobben_20200608_20201120_SF40_ETOH_s1_r1:ASV_51:33da948d5921884c0aeb393e2b5c64a8041c776f,originalScientificNameConfidenceLevel,,1.0,,,
ARMS_TZS_Kummelkobben_20200608_20201120_SF40_ETOH_s1_r1:ASV_74:33b0b3be7c5f7c54152c7927f0d8cfeab3fdbceb,submergedTime,day,165,http://vocab.nerc.ac.uk/collection/P01/current/AZDRZZ01/,https://vocab.nerc.ac.uk/collection/P06/current/UTAA/,
ARMS_TZS_Kummelkobben_20200608_20201120_SF40_ETOH_s1_r1:ASV_74:33b0b3be7c5f7c54152c7927f0d8cfeab3fdbceb,preservativeUsed,,EtOH,http://vocab.nerc.ac.uk/collection/Q01/current/Q0100004/,,https://pubchem.ncbi.nlm.nih.gov/compound/702
ARMS_TZS_Kummelkobben_20200608_20201120_SF40_ETOH_s1_r1:ASV_74:33b0b3be7c5f7c54152c7927f0d8cfeab3fdbceb,lowerLimitFilterSize,micrometer,40,http://vocab.nerc.ac.uk/collection/Q01/current/Q0100011/,https://vocab.nerc.ac.uk/collection/P06/current/UMIC/,
ARMS_TZS_Kummelkobben_20200608_20201120_SF40_ETOH_s1_r1:ASV_74:33b0b3be7c5f7c54152c7927f0d8cfeab3fdbceb,sampleAccessionNumber,,SAMEA10021005,,,
ARMS_TZS_Kummelkobben_20200608_20201120_SF40_ETOH_s1_r1:ASV_74:33b0b3be7c5f7c54152c7927f0d8cfeab3fdbceb,NCBIID,,378372,,,
ARMS_TZS_Kummelkobben_20200608_20201120_SF40_ETOH_s1_r1:ASV_74:33b0b3be7c5f7c54152c7927f0d8cfeab3fdbceb,NCBIScientificName,,Psamathe fusca,,,
ARMS_TZS_Kummelkobben_20200608_20201120_SF40_ETOH_s1_r1:ASV_74:33b0b3be7c5f7c54152c7927f0d8cfeab3fdbceb,NCBITaxonRank,,species,,,
ARMS_TZS_Kummelkobben_20200608_20201120_SF40_ETOH_s1_r1:ASV_74:33b0b3be7c5f7c54152c7927f0d8cfeab3fdbceb,fieldReplicateID,,no replicate,http://vocab.nerc.ac.uk/collection/P01/current/IDSPRE01,,
ARMS_TZS_Kummelkobben_20200608_20201120_SF40_ETOH_s1_r1:ASV_74:33b0b3be7c5f7c54152c7927f0d8cfeab3fdbceb,technicalReplicateID,,,http://vocab.nerc.ac.uk/collection/P01/current/IDTCRE01,,
ARMS_TZS_Kummelkobben_20200608_20201120_SF40_ETOH_s1_r1:ASV_74:33b0b3be7c5f7c54152c7927f0d8cfeab3fdbceb,originalScientificName,,Psamathe_fusca,,,
ARMS_TZS_Kummelkobben_20200608_20201120_SF40_ETOH_s1_r1:ASV_74:33b0b3be7c5f7c54152c7927f0d8cfeab3fdbceb,originalTaxonRank,,species,,,
ARMS_TZS_Kummelkobben_20200608_20201120_SF40_ETOH_s1_r1:ASV_74:33b0b3be7c5f7c54152c7927f0d8cfeab3fdbceb,originalScientificNameConfidenceLevel,,1.0,,,
ARMS_TZS_Kummelkobben_20200608_20201120_SF40_ETOH_s1_r1:ASV_80:c24044d7c94d47ca86c805782e14af603c760d0d,submergedTime,day,165,http://vocab.nerc.ac.uk/collection/P01/current/AZDRZZ01/,https://vocab.nerc.ac.uk/collection/P06/current/UTAA/,
ARMS_TZS_Kummelkobben_20200608_20201120_SF40_ETOH_s1_r1:ASV_80:c24044d7c94d47ca86c805782e14af603c760d0d,preservativeUsed,,EtOH,http://vocab.nerc.ac.uk/collection/Q01/current/Q0100004/,,https://pubchem.ncbi.nlm.nih.gov/compound/702
ARMS_TZS_Kummelkobben_20200608_20201120_SF40_ETOH_s1_r1:ASV_80:c24044d7c94d47ca86c805782e14af603c760d0d,lowerLimitFilterSize,micrometer,40,http://vocab.nerc.ac.uk/collection/Q01/current/Q0100011/,https://vocab.nerc.ac.uk/collection/P06/current/UMIC/,
ARMS_TZS_Kummelkobben_20200608_20201120_SF40_ETOH_s1_r1:ASV_80:c24044d7c94d47ca86c805782e14af603c760d0d,sampleAccessionNumber,,SAMEA10021005,,,
ARMS_TZS_Kummelkobben_20200608_20201120_SF40_ETOH_s1_r1:ASV_80:c24044d7c94d47ca86c805782e14af603c760d0d,NCBIID,,2050687,,,
ARMS_TZS_Kummelkobben_20200608_20201120_SF40_ETOH_s1_r1:ASV_80:c24044d7c94d47ca86c805782e14af603c760d0d,NCBIScientificName,,Compterosmittia togalimea,,,
ARMS_TZS_Kummelkobben_20200608_20201120_SF40_ETOH_s1_r1:ASV_80:c24044d7c94d47ca86c805782e14af603c760d0d,NCBITaxonRank,,species,,,
ARMS_TZS_Kummelkobben_20200608_20201120_SF40_ETOH_s1_r1:ASV_80:c24044d7c94d47ca86c805782e14af603c760d0d,fieldReplicateID,,no replicate,http://vocab.nerc.ac.uk/collection/P01/current/IDSPRE01,,
ARMS_TZS_Kummelkobben_20200608_20201120_SF40_ETOH_s1_r1:ASV_80:c24044d7c94d47ca86c805782e14af603c760d0d,technicalReplicateID,,,http://vocab.nerc.ac.uk/collection/P01/current/IDTCRE01,,
ARMS_TZS_Kummelkobben_20200608_20201120_SF40_ETOH_s1_r1:ASV_80:c24044d7c94d47ca86c805782e14af603c760d0d,originalScientificName,,Compterosmittia_togalimea,,,
ARMS_TZS_Kummelkobben_20200608_20201120_SF40_ETOH_s1_r1:ASV_80:c24044d7c94d47ca86c805782e14af603c760d0d,originalTaxonRank,,species,,,
ARMS_TZS_Kummelkobben_20200608_20201120_SF40_ETOH_s1_r1:ASV_80:c24044d7c94d47ca86c805782e14af603c760d0d,originalScientificNameConfidenceLevel,,0.03,,,
ARMS_TZS_Kummelkobben_20200608_20201120_SF40_ETOH_s1_r1:ASV_85:0737dab89f1dec0b40ba663ff3f0a77f413cf1ea,submergedTime,day,165,http://vocab.nerc.ac.uk/collection/P01/current/AZDRZZ01/,https://vocab.nerc.ac.uk/collection/P06/current/UTAA/,
ARMS_TZS_Kummelkobben_20200608_20201120_SF40_ETOH_s1_r1:ASV_85:0737dab89f1dec0b40ba663ff3f0a77f413cf1ea,preservativeUsed,,EtOH,http://vocab.nerc.ac.uk/collection/Q01/current/Q0100004/,,https://pubchem.ncbi.nlm.nih.gov/compound/702
ARMS_TZS_Kummelkobben_20200608_20201120_SF40_ETOH_s1_r1:ASV_85:0737dab89f1dec0b40ba663ff3f0a77f413cf1ea,lowerLimitFilterSize,micrometer,40,http://vocab.nerc.ac.uk/collection/Q01/current/Q0100011/,https://vocab.nerc.ac.uk/collection/P06/current/UMIC/,
ARMS_TZS_Kummelkobben_20200608_20201120_SF40_ETOH_s1_r1:ASV_85:0737dab89f1dec0b40ba663ff3f0a77f413cf1ea,sampleAccessionNumber,,SAMEA10021005,,,
ARMS_TZS_Kummelkobben_20200608_20201120_SF40_ETOH_s1_r1:ASV_85:0737dab89f1dec0b40ba663ff3f0a77f413cf1ea,NCBIID,,252671,,,
ARMS_TZS_Kummelkobben_20200608_20201120_SF40_ETOH_s1_r1:ASV_85:0737dab89f1dec0b40ba663ff3f0a77f413cf1ea,NCBIScientificName,,Clytia hemisphaerica,,,
ARMS_TZS_Kummelkobben_20200608_20201120_SF40_ETOH_s1_r1:ASV_85:0737dab89f1dec0b40ba663ff3f0a77f413cf1ea,NCBITaxonRank,,species,,,
ARMS_TZS_Kummelkobben_20200608_20201120_SF40_ETOH_s1_r1:ASV_85:0737dab89f1dec0b40ba663ff3f0a77f413cf1ea,fieldReplicateID,,no replicate,http://vocab.nerc.ac.uk/collection/P01/current/IDSPRE01,,
ARMS_TZS_Kummelkobben_20200608_20201120_SF40_ETOH_s1_r1:ASV_85:0737dab89f1dec0b40ba663ff3f0a77f413cf1ea,technicalReplicateID,,,http://vocab.nerc.ac.uk/collection/P01/current/IDTCRE01,,
ARMS_TZS_Kummelkobben_20200608_20201120_SF40_ETOH_s1_r1:ASV_85:0737dab89f1dec0b40ba663ff3f0a77f413cf1ea,originalScientificName,,Clytia_hemisphaerica,,,
ARMS_TZS_Kummelkobben_20200608_20201120_SF40_ETOH_s1_r1:ASV_85:0737dab89f1dec0b40ba663ff3f0a77f413cf1ea,originalTaxonRank,,species,,,
ARMS_TZS_Kummelkobben_20200608_20201120_SF40_ETOH_s1_r1:ASV_85:0737dab89f1dec0b40ba663ff3f0a77f413cf1ea,originalScientificNameConfidenceLevel,,0.57,,,
ARMS_TZS_Kummelkobben_20200608_20201120_SF40_ETOH_s1_r1:ASV_109:fee798b26a7be66849f82766978752929f51b372,submergedTime,day,165,http://vocab.nerc.ac.uk/collection/P01/current/AZDRZZ01/,https://vocab.nerc.ac.uk/collection/P06/current/UTAA/,
ARMS_TZS_Kummelkobben_20200608_20201120_SF40_ETOH_s1_r1:ASV_109:fee798b26a7be66849f82766978752929f51b372,preservativeUsed,,EtOH,http://vocab.nerc.ac.uk/collection/Q01/current/Q0100004/,,https://pubchem.ncbi.nlm.nih.gov/compound/702
ARMS_TZS_Kummelkobben_20200608_20201120_SF40_ETOH_s1_r1:ASV_109:fee798b26a7be66849f82766978752929f51b372,lowerLimitFilterSize,micrometer,40,http://vocab.nerc.ac.uk/collection/Q01/current/Q0100011/,https://vocab.nerc.ac.uk/collection/P06/current/UMIC/,
ARMS_TZS_Kummelkobben_20200608_20201120_SF40_ETOH_s1_r1:ASV_109:fee798b26a7be66849f82766978752929f51b372,sampleAccessionNumber,,SAMEA10021005,,,
ARMS_TZS_Kummelkobben_20200608_20201120_SF40_ETOH_s1_r1:ASV_109:fee798b26a7be66849f82766978752929f51b372,NCBIID,,558364,,,
ARMS_TZS_Kummelkobben_20200608_20201120_SF40_ETOH_s1_r1:ASV_109:fee798b26a7be66849f82766978752929f51b372,NCBIScientificName,,Heilipodus argentinicus,,,
ARMS_TZS_Kummelkobben_20200608_20201120_SF40_ETOH_s1_r1:ASV_109:fee798b26a7be66849f82766978752929f51b372,NCBITaxonRank,,species,,,
ARMS_TZS_Kummelkobben_20200608_20201120_SF40_ETOH_s1_r1:ASV_109:fee798b26a7be66849f82766978752929f51b372,fieldReplicateID,,no replicate,http://vocab.nerc.ac.uk/collection/P01/current/IDSPRE01,,
ARMS_TZS_Kummelkobben_20200608_20201120_SF40_ETOH_s1_r1:ASV_109:fee798b26a7be66849f82766978752929f51b372,technicalReplicateID,,,http://vocab.nerc.ac.uk/collection/P01/current/IDTCRE01,,
ARMS_TZS_Kummelkobben_20200608_20201120_SF40_ETOH_s1_r1:ASV_109:fee798b26a7be66849f82766978752929f51b372,originalScientificName,,Heilipodus_argentinicus,,,
ARMS_TZS_Kummelkobben_20200608_20201120_SF40_ETOH_s1_r1:ASV_109:fee798b26a7be66849f82766978752929f51b372,originalTaxonRank,,species,,,
ARMS_TZS_Kummelkobben_20200608_20201120_SF40_ETOH_s1_r1:ASV_109:fee798b26a7be66849f82766978752929f51b372,originalScientificNameConfidenceLevel,,0.01,,,
ARMS_TZS_Kummelkobben_20200608_20201120_SF40_ETOH_s1_r1:ASV_114:05d93679186940068180f8a9044f58ed36aabdea,submergedTime,day,165,http://vocab.nerc.ac.uk/collection/P01/current/AZDRZZ01/,https://vocab.nerc.ac.uk/collection/P06/current/UTAA/,
ARMS_TZS_Kummelkobben_20200608_20201120_SF40_ETOH_s1_r1:ASV_114:05d93679186940068180f8a9044f58ed36aabdea,preservativeUsed,,EtOH,http://vocab.nerc.ac.uk/collection/Q01/current/Q0100004/,,https://pubchem.ncbi.nlm.nih.gov/compound/702
ARMS_TZS_Kummelkobben_20200608_20201120_SF40_ETOH_s1_r1:ASV_114:05d93679186940068180f8a9044f58ed36aabdea,lowerLimitFilterSize,micrometer,40,http://vocab.nerc.ac.uk/collection/Q01/current/Q0100011/,https://vocab.nerc.ac.uk/collection/P06/current/UMIC/,
ARMS_TZS_Kummelkobben_20200608_20201120_SF40_ETOH_s1_r1:ASV_114:05d93679186940068180f8a9044f58ed36aabdea,sampleAccessionNumber,,SAMEA10021005,,,
ARMS_TZS_Kummelkobben_20200608_20201120_SF40_ETOH_s1_r1:ASV_114:05d93679186940068180f8a9044f58ed36aabdea,NCBIID,,1271663,,,
ARMS_TZS_Kummelkobben_20200608_20201120_SF40_ETOH_s1_r1:ASV_114:05d93679186940068180f8a9044f58ed36aabdea,NCBIScientificName,,Stenomorpha macra,,,
ARMS_TZS_Kummelkobben_20200608_20201120_SF40_ETOH_s1_r1:ASV_114:05d93679186940068180f8a9044f58ed36aabdea,NCBITaxonRank,,species,,,
ARMS_TZS_Kummelkobben_20200608_20201120_SF40_ETOH_s1_r1:ASV_114:05d93679186940068180f8a9044f58ed36aabdea,fieldReplicateID,,no replicate,http://vocab.nerc.ac.uk/collection/P01/current/IDSPRE01,,
ARMS_TZS_Kummelkobben_20200608_20201120_SF40_ETOH_s1_r1:ASV_114:05d93679186940068180f8a9044f58ed36aabdea,technicalReplicateID,,,http://vocab.nerc.ac.uk/collection/P01/current/IDTCRE01,,
ARMS_TZS_Kummelkobben_20200608_20201120_SF40_ETOH_s1_r1:ASV_114:05d93679186940068180f8a9044f58ed36aabdea,originalScientificName,,Stenomorpha_macra,,,
ARMS_TZS_Kummelkobben_20200608_20201120_SF40_ETOH_s1_r1:ASV_114:05d93679186940068180f8a9044f58ed36aabdea,originalTaxonRank,,species,,,
ARMS_TZS_Kummelkobben_20200608_20201120_SF40_ETOH_s1_r1:ASV_114:05d93679186940068180f8a9044f58ed36aabdea,originalScientificNameConfidenceLevel,,0.01,,,
ARMS_TZS_Kummelkobben_20200608_20201120_SF40_ETOH_s1_r1:ASV_122:1aa8b214cb26299ccd6f23a8ed60bec08408cdd5,submergedTime,day,165,http://vocab.nerc.ac.uk/collection/P01/current/AZDRZZ01/,https://vocab.nerc.ac.uk/collection/P06/current/UTAA/,
ARMS_TZS_Kummelkobben_20200608_20201120_SF40_ETOH_s1_r1:ASV_122:1aa8b214cb26299ccd6f23a8ed60bec08408cdd5,preservativeUsed,,EtOH,http://vocab.nerc.ac.uk/collection/Q01/current/Q0100004/,,https://pubchem.ncbi.nlm.nih.gov/compound/702
ARMS_TZS_Kummelkobben_20200608_20201120_SF40_ETOH_s1_r1:ASV_122:1aa8b214cb26299ccd6f23a8ed60bec08408cdd5,lowerLimitFilterSize,micrometer,40,http://vocab.nerc.ac.uk/collection/Q01/current/Q0100011/,https://vocab.nerc.ac.uk/collection/P06/current/UMIC/,
ARMS_TZS_Kummelkobben_20200608_20201120_SF40_ETOH_s1_r1:ASV_122:1aa8b214cb26299ccd6f23a8ed60bec08408cdd5,sampleAccessionNumber,,SAMEA10021005,,,
ARMS_TZS_Kummelkobben_20200608_20201120_SF40_ETOH_s1_r1:ASV_122:1aa8b214cb26299ccd6f23a8ed60bec08408cdd5,NCBIID,,1436032,,,
ARMS_TZS_Kummelkobben_20200608_20201120_SF40_ETOH_s1_r1:ASV_122:1aa8b214cb26299ccd6f23a8ed60bec08408cdd5,NCBIScientificName,,Sabellaria spinulosa,,,
ARMS_TZS_Kummelkobben_20200608_20201120_SF40_ETOH_s1_r1:ASV_122:1aa8b214cb26299ccd6f23a8ed60bec08408cdd5,NCBITaxonRank,,species,,,
ARMS_TZS_Kummelkobben_20200608_20201120_SF40_ETOH_s1_r1:ASV_122:1aa8b214cb26299ccd6f23a8ed60bec08408cdd5,fieldReplicateID,,no replicate,http://vocab.nerc.ac.uk/collection/P01/current/IDSPRE01,,
ARMS_TZS_Kummelkobben_20200608_20201120_SF40_ETOH_s1_r1:ASV_122:1aa8b214cb26299ccd6f23a8ed60bec08408cdd5,technicalReplicateID,,,http://vocab.nerc.ac.uk/collection/P01/current/IDTCRE01,,
ARMS_TZS_Kummelkobben_20200608_20201120_SF40_ETOH_s1_r1:ASV_122:1aa8b214cb26299ccd6f23a8ed60bec08408cdd5,originalScientificName,,Sabellaria_spinulosa,,,
ARMS_TZS_Kummelkobben_20200608_20201120_SF40_ETOH_s1_r1:ASV_122:1aa8b214cb26299ccd6f23a8ed60bec08408cdd5,originalTaxonRank,,species,,,
ARMS_TZS_Kummelkobben_20200608_20201120_SF40_ETOH_s1_r1:ASV_122:1aa8b214cb26299ccd6f23a8ed60bec08408cdd5,originalScientificNameConfidenceLevel,,1.0,,,
ARMS_TZS_Kummelkobben_20200608_20201120_SF40_ETOH_s1_r1:ASV_128:2cd95647f4b4ed788ff99a5985d8df9e8af244b6,submergedTime,day,165,http://vocab.nerc.ac.uk/collection/P01/current/AZDRZZ01/,https://vocab.nerc.ac.uk/collection/P06/current/UTAA/,
ARMS_TZS_Kummelkobben_20200608_20201120_SF40_ETOH_s1_r1:ASV_128:2cd95647f4b4ed788ff99a5985d8df9e8af244b6,preservativeUsed,,EtOH,http://vocab.nerc.ac.uk/collection/Q01/current/Q0100004/,,https://pubchem.ncbi.nlm.nih.gov/compound/702
ARMS_TZS_Kummelkobben_20200608_20201120_SF40_ETOH_s1_r1:ASV_128:2cd95647f4b4ed788ff99a5985d8df9e8af244b6,lowerLimitFilterSize,micrometer,40,http://vocab.nerc.ac.uk/collection/Q01/current/Q0100011/,https://vocab.nerc.ac.uk/collection/P06/current/UMIC/,
ARMS_TZS_Kummelkobben_20200608_20201120_SF40_ETOH_s1_r1:ASV_128:2cd95647f4b4ed788ff99a5985d8df9e8af244b6,sampleAccessionNumber,,SAMEA10021005,,,
ARMS_TZS_Kummelkobben_20200608_20201120_SF40_ETOH_s1_r1:ASV_128:2cd95647f4b4ed788ff99a5985d8df9e8af244b6,NCBIID,,507603,,,
ARMS_TZS_Kummelkobben_20200608_20201120_SF40_ETOH_s1_r1:ASV_128:2cd95647f4b4ed788ff99a5985d8df9e8af244b6,NCBIScientificName,,Sericulus bakeri,,,
ARMS_TZS_Kummelkobben_20200608_20201120_SF40_ETOH_s1_r1:ASV_128:2cd95647f4b4ed788ff99a5985d8df9e8af244b6,NCBITaxonRank,,species,,,
ARMS_TZS_Kummelkobben_20200608_20201120_SF40_ETOH_s1_r1:ASV_128:2cd95647f4b4ed788ff99a5985d8df9e8af244b6,fieldReplicateID,,no replicate,http://vocab.nerc.ac.uk/collection/P01/current/IDSPRE01,,
ARMS_TZS_Kummelkobben_20200608_20201120_SF40_ETOH_s1_r1:ASV_128:2cd95647f4b4ed788ff99a5985d8df9e8af244b6,technicalReplicateID,,,http://vocab.nerc.ac.uk/collection/P01/current/IDTCRE01,,
ARMS_TZS_Kummelkobben_20200608_20201120_SF40_ETOH_s1_r1:ASV_128:2cd95647f4b4ed788ff99a5985d8df9e8af244b6,originalScientificName,,Sericulus_bakeri,,,
ARMS_TZS_Kummelkobben_20200608_20201120_SF40_ETOH_s1_r1:ASV_128:2cd95647f4b4ed788ff99a5985d8df9e8af244b6,originalTaxonRank,,species,,,
ARMS_TZS_Kummelkobben_20200608_20201120_SF40_ETOH_s1_r1:ASV_128:2cd95647f4b4ed788ff99a5985d8df9e8af244b6,originalScientificNameConfidenceLevel,,0.06,,,
ARMS_TZS_Kummelkobben_20200608_20201120_SF40_ETOH_s1_r1:ASV_166:be440871751f66ebc03a4fa1ca7097f63c75ed91,submergedTime,day,165,http://vocab.nerc.ac.uk/collection/P01/current/AZDRZZ01/,https://vocab.nerc.ac.uk/collection/P06/current/UTAA/,
ARMS_TZS_Kummelkobben_20200608_20201120_SF40_ETOH_s1_r1:ASV_166:be440871751f66ebc03a4fa1ca7097f63c75ed91,preservativeUsed,,EtOH,http://vocab.nerc.ac.uk/collection/Q01/current/Q0100004/,,https://pubchem.ncbi.nlm.nih.gov/compound/702
ARMS_TZS_Kummelkobben_20200608_20201120_SF40_ETOH_s1_r1:ASV_166:be440871751f66ebc03a4fa1ca7097f63c75ed91,lowerLimitFilterSize,micrometer,40,http://vocab.nerc.ac.uk/collection/Q01/current/Q0100011/,https://vocab.nerc.ac.uk/collection/P06/current/UMIC/,
ARMS_TZS_Kummelkobben_20200608_20201120_SF40_ETOH_s1_r1:ASV_166:be440871751f66ebc03a4fa1ca7097f63c75ed91,sampleAccessionNumber,,SAMEA10021005,,,
ARMS_TZS_Kummelkobben_20200608_20201120_SF40_ETOH_s1_r1:ASV_166:be440871751f66ebc03a4fa1ca7097f63c75ed91,NCBIID,,1390100,,,
ARMS_TZS_Kummelkobben_20200608_20201120_SF40_ETOH_s1_r1:ASV_166:be440871751f66ebc03a4fa1ca7097f63c75ed91,NCBIScientificName,,Apolemia rubriversa,,,
ARMS_TZS_Kummelkobben_20200608_20201120_SF40_ETOH_s1_r1:ASV_166:be440871751f66ebc03a4fa1ca7097f63c75ed91,NCBITaxonRank,,species,,,
ARMS_TZS_Kummelkobben_20200608_20201120_SF40_ETOH_s1_r1:ASV_166:be440871751f66ebc03a4fa1ca7097f63c75ed91,fieldReplicateID,,no replicate,http://vocab.nerc.ac.uk/collection/P01/current/IDSPRE01,,
ARMS_TZS_Kummelkobben_20200608_20201120_SF40_ETOH_s1_r1:ASV_166:be440871751f66ebc03a4fa1ca7097f63c75ed91,technicalReplicateID,,,http://vocab.nerc.ac.uk/collection/P01/current/IDTCRE01,,
ARMS_TZS_Kummelkobben_20200608_20201120_SF40_ETOH_s1_r1:ASV_166:be440871751f66ebc03a4fa1ca7097f63c75ed91,originalScientificName,,Apolemia_rubriversa,,,
ARMS_TZS_Kummelkobben_20200608_20201120_SF40_ETOH_s1_r1:ASV_166:be440871751f66ebc03a4fa1ca7097f63c75ed91,originalTaxonRank,,species,,,
ARMS_TZS_Kummelkobben_20200608_20201120_SF40_ETOH_s1_r1:ASV_166:be440871751f66ebc03a4fa1ca7097f63c75ed91,originalScientificNameConfidenceLevel,,0.03,,,
ARMS_TZS_Kummelkobben_20200608_20201120_SF40_ETOH_s1_r1:ASV_167:c1d0e1b7a07cc44c0734f7715115f3b35f3536bc,submergedTime,day,165,http://vocab.nerc.ac.uk/collection/P01/current/AZDRZZ01/,https://vocab.nerc.ac.uk/collection/P06/current/UTAA/,
ARMS_TZS_Kummelkobben_20200608_20201120_SF40_ETOH_s1_r1:ASV_167:c1d0e1b7a07cc44c0734f7715115f3b35f3536bc,preservativeUsed,,EtOH,http://vocab.nerc.ac.uk/collection/Q01/current/Q0100004/,,https://pubchem.ncbi.nlm.nih.gov/compound/702
ARMS_TZS_Kummelkobben_20200608_20201120_SF40_ETOH_s1_r1:ASV_167:c1d0e1b7a07cc44c0734f7715115f3b35f3536bc,lowerLimitFilterSize,micrometer,40,http://vocab.nerc.ac.uk/collection/Q01/current/Q0100011/,https://vocab.nerc.ac.uk/collection/P06/current/UMIC/,
ARMS_TZS_Kummelkobben_20200608_20201120_SF40_ETOH_s1_r1:ASV_167:c1d0e1b7a07cc44c0734f7715115f3b35f3536bc,sampleAccessionNumber,,SAMEA10021005,,,
ARMS_TZS_Kummelkobben_20200608_20201120_SF40_ETOH_s1_r1:ASV_167:c1d0e1b7a07cc44c0734f7715115f3b35f3536bc,NCBIID,,2218860,,,
ARMS_TZS_Kummelkobben_20200608_20201120_SF40_ETOH_s1_r1:ASV_167:c1d0e1b7a07cc44c0734f7715115f3b35f3536bc,NCBIScientificName,,Zammara smaragdina,,,
ARMS_TZS_Kummelkobben_20200608_20201120_SF40_ETOH_s1_r1:ASV_167:c1d0e1b7a07cc44c0734f7715115f3b35f3536bc,NCBITaxonRank,,species,,,
ARMS_TZS_Kummelkobben_20200608_20201120_SF40_ETOH_s1_r1:ASV_167:c1d0e1b7a07cc44c0734f7715115f3b35f3536bc,fieldReplicateID,,no replicate,http://vocab.nerc.ac.uk/collection/P01/current/IDSPRE01,,
ARMS_TZS_Kummelkobben_20200608_20201120_SF40_ETOH_s1_r1:ASV_167:c1d0e1b7a07cc44c0734f7715115f3b35f3536bc,technicalReplicateID,,,http://vocab.nerc.ac.uk/collection/P01/current/IDTCRE01,,
ARMS_TZS_Kummelkobben_20200608_20201120_SF40_ETOH_s1_r1:ASV_167:c1d0e1b7a07cc44c0734f7715115f3b35f3536bc,originalScientificName,,Zammara_smaragdina,,,
ARMS_TZS_Kummelkobben_20200608_20201120_SF40_ETOH_s1_r1:ASV_167:c1d0e1b7a07cc44c0734f7715115f3b35f3536bc,originalTaxonRank,,species,,,
ARMS_TZS_Kummelkobben_20200608_20201120_SF40_ETOH_s1_r1:ASV_167:c1d0e1b7a07cc44c0734f7715115f3b35f3536bc,originalScientificNameConfidenceLevel,,0.06,,,
